consensusTime,searchTime,onChainTime,seqId,roundId,comId
2.8775712s,1.3048665s,6.2408292s,10,4,1
2.4677231s,1.0170842s,703.8668ms,94,4,1
2.6303015s,1.3340898s,3.6195323s,58,4,1
2.3302183s,1.1492365s,3.9257408s,66,4,1
2.5858041s,1.0120014s,603.4388ms,86,4,1
2.8441128s,1.3790306s,3.4168823s,42,4,1
2.2892532s,1.0495837s,906.8175ms,102,4,1
2.4453871s,1.2351078s,3.8250886s,70,4,1
2.7157631s,1.0865593s,6.4411518s,14,4,1
2.6076118s,1.2540611s,603.0546ms,118,4,1
2.9134613s,1.4087625s,301.7805ms,106,4,1
2.4283739s,1.0917318s,6.7371732s,2,4,1
3.0717522s,1.319032s,3.2162237s,46,4,1
2.7129123s,1.4827231s,503.3114ms,114,4,1
2.1728468s,1.0202769s,4.1262648s,54,4,1
2.3319676s,1.1594678s,6.8447152s,26,4,1
2.53335s,1.221702s,6.6433328s,34,4,1
2.2243786s,1.0170842s,1.0055356s,90,4,1
2.4363165s,1.0565871s,6.7429211s,18,4,1
2.8292598s,1.3359915s,401.9722ms,98,4,1
2.5857232s,1.3545219s,3.7222264s,74,4,1
2.6848615s,1.3131402s,3.6230881s,62,4,1
2.4498258s,1.1564438s,6.7398032s,6,4,1
2.5544973s,1.2493352s,6.6386638s,38,4,1
2.5544973s,1.2730888s,6.6386638s,22,4,1
2.7586214s,1.4937782s,6.4370534s,30,4,1
2.4432538s,1.2254569s,803.0976ms,82,4,1
2.6988816s,1.4032278s,3.619222s,78,4,1
2.6070481s,1.1168889s,3.7237396s,50,4,1
2.4574107s,1.2454309s,803.855ms,110,4,1
3.0052352s,1.19888s,6.5351589s,3,4,2
2.8293912s,1.1583739s,502.8173ms,119,4,2
3.1338215s,1.3858408s,200.3984ms,115,4,2
2.9090252s,1.1289509s,6.640206s,23,4,2
2.3345243s,1.2365528s,1.0057794s,99,4,2
2.9413482s,1.3870697s,402.7382ms,103,4,2
2.9198003s,1.3557386s,6.6405666s,39,4,2
2.8465609s,1.3779712s,503.7198ms,87,4,2
2.5495597s,1.3581342s,3.9237264s,67,4,2
2.4501066s,1.3032317s,4.0256458s,75,4,2
2.8693848s,1.3064921s,3.6211825s,51,4,2
2.6400953s,1.3760564s,6.9411129s,31,4,2
2.2640698s,1.0844153s,4.2264975s,55,4,2
2.3667493s,1.1277585s,1.00603s,95,4,2
2.672001s,1.195389s,705.2622ms,83,4,2
2.8450115s,1.2569475s,6.7437981s,7,4,2
2.8881346s,1.3248389s,502.9179ms,111,4,2
2.2960147s,1.1727285s,4.2238641s,79,4,2
2.4989008s,1.1168808s,4.0230997s,43,4,2
2.6730866s,1.2209329s,6.9395548s,27,4,2
2.6838517s,1.3617604s,6.9409988s,35,4,2
2.9840271s,1.4032806s,6.6408234s,19,4,2
2.5864074s,1.3942842s,7.0384431s,15,4,2
2.3110951s,1.2080186s,4.2231145s,71,4,2
2.3093026s,1.0061213s,1.104808s,91,4,2
2.7100234s,1.3133483s,704.0872ms,107,4,2
3.0906409s,1.4993624s,6.5398171s,11,4,2
3.1209055s,1.3294845s,3.4189116s,63,4,2
2.7251645s,1.0801564s,3.8206405s,59,4,2
2.6208931s,1.0836256s,3.9249119s,47,4,2
3.1128056s,1.2541845s,3.9222145s,72,4,3
2.8684045s,1.4595554s,7.1410569s,16,4,3
3.1128056s,1.4477397s,3.9222145s,56,4,3
2.9129343s,1.1405466s,4.1228768s,52,4,3
2.9744413s,1.1577325s,7.04081s,4,4,3
2.6217288s,1.4315997s,4.4292854s,64,4,3
2.4808671s,1.2289508s,7.5472066s,32,4,3
3.1409683s,1.4167714s,804.9147ms,108,4,3
2.6416024s,1.2463201s,1.3082956s,84,4,3
2.8457572s,1.2915171s,1.1057667s,116,4,3
2.8426528s,1.1041669s,4.2216767s,44,4,3
2.6009506s,1.37117s,7.4378202s,24,4,3
2.7921457s,1.4854109s,7.2466251s,12,4,3
2.3942949s,1.0460917s,7.6444759s,28,4,3
2.6536081s,1.2959115s,4.4273089s,68,4,3
2.814051s,1.3061552s,7.2439212s,8,4,3
2.4158755s,1.2538211s,7.6505244s,40,4,3
2.4579709s,1.1814942s,4.6339877s,60,4,3
2.7711679s,1.3665959s,1.209305s,100,4,3
2.1732976s,1.0968412s,1.8105112s,120,4,3
2.4270947s,1.1901592s,7.6468598s,20,4,3
2.9318735s,1.4114526s,7.142081s,36,4,3
2.8865503s,1.4996322s,1.1073521s,88,4,3
2.3815581s,1.0985453s,4.7271701s,48,4,3
2.6788989s,1.0756557s,4.4298293s,76,4,3
2.1823233s,1.0972321s,4.928503s,80,4,3
2.4923375s,1.0664314s,1.5099084s,112,4,3
2.6945417s,1.4572542s,1.3090906s,104,4,3
2.4037413s,1.2499539s,1.6096451s,96,4,3
2.7054014s,1.3531157s,1.307985s,92,4,3
2.8238945s,1.1479288s,7.4469503s,25,4,0
2.1571638s,1.0642194s,4.9311484s,77,4,0
3.0370938s,1.494445s,7.246621s,37,4,0
2.9411392s,1.389583s,7.3433426s,29,4,0
2.6729374s,1.4476538s,4.424933s,57,4,0
2.5464713s,1.0909862s,7.7468017s,21,4,0
2.8725353s,1.2715151s,4.2253351s,49,4,0
3.0478941s,1.4466536s,7.2453789s,33,4,0
2.9017343s,1.4745489s,1.0048661s,101,4,0
2.8055344s,1.2077772s,1.1064174s,117,4,0
2.8080027s,1.0770471s,1.1071402s,85,4,0
2.788888s,1.2688708s,4.3256142s,61,4,0
3.1942074s,1.4112536s,3.9259424s,69,4,0
2.9227136s,1.228534s,1.0053303s,81,4,0
2.5213547s,1.3251209s,1.4066892s,97,4,0
2.4789587s,1.3096005s,7.8467779s,1,4,0
2.5864074s,1.4767033s,7.7415522s,17,4,0
2.6860083s,1.1594678s,7.6419513s,13,4,0
2.9341971s,1.1971748s,1.0057437s,109,4,0
2.6097582s,1.2900714s,4.52439s,53,4,0
2.9139288s,1.1661273s,4.2273602s,45,4,0
2.8199731s,1.4046129s,4.3239239s,41,4,0
2.5161314s,1.3644986s,4.6277656s,65,4,0
3.1954026s,1.4972779s,7.143897s,5,4,0
2.8017681s,1.4972779s,7.5436041s,9,4,0
2.5470635s,1.0863449s,1.4086987s,93,4,0
2.8300608s,1.1891081s,4.3221718s,73,4,0
2.7528743s,1.338651s,1.2081126s,89,4,0
2.5525592s,1.3784813s,1.4084277s,105,4,0
2.8620122s,1.4231756s,1.1066892s,113,4,0
2.8792859s,1.3327297s,6.8426864s,180,8,3
2.5774117s,1.175912s,7.1445606s,196,8,3
3.0686715s,1.3465595s,704.3634ms,268,8,3
2.573901s,1.0323043s,10.1611952s,136,8,3
2.3472044s,1.0271396s,4.4245107s,236,8,3
2.7019061s,1.1301601s,7.0381059s,172,8,3
2.9002493s,1.4599323s,6.8397627s,168,8,3
2.5925957s,1.4693149s,10.1584808s,132,8,3
2.8628454s,1.4191061s,3.9238125s,204,8,3
2.8063886s,1.3182723s,6.9437445s,184,8,3
2.3916089s,1.1476837s,1.4078872s,280,8,3
2.1995421s,1.1357206s,10.5671172s,144,8,3
3.0073723s,1.3745154s,9.7588886s,140,8,3
2.474467s,1.3254786s,4.3233041s,228,8,3
2.3686773s,1.1867374s,4.4290938s,240,8,3
2.8032028s,1.3407328s,1.0054898s,264,8,3
2.8272754s,1.1806785s,6.9402129s,192,8,3
2.4133981s,1.1133434s,10.3618609s,160,8,3
2.5076421s,1.3407328s,1.3088683s,276,8,3
2.990514s,1.3296607s,3.8223552s,232,8,3
2.990514s,1.353018s,3.8226874s,224,8,3
2.4172068s,1.0378286s,1.4085065s,272,8,3
2.8241511s,1.0215044s,1.0048519s,244,8,3
2.7285999s,1.2878258s,1.1065s,260,8,3
2.6278827s,1.3651055s,1.2072172s,252,8,3
2.8107669s,1.3595207s,4.024803s,212,8,3
2.2547046s,1.1254624s,7.5461977s,164,8,3
2.6588857s,1.3707774s,7.1420166s,188,8,3
2.514898s,1.1216493s,4.325428s,208,8,3
2.9638736s,1.3805483s,6.840326s,200,8,3
2.0500633s,1.0136534s,10.7615086s,148,8,3
2.715775s,1.3466024s,4.124551s,216,8,3
2.544196s,1.206232s,1.3069946s,248,8,3
2.643721s,1.1154668s,1.2074696s,256,8,3
2.6558197s,1.3990514s,10.1607952s,124,8,3
2.6558197s,1.3339184s,10.1620735s,128,8,3
2.8310966s,1.3647084s,4.0213367s,220,8,3
2.4742157s,1.1740908s,7.3416928s,176,8,3
2.2642701s,1.1832135s,10.5597397s,152,8,3
2.3634641s,1.2253268s,10.4605457s,156,8,3
2.9237387s,1.3350506s,1.1061346s,258,8,1
3.1255268s,1.2916772s,907.2243ms,274,8,1
2.456181s,1.0999181s,4.5270386s,238,8,1
2.2246489s,1.129693s,1.8102501s,262,8,1
2.7619867s,1.2878078s,4.2233808s,234,8,1
2.6606199s,1.0458169s,10.5653961s,126,8,1
2.5299427s,1.1055604s,1.5085054s,242,8,1
2.7352675s,1.2924239s,1.3086244s,266,8,1
2.8671787s,1.2749572s,4.1271817s,206,8,1
2.9671166s,1.4573768s,10.2643432s,138,8,1
2.1681542s,1.0156488s,4.8286203s,218,8,1
2.371518s,1.2507115s,10.8623559s,146,8,1
2.6681281s,1.4027444s,4.3286464s,230,8,1
2.6757725s,1.0298058s,10.564267s,150,8,1
2.782702s,1.4297315s,4.2229519s,210,8,1
2.8462498s,1.2680404s,1.2089356s,270,8,1
2.3818244s,1.1688818s,4.6267581s,226,8,1
2.6337694s,1.0524415s,7.6447959s,178,8,1
2.8370037s,1.4564604s,7.4447658s,194,8,1
2.6385192s,1.2216974s,7.6465734s,198,8,1
2.6926406s,1.344927s,10.5612703s,154,8,1
2.9063236s,1.2365599s,10.3651326s,158,8,1
2.9594907s,1.2135803s,7.3448489s,174,8,1
2.5596152s,1.3398566s,7.7463788s,186,8,1
3.2699828s,1.4952871s,7.0393151s,182,8,1
2.1786394s,1.1043252s,1.9117604s,278,8,1
2.9272469s,1.3236825s,10.3613053s,130,8,1
2.581103s,1.3291193s,7.7467918s,162,8,1
2.4322531s,1.2984653s,10.8627583s,142,8,1
2.603341s,1.3707398s,1.5092393s,246,8,1
2.8855463s,1.3389348s,7.4474853s,166,8,1
2.6857684s,1.2127105s,7.6472632s,190,8,1
2.6857684s,1.3096577s,7.6472632s,170,8,1
2.8409468s,1.2224076s,10.4632248s,122,8,1
2.3398964s,1.0317516s,10.9661565s,134,8,1
2.9504685s,1.2908077s,4.1251727s,214,8,1
2.7513775s,1.4321288s,4.3242637s,202,8,1
2.7518237s,1.1240603s,4.3238175s,222,8,1
2.619137s,1.1434607s,1.5098779s,254,8,1
2.9203233s,1.3796361s,1.2086916s,250,8,1
2.3691824s,1.0756448s,2.1097741s,267,8,2
3.0217258s,1.4123241s,10.6599667s,159,8,2
2.9817218s,1.4528107s,1.5081054s,275,8,2
2.5267473s,1.0446903s,11.1658159s,131,8,2
2.78287s,1.1825729s,1.709158s,279,8,2
2.3286141s,1.0821436s,11.3661499s,147,8,2
3.1663157s,1.3714572s,7.441924s,195,8,2
2.5161255s,1.0372469s,4.9257985s,239,8,2
2.6888388s,1.0194444s,1.8104879s,247,8,2
2.6784228s,1.3816286s,7.9464169s,187,8,2
2.8054851s,1.4698293s,1.7089529s,243,8,2
2.3370421s,1.1876142s,5.1276407s,207,8,2
2.8523189s,1.2308783s,10.8652039s,135,8,2
2.7873474s,1.325875s,7.8493358s,191,8,2
2.510964s,1.1214295s,2.0125694s,251,8,2
2.3583636s,1.2253369s,11.3679058s,123,8,2
2.2422032s,1.0404835s,5.2312262s,235,8,2
2.949896s,1.1496164s,4.5267062s,211,8,2
2.8629115s,1.4853606s,10.8665307s,143,8,2
2.5482783s,1.1866473s,4.9283239s,215,8,2
2.9939245s,1.4255457s,7.6489934s,199,8,2
2.793441s,1.0313055s,7.8494769s,167,8,2
2.8629115s,1.4306091s,10.8665307s,139,8,2
2.4521447s,1.2238548s,5.030482s,219,8,2
2.6735655s,1.1907183s,11.0655969s,127,8,2
2.8368691s,1.3535701s,1.7090745s,259,8,2
2.6352852s,1.2128662s,1.9106584s,255,8,2
2.8188984s,1.4181235s,7.8471319s,175,8,2
3.0865243s,1.3445183s,10.6689438s,155,8,2
2.6196549s,1.2103029s,8.0492889s,183,8,2
2.2187853s,1.08085s,8.4520678s,171,8,2
2.4223233s,1.3086916s,8.2485298s,163,8,2
2.7808267s,1.4346108s,4.7282403s,231,8,2
2.1908916s,1.119483s,11.5710154s,151,8,2
2.2843782s,1.0099552s,5.2280067s,203,8,2
2.4843614s,1.326965s,5.0280235s,223,8,2
2.8655585s,1.2193318s,1.7088218s,263,8,2
2.4001942s,1.0805752s,5.1240821s,227,8,2
2.5400018s,1.3738097s,8.1505902s,179,8,2
2.3691824s,1.2339646s,2.2102989s,271,8,2
2.4213599s,1.3037929s,9.1523293s,169,8,0
2.0728368s,1.0456377s,12.3747321s,153,8,0
2.2621402s,1.1049284s,6.3402787s,221,8,0
2.6142131s,1.3688033s,3.1178903s,265,8,0
2.8731568s,1.4164327s,5.7342806s,225,8,0
2.3324016s,1.1419384s,9.2545448s,193,8,0
2.3632653s,1.0759045s,302.5352ms,281,8,0
2.464341s,1.0341848s,201.4595ms,305,8,0
2.6684754s,1.4545518s,0s,285,8,0
2.329031s,1.1996647s,3.4185913s,253,8,0
2.6006502s,1.2895934s,11.8735176s,145,8,0
2.4954436s,1.4664294s,6.1344158s,229,8,0
2.2347171s,1.1737577s,3.5219855s,277,8,0
2.695285s,1.41256s,5.9345744s,201,8,0
2.5629054s,1.0869906s,9.0506384s,165,8,0
2.8642858s,1.2846486s,8.749258s,189,8,0
2.4006806s,1.2284154s,6.2357298s,217,8,0
2.5472495s,1.0718254s,3.2178508s,273,8,0
2.6108532s,1.3438872s,6.0323121s,213,8,0
2.2538501s,1.1671973s,3.5201037s,269,8,0
2.6560323s,1.3094444s,3.1202131s,241,8,0
2.8212063s,1.1909993s,5.8286589s,237,8,0
2.979509s,1.2083203s,8.6498652s,197,8,0
2.5161384s,1.1749162s,6.1337268s,205,8,0
2.5837047s,1.3192425s,9.0514131s,181,8,0
2.8848454s,1.4956198s,8.7502724s,185,8,0
2.5403201s,1.2657401s,11.9686774s,157,8,0
2.7118134s,1.2396546s,0s,317,8,0
2.7260105s,1.406792s,5.9343146s,209,8,0
2.7717905s,1.4261596s,3.0153778s,249,8,0
3.0724473s,1.4177821s,2.714721s,261,8,0
2.2658972s,1.0673738s,3.5212711s,245,8,0
2.7477345s,1.4883733s,11.771265s,133,8,0
2.7477345s,1.2468977s,11.771265s,141,8,0
2.7200067s,1.3311934s,0s,313,8,0
2.6958961s,1.3992614s,8.9524254s,173,8,0
2.8527367s,1.2740501s,11.6694645s,137,8,0
2.6530893s,1.4755977s,11.8691119s,125,8,0
2.6043428s,1.2142656s,9.0537806s,177,8,0
2.4883058s,1.2595479s,3.3205638s,257,8,0
2.5692277s,1.167838s,11.967633s,129,8,0
2.5692277s,1.1827638s,11.967633s,121,8,0
2.3528904s,1.0796959s,6.3379311s,233,8,0
2.8176883s,1.4047026s,8.8526422s,161,8,0
2.8738797s,1.3485416s,11.6703305s,149,8,0
2.7548708s,1.137308s,0s,297,8,0
2.7738818s,1.2062019s,0s,289,8,0
2.9652829s,1.3467262s,0s,293,8,0
2.9909752s,1.4471356s,0s,301,8,0
3.0393874s,1.1912815s,0s,309,9,0
2.9725001s,1.2194232s,3.7236277s,376,12,3
2.7266099s,1.3244235s,10.062743s,284,12,3
2.9215085s,1.2441667s,804.9829ms,428,12,3
2.629123s,1.4527563s,1.1047978s,420,12,3
2.7811441s,1.2194232s,3.9252768s,396,12,3
2.6313259s,1.2152492s,10.1683201s,288,12,3
2.8875093s,1.1351075s,3.8233213s,392,12,3
2.2339511s,1.0596577s,10.5701046s,316,12,3
2.7414591s,1.2864372s,1.0044392s,424,12,3
2.2447447s,1.0928009s,10.5668788s,300,12,3
2.4475382s,1.1351543s,10.371266s,308,12,3
2.798967s,1.0126038s,6.9408839s,360,12,3
3.053657s,1.3056059s,702.6866ms,416,12,3
2.4094457s,1.0012662s,4.3254562s,400,12,3
2.9043636s,1.4677833s,6.843566s,352,12,3
2.7568491s,1.2521013s,1.0075732s,432,12,3
2.7032634s,1.3629092s,7.0446662s,348,12,3
2.7627999s,1.4347459s,1.0044231s,436,12,3
2.8612001s,1.0169583s,906.0229ms,412,12,3
2.7679727s,1.2831403s,10.068535s,292,12,3
2.2660459s,1.0158554s,10.5704618s,320,12,3
2.6230966s,1.1254181s,4.1220987s,364,12,3
3.0110072s,1.2296969s,6.7451953s,356,12,3
2.6702492s,1.4286804s,1.10777s,408,12,3
3.0822179s,1.4404019s,9.7722508s,312,12,3
2.6800378s,1.3944831s,10.1744309s,296,12,3
2.8835768s,1.297676s,9.972254s,304,12,3
2.4246153s,1.2158116s,7.3489976s,328,12,3
2.6339393s,1.2864873s,4.1286664s,384,12,3
2.4350602s,1.0797544s,7.3421375s,336,12,3
2.3900635s,1.0868553s,1.4100523s,404,12,3
2.3439033s,1.1883901s,4.4287126s,372,12,3
2.6383874s,1.3135196s,7.1488456s,340,12,3
2.6383874s,1.1308534s,7.1488456s,324,12,3
2.4970584s,1.2245427s,1.3083334s,440,12,3
2.8556569s,1.0996319s,3.9279771s,380,12,3
2.3551654s,1.0636449s,4.4284686s,388,12,3
2.6491553s,1.2790552s,7.1454859s,344,12,3
2.4523661s,1.2654811s,4.3316781s,368,12,3
2.4460247s,1.1380744s,7.3490267s,332,12,3
2.4624417s,1.1461673s,1.6075371s,435,12,2
3.1028002s,1.4850188s,4.1254178s,391,12,2
2.5057778s,1.3270857s,10.6630044s,291,12,2
2.3995586s,1.0157031s,4.8314945s,379,12,2
2.7058886s,1.0685213s,4.5251645s,383,12,2
2.4577044s,1.1782351s,7.7430842s,335,12,2
2.5057778s,1.3927772s,10.6630044s,283,12,2
2.1697578s,1.1283222s,1.9101088s,407,12,2
2.8788782s,1.387192s,1.2082107s,403,12,2
3.0167491s,1.4900401s,4.2302254s,375,12,2
2.9697355s,1.3786775s,7.2490937s,331,12,2
2.4095248s,1.1867696s,10.777298s,307,12,2
2.7154627s,1.3807062s,10.4713601s,287,12,2
2.7673728s,1.0415375s,7.4514564s,339,12,2
2.4690694s,1.1834276s,7.7497598s,347,12,2
2.9265349s,1.2515143s,10.2645979s,295,12,2
2.5227576s,1.4400742s,10.6683752s,299,12,2
2.7890883s,1.4515174s,7.4471625s,327,12,2
2.8407862s,1.2167306s,10.3677201s,315,12,2
2.5480391s,1.3620355s,4.7314768s,395,12,2
3.1558865s,1.2756181s,4.1236294s,387,12,2
2.4435135s,1.1594474s,10.7737315s,303,12,2
2.8555283s,1.3841439s,4.4286574s,399,12,2
2.547428s,1.279122s,10.6750968s,319,12,2
2.8255469s,1.0877886s,1.3082425s,439,12,2
2.8659462s,1.3662824s,4.4274184s,371,12,2
2.5302369s,1.3025527s,1.6088263s,419,12,2
2.9676804s,1.360868s,10.2664199s,311,12,2
2.9171093s,1.2905468s,7.3493106s,343,12,2
2.7403932s,1.4190151s,1.4077459s,411,12,2
2.4248561s,1.305759s,7.8506119s,359,12,2
2.742896s,1.2537387s,1.40695s,415,12,2
2.724908s,1.459978s,7.55056s,355,12,2
2.3201733s,1.0575681s,7.9556352s,351,12,2
2.242862s,1.0130858s,1.9109065s,431,12,2
2.6845491s,1.2459977s,4.6275742s,367,12,2
3.085203s,1.3918298s,4.2269203s,363,12,2
2.7532988s,1.2605899s,1.4069272s,427,12,2
2.8420992s,1.0252291s,7.4437488s,323,12,2
2.7532988s,1.0157006s,1.4073516s,423,12,2
2.3948225s,1.1282688s,504.1678ms,474,12,1
2.8135501s,1.0820288s,8.8552083s,338,12,1
2.4069078s,1.2200043s,9.2657594s,342,12,1
2.3681264s,1.2993489s,6.3390398s,386,12,1
2.9122034s,1.4115203s,11.6756324s,302,12,1
2.4710343s,1.0883922s,6.2390971s,366,12,1
2.3138271s,1.1015966s,3.4196344s,426,12,1
2.614456s,1.4249616s,3.1190055s,434,12,1
2.5044194s,1.4876345s,402.5554ms,450,12,1
2.1182582s,1.0046674s,9.5622891s,322,12,1
2.6221707s,1.406031s,9.0583766s,354,12,1
2.9766699s,1.3679413s,5.7383764s,398,12,1
2.8264867s,1.2745554s,2.9189345s,406,12,1
2.416404s,1.2512458s,502.5305ms,446,12,1
2.587608s,1.2916506s,6.1385568s,370,12,1
2.5301881s,1.2601395s,3.2193068s,410,12,1
2.5220725s,1.3577242s,403.6663ms,466,12,1
2.438509s,1.2407721s,9.2580928s,346,12,1
2.6439531s,1.3357234s,9.0526487s,350,12,1
2.2361884s,1.0179743s,12.3726168s,298,12,1
2.5290167s,1.1958419s,12.0802219s,318,12,1
2.8027661s,1.3037309s,5.9381162s,382,12,1
2.7379838s,1.2612009s,201.1657ms,458,12,1
2.7447478s,1.138202s,11.87647s,294,12,1
2.7476479s,1.4968125s,3.0191956s,438,12,1
2.5483881s,1.4645392s,12.0777839s,282,12,1
2.550376s,1.2254415s,12.075796s,286,12,1
2.5433462s,1.2404058s,402.4323ms,462,12,1
2.4465656s,1.2341501s,12.1796064s,290,12,1
2.8462474s,1.488853s,100.1631ms,470,12,1
2.4518867s,1.0807099s,3.3203785s,402,12,1
2.5586342s,1.4361415s,3.2158915s,422,12,1
2.965501s,1.1951159s,8.7511956s,330,12,1
2.8597241s,1.1555478s,11.7691759s,306,12,1
2.9595218s,1.4057483s,0s,442,13,1
2.5240837s,1.3906018s,6.2451104s,390,13,1
2.5651496s,1.2744696s,402.7032ms,478,13,1
2.4675455s,1.1658s,12.1811683s,314,13,1
2.6303262s,1.0575035s,6.1406832s,378,13,1
2.8350787s,1.0417912s,5.9388407s,394,13,1
2.6799308s,1.3257558s,11.971693s,310,13,1
2.7828836s,1.2366289s,8.9565368s,326,13,1
2.1832203s,1.0394105s,9.5562001s,334,13,1
2.2732289s,1.1625288s,705.6822ms,454,13,1
2.2817546s,1.0183458s,3.5236432s,430,13,1
2.7493653s,1.2811609s,6.0429775s,374,13,1
2.9006483s,1.2420664s,8.8605195s,358,13,1
2.6521646s,1.3778146s,6.1435022s,362,13,1
2.4020725s,1.139087s,3.4223644s,418,13,1
2.199485s,1.1508739s,3.6249519s,414,13,1
2.1913515s,1.1062389s,4.9335365s,409,13,0
2.4663429s,1.1627972s,7.5470262s,393,13,0
2.8674132s,1.2721049s,7.1459559s,389,13,0
2.8261591s,1.3402832s,10.0674772s,325,13,0
2.4279304s,1.3440223s,10.472776s,333,13,0
2.4279304s,1.2222534s,10.472776s,353,13,0
2.4712264s,1.0028494s,7.5492128s,361,13,0
2.2259165s,1.0265013s,10.6768976s,321,13,0
2.681855s,1.2495717s,1.3085449s,477,13,0
2.4127605s,1.1490736s,4.7256436s,437,13,0
2.5871941s,1.231733s,7.4465845s,365,13,0
2.4165328s,1.2150955s,4.7287647s,405,13,0
2.8884811s,1.2168895s,7.1452975s,377,13,0
2.4835227s,1.4175509s,7.5502559s,385,13,0
2.9992872s,1.2318441s,1.0052141s,453,13,0
2.5955293s,1.4882286s,1.408972s,473,13,0
2.9210259s,1.4258272s,4.2271413s,425,13,0
2.7025252s,1.1518979s,1.3078727s,465,13,0
2.7601034s,1.2721006s,10.1648017s,329,13,0
2.4275926s,1.2366114s,4.7285642s,413,13,0
3.0098382s,1.4063788s,1.0054469s,461,13,0
2.5088849s,1.2788691s,1.5082998s,457,13,0
3.1436659s,1.413883s,4.0230961s,429,13,0
2.6169691s,1.0837906s,1.4091629s,469,13,0
2.619516s,1.1912517s,7.4416563s,373,13,0
2.5209819s,1.3438374s,1.5104745s,449,13,0
2.8806519s,1.4070854s,10.0636034s,357,13,0
2.7236288s,1.4903789s,1.3078276s,445,13,0
2.315939s,1.2148717s,7.7496701s,369,13,0
2.5801384s,1.301813s,10.3686778s,341,13,0
2.8242742s,1.2955734s,7.2454437s,397,13,0
2.3853379s,1.2721006s,10.5646472s,345,13,0
2.8618788s,1.3148238s,4.3239041s,417,13,0
3.0701604s,1.4445145s,4.1244032s,401,13,0
2.7447543s,1.4246327s,1.3081777s,441,13,0
2.4076484s,1.1645029s,10.5651436s,349,13,0
2.4767151s,1.2366114s,4.7295347s,433,13,0
2.5823515s,1.1362801s,4.6304643s,421,13,0
2.7186405s,1.3226879s,10.2699609s,337,13,0
2.2568142s,1.0180634s,7.85152s,381,13,0
2.6904462s,1.095537s,5.2271421s,539,16,2
2.6904462s,1.447406s,5.2271421s,555,16,2
2.5898093s,1.4032381s,11.265426s,479,16,2
2.273585s,1.0355568s,2.6141838s,599,16,2
2.7982892s,1.4078582s,5.1259238s,531,16,2
2.5816926s,1.2917776s,2.3143201s,587,16,2
2.3655344s,1.2302576s,8.5516016s,499,16,2
2.5906406s,1.4614113s,2.3137347s,595,16,2
2.5087765s,1.0396959s,11.3724671s,471,16,2
2.9810821s,1.2957545s,7.9461551s,483,16,2
2.9810821s,1.4456094s,7.9461551s,503,16,2
2.7078841s,1.2184033s,2.2130403s,567,16,2
2.12509s,1.0715871s,11.7706369s,463,16,2
2.5900343s,1.2132257s,8.3513564s,487,16,2
3.0340862s,1.4754756s,4.9277464s,527,16,2
2.5325249s,1.0505886s,5.4293077s,547,16,2
3.0340862s,1.4781695s,4.9277464s,551,16,2
2.5325249s,1.404178s,5.4293077s,543,16,2
2.3932217s,1.1324976s,8.549693s,507,16,2
2.7992895s,1.3270118s,8.1477535s,519,16,2
3.019974s,1.3013995s,1.9113357s,591,16,2
2.8223919s,1.3756192s,2.1118475s,575,16,2
2.3390686s,1.1365196s,11.5716196s,455,16,2
2.9565649s,1.282395s,10.9617159s,475,16,2
2.3496654s,1.0726094s,11.5686154s,443,16,2
2.817197s,1.1333617s,8.1469645s,515,16,2
2.3579604s,1.1330039s,5.6289267s,559,16,2
3.0424335s,1.4098339s,1.9107755s,583,16,2
2.644903s,1.1745483s,2.3128544s,579,16,2
2.3245577s,1.0662175s,8.648368s,491,16,2
3.2520631s,1.4856235s,1.707995s,563,16,2
2.4665978s,1.2691384s,5.5308957s,535,16,2
2.3704021s,1.0760539s,11.5693955s,459,16,2
2.369171s,1.0118047s,5.6329796s,523,16,2
2.5719539s,1.1132019s,11.3678437s,467,16,2
2.9380783s,1.4533099s,8.0471796s,511,16,2
2.3350873s,1.159498s,8.6501706s,495,16,2
2.9693392s,1.4034508s,2.0117866s,571,16,2
2.882196s,1.4556554s,11.070663s,447,16,2
2.1791415s,1.0726094s,11.7737175s,451,16,2
2.1124064s,1.0307741s,2.4119679s,580,16,3
2.5259347s,1.1720215s,8.5503743s,500,16,3
3.2403387s,1.3990257s,4.5249649s,548,16,3
2.8436209s,1.3717549s,11.4671143s,476,16,3
3.0161493s,1.3545283s,1.5088156s,568,16,3
2.5259347s,1.2876372s,8.5509649s,496,16,3
2.54362s,1.1953018s,11.7688056s,480,16,3
2.5207234s,1.0735138s,2.0128376s,572,16,3
2.4539785s,1.305071s,11.871714s,448,16,3
2.2501453s,1.2065176s,5.5305512s,536,16,3
2.5598832s,1.2078756s,11.7674065s,452,16,3
2.228254s,1.0555408s,2.3126748s,592,16,3
2.6366604s,1.4094438s,1.9101919s,576,16,3
2.1564558s,1.1080874s,5.6338353s,556,16,3
2.6548863s,1.4177715s,8.44888s,520,16,3
2.9440841s,1.3657553s,1.6077475s,600,16,3
2.1550402s,1.0530883s,8.9558357s,492,16,3
3.1866665s,1.4720412s,11.1586356s,464,16,3
2.4665692s,1.3299782s,5.3327107s,540,16,3
2.7809573s,1.1787575s,5.024579s,552,16,3
2.3883175s,1.1132007s,11.9680958s,468,16,3
2.4959815s,1.1460685s,11.8708628s,456,16,3
2.4669772s,1.2029294s,2.1135062s,564,16,3
2.6043253s,1.1139687s,5.2296016s,528,16,3
2.5037019s,1.3682879s,5.330225s,560,16,3
3.0077294s,1.2037194s,4.8261975s,532,16,3
2.7124537s,1.4708035s,5.1273327s,524,16,3
2.7124537s,1.4415026s,5.1273327s,544,16,3
2.6009868s,1.4378682s,8.5540635s,516,16,3
3.311596s,1.4162434s,7.8434543s,508,16,3
2.806601s,1.4735552s,8.3488439s,484,16,3
2.6062783s,1.0934304s,8.5491666s,512,16,3
2.5945752s,1.0596723s,2.008935s,588,16,3
2.4875242s,1.2676904s,200.9132ms,638,16,1
2.5157046s,1.1287536s,8.6512296s,504,16,3
2.7778825s,1.0462931s,2.9209999s,598,16,1
2.9022967s,1.0084748s,1.7130924s,584,16,3
3.2344262s,1.458736s,11.1673238s,460,16,3
2.3978901s,1.2299757s,6.5434963s,558,16,1
2.3136668s,1.0755889s,8.853657s,488,16,3
2.7300952s,1.3179682s,11.6716548s,472,16,3
3.0034771s,1.4558676s,8.9587508s,482,16,1
2.6932172s,1.2935571s,0s,606,16,1
2.6052529s,1.0338985s,2.0122069s,596,16,3
2.5387554s,1.0401615s,11.8692994s,444,16,3
2.418764s,1.0436368s,6.5340377s,550,16,1
3.0208415s,1.375524s,8.9528017s,518,16,1
3.2206054s,1.3881117s,5.7321963s,538,16,1
2.7003822s,1.1762524s,3.0155516s,578,16,1
2.9292849s,1.4871472s,9.0542179s,510,16,1
3.0066962s,1.3428434s,2.7173812s,590,16,1
2.9393584s,1.3478706s,9.0534667s,514,16,1
2.2116735s,1.002338s,3.5197165s,586,16,1
2.7255779s,1.0435083s,0s,634,16,1
3.2421144s,1.4806207s,5.734177s,554,16,1
2.8413038s,1.2139951s,9.15754s,506,16,1
2.1177814s,1.0860686s,3.62165s,594,16,1
2.7477384s,1.37841s,6.238093s,546,16,1
2.8519188s,1.4992931s,9.156694s,486,16,1
2.4555437s,1.186043s,9.5530691s,490,16,1
2.6410063s,1.1663904s,100.8814ms,602,16,1
2.7589771s,1.0675164s,6.2327851s,526,16,1
2.4429167s,1.102165s,301.6365ms,626,16,1
2.7463255s,1.4694721s,0s,630,16,1
2.7466545s,1.3201465s,3.0182239s,570,16,1
2.4709745s,1.2655162s,6.5382438s,522,16,1
2.8733943s,1.4792238s,9.1566655s,502,16,1
2.3740229s,1.035922s,6.6387274s,542,16,1
2.5814023s,1.1108972s,9.4591453s,494,16,1
2.162904s,1.0074186s,3.6170144s,562,16,1
2.5690654s,1.0247354s,3.2167159s,574,16,1
2.6917539s,1.3724734s,6.3361418s,534,16,1
2.4928199s,1.1544671s,6.537509s,530,16,1
2.6730136s,1.3605351s,3.1152009s,566,16,1
2.5742507s,1.1790199s,3.2200328s,582,16,1
2.19682s,1.0549052s,9.8604194s,498,16,1
2.9136844s,1.4297782s,0s,614,16,1
2.9462163s,1.4790995s,0s,618,16,1
2.9788684s,1.2952557s,0s,622,16,1
2.9897447s,1.333823s,0s,610,17,1
2.4194179s,1.0646665s,7.2402158s,529,17,0
2.4194179s,1.0283184s,7.2402158s,557,17,0
2.566065s,1.1448208s,1.308667s,601,17,0
2.8247086s,1.2212868s,6.8414114s,533,17,0
2.4139877s,1.0060171s,10.1630942s,509,17,0
2.4724444s,1.1306119s,1.4090586s,617,17,0
2.7347178s,1.1190045s,6.9405842s,521,17,0
2.8272509s,1.3866246s,9.7615972s,513,17,0
2.6923467s,1.0068585s,1.2082579s,621,17,0
2.5969735s,1.3372841s,1.3066829s,609,17,0
2.8048525s,1.1785586s,4.0231193s,565,17,0
2.901823s,1.2864022s,1.0044542s,625,17,0
2.8098781s,1.3294659s,4.0241295s,593,17,0
2.8507443s,1.3136554s,9.7580108s,505,17,0
2.8637856s,1.1087288s,6.8350846s,537,17,0
2.612008s,1.3086113s,4.223814s,581,17,0
2.7522793s,1.1473245s,9.8582902s,497,17,0
2.9120895s,1.3387157s,1.0066241s,629,17,0
2.2205749s,1.0027982s,4.6245564s,573,17,0
2.1656493s,1.0407247s,7.5432676s,545,17,0
2.6671577s,1.1583531s,9.956625s,485,17,0
2.8185231s,1.3362776s,1.1065852s,605,17,0
2.8261281s,1.4808598s,4.0229071s,561,17,0
2.9239269s,1.4454625s,3.9251083s,589,17,0
2.8306524s,1.4852331s,4.0207379s,585,17,0
2.7801274s,1.386594s,6.9389239s,541,17,0
2.5240445s,1.0184676s,1.4072943s,613,17,0
2.3244403s,1.040966s,1.6105842s,633,17,0
2.5727416s,1.0397613s,10.0621383s,501,17,0
2.4830137s,1.1068336s,7.2409043s,525,17,0
2.7346234s,1.2379759s,1.2069566s,637,17,0
2.684201s,1.4238725s,9.9622715s,489,17,0
2.6002945s,1.2612082s,7.1378332s,553,17,0
2.7062478s,1.1590291s,7.0361931s,549,17,0
2.8575415s,1.167551s,4.0211138s,569,17,0
2.9008539s,1.1255499s,9.7552061s,517,17,0
2.3620578s,1.0597521s,4.5231522s,597,17,0
2.8677622s,1.4907931s,4.024426s,577,17,0
2.5081305s,1.3080365s,10.1588052s,481,17,0
2.9109619s,1.4402775s,9.7559738s,493,17,0
2.7005034s,1.4464912s,8.5539979s,647,20,2
3.0406273s,1.4623073s,5.4397434s,711,20,2
2.5986655s,1.3555576s,8.6558358s,655,20,2
2.5039165s,1.3455193s,8.7505848s,671,20,2
2.6493705s,1.1611384s,5.8344509s,683,20,2
2.348663s,1.0150478s,6.1351584s,695,20,2
2.7548965s,1.4521234s,5.7372998s,703,20,2
2.3386659s,1.0796314s,3.1196295s,747,20,2
2.9515516s,1.278487s,11.2793975s,603,20,2
2.3702165s,1.1712792s,100.1497ms,791,20,2
2.8709521s,1.3047748s,5.6383474s,719,20,2
2.8490321s,1.2723949s,2.6196401s,755,20,2
2.4665555s,1.3780458s,6.042744s,687,20,2
2.6723469s,1.0794026s,5.8369526s,715,20,2
2.8490321s,1.2291296s,2.6196401s,739,20,2
2.6480701s,1.2375607s,2.8206021s,731,20,2
2.4746529s,1.0190017s,0s,799,20,2
2.9761645s,1.4758072s,5.5362722s,707,20,2
2.4772298s,1.4430259s,6.040997s,699,20,2
2.742287s,1.3386103s,8.5500704s,675,20,2
2.6670406s,1.484493s,11.5783177s,623,20,2
2.4663652s,1.0597383s,11.7789931s,627,20,2
2.2795191s,1.0034854s,6.240157s,691,20,2
2.7823195s,1.2985596s,11.4706235s,615,20,2
2.4772196s,1.0246539s,11.7757234s,631,20,2
2.1432661s,1.0184072s,9.1586485s,651,20,2
2.9755913s,1.2052626s,2.5156614s,723,20,2
2.6614235s,1.4194021s,8.6466893s,663,20,2
2.3810704s,1.0977548s,11.878594s,611,20,2
2.5747996s,1.0705971s,2.9185553s,759,20,2
2.4796812s,1.3582096s,3.0172389s,735,20,2
2.5077905s,1.0105839s,0s,787,20,2
2.4121423s,1.0360054s,100.788ms,775,20,2
2.6685399s,1.4135434s,8.6593749s,659,20,2
2.9964987s,1.4318595s,2.5166582s,751,20,2
2.7741306s,1.4774163s,8.5537842s,667,20,2
2.5783219s,1.213648s,8.7508864s,643,20,2
2.5217134s,1.1404541s,6.4427367s,702,20,1
2.7238277s,1.1724779s,6.2406224s,714,20,1
2.8082814s,1.0520896s,2.7198411s,743,20,2
2.8263265s,1.3456575s,6.1441146s,682,20,1
2.6929126s,1.4842305s,8.6542596s,679,20,2
2.2206879s,1.0157111s,12.0785423s,607,20,2
2.8836562s,1.2018917s,9.0660308s,646,20,1
2.7117269s,1.4641875s,2.8211938s,727,20,2
2.7190935s,1.280206s,11.5801367s,635,20,2
2.9322131s,1.3533197s,6.0387344s,698,20,1
2.7190935s,1.2562319s,11.5801367s,639,20,2
2.9205889s,1.4888671s,11.3786413s,619,20,2
2.6522403s,1.0828267s,201.815ms,774,20,1
2.3378852s,1.1768491s,201.815ms,795,20,2
2.8515467s,1.4595644s,0s,782,20,1
2.9021403s,1.4318615s,2.9235154s,742,20,1
2.4318318s,1.0205381s,6.5461199s,686,20,1
2.7029291s,1.4930664s,9.2537621s,658,20,1
2.3633619s,1.0215864s,503.682ms,786,20,1
2.3137516s,1.1832636s,3.5244142s,730,20,1
3.152296s,1.4737643s,5.8381658s,718,20,1
2.9504548s,1.2553554s,6.040007s,706,20,1
2.3059456s,1.2437856s,9.6632557s,654,20,1
2.4109723s,1.0942726s,9.5645562s,674,20,1
2.6845716s,1.1920072s,200.7149ms,794,20,1
2.6351774s,1.2570015s,3.2194926s,746,20,1
2.9338009s,1.405547s,2.9208691s,722,20,1
2.7327972s,1.4060024s,3.1218728s,726,20,1
2.2191686s,1.1125408s,9.7665369s,650,20,1
2.8391756s,1.3982437s,3.0188546s,758,20,1
2.4738677s,1.1466887s,6.542317s,690,20,1
2.6948951s,1.2771494s,201.1192ms,798,20,1
2.7560322s,1.2789497s,9.2548175s,670,20,1
2.3472575s,1.0746206s,9.6635922s,678,20,1
2.9678744s,1.3912359s,2.9148742s,754,20,1
2.4655048s,1.3505228s,3.4172438s,734,20,1
2.8205985s,1.4497369s,100.546ms,778,20,1
2.5628683s,1.0546644s,9.4597728s,666,20,1
2.4271363s,1.1951158s,503.0666ms,766,20,1
2.7762008s,1.1952525s,3.1218765s,738,20,1
2.4540393s,1.2625611s,11.4730404s,608,20,3
2.828149s,1.3312952s,2.1147306s,740,20,3
2.3541683s,1.0106313s,5.6381693s,712,20,3
2.6158158s,1.2801433s,6.4368325s,710,20,1
2.9787395s,1.3678371s,9.0526483s,662,20,1
2.5155042s,1.038214s,6.5371441s,694,20,1
2.3812838s,1.1151441s,3.5219794s,750,20,1
2.6573458s,1.1332768s,11.2733616s,624,20,3
2.1316901s,1.0741353s,804.852ms,770,20,1
2.7367758s,1.3208708s,200.9499ms,762,20,1
3.0686072s,1.4815389s,10.8675126s,604,20,3
2.838962s,1.1562975s,2.1129577s,752,20,3
2.4349825s,1.3747668s,2.5169372s,732,20,3
2.6811983s,1.1832265s,9.3585128s,642,20,1
2.3386415s,1.2812138s,2.6188758s,756,20,3
2.5230381s,1.4491146s,8.3552284s,680,20,3
2.6775886s,1.3227136s,5.334543s,692,20,3
2.6752257s,1.2776501s,5.3369059s,708,20,3
2.5268874s,1.4153196s,8.3518522s,668,20,3
2.6415s,1.280881s,0s,767,20,2
2.8370656s,1.08106s,8.0479892s,648,20,3
2.9826479s,1.1182278s,5.036272s,700,20,3
2.4755483s,1.2534818s,11.4781137s,620,20,3
2.7944348s,1.3966979s,5.2281538s,720,20,3
2.7620279s,1.4339063s,2.2111027s,760,20,3
2.6960731s,1.3411739s,5.335721s,696,20,3
2.5727318s,1.3630381s,2.4150947s,748,20,3
2.5041075s,1.0424324s,5.533177s,716,20,3
2.2975135s,1.010706s,11.6823161s,640,20,3
2.4984171s,1.1060089s,11.4814125s,612,20,3
2.5064022s,1.0574405s,5.5386853s,688,20,3
2.5603125s,1.382701s,8.3532302s,656,20,3
2.6118012s,1.0934588s,5.4356066s,684,20,3
2.4598125s,1.0761715s,8.4537302s,676,20,3
2.8657435s,1.4215548s,8.0497924s,652,20,3
2.8912644s,1.4551825s,2.1143401s,736,20,3
2.3740101s,1.2683838s,8.5492196s,644,20,3
2.1903672s,1.0220346s,2.8172696s,744,20,3
2.2139061s,1.0229409s,11.7798208s,616,20,3
2.4149044s,1.2337574s,11.5788225s,632,20,3
2.6020822s,1.46609s,2.4146068s,724,20,3
2.5300132s,1.2782317s,11.4708759s,636,20,3
2.3869347s,1.0366486s,8.5526019s,664,20,3
2.2917947s,1.1668259s,8.6477419s,672,20,3
3.049458s,1.312296s,5.026863s,704,20,3
2.4951042s,1.3273295s,8.4522319s,660,20,3
2.446393s,1.3266413s,11.57354s,628,20,3
2.9232113s,1.4269231s,2.1125216s,728,20,3
2.7568809s,1.363425s,0s,779,20,2
2.8547328s,1.4310951s,0s,763,20,2
2.278409s,1.0047077s,0s,776,20,3
2.897554s,1.4780928s,0s,771,20,2
2.897554s,1.4697499s,0s,783,21,2
2.3740394s,1.2613863s,0s,772,20,3
3.2957072s,1.4699485s,0s,790,21,1
3.0936255s,1.2916599s,9.8656238s,657,21,0
2.5134245s,1.0565582s,7.3521993s,693,21,0
2.9522741s,1.2847549s,3.7263791s,733,21,0
2.1849587s,1.0294905s,10.7742906s,661,21,0
3.0592966s,1.435775s,3.6226082s,725,21,0
2.8240868s,1.4225813s,7.0493549s,681,21,0
2.4600946s,1.2768908s,4.2277615s,721,21,0
2.934244s,1.184559s,6.9448015s,709,21,0
2.833983s,1.0361638s,804.8953ms,769,21,0
2.4114736s,1.2745557s,10.5672974s,653,21,0
2.833983s,1.2786555s,804.8953ms,793,21,0
2.8769987s,1.1231066s,3.8229201s,749,21,0
2.7388591s,1.234065s,904.6913ms,781,21,0
2.823094s,1.255057s,10.1643128s,673,21,0
2.844401s,1.4671751s,803.1131ms,761,21,0
2.4199494s,1.2387144s,10.5674574s,649,21,0
2.9871053s,1.4635643s,3.7197054s,741,21,0
2.9632882s,1.243059s,6.9367093s,713,21,0
2.7489496s,1.2858744s,905.2641ms,777,21,0
2.7269196s,1.3423748s,10.2671868s,665,21,0
2.6621034s,1.2073035s,7.2383775s,717,21,0
2.8578035s,1.4640269s,805.0894ms,789,21,0
2.3549747s,1.0847639s,1.3079182s,765,21,0
2.0972457s,1.0110066s,4.6295114s,745,21,0
3.1869706s,1.369752s,6.7428357s,705,21,0
2.5568043s,1.3012s,10.4666275s,669,21,0
2.5819623s,1.1011072s,1.1076527s,773,21,0
3.061269s,1.4835698s,9.9716782s,645,21,0
2.4882496s,1.3316522s,7.4510721s,689,21,0
2.7268423s,1.3626364s,4.0255088s,757,21,0
2.6223753s,1.2723242s,4.1299758s,729,21,0
2.8777364s,1.1964046s,10.1641482s,677,21,0
2.8337022s,1.2847549s,3.9272657s,753,21,0
2.1998121s,1.0492722s,7.748447s,685,21,0
2.6041009s,1.4897113s,7.3441582s,701,21,0
2.6407092s,1.3074995s,4.1238441s,737,21,0
3.1131214s,1.4627434s,6.8384025s,697,21,0
3.0007612s,1.4214249s,704.4955ms,785,21,0
2.9069586s,1.3422488s,805.1098ms,797,21,0
2.388144s,1.0615136s,10.6667271s,641,21,0
2.6642071s,1.3735012s,5.6363817s,851,24,2
2.5777786s,1.4386226s,8.5553528s,831,24,2
3.079363s,1.4713009s,5.2338365s,847,24,2
2.7808256s,1.2575781s,5.5340089s,875,24,2
2.575989s,1.303138s,2.5151345s,891,24,2
2.8000036s,1.214693s,8.3578025s,827,24,2
2.6820924s,1.4620332s,2.4181675s,899,24,2
2.6953411s,1.2986758s,5.6404912s,867,24,2
2.8004731s,1.0828331s,5.5353592s,871,24,2
2.5869287s,1.3653054s,2.5172511s,907,24,2
2.5051903s,1.3519355s,5.8345619s,859,24,2
2.5869287s,1.3965517s,2.5172511s,919,24,2
3.0955049s,1.311265s,2.013974s,883,24,2
3.0004309s,1.345225s,2.1121922s,915,24,2
2.8219738s,1.2721413s,8.350737s,811,24,2
2.112889s,1.0847506s,9.0598218s,815,24,2
3.120891s,1.2026237s,5.2303846s,855,24,2
2.7254052s,1.2095252s,8.4562474s,835,24,2
3.0105702s,1.3546212s,2.1135362s,895,24,2
2.8130983s,1.2861401s,2.3170565s,911,24,2
3.2355724s,1.4055147s,5.1364994s,863,24,2
2.4258839s,1.3745016s,2.7204005s,903,24,2
2.2420564s,1.1305761s,8.9641239s,819,24,2
2.5465318s,1.1576745s,5.8383011s,843,24,2
2.7468791s,1.4264756s,8.4599276s,803,24,2
2.5563685s,1.2366002s,8.6530599s,823,24,2
2.5483773s,1.2633719s,8.6610511s,807,24,2
2.654131s,1.4542189s,8.5552974s,839,24,2
2.4362704s,1.2457596s,2.7203008s,887,24,2
2.257664s,1.0532591s,6.1402497s,879,24,2
2.2448427s,1.168206s,0s,947,24,2
2.7217649s,1.0683862s,2.7185882s,910,24,1
2.7217649s,1.2285486s,2.7185882s,882,24,1
2.6841792s,1.1784503s,9.0609843s,822,24,1
2.2231655s,1.1730857s,3.2204889s,898,24,1
3.3962493s,1.4945296s,8.3522155s,802,24,1
2.8960304s,1.2783646s,8.8568526s,806,24,1
2.4212894s,1.2885611s,5.9383813s,870,24,1
2.7281407s,1.3395021s,5.6334006s,854,24,1
2.5260317s,1.3774765s,5.837078s,866,24,1
2.4318273s,1.1065142s,5.941515s,874,24,1
2.8482884s,1.2533744s,2.6164928s,890,24,1
2.7537733s,1.4248711s,2.7151148s,918,24,1
2.5178686s,1.3988283s,9.2612189s,838,24,1
2.5572749s,1.0893023s,5.8372352s,878,24,1
2.9705835s,1.3043053s,2.5153655s,914,24,1
2.6795079s,1.1606282s,2.8195883s,894,24,1
2.9537303s,1.3466676s,8.8553202s,814,24,1
2.9879474s,1.4936649s,2.5162927s,902,24,1
2.7498338s,1.1821936s,9.0587864s,810,24,1
2.7810248s,1.3506339s,5.6369549s,850,24,1
2.1979016s,1.0303942s,201.0842ms,954,24,1
2.4930138s,1.2455824s,5.9377766s,858,24,1
2.5703329s,1.2317778s,9.2605305s,834,24,1
2.2693035s,1.0203522s,9.5615599s,830,24,1
2.7172752s,1.4532687s,2.8153467s,906,24,1
3.1162478s,1.4296434s,2.4169472s,886,24,1
2.9085611s,1.1196593s,5.5344085s,846,24,1
2.8023382s,1.4707583s,5.6406314s,842,24,1
2.5048046s,1.1651487s,5.938165s,862,24,1
2.8746396s,1.2494098s,8.9645793s,826,24,1
2.9814921s,1.2567471s,8.8582982s,818,24,1
2.5418909s,1.2538748s,0s,958,24,1
2.5418909s,1.0376739s,0s,950,24,1
2.563236s,1.0840839s,0s,934,24,1
2.2112772s,1.0333263s,503.4607ms,936,24,3
2.8099347s,1.2564077s,2.7183592s,912,24,3
2.5543567s,1.038628s,8.8568357s,828,24,3
2.8533405s,1.2009006s,8.5578519s,816,24,3
2.6983113s,1.1410551s,5.7378571s,852,24,3
2.4110692s,1.0103103s,3.1192026s,920,24,3
2.9078745s,1.3200064s,5.5351307s,876,24,3
2.7459066s,1.0346428s,11.6785577s,796,24,3
2.2536427s,1.0922681s,9.1662103s,820,24,3
2.8036138s,1.326083s,5.6412152s,844,24,3
2.4681285s,1.1011183s,8.9554537s,840,24,3
2.6136202s,1.2813288s,5.834938s,860,24,3
2.975024s,1.4068938s,8.4545074s,804,24,3
2.4681285s,1.1316458s,8.9614029s,812,24,3
2.4207359s,1.0132893s,6.0407946s,880,24,3
2.4207359s,1.0656643s,6.0407946s,864,24,3
2.5439341s,1.130635s,3.0211881s,900,24,3
2.4316843s,1.3132112s,6.043966s,856,24,3
2.7500781s,1.2965247s,2.8176977s,896,24,3
2.3497968s,1.1917145s,3.2231548s,908,24,3
2.4617444s,1.0236813s,301.2725ms,940,24,3
2.8071379s,1.2158681s,8.6518628s,836,24,3
2.3472338s,1.1048909s,6.1367429s,848,24,3
2.6828013s,1.0633169s,11.7804347s,784,24,3
2.8864564s,1.4874548s,11.5780947s,768,24,3
2.9932321s,1.3830834s,11.4756957s,792,24,3
2.1696161s,1.0270919s,604.8776ms,960,24,3
2.6661442s,1.1396276s,2.9190541s,892,24,3
2.4134057s,1.2547323s,9.0581849s,824,24,3
2.7999213s,1.2975539s,11.6762806s,800,24,3
2.5987054s,1.1349399s,11.8774965s,788,24,3
3.0041689s,1.2658342s,11.4742249s,764,24,3
2.4822304s,1.2037694s,301.4329ms,952,24,3
2.6784259s,1.2298484s,0s,926,24,1
2.785654s,1.2405974s,0s,956,24,3
2.7206211s,1.4084263s,8.7598094s,832,24,3
2.8663095s,1.3998188s,5.639097s,868,24,3
2.2782646s,1.1410325s,3.323922s,904,24,3
2.4804229s,1.0345614s,3.1217637s,888,24,3
2.2950508s,1.1247403s,503.3223ms,924,24,3
2.7318134s,1.34539s,8.7593929s,808,24,3
2.5970496s,1.2414746s,201.3235ms,944,24,3
2.677343s,1.3511065s,5.8388393s,872,24,3
2.4869039s,1.1481192s,3.1214039s,884,24,3
2.7933344s,1.3698184s,2.8167058s,916,24,3
2.5246526s,1.023404s,11.9746932s,780,24,3
2.7953637s,1.4559082s,0s,930,24,1
2.9129706s,1.4890807s,0s,928,24,3
2.9480365s,1.2761883s,0s,932,24,3
2.8110934s,1.1098135s,4.9339379s,897,25,0
2.8103876s,1.0365073s,7.855273s,845,25,0
2.6173167s,1.4267301s,5.1336397s,913,25,0
2.5066959s,1.1382195s,2.0121973s,941,25,0
2.9147042s,1.4629698s,7.7555134s,869,25,0
2.614882s,1.4841594s,8.0547106s,873,25,0
2.8183476s,1.2407654s,7.85187s,841,25,0
2.7404193s,1.1929098s,10.7763301s,837,25,0
2.8465318s,1.4768803s,10.67324s,801,25,0
2.6503929s,1.1796334s,10.8693789s,817,25,0
2.5172511s,1.0786673s,2.0126476s,925,25,0
3.2334747s,1.4843709s,4.5298987s,901,25,0
2.3673831s,1.0770509s,11.1707566s,829,25,0
2.5442604s,1.2153738s,8.1545209s,861,25,0
2.5749635s,1.2210317s,10.9703496s,805,25,0
3.1423251s,1.3949968s,1.4082773s,949,25,0
2.8430917s,1.455064s,1.7104506s,953,25,0
2.5469025s,1.2769344s,2.0117169s,933,25,0
2.7889945s,1.4623842s,10.7689048s,821,25,0
2.7664995s,1.3387003s,5.0353081s,881,25,0
2.2653325s,1.0845119s,5.5404837s,893,25,0
2.8594006s,1.2691762s,1.7129409s,945,25,0
2.3642685s,1.0287723s,8.3581533s,865,25,0
2.6659908s,1.144334s,8.056431s,853,25,0
2.5732331s,1.3116159s,8.1519417s,877,25,0
2.4790294s,1.1684155s,5.3345548s,889,25,0
2.9704087s,1.4356532s,1.6097008s,937,25,0
2.6818816s,1.0025168s,5.1317026s,909,25,0
2.7874516s,1.1684155s,5.0303157s,885,25,0
3.0791712s,1.4408973s,1.5076312s,921,25,0
2.4894397s,1.1905991s,5.3351087s,917,25,0
2.4100195s,1.3621999s,11.1757628s,813,25,0
2.8212603s,1.4819904s,10.7703556s,825,25,0
2.5934194s,1.1549046s,8.1516647s,849,25,0
2.8212603s,1.2655903s,10.7703556s,833,25,0
2.8252115s,1.2834831s,10.7706604s,809,25,0
2.2967705s,1.0826622s,8.4563294s,857,25,0
2.3898235s,1.2245176s,2.2150975s,929,25,0
2.8078333s,1.3614522s,5.0328227s,905,25,0
2.4935544s,1.3489287s,2.1136269s,957,25,0
2.6885687s,1.0470724s,8.1528896s,995,28,2
2.9333002s,1.2599654s,4.9302182s,1011,28,2
2.4076048s,1.0100027s,2.3144495s,1067,28,2
2.5497068s,1.0611314s,11.2725676s,959,28,2
3.1452011s,1.4055223s,4.7314853s,1019,28,2
2.7017958s,1.2622057s,8.1528305s,987,28,2
2.7040521s,1.3177198s,8.1505742s,967,28,2
2.8472685s,1.3807666s,5.031547s,1035,28,2
2.6549499s,1.3186977s,11.1694536s,935,28,2
2.9676481s,1.2793865s,10.8687662s,951,28,2
2.4531895s,1.178089s,5.4376368s,1015,28,2
2.4295582s,1.2091259s,2.316067s,1075,28,2
2.6647077s,1.2388955s,11.1717066s,927,28,2
3.0416914s,1.1815688s,1.7076079s,1063,28,2
2.7252196s,1.3888118s,8.1558919s,975,28,2
2.5437175s,1.4546615s,2.2146514s,1079,28,2
2.5540356s,1.303359s,2.2146836s,1071,28,2
2.7553946s,1.0735094s,2.0133246s,1047,28,2
2.6855613s,1.3443376s,11.173947s,923,28,2
2.780102s,1.4874323s,5.1338183s,1031,28,2
2.8412781s,1.3688185s,8.0551288s,999,28,2
2.564332s,1.4474332s,2.2122852s,1055,28,2
2.5995247s,1.140811s,11.2723488s,943,28,2
2.9547709s,1.3905797s,7.9494545s,983,28,2
2.2657186s,1.0895222s,2.5153658s,1051,28,2
2.6595076s,1.0512292s,8.2514875s,991,28,2
3.1778145s,1.3580432s,1.6100396s,1059,28,2
2.6026071s,1.4628079s,5.3304481s,1027,28,2
2.7093372s,1.016018s,5.2336511s,1039,28,2
2.9121706s,1.3428515s,5.0308177s,1007,28,2
2.6130696s,1.2855853s,5.3328257s,1003,28,2
2.925884s,1.4496137s,10.9734198s,939,28,2
2.9779399s,1.4106923s,7.9537158s,971,28,2
2.5355002s,1.3097113s,11.3660768s,931,28,2
2.3942993s,1.2679349s,2.4164886s,1043,28,2
2.6245103s,1.1172686s,5.3314787s,1023,28,2
2.8859955s,1.4076512s,8.0479334s,963,28,2
2.3844334s,1.3458518s,8.5494955s,979,28,2
2.9364184s,1.2894947s,10.9651586s,955,28,2
2.7070854s,1.4740498s,100.1685ms,1096,28,3
2.8121319s,1.4687476s,0s,1116,28,3
2.6287429s,1.2080049s,6.1363917s,1024,28,3
2.4725538s,1.2458777s,3.218516s,1076,28,3
2.8750584s,1.3207997s,2.8160114s,1080,28,3
2.3322772s,1.0290775s,6.4417474s,1012,28,3
2.4317403s,1.3146287s,6.3419628s,1004,28,3
2.8333016s,1.1915115s,0s,1092,28,3
2.7978757s,1.2737302s,2.9164473s,1060,28,3
2.5497648s,1.2625541s,6.2397256s,1028,28,3
2.5543699s,1.0822903s,6.2351205s,1020,28,3
2.643373s,1.3651475s,201.1675ms,1112,28,3
2.8013985s,1.3545974s,2.9200372s,1064,28,3
2.5042964s,1.4049342s,9.2572849s,976,28,3
2.7094549s,1.2407179s,9.058163s,996,28,3
2.8615655s,1.2496752s,5.9426064s,1016,28,3
2.6117592s,1.2588034s,3.1200765s,1052,28,3
2.6200743s,1.1883015s,9.1510093s,972,28,3
3.2703809s,1.4349551s,11.7715635s,948,28,3
2.5153331s,1.1714859s,3.2187196s,1048,28,3
3.0740648s,1.2468957s,5.7340527s,1008,28,3
2.3574358s,1.0970386s,502.29ms,1120,28,3
2.6188815s,1.2723355s,9.1613669s,964,28,3
2.5691965s,1.4188537s,301.1644ms,1084,28,3
2.729232s,1.2891543s,9.0573026s,980,28,3
2.7871815s,1.252665s,6.0411548s,1040,28,3
2.7367093s,1.2980111s,9.055073s,1000,28,3
2.7373294s,1.352018s,3.0200562s,1056,28,3
2.5915085s,1.1994298s,6.2402736s,1032,28,3
2.8865434s,1.0941197s,0s,1100,28,3
2.6434804s,1.0819558s,3.123866s,1068,28,3
2.6021923s,1.320535s,6.2392189s,1036,28,3
2.6457724s,1.1337189s,9.1590848s,984,28,3
2.4511771s,1.1221733s,3.3235531s,1072,28,3
2.5471772s,1.1510724s,9.2650638s,992,28,3
2.5587456s,1.2140862s,3.2176484s,1044,28,3
2.1544859s,1.0986072s,9.6600837s,968,28,3
2.8017759s,1.2282391s,100.2245ms,1104,28,3
2.963446s,1.1177556s,8.8553622s,988,28,3
3.1238863s,1.3486265s,0s,1088,28,3
3.2305336s,1.3070552s,0s,1108,29,3
3.1189524s,1.4933412s,3.3211116s,1078,29,1
2.5151947s,1.1450553s,3.9248693s,1066,29,1
2.9666951s,1.4284456s,6.440064s,1014,29,1
2.6789435s,1.3574397s,9.7686273s,970,29,1
2.7268687s,1.3796761s,603.9776ms,1090,29,1
2.4915814s,1.3895953s,9.9580642s,998,29,1
2.7731468s,1.4638148s,6.643347s,1022,29,1
2.5262617s,1.1870169s,804.5846ms,1102,29,1
2.6316944s,1.1804559s,3.8226603s,1074,29,1
2.5370975s,1.3725322s,803.1825ms,1118,29,1
2.6973818s,1.3141971s,9.7661777s,962,29,1
2.748228s,1.3352527s,602.9827ms,1098,29,1
2.7494419s,1.1804559s,3.7207212s,1054,29,1
2.7494419s,1.2656371s,3.7207212s,1046,29,1
2.2922772s,1.0832321s,7.1480053s,1034,29,1
2.8274232s,1.4741154s,12.6798826s,922,29,1
2.6538094s,1.2787077s,703.3106ms,1094,29,1
3.0313865s,1.3649941s,12.4789137s,946,29,1
2.6588112s,1.4134784s,704.2468ms,1082,29,1
2.3028991s,1.0943536s,7.1465673s,1038,29,1
2.5106827s,1.089298s,6.9454441s,1010,29,1
2.1631584s,1.1134567s,1.209249s,1114,29,1
2.4678785s,1.3071154s,905.3629ms,1086,29,1
3.0331518s,1.2568492s,9.4641549s,986,29,1
2.8753764s,1.4017137s,3.6220834s,1058,29,1
2.8489077s,1.0770233s,12.6797855s,942,29,1
2.6745169s,1.2787077s,703.9905ms,1106,29,1
2.6740477s,1.4879154s,3.8234121s,1062,29,1
2.7797322s,1.2891314s,603.4315ms,1110,29,1
2.2395182s,1.1077078s,10.2642915s,990,29,1
2.7431432s,1.3344643s,9.7606665s,994,29,1
2.3370053s,1.1914913s,10.1668044s,974,29,1
2.5793427s,1.211687s,3.9258971s,1070,29,1
2.5793427s,1.4729968s,3.9258971s,1050,29,1
2.4305778s,1.0564198s,7.0437981s,1026,29,1
2.3499971s,1.057502s,10.1575306s,978,29,1
2.7405622s,1.2463611s,6.7403592s,1002,29,1
2.8384957s,1.3151546s,6.6446154s,1018,29,1
2.4518062s,1.0557298s,10.0644567s,982,29,1
2.8709506s,1.4741154s,12.6794751s,938,29,1
2.4947038s,1.1430743s,4.0283439s,1042,29,1
2.8642s,1.3933064s,9.6667906s,966,29,1
2.2492149s,1.1355157s,7.2486239s,1006,29,1
2.3554724s,1.1876004s,7.1423664s,1030,29,1
3.0014521s,1.2225316s,10.7704017s,989,29,0
2.312197s,1.0912166s,2.5163347s,1117,29,0
3.045729s,1.3601582s,4.8337556s,1045,29,0
2.4742322s,1.4062214s,8.2523231s,1029,29,0
2.6764816s,1.2896819s,8.0500737s,1005,29,0
3.0294583s,1.4458041s,1.8087638s,1105,29,0
2.825543s,1.1723455s,2.0132166s,1089,29,0
2.5622762s,1.2634472s,5.3349681s,1061,29,0
2.1318051s,1.0779594s,2.7197102s,1093,29,0
2.6322053s,1.1248739s,11.1712197s,997,29,0
2.7417968s,1.2006602s,2.1123614s,1081,29,0
2.5901865s,1.298854s,8.1567714s,1025,29,0
3.0439633s,1.2546347s,10.762187s,993,29,0
2.5731481s,1.0310428s,5.329158s,1073,29,0
2.5479816s,1.1792843s,2.3158123s,1097,29,0
2.5479816s,1.0859882s,2.3158123s,1113,29,0
2.6798466s,1.222978s,5.2332038s,1041,29,0
2.282596s,1.0176718s,5.6304544s,1077,29,0
2.7082551s,1.2171986s,8.051866s,1017,29,0
2.8842367s,1.1570317s,5.0288137s,1057,29,0
3.0567735s,1.3371853s,10.7695692s,985,29,0
2.5177565s,1.4515275s,8.2518127s,1021,29,0
2.7561569s,1.0342875s,11.0701858s,961,29,0
2.9618648s,1.3558517s,10.8662805s,981,29,0
2.690624s,1.475315s,5.2348736s,1053,29,0
2.6229495s,1.2923424s,8.1514281s,1001,29,0
2.293061s,1.0054664s,5.6397298s,1065,29,0
2.3998794s,1.3591255s,5.5329114s,1049,29,0
2.6771941s,1.0377879s,2.2119672s,1085,29,0
3.0836155s,1.3335329s,1.8114936s,1109,29,0
2.8730728s,1.097845s,10.9740356s,969,29,0
2.4703144s,1.120003s,11.376794s,977,29,0
2.9859789s,1.1478888s,1.9115563s,1101,29,0
2.345797s,1.123801s,8.4532219s,1037,29,0
2.8470707s,1.3301102s,7.953361s,1013,29,0
2.6439186s,1.1318543s,8.1565131s,1033,29,0
2.4807695s,1.2507724s,11.3761196s,965,29,0
2.389628s,1.298773s,11.4712641s,973,29,0
2.2531069s,1.0539936s,8.5516575s,1009,29,0
2.9260973s,1.3854111s,5.0315964s,1069,29,0
2.3738542s,1.2203326s,100.0685ms,1243,32,2
2.9434415s,1.0725509s,5.535696s,1175,32,2
2.3738542s,1.0302885s,100.0685ms,1247,32,2
2.3738542s,1.2609923s,100.0685ms,1255,32,2
2.5806073s,1.1506195s,8.8572537s,1131,32,2
2.5159203s,1.3091039s,3.0197757s,1235,32,2
2.7432679s,1.3965276s,5.7358696s,1163,32,2
2.6867907s,1.2185799s,8.7570499s,1123,32,2
2.3843405s,1.116439s,100.8264ms,1267,32,2
2.6954397s,1.1781909s,8.7548901s,1143,32,2
2.675519s,1.4165611s,11.8731369s,1083,32,2
2.3513154s,1.1372617s,6.1402909s,1179,32,2
2.76462s,1.2743339s,5.7306273s,1167,32,2
2.4754104s,1.3484421s,12.0768865s,1119,32,2
2.8013519s,1.2548402s,8.6531584s,1159,32,2
2.9816154s,1.3181254s,11.5706815s,1099,32,2
2.3947006s,1.2825082s,100.2001ms,1251,32,2
2.337432s,1.0474693s,3.219242s,1207,32,2
2.8125772s,1.3583949s,8.649102s,1127,32,2
2.3047005s,1.1612789s,9.1569787s,1155,32,2
2.7462116s,1.4446456s,2.8163077s,1203,32,2
2.3875099s,1.0144535s,12.178887s,1107,32,2
2.9489637s,1.323026s,2.6169421s,1227,32,2
3.0983261s,1.4839174s,11.4711468s,1091,32,2
2.5784375s,1.3832479s,5.9339858s,1183,32,2
2.7186964s,1.4381627s,8.7524504s,1139,32,2
2.4841523s,1.3178464s,6.033796s,1195,32,2
2.6862537s,1.1941602s,5.8320742s,1171,32,2
2.8627889s,1.2755991s,2.7179645s,1239,32,2
2.8649955s,1.1846201s,2.7157579s,1219,32,2
3.0617733s,1.458897s,2.5189801s,1231,32,2
2.7174665s,1.4145344s,11.8681661s,1115,32,2
2.6965263s,1.4150988s,5.8320567s,1191,32,2
2.7281201s,1.016935s,11.8657265s,1111,32,2
2.2418572s,1.1851046s,9.2536633s,1135,32,2
2.5052082s,1.3706526s,6.0315888s,1187,32,2
2.6226617s,1.2761456s,11.9711849s,1087,32,2
2.5795909s,1.0944828s,3.0177104s,1223,32,2
2.6332282s,1.3871627s,11.9662491s,1095,32,2
2.894344s,1.3712486s,2.7123331s,1211,32,2
2.9587235s,1.2548402s,8.5501186s,1151,32,2
2.5618201s,1.1342672s,8.947022s,1147,32,2
2.5156136s,1.2482913s,6.034505s,1199,32,2
3.0020171s,1.4050964s,2.6154777s,1215,32,2
2.6461891s,1.4497117s,11.9717968s,1103,32,2
2.6478912s,1.1348877s,0s,1263,32,2
2.7120578s,1.2615581s,0s,1259,32,2
2.7120578s,1.4043446s,0s,1279,32,2
2.8839042s,1.3888452s,0s,1275,32,2
2.2199811s,1.0783044s,3.0175126s,1236,32,3
2.8295915s,1.3425962s,2.4167907s,1220,32,3
2.7638859s,1.4415935s,5.7338155s,1172,32,3
2.8680641s,1.027263s,8.7517536s,1132,32,3
2.5634857s,1.2105353s,9.056332s,1156,32,3
2.4677144s,1.0069306s,6.029987s,1192,32,3
2.5744433s,1.1365217s,9.0449565s,1136,32,3
2.3648046s,1.2394483s,0s,1248,32,3
2.9554994s,1.2001686s,0s,1271,33,2
2.7744219s,1.2905429s,5.7390633s,1196,32,3
2.9828433s,1.2978601s,5.5330176s,1164,32,3
2.6605079s,1.2683908s,2.6200608s,1224,32,3
2.4889176s,1.1957037s,6.0389232s,1200,32,3
2.6011093s,1.1815675s,5.9338845s,1188,32,3
2.2719411s,1.1861081s,3.0190898s,1232,32,3
2.7104483s,1.2287085s,8.9543509s,1128,32,3
3.1149417s,1.3437374s,5.4277412s,1168,32,3
3.1221163s,1.2287085s,8.5517597s,1148,32,3
2.5864735s,1.0283775s,2.7180141s,1204,32,3
2.7209361s,1.1251199s,8.9529399s,1144,32,3
2.3891611s,1.1883759s,2.9177645s,1216,32,3
2.5882332s,1.1471771s,2.7186924s,1240,32,3
2.8257973s,1.0008419s,8.8539457s,1140,32,3
2.693633s,1.1140044s,2.6167216s,1208,32,3
2.8941136s,1.3725551s,2.416241s,1212,32,3
2.8270527s,1.4283813s,5.7332257s,1184,32,3
2.4355463s,1.4159175s,9.2530085s,1160,32,3
2.732022s,1.0884177s,5.8344165s,1180,32,3
2.7420931s,1.3456333s,8.9464617s,1124,32,3
2.6099481s,1.0543432s,2.7173835s,1228,32,3
2.1315811s,1.0071753s,301.6369ms,1268,32,3
2.3349502s,1.052065s,100.6779ms,1280,32,3
3.2472721s,1.5007385s,5.3297417s,1176,32,3
2.2470618s,1.0926287s,9.4551266s,1152,32,3
2.521709s,1.163689s,0s,1276,32,3
2.5319293s,1.1045572s,0s,1256,32,3
2.6367568s,1.4174132s,0s,1244,32,3
2.7127024s,1.4015424s,0s,1264,32,3
2.7478129s,1.2563831s,0s,1272,32,3
2.9293742s,1.0058359s,1.3081907s,1249,33,0
2.9293742s,1.3355067s,1.3081907s,1253,33,0
2.824767s,1.4404659s,4.3278304s,1221,33,0
2.8341736s,1.4296336s,1.4079206s,1261,33,0
2.8341736s,1.0427625s,1.4079206s,1277,33,0
2.4300137s,1.1082833s,10.9641402s,1145,33,0
2.5351552s,1.0176713s,4.6244908s,1217,33,0
2.3086189s,1.0309846s,7.9453967s,1161,33,0
2.8453374s,1.4596514s,10.5579696s,1153,33,0
3.1435079s,1.2421631s,10.2597991s,1137,33,0
2.6401795s,1.02726s,4.5259744s,1205,33,0
2.7359229s,1.4887377s,10.6673841s,1157,33,0
2.4441059s,1.0541527s,1.8106808s,1269,33,0
2.7239588s,1.0001754s,7.5455033s,1165,33,0
2.8558877s,1.3306378s,10.5588557s,1129,33,0
2.6584071s,1.3155467s,10.7563363s,1141,33,0
2.9588399s,1.3676605s,10.4559035s,1125,33,0
2.3580924s,1.1966276s,1.9115726s,1241,33,0
2.8603734s,1.3834384s,4.3268743s,1225,33,0
2.4363353s,1.1051023s,7.8517664s,1197,33,0
2.6388849s,1.1782034s,7.6492168s,1181,33,0
2.1671675s,1.0784078s,5.0291456s,1213,33,0
2.6494067s,1.3267988s,7.6469524s,1189,33,0
2.1782913s,1.0254259s,2.1111094s,1245,33,0
2.3755885s,1.1814112s,4.8332277s,1201,33,0
2.8916886s,1.1752894s,4.3249862s,1237,33,0
2.3725948s,1.2004274s,7.9450519s,1193,33,0
2.4948273s,1.1462435s,10.9663273s,1149,33,0
2.6033532s,1.2937983s,1.7101868s,1265,33,0
2.6033532s,1.3277742s,1.7101868s,1257,33,0
2.3777391s,1.111422s,7.9497176s,1185,33,0
2.8077266s,1.4183448s,4.4273128s,1229,33,0
2.9129245s,1.4798161s,4.3253625s,1209,33,0
2.5186118s,1.2092942s,1.808856s,1273,33,0
2.7150403s,1.4071192s,10.7628938s,1133,33,0
2.3117344s,1.2021038s,4.9290466s,1233,33,0
3.0936452s,1.2678534s,7.240781s,1169,33,0
2.4890891s,1.1927568s,7.8448649s,1177,33,0
2.8934364s,1.4786139s,7.4409898s,1173,33,0
2.8218438s,1.358742s,10.6634558s,1121,33,0
2.5456528s,1.1493069s,4.0246416s,1210,33,1
2.3528972s,1.2040478s,1.2089446s,1246,33,1
2.849806s,1.2670778s,3.7234772s,1214,33,1
2.8685574s,1.4036611s,702.8863ms,1258,33,1
3.2554114s,1.431147s,9.6572586s,1154,33,1
2.7616083s,1.2960541s,10.1578156s,1150,33,1
2.9860555s,1.2622955s,604.9199ms,1266,33,1
2.3605983s,1.2626717s,10.5650176s,1126,33,1
2.6246505s,1.4894277s,7.045554s,1182,33,1
2.4647087s,1.1594094s,10.4670068s,1146,33,1
2.7859484s,1.202356s,3.821966s,1222,33,1
2.633577s,1.2454493s,7.0444326s,1198,33,1
2.5375969s,1.1404106s,7.146499s,1162,33,1
2.9725676s,1.4294822s,9.9669397s,1158,33,1
2.7881619s,1.2727301s,3.8258388s,1206,33,1
2.7015724s,1.0842531s,905.2526ms,1262,33,1
2.7015724s,1.3856687s,905.2526ms,1274,33,1
2.4794572s,1.1370801s,10.4639463s,1142,33,1
2.6002499s,1.0955215s,4.0209469s,1230,33,1
2.4060249s,1.1999391s,1.2067193s,1270,33,1
2.4011159s,1.2294507s,4.2264766s,1226,33,1
2.5556929s,1.3563196s,7.1435407s,1166,33,1
2.9595135s,1.1295702s,6.7397201s,1170,33,1
2.8977837s,1.2043199s,10.0568613s,1134,33,1
2.389907s,1.1326681s,10.564738s,1138,33,1
2.5586683s,1.2248865s,7.1433435s,1190,33,1
3.0084526s,1.3356129s,3.623464s,1234,33,1
2.5137167s,1.1416755s,4.1222821s,1202,33,1
2.6108286s,1.4485969s,4.0251702s,1238,33,1
2.4641721s,1.1806108s,7.2419219s,1174,33,1
2.4003409s,1.2657083s,10.5635834s,1130,33,1
3.0700952s,1.439433s,6.6384177s,1178,33,1
3.0323216s,1.3568091s,604.7426ms,1254,33,1
2.8734396s,1.2092553s,6.8421724s,1194,33,1
2.5186507s,1.2222381s,10.4527856s,1122,33,1
2.9252867s,1.4745626s,3.7262645s,1218,33,1
2.4374615s,1.0285742s,1.2076139s,1250,33,1
2.5432974s,1.4283271s,1.1057067s,1242,33,1
2.4444914s,1.1478641s,1.2076923s,1278,33,1
2.1931605s,1.051516s,7.5409051s,1186,33,1
2.6071451s,1.0524669s,2.5160743s,1363,36,2
2.3597942s,1.0521983s,5.8377795s,1331,36,2
2.6083041s,1.2776708s,8.4607137s,1295,36,2
3.0687612s,1.265749s,5.1359379s,1343,36,2
2.5649866s,1.0501395s,5.6397125s,1335,36,2
2.6292062s,1.1913078s,8.4508932s,1299,36,2
2.7264908s,1.1485068s,8.3536086s,1311,36,2
2.5746492s,1.0215616s,5.6385619s,1359,36,2
2.5339566s,1.4422459s,2.613457s,1379,36,2
2.9361544s,1.2814398s,2.2112592s,1395,36,2
2.3832762s,1.1173361s,5.8328986s,1327,36,2
2.5342671s,1.3418021s,2.6131465s,1387,36,2
2.6475926s,1.1569841s,8.4515293s,1319,36,2
2.3450524s,1.0917699s,2.81842s,1367,36,2
2.448834s,1.2905138s,8.6524941s,1303,36,2
2.3041165s,1.1806032s,5.9342679s,1355,36,2
2.658082s,1.3368383s,8.4565399s,1283,36,2
3.0203969s,1.406735s,5.2318944s,1339,36,2
2.8668883s,1.3546848s,8.2522913s,1291,36,2
2.8725273s,1.426528s,2.3157665s,1375,36,2
2.4720052s,1.1430806s,2.7188559s,1383,36,2
2.5754313s,1.1131126s,2.6166431s,1391,36,2
2.6812483s,1.4357699s,2.5131527s,1371,36,2
2.2302013s,1.0056116s,6.0367586s,1347,36,2
2.9883134s,1.2060556s,2.2141396s,1399,36,2
2.5867681s,1.4474597s,8.556758s,1287,36,2
3.0405827s,1.4996497s,5.2360551s,1351,36,2
2.2412689s,1.0902335s,6.040078s,1323,36,2
2.4871541s,1.1446939s,8.6610811s,1307,36,2
2.2902535s,1.0140411s,8.8579817s,1315,36,2
2.4282704s,1.0307811s,0s,1419,36,2
2.4549796s,1.3593875s,0s,1411,36,2
2.4908809s,1.1167244s,0s,1403,36,2
2.7047894s,1.2204001s,8.5561239s,1316,36,3
2.4673027s,1.4053432s,5.8379006s,1336,36,3
2.3521176s,1.0955248s,201.4543ms,1420,36,3
2.5124014s,1.2786884s,8.7584407s,1312,36,3
2.9699819s,1.2132251s,11.2708421s,1252,36,3
2.3763678s,1.1628787s,5.9389446s,1356,36,3
2.4881538s,1.4373754s,5.8322896s,1332,36,3
2.5760586s,1.1114793s,2.8147931s,1372,36,3
2.7361592s,1.4667587s,8.5513916s,1292,36,3
2.479947s,1.1596668s,2.9155238s,1384,36,3
2.6996849s,1.4580423s,5.6362024s,1348,36,3
2.6996849s,1.1353245s,5.6362024s,1352,36,3
2.702755s,1.3662517s,2.7163617s,1364,36,3
2.9582998s,1.2305235s,8.3528969s,1300,36,3
2.7578182s,1.2065423s,8.554352s,1308,36,3
2.6077172s,1.0319076s,2.8190505s,1376,36,3
2.9192713s,1.4603693s,11.3695583s,1260,36,3
2.261711s,1.0551863s,9.0571367s,1288,36,3
2.1224796s,1.0377203s,6.2380683s,1328,36,3
2.6621081s,1.257914s,8.6567396s,1284,36,3
2.5091114s,1.012446s,100.7425ms,1424,36,3
2.5096282s,1.4108414s,100.2257ms,1404,36,3
2.5091114s,1.0105709s,100.7425ms,1428,36,3
2.5126827s,1.3075563s,2.9187218s,1392,36,3
2.7328333s,1.4972773s,5.6340992s,1340,36,3
2.9337802s,1.2404909s,5.4331523s,1360,36,3
2.6365309s,1.3282383s,5.7304016s,1324,36,3
2.3689001s,1.0130842s,8.9563322s,1320,36,3
2.4162832s,1.1538357s,3.0168691s,1380,36,3
2.8373657s,1.3553084s,5.5295668s,1344,36,3
2.8196585s,1.412121s,2.6134938s,1400,36,3
2.3162303s,1.1335831s,302.222ms,1416,36,3
2.2190646s,1.1032682s,401.761ms,1432,36,3
2.6288676s,1.2887501s,2.8169831s,1388,36,3
2.4912391s,1.1775058s,8.8564227s,1304,36,3
2.7999833s,1.4071769s,8.5531903s,1296,36,3
2.3428957s,1.1120346s,3.1181979s,1396,36,3
2.6504135s,1.0804812s,2.8164455s,1368,36,3
2.678555s,1.3286433s,0s,1412,36,3
2.6891235s,1.4635166s,0s,1440,36,3
2.8334012s,1.4718128s,0s,1436,36,3
2.9080233s,1.3036822s,0s,1408,37,3
2.7228122s,1.0896455s,1.9104828s,1401,37,0
3.3246965s,1.4055621s,1.3091636s,1405,37,0
2.594466s,1.3661288s,11.2733613s,1285,37,0
2.9742142s,1.4458385s,4.8327785s,1377,37,0
2.6438727s,1.4584663s,8.0531071s,1349,37,0
2.6279586s,1.1369136s,2.013924s,1417,37,0
2.4039313s,1.0921408s,11.4718616s,1317,37,0
2.8812625s,1.3023268s,4.9303164s,1361,37,0
2.63852s,1.4875399s,2.0137773s,1429,37,0
2.8577187s,1.3442431s,7.8496758s,1353,37,0
2.4869008s,1.0916821s,5.3332619s,1385,37,0
2.4492659s,1.1877985s,2.2152053s,1425,37,0
2.901797s,1.3156709s,4.9302787s,1369,37,0
2.7244159s,1.2252279s,11.1736413s,1281,37,0
2.3654559s,1.054024s,8.3560776s,1325,37,0
2.5539437s,1.1784971s,2.1124926s,1409,37,0
2.5962713s,1.255347s,5.2358044s,1373,37,0
2.772658s,1.4601387s,7.9526279s,1329,37,0
2.401676s,1.0477294s,5.4341521s,1393,37,0
2.5083764s,1.2607375s,5.3331991s,1397,37,0
2.469966s,1.0324587s,2.2151877s,1433,37,0
2.5184997s,1.2245719s,5.3343783s,1381,37,0
2.8894578s,1.4456656s,7.852878s,1341,37,0
2.5897481s,1.116631s,8.1525877s,1321,37,0
2.244922s,1.0604585s,11.6769426s,1305,37,0
2.7531697s,1.2534474s,11.1716647s,1313,37,0
2.7557811s,1.1912785s,11.1723839s,1301,37,0
2.5055418s,1.1374725s,8.2521314s,1357,37,0
2.6918098s,1.4923401s,2.0107662s,1437,37,0
2.5678183s,1.1905268s,11.3689111s,1297,37,0
2.5966807s,1.1298494s,2.1139018s,1421,37,0
2.774219s,1.4735887s,11.1711741s,1293,37,0
3.1765237s,1.4511037s,10.7688694s,1309,37,0
2.8260003s,1.2800934s,7.9449217s,1333,37,0
2.3008741s,1.1410434s,2.4149507s,1413,37,0
2.9536398s,1.4586837s,4.9333436s,1389,37,0
2.6330498s,1.3338135s,8.1479695s,1337,37,0
3.1656394s,1.4841607s,4.7259221s,1365,37,0
2.6879859s,1.2930222s,11.2695571s,1289,37,0
2.6330498s,1.2219584s,8.1479695s,1345,37,0
2.7668372s,1.3240555s,10.4671656s,1310,37,1
2.1978701s,1.1438739s,7.9527179s,1342,37,1
2.8078001s,1.2537502s,7.3427879s,1346,37,1
2.6096068s,1.2706108s,7.5431514s,1354,37,1
2.4032883s,1.0946186s,1.7093924s,1418,37,1
2.2697918s,1.0265032s,4.927862s,1366,37,1
2.7783168s,1.1283221s,4.4242567s,1394,37,1
2.5763615s,1.2726265s,4.626212s,1390,37,1
2.3057889s,1.1127268s,1.8118115s,1438,37,1
2.4116864s,1.214329s,1.7093081s,1410,37,1
2.617445s,1.3957555s,7.5463945s,1334,37,1
2.4135485s,1.1356238s,1.7095265s,1434,37,1
3.0849731s,1.379228s,4.123075s,1362,37,1
3.0834148s,1.4143376s,10.1696061s,1302,37,1
2.7887494s,1.2422908s,4.4250653s,1374,37,1
2.4838953s,1.0978203s,10.7691256s,1318,37,1
2.8936612s,1.3685288s,4.3242061s,1382,37,1
2.7284588s,1.4768574s,1.4102243s,1414,37,1
2.8390291s,1.4675636s,7.3453806s,1322,37,1
2.6409359s,1.3773747s,7.5490884s,1350,37,1
2.4483727s,1.0641997s,7.746641s,1338,37,1
2.7147867s,1.2626551s,4.5244356s,1378,37,1
2.515876s,1.3839476s,10.7688185s,1306,37,1
2.9557914s,1.4617546s,7.2454883s,1330,37,1
3.0224348s,1.3135605s,10.2636693s,1314,37,1
2.253188s,1.1213192s,1.914722s,1426,37,1
2.5266184s,1.4167555s,10.7716779s,1294,37,1
2.6342102s,1.1731802s,10.6684349s,1290,37,1
2.3680166s,1.1828155s,7.8512137s,1326,37,1
2.3701018s,1.1096808s,1.809969s,1402,37,1
2.7743957s,1.1548365s,1.4088599s,1430,37,1
2.6407784s,1.2039931s,4.6274503s,1398,37,1
2.6407784s,1.0423047s,4.6278751s,1386,37,1
2.6820667s,1.1186705s,7.5464581s,1358,37,1
2.2357032s,1.1517735s,11.0762364s,1286,37,1
2.6858376s,1.4886111s,1.5098094s,1406,37,1
2.6507864s,1.2017666s,4.6294213s,1370,37,1
2.1507646s,1.0324069s,11.1753359s,1298,37,1
2.5911817s,1.0676442s,1.6107395s,1422,37,1
2.4581822s,1.3746059s,10.8679183s,1282,37,1
2.8927192s,1.2167311s,6.547159s,1500,41,3
2.8190275s,1.0371205s,12.8873863s,1439,41,2
2.1205681s,1.0444856s,10.6725825s,1479,41,2
2.9904037s,1.3841573s,6.8455611s,1499,41,2
2.9982498s,1.4616728s,6.4416284s,1484,41,3
2.6446009s,1.0878371s,9.7608367s,1472,41,3
2.3274158s,1.2335737s,903.8074ms,1576,41,3
2.3225464s,1.0925385s,10.4706042s,1447,41,2
2.8359977s,1.4558619s,12.8739049s,1431,41,2
2.6379797s,1.1827941s,13.0719229s,1407,41,2
2.496234s,1.1275622s,7.3432196s,1503,41,2
2.7357611s,1.4590825s,503.2419ms,1592,41,3
2.4862129s,1.0657457s,1.0068712s,1591,41,2
2.9386812s,1.2015793s,300.9514ms,1564,41,3
2.8394297s,1.1564583s,12.8788823s,1435,41,2
2.7354885s,1.1802139s,3.7231134s,1548,41,3
2.6155194s,1.437642s,6.8431658s,1516,41,3
2.863916s,1.1884365s,9.5603286s,1444,41,3
2.7661143s,1.3245852s,9.6581303s,1468,41,3
2.9655594s,1.360006s,9.4586852s,1448,41,3
2.5128736s,1.1588096s,7.3453135s,1515,41,2
2.8531572s,1.2807666s,401.8346ms,1580,41,3
2.7460642s,1.3740016s,3.7253532s,1540,41,3
3.2200978s,1.4305314s,6.645656s,1507,41,2
2.1524321s,1.1286016s,10.6705075s,1475,41,2
2.3477354s,1.0103659s,10.4755145s,1451,41,2
2.9571858s,1.1891864s,9.8660641s,1471,41,2
2.2153887s,1.1035939s,4.4305776s,1551,41,2
2.9228105s,1.4668721s,3.7231558s,1523,41,2
2.773807s,1.3058874s,9.6650595s,1456,41,3
2.3220114s,1.2346663s,7.1479661s,1520,41,3
2.9571858s,1.325574s,9.8660641s,1463,41,2
2.5733096s,1.1847265s,9.8655569s,1464,41,3
2.7567164s,1.2058255s,501.6354ms,1600,41,3
2.2655277s,1.0793724s,10.1700092s,1460,41,3
2.4561993s,1.3035046s,804.964ms,1568,41,3
2.3593614s,1.0101114s,904.6781ms,1588,41,3
2.9141083s,1.3803994s,603.3827ms,1587,41,2
2.8085238s,1.3825483s,703.2795ms,1583,41,2
2.8512754s,1.0963357s,3.6237819s,1532,41,3
2.8286236s,1.3781102s,3.8235485s,1543,41,2
2.4535537s,1.1382447s,4.0243798s,1560,41,3
2.5766928s,1.1870206s,9.8694426s,1476,41,3
3.1346811s,1.4151714s,3.5223842s,1547,41,2
2.8605499s,1.3124152s,12.8875878s,1423,41,2
2.9310399s,1.4507322s,3.7260254s,1527,41,2
2.7568013s,1.3906798s,3.7256212s,1552,41,3
2.4608852s,1.2257473s,10.3739893s,1459,41,2
2.6645042s,1.3541454s,3.8207122s,1524,41,3
2.2192236s,1.1028692s,1.3077632s,1563,41,2
2.6712446s,1.2631831s,604.0666ms,1596,41,3
2.3429158s,1.1523407s,7.1445392s,1496,41,3
2.4433453s,1.1179922s,7.4469849s,1491,41,2
2.5284799s,1.32814s,1.0070714s,1571,41,2
2.4731166s,1.3192984s,4.0269586s,1528,41,3
2.6473552s,1.1261385s,4.0269586s,1559,41,2
2.7524658s,1.3871548s,3.9248974s,1555,41,2
2.8858607s,1.4983539s,9.9687861s,1455,41,2
2.7494684s,1.3019662s,7.1479926s,1511,41,2
2.7874344s,1.3883189s,10.0672124s,1467,41,2
2.7763648s,1.3764084s,12.9915452s,1427,41,2
2.955652s,1.4750316s,6.5457224s,1504,41,3
2.5386551s,1.1236365s,1.0052447s,1567,41,2
2.8603074s,1.3895765s,6.6422847s,1492,41,3
2.5386551s,1.2937224s,1.0052447s,1579,41,2
2.8603074s,1.4703214s,6.6422847s,1512,41,3
2.7411349s,1.1160666s,805.0749ms,1595,41,2
2.6444322s,1.0735621s,905.2873ms,1575,41,2
2.4847312s,1.1382447s,4.0254308s,1556,41,3
2.2402643s,1.0735621s,1.3094552s,1599,41,2
2.5628825s,1.3412059s,6.9479215s,1508,41,3
2.5571657s,1.1433704s,7.3497249s,1495,41,2
2.5571657s,1.4226572s,7.3497249s,1519,41,2
2.5987885s,1.1983498s,10.2681736s,1443,41,2
2.5631282s,1.3424328s,4.1265503s,1531,41,2
2.7631476s,1.3982962s,3.9265309s,1535,41,2
2.8695597s,1.3633115s,7.0489434s,1487,41,2
2.7751603s,1.2320601s,3.923245s,1539,41,2
2.5682113s,1.2315805s,7.3502918s,1483,41,2
3.0117304s,1.2670168s,301.0682ms,1584,41,3
2.6802951s,1.3645919s,6.8480138s,1488,41,3
2.5343291s,1.2404699s,9.9595392s,1480,41,3
2.3260776s,1.1905733s,10.1677907s,1452,41,3
2.9132632s,1.4465767s,12.8815813s,1415,41,2
3.0129678s,1.4079136s,3.5241605s,1536,41,3
3.213894s,1.3657719s,3.3232343s,1544,41,3
2.5198483s,1.2484476s,803.386ms,1572,41,3
2.3969357s,1.1427799s,5.0311288s,1538,41,1
2.5892242s,1.4711306s,1.7132492s,1582,41,1
2.8956219s,1.263372s,1.4104667s,1598,41,1
2.4303167s,1.1717777s,11.1782748s,1446,41,1
2.4303167s,1.0112818s,11.1782748s,1450,41,1
2.6090577s,1.2130088s,1.7110288s,1594,41,1
3.0793538s,1.3382888s,7.4476479s,1506,41,1
2.651951s,1.1774285s,10.9707386s,1466,41,1
2.6736496s,1.2900089s,7.8533521s,1514,41,1
2.8198365s,1.0581675s,4.6278114s,1534,41,1
2.9834069s,1.3992034s,7.5464249s,1490,41,1
2.7159998s,1.3638376s,1.6120138s,1590,41,1
3.1255911s,1.4732851s,4.3300656s,1558,41,1
2.5263659s,1.4576441s,4.9332828s,1530,41,1
2.5267582s,1.3737439s,4.9328905s,1526,41,1
2.4261504s,1.2946399s,1.9154719s,1566,41,1
2.4939313s,1.3246641s,8.0526359s,1502,41,1
2.4736679s,1.0334016s,11.1754024s,1454,41,1
2.640499s,1.4461086s,1.7098664s,1578,41,1
2.5853603s,1.4063272s,11.0752693s,1470,41,1
2.4510399s,1.1324905s,1.9127881s,1570,41,1
2.6608801s,1.3990228s,4.830634s,1546,41,1
3.0956879s,1.3802817s,10.5708679s,1474,41,1
2.7167123s,1.0604739s,7.8541556s,1494,41,1
2.7959743s,1.1815052s,10.8709725s,1442,41,1
2.8635358s,1.4770008s,1.5096817s,1574,41,1
2.5755705s,1.2793106s,4.9275099s,1554,41,1
2.8028705s,1.3258625s,10.8752516s,1458,41,1
2.3650903s,1.1640162s,5.1379901s,1550,41,1
2.6418461s,1.1628883s,7.9454456s,1482,41,1
2.4401243s,1.1473168s,8.1471674s,1518,41,1
2.9394861s,1.2715034s,7.6478056s,1510,41,1
2.4809386s,1.2898119s,5.0332056s,1522,41,1
2.384347s,1.2739983s,5.1316777s,1542,41,1
2.8244624s,1.1154378s,10.866604s,1462,41,1
2.7804791s,1.2620385s,1.6099545s,1562,41,1
2.6847649s,1.4320402s,1.7079479s,1586,41,1
2.9504451s,1.2637422s,7.6472126s,1498,41,1
2.623897s,1.3727893s,11.0694486s,1478,41,1
2.5461572s,1.023379s,8.0515005s,1486,41,1
2.745448s,1.0976913s,2.8195708s,1573,41,0
2.85295s,1.4196139s,2.7143344s,1565,41,0
2.2612361s,1.0149217s,6.4431636s,1521,41,0
2.6103462s,1.0442714s,12.1799535s,1457,41,0
2.8732013s,1.4995221s,8.957197s,1509,41,0
2.3672188s,1.0102912s,9.4631795s,1481,41,0
2.5672508s,1.3938359s,9.2631475s,1517,41,0
2.5562205s,1.1004074s,3.0193313s,1585,41,0
2.0695628s,1.0275819s,6.6431043s,1529,41,0
3.0850492s,1.4203077s,8.7551078s,1505,41,0
3.0850492s,1.495253s,8.7551078s,1497,41,0
2.9698674s,1.4639171s,2.6154431s,1569,41,0
2.5184187s,1.4422868s,100.539ms,1637,41,0
2.824629s,1.349576s,11.9824395s,1465,41,0
2.7769084s,1.1387808s,2.8175415s,1577,41,0
2.4258253s,1.0478457s,12.3833725s,1441,41,0
2.589069s,1.3819567s,6.1424962s,1533,41,0
2.8941641s,1.3622084s,8.9612478s,1485,41,0
2.4323261s,1.172475s,12.3829872s,1449,41,0
2.8841361s,1.4221128s,2.7164293s,1561,41,0
2.3272528s,1.0985344s,12.4880605s,1461,41,0
2.3379479s,1.1928055s,12.4773654s,1473,41,0
2.598669s,1.1306349s,9.2567429s,1513,41,0
2.2304619s,1.0508942s,401.0508ms,1629,41,0
2.636882s,1.3883843s,0s,1625,41,0
2.7043158s,1.3831762s,9.1627738s,1493,41,0
2.9149859s,1.3040508s,5.8343725s,1537,41,0
2.3047705s,1.0517662s,6.4445879s,1549,41,0
2.8085351s,1.4527256s,5.9411884s,1545,41,0
2.4097242s,1.0049839s,6.3399993s,1525,41,0
2.5150183s,1.0385136s,6.2347052s,1557,41,0
3.1177312s,1.3555178s,8.755545s,1489,41,0
2.4985821s,1.4237819s,3.1198476s,1581,41,0
2.4615349s,1.0491839s,12.3716427s,1477,41,0
2.9599014s,1.1675056s,11.8808647s,1453,41,0
2.7134772s,1.2713793s,2.9171986s,1597,41,0
3.1371153s,1.4763936s,5.6366237s,1553,41,0
2.2143186s,1.0163697s,3.4223051s,1589,41,0
2.7378283s,1.3017949s,6.0359107s,1541,41,0
2.465725s,1.0126972s,201.4339ms,1609,41,0
2.3180231s,1.0366764s,3.3220719s,1593,41,0
2.5758918s,1.2427212s,12.282406s,1445,41,0
2.7884173s,1.1685942s,12.0837055s,1469,41,0
2.7554964s,1.3457113s,9.1608871s,1501,41,0
2.7194485s,1.24708s,0s,1617,41,0
2.7614789s,1.0963533s,0s,1605,41,0
2.7624252s,1.4620028s,0s,1621,41,0
2.8452749s,1.3488501s,0s,1601,41,0
2.8464226s,1.4986366s,0s,1633,41,0
2.887407s,1.1360598s,0s,1613,42,0
2.4339643s,1.0232188s,9.5633957s,1640,44,3
2.3374512s,1.0318528s,9.6599088s,1612,44,3
2.2424609s,1.1548812s,9.756739s,1636,44,3
3.090984s,1.4424464s,6.1375896s,1656,44,3
2.9927363s,1.2474646s,6.2425299s,1680,44,3
2.693926s,1.3345529s,6.5413402s,1644,44,3
2.7015295s,1.1895385s,6.5440324s,1668,44,3
2.8404566s,1.39207s,0s,1756,44,3
2.8072083s,1.4994052s,6.4436435s,1660,44,3
2.4641426s,1.0891759s,9.5617523s,1608,44,3
2.607769s,1.0674996s,6.6474996s,1652,44,3
2.4859544s,1.3224535s,3.5271237s,1712,44,3
2.7706263s,1.4855096s,9.2597844s,1624,44,3
2.5700983s,1.4575761s,9.4603124s,1616,44,3
2.6601504s,1.4152207s,201.3427ms,1736,44,3
2.7638713s,1.4008831s,101.1144ms,1760,44,3
2.6680875s,1.4950653s,201.4854ms,1740,44,3
3.0161061s,1.4008155s,3.0197386s,1700,44,3
2.4731178s,1.1741526s,401.6702ms,1724,44,3
3.2421905s,1.423637s,6.0419458s,1676,44,3
2.9395078s,1.4865254s,6.3446285s,1664,44,3
2.7195876s,1.4391149s,3.3223582s,1692,44,3
2.8822207s,1.4662596s,0s,1748,44,3
3.0267021s,1.3958168s,3.0194068s,1716,44,3
2.4956119s,1.2196755s,9.5633138s,1604,44,3
2.7303472s,1.1535077s,3.3188152s,1684,44,3
2.9314924s,1.4189452s,3.11767s,1708,44,3
2.5889679s,1.3867064s,301.6631ms,1732,44,3
2.4501361s,1.2615218s,6.8473408s,1648,44,3
2.8361221s,1.4262059s,3.2191643s,1696,44,3
2.7539315s,1.097634s,6.5435454s,1672,44,3
2.6113267s,1.4599473s,9.459989s,1620,44,3
2.5064192s,1.1889949s,9.5648965s,1628,44,3
2.8962804s,1.0148363s,0s,1752,44,3
2.8454775s,1.4655892s,3.2185793s,1720,44,3
2.8030451s,1.3013886s,100.8585ms,1744,44,3
2.7509436s,1.1127987s,3.3178344s,1688,44,3
2.6322456s,1.1861677s,9.4617507s,1632,44,3
3.1638882s,1.4745552s,2.9184687s,1704,44,3
3.1359983s,1.467993s,0s,1728,45,3
3.0755359s,1.1010085s,1.1091306s,1758,45,1
2.3074521s,1.1001176s,10.8746397s,1634,45,1
2.5504638s,1.2393672s,4.7362119s,1714,45,1
2.7074279s,1.2370698s,10.4746639s,1622,45,1
2.6111986s,1.3263558s,10.5725824s,1626,45,1
2.4156187s,1.1780212s,7.9529684s,1678,45,1
2.5612615s,1.2617223s,4.7360661s,1682,45,1
2.8241566s,1.4618989s,10.3685871s,1610,45,1
2.5272724s,1.2734301s,10.6684834s,1606,45,1
2.2739566s,1.0450157s,5.0342476s,1710,45,1
2.533234s,1.0085307s,7.8510113s,1650,45,1
2.6405983s,1.2159436s,7.7502159s,1670,45,1
2.4387346s,1.0575399s,7.9520796s,1658,45,1
2.593427s,1.4688822s,4.7296481s,1698,45,1
2.5420395s,1.0425555s,7.853146s,1674,45,1
3.1020092s,1.3811699s,4.2268385s,1718,45,1
2.6207288s,1.1037185s,1.6088856s,1722,45,1
2.925183s,1.1384473s,1.309444s,1750,45,1
2.925183s,1.4047106s,1.309444s,1746,45,1
2.756684s,1.0678083s,7.6539604s,1642,45,1
2.4261771s,1.0405038s,1.8111986s,1730,45,1
2.2032994s,1.0426874s,5.1360855s,1706,45,1
2.6639907s,1.2741559s,10.5708103s,1618,45,1
2.7707628s,1.3244578s,10.4661319s,1638,45,1
2.8157775s,1.3936632s,4.5298515s,1702,45,1
3.0712595s,1.3019922s,7.3488229s,1646,45,1
2.7715585s,1.3325081s,10.4726805s,1630,45,1
2.3649945s,1.0510901s,8.0550879s,1654,45,1
2.424718s,1.3768888s,4.9277594s,1694,45,1
2.9466029s,1.4572368s,1.3086696s,1734,45,1
2.6473331s,1.340037s,1.610921s,1754,45,1
2.4918702s,1.4206516s,10.7671859s,1614,45,1
2.5912997s,1.2755266s,10.6677564s,1602,45,1
2.9843864s,1.2344997s,7.4505131s,1662,45,1
2.7587004s,1.3769034s,1.5102402s,1742,45,1
2.9608377s,1.3004775s,1.3081029s,1738,45,1
2.2452437s,1.1591776s,5.1335223s,1690,45,1
2.2452437s,1.0415028s,5.1335223s,1686,45,1
2.5983021s,1.2831344s,7.8517234s,1666,45,1
2.36347s,1.1460187s,1.9132868s,1726,45,1
2.6192469s,1.4515137s,8.3582581s,1679,45,2
2.2965627s,1.0850824s,11.5807677s,1619,45,2
2.595617s,1.3945256s,11.2817134s,1635,45,2
3.0208984s,1.4499321s,7.9566066s,1651,45,2
2.8998254s,1.3629669s,10.9783551s,1631,45,2
2.7216922s,1.0651326s,8.2573676s,1667,45,2
3.1296085s,1.4421274s,4.8333948s,1683,45,2
2.4107379s,1.0867303s,11.476809s,1627,45,2
2.6306468s,1.129509s,5.3361763s,1711,45,2
2.6142574s,1.324643s,11.2732895s,1623,45,2
2.476773s,1.0204524s,2.3165363s,1723,45,2
2.5789809s,1.1628447s,2.2170231s,1727,45,2
2.589533s,1.2500514s,2.2160672s,1743,45,2
2.440805s,1.0305541s,5.538309s,1691,45,2
2.7303252s,1.3551891s,11.1732814s,1607,45,2
2.2971993s,1.0912284s,2.5163991s,1755,45,2
2.7017586s,1.4541758s,2.1143098s,1739,45,2
2.4597749s,1.1524711s,8.554293s,1671,45,2
2.751807s,1.3847657s,11.1641016s,1603,45,2
2.5515221s,1.1241091s,11.3673485s,1615,45,2
2.4649632s,1.1266811s,8.554082s,1647,45,2
2.2638772s,1.1662877s,5.7342696s,1695,45,2
3.1735138s,1.3381131s,4.8273621s,1719,45,2
2.7693479s,1.319651s,5.231528s,1703,45,2
2.6279862s,1.1441673s,2.2138502s,1759,45,2
2.7277739s,1.1844782s,2.1140625s,1747,45,2
2.7818998s,1.185082s,5.2367478s,1687,45,2
2.6824929s,1.481565s,8.3570531s,1675,45,2
2.7925775s,1.2834925s,5.2294319s,1699,45,2
2.3323796s,1.0437746s,2.516116s,1735,45,2
2.9933825s,1.2202926s,5.0286269s,1707,45,2
2.4768879s,1.2857812s,11.4719857s,1611,45,2
2.5977246s,1.364711s,8.4558899s,1643,45,2
2.5986759s,1.0780287s,8.4549386s,1659,45,2
2.3819711s,1.1151476s,11.5714688s,1639,45,2
2.8476265s,1.1594348s,2.0115758s,1731,45,2
2.7045385s,1.0674458s,8.3564052s,1663,45,2
3.1084316s,1.4906956s,4.9316137s,1715,45,2
2.9591718s,1.3840278s,1.9130715s,1751,45,2
2.6091924s,1.4594988s,8.4602038s,1655,45,2
2.1548709s,1.0292279s,0s,1763,45,2
2.1970673s,1.0363729s,0s,1779,45,2
2.3020212s,1.1911965s,0s,1791,45,2
2.8844674s,1.2857409s,5.43594s,1705,45,0
2.4800593s,1.2511184s,5.8403481s,1689,45,0
2.9897789s,1.2379994s,5.3332595s,1697,45,0
3.0195406s,1.4338543s,2.3137189s,1741,45,0
3.0233736s,1.4399008s,2.3147408s,1733,45,0
2.5292121s,1.1512434s,8.8585367s,1649,45,0
2.6408462s,1.0498037s,8.7561187s,1677,45,0
2.4360907s,1.2235879s,2.9162673s,1725,45,0
3.1391011s,1.4867403s,2.2128608s,1729,45,0
2.8384405s,1.3994588s,2.5139175s,1737,45,0
2.9151304s,1.4664225s,5.4300663s,1709,45,0
2.5117689s,1.240292s,5.8334278s,1693,45,0
2.7391668s,1.4296118s,2.6185505s,1749,45,0
2.8531857s,1.3332604s,8.555955s,1665,45,0
3.0570293s,1.4147925s,8.3521114s,1653,45,0
2.3557756s,1.0578097s,9.0604292s,1645,45,0
2.556867s,1.3962669s,8.8593378s,1641,45,0
2.4292677s,1.0650166s,5.9336087s,1685,45,0
2.7255336s,1.312571s,5.6373428s,1701,45,0
2.4292677s,1.0650166s,5.9336087s,1681,45,0
2.76524s,1.02734s,2.6158139s,1745,45,0
2.6728911s,1.4175466s,8.7576482s,1669,45,0
2.3713729s,1.0518216s,9.0598417s,1673,45,0
2.5732447s,1.0771016s,8.8579699s,1661,45,0
2.5759426s,1.2555942s,2.8202801s,1721,45,0
2.4513464s,1.1077345s,5.9385048s,1717,45,0
2.9976603s,1.4884432s,2.4161106s,1753,45,0
2.3012362s,1.240656s,9.1644636s,1657,45,0
2.7778744s,1.1733956s,5.6332688s,1713,45,0
2.7034437s,1.092489s,2.7179206s,1757,45,0
2.3992114s,1.2136816s,0s,1793,45,0
2.5414162s,1.4607088s,0s,1769,45,0
2.6041127s,1.0328492s,0s,1785,45,0
2.6358286s,1.1659404s,0s,1777,45,0
2.6684141s,1.1433141s,0s,1773,45,0
2.830602s,1.0564399s,8.5596626s,1768,48,3
2.8320918s,1.2858629s,5.6373426s,1840,48,3
2.4273946s,1.1674675s,6.0420398s,1808,48,3
2.3367123s,1.2225712s,9.0600936s,1764,48,3
2.8413491s,1.4375683s,8.5554568s,1796,48,3
3.1519591s,1.2952552s,5.3346476s,1820,48,3
2.5114546s,1.319018s,2.823193s,1868,48,3
2.564899s,1.3125432s,8.8533568s,1788,48,3
2.7287402s,1.3016875s,2.6167263s,1860,48,3
3.0677952s,1.3122655s,5.4386704s,1832,48,3
2.5677228s,1.2658388s,5.9387428s,1816,48,3
2.2634752s,1.0881643s,6.2429904s,1812,48,3
2.642682s,1.4964023s,2.7179394s,1848,48,3
2.5758169s,1.0164945s,8.8575938s,1772,48,3
2.6734096s,1.3381494s,5.8391709s,1836,48,3
2.5865057s,1.2360609s,8.8544211s,1792,48,3
2.4915002s,1.3888571s,8.9536198s,1800,48,3
2.9625717s,1.3706814s,2.4140461s,1844,48,3
2.4588174s,1.0325316s,2.9178004s,1872,48,3
2.7605153s,1.1308456s,2.6161025s,1856,48,3
2.597165s,1.1630066s,8.8550019s,1780,48,3
2.597165s,1.1197001s,8.8550019s,1776,48,3
3.068959s,1.4831924s,2.3128903s,1876,48,3
2.8009916s,1.3381494s,5.7370995s,1824,48,3
2.9071853s,1.464714s,5.6356928s,1828,48,3
2.6755398s,1.4194837s,2.7177241s,1864,48,3
2.811048s,1.2466383s,5.7365715s,1804,48,3
2.5791067s,1.4232936s,2.8246636s,1852,48,3
2.4833089s,1.015097s,2.9204614s,1880,48,3
2.9208302s,1.2542142s,8.5614986s,1784,48,3
2.4201203s,1.1174713s,0s,1920,48,3
2.5369924s,1.4830924s,0s,1904,48,3
2.5797764s,1.3311561s,0s,1908,48,3
2.5797764s,1.4515459s,0s,1912,48,3
2.8707034s,1.2534544s,5.3345287s,1871,49,2
3.0229238s,1.2428185s,2.3132543s,1883,49,2
2.7250234s,1.3923737s,2.6175378s,1911,49,2
2.3783694s,1.1048178s,5.8348952s,1875,49,2
2.0748714s,1.0333376s,6.1383932s,1851,49,2
2.9158548s,1.3892875s,11.0764782s,1787,49,2
2.4842692s,1.0555875s,5.741655s,1855,49,2
2.7284784s,1.3141002s,8.35445s,1831,49,2
2.8418132s,1.4678811s,2.5160715s,1907,49,2
2.1960914s,1.0723395s,6.0357458s,1867,49,2
2.1960914s,1.077464s,6.0357458s,1843,49,2
2.7459076s,1.3115566s,2.6152262s,1919,49,2
2.6290758s,1.1178459s,8.4597656s,1823,49,2
2.8371964s,1.1377697s,11.1674998s,1771,49,2
2.5058229s,1.1748564s,5.7337935s,1859,49,2
2.6415527s,1.1736538s,8.4550679s,1819,49,2
2.4379055s,1.4172988s,8.6587151s,1815,49,2
2.4499694s,1.1463406s,11.573186s,1775,49,2
2.7100146s,1.2813712s,5.5402818s,1847,49,2
2.7546743s,1.2638655s,8.3526263s,1807,49,2
2.7546743s,1.3185635s,8.3526263s,1827,49,2
2.4610674s,1.0782165s,2.9185256s,1915,49,2
2.4610674s,1.3385217s,2.9185256s,1895,49,2
2.8570042s,1.0459291s,8.2607597s,1835,49,2
2.2677576s,1.0618778s,3.1222987s,1903,49,2
2.8282159s,1.2213063s,5.4349764s,1879,49,2
2.6640448s,1.0510482s,11.3720065s,1799,49,2
2.5384165s,1.4145918s,5.737338s,1863,49,2
2.5785433s,1.0777521s,8.5565518s,1811,49,2
2.3786001s,1.11271s,8.756495s,1839,49,2
3.0017291s,1.4995312s,2.4173516s,1887,49,2
2.5979785s,1.4078014s,2.8211022s,1899,49,2
2.9053636s,1.4694976s,2.518953s,1891,49,2
2.6001848s,1.0790475s,11.4694492s,1783,49,2
2.9018871s,1.1034573s,11.1677469s,1767,49,2
2.5004727s,1.2855456s,8.6533065s,1803,49,2
2.6001848s,1.1147663s,11.4694492s,1795,49,2
2.3577885s,1.0293774s,8.7603454s,1802,49,1
2.5619388s,1.130301s,5.3363936s,1850,49,1
2.6633044s,1.1675745s,8.4548295s,1822,49,1
2.6650816s,1.3100934s,0s,1947,49,2
2.4725253s,1.0544538s,5.4360157s,1866,49,1
2.569128s,1.1306863s,8.5592145s,1810,49,1
2.3720478s,1.3168787s,2.4168222s,1910,49,1
2.7774837s,1.3692276s,8.3517628s,1818,49,1
2.2508164s,1.0658004s,11.6732436s,1762,49,1
2.675909s,1.0189048s,8.4533375s,1806,49,1
2.457228s,1.2468199s,11.4736921s,1790,49,1
2.7625475s,1.3734038s,11.1683726s,1778,49,1
2.5883233s,1.1982981s,5.3367769s,1870,49,1
2.788842s,1.097374s,5.1362582s,1878,49,1
2.7674609s,1.3744922s,11.1722543s,1774,49,1
2.6681036s,1.4873115s,11.2716116s,1770,49,1
2.6874947s,1.2725839s,0s,1935,49,2
2.6036025s,1.0931681s,2.2136289s,1918,49,1
2.3997897s,1.3022218s,8.7572392s,1826,49,1
2.4021931s,1.0429094s,2.4150383s,1886,49,1
2.2026564s,1.0127207s,8.9543725s,1814,49,1
3.119996s,1.4559014s,4.8275133s,1842,49,1
2.7179361s,1.3977187s,5.2295732s,1846,49,1
2.4130268s,1.1012804s,2.4144865s,1914,49,1
3.2198015s,1.4581024s,7.9475093s,1830,49,1
2.7948135s,1.4966091s,11.1673108s,1782,49,1
2.7251417s,1.3743867s,5.2287935s,1854,49,1
2.7205072s,1.3736518s,2.113432s,1902,49,1
3.0274251s,1.4181458s,4.9268682s,1862,49,1
2.717789s,1.4931141s,0s,1939,49,2
2.8242774s,1.4914374s,2.0126678s,1894,49,1
2.4243168s,1.0412249s,2.4137781s,1890,49,1
2.5007567s,1.0052709s,11.4753327s,1794,49,1
2.9342512s,1.4609757s,1.912941s,1882,49,1
2.6065621s,1.2856584s,11.3752411s,1766,49,1
2.837642s,1.4545563s,2.014235s,1906,49,1
2.5395971s,1.2433893s,2.3136701s,1898,49,1
2.6411259s,1.1250932s,5.3321373s,1874,49,1
2.3444476s,1.1876997s,5.6361361s,1858,49,1
2.4422243s,1.1547742s,8.7581609s,1834,49,1
2.2533136s,1.1268594s,8.9530655s,1838,49,1
2.6302457s,1.2063371s,11.3709469s,1786,49,1
2.2295134s,1.0237851s,11.7719805s,1798,49,1
2.7490697s,1.2404047s,0s,1943,49,2
2.7601501s,1.0756023s,0s,1931,49,2
2.1152068s,1.0514026s,0s,1930,49,1
2.1784962s,1.0502288s,0s,1946,49,1
2.8183715s,1.3963813s,12.6832403s,1761,50,0
2.6484597s,1.2524246s,3.7225353s,1913,50,0
2.6716878s,1.3590386s,6.7450154s,1865,50,0
3.1346265s,1.2325368s,100.5071ms,1933,50,0
2.5518563s,1.2361715s,3.8234287s,1901,50,0
2.7400768s,1.1845826s,9.7605687s,1833,50,0
2.9552355s,1.1634077s,9.5587139s,1829,50,0
2.8396587s,1.2765785s,12.680871s,1797,50,0
2.3486773s,1.0830519s,10.1652721s,1825,50,0
2.3951265s,1.062123s,7.0401777s,1877,50,0
2.5499638s,1.333727s,704.477ms,1953,50,0
2.4634095s,1.1369023s,10.0603095s,1805,50,0
2.6650881s,1.4610946s,9.8586309s,1813,50,0
2.802619s,1.2904586s,6.6414477s,1853,50,0
2.6808675s,1.3091047s,3.7214425s,1881,50,0
2.6808675s,1.3903104s,3.7214425s,1897,50,0
2.4656776s,1.4275342s,805.5502ms,1957,50,0
2.7130719s,1.2607558s,6.742154s,1841,50,0
3.0796523s,1.3786894s,9.4638647s,1817,50,0
2.7235708s,1.2735755s,6.7402939s,1873,50,0
2.9027477s,1.3016812s,3.5229145s,1909,50,0
2.1794179s,1.1025152s,1.1085792s,1941,50,0
2.7341425s,1.165608s,6.7397184s,1869,50,0
2.5068391s,1.1275749s,3.9213136s,1917,50,0
2.687468s,1.1206379s,603.0196ms,1929,50,0
2.2934122s,1.1664665s,10.2650506s,1837,50,0
2.6341434s,1.1067343s,6.8446671s,1845,50,0
2.2962602s,1.0418277s,1.0055096s,1949,50,0
2.7059093s,1.13546s,9.863768s,1801,50,0
2.8177909s,1.2091669s,3.6265259s,1905,50,0
3.0457082s,1.350251s,6.4443168s,1857,50,0
2.4027162s,1.0694881s,905.7023ms,1937,50,0
2.9538478s,1.4218206s,6.544657s,1849,50,0
2.9131169s,1.0595724s,402.0146ms,1925,50,0
2.7007384s,1.2289713s,12.883999s,1765,50,0
2.8151558s,1.3412397s,503.002ms,1945,50,0
2.8078662s,1.4862849s,12.7798975s,1789,50,0
2.4590961s,1.0297668s,7.042435s,1861,50,0
2.4203396s,1.1966037s,10.1608438s,1809,50,0
3.0065803s,1.4056743s,12.5811834s,1781,50,0
3.1376651s,1.4982005s,3.3231746s,1885,50,0
2.9220284s,1.3708104s,401.7471ms,1921,50,0
2.8260703s,1.4179196s,9.7607308s,1821,50,0
2.3383732s,1.0590997s,4.1254234s,1893,50,0
2.3383732s,1.1466487s,4.1254234s,1889,50,0
3.0163182s,1.4342991s,12.5827905s,1884,53,3
2.6883874s,1.485415s,6.6461812s,1992,53,3
2.4286534s,1.2076806s,705.0184ms,2048,53,3
2.5315371s,1.2834393s,603.1596ms,2076,53,3
2.7962087s,1.2140111s,3.4247355s,2036,53,3
2.7159797s,1.4961995s,9.7638643s,1924,53,3
3.1329539s,1.4528317s,12.479844s,1896,53,3
3.0407202s,1.3445274s,100.6662ms,2044,53,3
2.5094s,1.3033572s,6.8421463s,1980,53,3
3.0073835s,1.2555081s,6.3441628s,1972,53,3
2.7126545s,1.2907185s,3.5229873s,2040,53,3
3.0178202s,1.1931783s,6.3479585s,2000,53,3
3.1235579s,1.2490338s,6.2422208s,1988,53,3
3.1315862s,1.3750977s,9.3680551s,1944,53,3
2.3199073s,1.2226754s,3.9245899s,2012,53,3
2.2407599s,1.0653554s,10.2660136s,1932,53,3
2.9321359s,1.1552173s,6.4430514s,1968,53,3
2.5305947s,1.2992402s,6.8445926s,1964,53,3
2.5661079s,1.4708862s,603.4772ms,2060,53,3
2.9473155s,1.2074527s,9.5647995s,1936,53,3
2.7435043s,1.1953909s,3.5192676s,2004,53,3
2.4442877s,1.0597281s,6.9440339s,1984,53,3
2.8561789s,1.0179906s,9.6637289s,1952,53,3
2.4813522s,1.3236351s,705.0316ms,2080,53,3
2.6470143s,1.0941267s,3.6252257s,2016,53,3
2.9738313s,1.3138468s,12.6865067s,1900,53,3
2.7729263s,1.0740008s,12.8874117s,1892,53,3
2.3836917s,1.032701s,805.6579ms,2056,53,3
2.2538001s,1.0642077s,7.1473909s,1976,53,3
2.6905923s,1.308783s,503.7273ms,2072,53,3
2.366038s,1.2934841s,10.1667392s,1948,53,3
2.5535814s,1.2455811s,3.7240517s,2032,53,3
2.8894121s,1.3437224s,12.7839173s,1916,53,3
2.3690032s,1.1566944s,10.1713723s,1956,53,3
2.3694518s,1.0699467s,7.0430833s,1996,53,3
3.0852685s,1.3797628s,9.4588528s,1940,53,3
2.1774054s,1.0086507s,10.3667159s,1960,53,3
2.5023388s,1.1752561s,704.3048ms,2064,53,3
2.2023304s,1.0609483s,1.0054843s,2052,53,3
2.3728509s,1.0032939s,3.9267407s,2024,53,3
2.2749545s,1.0091218s,4.0246371s,2028,53,3
2.4802064s,1.0978149s,3.8230422s,2008,53,3
3.0833135s,1.4905145s,3.2199351s,2020,53,3
2.9217223s,1.1397477s,301.6269ms,2068,53,3
2.9088826s,1.2497705s,12.7858781s,1888,53,3
2.2936799s,1.0461999s,10.2681269s,1928,53,3
2.5934206s,1.3867611s,9.0656085s,1963,53,2
3.0254677s,1.4364799s,11.8813918s,1923,53,2
2.4088944s,1.1396566s,6.3392547s,2011,53,2
3.1106484s,1.3946153s,5.6401446s,2035,53,2
2.2998247s,1.0531852s,9.3627782s,1979,53,2
2.1095876s,1.0652183s,6.6412054s,2039,53,2
2.6240353s,1.3145389s,3.0182138s,2051,53,2
2.6193575s,1.4210642s,6.1379227s,2007,53,2
2.9118099s,1.4278445s,8.7572802s,1983,53,2
2.3936714s,1.0320404s,200.9606ms,2107,53,2
2.3936714s,1.3468565s,200.9606ms,2083,53,2
2.2172518s,1.0795455s,6.5459846s,2003,53,2
3.2478304s,1.3849052s,11.6773974s,1959,53,2
2.3367761s,1.2189044s,3.318163s,2063,53,2
2.3071396s,1.0744913s,301.6304ms,2091,53,2
3.030754s,1.3338199s,5.7419974s,2023,53,2
2.5274378s,1.2121525s,9.1571235s,1967,53,2
2.4298085s,1.328727s,9.2600453s,1991,53,2
2.7320454s,1.1324973s,8.9578084s,1975,53,2
2.7358129s,1.4935546s,6.042231s,2019,53,2
2.8562304s,1.3836928s,12.0814538s,1927,53,2
3.053333s,1.4287928s,2.6140625s,2059,53,2
2.6175958s,1.0344965s,0s,2099,53,2
2.6510378s,1.1718001s,6.1409244s,2027,53,2
2.6674988s,1.0926184s,3.0176673s,2071,53,2
2.9681978s,1.4767301s,2.7169683s,2043,53,2
2.5503431s,1.4400338s,9.1607375s,1987,53,2
2.5438925s,1.2879546s,100.8827ms,2095,53,2
2.581469s,1.2886936s,3.1190727s,2079,53,2
3.1001127s,1.3880191s,11.8787997s,1955,53,2
2.8935886s,1.1705766s,2.8150351s,2047,53,2
2.6770575s,1.2182149s,9.0540245s,1971,53,2
2.4863992s,1.0926184s,3.2222245s,2055,53,2
2.8987867s,1.318466s,12.0837857s,1951,53,2
2.8878902s,1.4766601s,5.9385674s,2015,53,2
2.2939128s,1.0374313s,3.4218964s,2075,53,2
2.5813288s,1.3369166s,9.1569387s,1999,53,2
3.0002343s,1.4759925s,2.7155749s,2067,53,2
2.4962077s,1.3278309s,6.3374585s,2031,53,2
2.6894966s,1.0735872s,9.0609955s,1995,53,2
2.6754935s,1.4412341s,0s,2115,53,2
2.6907088s,1.127727s,0s,2103,53,2
2.7110987s,1.4451264s,0s,2087,53,2
2.7385067s,1.1020112s,0s,2111,53,2
2.8082392s,1.2879546s,0s,2119,54,2
2.4684727s,1.073461s,402.3997ms,2090,53,1
2.887633s,1.2434644s,9.1591978s,1970,53,1
2.7842649s,1.1847212s,3.2189518s,2050,53,1
2.8829356s,1.4906381s,3.1202811s,2078,53,1
2.5804934s,1.2135954s,3.4227233s,2046,53,1
2.6653781s,1.3560349s,12.4792589s,1934,53,1
2.276932s,1.1911986s,602.5817ms,2098,53,1
2.5596004s,1.4277408s,12.5850366s,1958,53,1
2.6898725s,1.2006338s,201.6854ms,2094,53,1
2.6898725s,1.4670292s,201.6854ms,2114,53,1
2.4956165s,1.3160817s,3.5258958s,2066,53,1
3.1030101s,1.4760688s,2.9188969s,2054,53,1
2.6845654s,1.4895877s,12.4782668s,1938,53,1
2.8127971s,1.39384s,9.2583057s,1962,53,1
2.2468387s,1.1670577s,6.8417903s,2014,53,1
2.5203902s,1.184996s,9.5588236s,1986,53,1
3.0917294s,1.3664568s,12.0792138s,1950,53,1
2.8072513s,1.4363703s,100.1977ms,2086,53,1
3.0623109s,1.455602s,6.0386932s,2034,53,1
2.7197427s,1.1750709s,3.3189505s,2058,53,1
2.9005457s,1.4428239s,12.2765918s,1942,53,1
2.7616514s,1.4966331s,6.3439535s,2026,53,1
2.97164s,1.4395631s,6.1374708s,2038,53,1
3.1262843s,1.4461658s,2.9201209s,2074,53,1
2.4015492s,1.0932299s,12.783695s,1926,53,1
2.9290937s,1.4616957s,0s,2118,53,1
2.6266936s,1.0186317s,302.4001ms,2102,53,1
2.4355568s,1.0007398s,9.6697213s,1990,53,1
2.8806411s,1.4746973s,6.240233s,2010,53,1
2.7386694s,1.3612925s,9.3666087s,1998,53,1
2.687216s,1.488812s,6.4414628s,2006,53,1
2.643576s,1.3315541s,3.4223972s,2070,53,1
2.4413163s,1.0783718s,502.9112ms,2110,53,1
2.3891627s,1.3398459s,6.7440547s,2022,53,1
2.5270015s,1.3914097s,12.6860605s,1922,53,1
2.655384s,1.3233774s,9.4659486s,1966,53,1
2.6659288s,1.4510328s,9.4600341s,1974,53,1
2.9008841s,1.403949s,6.2406748s,2018,53,1
2.7105116s,1.1987946s,6.4431909s,2030,53,1
2.4782006s,1.1364993s,9.6599059s,1982,53,1
2.5481906s,1.2726739s,12.6816453s,1954,53,1
2.6137524s,1.2216311s,6.5399501s,2002,53,1
2.7632319s,1.1515652s,201.4807ms,2082,53,1
2.984404s,1.3481546s,9.1537025s,1978,53,1
2.7735279s,1.2431114s,3.3178637s,2062,53,1
2.7735279s,1.1465431s,3.3178637s,2042,53,1
2.2747972s,1.0201584s,9.8640695s,1994,53,1
2.9835558s,1.2247941s,0s,2106,54,1
3.0599809s,1.4413289s,6.3438869s,2033,54,0
2.5619008s,1.0955862s,6.8439461s,2021,54,0
2.8307774s,1.0987557s,3.520455s,2069,54,0
2.6450796s,1.3973377s,9.8663496s,1977,54,0
2.551837s,1.0884214s,9.9675346s,1965,54,0
2.6555875s,1.2821286s,9.8658919s,1969,54,0
2.2349418s,1.1050464s,4.1263408s,2045,54,0
2.6555875s,1.456461s,9.8658919s,1993,54,0
2.2778168s,1.0916518s,7.1465607s,2009,54,0
2.9476598s,1.2188007s,3.4225363s,2061,54,0
2.8867599s,1.4945475s,6.5434171s,2005,54,0
2.891107s,1.2451064s,301.8479ms,2117,54,0
2.4872418s,1.184834s,6.9478861s,2001,54,0
3.0001601s,1.3751774s,6.4389315s,2029,54,0
2.7961349s,1.1905185s,402.2346ms,2105,54,0
2.6600241s,1.1947979s,3.7243824s,2041,54,0
3.0793273s,1.2868469s,9.4670933s,1973,54,0
2.8048709s,1.0393005s,402.9922ms,2085,54,0
2.8871643s,1.181918s,9.6664734s,1989,54,0
2.7911535s,1.4157702s,9.7624842s,1961,54,0
3.1821921s,1.4399549s,3.2213006s,2065,54,0
3.1002159s,1.2381953s,9.4634736s,1981,54,0
2.2777704s,1.1244152s,4.1257223s,2057,54,0
2.623499s,1.3150406s,603.9375ms,2081,54,0
2.8127267s,1.1722206s,9.7639174s,1985,54,0
2.6923887s,1.0191051s,3.7240586s,2049,54,0
2.8341871s,1.482871s,402.4437ms,2109,54,0
2.6341765s,1.3581795s,603.0883ms,2097,54,0
2.9414318s,1.2286223s,6.5410174s,2013,54,0
3.0002591s,1.2988982s,3.4222092s,2073,54,0
2.133126s,1.0693132s,1.1071502s,2113,54,0
2.6415008s,1.3030496s,6.8433465s,2017,54,0
3.0432903s,1.4325578s,6.441557s,2037,54,0
3.106322s,1.4567623s,3.3191658s,2053,54,0
2.3285651s,1.1499192s,10.2639824s,1997,54,0
2.7523727s,1.3946809s,6.7399589s,2025,54,0
2.6469905s,1.1364844s,603.1681ms,2093,54,0
2.749849s,1.2698998s,503.2731ms,2089,54,0
2.107587s,1.0103604s,4.3277272s,2077,54,0
2.4529045s,1.1124703s,804.3253ms,2101,54,0
2.8457303s,1.3795008s,3.4249879s,2196,56,3
2.6464681s,1.0323216s,3.6269588s,2188,56,3
2.528351s,1.2445179s,9.3635746s,2112,56,3
2.6339541s,1.4643671s,9.2651274s,2092,56,3
2.6434841s,1.4934134s,6.4441321s,2128,56,3
2.4431925s,1.3208006s,6.6453459s,2144,56,3
2.8666858s,1.4209111s,3.4238827s,2192,56,3
2.5722907s,1.4828134s,3.7223436s,2200,56,3
2.3569835s,1.0638372s,6.7487823s,2124,56,3
2.3677262s,1.1523583s,6.7440456s,2148,56,3
2.0793888s,1.0292857s,4.2278226s,2184,56,3
2.5738077s,1.3260802s,6.5392478s,2132,56,3
2.668484s,1.2866808s,403.1034ms,2208,56,3
2.5749322s,1.3319969s,504.7527ms,2204,56,3
2.9091295s,1.4529174s,3.4211331s,2172,56,3
2.3898908s,1.0735206s,704.4469ms,2216,56,3
2.592378s,1.1162965s,503.5567ms,2228,56,3
2.7928207s,1.3789742s,303.114ms,2240,56,3
2.1957492s,1.1221101s,6.9463907s,2140,56,3
2.5967927s,1.0748466s,9.3603127s,2108,56,3
2.5967927s,1.3346304s,9.3603127s,2100,56,3
2.6130915s,1.4700277s,3.7283102s,2164,56,3
2.8045604s,1.4597462s,6.3414017s,2156,56,3
2.8032323s,1.454863s,302.4105ms,2220,56,3
2.4998532s,1.1195318s,9.4672851s,2084,56,3
2.3001872s,1.0220904s,9.6669511s,2116,56,3
2.5068198s,1.10285s,9.4603185s,2104,56,3
3.0319601s,1.403641s,3.3191525s,2168,56,3
2.3243985s,1.1311583s,4.0267141s,2176,56,3
2.4054497s,1.0850363s,9.5616886s,2120,56,3
2.4111847s,1.3297461s,6.7444883s,2136,56,3
2.4082812s,1.060133s,703.7502ms,2212,56,3
2.8114653s,1.3482205s,9.1618396s,2096,56,3
2.7135229s,1.4076156s,403.4848ms,2224,56,3
2.4109561s,1.2032259s,706.0516ms,2232,56,3
2.7222569s,1.488736s,6.4428273s,2160,56,3
3.2402715s,1.4669793s,3.1202523s,2180,56,3
2.7183862s,1.3611497s,9.2605614s,2088,56,3
2.6267974s,1.2576685s,6.5406849s,2152,56,3
3.1693808s,1.4886968s,0s,2236,57,3
2.7487919s,1.0624545s,2.8194597s,2219,57,2
2.6465264s,1.4519496s,9.1608975s,2135,57,2
2.4931202s,1.1990293s,6.2427141s,2183,57,2
2.3548523s,1.0306826s,9.4661283s,2131,57,2
2.7696138s,1.3502631s,2.8163487s,2215,57,2
2.6733079s,1.0706401s,2.9160645s,2223,57,2
2.6733079s,1.4020913s,2.9160645s,2239,57,2
2.266295s,1.1231773s,9.563076s,2143,57,2
2.4656828s,1.2137126s,9.3636882s,2155,57,2
2.5737427s,1.4647992s,3.0206102s,2231,57,2
2.3087837s,1.0350394s,6.4425373s,2175,57,2
2.7848146s,1.0796567s,9.0561508s,2127,57,2
2.1752267s,1.0892829s,9.6657387s,2123,57,2
2.5893853s,1.4258226s,3.016562s,2235,57,2
3.0807786s,1.3106532s,8.7601868s,2159,57,2
2.8921196s,1.4069808s,8.9591114s,2147,57,2
2.4065948s,1.1040462s,3.2202574s,2211,57,2
2.7379056s,1.3894264s,6.0431861s,2163,57,2
2.5987031s,1.0857308s,9.264372s,2139,57,2
2.3967463s,1.0961609s,9.4663288s,2151,57,2
2.8453936s,1.271906s,5.9382937s,2179,57,2
2.7485804s,1.2729519s,6.0393545s,2191,57,2
3.1542395s,1.4293312s,5.63938s,2199,57,2
2.4471056s,1.3073091s,6.3465139s,2187,57,2
2.6207364s,1.3713317s,3.0186436s,2227,57,2
2.6322644s,1.4140063s,3.0183357s,2203,57,2
2.9736378s,1.3758504s,5.8397359s,2195,57,2
2.6731885s,1.4789504s,6.1401852s,2171,57,2
2.5760395s,1.1856269s,6.2438545s,2167,57,2
2.4183681s,1.3779176s,101.0874ms,2243,57,2
3.146199s,1.4427361s,2.5194555s,2207,57,2
2.6077276s,1.1685714s,0s,2267,57,2
2.6077276s,1.1655094s,0s,2263,57,2
2.6852096s,1.4247709s,0s,2259,57,2
2.7018504s,1.2913434s,0s,2251,57,2
2.7651415s,1.3507631s,0s,2279,57,2
2.7651415s,1.4569446s,0s,2275,57,2
2.8918321s,1.2457087s,0s,2247,57,2
2.7260435s,1.2207013s,6.8461986s,2173,58,0
2.8101409s,1.3511714s,9.7653783s,2141,58,0
2.2388448s,1.0072465s,4.32719s,2225,58,0
2.9419874s,1.4135958s,3.6240474s,2233,58,0
2.6403517s,1.2708409s,3.5245697s,2238,58,1
2.4130621s,1.2064918s,10.1751338s,2133,58,0
2.8866652s,1.196663s,9.767346s,2158,58,1
2.681398s,1.4951909s,9.97294s,2150,58,1
2.5351671s,1.2964721s,7.0511347s,2197,58,0
2.681398s,1.4838959s,9.97294s,2122,58,1
2.9279253s,1.3506546s,9.6646411s,2149,58,0
2.5668326s,1.1860741s,906.1439ms,2273,58,0
2.5519857s,1.2128516s,3.6236546s,2230,58,1
2.6004355s,1.04074s,703.5364ms,2270,58,1
2.8012042s,1.1664465s,502.7677ms,2242,58,1
2.7993881s,1.3299221s,9.8609864s,2134,58,1
2.3001279s,1.114299s,1.0065049s,2262,58,1
2.7179835s,1.2540497s,6.7416565s,2162,58,1
2.1556627s,1.0205437s,4.4285382s,2229,58,0
2.8613821s,1.4798355s,3.3216565s,2218,58,1
3.0236717s,1.4500637s,6.4431894s,2190,58,1
2.2617057s,1.1270391s,3.9257413s,2210,58,1
2.702436s,1.3962642s,9.9697452s,2142,58,1
2.6366207s,1.3088131s,9.9697452s,2137,58,0
2.7818822s,1.4317825s,704.8938ms,2257,58,0
3.2053201s,1.4675626s,9.4668611s,2130,58,1
2.7442329s,1.0772552s,9.8634519s,2121,58,0
2.2571449s,1.1584813s,7.3486458s,2161,58,0
2.8238197s,1.4976386s,6.6443603s,2174,58,1
2.7853087s,1.1277103s,703.8997ms,2261,58,0
2.7853087s,1.2973658s,703.8997ms,2277,58,0
2.8716684s,1.4595313s,3.3208794s,2234,58,1
2.8276842s,1.0476767s,6.6442777s,2198,58,1
2.2717595s,1.0815926s,4.3247633s,2237,58,0
2.5709724s,1.4671686s,3.6215754s,2202,58,1
2.5622087s,1.205102s,7.0478459s,2177,58,0
2.6473634s,1.1744943s,9.9645853s,2129,58,0
2.4168579s,1.0895456s,904.5035ms,2266,58,1
2.4226733s,1.0572816s,7.0497706s,2182,58,1
3.0913181s,1.4354281s,402.2213ms,2241,58,0
2.6314637s,1.3189613s,6.8421608s,2170,58,1
2.5175571s,1.3370075s,804.9849ms,2246,58,1
2.8263631s,1.3809475s,502.1428ms,2258,58,1
2.9759238s,1.411032s,6.6427189s,2185,58,0
2.4796942s,1.3194293s,4.1258987s,2221,58,0
2.6868134s,1.1636985s,3.9244023s,2205,58,0
2.9828331s,1.3899397s,6.6414324s,2165,58,0
2.6902599s,1.4510241s,3.5208286s,2214,58,1
2.401939s,1.0757645s,1.1084785s,2265,58,0
2.9414681s,1.1690895s,401.8835ms,2274,58,1
2.7354596s,1.22385s,9.9654362s,2126,58,1
2.8437761s,1.3246402s,503.1356ms,2250,58,1
2.5460655s,1.0667459s,803.1283ms,2254,58,1
2.4007035s,1.1009093s,4.2269676s,2217,58,0
3.104646s,1.332238s,3.5230251s,2209,58,0
3.0060486s,1.2422831s,3.6237241s,2201,58,0
2.7074302s,1.0847405s,3.924113s,2213,58,0
2.7456431s,1.2916319s,9.9666593s,2138,58,1
2.3034956s,1.0367791s,7.3476314s,2193,58,0
2.2690913s,1.0262515s,7.244425s,2166,58,1
2.6908219s,1.3990178s,9.9621992s,2125,58,0
2.2845707s,1.2614907s,10.3684504s,2153,58,0
3.0130498s,1.4795344s,6.6380772s,2169,58,0
2.8151369s,1.4110044s,3.4189653s,2206,58,1
2.4883272s,1.0227049s,10.1646939s,2145,58,0
2.3138314s,1.1444452s,3.9202708s,2222,58,1
3.2794141s,1.4571071s,6.2341022s,2186,58,1
2.7318614s,1.0356479s,804.9826ms,2269,58,0
2.7159545s,1.4247906s,6.9423677s,2181,58,0
2.7159545s,1.21269s,6.9423677s,2189,58,0
2.6365507s,1.1602054s,904.6871ms,2245,58,0
3.0018941s,1.4105656s,9.6632495s,2157,58,0
2.6236608s,1.4886794s,3.6225639s,2226,58,1
2.6417999s,1.4220255s,906.674ms,2249,58,0
2.4660652s,1.1768177s,10.2683807s,2154,58,1
2.8774882s,1.2634056s,502.9822ms,2278,58,1
2.8485636s,1.3205174s,704.0778ms,2253,58,0
2.5884328s,1.3610567s,6.9463925s,2194,58,1
3.0785221s,1.3513357s,9.6661351s,2146,58,1
2.8966804s,1.3423519s,6.6426567s,2178,58,1
2.6322111s,1.3158455s,8.6552125s,2244,60,3
3.1361575s,1.4996524s,8.1512661s,2272,60,3
2.621285s,1.1871604s,5.5357303s,2292,60,3
2.2174524s,1.0440329s,5.9395629s,2284,60,3
3.1432174s,1.4167075s,2.0141738s,2336,60,3
2.3407935s,1.0336953s,2.8165977s,2324,60,3
2.6407499s,1.3794106s,2.5166413s,2356,60,3
2.4609151s,1.0411853s,2.7203006s,2344,60,3
2.5637347s,1.4488809s,2.617481s,2328,60,3
2.7504682s,1.4086105s,5.4404095s,2308,60,3
2.7698509s,1.3670068s,8.5608342s,2264,60,3
2.3556733s,1.3211228s,5.8388543s,2304,60,3
2.9595873s,1.3314584s,5.2349403s,2288,60,3
2.459016s,1.3798581s,5.7355116s,2300,60,3
2.3762259s,1.1779517s,2.8167258s,2340,60,3
2.7810025s,1.4651417s,2.4141313s,2360,60,3
2.5909441s,1.4436642s,8.7539526s,2280,60,3
2.6834125s,1.1934971s,8.6614842s,2252,60,3
2.790805s,1.4656928s,8.5540917s,2276,60,3
2.5683422s,1.0538686s,5.640397s,2312,60,3
2.5873594s,1.1827584s,8.7575373s,2248,60,3
2.6857698s,1.2362645s,5.5344021s,2296,60,3
2.7056943s,1.2857392s,2.5135882s,2352,60,3
2.5896562s,1.4993185s,5.6381877s,2316,60,3
2.7053058s,1.2801578s,8.6619879s,2256,60,3
2.7053058s,1.3741123s,8.6619879s,2260,60,3
3.0015759s,1.4556016s,5.2399666s,2320,60,3
2.1198789s,1.0045557s,3.1234951s,2348,60,3
2.5304171s,1.1753375s,2.716783s,2332,60,3
2.428675s,1.3545625s,8.9562585s,2268,60,3
2.3787166s,1.2194739s,0s,2392,60,3
2.3787166s,1.0048623s,0s,2364,60,3
2.4856336s,1.0927516s,0s,2368,60,3
2.3278384s,1.1896745s,2.4146356s,2395,61,2
2.364578s,1.0575394s,5.4344122s,2323,61,2
2.6486226s,1.4134412s,8.1588243s,2319,61,2
2.3499379s,1.2974659s,8.457509s,2287,61,2
2.6824414s,1.4611311s,5.1337949s,2347,61,2
2.7500005s,1.4185562s,2.0137342s,2375,61,2
2.8861851s,1.0841213s,4.9326223s,2343,61,2
2.3539442s,1.1626702s,2.4160189s,2391,61,2
2.6936814s,1.2310848s,5.1340064s,2351,61,2
2.2706943s,1.0334152s,8.5581195s,2283,61,2
2.9633449s,1.2757566s,1.8106597s,2387,61,2
3.0019351s,1.4010495s,4.8293433s,2327,61,2
2.7785952s,1.1956495s,8.0538092s,2291,61,2
2.5659855s,1.182696s,2.2137436s,2383,61,2
2.7708065s,1.176185s,2.0115125s,2371,61,2
2.7708065s,1.2647586s,2.0115125s,2363,61,2
2.5128348s,1.411497s,5.3325316s,2359,61,2
2.7142962s,1.258452s,5.1310702s,2339,61,2
2.7810793s,1.1586017s,2.0135149s,2379,61,2
3.001126s,1.223248s,7.8496669s,2303,61,2
2.7030847s,1.1800954s,8.1520094s,2307,61,2
3.0468387s,1.3277301s,10.8680436s,2271,61,2
2.8890987s,1.4560538s,1.9118567s,2399,61,2
2.6958242s,1.1223714s,2.1170367s,2367,61,2
3.0577282s,1.4680637s,10.8690596s,2255,61,2
2.416449s,1.0703487s,8.4526106s,2315,61,2
2.4383892s,1.1448043s,5.4304491s,2331,61,2
2.7230948s,1.4678833s,8.1468695s,2299,61,2
2.732032s,1.1157348s,8.1494309s,2295,61,2
2.6507313s,1.1032032s,5.239359s,2355,61,2
3.0550727s,1.2493181s,4.8350176s,2335,61,2
2.8405528s,1.212587s,8.0545139s,2311,61,2
2.9693262s,1.4555652s,100.2298ms,2413,61,0
2.9687376s,1.4321135s,100.8184ms,2429,61,0
2.8703399s,1.3983172s,200.6861ms,2417,61,0
2.8703399s,1.0477003s,200.6861ms,2421,61,0
2.5594033s,1.4335122s,3.7245513s,2361,61,0
2.6923272s,1.3478505s,6.6484461s,2353,61,0
2.9646322s,1.4942861s,3.322702s,2365,61,0
2.3924851s,1.0541456s,6.9482882s,2333,61,0
2.3757989s,1.2778598s,703.6154ms,2401,61,0
2.8808562s,1.4734116s,200.7147ms,2425,61,0
2.7747727s,1.3259642s,9.6653757s,2301,61,0
2.498595s,1.0312427s,6.8472513s,2345,61,0
2.3041687s,1.1430541s,7.0491104s,2329,61,0
3.0943021s,1.3346744s,9.358207s,2309,61,0
2.5778471s,1.2351087s,3.7269208s,2381,61,0
2.475128s,1.1892381s,3.8296399s,2393,61,0
2.891312s,1.4130426s,9.5636291s,2289,61,0
2.4915301s,1.0113958s,3.8228971s,2389,61,0
2.7959305s,1.4130426s,9.6662379s,2285,61,0
2.5183477s,1.3253366s,602.3232ms,2433,61,0
3.2108363s,1.4075869s,3.121039s,2377,61,0
2.8174404s,1.247811s,9.6693384s,2293,61,0
2.721746s,1.1502785s,9.7650328s,2281,61,0
2.6502326s,1.2529395s,6.7449406s,2349,61,0
2.7286445s,1.487666s,402.2533ms,2405,61,0
2.7191939s,1.3997472s,3.6225402s,2373,61,0
2.3458694s,1.1245814s,7.0493038s,2337,61,0
3.0530535s,1.2742083s,6.3417341s,2321,61,0
2.1600741s,1.0519724s,7.2450542s,2357,61,0
2.5412391s,1.2040484s,9.9630997s,2313,61,0
2.5668323s,1.270653s,6.8432044s,2341,61,0
2.9452294s,1.3573516s,9.5591094s,2317,61,0
2.8377377s,1.4555523s,3.5212035s,2369,61,0
2.554357s,1.0966918s,603.7792ms,2437,62,0
3.1581362s,1.4140593s,0s,2409,62,0
2.3505748s,1.1676564s,10.1661389s,2297,62,0
2.955655s,1.2575644s,9.5610587s,2305,62,0
2.8778159s,1.2268437s,6.5445957s,2325,62,0
2.5455648s,1.3657503s,3.824532s,2397,62,0
2.2455897s,1.0655585s,4.1257659s,2385,62,0
2.8112076s,1.4466095s,4.4292934s,2362,62,1
2.5999216s,1.1238762s,7.5458474s,2338,62,1
2.5948513s,1.225914s,7.5509177s,2350,62,1
2.5119037s,1.3773887s,4.7285973s,2382,62,1
2.657538s,1.1783338s,10.4651294s,2306,62,1
2.7587428s,1.3291264s,1.4094962s,2438,62,1
2.400425s,1.2088128s,7.7530388s,2354,62,1
2.905268s,1.3361829s,7.2481958s,2334,62,1
2.5102093s,1.2031578s,7.6490027s,2330,62,1
2.7747831s,1.2357832s,10.3702334s,2318,62,1
2.9768984s,1.3167666s,10.1681181s,2286,62,1
2.9768984s,1.182901s,10.1681181s,2302,62,1
2.2803129s,1.1014328s,1.9110802s,2414,62,1
2.3411064s,1.0970588s,4.927507s,2390,62,1
2.481163s,1.1847159s,1.7102301s,2426,62,1
3.085481s,1.4323748s,1.1055209s,2410,62,1
2.2803129s,1.1418827s,1.9110802s,2434,62,1
2.3815418s,1.0687793s,10.769238s,2314,62,1
2.6405425s,1.0349781s,4.6280709s,2374,62,1
2.481163s,1.140991s,1.7102301s,2418,62,1
2.794851s,1.0400783s,1.4075875s,2402,62,1
2.6510623s,1.2477448s,4.6290749s,2398,62,1
2.8412805s,1.3763314s,7.3514648s,2322,62,1
2.3924643s,1.1106472s,10.7771794s,2290,62,1
2.7005986s,1.4142322s,10.4690451s,2294,62,1
2.3570811s,1.1244446s,4.9328933s,2378,62,1
2.5529505s,1.2480577s,7.644582s,2358,62,1
3.0109516s,1.4747352s,1.2040926s,2406,62,1
2.8112083s,1.3710282s,1.4107139s,2430,62,1
2.6143977s,1.3485543s,1.6100088s,2422,62,1
2.7217225s,1.1705816s,10.4644117s,2298,62,1
3.0766799s,1.3946921s,4.2267475s,2386,62,1
2.3781773s,1.0472318s,4.9291006s,2370,62,1
2.7829751s,1.2524848s,4.5263922s,2394,62,1
2.6257015s,1.4330955s,10.5740862s,2310,62,1
2.4747202s,1.0476202s,7.7502702s,2342,62,1
2.3819659s,1.0844813s,7.8474765s,2326,62,1
2.5981766s,1.3454555s,4.7259978s,2366,62,1
2.6836635s,1.1683147s,7.5457789s,2346,62,1
2.7429123s,1.3060082s,10.4638399s,2282,62,1
2.7629722s,1.2652518s,1.9119828s,2559,65,2
2.7319255s,1.4176982s,7.7543161s,2471,65,2
3.0318278s,1.2429353s,10.571s,2407,65,2
2.2329128s,1.1172425s,8.2556139s,2467,65,2
3.0422516s,1.4857758s,10.5658178s,2419,65,2
2.8449027s,1.2413918s,7.6465805s,2459,65,2
2.5602986s,1.4088441s,4.8304822s,2483,65,2
2.6657032s,1.3193343s,4.7272929s,2515,65,2
2.6454965s,1.0024687s,10.9647882s,2423,65,2
2.3451805s,1.1131779s,8.148518s,2451,65,2
2.1489327s,1.0093659s,8.353793s,2443,65,2
2.3527733s,1.0378423s,11.2710634s,2431,65,2
2.4835018s,1.139093s,2.2146418s,2555,65,2
2.4855953s,1.1946954s,4.9336813s,2487,65,2
2.4647743s,1.1660795s,8.0552047s,2455,65,2
2.3889338s,1.0997362s,5.0354023s,2519,65,2
2.7731501s,1.3946294s,7.7518884s,2479,65,2
2.5801624s,1.3439769s,11.0658776s,2427,65,2
3.0839034s,1.4857758s,10.5621366s,2439,65,2
2.2112904s,1.0927497s,2.515922s,2531,65,2
2.3809475s,1.1399144s,11.2746077s,2403,65,2
2.7084045s,1.399673s,4.7298621s,2491,65,2
2.5924657s,1.2022416s,11.0717031s,2411,65,2
2.2120511s,1.0965218s,5.2348291s,2507,65,2
3.1007024s,1.4956685s,7.4468802s,2447,65,2
2.5269955s,1.4304919s,2.2150093s,2527,65,2
2.9328137s,1.2156031s,1.8125761s,2539,65,2
3.038804s,1.3977818s,1.709208s,2547,65,2
2.6027377s,1.2873577s,11.0709674s,2435,65,2
3.2403416s,1.4713706s,1.5076704s,2551,65,2
2.5377413s,1.1648564s,2.2169749s,2535,65,2
2.7173276s,1.3618006s,7.8464955s,2475,65,2
2.5182598s,1.0902858s,8.0455633s,2463,65,2
3.1165862s,1.3626661s,10.5638231s,2415,65,2
2.3466007s,1.0381105s,2.4166265s,2543,65,2
2.5394705s,1.1922875s,4.9321612s,2511,65,2
2.5387026s,1.1679472s,4.9329291s,2499,65,2
2.5494266s,1.438933s,4.9318418s,2503,65,2
2.3572402s,1.11798s,2.4156237s,2523,65,2
2.5494266s,1.3144296s,4.9318418s,2495,65,2
3.1638374s,1.4857387s,3.2221822s,2484,65,3
2.8584777s,1.1692395s,12.5840823s,2384,65,3
2.7234754s,1.426451s,503.0278ms,2524,65,3
2.7662981s,1.2847009s,3.6240425s,2508,65,3
2.9258292s,1.2400623s,9.6621886s,2408,65,3
2.9291603s,1.1855333s,302.4886ms,2532,65,3
2.6676571s,1.3936719s,12.782721s,2396,65,3
2.6656085s,1.3665885s,12.7847696s,2372,65,3
2.5636335s,1.3425766s,12.8867446s,2400,65,3
2.6320645s,1.3735466s,602.5106ms,2540,65,3
2.8346526s,1.3764707s,401.9442ms,2552,65,3
2.6373282s,1.374447s,6.8430093s,2480,65,3
3.0416431s,1.4046361s,9.5600852s,2412,65,3
2.4397438s,1.1288654s,7.0466327s,2472,65,3
2.7837267s,1.2822778s,3.6227465s,2492,65,3
2.5386669s,1.3841125s,10.0630614s,2436,65,3
2.5531342s,1.2577563s,6.940084s,2456,65,3
3.0481064s,1.2654397s,201.3711ms,2548,65,3
2.594811s,1.3717997s,3.8245862s,2500,65,3
2.4935334s,1.0245283s,3.9281239s,2512,65,3
2.6647912s,1.4889899s,6.8397434s,2448,65,3
2.7022099s,1.0956276s,3.7224214s,2488,65,3
2.8657381s,1.4306499s,401.8154ms,2544,65,3
2.4135439s,1.3393564s,4.025281s,2520,65,3
2.5191997s,1.170616s,3.922346s,2496,65,3
2.5786154s,1.0140651s,6.9428336s,2452,65,3
3.0799033s,1.4664084s,6.4415457s,2444,65,3
2.6800355s,1.4050813s,6.8414135s,2476,65,3
2.6757619s,1.1975197s,9.9610389s,2440,65,3
2.4743188s,1.1575032s,10.162482s,2404,65,3
2.4760731s,1.1513405s,10.1626885s,2420,65,3
2.4804983s,1.0534691s,10.1582633s,2424,65,3
2.3768771s,1.1361261s,904.4895ms,2528,65,3
2.3768771s,1.2732155s,904.4895ms,2536,65,3
2.5264105s,1.0719344s,3.9248852s,2504,65,3
2.8915271s,1.4050813s,6.64046s,2460,65,3
2.8868896s,1.1361261s,401.8165ms,2560,65,3
2.6905988s,1.2317058s,6.841848s,2468,65,3
2.334152s,1.1116346s,4.124689s,2516,65,3
2.6362907s,1.3276397s,12.8762831s,2380,65,3
2.5906724s,1.3020505s,704.3312ms,2556,65,3
2.5417757s,1.0328381s,12.9781461s,2376,65,3
2.91528s,1.4644988s,9.7595338s,2428,65,3
2.7500447s,1.2505603s,12.7832468s,2388,65,3
3.1153518s,1.3694507s,9.559462s,2432,65,3
2.8170051s,1.2581833s,6.7430402s,2464,65,3
2.9155923s,1.1760229s,9.7598048s,2416,65,3
2.4664124s,1.2773904s,3.6183966s,2521,66,0
2.8117423s,1.3453809s,9.7577205s,2457,66,0
2.674112s,1.2664859s,6.6419843s,2509,66,0
2.7368792s,1.4957476s,503.5451ms,2597,66,0
2.8432882s,1.4179871s,402.0883ms,2577,66,0
2.4183102s,1.0639497s,10.1619621s,2461,66,0
2.8831022s,1.2175567s,6.4438036s,2481,66,0
2.6710854s,1.1335767s,3.4245331s,2557,66,0
2.1446658s,1.0467573s,1.1069453s,2561,66,0
2.7485034s,1.1294822s,503.6999ms,2569,66,0
3.0540233s,1.3986088s,201.2636ms,2585,66,0
2.7832377s,1.444948s,3.3205706s,2525,66,0
3.1033265s,1.3806585s,6.2337364s,2485,66,0
2.726695s,1.2378553s,9.8644441s,2453,66,0
2.7058783s,1.3635726s,6.6409605s,2497,66,0
2.3914502s,1.1031729s,3.7241013s,2541,66,0
2.7058783s,1.4134778s,6.6409605s,2505,66,0
2.9346966s,1.1895881s,9.6655087s,2441,66,0
2.8085013s,1.4391823s,6.5422682s,2489,66,0
2.8753367s,1.1538667s,402.0556ms,2593,66,0
2.7167931s,1.2871912s,6.644979s,2517,66,0
3.2533665s,1.4783418s,9.3617721s,2477,66,0
2.5793092s,1.1418732s,704.6391ms,2589,66,0
2.6583367s,1.0750607s,9.9626166s,2465,66,0
3.2312873s,1.3296487s,6.1362995s,2513,66,0
2.3298665s,1.1484606s,7.0425024s,2501,66,0
2.7198787s,1.2841703s,3.4212029s,2553,66,0
2.8968401s,1.2013356s,403.2169ms,2573,66,0
2.6688444s,1.3327547s,9.9649566s,2469,66,0
2.4713259s,1.0543743s,10.1624751s,2449,66,0
2.3661091s,1.0665441s,10.2680008s,2473,66,0
2.5049391s,1.2987163s,804.8656ms,2581,66,0
2.7799596s,1.3571473s,9.8610354s,2445,66,0
2.5417227s,1.3923215s,3.625062s,2533,66,0
2.6458335s,1.2084238s,3.5246014s,2529,66,0
2.8465365s,1.4056824s,3.3238984s,2545,66,0
2.5572369s,1.08791s,6.8470527s,2493,66,0
2.5219104s,1.2028968s,804.5554ms,2565,66,0
2.5523592s,1.2116765s,3.6232688s,2537,66,0
2.4559653s,1.2591044s,3.7241137s,2549,66,0
3.0384559s,1.2605692s,8.3490201s,2498,66,1
2.5789462s,1.1980034s,5.6351344s,2546,66,1
2.3359588s,1.1502485s,9.0564934s,2494,66,1
2.8854814s,1.3309783s,5.3315721s,2554,66,1
2.614951s,1.0417829s,2.7166211s,2578,66,1
2.2806341s,1.0389327s,5.9364194s,2526,66,1
2.5197871s,1.460784s,2.8187805s,2562,66,1
2.7894999s,1.4917843s,5.4345491s,2542,66,1
2.486342s,1.3649885s,11.8724898s,2450,66,1
2.2914412s,1.1014422s,5.9352318s,2538,66,1
2.7237839s,1.2314366s,2.6174077s,2574,66,1
2.935378s,1.0730854s,2.4166121s,2594,66,1
3.0694866s,1.2865062s,8.3489118s,2510,66,1
2.7698964s,1.4438287s,8.648502s,2514,66,1
2.5405006s,1.111711s,2.8185256s,2586,66,1
2.5075151s,1.4417126s,11.8741808s,2458,66,1
3.1783716s,1.4986503s,8.2495371s,2518,66,1
2.7448639s,1.193378s,2.6191918s,2598,66,1
2.8218075s,1.3645189s,5.4330725s,2530,66,1
2.8164165s,1.0989675s,11.575798s,2446,66,1
3.0909654s,1.4045862s,8.3496539s,2506,66,1
2.6858459s,1.4730087s,8.7547734s,2482,66,1
2.5645179s,1.1379082s,2.815909s,2566,66,1
2.2937467s,1.2723965s,9.1579034s,2502,66,1
2.3703792s,1.2960635s,3.0186799s,2590,66,1
2.7403824s,1.3489709s,5.5389619s,2534,66,1
2.5365042s,1.4679914s,11.8796193s,2466,66,1
2.9100377s,1.33118s,8.5537541s,2490,66,1
2.7435363s,1.0932988s,11.6740427s,2474,66,1
2.7572719s,1.3442312s,5.5351177s,2522,66,1
2.859284s,1.315576s,5.4331056s,2550,66,1
2.9537872s,1.147746s,11.4707612s,2470,66,1
2.6493299s,1.4152379s,11.7752185s,2454,66,1
2.2859277s,1.0600907s,3.1209805s,2582,66,1
2.2579569s,1.0356302s,12.1718784s,2478,66,1
2.1753675s,1.0825365s,301.4496ms,2610,66,1
2.4605592s,1.2397644s,5.8371173s,2558,66,1
2.931584s,1.4770152s,8.5539508s,2486,66,1
2.1857747s,1.0649068s,300.5291ms,2618,66,1
2.5652836s,1.1917896s,11.8740384s,2462,66,1
2.4605339s,1.1726561s,11.9787881s,2442,66,1
2.285521s,1.1061829s,200.7828ms,2630,66,1
2.6041938s,1.4137172s,2.817488s,2570,66,1
2.5967302s,1.2837408s,0s,2606,66,1
2.6285682s,1.3317133s,0s,2626,66,1
2.6489113s,1.4357693s,0s,2614,66,1
2.6880168s,1.3594575s,0s,2622,66,1
2.8503514s,1.3765298s,0s,2602,66,1
2.8722614s,1.0915552s,0s,2634,66,1
2.8555433s,1.4385671s,1.0068831s,2688,69,3
2.7446082s,1.2176204s,10.2681059s,2588,69,3
2.4944939s,1.1604485s,4.4321355s,2648,69,3
2.3417976s,1.0608083s,10.6709165s,2572,69,3
2.2690078s,1.1725159s,1.6109337s,2700,69,3
2.6757474s,1.2094492s,1.2083562s,2684,69,3
2.8514552s,1.3999155s,10.1707466s,2576,69,3
2.5802925s,1.2102577s,1.3090473s,2720,69,3
2.4110212s,1.0095662s,4.5303321s,2672,69,3
2.9187016s,1.2410404s,4.0267496s,2656,69,3
3.0766309s,1.4487334s,6.9454512s,2636,69,3
2.3722025s,1.0970015s,7.6498796s,2608,69,3
2.7668381s,1.4611375s,10.2646978s,2592,69,3
2.2762193s,1.0986772s,7.7559169s,2640,69,3
2.5968452s,1.3711638s,1.3071049s,2704,69,3
2.8233924s,1.4181415s,4.1325712s,2668,69,3
2.5834323s,1.3955886s,7.4491622s,2616,69,3
2.5758845s,1.0323512s,10.469056s,2568,69,3
2.5937774s,1.4614174s,7.4464787s,2604,69,3
2.5357889s,1.187206s,4.4278363s,2680,69,3
3.208769s,1.3257451s,704.0992ms,2712,69,3
2.8449205s,1.2877054s,4.1237483s,2652,69,3
2.6175477s,1.2334588s,1.3085713s,2696,69,3
2.8085412s,1.2597765s,7.2462222s,2624,69,3
2.6043151s,1.1860801s,7.4504483s,2628,69,3
3.0520135s,1.2636463s,3.926119s,2676,69,3
2.6212135s,1.2787937s,1.3107582s,2692,69,3
2.6538229s,1.255609s,4.3309689s,2660,69,3
2.8631007s,1.4961557s,4.1275671s,2664,69,3
3.0094538s,1.4848078s,10.0672987s,2580,69,3
2.7211291s,1.0707563s,7.3499252s,2612,69,3
2.5191015s,1.0592345s,7.5519528s,2632,69,3
2.3644963s,1.028371s,4.6303565s,2644,69,3
2.4362248s,1.1818027s,1.5096408s,2708,69,3
3.0330771s,1.4748539s,7.0432868s,2620,69,3
2.5127047s,1.1534129s,10.573113s,2584,69,3
2.9151748s,1.2982604s,10.1706429s,2600,69,3
2.7389329s,1.0025791s,1.2087866s,2716,69,3
2.7326043s,1.4140813s,10.3584445s,2564,69,3
2.8305427s,1.4495433s,10.2605061s,2596,69,3
2.6643516s,1.1816457s,12.4804286s,2563,70,2
2.8722123s,1.4327006s,6.2403528s,2679,70,2
2.6311955s,1.2788886s,3.3212843s,2695,70,2
2.7613774s,1.4677775s,9.3598654s,2631,70,2
2.7364942s,1.0770811s,3.2215161s,2719,70,2
2.7780417s,1.287586s,6.3443s,2643,70,2
2.4600777s,1.0332526s,604.3421ms,2747,70,2
2.4448463s,1.1022835s,3.5233922s,2691,70,2
2.3445118s,1.2776114s,3.6237267s,2715,70,2
2.5412827s,1.1035508s,3.4269558s,2703,70,2
2.4731901s,1.3097955s,12.6873488s,2571,70,2
2.3775501s,1.170881s,12.7829888s,2591,70,2
2.7675047s,1.0673324s,301.6341ms,2723,70,2
2.7940543s,1.4685227s,12.3728892s,2579,70,2
2.5960074s,1.3172068s,6.538721s,2667,70,2
2.5687799s,1.301419s,502.9417ms,2739,70,2
2.2733934s,1.0625327s,9.8656154s,2615,70,2
2.5568353s,1.0446575s,3.4211179s,2687,70,2
2.7742833s,1.1682935s,301.2979ms,2751,70,2
2.3930481s,1.0599651s,12.7806491s,2587,70,2
2.8880832s,1.4401618s,9.2601304s,2639,70,2
2.5794384s,1.4859996s,502.1121ms,2731,70,2
2.8825206s,1.4598653s,201.4194ms,2759,70,2
2.3990642s,1.1306742s,12.7971164s,2567,70,2
3.0042804s,1.3915103s,9.1639655s,2611,70,2
2.8135977s,1.1066951s,12.3825829s,2575,70,2
2.9152315s,1.3502879s,6.2491561s,2659,70,2
2.9049798s,1.4420775s,6.2594078s,2675,70,2
2.9034729s,1.3977199s,9.2651951s,2619,70,2
2.6979184s,1.3096708s,9.4707496s,2607,70,2
2.3074434s,1.0697871s,6.8569442s,2663,70,2
2.6936448s,1.3875938s,407.736ms,2755,70,2
2.6919397s,1.229531s,9.4767283s,2627,70,2
2.2839877s,1.11257s,9.8841692s,2623,70,2
3.0279347s,1.3120095s,12.1752241s,2599,70,2
2.5096526s,1.2853714s,603.1839ms,2727,70,2
2.3973882s,1.0996491s,3.6183698s,2683,70,2
2.434857s,1.0763155s,6.7409863s,2647,70,2
2.434857s,1.0995324s,6.7409863s,2651,70,2
2.5096526s,1.0316079s,603.1839ms,2743,70,2
2.32659s,1.1294049s,9.8535337s,2635,70,2
2.9029215s,1.1250982s,3.1202135s,2711,70,2
2.4077965s,1.0211876s,3.6217064s,2707,70,2
2.4105698s,1.3248232s,3.6216172s,2699,70,2
2.8520293s,1.3964843s,6.340243s,2671,70,2
2.325874s,1.1235586s,804.3899ms,2735,70,2
2.8457667s,1.1819834s,9.3587476s,2603,70,2
2.3511701s,1.1544269s,12.8812789s,2595,70,2
2.4460334s,1.0396785s,12.7864156s,2583,70,2
3.1595298s,1.3001713s,6.0401486s,2655,70,2
2.9656316s,1.4090486s,4.1267926s,2709,70,0
2.7629247s,1.23753s,4.3294995s,2693,70,0
2.1595459s,1.1128272s,4.9328783s,2697,70,0
2.3198531s,1.0882778s,10.7732124s,2617,70,0
2.6267424s,1.2627865s,10.4663231s,2625,70,0
2.3199045s,1.1856627s,1.8117178s,2725,70,0
2.5308732s,1.0882778s,10.5621923s,2637,70,0
2.5308732s,1.1675826s,10.5621923s,2629,70,0
2.9167477s,1.4691811s,10.1763178s,2633,70,0
2.5286353s,1.2707881s,7.6476825s,2665,70,0
2.7284755s,1.4713581s,1.4083831s,2729,70,0
2.5363342s,1.2002595s,7.6498991s,2669,70,0
2.6349743s,1.4897817s,10.4684602s,2609,70,0
2.7402413s,1.2228661s,7.4464455s,2661,70,0
2.7845637s,1.4931309s,4.3284136s,2689,70,0
2.2406383s,1.0055414s,1.9116681s,2753,70,0
3.2511447s,1.459794s,904.6633ms,2741,70,0
2.251916s,1.0895723s,1.9110592s,2757,70,0
2.7497634s,1.340257s,7.4579073s,2677,70,0
2.4844562s,1.4090486s,4.6444626s,2717,70,0
2.5418375s,1.1521898s,10.5828929s,2621,70,0
2.7604696s,1.2195741s,7.4528276s,2645,70,0
2.9641167s,1.0152343s,1.2056463s,2745,70,0
2.3616884s,1.1620188s,10.7695178s,2605,70,0
2.8088615s,1.3362951s,4.3265331s,2705,70,0
2.6625306s,1.4152432s,1.5072324s,2749,70,0
2.5703125s,1.2334321s,7.644146s,2657,70,0
2.8781821s,1.3355373s,7.3488636s,2641,70,0
3.0790639s,1.2472308s,7.1479818s,2673,70,0
2.5751754s,1.1197301s,1.6080701s,2733,70,0
2.3284023s,1.0077601s,4.8278615s,2701,70,0
2.5312497s,1.2594773s,4.6306368s,2685,70,0
2.6978483s,1.2884225s,7.5479568s,2649,70,0
2.3389364s,1.0534455s,4.8278048s,2681,70,0
2.6978483s,1.1391022s,7.5479568s,2653,70,0
2.4449236s,1.2892918s,4.7298859s,2713,70,0
2.7990743s,1.2734171s,10.3715468s,2601,70,0
3.1043333s,1.2732006s,1.1058056s,2721,70,0
2.7066496s,1.4097356s,1.5110443s,2737,70,0
2.5103804s,1.1247661s,10.6687567s,2613,70,0
2.80452s,1.4449107s,9.0603621s,2646,70,1
2.7337072s,1.057639s,6.0417392s,2690,70,1
2.1697116s,1.0127328s,603.8901ms,2778,70,1
2.9046533s,1.1947257s,11.8766336s,2638,70,1
2.8513892s,1.4626676s,5.9358087s,2682,70,1
2.7439636s,1.4626676s,6.043878s,2694,70,1
2.6176078s,1.4155761s,9.2590258s,2678,70,1
2.3867187s,1.1956761s,401.3311ms,2770,70,1
2.6529384s,1.420318s,3.115922s,2750,70,1
2.4530385s,1.1825874s,3.323009s,2758,70,1
2.9581975s,1.2735728s,5.8402521s,2686,70,1
2.6574888s,1.4517032s,6.1409608s,2718,70,1
2.8653395s,1.099625s,2.9198058s,2722,70,1
2.6636555s,1.2042009s,3.1214767s,2726,70,1
2.771618s,1.3141433s,3.0172433s,2742,70,1
2.6790148s,1.4341545s,6.1381558s,2710,70,1
2.6737853s,1.2772192s,3.1209832s,2730,70,1
2.6498321s,1.1079008s,9.2567742s,2666,70,1
2.9808106s,1.191618s,2.8139579s,2738,70,1
2.6145573s,1.242501s,200.4431ms,2786,70,1
2.3516557s,1.2864747s,9.5623588s,2658,70,1
2.3790377s,1.1395102s,3.423139s,2754,70,1
2.7258928s,1.2939642s,100.5284ms,2790,70,1
2.5908589s,1.389052s,3.2194079s,2746,70,1
2.5301848s,1.2746589s,302.7764ms,2766,70,1
2.7322893s,1.0195737s,100.6719ms,2794,70,1
3.0012501s,1.3794901s,5.8358502s,2702,70,1
2.5769019s,1.3574655s,9.3575933s,2654,70,1
2.9080763s,1.334484s,2.917646s,2734,70,1
2.4449844s,1.1271726s,402.2908ms,2762,70,1
2.8525098s,1.4467094s,0s,2798,70,1
3.0224021s,1.3572591s,5.8333204s,2706,70,1
3.0894357s,1.3251223s,8.8557225s,2650,70,1
2.7574817s,1.4087805s,100.2989ms,2774,70,1
2.4929362s,1.0503927s,9.4593532s,2670,70,1
2.4261202s,1.0728596s,6.4408101s,2714,70,1
2.90025s,1.3148837s,9.056116s,2674,70,1
2.8300441s,1.2780295s,6.0368862s,2698,70,1
2.90025s,1.3556267s,9.056116s,2642,70,1
2.2970267s,1.1167997s,9.6593393s,2662,70,1
2.9271769s,1.3586436s,0s,2782,71,1
2.3302818s,1.2908742s,905.8793ms,2919,74,2
2.6141506s,1.2252419s,9.7724088s,2775,74,2
2.6141506s,1.4316158s,9.7724088s,2799,74,2
2.4145239s,1.1448144s,9.9720355s,2783,74,2
3.1334937s,1.3415738s,6.3424996s,2803,74,2
2.514502s,1.0625514s,3.8279976s,2859,74,2
2.9326333s,1.4013132s,6.54336s,2827,74,2
2.4185214s,1.2802357s,3.9254916s,2871,74,2
2.8256164s,1.2720212s,3.5258726s,2863,74,2
2.3306617s,1.1491704s,10.067642s,2791,74,2
2.738209s,1.3824135s,3.6227382s,2879,74,2
2.4561291s,1.0216954s,803.7159ms,2903,74,2
2.4561291s,1.1296009s,803.7159ms,2907,74,2
2.4561291s,1.091918s,803.7159ms,2915,74,2
2.441848s,1.367465s,7.0525929s,2807,74,2
2.4525587s,1.2534389s,7.0467637s,2839,74,2
2.5465937s,1.3756719s,3.8241116s,2843,74,2
2.7489119s,1.1070615s,3.6239209s,2847,74,2
2.4665022s,1.3242437s,805.2284ms,2887,74,2
2.9729928s,1.1461906s,300.6831ms,2899,74,2
2.2758368s,1.0949626s,1.0069462s,2895,74,2
2.5717486s,1.1918138s,6.9464117s,2815,74,2
2.6859123s,1.297549s,603.578ms,2891,74,2
2.4778487s,1.0257234s,9.9665356s,2779,74,2
2.8823568s,1.0326832s,9.565627s,2767,74,2
2.6738008s,1.0937564s,3.727045s,2867,74,2
2.7826854s,1.3039282s,9.6652984s,2763,74,2
2.6738008s,1.2762261s,3.7273683s,2855,74,2
2.4006763s,1.366626s,7.1429998s,2823,74,2
2.3936405s,1.3701869s,10.0633566s,2787,74,2
2.4936364s,1.4546852s,3.9253823s,2875,74,2
2.2114909s,1.0203234s,1.1064256s,2883,74,2
2.8048883s,1.2037366s,6.7476241s,2831,74,2
2.6152582s,1.396719s,704.9095ms,2911,74,2
2.6138623s,1.2339296s,6.9445571s,2811,74,2
2.4116512s,1.2558117s,7.1467682s,2819,74,2
3.1011022s,1.3696547s,3.3238235s,2851,74,2
2.404133s,1.0047635s,10.0676074s,2795,74,2
3.0171299s,1.2091482s,6.5459706s,2835,74,2
2.913321s,1.4705377s,9.5656029s,2771,74,2
2.9998061s,1.4384419s,1.7121321s,2868,73,3
2.5012955s,1.1550901s,2.2157569s,2856,73,3
3.0060223s,1.2747975s,1.7110301s,2880,73,3
2.5012955s,1.130987s,2.2157569s,2844,73,3
2.5614933s,1.2737616s,8.1477931s,2792,73,3
2.3597444s,1.1044164s,8.349542s,2800,73,3
2.5006564s,1.2811686s,11.2746077s,2744,73,3
2.8105849s,1.2112528s,4.8302623s,2824,73,3
2.9164705s,1.1730508s,1.8099245s,2876,73,3
2.3137486s,1.1365481s,2.4177195s,2860,73,3
2.2138148s,1.0958425s,5.4338857s,2832,73,3
2.3080855s,1.2321391s,11.4758216s,2756,73,3
2.9144522s,1.3141196s,4.7332483s,2816,73,3
2.370002s,1.0469682s,8.35347s,2788,73,3
3.0702289s,1.4631319s,7.6532431s,2796,73,3
2.370002s,1.1126328s,8.35347s,2768,73,3
2.4669672s,1.0620909s,8.2565048s,2776,73,3
2.8294733s,1.3413369s,1.9120191s,2872,73,3
2.6253224s,1.4433881s,5.0353716s,2840,73,3
2.9385397s,1.3107384s,1.8077021s,2864,73,3
2.7262485s,1.1417087s,11.0786486s,2740,73,3
2.7453965s,1.4240028s,2.0116448s,2852,73,3
2.4376852s,1.331707s,5.2343494s,2812,73,3
2.487295s,1.2302597s,8.2549685s,2764,73,3
2.3375882s,1.0475016s,11.4789836s,2736,73,3
2.1422932s,1.0396495s,11.6743211s,2748,73,3
2.4572618s,1.1077375s,5.2328414s,2836,73,3
2.4474609s,1.0308156s,11.3788489s,2752,73,3
2.256176s,1.0728647s,5.4339272s,2808,73,3
2.4699279s,1.3892322s,5.2325654s,2820,73,3
2.7681263s,1.1062118s,4.934367s,2804,73,3
3.0659777s,1.2677849s,10.7727222s,2760,73,3
2.2768071s,1.1456108s,2.5161965s,2848,73,3
2.6247845s,1.4741186s,8.1563084s,2780,73,3
2.8762257s,1.2885318s,10.9708449s,2728,73,3
2.9812391s,1.4400811s,10.8708704s,2724,73,3
2.6815386s,1.2774528s,5.0343643s,2828,73,3
2.8375311s,1.4092368s,7.9486007s,2772,73,3
2.8375311s,1.4953159s,7.9486007s,2784,73,3
2.7803251s,1.3538603s,11.0717844s,2732,73,3
2.8465819s,1.1846996s,3.3203932s,2918,75,1
2.8885443s,1.2586092s,6.540647s,2878,75,1
2.4230283s,1.1939124s,11.8773729s,2797,74,0
2.192276s,1.0994237s,7.2465631s,2866,75,1
3.229688s,1.3459568s,11.0728205s,2773,74,0
2.6559481s,1.2790994s,3.5227821s,2902,75,1
2.7009383s,1.238006s,6.7400081s,2850,75,1
2.7107841s,1.4885059s,503.2041ms,2946,75,1
3.0475633s,1.2611344s,2.0143486s,2901,74,0
2.9664365s,1.484553s,3.2210563s,2886,75,1
2.7724139s,1.1168679s,3.4216076s,2906,75,1
3.0321742s,1.3772359s,9.4588619s,2814,75,1
2.755557s,1.2611344s,2.3155078s,2885,74,0
2.8488349s,1.2589098s,11.4715891s,2789,74,0
2.4562414s,1.2954773s,5.5365828s,2853,74,0
2.8592496s,1.400014s,5.1335746s,2861,74,0
2.4764041s,1.0241339s,3.7202416s,2882,75,1
2.3272856s,1.1345718s,904.5044ms,2942,75,1
2.3272856s,1.1345718s,904.5044ms,2938,75,1
2.5308877s,1.2058148s,9.965027s,2810,75,1
2.3469799s,1.182003s,11.9783227s,2761,74,0
2.765487s,1.1992601s,5.2334054s,2865,74,0
2.8812697s,1.4341498s,3.3202546s,2898,75,1
2.6659909s,1.0636011s,2.4166372s,2897,74,0
2.6378982s,1.1896726s,9.8647012s,2806,75,1
2.4670024s,1.0160966s,5.5373851s,2845,74,0
2.8268826s,1.263979s,6.6435426s,2862,75,1
2.7424822s,1.076694s,503.1046ms,2930,75,1
2.5727139s,1.4540028s,5.4350921s,2857,74,0
2.4914512s,1.0107078s,3.7226356s,2890,75,1
2.6713108s,1.028445s,2.4171951s,2881,74,0
2.83723s,1.2662413s,6.6436996s,2854,75,1
2.5735681s,1.1899899s,11.7795108s,2769,74,0
2.5447986s,1.3041468s,6.9467182s,2842,75,1
2.7565358s,1.2983309s,9.7671552s,2802,75,1
2.5607024s,1.4121572s,704.851ms,2950,75,1
2.6491605s,1.362498s,6.8450456s,2870,75,1
2.6923237s,1.3132369s,2.4149173s,2913,74,0
2.7634728s,1.4847144s,502.9126ms,2958,75,1
2.9008452s,1.3898327s,5.1320273s,2869,74,0
2.4964376s,1.08171s,2.6146755s,2905,74,0
2.4984153s,1.1518904s,5.5344572s,2841,74,0
2.6690922s,1.0005482s,9.8619922s,2818,75,1
3.0758842s,1.4480723s,8.0549001s,2829,74,0
2.8640124s,1.3166556s,9.667072s,2834,75,1
3.2622162s,1.4857473s,6.236694s,2846,75,1
3.0569281s,1.3721525s,6.4419821s,2858,75,1
2.4181674s,1.123215s,3.8237165s,2910,75,1
2.9072387s,1.3977686s,5.1316925s,2849,74,0
3.004754s,1.3370652s,2.1124178s,2917,74,0
2.4749518s,1.1144969s,10.0621913s,2826,75,1
2.1712996s,1.14066s,1.1050166s,2926,75,1
2.1999636s,1.0295984s,2.9172082s,2909,74,0
2.586724s,1.2476558s,8.5566417s,2809,74,0
2.5090056s,1.1163857s,5.5364483s,2873,74,0
2.6994358s,1.307312s,11.6736179s,2793,74,0
2.586724s,1.1930698s,8.5566417s,2805,74,0
2.6286006s,1.2851983s,3.6206748s,2894,75,1
2.7084904s,1.0363693s,2.4152041s,2889,74,0
2.5948662s,1.3586451s,11.7781875s,2781,74,0
2.4077608s,1.2186099s,2.7196751s,2893,74,0
2.8845403s,1.0284258s,9.6628669s,2838,75,1
2.4911818s,1.1570821s,8.6559253s,2801,74,0
2.2846789s,1.1066611s,1.0057062s,2922,75,1
2.6888979s,1.060789s,601.4872ms,2954,75,1
2.5337915s,1.0630711s,3.725808s,2914,75,1
3.0979118s,1.4836897s,8.055778s,2821,74,0
2.8907108s,1.4545102s,402.4522ms,2934,75,1
2.9217594s,1.1933906s,5.1340186s,2877,74,0
2.7104138s,1.1498117s,11.672964s,2765,74,0
2.5975352s,1.2422641s,8.5561546s,2813,74,0
2.7895347s,1.3798993s,9.7644552s,2822,75,1
2.8000051s,1.1038308s,8.3592832s,2825,74,0
2.6911185s,1.369432s,9.8684699s,2830,75,1
2.9831043s,1.287627s,6.5443099s,2874,75,1
2.5192208s,1.1560261s,11.8720857s,2785,74,0
2.3156136s,1.1402515s,12.0756929s,2777,74,0
2.9066602s,1.4915126s,8.2549583s,2817,74,0
2.6048352s,1.0467838s,8.5567833s,2833,74,0
2.9066602s,1.3133454s,8.2549583s,2837,74,0
2.4305292s,1.0633069s,0s,2937,74,0
2.4673407s,1.1733876s,0s,2925,74,0
2.5014506s,1.2173124s,0s,2949,74,0
2.727539s,1.2126149s,5.739275s,2964,77,3
2.534936s,1.3720601s,5.9416998s,2980,77,3
2.5764148s,1.4318051s,8.856044s,2924,77,3
2.8382848s,1.1960126s,2.6181724s,3032,77,3
2.3671002s,1.1794558s,9.0653586s,2944,77,3
2.6487474s,1.3102415s,11.5804591s,2900,77,3
2.4490134s,1.1858968s,6.0346261s,2972,77,3
2.6596075s,1.0526472s,11.5717453s,2888,77,3
2.765456s,1.4186093s,11.4658968s,2896,77,3
2.7594844s,1.3766022s,5.7339558s,2988,77,3
2.6703017s,1.1516103s,11.5708518s,2916,77,3
2.6703017s,1.4276835s,11.5708518s,2920,77,3
2.6529685s,1.4335213s,2.8199071s,3024,77,3
2.3543859s,1.1487442s,3.1206034s,3012,77,3
3.2628224s,1.4962512s,2.2165825s,3004,77,3
2.897616s,1.4612489s,8.5612359s,2952,77,3
2.6936105s,1.1154763s,8.7652414s,2928,77,3
2.5031863s,1.0748551s,8.9591028s,2960,77,3
2.068479s,1.0115882s,3.4178085s,3016,77,3
2.6691226s,1.4731338s,2.8171649s,3020,77,3
2.2695268s,1.143589s,6.2417967s,2976,77,3
2.5109194s,1.1004254s,8.9623198s,2940,77,3
2.7967477s,1.4197718s,11.4807044s,2904,77,3
2.291191s,1.0720837s,6.2407703s,3000,77,3
2.6013097s,1.3793285s,11.6783649s,2884,77,3
2.7914853s,1.1391306s,5.740476s,2984,77,3
2.5895232s,1.2345287s,2.9222887s,3036,77,3
2.8332378s,1.4547373s,8.6545757s,2956,77,3
2.600159s,1.086498s,2.9193506s,3040,77,3
2.4994973s,1.0482209s,3.0200123s,3008,77,3
2.6167195s,1.3251313s,11.6755394s,2912,77,3
2.6271944s,1.2367182s,11.6702645s,2892,77,3
2.5135111s,1.4657853s,6.0391833s,2992,77,3
3.0141766s,1.2230357s,5.5402934s,2968,77,3
2.9509656s,1.3567587s,8.55447s,2948,77,3
3.025036s,1.3563239s,5.5312438s,2996,77,3
2.6162121s,1.1098337s,2.9150317s,3028,77,3
2.6502117s,1.0434262s,8.8570337s,2936,77,3
2.6333725s,1.4331305s,11.6706206s,2908,77,3
2.5500787s,1.3518423s,8.9571667s,2932,77,3
2.4280018s,1.1216262s,0s,3072,77,3
2.5110482s,1.310685s,0s,3048,77,3
2.5982693s,1.4809978s,0s,3064,77,3
2.6092759s,1.0176921s,0s,3052,77,3
3.2916325s,1.3847453s,1.3089004s,3043,78,2
2.699129s,1.2580709s,7.850159s,2987,78,2
2.4986201s,1.2061529s,2.1139351s,3055,78,2
2.6487413s,1.472426s,4.9320328s,3019,78,2
2.8084487s,1.1933342s,7.7546831s,2967,78,2
2.3113956s,1.1878165s,8.2517362s,2975,78,2
2.8084487s,1.4564088s,7.7546831s,2979,78,2
2.7531508s,1.2358838s,4.8310451s,3039,78,2
2.8766086s,1.1977148s,10.774846s,2927,78,2
2.4522139s,1.1358563s,5.131982s,3007,78,2
2.8199044s,1.2017718s,7.7456577s,2963,78,2
3.0883228s,1.3872031s,10.5661596s,2951,78,2
2.5578271s,1.1373764s,5.0293966s,3035,78,2
2.8114976s,1.0106432s,1.8132994s,3059,78,2
2.9682189s,1.2049522s,4.6272476s,3023,78,2
2.3923755s,1.0544659s,11.2703497s,2943,78,2
2.4646066s,1.2581977s,5.13206s,3031,78,2
2.470059s,1.0373286s,5.1334515s,3027,78,2
2.7267976s,1.0874048s,1.9138331s,3067,78,2
2.4033813s,1.2166366s,11.2758753s,2931,78,2
2.4033813s,1.2066507s,11.2758753s,2955,78,2
2.9300409s,1.2767488s,1.7137381s,3075,78,2
2.8310873s,1.4381174s,1.8126917s,3051,78,2
2.8049774s,1.3589552s,10.8742792s,2939,78,2
2.8877082s,1.0944862s,4.7274106s,3003,78,2
2.5420238s,1.1550832s,2.1142655s,3079,78,2
2.752779s,1.090851s,7.8521682s,2983,78,2
2.6695511s,1.3364744s,7.9547558s,2971,78,2
2.9789359s,1.4608321s,7.6479714s,2995,78,2
2.7666759s,1.1529175s,1.9130766s,3047,78,2
2.3491129s,1.1600453s,11.3718858s,2923,78,2
3.049096s,1.3038141s,10.6719027s,2959,78,2
2.3491129s,1.0835294s,11.3718858s,2935,78,2
2.1806854s,1.0379371s,8.4565744s,2991,78,2
2.6872999s,1.2002151s,7.9495039s,2999,78,2
2.4224052s,1.0572047s,5.2359187s,3011,78,2
2.7773921s,1.1424512s,1.9131896s,3071,78,2
2.5600742s,1.2302156s,11.1659851s,2947,78,2
2.7773921s,1.452175s,1.9131896s,3063,78,2
2.8338207s,1.381043s,4.8316125s,3015,78,2
2.3799934s,1.1165412s,9.1632568s,2997,78,0
2.3663855s,1.2096728s,5.9427197s,3037,78,0
2.6683006s,1.4491182s,5.6408046s,3029,78,0
2.5585402s,1.4867556s,11.8753633s,2933,78,0
2.7697048s,1.2063078s,2.2136091s,3073,78,0
2.6601665s,1.3734954s,11.7743205s,2929,78,0
2.8616606s,1.1120659s,11.5728264s,2957,78,0
2.5752318s,1.453207s,2.4126707s,3041,78,0
2.6664677s,1.0544505s,11.7720244s,2941,78,0
2.5752318s,1.2740813s,2.4126707s,3045,78,0
2.4785017s,1.2543409s,5.8360567s,3021,78,0
2.6771172s,1.3951262s,2.3132008s,3077,78,0
2.6843911s,1.238937s,5.6325828s,3017,78,0
2.6031809s,1.2880479s,8.9553659s,2981,78,0
2.5818666s,1.1706459s,2.4159522s,3065,78,0
2.8860627s,1.3337135s,11.573287s,2945,78,0
2.3981994s,1.1237806s,5.9372166s,3033,78,0
2.3145575s,1.1992149s,9.2587295s,2965,78,0
2.3254957s,1.0028083s,9.2600532s,2973,78,0
2.6068563s,1.4262282s,2.4141657s,3053,78,0
2.8275116s,1.3560714s,8.7580373s,2977,78,0
2.3087803s,1.2258391s,6.0393874s,3001,78,0
2.4060552s,1.2178262s,2.6154566s,3057,78,0
2.3023137s,1.0168851s,2.7191981s,3049,78,0
2.8252929s,1.4888363s,8.7607458s,2989,78,0
2.8067889s,1.1457756s,11.6670976s,2921,78,0
3.237871s,1.3477306s,8.3499528s,2961,78,0
2.2177067s,1.1420958s,6.1384552s,3025,78,0
3.3266559s,1.4980984s,5.0337915s,3009,78,0
2.8254426s,1.491272s,5.5350048s,3005,78,0
2.5223033s,1.0085165s,2.5156315s,3069,78,0
2.5123484s,1.1957223s,11.9904115s,2953,78,0
2.5506309s,1.3369664s,9.0660663s,2985,78,0
2.3336015s,1.0803707s,2.7185688s,3061,78,0
2.6467837s,1.3627063s,5.734959s,3013,78,0
2.6717092s,1.2580357s,8.9550367s,2993,78,0
2.6765785s,1.4769308s,8.9575294s,2969,78,0
2.4251141s,1.0554643s,0s,3093,78,0
2.4671403s,1.2451037s,0s,3101,78,0
2.5206593s,1.30133s,0s,3081,78,0
2.5523415s,1.1296354s,0s,3105,78,0
2.5978499s,1.3024037s,0s,3097,78,0
3.1123417s,1.2610151s,10.1665066s,2990,79,1
2.5058241s,1.3758642s,10.7730242s,2970,79,1
2.2623079s,1.1406883s,4.9296563s,3074,79,1
2.5716717s,1.2102159s,4.6293455s,3062,79,1
2.6240585s,1.0390086s,10.6668231s,2998,79,1
2.0666151s,1.0358813s,2.4143826s,3114,79,1
2.6261671s,1.240323s,7.5532218s,3026,79,1
2.4292092s,1.0815738s,10.8632378s,2974,79,1
3.0732484s,1.2825705s,1.4085983s,3090,79,1
2.3675837s,1.0811081s,4.8342825s,3054,79,1
2.1762093s,1.0535439s,5.0332127s,3078,79,1
2.5821645s,1.1747302s,4.6317492s,3042,79,1
2.1430754s,1.03267s,8.0494416s,3018,79,1
2.687836s,1.4833772s,4.5300028s,3050,79,1
2.1850571s,1.0218218s,2.3127622s,3110,79,1
2.539026s,1.0390086s,10.770943s,2986,79,1
2.3380398s,1.1697937s,10.9719292s,2978,79,1
2.3889597s,1.2169633s,4.8311449s,3058,79,1
2.8950731s,1.4394945s,1.6108279s,3086,79,1
2.9006313s,1.3271738s,1.6102287s,3118,79,1
2.4649164s,1.221831s,7.7469997s,3034,79,1
2.5538812s,1.1428692s,10.7703766s,2982,79,1
2.3053596s,1.0549448s,4.9290338s,3070,79,1
2.8665634s,1.2022148s,7.3453527s,3038,79,1
2.2058293s,1.0480853s,2.313973s,3082,79,1
2.9769819s,1.2864151s,7.2431317s,3010,79,1
2.7131893s,1.0460051s,1.8120079s,3102,79,1
2.5785888s,1.4715358s,7.6490395s,3030,79,1
2.4756948s,1.2298434s,7.7519335s,3014,79,1
2.7772983s,1.3467923s,7.45033s,3002,79,1
2.7200195s,1.4450487s,4.5300861s,3046,79,1
2.5227755s,1.384262s,2.0132789s,3106,79,1
2.7825643s,1.4397534s,10.5708542s,2962,79,1
2.33219s,1.0822132s,2.2113446s,3098,79,1
2.4864692s,1.114661s,7.7546076s,3006,79,1
2.1416639s,1.0775211s,2.4123307s,3094,79,1
2.0962081s,1.0546376s,11.2676704s,2966,79,1
2.4966789s,1.2241106s,10.8671996s,2994,79,1
2.6563442s,1.0694117s,4.6269414s,3066,79,1
2.6150169s,1.3791296s,7.6457914s,3022,79,1
2.7059729s,1.2045707s,12.5900213s,3076,82,3
2.7093207s,1.1411732s,9.6700543s,3100,82,3
2.9166192s,1.2581754s,12.38117s,3068,82,3
2.9429772s,1.2348514s,302.6012ms,3208,82,3
3.0662807s,1.4517467s,6.3395316s,3156,82,3
2.6234358s,1.0038313s,9.7628944s,3088,82,3
2.3236445s,1.1062915s,10.0655878s,3104,82,3
2.7659293s,1.4004502s,6.6427851s,3152,82,3
2.7511592s,1.4990402s,503.3866ms,3240,82,3
3.0698359s,1.4827551s,6.3460466s,3144,82,3
2.7357611s,1.2371206s,9.6669217s,3108,82,3
2.638191s,1.367861s,9.7644918s,3116,82,3
2.832052s,1.2503926s,12.48725s,3060,82,3
2.5859093s,1.2801193s,6.8402558s,3124,82,3
2.6812956s,1.1426672s,6.7448695s,3136,82,3
2.6320689s,1.0253061s,3.7242603s,3200,82,3
2.5850275s,1.2736788s,6.8411376s,3160,82,3
2.8688465s,1.4772599s,401.5598ms,3224,82,3
2.2485957s,1.2064005s,10.166005s,3112,82,3
2.4897795s,1.1096439s,6.9443033s,3148,82,3
2.5955998s,1.3288877s,6.8408315s,3128,82,3
2.6771778s,1.4666125s,602.5895ms,3220,82,3
2.7577226s,1.034554s,12.5839666s,3056,82,3
2.7487017s,1.144064s,3.6260145s,3164,82,3
3.0064705s,1.4321458s,6.4420433s,3140,82,3
2.4525964s,1.2728833s,3.9260815s,3188,82,3
2.3843364s,1.0378918s,904.6444ms,3232,82,3
2.4859986s,1.3795664s,804.3856ms,3236,82,3
2.99548s,1.3002017s,301.2201ms,3216,82,3
2.9640269s,1.1875924s,3.4223703s,3176,82,3
2.8748026s,1.2409778s,12.4839536s,3080,82,3
2.5653158s,1.4173043s,3.8264674s,3192,82,3
2.9805179s,1.34201s,9.4628431s,3120,82,3
2.7788663s,1.4277266s,12.5811139s,3044,82,3
2.7695945s,1.2331908s,3.6234127s,3168,82,3
2.6035707s,1.2940056s,703.8214ms,3212,82,3
2.7240258s,1.4994743s,6.7439987s,3132,82,3
2.2737109s,1.0679094s,4.1284385s,3184,82,3
2.405493s,1.0485293s,906.9593ms,3228,82,3
2.8956455s,1.2200462s,9.5604018s,3096,82,3
2.7945833s,1.0204046s,9.661464s,3084,82,3
2.291309s,1.1727942s,10.1647383s,3092,82,3
2.6858925s,1.2754058s,3.7238773s,3180,82,3
3.0896971s,1.3706119s,3.322314s,3172,82,3
2.4259226s,1.1022745s,904.5697ms,3204,82,3
2.6000572s,1.4633833s,3.8218882s,3196,82,3
2.6636706s,1.1815643s,5.635854s,3199,82,2
2.7675338s,1.2789542s,5.5357757s,3183,82,2
2.3538193s,1.1291684s,2.916288s,3223,82,2
2.6606563s,1.0306786s,2.6169644s,3235,82,2
2.7596332s,1.3048067s,8.5566038s,3151,82,2
2.86328s,1.1797558s,2.4160175s,3231,82,2
2.2900567s,1.0036633s,12.1845757s,3107,82,2
2.3958653s,1.2241828s,12.0787671s,3083,82,2
2.6715926s,1.191082s,2.6154988s,3227,82,2
2.502866s,1.1152242s,11.9812807s,3115,82,2
2.5764234s,1.2118826s,8.7567574s,3131,82,2
2.893746s,1.2991474s,5.4340207s,3179,82,2
2.6952635s,1.0813583s,5.6415691s,3195,82,2
2.1803928s,1.0935392s,3.1232376s,3207,82,2
2.7034329s,1.2724805s,5.6337167s,3187,82,2
2.5015151s,1.0870706s,5.8356345s,3171,82,2
2.3772892s,1.304994s,0s,3271,82,2
2.9950035s,1.3853676s,8.3534154s,3159,82,2
2.5965477s,1.4742112s,8.7550198s,3127,82,2
3.1369237s,1.4834457s,11.3713624s,3119,82,2
2.9152253s,1.444312s,5.4355274s,3191,82,2
2.6159927s,1.2638s,5.7375114s,3163,82,2
3.0054141s,1.4690916s,8.3535041s,3143,82,2
2.4009845s,1.0878763s,8.9612304s,3139,82,2
2.3381754s,1.102788s,12.1807581s,3099,82,2
2.5410342s,1.4762734s,11.9782521s,3087,82,2
2.7136757s,1.2015561s,2.6173896s,3215,82,2
2.415068s,1.2952081s,2.9167343s,3239,82,2
3.1567186s,1.4920976s,11.3731676s,3103,82,2
3.0332022s,1.445127s,5.3345513s,3175,82,2
2.5178687s,1.4596979s,8.8597663s,3155,82,2
2.6223286s,1.4838144s,2.7166901s,3203,82,2
2.9273168s,1.3254348s,2.4146218s,3211,82,2
2.4602159s,1.2241828s,12.0770576s,3111,82,2
2.5334789s,1.3398243s,8.8603133s,3123,82,2
2.3747864s,1.1072873s,12.1757244s,3095,82,2
2.47075s,1.3232518s,12.0797608s,3091,82,2
2.650913s,1.3150465s,5.7374651s,3167,82,2
2.7389914s,1.3445893s,2.6161845s,3219,82,2
2.5398187s,1.4052264s,8.854391s,3147,82,2
2.3305981s,1.0680403s,100.4142ms,3263,82,2
2.8479173s,1.4714981s,8.5511951s,3135,82,2
2.4991369s,1.2159125s,0s,3279,82,2
2.5039304s,1.0618591s,0s,3247,82,2
2.5237986s,1.270906s,0s,3275,82,2
2.5973644s,1.0752799s,0s,3259,82,2
2.6358002s,1.0574946s,0s,3255,82,2
2.7573915s,1.3557381s,0s,3251,82,2
2.5321836s,1.3202457s,8.2521191s,3153,82,0
2.8913511s,1.2480341s,5.1341203s,3161,82,0
2.4026382s,1.2248892s,2.4143175s,3209,82,0
3.092859s,1.2763502s,4.9326124s,3177,82,0
2.7434259s,1.3515164s,10.9755333s,3113,82,0
2.8120884s,1.0924863s,2.0115568s,3229,82,0
2.7554393s,1.2068195s,10.9676134s,3117,82,0
2.6040002s,1.3702714s,5.4340182s,3169,82,0
3.2085157s,1.4199967s,4.8329806s,3165,82,0
2.4202558s,1.2491939s,2.4127248s,3217,82,0
2.9229424s,1.4823549s,1.9100382s,3225,82,0
2.7480619s,1.2958946s,8.0522657s,3129,82,0
2.7154718s,1.2644679s,5.3304377s,3181,82,0
2.4564984s,1.1790564s,8.3552445s,3141,82,0
2.7588313s,1.2288931s,8.0529116s,3133,82,0
2.1449117s,1.0015135s,2.7169328s,3205,82,0
2.7488934s,1.4522584s,2.1129511s,3201,82,0
2.3801435s,1.1153353s,8.4546172s,3149,82,0
2.7521786s,1.1506248s,2.1152351s,3233,82,0
2.2497619s,1.0293955s,2.6176518s,3237,82,0
2.4381309s,1.2134564s,5.6383278s,3189,82,0
2.6572277s,1.0976389s,2.2107153s,3213,82,0
2.8948721s,1.2924472s,10.8729474s,3089,82,0
2.5569668s,1.1048729s,5.5351889s,3193,82,0
2.8780929s,1.4404364s,2.0121686s,3221,82,0
2.7050719s,1.1046714s,8.1554148s,3137,82,0
2.7247934s,1.4163749s,11.071937s,3109,82,0
2.4721546s,1.2099784s,5.6374729s,3197,82,0
2.9307781s,1.1305917s,10.8714528s,3085,82,0
2.7156836s,1.2854938s,8.1557692s,3145,82,0
2.8783477s,1.3235845s,5.2342738s,3185,82,0
2.7207734s,1.3654421s,8.1527712s,3125,82,0
2.7265518s,1.1993894s,8.1469928s,3121,82,0
2.6839153s,1.2179937s,5.430798s,3173,82,0
2.7265518s,1.2386549s,8.1469928s,3157,82,0
2.2890764s,1.0452829s,0s,3253,82,0
2.3315987s,1.036611s,0s,3245,82,0
2.596903s,1.4440105s,5.838798s,3214,83,1
3.0984683s,1.4772926s,2.3176792s,3242,83,1
3.0984683s,1.4795924s,2.3176792s,3254,83,1
2.7354097s,1.1691322s,12.0802366s,3146,83,1
2.6029822s,1.3577106s,5.8413671s,3222,83,1
2.4086776s,1.1977306s,6.0375394s,3218,83,1
2.6573591s,1.2463808s,8.9586277s,3194,83,1
2.4092863s,1.1708321s,3.0173772s,3262,83,1
3.1697698s,1.2988025s,8.4680836s,3162,83,1
2.6675234s,1.4157921s,8.97033s,3166,83,1
2.3632524s,1.2405974s,12.4829596s,3138,83,1
3.0673884s,1.4783001s,11.7788236s,3126,83,1
2.2647439s,1.1309288s,12.5814681s,3134,83,1
2.3739s,1.0193024s,9.2639534s,3182,83,1
3.0195535s,1.1153729s,5.4485301s,3230,83,1
3.1650961s,1.2567148s,11.6811159s,3154,83,1
2.4677634s,1.3224124s,9.17009s,3186,83,1
2.6317196s,1.46865s,5.8375066s,3210,83,1
2.7192089s,1.2370066s,5.7488747s,3202,83,1
2.6392051s,1.2853244s,5.8320712s,3238,83,1
2.5227743s,1.4426209s,2.9257558s,3246,83,1
2.4366574s,1.150083s,6.0346189s,3234,83,1
2.7743626s,1.4767459s,8.8634908s,3190,83,1
2.3409391s,1.1942092s,6.1393285s,3226,83,1
2.6407518s,1.3802203s,2.8204059s,3274,83,1
2.4742226s,1.2805619s,12.3891378s,3158,83,1
2.8988586s,1.182017s,11.9771463s,3122,83,1
2.9140519s,1.2845785s,8.7535944s,3174,83,1
2.8067167s,1.0963519s,8.8609296s,3178,83,1
2.7105964s,1.3184598s,8.9570499s,3170,83,1
3.0695528s,1.3133696s,2.4139984s,3250,83,1
2.3884505s,1.256235s,0s,3302,83,1
3.2083586s,1.4900177s,11.6783857s,3142,83,1
2.924308s,1.2824453s,8.7540777s,3198,83,1
3.2083586s,1.3876732s,11.6783857s,3130,83,1
2.8698111s,1.2380852s,2.6192513s,3270,83,1
2.882889s,1.500015s,5.6319753s,3206,83,1
2.5772725s,1.0185216s,2.9180383s,3278,83,1
2.6163426s,1.4115886s,12.2766501s,3150,83,1
2.3881519s,1.1286693s,3.119714s,3266,83,1
2.6910238s,1.4608236s,2.8168421s,3258,83,1
2.2109065s,1.0306262s,201.525ms,3298,83,1
2.4737475s,1.2365853s,0s,3310,83,1
2.4872599s,1.0615303s,0s,3290,83,1
2.5934967s,1.0505804s,0s,3286,83,1
2.625878s,1.1364482s,0s,3306,83,1
2.7763524s,1.1915234s,0s,3282,83,1
2.4592673s,1.2513506s,6.0415337s,3308,85,3
2.4592673s,1.0879543s,6.0415337s,3292,85,3
2.4692878s,1.3510021s,6.0365086s,3316,85,3
3.0071092s,1.429399s,8.5594417s,3272,85,3
2.7325698s,1.4095968s,2.9176756s,3336,85,3
2.8163571s,1.4517133s,8.7527338s,3248,85,3
2.8163571s,1.3395324s,8.7534299s,3252,85,3
2.6377539s,1.4190313s,3.019481s,3340,85,3
2.4798002s,1.3185913s,6.0464174s,3312,85,3
2.6244169s,1.2880174s,8.9625552s,3264,85,3
2.4901652s,1.0842544s,6.0367841s,3296,85,3
2.5527242s,1.2786331s,3.1182489s,3328,85,3
2.95826s,1.2062933s,2.717293s,3360,85,3
2.8612926s,1.3525374s,2.8198024s,3332,85,3
2.8388836s,1.2223667s,8.7589421s,3256,85,3
2.7644639s,1.0043308s,2.9166311s,3324,85,3
2.4285219s,1.1589559s,301.7023ms,3384,85,3
2.7333904s,1.4926934s,0s,3380,85,3
2.574231s,1.3844016s,3.1212183s,3356,85,3
2.6795472s,1.0658238s,3.0177404s,3348,85,3
3.0607545s,1.4830489s,8.5589072s,3244,85,3
2.8605213s,1.1987408s,8.7591404s,3276,85,3
2.7209589s,1.3765519s,5.8400329s,3288,85,3
2.6671711s,1.1648401s,8.9565032s,3280,85,3
2.6267771s,1.1647337s,5.9378497s,3300,85,3
2.690081s,1.2328475s,3.0185696s,3352,85,3
2.7542591s,1.1831657s,0s,3396,85,3
2.7731539s,1.1772431s,8.8554967s,3268,85,3
2.7964677s,1.3870906s,2.921583s,3344,85,3
2.4384289s,1.3486825s,6.1401421s,3320,85,3
2.3637068s,1.0672512s,403.3354ms,3376,85,3
2.6714157s,1.3082658s,100.2971ms,3400,85,3
2.4704168s,1.0732639s,301.296ms,3364,85,3
2.4965137s,1.1317711s,9.1535189s,3260,85,3
2.8559762s,1.4892831s,5.7380682s,3284,85,3
2.5535482s,1.1670455s,6.0404962s,3304,85,3
2.8933961s,1.3417932s,0s,3372,85,3
3.030447s,1.4847164s,0s,3392,85,3
3.0836245s,1.4014673s,0s,3388,85,3
2.5735819s,1.3473081s,9.7597453s,3319,86,2
2.4715292s,1.2596395s,9.861798s,3311,86,2
3.0665044s,1.4646153s,6.2435379s,3331,86,2
2.4519025s,1.3328971s,805.3926ms,3427,86,2
2.8556771s,1.466775s,402.2287ms,3435,86,2
2.4725378s,1.1716633s,6.8443008s,3359,86,2
2.3829521s,1.032763s,3.7244292s,3395,86,2
2.7886882s,1.4326193s,3.3186931s,3399,86,2
2.7250453s,1.2907227s,8.253908s,3289,86,0
2.7794228s,1.4478892s,5.0349996s,3349,86,0
2.8881269s,1.4808395s,6.4447945s,3335,86,2
2.2955598s,1.085592s,3.8242208s,3371,86,2
2.3973818s,1.1004349s,9.9650389s,3307,86,2
2.3849568s,1.1601015s,5.4357935s,3353,86,0
2.7811458s,1.3435371s,503.8538ms,3423,86,2
2.3974973s,1.2045702s,6.9441012s,3339,86,2
2.5303858s,1.2425226s,2.5132909s,3377,86,0
2.6035154s,1.2006432s,6.7422028s,3347,86,2
2.3123444s,1.0564506s,10.0662015s,3287,86,2
2.5147561s,1.3623497s,9.8637898s,3295,86,2
2.9215604s,1.4264697s,9.4569855s,3291,86,2
2.4413077s,1.2447689s,8.5537708s,3301,86,0
2.6000666s,1.2196542s,5.2309014s,3345,86,0
2.5130258s,1.028229s,3.6233004s,3363,86,2
3.2131408s,1.4976129s,6.1359058s,3327,86,2
2.4918342s,1.0138459s,806.2358ms,3403,86,2
3.3084746s,1.4044482s,12.3860389s,3267,86,2
2.7044551s,1.1306262s,5.1335855s,3341,86,0
2.2019095s,1.1193225s,5.6361311s,3329,86,0
2.8199868s,1.3979556s,3.323412s,3375,86,2
2.8330636s,1.4527866s,11.3734874s,3269,86,0
2.6444411s,1.1820895s,8.3581304s,3305,86,0
3.0141161s,1.4768124s,6.3424235s,3323,86,2
2.5027398s,1.3539066s,5.3353008s,3333,86,0
2.598861s,1.4655837s,703.4289ms,3439,86,2
3.0141161s,1.3450821s,6.3424235s,3355,86,2
3.0294993s,1.3183144s,9.3613432s,3299,86,2
2.5460455s,1.2583766s,11.6695347s,3277,86,0
2.8378465s,1.3819206s,9.5572216s,3315,86,2
2.6302376s,1.4550266s,3.5221904s,3379,86,2
3.1645309s,1.4951989s,7.8470698s,3297,86,0
2.6302376s,1.2241797s,3.5221904s,3383,86,2
2.7388334s,1.0230629s,9.6579403s,3303,86,2
2.8578998s,1.2091256s,2.2114528s,3365,86,0
2.3267056s,1.025479s,7.0405688s,3343,86,2
2.357209s,1.0270346s,2.716708s,3381,86,0
2.3102855s,1.1358228s,1.0073036s,3411,86,2
2.4494616s,1.1978177s,11.7735449s,3273,86,0
3.0690246s,1.3307603s,7.9500024s,3317,86,0
2.7673135s,1.1550866s,8.2517135s,3313,86,0
3.0189799s,1.3425905s,302.0324ms,3415,86,2
2.8411089s,1.4228629s,3.3251694s,3387,86,2
2.3405044s,1.1585582s,3.8257739s,3367,86,2
2.562292s,1.3627829s,2.5192053s,3373,86,0
2.6238509s,1.3558793s,704.6818ms,3419,86,2
2.6676844s,1.3101972s,2.4171762s,3385,86,0
2.4665851s,1.405136s,2.6182755s,3389,86,0
2.6314841s,1.3118486s,5.2350895s,3337,86,0
2.4772182s,1.3240367s,8.5538863s,3309,86,0
2.5668869s,1.1138106s,11.6681971s,3265,86,0
2.9472324s,1.0969285s,12.7763501s,3243,86,2
3.3313429s,1.4497496s,0s,3407,87,2
2.6314841s,1.3234625s,5.2350895s,3321,86,0
2.5581853s,1.3332327s,9.8601855s,3283,87,2
2.8793868s,1.170463s,2.2115629s,3393,86,0
2.6783399s,1.4117308s,2.4126098s,3361,86,0
2.4877948s,1.3052041s,8.5544449s,3293,86,0
2.4707806s,1.364057s,11.7757798s,3261,86,0
2.545685s,1.115406s,5.332365s,3325,86,0
2.7528335s,1.3900661s,6.6437155s,3351,87,2
2.288661s,1.1100076s,8.7576269s,3281,86,0
2.8447795s,1.46934s,501.2268ms,3431,87,2
2.5659973s,1.1612116s,3.6211179s,3391,87,2
2.5567145s,1.2454945s,5.3356823s,3357,86,0
2.5883221s,1.4937892s,11.6757942s,3257,86,0
2.7000475s,1.1561586s,2.4161356s,3397,86,0
3.3038033s,1.4787378s,1.8123798s,3369,86,0
3.2039795s,1.4025636s,11.0673573s,3249,86,0
2.5192683s,1.231498s,8.548089s,3285,86,0
2.6947846s,1.4709772s,11.5772414s,3241,86,0
2.7367282s,1.3206562s,6.242881s,3378,87,1
3.0454509s,1.4652127s,5.9357708s,3386,87,1
2.7189732s,1.3011758s,3.2167976s,3434,87,1
3.1957358s,1.4175469s,12.0695126s,3314,87,1
2.54589s,1.0245063s,6.4353317s,3390,87,1
2.728453s,1.4526892s,9.2565808s,3354,87,1
2.6245157s,1.2182095s,3.3169956s,3414,87,1
2.778524s,1.3858917s,100.705ms,3478,87,1
2.7586452s,1.4484878s,6.239209s,3370,87,1
2.6316956s,1.0747648s,3.3207077s,3402,87,1
2.4616983s,1.3258425s,6.5390184s,3362,87,1
3.0441365s,1.2966654s,2.9186281s,3418,87,1
2.7429926s,1.4268175s,3.219772s,3438,87,1
2.7022415s,1.2445951s,201.3735ms,3450,87,1
2.6531905s,1.1670638s,3.3198215s,3422,87,1
2.4478381s,1.3040692s,3.5251739s,3426,87,1
2.3768676s,1.0086513s,6.6451284s,3394,87,1
2.5106092s,1.1351261s,401.7472ms,3466,87,1
2.7710741s,1.3735038s,9.2555698s,3346,87,1
3.065613s,1.3334579s,2.9182757s,3410,87,1
2.2169432s,1.0845618s,704.999ms,3470,87,1
2.3660266s,1.033588s,3.6215286s,3406,87,1
2.5822685s,1.4796284s,9.457764s,3350,87,1
2.9828099s,1.4852578s,9.0572226s,3358,87,1
2.7819568s,1.2593695s,9.2580757s,3334,87,1
2.4883542s,1.3218866s,9.5600364s,3342,87,1
2.8502537s,1.4482081s,12.47894s,3294,87,1
2.7047538s,1.0970115s,6.3418897s,3374,87,1
2.5925786s,1.2147237s,9.4572885s,3326,87,1
3.0032236s,1.419395s,9.0501705s,3322,87,1
2.7445245s,1.3157827s,201.3204ms,3446,87,1
2.4941475s,1.1337508s,3.5199459s,3430,87,1
2.6032948s,1.0728173s,9.4594731s,3330,87,1
2.4189055s,1.2933506s,6.6406388s,3398,87,1
2.4474841s,1.070668s,502.5331ms,3474,87,1
2.5249867s,1.2023367s,6.5389957s,3366,87,1
2.5249867s,1.2261621s,6.5389957s,3382,87,1
2.2519954s,1.0257413s,704.3963ms,3462,87,1
2.8607003s,1.4993604s,100.3377ms,3442,87,1
2.7180658s,1.1206966s,9.3601862s,3338,87,1
3.2808031s,1.4826255s,12.078252s,3318,87,1
3.0113699s,1.1855069s,0s,3458,87,1
3.156124s,1.4358165s,0s,3454,88,1
2.9858347s,1.4120198s,1.4086153s,3528,90,3
2.4869461s,1.3367508s,1.9110366s,3532,90,3
2.8928269s,1.2491229s,1.5119522s,3524,90,3
2.2759932s,1.1516542s,8.0543628s,3472,90,3
2.8988901s,1.4997159s,4.4269456s,3492,90,3
2.3848336s,1.1637856s,7.9495655s,3452,90,3
3.189674s,1.4189328s,13.1811369s,3368,90,3
2.3967228s,1.0491226s,4.9291129s,3504,90,3
2.5157825s,1.0046446s,10.6653544s,3404,90,3
2.5183726s,1.1436141s,10.6638631s,3436,90,3
2.9149162s,1.225529s,1.5095015s,3552,90,3
2.5019606s,1.3335523s,7.8543978s,3460,90,3
2.6020221s,1.1681642s,7.7543363s,3444,90,3
2.9170135s,1.3654114s,4.4307815s,3488,90,3
2.7362216s,1.0717703s,10.4686629s,3440,90,3
2.2317863s,1.0870861s,10.9730982s,3424,90,3
3.0085634s,1.1094256s,7.3495833s,3468,90,3
2.9244381s,1.3158206s,1.5081317s,3540,90,3
2.3204909s,1.0359559s,2.1120789s,3560,90,3
2.5212639s,1.2773726s,1.9113059s,3548,90,3
2.7087938s,1.3417573s,7.6493529s,3456,90,3
2.428746s,1.2003s,4.9334006s,3512,90,3
2.8467378s,1.363763s,10.37071s,3428,90,3
2.7302629s,1.0165559s,7.6475622s,3476,90,3
2.636459s,1.2018224s,4.7365759s,3496,90,3
2.7623485s,1.0258969s,10.4659876s,3420,90,3
2.6482328s,1.2588102s,1.8113285s,3536,90,3
2.7675987s,1.4343935s,10.4666553s,3408,90,3
2.4346304s,1.279159s,7.9528858s,3448,90,3
2.647352s,1.3962865s,4.7350326s,3484,90,3
2.7568206s,1.4028686s,4.6290918s,3520,90,3
2.5794172s,1.2451249s,10.6669545s,3412,90,3
2.7784368s,1.1348621s,10.4679349s,3432,90,3
2.8640515s,1.4827766s,4.5283025s,3500,90,3
2.2603519s,1.0909363s,5.135524s,3508,90,3
2.4686774s,1.0377396s,2.0142676s,3556,90,3
2.7728831s,1.4832721s,1.7118544s,3544,90,3
2.7677127s,1.3272541s,4.6340383s,3516,90,3
2.6840817s,1.3894494s,10.5729705s,3416,90,3
2.9661128s,1.2830526s,7.4472373s,3464,90,3
2.6661456s,1.2146186s,7.7505545s,3480,90,3
2.1705329s,1.0191485s,0s,3569,90,0
2.2813331s,1.1953773s,2.7172489s,3557,90,0
2.7847432s,1.4157679s,8.1530005s,3461,90,0
2.4876415s,1.002562s,8.458793s,3465,90,0
2.5894147s,1.4917247s,8.3570198s,3449,90,0
2.7346432s,1.2318929s,11.3732457s,3421,90,0
2.6952618s,1.2826622s,8.2549864s,3457,90,0
2.8032289s,1.4756611s,2.2143071s,3545,90,0
2.8188919s,1.1081539s,5.3344597s,3481,90,0
2.8058717s,1.30846s,8.1533516s,3469,90,0
2.418177s,1.1763435s,5.7407374s,3489,90,0
3.13329s,1.412399s,5.0314491s,3509,90,0
3.1576407s,1.2465615s,10.9706108s,3433,90,0
3.0533144s,1.4688689s,11.0749371s,3401,90,0
2.932319s,1.4253935s,5.2324201s,3505,90,0
2.5558012s,1.0339184s,11.5724503s,3429,90,0
2.6342225s,1.3587265s,5.5332549s,3513,90,0
2.9639286s,1.2295262s,11.1714971s,3409,90,0
2.8242105s,1.3342557s,2.2144128s,3533,90,0
2.7286479s,1.3059299s,2.3133474s,3549,90,0
2.7286479s,1.3466946s,2.3133474s,3541,90,0
2.4242484s,1.0565806s,8.5569086s,3441,90,0
2.429338s,1.214143s,8.5546882s,3445,90,0
3.072777s,1.4995124s,11.0741844s,3405,90,0
2.6742728s,1.3353128s,11.4743743s,3413,90,0
2.2699884s,1.0411519s,11.8786587s,3437,90,0
2.3381772s,1.1709476s,8.6572218s,3473,90,0
2.6556779s,1.1791259s,5.5338494s,3501,90,0
2.5632086s,1.3628495s,5.6349241s,3485,90,0
2.2461996s,1.1967351s,8.7578048s,3453,90,0
2.3481418s,1.0741979s,2.7167009s,3521,90,0
2.5632086s,1.1259432s,5.6349241s,3493,90,0
2.5881366s,1.3335435s,11.5735085s,3417,90,0
2.5692941s,1.3233135s,5.6360256s,3497,90,0
2.2602711s,1.1197818s,2.8143377s,3525,90,0
2.6757542s,1.1226885s,5.532476s,3517,90,0
2.5595579s,1.1357815s,2.5153823s,3529,90,0
2.9013742s,1.4100683s,11.2703684s,3425,90,0
2.2601378s,1.0464673s,0s,3573,90,0
2.7711917s,1.2191303s,2.3153797s,3537,90,0
2.7744313s,1.2726829s,8.2543378s,3477,90,0
2.4750311s,1.115591s,2.6145763s,3553,90,0
2.3491028s,1.1853038s,0s,3581,90,0
2.3985609s,1.1308275s,0s,3597,90,0
2.5066049s,1.2284055s,0s,3561,90,0
2.5152623s,1.2045501s,0s,3577,90,0
2.5540167s,1.3072821s,7.1454463s,3511,91,2
2.550154s,1.1270634s,4.1264486s,3547,91,2
2.7540031s,1.1633364s,3.9253506s,3535,91,2
3.0582436s,1.4850372s,3.6252553s,3543,91,2
2.4055639s,1.2333939s,10.366985s,3479,91,2
2.6132613s,1.2048197s,10.167362s,3475,91,2
2.8698854s,1.4491944s,3.8236578s,3559,91,2
2.8698854s,1.350469s,3.8236578s,3523,91,2
2.7750299s,1.1814529s,3.9231106s,3531,91,2
2.8777569s,1.493493s,3.8231588s,3551,91,2
2.8342783s,1.373381s,9.9556874s,3447,91,2
2.5401959s,1.2323051s,1.1083428s,3591,91,2
2.8459179s,1.2861239s,805.903ms,3579,91,2
2.646796s,1.3267015s,1.0089268s,3571,91,2
3.0009566s,1.2532859s,6.7460757s,3491,91,2
2.8039269s,1.2934288s,6.9440891s,3515,91,2
2.3495381s,1.0811668s,1.3078233s,3599,91,2
3.0556286s,1.4987979s,603.5999ms,3575,91,2
2.7579518s,1.2295033s,905.5846ms,3595,91,2
2.9617936s,1.4790346s,705.147ms,3583,91,2
2.8516555s,1.4864562s,9.9720614s,3443,91,2
3.0559841s,1.2165676s,9.7677328s,3463,91,2
2.5189373s,1.018639s,7.2516547s,3487,91,2
2.3741258s,1.2832538s,1.3077213s,3563,91,2
2.7348987s,1.3016257s,7.0441511s,3503,91,2
2.5323183s,1.0987641s,7.2467315s,3483,91,2
2.5323183s,1.1589412s,7.2467315s,3519,91,2
2.9703627s,1.4927543s,9.8646712s,3471,91,2
3.0330659s,1.2161839s,6.7459839s,3499,91,2
2.6706634s,1.3695063s,10.1643705s,3455,91,2
2.5323183s,1.1379778s,7.2467315s,3507,91,2
3.0824481s,1.2371071s,605.2922ms,3567,91,2
2.4757103s,1.0371809s,10.3668077s,3467,91,2
2.6890286s,1.2547503s,1.0068274s,3587,91,2
2.5760464s,1.2197166s,10.2671032s,3451,91,2
2.6265064s,1.3754547s,4.1275932s,3527,91,2
2.6471678s,1.1984986s,7.1443939s,3495,91,2
2.7336334s,1.1074515s,4.0255191s,3555,91,2
2.5293643s,1.1062546s,4.2297882s,3539,91,2
2.3798695s,1.1439424s,10.468333s,3459,91,2
2.336622s,1.0646963s,6.0391018s,3554,91,1
3.2562967s,1.3830721s,2.5180371s,3586,91,1
2.5502096s,1.030467s,5.8350206s,3542,91,1
2.4454876s,1.3534517s,5.9397426s,3530,91,1
2.7257793s,1.2045091s,8.4525249s,3502,91,1
2.8649646s,1.2870779s,2.9166766s,3590,91,1
2.2501487s,1.030467s,6.137799s,3550,91,1
2.1645357s,1.0410422s,3.6219406s,3594,91,1
2.4661932s,1.126733s,5.9374472s,3558,91,1
2.5638729s,1.2117045s,5.8397675s,3534,91,1
2.3365495s,1.1900113s,8.8643441s,3514,91,1
2.7808025s,1.4107268s,3.0207106s,3566,91,1
2.2484263s,1.1942595s,8.9622496s,3486,91,1
2.7916293s,1.2638114s,3.0196661s,3570,91,1
2.7672602s,1.3087197s,8.4527541s,3490,91,1
2.706732s,1.2908001s,3.1180724s,3582,91,1
2.5708653s,1.1779118s,0s,3622,91,1
2.6102039s,1.3581262s,3.2203493s,3562,91,1
2.4022961s,1.2596721s,6.0345636s,3522,91,1
2.4823054s,1.1635807s,100.946ms,3634,91,1
2.7175827s,1.0424725s,3.1223188s,3598,91,1
2.6063065s,1.4798399s,5.8399015s,3526,91,1
2.5104856s,1.2221111s,5.9383021s,3538,91,1
2.3870534s,1.0555788s,8.8592963s,3498,91,1
2.1103632s,1.0210484s,6.3429125s,3546,91,1
2.6311881s,1.1831292s,3.2177997s,3578,91,1
2.793074s,1.38014s,8.4552943s,3494,91,1
2.5987949s,1.3550204s,8.6563917s,3518,91,1
2.6421564s,1.1538796s,3.2177191s,3574,91,1
2.3124564s,1.035123s,8.9505557s,3506,91,1
2.7154698s,1.4407166s,8.5475423s,3510,91,1
2.3098516s,1.0650983s,8.9531605s,3482,91,1
2.6141911s,1.1820103s,0s,3602,91,1
2.7294763s,1.5002543s,0s,3630,91,1
2.7404126s,1.4547573s,0s,3638,91,1
2.7829268s,1.126701s,0s,3606,91,1
2.8590294s,1.2664719s,0s,3618,91,1
2.9021018s,1.1506406s,0s,3614,91,1
2.9234668s,1.4028042s,0s,3626,91,1
3.0076566s,1.2884804s,0s,3610,92,1
2.8114995s,1.4209012s,2.8191502s,3716,94,3
3.1029116s,1.3718612s,5.6348277s,3672,94,3
2.6538373s,1.2570518s,12.0808425s,3580,94,3
2.7580763s,1.4079931s,11.97901s,3588,94,3
2.542628s,1.0155643s,100.0922ms,3744,94,3
2.928535s,1.2003033s,2.7160091s,3712,94,3
2.7640563s,1.2630156s,11.9771069s,3584,94,3
2.408502s,1.1338544s,6.3430839s,3668,94,3
2.51095s,1.1303623s,6.2406359s,3648,94,3
2.9389265s,1.2639269s,2.7133674s,3692,94,3
2.3155534s,1.1498639s,6.440092s,3660,94,3
3.1795918s,1.3507495s,8.7562942s,3616,94,3
2.3707011s,1.0872952s,12.3786819s,3568,94,3
2.4860556s,1.022024s,12.2693856s,3572,94,3
2.6933525s,1.224408s,9.2521032s,3640,94,3
2.3625025s,1.1391683s,302.2847ms,3748,94,3
2.4646188s,1.3661689s,200.8637ms,3728,94,3
2.8549104s,1.4632038s,2.8197352s,3720,94,3
2.7401781s,1.4847837s,6.0393187s,3652,94,3
2.702226s,1.2572495s,9.2610356s,3624,94,3
2.103743s,1.0400141s,9.8615528s,3620,94,3
2.6631616s,1.2521251s,3.0191909s,3704,94,3
2.7100328s,1.0625403s,9.2572596s,3636,94,3
2.7689365s,1.2908069s,2.9154126s,3700,94,3
2.3897864s,1.1570192s,301.8229ms,3752,94,3
2.8099855s,1.3117552s,11.9763765s,3564,94,3
2.6960641s,1.4137007s,0s,3736,94,3
2.6181528s,1.1351744s,12.1770864s,3600,94,3
2.6181528s,1.3483065s,12.1770864s,3592,94,3
2.6113573s,1.0956758s,12.1838819s,3576,94,3
2.6653087s,1.4346838s,6.1403532s,3644,94,3
2.278608s,1.0461984s,3.4237024s,3684,94,3
2.5643982s,1.3843128s,6.2412637s,3656,94,3
2.4027253s,1.3073415s,301.4406ms,3732,94,3
2.8312098s,1.1412268s,9.1612157s,3612,94,3
2.5322993s,1.3674933s,9.4621329s,3628,94,3
2.1765491s,1.0177371s,6.6382913s,3676,94,3
2.6285919s,1.4435822s,12.1758258s,3596,94,3
2.6279856s,1.3614149s,9.3664466s,3608,94,3
2.6300779s,1.4922202s,9.3643543s,3604,94,3
2.6408044s,1.1745803s,9.3536278s,3632,94,3
2.5110705s,1.1427861s,201.4745ms,3760,94,3
2.8011231s,1.1906836s,2.9162104s,3696,94,3
3.0018239s,1.4742803s,2.7155096s,3708,94,3
2.9844726s,1.2585749s,5.8362124s,3680,94,3
2.4897093s,1.2138635s,6.3402166s,3664,94,3
2.6055737s,1.4462582s,3.1210007s,3688,94,3
2.7482684s,1.4220239s,0s,3740,94,3
3.0873862s,1.2746913s,0s,3756,94,3
2.5708479s,1.3514086s,3.5231847s,3711,94,2
3.1841204s,1.3530264s,9.35815s,3635,94,2
3.1837211s,1.4458799s,2.9161259s,3703,94,2
2.9837971s,1.4149715s,9.5584733s,3639,94,2
2.9192659s,1.4400374s,0s,3735,94,2
2.5056367s,1.0545749s,6.7426591s,3651,94,2
3.2999729s,1.4274627s,9.2573208s,3607,94,2
2.6940929s,1.460217s,3.4207774s,3687,94,2
2.516185s,1.2840808s,6.7411358s,3663,94,2
2.6224602s,1.2110886s,6.6413086s,3667,94,2
2.5006641s,1.1310046s,10.0656032s,3603,94,2
2.7405941s,1.4900428s,201.2568ms,3755,94,2
2.7075863s,1.0721023s,9.8628988s,3619,94,2
2.5050044s,1.2185266s,3.6233732s,3719,94,2
2.5038824s,1.2041164s,10.0669118s,3615,94,2
2.6069281s,1.1082195s,9.963557s,3631,94,2
2.7086311s,1.1103219s,3.4231735s,3695,94,2
2.8315136s,1.0555845s,6.4427415s,3659,94,2
2.9503971s,1.4553177s,0s,3747,95,2
2.1487318s,1.05475s,803.367ms,3751,95,2
3.1421346s,1.4786714s,6.1358199s,3655,95,2
2.9204189s,1.1773642s,3.2208369s,3715,95,2
2.6571811s,1.4158932s,302.0367ms,3723,95,2
2.7662325s,1.2211512s,200.7995ms,3739,95,2
2.9549824s,1.4535962s,6.342369s,3675,95,2
2.730924s,1.2591459s,3.4239769s,3699,95,2
2.6325123s,1.1763368s,3.5239906s,3683,95,2
2.6590374s,1.2897693s,6.6447232s,3647,95,2
2.7409492s,1.4136951s,3.4203609s,3691,95,2
2.546898s,1.0797263s,3.6222781s,3707,95,2
2.3850189s,1.1221324s,603.5641ms,3731,95,2
2.6886472s,1.3682265s,301.7304ms,3759,95,2
2.2859309s,1.0033779s,704.4467ms,3727,95,2
2.5571614s,1.3510426s,10.0667015s,3623,95,2
2.6859431s,1.4324313s,6.6379469s,3671,95,2
2.6859431s,1.2220409s,6.6379469s,3679,95,2
2.4849598s,1.002266s,6.8389302s,3643,95,2
3.0779219s,1.3510426s,9.5552295s,3627,95,2
2.9708261s,1.2703513s,9.6623253s,3611,95,2
2.9091271s,1.3477346s,100.2373ms,3743,95,2
3.0948542s,1.3946694s,6.4415267s,3661,94,0
3.1129815s,1.3896414s,12.6718067s,3589,94,0
2.4429689s,1.0886331s,3.7259114s,3713,94,0
2.7503312s,1.4576913s,3.4185491s,3705,94,0
2.4073346s,1.1906518s,603.0921ms,3749,94,0
2.8560967s,1.1811316s,3.3252806s,3693,94,0
2.6020939s,1.230217s,6.9476335s,3665,94,0
2.6020939s,1.0727527s,6.9476335s,3657,94,0
2.4538171s,1.3070694s,3.7279802s,3701,94,0
3.1605174s,1.4734656s,3.0212799s,3689,94,0
2.8078533s,1.2678293s,6.7433616s,3677,94,0
3.0086269s,1.4099715s,6.542588s,3669,94,0
2.9222978s,1.2401776s,9.7680214s,3601,94,0
2.8341534s,1.4702983s,9.8596278s,3621,94,0
2.7270537s,1.4582068s,13.079709s,3585,94,0
3.1345763s,1.4410137s,9.5592049s,3637,94,0
2.4277521s,1.2538877s,603.2003ms,3757,94,0
2.7354472s,1.425737s,301.9539ms,3741,94,0
2.423881s,1.2516716s,7.1423876s,3649,94,0
2.6807103s,1.2922551s,3.5239648s,3681,94,0
2.6413696s,1.3216658s,402.7881ms,3737,94,0
2.8881114s,1.3070694s,3.3180157s,3709,94,0
2.740146s,1.3126614s,13.081889s,3593,94,0
2.9438924s,1.4756083s,9.7651611s,3617,94,0
2.8478622s,1.3357757s,9.8611913s,3609,94,0
2.446914s,1.0794716s,602.5554ms,3725,94,0
2.8511651s,1.4384483s,200.2231ms,3721,94,0
2.6377726s,1.1095551s,6.9480717s,3645,94,0
2.750745s,1.1761487s,13.0826571s,3565,94,0
2.3563688s,1.3051137s,10.3640518s,3625,94,0
2.6485045s,1.3827686s,6.940874s,3673,94,0
2.602721s,1.1970015s,3.6183074s,3697,94,0
3.0620787s,1.3647347s,0s,3733,95,0
2.6650677s,1.1099488s,10.0631941s,3605,95,0
2.3674143s,1.0187351s,10.3673172s,3633,95,0
2.6729417s,1.3400217s,402.5553ms,3745,95,0
3.3683501s,1.4767443s,6.2429681s,3653,95,0
2.7231246s,1.4316188s,3.5211479s,3685,95,0
2.3883568s,1.1650277s,10.3697837s,3629,95,0
2.2306625s,1.1699901s,4.0245516s,3717,95,0
3.0060651s,1.4702983s,9.7518565s,3613,95,0
2.6767213s,1.093659s,6.9472494s,3641,95,0
2.6935337s,1.2360231s,402.7092ms,3729,95,0
2.6935337s,1.0687132s,402.7092ms,3753,95,0
2.5419293s,1.1190619s,1.5085984s,3790,96,1
2.5145925s,1.4105995s,4.6237151s,3754,96,1
2.5151183s,1.1859758s,10.5668356s,3666,96,1
2.7168302s,1.1353853s,10.3651237s,3658,96,1
2.4207476s,1.2776256s,10.6612063s,3674,96,1
2.5612173s,1.2732955s,7.64502s,3706,96,1
3.2511007s,1.4202903s,804.3884ms,3766,96,1
3.0679297s,1.4327639s,7.1420222s,3702,96,1
2.3654225s,1.0966281s,7.8445294s,3698,96,1
2.8587829s,1.4294338s,1.2060798s,3770,96,1
2.7278138s,1.2967055s,10.3655509s,3646,96,1
2.441236s,1.222693s,10.662843s,3650,96,1
2.5464876s,1.0951608s,10.5697676s,3654,96,1
2.5926401s,1.3292862s,7.6478985s,3718,96,1
2.797206s,1.4056219s,7.4485438s,3714,96,1
2.2476688s,1.110717s,10.8737976s,3662,96,1
2.6891232s,1.2933533s,1.4093387s,3786,96,1
2.5950853s,1.4294338s,1.5085115s,3798,96,1
2.8757166s,1.0817525s,10.2609432s,3642,96,1
2.2692303s,1.1021333s,10.8667435s,3670,96,1
2.4118265s,1.0315863s,7.8491167s,3710,96,1
2.5002409s,1.1941263s,1.609502s,3774,96,1
2.3648965s,1.0119281s,4.8297021s,3734,96,1
2.4707251s,1.2216662s,4.7343268s,3738,96,1
2.6246885s,1.4971425s,7.6482931s,3694,96,1
2.9251519s,1.3097023s,7.3478297s,3686,96,1
2.5774725s,1.3053473s,4.6323039s,3722,96,1
2.2808676s,1.1125543s,4.9326786s,3730,96,1
3.0848557s,1.4011267s,4.1286905s,3750,96,1
2.7204403s,1.347966s,1.4087737s,3782,96,1
2.6001009s,1.4186739s,10.5648026s,3678,96,1
2.8409961s,1.021287s,7.4481908s,3682,96,1
2.8268802s,1.2207438s,1.3095213s,3762,96,1
2.1427896s,1.0271808s,8.1490845s,3690,96,1
2.9321335s,1.3023995s,1.2069552s,3778,96,1
2.7967847s,1.4892492s,4.4271597s,3726,96,1
2.7031765s,1.2480442s,4.5249091s,3758,96,1
2.3005771s,1.1614512s,4.9270084s,3742,96,1
3.0037423s,1.4403378s,4.2243433s,3746,96,1
2.6371469s,1.4306425s,1.5068003s,3794,96,1
2.3251643s,1.1233376s,1.6100269s,3883,99,2
2.4806312s,1.3227151s,10.4630732s,3779,99,2
2.5704217s,1.4707071s,4.5331944s,3863,99,2
2.8350836s,1.4704477s,1.1063944s,3891,99,2
2.8144648s,1.1950701s,7.2474513s,3811,99,2
2.8875474s,1.2875867s,10.0619161s,3775,99,2
2.7383654s,1.2850545s,1.2073016s,3903,99,2
2.9526614s,1.4368226s,1.0041907s,3895,99,2
2.6977404s,1.0137181s,10.2686425s,3795,99,2
2.4508125s,1.1078977s,1.5103866s,3907,99,2
2.4508125s,1.3863566s,1.5103866s,3887,99,2
2.612104s,1.0372295s,10.3645683s,3767,99,2
2.8096553s,1.4837183s,4.329973s,3875,99,2
2.8462047s,1.4410342s,7.2483623s,3839,99,2
2.8673577s,1.3384297s,1.1083446s,3911,99,2
2.9549387s,1.3926676s,7.1457995s,3807,99,2
2.8510898s,1.0217024s,7.2496484s,3827,99,2
2.557481s,1.2464773s,7.5454406s,3831,99,2
2.5265132s,1.1482829s,10.4639558s,3791,99,2
2.7276017s,1.3932593s,10.2628673s,3783,99,2
2.2581996s,1.0280129s,7.8494991s,3835,99,2
2.5332875s,1.3838054s,4.6307994s,3855,99,2
2.846516s,1.2511131s,10.160057s,3787,99,2
2.9384612s,1.1605423s,4.2268876s,3843,99,2
2.5390478s,1.2302652s,4.6339488s,3859,99,2
2.4843794s,1.0407226s,7.6453178s,3803,99,2
2.5589752s,1.1376248s,10.4582694s,3763,99,2
2.6547285s,1.1885463s,10.3625161s,3799,99,2
2.5837682s,1.2597908s,7.545929s,3823,99,2
2.5589752s,1.2964123s,10.4624191s,3771,99,2
2.4016464s,1.2691259s,1.6133358s,3899,99,2
2.3479433s,1.1065824s,4.8351171s,3879,99,2
2.2482762s,1.0781937s,4.9347842s,3871,99,2
2.7522017s,1.37432s,4.4308587s,3867,99,2
2.5556211s,1.1408345s,4.6326744s,3851,99,2
3.3199801s,1.4655639s,704.3894ms,3915,99,2
3.163926s,1.4248042s,4.024685s,3847,99,2
2.5939982s,1.323589s,7.5518019s,3819,99,2
2.803913s,1.3034636s,7.34628s,3815,99,2
2.6217597s,1.2561416s,1.4095686s,3919,99,2
2.9987299s,1.2769234s,905.3211ms,3884,99,3
2.9987299s,1.33046s,904.926ms,3920,99,3
2.9393802s,1.1960813s,10.1690672s,3784,99,3
2.4990171s,1.0766908s,1.4086007s,3888,99,3
2.6766836s,1.2291048s,4.5279298s,3852,99,3
2.3655193s,1.1671709s,7.7485716s,3812,99,3
2.5032027s,1.1798768s,1.4073062s,3916,99,3
2.5466306s,1.2455273s,10.5698768s,3792,99,3
2.6825777s,1.4462626s,4.5292705s,3848,99,3
2.3079605s,1.2088127s,1.6096605s,3892,99,3
2.2830166s,1.0835064s,4.9316s,3872,99,3
2.9889282s,1.3666458s,4.2300484s,3844,99,3
3.088759s,1.4753112s,4.1307249s,3876,99,3
3.2969956s,1.4129684s,3.9224883s,3860,99,3
2.4858688s,1.0556155s,7.6487806s,3804,99,3
2.7582143s,1.3301751s,10.3716168s,3772,99,3
2.3918056s,1.140526s,7.7455526s,3824,99,3
2.4258773s,1.2155483s,1.5095587s,3900,99,3
2.5746358s,1.3319786s,10.562455s,3764,99,3
2.7091395s,1.2394928s,4.5246838s,3868,99,3
2.233435s,1.0245028s,1.7100355s,3912,99,3
2.9094775s,1.3380988s,7.2436518s,3836,99,3
2.6076797s,1.408487s,7.5454496s,3816,99,3
2.99213s,1.3438895s,10.156181s,3800,99,3
2.9951817s,1.306157s,10.1625515s,3780,99,3
2.6194423s,1.4114271s,4.6336317s,3864,99,3
2.8208916s,1.4460518s,7.3433628s,3808,99,3
2.5287356s,1.0170227s,4.7338734s,3880,99,3
2.2543005s,1.2088127s,1.7113129s,3908,99,3
2.7061224s,1.2391632s,10.463528s,3788,99,3
2.7069581s,1.3454128s,10.4684901s,3776,99,3
2.4376519s,1.0795479s,4.8331371s,3856,99,3
2.4342191s,1.1175859s,7.7500661s,3832,99,3
2.5731583s,1.398427s,1.409427s,3904,99,3
2.6430688s,1.2770314s,7.5479007s,3840,99,3
3.2150107s,1.4034446s,13.1861512s,3724,99,3
2.5154575s,1.1698373s,10.6706937s,3768,99,3
2.8518608s,1.4037032s,7.345067s,3820,99,3
2.5261861s,1.051531s,10.6659234s,3796,99,3
2.7481005s,1.1511227s,7.4488273s,3828,99,3
3.0928148s,1.4878418s,904.9931ms,3896,99,3
2.9923565s,1.4935718s,9.0552846s,3797,99,0
2.8867601s,1.3410813s,9.160881s,3793,99,0
3.121487s,1.4782388s,5.9356088s,3837,99,0
2.6708038s,1.4715263s,501.8313ms,3889,99,0
2.6700987s,1.0384966s,502.5364ms,3881,99,0
2.8741227s,1.4001534s,301.4111ms,3893,99,0
2.7326425s,1.2428336s,6.3409087s,3829,99,0
2.6282358s,1.0067621s,6.4453154s,3825,99,0
3.1316699s,1.2884474s,5.9418813s,3809,99,0
2.6247766s,1.3475593s,3.3204184s,3873,99,0
2.6390541s,1.4352579s,6.4448051s,3801,99,0
2.7156857s,1.4454937s,9.36053s,3765,99,0
2.744296s,1.310386s,6.3415609s,3805,99,0
2.3352204s,1.0108433s,3.6229908s,3877,99,0
2.7133823s,1.3566263s,502.5037ms,3917,99,0
2.3566231s,1.0133346s,3.6222883s,3857,99,0
2.7133823s,1.0718204s,502.5037ms,3901,99,0
2.6161955s,1.1768477s,604.1706ms,3909,99,0
2.7630254s,1.3905299s,3.2203661s,3861,99,0
2.4208834s,1.0413102s,806.3384ms,3897,99,0
2.4651278s,1.0571098s,3.5251194s,3849,99,0
2.5714049s,1.4414124s,3.4188423s,3865,99,0
2.6676318s,1.1107143s,3.3226154s,3841,99,0
2.87983s,1.1679896s,6.2420871s,3817,99,0
2.8547759s,1.3809342s,9.2594977s,3785,99,0
2.629287s,1.0027673s,604.0111ms,3885,99,0
2.7589039s,1.4449112s,9.361446s,3773,99,0
2.3566652s,1.0440922s,9.7636847s,3761,99,0
2.4760064s,1.3098807s,3.5232431s,3869,99,0
2.8653672s,1.1106582s,9.2584394s,3781,99,0
2.4886427s,1.3138041s,6.6428074s,3833,99,0
2.2924843s,1.0665155s,6.84258s,3821,99,0
2.2662143s,1.1956709s,9.8612065s,3777,99,0
2.5965475s,1.2972941s,6.5385168s,3813,99,0
2.4366068s,1.0850212s,805.3689ms,3913,99,0
2.3893906s,1.04002s,3.6213253s,3853,99,0
2.4866213s,1.1413387s,3.5240946s,3845,99,0
2.7458699s,1.3643959s,503.9326ms,3905,99,0
2.6804468s,1.3355469s,9.4588342s,3789,99,0
2.4839421s,1.1106582s,9.6553389s,3769,99,0
2.8835358s,1.491541s,6.3379141s,3850,100,1
2.541677s,1.3703626s,9.66094s,3822,100,1
2.1772423s,1.1101374s,7.0442076s,3874,100,1
2.2582826s,1.1178531s,1.0059909s,3926,100,1
2.4043502s,1.0789004s,3.921617s,3898,100,1
2.7649228s,1.3598664s,501.8814ms,3922,100,1
2.899066s,1.2976438s,6.3395276s,3858,100,1
2.5952843s,1.3029155s,6.6433093s,3846,100,1
2.4946643s,1.3067869s,6.7439293s,3854,100,1
2.6805801s,1.2646445s,602.6531ms,3950,100,1
2.7007787s,1.4510185s,6.5417852s,3878,100,1
2.2607679s,1.0044596s,9.9629631s,3806,100,1
2.8097522s,1.363241s,6.4380745s,3862,100,1
2.7134213s,1.4833885s,6.5344054s,3842,100,1
2.9759825s,1.4956637s,9.2530113s,3814,100,1
2.5728269s,1.1033306s,9.6561669s,3834,100,1
2.3262446s,1.0354854s,4.0225161s,3910,100,1
2.4904602s,1.3799525s,803.0772ms,3930,100,1
2.4932738s,1.170051s,804.44ms,3958,100,1
2.7985294s,1.3845375s,502.5472ms,3938,100,1
2.9811671s,1.4892955s,9.2604073s,3802,100,1
2.687522s,1.0527856s,9.5540524s,3830,100,1
2.3399527s,1.1652456s,4.0213886s,3894,100,1
2.2816051s,1.1104552s,9.9599693s,3810,100,1
2.5395428s,1.0538248s,3.8226475s,3918,100,1
2.4784747s,1.0743387s,9.7630997s,3818,100,1
2.5159468s,1.2552037s,6.7453095s,3866,100,1
3.0067197s,1.4049971s,301.426ms,3942,100,1
2.5088657s,1.3008168s,804.4076ms,3954,100,1
3.0602647s,1.4435544s,3.3194933s,3886,100,1
2.7659114s,1.2007475s,3.6193489s,3906,100,1
2.9771558s,1.1778606s,3.4226111s,3882,100,1
2.9771558s,1.3702428s,3.4226111s,3902,100,1
2.474606s,1.0408109s,3.9265037s,3890,100,1
2.6400861s,1.170051s,703.9766ms,3946,100,1
2.7831379s,1.2164467s,3.6219824s,3914,100,1
2.7304387s,1.4581288s,9.5549147s,3826,100,1
2.944602s,1.3054628s,402.1916ms,3934,100,1
2.8349337s,1.2619729s,9.457565s,3838,100,1
2.8701708s,1.4550663s,6.4411608s,3870,100,1
2.6711072s,1.0428855s,10.769178s,3955,103,2
2.3743789s,1.006202s,11.0710239s,3943,103,2
2.3924479s,1.2880013s,1.7139216s,4079,103,2
2.5956771s,1.1952176s,1.5106924s,4063,103,2
2.9511631s,1.387426s,4.2258985s,4027,103,2
2.5014873s,1.0177702s,7.8499755s,3987,103,2
2.4525599s,1.1845122s,4.7290595s,4007,103,2
2.7080248s,1.444306s,1.4086566s,4047,103,2
2.8125142s,1.3364036s,7.547646s,3975,103,2
2.7879625s,1.1015253s,10.6707447s,3947,103,2
2.6199749s,1.0874221s,7.7460951s,3991,103,2
3.0971426s,1.4376077s,10.36607s,3927,103,2
3.0690776s,1.4945189s,4.1225912s,4031,103,2
2.4736839s,1.1019505s,4.730704s,4023,103,2
2.6761269s,1.0059805s,4.5306838s,4019,103,2
2.7355765s,1.3782244s,7.6508748s,3963,103,2
2.4914843s,1.2646624s,4.7272642s,4039,103,2
2.3442006s,1.0660653s,8.0532052s,3995,103,2
2.9272913s,1.4815677s,10.5672571s,3959,103,2
3.0471405s,1.3660851s,7.3502653s,3999,103,2
2.7466178s,1.1786501s,1.4093133s,4055,103,2
2.6282064s,1.4807499s,10.8683461s,3939,103,2
2.7572754s,1.4879383s,7.6464219s,3979,103,2
2.2299407s,1.16456s,11.2708992s,3931,103,2
2.9584467s,1.0450381s,1.2085096s,4071,103,2
2.6391038s,1.0672841s,10.8723264s,3951,103,2
2.9620161s,1.2955785s,7.4522715s,3967,103,2
3.1744012s,1.3988526s,7.249444s,3983,103,2
2.31578s,1.1096312s,4.933664s,4035,103,2
2.8729057s,1.4133907s,1.310947s,4067,103,2
2.2173926s,1.0640869s,5.0355377s,4011,103,2
2.8528919s,1.2178746s,10.6732034s,3935,103,2
3.080188s,1.3901406s,1.1065637s,4043,103,2
2.4781286s,1.1559218s,1.7123236s,4059,103,2
2.6344173s,1.3476813s,4.6278848s,4003,103,2
2.6815141s,1.3080047s,1.5117104s,4051,103,2
2.8364532s,1.4050776s,4.4258489s,4015,103,2
2.3859647s,1.1382793s,8.0507386s,3971,103,2
2.8630332s,1.3359931s,10.6708127s,3923,103,2
2.5848086s,1.2206467s,1.6127794s,4075,103,2
2.9603623s,1.3679938s,7.8533108s,3976,103,3
2.5186494s,1.311866s,2.1145854s,4056,103,3
3.220076s,1.4566472s,4.6332348s,4016,103,3
2.2221807s,1.0208769s,2.4132503s,4080,103,3
2.2214634s,1.0452376s,5.6340436s,4036,103,3
2.7229477s,1.3987869s,10.9751251s,3948,103,3
2.6265874s,1.4218858s,11.073408s,3960,103,3
2.3756952s,1.2238347s,8.4567033s,3968,103,3
2.1830724s,1.0333512s,8.659627s,3964,103,3
2.3459334s,1.0710387s,5.5364037s,4040,103,3
2.5503537s,1.0831278s,5.3319834s,4032,103,3
2.1475591s,1.0890488s,11.5675976s,3932,103,3
2.6947903s,1.294239s,8.1531323s,3972,103,3
2.7538443s,1.4731242s,1.9153957s,4072,103,3
2.7998432s,1.1391563s,8.0509919s,3992,103,3
2.2514827s,1.0740647s,11.4713317s,3924,103,3
2.3544368s,1.1444171s,11.3730071s,3956,103,3
2.2631877s,1.0132708s,5.6363961s,4004,103,3
2.7649946s,1.1002693s,1.9145132s,4076,103,3
2.072198s,1.0176634s,7.9523275s,3965,103,0
2.6868977s,1.3977504s,10.3684959s,3933,103,0
3.002838s,1.2908353s,905.707ms,4069,103,0
2.8719793s,1.2934021s,10.8658933s,3940,103,3
2.7953543s,1.075376s,10.2651773s,3937,103,0
2.7721281s,1.4690532s,5.1334029s,4024,103,3
2.7200418s,1.1933975s,8.1516011s,4000,103,3
2.786787s,1.2426531s,1.9106163s,4048,103,3
2.4791253s,1.2554861s,11.2706956s,3936,103,3
2.9742852s,1.446135s,3.9239808s,4001,103,0
2.2844778s,1.2103271s,5.6358179s,4020,103,3
2.5984486s,1.4983322s,7.4467888s,3989,103,0
2.7755414s,1.4545048s,4.125541s,4017,103,0
2.4072597s,1.0496186s,10.6680366s,3949,103,0
2.3856967s,1.147857s,11.3714152s,3928,103,3
2.1303599s,1.0963827s,8.7547727s,3996,103,3
2.2928242s,1.1271001s,5.6319461s,4008,103,3
2.4248992s,1.3064536s,1.5076985s,4057,103,0
2.7971661s,1.2116814s,1.9143787s,4068,103,3
2.7971661s,1.4608039s,1.9143787s,4064,103,3
2.2354967s,1.0317581s,8.6573317s,3980,103,3
2.5362944s,1.2580027s,8.356534s,3988,103,3
2.7858785s,1.421516s,4.1273743s,4029,103,0
2.435904s,1.1832646s,8.4591488s,3984,103,3
2.9110872s,1.4000761s,7.1508784s,3993,103,0
2.5100758s,1.1623023s,7.5513465s,3973,103,0
2.701399s,1.1705163s,11.0687293s,3944,103,3
3.0300589s,1.3690685s,10.0627284s,3941,103,0
2.701399s,1.199476s,11.0687293s,3952,103,3
2.5075663s,1.263343s,2.215123s,4060,103,3
2.3057551s,1.0408866s,2.4169342s,4044,103,3
2.5078767s,1.4510237s,5.4348886s,4012,103,3
3.1146786s,1.266692s,4.8280867s,4028,103,3
2.9448695s,1.304811s,1.0043973s,4077,103,0
2.7299657s,1.2074618s,10.3678002s,3929,103,0
2.5069667s,1.090064s,2.215123s,4052,103,3
2.8067605s,1.2399116s,4.1283358s,4033,103,0
2.63874s,1.4824194s,10.4705702s,3925,103,0
2.8067605s,1.1864852s,4.1283358s,4005,103,0
2.3335601s,1.2290012s,10.7757501s,3945,103,0
2.5082389s,1.114152s,4.4284438s,4021,103,0
2.8399339s,1.2875518s,7.2512798s,3977,103,0
2.5462101s,1.0518613s,10.5750625s,3953,103,0
3.144155s,1.4774151s,6.9490455s,3981,103,0
2.4670399s,1.3835802s,1.5089411s,4049,103,0
2.5671533s,1.2390661s,1.4088277s,4041,103,0
2.4670399s,1.3507647s,1.5089411s,4061,103,0
2.5736379s,1.3605211s,1.4083782s,4045,103,0
2.9754622s,1.3412035s,1.0065539s,4073,103,0
2.3493456s,1.1406183s,7.7511107s,3969,103,0
2.9313976s,1.1270034s,4.0249037s,4025,103,0
2.8346636s,1.0947415s,4.1291228s,4013,103,0
2.56797s,1.2667997s,10.5700303s,3957,103,0
2.4354707s,1.0579891s,4.5283157s,4037,103,0
2.6587446s,1.3189389s,7.4491968s,3985,103,0
2.8569675s,1.3856447s,7.2509739s,3997,103,0
2.8681098s,1.3233438s,7.2467047s,3961,103,0
2.3758417s,1.1868278s,10.7696717s,3921,103,0
2.6475506s,1.1162613s,4.3286902s,4009,103,0
2.7962077s,1.4325042s,1.2070235s,4053,103,0
3.097856s,1.3653128s,905.3752ms,4065,103,0
2.5054212s,1.0145492s,5.1318982s,4066,104,1
2.4104227s,1.0157514s,10.8689683s,3994,104,1
2.6104686s,1.2366413s,1.8096909s,4094,104,1
2.1907914s,1.0962175s,8.3513041s,4002,104,1
2.917255s,1.4112049s,4.7266183s,4058,104,1
2.8982222s,1.058219s,7.6438733s,4038,104,1
3.2203528s,1.2595094s,4.4235205s,4042,104,1
3.1177171s,1.3283493s,4.5261562s,4046,104,1
3.019687s,1.4802097s,1.4088005s,4098,104,1
2.9224864s,1.270585s,4.7263539s,4070,104,1
2.5275188s,1.4325284s,10.7649245s,3982,104,1
2.7287396s,1.417802s,10.5637037s,3990,104,1
2.4312224s,1.0890365s,10.8696719s,3962,104,1
2.6344906s,1.1741071s,10.6716713s,3966,104,1
2.8112549s,1.4910113s,7.751376s,4030,104,1
2.4357653s,1.2087367s,10.8703966s,3974,104,1
2.4149184s,1.3740415s,8.1532564s,4018,104,1
2.6450552s,1.2692176s,10.668246s,3978,104,1
2.743531s,1.4025392s,10.5697702s,3998,104,1
2.6420466s,1.2994784s,1.8103493s,4118,104,1
2.5487494s,1.4000745s,5.1324611s,4062,104,1
2.56254s,1.4113511s,10.7610506s,3986,104,1
2.5319724s,1.2369612s,8.0537029s,4026,104,1
2.4519768s,1.2534503s,5.2354763s,4054,104,1
2.8534422s,1.1882341s,4.8353117s,4050,104,1
2.4630718s,1.3431633s,2.011967s,4114,104,1
2.5681988s,1.416855s,1.9116005s,4102,104,1
2.7683022s,1.2546899s,1.7114971s,4106,104,1
2.4670191s,1.3926947s,10.8748862s,3970,104,1
2.8725034s,1.4520866s,1.6099163s,4086,104,1
2.4469821s,1.071113s,8.1547333s,4010,104,1
2.9853229s,1.4930721s,4.7327705s,4074,104,1
2.8903327s,1.4661745s,1.6074079s,4082,104,1
2.8647165s,1.207756s,7.7515991s,4022,104,1
2.8720032s,1.1437794s,7.7508068s,4034,104,1
2.2714655s,1.004894s,8.3513445s,4006,104,1
2.8933868s,1.4947417s,1.6108482s,4110,104,1
2.5011675s,1.3754764s,5.2321368s,4078,104,1
2.2771549s,1.0648013s,8.3543716s,4014,104,1
2.5048937s,1.0121248s,2.0099786s,4090,104,1
2.2075208s,1.0610176s,1.4119565s,4235,107,2
2.2496594s,1.071638s,7.5513025s,4139,107,2
2.9048068s,1.4842333s,3.6234235s,4175,107,2
2.3144367s,1.0227425s,1.3074492s,4215,107,2
2.5053639s,1.4883217s,4.025275s,4191,107,2
2.908753s,1.1936252s,3.6218859s,4167,107,2
2.9118286s,1.4308819s,9.8674546s,4115,107,2
2.2175913s,1.0163635s,1.409374s,4231,107,2
2.410795s,1.3255013s,4.1262654s,4187,107,2
2.7595152s,1.4317212s,7.0502768s,4151,107,2
2.6220885s,1.169885s,10.1636162s,4095,107,2
2.4611537s,1.1832825s,7.3486383s,4127,107,2
2.8259613s,1.2794468s,805.4632ms,4223,107,2
3.2727316s,1.4655431s,6.5443871s,4147,107,2
2.6303553s,1.3691666s,1.0052788s,4211,107,2
2.4730824s,1.0273294s,7.3440363s,4131,107,2
2.5267883s,1.1411516s,4.0265527s,4171,107,2
2.2392198s,1.2071951s,1.4095699s,4219,107,2
2.4814307s,1.1166686s,7.3488436s,4143,107,2
2.1277879s,1.0589916s,4.4297548s,4163,107,2
2.645057s,1.0493748s,1.0047541s,4239,107,2
2.7434568s,1.0665902s,10.0637516s,4087,107,2
2.7434568s,1.0075155s,10.0637516s,4099,107,2
2.1360657s,1.0242318s,4.4248196s,4195,107,2
2.5872086s,1.1709014s,7.2464083s,4135,107,2
2.5373757s,1.3168229s,4.0235096s,4199,107,2
3.0251687s,1.4736s,9.3628686s,4093,107,0
2.3876288s,1.1069183s,7.4536817s,4159,107,2
2.8154767s,1.1139816s,6.5473919s,4141,107,0
2.7262463s,1.3760916s,9.6626938s,4109,107,0
3.1597584s,1.490918s,503.297ms,4203,107,2
2.7745891s,1.4578857s,3.6202684s,4181,107,0
2.7058787s,1.4998442s,7.1450465s,4155,107,2
2.4312173s,1.2490013s,9.9667891s,4105,107,0
2.4697452s,1.2941853s,1.205899s,4227,107,2
2.2079392s,1.0640512s,7.651517s,4123,107,2
2.9759127s,1.4666578s,9.8627177s,4103,107,2
2.6426601s,1.0712182s,9.7667844s,4085,107,0
2.644928s,1.4049566s,9.7645165s,4113,107,0
2.3607934s,1.0097285s,4.2291927s,4183,107,2
3.1012141s,1.2846517s,301.7478ms,4237,107,0
2.4427685s,1.0732901s,6.9462012s,4133,107,0
2.4427685s,1.083493s,6.9462012s,4129,107,0
2.7052175s,1.4599541s,704.6513ms,4229,107,0
2.8830553s,1.265975s,805.7646ms,4207,107,2
2.7579456s,1.4525443s,9.6604507s,4117,107,0
2.6565659s,1.2241974s,6.7366617s,4149,107,0
2.4525434s,1.0697569s,9.9658529s,4101,107,0
2.1776608s,1.1378612s,10.6699214s,4107,107,2
2.250893s,1.0172977s,10.1675033s,4081,107,0
2.7527845s,1.2888208s,6.6404431s,4145,107,0
2.6995655s,1.1827253s,3.7226938s,4165,107,0
2.7964746s,1.2800332s,10.0608742s,4111,107,2
2.5597756s,1.2442661s,6.8432186s,4137,107,0
3.0040136s,1.4224256s,3.4210004s,4197,107,0
2.490087s,1.3215107s,10.3672618s,4091,107,2
2.6908063s,1.0300477s,10.1665425s,4083,107,2
2.6633373s,1.1466046s,9.7648256s,4097,107,0
2.490087s,1.3305913s,10.3672618s,4119,107,2
2.9671453s,1.2736686s,6.4440144s,4153,107,0
2.1884605s,1.0025329s,4.4284095s,4179,107,2
2.9779802s,1.1445439s,6.4465328s,4125,107,0
2.8207022s,1.4621364s,3.6258306s,4189,107,0
2.5364367s,1.238201s,905.083ms,4205,107,0
2.3115386s,1.1745429s,4.1349942s,4185,107,0
2.7835649s,1.4953715s,6.6415714s,4121,107,0
2.7440378s,1.2611381s,704.4709ms,4213,107,0
2.9278166s,1.0244183s,3.5247057s,4161,107,0
2.4276987s,1.2436249s,4.026193s,4169,107,0
2.5510051s,1.0636972s,906.2657ms,4225,107,0
2.8530084s,1.4705285s,604.2624ms,4201,107,0
2.7361256s,1.2065556s,3.7251588s,4173,107,0
2.591533s,1.1603825s,6.8473583s,4157,107,0
2.4556977s,1.1960262s,1.0046463s,4221,107,0
2.8422411s,1.3564604s,3.6221165s,4177,107,0
2.4427688s,1.1624549s,4.0273495s,4193,107,0
2.7632259s,1.2550103s,702.8788ms,4233,107,0
2.7069813s,1.1394715s,9.7700297s,4089,107,0
2.6696899s,1.3464157s,803.9122ms,4209,107,0
2.2687958s,1.1524942s,1.2089887s,4217,107,0
2.5959902s,1.2772979s,8.9654879s,4156,107,3
2.5221929s,1.3423654s,2.8233607s,4236,107,3
2.7301851s,1.0180741s,2.6153685s,4212,107,3
3.0978923s,1.377168s,8.4635858s,4160,107,3
2.7336192s,1.3713253s,2.6175177s,4220,107,3
3.0145983s,1.0907848s,8.554074s,4148,107,3
2.8109217s,1.3310557s,8.7577506s,4128,107,3
2.5693517s,1.2630113s,11.8738706s,4084,107,3
2.8683055s,1.2743018s,11.5749168s,4116,107,3
3.1188347s,1.4300602s,8.4560821s,4132,107,3
2.74441s,1.3713253s,2.6169473s,4216,107,3
2.7258653s,1.1740506s,5.7398288s,4168,107,3
2.8293886s,1.3065609s,5.6363055s,4200,107,3
2.7334415s,1.3472033s,5.7366284s,4172,107,3
2.6761233s,1.0928467s,11.7810868s,4108,107,3
2.628992s,1.3855223s,8.9594086s,4152,107,3
2.7824981s,1.4294832s,11.6760818s,4088,107,3
2.2365662s,1.0532909s,6.2371441s,4184,107,3
2.7618984s,1.4605716s,2.6147221s,4240,107,3
2.939476s,1.4119451s,8.6615221s,4136,107,3
2.5430572s,1.0419248s,5.9391062s,4164,107,3
2.2405403s,1.1852273s,6.2416231s,4192,107,3
2.6510104s,1.4779763s,8.9590678s,4144,107,3
2.6510104s,1.0187839s,8.9590678s,4140,107,3
2.5747845s,1.1496924s,2.8193692s,4232,107,3
2.9790597s,1.4735653s,2.415094s,4228,107,3
2.47973s,1.3670414s,2.9154967s,4224,107,3
2.4580069s,1.2394453s,9.1608818s,4124,107,3
2.0838832s,1.0126173s,3.3219608s,4208,107,3
2.5174682s,1.2368182s,11.9726058s,4112,107,3
2.411534s,1.2623095s,12.07854s,4096,107,3
2.5174682s,1.3467605s,11.9726058s,4120,107,3
2.411534s,1.0250484s,12.07854s,4100,107,3
2.7661285s,1.331435s,5.7368053s,4196,107,3
2.5174682s,1.3999796s,11.9726058s,4092,107,3
2.728633s,1.0944765s,11.7699464s,4104,107,3
2.4365741s,1.2257718s,0s,4272,107,3
2.4365741s,1.132167s,0s,4248,107,3
2.9817991s,1.1532123s,5.5360962s,4180,107,3
2.4471253s,1.1246976s,0s,4276,107,3
2.3096945s,1.0025221s,3.1214032s,4204,107,3
3.0970898s,1.4702289s,5.433156s,4188,107,3
2.6947224s,1.1091581s,5.8355234s,4176,107,3
2.604335s,1.3414734s,0s,4280,107,3
2.6253257s,1.1169028s,0s,4264,107,3
2.6992804s,1.1487274s,0s,4252,107,3
2.752105s,1.3717017s,0s,4244,107,3
2.8578819s,1.4543315s,0s,4260,107,3
2.5144244s,1.1261869s,6.9458308s,4226,109,1
2.9468169s,1.1839852s,3.4253413s,4254,109,1
2.7564745s,1.027386s,9.4675173s,4182,109,1
2.3587863s,1.1156385s,9.8652055s,4170,109,1
2.3575456s,1.1850914s,9.8668895s,4186,109,1
2.571791s,1.441898s,9.6623771s,4162,109,1
2.6242835s,1.131364s,12.3831344s,4134,109,1
2.4211925s,1.2336915s,12.5862254s,4126,109,1
2.46435s,1.2844681s,9.7698181s,4198,109,1
3.0357729s,1.4075217s,404.8202ms,4294,109,1
2.6284412s,1.215408s,6.8492524s,4234,109,1
2.6619421s,1.1438231s,3.7254679s,4266,109,1
2.7719465s,1.4129461s,3.6191324s,4246,109,1
2.3375006s,1.1716229s,1.1067614s,4290,109,1
2.9412041s,1.4812589s,503.0579ms,4282,109,1
2.6415659s,1.1281194s,6.8397966s,4238,109,1
2.6419892s,1.2075511s,804.4055ms,4298,109,1
2.476208s,1.0532912s,3.9235094s,4258,109,1
2.7489671s,1.1284344s,12.2766186s,4138,109,1
2.7527607s,1.3213286s,6.7431007s,4202,109,1
2.5573839s,1.2101287s,6.9440002s,4206,109,1
2.8881616s,1.4660161s,3.5229389s,4250,109,1
2.2585575s,1.0621557s,7.2428266s,4214,109,1
2.8644223s,1.1996395s,6.641927s,4222,109,1
2.3632402s,1.0645003s,1.1060086s,4302,109,1
2.2603434s,1.0155406s,7.2460059s,4230,109,1
2.7711349s,1.3343896s,12.2765151s,4154,109,1
2.3039988s,1.1998371s,9.9704014s,4194,109,1
2.3564842s,1.0803885s,12.6911658s,4158,109,1
2.3039988s,1.027386s,9.9704014s,4178,109,1
2.4003156s,1.0307763s,9.8740846s,4166,109,1
2.4032078s,1.2783347s,4.0244343s,4278,109,1
2.6037871s,1.4567846s,3.823855s,4262,109,1
2.5060784s,1.29921s,9.7683218s,4174,109,1
2.3670441s,1.1027551s,12.6806059s,4150,109,1
2.4650276s,1.0455043s,12.5826224s,4142,109,1
2.2737824s,1.0927623s,1.208552s,4286,109,1
2.510719s,1.2281571s,3.9231555s,4274,109,1
2.5722636s,1.0992477s,12.4816188s,4122,109,1
2.7732498s,1.0079406s,12.2806326s,4130,109,1
2.6844711s,1.221096s,805.3524ms,4310,109,1
3.0902836s,1.4195255s,6.4373377s,4218,109,1
2.5884146s,1.1062099s,905.8741ms,4318,109,1
2.7947744s,1.2680971s,6.7366148s,4210,109,1
2.3197813s,1.1976417s,4.1220264s,4270,109,1
2.8006169s,1.3140424s,704.8686ms,4314,109,1
2.6951268s,1.4966181s,12.3821953s,4146,109,1
2.5392502s,1.0833623s,3.9203891s,4242,109,1
2.509497s,1.4288817s,1.0056226s,4306,109,1
2.6471772s,1.4828231s,9.6635882s,4190,109,1
2.5747642s,1.0851918s,4.5306069s,4335,111,2
2.3861178s,1.1151392s,7.748482s,4295,111,2
2.5859609s,1.3304219s,7.5486389s,4307,111,2
2.9841946s,1.458914s,4.1252317s,4343,111,2
2.9193317s,1.3878236s,1.2059s,4371,111,2
2.8399953s,1.3464343s,10.1710395s,4259,111,2
2.639283s,1.2017428s,10.3717518s,4247,111,2
2.4945724s,1.1484214s,7.6481886s,4311,111,2
2.900111s,1.2760988s,7.2464339s,4303,111,2
2.6901805s,1.3589813s,4.4271357s,4339,111,2
2.6606973s,1.4714206s,10.3556085s,4263,111,2
2.6293418s,1.2233366s,1.5092532s,4379,111,2
2.5113256s,1.0252324s,7.6488768s,4287,111,2
2.3634245s,1.2473603s,10.6655729s,4267,111,2
2.868795s,1.3963651s,10.1634639s,4275,111,2
2.7405091s,1.3878236s,1.4095315s,4367,111,2
2.3369054s,1.1582161s,1.8131352s,4383,111,2
2.3369054s,1.00853s,1.8131352s,4399,111,2
3.0292287s,1.3986587s,7.1395832s,4319,111,2
2.4499282s,1.0166054s,1.7109946s,4391,111,2
2.6866949s,1.3955175s,10.3637697s,4279,111,2
2.4263752s,1.27207s,4.7291746s,4323,111,2
2.7680572s,1.0253915s,1.411229s,4375,111,2
2.4690984s,1.380743s,1.7101878s,4395,111,2
2.6452869s,1.1775782s,7.5474226s,4291,111,2
2.7984514s,1.4121342s,10.263897s,4255,111,2
2.5954781s,1.0277581s,10.4668703s,4251,111,2
2.7500546s,1.3459918s,4.4248613s,4331,111,2
2.7828229s,1.177613s,1.4078984s,4363,111,2
2.7519478s,1.2418672s,4.4229681s,4355,111,2
2.7582618s,1.4689298s,7.4458828s,4283,111,2
2.6613356s,1.2262276s,7.542809s,4299,111,2
2.4582654s,1.0769499s,7.7458792s,4315,111,2
2.4470909s,1.2324648s,4.727825s,4347,111,2
2.3524781s,1.2742385s,4.8319998s,4359,111,2
2.6591589s,1.4504264s,4.525319s,4327,111,2
2.8252702s,1.2691754s,10.2616309s,4243,111,2
2.8252702s,1.4267858s,10.2616309s,4271,111,2
2.564184s,1.2305877s,4.6246934s,4351,111,2
3.099814s,1.240573s,1.1048688s,4387,111,2
2.9272888s,1.2936684s,5.130962s,4336,111,3
2.2479852s,1.0755363s,2.7162124s,4392,111,3
2.8315203s,1.3606084s,5.2291678s,4340,111,3
2.6321141s,1.0735596s,5.4304562s,4324,111,3
2.555618s,1.4132868s,2.4128991s,4364,111,3
2.555618s,1.4993331s,2.4128991s,4368,111,3
2.5593479s,1.1942768s,8.5545859s,4304,111,3
2.4705751s,1.2734194s,2.5144971s,4376,111,3
2.6421624s,1.4727718s,5.436963s,4352,111,3
2.7712854s,1.30185s,8.3557074s,4292,111,3
2.6614951s,1.0776543s,5.4300026s,4344,111,3
2.4825761s,1.1559105s,8.6486773s,4312,111,3
2.2618287s,1.1040579s,5.829669s,4328,111,3
2.4541921s,1.3253353s,5.6373056s,4356,111,3
2.587077s,1.0827604s,2.413618s,4396,111,3
2.7928488s,1.2976292s,8.3524449s,4300,111,3
2.7928488s,1.2850574s,8.3524449s,4284,111,3
2.8934692s,1.4264533s,2.117555s,4384,111,3
2.9790869s,1.4528775s,5.1288766s,4348,111,3
2.5975822s,1.164563s,2.4163281s,4388,111,3
2.7988095s,1.3795879s,2.2161974s,4380,111,3
2.8685764s,1.4950714s,11.269076s,4268,111,3
3.0940532s,1.3512136s,5.0305571s,4332,111,3
2.9839981s,1.4146783s,11.169254s,4256,111,3
2.9216525s,1.4403814s,8.2503884s,4316,111,3
2.5257501s,1.18536s,8.6556214s,4320,111,3
2.4297725s,1.0943475s,2.6177901s,4372,111,3
2.4297725s,1.0584003s,2.6177901s,4400,111,3
2.7269786s,1.3707382s,8.4543929s,4288,111,3
2.4320148s,1.051174s,8.7528029s,4308,111,3
3.0397557s,1.4472019s,8.149313s,4296,111,3
2.7203235s,1.2894751s,5.4289895s,4360,111,3
2.3241719s,1.0132101s,0s,4436,111,3
2.3771944s,1.129558s,0s,4428,111,3
2.398268s,1.1082683s,0s,4424,111,3
2.5355079s,1.0824607s,0s,4420,111,3
2.5466649s,1.1624508s,0s,4432,111,3
2.7719319s,1.4596579s,8.3510738s,4309,111,0
2.7242999s,1.4951174s,5.628876s,4341,111,0
2.2794569s,1.1677988s,8.8456509s,4305,111,0
2.663186s,1.337797s,11.2693823s,4277,111,0
2.4829468s,1.005576s,8.6514807s,4281,111,0
2.3340649s,1.0554695s,0s,4425,111,0
2.7663469s,1.1125359s,11.1703268s,4253,111,0
2.6702385s,1.2807132s,11.2678972s,4269,111,0
2.5339194s,1.1305197s,5.8341436s,4345,111,0
2.5780446s,1.2407611s,11.3692254s,4245,111,0
3.0491469s,1.3291884s,5.3328352s,4333,111,0
2.7060943s,1.2764332s,8.4525014s,4317,111,0
2.3872975s,1.3292866s,11.5709615s,4257,111,0
2.3903992s,1.1452445s,2.9168276s,4389,111,0
2.7933663s,1.0783274s,11.1648927s,4265,111,0
2.294066s,1.0068943s,3.0192752s,4377,111,0
2.5652s,1.2866294s,5.833231s,4321,111,0
2.7981408s,1.0606037s,11.1703629s,4261,111,0
2.5225678s,1.0248679s,8.6534307s,4285,111,0
2.4712649s,1.1327539s,5.9328017s,4337,111,0
2.975302s,1.4245499s,5.4287646s,4353,111,0
2.6134611s,1.3670479s,2.7181078s,4397,111,0
3.0809595s,1.4075678s,5.3325254s,4329,111,0
2.9196348s,1.3731552s,2.4128906s,4385,111,0
2.5150677s,1.0572699s,11.475557s,4241,111,0
2.5864325s,1.1839393s,5.8361003s,4349,111,0
2.4262661s,1.046105s,2.9153072s,4369,111,0
2.7305976s,1.1595018s,2.6162565s,4361,111,0
2.7278517s,1.1904267s,11.2700346s,4249,111,0
2.2932252s,1.0787283s,6.1392095s,4325,111,0
2.4513815s,1.1132741s,8.7529851s,4289,111,0
2.8341593s,1.2267592s,2.5173159s,4365,111,0
2.7482248s,1.3379614s,8.4561418s,4313,111,0
2.5392107s,1.2925193s,2.8163314s,4393,111,0
2.5022382s,1.3208055s,5.9369965s,4357,111,0
2.7494084s,1.4055517s,2.6157045s,4381,111,0
2.9515766s,1.2066813s,2.4135363s,4373,111,0
2.6629748s,1.2330044s,8.5550295s,4301,111,0
2.558765s,1.3256791s,8.6592393s,4297,111,0
2.558765s,1.252218s,8.6592393s,4293,111,0
2.3127754s,1.0344972s,100.7609ms,4417,111,0
2.7493062s,1.420546s,11.2676163s,4273,111,0
2.5035505s,1.1376951s,0s,4401,111,0
2.5058725s,1.1238493s,0s,4433,111,0
2.6423427s,1.2754898s,0s,4421,111,0
2.6888675s,1.4420784s,0s,4413,111,0
2.7481397s,1.016727s,0s,4429,111,0
2.7747859s,1.1344608s,0s,4437,111,0
2.4476748s,1.2070338s,1.2079306s,4474,113,1
2.7568545s,1.0803935s,3.8256492s,4410,113,1
2.5635674s,1.4599405s,4.0251643s,4402,113,1
2.2671724s,1.1451975s,1.4091175s,4442,113,1
2.274465s,1.0489141s,4.3288469s,4426,113,1
2.883581s,1.4239187s,3.7239608s,4438,113,1
2.7860919s,1.3233984s,906.6685ms,4458,113,1
2.5259007s,1.213427s,9.9677143s,4338,113,1
2.5717152s,1.0040135s,6.8472693s,4378,113,1
2.5717152s,1.1897907s,6.8472693s,4374,113,1
2.278706s,1.0975998s,7.1425037s,4394,113,1
2.3806934s,1.0312686s,7.0405163s,4390,113,1
2.5852593s,1.1861275s,4.0245077s,4422,113,1
2.5917046s,1.2576689s,1.106906s,4462,113,1
2.0879968s,1.0662835s,1.6106138s,4466,113,1
2.3948078s,1.0040135s,7.0391375s,4366,113,1
2.8513724s,1.4129627s,9.6572034s,4322,113,1
2.4420609s,1.3004151s,10.0665149s,4330,113,1
2.8021596s,1.1114939s,905.5616ms,4446,113,1
3.0533455s,1.4981641s,9.4552303s,4358,113,1
2.5021817s,1.241119s,1.207985s,4454,113,1
2.196486s,1.0386296s,7.2432961s,4398,113,1
2.5570546s,1.1951205s,9.957358s,4350,113,1
2.7568029s,1.2518269s,9.7576097s,4346,113,1
2.3081135s,1.0737538s,4.3272416s,4414,113,1
2.9147814s,1.2271317s,3.7205737s,4406,113,1
2.8114427s,1.2850709s,6.639123s,4370,113,1
2.5198675s,1.4667553s,1.2069517s,4470,113,1
3.0746305s,1.4520912s,9.4555087s,4342,113,1
2.7193411s,1.0776188s,6.7395204s,4386,113,1
2.4262196s,1.2276628s,1.3064178s,4478,113,1
2.7776415s,1.390688s,9.7574857s,4354,113,1
2.5322151s,1.3160864s,4.1267913s,4418,113,1
2.4332707s,1.1991763s,7.0420083s,4382,113,1
2.4948399s,1.3478658s,10.0550696s,4334,113,1
2.6396862s,1.1351985s,4.0241501s,4434,113,1
2.5304061s,1.16548s,6.9448729s,4362,113,1
2.6393194s,1.2613373s,4.0245169s,4430,113,1
2.893829s,1.4376937s,9.6560805s,4326,113,1
3.1444685s,1.4928454s,604.5864ms,4450,113,1
2.4522168s,1.2902006s,10.0639727s,4423,115,2
2.4733025s,1.0645689s,4.3269558s,4511,115,2
2.6442218s,1.2442099s,1.2067767s,4531,115,2
2.7585965s,1.4365748s,9.7582728s,4407,115,2
2.5777438s,1.0671224s,4.2254432s,4495,115,2
2.7796125s,1.4701425s,4.0235745s,4507,115,2
2.8638717s,1.2537814s,9.6598358s,4431,115,2
2.7007252s,1.4977042s,6.9420359s,4451,115,2
2.8579111s,1.1356755s,1.0061526s,4551,115,2
2.6027812s,1.4406556s,7.0425326s,4471,115,2
2.898533s,1.2028026s,3.9243146s,4499,115,2
2.395401s,1.1518449s,4.4274466s,4487,115,2
2.4045219s,1.0734162s,7.250316s,4475,115,2
2.8740482s,1.4537331s,9.6657165s,4435,115,2
2.3984943s,1.0105854s,4.4281187s,4491,115,2
2.7854706s,1.262292s,9.764957s,4439,115,2
2.8849268s,1.1750556s,9.6655008s,4419,115,2
2.4155877s,1.034422s,7.2499131s,4459,115,2
2.5821414s,1.2204063s,1.3088205s,4523,115,2
2.8319903s,1.4406556s,6.8427619s,4447,115,2
2.6113922s,1.0765835s,4.2313697s,4515,115,2
3.2931806s,1.4746286s,603.7048ms,4555,115,2
2.3346002s,1.1113216s,7.3451785s,4463,115,2
2.5331446s,1.4548453s,7.1466341s,4467,115,2
2.8216304s,1.3149976s,4.026158s,4519,115,2
2.4949252s,1.0506919s,1.4094983s,4547,115,2
2.7421662s,1.0647657s,6.9495372s,4479,115,2
2.643968s,1.1977909s,7.0477354s,4443,115,2
2.5439923s,1.204037s,7.1477111s,4455,115,2
3.1109555s,1.4878561s,804.6647ms,4543,115,2
2.910548s,1.4646609s,1.0075314s,4559,115,2
3.1156574s,1.3745733s,804.7073ms,4527,115,2
2.9492598s,1.469493s,3.9239018s,4483,115,2
2.5164555s,1.078178s,1.4101721s,4539,115,2
2.4490379s,1.2590653s,4.4297136s,4503,115,2
2.8318721s,1.365014s,9.7637965s,4411,115,2
2.4303386s,1.2698847s,10.16533s,4403,115,2
2.6324158s,1.0232011s,9.9653445s,4415,115,2
2.8420822s,1.4180554s,9.7634291s,4427,115,2
2.740186s,1.288097s,1.2088924s,4535,115,2
3.1650732s,1.4692543s,2.1165608s,4536,115,3
2.1980137s,1.0292151s,6.2394584s,4484,115,3
2.4654367s,1.2303323s,2.8177722s,4528,115,3
2.2773516s,1.1709031s,3.0171748s,4540,115,3
2.439475s,1.269123s,8.9577662s,4444,115,3
2.6020287s,1.161177s,5.0304749s,4489,115,0
2.9468767s,1.2525723s,8.4535488s,4476,115,3
2.6356902s,1.3045486s,1.7099891s,4553,115,0
2.4629088s,1.0482406s,8.3502531s,4473,115,0
2.5921843s,1.1453969s,2.7148455s,4544,115,3
2.9474471s,1.175314s,11.576885s,4404,115,3
2.6505533s,1.3318231s,8.7591913s,4456,115,3
2.8122479s,1.3367331s,4.8295748s,4493,115,0
2.5552842s,1.2057113s,8.8544604s,4468,115,3
2.6505533s,1.3985143s,8.7591913s,4464,115,3
2.5552842s,1.1153315s,8.8544604s,4472,115,3
3.0455443s,1.4696573s,1.3078873s,4549,115,0
2.5651648s,1.4342721s,8.2535909s,4465,115,0
3.1713392s,1.3081999s,7.6474165s,4449,115,0
2.7156099s,1.0285891s,4.9318066s,4513,115,0
2.765841s,1.1366438s,8.656861s,4452,115,3
2.3148879s,1.2106389s,5.3398922s,4497,115,0
2.739138s,1.3585649s,5.7366873s,4488,115,3
2.8014911s,1.3745749s,2.5184961s,4552,115,3
2.9415188s,1.3611525s,5.5343065s,4500,115,3
2.739138s,1.4891414s,5.7366873s,4504,115,3
2.5389225s,1.3940245s,5.9369028s,4496,115,3
2.7495991s,1.4436379s,1.6111961s,4537,115,0
3.0631904s,1.254554s,11.4740991s,4408,115,3
2.3999423s,1.1574099s,2.9200449s,4560,115,3
2.7082819s,1.158189s,2.6162096s,4548,115,3
2.5251261s,1.3551929s,5.1341583s,4509,115,0
2.2761982s,1.017645s,8.5544254s,4477,115,0
2.6088262s,1.3927187s,2.7183432s,4524,115,3
2.6088262s,1.3007338s,2.7183432s,4556,115,3
2.8332174s,1.403526s,4.8347907s,4481,115,0
2.8642968s,1.3501342s,1.5097264s,4533,115,0
3.1558381s,1.4467114s,5.3343704s,4508,115,3
2.8756784s,1.3652372s,10.9688264s,4409,115,0
2.7554292s,1.2700653s,5.7376827s,4516,115,3
2.683575s,1.009851s,11.8773405s,4416,115,3
2.2616022s,1.1431715s,6.2378491s,4520,115,3
2.8939037s,1.4865574s,8.5524243s,4460,115,3
2.3457412s,1.0150188s,5.3326649s,4485,115,0
2.1906357s,1.0786719s,9.2593831s,4480,115,3
2.7023458s,1.4342721s,8.1510903s,4445,115,0
2.8344181s,1.234429s,2.5162009s,4532,115,3
2.5564062s,1.0375628s,5.1331791s,4505,115,0
2.5874965s,1.1685757s,1.8118297s,4541,115,0
2.6893765s,1.1142729s,1.7099497s,4545,115,0
2.4907913s,1.2097739s,1.9103663s,4525,115,0
3.0010989s,1.2183977s,10.8693205s,4405,115,0
2.2116757s,1.1505202s,8.6576448s,4453,115,0
2.4079365s,1.1278858s,9.0579667s,4448,115,3
3.1145875s,1.4674529s,11.4727296s,4412,115,3
2.2076187s,1.002902s,0s,4576,115,3
2.5908097s,1.4132887s,5.9396749s,4512,115,3
2.7917489s,1.4891414s,5.7387357s,4492,115,3
2.7815065s,1.4778953s,4.9279329s,4501,115,0
2.721798s,1.2152203s,11.8716192s,4440,115,3
2.7333885s,1.3206116s,8.1547809s,4457,115,0
2.7098324s,1.4726732s,1.7130129s,4521,115,0
2.6089045s,1.2146555s,1.8139408s,4557,115,0
3.2939849s,1.4766831s,4.4259803s,4517,115,0
2.3397431s,1.1505202s,8.5515613s,4441,115,0
2.2398558s,1.070636s,8.6514486s,4469,115,0
2.8434414s,1.1211328s,8.047863s,4461,115,0
3.128619s,1.4087817s,1.3073962s,4529,115,0
2.2388821s,1.0543248s,0s,4564,115,3
2.313396s,1.1514208s,0s,4568,115,3
2.3501724s,1.1312391s,0s,4584,115,3
2.3932966s,1.155301s,0s,4588,115,3
2.5589994s,1.1575612s,0s,4592,115,3
2.601088s,1.1199793s,0s,4580,115,3
2.5741515s,1.3285006s,2.0135894s,4610,117,1
2.3732258s,1.2524207s,2.2145151s,4638,117,1
2.4785999s,1.0556199s,2.1096266s,4618,117,1
2.8873085s,1.2439631s,7.750755s,4550,117,1
2.2890805s,1.1861055s,8.3540577s,4558,117,1
2.7303849s,1.1717561s,4.8267327s,4586,117,1
2.6911366s,1.0162364s,1.9116159s,4602,117,1
2.7408748s,1.0195484s,4.831567s,4562,117,1
2.7509267s,1.1370605s,11.0696591s,4490,117,1
2.5089609s,1.1996106s,8.15147s,4522,117,1
3.1041423s,1.3397015s,1.509426s,4626,117,1
3.1621234s,1.356244s,10.6638909s,4506,117,1
2.2471596s,1.0404643s,5.3326383s,4598,117,1
2.6564828s,1.2392496s,11.1714591s,4494,117,1
2.7616184s,1.3484204s,11.0674324s,4482,117,1
2.7616184s,1.3502211s,11.0674324s,4518,117,1
2.5542254s,1.2289223s,5.0266814s,4594,117,1
2.964302s,1.1902312s,4.6260514s,4582,117,1
2.6669294s,1.4101954s,11.171568s,4502,117,1
2.362867s,1.0870154s,5.2302133s,4590,117,1
2.8672339s,1.4958846s,4.7258464s,4574,117,1
2.7224555s,1.376313s,1.9095647s,4630,117,1
2.5400589s,1.1207115s,8.1452147s,4554,117,1
2.5780176s,1.3127338s,11.2693794s,4486,117,1
2.5817727s,1.1329231s,11.2656243s,4510,117,1
2.6268453s,1.350125s,2.0127597s,4614,117,1
2.3410619s,1.2779217s,8.3488657s,4530,117,1
3.0549152s,1.3457548s,7.6484103s,4538,117,1
2.4561419s,1.2835065s,8.2516075s,4526,117,1
2.297406s,1.0779069s,11.5724668s,4498,117,1
2.6539402s,1.0928072s,8.0542788s,4546,117,1
2.2457132s,1.081758s,2.4157066s,4622,117,1
2.6981695s,1.1228492s,4.9310678s,4566,117,1
2.2092004s,1.0504013s,11.6715849s,4514,117,1
2.4580032s,1.171526s,2.2117999s,4606,117,1
2.4042523s,1.12813s,5.2298528s,4570,117,1
2.3722061s,1.153835s,8.353013s,4534,117,1
3.0860206s,1.3954837s,7.6441613s,4542,117,1
2.6693062s,1.2454492s,2.0128911s,4634,117,1
2.215161s,1.0305356s,5.4352198s,4578,117,1
2.4293999s,1.2595055s,1.8108353s,4703,119,2
2.4896557s,1.262411s,11.0690766s,4583,119,2
2.5941875s,1.4236414s,4.7270849s,4643,119,2
2.7939667s,1.1842674s,10.7691739s,4599,119,2
2.3942217s,1.2955204s,4.9286237s,4655,119,2
2.3942217s,1.0074773s,4.9286237s,4671,119,2
2.6986823s,1.0777433s,10.8671623s,4587,119,2
2.9425288s,1.4218027s,1.3065981s,4715,119,2
2.9006514s,1.3264263s,4.4251044s,4647,119,2
2.8939634s,1.474039s,7.4463517s,4611,119,2
2.8939634s,1.4669071s,7.4463517s,4635,119,2
2.6421397s,1.1870145s,1.6124543s,4711,119,2
2.7984686s,1.1242755s,7.5460615s,4619,119,2
3.0121087s,1.3176189s,7.3453195s,4607,119,2
2.3052179s,1.0909911s,8.0522103s,4623,119,2
2.8132376s,1.4697276s,4.5320819s,4651,119,2
2.4149384s,1.1171254s,4.9303811s,4667,119,2
2.3156438s,1.0194349s,8.0477831s,4631,119,2
3.0282677s,1.3871929s,10.5644647s,4567,119,2
3.2297595s,1.443681s,10.3634269s,4563,119,2
2.4380617s,1.3152685s,11.1691725s,4575,119,2
2.6366142s,1.1983118s,10.97062s,4579,119,2
2.5790433s,1.2505333s,1.7113224s,4687,119,2
2.7417118s,1.4753627s,10.867151s,4571,119,2
2.8835353s,1.4505569s,1.4088842s,4719,119,2
2.4828464s,1.0391222s,1.8098863s,4699,119,2
2.7428816s,1.3471001s,4.62648s,4679,119,2
2.7926947s,1.1076559s,1.5101752s,4695,119,2
2.3465376s,1.1138865s,8.0482968s,4603,119,2
2.551356s,1.0573095s,11.0732379s,4595,119,2
2.5463039s,1.0960815s,7.8485305s,4615,119,2
2.5976002s,1.2583329s,1.7133755s,4707,119,2
2.6576952s,1.1000883s,4.7299094s,4659,119,2
2.8032642s,1.181139s,1.5100793s,4683,119,2
2.7056829s,1.2601584s,1.6111375s,4691,119,2
2.9651688s,1.2550833s,4.4282805s,4675,119,2
2.7670578s,1.4245994s,7.6420277s,4639,119,2
2.7562098s,1.0971956s,7.6528757s,4627,119,2
2.8777987s,1.3282867s,10.7610463s,4591,119,2
3.0766289s,1.4697276s,4.3272722s,4663,119,2
2.5267997s,1.0777978s,8.7557751s,4624,119,3
2.8119126s,1.2546753s,5.5326936s,4668,119,3
2.9099861s,1.374243s,5.4346201s,4672,119,3
2.7160745s,1.4880815s,11.4696183s,4600,119,3
2.8316841s,1.1004394s,8.4600685s,4616,119,3
2.4600454s,1.0403188s,2.8165443s,4720,119,3
2.9476787s,1.4690077s,8.3510998s,4620,119,3
2.5657625s,1.3629985s,2.7147789s,4684,119,3
2.3659739s,1.0339527s,2.9189945s,4708,119,3
2.7547797s,1.4084381s,8.5496366s,4608,119,3
2.3574655s,1.0544257s,8.9552825s,4628,119,3
2.5368863s,1.374243s,5.831761s,4680,119,3
2.5368863s,1.0285163s,5.831761s,4652,119,3
2.8737523s,1.2207173s,8.4500221s,4636,119,3
2.6695161s,1.429341s,8.6542583s,4604,119,3
2.3363128s,1.2862669s,6.039153s,4664,119,3
2.851094s,1.4498687s,11.3700737s,4596,119,3
2.4423815s,1.0304705s,5.9376996s,4676,119,3
2.1782347s,1.0472276s,9.1575399s,4632,119,3
2.7992286s,1.2410302s,2.5183089s,4696,119,3
3.3042019s,1.4697374s,2.0133356s,4700,119,3
2.7057497s,1.1056369s,2.6173919s,4712,119,3
3.0106413s,1.4161587s,2.3138834s,4704,119,3
2.4615727s,1.0356818s,5.9372121s,4644,119,3
3.0705584s,1.4241323s,5.3325695s,4656,119,3
2.5687111s,1.2916508s,5.8360802s,4648,119,3
3.0212241s,1.3196163s,2.3178892s,4716,119,3
2.8202577s,1.4284654s,2.5188556s,4692,119,3
2.6839194s,1.4525283s,5.7336874s,4660,119,3
2.7351078s,1.0280653s,2.6204138s,4688,119,3
2.8934079s,1.1019678s,11.3782009s,4572,119,3
2.9267771s,1.2178134s,8.4514238s,4612,119,3
2.9267771s,1.3713034s,8.4514238s,4640,119,3
2.3685786s,1.1290293s,0s,4736,119,3
2.512527s,1.0752564s,8.5521021s,4629,119,0
2.6258961s,1.4486021s,11.5732611s,4585,119,0
3.1345281s,1.4036206s,11.0646291s,4577,119,0
2.8263549s,1.4061617s,11.3728023s,4569,119,0
2.3308627s,1.2138794s,5.8331103s,4645,119,0
2.7162774s,1.186523s,8.3521522s,4601,119,0
2.7598082s,1.4608754s,2.5145514s,4689,119,0
2.636776s,1.4656308s,11.5661817s,4597,119,0
2.7703306s,1.0062972s,2.5130152s,4693,119,0
3.0489047s,1.3663049s,11.1686823s,4565,119,0
2.8471621s,1.4236098s,11.3704249s,4589,119,0
2.6743622s,1.4969484s,2.6165823s,4685,119,0
2.6418671s,1.0644512s,8.4495902s,4621,119,0
2.6418671s,1.4548066s,8.4502259s,4617,119,0
2.7862273s,1.1832022s,2.5152043s,4717,119,0
2.5606044s,1.1138469s,5.6365557s,4661,119,0
2.7634013s,1.2534352s,11.4727435s,4561,119,0
2.5952676s,1.0888219s,2.7172709s,4681,119,0
2.8068279s,1.1367765s,2.5155719s,4701,119,0
2.863201s,1.3846944s,8.2562352s,4605,119,0
2.5668546s,1.089356s,8.5525816s,4609,119,0
2.3636758s,1.0235589s,8.7557604s,4633,119,0
2.8771795s,1.4986678s,5.3378001s,4669,119,0
2.3803121s,1.0541005s,11.8736522s,4593,119,0
2.6743493s,1.1875122s,8.4499574s,4625,119,0
2.8896134s,1.3260121s,5.3355593s,4641,119,0
2.6014438s,1.2815139s,11.6677905s,4573,119,0
2.3948999s,1.2228665s,5.8353497s,4657,119,0
2.3910548s,1.0808465s,5.8395179s,4673,119,0
2.601763s,1.2527068s,5.6334615s,4677,119,0
2.8350027s,1.2280334s,2.5154979s,4709,119,0
2.3177474s,1.2221406s,201.1241ms,4745,119,0
2.3066169s,1.1421201s,11.9758554s,4581,119,0
2.5076538s,1.4223064s,5.7358338s,4649,119,0
2.6379612s,1.1703916s,2.715913s,4697,119,0
2.7993887s,1.3650824s,8.3485555s,4637,119,0
2.616389s,1.4997125s,5.6334489s,4653,119,0
2.7441274s,1.3847788s,2.6160971s,4705,119,0
2.9044566s,1.4743188s,8.2498379s,4613,119,0
2.7130296s,1.3617637s,5.5368083s,4665,119,0
2.5267027s,1.296467s,0s,4733,119,0
2.4265746s,1.0716917s,100.1281ms,4725,119,0
2.2467747s,1.110509s,3.1182816s,4713,119,0
2.6046582s,1.0663974s,0s,4737,119,0
2.6780202s,1.364191s,0s,4729,119,0
2.6884383s,1.1674338s,0s,4753,119,0
2.7568558s,1.4915732s,0s,4721,119,0
2.8753979s,1.4194513s,0s,4741,119,0
2.830433s,1.476288s,1.4081732s,4790,121,1
2.7342798s,1.4032437s,1.5090585s,4794,121,1
2.1765339s,1.0867257s,11.3788493s,4646,121,1
2.1841837s,1.0141583s,11.3711995s,4666,121,1
2.5553628s,1.2466656s,4.7315345s,4750,121,1
2.589218s,1.2967502s,10.9700309s,4662,121,1
2.7564336s,1.1060184s,4.5304637s,4754,121,1
2.5932559s,1.2977672s,7.6461907s,4714,121,1
2.5553628s,1.2096013s,4.7315345s,4722,121,1
2.7443513s,1.2472794s,1.5089609s,4786,121,1
2.7971018s,1.2091396s,7.4429152s,4710,121,1
2.5420368s,1.0918923s,1.7112754s,4774,121,1
2.589849s,1.4150672s,7.650168s,4694,121,1
2.589849s,1.4386995s,7.650168s,4682,121,1
2.4936773s,1.0030692s,11.0655716s,4654,121,1
2.7544963s,1.1353533s,1.5088516s,4782,121,1
2.6105444s,1.3799955s,10.9632647s,4674,121,1
2.8097477s,1.227995s,10.7640614s,4650,121,1
2.8757171s,1.461548s,4.4257404s,4734,121,1
2.1613004s,1.0348777s,2.1137066s,4766,121,1
3.3192319s,1.485317s,10.2675253s,4678,121,1
2.7153304s,1.3675659s,10.8714268s,4642,121,1
2.8189136s,1.2684932s,10.7678436s,4658,121,1
2.8177873s,1.489461s,7.449738s,4698,121,1
2.8204883s,1.3697092s,10.7662689s,4670,121,1
2.5874037s,1.0445877s,4.7270019s,4738,121,1
2.8859819s,1.3528962s,4.4284237s,4746,121,1
2.8278794s,1.4638693s,7.4446993s,4686,121,1
2.5305917s,1.1326798s,7.7510565s,4702,121,1
2.5851335s,1.0690783s,1.7098099s,4778,121,1
2.3937389s,1.1284651s,1.9160208s,4770,121,1
2.7152556s,1.3472831s,4.6309992s,4730,121,1
2.9531197s,1.1055364s,7.3459485s,4690,121,1
2.4528767s,1.4260236s,7.8501279s,4718,121,1
2.8324856s,1.2928803s,4.526506s,4742,121,1
2.6658608s,1.4981289s,7.6462505s,4706,121,1
3.0335851s,1.2600529s,4.3254065s,4726,121,1
2.2149127s,1.1026041s,2.114317s,4762,121,1
2.4361837s,1.1410159s,4.9316616s,4758,121,1
3.1248262s,1.3398814s,1.209434s,4798,121,1
2.9061087s,1.1806015s,4.9295837s,4804,123,3
2.9061087s,1.4859881s,4.9295837s,4824,123,3
2.4185182s,1.2385831s,2.5151125s,4856,123,3
2.6077013s,1.0288307s,5.2320381s,4816,123,3
2.7280075s,1.2726184s,11.1734191s,4756,123,3
2.8439176s,1.1165894s,11.0738639s,4724,123,3
3.206961s,1.3409697s,7.8560943s,4788,123,3
2.7255495s,1.3912508s,5.1305448s,4840,123,3
2.3084076s,1.1904677s,8.7614974s,4784,123,3
2.8547262s,1.4617194s,11.0743529s,4728,123,3
2.6388813s,1.231594s,5.2358335s,4812,123,3
2.4534204s,1.0506583s,2.5174063s,4876,123,3
2.8526798s,1.2433502s,5.0299478s,4828,123,3
2.6743275s,1.4244717s,11.2699873s,4732,123,3
2.4603525s,1.1850077s,2.5161664s,4880,123,3
2.8526798s,1.3315418s,5.0299478s,4832,123,3
2.5650415s,1.2709223s,2.4144239s,4852,123,3
2.5526278s,1.0168523s,5.3369758s,4820,123,3
2.7568821s,1.2775502s,5.1327215s,4836,123,3
2.7483318s,1.1531489s,8.3517392s,4800,123,3
2.4747585s,1.1585322s,2.5144768s,4864,123,3
2.4848535s,1.1950819s,11.4721777s,4748,123,3
2.4500819s,1.0469634s,8.6518719s,4764,123,3
2.5898177s,1.1986925s,11.3733941s,4752,123,3
2.5541918s,1.2959341s,8.5542938s,4792,123,3
2.3794456s,1.1833199s,2.6159703s,4860,123,3
2.759593s,1.1863435s,8.354967s,4772,123,3
2.4580602s,1.0498523s,8.6564998s,4776,123,3
2.4852983s,1.0051815s,2.5172107s,4868,123,3
2.5864323s,1.2191936s,2.4160767s,4872,123,3
2.8934394s,1.4820048s,2.1125393s,4848,123,3
2.6621794s,1.3761144s,8.456869s,4768,123,3
2.6821851s,1.1823034s,5.233751s,4808,123,3
2.6108294s,1.0686118s,11.3667939s,4744,123,3
2.6003463s,1.3900731s,11.377758s,4760,123,3
2.505905s,1.4131541s,11.4717183s,4740,123,3
2.7019236s,1.1630122s,2.3117327s,4844,123,3
2.6838457s,1.3696958s,8.4488699s,4796,123,3
3.0814916s,1.4102767s,8.051224s,4780,123,3
2.1948181s,1.0797852s,0s,4888,123,3
2.2407158s,1.1739116s,0s,4908,123,3
2.2884246s,1.1642754s,0s,4884,123,3
2.4056636s,1.1594708s,0s,4920,123,3
2.4077757s,1.2424754s,5.4325285s,4805,123,0
2.6077351s,1.2091404s,5.2325691s,4821,123,0
2.8761031s,1.16008s,1.8121778s,4857,123,0
2.8178016s,1.1762165s,5.0354012s,4833,123,0
2.9803621s,1.0866524s,7.8532028s,4769,123,0
2.3832817s,1.0136504s,2.3138389s,4845,123,0
2.924792s,1.2930572s,4.9291626s,4801,123,0
2.8869634s,1.2664612s,1.8101572s,4869,123,0
3.007441s,1.3210737s,10.8676843s,4757,123,0
2.4282244s,1.2702322s,5.431769s,4825,123,0
2.6947312s,1.3166573s,8.1543141s,4761,123,0
2.4921664s,1.0457315s,8.3568789s,4797,123,0
2.4950759s,1.1474123s,2.2167733s,4865,123,0
2.5974397s,1.1528416s,8.2536616s,4785,123,0
2.1971507s,1.1072201s,2.5167545s,4841,123,0
3.0041469s,1.3391397s,1.7097583s,4877,123,0
2.705263s,1.0552535s,8.147039s,4781,123,0
2.5030669s,1.0898241s,8.3492351s,4793,123,0
2.6076753s,1.3500106s,8.2532647s,4777,123,0
2.4495885s,1.0015995s,5.4353797s,4829,123,0
3.156834s,1.2832041s,4.7294448s,4837,123,0
2.2182587s,1.1392918s,2.5130213s,4861,123,0
2.7551049s,1.2315939s,5.1347473s,4809,123,0
2.3134566s,1.1868936s,8.5567577s,4773,123,0
2.7158177s,1.3111741s,8.1543966s,4765,123,0
2.9170785s,1.4557548s,7.9531358s,4789,123,0
3.0352888s,1.4937255s,10.8757963s,4749,123,0
2.5265657s,1.1354019s,2.2119438s,4849,123,0
2.143099s,1.027541s,2.6166508s,4873,123,0
3.0946589s,1.2854061s,4.8248181s,4817,123,0
2.8921115s,1.2048343s,5.0273655s,4813,123,0
2.3576566s,1.2993493s,2.4157919s,4853,123,0
2.8899195s,1.2562793s,11.0740519s,4747,123,2
2.3992811s,1.3460953s,2.5178453s,4847,123,2
2.4898511s,1.196693s,11.476254s,4743,123,2
2.5422904s,1.3105077s,5.23254s,4831,123,2
2.342879s,1.1436626s,5.4319514s,4811,123,2
2.2047148s,1.0804939s,11.7715369s,4723,123,2
2.6209961s,1.4304567s,2.3125073s,4859,123,2
2.8494155s,1.3496535s,4.9335034s,4839,123,2
2.2556093s,1.1594201s,8.4569645s,4767,123,2
2.552569s,1.3540558s,5.2350313s,4819,123,2
2.2228129s,1.0046197s,2.7153719s,4879,123,2
3.1217111s,1.4658384s,10.8690418s,4755,123,2
2.4131634s,1.1912832s,11.5775895s,4759,123,2
2.5666794s,1.3736375s,8.1516175s,4795,123,2
2.7208123s,1.071481s,11.270385s,4739,123,2
2.6682597s,1.0304378s,5.1272784s,4803,123,2
2.3719363s,1.0709408s,8.3485753s,4783,123,2
2.5630645s,1.0820429s,5.2324736s,4807,123,2
2.6419372s,1.2664395s,2.3148895s,4855,123,2
3.0547313s,1.2293855s,1.9110882s,4863,123,2
2.5480884s,1.0965566s,11.4665098s,4735,123,2
2.7914957s,1.420845s,5.025673s,4827,123,2
2.7010789s,1.327453s,8.0522413s,4775,123,2
2.5985662s,1.318816s,8.154754s,4779,123,2
2.8083625s,1.1299264s,7.9552851s,4799,123,2
2.7065391s,1.4232445s,5.132135s,4815,123,2
3.272456s,1.4828151s,10.7636476s,4727,123,2
2.9809857s,1.260692s,2.0129585s,4871,123,2
2.8123398s,1.2087141s,5.0310199s,4835,123,2
3.1836805s,1.4878975s,1.8102637s,4843,123,2
2.3634772s,1.1119323s,11.677312s,4731,123,2
2.4779987s,1.0455035s,2.5159455s,4875,123,2
2.5205631s,1.1780214s,8.2571058s,4763,123,2
2.9249735s,1.3562145s,7.8526954s,4771,123,2
2.5244977s,1.3228021s,8.2531712s,4791,123,2
2.8180269s,1.0351833s,5.0350334s,4823,123,2
2.6853523s,1.2664395s,2.3182925s,4867,123,2
2.4932366s,1.302897s,2.5161482s,4851,123,2
2.5312049s,1.0455517s,8.2525689s,4787,123,2
2.7845699s,1.0031801s,11.2716599s,4751,123,2
2.7577979s,1.3197411s,6.7446225s,4854,125,1
2.3623044s,1.0260913s,7.149794s,4858,125,1
2.2764059s,1.0518869s,4.2237526s,4914,125,1
2.5797014s,1.261987s,6.9441861s,4842,125,1
2.8863417s,1.3295928s,6.6383541s,4862,125,1
2.7868654s,1.4066157s,6.7378304s,4846,125,1
2.1900635s,1.027253s,1.1078279s,4938,125,1
2.9905502s,1.350108s,6.541184s,4870,125,1
2.8186821s,1.4136747s,9.6587039s,4814,125,1
2.4143606s,1.2382386s,10.0630254s,4834,125,1
2.5086861s,1.0802869s,9.9686999s,4826,125,1
2.4143606s,1.0173559s,10.0630254s,4838,125,1
2.5175206s,1.1272877s,9.9598654s,4830,125,1
2.3205664s,1.0578442s,10.159471s,4802,125,1
2.9136496s,1.2251505s,3.6214335s,4882,125,1
2.704733s,1.4617633s,6.84229s,4866,125,1
3.2180733s,1.4723615s,3.320593s,4902,125,1
2.3152907s,1.0352123s,1.0061647s,4954,125,1
2.6301161s,1.1465841s,9.8649249s,4810,125,1
3.0114871s,1.3847881s,6.5434262s,4878,125,1
2.5181358s,1.1560437s,4.0252904s,4886,125,1
2.423368s,1.0176411s,4.1246087s,4898,125,1
2.9396749s,1.3698396s,9.5599166s,4818,125,1
2.4327613s,1.0692164s,905.8633ms,4926,125,1
2.8391272s,1.3355022s,3.7219158s,4918,125,1
2.8403151s,1.2202319s,502.6546ms,4950,125,1
2.6555003s,1.0627891s,9.8604837s,4806,125,1
2.3397777s,1.0902544s,4.2245915s,4894,125,1
2.4498194s,1.1803331s,10.0661646s,4822,125,1
3.1462356s,1.4255113s,200.6595ms,4934,125,1
2.6440663s,1.4876676s,704.5447ms,4942,125,1
2.4432012s,1.3226833s,905.4098ms,4958,125,1
2.7430511s,1.3674255s,3.827463s,4906,125,1
2.5441602s,1.0836784s,7.043194s,4874,125,1
2.753235s,1.4155001s,3.8221793s,4890,125,1
2.95696s,1.4643375s,402.8719ms,4922,125,1
2.5595032s,1.4433541s,805.2799ms,4930,125,1
2.1585012s,1.1344314s,1.208656s,4946,125,1
2.4490357s,1.2936901s,7.1487375s,4850,125,1
2.6677922s,1.2360422s,3.9203902s,4910,125,1
2.8372922s,1.0654625s,7.4508941s,4956,127,3
2.8030161s,1.3181784s,1.3084486s,5020,127,3
2.3391368s,1.0728941s,4.9313129s,4988,127,3
2.2366872s,1.0125548s,5.0337625s,4980,127,3
2.8193277s,1.1483666s,10.5630563s,4900,127,3
3.1517291s,1.4304808s,4.1260734s,4984,127,3
2.8237336s,1.4705161s,10.5724953s,4892,127,3
2.9602054s,1.4116498s,7.3533545s,4952,127,3
2.7314957s,1.3211678s,10.669006s,4904,127,3
2.9553542s,1.4811775s,4.3332132s,4964,127,3
2.4530911s,1.000211s,7.8604688s,4948,127,3
2.6541205s,1.4033706s,4.6344469s,4996,127,3
2.8309431s,1.4806943s,1.3095475s,5024,127,3
2.2579774s,1.1390428s,5.0369152s,4972,127,3
2.244007s,1.1200938s,1.912392s,5028,127,3
2.64882s,1.2962288s,1.5108825s,5036,127,3
2.3494983s,1.0185103s,1.8115121s,5008,127,3
2.9867666s,1.2912038s,4.3306493s,5000,127,3
2.3852662s,1.2239647s,4.9342394s,4968,127,3
2.2540665s,1.0084504s,1.91371s,5012,127,3
2.3562827s,1.1031613s,1.8114938s,5040,127,3
2.7642404s,1.1424049s,10.6671995s,4912,127,3
2.4951601s,1.195683s,7.849338s,4960,127,3
2.3595766s,1.1699491s,1.8118527s,5016,127,3
2.7002685s,1.0475843s,7.6478824s,4924,127,3
2.3595766s,1.2009901s,1.8118527s,5032,127,3
2.6063437s,1.3725156s,7.7491153s,4936,127,3
2.6063437s,1.2235501s,7.7491153s,4940,127,3
2.9085321s,1.4643661s,4.4312212s,4976,127,3
3.0869418s,1.4215411s,10.3647458s,4896,127,3
2.6226285s,1.2867927s,7.7472494s,4932,127,3
3.0249925s,1.4557485s,7.3448854s,4928,127,3
3.0161048s,1.3592646s,4.3287806s,4992,127,3
2.6842805s,1.2050384s,1.5092824s,5004,127,3
2.8334203s,1.0960529s,7.5420111s,4944,127,3
2.8976743s,1.3548634s,10.5646989s,4916,127,3
2.7548871s,1.3088145s,7.7493335s,4927,127,2
2.4800122s,1.3483618s,5.0339638s,4995,127,2
2.4800122s,1.2063246s,5.0343919s,4991,127,2
2.3495704s,1.2066463s,8.1546502s,4943,127,2
2.7845283s,1.4653453s,1.7083228s,5039,127,2
2.6873715s,1.2973053s,1.8110446s,5007,127,2
2.1979813s,1.0433354s,5.3373285s,4975,127,2
2.9757948s,1.3465276s,7.5497596s,4955,127,2
2.6092033s,1.1987223s,4.9324067s,4999,127,2
2.4910132s,1.1475183s,8.0496537s,4939,127,2
3.0226424s,1.1662306s,4.5277799s,4971,127,2
2.9902446s,1.382349s,7.5509539s,4935,127,2
2.6908077s,1.1061885s,7.8498592s,4947,127,2
2.6267433s,1.0639309s,11.070409s,4915,127,2
2.426147s,1.0708519s,11.2710053s,4899,127,2
2.5269728s,1.1302074s,11.1701795s,4895,127,2
2.7265228s,1.3371346s,4.8295171s,4967,127,2
2.3251891s,1.0217938s,5.2308508s,4983,127,2
2.6375272s,1.1645142s,11.0647111s,4911,127,2
2.3211927s,1.1305538s,2.2122048s,5035,127,2
2.501334s,1.1061885s,8.0449505s,4951,127,2
2.8340136s,1.4267751s,4.7282324s,4963,127,2
3.1447317s,1.4482864s,10.5637127s,4919,127,2
2.6341736s,1.14458s,1.9113355s,5003,127,2
3.1559538s,1.3920553s,10.5668182s,4887,127,2
2.5480761s,1.3035884s,11.1746959s,4907,127,2
2.5165634s,1.1446509s,8.0502548s,4923,127,2
2.2151489s,1.0730796s,8.3516693s,4931,127,2
2.658722s,1.4159835s,11.0697549s,4891,127,2
2.4511346s,1.2775132s,2.1113431s,5023,127,2
2.7517506s,1.4626965s,1.8107271s,5011,127,2
2.5597051s,1.0959844s,5.0304066s,4979,127,2
2.2558494s,1.0349593s,2.3145382s,5031,127,2
2.8618241s,1.2320111s,1.7110525s,5015,127,2
2.7626974s,1.4392609s,1.8101792s,5019,127,2
2.4749968s,1.1088941s,11.2722856s,4903,127,2
2.5662944s,1.3076893s,5.0347896s,4987,127,2
2.9743775s,1.4482864s,10.7734925s,4883,127,2
2.141903s,1.0756498s,8.4573062s,4959,127,2
2.9801598s,1.3540943s,1.6080486s,5027,127,2
3.2631918s,1.4214846s,2.8171408s,5017,127,0
2.6437738s,1.147113s,6.5435228s,4997,127,0
2.4173386s,1.2112612s,401.6274ms,5073,127,0
2.5648575s,1.4573001s,3.5218205s,5021,127,0
2.5648575s,1.3046268s,3.5218205s,5001,127,0
2.7516882s,1.1312662s,6.4429266s,4969,127,0
2.9771448s,1.4806305s,3.1187736s,5005,127,0
2.4640668s,1.2428438s,6.743161s,4961,127,0
2.4390854s,1.1151535s,401.3551ms,5069,127,0
2.4742156s,1.1360325s,6.7418002s,4989,127,0
2.4890465s,1.1787497s,3.6218305s,5037,127,0
2.5462367s,1.3515503s,12.6834875s,4885,127,0
2.6497377s,1.0581985s,200.6969ms,5053,127,0
2.6952467s,1.3134965s,3.4183797s,5025,127,0
2.4497463s,1.3644171s,402.3984ms,5045,127,0
2.5543434s,1.4363669s,301.2573ms,5065,127,0
2.3958683s,1.24468s,3.7229242s,5029,127,0
2.2962425s,1.0447321s,3.8261747s,5013,127,0
2.8089462s,1.3380656s,9.4654546s,4949,127,0
2.6107262s,1.1567988s,9.6636746s,4957,127,0
2.7655s,1.1575668s,100.8521ms,5061,127,0
2.8701132s,1.2216311s,0s,5057,128,0
3.0218049s,1.4698354s,9.2636107s,4933,128,0
2.5970521s,1.2882507s,6.6441041s,4985,128,0
2.7696911s,1.2337096s,12.4851735s,4909,128,0
2.969449s,1.3065152s,12.2854156s,4917,128,0
2.2697332s,1.1027613s,603.0924ms,5041,128,0
2.6800042s,1.0116869s,12.5796647s,4893,128,0
3.1051388s,1.4184942s,6.1408217s,4993,128,0
3.1051388s,1.1831263s,6.1408217s,4981,128,0
2.3237425s,1.0723338s,9.9664774s,4945,128,0
2.2034772s,1.0473861s,7.0471544s,4965,128,0
2.8057237s,1.2000439s,6.4449079s,4977,128,0
2.505917s,1.3339587s,6.7447146s,4973,128,0
2.8915249s,1.2522307s,12.3795431s,4901,128,0
2.444462s,1.1758818s,9.857157s,4921,128,0
2.7961088s,1.1586562s,12.4749592s,4881,128,0
3.0437737s,1.490057s,9.2573596s,4925,128,0
2.7895374s,1.2455201s,100.9094ms,5077,128,0
2.3963574s,1.0345548s,501.0294ms,5049,128,0
2.6427277s,1.4507017s,3.5178509s,5009,128,0
2.8440439s,1.1820826s,3.3165347s,5033,128,0
2.4972308s,1.0556738s,12.782195s,4897,128,0
2.9627185s,1.3757056s,9.3527974s,4929,128,0
2.4550513s,1.3264652s,9.8604646s,4941,128,0
2.5079577s,1.1393569s,12.779291s,4913,128,0
2.3673085s,1.1278243s,9.9521645s,4937,128,0
2.9172265s,1.3815323s,12.3716955s,4905,128,0
2.6162518s,1.137259s,12.6726702s,4889,128,0
2.5685708s,1.211131s,9.7509022s,4953,128,0
2.2574383s,1.2033149s,9.9652522s,4998,129,1
2.6660993s,1.4409295s,9.5618952s,4982,129,1
2.9445445s,1.4967628s,6.1408301s,5018,129,1
2.6624298s,1.2052903s,402.2901ms,5082,129,1
2.6475057s,1.1387177s,6.4378689s,5034,129,1
2.6624298s,1.1014084s,402.2901ms,5110,129,1
2.6537938s,1.1768797s,6.4406439s,5026,129,1
2.4701182s,1.0628928s,603.329ms,5086,129,1
2.3298764s,1.1204287s,3.8237541s,5050,129,1
2.2562277s,1.182277s,6.8419473s,5030,129,1
2.3298764s,1.1493287s,3.8237541s,5074,129,1
2.1570731s,1.081837s,6.9472508s,5014,129,1
2.6832532s,1.0991103s,9.5642696s,4986,129,1
3.0889372s,1.3290436s,9.1585856s,4978,129,1
2.4912717s,1.1146227s,603.7895ms,5090,129,1
2.7753238s,1.3508249s,6.3420758s,5038,129,1
3.0655539s,1.232959s,3.1188923s,5070,129,1
2.5845786s,1.4060909s,6.5444121s,5010,129,1
2.767489s,1.1801754s,3.4213108s,5062,129,1
2.5104704s,1.3064396s,603.8321ms,5102,129,1
2.512787s,1.1422194s,603.3199ms,5094,129,1
2.417679s,1.0002902s,9.864733s,4994,129,1
2.7261809s,1.3082428s,9.5562311s,4962,129,1
3.0761102s,1.4320496s,3.1191374s,5066,129,1
2.5757837s,1.2306234s,3.6236855s,5046,129,1
2.8070333s,1.2881512s,6.3369804s,5002,129,1
2.8066633s,1.3846652s,6.3373504s,5006,129,1
2.4799004s,1.1728921s,3.7190882s,5058,129,1
2.726958s,1.0033765s,402.9713ms,5098,129,1
2.5382033s,1.1434333s,9.7587746s,4974,129,1
2.6924928s,1.4320496s,3.5189087s,5054,129,1
3.1426199s,1.4883669s,9.1615231s,4990,129,1
2.4246755s,1.0585512s,6.7377985s,5022,129,1
3.0575745s,1.2353879s,9.2475194s,4970,129,1
2.1476718s,1.0059986s,10.1574221s,4966,129,1
2.9449336s,1.2854178s,200.9315ms,5106,129,1
2.8454789s,1.3606564s,302.0938ms,5114,129,1
2.7034893s,1.0857764s,3.5201936s,5078,129,1
2.4449711s,1.1271126s,705.1025ms,5118,129,1
2.8101709s,1.4634401s,3.4204778s,5042,129,1
2.4857932s,1.2179179s,1.2093737s,5164,131,3
2.1442651s,1.0529999s,4.633186s,5160,131,3
2.5132151s,1.3254559s,10.4649923s,5060,131,3
2.5132151s,1.3454075s,10.4649923s,5052,131,3
3.0004848s,1.4555339s,701.8665ms,5180,131,3
2.3244584s,1.0112494s,10.6687438s,5072,131,3
2.6248688s,1.2815975s,10.3683334s,5068,131,3
2.5104895s,1.1990175s,1.2068566s,5172,131,3
3.0014501s,1.2595504s,6.8472953s,5104,131,3
2.4995614s,1.0813552s,7.349184s,5112,131,3
3.0762604s,1.4564563s,3.7265152s,5132,131,3
2.7220902s,1.381508s,1.0071743s,5200,131,3
2.713577s,1.1956229s,7.1467852s,5096,131,3
2.8835729s,1.4455105s,3.926368s,5136,131,3
2.8144927s,1.1307384s,7.0453652s,5120,131,3
3.1491744s,1.4746177s,9.8603622s,5048,131,3
2.5324096s,1.1587727s,1.2075271s,5188,131,3
2.4872896s,1.4155156s,4.3305865s,5144,131,3
2.7536585s,1.4255896s,10.2661642s,5056,131,3
2.7289198s,1.0742186s,7.1480728s,5088,131,3
2.950056s,1.3001816s,804.2365ms,5184,131,3
2.6052766s,1.1878201s,4.2275493s,5152,131,3
2.4011833s,1.0529999s,4.4316426s,5148,131,3
2.4011833s,1.1853867s,4.4316426s,5140,131,3
2.5659001s,1.2628708s,10.4665215s,5076,131,3
2.7541349s,1.3214472s,1.005927s,5192,131,3
2.8470715s,1.1199635s,7.0414338s,5108,131,3
2.6698427s,1.3666661s,10.367837s,5064,131,3
2.315144s,1.0883875s,4.5252304s,5124,131,3
2.8816543s,1.4957368s,10.1583158s,5080,131,3
3.0504213s,1.2879856s,6.8403744s,5092,131,3
2.748133s,1.2929163s,7.1484287s,5084,131,3
2.5515542s,1.2117177s,7.3450075s,5116,131,3
2.5649968s,1.4442158s,1.2063776s,5176,131,3
2.5665442s,1.3552148s,1.2059923s,5196,131,3
2.8761806s,1.1216262s,904.0701ms,5168,131,3
2.3365742s,1.1632s,4.5270074s,5156,131,3
2.9028465s,1.3955521s,10.1603308s,5044,131,3
2.4684195s,1.1446941s,7.4455834s,5100,131,3
2.6382677s,1.1025669s,4.2253139s,5128,131,3
2.7534369s,1.0867124s,8.5602082s,5107,131,2
2.4525646s,1.2200638s,8.8610805s,5103,131,2
2.4825739s,1.1034475s,5.8356138s,5147,131,2
2.6670666s,1.4333749s,2.5109706s,5195,131,2
2.1651442s,1.1429201s,3.0173359s,5183,131,2
2.9632743s,1.1540298s,8.3557014s,5091,131,2
2.3931889s,1.1581584s,11.9751681s,5043,131,2
2.7915289s,1.2735526s,5.5344277s,5151,131,2
2.7915289s,1.1973253s,5.5344277s,5143,131,2
2.7915289s,1.4680259s,5.5344277s,5159,131,2
2.2718227s,1.0079181s,9.0547349s,5119,131,2
2.9954574s,1.3186351s,8.3444525s,5111,131,2
2.5119658s,1.1497341s,11.8773254s,5067,131,2
2.4245802s,1.2782513s,11.9702424s,5063,131,2
2.7905941s,1.1472301s,8.5548472s,5083,131,2
2.3931607s,1.364845s,2.815785s,5199,131,2
2.5290116s,1.1756612s,11.8704478s,5047,131,2
2.4281206s,1.2547329s,11.9713388s,5055,131,2
2.5155078s,1.0610079s,5.8404064s,5135,131,2
2.4002545s,1.0380716s,2.8146215s,5191,131,2
2.5048425s,1.1951515s,2.7142397s,5175,131,2
2.7050855s,1.0546515s,2.5139967s,5179,131,2
2.5048425s,1.296259s,2.7142397s,5167,131,2
2.7273469s,1.1855624s,5.6353843s,5127,131,2
2.6137817s,1.486056s,2.6143842s,5171,131,2
2.8167006s,1.2021366s,8.5494165s,5095,131,2
2.9398374s,1.2286747s,5.4337191s,5131,131,2
3.0206459s,1.3182934s,2.2118724s,5187,131,2
3.1410382s,1.3490175s,5.2325183s,5155,131,2
3.0493813s,1.4026477s,11.3690139s,5079,131,2
2.4491005s,1.2003195s,11.974012s,5075,131,2
2.6535979s,1.0346205s,5.7323389s,5123,131,2
2.6605362s,1.3892411s,11.7765942s,5051,131,2
2.5653586s,1.3235393s,11.8717718s,5059,131,2
2.3369292s,1.0807897s,2.9171491s,5163,131,2
2.4616333s,1.057545s,5.9334832s,5139,131,2
2.742617s,1.4023514s,8.6510008s,5099,131,2
2.3365106s,1.1266736s,9.0571072s,5087,131,2
2.7483837s,1.2523864s,8.655792s,5115,131,2
2.7817086s,1.3871152s,11.6718484s,5071,131,2
2.3445765s,1.2506989s,0s,5203,131,2
2.3656215s,1.274618s,0s,5215,131,2
2.3970773s,1.1362273s,0s,5223,131,2
2.4009029s,1.2016882s,0s,5239,131,2
2.5764693s,1.2104092s,0s,5211,131,2
2.6499867s,1.0906534s,0s,5235,131,2
2.6499867s,1.4835964s,0s,5227,131,2
2.8307652s,1.429339s,9.4613218s,5117,131,0
2.8414704s,1.377561s,9.4574044s,5101,131,0
3.1520356s,1.4770228s,3.0190859s,5177,131,0
2.5465245s,1.2808611s,6.8393923s,5149,131,0
3.0529426s,1.4040472s,3.1181789s,5185,131,0
2.4563646s,1.0612348s,3.7216658s,5189,131,0
2.556932s,1.4551704s,6.8375566s,5129,131,0
2.5299373s,1.1315523s,501.6166ms,5201,131,0
2.4631058s,1.0890669s,6.9382722s,5121,131,0
2.5678614s,1.2666305s,3.6187213s,5165,131,0
3.073774s,1.2402772s,3.1128087s,5197,131,0
2.6639683s,1.4005957s,6.7374097s,5145,131,0
2.6639683s,1.0021534s,6.7374097s,5137,131,0
2.4746618s,1.3503158s,3.7187359s,5193,131,0
2.845519s,1.4454721s,200.594ms,5221,131,0
2.3428461s,1.0856814s,703.2669ms,5209,131,0
2.6452656s,1.1222587s,402.0839ms,5205,131,0
2.5766598s,1.2284618s,9.7620265s,5097,131,0
2.8796651s,1.447755s,9.4590212s,5105,131,0
2.5727841s,1.3747947s,9.7659022s,5109,131,0
2.4475455s,1.242778s,603.2705ms,5225,131,0
2.6807519s,1.1635324s,9.6579344s,5085,131,0
2.7511847s,1.4180936s,301.0549ms,5217,131,0
2.4882023s,1.1694306s,3.7160729s,5173,131,0
2.3903876s,1.2666305s,3.8220805s,5181,131,0
2.4577458s,1.210156s,603.9726ms,5237,131,0
2.4873367s,1.118854s,9.8667815s,5113,131,0
2.8949919s,1.4536289s,9.4591263s,5081,131,0
2.8972604s,1.0836906s,6.538353s,5157,131,0
2.4946951s,1.0766661s,6.9409183s,5153,131,0
2.7957063s,1.2457446s,9.5609465s,5093,131,0
2.8015963s,1.396295s,6.6419125s,5141,131,0
2.6761296s,1.4066621s,402.8923ms,5229,131,0
2.1057925s,1.0598283s,7.3400603s,5125,131,0
2.4780709s,1.1183253s,604.612ms,5233,131,0
3.2147953s,1.3651257s,6.2397298s,5133,131,0
2.9210394s,1.3416062s,9.4550851s,5089,131,0
2.8308065s,1.1956097s,3.4180461s,5169,131,0
2.6310921s,1.079456s,3.620493s,5161,131,0
3.1788675s,1.3827206s,0s,5213,132,0
2.8704932s,1.3143767s,7.6427178s,5198,133,1
2.8357663s,1.1910713s,1.7094033s,5258,133,1
2.6081723s,1.0477197s,10.9666877s,5146,133,1
2.413924s,1.2221995s,11.1652883s,5150,133,1
2.643903s,1.3983348s,1.91166s,5278,133,1
2.5259057s,1.1979094s,5.1296805s,5226,133,1
2.5477514s,1.2034911s,2.0110661s,5266,133,1
2.6901304s,1.1485s,7.8429753s,5162,133,1
2.7238424s,1.3401063s,10.8623962s,5126,133,1
2.5402234s,1.3518313s,5.1250035s,5230,133,1
2.9562666s,1.3096526s,1.6089371s,5250,133,1
2.7568442s,1.4263271s,1.8083595s,5270,133,1
2.5946109s,1.4259357s,7.9411092s,5170,133,1
2.6296702s,1.4162037s,10.9591828s,5154,133,1
2.6657674s,1.3687367s,1.9107328s,5274,133,1
2.9666324s,1.2396439s,1.6098678s,5246,133,1
2.9512549s,1.457332s,4.7263812s,5238,133,1
2.6400295s,1.1648788s,10.9641114s,5134,133,1
2.6061823s,1.1092216s,7.9448257s,5186,133,1
2.200549s,1.1297706s,8.350459s,5166,133,1
2.4015518s,1.0168527s,8.1494562s,5178,133,1
2.3394374s,1.0982928s,11.2647035s,5138,133,1
2.7597309s,1.281548s,4.9241958s,5210,133,1
2.6833729s,1.2809468s,1.910605s,5262,133,1
2.7559938s,1.2389479s,10.8632997s,5130,133,1
3.0531329s,1.4050408s,10.5678363s,5142,133,1
2.6610956s,1.1261513s,10.9716772s,5158,133,1
2.3996114s,1.2183438s,2.2144987s,5254,133,1
2.6376231s,1.4802857s,7.948102s,5190,133,1
2.7039295s,1.2276743s,1.9112792s,5242,133,1
2.3894327s,1.2533744s,5.3268791s,5218,133,1
2.2901874s,1.111886s,5.4261244s,5222,133,1
2.7768775s,1.1636242s,10.8646905s,5122,133,1
2.7942776s,1.4984972s,4.9281055s,5202,133,1
2.7946179s,1.3345969s,4.9277652s,5214,133,1
3.1000232s,1.4456244s,4.6251285s,5206,133,1
2.5516702s,1.130938s,8.045628s,5174,133,1
2.4548992s,1.1429954s,8.1503338s,5182,133,1
2.2534425s,1.0254925s,8.3517905s,5194,133,1
2.9085125s,1.4244829s,4.8262273s,5234,133,1
2.4738893s,1.3847168s,4.1294944s,5296,135,3
2.6764184s,1.2186277s,3.9308164s,5304,135,3
2.7823888s,1.3016455s,3.824846s,5312,135,3
2.7851911s,1.1543435s,3.8220437s,5316,135,3
2.6655229s,1.4864031s,10.4642571s,5208,135,3
2.1772028s,1.0405804s,4.430032s,5284,135,3
3.2566653s,1.4866088s,402.2457ms,5328,135,3
2.4763783s,1.1331433s,10.6592455s,5232,135,3
2.4711386s,1.2844012s,7.3460943s,5268,135,3
2.57439s,1.0936018s,10.5612338s,5224,135,3
2.6763249s,1.4677057s,10.4598789s,5240,135,3
2.2724228s,1.0112067s,7.5453901s,5260,135,3
2.6763249s,1.3976531s,10.4598789s,5228,135,3
2.7636947s,1.3950844s,906.7646ms,5348,135,3
2.3827212s,1.0574845s,10.7634271s,5212,135,3
2.6979892s,1.1023622s,3.9273121s,5308,135,3
2.8861335s,1.2986415s,6.9421593s,5248,135,3
2.4808319s,1.1352555s,10.6658518s,5216,135,3
2.7084335s,1.0966092s,3.921408s,5292,135,3
2.4745402s,1.0748634s,1.2076831s,5332,135,3
2.677569s,1.1920905s,1.0075109s,5352,135,3
3.2041543s,1.4995963s,6.6366905s,5252,135,3
2.6166267s,1.2479388s,4.0277521s,5300,135,3
3.3183909s,1.4403756s,9.8591621s,5204,135,3
2.713978s,1.1837262s,7.1455031s,5244,135,3
2.6990004s,1.377346s,1.0067384s,5336,135,3
2.7246478s,1.1946263s,7.138147s,5272,135,3
2.4352213s,1.3176581s,4.2234192s,5320,135,3
3.1297602s,1.2705404s,10.0514255s,5220,135,3
2.5062779s,1.3843658s,1.2076455s,5344,135,3
2.7102844s,1.4629071s,1.0068322s,5324,135,3
3.0169654s,1.4197472s,704.4371ms,5360,135,3
2.9516106s,1.1802332s,3.7248353s,5288,135,3
2.9388892s,1.420684s,6.941711s,5264,135,3
2.5170504s,1.1539891s,1.2077849s,5356,135,3
3.0453896s,1.420684s,6.841343s,5276,135,3
3.0505523s,1.2053002s,6.8468529s,5280,135,3
2.2323534s,1.1041444s,1.5092869s,5340,135,3
2.3510762s,1.1628149s,10.8673187s,5236,135,3
2.7571717s,1.3555615s,7.1428323s,5256,135,3
2.3853548s,1.2859119s,2.2137614s,5343,135,2
2.8277237s,1.3766449s,10.7657862s,5231,135,2
2.6008702s,1.1092435s,5.0379746s,5291,135,2
2.9136009s,1.3919307s,7.8521853s,5259,135,2
2.7316532s,1.3452468s,10.8665029s,5207,135,2
3.1269414s,1.4942795s,7.643491s,5243,135,2
2.4243845s,1.1737136s,8.3514198s,5251,135,2
2.7264225s,1.4845271s,8.0493818s,5279,135,2
2.5156398s,1.1516836s,5.1332231s,5319,135,2
3.0309465s,1.2856048s,4.6264009s,5311,135,2
2.9346934s,1.2751628s,4.7300435s,5315,135,2
2.4309137s,1.4003719s,2.2134111s,5347,135,2
2.2387159s,1.0451654s,5.4365554s,5287,135,2
2.7367552s,1.0148001s,1.9128559s,5339,135,2
2.5570968s,1.3333624s,8.2531461s,5271,135,2
2.5502567s,1.1785177s,5.1359916s,5283,135,2
2.5502567s,1.2488268s,5.1359916s,5307,135,2
2.7859777s,1.1256642s,10.8575533s,5219,135,2
2.3566699s,1.1316465s,5.332196s,5299,135,2
2.9623829s,1.2051027s,4.726483s,5303,135,2
2.4676349s,1.3265102s,8.3481724s,5247,135,2
2.3424294s,1.2120006s,2.31549s,5335,135,2
3.0483049s,1.1279015s,1.6100252s,5351,135,2
2.3424294s,1.0831269s,2.3159007s,5355,135,2
2.6496437s,1.3621586s,2.0127583s,5359,135,2
2.5573811s,1.3042801s,2.1112048s,5323,135,2
2.1677696s,1.0530573s,5.5355601s,5295,135,2
2.765123s,1.3621586s,1.9120566s,5331,135,2
2.8917216s,1.485142s,7.9475244s,5275,135,2
2.9869922s,1.2289527s,7.8522538s,5267,135,2
2.4889113s,1.0994832s,8.3503347s,5263,135,2
2.4804463s,1.0751863s,2.2114739s,5327,135,2
2.5952895s,1.2627244s,8.2545186s,5255,135,2
2.1809565s,1.013034s,9.6638114s,5257,135,0
3.0943249s,1.4017099s,8.750443s,5253,135,0
2.550111s,1.3904203s,2.9191321s,5337,135,0
2.4528964s,1.0356727s,3.0163467s,5349,135,0
2.252203s,1.094629s,3.2170401s,5333,135,0
3.1990434s,1.3560561s,8.652677s,5273,135,0
2.8131282s,1.2735966s,5.8395488s,5309,135,0
2.4120525s,1.0777831s,6.2406245s,5313,135,0
2.3513546s,1.1479837s,301.7417ms,5361,135,0
2.553405s,1.4303949s,100.4181ms,5397,135,0
2.5048064s,1.1770648s,9.3622453s,5241,135,0
2.729003s,1.4588636s,5.9390053s,5301,135,0
2.6098215s,1.1323238s,9.2572302s,5261,135,0
2.5256689s,1.3879217s,6.1423394s,5297,135,0
2.672707s,1.3870111s,2.8204894s,5353,135,0
2.473037s,1.1618608s,201.3435ms,5373,135,0
2.9476925s,1.4196915s,5.7368047s,5289,135,0
2.68107s,1.3036157s,0s,5377,135,0
2.5571395s,1.2053054s,6.1410994s,5281,135,0
2.5615578s,1.0370837s,6.1399145s,5285,135,0
2.6419539s,1.3618971s,9.2598375s,5269,135,0
2.1926157s,1.0122122s,503.5304ms,5381,135,0
2.2632833s,1.0055304s,6.4428945s,5305,135,0
2.4997647s,1.2640778s,200.5468ms,5365,135,0
2.3165079s,1.0707767s,3.2195751s,5325,135,0
2.4444499s,1.2742166s,9.4681395s,5249,135,0
2.5172863s,1.1478513s,3.0187967s,5321,135,0
2.8774336s,1.4687175s,5.8391927s,5317,135,0
2.8532882s,1.3642865s,9.0623815s,5245,135,0
3.1771179s,1.43316s,5.5391633s,5293,135,0
2.6626021s,1.1120574s,9.2560506s,5277,135,0
2.8291389s,1.3338354s,2.716618s,5341,135,0
2.3675299s,1.1727556s,9.5566324s,5265,135,0
2.3372653s,1.2260684s,3.2205217s,5357,135,0
2.7286481s,1.4834804s,0s,5389,135,0
2.3372653s,1.1601843s,3.2205217s,5345,135,0
2.3372653s,1.2002844s,3.2205217s,5329,135,0
2.9883516s,1.2945513s,0s,5393,135,0
3.0103343s,1.4834804s,0s,5369,135,0
3.0518555s,1.4498981s,0s,5385,136,0
2.6439049s,1.4047457s,4.528321s,5382,137,1
2.6672112s,1.4126306s,10.7656196s,5314,137,1
2.4647485s,1.3121812s,10.9680823s,5310,137,1
2.4492448s,1.2551738s,7.647271s,5346,137,1
2.4492448s,1.1058697s,7.647271s,5334,137,1
2.9336776s,1.2260991s,1.4076382s,5410,137,1
2.5598682s,1.253174s,7.5453474s,5338,137,1
2.8754624s,1.24964s,10.5695478s,5298,137,1
2.5584104s,1.1038676s,4.6285649s,5390,137,1
2.2675223s,1.0788158s,7.8502161s,5354,137,1
2.782985s,1.1011016s,10.6710684s,5318,137,1
2.475822s,1.2410122s,7.6496596s,5342,137,1
2.593608s,1.3874891s,10.8681886s,5282,137,1
2.7555652s,1.0091237s,1.6137225s,5406,137,1
2.8596166s,1.4533769s,1.5112527s,5422,137,1
2.6854802s,1.4216666s,4.52899s,5378,137,1
2.6719979s,1.4190845s,1.7109409s,5426,137,1
2.6719979s,1.3384986s,1.7109409s,5402,137,1
2.7065614s,1.2777224s,4.5248854s,5366,137,1
2.8044199s,1.4151944s,7.3487468s,5358,137,1
2.1883505s,1.0481614s,2.2126993s,5414,137,1
2.7304563s,1.1272837s,10.7634613s,5290,137,1
2.6927502s,1.4609765s,1.710262s,5434,137,1
2.9217199s,1.2038423s,7.2486831s,5326,137,1
3.336315s,1.4672228s,10.170403s,5302,137,1
2.8344159s,1.1252872s,10.6723021s,5286,137,1
2.8344159s,1.3750592s,10.6723021s,5294,137,1
2.5181046s,1.0279332s,4.7305785s,5370,137,1
2.5279083s,1.3470469s,7.6475391s,5330,137,1
2.8240204s,1.3113025s,4.4297071s,5374,137,1
2.7284471s,1.1264997s,7.4480686s,5322,137,1
2.622605s,1.4025405s,4.6321908s,5394,137,1
2.5271405s,1.020644s,4.730681s,5362,137,1
2.6321685s,1.2523194s,4.6307387s,5398,137,1
2.538623s,1.1120514s,7.6460041s,5350,137,1
3.0187116s,1.448827s,1.4093627s,5430,137,1
2.8348329s,1.1726572s,4.4280743s,5386,137,1
2.7621144s,1.2475362s,10.7623146s,5306,137,1
2.9225424s,1.2660287s,1.5090188s,5438,137,1
2.6204323s,1.4533769s,1.8111289s,5418,137,1
2.4386676s,1.2108306s,5.0370717s,5475,139,2
2.7916743s,1.1730558s,10.6725284s,5395,139,2
2.5895905s,1.3418772s,10.8746122s,5375,139,2
2.8016901s,1.4406922s,10.6659952s,5391,139,2
2.1998678s,1.0182472s,11.2678175s,5371,139,2
2.6979803s,1.2305976s,10.7735809s,5399,139,2
2.6520785s,1.1985785s,4.8310193s,5463,139,2
3.157875s,1.4645925s,4.3252228s,5451,139,2
2.4165497s,1.0077007s,8.2533214s,5423,139,2
3.059321s,1.4633182s,4.4273036s,5459,139,2
2.7085161s,1.3255979s,7.9511226s,5440,139,3
2.6204564s,1.3330677s,1.7114984s,5483,139,2
2.3197179s,1.0788702s,2.0139651s,5503,139,2
2.358723s,1.062491s,11.2725403s,5396,139,3
3.0213128s,1.2280114s,4.3260616s,5468,139,3
2.2581335s,1.0896849s,5.2364558s,5447,139,2
2.7329152s,1.1752994s,7.9484474s,5431,139,2
2.1126035s,1.0086662s,11.3704492s,5379,139,2
2.3275551s,1.2135366s,8.3538075s,5439,139,2
2.2581335s,1.1946035s,5.2364558s,5479,139,2
2.4603047s,1.1820381s,11.1709586s,5400,139,3
2.327591s,1.0134252s,2.011963s,5487,139,2
3.320229s,1.4854043s,7.3473744s,5428,139,3
2.5283906s,1.1798518s,1.8119792s,5511,139,2
2.2335876s,1.0296142s,8.454148s,5403,139,2
2.4190587s,1.2786456s,4.9311554s,5480,139,3
2.9636599s,1.4562388s,10.6676034s,5368,139,3
2.8258948s,1.2674058s,1.5103027s,5492,139,3
2.6746399s,1.3346553s,10.9707886s,5380,139,3
2.4270942s,1.2902602s,1.9131326s,5484,139,3
2.8755179s,1.1736487s,4.6332366s,5455,139,2
2.7295904s,1.2745009s,7.9521782s,5408,139,3
2.8781282s,1.1440076s,10.7673003s,5384,139,3
2.7364514s,1.2070563s,1.6098513s,5496,139,3
2.8361339s,1.3384928s,4.5314816s,5452,139,3
2.231074s,1.0132116s,2.1152287s,5488,139,3
2.6426816s,1.3041854s,4.7292124s,5444,139,3
3.1553387s,1.4666253s,7.5505435s,5407,139,2
2.0562943s,1.025477s,8.6526007s,5419,139,2
3.0608136s,1.394828s,7.6480814s,5427,139,2
2.844931s,1.4815427s,1.508663s,5516,139,3
2.858904s,1.391072s,1.5089892s,5507,139,2
2.3603312s,1.0821127s,8.3522103s,5415,139,2
2.7580871s,1.2816704s,1.6098061s,5519,139,2
2.1453348s,1.071141s,11.3727672s,5367,139,2
2.8552359s,1.1320761s,7.8474168s,5424,139,3
2.5517426s,1.3930213s,8.1509101s,5420,139,3
2.3551049s,1.0273286s,5.0302067s,5476,139,3
2.4537533s,1.0255363s,1.9102455s,5500,139,3
2.3044295s,1.0693863s,11.3676534s,5388,139,3
2.7584405s,1.3118515s,1.6115632s,5508,139,3
2.4703603s,1.1422313s,1.9119402s,5495,139,2
2.6094619s,1.3370566s,4.9342946s,5471,139,2
2.8104973s,1.2198138s,4.7332592s,5443,139,2
2.9730263s,1.4303875s,7.7493645s,5404,139,3
3.1867733s,1.4445475s,7.5497394s,5435,139,2
2.264382s,1.0292s,11.2738208s,5387,139,2
2.6661881s,1.0789703s,10.8720147s,5363,139,2
3.0842982s,1.3939339s,1.3089784s,5515,139,2
2.5753949s,1.121773s,4.8320578s,5464,139,3
3.0917858s,1.2701384s,7.6496551s,5411,139,2
2.8795009s,1.4201636s,4.5279518s,5456,139,3
2.8247516s,1.4741765s,10.8721811s,5376,139,3
2.481318s,1.1424783s,1.910413s,5504,139,3
2.5809296s,1.0475002s,8.1528778s,5432,139,3
2.4919707s,1.1233823s,1.9109476s,5499,139,2
2.676541s,1.2983854s,10.8727157s,5383,139,2
2.4770952s,1.2034125s,8.2567122s,5412,139,3
2.7194114s,1.1885767s,10.9780559s,5392,139,3
2.5345346s,1.1357832s,5.0298377s,5467,139,2
2.7017185s,1.3206913s,1.7112337s,5491,139,2
2.3930138s,1.1305716s,5.0358062s,5448,139,3
2.2941252s,1.0864157s,2.113382s,5512,139,3
2.4386796s,1.0542631s,11.2744565s,5364,139,3
2.9398849s,1.3553766s,10.7732512s,5372,139,3
3.0041156s,1.4223777s,7.7487703s,5416,139,3
3.0041156s,1.3066277s,7.7487703s,5436,139,3
2.6071406s,1.3446285s,4.8289574s,5460,139,3
2.5048636s,1.2844077s,4.9312344s,5472,139,3
2.5028799s,1.2160149s,1.9119053s,5520,139,3
2.5149179s,1.2455757s,100.0357ms,5553,139,0
2.6110736s,1.2898044s,3.2213844s,5489,139,0
3.1146434s,1.4303545s,2.7178146s,5509,139,0
3.2158425s,1.459022s,2.6166155s,5497,139,0
2.571156s,1.1252318s,9.2633185s,5425,139,0
2.972291s,1.4034318s,8.8621835s,5421,139,0
2.1689814s,1.0955964s,9.6654931s,5405,139,0
3.005252s,1.4790185s,5.8389783s,5457,139,0
2.6069647s,1.3055044s,6.2372656s,5473,139,0
2.7068628s,1.4615153s,6.1373675s,5449,139,0
2.9077699s,1.3885907s,5.9364604s,5461,139,0
2.4309096s,1.1167218s,201.1171ms,5541,139,0
2.9940529s,1.203532s,8.8576665s,5417,139,0
2.5331654s,1.3377299s,3.3192491s,5493,139,0
2.9940529s,1.3029382s,8.8576665s,5413,139,0
2.5331654s,1.0404331s,3.3192491s,5513,139,0
2.3917077s,1.1889804s,9.4600117s,5409,139,0
2.7389956s,1.3644894s,3.120759s,5505,139,0
2.6508589s,1.0455252s,0s,5525,139,0
2.6027092s,1.069849s,9.2645838s,5437,139,0
2.898418s,1.4724621s,8.968875s,5433,139,0
2.5080885s,1.1645419s,9.3592045s,5429,139,0
2.8546445s,1.3432983s,3.0164586s,5517,139,0
2.4383951s,1.2570611s,6.43796s,5445,139,0
2.4465756s,1.1835709s,6.4436868s,5441,139,0
2.5188748s,1.336795s,9.3658287s,5401,139,0
2.8539692s,1.4170647s,6.0373828s,5465,139,0
2.4712811s,1.1060911s,3.4222255s,5481,139,0
2.1777803s,1.0027683s,502.1098ms,5521,139,0
2.4787156s,1.2094062s,201.1745ms,5557,139,0
2.5636441s,1.0970874s,6.3414698s,5453,139,0
2.5880856s,1.4481945s,100.4897ms,5545,139,0
2.6720929s,1.3735926s,6.2408518s,5477,139,0
2.7821819s,1.3642751s,6.1384125s,5469,139,0
2.5039845s,1.0142776s,201.0772ms,5549,139,0
2.2045892s,1.0387856s,502.729ms,5529,139,0
2.7027516s,1.2188733s,3.224568s,5501,139,0
3.0107662s,1.3976589s,2.9165534s,5485,139,0
2.8848625s,1.4783071s,0s,5537,139,0
2.2975951s,1.061494s,2.3150363s,5574,141,1
2.7930528s,1.0392414s,7.9538463s,5510,141,1
2.5558451s,1.2991883s,5.0314671s,5526,141,1
2.5090316s,1.3231494s,11.3716189s,5462,141,1
2.963106s,1.2208282s,4.6306037s,5554,141,1
2.3189157s,1.0500319s,2.31604s,5586,141,1
2.267447s,1.1451334s,5.3347491s,5530,141,1
2.5072882s,1.3819385s,8.2544948s,5502,141,1
2.5293588s,1.1986793s,2.1121274s,5562,141,1
2.1291169s,1.0286881s,2.5168327s,5590,141,1
3.131285s,1.3334308s,10.7686425s,5470,141,1
2.783515s,1.3602693s,4.8312142s,5534,141,1
2.64743s,1.2964031s,2.0127648s,5582,141,1
2.64743s,1.3516659s,2.0127648s,5566,141,1
2.6343137s,1.2571856s,8.148574s,5494,141,1
2.6343137s,1.1362416s,8.1491287s,5514,141,1
2.5506523s,1.1687268s,2.1134061s,5570,141,1
2.7532304s,1.4463334s,1.910828s,5598,141,1
2.745772s,1.0273589s,11.1722643s,5474,141,1
2.9395056s,1.2052714s,7.852645s,5486,141,1
3.044664s,1.4149252s,7.7474866s,5482,141,1
2.539038s,1.3127993s,8.2531126s,5490,141,1
2.5595469s,1.1309853s,2.1151671s,5578,141,1
2.9526778s,1.3406738s,10.9760141s,5478,141,1
2.750551s,1.3938921s,8.0468559s,5506,141,1
2.6552732s,1.1626874s,11.2734187s,5454,141,1
2.6552732s,1.4352671s,11.2734187s,5442,141,1
2.9123101s,1.072042s,4.728837s,5558,141,1
2.6557618s,1.3547659s,8.1498112s,5518,141,1
3.1595869s,1.4780916s,7.6484285s,5498,141,1
2.2148427s,1.0682642s,5.4335858s,5522,141,1
2.6653081s,1.180419s,11.2746481s,5458,141,1
2.6771083s,1.4446064s,2.0117475s,5594,141,1
2.1209851s,1.053441s,5.5309767s,5542,141,1
2.5232348s,1.1513238s,5.128727s,5538,141,1
2.330691s,1.2375637s,5.3393973s,5550,141,1
2.4358856s,1.2174243s,5.2342027s,5546,141,1
2.0932832s,1.016955s,11.8707382s,5450,141,1
2.7992373s,1.4277024s,11.1647841s,5446,141,1
2.6918701s,1.3745966s,11.2721513s,5466,141,1
2.2437603s,1.0583391s,0s,5634,141,1
2.6432308s,1.2704025s,1.6093856s,5644,143,3
2.8462487s,1.4947218s,1.4090952s,5660,143,3
2.6840918s,1.1861987s,8.0558562s,5596,143,3
3.1932804s,1.300139s,7.5487915s,5576,143,3
2.7912755s,1.3801412s,7.9511257s,5592,143,3
2.8240411s,1.2965733s,4.7297983s,5620,143,3
2.6210553s,1.3604031s,4.9327841s,5628,143,3
2.9196933s,1.372098s,4.6341461s,5636,143,3
2.3552532s,1.126864s,1.9116888s,5656,143,3
2.6651251s,1.1438204s,1.6118853s,5664,143,3
2.5987708s,1.092093s,8.1587467s,5600,143,3
2.5987708s,1.1030257s,8.1587467s,5564,143,3
2.4369466s,1.179566s,11.5718421s,5532,143,3
2.8409381s,1.1196366s,11.1714501s,5536,143,3
2.7387192s,1.3334701s,4.8290908s,5604,143,3
2.7714855s,1.4382417s,1.5094271s,5652,143,3
2.7714855s,1.3794452s,1.5094271s,5648,143,3
2.6495021s,1.3001602s,11.3672254s,5524,143,3
3.2509685s,1.4410354s,10.7673041s,5552,143,3
2.8513379s,1.1551694s,11.1669347s,5556,143,3
2.8209854s,1.3864976s,7.9463187s,5584,143,3
2.8209854s,1.0871304s,7.9463187s,5588,143,3
2.751606s,1.3182105s,11.2666666s,5528,143,3
3.1501527s,1.4289544s,4.4273003s,5616,143,3
2.7497895s,1.4834778s,4.8324868s,5624,143,3
2.871715s,1.1535304s,11.1775232s,5548,143,3
2.6487969s,1.2044555s,8.1494728s,5580,143,3
2.5755803s,1.0946282s,5.0327876s,5612,143,3
2.7875801s,1.0820113s,11.2709852s,5560,143,3
2.5514199s,1.0529144s,8.2561769s,5572,143,3
3.2868974s,1.3864797s,4.3327352s,5608,143,3
2.5873254s,1.1874102s,11.4768854s,5544,143,3
3.0281795s,1.4127346s,1.3079827s,5672,143,3
2.729739s,1.2949276s,1.6111669s,5668,143,3
2.3868295s,1.1017029s,5.2438217s,5632,143,3
2.5665709s,1.0580939s,8.25769s,5568,143,3
2.5991198s,1.1665501s,5.0319536s,5640,143,3
2.9033055s,1.3552837s,11.174022s,5540,143,3
2.5373401s,1.0879476s,1.8085118s,5676,143,3
2.7405672s,1.1006389s,1.608038s,5680,143,3
3.2346622s,1.2629737s,2.6150676s,5671,143,2
2.3026493s,1.091505s,6.5502392s,5627,143,2
2.5799412s,1.2359299s,12.1735699s,5559,143,2
2.3793955s,1.0657152s,12.3741156s,5547,143,2
2.5901749s,1.1996302s,9.3619572s,5591,143,2
2.6191818s,1.2208474s,0s,5695,143,2
2.4199815s,1.3475113s,6.4456449s,5635,143,2
2.4408127s,1.1827629s,3.4227289s,5655,143,2
2.9015968s,1.4629468s,9.0634714s,5583,143,2
2.6301985s,1.2205489s,6.2429806s,5615,143,2
2.6110227s,1.1774727s,9.3621816s,5599,143,2
2.8020577s,1.3730554s,11.9732043s,5543,143,2
2.3524578s,1.2098616s,3.5217448s,5679,143,2
2.3422263s,1.1739814s,300.6039ms,5687,143,2
2.3426053s,1.1127023s,301.2873ms,5707,143,2
2.2244704s,1.1413435s,9.7586438s,5571,143,2
2.9232516s,1.360786s,9.0598626s,5579,143,2
2.5187856s,1.2164417s,9.4643286s,5567,143,2
2.6613683s,1.1144315s,3.2227442s,5659,143,2
2.5617125s,1.0626425s,6.3344504s,5611,143,2
2.6166709s,1.2299948s,12.1773927s,5523,143,2
2.6226234s,1.0729225s,12.1719627s,5527,143,2
2.4316551s,1.1650976s,9.5615051s,5595,143,2
2.2549437s,1.1276752s,6.6423735s,5607,143,2
2.6629751s,1.3366931s,0s,5703,143,2
2.6619206s,1.420745s,6.2394883s,5631,143,2
2.5776721s,1.3983367s,3.3205781s,5675,143,2
2.7869744s,1.3942778s,3.1222595s,5667,143,2
2.375277s,1.3051401s,301.3458ms,5683,143,2
2.5758107s,1.0050301s,100.9141ms,5699,143,2
2.5883006s,1.2871393s,3.3234847s,5651,143,2
2.7505712s,1.1882167s,9.2625423s,5587,143,2
2.6328285s,1.2220184s,12.1823427s,5539,143,2
2.3374166s,1.0186255s,12.4801602s,5551,143,2
2.5764719s,1.2568611s,6.3444102s,5623,143,2
2.6430005s,1.0864196s,12.1852081s,5555,143,2
2.2004276s,1.0008254s,3.7267216s,5647,143,2
2.6534692s,1.0083206s,12.1782248s,5535,143,2
2.6088484s,1.297822s,3.3217862s,5663,143,2
2.5975825s,1.2910891s,100.3864ms,5691,143,2
2.6940666s,1.3754407s,6.2434505s,5619,143,2
2.8725823s,1.4190486s,9.1607778s,5563,143,2
2.6193407s,1.0085569s,3.3203862s,5643,143,2
2.8015094s,1.3363087s,6.1413762s,5603,143,2
3.0031587s,1.3946045s,5.9412715s,5639,143,2
2.6088982s,1.3346958s,100.5758ms,5711,143,2
3.095843s,1.3873546s,8.9533154s,5575,143,2
2.4735629s,1.0083206s,12.3776532s,5531,143,2
2.7660276s,1.4508585s,0s,5719,143,2
2.8912244s,1.148796s,0s,5715,144,2
2.6449838s,1.3141099s,1.0053833s,5705,144,0
2.5745917s,1.1968513s,7.1480723s,5633,144,0
3.2096832s,1.4649426s,12.5771354s,5533,144,0
2.7714578s,1.3780324s,4.0254659s,5673,144,0
2.5697364s,1.4233103s,4.2268693s,5657,144,0
2.6579303s,1.1805939s,1.0061387s,5701,144,0
2.4592359s,1.3117998s,1.2076464s,5685,144,0
2.2690593s,1.2186582s,4.5331516s,5669,144,0
2.7209734s,1.4266585s,9.866929s,5589,144,0
2.4242523s,1.0384917s,10.1636501s,5565,144,0
2.29773s,1.1792856s,7.4455055s,5625,144,0
2.233434s,1.0614983s,10.369803s,5593,144,0
2.2742352s,1.0653779s,1.4079817s,5689,144,0
2.8050511s,1.3038347s,6.9437145s,5617,144,0
2.8815639s,1.3414201s,803.5204ms,5693,144,0
2.4436183s,1.1006445s,10.1642435s,5577,144,0
2.2901678s,1.0773213s,4.5320025s,5661,144,0
2.6010263s,1.1426756s,4.2285001s,5641,144,0
2.7109429s,1.2977291s,7.0498036s,5637,144,0
2.9910582s,1.3036086s,703.8018ms,5697,144,0
2.8544714s,1.2261203s,9.7638272s,5569,144,0
2.6503513s,1.3142508s,9.9679473s,5581,144,0
2.4947321s,1.2812742s,1.2044099s,5681,144,0
2.8015408s,1.2053037s,906.234ms,5709,144,0
2.5617792s,1.2002291s,10.0692733s,5597,144,0
2.7185994s,1.432975s,4.1267616s,5665,144,0
2.7634865s,1.4871694s,9.8678678s,5573,144,0
2.9312201s,1.1910867s,6.845361s,5609,144,0
2.5323568s,1.2313189s,7.2457114s,5629,144,0
2.5323568s,1.3588087s,7.2457114s,5621,144,0
2.4198361s,1.208696s,4.427012s,5649,144,0
2.7679685s,1.3534835s,9.8645711s,5585,144,0
2.5266856s,1.2729834s,4.326005s,5653,144,0
2.4364502s,1.3140307s,7.3474605s,5613,144,0
2.5424708s,1.3698033s,7.244827s,5601,144,0
2.2756182s,1.1406078s,10.366151s,5561,144,0
3.1353286s,1.3848881s,3.7252847s,5677,144,0
2.8577457s,1.0305193s,6.9422255s,5605,144,0
2.4341949s,1.1882742s,1.3086257s,5717,144,0
2.8383903s,1.468213s,904.4303ms,5713,144,0
2.6538065s,1.4131224s,4.2271144s,5645,144,0
2.403288s,1.2255032s,12.3786228s,5602,146,1
2.7018925s,1.3291677s,12.0800183s,5618,146,1
2.6060955s,1.2782412s,12.1792515s,5630,146,1
2.403288s,1.1273771s,12.382059s,5626,146,1
2.9565738s,1.3560158s,3.4216353s,5758,146,1
2.8284752s,1.367856s,9.2590706s,5646,146,1
2.6291699s,1.4835501s,9.4583759s,5666,146,1
2.6995112s,1.2024777s,703.1965ms,5762,146,1
2.3637274s,1.3311385s,4.0254731s,5738,146,1
2.4083501s,1.1648701s,1.0048283s,5774,146,1
2.816462s,1.3776287s,602.9747ms,5786,146,1
2.5302084s,1.2275911s,12.2794466s,5622,146,1
2.9779708s,1.4143325s,3.4225431s,5750,146,1
2.4759134s,1.4325557s,6.7434658s,5694,146,1
2.9226003s,1.4420213s,502.6094ms,5778,146,1
2.4516343s,1.3175654s,9.6666037s,5670,146,1
2.7840025s,1.3185447s,3.6269869s,5730,146,1
2.4460729s,1.0446072s,12.3784315s,5610,146,1
2.5669652s,1.477365s,9.5556467s,5674,146,1
2.6993169s,1.355224s,3.7205426s,5742,146,1
2.7965623s,1.3513327s,3.6232972s,5726,146,1
2.462381s,1.1253981s,9.6647271s,5642,146,1
2.6993149s,1.3768676s,6.5405383s,5714,146,1
2.6993149s,1.0462998s,6.5405383s,5718,146,1
2.5669652s,1.1078134s,9.5639379s,5658,146,1
2.3447294s,1.2296254s,1.1048467s,5798,146,1
2.8044798s,1.4971041s,3.6235056s,5754,146,1
2.668796s,1.2725618s,12.1777585s,5606,146,1
2.354096s,1.0450515s,1.1053466s,5766,146,1
2.8161987s,1.3202549s,6.4413773s,5710,146,1
2.8596802s,1.0754728s,603.7263ms,5794,146,1
2.1853788s,1.0310512s,9.9632471s,5654,146,1
2.9644305s,1.4762122s,502.3535ms,5790,146,1
2.8910499s,1.2722464s,9.2628078s,5662,146,1
2.8704438s,1.2094181s,602.8446ms,5782,146,1
2.6257696s,1.136581s,6.6444831s,5686,146,1
2.2194826s,1.0884478s,7.0507701s,5682,146,1
2.5289911s,1.1085438s,6.7412616s,5706,146,1
2.627991s,1.1216366s,3.826063s,5722,146,1
2.6257696s,1.0666326s,6.6444831s,5702,146,1
2.8808808s,1.3205645s,603.2512ms,5770,146,1
2.9427373s,1.3601844s,3.521868s,5734,146,1
2.6491481s,1.1300021s,3.8224228s,5746,146,1
2.6984918s,1.2073784s,12.1822202s,5614,146,1
2.8077172s,1.042136s,9.3711023s,5678,146,1
2.7422793s,1.0152682s,6.5454903s,5698,146,1
2.3968442s,1.2588862s,12.4838678s,5638,146,1
2.3371837s,1.0817783s,6.9502082s,5690,146,1
2.3135822s,1.0929084s,9.8656068s,5650,146,1
2.6437271s,1.0151468s,8.5552275s,5727,147,2
2.5466974s,1.29971s,8.6581886s,5743,147,2
2.7077868s,1.3406086s,2.3150188s,5803,147,2
2.8574643s,1.2611114s,8.3528713s,5723,147,2
2.7624171s,1.4365773s,8.4528411s,5755,147,2
2.5783877s,1.1875872s,5.6379406s,5799,147,2
2.5783877s,1.0597225s,5.6379406s,5763,147,2
3.1868793s,1.3712664s,5.0328301s,5779,147,2
2.1840247s,1.0587881s,6.0356847s,5775,147,2
2.773216s,1.2323779s,8.4522735s,5759,147,2
2.4944405s,1.4322104s,5.7380854s,5791,147,2
2.3259747s,1.0648288s,2.7196719s,5839,147,2
2.8329431s,1.3158978s,2.216695s,5827,147,2
2.5989744s,1.3751632s,5.637543s,5767,147,2
2.7836972s,1.4328339s,8.4558861s,5739,147,2
2.7390138s,1.4970987s,2.3147603s,5811,147,2
2.0989472s,1.0546339s,6.1417062s,5795,147,2
2.8434097s,1.4372677s,2.214732s,5823,147,2
3.0116689s,1.4524364s,5.2333521s,5783,147,2
2.9989299s,1.3235473s,8.253984s,5731,147,2
2.7598142s,1.2492641s,2.31523s,5807,147,2
2.3623961s,1.1633358s,2.7173399s,5819,147,2
2.6665386s,1.0240464s,2.4166736s,5815,147,2
2.6303767s,1.3427986s,5.6397148s,5787,147,2
2.6222529s,1.1175079s,8.6528462s,5751,147,2
2.8746939s,1.1621346s,2.214596s,5831,147,2
2.7805825s,1.4794016s,2.3138529s,5835,147,2
2.8460168s,1.4649097s,5.4352979s,5771,147,2
2.7389643s,1.4784488s,8.5563687s,5747,147,2
2.2386226s,1.1113717s,9.0567104s,5735,147,2
2.328467s,1.1869425s,0s,5871,147,2
2.3501189s,1.143732s,0s,5879,147,2
2.4146977s,1.2718538s,0s,5863,147,2
2.5040955s,1.0853856s,0s,5875,147,2
2.9975245s,1.448811s,4.8308885s,5764,147,3
2.4986258s,1.1158826s,5.3321506s,5788,147,3
2.7491427s,1.4232116s,8.3523468s,5736,147,3
2.7736048s,1.1619513s,11.3705873s,5688,147,3
2.750542s,1.442045s,8.3516324s,5760,147,3
2.5888239s,1.1183813s,0s,5859,147,2
2.1083548s,1.0149302s,5.7359879s,5772,147,3
2.2139534s,1.1122085s,5.6382356s,5792,147,3
3.2647191s,1.4937689s,7.852189s,5756,147,3
2.5936865s,1.3063211s,11.570303s,5700,147,3
2.2692309s,1.0551135s,8.8561281s,5724,147,3
2.4746059s,1.4050758s,8.6560436s,5748,147,3
2.5805787s,1.163123s,8.5500708s,5728,147,3
2.8571551s,1.4251582s,2.0142624s,5812,147,3
2.9639664s,1.4714883s,1.9096193s,5832,147,3
2.7607248s,1.1152178s,2.1128609s,5820,147,3
2.5805787s,1.353315s,8.5552506s,5752,147,3
2.7070636s,1.3325014s,11.473407s,5696,147,3
3.0722135s,1.4615758s,1.8108029s,5804,147,3
2.6488155s,1.4115052s,5.2362546s,5776,147,3
2.8127073s,1.4185448s,11.3790996s,5712,147,3
2.5521294s,1.2644864s,5.3357954s,5800,147,3
2.5808094s,1.4172724s,2.3126295s,5824,147,3
2.6588546s,1.1733266s,5.2321088s,5784,147,3
2.8294799s,1.4257288s,11.3779604s,5720,147,3
2.6638505s,1.0601097s,5.236853s,5780,147,3
2.7924323s,1.4024637s,2.1130318s,5828,147,3
2.9349637s,1.2123605s,11.2747617s,5704,147,3
2.6146227s,1.1128313s,8.553085s,5732,147,3
2.5908733s,1.16269s,2.3145908s,5836,147,3
2.6725344s,1.2409296s,5.2354885s,5796,147,3
3.0420177s,1.2762092s,11.172742s,5708,147,3
2.8457764s,1.4302578s,11.3689833s,5692,147,3
2.5777804s,1.1756508s,5.3330498s,5768,147,3
2.2463613s,1.0787166s,11.9712057s,5716,147,3
3.1054935s,1.4615758s,1.8114319s,5816,147,3
2.7297522s,1.213156s,8.453238s,5740,147,3
2.5274529s,1.3516621s,8.6555373s,5744,147,3
2.8138541s,1.2460996s,2.1184057s,5808,147,3
2.4112214s,1.0170329s,2.5206654s,5840,147,3
2.8591429s,1.3592683s,11.3773782s,5684,147,3
2.4159092s,1.1564953s,8.8610957s,5785,148,0
2.1193428s,1.0573084s,9.1576621s,5769,148,0
2.9403611s,1.2399195s,5.5386879s,5817,148,0
3.1171424s,1.3770319s,2.2107048s,5865,148,0
3.0171494s,1.3246547s,11.2770049s,5745,148,0
3.1512018s,1.4328466s,5.3337043s,5801,148,0
2.7345246s,1.2928294s,11.5699883s,5757,148,0
2.5332729s,1.1444875s,8.7540906s,5789,148,0
2.5300841s,1.3869477s,8.7572794s,5781,148,0
2.8554706s,1.2911555s,5.6372351s,5813,148,0
2.5248559s,1.0064296s,2.816648s,5841,148,0
2.3625802s,1.1613295s,6.1374171s,5809,148,0
2.9431407s,1.1317805s,11.3719619s,5737,148,0
2.5411505s,1.4127479s,8.7568027s,5765,148,0
2.3424593s,1.2709905s,8.9614919s,5761,148,0
2.4445341s,1.1062455s,8.8594171s,5777,148,0
2.642008s,1.4604014s,11.6790926s,5733,148,0
2.5477483s,1.1626247s,11.7733523s,5753,148,0
3.0772299s,1.2042606s,5.4341924s,5821,148,0
2.6519577s,1.1789256s,2.7157955s,5845,148,0
2.6621674s,1.2744899s,2.7185959s,5857,148,0
2.8719562s,1.3350367s,2.5152882s,5853,148,0
2.4972137s,1.0607296s,6.0412325s,5825,148,0
2.6841383s,1.3496746s,11.6737258s,5749,148,0
2.8828345s,1.4180684s,2.5148396s,5849,148,0
3.2879583s,1.4988166s,2.1139873s,5861,148,0
2.8127458s,1.445213s,5.7431498s,5833,148,0
2.4940933s,1.3770319s,2.9127468s,5869,148,0
2.5889879s,1.3545205s,2.8178522s,5877,148,0
2.7979559s,1.4692487s,8.5580419s,5793,148,0
2.5987898s,1.0795574s,11.7743574s,5721,148,0
2.8080722s,1.3117225s,11.5685536s,5725,148,0
2.4940933s,1.0277106s,2.9233409s,5873,148,0
3.0347237s,1.3511628s,5.5351967s,5805,148,0
2.3104396s,1.0215956s,12.0745861s,5741,148,0
2.711175s,1.4588102s,8.6567013s,5773,148,0
2.3104396s,1.0204648s,12.0745861s,5729,148,0
2.711175s,1.439442s,8.6567013s,5797,148,0
2.8347986s,1.4923145s,5.740951s,5837,148,0
2.8347986s,1.1587669s,5.740951s,5829,148,0
2.351512s,1.0107282s,0s,5909,148,0
2.5267259s,1.2505174s,0s,5901,148,0
2.8263769s,1.2130641s,202.442ms,5954,150,1
3.263434s,1.4832492s,6.040282s,5866,150,1
2.8862333s,1.2506495s,9.3662842s,5822,150,1
2.7673874s,1.1524427s,6.540884s,5850,150,1
2.3897339s,1.2627426s,9.8627836s,5838,150,1
2.3688762s,1.1985834s,6.9449931s,5858,150,1
2.3957268s,1.0234123s,9.8623886s,5802,150,1
2.429584s,1.0301598s,3.6235362s,5906,150,1
2.6314232s,1.3138092s,3.421697s,5914,150,1
2.276193s,1.0735554s,7.0483376s,5874,150,1
2.5361856s,1.1588528s,3.524911s,5886,150,1
2.1763221s,1.0370444s,7.1487475s,5862,150,1
2.454679s,1.2324414s,602.9101ms,5942,150,1
2.6529743s,1.4805776s,3.4173043s,5898,150,1
2.9678354s,1.4172404s,100.4726ms,5926,150,1
2.5663097s,1.3983127s,501.9983ms,5946,150,1
2.7043138s,1.2155096s,6.6386774s,5846,150,1
2.5275912s,1.4248284s,9.7640992s,5814,150,1
2.5716226s,1.1594365s,503.5123ms,5922,150,1
2.577091s,1.4341247s,502.5786ms,5934,150,1
2.431978s,1.0628537s,9.8666209s,5806,150,1
2.5382966s,1.3691046s,9.7645788s,5830,150,1
2.4733774s,1.3228767s,3.6247296s,5918,150,1
2.9442461s,1.3302392s,9.36208s,5826,150,1
2.6888444s,1.4461759s,402.9911ms,5950,150,1
2.6213146s,1.1625062s,6.7465445s,5878,150,1
2.6930885s,1.3954906s,402.8388ms,5930,150,1
2.5027416s,1.0274484s,604.5011ms,5958,150,1
2.4951642s,1.0626789s,3.6227887s,5894,150,1
2.4030901s,1.0316403s,704.1526ms,5938,150,1
2.2923747s,1.1400508s,3.8255782s,5902,150,1
2.7985596s,1.2769941s,3.3221959s,5910,150,1
2.4640537s,1.3189917s,9.8664888s,5834,150,1
2.771659s,1.3691046s,9.5588835s,5810,150,1
3.1482007s,1.4216347s,6.2380957s,5854,150,1
2.3027758s,1.076034s,3.8195476s,5882,150,1
2.7465883s,1.3863809s,6.6397081s,5842,150,1
3.0107102s,1.2603653s,3.1211092s,5890,150,1
2.3749908s,1.0168967s,9.9650477s,5818,150,1
2.6519514s,1.2559871s,6.743302s,5870,150,1
2.5107035s,1.2179258s,2.5158789s,5996,151,3
2.7304747s,1.3242518s,8.0560481s,5912,151,3
2.9442803s,1.4910832s,5.0312826s,5928,151,3
2.5375286s,1.2745883s,8.2536944s,5888,151,3
2.4375986s,1.4006104s,5.5379643s,5936,151,3
2.6154814s,1.1540033s,2.4184815s,6000,151,3
2.6484707s,1.4407638s,5.3319066s,5956,151,3
2.2417496s,1.1289052s,5.7386277s,5948,151,3
2.7229844s,1.0881213s,2.3131126s,5992,151,3
2.8594615s,1.4410931s,5.1317549s,5960,151,3
3.0190103s,1.3517958s,11.0729915s,5872,151,3
2.1477714s,1.0407619s,8.6597894s,5920,151,3
2.5588054s,1.3616192s,8.2549076s,5904,151,3
2.4209822s,1.1848257s,11.6791892s,5864,151,3
3.2329021s,1.4130109s,10.8706676s,5868,151,3
2.9326672s,1.3062303s,11.1709025s,5844,151,3
2.5378179s,1.1216331s,11.5737289s,5876,151,3
2.4772197s,1.2777652s,5.5373982s,5952,151,3
2.7399254s,1.347104s,11.3747936s,5852,151,3
2.6764777s,1.3936935s,8.1538003s,5892,151,3
2.4573077s,1.1150273s,2.6149163s,5980,151,3
2.4586092s,1.2486243s,2.6221464s,5988,151,3
2.379418s,1.1283179s,8.4634097s,5908,151,3
2.6651374s,1.1679979s,11.4703741s,5856,151,3
2.502578s,1.0203043s,5.5328324s,5924,151,3
2.7719354s,1.2193247s,11.3667189s,5880,151,3
3.0862755s,1.3752434s,2.0128774s,5984,151,3
2.6092812s,1.4052954s,5.434152s,5940,151,3
2.305434s,1.074976s,8.5536593s,5884,151,3
2.2851464s,1.018692s,2.8196269s,5972,151,3
2.6119808s,1.1793066s,8.2549213s,5896,151,3
2.8788913s,1.3706058s,11.2724518s,5860,151,3
2.4899886s,1.3887103s,2.6169731s,5968,151,3
2.5948347s,1.0830538s,2.5168597s,5976,151,3
2.8156601s,1.2972831s,8.0559747s,5900,151,3
2.5948347s,1.109348s,2.5168597s,5964,151,3
2.8156601s,1.460611s,8.0559747s,5916,151,3
3.284441s,1.4879225s,10.8716348s,5848,151,3
2.5218377s,1.3020644s,5.5386988s,5944,151,3
2.8257163s,1.3193394s,5.2348202s,5932,151,3
2.0646418s,1.0131038s,0s,6012,151,3
2.331109s,1.1600063s,0s,6008,151,3
2.7796407s,1.3351899s,6.4406126s,5935,152,2
2.3525027s,1.049961s,0s,6016,151,3
2.4542564s,1.200278s,9.7646258s,5899,152,2
2.8627996s,1.2950054s,3.1179099s,5987,152,2
2.7776544s,1.460437s,100.2919ms,6019,152,2
2.485745s,1.1395484s,402.5158ms,6003,152,2
2.460453s,1.3543813s,9.7703209s,5891,152,2
2.3880934s,1.2911279s,503.129ms,6007,152,2
2.5756459s,1.4830129s,3.4216427s,5991,152,2
2.6732236s,1.3301368s,9.5622377s,5919,152,2
2.5957911s,1.1317336s,6.6440753s,5943,152,2
2.7788848s,1.0985124s,9.4618631s,5887,152,2
2.6803801s,1.3947126s,3.3221951s,5999,152,2
2.1817901s,1.0928647s,3.8287602s,5975,152,2
2.3894709s,1.1309017s,3.6224342s,5979,152,2
2.6066377s,1.2590752s,6.6448112s,5955,152,2
2.9086453s,1.1896983s,6.3428036s,5923,152,2
3.208251s,1.3680481s,6.0431979s,5931,152,2
2.6878942s,1.3168896s,9.5621836s,5883,152,2
2.7888763s,1.1935946s,12.5787252s,5867,152,2
2.6839968s,1.4394109s,9.566081s,5911,152,2
2.9940161s,1.4432939s,9.2583217s,5895,152,2
3.1031224s,1.3535861s,2.9221575s,5967,152,2
2.8946935s,1.1481569s,12.4884915s,5847,152,2
2.9915235s,1.3993827s,12.3916615s,5851,152,2
2.9986289s,1.2983371s,9.2670324s,5903,152,2
2.8105613s,1.3715938s,3.2222353s,5995,152,2
2.709004s,1.2952847s,9.5619653s,5907,152,2
2.5274646s,1.2745176s,402.2096ms,6031,152,2
3.2395438s,1.4768795s,6.0359399s,5927,152,2
3.1175237s,1.3277435s,12.276816s,5855,152,2
2.5396051s,1.069211s,6.7431012s,5939,152,2
2.3353573s,1.1678823s,604.6828ms,6023,152,2
2.7465859s,1.362635s,6.5441018s,5959,152,2
2.6534978s,1.4452458s,301.0892ms,6011,152,2
2.4330603s,1.2973348s,3.6246491s,5983,152,2
2.4547421s,1.1734255s,502.7442ms,6015,152,2
2.4547421s,1.3300094s,502.7442ms,6039,152,2
2.8419347s,1.2603416s,3.220361s,5963,152,2
2.7599094s,1.2891586s,201.4422ms,6035,152,2
2.9522395s,1.3213833s,3.1189726s,5971,152,2
2.6411917s,1.2073256s,12.7857168s,5843,152,2
2.3646419s,1.0402402s,6.9497804s,5947,152,2
2.6526737s,1.4590162s,9.6603775s,5915,152,2
2.7687004s,1.4853346s,6.5457219s,5951,152,2
2.7705896s,1.4346133s,201.1665ms,6027,152,2
2.709678s,1.3814596s,4.9325076s,5961,152,0
2.9211624s,1.3577547s,4.7296145s,5985,152,0
2.9385814s,1.1534226s,7.6507769s,5949,152,0
2.216795s,1.041956s,2.5145988s,6009,152,0
2.7444966s,1.4400627s,7.8484781s,5925,152,0
2.6889912s,1.2976645s,10.8677381s,5897,152,0
2.8432079s,1.3485651s,7.7497668s,5953,152,0
2.8248596s,1.3618739s,4.8320004s,5997,152,0
2.8324143s,1.4514738s,1.9111812s,6037,152,0
2.8351226s,1.3789099s,4.8334725s,5973,152,0
2.6519594s,1.2530216s,7.9552171s,5937,152,0
2.6361633s,1.2968803s,5.0324318s,5993,152,0
2.8371325s,1.3527708s,1.9118719s,6001,152,0
2.5408607s,1.4028403s,5.1293061s,5977,152,0
2.4416456s,1.1610949s,5.2327607s,5981,152,0
2.6412125s,1.3298261s,2.1144314s,6013,152,0
2.2392886s,1.131513s,2.5163553s,6021,152,0
2.7435731s,1.3948967s,2.0120708s,6025,152,0
2.7514514s,1.3113107s,4.9325009s,5965,152,0
2.7482846s,1.3920287s,2.0145053s,6033,152,0
2.7704193s,1.3073948s,7.8521144s,5921,152,0
2.7205903s,1.3524666s,10.8733684s,5881,152,0
2.5677878s,1.2597147s,5.1394007s,5969,152,0
2.8352592s,1.322617s,10.7742653s,5913,152,0
2.5957231s,1.173731s,8.0538331s,5957,152,0
2.7467976s,1.3450299s,10.8665132s,5893,152,0
2.8787611s,1.4463061s,1.9115318s,6029,152,0
2.8459346s,1.3423503s,10.7678567s,5889,152,0
2.5957231s,1.0019773s,8.0543136s,5941,152,0
2.5477322s,1.4077533s,11.07153s,5905,152,0
2.9637546s,1.2233095s,10.6714342s,5917,152,0
2.6951634s,1.1908028s,2.116527s,6017,152,0
2.8993826s,1.4375395s,1.9127144s,6005,152,0
2.9000128s,1.1460507s,4.8332466s,5989,152,0
2.9211682s,1.2220045s,7.7506726s,5933,152,0
2.8678935s,1.3540367s,10.7709784s,5885,152,0
2.9256381s,1.0475924s,7.7494792s,5929,152,0
2.7280273s,1.0192611s,7.9489622s,5945,152,0
2.8910503s,1.1261806s,8.7540045s,5962,153,1
2.8418933s,1.437189s,5.7368687s,6018,153,1
2.9387839s,1.4160217s,5.6399781s,6038,153,1
2.3089786s,1.1636446s,3.1202221s,6042,153,1
3.1178371s,1.4754041s,2.3148795s,6050,153,1
2.6152341s,1.2584438s,2.8174825s,6078,153,1
2.4138364s,1.3968253s,3.0188802s,6066,153,1
2.4138364s,1.2295467s,3.0188802s,6046,153,1
2.5177356s,1.3365688s,2.9198127s,6074,153,1
3.0082759s,1.2629198s,8.6524283s,5982,153,1
2.6028511s,1.1077834s,9.0578531s,5990,153,1
3.1568631s,1.3628037s,5.4375483s,6014,153,1
2.6095935s,1.2695841s,9.0562126s,5970,153,1
2.8669886s,1.440359s,5.737244s,6022,153,1
2.9717956s,1.3510487s,5.6340656s,6002,153,1
2.8167438s,1.0666933s,8.8635156s,5994,153,1
2.7433859s,1.1216993s,2.7174502s,6058,153,1
2.3225948s,1.1069465s,9.3613972s,5986,153,1
2.4535599s,1.2108417s,3.0155592s,6054,153,1
2.4562887s,1.2768885s,3.019709s,6070,153,1
2.6455938s,1.0533638s,9.0535598s,5998,153,1
2.362552s,1.1024961s,0s,6086,153,1
2.3660439s,1.0853442s,0s,6082,153,1
2.5489673s,1.2297462s,9.1613847s,5966,153,1
2.8087031s,1.0392971s,5.8377271s,6010,153,1
3.0662928s,1.2936228s,8.6546254s,5978,153,1
2.2164149s,1.0166087s,6.4382105s,6034,153,1
2.9187795s,1.3020098s,5.7358459s,6006,153,1
2.6249172s,1.3688743s,6.0431017s,6026,153,1
2.6774701s,1.3812047s,9.0568416s,5974,153,1
2.8362863s,1.440359s,5.8401573s,6030,153,1
2.7017032s,1.1636446s,2.8190098s,6062,153,1
2.4042552s,1.1437062s,0s,6102,153,1
2.4937945s,1.2595557s,0s,6090,153,1
2.5898825s,1.193134s,0s,6118,153,1
2.6638475s,1.2769505s,0s,6106,153,1
2.7375209s,1.4202849s,0s,6114,153,1
2.1770701s,1.0395902s,4.8271147s,6159,156,2
2.6066839s,1.4731758s,7.3504513s,6103,156,2
2.7843846s,1.4538682s,4.2295684s,6127,156,2
2.4214748s,1.1904132s,7.5454286s,6099,156,2
2.7439226s,1.1713288s,9.9669034s,6043,156,2
2.4472511s,1.0617661s,10.2639059s,6059,156,2
2.8961134s,1.2546634s,4.1259849s,6155,156,2
2.3988374s,1.043139s,1.4050423s,6167,156,2
2.5992925s,1.0688236s,1.2045872s,6195,156,2
2.36104s,1.2174363s,10.3664244s,6067,156,2
2.4579624s,1.0833123s,10.269502s,6055,156,2
2.5381846s,1.0777824s,7.4456881s,6119,156,2
2.6384148s,1.1847579s,7.3454579s,6083,156,2
2.508095s,1.0226711s,4.5296705s,6123,156,2
2.7119012s,1.0727225s,4.3258643s,6143,156,2
2.8078002s,1.0218287s,1.005808s,6191,156,2
2.4790952s,1.0467788s,10.2596548s,6051,156,2
2.9529504s,1.4301668s,7.041877s,6091,156,2
3.2267117s,1.46862s,3.8255149s,6131,156,2
2.6651627s,1.1704322s,7.3467624s,6111,156,2
2.6901033s,1.3934696s,10.0657444s,6079,156,2
2.5931433s,1.137533s,10.1627044s,6075,156,2
2.4636796s,1.0271296s,7.5482455s,6087,156,2
2.3931333s,1.2592326s,10.3627144s,6063,156,2
2.8280865s,1.1486636s,1.0067223s,6179,156,2
2.200037s,1.0378873s,10.562286s,6047,156,2
2.7004925s,1.3619067s,10.0618305s,6071,156,2
2.4396506s,1.0140831s,4.6257994s,6151,156,2
2.2328794s,1.0078941s,1.6113004s,6171,156,2
3.2462598s,1.3566346s,603.7593ms,6175,156,2
2.5456431s,1.1011149s,1.3079894s,6199,156,2
2.5516703s,1.4695246s,1.3089728s,6163,156,2
2.8900951s,1.3331095s,7.1502101s,6095,156,2
2.6569144s,1.0781132s,1.2089334s,6183,156,2
2.8629616s,1.2774364s,4.22921s,6139,156,2
2.9002158s,1.2707549s,7.1456583s,6115,156,2
2.7005567s,1.4088819s,7.3449532s,6107,156,2
2.5643812s,1.4407808s,4.5285425s,6147,156,2
2.8707302s,1.3419247s,4.2235326s,6135,156,2
2.5622719s,1.4390084s,1.3089509s,6187,156,2
2.6281797s,1.3120145s,12.4804947s,6024,156,3
2.6466242s,1.2100923s,502.263ms,6192,156,3
2.6466242s,1.1937261s,502.263ms,6172,156,3
2.6409765s,1.3452704s,12.4740021s,6028,156,3
2.9124188s,1.14138s,3.4164077s,6156,156,3
2.4781669s,1.1784816s,9.7564371s,6056,156,3
2.6466242s,1.4939889s,503.8674ms,6188,156,3
2.9544333s,1.2802177s,201.2007ms,6168,156,3
3.0190342s,1.2701177s,3.318569s,6140,156,3
2.5484357s,1.2596099s,6.5414944s,6084,156,3
2.7523269s,1.4485127s,6.3432408s,6088,156,3
2.923414s,1.3346235s,3.421386s,6136,156,3
2.5944926s,1.1719771s,9.6620939s,6068,156,3
2.8605991s,1.1493292s,12.276362s,6020,156,3
2.6559282s,1.4337632s,12.4810329s,6032,156,3
2.7736242s,1.2650535s,403.3691ms,6176,156,3
2.4659297s,1.1166713s,6.6432937s,6096,156,3
2.6968032s,1.3978267s,9.5658708s,6052,156,3
2.8803746s,1.1587778s,12.2746224s,6040,156,3
2.7443459s,1.4755049s,3.624499s,6148,156,3
2.5781329s,1.4211515s,12.5768641s,6036,156,3
2.9444636s,1.361058s,3.4243813s,6144,156,3
2.42452s,1.0278327s,9.8597728s,6044,156,3
2.4904932s,1.1300784s,12.6741742s,6004,156,3
2.402884s,1.1747863s,805.3011ms,6184,156,3
2.7661435s,1.398495s,3.6203765s,6132,156,3
2.7068412s,1.3846817s,502.6593ms,6180,156,3
2.8368597s,1.2290127s,9.4602851s,6048,156,3
2.7095278s,1.372836s,503.5046ms,6200,156,3
2.7089382s,1.096323s,6.4385206s,6104,156,3
2.5415904s,1.0203392s,9.759319s,6060,156,3
3.1783349s,1.4942246s,3.216797s,6152,156,3
2.9219989s,1.2465808s,301.7449ms,6196,156,3
2.4113359s,1.1023005s,6.7430697s,6100,156,3
2.5167089s,1.1197007s,6.6418287s,6112,156,3
2.6159114s,1.3720802s,6.5426262s,6092,156,3
2.3178739s,1.2317593s,6.841014s,6120,156,3
2.5167089s,1.4730613s,6.6418287s,6108,156,3
3.1534506s,1.3728692s,9.1588879s,6080,156,3
2.4561347s,1.0800139s,9.8562038s,6064,156,3
2.5167089s,1.1541553s,6.642179s,6116,156,3
2.2541692s,1.167811s,10.0581693s,6072,156,3
2.7606803s,1.106092s,9.5516582s,6076,156,3
2.6261771s,1.2281435s,604.8479ms,6164,156,3
3.0929527s,1.4906662s,3.3210979s,6124,156,3
2.8913966s,1.3064366s,3.522654s,6128,156,3
2.7974514s,1.1867129s,3.6259624s,6160,156,3
2.8210053s,1.4853094s,8.3500643s,6117,156,0
2.6797818s,1.3255957s,11.5690205s,6069,156,0
3.0777327s,1.4768456s,11.1710696s,6057,156,0
2.9153657s,1.1790983s,8.2557039s,6081,156,0
2.2196438s,1.0284483s,6.0360601s,6121,156,0
2.5903382s,1.1371227s,2.815967s,6165,156,0
3.1011682s,1.4775463s,2.313292s,6181,156,0
2.7358857s,1.1368131s,5.5326768s,6153,156,0
2.5890817s,1.4596827s,11.6767868s,6053,156,0
2.6403856s,1.1574583s,8.5477502s,6085,156,0
2.3030406s,1.0806382s,3.1156272s,6197,156,0
2.5992364s,1.2725742s,11.6666321s,6041,156,0
2.3375866s,1.2247254s,5.9351835s,6137,156,0
2.807027s,1.1744074s,2.6158749s,6189,156,0
2.707044s,1.2735873s,2.7186957s,6193,156,0
2.4073809s,1.247008s,11.8709527s,6077,156,0
2.4508526s,1.1790983s,8.7497483s,6101,156,0
2.3133503s,1.0623895s,3.1181797s,6169,156,0
2.6096525s,1.0908563s,11.6690782s,6073,156,0
2.8541023s,1.4196862s,5.43153s,6133,156,0
2.722168s,1.4073s,2.7162983s,6161,156,0
2.722168s,1.1559809s,2.7162983s,6173,156,0
2.155022s,1.0763071s,6.1400533s,6141,156,0
2.6605051s,1.2734709s,8.5562112s,6089,156,0
2.7676019s,1.4260774s,8.4491144s,6093,156,0
2.7269443s,1.0687828s,11.5675047s,6045,156,0
2.7163533s,1.3821888s,11.5780957s,6061,156,0
2.5257914s,1.3661567s,11.7686576s,6049,156,0
2.4719503s,1.1979468s,8.7519718s,6109,156,0
2.5837179s,1.1335073s,5.7380303s,6149,156,0
2.7874784s,1.101008s,5.5342698s,6129,156,0
3.1549164s,1.468189s,2.3130941s,6177,156,0
2.6536016s,1.1070039s,2.8172849s,6185,156,0
2.7889984s,1.4260774s,8.455031s,6097,156,0
2.5974935s,1.4739179s,8.6528651s,6113,156,0
2.5970029s,1.4777862s,5.73799s,6125,156,0
2.5970029s,1.1392916s,5.73799s,6157,156,0
2.8708922s,1.2227028s,11.4702033s,6065,156,0
2.5024925s,1.2580087s,8.7608703s,6105,156,0
2.6073814s,1.2647726s,5.7406157s,6145,156,0
2.4250922s,1.0570225s,0s,6205,156,0
2.4394213s,1.1680042s,0s,6217,156,0
2.5036631s,1.080528s,0s,6225,156,0
2.5527923s,1.1167963s,0s,6233,156,0
2.6853971s,1.1664541s,0s,6229,156,0
2.6936557s,1.3870456s,0s,6221,156,0
2.7284961s,1.1887744s,0s,6209,156,0
2.5087462s,1.1817336s,301.7746ms,6270,157,1
2.7123862s,1.3970382s,100.225ms,6254,157,1
2.8131622s,1.201211s,0s,6242,157,1
3.16559s,1.4094282s,2.8187682s,6206,157,1
2.5812787s,1.0963774s,6.4395807s,6178,157,1
2.2746472s,1.012582s,6.7462122s,6198,157,1
2.4207926s,1.0867615s,9.7686223s,6146,157,1
2.6215963s,1.2021091s,9.5678186s,6142,157,1
2.7389741s,1.1112533s,9.4551975s,6122,157,1
2.5404462s,1.4348527s,9.6562533s,6134,157,1
2.9957933s,1.4155468s,6.035072s,6190,157,1
2.2963576s,1.0427735s,6.7401327s,6186,157,1
2.1802723s,1.0274371s,3.8236133s,6218,157,1
2.4827347s,1.1075324s,3.5215424s,6222,157,1
2.2963576s,1.1633484s,6.7405242s,6162,157,1
2.787856s,1.366074s,3.2195682s,6202,157,1
2.844571s,1.4324816s,0s,6262,158,1
2.2429152s,1.1381694s,603.3261ms,6266,158,1
2.6937157s,1.4228611s,3.3181156s,6238,158,1
2.5084721s,1.3114974s,6.5359639s,6194,158,1
3.095005s,1.343596s,2.9168263s,6214,158,1
2.9971754s,1.4216162s,12.2799045s,6094,158,1
2.6479537s,1.2071339s,203.3495ms,6246,158,1
3.0174972s,1.2276891s,6.0343492s,6166,158,1
3.1685555s,1.3438186s,9.0566604s,6158,158,1
2.7041854s,1.1162135s,3.3198703s,6210,158,1
2.8195397s,1.2307293s,6.2371207s,6174,158,1
2.5630157s,1.3524649s,302.0838ms,6258,158,1
2.1129168s,1.02059s,3.9204383s,6230,158,1
3.0326047s,1.451374s,6.0333551s,6170,158,1
2.4652022s,1.1668745s,402.5629ms,6274,158,1
2.7717607s,1.4231108s,100.538ms,6278,158,1
2.9339356s,1.4645962s,12.3703857s,6110,158,1
2.5800133s,1.4516354s,9.6602196s,6150,158,1
2.7821113s,1.1984442s,9.4581216s,6154,158,1
2.1716041s,1.1397723s,704.4076ms,6250,158,1
2.6886321s,1.382011s,9.5605128s,6138,158,1
2.5901025s,1.2559358s,9.6590424s,6126,158,1
2.7359509s,1.3257972s,3.3199828s,6234,158,1
2.8035905s,1.3128033s,9.4583317s,6130,158,1
3.0640884s,1.4820708s,12.2731851s,6098,158,1
2.5703349s,1.3945084s,6.5342947s,6182,158,1
2.5555307s,1.2782843s,3.5164942s,6226,158,1
2.4347245s,1.2611909s,1.2072585s,6344,160,3
2.6952257s,1.1588187s,9.4642586s,6240,160,3
3.2517957s,1.3538931s,402.3608ms,6324,160,3
2.8154262s,1.368725s,6.4467956s,6256,160,3
2.9051085s,1.3843984s,9.2622218s,6232,160,3
2.6593064s,1.3084049s,3.7235996s,6308,160,3
2.630358s,1.1834427s,6.6412293s,6248,160,3
2.3649965s,1.0589231s,4.0256577s,6320,160,3
2.4701736s,1.3204287s,3.9204806s,6284,160,3
2.5671449s,1.3223304s,1.1068229s,6352,160,3
2.5260524s,1.0564774s,9.6650059s,6228,160,3
2.2694008s,1.0127963s,1.4079806s,6336,160,3
2.5750014s,1.173296s,3.8254822s,6316,160,3
2.737392s,1.1600658s,9.4591262s,6212,160,3
2.737392s,1.3915331s,9.4591262s,6204,160,3
2.7362647s,1.4696104s,9.4602535s,6216,160,3
2.5784728s,1.1523806s,1.1073259s,6356,160,3
2.784014s,1.0612277s,906.0033ms,6332,160,3
2.6629065s,1.1738786s,6.6421014s,6260,160,3
2.5948848s,1.1132224s,1.1067412s,6360,160,3
2.767686s,1.3364292s,6.5420053s,6276,160,3
2.5554966s,1.1995485s,9.66243s,6220,160,3
2.5554966s,1.1989111s,9.66243s,6208,160,3
2.3553658s,1.018101s,9.8625608s,6224,160,3
2.407408s,1.1322774s,4.0235481s,6292,160,3
2.3618567s,1.1366703s,9.8645339s,6236,160,3
2.4831109s,1.1356715s,6.8425471s,6252,160,3
2.8849631s,1.4256351s,6.4406949s,6268,160,3
2.5873535s,1.0916195s,6.748862s,6264,160,3
2.119331s,1.0340602s,4.3319214s,6304,160,3
2.6944762s,1.2144976s,6.6417393s,6244,160,3
2.7231022s,1.1800415s,3.7281502s,6296,160,3
2.7231022s,1.361309s,3.7281502s,6288,160,3
2.5287242s,1.4276567s,3.9225282s,6312,160,3
2.4929928s,1.2974763s,6.8437416s,6280,160,3
2.4224881s,1.1253021s,4.0287643s,6300,160,3
2.3221861s,1.1327265s,1.4105801s,6328,160,3
2.3221861s,1.0438443s,1.4105801s,6340,160,3
2.6994511s,1.3586839s,6.6448696s,6272,160,3
2.6309411s,1.1585396s,1.1077676s,6348,160,3
2.8092177s,1.2134204s,7.0474364s,6279,160,2
2.5077956s,1.024291s,7.3536274s,6275,160,2
2.7134063s,1.465051s,7.1480167s,6247,160,2
2.8810155s,1.3727776s,3.621949s,6291,160,2
2.6303681s,1.2062724s,906.1801ms,6327,160,2
2.6782772s,1.2407963s,3.8246873s,6287,160,2
2.8957755s,1.3370849s,9.8690584s,6207,160,2
2.335139s,1.129093s,1.2090446s,6347,160,2
2.8010979s,1.4010198s,9.963736s,6235,160,2
2.5974678s,1.0257345s,10.1673661s,6215,160,2
2.5454049s,1.4089387s,1.0044892s,6331,160,2
3.0513482s,1.2370566s,502.2007ms,6323,160,2
2.7027853s,1.0354208s,3.8217888s,6307,160,2
2.9403151s,1.1470447s,6.9427175s,6267,160,2
2.4583584s,1.3820821s,1.1065963s,6339,160,2
2.6616448s,1.0482611s,906.306ms,6355,160,2
2.3124218s,1.2236246s,4.2265825s,6315,160,2
2.626961s,1.4572127s,10.1662773s,6211,160,2
2.243409s,1.0477896s,7.6540538s,6251,160,2
2.6475754s,1.2419701s,7.2503948s,6259,160,2
2.8181161s,1.4063779s,3.7261075s,6283,160,2
3.3584585s,1.4448025s,6.5442236s,6255,160,2
2.4337918s,1.242646s,10.366977s,6231,160,2
2.3387418s,1.1777212s,10.4688659s,6223,160,2
2.3404789s,1.026589s,10.4671288s,6239,160,2
2.5298704s,1.176908s,4.0235033s,6311,160,2
2.3782867s,1.076967s,1.2086707s,6351,160,2
2.9878554s,1.1535913s,603.8109ms,6343,160,2
2.872908s,1.3053591s,7.0436331s,6271,160,2
3.099489s,1.4777077s,503.3009ms,6359,160,2
2.6595986s,1.3630841s,10.1638416s,6227,160,2
2.4579021s,1.1628732s,10.3655381s,6203,160,2
2.180114s,1.0672828s,7.7475507s,6243,160,2
2.6990414s,1.4146398s,905.9058ms,6335,160,2
2.5512365s,1.1362204s,4.020127s,6303,160,2
2.8494777s,1.3920034s,3.7218858s,6299,160,2
2.1596195s,1.0477738s,10.6686649s,6219,160,2
2.9664163s,1.0446821s,3.6246291s,6319,160,2
2.870551s,1.0283209s,3.7226573s,6295,160,2
2.4013748s,1.0605297s,7.550292s,6263,160,2
2.5520349s,1.1563926s,2.7170713s,6345,160,0
2.5558759s,1.0428637s,2.7192917s,6349,160,0
2.3402258s,1.200699s,8.8542499s,6257,160,0
2.8682367s,1.4327282s,2.4162393s,6357,160,0
2.7472777s,1.4287243s,11.3709437s,6213,160,0
2.7587339s,1.3690444s,8.4536655s,6269,160,0
2.3680485s,1.1484621s,5.8371984s,6309,160,0
2.2726744s,1.0693236s,5.9376691s,6293,160,0
2.7854008s,1.0807848s,2.5159004s,6353,160,0
2.6617251s,1.3271501s,8.5552325s,6277,160,0
2.1762117s,1.1347402s,6.03552s,6301,160,0
2.6948075s,1.0539737s,2.617633s,6329,160,0
2.5821319s,1.4350197s,5.6389968s,6281,160,0
2.2659496s,1.0525541s,8.9621473s,6245,160,0
2.4793122s,1.2344834s,8.756063s,6261,160,0
2.5087578s,1.1657967s,2.8166025s,6337,160,0
2.6845002s,1.1969851s,8.5565165s,6265,160,0
2.2872541s,1.0386094s,8.9582919s,6253,160,0
2.5132055s,1.2848029s,2.8166841s,6321,160,0
2.4002643s,1.1969767s,5.8386676s,6289,160,0
2.6951074s,1.235926s,8.5558977s,6273,160,0
2.8191776s,1.2025956s,2.5161711s,6341,160,0
2.5074994s,1.0757041s,5.7368916s,6313,160,0
2.9090423s,1.2287305s,5.3353487s,6305,160,0
2.2949402s,1.1263404s,0s,6365,160,0
3.0066141s,1.2419359s,8.257437s,6241,160,0
2.7163808s,1.4113459s,8.5504297s,6249,160,0
3.0409225s,1.4798995s,2.3138545s,6333,160,0
2.9158991s,1.4844261s,11.2740351s,6237,160,0
2.6353506s,1.3605925s,5.63559s,6317,160,0
2.4321242s,1.1427817s,5.8388164s,6285,160,0
2.5449322s,1.3275577s,2.8169661s,6325,160,0
2.8349748s,1.4821757s,5.4359658s,6297,160,0
2.8228008s,1.2766893s,11.3743374s,6201,160,0
2.4033778s,1.0561552s,0s,6393,160,0
2.5921798s,1.122833s,0s,6397,160,0
2.3793207s,1.2226827s,9.9628073s,6298,162,1
2.4397822s,1.2041397s,1.107569s,6406,162,1
2.6441473s,1.3849626s,906.5131ms,6414,162,1
2.5289553s,1.1424s,3.92943s,6382,162,1
2.6823094s,1.0054225s,6.8437142s,6330,162,1
2.6502998s,1.4667819s,906.5301ms,6430,162,1
2.488255s,1.3295034s,7.0438432s,6342,162,1
2.8450407s,1.4449812s,3.6229343s,6386,162,1
2.5582734s,1.3739008s,1.0071172s,6410,162,1
2.4457343s,1.1003014s,4.0267776s,6374,162,1
2.8068398s,1.0438371s,9.5578645s,6294,162,1
2.4457343s,1.1314346s,4.0267776s,6398,162,1
2.7092678s,1.1373464s,9.6589973s,6318,162,1
2.6523964s,1.2677811s,3.8236763s,6362,162,1
2.3680555s,1.341131s,1.2060199s,6422,162,1
2.7038101s,1.3458754s,6.8429775s,6334,162,1
2.6123495s,1.2779669s,9.7627779s,6282,162,1
2.7643999s,1.344067s,3.7226325s,6378,162,1
2.8255831s,1.3524382s,9.5599597s,6314,162,1
2.797513s,1.4719018s,806.9217ms,6402,162,1
2.6298073s,1.2460384s,6.9449577s,6326,162,1
2.4045002s,1.3577046s,1.2073012s,6438,162,1
2.6447276s,1.3772689s,9.7618506s,6310,162,1
2.2414062s,1.0536365s,10.165172s,6286,162,1
2.6553293s,1.0574497s,9.7593435s,6290,162,1
2.9025844s,1.3240642s,3.619896s,6370,162,1
2.7001363s,1.0377869s,3.8223441s,6366,162,1
2.4426708s,1.3101722s,7.1464189s,6346,162,1
2.604895s,1.2491701s,3.9248836s,6390,162,1
2.3630306s,1.2651978s,10.0617661s,6302,162,1
2.9599318s,1.3786584s,6.6392818s,6338,162,1
2.765183s,1.3464813s,9.6596137s,6306,162,1
2.859349s,1.3716904s,6.7398646s,6358,162,1
2.4101485s,1.192829s,4.1254248s,6394,162,1
2.8311223s,1.3309896s,804.7863ms,6434,162,1
2.734485s,1.3485482s,905.1422ms,6426,162,1
2.5618735s,1.2122582s,7.0469474s,6350,162,1
3.0666093s,1.4320457s,6.5422116s,6354,162,1
2.6336532s,1.0842446s,1.0063299s,6418,162,1
2.964558s,1.1815834s,6.6446188s,6322,162,1
2.516594s,1.1544271s,4.126899s,6467,164,2
2.7294088s,1.0136102s,6.9479063s,6407,164,2
3.0342366s,1.2534511s,6.6473119s,6423,164,2
2.6405578s,1.0733281s,7.0469246s,6427,164,2
2.3896984s,1.2522027s,1.3079316s,6483,164,2
2.4409906s,1.0477088s,7.2492681s,6411,164,2
2.5950625s,1.4231349s,1.1052295s,6491,164,2
2.7978158s,1.2901584s,905.048ms,6507,164,2
2.2514498s,1.0328097s,10.470917s,6399,164,2
2.9039464s,1.3117869s,804.5128ms,6499,164,2
2.7566769s,1.3917048s,6.9437512s,6415,164,2
2.3668715s,1.1626096s,10.365451s,6387,164,2
2.6551138s,1.2157845s,4.0250132s,6447,164,2
2.855806s,1.3641428s,3.824321s,6451,164,2
2.5650852s,1.2307028s,7.1492784s,6403,164,2
2.475669s,1.0004081s,10.2683093s,6395,164,2
2.9577323s,1.3624299s,3.7244753s,6479,164,2
2.4786841s,1.0711476s,10.2706053s,6391,164,2
2.5635366s,1.1442678s,4.1282171s,6471,164,2
2.5834716s,1.1348529s,10.1722096s,6383,164,2
2.7783389s,1.4053692s,6.9498082s,6439,164,2
2.3668788s,1.1231703s,4.3295926s,6459,164,2
2.5302176s,1.0036703s,1.2085215s,6519,164,2
2.4897299s,1.0635438s,10.2732593s,6371,164,2
2.8724392s,1.2336388s,3.8287793s,6443,164,2
2.4842319s,1.4090247s,7.2512232s,6419,164,2
2.675827s,1.1185136s,4.027626s,6455,164,2
2.9938223s,1.3231514s,6.7466994s,6435,164,2
2.8832777s,1.4840939s,3.8258947s,6475,164,2
2.7116565s,1.0078172s,10.0679387s,6363,164,2
2.4156168s,1.2105707s,10.3639784s,6379,164,2
2.6093201s,1.0253239s,10.1702751s,6367,164,2
2.9570789s,1.3773961s,804.7109ms,6511,164,2
2.7084173s,1.3231514s,7.0458829s,6431,164,2
2.59517s,1.2462166s,4.1279915s,6463,164,2
3.0275341s,1.4061326s,9.762401s,6375,164,2
2.5622205s,1.4583082s,1.2082116s,6495,164,2
3.0731132s,1.4445654s,703.6835ms,6487,164,2
2.5732446s,1.4583082s,1.2079735s,6515,164,2
2.5732446s,1.119343s,1.2079735s,6503,164,2
2.8351177s,1.4129596s,10.4684927s,6364,164,3
2.4050934s,1.0116161s,7.8490345s,6424,164,3
2.544444s,1.3023382s,10.7732481s,6400,164,3
2.5381473s,1.2180236s,4.6304611s,6468,164,3
2.3392912s,1.2506746s,4.8293172s,6480,164,3
2.6407009s,1.2887342s,4.5325018s,6456,164,3
2.6473116s,1.3376235s,10.6770423s,6372,164,3
2.5167342s,1.1320403s,7.7532363s,6408,164,3
2.8166137s,1.4752138s,7.4533568s,6404,164,3
3.057617s,1.3212134s,10.2722705s,6376,164,3
2.9905847s,1.3809159s,1.1055394s,6500,164,3
2.9231071s,1.4726467s,7.3509418s,6440,164,3
2.2665714s,1.1229258s,11.0731516s,6392,164,3
2.3937714s,1.053333s,1.7104098s,6520,164,3
2.9336892s,1.3470906s,7.3484168s,6412,164,3
2.7767163s,1.2405385s,10.5668235s,6396,164,3
2.4425616s,1.0821586s,7.8517114s,6416,164,3
2.180067s,1.0421053s,11.1734281s,6380,164,3
2.6082889s,1.4389232s,1.5096644s,6496,164,3
2.447388s,1.0757868s,7.8484901s,6428,164,3
3.0843906s,1.4831853s,4.1262467s,6472,164,3
2.7820736s,1.3275027s,4.4285637s,6476,164,3
2.4774972s,1.003548s,4.7331401s,6460,164,3
2.8636345s,1.3945342s,7.4504076s,6420,164,3
2.4884637s,1.3426421s,4.7320442s,6444,164,3
2.1981631s,1.089296s,11.173496s,6368,164,3
2.5886737s,1.3195046s,4.6318342s,6448,164,3
2.3876132s,1.1177604s,4.8328947s,6464,164,3
2.4287868s,1.1448118s,1.7087209s,6484,164,3
3.1355603s,1.4885977s,1.0061309s,6492,164,3
2.3915767s,1.0922547s,4.8345051s,6452,164,3
2.2350525s,1.0395818s,1.9105606s,6488,164,3
2.9118019s,1.0509308s,10.4719207s,6384,164,3
2.6399379s,1.3939894s,1.5082429s,6516,164,3
2.4746145s,1.1234917s,7.8514911s,6432,164,3
2.8424153s,1.4548808s,1.308142s,6508,164,3
2.5442288s,1.212428s,1.6112208s,6504,164,3
3.0935342s,1.4560084s,7.2430254s,6436,164,3
2.3527301s,1.1154287s,1.8119708s,6512,164,3
2.630694s,1.002229s,10.7695487s,6388,164,3
2.8908252s,1.4091755s,11.9790348s,6385,164,0
2.8841413s,1.3620006s,8.6581052s,6417,164,0
2.9358377s,1.4757527s,2.6178229s,6481,164,0
2.435s,1.1458232s,3.1186606s,6517,164,0
2.591583s,1.318211s,5.7410139s,6453,164,0
2.3882318s,1.1012016s,9.1608957s,6405,164,0
2.586769s,1.3597491s,8.9623585s,6401,164,0
3.1484961s,1.4920706s,2.4152932s,6513,164,0
3.0091982s,1.2786715s,11.8768357s,6377,164,0
2.212131s,1.1203743s,6.1397205s,6441,164,0
2.7548708s,1.4058498s,2.8180444s,6505,164,0
2.713098s,1.4307344s,5.6387535s,6477,164,0
3.213951s,1.4672815s,8.3551237s,6437,164,0
3.3276135s,1.4939835s,11.5752585s,6373,164,0
2.6610309s,1.2528641s,2.9213403s,6485,164,0
2.4670955s,1.4006328s,3.119592s,6497,164,0
2.5740086s,1.1383565s,3.0235008s,6501,164,0
2.7740016s,1.4058498s,2.8235078s,6489,164,0
2.3503342s,1.1317542s,100.6131ms,6545,164,0
2.882478s,1.3506307s,2.7169654s,6493,164,0
2.4367772s,1.0129295s,9.1587523s,6413,164,0
2.5372897s,1.3649302s,9.0582398s,6429,164,0
2.4479996s,1.2514859s,5.9381065s,6473,164,0
2.648548s,1.3671774s,5.7375581s,6457,164,0
2.3389968s,1.2049111s,9.262642s,6421,164,0
2.7552748s,1.0133508s,12.178464s,6389,164,0
2.3926434s,1.0364985s,3.2205946s,6509,164,0
2.9583961s,1.4036034s,11.9753427s,6369,164,0
2.265165s,1.1263561s,201.1797ms,6533,164,0
2.7570905s,1.1015218s,5.6372149s,6469,164,0
3.0664189s,1.2851533s,8.5502019s,6425,164,0
2.5638096s,1.0461019s,5.8388602s,6465,164,0
2.5589476s,1.4723625s,9.0576732s,6409,164,0
2.6700218s,1.0142238s,5.7375561s,6461,164,0
2.3819604s,1.068603s,101.1696ms,6521,164,0
2.7799597s,1.3635385s,12.180886s,6361,164,0
2.7789363s,1.2662462s,5.6403449s,6449,164,0
2.7764471s,1.4392292s,12.1843986s,6381,164,0
2.2821064s,1.0425967s,6.1404453s,6445,164,0
3.0772246s,1.3818577s,8.5592781s,6433,164,0
2.5143583s,1.3100438s,0s,6549,164,0
2.6435653s,1.1836895s,0s,6541,164,0
2.73871s,1.2471124s,0s,6529,164,0
2.7603978s,1.0232038s,0s,6537,164,0
2.8287794s,1.4166571s,0s,6525,164,0
2.542202s,1.2171853s,7.6467198s,6502,166,1
2.542202s,1.300734s,7.6498262s,6514,166,1
2.4645421s,1.3866033s,1.4091968s,6562,166,1
2.9516438s,1.4422263s,7.2507819s,6506,166,1
2.9579179s,1.4240176s,7.2470539s,6486,166,1
2.5571274s,1.1681106s,7.6550642s,6518,166,1
3.2881054s,1.4129289s,603.8878ms,6594,166,1
2.2112061s,1.0118842s,10.974084s,6442,166,1
3.2849857s,1.3234194s,6.9423937s,6490,166,1
2.6151828s,1.4716012s,4.3272109s,6538,166,1
3.1064935s,1.483858s,804.2131ms,6590,166,1
2.2995626s,1.029528s,1.611144s,6570,166,1
2.8895269s,1.1233924s,7.3438696s,6494,166,1
2.3215032s,1.2349201s,10.8736496s,6454,166,1
2.6365242s,1.1809357s,4.326117s,6550,166,1
2.5304823s,1.3020588s,4.4321589s,6530,166,1
3.0377042s,1.4212603s,3.924937s,6558,166,1
2.4408325s,1.2051282s,10.7700517s,6478,166,1
2.7425679s,1.4318836s,4.2254199s,6534,166,1
2.7080952s,1.120082s,7.5488733s,6498,166,1
2.8264237s,1.3729009s,1.1078549s,6574,166,1
2.6252359s,1.4144643s,1.3090427s,6566,166,1
2.4271486s,1.1358684s,1.5097546s,6578,166,1
3.1325372s,1.3518644s,804.9496ms,6586,166,1
2.2498573s,1.0632995s,4.7282733s,6542,166,1
2.7140189s,1.1925846s,7.5490974s,6510,166,1
2.2464054s,1.0974771s,10.9746216s,6450,166,1
2.8492899s,1.498895s,4.1288407s,6554,166,1
2.9579107s,1.4240165s,10.2683031s,6466,166,1
2.6579426s,1.1893648s,4.3292247s,6526,166,1
2.3603246s,1.1159892s,10.8710653s,6458,166,1
2.7229075s,1.1555015s,7.5505717s,6482,166,1
2.7608602s,1.4313339s,10.4705297s,6474,166,1
2.7608602s,1.3004944s,10.4705297s,6470,166,1
2.6604117s,1.3274732s,10.5709782s,6446,166,1
2.6685946s,1.2026646s,4.3267221s,6522,166,1
2.8722754s,1.4434666s,10.3679587s,6462,166,1
2.5550484s,1.284697s,1.4080977s,6598,166,1
2.7745793s,1.3050783s,4.226271s,6546,166,1
2.6567076s,1.164217s,1.3064385s,6582,166,1
2.7911481s,1.2764368s,8.3534247s,6575,168,2
2.9740669s,1.4067294s,5.2304454s,6603,168,2
2.7222673s,1.2388477s,2.413295s,6655,168,2
2.6812503s,1.1701335s,11.4701219s,6539,168,2
2.8783476s,1.2896842s,11.2730246s,6535,168,2
2.5881377s,1.4033919s,5.6334903s,6607,168,2
2.8988058s,1.3608302s,5.3337088s,6615,168,2
2.6157787s,1.4391726s,8.5605086s,6583,168,2
2.5523791s,1.1778469s,2.6148977s,6643,168,2
2.9945797s,1.3842067s,11.1762873s,6523,168,2
2.3086311s,1.0930472s,5.9379543s,6619,168,2
2.562815s,1.0335535s,2.6177281s,6647,168,2
2.5131999s,1.157804s,5.7420306s,6611,168,2
2.9397158s,1.3511894s,8.2627889s,6567,168,2
2.7235236s,1.3448353s,11.4731795s,6551,168,2
2.8490933s,1.472464s,8.3534114s,6579,168,2
2.1144227s,1.0304438s,6.1483662s,6627,168,2
2.5406742s,1.3625259s,8.6618305s,6599,168,2
2.2143077s,1.1177282s,11.9827767s,6531,168,2
2.4778092s,1.3422955s,2.7171458s,6679,168,2
2.6906958s,1.1436707s,2.5131896s,6663,168,2
2.8360486s,1.0888733s,11.371427s,6547,168,2
2.8917603s,1.308737s,2.3121251s,6671,168,2
2.1305425s,1.0099417s,12.0769331s,6559,168,2
2.5454592s,1.215623s,5.7317407s,6631,168,2
2.8465411s,1.0139572s,11.3649543s,6555,168,2
2.7477924s,1.4378031s,5.5294075s,6623,168,2
2.4997856s,1.0570298s,2.719292s,6675,168,2
2.7752678s,1.3532427s,8.4564266s,6571,168,2
2.3710844s,1.1107987s,8.86061s,6591,168,2
3.1064271s,1.3021937s,2.1162568s,6651,168,2
2.7807426s,1.1150061s,8.4556043s,6595,168,2
2.5101336s,1.1271392s,2.7172028s,6667,168,2
2.8808747s,1.4818514s,8.3554722s,6563,168,2
2.9633156s,1.4663099s,5.3333155s,6639,168,2
2.7619568s,1.255989s,11.4709344s,6543,168,2
2.2877983s,1.0365849s,8.9535876s,6587,168,2
2.5633498s,1.4120186s,11.6726158s,6527,168,2
3.0692947s,1.4825394s,5.2323754s,6635,168,2
2.6162149s,1.4459597s,2.6161605s,6659,168,2
2.2504056s,1.0866309s,0s,6719,168,2
2.3099943s,1.098552s,0s,6715,168,2
2.3204121s,1.0029522s,0s,6687,168,2
2.3204121s,1.0688028s,0s,6683,168,2
2.4144655s,1.1944267s,0s,6711,168,2
2.4822983s,1.1680024s,0s,6695,168,2
2.5130795s,1.0488657s,0s,6699,168,2
2.5236852s,1.1270054s,0s,6707,168,2
2.7317912s,1.0912478s,11.8772458s,6544,168,3
2.8741577s,1.0969402s,8.6578114s,6596,168,3
2.7798106s,1.2301737s,8.7562904s,6576,168,3
2.8989476s,1.4760657s,2.313492s,6660,168,3
3.0377586s,1.280308s,11.5757444s,6528,168,3
3.1271267s,1.3011342s,5.5351507s,6624,168,3
2.5742398s,1.354592s,8.9621953s,6588,168,3
2.6957497s,1.312269s,2.517024s,6668,168,3
2.5416318s,1.341489s,12.0750106s,6540,168,3
2.6303596s,1.3630074s,6.0380367s,6636,168,3
2.4937847s,1.0636994s,9.0513131s,6592,168,3
3.4495037s,1.4647566s,5.2343241s,6628,168,3
2.9596489s,1.1181363s,11.6754045s,6536,168,3
2.3166611s,1.1294859s,2.917663s,6652,168,3
2.4471357s,1.2555982s,6.2366921s,6632,168,3
2.8074826s,1.4498525s,8.7557066s,6572,168,3
2.4574783s,1.0674635s,6.2417497s,6604,168,3
2.6615507s,1.333452s,6.0376773s,6612,168,3
2.6735559s,1.3487144s,11.9812791s,6556,168,3
2.2108607s,1.0063594s,9.3669064s,6580,168,3
3.0770679s,1.4995604s,11.5777671s,6560,168,3
2.5148206s,1.2536418s,9.0629465s,6564,168,3
3.0415969s,1.2703849s,2.2125088s,6680,168,3
2.6386028s,1.2786611s,2.6155029s,6644,168,3
2.4815898s,1.2763527s,12.1790392s,6552,168,3
2.6722255s,1.3844418s,6.0371779s,6608,168,3
2.8309113s,1.4812641s,8.756902s,6600,168,3
2.5756203s,1.4612296s,6.1383822s,6616,168,3
2.9635994s,1.496219s,2.3164228s,6664,168,3
2.7610198s,1.2100589s,2.5190024s,6656,168,3
2.8918265s,1.4492928s,11.788925s,6524,168,3
2.5866954s,1.309773s,6.1428305s,6640,168,3
2.9684735s,1.2765596s,2.3133537s,6676,168,3
3.169547s,1.4804777s,2.1122802s,6672,168,3
2.7107158s,1.3200085s,11.9785677s,6548,168,3
2.5565837s,1.255026s,9.0580637s,6568,168,3
2.0239719s,1.0081822s,100.8089ms,6700,168,3
2.7050749s,1.2430203s,6.0387566s,6620,168,3
2.7631703s,1.0063594s,8.8548189s,6584,168,3
2.8193691s,1.1973183s,11.875688s,6532,168,3
2.1784349s,1.1413215s,3.1190243s,6648,168,3
2.7964699s,1.1776731s,6.443108s,6637,169,0
2.7125821s,1.3581711s,3.4249993s,6641,169,0
2.4964325s,1.0479004s,9.7655156s,6577,169,0
3.1053735s,1.3615563s,6.1395169s,6605,169,0
2.7006256s,1.4897955s,6.5442648s,6613,169,0
2.7006256s,1.2556411s,6.5442648s,6609,169,0
2.9506076s,1.3174089s,12.2749449s,6553,169,0
2.6170642s,1.2287653s,3.5224527s,6661,169,0
2.4906068s,1.303493s,704.5115ms,6681,169,0
2.711045s,1.4629705s,6.5369433s,6617,169,0
2.711045s,1.3521951s,6.5369433s,6621,169,0
2.6075652s,1.1042422s,9.6574808s,6581,169,0
2.6279103s,1.4084268s,3.5238736s,6673,169,0
2.8052419s,1.3264977s,401.6985ms,6705,169,0
2.4825122s,1.298877s,0s,6688,168,3
3.0166985s,1.456051s,9.2624855s,6597,169,0
2.7208505s,1.2265876s,9.5586927s,6565,169,0
2.7208505s,1.1502626s,9.55917s,6573,169,0
2.9636044s,1.4707304s,12.2800205s,6557,169,0
2.6245887s,1.0854549s,9.6613982s,6589,169,0
2.9170886s,1.4699175s,301.8028ms,6697,169,0
2.9461878s,1.3381461s,3.2224982s,6645,169,0
3.0324634s,1.3464806s,6.2415961s,6625,169,0
2.646822s,1.3805856s,3.5244431s,6653,169,0
2.9249963s,1.2899773s,302.4327ms,6689,169,0
2.5267789s,1.3741719s,705.1298ms,6713,169,0
2.4363464s,1.1668257s,9.8700191s,6561,169,0
2.8711014s,1.3452612s,3.3226811s,6665,169,0
2.3733693s,1.263583s,3.8218443s,6657,169,0
2.7490365s,1.1375862s,503.2363ms,6685,169,0
2.2524932s,1.0620699s,1.0063352s,6717,169,0
2.4866492s,1.3483614s,3.7244001s,6649,169,0
2.9734424s,1.2442091s,9.3632162s,6593,169,0
2.4768236s,1.3786768s,6.8461244s,6601,169,0
2.3943749s,1.1098306s,3.8231996s,6669,169,0
2.9792993s,1.4945395s,6.3436487s,6633,169,0
2.893119s,1.3754214s,3.3239261s,6677,169,0
2.4695487s,1.1988072s,804.4434ms,6701,169,0
2.8886096s,1.0728084s,9.4561558s,6585,169,0
2.9732142s,1.2192836s,302.9322ms,6693,169,0
2.8886096s,1.4927448s,9.4561558s,6569,169,0
2.5943611s,1.4945395s,6.7371224s,6629,169,0
2.4801575s,1.0480417s,805.0025ms,6709,169,0
2.8474845s,1.2131448s,2.9175723s,6714,169,1
2.3663176s,1.0944541s,10.1641077s,6602,169,1
2.5592562s,1.3005493s,6.6419821s,6650,169,1
2.5736805s,1.2160171s,9.9724202s,6630,169,1
2.569833s,1.3785026s,6.6434847s,6646,169,1
2.6829646s,1.3997849s,9.8672341s,6614,169,1
2.5778863s,1.0944541s,9.9723124s,6606,169,1
2.6750944s,1.4740433s,6.5382233s,6654,169,1
2.778837s,1.4606428s,3.0190231s,6706,169,1
2.989568s,1.3863606s,2.8137507s,6694,169,1
2.5835194s,1.3504346s,3.2197993s,6698,169,1
2.492571s,1.0057125s,10.0669315s,6618,169,1
2.5801057s,1.153837s,6.6425158s,6666,169,1
2.5907187s,1.0197237s,6.6376098s,6642,169,1
2.5930914s,1.0366717s,0s,6754,169,1
2.6971127s,1.1985787s,6.5385224s,6678,169,1
2.3976033s,1.1657146s,3.4203606s,6710,169,1
2.4979495s,1.0093934s,3.3200144s,6682,169,1
3.0244466s,1.4473312s,9.5613789s,6626,169,1
3.2181073s,1.3566068s,2.6143394s,6690,169,1
2.3136007s,1.0996874s,3.518846s,6718,169,1
3.4193028s,1.4740433s,5.8324467s,6658,169,1
2.6361959s,1.0456667s,9.9563797s,6634,169,1
2.334597s,1.0304166s,10.2579786s,6622,169,1
3.336881s,1.4351092s,9.2556946s,6610,169,1
2.5286463s,1.005656s,100.5825ms,6758,169,1
2.8275927s,1.1953495s,6.4413421s,6670,169,1
2.4453232s,1.2969577s,10.1604926s,6638,169,1
2.3359755s,1.1467008s,6.9350893s,6662,169,1
2.5374433s,1.1973379s,6.7336215s,6674,169,1
2.43459s,1.2193685s,3.417172s,6686,169,1
2.6387887s,1.3826802s,0s,6742,169,1
2.4452784s,1.2996272s,3.4191298s,6702,169,1
2.7460871s,1.3062964s,0s,6738,169,1
2.7559018s,1.4320512s,0s,6726,169,1
2.7680907s,1.3847311s,0s,6734,169,1
2.7991492s,1.445468s,0s,6722,169,1
2.8308397s,1.3631063s,0s,6746,169,1
2.8943465s,1.4647538s,0s,6750,169,1
2.913304s,1.0941986s,0s,6730,170,1
2.8129566s,1.4111396s,0s,6871,172,2
2.6250603s,1.217261s,6.5376245s,6779,172,2
3.109611s,1.3862653s,2.8179277s,6823,172,2
2.7180507s,1.4265475s,100.229ms,6879,172,2
2.8893662s,1.4517115s,9.2542201s,6739,172,2
2.4363486s,1.1719876s,6.7373221s,6763,172,2
2.5663034s,1.118096s,12.2742995s,6691,172,2
3.2382749s,1.4953975s,5.9353958s,6767,172,2
2.4363486s,1.3555168s,6.7414718s,6791,172,2
2.6967459s,1.3486216s,9.4556758s,6731,172,2
2.9441692s,1.2669089s,6.2351406s,6787,172,2
2.3356123s,1.0044534s,502.4475ms,6859,172,2
2.8489989s,1.0257073s,6.3369468s,6775,172,2
2.5509545s,1.3810857s,6.6349912s,6783,172,2
2.6249226s,1.2221233s,3.3227482s,6815,172,2
2.6327104s,1.4192065s,3.3162196s,6819,172,2
2.3063603s,1.116533s,9.859989s,6759,172,2
2.3461276s,1.1785157s,502.0597ms,6851,172,2
2.5402965s,1.3874862s,3.4215836s,6839,172,2
2.6923309s,1.0107786s,12.1785626s,6703,172,2
2.5614116s,1.316533s,6.6425497s,6795,172,2
2.7183664s,1.0323424s,9.4601962s,6743,172,2
2.6465232s,1.3138715s,3.3191632s,6827,172,2
2.3241004s,1.0502409s,9.8614828s,6751,172,2
2.4783808s,1.1229354s,6.7446554s,6799,172,2
2.2687263s,1.1632429s,3.7207877s,6811,172,2
2.7811247s,1.4403761s,100.63ms,6875,172,2
2.5459398s,1.2551772s,9.6618169s,6727,172,2
2.9772781s,1.4880514s,3.0176024s,6831,172,2
2.761037s,1.4684253s,9.4610513s,6755,172,2
2.6885314s,1.3938932s,3.3206807s,6803,172,2
2.4879801s,1.3055253s,3.521232s,6835,172,2
2.4988284s,1.1537201s,402.6778ms,6867,172,2
2.7113142s,1.1786304s,6.5380779s,6771,172,2
2.9981987s,1.4792148s,3.0195572s,6807,172,2
2.6750083s,1.0193151s,9.5567649s,6735,172,2
2.9746013s,1.1550882s,9.2571719s,6747,172,2
2.3665509s,1.0398239s,9.8652223s,6723,172,2
2.9368579s,1.4265475s,0s,6855,172,2
3.037817s,1.4033259s,0s,6843,172,2
3.0945795s,1.4903695s,0s,6863,172,2
3.2509663s,1.4346683s,0s,6847,173,2
2.8340525s,1.4144913s,12.1807843s,6704,172,3
2.4040811s,1.1393419s,3.5224185s,6808,172,3
2.3909323s,1.0734548s,9.7628255s,6744,172,3
2.8176548s,1.3019771s,3.1175251s,6832,172,3
3.1708473s,1.3722889s,5.9351799s,6776,172,3
2.8176548s,1.2771377s,3.1175251s,6804,172,3
2.6567726s,1.2393442s,0s,6872,172,3
2.7547264s,1.0946558s,12.27451s,6720,172,3
2.6672192s,1.4309752s,0s,6844,172,3
2.6672192s,1.1355726s,0s,6868,172,3
2.875264s,1.315832s,6.2412098s,6780,172,3
2.4684905s,1.1044324s,201.1925ms,6864,172,3
2.4817724s,1.1025851s,6.6391442s,6788,172,3
2.8659825s,1.2367121s,12.172424s,6696,172,3
2.3114096s,1.2082614s,9.8610144s,6732,172,3
2.5727961s,1.2954915s,100.2431ms,6848,172,3
2.3333736s,1.2202805s,3.6225043s,6836,172,3
2.820816s,1.3876094s,9.3609152s,6728,172,3
3.0236332s,1.459473s,9.158098s,6736,172,3
2.2904279s,1.145461s,6.8397959s,6764,172,3
2.7737934s,1.3485512s,12.2739203s,6708,172,3
2.6224628s,1.436522s,9.5592684s,6740,172,3
2.5672609s,1.2926024s,12.4804528s,6716,172,3
2.5699191s,1.3802657s,12.4777946s,6692,172,3
2.7039982s,1.3275554s,6.4400893s,6768,172,3
2.6367713s,1.0681998s,9.5588236s,6760,172,3
2.7537654s,1.1088769s,3.2194748s,6812,172,3
2.5883831s,1.0063839s,12.4779454s,6712,172,3
3.0440574s,1.299937s,9.1562886s,6752,172,3
2.658954s,1.1931852s,3.3206404s,6816,172,3
3.0509992s,1.4577743s,9.1504417s,6748,172,3
2.5138835s,1.3271522s,6.6365582s,6772,172,3
2.7220545s,1.3873578s,6.4378736s,6784,172,3
2.2707029s,1.0602873s,3.7188888s,6820,172,3
2.669819s,1.2495875s,3.3197727s,6828,172,3
2.4251509s,1.2062463s,6.7352881s,6796,172,3
3.2784073s,1.488213s,2.7111844s,6824,172,3
2.5191461s,1.2531933s,200.9726ms,6860,172,3
2.5890453s,1.1741307s,3.4164779s,6840,172,3
2.5727539s,1.1616206s,9.655124s,6756,172,3
2.6367326s,1.4085727s,6.5401886s,6800,172,3
2.7118718s,1.2005288s,12.3825393s,6684,172,3
2.5301686s,1.3871781s,200.277ms,6856,172,3
2.7460103s,1.2109556s,6.4410231s,6792,172,3
2.4772667s,1.1413785s,9.7612741s,6724,172,3
2.7398098s,1.1574423s,0s,6880,172,3
2.8414192s,1.4150961s,0s,6876,172,3
2.9022513s,1.1733852s,0s,6852,173,3
2.5032809s,1.1464988s,11.2720491s,6721,173,0
2.2058625s,1.1258813s,11.5731537s,6737,173,0
2.3358052s,1.0802565s,5.3350697s,6825,173,0
2.7037167s,1.4596161s,8.0531252s,6773,173,0
2.5666535s,1.0895482s,1.911807s,6853,173,0
2.7143861s,1.2550959s,8.050774s,6769,173,0
3.0221743s,1.3894453s,10.7651601s,6757,173,0
2.4172867s,1.2673811s,11.3700477s,6753,173,0
3.1511023s,1.4403545s,4.5280908s,6821,173,0
2.1456006s,1.0300069s,5.5335925s,6829,173,0
2.5776505s,1.282161s,1.91147s,6869,173,0
2.1561087s,1.0066054s,5.5307019s,6813,173,0
2.6282817s,1.2681611s,8.1474392s,6785,173,0
2.2843572s,1.0758988s,2.2150213s,6877,173,0
2.8910308s,1.3331765s,1.6111146s,6849,173,0
2.3916209s,1.0609204s,2.1120923s,6857,173,0
2.5331536s,1.2339179s,8.248941s,6777,173,0
2.5335005s,1.157659s,8.2485941s,6761,173,0
2.9330888s,1.2730094s,7.8490058s,6797,173,0
2.9500644s,1.4914966s,10.8681534s,6729,173,0
2.7463251s,1.4450129s,8.0497184s,6789,173,0
2.5458497s,1.443196s,11.2723681s,6745,173,0
2.7491066s,1.1649819s,11.0691112s,6741,173,0
2.8550938s,1.4531613s,10.963657s,6749,173,0
2.7121414s,1.0320367s,1.8130761s,6845,173,0
3.1924144s,1.4811909s,4.5252175s,6805,173,0
2.1852894s,1.0014597s,5.5323425s,6837,173,0
2.9603833s,1.4307008s,10.8653899s,6725,173,0
2.6601935s,1.2102718s,8.1466588s,6781,173,0
2.8656479s,1.2289672s,10.9703136s,6733,173,0
2.6003569s,1.2008979s,5.1274633s,6817,173,0
2.3259239s,1.0787941s,2.2146623s,6865,173,0
2.8341823s,1.2523212s,1.7109932s,6873,173,0
2.708469s,1.3040888s,5.0291209s,6833,173,0
2.940682s,1.4128444s,1.610176s,6841,173,0
2.709078s,1.059141s,5.0341944s,6801,173,0
2.8141507s,1.4258702s,4.9299779s,6809,173,0
3.085967s,1.277523s,7.7441286s,6793,173,0
2.8805508s,1.264448s,7.9495448s,6765,173,0
2.5456289s,1.393406s,2.0118817s,6861,173,0
2.6973825s,1.1684078s,1.0069493s,6882,174,1
2.730712s,1.0250729s,6.8372654s,6802,174,1
2.8070946s,1.4441251s,905.6972ms,6898,174,1
2.7351379s,1.2425712s,6.8416812s,6810,174,1
2.6347211s,1.2264606s,6.942098s,6814,174,1
2.6096539s,1.180848s,1.106714s,6894,174,1
2.356388s,1.1583984s,4.3258125s,6874,174,1
2.5097366s,1.0250569s,1.207045s,6890,174,1
2.5572818s,1.0076348s,4.1249187s,6858,174,1
2.9136423s,1.4767294s,804.2537ms,6902,174,1
2.7146504s,1.4068345s,1.0065259s,6886,174,1
3.2185838s,1.4510619s,503.2373ms,6918,174,1
2.7587541s,1.3602694s,9.8611958s,6766,174,1
2.3388197s,1.0899577s,7.2445546s,6838,174,1
2.9654189s,1.3163599s,3.7229231s,6854,174,1
2.3534285s,1.071951s,7.2411096s,6826,174,1
2.4258413s,1.1137432s,1.3082456s,6914,174,1
2.7696592s,1.2345778s,9.8614545s,6782,174,1
2.7881933s,1.1045715s,3.9262704s,6862,174,1
2.8913385s,1.1432544s,3.8238284s,6878,174,1
2.671321s,1.4478541s,6.9388782s,6822,174,1
2.6929443s,1.1364319s,9.9538305s,6794,174,1
2.9947954s,1.4966578s,9.6519794s,6762,174,1
2.9947954s,1.3977715s,9.6519794s,6778,174,1
2.5950128s,1.4274399s,4.126077s,6870,174,1
2.6975455s,1.1231837s,9.9606677s,6774,174,1
2.3995076s,1.0252416s,10.2701681s,6770,174,1
2.2667873s,1.0364154s,1.5111032s,6906,174,1
2.8950323s,1.1888867s,6.7429735s,6830,174,1
2.6158633s,1.1726685s,4.1274461s,6866,174,1
2.4186283s,1.0728193s,10.2640044s,6798,174,1
2.5303684s,1.1495051s,4.2232244s,6842,174,1
2.5024874s,1.000415s,7.1461377s,6834,174,1
3.0365756s,1.4068563s,9.653888s,6790,174,1
2.6081989s,1.3177001s,7.0456891s,6806,174,1
2.9382393s,1.1448025s,3.82223s,6850,174,1
2.7903319s,1.4904645s,1.0053558s,6910,174,1
2.6186129s,1.1169708s,7.0437863s,6818,174,1
2.8454292s,1.190058s,9.8535456s,6786,174,1
2.6477836s,1.4438381s,4.1195833s,6846,174,1
2.8572719s,1.4236659s,2.6165114s,6991,176,2
2.220624s,1.0434886s,201.382ms,7027,176,2
2.5697272s,1.1009304s,5.9389052s,6927,176,2
2.7455315s,1.4672181s,8.9543547s,6891,176,2
2.7875642s,1.2042384s,5.7317457s,6923,176,2
2.551236s,1.2667632s,9.1570753s,6903,176,2
2.5490456s,1.3335848s,9.1592657s,6907,176,2
2.6807542s,1.2546994s,5.8385557s,6939,176,2
2.1730508s,1.1008738s,3.3212171s,6963,176,2
2.4507586s,1.000084s,0s,7039,176,2
2.451203s,1.3515671s,0s,7031,176,2
2.5876072s,1.2083557s,2.920649s,6999,176,2
2.3687523s,1.0434644s,9.3610173s,6887,176,2
2.904265s,1.4141134s,5.6365032s,6935,176,2
2.5876072s,1.0285029s,2.920649s,6983,176,2
2.6952943s,1.419229s,2.8162575s,6971,176,2
2.3669781s,1.0746002s,100.0038ms,7003,176,2
2.6807172s,1.4656503s,9.0631504s,6899,176,2
2.4726033s,1.2969506s,0s,7035,176,2
3.1890014s,1.4595961s,8.5586317s,6911,176,2
2.9158916s,1.4325352s,2.614184s,6995,176,2
3.0320782s,1.2035233s,5.5327949s,6955,176,2
2.3209013s,1.2954156s,3.2198667s,6975,176,2
2.6035186s,1.2492104s,9.1587628s,6895,176,2
2.537547s,1.2617243s,6.0417983s,6959,176,2
2.4431851s,1.2515428s,6.1361602s,6943,176,2
2.8119391s,1.3403088s,8.9564076s,6915,176,2
2.6338198s,1.381678s,2.9150106s,6967,176,2
2.8199674s,1.1567918s,8.9569131s,6919,176,2
2.3536925s,1.08317s,6.2402082s,6947,176,2
2.6409208s,1.074499s,2.9204679s,6979,176,2
2.755898s,1.1476609s,5.8383819s,6931,176,2
2.9583698s,1.1556061s,5.6355309s,6951,176,2
2.5298318s,1.1685497s,9.2604053s,6883,176,2
3.0517773s,1.314368s,2.5169464s,6987,176,2
2.5461675s,1.1776696s,0s,7011,176,2
2.610497s,1.3503238s,0s,7019,176,2
2.7991284s,1.4606611s,0s,7023,176,2
2.5764539s,1.2796794s,1.4076755s,7032,177,3
2.5655218s,1.151023s,7.5498253s,6924,177,3
2.7646978s,1.2065219s,7.3506493s,6948,177,3
3.091076s,1.4895102s,905.5355ms,7020,177,3
2.8967656s,1.390726s,10.2706663s,6900,177,3
2.4998512s,1.2691873s,10.6675807s,6884,177,3
3.0956711s,1.1296509s,904.5131ms,7024,177,3
2.4995397s,1.2276708s,4.5308604s,6980,177,3
2.6050201s,1.3415618s,4.4305956s,6964,177,3
2.8068224s,1.4896278s,10.3706121s,6904,177,3
2.8814194s,1.4691115s,7.2507967s,6944,177,3
2.5065785s,1.0113813s,4.5287282s,6968,177,3
2.5108199s,1.2459292s,10.6725072s,6908,177,3
2.615341s,1.3239794s,4.427831s,7000,177,3
2.689987s,1.0037633s,7.4497854s,6932,177,3
3.0966004s,1.1301223s,7.0474511s,6952,177,3
2.9245107s,1.4046141s,4.1254468s,6984,177,3
3.1163069s,1.3971626s,906.9172ms,7012,177,3
3.0267334s,1.3808002s,4.0254002s,6972,177,3
2.9204364s,1.4493302s,1.1078597s,7004,177,3
2.3327182s,1.0554204s,10.8655082s,6896,177,3
2.432028s,1.0837206s,4.6261561s,6988,177,3
2.834397s,1.3608161s,4.2237871s,6996,177,3
2.8282884s,1.4926778s,1.209241s,7040,177,3
2.7506206s,1.3357661s,10.462262s,6892,177,3
3.0452184s,1.4192483s,10.1676642s,6888,177,3
2.7364739s,1.3081104s,1.3078565s,7036,177,3
2.543694s,1.2012244s,10.669661s,6912,177,3
2.1468542s,1.0274267s,11.0726902s,6916,177,3
2.8562739s,1.2035802s,4.2270867s,6992,177,3
2.5473236s,1.2636735s,1.5093036s,7016,177,3
2.6460043s,1.3095597s,1.4106229s,7008,177,3
2.6333835s,1.2628038s,7.5500278s,6936,177,3
2.4478301s,1.1548878s,1.6122474s,7028,177,3
2.5328469s,1.1690669s,7.6505644s,6960,177,3
2.7610418s,1.2765012s,10.4675879s,6920,177,3
2.3319612s,1.0448979s,7.8514501s,6928,177,3
2.6639533s,1.1090954s,4.4299167s,6976,177,3
2.439373s,1.1411563s,7.7537465s,6956,177,3
2.7536123s,1.4083748s,7.4474983s,6940,177,3
3.0299335s,1.3882688s,10.2715607s,6946,178,1
3.026497s,1.4430244s,7.1447989s,6962,178,1
2.4103463s,1.3190494s,4.7315467s,7030,178,1
2.4481014s,1.2073559s,1.9121272s,7078,178,1
2.651629s,1.3317997s,1.7085996s,7058,178,1
2.2254325s,1.1551468s,7.952444s,6998,178,1
2.5437087s,1.0020496s,10.7712771s,6950,178,1
3.0328256s,1.4060072s,7.1450509s,6982,178,1
2.758048s,1.0932054s,1.6091106s,7074,178,1
2.9638698s,1.0704936s,1.4083375s,7046,178,1
2.7632286s,1.048088s,1.6089787s,7066,178,1
2.5269511s,1.262379s,4.6310428s,7010,178,1
2.7451385s,1.3036848s,7.448489s,6970,178,1
2.4293411s,1.2287702s,4.7314608s,7014,178,1
2.3709045s,1.0287548s,10.9691089s,6942,178,1
2.6445205s,1.3092244s,4.525558s,7026,178,1
2.5756987s,1.2505507s,10.7643147s,6934,178,1
2.6762285s,1.2979182s,10.6637849s,6926,178,1
2.4794059s,1.2420619s,1.9119888s,7062,178,1
2.8850768s,1.4737006s,1.5087727s,7070,178,1
2.8850768s,1.236407s,1.5087727s,7054,178,1
2.6741992s,1.3050002s,7.5525108s,6986,178,1
2.9938778s,1.3381778s,10.3699415s,6954,178,1
2.6602823s,1.4567011s,4.5336021s,7006,178,1
2.6663823s,1.4327013s,4.5282622s,7002,178,1
2.880286s,1.3993438s,7.3471841s,6966,178,1
2.3014269s,1.0020496s,11.0732817s,6958,178,1
2.809096s,1.4303475s,10.5715876s,6922,178,1
2.7816644s,1.2043554s,4.4290843s,7018,178,1
2.7949774s,1.4665723s,7.4502555s,6990,178,1
2.6960006s,1.3795555s,7.5492323s,6978,178,1
2.3837101s,1.1118241s,4.8286972s,7034,178,1
2.7212546s,1.4791927s,1.7106192s,7042,178,1
2.6919587s,1.4489218s,4.5326455s,7038,178,1
2.8057672s,1.4676949s,7.4516626s,6994,178,1
2.8331697s,1.2471403s,1.6097701s,7050,178,1
2.5334631s,1.0007399s,10.8656099s,6930,178,1
2.3114612s,1.1021937s,7.9505025s,6974,178,1
2.3997107s,1.1061962s,4.8294274s,7022,178,1
3.1371093s,1.4837068s,10.2619637s,6938,178,1
2.3986189s,1.207679s,804.6515ms,7053,178,0
2.1191259s,1.0198034s,6.8422267s,6985,178,0
2.4722516s,1.2341589s,9.5549748s,6945,178,0
2.7260144s,1.0023951s,6.2384458s,6981,178,0
2.4109279s,1.1711114s,12.7818498s,6885,178,0
2.7101521s,1.449806s,12.4826256s,6881,178,0
2.5139556s,1.1878622s,703.9473ms,7065,178,0
2.7942053s,1.1944978s,3.220079s,7029,178,0
2.6150253s,1.1508557s,12.5846545s,6917,178,0
2.8885713s,1.2018272s,9.1554637s,6933,178,0
2.4954189s,1.1595861s,3.5225914s,7009,178,0
2.3198944s,1.0987612s,904.6618ms,7049,178,0
2.4477957s,1.0146998s,6.5383884s,6965,178,0
2.1987873s,1.0629957s,3.8235199s,7021,178,0
2.4303016s,1.2050825s,12.7829194s,6893,178,0
2.599779s,1.4675982s,9.4577972s,6941,178,0
2.7339647s,1.4946177s,503.2126ms,7057,178,0
2.9638769s,1.4880564s,6.0363914s,6993,178,0
2.5130293s,1.3417441s,3.5233621s,7033,178,0
2.9428966s,1.4963839s,301.2932ms,7041,178,0
2.7094889s,1.3475479s,9.3586569s,6949,178,0
2.4137483s,1.0080137s,9.6543975s,6921,178,0
2.2581635s,1.0422317s,6.7441085s,6997,178,0
3.1552001s,1.308841s,12.0681458s,6909,178,0
2.6460182s,1.2853778s,12.5773277s,6905,178,0
2.8444895s,1.0442101s,402.416ms,7061,178,0
2.4463672s,1.2016208s,804.1133ms,7077,178,0
2.351902s,1.1489814s,905.1714ms,7045,178,0
2.5762809s,1.3653769s,6.4436883s,6961,178,0
2.8860209s,1.31717s,6.1394827s,6989,178,0
2.8860209s,1.3232809s,6.1394827s,6969,178,0
2.7409987s,1.1235198s,3.320628s,7017,178,0
2.7656584s,1.46627s,503.0626ms,7069,178,0
2.8391052s,1.1037065s,9.2585131s,6957,178,0
2.5692301s,1.1521738s,12.684033s,6897,178,0
2.1716528s,1.0366899s,13.0816103s,6901,178,0
2.5506864s,1.329742s,3.5212631s,7013,178,0
2.6413915s,1.0253547s,9.4635539s,6953,178,0
2.694323s,1.0447032s,6.3447486s,6977,178,0
2.395739s,1.3110014s,6.6451699s,6973,178,0
2.4458082s,1.2018272s,9.6626207s,6925,178,0
2.5614348s,1.1471592s,3.519907s,7001,178,0
2.6518177s,1.2752124s,9.4592748s,6929,178,0
2.2619379s,1.1184497s,3.823318s,7025,178,0
2.5929828s,1.4370632s,12.6772239s,6913,178,0
2.3649913s,1.174509s,3.7202646s,7037,178,0
2.3880545s,1.2501163s,904.9672ms,7073,178,0
3.0658738s,1.3654987s,9.0556588s,6937,178,0
2.4710127s,1.1645506s,3.6219385s,7005,178,0
2.4972132s,1.0306101s,12.7811335s,6889,178,0
2.6579439s,1.2186766s,10.3696177s,7051,181,2
2.0744134s,1.0227088s,7.8530435s,7095,181,2
2.7488554s,1.1051516s,1.1072917s,7167,181,2
2.466246s,1.0910405s,4.2262574s,7147,181,2
2.5690192s,1.2238916s,4.1290556s,7139,181,2
3.0595093s,1.2580657s,804.5753ms,7199,181,2
2.4702834s,1.3986939s,10.5731211s,7043,181,2
2.977895s,1.2925078s,13.085743s,7007,181,2
2.4702834s,1.0134005s,10.5731211s,7067,181,2
2.7731862s,1.4747201s,3.9289089s,7159,181,2
2.3613977s,1.0505061s,1.5081299s,7171,181,2
2.9073062s,1.2599834s,7.0437622s,7087,181,2
2.6857991s,1.0990028s,4.0240646s,7143,181,2
2.9178544s,1.4167517s,7.0437282s,7111,181,2
2.7972279s,1.3978657s,3.92315s,7123,181,2
2.4163662s,1.3334378s,7.5475588s,7119,181,2
3.1001047s,1.4387532s,9.963925s,7063,181,2
2.3031402s,1.0581504s,10.7678186s,7079,181,2
2.7314391s,1.1999792s,7.2440341s,7107,181,2
2.7908062s,1.127421s,1.107106s,7179,181,2
2.7908062s,1.4228148s,1.107106s,7187,181,2
3.0366143s,1.3092711s,6.9414865s,7083,181,2
2.4131494s,1.3130411s,4.3293614s,7155,181,2
2.3979165s,1.0663136s,1.508238s,7191,181,2
3.0202335s,1.399901s,13.0838202s,7015,181,2
2.2142668s,1.0898386s,4.5300563s,7131,181,2
3.2412047s,1.2828529s,6.7443231s,7115,181,2
2.5230789s,1.1310514s,10.5625536s,7055,181,2
2.9391458s,1.1840357s,7.046382s,7099,181,2
2.427997s,1.2350015s,10.6651681s,7059,181,2
2.6079642s,1.4491479s,1.3075352s,7163,181,2
2.9157905s,1.4525399s,1.0066284s,7183,181,2
2.6323286s,1.13669s,4.1283402s,7151,181,2
2.4144816s,1.0896879s,1.5098309s,7175,181,2
2.8363563s,1.2394824s,3.9250867s,7127,181,2
2.3347416s,1.2391885s,10.7680108s,7075,181,2
2.9396546s,1.3300644s,10.1630978s,7047,181,2
2.1406429s,1.0121834s,4.6242361s,7135,181,2
2.7612621s,1.3367258s,7.2448216s,7091,181,2
2.3669746s,1.2928805s,7.6475631s,7103,181,2
2.9504378s,1.233892s,10.1642046s,7071,181,2
2.5294481s,1.2935108s,1.4075286s,7195,181,2
2.1939211s,1.1048098s,5.93477s,7140,181,3
2.8401786s,1.4942815s,2.21513s,7176,181,3
2.699788s,1.2697097s,5.4347747s,7132,181,3
2.6151042s,1.4330937s,11.4726855s,7048,181,3
2.6926626s,1.0430775s,8.3509798s,7116,181,3
2.720505s,1.0477601s,11.3717661s,7060,181,3
2.720505s,1.1044569s,11.3717661s,7080,181,3
2.5962431s,1.4248133s,8.4540921s,7100,181,3
2.1942842s,1.0797301s,8.856051s,7104,181,3
2.14791s,1.0202847s,2.9210302s,7196,181,3
2.8012906s,1.1617078s,8.2507787s,7120,181,3
2.612454s,1.2597199s,5.5347151s,7148,181,3
2.9045983s,1.3974356s,8.1545318s,7096,181,3
2.2330149s,1.0087172s,11.8789782s,7076,181,3
2.3636248s,1.2191045s,2.7183446s,7200,181,3
2.6363736s,1.0362859s,11.4756195s,7064,181,3
2.9315821s,1.4867121s,5.2339716s,7128,181,3
3.0486287s,1.4777003s,11.070152s,7056,181,3
2.4719639s,1.1590227s,2.6167931s,7180,181,3
2.5240004s,1.2568382s,8.5500041s,7112,181,3
2.5409848s,1.1169468s,11.5816484s,7044,181,3
2.4147584s,1.150185s,8.6592461s,7092,181,3
2.8848659s,1.3617442s,2.2154963s,7172,181,3
2.7274734s,1.1001112s,8.3542838s,7108,181,3
2.5616732s,1.2819196s,11.5700105s,7052,181,3
2.4925816s,1.1738804s,2.6172463s,7168,181,3
2.5970299s,1.2613342s,2.5144338s,7164,181,3
2.4564859s,1.0660332s,5.7314726s,7144,181,3
2.5970299s,1.3381827s,2.5144338s,7188,181,3
2.9738032s,1.3946697s,11.1676842s,7068,181,3
2.5601692s,1.49406s,5.6367611s,7124,181,3
2.5829764s,1.2794556s,11.5735853s,7072,181,3
2.4642227s,1.1941724s,5.7388101s,7156,181,3
2.1622931s,1.1545071s,6.0410416s,7160,181,3
2.8111147s,1.3630698s,2.3154233s,7184,181,3
2.3540546s,1.2272063s,8.7560255s,7084,181,3
2.3157606s,1.0373963s,2.817701s,7192,181,3
3.0764948s,1.2707686s,5.1334616s,7152,181,3
2.7908724s,1.277622s,5.4348083s,7136,181,3
2.8756129s,1.3854848s,8.254968s,7088,181,3
2.3745045s,1.2144388s,0s,7224,181,3
2.4273634s,1.2891085s,0s,7228,181,3
2.4978257s,1.1608648s,0s,7216,181,3
2.5404176s,1.0330282s,0s,7220,181,3
2.5532864s,1.1825299s,0s,7212,181,3
2.5853922s,1.2252911s,0s,7236,181,3
2.6251648s,1.3186256s,0s,7204,181,3
2.9424717s,1.1282241s,11.9718013s,7094,182,1
2.3427734s,1.2810357s,3.1206631s,7238,182,1
2.3427734s,1.2480901s,3.1230643s,7210,182,1
2.6578967s,1.4547417s,9.0541179s,7134,182,1
2.4579356s,1.1310566s,3.0173634s,7202,182,1
2.7597242s,1.3130594s,2.7155748s,7214,182,1
2.4061766s,1.288826s,100.5583ms,7242,182,1
2.5078898s,1.1440531s,0s,7246,182,1
3.060095s,1.433707s,11.8769169s,7098,182,1
2.4564145s,1.1256416s,12.4805974s,7118,182,1
2.3094186s,1.0753042s,200.7434ms,7262,182,1
2.9706341s,1.4295247s,2.5157077s,7218,182,1
2.4162843s,1.1155928s,100.694ms,7254,182,1
2.5181137s,1.0027975s,0s,7274,182,1
2.3168433s,1.1624546s,201.2704ms,7266,182,1
2.6732893s,1.3595194s,2.8171711s,7222,182,1
2.5765149s,1.4069422s,2.9182445s,7226,182,1
2.5860891s,1.2796892s,6.1380243s,7174,182,1
2.5837727s,1.149203s,12.3782399s,7082,182,1
2.8966572s,1.4740332s,5.8336183s,7182,182,1
2.4971503s,1.1943937s,9.258092s,7138,182,1
2.9033722s,1.2569415s,8.8518701s,7146,182,1
3.0026025s,1.2555643s,5.7371688s,7178,182,1
2.3029143s,1.1488484s,6.4408791s,7186,182,1
2.6082738s,1.4765041s,2.9169997s,7206,182,1
2.6082738s,1.2208339s,2.9169997s,7230,182,1
3.0134988s,1.4627938s,5.7373406s,7166,182,1
2.6108935s,1.4985794s,6.1394798s,7162,182,1
3.2111148s,1.404871s,11.7747027s,7102,182,1
3.0206223s,1.398692s,8.7540804s,7126,182,1
2.5179854s,1.3739126s,9.2567173s,7142,182,1
2.8197781s,1.1478902s,5.9376781s,7190,182,1
2.5177598s,1.3456805s,6.2396964s,7194,182,1
3.2250998s,1.4263348s,5.5357621s,7198,182,1
3.0172972s,1.4147145s,11.9753018s,7086,182,1
2.5309767s,1.1932875s,9.2539197s,7154,182,1
2.4150175s,1.0997021s,12.5809937s,7090,182,1
2.3270272s,1.1203972s,9.4578692s,7130,182,1
2.5309767s,1.297001s,9.2539197s,7150,182,1
2.9354417s,1.0036679s,8.8576804s,7158,182,1
2.5200834s,1.1147156s,12.4841535s,7114,182,1
3.0280443s,1.2291701s,11.9761926s,7110,182,1
2.2293754s,1.1086845s,6.5431629s,7170,182,1
2.6365315s,1.2051995s,9.1593452s,7122,182,1
2.4359178s,1.0400889s,12.5741961s,7106,182,1
2.4352917s,1.3796785s,3.1179853s,7234,182,1
2.6344172s,1.2695062s,0s,7258,182,1
2.6553263s,1.1459315s,0s,7270,182,1
2.8070644s,1.412674s,0s,7250,182,1
2.3371977s,1.0067633s,8.0469308s,7141,182,0
2.4269393s,1.1989722s,4.732086s,7193,182,0
2.4446922s,1.2553664s,7.9492363s,7125,182,0
2.3686376s,1.1019477s,11.068779s,7081,182,0
2.8687172s,1.2396346s,10.5686994s,7117,182,0
2.3686376s,1.1485319s,11.068779s,7093,182,0
2.6409128s,1.0300865s,4.5279125s,7169,182,0
2.8426827s,1.4173899s,4.3261426s,7165,182,0
2.5438705s,1.1669496s,4.6281759s,7189,182,0
2.6739114s,1.0588419s,10.7667263s,7089,182,0
2.450905s,1.1971616s,7.9462446s,7145,182,0
2.6560501s,1.0794194s,7.7477533s,7153,182,0
2.9581053s,1.3507532s,7.4456981s,7121,182,0
2.5788102s,1.0330091s,10.8684813s,7085,182,0
2.480661s,1.18133s,1.8117284s,7229,182,0
2.4869436s,1.2455295s,1.8134302s,7233,182,0
2.7937968s,1.3397868s,1.5096813s,7221,182,0
2.5917066s,1.352831s,1.7117715s,7201,182,0
2.9980484s,1.3549337s,1.3091905s,7225,182,0
2.6982912s,1.37416s,1.6089477s,7209,182,0
2.3694608s,1.0835468s,8.0517034s,7137,182,0
2.6951325s,1.19182s,10.7725002s,7109,182,0
3.0753756s,1.2350402s,7.3493439s,7129,182,0
2.505912s,1.2635387s,10.9657397s,7097,182,0
2.7092214s,1.4205423s,1.6097469s,7205,182,0
2.2844301s,1.0678269s,8.1536303s,7133,182,0
2.5125964s,1.2324494s,1.8115387s,7237,182,0
2.8888221s,1.2048706s,4.3253659s,7197,182,0
2.2881776s,1.0204671s,4.9330749s,7177,182,0
2.4867983s,1.0461677s,4.7344542s,7185,182,0
2.7903959s,1.384219s,4.4308566s,7173,182,0
2.7264531s,1.2430131s,1.6085651s,7213,182,0
2.7002152s,1.185077s,4.5295939s,7181,182,0
2.8319052s,1.3899466s,10.6664952s,7101,182,0
2.4266463s,1.1271394s,1.9143407s,7217,182,0
2.3266612s,1.0165634s,11.1717392s,7105,182,0
3.0434881s,1.3208375s,10.4688102s,7113,182,0
3.2251032s,1.4126503s,7.243707s,7149,182,0
2.4160628s,1.1998275s,4.8276442s,7161,182,0
2.8287258s,1.4696475s,7.6460794s,7157,182,0
2.5859458s,1.0969388s,11.3722476s,7227,185,2
3.0003738s,1.129704s,4.6316134s,7299,185,2
2.2910265s,1.1777424s,5.3409607s,7303,185,2
2.4835981s,1.1430964s,11.4745953s,7235,185,2
3.1061691s,1.4454341s,4.5279845s,7291,185,2
2.8035805s,1.3524895s,4.8305731s,7307,185,2
2.7627753s,1.2996243s,8.0456747s,7251,185,2
2.518249s,1.472453s,2.0141167s,7351,185,2
3.1742964s,1.4692136s,7.6439022s,7275,185,2
2.3013245s,1.1920886s,11.6687839s,7223,185,2
3.0795418s,1.4802465s,7.7468052s,7255,185,2
3.0139129s,1.338964s,10.9666017s,7239,185,2
2.7378592s,1.4245052s,1.8102801s,7343,185,2
2.4820461s,1.0038532s,8.3536502s,7263,185,2
2.1799371s,1.0339688s,8.6557592s,7259,185,2
2.9461387s,1.2687503s,1.6099078s,7355,185,2
3.090311s,1.1605733s,7.746201s,7279,185,2
2.549127s,1.0094736s,2.0124977s,7335,185,2
2.7918331s,1.4016883s,8.0502571s,7271,185,2
2.6310478s,1.4240194s,11.3683115s,7211,185,2
3.053297s,1.2948641s,4.6274832s,7283,185,2
2.6509167s,1.3272758s,5.0298635s,7315,185,2
2.7356358s,1.4393295s,11.2718814s,7231,185,2
2.8048138s,1.2206325s,8.0502628s,7247,185,2
2.8402835s,1.4812195s,11.1672337s,7203,185,2
3.1519098s,1.4944986s,10.8602175s,7207,185,2
2.8148911s,1.2891483s,8.0453264s,7267,185,2
3.0582587s,1.4366439s,4.6276624s,7311,185,2
2.4602341s,1.1195324s,5.233332s,7295,185,2
2.6612321s,1.3706592s,5.032334s,7319,185,2
2.7660532s,1.2527773s,4.9311887s,7287,185,2
2.3819601s,1.0395493s,2.2100225s,7347,185,2
2.7895249s,1.3749521s,1.8123208s,7327,185,2
2.5909536s,1.1715212s,2.0141789s,7323,185,2
2.9392703s,1.4861321s,7.9484851s,7243,185,2
2.8989933s,1.3521394s,1.7110336s,7331,185,2
2.8001433s,1.293035s,1.8125778s,7359,185,2
2.6017634s,1.1785004s,2.012365s,7339,185,2
2.8827825s,1.4179413s,11.167748s,7215,185,2
2.7802083s,1.4045149s,11.2703222s,7219,185,2
2.9758191s,1.3072893s,2.8187715s,7340,185,3
2.4337184s,1.3022801s,0s,7384,185,3
2.6082761s,1.1485516s,6.2390385s,7284,185,3
2.604376s,1.1165052s,6.2429386s,7316,185,3
2.3375408s,1.0636736s,9.3541315s,7268,185,3
2.838386s,1.4819256s,8.8532863s,7256,185,3
2.7638754s,1.4759425s,11.7739506s,7232,185,3
2.1398287s,1.0674075s,9.558824s,7272,185,3
2.6682807s,1.3932476s,11.8796076s,7240,185,3
3.0296549s,1.4726343s,5.8406741s,7312,185,3
3.0083648s,1.4764058s,2.8174814s,7328,185,3
2.5307198s,1.1353559s,6.343969s,7288,185,3
2.6062736s,1.4114635s,3.2191937s,7344,185,3
2.1347274s,1.0023999s,6.7424844s,7296,185,3
2.3090401s,1.098612s,3.5218671s,7360,185,3
2.3090401s,1.1128846s,3.5218671s,7324,185,3
3.0188991s,1.4667284s,2.8161656s,7348,185,3
3.0488426s,1.416448s,5.8375808s,7300,185,3
2.852179s,1.3724061s,6.0351491s,7292,185,3
2.46643s,1.310316s,9.2592841s,7276,185,3
2.6784954s,1.3393532s,9.0502344s,7252,185,3
2.2791539s,1.2050246s,201.7299ms,7392,185,3
2.6887604s,1.188666s,9.0585905s,7260,185,3
2.4759323s,1.1654792s,6.4411407s,7308,185,3
2.3513015s,1.1076935s,3.5217143s,7332,185,3
2.4097784s,1.0192802s,9.3583476s,7264,185,3
2.2559767s,1.0178087s,3.6249207s,7336,185,3
3.3633706s,1.4843005s,2.5175268s,7352,185,3
2.4120136s,1.2607753s,9.3607734s,7280,185,3
2.8391733s,1.2650145s,11.772787s,7208,185,3
2.4864997s,1.2386263s,6.4479013s,7304,185,3
2.8174155s,1.4962156s,8.9553715s,7244,185,3
2.6697021s,1.304036s,3.2172451s,7356,185,3
2.5976282s,1.1182633s,6.3381616s,7320,185,3
2.4206458s,1.1772006s,9.35353s,7248,185,3
2.5865123s,1.0409865s,0s,7372,185,3
2.5865123s,1.4272566s,0s,7376,185,3
2.5973325s,1.1948407s,0s,7380,185,3
2.3805583s,1.1782348s,5.7417278s,7346,186,1
2.7634344s,1.4275717s,8.3510851s,7306,186,1
2.6686344s,1.3388749s,8.451177s,7294,186,1
2.266898s,1.006706s,8.8529134s,7314,186,1
2.1677688s,1.1099367s,8.9520426s,7302,186,1
3.0931111s,1.267414s,2.0113251s,7382,186,1
2.4897998s,1.3100629s,2.6146364s,7374,186,1
2.4016213s,1.3785886s,5.7372397s,7330,186,1
2.9922334s,1.3104085s,8.1492406s,7298,186,1
2.611814s,1.3036818s,5.5374266s,7326,186,1
2.8076152s,1.4893151s,2.314641s,7390,186,1
2.6028529s,1.3428999s,2.5194033s,7386,186,1
2.6182357s,1.3192882s,5.5331566s,7350,186,1
2.6182357s,1.1652505s,5.5337645s,7354,186,1
2.8991476s,1.4275717s,8.2479451s,7310,186,1
2.5175556s,1.2865466s,5.6373037s,7342,186,1
2.6713059s,1.3836788s,0s,7368,185,3
3.0273263s,1.267137s,5.1326395s,7322,186,1
2.2266344s,1.0501813s,5.9347804s,7338,186,1
2.8052179s,1.2914056s,8.3484303s,7286,186,1
2.3216264s,1.1109988s,2.8159371s,7378,186,1
3.0289014s,1.4122204s,2.1127333s,7398,186,1
2.3147646s,1.0787396s,8.8506173s,7318,186,1
3.0677958s,1.3723138s,11.1653819s,7278,186,1
2.6922321s,1.2820465s,0s,7400,185,3
2.9197767s,1.2693857s,8.2522459s,7290,186,1
2.7479527s,1.3263136s,5.4354861s,7358,186,1
2.3422985s,1.1712511s,2.8169581s,7370,186,1
2.9452279s,1.4237917s,2.2140287s,7362,186,1
2.9302642s,1.2615431s,8.2535127s,7282,186,1
2.5646668s,1.2206702s,2.6169911s,7366,186,1
2.5759337s,1.1136614s,5.6337247s,7334,186,1
2.6693397s,1.1402853s,2.5129924s,7394,186,1
2.7885633s,1.3881011s,0s,7396,185,3
2.8220594s,1.2611416s,0s,7388,185,3
2.3044604s,1.0305147s,0s,7430,186,1
2.441657s,1.1274215s,0s,7414,186,1
2.4524132s,1.1830211s,0s,7410,186,1
2.4524132s,1.3738943s,0s,7422,186,1
2.7820365s,1.117875s,5.1286088s,7353,186,0
3.0637815s,1.4501942s,10.95932s,7253,186,0
2.7820365s,1.4766108s,5.1286088s,7321,186,0
2.4983857s,1.1062448s,2.312833s,7397,186,0
2.4983857s,1.2104674s,2.312833s,7377,186,0
2.0973454s,1.0476523s,2.7197955s,7365,186,0
2.8079555s,1.2877611s,2.011428s,7385,186,0
2.6067123s,1.3590237s,2.2126712s,7389,186,0
2.6696993s,1.2590337s,8.2473687s,7313,186,0
2.4954403s,1.3309582s,5.4346687s,7357,186,0
3.1024489s,1.3898047s,4.8282093s,7349,186,0
3.0232144s,1.4672465s,1.8107876s,7369,186,0
2.3015745s,1.0548978s,5.6353679s,7329,186,0
2.7830123s,1.4717645s,8.1523766s,7289,186,0
2.7084657s,1.160364s,5.2316876s,7337,186,0
2.6890145s,1.2838205s,8.2533065s,7293,186,0
2.8888595s,1.3546261s,8.0534615s,7305,186,0
2.6126061s,1.4296587s,5.3344793s,7325,186,0
2.312252s,1.1160143s,5.6376803s,7333,186,0
2.9952356s,1.1436361s,7.9499323s,7285,186,0
2.4364261s,1.0765344s,2.414381s,7373,186,0
2.6069642s,1.1097539s,8.3515614s,7317,186,0
2.710414s,1.333191s,11.3653322s,7269,186,0
2.6008931s,1.0152521s,11.4748531s,7245,186,0
2.511766s,1.0042153s,11.5665411s,7249,186,0
3.1172206s,1.2523753s,10.9610865s,7257,186,0
2.9403346s,1.4332591s,5.0278929s,7341,186,0
2.7554885s,1.1004142s,2.1144025s,7361,186,0
2.3441302s,1.3166454s,5.6299997s,7345,186,0
2.4212598s,1.179107s,11.6653263s,7241,186,0
2.4276549s,1.0827375s,8.5519765s,7301,186,0
2.5738781s,1.2016952s,2.3109142s,7381,186,0
2.4383008s,1.136802s,8.5507827s,7281,186,0
2.7373365s,1.304346s,11.3689676s,7265,186,0
2.6827662s,1.3491988s,2.212023s,7393,186,0
2.9429294s,1.4427262s,11.1691609s,7261,186,0
2.4424658s,1.0599261s,11.6696245s,7277,186,0
2.8491972s,1.3614151s,11.271221s,7273,186,0
2.5552182s,1.2354307s,8.4505703s,7297,186,0
2.85758s,1.4876245s,8.1482085s,7309,186,0
2.717457s,1.3938552s,1.3091206s,7499,189,2
2.4084851s,1.2723919s,4.6279098s,7455,189,2
3.2252928s,1.4886154s,7.044449s,7423,189,2
2.9583488s,1.0536621s,10.2700735s,7383,189,2
2.4191582s,1.2428984s,4.6256225s,7443,189,2
2.7276245s,1.1394703s,1.3073389s,7495,189,2
2.4608076s,1.0083542s,10.7676147s,7387,189,2
2.554628s,1.2861394s,10.6737943s,7395,189,2
2.7663954s,1.1650952s,10.4674431s,7399,189,2
2.8651345s,1.4667739s,10.368704s,7375,189,2
2.7663954s,1.1334862s,10.4674431s,7371,189,2
2.8426597s,1.005692s,7.4431611s,7407,189,2
2.6326704s,1.3405301s,4.4278576s,7451,189,2
2.5376216s,1.2375932s,7.7481992s,7419,189,2
2.7769085s,1.1897215s,10.4672611s,7363,189,2
2.5481046s,1.4750632s,7.7434089s,7435,189,2
3.1513311s,1.4313692s,905.0723ms,7507,189,2
2.2418593s,1.0344203s,4.8318979s,7471,189,2
2.5577075s,1.1348711s,1.5101656s,7487,189,2
2.3574596s,1.0053485s,1.7104135s,7491,189,2
2.7548659s,1.1152717s,4.3252598s,7475,189,2
2.4627538s,1.1058417s,1.6118449s,7519,189,2
2.4627538s,1.1660442s,1.6118449s,7503,189,2
2.7035614s,1.3190821s,10.5715468s,7391,189,2
2.4740247s,1.0343204s,7.8521005s,7431,189,2
2.579389s,1.1713178s,1.5116261s,7511,189,2
2.4762394s,1.1108198s,4.6306894s,7467,189,2
2.6837108s,1.4768863s,7.6525697s,7415,189,2
2.5902735s,1.0816097s,1.5108969s,7515,189,2
2.529102s,1.1986148s,10.7677436s,7379,189,2
2.8968846s,1.2280016s,1.2065021s,7483,189,2
2.1870271s,1.051786s,4.9261769s,7479,189,2
2.7896457s,1.4338665s,7.5488511s,7411,189,2
2.5902306s,1.0744282s,7.7482662s,7403,189,2
2.1390997s,1.0468427s,11.1733752s,7367,189,2
3.0098173s,1.4225211s,4.1219539s,7459,189,2
3.0128235s,1.4131458s,7.3442405s,7439,189,2
3.0044217s,1.3759823s,4.1273495s,7447,189,2
2.5060875s,1.0074739s,7.8509765s,7427,189,2
2.4032746s,1.1633368s,4.7284966s,7463,189,2
2.9538599s,1.0639045s,1.9138064s,7496,189,3
2.3517259s,1.2159835s,2.5185147s,7520,189,3
2.2969412s,1.1131172s,5.7378519s,7480,189,3
2.6002227s,1.3479761s,5.4363933s,7464,189,3
2.2709861s,1.067726s,8.7524001s,7432,189,3
2.614926s,1.1612183s,5.4375441s,7444,189,3
2.9802065s,1.2374845s,8.0556481s,7404,189,3
2.8820646s,1.291144s,8.15379s,7436,189,3
2.9748445s,1.4259572s,1.9166078s,7504,189,3
2.9207739s,1.330488s,5.1352309s,7472,189,3
2.6829047s,1.2512118s,2.2121943s,7484,189,3
2.3891168s,1.1540922s,8.6552488s,7424,189,3
2.5843281s,1.1593663s,2.3152785s,7488,189,3
2.7861756s,1.450072s,2.1138566s,7516,189,3
2.3895048s,1.057583s,8.6548608s,7420,189,3
2.3364356s,1.0325715s,5.7349429s,7476,189,3
2.3996878s,1.0922048s,8.6552526s,7408,189,3
2.9031704s,1.4945009s,8.15177s,7428,189,3
2.4101552s,1.3122553s,8.659013s,7440,189,3
2.652218s,1.4954335s,5.4367437s,7468,189,3
3.0006451s,1.3509752s,11.0697748s,7364,189,3
2.5145718s,1.0324526s,8.5545964s,7416,189,3
3.1645525s,1.3652803s,4.9297239s,7448,189,3
2.722893s,1.4259572s,2.2121388s,7500,189,3
2.722893s,1.1773294s,2.2121388s,7512,189,3
2.5734022s,1.1180293s,5.5296186s,7452,189,3
2.6727902s,1.2967302s,5.4322502s,7456,189,3
2.9730218s,1.3031158s,5.1320186s,7460,189,3
2.7444736s,1.1938692s,2.2133108s,7508,189,3
3.0478163s,1.4237592s,1.9117401s,7492,189,3
2.6517965s,1.1928378s,8.4525189s,7412,189,3
2.2889008s,1.081339s,0s,7524,189,3
2.3101627s,1.2250333s,0s,7544,189,3
2.3114136s,1.1642601s,10.0621562s,7466,191,1
2.6101639s,1.2985323s,9.7634059s,7474,191,1
3.2228599s,1.4146444s,12.3735698s,7402,191,1
2.3445307s,1.3409133s,1.007551s,7586,191,1
2.6249987s,1.1666706s,6.8468005s,7502,191,1
2.2425951s,1.098414s,4.128576s,7526,191,1
3.0324209s,1.4046704s,6.4393783s,7490,191,1
2.5257824s,1.0810258s,13.0864847s,7426,191,1
2.3416377s,1.1436058s,7.1387359s,7514,191,1
2.6457136s,1.1351326s,6.83466s,7518,191,1
2.4595596s,1.2314347s,3.9201859s,7534,191,1
3.1604908s,1.4519793s,200.9534ms,7590,191,1
2.6235684s,1.334148s,12.9886987s,7438,191,1
2.8587264s,1.4009464s,502.7178ms,7570,191,1
2.629189s,1.0459102s,9.7612708s,7450,191,1
3.0776805s,1.4968664s,302.2758ms,7582,191,1
2.5473157s,1.2673843s,13.0834635s,7434,191,1
2.6763436s,1.3320298s,703.6127ms,7598,191,1
2.5622611s,1.0061116s,6.9410657s,7510,191,1
2.6514524s,1.2470517s,9.7603743s,7478,191,1
2.2800569s,1.0588352s,1.1066275s,7562,191,1
2.7845058s,1.0695926s,602.1786ms,7594,191,1
2.7844552s,1.0378447s,3.6233724s,7554,191,1
2.6904474s,1.4311474s,3.7237631s,7530,191,1
2.7593547s,1.0334628s,9.6660265s,7470,191,1
2.8651494s,1.2125524s,9.5602318s,7458,191,1
2.2673948s,1.0607552s,7.2494865s,7494,191,1
2.2950589s,1.1004617s,4.123878s,7542,191,1
2.9895475s,1.3315947s,6.5383649s,7506,191,1
2.5780689s,1.2190236s,9.8583434s,7462,191,1
2.280833s,1.0402258s,2.315971s,7533,190,0
2.6009483s,1.4714871s,3.826336s,7546,191,1
2.7058162s,1.3272685s,3.7214681s,7538,191,1
2.741362s,1.1997058s,5.0302381s,7485,190,0
2.3862635s,1.1362993s,2.211662s,7545,190,0
2.4935367s,1.0570962s,7.0354972s,7498,191,1
2.6449187s,1.3180696s,5.1324778s,7501,190,0
2.7920871s,1.3491749s,1.8140637s,7541,190,0
2.8571739s,1.3812548s,8.0462529s,7441,190,0
2.5916487s,1.3962556s,2.0145021s,7557,190,0
2.8571739s,1.4671796s,8.0497593s,7453,190,0
2.3877262s,1.1760743s,10.0615393s,7446,191,1
3.1006281s,1.3879535s,6.4401375s,7482,191,1
3.0183013s,1.4899606s,3.4218362s,7558,191,1
2.4878673s,1.0675467s,11.5719583s,7409,190,0
2.8002125s,1.3962769s,11.2634587s,7401,190,0
2.6959656s,1.3815945s,12.9808939s,7406,191,1
2.9237091s,1.3350381s,3.5206288s,7550,191,1
2.3990219s,1.3076455s,7.1459441s,7486,191,1
2.6959656s,1.4188862s,12.9808939s,7418,191,1
2.8581534s,1.4230668s,4.9305003s,7509,190,0
2.5608774s,1.1894457s,8.3502562s,7477,190,0
2.6240148s,1.2195306s,805.6424ms,7578,191,1
2.6672849s,1.4413223s,8.2504878s,7457,190,0
2.5275568s,1.0224484s,905.1189ms,7574,191,1
2.8976233s,1.255467s,9.5624817s,7442,191,1
2.4983359s,1.0350673s,11.5750706s,7421,190,0
2.8365393s,1.3460428s,603.405ms,7566,191,1
2.514066s,1.2816422s,2.1153692s,7521,190,0
2.514066s,1.2090535s,2.1153692s,7553,190,0
2.5714133s,1.4671796s,8.3552979s,7445,190,0
2.9084999s,1.3186082s,9.5620203s,7454,191,1
3.1747961s,1.4530739s,4.6309119s,7493,190,0
2.37018s,1.0800517s,5.435528s,7481,190,0
2.8380509s,1.3218425s,3.6233413s,7522,191,1
2.8131784s,1.3517127s,11.2708879s,7405,190,0
3.0241907s,1.4727809s,11.0667064s,7437,190,0
2.7836593s,1.27009s,8.1543454s,7473,190,0
2.9851025s,1.3998044s,4.8304223s,7505,190,0
2.581735s,1.2460382s,5.2337898s,7517,190,0
2.7273691s,1.1021664s,1.9133596s,7529,190,0
2.5190544s,1.4478739s,11.5804461s,7425,190,0
2.6039299s,1.3575401s,8.3426782s,7469,190,0
2.5084922s,1.0227511s,5.3318662s,7489,190,0
2.9504135s,1.4464286s,11.1685195s,7433,190,0
3.1224799s,1.3596395s,7.8471574s,7465,190,0
3.1528924s,1.3140837s,10.9696373s,7429,190,0
2.4558911s,1.0957296s,11.6666386s,7417,190,0
2.9654173s,1.151477s,1.7091911s,7537,190,0
2.5295999s,1.3842554s,5.3310679s,7513,190,0
2.7335911s,1.3975992s,5.1301837s,7497,190,0
2.7676733s,1.2196884s,11.3745249s,7413,190,0
2.8365009s,1.4777338s,8.1528049s,7449,190,0
2.8365009s,1.4394147s,8.1528049s,7461,190,0
2.5795046s,1.2804431s,2.1125252s,7549,190,0
2.5795046s,1.3033076s,2.1130024s,7525,190,0
2.71163s,1.4198062s,10.3719347s,7535,193,2
2.1643951s,1.0920539s,1.9112629s,7671,193,2
2.8451688s,1.0913693s,4.326989s,7607,193,2
2.2788914s,1.0142177s,7.8568293s,7583,193,2
2.5805546s,1.2530427s,7.5548548s,7567,193,2
2.3185477s,1.1194857s,10.7789572s,7523,193,2
2.4839817s,1.3698346s,7.6533792s,7579,193,2
2.349505s,1.1551456s,4.8288036s,7611,193,2
2.7329874s,1.3006499s,10.3711562s,7543,193,2
2.7329874s,1.2745162s,10.3711562s,7555,193,2
2.6970177s,1.0890947s,7.4493251s,7595,193,2
2.3004802s,1.1217313s,7.8478195s,7571,193,2
2.4871765s,1.1864978s,1.610715s,7659,193,2
2.5531284s,1.2889335s,10.5665006s,7539,193,2
2.3705948s,1.0073399s,4.8292179s,7639,193,2
2.6704147s,1.270405s,4.529398s,7623,193,2
2.960144s,1.4896035s,10.1629878s,7531,193,2
2.2151533s,1.0100804s,7.9478345s,7591,193,2
2.6049219s,1.4088102s,1.5089997s,7667,193,2
2.2757101s,1.0390611s,4.9321639s,7627,193,2
2.3809928s,1.1086573s,4.8302135s,7615,193,2
2.6078899s,1.364413s,1.509364s,7647,193,2
2.2654367s,1.1716981s,10.8719156s,7551,193,2
2.4661749s,1.3751455s,10.6711774s,7547,193,2
3.0939524s,1.2320261s,4.125757s,7631,193,2
2.3162072s,1.2253677s,1.8095498s,7651,193,2
2.8739317s,1.1910914s,10.2690921s,7527,193,2
2.6995554s,1.0850402s,4.5305929s,7619,193,2
2.8435776s,1.4872187s,7.346243s,7599,193,2
2.4415329s,1.1072675s,7.7482877s,7575,193,2
2.7312386s,1.3342661s,1.4078576s,7675,193,2
2.8037365s,1.1240072s,4.4322171s,7603,193,2
3.0377335s,1.4088102s,1.1064192s,7679,193,2
2.7350458s,1.4230609s,1.4095568s,7655,193,2
2.3353491s,1.2736408s,1.8111047s,7643,193,2
2.9596723s,1.3725567s,7.2439397s,7587,193,2
2.4163007s,1.2723011s,4.8326185s,7635,193,2
2.6473051s,1.156673s,1.5076617s,7663,193,2
2.8646144s,1.393658s,7.3507929s,7563,193,2
2.6070959s,1.0771665s,10.5684554s,7559,193,2
2.5219364s,1.4494433s,12.8849483s,7536,194,3
2.8312953s,1.4903834s,12.5810258s,7556,194,3
2.8800893s,1.4117452s,100.4457ms,7704,194,3
2.9060552s,1.3496749s,3.2233017s,7648,194,3
2.4265585s,1.1038999s,12.9857626s,7552,194,3
2.5784629s,1.4158671s,6.5406125s,7640,194,3
2.5805845s,1.0366842s,402.2305ms,7708,194,3
2.4154987s,1.2663051s,3.7228436s,7664,194,3
2.7145527s,1.055959s,3.424101s,7668,194,3
2.3824854s,1.2581028s,6.7439207s,7604,194,3
3.1172503s,1.4649245s,3.0214034s,7676,194,3
2.5326054s,1.1991258s,12.8890125s,7532,194,3
2.9874409s,1.2989304s,6.1386537s,7624,194,3
2.5490713s,1.4528465s,9.861427s,7564,194,3
2.7506763s,1.3950122s,9.6634627s,7588,194,3
2.1882231s,1.057589s,6.9459524s,7632,194,3
2.451644s,1.4137989s,9.962495s,7576,194,3
2.451644s,1.2910314s,9.962495s,7584,194,3
2.4982777s,1.3553638s,502.0819ms,7684,194,3
2.4981984s,1.2917222s,6.6431s,7636,194,3
2.6042728s,1.1365767s,402.2799ms,7700,194,3
2.7075008s,1.0047664s,6.4381526s,7608,194,3
2.5326314s,1.1777763s,3.6252696s,7680,194,3
2.3654946s,1.0795674s,10.0601223s,7572,194,3
2.8052573s,1.392954s,6.3403961s,7616,194,3
2.8052573s,1.4506327s,6.3403961s,7612,194,3
2.7574358s,1.1844391s,12.6834294s,7548,194,3
2.5394434s,1.0047685s,3.6184576s,7652,194,3
2.2679135s,1.117333s,10.1645305s,7592,194,3
3.0777748s,1.4454749s,9.3580913s,7580,194,3
2.6725947s,1.2436578s,12.7785197s,7560,194,3
3.1488219s,1.3686923s,3.0193283s,7644,194,3
2.7201609s,1.270233s,301.5969ms,7692,194,3
2.7515024s,1.2043184s,3.4190773s,7672,194,3
2.3178912s,1.133837s,6.8428435s,7620,194,3
2.9818198s,1.4624983s,9.4588784s,7596,194,3
3.2799635s,1.4549682s,9.1607347s,7600,194,3
2.6254775s,1.3242878s,402.1212ms,7696,194,3
2.5918471s,1.1334179s,9.8563788s,7568,194,3
2.8667346s,1.2779837s,3.3200926s,7656,194,3
2.6358599s,1.0710069s,402.1454ms,7712,194,3
2.4354193s,1.020745s,605.0546ms,7716,194,3
2.6363748s,1.3770064s,6.5447018s,7628,194,3
2.8473428s,1.456233s,200.7324ms,7688,194,3
2.5594447s,1.2692146s,502.5683ms,7720,194,3
3.0152483s,1.2148111s,12.4841124s,7540,194,3
2.3898516s,1.1843803s,3.8265449s,7660,194,3
3.0152483s,1.1812894s,12.4841124s,7528,194,3
2.6762825s,1.0406998s,100.6368ms,7730,194,1
2.0971235s,1.0604842s,6.8470849s,7666,194,1
2.5512793s,1.3654259s,3.5204416s,7698,194,1
2.5692133s,1.1883785s,9.4568123s,7610,194,1
2.4580458s,1.0850884s,3.619516s,7706,194,1
3.0753032s,1.2895441s,8.9578821s,7606,194,1
2.2585404s,1.0628889s,3.8242893s,7714,194,1
2.7991792s,1.3130548s,0s,7754,194,1
2.487478s,1.2217793s,9.562461s,7638,194,1
2.2847559s,1.1361323s,9.7651831s,7634,194,1
2.231155s,1.1954954s,6.7434616s,7662,194,1
2.5832241s,1.1800582s,9.4671857s,7622,194,1
3.0762799s,1.3318862s,3.0198252s,7682,194,1
2.3742218s,1.0510795s,3.7264024s,7702,194,1
2.498066s,1.2461595s,9.5587005s,7630,194,1
3.2887776s,1.4940165s,2.8196391s,7686,194,1
2.8474963s,1.4425181s,6.1394319s,7674,194,1
2.4506977s,1.1757764s,6.5397735s,7678,194,1
2.7518011s,1.4462323s,6.2386701s,7658,194,1
2.6239341s,1.0196114s,201.6252ms,7738,194,1
2.6239341s,1.3998584s,201.6252ms,7726,194,1
2.6239341s,1.0734105s,201.6252ms,7722,194,1
2.39247s,1.0272429s,3.7248777s,7690,194,1
2.4030609s,1.0438624s,3.7216846s,7710,194,1
2.818753s,1.225092s,9.2602972s,7602,194,1
2.5369098s,1.359003s,301.5579ms,7750,194,1
2.5677461s,1.3744578s,6.4420474s,7650,194,1
2.6751967s,1.1309736s,6.3412321s,7670,194,1
2.3458408s,1.0070376s,503.2989ms,7746,194,1
2.3107359s,1.0850884s,3.8271814s,7694,194,1
2.8785115s,1.4005117s,6.1384135s,7642,194,1
2.9173557s,1.3143416s,3.2210578s,7718,194,1
2.6448276s,1.2164879s,9.4614982s,7614,194,1
2.8462303s,1.2982071s,9.2600955s,7618,194,1
2.6552402s,1.4000726s,9.4564965s,7626,194,1
2.4292487s,1.0249419s,11.0673738s,7573,194,0
2.3589875s,1.0766496s,7.947849s,7605,194,0
2.4958298s,1.0232857s,6.542105s,7646,194,1
2.7941942s,1.432678s,6.2437406s,7654,194,1
3.0027053s,1.3425951s,1.1081709s,7685,194,0
2.9073734s,1.33642s,1.2075325s,7697,194,0
2.2625906s,1.195811s,8.0572236s,7609,194,0
2.6121274s,1.0599785s,4.6292767s,7665,194,0
2.7713249s,1.3546724s,7.5484893s,7601,194,0
3.0784101s,1.2918011s,7.2445338s,7613,194,0
2.5166437s,1.1877368s,4.7278901s,7673,194,0
2.549382s,1.0578895s,10.9656013s,7577,194,0
2.3424365s,1.1661629s,11.1725468s,7569,194,0
3.1264982s,1.3165098s,4.12591s,7653,194,0
2.3242752s,1.0061822s,4.9285659s,7649,194,0
2.6252828s,1.4817299s,4.6271254s,7661,194,0
2.8884669s,1.2189159s,7.4482571s,7621,194,0
2.5268552s,1.3820968s,1.6119261s,7705,194,0
2.364283s,1.0516296s,11.1691926s,7597,194,0
3.0340481s,1.1856234s,1.1060865s,7681,194,0
2.5378424s,1.308137s,4.7323083s,7677,194,0
2.1988394s,1.097339s,8.1516775s,7633,194,0
2.9395788s,1.4895347s,1.2106737s,7693,194,0
2.3463084s,1.1665087s,4.9322726s,7657,194,0
2.9456384s,1.1974856s,4.3329426s,7669,194,0
2.5522896s,1.3846752s,4.7297584s,7645,194,0
2.5483114s,1.3835098s,4.7337366s,7641,194,0
2.2794438s,1.1176736s,11.2751472s,7565,194,0
2.5195999s,1.23101s,7.8452051s,7629,194,0
3.189786s,1.4908258s,10.364805s,7581,194,0
2.6234008s,1.0861324s,7.749671s,7617,194,0
2.6640322s,1.4082648s,1.5103271s,7709,194,0
2.3963699s,1.0902267s,11.1740975s,7561,194,0
2.4952847s,1.0685164s,11.0751827s,7589,194,0
2.3658732s,1.158923s,1.811721s,7713,194,0
2.4072912s,1.0883645s,11.1678811s,7593,194,0
2.4358798s,1.0163599s,7.9495065s,7625,194,0
2.5693477s,1.3239869s,1.6123847s,7717,194,0
2.4734635s,1.1252966s,1.7100101s,7689,194,0
2.376236s,1.0495725s,1.8126727s,7701,194,0
2.4460259s,1.0183249s,7.9492339s,7637,194,0
3.0193373s,1.2434593s,10.5657085s,7585,194,0
3.0298392s,1.498097s,0s,7734,194,1
3.0846962s,1.3696197s,0s,7758,194,1
2.2105008s,1.0062521s,10.7656831s,7691,197,2
2.3986894s,1.1014534s,4.5299667s,7767,197,2
2.3709801s,1.0701375s,7.648689s,7759,197,2
2.7768144s,1.2425472s,7.2490881s,7735,197,2
2.9178453s,1.444751s,10.0682526s,7707,197,2
3.0873324s,1.3892024s,6.9421836s,7727,197,2
2.8223365s,1.2993427s,10.1673749s,7711,197,2
2.9254079s,1.2877201s,10.0643035s,7683,197,2
2.8550795s,1.4895585s,1.0065928s,7803,197,2
2.7277871s,1.1254838s,10.2685458s,7715,197,2
2.5266561s,1.3212424s,4.4297235s,7791,197,2
2.7716982s,1.4633486s,1.1076266s,7831,197,2
2.3471682s,1.0680432s,10.6665284s,7719,197,2
2.8078476s,1.3465805s,7.2456536s,7743,197,2
2.2764515s,1.1039852s,1.6098286s,7823,197,2
2.9821017s,1.4458959s,904.1784ms,7835,197,2
2.5815041s,1.4402357s,1.3092509s,7839,197,2
2.5815041s,1.1158572s,1.3092509s,7819,197,2
2.9601954s,1.2467044s,10.0648672s,7703,197,2
2.414181s,1.0741459s,7.6506862s,7751,197,2
2.7541221s,1.3496s,4.2315467s,7799,197,2
2.7930975s,1.3315446s,1.1078259s,7815,197,2
2.8615242s,1.3581096s,4.124574s,7787,197,2
2.3586783s,1.0981384s,4.6269905s,7783,197,2
2.7243337s,1.2337835s,7.3490969s,7755,197,2
2.6646606s,1.1172264s,10.3689654s,7695,197,2
2.5617155s,1.3092671s,4.4262967s,7771,197,2
2.6305926s,1.060256s,7.4482544s,7747,197,2
2.7625406s,1.1973276s,4.228974s,7779,197,2
2.5704067s,1.0715598s,4.424244s,7763,197,2
2.7347455s,1.2521362s,7.3472376s,7739,197,2
2.5326036s,1.4750672s,7.5493795s,7723,197,2
3.0847454s,1.3204853s,3.9205994s,7795,197,2
2.7196929s,1.3896849s,1.2059359s,7811,197,2
2.7239524s,1.0648206s,1.2064862s,7807,197,2
2.8010439s,1.4853551s,10.2672638s,7687,197,2
2.4565643s,1.1681842s,7.651548s,7731,197,2
2.1889809s,1.053862s,4.831799s,7775,197,2
2.7302043s,1.4668289s,1.2073827s,7827,197,2
2.2092956s,1.0807156s,10.8634043s,7699,197,2
2.7213164s,1.280233s,806.3703ms,7880,198,3
2.6248438s,1.3982942s,905.5103ms,7872,198,3
2.5696544s,1.3266128s,7.1504199s,7788,198,3
2.6807755s,1.035488s,9.8636013s,7752,198,3
2.7909819s,1.3810294s,3.8229323s,7804,198,3
2.6807755s,1.3618466s,9.8636013s,7744,198,3
2.9955419s,1.2298598s,3.6217049s,7808,198,3
2.4010102s,1.3482948s,4.2247453s,7820,198,3
2.8010517s,1.3053593s,3.8247038s,7812,198,3
2.848994s,1.3636241s,704.4841ms,7868,198,3
2.5505135s,1.2921595s,1.0070934s,7876,198,3
2.5505135s,1.1541006s,1.0070934s,7860,198,3
3.1061601s,1.4754313s,6.6389043s,7772,198,3
2.8076677s,1.3067959s,9.7616992s,7748,198,3
2.7171198s,1.3136745s,3.9217845s,7836,198,3
2.3985741s,1.2973523s,7.3464903s,7776,198,3
2.4183309s,1.0607754s,10.1635646s,7740,198,3
2.8133088s,1.2454198s,6.9442842s,7796,198,3
2.822451s,1.4727742s,3.8289819s,7816,198,3
2.8706049s,1.3855367s,704.315ms,7844,198,3
2.9735071s,1.1405638s,603.6116ms,7848,198,3
2.8157999s,1.3463254s,6.9477124s,7800,198,3
2.8243025s,1.4974761s,9.7635123s,7724,198,3
2.3812473s,1.0573519s,1.2089258s,7864,198,3
2.7338258s,1.088646s,9.8663854s,7756,198,3
2.547033s,1.0551686s,4.1260392s,7832,198,3
3.0388606s,1.4768694s,6.7432952s,7768,198,3
2.698867s,1.1853638s,905.5945ms,7856,198,3
2.3320394s,1.0039676s,7.4577379s,7792,198,3
2.8376047s,1.2005018s,6.9521726s,7784,198,3
2.4584124s,1.01206s,4.2272805s,7828,198,3
2.4495072s,1.3588329s,10.1666483s,7736,198,3
2.7559334s,1.1868246s,9.8627246s,7728,198,3
2.7595131s,1.4522759s,9.8643219s,7760,198,3
2.7519152s,1.4328123s,7.0476173s,7764,198,3
3.0741718s,1.4651051s,3.6198479s,7824,198,3
2.3528269s,1.1331117s,7.4505766s,7780,198,3
3.0791557s,1.4139645s,3.6227841s,7840,198,3
2.2681758s,1.0867024s,10.367746s,7732,198,3
2.3177559s,1.0034426s,1.3085476s,7852,198,3
2.7619172s,1.208252s,5.7410401s,7814,198,1
2.6068806s,1.3960012s,2.9200263s,7878,198,1
3.0626006s,1.2901504s,8.6608652s,7798,198,1
2.382898s,1.1739108s,0s,7882,198,1
2.815422s,1.1813032s,2.7170447s,7842,198,1
2.3697501s,1.2207577s,6.138767s,7822,198,1
2.9760504s,1.1354338s,5.5324667s,7802,198,1
2.7131379s,1.218354s,2.8193288s,7862,198,1
2.0887099s,1.0147074s,301.4995ms,7918,198,1
2.6835475s,1.2052168s,5.8343915s,7806,198,1
2.6274808s,1.1943658s,2.9177311s,7870,198,1
2.4264029s,1.1834637s,3.118809s,7850,198,1
2.3850182s,1.2876143s,9.3609131s,7762,198,1
3.031658s,1.4383627s,2.5177144s,7846,198,1
2.3857045s,1.0660906s,6.1397183s,7838,198,1
2.9899032s,1.3018598s,8.7579783s,7774,198,1
2.7937095s,1.4977619s,5.7416091s,7818,198,1
2.801773s,1.3454928s,8.9561047s,7770,198,1
2.801773s,1.1927529s,8.9564227s,7766,198,1
3.1477403s,1.4906529s,2.4160678s,7874,198,1
2.2249922s,1.1952194s,201.3059ms,7910,198,1
2.6144984s,1.3445597s,5.9387681s,7810,198,1
3.2757362s,1.3974947s,11.7795627s,7742,198,1
3.2205085s,1.4923176s,8.5590542s,7786,198,1
2.3624729s,1.0608274s,3.2205309s,7866,198,1
2.524062s,1.1841104s,6.0413186s,7834,198,1
2.7270406s,1.4968196s,9.0588485s,7790,198,1
3.0707478s,1.4196085s,2.5185824s,7858,198,1
2.6296839s,1.4808608s,5.9356967s,7830,198,1
2.2263309s,1.0757908s,6.3390497s,7826,198,1
2.831162s,1.2546516s,8.9577675s,7778,198,1
2.4458062s,1.0979322s,0s,7894,198,1
3.0414079s,1.2410052s,8.7530181s,7782,198,1
2.3516049s,1.2806339s,100.6712ms,7906,198,1
2.4560464s,1.1973395s,0s,7890,198,1
2.6536012s,1.2574346s,9.1589768s,7794,198,1
2.8047617s,1.4351016s,2.8161622s,7854,198,1
2.7206548s,1.3505953s,0s,7914,198,1
2.8566614s,1.4776353s,0s,7898,198,1
2.7466367s,1.385948s,11.6732406s,7749,198,0
2.4274135s,1.1204089s,5.8383223s,7837,198,0
2.534913s,1.4136785s,5.7352738s,7829,198,0
2.6472461s,1.3032917s,11.7804536s,7729,198,0
2.8527907s,1.3654702s,11.574909s,7721,198,0
2.3598292s,1.0795496s,12.0759274s,7757,198,0
2.4743435s,1.1495077s,8.9632798s,7765,198,0
2.9458347s,1.2337305s,5.3353498s,7833,198,0
2.2463229s,1.1382431s,6.0379202s,7821,198,0
2.7870623s,1.4684563s,8.6561393s,7781,198,0
2.1605756s,1.0535399s,12.2811804s,7753,198,0
2.1605756s,1.1180347s,12.2811804s,7733,198,0
2.5482304s,1.0701509s,5.7360127s,7809,198,0
2.6503209s,1.34049s,5.6339222s,7825,198,0
3.0014865s,1.4856361s,2.2138296s,7849,198,0
2.1517953s,1.0775251s,6.137518s,7805,198,0
2.4894988s,1.178882s,8.958773s,7761,198,0
2.2080128s,1.12904s,3.0208518s,7877,198,0
3.0707099s,1.3124969s,5.2324104s,7813,198,0
2.9220145s,1.2354438s,2.3140519s,7865,198,0
2.3032819s,1.131967s,9.1631703s,7785,198,0
3.1152709s,1.3636718s,8.3511813s,7777,198,0
2.8824304s,1.3891427s,5.4327979s,7817,198,0
2.1242768s,1.0621572s,3.1202416s,7873,198,0
2.4964842s,1.0374806s,11.9787995s,7745,198,0
2.7227385s,1.1564169s,8.7539908s,7789,198,0
2.9985544s,1.2316074s,11.4767293s,7725,198,0
2.6344787s,1.2354438s,2.6149526s,7841,198,0
2.8278133s,1.0440639s,8.6552594s,7773,198,0
2.3250597s,1.0774676s,9.158013s,7797,198,0
2.4406233s,1.022082s,2.8152731s,7853,198,0
2.6452587s,1.0672039s,2.6156578s,7861,198,0
2.7026398s,1.4136785s,5.6313805s,7801,198,0
2.4363124s,1.0990661s,9.0566664s,7793,198,0
2.3453435s,1.0516897s,2.9179669s,7869,198,0
3.2575348s,1.3392166s,2.0087557s,7857,198,0
2.4337575s,1.1494255s,12.0777885s,7737,198,0
2.2338181s,1.011628s,12.2777279s,7741,198,0
3.1583693s,1.393407s,8.3540331s,7769,198,0
2.4728628s,1.0282373s,2.817488s,7845,198,0
2.2070489s,1.035738s,0s,7889,198,0
2.3081033s,1.248193s,0s,7885,198,0
2.3655281s,1.1334976s,0s,7913,198,0
2.6675934s,1.3105872s,9.7612148s,7875,201,2
2.8295232s,1.481601s,3.2197063s,7959,201,2
2.646607s,1.1205014s,6.4362884s,7911,201,2
2.271609s,1.0593386s,10.1617514s,7847,201,2
2.8335108s,1.3140225s,3.2198655s,7939,201,2
2.2884008s,1.1293179s,706.6266ms,7999,201,2
2.5932967s,1.3999949s,402.4965ms,7967,201,2
2.3472369s,1.1259762s,6.7519749s,7887,201,2
2.9469175s,1.381988s,3.1227752s,7955,201,2
2.2528518s,1.1756635s,6.84636s,7919,201,2
2.6480367s,1.3314181s,3.422774s,7927,201,2
2.6576865s,1.168681s,6.4426433s,7891,201,2
2.7497169s,1.1195066s,3.3210938s,7943,201,2
2.1120791s,1.04173s,905.2548ms,7971,201,2
2.9060964s,1.4381819s,9.557138s,7871,201,2
3.0659164s,1.3972625s,3.0173339s,7947,201,2
2.5074565s,1.2701737s,9.9630598s,7863,201,2
2.3791192s,1.0084174s,6.7409321s,7903,201,2
2.6267384s,1.0546416s,403.476ms,7979,201,2
2.8202608s,1.2764363s,9.6578524s,7867,201,2
2.4213449s,1.0083743s,10.0614088s,7859,201,2
2.5797243s,1.141556s,3.5230453s,7935,201,2
2.529312s,1.0126064s,9.95656s,7855,201,2
2.927468s,1.2844626s,9.558404s,7879,201,2
2.7970809s,1.4634484s,6.3383261s,7895,201,2
2.5395411s,1.157558s,504.1167ms,7991,201,2
2.4392115s,1.0290912s,604.4463ms,7995,201,2
2.2409196s,1.1383341s,805.5964ms,7987,201,2
2.5457522s,1.2828552s,501.9454ms,7983,201,2
2.4322788s,1.1022649s,10.065801s,7843,201,2
2.7545797s,1.2839806s,303.053ms,7963,201,2
2.701115s,1.4063639s,3.4224341s,7951,201,2
2.6131846s,1.2795048s,6.5518304s,7907,201,2
2.611656s,1.1564944s,3.5238399s,7931,201,2
3.350465s,1.4829019s,9.165015s,7851,201,2
2.2201927s,1.0251499s,6.9448223s,7899,201,2
2.8129538s,1.3238476s,3.3225421s,7923,201,2
3.0295191s,1.3618232s,6.1376152s,7915,201,2
2.7226308s,1.4680427s,6.4445035s,7883,201,2
2.4663193s,1.36801s,605.3795ms,7975,201,2
2.3615472s,1.2325457s,5.1310804s,7970,202,1
2.5037907s,1.0596615s,2.0123469s,8006,202,1
2.7040667s,1.317867s,1.8120709s,8022,202,1
2.5145425s,1.2640457s,2.0123552s,8018,202,1
2.97649s,1.4470329s,4.529891s,7990,202,1
2.682584s,1.0265822s,4.8274954s,7986,202,1
3.1567377s,1.4472292s,7.7520721s,7942,202,1
2.2869671s,1.0789447s,5.231318s,7978,202,1
2.1557172s,1.1055034s,8.7617733s,7938,202,1
2.8598789s,1.1378051s,8.0576116s,7958,202,1
2.2972846s,1.0097025s,5.2314992s,7982,202,1
2.9202312s,1.2494801s,10.9735584s,7902,202,1
2.8702999s,1.0556343s,8.0538815s,7926,202,1
2.3757441s,1.1694552s,8.5595858s,7930,202,1
2.4034004s,1.3593349s,5.1392817s,7998,202,1
2.7853616s,1.0677594s,8.1532321s,7946,202,1
3.3926478s,1.4426037s,7.5486855s,7954,202,1
3.0626805s,1.317867s,1.509515s,8030,202,1
2.7667818s,1.28903s,1.8122357s,8038,202,1
2.3972786s,1.3123603s,8.560223s,7922,202,1
2.978601s,1.28903s,1.6119562s,8026,202,1
2.5784473s,1.3700359s,2.0121099s,8010,202,1
2.7095144s,1.0854693s,8.2523476s,7950,202,1
3.0833813s,1.4357824s,1.511109s,8014,202,1
3.0833813s,1.3636361s,1.511109s,8002,202,1
3.0185873s,1.317765s,7.9480786s,7934,202,1
2.972358s,1.2871413s,10.9666659s,7886,202,1
2.4458028s,1.4073181s,5.1282153s,7962,202,1
2.3853585s,1.0528938s,2.2121696s,8034,202,1
2.6500722s,1.062762s,4.9344233s,7994,202,1
2.9556532s,1.1605911s,4.6288423s,7966,202,1
2.9556532s,1.4422459s,4.6288423s,7974,202,1
2.4847997s,1.0535794s,5.0299568s,7964,202,3
2.986069s,1.4181961s,4.5286875s,7984,202,3
2.4574861s,1.2149535s,7.9496481s,7928,202,3
2.6427466s,1.0880238s,1.7099776s,8028,202,3
2.567803s,1.407453s,7.8489873s,7956,202,3
2.4955923s,1.2175141s,5.0346557s,7980,202,3
2.4517906s,1.3167249s,1.9105897s,8016,202,3
2.4517906s,1.0920199s,1.9105897s,8040,202,3
2.8559651s,1.390105s,1.5096661s,8012,202,3
2.6732028s,1.3188219s,7.7489299s,7940,202,3
2.9109562s,1.3167588s,4.6271918s,7972,202,3
2.615876s,1.4501117s,10.6671594s,7904,202,3
2.7079632s,1.068469s,4.830631s,7988,202,3
2.5064029s,1.1061365s,5.0321913s,8000,202,3
2.7698403s,1.1214855s,1.6102049s,8024,202,3
2.2702655s,1.0471682s,2.1113719s,8008,202,3
2.6840369s,1.3092898s,7.7560348s,7932,202,3
2.6904198s,1.0590588s,7.7496519s,7944,202,3
2.8865423s,1.1254287s,7.5535294s,7936,202,3
2.5950276s,1.387755s,7.8476931s,7948,202,3
2.8357789s,1.4421174s,10.4652869s,7896,202,3
2.8375416s,1.1586901s,10.4708734s,7884,202,3
2.2391467s,1.0886179s,11.0692683s,7892,202,3
2.6851205s,1.0685301s,1.7108744s,8004,202,3
2.3883074s,1.1214855s,2.0125128s,8032,202,3
2.993904s,1.3460442s,1.4082604s,8036,202,3
2.442476s,1.3850543s,5.1318983s,7992,202,3
2.5512013s,1.1360607s,10.7680604s,7900,202,3
2.7115264s,1.2528025s,7.7498751s,7924,202,3
2.857059s,1.1619769s,10.4762455s,7916,202,3
2.3574539s,1.1352091s,5.2309632s,7968,202,3
2.4619343s,1.2774786s,10.8713702s,7888,202,3
2.3589748s,1.0828344s,10.9743297s,7920,202,3
2.8583451s,1.3207097s,10.4749594s,7912,202,3
2.6268522s,1.359807s,7.8481072s,7960,202,3
3.1678677s,1.4725711s,4.4271341s,7996,202,3
2.369302s,1.0423384s,10.9705872s,7908,202,3
2.7718846s,1.442532s,4.8300532s,7976,202,3
3.1306081s,1.3264701s,1.3089338s,8020,202,3
2.2442756s,1.1647511s,8.2548552s,7952,202,3
3.0587224s,1.4825271s,11.4756128s,7897,202,0
2.7217764s,1.4146906s,8.7571047s,7957,202,0
2.4256202s,1.1345312s,5.9369968s,7961,202,0
2.7336981s,1.0601318s,5.6343811s,7989,202,0
2.8906454s,1.4628133s,2.5162192s,8009,202,0
2.5860205s,1.052689s,2.8208441s,8013,202,0
2.4895374s,1.0356181s,0s,8041,202,0
2.634851s,1.4112009s,8.8594889s,7933,202,0
2.7798444s,1.3581122s,11.7732179s,7881,202,0
2.7798444s,1.1015431s,11.7732179s,7901,202,0
2.2418786s,1.0419761s,6.1387355s,7977,202,0
2.2983819s,1.0123462s,201.098ms,8057,202,0
2.300897s,1.0099401s,200.9585ms,8073,202,0
2.3082336s,1.2330297s,3.1175676s,8033,202,0
2.7568749s,1.3528255s,5.6362146s,7993,202,0
2.9615857s,1.4944636s,5.4350165s,7969,202,0
2.9202809s,1.4477041s,2.5156626s,8037,202,0
2.4154343s,1.2753723s,100.2283ms,8065,202,0
2.7596819s,1.3121441s,8.7558483s,7949,202,0
2.4303014s,1.1558961s,3.0167877s,8021,202,0
2.9727584s,1.3538964s,8.5521805s,7953,202,0
2.5740376s,1.0446619s,5.8346372s,7981,202,0
2.532398s,1.2521858s,2.9188468s,8005,202,0
2.6762095s,1.3880772s,8.8614514s,7941,202,0
2.6824506s,1.3423819s,5.7389462s,7973,202,0
2.6762095s,1.1169562s,8.8614514s,7921,202,0
2.3403694s,1.2643818s,3.1199072s,8017,202,0
2.542843s,1.2042678s,2.9198136s,8001,202,0
2.9307962s,1.3835717s,11.6735875s,7909,202,0
2.44652s,1.2756171s,3.0212915s,8025,202,0
2.2481029s,1.1041797s,302.462ms,8061,202,0
2.6003959s,1.2551233s,5.8368716s,7965,202,0
2.6407082s,1.4061542s,11.9774841s,7893,202,0
2.833137s,1.4355374s,11.7850553s,7905,202,0
2.7112603s,1.0949514s,8.8584803s,7929,202,0
3.1162641s,1.3701603s,8.4534765s,7937,202,0
2.5131422s,1.1592531s,9.0565984s,7925,202,0
2.4510895s,1.09117s,12.1773735s,7917,202,0
2.8802795s,1.4547874s,2.613417s,8029,202,0
2.9166605s,1.4606037s,5.536816s,7997,202,0
2.6177459s,1.3551636s,8.9538004s,7945,202,0
2.9186836s,1.3896149s,5.5365986s,7985,202,0
2.5951668s,1.0646567s,0s,8077,202,0
2.6054985s,1.0370084s,0s,8053,202,0
2.6555793s,1.1395768s,7.4508566s,8047,205,2
2.6895789s,1.0367812s,4.1263433s,8115,205,2
2.3857939s,1.1674492s,4.4301283s,8095,205,2
2.3857939s,1.3698046s,4.4301283s,8087,205,2
2.9708764s,1.051684s,703.8763ms,8123,205,2
2.969499s,1.3937754s,7.1493254s,8075,205,2
2.3676081s,1.2965453s,7.7567272s,8063,205,2
2.0883633s,1.0410568s,11.1761185s,8035,205,2
2.5752983s,1.246232s,1.1092576s,8147,205,2
2.3962291s,1.0394961s,10.8696842s,8015,205,2
2.7795051s,1.0101027s,7.3511867s,8079,205,2
3.1075987s,1.4481359s,10.1635447s,8007,205,2
2.8867072s,1.3426201s,7.2439846s,8051,205,2
2.7811526s,1.4786747s,7.3495392s,8071,205,2
3.2905137s,1.4687217s,6.8417226s,8067,205,2
2.6921322s,1.3711507s,1.0068808s,8155,205,2
2.6190333s,1.2366451s,4.2292454s,8083,205,2
2.6248189s,1.2706259s,4.2291581s,8111,205,2
2.7264374s,1.4352643s,4.1275396s,8107,205,2
2.5181502s,1.3346234s,10.7688857s,8039,205,2
2.497448s,1.1542002s,1.2093569s,8143,205,2
3.0225833s,1.3907229s,10.2644526s,8003,205,2
2.6026252s,1.2908399s,7.5491984s,8055,205,2
2.1199596s,1.0340318s,11.1723156s,8011,205,2
2.6311805s,1.3587709s,10.66636s,8027,205,2
2.8320637s,1.2319117s,10.4654768s,8019,205,2
3.1492657s,1.497155s,3.7216641s,8091,205,2
3.1404516s,1.2496506s,10.1614435s,8031,205,2
2.5391501s,1.0698397s,4.3317797s,8103,205,2
2.8218198s,1.4703976s,907.2382ms,8135,205,2
3.050131s,1.220076s,10.2632053s,8023,205,2
2.3255207s,1.2505738s,7.8490772s,8043,205,2
2.9288924s,1.3415695s,805.9261ms,8139,205,2
2.5300167s,1.3434563s,1.2075396s,8159,205,2
2.9608664s,1.2157758s,3.9289841s,8119,205,2
2.7346019s,1.1785273s,1.0065108s,8131,205,2
2.3352042s,1.185882s,1.4106934s,8151,205,2
2.7429786s,1.4091601s,1.0073119s,8127,205,2
2.3752095s,1.0973527s,4.5281352s,8099,205,2
2.6533148s,1.1959072s,7.5446842s,8059,205,2
2.6292996s,1.4308996s,4.2272758s,8130,206,1
2.6275759s,1.265028s,4.2289995s,8146,206,1
2.8245096s,1.2473602s,9.9693071s,8070,206,1
2.381994s,1.2036685s,7.4493226s,8106,206,1
2.378316s,1.1135537s,1.4099308s,8186,206,1
3.1882361s,1.2907043s,603.0507ms,8178,206,1
2.1379742s,1.0123903s,4.7307936s,8138,206,1
2.7868954s,1.2603362s,1.0061291s,8166,206,1
2.5952804s,1.2462815s,7.2482286s,8098,206,1
2.7883389s,1.0835781s,1.005301s,8174,206,1
2.9625001s,1.4498794s,9.8594658s,8074,206,1
2.9214975s,1.2438259s,6.9434405s,8082,206,1
2.2225705s,1.0656417s,7.6498411s,8114,206,1
3.0757433s,1.4771101s,3.8219271s,8142,206,1
2.7663743s,1.4053291s,4.1312961s,8134,206,1
2.2225705s,1.1723855s,7.6498411s,8118,206,1
2.7242768s,1.4413141s,1.1034875s,8182,206,1
3.023858s,1.4655121s,804.211ms,8190,206,1
2.5808907s,1.4276686s,10.264614s,8042,206,1
2.5851289s,1.2077852s,10.2650587s,8078,206,1
2.5419713s,1.4304028s,7.3457162s,8090,206,1
2.5880692s,1.2698507s,4.3267982s,8150,206,1
2.3470207s,1.1745418s,7.5444401s,8102,206,1
2.6475943s,1.3040896s,7.2438665s,8094,206,1
2.8926357s,1.3907354s,9.9613252s,8050,206,1
2.4910229s,1.2505589s,4.4256967s,8154,206,1
2.8483772s,1.3608807s,7.0430836s,8110,206,1
2.8968917s,1.3301697s,9.9625668s,8054,206,1
2.5385376s,1.304125s,1.3079363s,8162,206,1
2.9045501s,1.2184345s,4.0262385s,8122,206,1
2.6057706s,1.4596017s,4.325018s,8158,206,1
2.4115561s,1.0261102s,10.4612801s,8066,206,1
2.5074096s,1.0030861s,10.367669s,8046,206,1
2.756055s,1.2882092s,1.106039s,8194,206,1
2.9148276s,1.4842142s,4.0230097s,8126,206,1
2.8642921s,1.4870923s,1.0053252s,8170,206,1
2.9180621s,1.4677897s,9.9688587s,8058,206,1
2.9747412s,1.2956094s,6.9496795s,8086,206,1
2.3136286s,1.2006s,10.5732922s,8062,206,1
2.4658956s,1.3950528s,1.4091758s,8198,206,1
2.613575s,1.3706419s,10.0637694s,8056,206,3
3.1461207s,1.4294127s,6.4408908s,8084,206,3
2.7468722s,1.0940655s,6.8453945s,8100,206,3
2.2466473s,1.0665871s,7.3456194s,8112,206,3
2.7069671s,1.4431222s,603.3353ms,8200,206,3
2.4100773s,1.0215486s,905.6727ms,8168,206,3
2.461804s,1.2595526s,7.1438257s,8116,206,3
3.1388237s,1.4975227s,3.3206853s,8124,206,3
2.2348359s,1.1527539s,10.4671878s,8052,206,3
2.9464078s,1.2800697s,3.5230612s,8156,206,3
2.5257494s,1.3567723s,804.8959ms,8196,206,3
2.2523531s,1.2015197s,4.2283116s,8160,206,3
2.8585894s,1.3751834s,3.6220753s,8148,206,3
2.855934s,1.4006801s,9.8646382s,8080,206,3
2.6572655s,1.3123724s,10.0633067s,8064,206,3
2.7895492s,1.0826977s,6.8406901s,8120,206,3
2.8589862s,1.4606349s,9.861978s,8072,206,3
2.2423324s,1.040451s,1.10737s,8172,206,3
2.3585357s,1.0627072s,10.3692378s,8048,206,3
2.5466279s,1.0539684s,805.8683ms,8188,206,3
2.6512022s,1.1709313s,702.9459ms,8164,206,3
2.7548627s,1.1085677s,602.6359ms,8184,206,3
2.3724322s,1.2549125s,4.1238901s,8140,206,3
2.5737537s,1.2931088s,10.1640066s,8044,206,3
2.6780225s,1.2515885s,3.8293051s,8136,206,3
2.6780225s,1.0288367s,3.8293051s,8144,206,3
2.3121734s,1.031507s,7.346369s,8088,206,3
2.3121734s,1.0741064s,7.346369s,8104,206,3
2.6717138s,1.4930722s,703.9292ms,8192,206,3
3.0903329s,1.4077146s,9.663756s,8060,206,3
2.2156375s,1.0727757s,7.4481185s,8096,206,3
2.5945289s,1.252668s,3.9254411s,8128,206,3
2.9805155s,1.3152079s,403.8434ms,8180,206,3
3.2888011s,1.3913611s,100.2169ms,8176,206,3
2.4044494s,1.1603891s,4.1262948s,8132,206,3
2.5364653s,1.3517336s,7.1430818s,8092,206,3
2.5080817s,1.1072553s,10.2617983s,8068,206,3
2.507593s,1.296526s,10.2617983s,8076,206,3
2.3335731s,1.1832266s,7.345974s,8108,206,3
2.3064631s,1.1125051s,4.2272943s,8152,206,3
2.5804295s,1.0711636s,9.1564577s,8113,206,0
2.1442101s,1.0800478s,6.7420905s,8157,206,0
2.9889299s,1.2820385s,2.7181226s,8169,206,0
2.7218193s,1.1439322s,0s,8237,206,0
2.8603074s,1.1697095s,6.0365453s,8129,206,0
2.5911528s,1.3010144s,9.1588138s,8081,206,0
2.6603515s,1.0673321s,6.2390285s,8133,206,0
2.6013299s,1.08915s,3.1179476s,8173,206,0
2.5704112s,1.0045207s,6.3385169s,8137,206,0
3.0070661s,1.4895891s,11.874492s,8045,206,0
2.5074401s,1.3461228s,3.221773s,8189,206,0
2.1018725s,1.0292778s,9.6644142s,8089,206,0
2.7452591s,1.3399374s,0s,8217,206,0
3.1220434s,1.4130273s,11.7708992s,8049,206,0
3.1855857s,1.4065056s,5.7347269s,8125,206,0
3.0277452s,1.4692992s,11.8769613s,8069,206,0
2.5965672s,1.3106444s,6.3355093s,8153,206,0
2.8296834s,1.1712559s,8.9534457s,8093,206,0
2.623036s,1.3550066s,9.1596271s,8101,206,0
2.9420272s,1.4992359s,2.8175162s,8197,206,0
2.6725841s,1.4449787s,100.7808ms,8225,206,0
2.7391472s,1.4177563s,9.0612797s,8097,206,0
2.3093483s,1.1943241s,6.640492s,8149,206,0
2.8482521s,1.2751303s,2.9160025s,8181,206,0
2.5458483s,1.1234062s,3.2206922s,8165,206,0
2.6165472s,1.3528053s,6.3402148s,8141,206,0
2.7139078s,1.4991109s,6.2428542s,8145,206,0
2.8505866s,1.3160301s,8.9583021s,8105,206,0
2.6832391s,1.2364071s,100.5474ms,8205,206,0
2.5874287s,1.0330373s,200.9708ms,8213,206,0
2.3537742s,1.137913s,9.4631596s,8109,206,0
2.4899759s,1.3656969s,301.8557ms,8201,206,0
2.4646993s,1.1102121s,3.3186831s,8185,206,0
2.4646993s,1.1193806s,3.3186831s,8193,206,0
2.3687586s,1.2691379s,3.422075s,8161,206,0
2.7712075s,1.2668343s,9.0614417s,8117,206,0
2.1736544s,1.1083697s,9.6589948s,8085,206,0
2.7453119s,1.3693954s,6.2367507s,8121,206,0
2.4756071s,1.085072s,3.3208698s,8177,206,0
2.8817481s,1.1170445s,0s,8221,206,0
2.9629818s,1.4384265s,0s,8209,206,0
2.977476s,1.3168881s,0s,8233,206,0
3.0525293s,1.4040706s,0s,8229,207,0
2.7644229s,1.2384735s,5.4304418s,8255,209,2
2.5797116s,1.2683685s,8.5536127s,8207,209,2
2.7834835s,1.3878033s,8.3537394s,8239,209,2
2.3838046s,1.0825325s,8.7534183s,8203,209,2
2.1637216s,1.0761955s,6.0400404s,8251,209,2
2.9191415s,1.2391595s,11.1673865s,8171,209,2
2.5950401s,1.1554346s,8.5518777s,8231,209,2
3.0573475s,1.389004s,6.7424211s,8274,210,1
2.8175846s,1.4587004s,3.9248365s,8282,210,1
2.5204586s,1.4141816s,11.575036s,8167,209,2
2.720719s,1.1608528s,11.3747756s,8163,209,2
2.0952082s,1.0475191s,10.6637514s,8218,210,1
2.703971s,1.0698027s,2.214486s,8311,209,2
3.0185189s,1.4765679s,803.7259ms,8326,210,1
2.9326292s,1.373661s,3.82276s,8310,210,1
2.8670338s,1.3693186s,6.9457029s,8254,210,1
2.4640676s,1.097666s,7.3486691s,8258,210,1
2.3996953s,1.2127927s,10.3680338s,8210,210,1
2.7313905s,1.4982744s,11.3815642s,8183,209,2
2.5129359s,1.0986813s,2.4151886s,8315,209,2
2.5694175s,1.0444242s,7.2520098s,8246,210,1
2.9443782s,1.4752823s,11.1685765s,8179,209,2
2.598034s,1.4055118s,5.6370816s,8259,209,2
2.4320139s,1.2726047s,11.6809408s,8187,209,2
2.41508s,1.0723779s,8.7534965s,8235,209,2
2.5694175s,1.3941818s,7.2520098s,8278,210,1
2.5202936s,1.1441058s,8.6597075s,8227,209,2
2.3783s,1.2770343s,7.4545519s,8242,210,1
3.3069911s,1.3754153s,4.9395491s,8275,209,2
2.7255942s,1.1385809s,2.2139549s,8299,209,2
2.6899388s,1.304483s,7.1454489s,8250,210,1
2.9334609s,1.2740048s,8.2545843s,8219,209,2
2.4284444s,1.1153327s,2.5191488s,8303,209,2
2.5568526s,1.080353s,4.2272029s,8314,210,1
2.4305705s,1.1839236s,10.3696242s,8230,210,1
2.4388594s,1.0367535s,2.5130401s,8319,209,2
2.8385949s,1.3677994s,8.3542275s,8215,209,2
2.6401212s,1.4855607s,2.3122492s,8287,209,2
2.9347617s,1.3045237s,9.8659039s,8226,210,1
2.9347617s,1.2606609s,9.8659039s,8234,210,1
2.7506195s,1.18557s,1.1067192s,8338,210,1
2.6527309s,1.1872674s,1.2074326s,8342,210,1
2.6527309s,1.4023742s,1.2074326s,8358,210,1
2.6666531s,1.0067337s,4.1268881s,8302,210,1
2.3314904s,1.1918081s,5.9355229s,8271,209,2
2.2684562s,1.1739678s,11.8763962s,8195,209,2
2.8758861s,1.3946361s,11.2689663s,8191,209,2
2.440868s,1.0340369s,10.3674494s,8206,210,1
2.5288315s,1.175465s,5.7381818s,8263,209,2
2.6356873s,1.3331238s,5.631326s,8279,209,2
2.7806202s,1.4789846s,11.3642322s,8199,209,2
2.850172s,1.4927869s,9.9581454s,8202,210,1
2.6495846s,1.0058188s,10.1587328s,8222,210,1
2.4753506s,1.0839654s,4.3288202s,8294,210,1
2.5525812s,1.2211985s,8.6560863s,8223,209,2
2.9549924s,1.0874748s,9.8615183s,8238,210,1
3.0552104s,1.1694807s,1.9130051s,8291,209,2
2.8391916s,1.4666374s,5.436015s,8247,209,2
3.1687752s,1.4047353s,703.9686ms,8330,210,1
2.5678604s,1.1555902s,1.3083685s,8334,210,1
2.886828s,1.0541613s,11.270905s,8175,209,2
2.6558695s,1.3908357s,10.1653285s,8214,210,1
3.0463036s,1.3607882s,5.2347983s,8243,209,2
2.8624477s,1.3957926s,2.1149646s,8295,209,2
2.6615627s,1.0522489s,2.3158496s,8283,209,2
2.4747277s,1.1464822s,1.4090343s,8350,210,1
2.764141s,1.4003384s,8.4567469s,8211,209,2
3.2555484s,1.3786828s,5.0318786s,8267,209,2
2.8247852s,1.2155813s,7.0489535s,8270,210,1
2.164457s,1.0698027s,2.8172425s,8307,209,2
2.5915439s,1.4973803s,4.2261109s,8298,210,1
2.4262305s,1.2155813s,7.4487718s,8266,210,1
2.3964396s,1.3214917s,4.4278443s,8290,210,1
2.9873261s,1.4047353s,904.3286ms,8346,210,1
2.6951487s,1.0761629s,4.1287331s,8306,210,1
2.3013107s,1.1745123s,4.5281459s,8318,210,1
2.7419443s,1.3098881s,7.1483887s,8262,210,1
2.6095083s,1.3361805s,4.2282983s,8286,210,1
2.4955931s,1.0341767s,1.4095843s,8322,210,1
2.1970922s,1.0286424s,1.7080852s,8354,210,1
2.2490462s,1.0282927s,0s,8323,209,2
2.3279235s,1.0551507s,11.3742991s,8216,210,3
2.4247607s,1.0579867s,11.2774619s,8236,210,3
2.7269186s,1.363661s,10.975304s,8204,210,3
2.8816884s,1.2930483s,7.950635s,8260,210,3
2.2344111s,1.0445442s,11.4710441s,8232,210,3
2.7894869s,1.1918495s,8.0460691s,8272,210,3
2.8221049s,1.4206646s,5.1317627s,8312,210,3
3.1932308s,1.4683119s,1.9115597s,8348,210,3
2.3887727s,1.0521785s,8.4512025s,8252,210,3
2.5423567s,1.2622834s,11.167939s,8240,210,3
2.525933s,1.1361619s,5.4323538s,8304,210,3
3.0992562s,1.3528856s,2.0140327s,8328,210,3
2.6997461s,1.2905183s,8.1511812s,8276,210,3
2.4393005s,1.0173937s,5.5354966s,8288,210,3
2.7094015s,1.1404592s,2.414754s,8356,210,3
2.7195383s,1.154832s,2.4158275s,8324,210,3
2.6242762s,1.2839976s,2.5123714s,8344,210,3
2.7584962s,1.1799291s,5.2316477s,8296,210,3
2.6195408s,1.4570912s,8.2522915s,8280,210,3
2.8534963s,1.2525774s,5.1366476s,8292,210,3
2.9261472s,1.4217995s,2.2105004s,8336,210,3
2.4654s,1.2917754s,11.2763315s,8228,210,3
2.8698992s,1.4551718s,10.8718323s,8208,210,3
2.2239001s,1.0204539s,2.9180234s,8360,210,3
2.5798198s,1.1283243s,11.1721831s,8220,210,3
2.1286702s,1.1020275s,3.0182488s,8352,210,3
2.8393314s,1.427909s,8.0505567s,8244,210,3
2.1414408s,1.0028145s,8.7526085s,8256,210,3
2.3499s,1.1085519s,2.8156179s,8340,210,3
2.0985924s,1.0188592s,11.6720094s,8212,210,3
2.4833219s,1.1873104s,5.5356923s,8300,210,3
2.493752s,1.0639608s,5.5353252s,8316,210,3
2.7583019s,1.4474964s,8.1524637s,8248,210,3
2.463633s,1.2384073s,8.4522877s,8264,210,3
2.6673285s,1.0467449s,8.2485922s,8268,210,3
2.6002167s,1.0109662s,5.4340156s,8320,210,3
2.4223016s,1.1602932s,11.3705767s,8224,210,3
2.7066449s,1.1856465s,5.3346458s,8308,210,3
2.6111124s,1.2403597s,5.4325388s,8284,210,3
2.67718s,1.1510019s,2.5129749s,8332,210,3
2.5398417s,1.3520158s,3.8213885s,8353,211,0
2.4580702s,1.1560201s,7.0504435s,8301,211,0
2.660279s,1.0711068s,6.8482347s,8317,211,0
2.739153s,1.4722885s,3.6220772s,8333,211,0
2.739153s,1.0581717s,3.6220772s,8325,211,0
2.2508177s,1.0741952s,1.2068925s,8377,211,0
2.7556763s,1.4035809s,9.6611807s,8245,211,0
2.8576306s,1.2701625s,604.6508ms,8373,211,0
2.7728816s,1.0820748s,705.5765ms,8385,211,0
2.561101s,1.1943519s,3.8249556s,8357,211,0
2.9770883s,1.4376833s,503.2871ms,8393,211,0
2.5716432s,1.0241174s,3.8267183s,8321,211,0
2.4999532s,1.0153056s,7.047507s,8305,211,0
2.8887905s,1.228248s,9.5629345s,8269,211,0
2.6763318s,1.3432794s,3.7238449s,8329,211,0
2.6877669s,1.4364202s,806.6397ms,8369,211,0
2.691585s,1.3314198s,9.7637981s,8277,211,0
2.3900339s,1.2423353s,1.1062024s,8361,211,0
2.5887505s,1.4584741s,9.8666326s,8253,211,0
2.691585s,1.255099s,9.7637981s,8241,211,0
2.1041857s,1.026771s,7.4469326s,8285,211,0
2.3997524s,1.3270003s,10.0603415s,8265,211,0
2.9042648s,1.2971773s,9.5569259s,8261,211,0
2.8045929s,1.3691102s,705.0305ms,8365,211,0
3.0094887s,1.4017388s,503.9362ms,8389,211,0
2.627381s,1.1211584s,6.9418727s,8289,211,0
2.2968322s,1.0295458s,4.125138s,8337,211,0
2.9265181s,1.3562084s,6.6450603s,8281,211,0
2.8149697s,1.4437635s,703.5096ms,8381,211,0
2.8313218s,1.4001346s,6.7420395s,8313,211,0
2.9075985s,1.2518719s,3.521572s,8349,211,0
2.6377562s,1.4348531s,6.9414855s,8309,211,0
3.042052s,1.285148s,6.5371897s,8297,211,0
2.508242s,1.2017939s,3.9242016s,8341,211,0
2.5259729s,1.0928797s,9.9608348s,8273,211,0
2.3253661s,1.2300344s,10.1614416s,8249,211,0
2.6138292s,1.0692305s,3.8231953s,8345,211,0
3.1472835s,1.3210407s,6.4382155s,8293,211,0
2.7299673s,1.156707s,805.2932ms,8397,211,0
2.6320608s,1.4913359s,9.8623465s,8257,211,0
2.8904844s,1.3707865s,4.3233222s,8415,213,2
2.5821261s,1.2532496s,10.5636599s,8331,213,2
2.6819261s,1.4043786s,1.3079774s,8475,213,2
2.6993726s,1.1673027s,4.524896s,8427,213,2
2.9942096s,1.4386797s,10.1639429s,8347,213,2
2.8203037s,1.2840429s,7.3436392s,8391,213,2
2.8203037s,1.2840429s,7.3436392s,8387,213,2
2.6162317s,1.2536591s,7.5477112s,8383,213,2
2.9170708s,1.3411361s,7.2468721s,8399,213,2
2.5877859s,1.4412666s,1.410094s,8451,213,2
2.4080685s,1.0986025s,4.8284558s,8403,213,2
2.411653s,1.1057693s,4.8263383s,8423,213,2
3.2073878s,1.3961244s,805.245ms,8459,213,2
2.4128524s,1.091334s,4.8320644s,8439,213,2
2.8047046s,1.3554394s,1.2079282s,8447,213,2
2.9174664s,1.4918152s,4.3274504s,8435,213,2
2.4018829s,1.1900128s,1.6107499s,8443,213,2
2.4073278s,1.203642s,10.7713042s,8355,213,2
2.8414033s,1.3366727s,7.3430191s,8363,213,2
2.9377698s,1.3790149s,7.2466526s,8367,213,2
3.232284s,1.4313511s,4.0213658s,8407,213,2
2.7238889s,1.1388681s,10.4617403s,8359,213,2
2.8201049s,1.0647258s,1.2068735s,8471,213,2
2.9246688s,1.2581577s,1.1075518s,8463,213,2
2.7251443s,1.3372213s,1.3093898s,8455,213,2
2.9443065s,1.1878161s,4.328372s,8411,213,2
2.7490939s,1.2750357s,10.4660679s,8335,213,2
2.6505289s,1.0335927s,10.5646329s,8327,213,2
2.6502931s,1.084613s,1.4089764s,8467,213,2
2.6611368s,1.3114092s,10.567313s,8351,213,2
2.6651851s,1.3576703s,10.5632647s,8343,213,2
2.7875031s,1.412516s,7.4467371s,8379,213,2
2.4881515s,1.2344905s,7.7460887s,8375,213,2
2.3808762s,1.2145616s,7.853364s,8371,213,2
2.772621s,1.3246146s,4.5296178s,8431,213,2
2.4593932s,1.2828442s,1.6105616s,8479,213,2
2.971844s,1.2689454s,4.3303948s,8419,213,2
2.576764s,1.1571458s,10.6672013s,8339,213,2
2.4023813s,1.1807117s,7.8473744s,8395,213,2
3.1411347s,1.4122289s,9.8641915s,8398,214,1
2.1753149s,1.0366225s,4.6276964s,8458,214,1
2.6367857s,1.3607636s,1.2067196s,8518,214,1
2.8365977s,1.2406987s,1.0069076s,8510,214,1
2.5956559s,1.3065122s,7.1470215s,8414,214,1
2.4464112s,1.0485054s,1.4071921s,8514,214,1
3.0498021s,1.2096131s,803.8012ms,8494,214,1
2.5508356s,1.3282606s,10.4645886s,8370,214,1
2.8080283s,1.4978723s,6.9399223s,8402,214,1
2.7898758s,1.1796588s,4.0232335s,8446,214,1
2.3477492s,1.0333174s,10.667675s,8378,214,1
2.2996605s,1.0933842s,7.4482901s,8426,214,1
2.9538648s,1.4771736s,905.8975ms,8486,214,1
2.6148407s,1.2875367s,7.13995s,8422,214,1
3.2674736s,1.4316035s,9.7547907s,8390,214,1
2.4140925s,1.0327453s,7.3406982s,8410,214,1
2.6001372s,1.0483252s,4.226446s,8462,214,1
2.6001372s,1.2027297s,4.226446s,8474,214,1
2.6170559s,1.0783761s,7.1443686s,8430,214,1
2.9037047s,1.4500505s,3.9228785s,8442,214,1
3.0717108s,1.4236507s,9.9614373s,8382,214,1
2.6076314s,1.4720289s,4.2232018s,8478,214,1
3.0707139s,1.2796885s,804.8803ms,8506,214,1
2.4274905s,1.2625365s,7.3450995s,8434,214,1
2.9348413s,1.3936051s,6.8439314s,8438,214,1
2.821001s,1.4859728s,4.0244846s,8470,214,1
2.8398634s,1.0040923s,6.9411371s,8406,214,1
2.7836319s,1.3022093s,1.1074489s,8498,214,1
2.9922741s,1.2369689s,10.0606276s,8374,214,1
2.8311922s,1.3061368s,4.0244878s,8450,214,1
2.6997638s,1.0084845s,1.2090645s,8482,214,1
3.0137913s,1.4843443s,10.0571681s,8394,214,1
2.8610225s,1.1163139s,6.9424633s,8418,214,1
2.8980863s,1.2674963s,10.1728731s,8366,214,1
2.4932941s,1.3231797s,10.5781794s,8386,214,1
2.9084787s,1.3105033s,10.1629948s,8362,214,1
2.5107897s,1.3036122s,1.4102158s,8502,214,1
2.959506s,1.4526226s,3.9233117s,8454,214,1
3.0172945s,1.4564271s,906.0172ms,8490,214,1
2.758725s,1.4991948s,4.1258414s,8466,214,1
2.5955184s,1.3304452s,7.7465889s,8408,214,3
2.6976329s,1.356143s,7.6444744s,8404,214,3
2.3029479s,1.0088708s,2.210596s,8492,214,3
2.6498333s,1.2399331s,4.7256666s,8456,214,3
2.6240051s,1.4594732s,10.661485s,8396,214,3
3.0128095s,1.4016421s,1.5069105s,8496,214,3
2.8131678s,1.3460694s,1.7091261s,8512,214,3
2.6064104s,1.3607789s,7.750549s,8432,214,3
2.861956s,1.2399331s,4.5270238s,8468,214,3
2.6166307s,1.0629064s,7.7445201s,8420,214,3
2.7673482s,1.367027s,4.625823s,8460,214,3
2.265277s,1.0548832s,5.1278942s,8464,214,3
2.5662019s,1.4969177s,4.8269693s,8476,214,3
2.4225838s,1.2277771s,2.1114155s,8484,214,3
2.4332147s,1.0094724s,10.8695499s,8372,214,3
2.3237551s,1.0954865s,2.2113752s,8508,214,3
2.6348266s,1.0794021s,10.667938s,8392,214,3
2.4438667s,1.1811755s,10.8588979s,8388,214,3
2.9376987s,1.382104s,10.3650659s,8368,214,3
2.7291401s,1.2048596s,7.6447785s,8416,214,3
2.744184s,1.2546512s,10.5674333s,8384,214,3
2.3279845s,1.0203067s,8.0459341s,8412,214,3
2.6808367s,1.0912373s,4.7251023s,8444,214,3
2.8365669s,1.2513504s,7.5426602s,8440,214,3
2.5386483s,1.0437341s,7.8456656s,8424,214,3
2.3381312s,1.0125009s,8.0461827s,8436,214,3
2.7497913s,1.4245994s,1.8143569s,8516,214,3
2.7940958s,1.2052841s,4.6320084s,8472,214,3
2.7758905s,1.1703099s,10.5618432s,8400,214,3
2.4654209s,1.1380011s,10.8723128s,8376,214,3
2.7069399s,1.2786255s,4.7251155s,8448,214,3
2.4609518s,1.1517182s,2.1119916s,8488,214,3
2.5822914s,1.3250338s,10.7614392s,8380,214,3
2.9679796s,1.405234s,7.4422743s,8428,214,3
2.9702303s,1.3727734s,1.610088s,8504,214,3
2.4172046s,1.1547172s,5.0274366s,8452,214,3
2.5929309s,1.267041s,10.7687081s,8364,214,3
2.2809473s,1.1367704s,2.3130574s,8500,214,3
2.728475s,1.2349153s,4.7278376s,8480,214,3
2.2918023s,1.0622451s,2.3118719s,8520,214,3
2.976223s,1.2854763s,7.850806s,8449,215,0
2.7927314s,1.1917753s,5.0338259s,8493,215,0
2.7737596s,1.3442912s,8.0532694s,8473,215,0
2.4573923s,1.0403233s,11.3705999s,8421,215,0
2.6962051s,1.2043645s,5.1327358s,8497,215,0
2.2937639s,1.1487934s,5.535177s,8509,215,0
2.5628105s,1.4630421s,2.4148968s,8533,215,0
2.4667859s,1.2825867s,2.5165463s,8545,215,0
2.5734739s,1.4652303s,2.4133178s,8525,215,0
2.3144099s,1.1198309s,5.5354256s,8489,215,0
3.0004717s,1.4871864s,7.8498355s,8465,215,0
2.5841858s,1.2438986s,11.2670846s,8405,215,0
2.1772295s,1.0520929s,11.6740409s,8425,215,0
2.7180055s,1.483552s,5.1345699s,8517,215,0
2.9053564s,1.4132342s,7.9476907s,8461,215,0
2.3803131s,1.2244983s,2.616488s,8553,215,0
2.7865993s,1.3588946s,2.2123175s,8549,215,0
2.2856074s,1.0357639s,2.7163331s,8557,215,0
2.4883278s,1.4086946s,2.5136127s,8529,215,0
2.689308s,1.3932395s,2.3126325s,8521,215,0
2.594601s,1.2068072s,11.2711357s,8409,215,0
2.7947085s,1.0763612s,2.213819s,8537,215,0
2.3914622s,1.2384844s,11.4742745s,8437,215,0
3.0009632s,1.459853s,10.8688526s,8417,215,0
2.5188322s,1.0091887s,8.3553732s,8441,215,0
2.6429998s,1.4207428s,5.2342405s,8485,215,0
2.7250246s,1.4524447s,8.1526874s,8453,215,0
2.9137667s,1.4447828s,2.114423s,8541,215,0
2.5489215s,1.3637578s,5.3350425s,8505,215,0
2.8557743s,1.1533037s,5.0307764s,8501,215,0
2.4539931s,1.3438256s,5.4325576s,8513,215,0
2.5396418s,1.05515s,8.3528008s,8457,215,0
2.6457035s,1.3246541s,8.2467391s,8477,215,0
2.756733s,1.3183417s,8.1526043s,8445,215,0
2.4718505s,1.2200375s,5.4370151s,8481,215,0
2.7632932s,1.3980895s,8.1475105s,8469,215,0
2.8480393s,1.4439176s,11.0637276s,8429,215,0
2.9476646s,1.3956687s,10.9641023s,8413,215,0
2.4462825s,1.0378338s,11.4654844s,8433,215,0
2.4462825s,1.0675492s,11.4654844s,8401,215,0
2.1429047s,1.1088637s,0s,8569,215,0
2.2700029s,1.0103072s,0s,8597,215,0
2.3546126s,1.1018509s,0s,8593,215,0
2.537973s,1.2389875s,4.828039s,8591,217,2
2.3364735s,1.0128753s,5.0295385s,8575,217,2
2.5335912s,1.2683101s,1.7088082s,8631,217,2
2.5861021s,1.010021s,8.0460608s,8535,217,2
2.2288303s,1.0927401s,2.0135691s,8615,217,2
2.5444752s,1.1062658s,4.8297061s,8567,217,2
2.6452494s,1.4678468s,4.7289319s,8599,217,2
2.6247985s,1.3462987s,10.965049s,8499,217,2
3.0000624s,1.3579887s,7.6428253s,8551,217,2
2.6350463s,1.4633842s,10.9626213s,8491,217,2
2.936437s,1.4407798s,10.6612306s,8519,217,2
2.7599081s,1.4980692s,4.625359s,8563,217,2
2.3535398s,1.2885652s,1.9132767s,8603,217,2
2.7628006s,1.1097224s,1.5108266s,8623,217,2
2.2703831s,1.0626554s,5.1354496s,8583,217,2
3.0219462s,1.3552565s,7.6453793s,8547,217,2
2.9509077s,1.1927884s,10.6673255s,8495,217,2
2.6492505s,1.1682489s,10.9689827s,8515,217,2
2.6712381s,1.3067636s,1.6093747s,8619,217,2
2.7215715s,1.4059272s,7.9510286s,8555,217,2
3.0814128s,1.4948609s,1.2071637s,8635,217,2
3.0903876s,1.3420248s,4.3264596s,8571,217,2
2.5289805s,1.3929605s,8.1528417s,8539,217,2
2.5289805s,1.4345896s,8.1528417s,8531,217,2
2.1830491s,1.0574512s,2.1141829s,8611,217,2
2.6696072s,1.3411482s,10.968296s,8503,217,2
2.9362352s,1.3900843s,7.7507603s,8543,217,2
2.5751427s,1.2326874s,11.0695136s,8507,217,2
2.676873s,1.3667932s,10.9677833s,8487,217,2
2.8142953s,1.470885s,4.6293383s,8579,217,2
2.5169982s,1.0488247s,4.9293939s,8595,217,2
2.657748s,1.3498581s,8.0501369s,8559,217,2
3.2614928s,1.3686925s,7.4463921s,8527,217,2
2.2930729s,1.0683276s,11.3683784s,8511,217,2
2.4660313s,1.2162724s,8.2497183s,8523,217,2
2.4176114s,1.2885652s,1.9125578s,8607,217,2
3.1282707s,1.454346s,4.3301692s,8587,217,2
2.9051963s,1.4525436s,10.7669718s,8483,217,2
2.7201099s,1.4595797s,1.611387s,8627,217,2
2.8258834s,1.3614797s,1.5097468s,8639,217,2
2.4238582s,1.181359s,5.4356316s,8634,218,1
2.9138198s,1.3916061s,2.0138778s,8654,218,1
2.9317922s,1.3038892s,4.9298794s,8610,218,1
2.7897781s,1.0935587s,10.9696042s,8530,218,1
2.5171532s,1.4915417s,2.4163768s,8678,218,1
2.5209023s,1.2220228s,2.4140446s,8650,218,1
2.5329951s,1.3321136s,5.333744s,8602,218,1
2.6938655s,1.4266932s,11.0705843s,8550,218,1
2.2371405s,1.0228325s,8.353798s,8594,218,1
2.4413265s,1.1385227s,5.43461s,8614,218,1
2.3441493s,1.1984866s,5.5335859s,8630,218,1
2.6559423s,1.1735908s,5.233692s,8618,218,1
2.5576395s,1.1859342s,8.0521446s,8598,218,1
2.7263786s,1.2262948s,11.0666905s,8526,218,1
2.2585123s,1.0935288s,8.3537637s,8578,218,1
2.2694057s,1.0445875s,8.3506699s,8582,218,1
2.8606981s,1.2788701s,2.1118841s,8642,218,1
2.677164s,1.1640419s,5.2320767s,8626,218,1
2.8422032s,1.3313722s,10.9659118s,8538,218,1
2.2807456s,1.261933s,5.6366066s,8622,218,1
2.4501607s,1.2008955s,11.3685237s,8554,218,1
2.3886807s,1.255268s,8.2479942s,8570,218,1
2.687111s,1.0340048s,2.3133601s,8670,218,1
2.3014084s,1.0690401s,8.3465561s,8562,218,1
2.599679s,1.3404812s,8.0482855s,8574,218,1
2.7870861s,1.4880283s,2.213385s,8658,218,1
2.5670595s,1.0928379s,11.2653653s,8522,218,1
2.6723537s,1.2933539s,11.1600711s,8546,218,1
2.3938816s,1.2324332s,2.6174057s,8662,218,1
2.7093102s,1.485295s,5.2337693s,8606,218,1
2.9102434s,1.2712572s,5.0328361s,8638,218,1
2.6103188s,1.0841731s,8.0513549s,8566,218,1
2.7157012s,1.3863057s,7.9471282s,8590,218,1
2.7788673s,1.2109081s,11.0711474s,8542,218,1
2.6055104s,1.0312788s,2.4150014s,8674,218,1
2.7788673s,1.4760161s,11.0711474s,8558,218,1
2.8075608s,1.3049724s,2.212951s,8666,218,1
3.1820095s,1.4208593s,10.6680052s,8534,218,1
2.2149955s,1.0052974s,8.4530097s,8586,218,1
3.2139429s,1.4354626s,1.8119672s,8646,218,1
2.9750346s,1.4752762s,6.2407356s,8628,219,3
2.7743849s,1.337639s,6.4413853s,8604,219,3
2.936877s,1.2007109s,12.0757881s,8536,219,3
2.5730405s,1.34313s,6.6427297s,8608,219,3
2.6146082s,1.1898476s,9.4617639s,8580,219,3
2.3390568s,1.1016007s,12.674866s,8544,219,3
2.8823425s,1.1517183s,6.3362927s,8632,219,3
2.5220484s,1.1457446s,9.5566047s,8576,219,3
2.8273723s,1.3316402s,9.2512808s,8592,219,3
2.7304192s,1.3442746s,3.5231732s,8648,219,3
2.1325134s,1.024675s,904.7674ms,8688,219,3
2.3337354s,1.3127724s,9.7573777s,8564,219,3
2.3363005s,1.0254706s,703.7559ms,8720,219,3
2.6392513s,1.3861103s,402.6899ms,8684,219,3
2.7423179s,1.3585611s,9.3563611s,8588,219,3
2.3634689s,1.0097792s,12.6753247s,8528,219,3
2.6690943s,1.1824851s,12.3696993s,8556,219,3
2.5065694s,1.4331381s,6.7387836s,8636,219,3
2.8070341s,1.2312816s,6.4387802s,8640,219,3
2.5474801s,1.1390027s,3.7228383s,8672,219,3
2.8493645s,1.4287441s,3.4209539s,8656,219,3
2.7107877s,1.2642273s,6.537824s,8612,219,3
2.8595566s,1.4809092s,9.2530354s,8568,219,3
2.3819004s,1.3124012s,12.6675686s,8532,219,3
2.8595566s,1.4000875s,9.2525741s,8572,219,3
2.6585173s,1.1500647s,9.4545173s,8584,219,3
2.7633365s,1.1727501s,9.3507778s,8596,219,3
2.6581075s,1.2494312s,402.1745ms,8700,219,3
2.7632185s,1.0770398s,3.5212977s,8680,219,3
2.7632185s,1.2736419s,3.5212977s,8676,219,3
2.3848399s,1.2548576s,12.6775435s,8560,219,3
2.6665413s,1.4480682s,3.6239126s,8668,219,3
2.6687519s,1.2196532s,402.9222ms,8708,219,3
2.670845s,1.3844307s,402.4762ms,8692,219,3
2.7741752s,1.4513601s,9.3570919s,8600,219,3
2.5760929s,1.3735489s,502.9229ms,8712,219,3
2.37833s,1.3486182s,703.5944ms,8716,219,3
2.5403283s,1.03831s,6.7429822s,8620,219,3
2.7033892s,1.2200599s,12.381407s,8548,219,3
2.6084757s,1.207679s,12.4763205s,8540,219,3
2.6982091s,1.2777352s,3.6207403s,8664,219,3
2.3525763s,1.2698494s,6.9442981s,8616,219,3
2.8180204s,1.2242981s,12.2757489s,8524,219,3
2.3998519s,1.3177073s,3.9227918s,8660,219,3
2.3525763s,1.0028561s,6.945102s,8624,219,3
2.8068866s,1.3817723s,3.5205544s,8652,219,3
2.5214074s,1.2138834s,12.5779631s,8552,219,3
2.7129917s,1.3896769s,401.7686ms,8704,219,3
3.2187798s,1.4233241s,3.1195455s,8644,219,3
2.6186508s,1.0839378s,502.1994ms,8696,219,3
2.379629s,1.1220551s,3.9263896s,8709,220,0
2.6788797s,1.3266757s,9.761718s,8637,220,0
2.1582148s,1.0567383s,7.1476387s,8661,220,0
2.4876426s,1.227406s,3.8225247s,8689,220,0
2.8807736s,1.2965682s,9.5598241s,8625,220,0
2.893743s,1.3707754s,3.4202157s,8705,220,0
2.7435096s,1.3731144s,604.5493ms,8741,220,0
2.799115s,1.2635563s,3.5214054s,8713,220,0
2.6489761s,1.4704331s,704.0347ms,8729,220,0
2.4976048s,1.0938012s,3.8229156s,8717,220,0
2.401904s,1.0913033s,3.9214654s,8701,220,0
2.4911277s,1.2591174s,9.9626721s,8605,220,0
2.3543706s,1.2400498s,1.0037368s,8721,220,0
2.9856664s,1.300609s,6.3415553s,8673,220,0
2.7441663s,1.2211905s,12.5773201s,8589,220,0
2.8613887s,1.3058869s,502.6372ms,8733,220,0
2.2840405s,1.0650194s,7.0441028s,8641,220,0
3.2673259s,1.4258077s,100.3595ms,8725,220,0
2.9956862s,1.3300807s,6.3389517s,8649,220,0
2.6985273s,1.301844s,6.6404743s,8665,220,0
2.8595205s,1.3582792s,12.4737458s,8577,220,0
2.7526622s,1.3383995s,12.5806041s,8581,220,0
2.5751474s,1.441945s,805.1621ms,8753,220,0
2.6015256s,1.2965491s,6.7438047s,8677,220,0
2.709261s,1.383432s,6.6438628s,8657,220,0
2.709261s,1.315682s,6.6438628s,8669,220,0
2.4335497s,1.1557521s,3.9238879s,8693,220,0
3.1347442s,1.4423539s,9.3588465s,8633,220,0
2.4272267s,1.0334051s,10.066364s,8601,220,0
2.614266s,1.0928169s,6.7445805s,8653,220,0
2.5766604s,1.4092147s,12.7778373s,8573,220,0
2.7970715s,1.3912014s,603.2428ms,8749,220,0
2.4225608s,1.2886777s,6.9434183s,8645,220,0
2.9461102s,1.3869177s,9.5546131s,8629,220,0
2.6534554s,1.0063392s,3.7231199s,8681,220,0
2.6471056s,1.4714211s,9.8638542s,8621,220,0
2.6914211s,1.2241334s,12.6790592s,8585,220,0
2.5971968s,1.4172445s,12.7767995s,8565,220,0
2.2089277s,1.1912909s,1.2076081s,8737,220,0
2.2586857s,1.0662621s,4.1253597s,8685,220,0
3.0205034s,1.4101797s,402.0264ms,8757,220,0
2.9675096s,1.4897461s,3.42585s,8697,220,0
2.7020317s,1.4804917s,12.6824453s,8561,220,0
2.3632777s,1.098821s,10.1616788s,8617,220,0
2.2590672s,1.05849s,10.2658893s,8609,220,0
2.667948s,1.2152006s,9.8570085s,8613,220,0
2.6277293s,1.4165832s,807.4216ms,8745,220,0
3.2232448s,1.3910322s,6.540163s,8699,221,2
2.7748371s,1.4190913s,804.1597ms,8799,221,2
2.585235s,1.1532042s,10.0671355s,8671,221,2
2.5953597s,1.0162937s,10.0594956s,8655,221,2
2.2933358s,1.1981262s,10.3615195s,8651,221,2
2.3869542s,1.1874212s,10.2703273s,8663,221,2
2.5953597s,1.2342525s,10.0619218s,8679,221,2
2.1812335s,1.0302499s,1.4083188s,8779,221,2
2.3899756s,1.1501946s,1.2102016s,8783,221,2
2.3899756s,1.0860032s,1.2102016s,8771,221,2
2.5410805s,1.1993646s,7.2465024s,8687,221,2
2.4083412s,1.0050368s,10.2627376s,8675,221,2
2.3475053s,1.0976759s,7.4454094s,8707,221,2
3.1051829s,1.3478345s,504.6258ms,8767,221,2
2.3456746s,1.1323057s,4.2278524s,8739,221,2
2.4565574s,1.3641171s,7.3512113s,8711,221,2
2.2643037s,1.0618794s,7.5440397s,8683,221,2
2.9641609s,1.4352279s,3.6209377s,8727,221,2
2.5594334s,1.139389s,4.0256652s,8731,221,2
2.3206845s,1.0603065s,1.3084319s,8787,221,2
2.570217s,1.1305168s,4.0280513s,8743,221,2
2.7735524s,1.4326596s,3.8247159s,8735,221,2
2.3309136s,1.1026428s,1.309663s,8763,221,2
2.3823464s,1.248524s,7.4507782s,8719,221,2
2.7514296s,1.272227s,9.9648763s,8667,221,2
2.9875491s,1.2975139s,6.8455755s,8703,221,2
2.688972s,1.4648235s,3.9255185s,8755,221,2
2.4853386s,1.4246341s,4.1291519s,8759,221,2
2.689416s,1.2145805s,7.1483193s,8691,221,2
3.1978212s,1.3787691s,6.640536s,8695,221,2
2.5915595s,1.3536616s,4.0235529s,8747,221,2
2.5524576s,1.0231642s,1.1087892s,8775,221,2
2.7720293s,1.4649341s,9.963791s,8647,221,2
3.0625155s,1.2226353s,604.5814ms,8791,221,2
2.8029022s,1.4605664s,3.8283556s,8751,221,2
2.604567s,1.2434114s,7.2499356s,8715,221,2
2.4599023s,1.1364818s,1.2071946s,8795,221,2
2.7720293s,1.2014238s,9.9656546s,8643,221,2
2.8831813s,1.3103502s,9.857957s,8659,221,2
2.4109182s,1.1030314s,4.223794s,8723,221,2
2.6124614s,1.32211s,2.0124535s,8834,222,1
3.0115544s,1.2860054s,7.9462508s,8738,222,1
2.7078527s,1.4626198s,8.2499525s,8730,222,1
2.510587s,1.0906903s,8.4525539s,8758,222,1
3.1416168s,1.4930459s,4.6302506s,8770,222,1
3.1797079s,1.4613208s,10.9655556s,8690,222,1
2.1433376s,1.036963s,5.6327338s,8766,222,1
3.1257667s,1.4396917s,1.508215s,8810,222,1
3.0509548s,1.2238703s,4.7299973s,8778,222,1
2.8884337s,1.4776984s,11.26838s,8706,222,1
2.2814733s,1.0693702s,11.8791321s,8702,222,1
3.0911071s,1.3788299s,11.0694983s,8718,222,1
2.4409503s,1.0660614s,2.2117864s,8826,222,1
2.8994138s,1.3410156s,11.275583s,8686,222,1
2.9390916s,1.3720714s,8.0561973s,8722,222,1
2.302518s,1.0534668s,11.8752343s,8710,222,1
2.7074675s,1.4165928s,11.4702848s,8682,222,1
2.3719692s,1.1496889s,5.4352746s,8786,222,1
2.7471533s,1.3114624s,8.2508911s,8742,222,1
2.4623968s,1.0023156s,2.2162892s,8814,222,1
2.7690993s,1.2352897s,1.9116988s,8806,222,1
2.4824064s,1.0575439s,5.3404814s,8762,222,1
3.1695102s,1.3879116s,7.8458546s,8750,222,1
2.4932143s,1.1665684s,5.3313499s,8798,222,1
2.5272554s,1.2634491s,11.6678173s,8698,222,1
2.8015994s,1.2064756s,5.0275557s,8790,222,1
2.5833833s,1.2178877s,2.1139002s,8822,222,1
2.9087952s,1.0353955s,4.9331152s,8774,222,1
2.8872271s,1.4351949s,8.1454839s,8726,222,1
2.8084623s,1.4878263s,5.0344918s,8782,222,1
2.6108501s,1.2582614s,5.232104s,8794,222,1
2.2387571s,1.0053154s,11.9747055s,8714,222,1
2.3393367s,1.197064s,11.8741259s,8694,222,1
2.2765048s,1.2548403s,8.7572499s,8734,222,1
3.1908006s,1.4907858s,7.8448098s,8746,222,1
2.6874637s,1.0837173s,8.3481467s,8754,222,1
2.2910152s,1.0316868s,2.4121778s,8838,222,1
2.3935062s,1.2927491s,2.3156389s,8830,222,1
2.6986606s,1.1444122s,2.0121993s,8802,222,1
2.7055548s,1.4034876s,2.0102078s,8818,222,1
2.648956s,1.2528855s,9.1634739s,8752,223,3
2.6574857s,1.1358191s,3.120737s,8812,223,3
2.4920635s,1.318359s,6.1430302s,8776,223,3
2.8686197s,1.4661429s,2.9203447s,8828,223,3
2.2167489s,1.2076767s,706.1172ms,8864,223,3
2.5717893s,1.3572165s,3.2196965s,8836,223,3
2.609573s,1.1379949s,6.0376412s,8796,223,3
2.5656735s,1.1237486s,9.2647669s,8732,223,3
2.6731924s,1.3870468s,3.1230408s,8832,223,3
2.2050353s,1.0015876s,6.4449038s,8768,223,3
2.5757445s,1.3919349s,9.2566283s,8760,223,3
2.6282328s,1.4273725s,301.3131ms,8856,223,3
2.3769077s,1.3014552s,3.4212579s,8804,223,3
2.7286507s,1.3403129s,200.8952ms,8872,223,3
2.5757445s,1.3690865s,9.2566283s,8756,223,3
3.1805013s,1.4783902s,8.6518715s,8724,223,3
2.7152246s,1.4253244s,5.9360956s,8772,223,3
2.7753205s,1.2815048s,9.0570523s,8728,223,3
2.3218208s,1.0661237s,6.3451488s,8788,223,3
2.4280893s,1.1442279s,6.2388803s,8780,223,3
2.8443931s,1.3892481s,100.2509ms,8844,223,3
2.3406487s,1.1053228s,603.9953ms,8860,223,3
2.394399s,1.076772s,9.4594831s,8748,223,3
2.6134731s,1.3809554s,3.2195004s,8824,223,3
2.865705s,1.452634s,100.3569ms,8868,223,3
2.4069531s,1.023905s,9.4612523s,8740,223,3
2.8537059s,1.3530127s,5.8360206s,8792,223,3
2.7531489s,1.4517323s,5.9365776s,8764,223,3
2.5670589s,1.295209s,403.5786ms,8852,223,3
2.4210895s,1.2051308s,3.4211516s,8816,223,3
2.7208128s,1.2962962s,3.1214283s,8808,223,3
2.5242538s,1.2732409s,9.3527905s,8744,223,3
2.7257154s,1.2168166s,3.1165257s,8840,223,3
2.6729996s,1.4423688s,301.7668ms,8848,223,3
2.329248s,1.100695s,3.5194348s,8820,223,3
2.5673571s,1.4253244s,6.1387029s,8784,223,3
2.7907953s,1.3567393s,201.195ms,8880,223,3
2.4789913s,1.0300498s,6.2368412s,8800,223,3
2.4388107s,1.2123456s,9.4575231s,8736,223,3
2.9035974s,1.2334544s,100.3632ms,8876,223,3
2.3805312s,1.06666s,3.5237523s,8849,223,0
2.573643s,1.1706775s,6.5425118s,8833,223,0
2.7640915s,1.2496619s,0s,8885,223,0
2.6390909s,1.1504514s,9.4569514s,8793,223,0
2.2858844s,1.0683419s,3.6204733s,8857,223,0
2.6790499s,1.2342219s,100.4143ms,8897,223,0
2.7857644s,1.1806117s,0s,8909,223,0
3.0140426s,1.3846918s,2.9163624s,8873,223,0
2.3891904s,1.0876963s,401.6004ms,8913,223,0
3.2118713s,1.3064042s,5.9364813s,8837,223,0
2.8088418s,1.4013263s,6.3395108s,8825,223,0
2.6706545s,1.4042371s,9.4627886s,8777,223,0
2.4701659s,1.087894s,9.6632772s,8797,223,0
2.6240887s,1.4062228s,3.3220821s,8869,223,0
2.9778133s,1.3001579s,9.1580421s,8769,223,0
2.6766723s,1.3564754s,9.4610374s,8785,223,0
2.6129766s,1.054466s,201.0755ms,8905,223,0
2.6153191s,1.2702416s,201.1151ms,8881,223,0
2.3356045s,1.168138s,3.6230959s,8865,223,0
2.8301426s,1.1724557s,6.3421424s,8817,223,0
3.1422662s,1.2683923s,2.8181475s,8845,223,0
2.721592s,1.4297479s,100.0821ms,8889,223,0
2.841426s,1.243407s,6.3367473s,8829,223,0
2.5966248s,1.360398s,9.5593618s,8781,223,0
2.9458118s,1.4422475s,6.2351935s,8821,223,0
2.804292s,1.3032811s,9.3545266s,8773,223,0
2.4536788s,1.120009s,3.52049s,8877,223,0
2.5599665s,1.0887416s,3.4180595s,8841,223,0
2.5463937s,1.1909151s,6.6435036s,8805,223,0
2.4058657s,1.0575501s,9.7618449s,8765,223,0
2.8613287s,1.0397619s,3.1209304s,8853,223,0
2.851689s,1.438089s,6.3424414s,8809,223,0
2.7554963s,1.3432219s,6.4415616s,8801,223,0
2.7656937s,1.1918729s,3.2218182s,8861,223,0
2.3442234s,1.0217507s,502.7059ms,8917,223,0
2.8194342s,1.1857434s,9.3615122s,8789,223,0
2.6182949s,1.0092344s,9.5626515s,8761,223,0
2.5674763s,1.3159057s,6.6410743s,8813,223,0
2.85768s,1.2245595s,0s,8901,223,0
3.1203145s,1.4815634s,0s,8893,224,0
2.5331148s,1.2026717s,1.0079176s,8959,225,2
2.9667341s,1.476131s,9.7648956s,8827,225,2
2.6424515s,1.0378901s,6.8459999s,8867,225,2
3.0444604s,1.3021755s,6.443991s,8855,225,2
2.6434793s,1.3572395s,905.9889ms,8927,225,2
2.8247503s,1.4704357s,3.6236396s,8883,225,2
2.4240604s,1.1003936s,4.0248945s,8887,225,2
2.7550807s,1.4724586s,6.7476009s,8879,225,2
2.6803636s,1.1878212s,10.0654963s,8823,225,2
2.6328592s,1.3075319s,3.825362s,8919,225,2
2.6803636s,1.2008698s,10.0654963s,8839,225,2
2.4541304s,1.0681455s,1.1051691s,8951,225,2
2.5575516s,1.2541491s,6.94513s,8851,225,2
2.5363084s,1.3804349s,3.9264095s,8903,225,2
2.5363084s,1.2522106s,3.9264095s,8891,225,2
2.9689868s,1.4446349s,6.5444289s,8859,225,2
2.7672128s,1.1715665s,804.9447ms,8923,225,2
2.8723642s,1.3984126s,6.6467003s,8863,225,2
2.6698339s,1.4794619s,905.8485ms,8939,225,2
2.5947581s,1.3424264s,10.1674847s,8807,225,2
2.7775014s,1.350854s,6.7415631s,8871,225,2
2.3698765s,1.142113s,1.2079072s,8947,225,2
2.6548489s,1.4644904s,3.8269981s,8915,225,2
2.4856024s,1.0994375s,1.1072917s,8931,225,2
2.221107s,1.0522104s,10.5610656s,8835,225,2
2.7230189s,1.4274473s,10.0591537s,8819,225,2
2.2729386s,1.1562092s,4.224406s,8899,225,2
2.4913985s,1.0943357s,1.1070244s,8935,225,2
2.5903672s,1.0041027s,1.0080557s,8955,225,2
2.8969295s,1.4517425s,704.9572ms,8943,225,2
2.5043996s,1.0993075s,7.047081s,8875,225,2
2.4832645s,1.1627675s,4.0259247s,8911,225,2
2.2050604s,1.1426478s,7.3485892s,8843,225,2
3.2431783s,1.4720076s,9.5637737s,8811,225,2
2.6387663s,1.293156s,10.1681857s,8815,225,2
2.3425031s,1.2684904s,10.4644489s,8803,225,2
2.8989217s,1.245407s,3.6203916s,8907,225,2
2.8506416s,1.479164s,9.9642742s,8831,225,2
2.9269323s,1.1831732s,6.6448052s,8847,225,2
2.2026735s,1.013624s,4.3293812s,8895,225,2
2.7940866s,1.2469639s,11.0728583s,8846,226,1
3.0668144s,1.3954725s,1.7097236s,8990,226,1
3.1054284s,1.4984426s,10.7658546s,8870,226,1
2.5717034s,1.3731109s,2.213777s,8978,226,1
2.4778719s,1.047528s,2.3139431s,8962,226,1
2.479924s,1.3286736s,5.1314462s,8942,226,1
3.0882041s,1.3544045s,1.7112311s,8982,226,1
2.6855713s,1.3734405s,4.9288281s,8930,226,1
2.2878499s,1.0253741s,8.355127s,8898,226,1
2.5888538s,1.0950478s,2.2105814s,8970,226,1
2.790602s,1.2395215s,2.0132831s,8974,226,1
2.8360679s,1.3428239s,11.0668744s,8866,226,1
2.6987094s,1.2225786s,2.1114637s,8966,226,1
2.1889536s,1.0021373s,5.4361837s,8926,226,1
2.4956921s,1.3936648s,5.1294452s,8946,226,1
2.5995649s,1.1382518s,2.2145718s,8998,226,1
2.9108728s,1.4840448s,7.7491245s,8910,226,1
2.5363972s,1.0610216s,11.3728276s,8874,226,1
2.6078125s,1.4776669s,8.0521848s,8906,226,1
2.8018266s,1.0111738s,4.8295932s,8958,226,1
2.4129081s,1.0422443s,8.2527123s,8918,226,1
2.706952s,1.0579698s,4.9300909s,8954,226,1
3.2492275s,1.3945965s,10.669629s,8854,226,1
2.8149642s,1.4400016s,4.8363257s,8938,226,1
3.0285775s,1.4904567s,7.6512899s,8894,226,1
2.3278687s,1.1061852s,8.3564176s,8882,226,1
2.6216688s,1.2728471s,5.03404s,8922,226,1
2.5310497s,1.2983615s,2.3143429s,8986,226,1
3.1688352s,1.3396482s,10.7701942s,8842,226,1
2.6729724s,1.4177156s,11.266057s,8862,226,1
2.7369927s,1.4561201s,7.9528092s,8886,226,1
2.7393051s,1.3324725s,7.9553911s,8914,226,1
2.7471827s,1.2515781s,7.9501563s,8902,226,1
2.6429357s,1.3954841s,8.0544033s,8890,226,1
2.973933s,1.3976293s,10.9726335s,8858,226,1
2.3364199s,1.054472s,2.5173774s,8994,226,1
3.0797808s,1.2068361s,10.8687617s,8850,226,1
2.33862s,1.0667666s,5.3321175s,8950,226,1
2.5472009s,1.1130845s,5.1306378s,8934,226,1
2.18142s,1.0873357s,11.7742237s,8878,226,1
2.6519632s,1.1772412s,10.4700803s,8916,227,3
2.4519019s,1.3742189s,7.4483041s,8936,227,3
2.4519019s,1.0773845s,7.4483041s,8928,227,3
2.6529302s,1.3931066s,7.2472758s,8932,227,3
2.6075199s,1.4209041s,1.1086616s,9040,227,3
3.015125s,1.4759715s,703.2022ms,9024,227,3
2.9669082s,1.3916537s,6.9390242s,8944,227,3
2.4147771s,1.0623377s,1.3071308s,9008,227,3
3.153013s,1.4300234s,3.7219079s,8968,227,3
2.6626899s,1.2628775s,10.46508s,8912,227,3
2.4725213s,1.3136705s,7.4447931s,8952,227,3
3.1790607s,1.4731568s,9.9600912s,8892,227,3
2.4642593s,1.4169398s,10.6748926s,8904,227,3
2.8336851s,1.4116323s,904.9065ms,9012,227,3
2.7825014s,1.4823567s,7.1466479s,8940,227,3
2.5879334s,1.2909254s,10.5702085s,8888,227,3
2.8773638s,1.3478822s,4.0282805s,8996,227,3
2.8773638s,1.4968876s,4.0282805s,8988,227,3
2.6504809s,1.4057405s,1.1058823s,9004,227,3
2.9966962s,1.3343068s,6.9436915s,8956,227,3
2.3842235s,1.0616152s,4.5251527s,9000,227,3
2.4870817s,1.1475269s,4.4282988s,8972,227,3
2.5029979s,1.0110997s,7.4473497s,8960,227,3
2.4908412s,1.2874988s,4.4281173s,8984,227,3
2.391084s,1.0172062s,4.5274023s,8964,227,3
2.6614812s,1.332831s,1.1044643s,9036,227,3
3.2214599s,1.4452203s,9.9626137s,8920,227,3
2.405434s,1.047347s,4.5261682s,8976,227,3
2.908817s,1.3574047s,10.2756342s,8896,227,3
2.2659582s,1.1856952s,1.512631s,9028,227,3
2.9019919s,1.4293351s,4.0296103s,8980,227,3
2.9194156s,1.4824656s,10.2650356s,8884,227,3
3.0310115s,1.4898589s,6.9432482s,8924,227,3
2.4888804s,1.2236564s,1.3075681s,9020,227,3
2.6933286s,1.0065419s,1.10667s,9016,227,3
2.5341425s,1.2506357s,7.454129s,8948,227,3
2.6448664s,1.3507387s,10.5674847s,8908,227,3
2.4484613s,1.370706s,10.7661074s,8900,227,3
2.7037036s,1.4685134s,1.1050031s,9032,227,3
3.0378169s,1.4591086s,3.9239028s,8992,227,3
3.1950708s,1.3719111s,3.2242717s,9033,228,0
2.3191286s,1.1939323s,907.6875ms,9041,228,0
2.8968694s,1.2569058s,6.4428196s,8993,228,0
2.3939169s,1.0572152s,4.02797s,9017,228,0
2.8024629s,1.4109042s,3.6224187s,9009,228,0
2.5967973s,1.3297889s,6.7458864s,8977,228,0
2.4996544s,1.24455s,6.8436025s,8989,228,0
2.8319614s,1.0241562s,401.96ms,9069,228,0
2.9075527s,1.3505122s,6.4452338s,8997,228,0
3.1689411s,1.4825594s,9.359707s,8921,228,0
2.4147234s,1.358588s,4.0219128s,9013,228,0
2.3402716s,1.0100123s,906.1461ms,9073,228,0
2.7206491s,1.3917333s,3.7223298s,9001,228,0
2.1809966s,1.0736451s,10.3610517s,8945,228,0
2.9833072s,1.4961213s,9.5587411s,8929,228,0
2.9178021s,1.3629175s,6.4483846s,8985,228,0
2.8226771s,1.2969913s,6.5435096s,8973,228,0
3.1758616s,1.2949466s,9.3661867s,8925,228,0
2.9178021s,1.2847644s,6.4483846s,8961,228,0
2.1806668s,1.0520827s,10.362302s,8941,228,0
2.7282568s,1.4904708s,3.7256325s,9021,228,0
2.6338231s,1.0401681s,3.8232428s,9029,228,0
2.73864s,1.4798138s,3.7264546s,9025,228,0
2.7682909s,1.2876564s,504.392ms,9077,228,0
2.5426339s,1.1877656s,6.8539049s,8965,228,0
2.6083563s,1.3398458s,9.9661632s,8933,228,0
2.3823545s,1.0100123s,905.6571ms,9045,228,0
2.7893283s,1.4161196s,503.759ms,9061,228,0
2.5647643s,1.1953489s,6.8469521s,8969,228,0
2.5704901s,1.3414362s,3.9288793s,9037,228,0
2.3194224s,1.0608093s,10.2736107s,8953,228,0
2.4272041s,1.3479639s,10.165829s,8937,228,0
2.8764244s,1.4153577s,6.5407471s,8981,228,0
2.4272041s,1.1263982s,10.165829s,8957,228,0
2.5031629s,1.0515994s,804.928ms,9049,228,0
2.4246193s,1.0253779s,10.1775543s,8949,228,0
2.8108477s,1.4222967s,504.1196ms,9065,228,0
3.0146707s,1.2478244s,302.814ms,9053,228,0
2.2860875s,1.2559763s,4.2285743s,9005,228,0
2.5134668s,1.0633378s,806.1242ms,9057,228,0
2.6479686s,1.1741197s,705.0003ms,9091,229,2
3.1428371s,1.4580875s,6.1423708s,9031,229,2
2.6479686s,1.4992015s,705.0003ms,9099,229,2
2.3309945s,1.1787957s,9.8661318s,8967,229,2
3.0590119s,1.4840972s,301.565ms,9111,229,2
2.6501462s,1.1505486s,6.6426697s,9019,229,2
3.0590119s,1.4867704s,302.6535ms,9095,229,2
2.5521988s,1.2707842s,6.7430082s,9027,229,2
2.3416023s,1.0081062s,9.8635641s,8963,229,2
2.6278293s,1.4345476s,3.5245406s,9047,229,2
2.4277161s,1.2982413s,3.7246538s,9075,229,2
2.5336167s,1.0145408s,3.6214927s,9055,229,2
2.4485341s,1.040145s,9.7635096s,8999,229,2
2.7574518s,1.3226034s,6.5446325s,9023,229,2
2.7754318s,1.2153193s,602.5898ms,9083,229,2
2.1714932s,1.0117347s,1.2075808s,9119,229,2
2.7467542s,1.0253669s,3.4225186s,9059,229,2
2.5551002s,1.2095714s,3.6211354s,9063,229,2
3.0797171s,1.3005754s,6.2471431s,9011,229,2
2.778376s,1.2612119s,6.5484842s,9039,229,2
2.7576071s,1.4074886s,3.426416s,9071,229,2
2.6726677s,1.3046307s,9.5641519s,8979,229,2
2.5771851s,1.2911603s,9.6596345s,8983,229,2
2.594789s,1.2444291s,805.1631ms,9087,229,2
2.7897462s,1.1676135s,6.5454625s,9015,229,2
2.7897462s,1.4697652s,6.5454625s,9007,229,2
2.2677014s,1.1010527s,3.9271755s,9079,229,2
2.8974131s,1.3108217s,6.4403009s,9003,229,2
2.7010936s,1.1880832s,704.3814ms,9115,229,2
2.5880228s,1.054843s,9.6676008s,8991,229,2
2.6946328s,1.3716262s,9.5658581s,8987,229,2
2.7894019s,1.4998948s,3.4218355s,9051,229,2
2.6090773s,1.0010509s,9.6638588s,8971,229,2
2.9099594s,1.4626262s,9.3629767s,8995,229,2
2.3100245s,1.1937446s,9.965862s,8975,229,2
2.2290302s,1.1216066s,1.2081379s,9107,229,2
2.4277948s,1.0076266s,6.946709s,9035,229,2
2.3099858s,1.0362933s,3.9270418s,9067,229,2
2.7432988s,1.1268921s,704.3269ms,9103,229,2
2.3099858s,1.0788234s,3.9270418s,9043,229,2
3.1591374s,1.3894695s,10.3684851s,9010,230,1
2.456057s,1.0693909s,11.073175s,9030,230,1
2.6195417s,1.2061824s,7.7505529s,9074,230,1
2.8902592s,1.3522268s,4.2311039s,9106,230,1
2.8902592s,1.3737294s,4.2311039s,9102,230,1
3.0335519s,1.2270742s,7.3455928s,9070,230,1
2.5308147s,1.3853083s,7.84833s,9046,230,1
2.5950877s,1.4452391s,1.4097889s,9158,230,1
2.7062102s,1.0523642s,4.427799s,9118,230,1
2.9030448s,1.2513741s,1.1066414s,9154,230,1
2.5015131s,1.2816406s,4.6324961s,9090,230,1
2.6403065s,1.4840631s,7.7524015s,9058,230,1
2.7100435s,1.3622178s,4.4260651s,9082,230,1
2.6403065s,1.4080167s,7.7524015s,9066,230,1
2.9829302s,1.4816311s,10.5735203s,9038,230,1
2.4069936s,1.0507466s,1.6099001s,9122,230,1
2.4882874s,1.3411226s,11.0712901s,9034,230,1
3.2555239s,1.3892592s,7.1443437s,9062,230,1
2.6930381s,1.3772458s,10.8665394s,9018,230,1
2.9601093s,1.4733096s,7.4460638s,9050,230,1
3.1239341s,1.3985575s,4.0257537s,9098,230,1
2.5222349s,1.3163093s,4.6335204s,9110,230,1
2.5222349s,1.2612631s,4.6335204s,9094,230,1
2.7141266s,1.0522744s,10.8644189s,9014,230,1
2.7312696s,1.0910628s,1.3077191s,9130,230,1
2.9398595s,1.3546769s,4.2246784s,9114,230,1
2.7803242s,1.2381941s,7.6505264s,9054,230,1
2.7831892s,1.4594783s,7.6476614s,9042,230,1
2.9440955s,1.2405122s,1.1063357s,9126,230,1
2.6190563s,1.3734496s,10.9709317s,9026,230,1
2.8232032s,1.0193045s,10.7667848s,9006,230,1
2.4487254s,1.0419372s,1.6080816s,9142,230,1
2.9545109s,1.3596511s,1.1070657s,9150,230,1
3.1560142s,1.4994205s,905.5624ms,9134,230,1
2.6573977s,1.0399754s,4.5279568s,9086,230,1
2.9545109s,1.2033868s,1.1070657s,9138,230,1
2.8582884s,1.1822062s,1.2097836s,9146,230,1
3.002301s,1.3872874s,7.4511674s,9078,230,1
2.8443647s,1.3219626s,10.7796241s,9022,230,1
2.6497777s,1.2518996s,10.9742111s,9002,230,1
2.5271156s,1.0008574s,1.3073593s,9180,231,3
2.7570847s,1.3494818s,7.1416405s,9088,231,3
2.1544001s,1.04341s,7.7443251s,9100,231,3
3.3417111s,1.4992915s,502.9888ms,9188,231,3
3.0215239s,1.2780351s,4.1241156s,9124,231,3
2.287849s,1.1674327s,10.6679717s,9072,231,3
2.3482792s,1.1410742s,1.5095626s,9168,231,3
2.6968736s,1.3647044s,10.2677416s,9068,231,3
2.3588188s,1.0255628s,1.509282s,9164,231,3
2.9694432s,1.4202085s,904.6932ms,9192,231,3
2.802892s,1.4495716s,10.172235s,9044,231,3
2.5878411s,1.4885573s,7.3444375s,9116,231,3
2.3848442s,1.0336656s,7.5474344s,9112,231,3
2.709389s,1.4567762s,10.2678049s,9080,231,3
2.482212s,1.1704062s,7.4500666s,9092,231,3
2.9081551s,1.368634s,10.0690388s,9076,231,3
2.7702959s,1.0626819s,1.1059074s,9196,231,3
2.8136062s,1.3427484s,10.1635877s,9052,231,3
2.455374s,1.1528801s,4.7238278s,9140,231,3
2.4927139s,1.295131s,7.4435726s,9104,231,3
2.9566886s,1.4415069s,4.2225132s,9132,231,3
2.8240743s,1.4336087s,10.1679394s,9056,231,3
2.6990005s,1.4535891s,7.2503109s,9108,231,3
2.5982933s,1.436201s,7.3510181s,9084,231,3
2.4654038s,1.1193965s,4.7300382s,9144,231,3
2.8714455s,1.35045s,4.330249s,9128,231,3
2.1707133s,1.0150694s,5.0331397s,9160,231,3
2.5384001s,1.4124459s,10.4674529s,9048,231,3
2.8996258s,1.4654328s,1.006057s,9184,231,3
2.8996258s,1.2674462s,1.006057s,9200,231,3
3.044605s,1.3542284s,9.9617581s,9060,231,3
2.4873701s,1.0434442s,4.7288933s,9148,231,3
3.2989906s,1.4900781s,3.9267179s,9136,231,3
2.6294888s,1.1502285s,7.3533044s,9120,231,3
2.5588842s,1.2998214s,10.4688243s,9064,231,3
2.3912355s,1.3110211s,4.834473s,9156,231,3
3.0233964s,1.4036276s,905.6588ms,9176,231,3
3.1235336s,1.4604768s,805.5216ms,9172,231,3
2.4975861s,1.3168825s,4.7315823s,9152,231,3
2.7466049s,1.4549317s,7.2396482s,9096,231,3
2.4813459s,1.2208842s,2.3151292s,9201,232,0
3.0399272s,1.1948841s,7.9527944s,9125,232,0
2.8362897s,1.3775747s,8.1564319s,9157,232,0
2.8362897s,1.3874055s,8.1564319s,9141,232,0
2.7853059s,1.3166999s,2.0138738s,9233,232,0
2.5242947s,1.1648064s,5.4377442s,9169,232,0
2.6077641s,1.4934224s,2.215982s,9217,232,0
2.6613489s,1.0765814s,8.357908s,9133,232,0
2.7131882s,1.0237754s,2.1125268s,9237,232,0
2.6642297s,1.2183218s,8.3550272s,9149,232,0
2.9642751s,1.4191668s,8.0549818s,9137,232,0
2.8486694s,1.278771s,11.064383s,9081,232,0
3.1536147s,1.265428s,4.8303469s,9161,232,0
2.6183064s,1.4945415s,2.2120405s,9213,232,0
2.455004s,1.1762505s,11.4674065s,9101,232,0
2.6286856s,1.4966849s,2.2142647s,9225,232,0
2.5672911s,1.2504479s,5.4314623s,9165,232,0
2.4294125s,1.1507024s,2.4157262s,9205,232,0
2.6625327s,1.1374708s,5.3362207s,9197,232,0
2.4650067s,1.1510957s,5.5337467s,9177,232,0
2.4616531s,1.1851832s,11.4780567s,9117,232,0
2.496053s,1.2843264s,8.5520157s,9129,232,0
2.7711516s,1.4482316s,11.1748055s,9089,232,0
3.0825132s,1.4806231s,4.9318756s,9185,232,0
2.7438639s,1.3217374s,2.1169102s,9221,232,0
2.4505862s,1.1000661s,2.4134879s,9229,232,0
2.2812458s,1.0181742s,5.736443s,9173,232,0
2.2605549s,1.0039716s,2.6143094s,9209,232,0
2.4867441s,1.1340832s,11.4733032s,9097,232,0
2.2844711s,1.1712543s,11.6755762s,9113,232,0
2.8911269s,1.3097565s,11.0764979s,9093,232,0
2.8916411s,1.3927408s,11.0759837s,9105,232,0
2.8061418s,1.3231423s,5.2299147s,9189,232,0
2.6189698s,1.0448224s,8.4570139s,9153,232,0
2.6223855s,1.2490255s,8.4535982s,9145,232,0
2.4013862s,1.149803s,5.6346703s,9193,232,0
2.3194917s,1.0278549s,8.756492s,9121,232,0
2.5921325s,1.1575445s,11.3754923s,9109,232,0
2.5033052s,1.2836058s,5.5327513s,9181,232,0
2.5024688s,1.1745486s,11.4780236s,9085,232,0
2.4050847s,1.1610836s,0s,9273,232,0
2.7427493s,1.4354114s,2.9188778s,9231,232,2
2.9563374s,1.4227343s,5.7356007s,9167,232,2
2.573037s,1.3921685s,9.2540172s,9139,232,2
2.4521535s,1.1222489s,6.2397846s,9199,232,2
2.61547s,1.4035394s,201.5245ms,9267,232,2
2.8500168s,1.4061793s,2.8196987s,9239,232,2
2.573037s,1.3071498s,9.2621056s,9131,232,2
2.718857s,1.2192233s,100.8417ms,9243,232,2
2.7318906s,1.0567295s,100.0971ms,9275,232,2
2.5710514s,1.4397714s,6.1412641s,9163,232,2
2.7646826s,1.3476598s,2.9194815s,9207,232,2
2.8376159s,1.4035394s,0s,9271,232,2
2.6893654s,1.3050074s,9.1650802s,9123,232,2
2.8934334s,1.4656407s,5.8365887s,9171,232,2
2.5929077s,1.4275232s,6.1371144s,9187,232,2
2.0903642s,1.0301036s,6.6396579s,9179,232,2
2.3883335s,1.1486746s,6.3416886s,9195,232,2
2.6546486s,1.3056719s,201.1993ms,9251,232,2
2.7643111s,1.317778s,100.423ms,9259,232,2
2.5924237s,1.4027866s,3.1223272s,9211,232,2
2.7093702s,1.2027466s,6.038359s,9175,232,2
3.1351161s,1.2990345s,8.7553318s,9147,232,2
3.1346575s,1.2913197s,8.7557904s,9135,232,2
2.7745606s,1.4357471s,100.4434ms,9247,232,2
2.7398918s,1.4705152s,9.1543799s,9127,232,2
2.53784s,1.3438188s,9.3579932s,9143,232,2
3.030311s,1.4627711s,5.7367977s,9183,232,2
2.6145408s,1.2120825s,3.1222569s,9215,232,2
2.2116253s,1.1722436s,3.5251724s,9223,232,2
2.415857s,1.0806985s,3.3209407s,9203,232,2
2.6469237s,1.3190612s,9.2553011s,9155,232,2
2.4315597s,1.2493568s,6.3425614s,9191,232,2
2.8577872s,1.4232077s,9.0529986s,9159,232,2
2.2924333s,1.0408657s,602.9086ms,9279,232,2
2.4268674s,1.2193975s,3.322123s,9219,232,2
2.7322845s,1.3778537s,3.0191399s,9227,232,2
2.337827s,1.150019s,3.419293s,9235,232,2
2.6681965s,1.4477797s,9.2543506s,9151,232,2
2.9504177s,1.2733854s,0s,9263,232,2
2.9637261s,1.4972608s,0s,9255,233,2
2.7855817s,1.2029227s,10.7712424s,9170,234,1
2.2587888s,1.1107491s,5.22976s,9258,234,1
2.3823278s,1.0140464s,11.1744963s,9174,234,1
2.5799968s,1.4444366s,1.6075971s,9282,234,1
2.0806221s,1.0212482s,11.476202s,9162,234,1
2.7988208s,1.4624822s,10.7638181s,9194,234,1
2.7023302s,1.428646s,10.859831s,9182,234,1
2.6615633s,1.3836174s,4.8328003s,9254,234,1
2.7591426s,1.0653411s,7.8483438s,9218,234,1
3.0643744s,1.4112733s,7.5458725s,9202,234,1
2.9963764s,1.446174s,1.2068217s,9318,234,1
2.4957682s,1.0991389s,1.7122465s,9306,234,1
2.9094504s,1.4237682s,10.6696721s,9190,234,1
2.4058338s,1.0926246s,11.1732887s,9166,234,1
2.3675191s,1.0407422s,8.249832s,9214,234,1
2.7696641s,1.0108228s,7.847687s,9230,234,1
2.7067529s,1.3392191s,1.5075488s,9286,234,1
2.5066375s,1.3717005s,1.7140756s,9302,234,1
2.0863796s,1.039803s,5.4361693s,9250,234,1
2.4875085s,1.3416754s,5.0350404s,9246,234,1
2.5939687s,1.0988068s,4.9347724s,9242,234,1
3.3009549s,1.3772938s,4.2277862s,9266,234,1
2.9103106s,1.1339734s,4.6314376s,9274,234,1
2.7127022s,1.3324761s,4.829046s,9278,234,1
2.2935499s,1.0635613s,8.3542922s,9206,234,1
2.4481943s,1.1217549s,11.167063s,9186,234,1
3.1060939s,1.1935096s,7.546982s,9222,234,1
2.83543s,1.305189s,1.4105971s,9298,234,1
2.6430613s,1.3890335s,1.6116196s,9314,234,1
2.812023s,1.4358372s,7.8548116s,9226,234,1
2.8223789s,1.3498665s,7.8489204s,9210,234,1
2.9621814s,1.3604087s,10.6712993s,9198,234,1
3.0605123s,1.4450602s,1.2061734s,9310,234,1
2.7447206s,1.1991377s,4.8281393s,9262,234,1
2.8337786s,1.3444928s,7.8451752s,9238,234,1
2.4636959s,1.0518893s,1.8132673s,9294,234,1
2.8821955s,1.4792549s,10.7656383s,9178,234,1
2.5505557s,1.3176908s,5.031952s,9270,234,1
2.7386143s,1.4313242s,7.9499873s,9234,234,1
2.4745036s,1.239408s,1.8106613s,9290,234,1
2.8049634s,1.2646744s,10.1642482s,9236,235,3
2.5070168s,1.1015352s,10.4621948s,9212,235,3
2.7111327s,1.0890488s,4.2295709s,9288,235,3
3.1503349s,1.378824s,6.9407036s,9252,235,3
2.602112s,1.1135863s,1.210431s,9340,235,3
2.3043805s,1.0279094s,1.5107241s,9328,235,3
3.116111s,1.3215351s,703.8462ms,9344,235,3
3.1281606s,1.4739241s,3.8248396s,9308,235,3
2.5192619s,1.1085051s,1.3055777s,9352,235,3
2.2629817s,1.1684693s,7.8504914s,9276,235,3
2.7323326s,1.4622595s,4.2308056s,9284,235,3
2.7304254s,1.4520313s,1.1077492s,9336,235,3
2.7683447s,1.2655032s,7.350332s,9264,235,3
2.6343182s,1.2389484s,1.2089718s,9360,235,3
2.9457952s,1.481133s,4.0256554s,9304,235,3
2.3401063s,1.195587s,4.6313443s,9320,235,3
2.474538s,1.1647919s,7.6494657s,9244,235,3
2.7305212s,1.3151265s,10.2716556s,9220,235,3
2.7788399s,1.3158162s,7.3451638s,9260,235,3
2.6362628s,1.3220531s,10.365914s,9224,235,3
2.6476892s,1.2952334s,4.3308533s,9312,235,3
2.845029s,1.4367485s,10.1620215s,9232,235,3
2.3810941s,1.0901529s,7.7477833s,9256,235,3
2.8596864s,1.3619932s,4.1282071s,9296,235,3
2.7517401s,1.3487698s,10.2646614s,9216,235,3
2.4532472s,1.32654s,1.4089827s,9356,235,3
2.5499039s,1.3120531s,10.4689946s,9228,235,3
2.4532472s,1.0945453s,1.4089827s,9348,235,3
2.6954418s,1.3474313s,7.4452836s,9248,235,3
2.9572514s,1.2510834s,904.9785ms,9324,235,3
2.3458535s,1.1225047s,10.673045s,9208,235,3
2.4985682s,1.4506496s,7.6449943s,9272,235,3
2.5061353s,1.0107358s,7.6506523s,9280,235,3
2.6053137s,1.2501165s,7.5514739s,9268,235,3
2.4791474s,1.284805s,4.5273053s,9316,235,3
2.9883493s,1.4726023s,4.0248876s,9292,235,3
2.8781731s,1.3070674s,10.1700564s,9204,235,3
2.5812819s,1.3539082s,10.4669476s,9240,235,3
2.9893016s,1.3170355s,905.1515ms,9332,235,3
2.4999926s,1.0114551s,4.5270812s,9300,235,3
2.4332898s,1.0484774s,100.4554ms,9429,236,0
3.1022615s,1.3956709s,2.6189177s,9397,236,0
2.2422663s,1.1440756s,6.3478702s,9341,236,0
2.2451222s,1.0246912s,6.3450143s,9353,236,0
2.60659s,1.3651136s,3.1199333s,9389,236,0
2.7745516s,1.4602804s,11.8776954s,9241,236,0
2.5327716s,1.4617145s,9.0607562s,9317,236,0
2.8151426s,1.3850001s,2.919827s,9373,236,0
2.5621394s,1.1809098s,6.0385032s,9329,236,0
2.8636132s,1.1851653s,5.7370294s,9345,236,0
2.6509115s,1.2234093s,8.9534397s,9297,236,0
2.4221333s,1.0005122s,3.3182157s,9381,236,0
2.5730342s,1.3884565s,6.0388692s,9325,236,0
2.5293004s,1.0225729s,3.2205697s,9361,236,0
2.7962083s,1.4692785s,11.876725s,9249,236,0
2.4674286s,1.2109651s,100.5663ms,9405,236,0
2.864104s,1.3927092s,8.7556689s,9305,236,0
2.579231s,1.2152412s,0s,9421,236,0
2.5946884s,1.3544123s,6.0412375s,9337,236,0
2.5863201s,1.2152412s,0s,9437,236,0
2.6821833s,1.4900171s,8.9565564s,9289,236,0
3.0223119s,1.323084s,11.675147s,9277,236,0
2.5149964s,1.2697323s,12.1824625s,9265,236,0
2.9258137s,1.3851924s,11.7716452s,9245,236,0
2.6558416s,1.2561488s,3.1205011s,9377,236,0
2.8590832s,1.3585628s,2.9207065s,9385,236,0
2.8105654s,1.1342088s,5.835651s,9349,236,0
2.7624354s,1.4057517s,3.0201678s,9393,236,0
2.6928054s,1.1217692s,8.958441s,9301,236,0
2.4896313s,1.1241415s,9.1648195s,9309,236,0
2.1938266s,1.0395788s,9.4606242s,9313,236,0
3.0007308s,1.3875397s,8.6570529s,9285,236,0
2.8403983s,1.1068598s,11.8761046s,9257,236,0
2.8452648s,1.3644189s,11.8712381s,9269,236,0
2.8214308s,1.214829s,5.8356221s,9357,236,0
2.5010996s,1.3492051s,9.1566841s,9281,236,0
2.9770128s,1.3106039s,2.8193679s,9369,236,0
2.724462s,1.3191265s,5.939049s,9321,236,0
2.9518532s,1.3535842s,11.7717234s,9253,236,0
2.8321446s,1.3058399s,5.8374443s,9333,236,0
3.187434s,1.4678203s,2.6185417s,9365,236,0
3.0587192s,1.355666s,11.6724124s,9261,236,0
2.618462s,1.3927092s,9.0539504s,9293,236,0
2.8424835s,1.194514s,0s,9409,236,0
2.8424835s,1.4895056s,0s,9433,236,0
2.8467635s,1.1231798s,0s,9413,236,0
2.9392023s,1.292736s,0s,9401,236,0
2.9650144s,1.3204703s,0s,9417,236,0
2.4126178s,1.3128369s,301.7497ms,9415,236,2
3.0140135s,1.4515383s,2.7169223s,9371,236,2
3.0720712s,1.4539546s,5.7376986s,9339,236,2
2.5732785s,1.1066349s,6.2385777s,9323,236,2
2.2296632s,1.0663211s,9.6618644s,9311,236,2
2.5295324s,1.1689321s,9.3619952s,9299,236,2
2.5295324s,1.0375331s,9.3619952s,9287,236,2
2.4199291s,1.040338s,3.3193815s,9375,236,2
2.7278929s,1.0764693s,0s,9403,236,2
2.632296s,1.3328813s,100.7879ms,9435,236,2
2.6267886s,1.3913134s,3.1203088s,9395,236,2
2.6267886s,1.4585847s,3.1203088s,9399,236,2
2.5316324s,1.3112931s,3.2196752s,9379,236,2
2.6427792s,1.2599493s,100.5757ms,9427,236,2
2.1405663s,1.037307s,602.7886ms,9407,236,2
2.5986081s,1.3221513s,6.2371129s,9355,236,2
2.8496547s,1.2947909s,2.9203417s,9387,236,2
2.3482878s,1.1693556s,3.4217086s,9383,236,2
2.8054174s,1.1403315s,6.0380369s,9347,236,2
2.7661929s,1.2166392s,9.1569328s,9295,236,2
2.605121s,1.338016s,6.2383333s,9359,236,2
2.30902s,1.1228901s,6.5411587s,9351,236,2
2.663534s,1.1301339s,100.56ms,9411,236,2
2.5107037s,1.042375s,6.3406364s,9335,236,2
2.6779268s,1.2940069s,9.2530847s,9283,236,2
2.7630491s,1.1901229s,3.0185671s,9363,236,2
3.0796714s,1.4123796s,8.8536874s,9307,236,2
2.7838419s,1.1788047s,9.1590183s,9291,236,2
2.7319288s,1.1252329s,6.1371616s,9343,236,2
2.5936863s,1.2635471s,9.3550755s,9303,236,2
2.6799058s,1.2982533s,3.1171134s,9367,236,2
2.2946955s,1.0606295s,9.6621874s,9319,236,2
2.4374656s,1.0097569s,6.4397459s,9327,236,2
2.3916123s,1.0024284s,402.7226ms,9439,236,2
2.4956196s,1.3646679s,302.2353ms,9431,236,2
2.4581829s,1.2746392s,6.4384538s,9331,236,2
2.6049447s,1.06854s,3.2196208s,9391,236,2
2.9202134s,1.2431391s,9.0560947s,9315,236,2
2.6109352s,1.1676855s,200.8059ms,9423,236,2
2.9816488s,1.3657711s,0s,9419,237,2
2.6343596s,1.4483161s,10.3679191s,9346,238,1
2.4354229s,1.1171813s,10.5668558s,9338,238,1
2.503761s,1.2470992s,1.1075593s,9454,238,1
2.6597681s,1.2095549s,7.3516464s,9390,238,1
2.7637668s,1.448851s,7.2476477s,9394,238,1
2.4635023s,1.3853294s,7.5479122s,9366,238,1
2.5407373s,1.2727041s,10.4690424s,9334,238,1
2.4142678s,1.0239653s,1.2096082s,9462,238,1
3.3135037s,1.4813695s,3.6256532s,9430,238,1
2.2106313s,1.1215694s,4.7311043s,9406,238,1
2.3184092s,1.1706258s,1.3098227s,9478,238,1
3.0865905s,1.2581241s,6.9452862s,9374,238,1
2.8689121s,1.4842416s,10.1635765s,9350,238,1
2.7627163s,1.1928631s,10.2697723s,9326,238,1
2.4236974s,1.3605334s,4.5308783s,9426,238,1
2.4225671s,1.3470206s,4.5320086s,9418,238,1
2.7268607s,1.3129045s,4.2311355s,9414,238,1
2.1909391s,1.0692605s,7.8536476s,9362,238,1
2.7339266s,1.4711732s,4.2261102s,9410,238,1
2.4776053s,1.2611253s,10.567857s,9354,238,1
2.8406866s,1.318019s,806.3163ms,9466,238,1
2.5826409s,1.2727041s,10.4651519s,9342,238,1
2.5393339s,1.2964493s,4.4300062s,9422,238,1
2.2422756s,1.027302s,4.7303996s,9402,238,1
2.9582033s,1.3608927s,704.1518ms,9446,238,1
2.7558607s,1.3608927s,906.4944ms,9442,238,1
2.3548964s,1.1331086s,1.3113541s,9458,238,1
2.9983652s,1.195505s,10.0663447s,9358,238,1
2.7218084s,1.3954466s,7.3445363s,9378,238,1
2.1020936s,1.0101743s,10.9663024s,9330,238,1
2.6032656s,1.2430081s,10.4651304s,9322,238,1
3.0624532s,1.2791067s,3.9243193s,9434,238,1
2.7680692s,1.2259231s,906.1318ms,9470,238,1
2.8309658s,1.3336769s,7.2457894s,9370,238,1
2.5309542s,1.0709612s,7.5476379s,9386,238,1
2.5309542s,1.0645155s,7.5476379s,9398,238,1
2.9355723s,1.2385048s,7.1468996s,9382,238,1
2.7788755s,1.474412s,906.0317ms,9474,238,1
2.6782329s,1.3056917s,4.3301681s,9438,238,1
2.0821843s,1.0046426s,1.612713s,9450,238,1
2.6560466s,1.4352744s,4.3245051s,9480,239,3
2.2894931s,1.1390203s,1.4065683s,9496,239,3
2.4527103s,1.1812907s,4.5278414s,9460,239,3
3.0099354s,1.4221005s,7.1467277s,9416,239,3
2.3417971s,1.1330044s,11.0703828s,9396,239,3
2.6484194s,1.0617318s,10.7637605s,9388,239,3
2.5433312s,1.3250081s,10.8688487s,9372,239,3
2.7019662s,1.0971452s,1.0050961s,9516,239,3
2.8087309s,1.1549597s,905.7766ms,9512,239,3
3.2555168s,1.4437851s,10.167347s,9392,239,3
2.609209s,1.2359218s,1.1052985s,9484,239,3
2.9561396s,1.4000076s,10.468072s,9368,239,3
2.8111502s,1.3985128s,904.7051ms,9504,239,3
3.2844903s,1.4623646s,3.7233288s,9456,239,3
2.2218932s,1.0816705s,1.5094192s,9488,239,3
2.3359537s,1.0350787s,7.8503817s,9404,239,3
2.7945343s,1.0725008s,4.2234519s,9468,239,3
2.699052s,1.4331049s,4.3283888s,9464,239,3
3.0524303s,1.4347429s,7.1433597s,9436,239,3
2.355079s,1.2259833s,7.8523721s,9432,239,3
2.7015538s,1.3026843s,10.7661148s,9364,239,3
3.1683492s,1.4021102s,7.0438026s,9428,239,3
2.5517065s,1.2161202s,1.2076058s,9508,239,3
2.2615283s,1.100305s,7.9506235s,9420,239,3
2.5205046s,1.3920179s,4.5307241s,9444,239,3
2.4210455s,1.2037064s,4.6301832s,9476,239,3
2.6038647s,1.4473716s,10.8715729s,9376,239,3
2.8698963s,1.2644313s,7.3500245s,9424,239,3
2.1730548s,1.0224384s,8.0501675s,9408,239,3
2.9678485s,1.4754133s,805.0771ms,9520,239,3
3.0696896s,1.4215546s,703.236ms,9500,239,3
2.2145682s,1.0203744s,11.2687938s,9380,239,3
2.468364s,1.2115138s,1.3066417s,9492,239,3
2.6911635s,1.1420653s,7.5462432s,9412,239,3
2.5223493s,1.2314496s,10.9705742s,9384,239,3
2.7462596s,1.2456081s,4.3254882s,9452,239,3
2.5957299s,1.1356202s,7.6443671s,9440,239,3
2.8264755s,1.0434446s,10.6691383s,9400,239,3
2.5470182s,1.1525622s,4.5295245s,9472,239,3
2.5516685s,1.0848056s,4.5277384s,9448,239,3
2.7241913s,1.202147s,2.7169894s,9533,240,0
2.7636343s,1.0504315s,5.6394516s,9485,240,0
2.4037012s,1.269817s,9.0586923s,9457,240,0
2.5626959s,1.2247131s,0s,9569,240,0
2.813493s,1.4495169s,8.6513742s,9461,240,0
2.809609s,1.032705s,8.6552582s,9453,240,0
2.8396851s,1.2317341s,2.6193082s,9541,240,0
2.9196361s,1.4260071s,8.5558237s,9441,240,0
3.1005612s,1.4437432s,11.4754598s,9425,240,0
2.3526403s,1.0476013s,3.120245s,9521,240,0
2.6943222s,1.0776742s,5.7398861s,9493,240,0
2.606415s,1.3368863s,5.8315298s,9513,240,0
2.6108814s,1.1644902s,5.8297527s,9501,240,0
2.4122439s,1.0362969s,6.0345446s,9481,240,0
2.4703018s,1.078382s,3.0193288s,9537,240,0
2.8714079s,1.2173382s,2.6182227s,9553,240,0
2.6460379s,1.4477716s,8.8558465s,9449,240,0
3.0471267s,1.4383071s,8.4547577s,9469,240,0
2.821971s,1.2976747s,5.6361001s,9517,240,0
2.2484085s,1.0077913s,9.2567893s,9445,240,0
2.82816s,1.0860318s,5.6331833s,9509,240,0
2.9282922s,1.3845762s,5.5330511s,9505,240,0
2.5523106s,1.4590096s,8.9561594s,9473,240,0
2.3843361s,1.2544078s,3.1219695s,9545,240,0
2.8925594s,1.3413248s,2.6137462s,9529,240,0
2.2191357s,1.0470177s,403.2527ms,9565,240,0
2.8764263s,1.3893447s,8.651725s,9465,240,0
2.8517236s,1.347887s,5.6332453s,9489,240,0
2.961323s,1.4263346s,5.5300812s,9497,240,0
2.6086407s,1.404976s,2.9214405s,9549,240,0
2.9826789s,1.4826812s,8.555852s,9477,240,0
2.2051915s,1.0127516s,3.3248897s,9525,240,0
2.5418421s,1.085906s,100.1985ms,9593,240,0
2.61938s,1.4629424s,2.91922s,9557,240,0
2.6901184s,1.3636352s,0s,9585,240,0
2.7527192s,1.1126045s,0s,9577,240,0
2.8174434s,1.1938361s,0s,9589,240,0
2.858984s,1.476981s,0s,9561,240,0
2.8759103s,1.3124696s,0s,9581,240,0
2.9294206s,1.2272112s,0s,9597,240,0
2.7589687s,1.2791215s,2.5167561s,9527,240,2
2.4639628s,1.1813408s,2.8148353s,9539,240,2
2.764929s,1.2617362s,2.5138691s,9535,240,2
2.8052099s,1.4303767s,5.4324156s,9487,240,2
2.5942392s,1.3219577s,8.6500859s,9447,240,2
2.9961026s,1.4236985s,8.2482225s,9467,240,2
2.2915356s,1.0129697s,8.9527895s,9463,240,2
2.5180518s,1.3148974s,5.7326984s,9491,240,2
2.4254181s,1.0358225s,5.8361809s,9519,240,2
2.3904073s,1.1416143s,2.9174744s,9551,240,2
2.6905615s,1.3800691s,2.6183294s,9523,240,2
2.7351839s,1.4941097s,5.5340669s,9507,240,2
2.2308713s,1.1275661s,6.0383795s,9495,240,2
2.4008638s,1.1601527s,2.9194702s,9543,240,2
2.7182265s,1.1056166s,8.5519274s,9479,240,2
2.6214053s,1.0368462s,8.6551997s,9455,240,2
2.2104561s,1.1207016s,3.1224758s,9547,240,2
2.9537173s,1.2750113s,5.3329319s,9499,240,2
2.5263588s,1.3071334s,8.756393s,9471,240,2
2.728911s,1.0606364s,8.557065s,9451,240,2
2.6272824s,1.1070171s,2.7184575s,9559,240,2
2.4572284s,1.1034248s,5.8422288s,9483,240,2
2.4416418s,1.1643705s,8.8544041s,9475,240,2
2.5387327s,1.2165139s,8.7568271s,9459,240,2
2.7664926s,1.2563227s,5.5347255s,9503,240,2
2.3817259s,1.1207772s,200.8459ms,9579,240,2
2.5853354s,1.1742227s,0s,9599,240,2
2.2853799s,1.1294121s,302.2955ms,9595,240,2
2.4674411s,1.0977157s,5.8388806s,9515,240,2
2.4895449s,1.0090086s,100.4579ms,9583,240,2
2.6372976s,1.3044483s,2.7176342s,9531,240,2
2.4764664s,1.3095621s,5.8355444s,9511,240,2
2.6481491s,1.283217s,2.7162211s,9555,240,2
2.5003827s,1.3753334s,100.2906ms,9591,240,2
2.870908s,1.479981s,8.4529035s,9443,240,2
2.6811979s,1.4371544s,0s,9567,240,2
2.7129861s,1.1059789s,0s,9575,240,2
2.79115s,1.4033254s,0s,9587,240,2
2.8091992s,1.2523209s,0s,9563,240,2
2.8184425s,1.3905859s,100.7273ms,9634,241,1
3.0662648s,1.3621466s,2.9191698s,9574,241,1
2.7142107s,1.4488189s,9.4593933s,9482,241,1
2.414064s,1.124362s,9.75954s,9490,241,1
2.6332795s,1.2060654s,301.6575ms,9626,241,1
2.6945652s,1.021503s,6.3406141s,9526,241,1
2.2771362s,1.144676s,3.7240656s,9578,241,1
2.637694s,1.2335269s,301.4204ms,9618,241,1
2.9018997s,1.1885846s,6.1398961s,9550,241,1
2.7893312s,1.327713s,3.2184871s,9570,241,1
2.7102023s,1.42146s,6.340562s,9554,241,1
2.7049357s,1.4053904s,6.3458286s,9530,241,1
2.4905278s,1.1595902s,3.526259s,9562,241,1
2.6370681s,1.1291642s,9.5674668s,9502,241,1
2.6370681s,1.306608s,9.5674668s,9498,241,1
2.6053119s,1.4509169s,6.4459284s,9542,241,1
2.906803s,1.1756139s,3.1201152s,9586,241,1
2.906803s,1.1530518s,3.1201152s,9582,241,1
2.6584747s,1.181725s,302.5475ms,9638,241,1
2.5150224s,1.4285607s,6.5458733s,9534,241,1
2.7164977s,1.1397511s,6.3447668s,9522,241,1
3.1532946s,1.4887256s,9.0612645s,9510,241,1
2.8216086s,1.2571627s,6.2431536s,9538,241,1
2.4055022s,1.0738703s,3.6252825s,9594,241,1
2.2635476s,1.0715865s,703.6141ms,9602,241,1
2.5623005s,1.2269272s,9.6622518s,9486,241,1
2.765259s,1.2902353s,9.4592933s,9494,241,1
3.0339775s,1.4800791s,6.0372802s,9558,241,1
2.3748829s,1.1938666s,603.6563ms,9606,241,1
2.7373644s,1.340352s,6.3414171s,9546,241,1
2.6767801s,1.225591s,301.7591ms,9622,241,1
2.5792672s,1.3324393s,403.3264ms,9610,241,1
2.5961828s,1.3506127s,401.7279ms,9630,241,1
2.5439414s,1.147826s,3.5249812s,9598,241,1
2.2948585s,1.2269272s,9.9646025s,9514,241,1
2.7040855s,1.2608844s,9.5612326s,9506,241,1
3.0064195s,1.4572991s,9.2588986s,9518,241,1
2.5544826s,1.0283361s,3.5235634s,9566,241,1
2.6608865s,1.2726319s,3.4221399s,9590,241,1
3.0936984s,1.4444096s,0s,9614,242,1
2.1319151s,1.0596809s,5.0323284s,9632,243,3
2.6389725s,1.029949s,4.5305595s,9604,243,3
2.4372069s,1.0075348s,7.8548071s,9580,243,3
2.6459414s,1.3359344s,4.5295796s,9636,243,3
2.831711s,1.2168813s,10.6651452s,9548,243,3
2.831711s,1.1198701s,10.6651452s,9532,243,3
2.3416536s,1.0104212s,7.9524607s,9568,243,3
2.3255666s,1.3006444s,11.1736325s,9556,243,3
2.656581s,1.1953371s,1.6121995s,9652,243,3
2.4517495s,1.2121742s,11.0673921s,9528,243,3
2.8720068s,1.4373764s,4.3257996s,9616,243,3
2.6683969s,1.3889669s,4.5294095s,9628,243,3
3.0691377s,1.386528s,1.2061387s,9660,243,3
2.6670663s,1.327259s,1.6082101s,9648,243,3
2.7732547s,1.2664057s,1.5087633s,9644,243,3
2.4799238s,1.0898468s,7.8518824s,9596,243,3
2.7641068s,1.3665831s,10.7704413s,9536,243,3
2.9646039s,1.4624822s,10.5699442s,9560,243,3
2.1772442s,1.0425768s,2.1146886s,9672,243,3
2.2857748s,1.0215306s,4.9316822s,9624,243,3
2.5860815s,1.2804745s,7.75129s,9576,243,3
2.5860815s,1.1000499s,7.75129s,9592,243,3
2.7944123s,1.247755s,1.5089085s,9680,243,3
2.3004881s,1.0127066s,4.930665s,9620,243,3
2.602448s,1.0992365s,4.6287051s,9612,243,3
2.6801076s,1.4966208s,10.8747792s,9544,243,3
2.7032833s,1.0845613s,7.6488616s,9588,243,3
2.2983318s,1.064216s,8.0538131s,9584,243,3
2.7032833s,1.3156008s,7.6513089s,9600,243,3
2.7101363s,1.0992365s,4.5317506s,9640,243,3
2.7093266s,1.4958533s,1.6111325s,9668,243,3
3.1185933s,1.2655666s,7.2476199s,9572,243,3
3.2033922s,1.4560839s,10.3688472s,9540,243,3
2.3995223s,1.1637337s,11.1720668s,9552,243,3
2.815461s,1.4191216s,1.5092687s,9656,243,3
2.9255242s,1.2743001s,4.3289393s,9608,243,3
2.3160266s,1.1538233s,2.0129127s,9664,243,3
2.6222028s,1.0735906s,1.7094865s,9676,243,3
2.2232254s,1.1324707s,8.1532289s,9564,243,3
2.7124348s,1.29537s,10.8678505s,9524,243,3
2.1500141s,1.0148958s,2.8220104s,9693,244,0
2.2450922s,1.0686116s,5.7368979s,9649,244,0
2.4455217s,1.0704937s,5.5364684s,9653,244,0
2.6528963s,1.215264s,5.3324622s,9641,244,0
2.9527801s,1.3074558s,5.0325784s,9665,244,0
2.7871617s,1.4606408s,8.1469615s,9621,244,0
2.5717602s,1.4260993s,2.4159652s,9709,244,0
2.3974249s,1.2374196s,8.5517701s,9617,244,0
2.867842s,1.2652116s,5.1325883s,9677,244,0
2.5010407s,1.0961099s,8.453553s,9609,244,0
2.3842208s,1.3518031s,2.6152606s,9701,244,0
2.8885095s,1.2261712s,2.112571s,9717,244,0
2.8785223s,1.4940504s,5.1346295s,9669,244,0
2.5928267s,1.2992334s,2.4139775s,9697,244,0
2.3904712s,1.3245204s,2.616333s,9705,244,0
2.6099694s,1.1125786s,8.3568542s,9629,244,0
2.8990963s,1.4516415s,2.1141562s,9713,244,0
3.1436016s,1.4063905s,10.9718795s,9573,244,0
2.3004985s,1.184127s,2.7162687s,9689,244,0
2.2880477s,1.162566s,5.7350671s,9661,244,0
2.4994914s,1.3130673s,2.5172758s,9681,244,0
2.5226785s,1.490737s,8.4547508s,9633,244,0
2.927552s,1.4884s,8.0512838s,9605,244,0
2.3222367s,1.2060507s,8.6565991s,9613,244,0
3.0063476s,1.3894614s,5.0296662s,9657,244,0
2.3438229s,1.2483089s,8.6462207s,9625,244,0
2.4261963s,1.2335882s,2.6150538s,9685,244,0
2.9209454s,1.4837813s,5.1320778s,9645,244,0
2.9487647s,1.4212485s,8.0530232s,9637,244,0
2.428078s,1.0512286s,5.6355976s,9673,244,0
2.6604723s,1.2483089s,8.351968s,9601,244,0
2.2872005s,1.0080246s,0s,9749,244,0
2.3085763s,1.1872389s,0s,9725,244,0
2.3504217s,1.1867136s,0s,9729,244,0
2.370882s,1.0281117s,0s,9745,244,0
2.5210152s,1.2286842s,0s,9721,244,0
2.6554427s,1.4068205s,1.8104998s,9695,244,2
2.912002s,1.4749954s,7.749981s,9623,244,2
2.7619394s,1.3602319s,1.7090456s,9703,244,2
2.7987333s,1.1270758s,4.8311907s,9663,244,2
3.2029057s,1.4636559s,10.6740942s,9571,244,2
3.0701324s,1.3993513s,1.408648s,9719,244,2
2.6224595s,1.2188477s,8.054735s,9631,244,2
2.5095397s,1.1666058s,5.1334899s,9667,244,2
2.9354316s,1.2774805s,7.7446995s,9607,244,2
2.9147107s,1.2896755s,4.7283189s,9679,244,2
3.0371015s,1.2727412s,7.647861s,9611,244,2
2.5198591s,1.0111339s,5.1302079s,9671,244,2
2.537386s,1.2733651s,8.1497825s,9639,244,2
2.7416751s,1.1857204s,7.9531943s,9615,244,2
2.9254486s,1.424342s,4.7323193s,9643,244,2
2.7526847s,1.3327844s,7.9502398s,9619,244,2
2.5303668s,1.0735884s,5.1354562s,9647,244,2
2.4293521s,1.3787743s,5.2364709s,9675,244,2
3.0053012s,1.410631s,1.5096961s,9707,244,2
3.1585854s,1.4757067s,4.5283142s,9651,244,2
2.8241025s,1.4776515s,1.7098067s,9683,244,2
2.7188191s,1.409128s,1.8150901s,9691,244,2
3.0268145s,1.2255143s,1.5096576s,9687,244,2
2.7873928s,1.2139749s,7.9491513s,9603,244,2
3.074198s,1.3059981s,4.6252446s,9659,244,2
2.9309705s,1.4509543s,1.6095331s,9711,244,2
2.5731739s,1.2180208s,5.1323964s,9655,244,2
2.7401762s,1.337606s,1.8112124s,9715,244,2
2.7949661s,1.141622s,7.952463s,9627,244,2
2.2388151s,1.0301905s,2.3160915s,9699,244,2
2.6001597s,1.3007573s,8.1533758s,9635,244,2
2.5017572s,1.1723065s,3.1207066s,9742,245,1
2.4733847s,1.2540529s,9.0589794s,9642,245,1
2.6209454s,1.0346747s,3.0175391s,9746,245,1
2.9717902s,1.2856054s,5.6384845s,9710,245,1
2.3889829s,1.0257723s,9.1558133s,9658,245,1
2.1218883s,1.0292619s,3.5214968s,9750,245,1
2.3798804s,1.0215007s,6.242108s,9718,245,1
2.5801226s,1.0803155s,6.0418658s,9682,245,1
2.8893053s,1.288067s,5.7362954s,9694,245,1
2.6994862s,1.4292327s,8.8578984s,9650,245,1
2.4846164s,1.3955311s,6.1409843s,9702,245,1
2.7929485s,1.0632809s,5.8368313s,9698,245,1
2.6033054s,1.3383206s,8.9582583s,9674,245,1
2.5673787s,1.3918344s,100.3911ms,9790,245,1
2.4952151s,1.1565549s,6.1447827s,9714,245,1
2.9499941s,1.490804s,2.7182135s,9738,245,1
2.7096636s,1.1605984s,8.8621181s,9666,245,1
2.3506435s,1.2785588s,3.3210791s,9734,245,1
2.5821262s,1.2734193s,100.3001ms,9762,245,1
2.2252493s,1.0257723s,9.359811s,9678,245,1
2.5159165s,1.1164865s,6.143033s,9690,245,1
2.9317839s,1.1141634s,8.6617537s,9670,245,1
2.5300443s,1.2019882s,9.0634933s,9662,245,1
2.6219424s,1.372363s,6.0398113s,9686,245,1
2.6983502s,1.0347741s,0s,9794,245,1
2.5024542s,1.3818884s,200.2201ms,9774,245,1
2.7034s,1.3818884s,0s,9782,245,1
2.2763844s,1.0565389s,3.4230469s,9730,245,1
2.2322189s,1.127395s,6.4390026s,9706,245,1
2.5073486s,1.0793685s,200.4968ms,9798,245,1
2.357413s,1.2255865s,9.2573152s,9646,245,1
2.7910591s,1.4663349s,2.920095s,9754,245,1
2.9944412s,1.4756134s,2.7167129s,9758,245,1
2.8579889s,1.2216182s,8.7567393s,9654,245,1
2.5992359s,1.4024318s,3.1172236s,9722,245,1
2.6962649s,1.2361872s,3.0201946s,9726,245,1
2.7503839s,1.1798353s,0s,9778,245,1
2.7613976s,1.2997347s,0s,9786,245,1
2.8786708s,1.1039201s,0s,9770,245,1
2.9217466s,1.1781669s,0s,9766,246,1
2.7821314s,1.2928381s,10.0690684s,9712,247,3
2.3065521s,1.2240738s,7.6488634s,9744,247,3
2.8649297s,1.1296319s,1.2084176s,9816,247,3
2.6128359s,1.1647918s,7.3425796s,9760,247,3
2.8987285s,1.1083366s,9.9652546s,9688,247,3
2.5208649s,1.3208025s,7.4480876s,9740,247,3
2.29631s,1.1721636s,10.571371s,9700,247,3
2.6228493s,1.3659446s,7.3473073s,9728,247,3
2.8036984s,1.4585433s,10.0651867s,9704,247,3
2.8868054s,1.2477534s,1.2062191s,9828,247,3
2.5050994s,1.3762563s,10.3717286s,9696,247,3
2.4111266s,1.0586551s,10.4657014s,9720,247,3
2.4111266s,1.0717543s,10.4657014s,9708,247,3
2.8559532s,1.3965995s,4.4262564s,9780,247,3
2.4896446s,1.3263439s,1.6075875s,9820,247,3
2.8011866s,1.1827424s,1.3094249s,9832,247,3
2.800761s,1.367128s,1.3094249s,9824,247,3
3.068053s,1.4587566s,4.2282211s,9764,247,3
2.5525987s,1.3066465s,7.4468474s,9736,247,3
2.5533257s,1.2984318s,7.4461204s,9752,247,3
2.5266493s,1.3723438s,10.3715253s,9716,247,3
2.7817785s,1.4165611s,4.5300592s,9796,247,3
3.1849775s,1.2678409s,4.1268602s,9772,247,3
2.9299148s,1.2966892s,1.2084902s,9836,247,3
2.791928s,1.368881s,4.5314545s,9800,247,3
2.8993784s,1.3466086s,4.4270819s,9776,247,3
2.6757073s,1.4159103s,7.3478437s,9724,247,3
2.856725s,1.3171391s,10.0655545s,9684,247,3
2.4361771s,1.1467434s,1.7118075s,9840,247,3
2.7084875s,1.2111517s,4.6310751s,9784,247,3
2.9095393s,1.1005022s,4.4300233s,9768,247,3
2.4128327s,1.0111431s,4.9297179s,9788,247,3
2.3690633s,1.0761536s,10.5693065s,9692,247,3
2.7478302s,1.4642279s,1.4097429s,9812,247,3
2.3518402s,1.1004409s,1.8136339s,9808,247,3
2.6970907s,1.1256779s,7.3504516s,9748,247,3
2.5961286s,1.2640929s,7.4514137s,9756,247,3
2.75829s,1.3178477s,1.4106747s,9804,247,3
2.4021051s,1.0553392s,7.6489278s,9732,247,3
2.6244826s,1.2167676s,4.7294596s,9792,247,3
2.9511656s,1.2745129s,8.2587831s,9793,248,0
2.3756846s,1.0426371s,2.7177901s,9849,248,0
2.8190273s,1.2836315s,11.6781084s,9753,248,0
2.7434996s,1.4939156s,5.5355037s,9817,248,0
2.8778094s,1.1547525s,8.3523595s,9765,248,0
2.8490173s,1.4996809s,5.436574s,9805,248,0
2.5026999s,1.3966059s,2.6176529s,9845,248,0
2.5627242s,1.0896037s,5.7388209s,9837,248,0
2.8203167s,1.1875124s,2.316749s,9869,248,0
3.1695826s,1.4919108s,5.1370657s,9809,248,0
2.4967724s,1.3104498s,8.7663081s,9773,248,0
2.9088631s,1.2260256s,8.3542174s,9797,248,0
2.5074954s,1.4060527s,8.7637844s,9785,248,0
2.5348454s,1.1712566s,2.6173726s,9861,248,0
2.5835228s,1.1271924s,5.7382778s,9825,248,0
2.7188713s,1.0628965s,8.5540949s,9789,248,0
2.232713s,1.1192865s,2.919505s,9853,248,0
2.9804357s,1.456222s,11.5754433s,9733,248,0
3.2829128s,1.4012983s,11.2729662s,9741,248,0
2.6907809s,1.2928753s,5.6359444s,9801,248,0
2.6244281s,1.2252799s,8.6534628s,9761,248,0
2.6916911s,1.3258966s,11.8783972s,9737,248,0
2.4988406s,1.2776711s,5.8371693s,9833,248,0
2.729457s,1.3517987s,8.5577185s,9769,248,0
2.2980426s,1.1544617s,6.0379673s,9829,248,0
2.5959121s,1.2665279s,11.9789532s,9757,248,0
2.4026193s,1.0618665s,5.9381676s,9821,248,0
2.33963s,1.2427572s,8.9546267s,9781,248,0
2.9592039s,1.39832s,2.2143046s,9865,248,0
2.33963s,1.0734721s,8.9607913s,9777,248,0
2.6626194s,1.1582566s,2.5187412s,9841,248,0
3.266968s,1.4240381s,1.9143926s,9873,248,0
2.5669496s,1.3063445s,2.6161075s,9877,248,0
2.2135668s,1.0356967s,6.1390729s,9813,248,0
2.9701008s,1.4914155s,2.2153335s,9857,248,0
2.2823851s,1.2146935s,0s,9909,248,0
2.7339561s,1.1813623s,5.6369194s,9807,248,2
2.1795056s,1.037559s,3.2218611s,9851,248,2
3.1861685s,1.4723426s,2.2151982s,9879,248,2
2.5250493s,1.253866s,11.6742629s,9755,248,2
3.1008166s,1.4437282s,2.3149359s,9843,248,2
2.6623531s,1.2907324s,8.5526711s,9767,248,2
2.5370479s,1.0247986s,11.6733493s,9735,248,2
2.4604051s,1.1371107s,8.75542s,9763,248,2
2.4380859s,1.2406268s,11.7731122s,9731,248,2
2.2007073s,1.0037815s,3.2206322s,9855,248,2
2.8052137s,1.1887596s,2.6161258s,9847,248,2
2.8599768s,1.3295329s,5.5308715s,9803,248,2
2.8434888s,1.170926s,11.3769678s,9739,248,2
2.7664477s,1.1889489s,5.634264s,9839,248,2
2.6728726s,1.0643834s,8.5545372s,9791,248,2
2.8706644s,1.2976809s,5.5328756s,9811,248,2
2.7555254s,1.4834895s,11.4704738s,9747,248,2
2.969091s,1.3030162s,5.4340312s,9831,248,2
2.3161469s,1.0542952s,3.1232509s,9867,248,2
2.519495s,1.1542177s,2.9199028s,9863,248,2
2.1744845s,1.0121337s,9.0615083s,9771,248,2
2.9423802s,1.0222353s,2.5164418s,9875,248,2
2.3866506s,1.0538857s,8.8687664s,9799,248,2
2.2909964s,1.0832903s,8.9640325s,9795,248,2
2.5275705s,1.2350288s,2.9312515s,9871,248,2
2.6905055s,1.2628389s,5.7378253s,9819,248,2
2.5303281s,1.1345667s,2.9284939s,9859,248,2
2.3673223s,1.1021657s,11.8834677s,9751,248,2
2.6636237s,1.3204634s,11.5871663s,9723,248,2
2.797056s,1.4185435s,5.6366208s,9815,248,2
2.8942018s,1.4512603s,5.5390572s,9835,248,2
2.4848573s,1.3086257s,11.7758921s,9743,248,2
2.4974932s,1.3661296s,5.9403792s,9827,248,2
2.5083594s,1.4394491s,8.757017s,9775,248,2
2.1849957s,1.0760252s,100.3871ms,9903,248,2
2.2157755s,1.0767885s,9.0592196s,9779,248,2
2.0877441s,1.014512s,12.182624s,9727,248,2
2.3131434s,1.1914289s,8.9618517s,9783,248,2
2.995373s,1.4448649s,11.2749951s,9759,248,2
2.8266981s,1.050057s,8.4606269s,9787,248,2
2.3152459s,1.1762793s,6.1449632s,9823,248,2
2.4268425s,1.08569s,0s,9911,248,2
2.4486429s,1.3541614s,0s,9891,248,2
2.4592937s,1.277883s,0s,9887,248,2
2.5653633s,1.2242378s,0s,9883,248,2
2.6081067s,1.2867373s,0s,9899,248,2
2.63045s,1.2792383s,0s,9919,248,2
2.651792s,1.3879308s,0s,9915,248,2
2.798732s,1.3744235s,1.4071705s,9942,250,1
2.6399586s,1.1923661s,4.4302061s,9898,250,1
2.3631057s,1.1714194s,7.7470987s,9854,250,1
2.5638265s,1.3250685s,7.5463779s,9862,250,1
2.4586457s,1.0105038s,7.6510512s,9846,250,1
2.4005373s,1.0808418s,1.8103647s,9958,250,1
2.4491163s,1.1445264s,4.6260479s,9890,250,1
2.3437243s,1.3177247s,4.7314399s,9902,250,1
2.4902867s,1.0929763s,10.7683117s,9818,250,1
2.661091s,1.1029717s,4.4246504s,9906,250,1
2.6614928s,1.0991512s,4.4249486s,9910,250,1
2.6810043s,1.2659228s,7.4454768s,9850,250,1
2.1117358s,1.0588322s,2.1168729s,9930,250,1
2.9084975s,1.4666123s,10.3677995s,9826,250,1
2.2027893s,1.0022056s,11.0735077s,9810,250,1
2.8642622s,1.4666659s,4.2310541s,9882,250,1
2.5659698s,1.2987371s,4.5293465s,9886,250,1
2.5207013s,1.3535267s,1.7133625s,9926,250,1
2.787152s,1.3315974s,7.361485s,9878,250,1
2.7330149s,1.2652416s,1.5113202s,9938,250,1
2.702913s,1.4113649s,7.4500611s,9858,250,1
2.8414259s,1.4353553s,1.4072463s,9946,250,1
2.3296852s,1.0914957s,10.9684451s,9830,250,1
2.7039367s,1.2754443s,4.4261113s,9918,250,1
2.5335856s,1.1758531s,10.7774431s,9806,250,1
3.140941s,1.3633897s,10.1700877s,9834,250,1
2.3202561s,1.072926s,7.850137s,9866,250,1
2.6407305s,1.1873687s,10.6706036s,9802,250,1
2.651466s,1.2047119s,10.6722783s,9822,250,1
2.8553248s,1.3619948s,10.4684195s,9838,250,1
2.7147828s,1.2197136s,4.429405s,9914,250,1
2.8720062s,1.3173032s,1.4085643s,9950,250,1
3.0400397s,1.4964711s,7.1472469s,9874,250,1
2.5431953s,1.4553148s,7.6498152s,9870,250,1
2.3613899s,1.1241977s,10.9725616s,9814,250,1
2.47822s,1.1108585s,1.8143349s,9934,250,1
2.5840811s,1.4555051s,1.7101834s,9954,250,1
2.4814072s,1.2287397s,1.8128573s,9922,250,1
2.8330113s,1.3621049s,4.3323341s,9894,250,1
2.150805s,1.0766338s,8.0545801s,9842,250,1
2.6591622s,1.0126997s,10.9718793s,9856,251,3
2.9008334s,1.3283604s,1.7086051s,9964,251,3
3.0638107s,1.4243698s,7.5464853s,9888,251,3
2.5651152s,1.251435s,8.0479466s,9908,251,3
2.9212281s,1.472675s,4.628023s,9924,251,3
2.5633374s,1.2745026s,11.0704699s,9880,251,3
2.9320664s,1.2107108s,4.6280208s,9960,251,3
2.5755422s,1.0986411s,8.0483557s,9916,251,3
2.5154432s,1.0470392s,2.1148825s,9980,251,3
2.7874327s,1.3222329s,10.864496s,9868,251,3
2.7874327s,1.4772449s,10.864496s,9848,251,3
2.1820985s,1.0161019s,11.4703596s,9852,251,3
2.9370468s,1.4567166s,4.6308551s,9940,251,3
2.6209316s,1.1664141s,2.0104425s,9968,251,3
2.7430678s,1.0440964s,4.8347241s,9952,251,3
2.6444354s,1.1753057s,4.9333565s,9928,251,3
2.998724s,1.3384974s,7.6458202s,9884,251,3
2.7383386s,1.4546868s,1.9113671s,9984,251,3
2.5007593s,1.1606449s,8.1498039s,9920,251,3
2.9026952s,1.2163303s,10.7717861s,9844,251,3
2.594799s,1.023335s,11.0796823s,9876,251,3
2.5112141s,1.1366198s,8.15305s,9912,251,3
2.6078567s,1.3544571s,8.0564074s,9904,251,3
2.2135702s,1.0929361s,11.4741206s,9864,251,3
2.4670719s,1.2043983s,5.1360627s,9936,251,3
3.259788s,1.418698s,1.4088469s,9996,251,3
3.0207455s,1.2362633s,10.6730804s,9860,251,3
2.5834728s,1.2365029s,5.0290593s,9948,251,3
2.3238723s,1.0270345s,8.3524705s,9892,251,3
2.4833762s,1.2218173s,5.1291559s,9944,251,3
2.6628657s,1.3807181s,2.0126196s,9976,251,3
3.0414674s,1.4497463s,7.6494817s,9900,251,3
2.3413815s,1.0768645s,11.3734566s,9872,251,3
2.2798931s,1.2050924s,2.413342s,9988,251,3
2.8496123s,1.4296563s,7.8516849s,9896,251,3
2.6900431s,1.3609041s,2.0129943s,9992,251,3
2.7088128s,1.4944373s,4.9312714s,9932,251,3
2.4944097s,1.1569158s,2.2127602s,10000,251,3
2.996009s,1.4888812s,1.7111609s,9972,251,3
2.8151765s,1.323441s,4.8290402s,9956,251,3
2.7559788s,1.3441502s,6.3420578s,9969,253,0
2.5559118s,1.3460324s,6.5421248s,9973,253,0
2.4361448s,1.3204096s,9.7665268s,9933,253,0
2.2554662s,1.2047267s,6.8481453s,9961,253,0
2.556912s,1.2871732s,603.7446ms,10053,253,0
2.8818209s,1.436691s,12.3823769s,9917,253,0
3.0506948s,1.2242828s,9.1612978s,9957,253,0
2.4807538s,1.2742894s,12.783444s,9897,253,0
2.7864349s,1.1627137s,12.4804891s,9905,253,0
2.5477603s,1.1733006s,3.5223763s,10001,253,0
2.5536969s,1.0258756s,9.6610219s,9945,253,0
2.5536969s,1.3111809s,9.6610219s,9921,253,0
2.3711167s,1.1054251s,6.7442053s,9977,253,0
2.8788474s,1.1054251s,6.2403925s,9997,253,0
2.6594879s,1.3380182s,3.422274s,10005,253,0
2.583895s,1.4251863s,6.5378141s,9989,253,0
2.3581664s,1.0146289s,3.7235955s,10029,253,0
2.5626286s,1.1470016s,3.5217942s,10037,253,0
2.5783437s,1.217238s,603.0714ms,10077,253,0
2.4819214s,1.3352165s,704.2993ms,10061,253,0
2.7738759s,1.4751268s,9.461301s,9929,253,0
2.3716752s,1.2965886s,9.8635017s,9949,253,0
2.593429s,1.4251863s,6.5371129s,9965,253,0
2.993333s,1.436363s,6.1372089s,9981,253,0
2.7919911s,1.0477623s,402.4153ms,10045,253,0
2.6184494s,1.4301525s,12.6775751s,9881,253,0
2.4186523s,1.2413549s,12.8860709s,9893,253,0
3.0036342s,1.3924881s,200.8968ms,10057,253,0
2.503339s,1.32891s,703.4727ms,10073,253,0
3.104635s,1.4001377s,9.1610616s,9941,253,0
2.9030077s,1.4296254s,3.2210895s,10025,253,0
2.8058527s,1.4541914s,9.4628267s,9953,253,0
2.3202586s,1.2298508s,905.4827ms,10069,253,0
2.8497908s,1.3846298s,12.4785934s,9889,253,0
2.511125s,1.162194s,9.765054s,9925,253,0
2.9146637s,1.4590283s,9.3619498s,9937,253,0
2.6113891s,1.4987172s,3.5268973s,10021,253,0
2.6315895s,1.3562545s,603.6892ms,10041,253,0
2.5541213s,1.4258236s,12.7833268s,9885,253,0
3.0399472s,1.494215s,6.1406607s,9993,253,0
3.0522052s,1.3750857s,12.2852429s,9901,253,0
2.8190133s,1.4795553s,3.3216474s,10033,253,0
2.1113756s,1.019377s,4.0302125s,10017,253,0
2.2369178s,1.1644069s,1.0052341s,10065,253,0
2.1215437s,1.0210947s,4.0286211s,10013,253,0
2.8449347s,1.1886697s,403.6517ms,10049,253,0
2.4444891s,1.1095492s,6.7470522s,9985,253,0
2.6616616s,1.4694264s,12.6867199s,9913,253,0
2.7281468s,1.3827442s,3.4241195s,10009,253,0
2.7664169s,1.1909462s,9.3596579s,9943,252,2
2.3375563s,1.1424592s,6.8438899s,9991,252,2
3.1365259s,1.4394721s,6.0457134s,9963,252,2
2.7626886s,1.1974815s,9.3633862s,9935,252,2
2.6935906s,1.3704184s,302.3301ms,10055,252,2
2.6443545s,1.1390204s,6.5430386s,9995,252,2
2.3276233s,1.0995799s,3.7253078s,10027,252,2
2.596963s,1.0348069s,402.5013ms,10063,252,2
2.4355986s,1.2287904s,3.6221993s,10015,252,2
2.4542251s,1.0640643s,6.7456755s,9971,252,2
2.1067238s,1.0058931s,905.7699ms,10079,252,2
2.6883792s,1.1883532s,9.4592121s,9959,252,2
2.7152276s,1.411677s,301.164ms,10067,252,2
3.0534668s,1.4317741s,3.0188597s,10039,252,2
2.5925199s,1.3028377s,9.5645826s,9947,252,2
3.0719437s,1.1366104s,6.1405302s,9983,252,2
2.5925199s,1.376106s,9.5645826s,9927,252,2
2.7032115s,1.3829434s,9.4555085s,9923,252,2
2.1965057s,1.0507466s,9.9622143s,9931,252,2
2.6288349s,1.1022663s,402.5377ms,10047,252,2
2.5671009s,1.4203294s,3.5203858s,10031,252,2
2.3704471s,1.0876275s,3.7219384s,10007,252,2
2.8716631s,1.2777366s,3.2207224s,10023,252,2
2.7473354s,1.4700863s,12.282074s,9907,252,2
2.6917596s,1.0920386s,6.5399146s,9975,252,2
2.7747945s,1.440408s,3.3203538s,10003,252,2
2.5096255s,1.2866547s,9.6666773s,9951,252,2
2.6917596s,1.2365938s,6.5399146s,9987,252,2
2.3906932s,1.3099207s,6.840981s,9979,252,2
2.8531066s,1.2316114s,12.1763028s,9895,252,2
2.4907482s,1.2678011s,6.740926s,9999,252,2
2.9781986s,1.3492123s,3.1193455s,10035,252,2
2.3424546s,1.0581769s,703.9472ms,10051,252,2
3.0005867s,1.4750007s,6.2423448s,9967,252,2
2.9373415s,1.3903407s,9.2635251s,9939,252,2
2.3641834s,1.0065319s,705.6205ms,10075,252,2
2.9446286s,1.2077179s,9.2651214s,9955,252,2
2.6052717s,1.4084345s,3.5233238s,10019,252,2
2.8806584s,1.4391913s,200.9589ms,10059,252,2
2.6155528s,1.3570534s,3.523902s,10011,252,2
2.3857176s,1.0282874s,702.1729ms,10043,252,2
3.1287076s,1.4355288s,0s,10071,253,2
2.5877578s,1.3412841s,5.3362159s,10066,254,1
2.8870795s,1.1006425s,5.0368942s,10042,254,1
2.6414429s,1.3182886s,8.3579651s,10006,254,1
2.9276916s,1.1312342s,2.1143356s,10082,254,1
2.7278724s,1.2019518s,2.316866s,10106,254,1
2.4289858s,1.1706423s,2.6157526s,10098,254,1
2.5986355s,1.085592s,5.3360857s,10054,254,1
2.6518963s,1.1295824s,8.3543289s,10002,254,1
2.5527203s,1.1356215s,8.4535049s,10026,254,1
2.5109261s,1.1657123s,11.377824s,9970,254,1
2.6588798s,1.0819346s,8.3591169s,10022,254,1
2.4398552s,1.0948977s,2.6207607s,10110,254,1
2.7486153s,1.2259603s,2.3120006s,10094,254,1
3.0703013s,1.2257304s,7.9558093s,10010,254,1
2.622368s,1.3071633s,11.2766618s,9978,254,1
2.3664272s,1.0440935s,8.6618492s,10014,254,1
2.8238406s,1.4204486s,5.1341345s,10058,254,1
2.5238047s,1.3746167s,5.4361312s,10046,254,1
2.6312239s,1.3412841s,5.3355933s,10062,254,1
2.2594643s,1.0005016s,2.8218117s,10102,254,1
2.0804962s,1.0050324s,8.9594528s,10030,254,1
2.4493633s,1.3254536s,5.5353727s,10078,254,1
3.0075942s,1.2412685s,8.0547272s,10038,254,1
2.2529896s,1.1908006s,11.6800852s,9994,254,1
2.7891928s,1.2019518s,2.3157478s,10118,254,1
2.7148762s,1.3804781s,8.3521533s,10018,254,1
2.6656428s,1.0118218s,11.2738614s,9974,254,1
2.4591306s,1.4205487s,11.4803736s,9990,254,1
2.8959038s,1.1026742s,2.2154662s,10086,254,1
2.5946026s,1.4109645s,2.5167674s,10114,254,1
2.8707534s,1.4627309s,11.0687508s,9982,254,1
2.6633147s,1.2894662s,5.3351348s,10070,254,1
2.6700218s,1.2163361s,11.2694824s,9998,254,1
2.4141571s,1.1214659s,8.6545937s,10034,254,1
2.1664469s,1.0306889s,11.7730573s,9966,254,1
2.6009237s,1.0216971s,2.5179243s,10090,254,1
2.4746009s,1.1934022s,11.4805572s,9986,254,1
2.6752005s,1.4536382s,5.3389029s,10074,254,1
2.3754254s,1.0898055s,11.5797327s,9962,254,1
2.6752005s,1.352632s,5.3393996s,10050,254,1
2.3365303s,1.2574326s,0s,10126,254,1
2.5213886s,1.1635968s,0s,10122,254,1
2.5781371s,1.2364389s,0s,10154,254,1
3.0302557s,1.4848568s,5.2296572s,10088,255,3
3.0210358s,1.4474196s,2.2114794s,10124,255,3
2.8187457s,1.3909115s,2.4181685s,10156,255,3
2.6204029s,1.2696186s,2.6184475s,10128,255,3
2.8022367s,1.2550793s,11.3769811s,10024,255,3
2.5250688s,1.4105301s,2.7165293s,10144,255,3
2.6272557s,1.2456484s,8.7540547s,10076,255,3
2.2050734s,1.0089017s,11.9784737s,10032,255,3
2.5443345s,1.4760995s,5.7374407s,10108,255,3
2.5288833s,1.1863188s,8.8585579s,10052,255,3
2.6498656s,1.4321975s,5.6365268s,10112,255,3
2.9340919s,1.3897483s,8.4583315s,10056,255,3
2.4242119s,1.1108204s,11.7750526s,10020,255,3
2.3213715s,1.2631027s,11.877893s,10008,255,3
2.8502635s,1.2331906s,2.4127769s,10132,255,3
2.3478141s,1.025334s,2.9159227s,10140,255,3
2.3550292s,1.0602407s,2.917658s,10148,255,3
2.3355737s,1.0451122s,11.8775746s,10036,255,3
2.5580019s,1.3352743s,2.716988s,10136,255,3
3.1709092s,1.4017913s,2.1121521s,10160,255,3
2.3683444s,1.1405526s,2.9190699s,10152,255,3
2.5763867s,1.4339185s,5.7412833s,10104,255,3
2.6816602s,1.4141893s,5.6360098s,10100,255,3
2.8707868s,1.2986594s,8.5551747s,10068,255,3
2.5867904s,1.0688113s,5.7390509s,10092,255,3
2.0550852s,1.0278503s,12.1801099s,10016,255,3
2.5976688s,1.4095773s,5.7355923s,10116,255,3
2.486708s,1.3723635s,8.9522191s,10060,255,3
2.4664681s,1.1986544s,11.7746957s,10012,255,3
2.7859968s,1.2169776s,8.6529303s,10072,255,3
2.8920245s,1.4017012s,8.5517816s,10048,255,3
2.6080772s,1.4919033s,5.7371033s,10084,255,3
2.2062087s,1.1291286s,6.1412998s,10120,255,3
2.712745s,1.4384515s,5.6347635s,10096,255,3
2.7968091s,1.2659925s,8.6563654s,10080,255,3
2.2789311s,1.1685295s,11.9764801s,10040,255,3
3.105666s,1.3257803s,8.3510733s,10064,255,3
2.4832773s,1.0010425s,11.7756987s,10004,255,3
2.700661s,1.2894806s,8.7560783s,10044,255,3
2.5852849s,1.1232948s,11.6736911s,10028,255,3
2.3726849s,1.1755298s,0s,10180,255,3
2.4529352s,1.180178s,0s,10168,255,3
2.4631314s,1.3265642s,0s,10176,255,3
2.4873953s,1.081481s,0s,10188,255,3
2.8633994s,1.2463819s,5.7353098s,10123,256,2
2.061672s,1.0055001s,6.5387178s,10139,256,2
2.5311513s,1.3944429s,3.1207907s,10191,256,2
2.5005633s,1.001003s,200.8533ms,10239,256,2
2.6787195s,1.0085219s,5.9373145s,10155,256,2
2.5481484s,1.2530423s,3.1187602s,10171,256,2
2.6897767s,1.1612937s,5.9369769s,10159,256,2
2.9505254s,1.1457616s,2.7163832s,10179,256,2
2.4181192s,1.1934251s,302.1521ms,10227,256,2
2.7207844s,1.0804787s,0s,10203,256,2
2.6702497s,1.3285994s,8.7557731s,10103,256,2
2.6314611s,1.2087895s,100.191ms,10235,256,2
2.4719781s,1.1178044s,8.9554921s,10091,256,2
2.4014277s,1.0366133s,6.2405948s,10131,256,2
2.5339263s,1.4169214s,200.8497ms,10219,256,2
2.4658294s,1.2987922s,3.2206681s,10187,256,2
2.3772504s,1.193884s,9.0545398s,10099,256,2
2.6808747s,1.0157185s,8.7509155s,10087,256,2
2.7854477s,1.4207861s,8.6574296s,10111,256,2
2.4476684s,1.2703104s,302.041ms,10211,256,2
2.3940921s,1.1520913s,9.0593655s,10083,256,2
2.7333415s,1.2317067s,5.9346684s,10135,256,2
2.7333415s,1.4974394s,5.9351391s,10127,256,2
2.793767s,1.3365874s,2.9166748s,10199,256,2
2.7020102s,1.1362412s,8.7537243s,10107,256,2
2.4046515s,1.1974089s,9.0585125s,10119,256,2
2.6685698s,1.0060006s,100.8623ms,10231,256,2
2.804215s,1.5000397s,2.9184049s,10167,256,2
2.7126637s,1.2535226s,8.7552489s,10115,256,2
2.804215s,1.463877s,2.9184049s,10195,256,2
2.6166773s,1.4423032s,8.8576345s,10095,256,2
2.5487536s,1.1542113s,6.1401105s,10147,256,2
2.8106073s,1.2336302s,2.9184118s,10163,256,2
2.9549377s,1.4450863s,5.7339264s,10151,256,2
2.7104558s,1.0786221s,3.0185633s,10175,256,2
2.8144674s,1.4085074s,2.9178881s,10183,256,2
2.959845s,1.1503693s,5.7354905s,10143,256,2
2.86812s,1.2977225s,0s,10207,256,2
3.0606687s,1.3227392s,0s,10215,256,2
2.5038376s,1.4048627s,1.8125219s,10209,257,0
2.8105854s,1.1453459s,7.9519345s,10125,257,0
3.0489145s,1.4653531s,10.7625199s,10109,257,0
2.4393093s,1.0800762s,11.3721251s,10089,257,0
2.1746519s,1.0055063s,5.3385598s,10193,257,0
2.6413836s,1.0479374s,11.1726102s,10101,257,0
3.1904036s,1.2419242s,4.3284662s,10165,257,0
2.9547448s,1.1346987s,10.8676681s,10113,257,0
3.1310851s,1.4065342s,7.6463802s,10157,257,0
2.5312974s,1.3752782s,8.2461679s,10153,257,0
3.002393s,1.4633595s,4.5271045s,10185,257,0
2.5312974s,1.2204477s,8.2475083s,10141,257,0
2.6038755s,1.4264502s,4.9291701s,10161,257,0
2.8386661s,1.3392806s,7.9436877s,10121,257,0
2.463323s,1.373688s,11.3679453s,10105,257,0
2.7353757s,1.0920022s,1.6102163s,10233,257,0
3.2433689s,1.4675256s,1.1067425s,10225,257,0
2.4118465s,1.0621908s,5.1363024s,10173,257,0
3.2493082s,1.4844521s,7.5481489s,10137,257,0
2.4148364s,1.3439075s,5.1333125s,10189,257,0
2.5530139s,1.0988596s,8.2517113s,10133,257,0
2.7541412s,1.1593691s,8.0519568s,10145,257,0
2.8586183s,1.3475572s,1.5114989s,10221,257,0
2.6635465s,1.2223778s,1.7100038s,10205,257,0
2.9389257s,1.2363815s,4.6327764s,10169,257,0
2.6743764s,1.2727155s,1.7114026s,10201,257,0
2.5989369s,1.0237292s,11.2774221s,10093,257,0
2.7465543s,1.1695772s,4.831582s,10177,257,0
2.4462304s,1.0375472s,5.1343622s,10181,257,0
2.8805215s,1.4090621s,1.5096675s,10229,257,0
2.5157231s,1.0121017s,11.371832s,10085,257,0
2.6891581s,1.427747s,1.7111308s,10237,257,0
2.8859283s,1.0579759s,7.9540724s,10129,257,0
2.5917419s,1.0295399s,8.2506362s,10149,257,0
2.6208738s,1.427333s,11.2704188s,10097,257,0
2.4670983s,1.1427999s,5.1345818s,10197,257,0
2.3250717s,1.1495886s,11.5748311s,10117,257,0
2.700159s,1.1244402s,1.7111175s,10217,257,0
3.0264525s,1.395143s,10.8734503s,10081,257,0
2.3015045s,1.1475279s,2.1119591s,10213,257,0
2.9190148s,1.4907262s,201.5935ms,10286,259,1
2.8429313s,1.088938s,9.5602782s,10174,259,1
2.8233159s,1.4822878s,301.844ms,10314,259,1
2.6207154s,1.431147s,504.4445ms,10282,259,1
2.6024823s,1.3670591s,3.6240334s,10246,259,1
2.5547221s,1.1085586s,9.8654869s,10166,259,1
2.3183833s,1.1960889s,3.921445s,10258,259,1
2.2547514s,1.035786s,10.1658762s,10178,259,1
3.3374494s,1.4410391s,6.2398283s,10218,259,1
2.1403815s,1.0216446s,7.4453422s,10206,259,1
2.4219959s,1.041991s,3.8262784s,10270,259,1
2.9447547s,1.1491271s,6.640969s,10238,259,1
2.930756s,1.3545321s,3.3222247s,10242,259,1
2.63371s,1.4171944s,3.6227206s,10262,259,1
2.4462672s,1.2067367s,7.1476128s,10222,259,1
2.6701534s,1.0315893s,12.5764389s,10130,259,1
2.6711993s,1.3479028s,9.765612s,10194,259,1
2.5762977s,1.4568822s,9.8605136s,10182,259,1
2.664009s,1.3887374s,503.1307ms,10290,259,1
2.664009s,1.1840398s,503.1307ms,10318,259,1
2.2796869s,1.0417447s,10.1697776s,10170,259,1
2.8691567s,1.3828757s,6.7412134s,10226,259,1
2.6844299s,1.1168673s,12.5786525s,10138,259,1
2.7604256s,1.0686957s,3.5201158s,10254,259,1
2.773035s,1.4100667s,6.8449558s,10214,259,1
2.7604256s,1.2955239s,3.5201158s,10250,259,1
2.7027932s,1.0305284s,12.5746879s,10158,259,1
2.4657587s,1.0859232s,3.8215607s,10266,259,1
2.7128874s,1.040766s,9.7548127s,10198,259,1
2.6085975s,1.0435261s,9.8591026s,10162,259,1
2.5879243s,1.2816707s,603.5902ms,10298,259,1
2.809781s,1.2906059s,12.4754696s,10134,259,1
2.7173979s,1.4002765s,9.7580717s,10190,259,1
2.492635s,1.1549217s,703.0119ms,10306,259,1
2.7812688s,1.2237632s,3.5237425s,10274,259,1
2.7166814s,1.2013368s,12.5784916s,10142,259,1
2.7054923s,1.2467282s,502.8254ms,10310,259,1
2.7054923s,1.3647585s,502.8254ms,10294,259,1
2.8066151s,1.3724653s,6.838594s,10210,259,1
2.2049219s,1.0024709s,7.4402872s,10230,259,1
2.8280891s,1.2545017s,9.6600513s,10186,259,1
2.8066151s,1.3676167s,6.838594s,10234,259,1
2.6212195s,1.4359925s,12.6767019s,10146,259,1
2.9079408s,1.46249s,6.7372683s,10202,259,1
2.6275712s,1.2935438s,12.6703502s,10150,259,1
3.099442s,1.493521s,3.2159837s,10278,259,1
2.7160952s,1.3877695s,502.174ms,10302,259,1
2.6757602s,1.0326405s,6.7388837s,10276,260,3
2.9684238s,1.4453693s,302.6683ms,10336,260,3
2.6952771s,1.3988894s,3.6245982s,10288,260,3
2.5803213s,1.3307955s,6.8423123s,10248,260,3
2.5894364s,1.3059997s,13.0763736s,10200,260,3
2.5747487s,1.2751939s,703.4887ms,10332,260,3
2.5747487s,1.3453551s,703.4887ms,10352,260,3
3.2009345s,1.4401855s,12.4719179s,10192,260,3
2.7901125s,1.4752587s,6.6395635s,10244,260,3
2.8020368s,1.3130795s,12.8772197s,10196,260,3
3.1024394s,1.4585544s,6.3353279s,10256,260,3
3.0219204s,1.4292682s,3.3204749s,10320,260,3
2.7081323s,1.1041966s,6.7388894s,10252,260,3
2.5959417s,1.2180721s,705.4041ms,10348,260,3
2.9266118s,1.0695587s,3.4241593s,10300,260,3
2.9210124s,1.3662103s,6.5379162s,10260,260,3
2.4335689s,1.0095957s,3.9229203s,10308,260,3
2.4318416s,1.1057276s,3.9246476s,10296,260,3
3.0422419s,1.4777798s,9.459388s,10220,260,3
2.72574s,1.232413s,12.9768244s,10184,260,3
2.3089973s,1.1806705s,1.008359s,10328,260,3
2.8180625s,1.4595181s,503.9579ms,10360,260,3
2.8180625s,1.1072537s,503.9579ms,10324,260,3
2.8180625s,1.4127168s,503.9579ms,10356,260,3
2.8485846s,1.3753342s,9.6637118s,10208,260,3
2.2489578s,1.1566935s,10.2633386s,10204,260,3
3.0451366s,1.1544986s,3.3224785s,10312,260,3
2.4441286s,1.1766986s,3.9234865s,10284,260,3
2.423739s,1.0643091s,7.0463155s,10272,260,3
2.2594885s,1.0918881s,10.2671893s,10236,260,3
2.5586347s,1.0543713s,3.8233618s,10316,260,3
2.5294161s,1.3425728s,807.4438ms,10340,260,3
2.252401s,1.1115949s,4.1295955s,10292,260,3
2.9576037s,1.2833682s,3.4243928s,10304,260,3
2.4390211s,1.3202287s,907.8015ms,10344,260,3
2.9525639s,1.2502058s,6.5431762s,10264,260,3
2.7496817s,1.3231993s,6.7460584s,10280,260,3
2.5796514s,1.0828366s,9.9606469s,10228,260,3
2.7591524s,1.1488635s,6.738904s,10268,260,3
2.5847113s,1.4754419s,9.966655s,10224,260,3
2.6844456s,1.1288143s,9.8675677s,10212,260,3
2.5680611s,1.2538841s,13.1848867s,10172,260,3
2.590099s,1.0873384s,9.9619143s,10232,260,3
2.4902588s,1.1371275s,10.0617545s,10240,260,3
3.1697465s,1.4181707s,12.5832013s,10164,260,3
2.9893248s,1.3848171s,9.5626885s,10216,260,3
2.5632212s,1.0221591s,7.1424873s,10295,261,2
2.5620006s,1.1045971s,9.962412s,10279,261,2
2.427441s,1.0396361s,4.0257793s,10351,261,2
2.7609273s,1.2210326s,705.0493ms,10367,261,2
2.2739358s,1.0315382s,7.4430803s,10283,261,2
2.4660108s,1.0590784s,10.0630748s,10275,261,2
2.5651107s,1.0577203s,906.6002ms,10379,261,2
2.5651107s,1.0180035s,906.6002ms,10387,261,2
2.3740612s,1.2245496s,1.1072436s,10395,261,2
2.5445004s,1.2939025s,3.9284544s,10331,261,2
2.5829618s,1.4920294s,9.9611853s,10251,261,2
2.8911739s,1.2479712s,6.8409037s,10319,261,2
2.1768902s,1.0490439s,1.307408s,10383,261,2
2.5556137s,1.2893525s,3.9240008s,10355,261,2
3.192282s,1.4896607s,302.2857ms,10371,261,2
2.6059123s,1.2428486s,7.1451295s,10315,261,2
2.9690073s,1.3282799s,3.5229117s,10327,261,2
2.7067756s,1.1834947s,9.8612535s,10247,261,2
2.5050214s,1.1507187s,10.0630077s,10271,261,2
2.6717844s,1.3355374s,3.8250524s,10343,261,2
2.8120695s,1.3922394s,9.7588701s,10267,261,2
3.017774s,1.3301732s,6.7450191s,10311,261,2
3.3143581s,1.464479s,12.5796176s,10223,261,2
2.7180933s,1.1547736s,9.8615243s,10263,261,2
2.5139122s,1.0542445s,1.0066948s,10399,261,2
2.9903776s,1.4226725s,3.522337s,10339,261,2
2.5982279s,1.3784834s,3.925059s,10323,261,2
2.3956402s,1.0079177s,4.1276467s,10347,261,2
2.9308549s,1.4049614s,603.0276ms,10391,261,2
2.5410864s,1.3820499s,7.2454649s,10291,261,2
2.9045291s,1.0237306s,3.6228994s,10359,261,2
2.7398071s,1.263509s,9.8617214s,10255,261,2
2.6082867s,1.3755353s,3.9220495s,10335,261,2
2.5370327s,1.0334966s,10.0644958s,10259,261,2
2.4446976s,1.0851857s,7.3447614s,10303,261,2
2.7398071s,1.3512001s,9.8617214s,10243,261,2
2.4553554s,1.2304631s,7.3426446s,10299,261,2
3.2591228s,1.444276s,6.5388772s,10287,261,2
2.9556578s,1.2951234s,6.8423422s,10307,261,2
2.8463717s,1.1906202s,703.6518ms,10375,261,2
2.446868s,1.0840122s,1.1064756s,10363,261,2
2.8039981s,1.3102058s,7.5539516s,10309,261,0
2.8522781s,1.4655905s,1.206951s,10389,261,0
2.4120828s,1.0967148s,7.949789s,10301,261,0
2.4643123s,1.0294727s,10.6705165s,10245,261,0
2.955852s,1.2226393s,1.1066509s,10385,261,0
2.6523986s,1.4500204s,1.4114802s,10397,261,0
2.5189494s,1.1441048s,7.8491939s,10281,261,0
2.7512027s,1.3812669s,4.4292914s,10321,261,0
2.772539s,1.228748s,10.3681433s,10249,261,0
2.6559997s,1.1337737s,4.5263084s,10337,261,0
2.9218611s,1.2645977s,7.4494058s,10293,261,0
2.9665772s,1.4630214s,1.1098038s,10373,261,0
2.3813697s,1.1035017s,10.770611s,10257,261,0
2.7619449s,1.0916061s,4.4343092s,10349,261,0
2.67359s,1.3718665s,1.4088631s,10365,261,0
2.5393161s,1.0199318s,7.8461977s,10297,261,0
2.9762924s,1.4993178s,4.2243139s,10329,261,0
2.1810474s,1.0920136s,1.9105931s,10361,261,0
2.5821116s,1.2577729s,4.630026s,10345,261,0
2.3472692s,1.2286006s,8.0525176s,10313,261,0
2.8555863s,1.29232s,7.5462365s,10289,261,0
3.1563067s,1.4946915s,7.2455161s,10285,261,0
2.2812322s,1.0092054s,4.9329414s,10341,261,0
2.695069s,1.1961456s,1.409509s,10369,261,0
2.5925838s,1.1625508s,4.629417s,10353,261,0
2.4103019s,1.1725969s,10.7718871s,10261,261,0
2.5029152s,1.3978883s,1.6088651s,10393,261,0
2.7307547s,1.0090969s,10.4659403s,10269,261,0
2.3290586s,1.004889s,10.8676364s,10277,261,0
2.5075384s,1.0066334s,4.7289684s,10357,261,0
3.1876492s,1.4826647s,7.2411035s,10317,261,0
2.4311522s,1.2036095s,10.7701395s,10273,261,0
2.5366579s,1.3688604s,10.6646338s,10241,261,0
3.1154115s,1.3372989s,4.125692s,10333,261,0
3.0300361s,1.4166218s,1.105408s,10377,261,0
2.5471079s,1.3267149s,10.6690955s,10265,261,0
2.4417201s,1.1610797s,10.7744833s,10253,261,0
2.497092s,1.0743629s,7.9465724s,10305,261,0
2.6347368s,1.0328643s,4.6266127s,10325,261,0
2.4385272s,1.113421s,1.710825s,10381,261,0
2.6574933s,1.4575218s,6.9492099s,10386,263,1
2.4302331s,1.1068167s,1.1085898s,10458,263,1
2.769569s,1.2667601s,6.840667s,10398,263,1
2.4894672s,1.1581205s,10.1658619s,10330,263,1
2.9923974s,1.3228547s,9.6629317s,10346,263,1
2.5942735s,1.2640645s,10.0673203s,10334,263,1
2.8968242s,1.4291356s,9.7647696s,10326,263,1
2.8476058s,1.2486239s,704.6281ms,10478,263,1
2.7479125s,1.3195205s,807.2711ms,10442,263,1
2.3487966s,1.1089481s,1.206387s,10462,263,1
2.4758362s,1.4007755s,7.1477651s,10374,263,1
2.6560153s,1.3825516s,906.2149ms,10446,263,1
2.6118716s,1.0010077s,3.9217513s,10426,263,1
2.5154943s,1.0468289s,4.026387s,10430,263,1
2.6215203s,1.4827729s,10.06501s,10350,263,1
3.0995559s,1.495962s,6.5418813s,10362,263,1
2.6042132s,1.0950832s,7.0447199s,10366,263,1
2.9329381s,1.4455946s,3.6219844s,10406,263,1
3.0136224s,1.1116287s,6.6420454s,10382,263,1
2.9836615s,1.4562145s,603.5886ms,10474,263,1
2.5516629s,1.3713866s,10.1601323s,10342,263,1
3.0450931s,1.4285946s,9.6667021s,10354,263,1
2.6447072s,1.2233544s,3.922439s,10414,263,1
3.0245227s,1.4529136s,6.6421794s,10390,263,1
2.5413361s,1.1715493s,10.1704591s,10358,263,1
2.655385s,1.33888s,3.9222118s,10438,263,1
2.9605152s,1.3545502s,9.7617306s,10322,263,1
2.9109884s,1.1678634s,704.2453ms,10470,263,1
2.4080391s,1.0250352s,1.2071946s,10454,263,1
2.457936s,1.0070106s,4.1309093s,10402,263,1
2.7431589s,1.4532574s,6.9452423s,10370,263,1
2.6472606s,1.0020769s,7.0411406s,10394,263,1
2.6685812s,1.1244678s,10.0649131s,10338,263,1
2.6661699s,1.2123884s,3.9226754s,10422,263,1
2.443628s,1.2053314s,7.2444706s,10378,263,1
2.9688618s,1.3214075s,3.6223668s,10434,263,1
2.4682269s,1.1605142s,4.132515s,10410,263,1
2.7743908s,1.4329861s,3.8263511s,10418,263,1
2.527245s,1.049627s,1.1070302s,10466,263,1
3.2339782s,1.4435666s,402.3034ms,10450,263,1
3.0486741s,1.2834863s,301.0581ms,10496,264,3
2.6142529s,1.3865746s,3.9246051s,10448,264,3
2.885034s,1.280443s,6.538858s,10412,264,3
2.2149649s,1.0062135s,4.3283683s,10468,264,3
2.3485891s,1.112648s,1.0084606s,10484,264,3
2.8980579s,1.4676846s,9.5609461s,10368,264,3
2.7576847s,1.0577674s,604.1512ms,10516,264,3
2.2572733s,1.191609s,1.1084104s,10504,264,3
2.8307191s,1.1380512s,3.7264229s,10460,264,3
2.4059474s,1.1107486s,7.0435663s,10420,264,3
2.9082512s,1.4529132s,9.5642708s,10376,264,3
2.875408s,1.3196217s,502.5714ms,10512,264,3
3.2821182s,1.4971248s,100.4912ms,10520,264,3
2.2463878s,1.1463695s,4.3253474s,10456,264,3
2.5479678s,1.050127s,4.0237674s,10464,264,3
2.4175424s,1.0337903s,10.0647318s,10388,264,3
2.5169992s,1.465966s,6.9422667s,10404,264,3
3.0230083s,1.444708s,9.4592659s,10372,264,3
2.7206829s,1.2153786s,6.7444613s,10432,264,3
2.6928694s,1.3683634s,703.0523ms,10488,264,3
2.760576s,1.2236326s,3.8244715s,10472,264,3
2.1218673s,1.0170917s,7.3518719s,10428,264,3
2.2239041s,1.0136849s,7.2498351s,10416,264,3
2.6328492s,1.1274845s,9.8638983s,10380,264,3
2.1935581s,1.0951408s,1.2088472s,10492,264,3
3.0736013s,1.3997203s,3.5229182s,10452,264,3
2.9400037s,1.2455725s,9.568697s,10400,264,3
2.3424758s,1.1152015s,10.1662249s,10396,264,3
2.5467493s,1.2055741s,9.9712131s,10384,264,3
3.1891258s,1.4602733s,3.422113s,10476,264,3
2.5484772s,1.3157181s,6.9486104s,10436,264,3
2.6907765s,1.4783937s,3.9212771s,10444,264,3
2.7015324s,1.068964s,3.9246413s,10480,264,3
2.469916s,1.1721044s,10.0643s,10364,264,3
2.7681702s,1.2969138s,6.7430375s,10440,264,3
2.5692479s,1.254845s,6.9419598s,10408,264,3
2.2621235s,1.0715787s,7.2490842s,10424,264,3
2.6756985s,1.3608941s,9.8585175s,10392,264,3
2.7356711s,1.4292708s,704.789ms,10508,264,3
2.7356711s,1.0712077s,704.789ms,10500,264,3
2.6084645s,1.0786922s,3.1175248s,10511,264,2
2.4060826s,1.2754808s,3.3199067s,10515,264,2
2.9100546s,1.3000802s,2.8159347s,10491,264,2
2.8125833s,1.2421836s,9.0593716s,10415,264,2
3.0668575s,1.2814628s,5.736126s,10459,264,2
2.5707103s,1.0897293s,6.2429586s,10463,264,2
2.7820983s,1.3494794s,6.0448741s,10479,264,2
2.5838115s,1.4101461s,6.2431609s,10443,264,2
2.6895413s,1.3807454s,6.1396589s,10447,264,2
2.6328899s,1.4471461s,9.2685024s,10431,264,2
2.5918008s,1.1033538s,6.2381495s,10451,264,2
2.7485621s,1.3410488s,9.1624029s,10407,264,2
2.4442582s,1.179406s,9.4667068s,10403,264,2
2.7485621s,1.2315588s,9.1624029s,10423,264,2
3.0601306s,1.2804608s,2.717217s,10487,264,2
2.5061338s,1.1383059s,6.342144s,10475,264,2
2.460768s,1.1058099s,3.32372s,10495,264,2
2.6620336s,1.4988164s,3.1224544s,10483,264,2
2.565333s,1.1427391s,3.220579s,10507,264,2
2.7703681s,1.0495957s,3.0176474s,10499,264,2
2.7278849s,1.3827849s,0s,10523,264,2
2.7296933s,1.2252739s,0s,10555,264,2
2.7754873s,1.4188066s,9.1556864s,10419,264,2
2.4328682s,1.315935s,301.9854ms,10543,264,2
2.9240668s,1.4199448s,5.9395957s,10455,264,2
2.7817797s,1.2703777s,3.0194839s,10503,264,2
2.7285791s,1.195128s,6.139542s,10467,264,2
3.0721921s,1.4816166s,8.8681211s,10427,264,2
2.9861092s,1.3214937s,2.8189908s,10519,264,2
2.7971894s,1.1530618s,9.1550859s,10435,264,2
2.6339202s,1.2852187s,6.2457903s,10471,264,2
2.5905839s,1.4836082s,9.3616914s,10411,264,2
2.560328s,1.0641894s,201.421ms,10559,264,2
2.8076788s,1.4807862s,9.1553827s,10439,264,2
2.8568333s,1.1248311s,0s,10539,264,2
2.9054514s,1.4758055s,0s,10547,264,2
2.9593211s,1.4365044s,0s,10527,264,2
2.9593211s,1.1940028s,0s,10531,264,2
2.9630183s,1.3676775s,0s,10551,264,2
2.991078s,1.0944685s,0s,10535,265,2
2.5905213s,1.2398807s,11.9741151s,10405,265,0
2.9381524s,1.4192514s,5.5340805s,10485,265,0
3.0871412s,1.4111712s,8.5557249s,10453,265,0
2.4854664s,1.2477072s,12.0915757s,10437,265,0
2.5845195s,1.3315732s,11.9925226s,10433,265,0
2.4887283s,1.1712558s,9.1634213s,10469,265,0
2.4418869s,1.066817s,6.0427517s,10517,265,0
2.6014978s,1.2043086s,9.0587654s,10473,265,0
2.6083514s,1.195522s,2.9185158s,10529,265,0
2.4110041s,1.2163232s,3.1181316s,10541,265,0
2.6123463s,1.225806s,9.0611684s,10461,265,0
2.9248925s,1.3315732s,11.6735147s,10425,265,0
2.5139023s,1.1675741s,3.022059s,10537,265,0
2.3065421s,1.0347748s,100.3598ms,10597,265,0
2.9700424s,1.4443276s,5.5390582s,10493,265,0
2.2222754s,1.0444092s,12.384922s,10413,265,0
2.5272553s,1.0734194s,12.0799421s,10401,265,0
2.7264696s,1.3351784s,2.8182819s,10553,265,0
3.1321563s,1.306279s,2.4146193s,10549,265,0
2.7281282s,1.2741926s,8.9617252s,10445,265,0
2.3875036s,1.2643745s,6.1389673s,10497,265,0
2.6890716s,1.2298021s,5.8373993s,10513,265,0
2.6890716s,1.2980943s,5.8379312s,10481,265,0
2.8441356s,1.4647898s,2.7187753s,10557,265,0
2.4422989s,1.0668578s,3.120612s,10521,265,0
2.5374818s,1.1063572s,9.1629825s,10449,265,0
2.495605s,1.1598957s,6.0387944s,10505,265,0
2.495605s,1.2110065s,6.0387944s,10489,265,0
2.4492417s,1.0350553s,9.2601844s,10441,265,0
2.7499083s,1.2893753s,11.8844103s,10417,265,0
2.5505123s,1.3957814s,9.1589138s,10457,265,0
2.5594947s,1.2190487s,3.0173769s,10545,265,0
2.86327s,1.3974314s,2.7145963s,10525,265,0
2.6137484s,1.2203529s,5.9405376s,10501,265,0
2.6642263s,1.4954988s,11.9824632s,10429,265,0
3.167511s,1.2185198s,8.5562353s,10477,265,0
2.5700028s,1.4101804s,3.0184416s,10533,265,0
2.8302523s,1.3547413s,5.7376307s,10509,265,0
2.7814335s,1.4625166s,11.878853s,10409,265,0
2.7814335s,1.4372516s,11.878853s,10421,265,0
2.7809518s,1.2472455s,8.9544422s,10465,265,0
2.5079407s,1.2434561s,0s,10569,265,0
2.5351452s,1.0847223s,0s,10561,265,0
2.5508567s,1.04528s,0s,10585,265,0
2.6249097s,1.2833119s,0s,10565,265,0
2.8376341s,1.0716196s,0s,10589,265,0
2.8686309s,1.2692135s,0s,10581,265,0
2.8472164s,1.4096187s,3.0147762s,10574,266,1
2.9184001s,1.4193238s,100.5345ms,10638,266,1
2.6307114s,1.0061463s,9.3618092s,10506,266,1
2.9570476s,1.4966494s,5.9349821s,10542,266,1
2.5492235s,1.2122936s,3.3222095s,10570,266,1
3.0256157s,1.3279151s,0s,10630,266,1
2.2253028s,1.0058572s,805.7758ms,10618,267,1
2.3323108s,1.1250763s,704.5404ms,10614,267,1
2.1428849s,1.0970743s,9.8678111s,10482,267,1
2.5387141s,1.423829s,503.6779ms,10634,267,1
2.1399095s,1.088541s,906.0023ms,10610,267,1
2.776032s,1.3600705s,3.1182468s,10578,267,1
2.6538592s,1.1541396s,9.3615072s,10510,267,1
2.5576s,1.3493808s,9.4631742s,10486,267,1
2.4915492s,1.2164267s,6.4374644s,10558,267,1
2.6907741s,1.0419029s,3.2181352s,10594,267,1
2.2943246s,1.0846555s,6.6453764s,10550,267,1
2.2947949s,1.0006824s,3.6243094s,10566,267,1
2.4739273s,1.2650897s,9.5662646s,10490,267,1
2.5699472s,1.3474162s,502.674ms,10606,267,1
2.4004993s,1.0487107s,6.5414037s,10538,267,1
2.7012486s,1.1358043s,6.2406544s,10526,267,1
2.6053489s,1.1031349s,3.3234324s,10582,267,1
3.0884285s,1.3086013s,8.9614404s,10518,267,1
2.5784698s,1.121406s,503.0951ms,10626,267,1
2.2788808s,1.2032384s,803.7343ms,10622,267,1
2.411457s,1.0360343s,6.5453381s,10554,267,1
2.4981056s,1.0911166s,9.5619303s,10502,267,1
3.1004909s,1.2547705s,8.959545s,10514,267,1
3.0205967s,1.4246843s,5.9393937s,10522,267,1
2.7222487s,1.3052216s,6.2377417s,10530,267,1
2.819311s,1.4649386s,3.1200827s,10586,267,1
2.624014s,1.3298112s,3.3223803s,10598,267,1
2.3998585s,1.0193589s,9.6676234s,10498,267,1
2.3085743s,1.1305483s,9.7633641s,10494,267,1
2.6302308s,1.3253491s,6.3412167s,10534,267,1
2.5029773s,1.2373767s,603.8107ms,10602,267,1
2.8402516s,1.2634271s,3.1168286s,10562,267,1
2.7434224s,1.3296818s,6.2369468s,10546,267,1
2.7441336s,1.2858239s,3.2171453s,10590,267,1
3.1954057s,1.4881432s,8.9599765s,10544,267,3
2.7935796s,1.488247s,3.318742s,10624,267,3
2.4857265s,1.2859127s,3.6265951s,10636,267,3
2.6003032s,1.1347719s,9.558663s,10560,267,3
2.5963577s,1.3540109s,3.522779s,10616,267,3
2.6922365s,1.4946246s,100.1495ms,10668,267,3
2.2303562s,1.0026856s,6.7413072s,10568,267,3
2.8109895s,1.3201796s,9.3576996s,10536,267,3
2.3968676s,1.1650053s,403.4171ms,10660,267,3
2.542493s,1.1147856s,6.4355571s,10580,267,3
2.3404278s,1.105139s,6.6376223s,10576,267,3
2.5191383s,1.3084514s,9.6543175s,10532,267,3
2.7438739s,1.2546053s,6.2341762s,10600,267,3
2.4012109s,1.2196476s,402.5607ms,10672,267,3
3.1249725s,1.3632078s,9.0562188s,10528,267,3
3.0181334s,1.1332758s,3.1199973s,10628,267,3
2.8476549s,1.4363513s,6.140243s,10588,267,3
2.7159137s,1.1966991s,100.1085ms,10644,267,3
3.3295581s,1.4921976s,2.8181515s,10604,267,3
2.6638152s,1.3405879s,6.3464769s,10584,267,3
2.3728312s,1.3027422s,6.6374609s,10592,267,3
2.8358213s,1.2025531s,9.3698765s,10524,267,3
3.0452526s,1.2393399s,9.160802s,10548,267,3
3.0388765s,1.4552725s,9.1671781s,10552,267,3
2.461284s,1.0424659s,6.5493649s,10596,267,3
2.6435187s,1.0404008s,9.5625359s,10540,267,3
2.7377136s,1.1073031s,100.2727ms,10676,267,3
2.3468892s,1.2740696s,3.8235369s,10632,267,3
2.7540688s,1.3334931s,3.4169095s,10608,267,3
2.6417822s,1.2380376s,201.3689ms,10664,267,3
2.7490296s,1.0485447s,100.4094ms,10680,267,3
2.5474139s,1.2666384s,301.6545ms,10656,267,3
2.6497351s,1.2954568s,200.7956ms,10652,267,3
2.3578625s,1.1764486s,3.8281253s,10612,267,3
2.7951432s,1.1605393s,6.2384995s,10564,267,3
2.560544s,1.2880039s,9.6685044s,10556,267,3
2.8677976s,1.3034089s,3.3243821s,10640,267,3
2.700988s,1.2653899s,6.3416678s,10572,267,3
2.383331s,1.0436442s,3.8269147s,10620,267,3
2.8852546s,1.3401084s,0s,10648,268,3
2.5089658s,1.1868096s,3.9293907s,10643,269,2
2.8894401s,1.1070867s,502.4529ms,10715,269,2
2.7167428s,1.0427907s,3.7252957s,10671,269,2
2.3668734s,1.0558153s,7.049692s,10635,269,2
2.9745269s,1.4161511s,6.4420385s,10639,269,2
2.6242006s,1.2406649s,3.8239893s,10679,269,2
2.7241663s,1.3578933s,9.7624304s,10571,269,2
2.1956322s,1.0928379s,1.2085936s,10695,269,2
2.6017808s,1.3057459s,806.1814ms,10691,269,2
3.2093219s,1.4828458s,201.136ms,10719,269,2
2.7957945s,1.2452836s,6.6399605s,10615,269,2
2.6395365s,1.1892476s,9.8593913s,10579,269,2
2.540484s,1.2542109s,3.9253117s,10663,269,2
2.3987626s,1.1358944s,7.0482058s,10631,269,2
3.0488277s,1.4082605s,3.4236138s,10647,269,2
2.4205081s,1.2755516s,1.0058694s,10687,269,2
2.4474103s,1.1346592s,10.0654946s,10591,269,2
2.6500612s,1.230003s,9.8628437s,10599,269,2
2.1505748s,1.1264947s,4.3277655s,10651,269,2
2.759113s,1.3959345s,3.7251438s,10659,269,2
3.0631728s,1.2726787s,9.4649732s,10587,269,2
2.5648222s,1.1759772s,9.9633238s,10567,269,2
2.8729149s,1.3243446s,9.6604616s,10583,269,2
2.3278219s,1.0743761s,7.1453721s,10611,269,2
2.8354588s,1.167708s,6.6403087s,10623,269,2
2.6751268s,1.2768887s,3.8261138s,10655,269,2
2.5755985s,1.261901s,9.9637704s,10595,269,2
2.7827544s,1.3451428s,3.7223435s,10675,269,2
2.6562789s,1.2036505s,806.0284ms,10707,269,2
2.942909s,1.2879144s,6.546803s,10619,269,2
2.9654133s,1.1672405s,503.8833ms,10703,269,2
2.3654343s,1.036636s,1.1071842s,10699,269,2
2.6540116s,1.4407959s,6.8453513s,10607,269,2
2.9620478s,1.1562946s,6.5373151s,10627,269,2
2.5685709s,1.388637s,907.4374ms,10711,269,2
3.0070048s,1.4971375s,3.5220244s,10667,269,2
2.9105838s,1.3875185s,9.6614574s,10575,269,2
2.5791255s,1.3236501s,906.3883ms,10683,269,2
2.8092285s,1.3040914s,9.7628127s,10563,269,2
2.6666731s,1.48308s,6.8421953s,10603,269,2
3.0800588s,1.2376241s,6.0381568s,10673,270,0
3.0055721s,1.2734275s,12.0774719s,10593,270,0
2.5912651s,1.0629583s,6.5385802s,10665,270,0
2.3353861s,1.1913106s,3.7240836s,10709,270,0
2.6977767s,1.1450914s,6.4417518s,10669,270,0
2.5382382s,1.3923833s,9.5622039s,10625,270,0
2.8473539s,1.4130845s,3.2187265s,10697,270,0
2.3357943s,1.0612106s,9.7646478s,10621,270,0
2.6864079s,1.2902234s,402.3735ms,10721,270,0
2.7908116s,1.1477233s,301.8784ms,10745,270,0
2.3906677s,1.2428511s,703.9566ms,10749,270,0
2.7190148s,1.3506671s,6.4453963s,10649,270,0
2.9441902s,1.1489825s,12.1800959s,10573,270,0
2.517681s,1.3827423s,6.6470586s,10661,270,0
2.9543029s,1.3417001s,9.1644111s,10637,270,0
2.6569438s,1.1153424s,9.4620987s,10617,270,0
3.024513s,1.341032s,6.1402266s,10657,270,0
2.6968579s,1.1131853s,400.5665ms,10741,270,0
2.8688079s,1.1670743s,3.2192757s,10689,270,0
2.8332132s,1.2351392s,6.3412696s,10653,270,0
2.47339s,1.2403685s,3.6233029s,10681,270,0
2.102994s,1.0148917s,1.0058628s,10753,270,0
2.8804561s,1.4987925s,3.2230192s,10701,270,0
2.6171652s,1.2487768s,503.6565ms,10729,270,0
2.9878361s,1.2644428s,3.1215551s,10713,270,0
2.5500219s,1.2613332s,6.6415487s,10645,270,0
2.2829763s,1.0266992s,9.8628972s,10609,270,0
2.7852938s,1.4272466s,9.3605797s,10601,270,0
2.5191148s,1.0168906s,604.5609ms,10733,270,0
2.4943218s,1.2878058s,3.6203516s,10705,270,0
2.7959452s,1.3299066s,9.3530899s,10629,270,0
2.4943218s,1.2991233s,3.6203516s,10717,270,0
2.2930624s,1.0339806s,3.821611s,10693,270,0
2.9292115s,1.3470079s,200.5082ms,10725,270,0
2.3260958s,1.1033527s,803.6239ms,10757,270,0
2.7613664s,1.0939625s,6.4362482s,10641,270,0
2.3609526s,1.2508971s,6.836662s,10677,270,0
2.90112s,1.1615652s,9.2578344s,10605,270,0
2.6990143s,1.2385621s,9.4599401s,10613,270,0
2.7386489s,1.2216587s,402.0287ms,10737,270,0
2.5050917s,1.0361207s,3.623422s,10685,270,0
2.9952031s,1.3392482s,12.1739886s,10577,270,0
2.5068223s,1.2308094s,9.6567973s,10633,270,0
2.4545561s,1.1410196s,604.1461ms,10774,270,1
2.762476s,1.2564627s,301.567ms,10770,270,1
2.762476s,1.2095854s,301.567ms,10766,270,1
2.5930665s,1.4780197s,9.2576284s,10678,270,1
2.8009833s,1.4944308s,3.1183156s,10730,270,1
2.6003818s,1.1877573s,3.3189171s,10742,270,1
2.7018191s,1.4464283s,3.2174798s,10722,270,1
2.5095304s,1.3102215s,6.4440392s,10710,270,1
2.2036032s,1.0408177s,3.7243873s,10738,270,1
2.2976386s,1.0207674s,9.5636938s,10666,270,1
2.9077628s,1.153172s,8.9564154s,10662,270,1
2.5816844s,1.2643523s,500.6706ms,10790,270,1
3.0255791s,1.3539541s,5.938087s,10702,270,1
2.6297782s,1.4219624s,6.3448153s,10694,270,1
2.6328058s,1.368883s,3.320873s,10750,270,1
2.5984724s,1.396431s,504.2253ms,10778,270,1
2.7481836s,1.3558971s,6.2376653s,10706,270,1
2.7046483s,1.3655059s,402.3115ms,10762,270,1
2.7378231s,1.4282855s,3.2224467s,10754,270,1
2.6461031s,1.2959473s,9.2571718s,10650,270,1
2.6461031s,1.4954435s,9.2571718s,10658,270,1
2.352022s,1.0247642s,6.6434901s,10690,270,1
2.7485402s,1.2433433s,3.2213928s,10726,270,1
2.4531867s,1.1294771s,6.5423254s,10718,270,1
2.3441775s,1.1422855s,9.5590974s,10646,270,1
2.6191211s,1.3527906s,502.4331ms,10794,270,1
2.85331s,1.1796737s,3.1230458s,10734,270,1
2.85331s,1.100668s,3.1230458s,10746,270,1
2.9641851s,1.4816725s,6.0425786s,10714,270,1
2.6605012s,1.1617246s,3.3206834s,10758,270,1
2.0525647s,1.0129959s,9.8654137s,10670,270,1
2.5585395s,1.1882765s,9.3594389s,10654,270,1
2.9299734s,1.2662486s,201.3531ms,10798,270,1
2.4279303s,1.3427019s,703.3962ms,10782,270,1
2.5585395s,1.03837s,9.3594389s,10674,270,1
2.9748156s,1.4307587s,6.0438544s,10682,270,1
2.4632326s,1.2516322s,9.4632002s,10642,270,1
2.3800573s,1.127995s,6.6398233s,10698,270,1
2.6900219s,1.209716s,6.3408842s,10686,270,1
3.1530832s,1.4857812s,0s,10786,271,1
2.5170083s,1.3330456s,7.3459566s,10760,272,3
2.5284569s,1.3488773s,4.3277958s,10800,272,3
2.9448415s,1.1616397s,9.8629649s,10704,272,3
2.5348147s,1.0510593s,4.323936s,10764,272,3
2.5275682s,1.1906076s,7.3455633s,10756,272,3
2.578969s,1.1979772s,1.3083412s,10836,272,3
2.6320497s,1.2926784s,7.2497596s,10728,272,3
2.7460548s,1.2228492s,4.1294071s,10768,272,3
2.9472855s,1.3802071s,3.9281764s,10776,272,3
2.8608968s,1.4655548s,9.965754s,10696,272,3
2.464183s,1.2313872s,10.3624678s,10684,272,3
2.4840675s,1.0076257s,1.4119205s,10808,272,3
2.3699882s,1.0804238s,10.4625714s,10700,272,3
2.8451622s,1.2985306s,7.0456234s,10724,272,3
2.272129s,1.0346929s,10.5684613s,10708,272,3
2.6796342s,1.3851742s,10.1643841s,10688,272,3
2.3608355s,1.0550116s,7.5477865s,10744,272,3
2.2705861s,1.0176443s,4.6316885s,10780,272,3
2.7167685s,1.4159796s,1.2078195s,10804,272,3
2.3142613s,1.1326691s,1.6103267s,10816,272,3
2.9794739s,1.2941407s,3.924588s,10772,272,3
2.9184029s,1.3171019s,1.0061851s,10840,272,3
2.5159065s,1.1856966s,1.4086815s,10824,272,3
3.0259517s,1.4835101s,903.6412ms,10828,272,3
2.386443s,1.0477734s,4.5314178s,10792,272,3
2.6930347s,1.1771246s,4.2248261s,10796,272,3
2.2746928s,1.0316906s,7.6514205s,10752,272,3
2.4757426s,1.3566035s,7.4503707s,10748,272,3
2.8336005s,1.3568377s,1.1066915s,10832,272,3
2.5968959s,1.21244s,4.3263067s,10788,272,3
2.8882762s,1.3868361s,7.0412738s,10732,272,3
2.4407215s,1.3210007s,1.5106814s,10812,272,3
2.8180998s,1.34216s,10.0659479s,10720,272,3
2.9501187s,1.4503114s,1.0084078s,10820,272,3
2.6075607s,1.2060258s,4.3304397s,10784,272,3
3.0063474s,1.2131374s,6.9408291s,10740,272,3
2.8294973s,1.3737859s,10.0625207s,10716,272,3
2.4228034s,1.1722827s,10.4698687s,10692,272,3
2.5068898s,1.0181485s,7.4469447s,10736,272,3
2.6358452s,1.348705s,10.2699605s,10712,272,3
2.7921922s,1.1587316s,8.9571501s,10735,272,2
2.8988447s,1.4586307s,8.8528674s,10727,272,2
2.479704s,1.0289374s,100.4556ms,10851,272,2
2.6007972s,1.2857964s,9.1610445s,10755,272,2
2.7040719s,1.0308552s,3.0186357s,10807,272,2
2.1836414s,1.0831383s,402.5672ms,10871,272,2
2.3847389s,1.0916314s,201.4697ms,10847,272,2
2.8319002s,1.3471019s,6.040024s,10799,272,2
2.611412s,1.1443487s,9.1593569s,10747,272,2
2.4092676s,1.1835561s,3.3223672s,10819,272,2
2.7177558s,1.2214898s,9.0583323s,10759,272,2
3.1402894s,1.4256265s,5.736954s,10787,272,2
2.6205095s,1.0253565s,3.1208014s,10811,272,2
2.6426841s,1.0088153s,6.2402209s,10767,272,2
2.5012115s,1.396701s,100.5328ms,10875,272,2
2.7274826s,1.1488456s,3.019193s,10827,272,2
2.4054871s,1.0916314s,201.8445ms,10859,272,2
2.6498454s,1.3033955s,6.2438618s,10791,272,2
3.142548s,1.3650576s,2.6171007s,10835,272,2
2.4618234s,1.0637961s,6.4453466s,10795,272,2
2.4618234s,1.0200624s,6.4453466s,10775,272,2
2.3679122s,1.1668731s,6.5392578s,10783,272,2
3.0653567s,1.4795292s,5.8422913s,10771,272,2
2.748831s,1.1236948s,3.0251278s,10823,272,2
2.3455149s,1.088486s,3.429147s,10831,272,2
2.748831s,1.4567827s,3.0258309s,10815,272,2
2.3782905s,1.1031153s,6.5442305s,10779,272,2
2.8853025s,1.2111837s,6.0372185s,10763,272,2
2.5444675s,1.1823376s,100.3959ms,10867,272,2
2.6740242s,1.0204201s,3.1167851s,10839,272,2
2.4659851s,1.0476252s,9.3639583s,10723,272,2
2.5697908s,1.3851906s,9.2601526s,10731,272,2
2.4659851s,1.2576246s,9.3639583s,10751,272,2
3.0788865s,1.4481803s,2.7168655s,10803,272,2
2.5554117s,1.4544741s,101.1517ms,10863,272,2
2.8779161s,1.2966494s,8.9634278s,10743,272,2
2.8848273s,1.4554631s,8.9565166s,10739,272,2
2.6702301s,1.1164076s,0s,10843,272,2
2.6912393s,1.1338162s,0s,10855,272,2
2.7018501s,1.1940311s,0s,10879,273,2
2.6006216s,1.080203s,9.2597176s,10773,273,0
2.6006216s,1.0319157s,9.2597176s,10793,273,0
2.790255s,1.4009355s,3.1199142s,10845,273,0
2.790255s,1.3363382s,3.1199142s,10873,273,0
2.6126053s,1.2074421s,6.4407353s,10801,273,0
2.4090481s,1.1180052s,6.6442925s,10825,273,0
2.495385s,1.1775225s,3.4198113s,10865,273,0
2.8120093s,1.4020057s,9.0580089s,10769,273,0
2.7279863s,1.4415025s,6.3420033s,10813,273,0
2.7236189s,1.303161s,9.162262s,10781,273,0
2.6231702s,1.2650615s,6.4507014s,10821,273,0
2.8333619s,1.1878189s,6.2405097s,10837,273,0
2.7279863s,1.4062542s,6.3458853s,10833,273,0
2.614785s,1.3745001s,3.319811s,10861,273,0
2.614785s,1.4411117s,3.319811s,10857,273,0
2.587959s,1.0550727s,301.3145ms,10893,273,0
2.717634s,1.1453869s,3.216962s,10877,273,0
3.1406159s,1.4853925s,5.9369839s,10809,273,0
2.332097s,1.00241s,9.5575121s,10761,273,0
2.7385206s,1.047357s,6.3390792s,10805,273,0
2.6426225s,1.3578456s,9.2527991s,10797,273,0
2.803781s,1.2173086s,100.3352ms,10901,273,0
2.301295s,1.0871076s,603.3195ms,10889,273,0
2.5479583s,1.0195819s,9.3633634s,10789,273,0
3.0453225s,1.292483s,2.9196846s,10869,273,0
2.518596s,1.1670727s,403.0403ms,10881,273,0
2.571501s,1.1460189s,6.5422107s,10829,273,0
2.4531069s,1.0283463s,3.5240573s,10849,273,0
2.6560129s,1.3809684s,3.3211513s,10841,273,0
2.227498s,1.0015356s,704.3437ms,10905,273,0
2.9563683s,1.3524857s,3.0207959s,10853,273,0
2.6320627s,1.1299708s,302.6752ms,10917,273,0
2.4329225s,1.1035813s,503.4676ms,10909,273,0
2.7393042s,1.3657972s,201.768ms,10897,273,0
2.8865805s,1.3388414s,6.2435265s,10817,273,0
2.7811551s,1.2195506s,9.1609612s,10765,273,0
2.1404363s,1.0567065s,805.3029ms,10885,273,0
2.4904869s,1.0447461s,9.4615374s,10785,273,0
2.1851575s,1.0264536s,9.7668668s,10777,273,0
3.0160529s,1.4724714s,0s,10913,274,0
3.3017603s,1.4643874s,6.9423657s,10858,275,1
2.5180171s,1.1448412s,1.3092495s,10922,275,1
2.9248217s,1.4287125s,905.9755ms,10950,275,1
2.4233169s,1.0247358s,1.4074803s,10954,275,1
2.2546153s,1.0876416s,10.8708268s,10802,275,1
2.4218483s,1.0937119s,1.4089489s,10958,275,1
2.9071448s,1.27204s,7.3425936s,10878,275,1
2.4196353s,1.199001s,4.5283428s,10910,275,1
2.6633509s,1.2893977s,10.4681702s,10810,275,1
2.4262409s,1.079554s,4.5291618s,10914,275,1
2.4633108s,1.0195822s,10.6695559s,10818,275,1
2.9359479s,1.3185184s,904.1143ms,10926,275,1
3.1213597s,1.3780585s,7.152149s,10870,275,1
2.6846305s,1.3435583s,10.4645819s,10822,275,1
2.7844577s,1.2955589s,10.3647547s,10806,275,1
2.8757037s,1.1398781s,10.2735087s,10826,275,1
2.7806274s,1.2704895s,10.368585s,10838,275,1
2.5287086s,1.1146809s,7.747744s,10874,275,1
2.1847414s,1.0280162s,10.9674149s,10814,275,1
2.8494502s,1.3036051s,4.1252421s,10894,275,1
2.2966381s,1.1300842s,10.8615574s,10834,275,1
2.9576426s,1.3450355s,4.0258848s,10882,275,1
2.6607899s,1.4537531s,4.3274581s,10890,275,1
2.6008347s,1.3554712s,10.5688398s,10830,275,1
2.5654677s,1.0655241s,4.4274371s,10918,275,1
2.5496713s,1.3729083s,7.7523116s,10854,275,1
2.7508954s,1.4991151s,7.5510875s,10862,275,1
2.6711922s,1.4463354s,4.3290304s,10898,275,1
2.9791809s,1.2064384s,904.2011ms,10930,275,1
2.5764924s,1.2048438s,4.4278047s,10902,275,1
3.0685892s,1.4066672s,7.2448964s,10842,275,1
2.5656185s,1.3939222s,7.7478671s,10866,275,1
2.2866037s,1.1629245s,1.6079407s,10934,275,1
2.3577836s,1.0278241s,7.955702s,10846,275,1
2.8022132s,1.4432306s,1.1064318s,10942,275,1
2.2744762s,1.1146809s,8.05311s,10850,275,1
2.7123279s,1.0764966s,1.2068956s,10946,275,1
2.1058184s,1.0660268s,1.8130513s,10938,275,1
2.7126593s,1.0756226s,4.3277802s,10886,275,1
3.1167069s,1.4175636s,3.9232586s,10906,275,1
2.779575s,1.2168725s,7.2445781s,10904,276,3
2.4497286s,1.1104628s,10.6660156s,10872,276,3
2.4497286s,1.1767458s,10.6660156s,10880,276,3
2.3690779s,1.2966249s,4.3265742s,10956,276,3
2.8611907s,1.417298s,10.2662939s,10852,276,3
2.4787879s,1.2950501s,4.2286046s,10928,276,3
2.7896341s,1.2824563s,7.2462594s,10896,276,3
2.7941189s,1.1527146s,3.9257698s,10960,276,3
2.4005389s,1.2996399s,1.4090823s,10996,276,3
2.5142722s,1.1687839s,1.3084249s,10984,276,3
3.0915911s,1.3891767s,10.0630547s,10876,276,3
3.018723s,1.490384s,803.9741ms,10976,276,3
3.328501s,1.4925107s,6.7399528s,10908,276,3
3.0218234s,1.2136604s,7.0466304s,10916,276,3
2.3164709s,1.236154s,1.5116253s,10964,276,3
2.6199248s,1.2787217s,7.448529s,10884,276,3
2.9118566s,1.2085148s,3.8280962s,10940,276,3
2.4160271s,1.0290668s,4.3264258s,10936,276,3
2.5271711s,1.363894s,1.3067843s,11000,276,3
2.8351378s,1.2880222s,1.0068513s,10988,276,3
2.9424691s,1.4143389s,906.059ms,10980,276,3
2.236841s,1.1240429s,7.8520447s,10920,276,3
2.7346443s,1.3950531s,4.0257404s,10952,276,3
2.6062034s,1.4442718s,10.5742734s,10868,276,3
2.3008164s,1.0751002s,10.8796604s,10844,276,3
3.0441128s,1.4129869s,7.0481962s,10892,276,3
2.5442396s,1.1324488s,7.5480694s,10900,276,3
2.2472432s,1.080083s,7.8456486s,10888,276,3
2.7497014s,1.2043808s,1.1078004s,10972,276,3
2.7254181s,1.2943267s,10.4680189s,10856,276,3
2.8598552s,1.3568991s,7.246108s,10912,276,3
2.4531959s,1.1274684s,4.3242663s,10932,276,3
2.4531959s,1.2556236s,4.3242663s,10924,276,3
2.6390446s,1.2768263s,10.5640649s,10848,276,3
2.5335209s,1.2594583s,10.6695886s,10860,276,3
2.4290735s,1.1150156s,10.774036s,10864,276,3
2.5643103s,1.3690897s,1.3068505s,10968,276,3
2.8586803s,1.4338866s,3.9243371s,10948,276,3
2.5630792s,1.0256982s,4.2245955s,10944,276,3
2.7697823s,1.2304769s,1.1060358s,10992,276,3
2.3126689s,1.1568881s,1.5091457s,11035,277,2
2.9115167s,1.1425372s,3.8248161s,10991,277,2
2.9115167s,1.4187948s,3.8248161s,10999,277,2
2.813179s,1.1044811s,6.8410588s,10959,277,2
2.917905s,1.3007629s,6.742813s,10955,277,2
3.0836713s,1.4564559s,9.660718s,10891,277,2
2.7851349s,1.4868658s,9.9601278s,10919,277,2
2.4193202s,1.0738965s,7.2422712s,10951,277,2
2.8298449s,1.0159669s,1.0054007s,11023,277,2
2.6282286s,1.4376646s,1.207017s,11019,277,2
2.6218927s,1.2142264s,4.1277865s,10971,277,2
2.7229874s,1.0904771s,4.0266918s,10967,277,2
2.9963521s,1.3847135s,9.7613826s,10911,277,2
2.9468598s,1.1372587s,903.6269ms,11011,277,2
2.3410832s,1.0900449s,7.3451359s,10927,277,2
2.7480175s,1.2657472s,4.0266138s,10983,277,2
2.818304s,1.423441s,9.9638028s,10903,277,2
2.4305259s,1.3199269s,10.3591803s,10883,277,2
2.6612541s,1.0798741s,4.1268758s,10975,277,2
2.4574345s,1.1432263s,7.2486004s,10947,277,2
2.4710858s,1.429319s,4.323645s,10995,277,2
2.6722707s,1.4222643s,7.0403651s,10935,277,2
2.3772188s,1.1979267s,7.345272s,10943,277,2
2.6922422s,1.0277197s,1.2059466s,11003,277,2
2.2853121s,1.0214284s,4.5282183s,10963,277,2
2.6849187s,1.1915015s,4.1286117s,10979,277,2
2.7856237s,1.1386172s,6.9458117s,10939,277,2
3.0619691s,1.3865233s,9.7553875s,10899,277,2
2.9569122s,1.4649415s,9.8604444s,10887,277,2
2.8609234s,1.2557264s,9.9564332s,10915,277,2
2.3971139s,1.0078872s,1.5108683s,11039,277,2
2.9032062s,1.497205s,1.004776s,11027,277,2
2.8039022s,1.2504298s,1.1061081s,11031,277,2
2.5023697s,1.0516038s,1.4076406s,11015,277,2
2.7629146s,1.3472377s,10.0624177s,10895,277,2
2.4995752s,1.4084292s,7.2420858s,10931,277,2
2.6003991s,1.3931524s,4.2233569s,10987,277,2
2.6070445s,1.2352079s,1.3075579s,11007,277,2
2.3675102s,1.223389s,10.4641016s,10907,277,2
2.4019728s,1.1702849s,7.3459677s,10923,277,2
2.211545s,1.0642897s,1.3086259s,11053,278,0
2.5303125s,1.0334902s,7.4487754s,10989,278,0
3.2455511s,1.3923027s,3.5229279s,11029,278,0
2.453355s,1.2840919s,10.4658731s,10937,278,0
2.9485597s,1.2064216s,3.8229696s,11013,278,0
2.5593725s,1.392018s,10.3640634s,10957,278,0
2.7398248s,1.2884772s,7.2469548s,10993,278,0
2.7539884s,1.2219158s,4.0256845s,11017,278,0
2.7306382s,1.2722306s,803.4836ms,11041,278,0
2.4325875s,1.1440816s,1.1058295s,11069,278,0
2.3541998s,1.1284583s,4.4297683s,11005,278,0
2.4347342s,1.1543765s,1.1073235s,11077,278,0
2.8592402s,1.4491796s,7.1446086s,10977,278,0
2.5648988s,1.0959101s,4.2255841s,11037,278,0
2.8663414s,1.4850623s,7.1422509s,10981,278,0
2.8663414s,1.2041763s,7.1422509s,10973,278,0
2.3645563s,1.1490112s,4.4306701s,11033,278,0
2.5645526s,1.4893577s,7.4440397s,10997,278,0
2.4793664s,1.2131549s,4.3274676s,11001,278,0
2.6062561s,1.2367039s,10.3623398s,10945,278,0
2.4016697s,1.2735094s,10.5669262s,10941,278,0
2.7071724s,1.004412s,10.2620299s,10953,278,0
2.489835s,1.1104023s,4.3287387s,11025,278,0
2.5704791s,1.0811941s,1.0070053s,11061,278,0
3.0017519s,1.4645372s,3.8212836s,11021,278,0
2.0975196s,1.0167016s,4.7291076s,11009,278,0
3.0830032s,1.4677989s,502.5637ms,11045,278,0
2.5231968s,1.2505992s,10.4579434s,10929,278,0
3.106524s,1.3717113s,6.9379599s,10985,278,0
2.7076529s,1.2262653s,7.3422533s,10965,278,0
2.2817476s,1.0341055s,1.3092416s,11065,278,0
3.2133659s,1.4869628s,6.8389278s,10969,278,0
2.4392226s,1.0927455s,10.558571s,10949,278,0
2.3322828s,1.1019518s,10.6655108s,10921,278,0
2.9366563s,1.3533839s,10.0617762s,10925,278,0
2.9366563s,1.4852551s,10.0611373s,10933,278,0
2.4958661s,1.3207872s,1.1069931s,11049,278,0
2.6026914s,1.2783281s,1.0059788s,11057,278,0
3.1083026s,1.4823704s,502.7182ms,11073,278,0
2.2270034s,1.1011473s,7.8448017s,10961,278,0
2.3439566s,1.1749034s,1.4107729s,11106,279,1
2.6642386s,1.3837795s,4.2276434s,11058,279,1
2.6642386s,1.4751979s,4.2276434s,11070,279,1
2.8671226s,1.3690795s,4.0247594s,11050,279,1
2.3366651s,1.2702527s,10.666911s,10998,279,1
2.4450717s,1.0885136s,10.567891s,10974,279,1
2.7551844s,1.1586611s,7.347746s,11026,279,1
2.5777618s,1.1005688s,4.3272737s,11074,279,1
2.3652383s,1.0996605s,7.7427603s,11038,279,1
2.474554s,1.1342427s,1.3078883s,11098,279,1
3.071981s,1.3909803s,7.0424948s,11034,279,1
2.5921291s,1.3857544s,4.3250142s,11042,279,1
2.5613362s,1.003165s,10.466437s,10986,279,1
2.1794047s,1.1380904s,1.6088265s,11090,279,1
2.5796541s,1.2857656s,1.2085771s,11118,279,1
2.3869968s,1.1431455s,1.4080397s,11102,279,1
2.4010488s,1.0609245s,4.5298682s,11078,279,1
3.1871101s,1.4425289s,6.9417018s,11010,279,1
2.4921813s,1.2470518s,7.6430145s,11006,279,1
2.8132977s,1.3818475s,4.1240032s,11066,279,1
2.2935999s,1.1578237s,1.5102419s,11082,279,1
2.3867615s,1.2035378s,7.7510153s,11030,279,1
2.4006599s,1.1546698s,1.4070184s,11086,279,1
2.6205866s,1.130851s,4.3287151s,11054,279,1
2.4941959s,1.1664167s,10.5667999s,10962,279,1
2.7969767s,1.3849184s,7.3502199s,11022,279,1
3.1978949s,1.4001743s,6.9493017s,11002,279,1
2.3974235s,1.3256935s,7.7497731s,11018,279,1
2.3979053s,1.1023649s,10.6696625s,10990,279,1
2.7019784s,1.3746454s,7.4517902s,11014,279,1
3.1341386s,1.3207844s,3.8217351s,11062,279,1
2.5083992s,1.4173944s,10.5654756s,10970,279,1
2.720343s,1.1183806s,1.1076991s,11094,279,1
2.9137992s,1.3517278s,10.1600756s,10982,279,1
2.7124016s,1.3558741s,10.3614732s,10994,279,1
2.6265304s,1.2160424s,1.2076952s,11110,279,1
2.8358808s,1.4071478s,1.0066726s,11114,279,1
2.9584592s,1.4533728s,4.02224s,11046,279,1
2.429608s,1.0403937s,10.6627853s,10978,279,1
2.4338403s,1.3832097s,10.662213s,10966,279,1
2.6168321s,1.2825906s,10.8642824s,11040,280,3
2.6498868s,1.1870297s,1.3080565s,11160,280,3
2.6435262s,1.4752427s,7.6439094s,11068,280,3
2.738089s,1.1681771s,7.5493466s,11080,280,3
3.1500688s,1.4736592s,7.1427268s,11044,280,3
2.6237542s,1.3385608s,10.8676671s,11016,280,3
2.6131023s,1.1232486s,4.5296245s,11112,280,3
2.7183282s,1.1864414s,4.4290399s,11092,280,3
2.9663213s,1.2484583s,1.0062728s,11124,280,3
2.4351661s,1.1620612s,11.0648216s,11004,280,3
2.5672579s,1.4517538s,1.4072893s,11156,280,3
2.5672579s,1.0364066s,1.4072893s,11132,280,3
3.1723298s,1.4876546s,804.9897ms,11144,280,3
2.7292451s,1.4386256s,4.4305766s,11084,280,3
2.7398019s,1.0563761s,10.7687143s,11024,280,3
2.6489466s,1.3220334s,10.8647316s,11028,280,3
3.0669213s,1.4331712s,7.2481312s,11056,280,3
2.769758s,1.4433003s,7.5452945s,11076,280,3
2.4459454s,1.340576s,11.0677328s,11012,280,3
2.7851341s,1.1747779s,1.2069707s,11152,280,3
2.6881936s,1.4785058s,1.3101613s,11148,280,3
2.4565867s,1.2085024s,11.0672087s,11008,280,3
2.3894684s,1.0945498s,1.6108562s,11128,280,3
2.5968046s,1.3456308s,1.4094878s,11136,280,3
2.772141s,1.328026s,10.7612224s,11020,280,3
2.8560922s,1.1037839s,4.3285767s,11104,280,3
2.4542095s,1.4048666s,4.7304594s,11096,280,3
2.2821821s,1.0950554s,8.0525556s,11064,280,3
2.6034819s,1.4903075s,1.4086109s,11140,280,3
2.3589252s,1.2729085s,4.8326074s,11100,280,3
2.796305s,1.3529292s,7.5469367s,11060,280,3
2.8666969s,1.3058904s,4.326476s,11116,280,3
3.176746s,1.3808055s,4.0235445s,11120,280,3
2.7173994s,1.3315371s,7.6430083s,11052,280,3
2.2948099s,1.2189605s,11.2642235s,11032,280,3
3.1986257s,1.3828931s,10.3604077s,11036,280,3
3.0181522s,1.4551681s,7.3422555s,11072,280,3
2.5921814s,1.4704249s,4.626207s,11108,280,3
2.7278208s,1.4382709s,7.6497496s,11048,280,3
2.2964569s,1.0550934s,4.9351186s,11088,280,3
2.1710881s,1.047864s,2.4172568s,11179,281,2
2.8432986s,1.4719923s,4.628658s,11147,281,2
2.8432986s,1.4772617s,4.628658s,11155,281,2
2.7862973s,1.1523726s,10.5660654s,11047,281,2
2.4374908s,1.0851239s,7.9497742s,11087,281,2
2.5949802s,1.3386985s,10.7617262s,11051,281,2
2.5423196s,1.1282108s,7.8449454s,11115,281,2
2.6402556s,1.4528781s,7.7470094s,11083,281,2
2.6903159s,1.243798s,10.6663905s,11067,281,2
2.7019512s,1.1770161s,1.9123026s,11167,281,2
2.5450005s,1.3582392s,7.8458449s,11103,281,2
2.662912s,1.2761669s,4.8330125s,11135,281,2
2.8645539s,1.4031986s,4.6313706s,11159,281,2
2.4681237s,1.3388041s,5.0305s,11143,281,2
2.9139526s,1.2683041s,1.7089539s,11171,281,2
2.8030501s,1.4182645s,10.5658894s,11063,281,2
2.4490551s,1.0769825s,7.950443s,11119,281,2
2.8757172s,1.1840647s,4.6294944s,11151,281,2
2.9152664s,1.2816359s,10.460261s,11079,281,2
2.7119644s,1.2745977s,10.663563s,11071,281,2
2.9243751s,1.2903036s,1.7103099s,11187,281,2
2.7228419s,1.1821928s,10.6669192s,11075,281,2
2.7339831s,1.1695883s,1.910344s,11195,281,2
2.775868s,1.4407477s,7.6450507s,11091,281,2
2.3297149s,1.1536561s,11.0636584s,11043,281,2
2.8393064s,1.0971293s,1.8080339s,11183,281,2
2.5753168s,1.0033692s,7.8486151s,11095,281,2
2.6471565s,1.1855117s,2.0116305s,11175,281,2
2.7054514s,1.2785578s,4.8290528s,11131,281,2
3.0511058s,1.4779274s,1.6076812s,11163,281,2
2.5001692s,1.4559729s,5.0348311s,11139,281,2
2.6073023s,1.390383s,4.9325955s,11123,281,2
2.9556918s,1.2500042s,1.7098562s,11199,281,2
2.1946054s,1.0458848s,8.2553254s,11107,281,2
2.9008744s,1.2487918s,7.5490564s,11111,281,2
3.1680683s,1.3467073s,1.5089166s,11191,281,2
2.4664152s,1.0854987s,10.9635059s,11055,281,2
2.4255117s,1.1021879s,5.1340936s,11127,281,2
2.6065341s,1.0330615s,7.8539456s,11099,281,2
2.9694414s,1.3999409s,10.4604797s,11059,281,2
2.3033367s,1.0814768s,2.4133369s,11205,282,0
2.7053198s,1.1640448s,2.0144941s,11229,282,0
2.6339488s,1.0965686s,8.552776s,11153,282,0
2.7446488s,1.4077219s,5.2344989s,11165,282,0
3.0205668s,1.1738511s,1.7113743s,11225,282,0
2.4397211s,1.3174926s,8.7570177s,11137,282,0
3.2497162s,1.3740802s,4.7329705s,11169,282,0
2.7715805s,1.0326752s,11.2728309s,11113,282,0
2.7504528s,1.3727635s,8.4494966s,11141,282,0
2.33s,1.0257583s,2.4155854s,11201,282,0
3.0665706s,1.3894707s,8.1467628s,11125,282,0
2.9662901s,1.4546559s,5.0329912s,11161,282,0
2.3897519s,1.2209962s,11.6683983s,11105,282,0
2.8690677s,1.2461606s,5.1305684s,11177,282,0
2.9767602s,1.3294896s,5.0330101s,11181,282,0
2.9767602s,1.4261896s,5.03376s,11193,282,0
2.5470942s,1.1257151s,2.2155241s,11237,282,0
2.7715127s,1.2586902s,8.4579361s,11149,282,0
2.8828482s,1.2143588s,5.1325485s,11197,282,0
2.1824904s,1.0861614s,5.8329063s,11189,282,0
2.6769488s,1.3867199s,8.5529385s,11157,282,0
2.4717786s,1.0395018s,8.7581087s,11133,282,0
2.260792s,1.0835974s,2.5157492s,11233,282,0
2.5145851s,1.4164275s,11.5808291s,11085,282,0
2.4204767s,1.2372012s,11.6749375s,11089,282,0
2.2190667s,1.0734276s,11.8769274s,11097,282,0
2.7732576s,1.4857353s,2.0145062s,11209,282,0
2.7293285s,1.2609182s,11.3666656s,11081,282,0
2.5251927s,1.1334984s,11.5708014s,11117,282,0
2.7804391s,1.107723s,2.0108691s,11213,282,0
2.8074749s,1.1389948s,5.2331772s,11173,282,0
3.0187708s,1.4932047s,5.0238909s,11185,282,0
3.2140521s,1.3972251s,8.0426617s,11129,282,0
2.7838875s,1.3306709s,2.009058s,11221,282,0
3.2140521s,1.4380776s,8.0426617s,11145,282,0
2.844462s,1.1866327s,11.2746207s,11109,282,0
2.844462s,1.407811s,11.2746207s,11101,282,0
2.8994599s,1.3619793s,1.9113925s,11217,282,0
2.3461124s,1.0340774s,11.7747633s,11093,282,0
2.8240896s,1.2825723s,8.4523241s,11121,282,0
2.9075919s,1.3569289s,9.357624s,11142,282,1
2.7875241s,1.0578143s,6.2400429s,11186,282,1
2.7567719s,1.3982258s,3.1203068s,11206,282,1
2.5613916s,1.1101087s,3.3189632s,11230,282,1
2.7980592s,1.4569612s,6.24031s,11162,282,1
2.5993342s,1.2111023s,201.4758ms,11270,282,1
2.3174731s,1.2337669s,9.9610827s,11150,282,1
2.9642854s,1.3645215s,2.9160694s,11226,282,1
2.3023867s,1.0872235s,6.7390054s,11194,282,1
2.8433773s,1.2453473s,9.4568411s,11138,282,1
3.0795448s,1.4362166s,2.8224726s,11218,282,1
2.8842494s,1.3797686s,3.017768s,11238,282,1
2.3811965s,1.2170572s,3.5208209s,11234,282,1
3.2401866s,1.463718s,9.0600318s,11126,282,1
2.2193275s,1.179068s,603.1451ms,11266,282,1
2.3120331s,1.168568s,6.7479987s,11166,282,1
3.1366787s,1.4613862s,5.9286647s,11198,282,1
2.5359886s,1.1919423s,302.7992ms,11262,282,1
2.9118399s,1.4451777s,3.015591s,11202,282,1
2.7621187s,1.4287589s,9.5635132s,11134,282,1
2.3446527s,1.1561227s,503.2334ms,11258,282,1
2.6477864s,1.4124548s,6.4419106s,11178,282,1
3.1580144s,1.1744681s,5.9371094s,11182,282,1
2.5693217s,1.3406495s,9.7659887s,11146,282,1
2.851436s,1.1051101s,6.247079s,11174,282,1
2.8621421s,1.0453516s,6.2400338s,11170,282,1
2.4278985s,1.0441605s,3.5201633s,11214,282,1
2.566913s,1.0578561s,301.604ms,11254,282,1
2.7677516s,1.2030832s,100.7654ms,11278,282,1
2.669584s,1.3325372s,6.4392418s,11190,282,1
2.5324045s,1.4628941s,3.4230794s,11210,282,1
2.6947563s,1.4356293s,9.6589286s,11154,282,1
2.3335245s,1.1401905s,3.6225048s,11222,282,1
2.7785367s,1.4435236s,100.7796ms,11242,282,1
2.7785367s,1.0092355s,100.7796ms,11246,282,1
2.5958162s,1.1445803s,9.7631156s,11130,282,1
2.5958162s,1.4106403s,9.7631156s,11158,282,1
2.4963297s,1.2140791s,9.8626021s,11122,282,1
2.6839795s,1.3526422s,200.7565ms,11250,282,1
2.9688598s,1.2934684s,0s,11274,283,1
2.8961842s,1.3655494s,806.3265ms,11316,284,3
2.3899088s,1.0364281s,4.42716s,11244,284,3
2.6887197s,1.1917418s,7.2451015s,11216,284,3
2.4139046s,1.0460259s,1.3062094s,11296,284,3
3.0025962s,1.3044381s,3.8246467s,11280,284,3
2.8663419s,1.142076s,10.3711328s,11196,284,3
3.1022254s,1.3158038s,3.7250175s,11260,284,3
2.8663419s,1.4237341s,10.3711328s,11200,284,3
2.804583s,1.2740144s,4.0271767s,11256,284,3
2.9021788s,1.3687507s,7.0463333s,11212,284,3
2.3760726s,1.1285651s,10.8718597s,11184,284,3
2.5078585s,1.3255488s,4.329842s,11276,284,3
2.6263252s,1.0527215s,1.1091499s,11288,284,3
3.1167524s,1.4186007s,6.844945s,11208,284,3
3.2934794s,1.4590207s,9.9616974s,11168,284,3
2.6224166s,1.1024478s,4.2254114s,11252,284,3
2.8204132s,1.4086656s,7.1482507s,11224,284,3
2.3211898s,1.1367985s,4.5307217s,11248,284,3
2.6480365s,1.296876s,1.1067119s,11284,284,3
2.4450404s,1.1254678s,1.309708s,11320,284,3
2.4329308s,1.1631467s,4.4253068s,11264,284,3
2.8035939s,1.1702276s,10.4648755s,11176,284,3
3.1601949s,1.296876s,603.3026ms,11308,284,3
2.5364325s,1.0393666s,7.4510278s,11232,284,3
2.9458964s,1.3988469s,7.0415639s,11240,284,3
2.5532234s,1.3152051s,7.4396245s,11236,284,3
2.7520579s,1.0493564s,7.24079s,11228,284,3
2.7482821s,1.4283399s,4.1282773s,11272,284,3
2.3249409s,1.0638907s,10.9613864s,11188,284,3
2.9306556s,1.4379094s,10.3696634s,11192,284,3
2.8634307s,1.4987137s,4.0266565s,11268,284,3
2.8351928s,1.4431011s,10.4651262s,11164,284,3
2.6800877s,1.4153257s,1.1077741s,11300,284,3
2.5636984s,1.3202346s,7.4463879s,11204,284,3
2.3601438s,1.3283546s,7.6499425s,11220,284,3
2.6909185s,1.2274203s,1.1079101s,11292,284,3
2.6909185s,1.3695601s,1.1079101s,11304,284,3
2.548247s,1.0993896s,10.7634685s,11180,284,3
3.1530921s,1.4324175s,10.1586234s,11172,284,3
2.5933859s,1.1193439s,1.2058724s,11312,284,3
2.7738525s,1.3647271s,5.4349832s,11315,285,2
3.0589998s,1.3126854s,8.2521014s,11243,285,2
2.7418117s,1.0773988s,11.6757419s,11235,285,2
2.6661509s,1.0671542s,8.6501649s,11271,285,2
2.0629526s,1.0052907s,3.2209332s,11323,285,2
2.4745535s,1.2170021s,2.8180875s,11339,285,2
2.3881896s,1.0346257s,5.8346159s,11295,285,2
2.7948152s,1.1481957s,5.432769s,11299,285,2
2.5615684s,1.3405898s,11.8747337s,11227,285,2
2.8620669s,1.2202516s,11.5742352s,11223,285,2
2.5806839s,1.3919994s,2.7167358s,11351,285,2
2.6897407s,1.1117566s,2.6188296s,11355,285,2
2.7737677s,1.2433902s,11.6781489s,11215,285,2
3.1006575s,1.3413518s,2.2123767s,11347,285,2
2.8883272s,1.261171s,8.457137s,11255,285,2
2.9095563s,1.4890027s,5.3339859s,11311,285,2
2.9095563s,1.420439s,5.3339859s,11287,285,2
2.4875497s,1.1623301s,8.858258s,11275,285,2
2.6021235s,1.0036991s,2.7184673s,11327,285,2
2.8159387s,1.3385037s,5.4351381s,11303,285,2
2.2855697s,1.137529s,12.174225s,11219,285,2
3.1022655s,1.3965833s,8.2510768s,11279,285,2
2.3902074s,1.049338s,12.0820227s,11239,285,2
2.8172707s,1.2210813s,2.516077s,11359,285,2
2.3072447s,1.0200742s,9.0599817s,11251,285,2
2.7311174s,1.36977s,5.5338435s,11283,285,2
2.9301645s,1.4734538s,5.3347964s,11319,285,2
3.1064524s,1.4328282s,11.370844s,11203,285,2
2.5008722s,1.2587632s,11.9764242s,11231,285,2
2.5304019s,1.0549104s,5.7381766s,11291,285,2
2.435431s,1.0944245s,5.8365177s,11307,285,2
2.7101777s,1.0029571s,11.7739745s,11211,285,2
2.7101777s,1.3759963s,11.7739745s,11207,285,2
2.8282027s,1.425732s,2.5175781s,11343,285,2
2.9436366s,1.403829s,2.4170417s,11335,285,2
2.8488358s,1.2685926s,2.5174727s,11331,285,2
2.9516016s,1.3742879s,8.4521168s,11267,285,2
2.8463254s,1.4513047s,8.557393s,11263,285,2
2.9516016s,1.2704432s,8.4521168s,11247,285,2
2.6452172s,1.2124858s,8.759799s,11259,285,2
2.286497s,1.1274073s,0s,11379,285,2
2.4763353s,1.0377053s,0s,11363,285,2
2.4904167s,1.208406s,0s,11391,285,2
2.498369s,1.28887s,0s,11375,285,2
2.498369s,1.378918s,0s,11367,285,2
2.6593625s,1.4835238s,0s,11395,285,2
2.6645029s,1.1215796s,0s,11387,285,2
2.3853144s,1.0695042s,2.1161863s,11373,286,0
2.3372435s,1.0938114s,5.1301174s,11357,286,0
2.80775s,1.1817029s,7.8518485s,11317,286,0
2.4446467s,1.1358189s,5.0318432s,11341,286,0
2.3073354s,1.0356018s,8.3550082s,11313,286,0
2.4446467s,1.3344466s,5.0348441s,11349,286,0
2.243671s,1.1844343s,5.2358198s,11325,286,0
2.8926478s,1.4324075s,10.6708751s,11277,286,0
2.9658602s,1.2670053s,4.5238613s,11345,286,0
2.7648135s,1.1094622s,4.7275072s,11333,286,0
2.4929139s,1.3173319s,11.0779083s,11245,286,0
2.6175499s,1.277516s,1.9126214s,11369,286,0
2.2340591s,1.1074241s,8.4518782s,11305,286,0
2.6218169s,1.2250482s,1.9124065s,11381,286,0
2.8103203s,1.0344226s,10.7682648s,11269,286,0
3.0399945s,1.324836s,1.5112744s,11361,286,0
2.4302356s,1.0552431s,11.1680485s,11261,286,0
2.72526s,1.4628967s,10.8730241s,11249,286,0
2.5547219s,1.3978862s,8.1509144s,11297,286,0
2.5254554s,1.1652785s,11.0734078s,11253,286,0
2.4400675s,1.0116815s,2.1138549s,11377,286,0
2.3237083s,1.1809308s,11.2751549s,11257,286,0
2.2548179s,1.0914761s,8.4513975s,11301,286,0
2.4574399s,1.3177251s,8.2504802s,11281,286,0
2.4508158s,1.2907586s,2.1124172s,11389,286,0
2.6056279s,1.0749736s,4.9309395s,11353,286,0
2.5579698s,1.2458412s,2.0127374s,11385,286,0
2.5103063s,1.1371015s,5.0304868s,11337,286,0
2.2092314s,1.1432913s,5.3315617s,11321,286,0
2.6515284s,1.2914447s,10.9677662s,11265,286,0
3.1858537s,1.4709414s,7.5414896s,11285,286,0
2.4517008s,1.0718627s,11.1682903s,11241,286,0
3.0893012s,1.3409536s,7.6479835s,11289,286,0
2.7565553s,1.2425488s,10.8733772s,11273,286,0
2.2867272s,1.1686058s,8.4518865s,11293,286,0
2.2812695s,1.0140046s,2.3114937s,11365,286,0
2.8842027s,1.4166372s,1.7089152s,11393,286,0
2.7331456s,1.1713565s,4.8298863s,11329,286,0
2.6863873s,1.491628s,1.9107844s,11397,286,0
2.9014823s,1.3296737s,7.8474033s,11309,286,0
2.9523231s,1.4076597s,3.8248102s,11366,287,1
2.5369663s,1.1025154s,7.0459083s,11322,287,1
2.3344532s,1.0266199s,7.2484214s,11334,287,1
2.5260314s,1.0830023s,10.0649547s,11298,287,1
2.6421097s,1.4978952s,6.9446975s,11350,287,1
2.5479019s,1.1198192s,7.0419904s,11326,287,1
2.5366783s,1.2079727s,10.0613255s,11310,287,1
2.4402281s,1.3290231s,10.1641351s,11306,287,1
2.7546538s,1.4850444s,9.8574318s,11282,287,1
3.1603811s,1.3730125s,503.5512ms,11414,287,1
2.7599135s,1.3296796s,906.1633ms,11438,287,1
2.7831684s,1.4987252s,4.0238638s,11370,287,1
2.3621258s,1.3469509s,1.3078872s,11422,287,1
2.5639466s,1.3481375s,1.1060664s,11434,287,1
2.4737155s,1.4053877s,7.139451s,11354,287,1
2.6684562s,1.4221874s,1.0059163s,11426,287,1
2.7936635s,1.3230257s,4.0236943s,11374,287,1
2.3775148s,1.0580648s,7.2441928s,11330,287,1
2.569369s,1.3554017s,10.0600464s,11290,287,1
2.594209s,1.3636407s,4.2283835s,11386,287,1
2.7841356s,1.4462084s,904.424ms,11406,287,1
2.8812878s,1.1012602s,9.7629079s,11286,287,1
2.5891586s,1.1473553s,7.0469256s,11342,287,1
2.7101267s,1.0555975s,4.1300522s,11378,287,1
2.599387s,1.2200932s,7.0434547s,11358,287,1
2.3082304s,1.2400885s,4.5319485s,11362,287,1
2.5910057s,1.1635852s,10.06566s,11318,287,1
2.8026628s,1.2183372s,6.8458914s,11346,287,1
2.625709s,1.0206783s,4.2244741s,11390,287,1
2.195397s,1.0776252s,10.4684615s,11302,287,1
3.0081115s,1.4163795s,9.6598394s,11294,287,1
2.9105895s,1.3590787s,806.0964ms,11418,287,1
2.5115928s,1.2410263s,1.2066284s,11410,287,1
2.2331308s,1.1511734s,4.6284752s,11382,287,1
2.6162978s,1.3154103s,1.1076127s,11430,287,1
3.1404907s,1.4361146s,3.7239105s,11398,287,1
2.7416388s,1.1863533s,4.1262801s,11394,287,1
2.4190996s,1.1832046s,10.2610479s,11314,287,1
2.6314567s,1.1951198s,7.0405793s,11338,287,1
3.0272339s,1.4555632s,703.62ms,11402,287,1
2.7808634s,1.3179576s,2.0127662s,11460,288,3
2.2373194s,1.1439895s,5.6367273s,11404,288,3
2.9191596s,1.304607s,8.1477148s,11380,288,3
2.9191596s,1.3792423s,8.1477148s,11392,288,3
3.0506043s,1.3460008s,11.0668744s,11324,288,3
2.5589248s,1.007314s,11.5742175s,11360,288,3
2.7612922s,1.2818685s,11.3718501s,11356,288,3
2.7049835s,1.4885641s,2.1115921s,11444,288,3
2.5691443s,1.0065251s,11.5696735s,11348,288,3
2.4060075s,1.2497886s,2.4151835s,11476,288,3
2.8679705s,1.2624205s,11.2708473s,11344,288,3
2.6652629s,1.3714135s,5.2313971s,11440,288,3
3.0741948s,1.1776299s,4.8287307s,11424,288,3
2.2394115s,1.0406477s,8.8563417s,11376,288,3
2.8445477s,1.254298s,8.2512055s,11384,288,3
3.3218261s,1.4404313s,1.5090393s,11464,288,3
2.8795787s,1.3552913s,5.0276998s,11420,288,3
2.7830185s,1.0404759s,11.367692s,11336,288,3
2.9755845s,1.4302673s,4.931694s,11428,288,3
2.8245052s,1.4501373s,2.0117419s,11472,288,3
2.9855954s,1.2306991s,11.1682785s,11328,288,3
2.4839872s,1.3212821s,11.6698867s,11332,288,3
2.8553274s,1.2306658s,8.2525089s,11364,288,3
2.280089s,1.0137979s,5.6349196s,11432,288,3
2.4278513s,1.150853s,2.4155304s,11480,288,3
2.6860305s,1.2377099s,11.4784744s,11352,288,3
2.7588754s,1.3706064s,8.3550252s,11400,288,3
2.6632668s,1.2431728s,8.4506338s,11388,288,3
2.5341402s,1.0394839s,2.3157s,11448,288,3
2.5341402s,1.3126698s,2.3157s,11452,288,3
2.7694114s,1.2952512s,8.3552228s,11396,288,3
2.8766036s,1.44582s,8.2519935s,11372,288,3
2.6116478s,1.2171052s,11.5705232s,11340,288,3
2.7074904s,1.3601522s,5.2312486s,11436,288,3
2.7074904s,1.2964497s,5.2312486s,11408,288,3
3.1928277s,1.437313s,7.9488841s,11368,288,3
2.7179182s,1.2302921s,5.2309659s,11412,288,3
2.7598317s,1.3527291s,2.1144531s,11468,288,3
2.6310663s,1.1410409s,5.3320101s,11416,288,3
2.7808634s,1.2160252s,2.1129729s,11456,288,3
2.9716309s,1.2131838s,1.3065631s,11483,289,2
2.4680362s,1.1622047s,8.1482998s,11419,289,2
3.278963s,1.4935192s,7.3399111s,11431,289,2
2.4102259s,1.0650333s,4.9339458s,11459,289,2
2.4792777s,1.2240108s,1.8097814s,11519,289,2
3.0224776s,1.2021318s,4.3257605s,11451,289,2
2.7282852s,1.4985513s,4.6251628s,11455,289,2
2.8256604s,1.4516765s,4.5295054s,11479,289,2
3.0900009s,1.2553033s,7.5484958s,11423,289,2
3.0337773s,1.4985513s,4.3257564s,11447,289,2
2.8962985s,1.3563026s,1.4093792s,11499,289,2
2.5006985s,1.1600303s,1.8118282s,11495,289,2
2.7428428s,1.2925457s,4.6288629s,11443,289,2
2.67517s,1.1027783s,10.9664592s,11399,289,2
2.4132107s,1.1931252s,8.2478449s,11435,289,2
2.917845s,1.2419855s,1.4095626s,11507,289,2
3.059179s,1.3816186s,4.3274076s,11471,289,2
2.9909605s,1.3763069s,10.6655496s,11371,289,2
2.9178068s,1.4775773s,7.7477428s,11439,289,2
3.0236135s,1.256499s,1.3052266s,11503,289,2
2.7296076s,1.132707s,7.9470948s,11427,289,2
2.7296076s,1.0888968s,7.9470948s,11403,289,2
2.2246583s,1.080665s,8.4520441s,11411,289,2
2.532177s,1.256499s,1.8120187s,11491,289,2
2.9792578s,1.3763819s,4.4270758s,11475,289,2
2.4356293s,1.3135615s,1.9132737s,11515,289,2
2.1389986s,1.0004839s,2.2152124s,11511,289,2
2.3419986s,1.1085062s,8.3503544s,11415,289,2
2.646068s,1.3314282s,8.0521752s,11407,289,2
2.7941448s,1.1259517s,4.6266164s,11463,289,2
2.9246071s,1.4954031s,10.7660776s,11383,289,2
2.6509508s,1.326509s,1.7106314s,11487,289,2
2.4952328s,1.2170312s,4.9310269s,11467,289,2
2.4747846s,1.3117176s,403.9469ms,11578,290,1
2.3770607s,1.0097123s,502.9428ms,11562,290,1
2.3770607s,1.209668s,502.9428ms,11594,290,1
2.7808883s,1.3178525s,101.3098ms,11598,290,1
2.7813884s,1.3073609s,9.3619357s,11454,290,1
2.475853s,1.221785s,6.54377s,11506,290,1
2.274905s,1.16776s,3.6199668s,11554,290,1
2.5902536s,1.084094s,300.7292ms,11570,290,1
2.5793078s,1.3867368s,3.3180703s,11550,290,1
2.8893632s,1.3087457s,6.1415866s,11494,290,1
2.6911525s,1.1852061s,9.4656439s,11466,290,1
2.6871824s,1.2260315s,3.223192s,11558,290,1
2.2081458s,1.1128353s,9.9655321s,11442,290,1
2.9006086s,1.2032117s,3.0224715s,11530,290,1
2.7055483s,1.074285s,6.342283s,11510,290,1
3.0051129s,1.4813042s,6.0427184s,11486,290,1
3.0063953s,1.4954094s,2.9173561s,11526,290,1
3.1258466s,1.206363s,9.0570001s,11450,290,1
2.9214892s,1.1412245s,3.0208345s,11522,290,1
3.1247512s,1.4954748s,5.9423237s,11498,290,1
2.738654s,1.1913576s,201.2126ms,11590,290,1
2.8340265s,1.4141251s,6.2403945s,11518,290,1
2.7282206s,1.2134929s,3.2214492s,11546,290,1
2.844477s,1.3959189s,9.3629164s,11462,290,1
2.7372978s,1.4319679s,6.344249s,11490,290,1
2.345524s,1.009758s,9.8618694s,11470,290,1
2.4459703s,1.1307281s,9.7614231s,11458,290,1
2.9430873s,1.3192074s,3.0185646s,11542,290,1
2.9595469s,1.3827851s,0s,11582,290,1
2.5502235s,1.2499232s,3.4208262s,11538,290,1
2.5502235s,1.3888631s,3.4208262s,11534,290,1
2.7557755s,1.176218s,9.465872s,11474,290,1
2.6528326s,1.2733614s,6.4429683s,11514,290,1
2.4626593s,1.308503s,9.7589882s,11446,290,1
2.5743994s,1.0371741s,9.6578985s,11478,290,1
2.6636727s,1.3222387s,6.4427786s,11482,290,1
2.6636727s,1.2753135s,6.4427786s,11502,290,1
2.6741715s,1.2512562s,301.1333ms,11574,290,1
2.9914062s,1.3928661s,0s,11566,290,1
3.0742644s,1.3711497s,0s,11586,291,1
2.8654319s,1.2660347s,2.5164106s,11533,290,0
2.2399998s,1.144754s,9.3566176s,11473,290,0
2.6978216s,1.0170423s,11.8773273s,11413,290,0
3.0549589s,1.4945678s,8.5506916s,11441,290,0
2.6144631s,1.1052554s,5.9362285s,11505,290,0
2.8095142s,1.4873063s,11.7770891s,11421,290,0
3.0859186s,1.3557373s,2.3152435s,11549,290,0
2.4243279s,1.1141131s,6.1366502s,11501,290,0
2.8613338s,1.4687685s,8.7546032s,11469,290,0
2.5252679s,1.2681528s,6.0357102s,11493,290,0
2.5107089s,1.0638319s,12.0783154s,11433,290,0
2.6237409s,1.4360726s,11.9761126s,11437,290,0
2.6694774s,1.4178243s,8.9572888s,11465,290,0
2.9710088s,1.4547371s,8.6557574s,11453,290,0
2.3265697s,1.0874177s,12.2805489s,11425,290,0
2.6974333s,1.3535733s,2.7218231s,11557,290,0
2.232168s,1.0374473s,12.3768501s,11401,290,0
3.0020796s,1.2864633s,2.4190763s,11553,290,0
2.7449365s,1.3719018s,5.8360354s,11481,290,0
2.232168s,1.0888252s,12.3768501s,11417,290,0
2.9070527s,1.4750135s,2.5141032s,11529,290,0
2.7082233s,1.2894874s,2.7168118s,11545,290,0
2.6472752s,1.4547432s,5.94202s,11489,290,0
3.159816s,1.2532027s,5.4337825s,11509,290,0
2.960494s,1.3912663s,5.6358118s,11517,290,0
2.3602435s,1.1644601s,6.2382191s,11513,290,0
2.4975523s,1.0069328s,9.1558692s,11477,290,0
2.2616778s,1.0261195s,6.3367848s,11497,290,0
2.3976468s,1.1074548s,9.2557747s,11445,290,0
2.6335535s,1.2388307s,2.816932s,11525,290,0
2.4653697s,1.0565721s,12.1784341s,11409,290,0
2.9730873s,1.260154s,11.6707165s,11405,290,0
2.4124829s,1.1321978s,9.2582336s,11457,290,0
3.3398749s,1.4604641s,2.1160667s,11541,290,0
2.6181273s,1.1148612s,9.0595306s,11461,290,0
2.6181273s,1.4654695s,9.0595306s,11449,290,0
2.4889717s,1.0305709s,6.1389534s,11485,290,0
2.7821296s,1.229117s,11.8738417s,11429,290,0
2.7556469s,1.1768967s,2.7154616s,11521,290,0
2.6549548s,1.3865101s,2.8161537s,11537,290,0
2.4570184s,1.0147589s,0s,11561,290,0
2.4964593s,1.3748151s,0s,11589,290,0
2.4989578s,1.2639607s,0s,11577,290,0
2.7031358s,1.2881203s,11.2712565s,11520,292,3
2.2014599s,1.1238915s,11.7729324s,11500,292,3
2.9204497s,1.2867111s,7.8403106s,11540,292,3
2.2134796s,1.0960033s,8.5472807s,11556,292,3
2.5429203s,1.0043893s,2.212602s,11640,292,3
2.5085271s,1.2507343s,11.4658652s,11504,292,3
2.4009339s,1.1841493s,11.5734584s,11496,292,3
3.213632s,1.3363135s,10.7607603s,11488,292,3
2.6481706s,1.4219169s,2.1142471s,11636,292,3
2.857156s,1.0813279s,1.911022s,11624,292,3
2.4707034s,1.204541s,5.3315071s,11580,292,3
2.6587646s,1.2569282s,2.1135549s,11612,292,3
2.3607964s,1.1903738s,2.4164747s,11604,292,3
2.7775309s,1.1410108s,5.0350783s,11588,292,3
2.5193521s,1.4223279s,11.4796255s,11508,292,3
2.9312767s,1.2544711s,7.8540689s,11548,292,3
2.7279657s,1.1264462s,8.0573799s,11544,292,3
2.6690026s,1.1404115s,2.1175857s,11608,292,3
2.7731171s,1.3704509s,2.013839s,11620,292,3
2.7879228s,1.4769525s,5.0328203s,11572,292,3
2.5446415s,1.4811284s,8.2539698s,11528,292,3
2.8937413s,1.1322355s,4.9317859s,11596,292,3
2.5984161s,1.1207518s,5.2364344s,11568,292,3
2.6898635s,1.2996793s,2.114956s,11628,292,3
3.0562262s,1.2914118s,10.9674633s,11512,292,3
2.9627187s,1.2610693s,7.8473388s,11532,292,3
2.2577899s,1.0353637s,8.5522676s,11524,292,3
2.3936102s,1.1942594s,2.4158924s,11632,292,3
2.0950606s,1.0100795s,2.7168635s,11616,292,3
2.9727364s,1.4547592s,7.8524165s,11560,292,3
2.9718069s,1.2430524s,11.0698236s,11492,292,3
2.6681116s,1.0967351s,11.3735189s,11484,292,3
2.7682832s,1.0252025s,11.2733473s,11516,292,3
2.7255667s,1.3544195s,5.1319179s,11564,292,3
3.0325016s,1.4780679s,4.8312516s,11576,292,3
2.6301919s,1.0042169s,5.2335613s,11592,292,3
2.889043s,1.2626718s,7.9558088s,11536,292,3
2.2349167s,1.0077326s,5.6403776s,11600,292,3
2.6406555s,1.4182793s,5.2367247s,11584,292,3
2.3961516s,1.0914081s,8.453965s,11552,292,3
2.1918399s,1.1288262s,0s,11668,292,3
2.2548431s,1.0905706s,0s,11648,292,3
2.2756669s,1.2009474s,0s,11652,292,3
2.2968772s,1.2760369s,0s,11660,292,3
2.3812894s,1.1233916s,0s,11644,292,3
2.8476916s,1.4897497s,1.7117954s,11671,293,2
2.4853573s,1.2728188s,5.2337318s,11631,293,2
2.4514292s,1.010575s,2.1126654s,11643,293,2
3.1128601s,1.3052266s,10.8650777s,11527,293,2
2.5565236s,1.0359169s,2.0116746s,11679,293,2
2.8141036s,1.3070003s,11.1729193s,11543,293,2
2.6121398s,1.1470636s,11.3748831s,11555,293,2
2.5903587s,1.1396066s,8.0485623s,11599,293,2
2.5903587s,1.0555998s,8.0481254s,11595,293,2
2.6016147s,1.0741295s,5.1287492s,11627,293,2
2.1109213s,1.0755298s,11.8858502s,11523,293,2
2.6971762s,1.3151461s,7.9568572s,11571,293,2
2.6768885s,1.4983015s,1.9118405s,11667,293,2
2.5265295s,1.2833512s,11.4760427s,11551,293,2
2.4104519s,1.1374521s,5.3355509s,11619,293,2
3.0815472s,1.2353943s,1.5088874s,11651,293,2
2.7083995s,1.2715905s,7.951124s,11579,293,2
2.9085571s,1.4995341s,7.7509664s,11563,293,2
3.3485388s,1.4702444s,10.6636449s,11559,293,2
2.7256116s,1.3906476s,5.0294762s,11639,293,2
2.8907826s,1.337717s,1.7101068s,11655,293,2
2.8440637s,1.3515954s,4.9316512s,11607,293,2
2.5048545s,1.3101446s,2.1141131s,11675,293,2
2.4340267s,1.291431s,8.2553116s,11583,293,2
2.3674146s,1.1367078s,11.6803571s,11547,293,2
3.1567473s,1.4595518s,4.6339285s,11615,293,2
2.6434107s,1.123167s,8.0558222s,11587,293,2
2.7495183s,1.4544771s,7.9532091s,11575,293,2
2.3778829s,1.0214515s,11.6733833s,11539,293,2
2.6218016s,1.2387709s,2.0156214s,11647,293,2
2.6542396s,1.4810434s,8.0545868s,11591,293,2
2.6635258s,1.4155254s,5.1367435s,11623,293,2
2.5662091s,1.0256132s,5.2372173s,11611,293,2
2.7603556s,1.4810434s,7.9516279s,11567,293,2
2.4835492s,1.1139133s,11.5769731s,11535,293,2
2.793048s,1.4033302s,11.268542s,11531,293,2
2.5700611s,1.3097311s,5.2349905s,11635,293,2
2.7793626s,1.3426155s,5.0297288s,11603,293,2
2.4389406s,1.1225196s,2.2134035s,11663,293,2
2.8465218s,1.4304163s,1.8103259s,11659,293,2
2.4760289s,1.2928658s,5.9414682s,11669,294,0
2.4699867s,1.3231048s,2.7188271s,11713,294,0
3.076638s,1.3620429s,2.1121758s,11681,294,0
2.7768436s,1.0473349s,2.414099s,11689,294,0
2.8236721s,1.4471023s,11.3820796s,11585,294,0
2.4753072s,1.1761392s,8.8593967s,11629,294,0
2.8265738s,1.0409684s,11.3791779s,11569,294,0
2.4015668s,1.1768648s,6.0337354s,11677,294,0
2.3839887s,1.0824534s,2.8208248s,11705,294,0
2.4870066s,1.0562812s,8.8586046s,11621,294,0
2.4976563s,1.2913754s,8.8552446s,11605,294,0
2.5511738s,1.2969145s,11.6727749s,11593,294,0
2.5113096s,1.2675451s,5.9312823s,11641,294,0
2.6074996s,1.1335377s,5.8350923s,11653,294,0
2.7531031s,1.074807s,11.4708456s,11573,294,0
2.6554284s,1.0455144s,11.5723079s,11597,294,0
2.910309s,1.3940849s,8.4531946s,11633,294,0
2.6053324s,1.064505s,2.6177516s,11717,294,0
2.5090715s,1.344503s,8.8548102s,11625,294,0
2.809145s,1.321384s,8.5547367s,11617,294,0
2.7103207s,1.1275467s,8.655565s,11613,294,0
2.8087101s,1.4456344s,2.4163779s,11701,294,0
2.5214414s,1.20401s,5.9393229s,11649,294,0
2.5128318s,1.0887655s,2.7174438s,11693,294,0
2.820068s,1.3167029s,2.4155173s,11697,294,0
3.2304887s,1.4386728s,5.2355853s,11645,294,0
2.5320295s,1.1909215s,5.9340445s,11657,294,0
2.8710478s,1.4026055s,11.376383s,11581,294,0
2.4254254s,1.2070843s,6.0406486s,11665,294,0
2.830763s,1.0705848s,8.5555775s,11637,294,0
2.5324434s,1.4259673s,2.7184621s,11685,294,0
2.792331s,1.2265737s,11.4812545s,11565,294,0
2.5518116s,1.2487797s,8.8540555s,11609,294,0
2.1573413s,1.0427034s,6.3382168s,11673,294,0
2.7657022s,1.2010355s,5.7352175s,11661,294,0
2.4535719s,1.1013019s,8.9576568s,11601,294,0
2.4491923s,1.3339978s,2.8212387s,11709,294,0
2.2534062s,1.0626404s,0s,11733,294,0
2.5167279s,1.2730313s,0s,11737,294,0
2.6237309s,1.1561127s,10.1621784s,11622,295,1
2.6283442s,1.3224925s,10.1640108s,11638,295,1
2.6297015s,1.4158275s,7.34521s,11654,295,1
2.1246575s,1.041167s,7.850254s,11666,295,1
2.7692152s,1.4853627s,4.3249799s,11698,295,1
2.3659729s,1.0839528s,4.7282222s,11694,295,1
2.5324164s,1.4273776s,10.2672022s,11602,295,1
2.3998423s,1.0725864s,1.7112555s,11726,295,1
2.4417999s,1.1746566s,7.5459285s,11662,295,1
2.6511022s,1.3120548s,7.3415042s,11674,295,1
2.484226s,1.0116794s,4.6319458s,11706,295,1
2.5164621s,1.3518068s,1.6106105s,11754,295,1
2.9942658s,1.4080408s,4.1270726s,11718,295,1
2.3565954s,1.0561905s,10.4661515s,11618,295,1
2.2914981s,1.0884728s,4.8314405s,11690,295,1
2.7259924s,1.1919422s,1.4085279s,11758,295,1
2.5998128s,1.1296686s,4.532842s,11686,295,1
2.7057676s,1.2435918s,4.4296409s,11702,295,1
2.6654672s,1.1717437s,10.1697496s,11626,295,1
2.6328294s,1.1421944s,1.5097199s,11734,295,1
2.4318991s,1.0626232s,1.7106502s,11742,295,1
2.4094683s,1.1601958s,4.7303735s,11710,295,1
2.8823648s,1.2554935s,7.1509685s,11658,295,1
2.7467645s,1.4209382s,1.4099382s,11750,295,1
2.5496843s,1.1702286s,1.6083045s,11730,295,1
2.7876897s,1.3781152s,7.2516965s,11670,295,1
2.4893567s,1.2766071s,10.367473s,11614,295,1
2.6534535s,1.2390681s,1.5093021s,11746,295,1
2.2278725s,1.0839528s,4.93069s,11714,295,1
2.4936334s,1.3164029s,7.5472939s,11650,295,1
2.8616774s,1.4988791s,1.308672s,11722,295,1
2.303912s,1.0445422s,10.5694705s,11606,295,1
2.9513406s,1.4093002s,4.2222336s,11682,295,1
2.3994782s,1.0456494s,10.4739043s,11630,295,1
2.4103239s,1.2727489s,7.6461522s,11642,295,1
2.8121062s,1.4931453s,10.0618134s,11634,295,1
2.8722723s,1.4022566s,1.3075732s,11738,295,1
2.6188727s,1.3480685s,7.4455131s,11678,295,1
2.6188727s,1.4767822s,7.4455131s,11646,295,1
2.817072s,1.3644075s,10.0647985s,11610,295,1
3.2311187s,1.47306s,2.2127422s,11776,296,3
2.9327469s,1.398454s,2.5155289s,11784,296,3
2.0771598s,1.0287294s,6.2356175s,11744,296,3
2.5651668s,1.1830338s,11.4715293s,11676,296,3
2.3335578s,1.237137s,3.1183104s,11772,296,3
2.5430068s,1.4008723s,2.9171773s,11788,296,3
2.6476649s,1.2591464s,2.8184286s,11792,296,3
2.5929581s,1.3820313s,5.7422441s,11736,296,3
2.6875175s,1.3795882s,8.3570183s,11704,296,3
2.3927159s,1.3405003s,5.9424863s,11760,296,3
2.388135s,1.0839367s,8.6564008s,11716,296,3
2.3971523s,1.1356755s,5.9380499s,11752,296,3
2.6945791s,1.3557803s,5.6406231s,11740,296,3
2.5898557s,1.1561678s,8.4546801s,11708,296,3
2.6984262s,1.3453484s,8.3494104s,11720,296,3
2.7093336s,1.3386693s,8.3453025s,11692,296,3
2.5633997s,1.1666547s,2.9174013s,11780,296,3
2.6095408s,1.3415748s,5.7357617s,11748,296,3
2.3039781s,1.1561678s,8.750658s,11700,296,3
2.511346s,1.4510424s,11.5722555s,11672,296,3
2.5252013s,1.2149849s,5.8380738s,11732,296,3
3.0109928s,1.3567462s,11.0731963s,11656,296,3
2.5154719s,1.4929051s,8.5577244s,11688,296,3
2.6347577s,1.1476521s,5.7310748s,11756,296,3
2.8209923s,1.4726438s,11.2651666s,11664,296,3
2.3361159s,1.1133756s,8.7535355s,11696,296,3
2.4067316s,1.0408479s,3.1187533s,11768,296,3
2.7352999s,1.3635422s,11.3750129s,11680,296,3
2.4527293s,1.2205037s,8.6511493s,11712,296,3
2.9187343s,1.320514s,2.6174646s,11796,296,3
2.4173378s,1.0380004s,3.1188611s,11800,296,3
2.8645015s,1.4764029s,5.5361989s,11724,296,3
2.3653554s,1.1499784s,6.0397906s,11728,296,3
2.2171619s,1.0185573s,3.3234826s,11764,296,3
2.5580565s,1.1133756s,8.5564231s,11684,296,3
2.3556616s,1.0834583s,0s,11804,296,3
2.4839808s,1.3118097s,0s,11816,296,3
2.3867516s,1.2063625s,1.5099927s,11823,297,2
2.7024284s,1.1317071s,7.4435982s,11751,297,2
2.608723s,1.2020811s,7.5477821s,11735,297,2
2.9023052s,1.3204725s,1.0067578s,11815,297,2
3.2197811s,1.4305769s,6.9397593s,11739,297,2
2.869799s,1.3285578s,10.1660142s,11687,297,2
2.8202283s,1.3001085s,7.3501065s,11723,297,2
2.5224544s,1.1502077s,7.6478804s,11759,297,2
2.4099052s,1.1691985s,1.5111473s,11839,297,2
3.0295012s,1.3941234s,3.9210525s,11763,297,2
2.5130375s,1.2238582s,0s,11820,296,3
2.4205834s,1.2291067s,1.5087904s,11831,297,2
2.3802437s,1.2706909s,10.6682114s,11699,297,2
2.3382535s,1.2821907s,4.6242049s,11787,297,2
2.7940215s,1.3802679s,10.258017s,11719,297,2
2.9440117s,1.4788931s,4.0241232s,11767,297,2
3.2377496s,1.4811394s,703.5301ms,11807,297,2
2.5416488s,1.2714097s,7.6495891s,11755,297,2
2.3948584s,1.0956158s,10.6661785s,11683,297,2
2.6411783s,1.2025968s,1.307134s,11811,297,2
2.5479142s,1.1206591s,4.4298993s,11783,297,2
2.4514481s,1.3593845s,4.5302438s,11775,297,2
2.4547029s,1.166946s,4.526989s,11795,297,2
2.7553821s,1.3780281s,7.4487707s,11731,297,2
2.5062391s,1.1559697s,10.5677127s,11691,297,2
2.554994s,1.3900301s,7.6491588s,11743,297,2
3.0630995s,1.2088465s,7.1481231s,11727,297,2
2.5652963s,1.4770183s,7.6459263s,11747,297,2
3.059517s,1.4950983s,905.3377ms,11835,297,2
2.7225663s,1.4039157s,10.3730032s,11695,297,2
2.6790036s,1.2059672s,4.3269858s,11799,297,2
2.3220344s,1.1085738s,10.7735351s,11707,297,2
2.7858492s,1.3027394s,4.2244139s,11771,297,2
2.5741937s,1.2180205s,1.4087802s,11803,297,2
2.2725943s,1.1238775s,1.7103796s,11827,297,2
2.5378044s,1.2221248s,10.5642508s,11715,297,2
2.5378044s,1.0696394s,10.5642508s,11711,297,2
2.6452324s,1.219692s,10.4568228s,11703,297,2
2.2921465s,1.0367158s,4.7298659s,11791,297,2
2.9971682s,1.3091742s,4.0248442s,11779,297,2
2.4830386s,1.1691985s,1.5094726s,11819,297,2
2.5997236s,1.2888167s,0s,11828,296,3
2.7051324s,1.1114326s,0s,11840,296,3
2.9073402s,1.0635909s,11.1688475s,11725,298,0
2.8048915s,1.202512s,11.2712962s,11749,298,0
2.3376032s,1.0228237s,5.3338441s,11809,298,0
3.0459454s,1.4077037s,4.6255019s,11801,298,0
2.6001043s,1.1058026s,11.4760834s,11729,298,0
2.6036831s,1.3090547s,11.4725046s,11721,298,0
3.2112597s,1.3531955s,10.864928s,11745,298,0
2.6001043s,1.4332852s,11.4760834s,11753,298,0
2.5208525s,1.260773s,8.3486615s,11765,298,0
2.4260711s,1.0391822s,2.2125699s,11853,298,0
2.727081s,1.0612722s,1.91156s,11841,298,0
2.4371513s,1.0811275s,8.4567931s,11797,298,0
2.970931s,1.3738549s,4.7308147s,11833,298,0
2.6458688s,1.2791778s,2.0148368s,11861,298,0
2.8753755s,1.3834112s,4.8354738s,11805,298,0
2.4576478s,1.2117178s,8.4506346s,11781,298,0
2.9824778s,1.3368161s,4.7323239s,11829,298,0
2.5795358s,1.0807979s,5.1352659s,11813,298,0
2.4512884s,1.2651927s,2.2175679s,11865,298,0
2.8470605s,1.3719049s,11.2724816s,11741,298,0
2.9824778s,1.2646436s,4.7323239s,11817,298,0
3.1595776s,1.4412768s,1.5092787s,11869,298,0
2.9576599s,1.3794183s,1.7111964s,11849,298,0
2.854205s,1.383536s,11.2688558s,11757,298,0
2.2598842s,1.0176444s,8.6519169s,11777,298,0
2.6673021s,1.3457521s,8.2473462s,11769,298,0
2.773113s,1.0014761s,8.1479501s,11789,298,0
2.774718s,1.4213828s,1.9108791s,11845,298,0
2.6779378s,1.1044064s,2.0120688s,11873,298,0
2.9816578s,1.4284493s,1.7083488s,11857,298,0
2.6796035s,1.2507899s,8.2498292s,11761,298,0
2.6796035s,1.3832508s,8.2498292s,11793,298,0
2.4106615s,1.1376999s,5.3346768s,11837,298,0
3.1934807s,1.4764491s,7.7453383s,11785,298,0
2.3822941s,1.0116187s,2.3170988s,11877,298,0
2.6228189s,1.3350792s,5.1311418s,11825,298,0
2.7296841s,1.0249972s,5.0323626s,11821,298,0
3.0046346s,1.3402922s,7.9508928s,11773,298,0
3.084346s,1.461772s,906.0907ms,11918,299,1
2.7651357s,1.3003315s,10.3650537s,11762,299,1
2.8610348s,1.2896997s,10.2696148s,11774,299,1
3.062196s,1.2283227s,10.0679934s,11782,299,1
2.472541s,1.0614459s,10.6645981s,11766,299,1
2.5291411s,1.0741678s,7.545802s,11834,299,1
2.8896994s,1.2838176s,1.107687s,11882,299,1
2.8530002s,1.359394s,4.1269248s,11866,299,1
2.472541s,1.0062006s,10.6645981s,11786,299,1
2.8530002s,1.3883536s,4.1269248s,11878,299,1
2.188696s,1.0193636s,1.8122307s,11894,299,1
2.554866s,1.3056532s,4.4304034s,11850,299,1
2.6572088s,1.1915973s,4.330676s,11862,299,1
2.2953343s,1.0968191s,1.7100119s,11914,299,1
2.8048676s,1.4268431s,1.2066372s,11906,299,1
2.8467772s,1.492821s,7.2470883s,11802,299,1
2.3432425s,1.2756848s,7.750623s,11818,299,1
2.9881062s,1.3356572s,10.1679553s,11798,299,1
2.1841278s,1.0705485s,10.9719337s,11770,299,1
2.7974038s,1.4365714s,10.3586577s,11790,299,1
2.5725085s,1.0457577s,4.4312758s,11846,299,1
2.9825386s,1.1455643s,4.0212457s,11870,299,1
2.788873s,1.2067365s,4.2274425s,11854,299,1
2.8993185s,1.1303099s,4.1288888s,11842,299,1
2.6776021s,1.2175063s,7.4456233s,11830,299,1
2.441197s,1.0473787s,1.6112118s,11886,299,1
2.8211468s,1.3448664s,10.3710147s,11794,299,1
2.9099843s,1.1623304s,4.1296615s,11858,299,1
3.0950181s,1.4764622s,7.0413996s,11810,299,1
2.7519705s,1.420455s,1.3068905s,11910,299,1
3.0950181s,1.4528055s,7.0422728s,11814,299,1
2.698583s,1.1302673s,7.4432059s,11822,299,1
2.4974315s,1.000451s,7.6443574s,11838,299,1
2.4974315s,1.0065864s,7.6443574s,11806,299,1
2.5205134s,1.1082297s,4.5271629s,11874,299,1
2.2462503s,1.144613s,10.9657114s,11778,299,1
2.4626454s,1.2466942s,1.6095636s,11902,299,1
2.8646035s,1.3286541s,1.2076055s,11890,299,1
2.472745s,1.3620063s,1.6070943s,11898,299,1
2.5079991s,1.3216388s,7.64986s,11826,299,1
2.3800491s,1.2946137s,602.2856ms,11984,300,3
2.8808122s,1.2822151s,6.1367291s,11896,300,3
2.6781042s,1.3690099s,6.3394371s,11892,300,3
2.377192s,1.0819246s,6.6403493s,11884,300,3
2.6312046s,1.1732738s,9.3566118s,11872,300,3
2.3841324s,1.0380083s,603.6073ms,11976,300,3
2.9912893s,1.2540172s,0s,11972,300,3
2.5366187s,1.2106789s,9.4602962s,11848,300,3
2.7445622s,1.1575377s,3.3185749s,11960,300,3
2.8959103s,1.2124736s,100.9279ms,11996,300,3
2.4997355s,1.0696017s,6.5427362s,11916,300,3
3.0126284s,1.4628663s,0s,11968,300,3
2.6044876s,1.4512481s,6.4404304s,11912,300,3
3.0654937s,1.2398235s,3.0159398s,11932,300,3
2.2601529s,1.1512701s,3.8212806s,11928,300,3
3.0662989s,1.4891439s,3.0151346s,11956,300,3
2.3664846s,1.1210659s,3.7231157s,11936,300,3
3.0955992s,1.3189158s,12.0795907s,11832,300,3
2.518411s,1.3183875s,6.5403564s,11920,300,3
2.9677871s,1.3414056s,9.0587674s,11844,300,3
2.5680231s,1.0536364s,9.4585314s,11856,300,3
3.0264778s,1.4567116s,0s,12000,301,3
2.7194268s,1.2956692s,6.3393406s,11900,300,3
2.7131305s,1.4098312s,12.4836023s,11824,301,3
2.3797706s,1.0140492s,9.6683268s,11864,301,3
2.5441348s,1.3097469s,6.5391309s,11908,301,3
2.8942571s,1.4417327s,9.1567957s,11868,301,3
2.6983496s,1.0626082s,3.4189254s,11948,301,3
2.4037037s,1.3570508s,3.7193884s,11924,301,3
2.8057656s,1.392955s,3.3173265s,11952,301,3
2.5993147s,1.0567277s,9.4575552s,11880,301,3
2.7985157s,1.4342716s,9.2583542s,11852,301,3
3.1270983s,1.2432293s,12.078407s,11808,301,3
2.8642971s,1.3982025s,201.477ms,11980,301,3
2.7641047s,1.2534619s,301.6694ms,11992,301,3
2.5087868s,1.3377794s,3.6232862s,11944,301,3
2.9659907s,1.3536072s,6.1369767s,11888,301,3
2.851903s,1.0491074s,12.3725971s,11836,301,3
2.572533s,1.0902137s,503.255ms,11964,301,3
2.8679735s,1.3401487s,6.2401041s,11904,301,3
2.2191535s,1.0034892s,9.859462s,11876,301,3
2.7238875s,1.4498032s,3.4209502s,11940,301,3
3.1486354s,1.4856809s,12.0786155s,11812,301,3
2.9251248s,1.4705798s,9.1557529s,11860,301,3
2.4789989s,1.2117922s,603.508ms,11988,301,3
2.7021503s,1.0913925s,11.1650834s,11871,301,2
2.4632019s,1.427469s,2.5180186s,11963,301,2
2.602242s,1.2040563s,11.2706965s,11875,301,2
2.89579s,1.4996888s,10.9771485s,11855,301,2
2.4310013s,1.0584869s,5.4342723s,11935,301,2
2.6430482s,1.0786435s,5.2290844s,11955,301,2
2.4844469s,1.0554115s,2.5122441s,11971,301,2
2.7414955s,1.2113616s,8.2544275s,11895,301,2
2.2452856s,1.1082744s,5.6369747s,11923,301,2
2.2203362s,1.0159316s,11.6713768s,11867,301,2
2.6584716s,1.3862413s,5.233711s,11943,301,2
2.6238978s,1.3319735s,11.2777375s,11863,301,2
3.0508384s,1.4787821s,7.9550069s,11911,301,2
2.5002781s,1.0042486s,2.5142074s,11999,301,2
2.4630136s,1.225686s,5.4319176s,11927,301,2
2.8026404s,1.0857405s,2.213601s,11967,301,2
2.6045054s,1.1651062s,2.4145123s,11979,301,2
2.5610279s,1.4317608s,8.4536882s,11891,301,2
2.963672s,1.4341098s,8.0510441s,11903,301,2
2.8460791s,1.4106085s,11.0666874s,11843,301,2
2.8412353s,1.3668466s,11.0715312s,11859,301,2
2.8786898s,1.2058439s,5.0309728s,11931,301,2
2.6149795s,1.2875066s,2.4159933s,11987,301,2
2.0835934s,1.0568856s,5.8349775s,11947,301,2
3.1303226s,1.3538086s,1.9095585s,11975,301,2
2.6863068s,1.2095808s,5.2322641s,11951,301,2
2.8568107s,1.1342151s,11.0712129s,11847,301,2
2.6862901s,1.1393177s,8.35309s,11915,301,2
2.2368217s,1.0299958s,2.8157736s,11983,301,2
2.5700282s,1.4385082s,11.375497s,11851,301,2
2.772382s,1.4493823s,11.1731432s,11879,301,2
2.5087948s,1.1385456s,5.4334847s,11959,301,2
2.8053307s,1.0196169s,8.2506115s,11887,301,2
2.4969865s,1.2329404s,8.5584912s,11899,301,2
2.7568262s,1.1517762s,2.3148992s,11991,301,2
2.8154841s,1.0289917s,8.251395s,11883,301,2
2.6104707s,1.2584208s,8.4564084s,11919,301,2
2.7607685s,1.3959781s,2.3137581s,11995,301,2
2.7211476s,1.2772887s,5.2320688s,11939,301,2
3.1136627s,1.3507678s,7.9532164s,11907,301,2
2.578447s,1.2350091s,11.0671744s,11913,302,0
2.4017139s,1.0434349s,8.2487057s,11945,302,0
2.869316s,1.1663235s,1.6089843s,12037,302,0
3.0724589s,1.3207197s,1.4087555s,12013,302,0
2.6067577s,1.1368628s,8.0501894s,11957,302,0
2.6730345s,1.1807051s,5.0331724s,11989,302,0
2.674619s,1.2743586s,5.0315879s,11997,302,0
2.7806878s,1.2600862s,4.9296011s,11977,302,0
2.9948531s,1.3960318s,10.670694s,11897,302,0
2.1935222s,1.0776396s,11.474458s,11881,302,0
2.3968405s,1.2661448s,11.2711397s,11901,302,0
2.5257172s,1.2404602s,8.1474099s,11929,302,0
2.3917818s,1.101986s,5.3320424s,11961,302,0
2.7057648s,1.2449269s,10.9715094s,11905,302,0
2.6980612s,1.130727s,1.8112466s,12001,302,0
2.8079694s,1.2068988s,10.8729265s,11893,302,0
2.3309386s,1.2252045s,8.3547555s,11953,302,0
2.3105182s,1.2310812s,2.2136989s,12029,302,0
2.9275661s,1.1837557s,10.7646174s,11885,302,0
3.2180089s,1.4260146s,4.5275526s,11985,302,0
2.6192538s,1.0737005s,5.128022s,11973,302,0
2.354392s,1.1748313s,8.3476395s,11941,302,0
2.9551044s,1.3343433s,7.7472758s,11937,302,0
2.8587992s,1.4417863s,7.843581s,11921,302,0
3.1266246s,1.4816101s,1.4087875s,12025,302,0
2.8634408s,1.3323076s,7.8492725s,11949,302,0
2.538223s,1.2513133s,11.1696921s,11909,302,0
2.7365459s,1.49726s,1.8108095s,12021,302,0
2.4296104s,1.3951905s,2.1173683s,12033,302,0
2.9336069s,1.4506039s,1.6137485s,12005,302,0
2.951074s,1.4488882s,10.7666772s,11889,302,0
2.3444412s,1.0292513s,11.37331s,11917,302,0
2.5743874s,1.4688108s,8.1485107s,11933,302,0
2.8487312s,1.2504953s,1.7102714s,12017,302,0
2.5458285s,1.0415771s,5.232307s,11965,302,0
2.3865554s,1.2070587s,8.3507023s,11925,302,0
3.0558563s,1.4735374s,4.7294677s,11981,302,0
2.6542607s,1.1545339s,5.1310633s,11969,302,0
2.9610337s,1.3638269s,4.8331013s,11993,302,0
2.665011s,1.2276229s,1.9111151s,12009,302,0
2.4323265s,1.2586557s,201.1678ms,12094,303,1
2.5334439s,1.1672824s,100.0504ms,12086,303,1
2.8282949s,1.1419377s,11.7732313s,11946,303,1
2.2062852s,1.0056157s,9.4586531s,11978,303,1
2.3114965s,1.0366081s,9.3592602s,11998,303,1
2.5159235s,1.2843816s,9.1548332s,11994,303,1
2.3841741s,1.18342s,6.3437865s,12022,303,1
2.7330902s,1.4645883s,11.8737031s,11934,303,1
2.9360366s,1.4029851s,11.6725899s,11958,303,1
2.839032s,1.4312198s,11.7745913s,11954,303,1
2.7994891s,1.1564121s,5.9420455s,12034,303,1
2.7994891s,1.2738732s,5.9424064s,12002,303,1
2.6610855s,1.4486777s,0s,12082,303,1
2.9427961s,1.4984653s,8.7512275s,11970,303,1
2.6796818s,1.3347697s,3.2187496s,12042,303,1
2.316626s,1.0084135s,6.4414061s,12026,303,1
2.6185611s,1.1936994s,6.139471s,12014,303,1
2.7880826s,1.4654062s,3.1190034s,12054,303,1
2.7880826s,1.4232529s,3.1190034s,12074,303,1
2.7880826s,1.3387243s,3.1190034s,12070,303,1
2.548279s,1.4321508s,9.1585956s,11982,303,1
2.6217255s,1.0181729s,6.142353s,12006,303,1
2.3620742s,1.0395124s,12.280837s,11922,303,1
2.6546923s,1.354592s,9.0580984s,11962,303,1
2.1938399s,1.0507624s,3.7233586s,12058,303,1
2.7594659s,1.4853938s,8.9533248s,11974,303,1
2.4813204s,1.0686067s,12.1703869s,11942,303,1
2.4789658s,1.1521791s,12.1765814s,11938,303,1
2.2869601s,1.062815s,401.6372ms,12118,303,1
2.2812667s,1.037792s,12.3742805s,11930,303,1
2.4337768s,1.0317924s,6.3429377s,12018,303,1
2.8084847s,1.4187239s,3.1179594s,12046,303,1
2.5435492s,1.2153515s,6.2418268s,12030,303,1
2.2148312s,1.0608178s,3.7225993s,12078,303,1
2.675315s,1.3774168s,9.0577077s,11990,303,1
2.8524743s,1.2940947s,5.9374305s,12038,303,1
2.501198s,1.1564726s,200.9114ms,12110,303,1
2.7805901s,1.2200639s,8.9524326s,11966,303,1
2.1725846s,1.0381552s,9.5604381s,11986,303,1
2.5541885s,1.2670144s,6.2396347s,12010,303,1
2.2989583s,1.0200127s,12.3736976s,11926,303,1
3.2353211s,1.4682063s,2.7173459s,12066,303,1
2.6062002s,1.2053345s,12.0780956s,11950,303,1
2.7237073s,1.0735792s,0s,12098,303,1
2.6372994s,1.2980527s,3.323926s,12062,303,1
2.1317813s,1.0778162s,3.8294441s,12050,303,1
2.4275842s,1.0005393s,300.8702ms,12102,303,1
2.7447242s,1.4596607s,0s,12114,303,1
2.7868424s,1.190191s,0s,12090,303,1
2.5901686s,1.2903978s,5.8353271s,12044,304,3
2.7413666s,1.2132159s,8.6555655s,12024,304,3
2.6983289s,1.3454899s,5.7370746s,12080,304,3
2.4416466s,1.1247097s,2.9191722s,12084,304,3
2.5480171s,1.008439s,2.815802s,12112,304,3
2.4524618s,1.3224305s,8.9598215s,12020,304,3
2.6140089s,1.0016582s,5.8328916s,12068,304,3
2.6537789s,1.176053s,8.7585044s,12016,304,3
2.4537714s,1.0752848s,2.9160228s,12108,304,3
2.9182919s,1.4823438s,5.5339098s,12052,304,3
2.7627093s,1.2895581s,2.6147573s,12088,304,3
2.9653828s,1.2549505s,8.4570402s,12028,304,3
2.9746215s,1.3989417s,2.4136783s,12116,304,3
2.7281696s,1.175682s,5.7372365s,12064,304,3
2.6286822s,1.1913598s,5.8367239s,12076,304,3
2.8320502s,1.3919592s,5.6368078s,12048,304,3
2.5796759s,1.4865292s,8.8545649s,12008,304,3
2.4325992s,1.0536602s,6.0362588s,12060,304,3
2.4220493s,1.0726009s,0s,12132,304,3
2.3828975s,1.0809454s,9.058576s,12040,304,3
2.5831257s,1.133639s,8.8583478s,12004,304,3
2.5390727s,1.07449s,5.937018s,12072,304,3
2.1248214s,1.0680248s,302.8327ms,12124,304,3
2.687635s,1.1907454s,2.717546s,12100,304,3
2.7939776s,1.3507663s,8.6566274s,12036,304,3
2.5902116s,1.2524682s,8.8603934s,12032,304,3
2.6023114s,1.0707889s,2.8146277s,12096,304,3
2.3021164s,1.0579017s,3.1148227s,12104,304,3
2.0974339s,1.0133592s,3.3195052s,12092,304,3
2.2518153s,1.2223938s,201.0902ms,12148,304,3
3.0771063s,1.1541533s,5.4314463s,12056,304,3
2.8155246s,1.4738086s,2.6159217s,12120,304,3
2.7212424s,1.2496858s,8.752693s,12012,304,3
2.6541048s,1.085774s,0s,12160,304,3
2.6957339s,1.0570023s,0s,12136,304,3
2.8135909s,1.0726009s,0s,12156,304,3
2.3328592s,1.1550827s,8.4505743s,12043,305,2
2.6359931s,1.3325539s,8.1527354s,12063,305,2
2.6519529s,1.0438524s,11.2716094s,12019,305,2
2.5507839s,1.2496422s,5.2308405s,12087,305,2
2.765082s,1.4807303s,2.115074s,12135,305,2
2.3738259s,1.1462676s,2.5148902s,12155,305,2
2.658963s,1.2046386s,11.2771864s,12023,305,2
2.7662574s,1.3925948s,11.1727428s,12027,305,2
2.361013s,1.2815496s,5.4360493s,12119,305,2
2.8658786s,1.3683021s,4.9311837s,12095,305,2
2.5558396s,1.3995975s,8.2522172s,12075,305,2
2.6677577s,1.2495451s,8.1465804s,12047,305,2
2.7789192s,1.1280682s,11.1702527s,12007,305,2
2.3815256s,1.1299384s,11.5676463s,12035,305,2
2.6780672s,1.111058s,5.1291668s,12111,305,2
2.5031105s,1.3712383s,2.4131333s,12123,305,2
3.0050478s,1.4384069s,1.911196s,12139,305,2
2.8002156s,1.309281s,11.1666691s,12031,305,2
2.4067387s,1.0841179s,2.5167397s,12159,305,2
2.280981s,1.2064783s,8.5510699s,12067,305,2
2.5978034s,1.3984525s,11.3695466s,12003,305,2
2.60737s,1.4384069s,2.3165737s,12143,305,2
2.6785771s,1.1989379s,8.1539391s,12051,305,2
2.5927669s,1.300712s,5.235699s,12091,305,2
2.7950806s,1.4692655s,8.0492333s,12055,305,2
2.4033674s,1.2758633s,5.4338424s,12083,305,2
3.008704s,1.2540598s,10.9709379s,12011,305,2
2.9014684s,1.2582115s,4.9357414s,12103,305,2
2.4389082s,1.0237733s,2.5138794s,12151,305,2
3.0071041s,1.4580879s,7.854256s,12079,305,2
2.4175655s,1.0537996s,5.4366905s,12115,305,2
2.7438795s,1.4626269s,2.2139774s,12127,305,2
2.4244593s,1.1632896s,5.4405446s,12099,305,2
2.9526845s,1.4734542s,2.0138805s,12147,305,2
2.632357s,1.1713731s,5.2356764s,12107,305,2
2.5185058s,1.1508739s,8.358084s,12071,305,2
2.6405405s,1.1989549s,11.3708831s,12039,305,2
3.1348338s,1.3565755s,10.8765898s,12015,305,2
2.5546726s,1.4878233s,2.4133447s,12131,305,2
2.8323994s,1.0575998s,8.0441904s,12059,305,2
2.2157785s,1.036115s,0s,12187,305,2
2.2584493s,1.1312515s,0s,12175,305,2
2.3457282s,1.189104s,0s,12199,305,2
2.6396327s,1.209819s,1.5098282s,12177,306,0
2.477147s,1.0235205s,10.8675498s,12041,306,0
2.2689904s,1.1224002s,4.8321897s,12145,306,0
2.5798462s,1.1587103s,10.7729878s,12069,306,0
2.3740067s,1.1479077s,4.7307575s,12129,306,0
2.7134741s,1.2186821s,7.4488435s,12101,306,0
3.1905164s,1.4340926s,10.1623176s,12061,306,0
2.8188342s,1.239842s,7.3521186s,12089,306,0
2.7886542s,1.1860751s,4.3268003s,12157,306,0
2.436889s,1.3043659s,7.7543848s,12117,306,0
2.9171026s,1.4996977s,10.4646876s,12057,306,0
2.577074s,1.342051s,1.6094803s,12181,306,0
2.280624s,1.1750756s,1.9124056s,12169,306,0
2.712909s,1.3735654s,4.4300779s,12153,306,0
2.4549633s,1.1055721s,7.745577s,12097,306,0
2.9152036s,1.4987718s,4.2277833s,12121,306,0
2.4202704s,1.2507523s,10.9707863s,12045,306,0
3.0572249s,1.4112389s,7.1429869s,12085,306,0
2.8205546s,1.1734193s,4.3256959s,12125,306,0
2.8359796s,1.2497977s,10.5629006s,12049,306,0
2.7317359s,1.4244687s,10.6671443s,12077,306,0
2.5364309s,1.1362474s,10.8671492s,12053,306,0
2.4654755s,1.1901374s,7.7475882s,12081,306,0
2.7028252s,1.3168789s,1.5086129s,12193,306,0
3.147404s,1.3909704s,10.2616576s,12065,306,0
2.5042395s,1.2596506s,1.7095862s,12197,306,0
2.6806205s,1.3211737s,7.5490769s,12105,306,0
2.9471661s,1.4262872s,4.2249779s,12149,306,0
2.4392244s,1.3314739s,4.7329196s,12141,306,0
2.6806205s,1.0215142s,7.5490769s,12113,306,0
2.5825318s,1.2108167s,7.6471656s,12109,306,0
2.280595s,1.0119861s,7.9491024s,12093,306,0
2.2169852s,1.0901994s,2.0104992s,12165,306,0
2.1391113s,1.0413176s,5.0330327s,12133,306,0
2.6187787s,1.2786915s,1.6087057s,12185,306,0
2.4470858s,1.1466762s,4.730162s,12137,306,0
3.0279326s,1.4958151s,1.207587s,12173,306,0
2.8299414s,1.2972176s,1.4086383s,12161,306,0
2.571443s,1.2692471s,10.8649492s,12073,306,0
2.3336665s,1.0745129s,1.9107655s,12189,306,0
2.9822315s,1.462286s,5.8370818s,12198,307,1
2.9157917s,1.4414281s,2.8168471s,12214,307,1
2.1751693s,1.0512168s,9.663604s,12146,307,1
3.119017s,1.3664173s,2.6161842s,12226,307,1
2.2128271s,1.0312517s,3.5223741s,12210,307,1
2.8181509s,1.2436332s,2.9199487s,12234,307,1
3.0866745s,1.4713199s,5.7396267s,12186,307,1
2.4884471s,1.0575462s,6.3378541s,12190,307,1
2.2852951s,1.0563583s,6.5410061s,12174,307,1
2.5816824s,1.1663838s,9.2640788s,12154,307,1
2.9364259s,1.4408826s,2.8180574s,12230,307,1
2.3342532s,1.2771229s,302.4482ms,12270,307,1
2.508557s,1.2165887s,9.3571614s,12126,307,1
2.4027775s,1.1082762s,6.4434809s,12162,307,1
2.7450738s,1.3508035s,3.0185646s,12238,307,1
2.7189666s,1.2573018s,9.1508063s,12142,307,1
3.01946s,1.4975988s,8.8503129s,12150,307,1
2.5436985s,1.2481195s,3.2199399s,12222,307,1
3.0517491s,1.286801s,2.7174556s,12218,307,1
3.4414086s,1.4904424s,11.8758166s,12106,307,1
2.2550359s,1.1491671s,3.5225071s,12206,307,1
2.8292753s,1.3836185s,6.0349422s,12182,307,1
2.4227278s,1.2702057s,9.4609497s,12122,307,1
3.0293469s,1.2449613s,5.8348706s,12166,307,1
2.6238665s,1.4958629s,9.259811s,12130,307,1
2.5593381s,1.3528057s,100.5078ms,12254,307,1
2.6598459s,1.3549528s,0s,12274,307,1
2.7403615s,1.2930188s,9.1552219s,12158,307,1
2.5415043s,1.3719665s,6.3364628s,12194,307,1
2.3381429s,1.1372058s,6.5398242s,12170,307,1
2.5415043s,1.12442s,6.3364628s,12178,307,1
2.5755181s,1.2511007s,100.3796ms,12246,307,1
2.5501246s,1.120749s,9.3585397s,12134,307,1
2.7879038s,1.1049807s,3.0226403s,12202,307,1
2.5608048s,1.2779443s,9.3579936s,12138,307,1
2.394755s,1.1359796s,301.5085ms,12258,307,1
2.747934s,1.1101127s,0s,12278,307,1
2.864723s,1.4001427s,0s,12262,307,1
2.9036231s,1.3878668s,0s,12242,307,1
3.0420385s,1.4811594s,0s,12266,307,1
3.1533544s,1.4054466s,12.0781203s,12128,309,3
2.9292746s,1.4341242s,9.153156s,12172,309,3
3.0797848s,1.461896s,5.9345753s,12208,309,3
2.8158937s,1.3977365s,3.1186816s,12280,309,3
2.8253416s,1.4214026s,9.257089s,12164,309,3
3.0242503s,1.299526s,9.0581803s,12176,309,3
2.2101431s,1.1486499s,3.7265072s,12248,309,3
2.5521835s,1.2330179s,502.8644ms,12292,309,3
2.5813043s,1.1448553s,6.4414566s,12240,309,3
2.5327077s,1.1101279s,9.561718s,12180,309,3
2.8354108s,1.4072148s,9.2590149s,12200,309,3
2.9630881s,1.3761371s,100.2298ms,12312,309,3
2.6305453s,1.0369867s,3.3197103s,12244,309,3
2.7636553s,1.0236018s,301.3936ms,12320,309,3
2.8459308s,1.340853s,9.2585352s,12196,309,3
2.8459308s,1.4248315s,9.2585352s,12188,309,3
2.3982963s,1.0697248s,6.6380992s,12220,309,3
2.5917318s,1.0802415s,6.4446637s,12228,309,3
2.5917318s,1.2441578s,6.4446637s,12232,309,3
2.43755s,1.1214968s,3.5194378s,12260,309,3
2.5395678s,1.2944656s,3.4197434s,12264,309,3
2.9843577s,1.3154427s,100.4288ms,12288,309,3
2.3632804s,1.0935155s,9.7598465s,12192,309,3
2.4139053s,1.0565423s,6.6411511s,12204,309,3
3.0680705s,1.4665345s,9.0550564s,12168,309,3
2.2886071s,1.1499978s,804.2774ms,12284,309,3
3.0219489s,1.3797573s,6.0383329s,12224,309,3
2.6237406s,1.30999s,6.4417253s,12212,309,3
2.4991792s,1.231765s,603.5361ms,12304,309,3
2.9194932s,1.1145681s,12.3734349s,12140,309,3
2.4660727s,1.1584993s,3.5256457s,12276,309,3
2.9194932s,1.4324971s,12.3734349s,12152,309,3
2.605434s,1.0638904s,503.5641ms,12300,309,3
2.2037893s,1.0452557s,905.2088ms,12296,309,3
2.7784165s,1.4783376s,3.2232002s,12268,309,3
2.7784165s,1.1014875s,3.2232002s,12272,309,3
2.8852067s,1.1631495s,3.1183558s,12256,309,3
2.6898496s,1.2137634s,9.4615682s,12184,309,3
2.4514512s,1.1907867s,6.642694s,12216,309,3
2.7558561s,1.484753s,6.3382891s,12236,309,3
2.7318046s,1.3197274s,402.4636ms,12316,309,3
3.0468111s,1.3644596s,12.2778026s,12144,309,3
2.5023381s,1.3814441s,3.5221026s,12252,309,3
2.4354501s,1.0015705s,703.7839ms,12308,309,3
2.8559141s,1.2760062s,5.8362646s,12243,309,2
2.4499884s,1.3331541s,3.2182079s,12311,309,2
2.8664496s,1.2193753s,5.8329063s,12263,309,2
2.7373946s,1.4270329s,8.8594819s,12219,309,2
2.6615188s,1.0819731s,6.0385445s,12259,309,2
2.7454039s,1.4248281s,8.8602723s,12239,309,2
2.3075448s,1.1886748s,302.2094ms,12327,309,2
2.5550827s,1.1340071s,9.054527s,12215,309,2
3.0773714s,1.4217221s,2.6160817s,12283,309,2
2.2553651s,1.021996s,9.3641119s,12223,309,2
2.1809803s,1.1040996s,6.5416835s,12271,309,2
2.6843896s,1.1334105s,3.0161775s,12299,309,2
2.6892304s,1.4791971s,6.0357792s,12255,309,2
2.6889607s,1.4540262s,3.0159457s,12291,309,2
2.9953038s,1.4740428s,2.713953s,12307,309,2
2.5913859s,1.3172872s,12.0786021s,12195,309,2
2.9996369s,1.184485s,11.6703511s,12191,309,2
2.8863905s,1.3035495s,8.7525428s,12211,309,2
3.0141225s,1.4010258s,5.7358072s,12251,309,2
2.6503277s,1.2927412s,0s,12339,309,2
2.8968132s,1.3260458s,8.7540096s,12207,309,2
2.8116728s,1.3919655s,2.9178943s,12303,309,2
2.4914181s,1.2736116s,9.1601483s,12203,309,2
3.0167127s,1.490417s,5.7380405s,12247,309,2
3.0244425s,1.2595828s,5.7334339s,12279,309,2
2.4569279s,1.1751272s,201.5094ms,12359,309,2
2.9129954s,1.2590788s,11.7774822s,12167,309,2
2.6171816s,1.4031224s,3.1209856s,12287,309,2
2.612573s,1.3558104s,12.0779046s,12183,309,2
2.5021337s,1.1150262s,9.1572892s,12227,309,2
2.6607958s,1.1572065s,0s,12347,309,2
2.6342346s,1.2607165s,6.1345594s,12275,309,2
2.6229196s,1.3258409s,12.0737423s,12171,309,2
2.9297934s,1.4103376s,5.8390006s,12267,309,2
2.7246257s,1.3479556s,3.0197258s,12319,309,2
3.0310547s,1.4366358s,11.6656072s,12163,309,2
2.1288441s,1.0392181s,3.6209104s,12315,309,2
2.8218726s,1.4097689s,8.8562545s,12235,309,2
2.529894s,1.4593335s,12.1792878s,12179,309,2
2.8435925s,1.3960739s,2.9156198s,12295,309,2
2.6292919s,1.2584636s,9.0551445s,12231,309,2
2.686807s,1.2469001s,0s,12351,309,2
2.723892s,1.0920194s,0s,12323,309,2
2.8607046s,1.4392712s,0s,12355,309,2
2.8714006s,1.4514078s,0s,12343,309,2
3.0254512s,1.3193672s,0s,12331,309,2
2.4249943s,1.1623156s,11.4796128s,12237,310,0
2.6378259s,1.0535047s,5.1343596s,12305,310,0
2.6831191s,1.0219596s,1.9137396s,12321,310,0
2.7304159s,1.0776267s,11.1741912s,12225,310,0
2.2351289s,1.0991512s,5.5370566s,12285,310,0
2.7372231s,1.1123182s,11.1721181s,12217,310,0
2.3924396s,1.138214s,2.21689s,12353,310,0
2.8047078s,1.1851524s,1.8112501s,12325,310,0
2.6589764s,1.4586945s,5.1323083s,12293,310,0
2.9688888s,1.2079121s,7.9498749s,12257,310,0
2.5564834s,1.2627147s,11.3716025s,12221,310,0
2.6617976s,1.2744103s,11.2662883s,12201,310,0
2.8552331s,1.4326631s,11.0728528s,12205,310,0
2.869247s,1.4357772s,11.0652902s,12233,310,0
2.7146104s,1.4880943s,1.9121784s,12329,310,0
3.1749941s,1.4866595s,4.6267888s,12309,310,0
2.8841718s,1.4267291s,8.045977s,12241,310,0
2.4149839s,1.0883864s,2.2118049s,12345,310,0
2.8700809s,1.3058898s,4.9320347s,12297,310,0
2.7688903s,1.2314059s,11.1656469s,12209,310,0
2.7754958s,1.2272186s,5.0313816s,12301,310,0
2.3744151s,1.0032769s,5.4344953s,12289,310,0
2.5842841s,1.1728419s,8.3526595s,12253,310,0
2.8262367s,1.4485459s,1.8121518s,12337,310,0
2.7863791s,1.0614278s,5.0346597s,12281,310,0
2.5344812s,1.2816517s,2.1146169s,12341,310,0
2.7462504s,1.4014838s,1.9130334s,12349,310,0
2.9057307s,1.4616059s,8.0569131s,12273,310,0
3.1173142s,1.2858141s,7.849967s,12261,310,0
2.8069231s,1.483049s,5.0323249s,12313,310,0
2.5500342s,1.0711878s,2.113887s,12357,310,0
3.0043884s,1.3884713s,10.9716996s,12213,310,0
2.920836s,1.4875476s,8.0508636s,12265,310,0
2.8053502s,1.3509593s,11.1707378s,12229,310,0
3.1280332s,1.4006362s,7.8484666s,12249,310,0
2.8301603s,1.3600306s,8.1463395s,12269,310,0
2.2223971s,1.00247s,8.7541027s,12277,310,0
2.3682137s,1.1231159s,2.3143614s,12333,310,0
2.8412358s,1.3454495s,8.1487274s,12245,310,0
2.5315213s,1.3477291s,5.3304087s,12317,310,0
3.1994318s,1.3570877s,503.8035ms,12406,312,1
3.0745756s,1.3616548s,10.0616383s,12294,312,1
2.4004115s,1.3275927s,4.4282327s,12366,312,1
3.0032404s,1.3556531s,3.8254038s,12386,312,1
2.5721799s,1.2050593s,10.567333s,12298,312,1
2.4097234s,1.1348503s,1.3063989s,12402,312,1
2.3812899s,1.1427877s,10.7615645s,12310,312,1
2.5251526s,1.0230146s,7.5431262s,12354,312,1
3.2329941s,1.4076398s,6.8407068s,12330,312,1
3.1191624s,1.2530935s,3.7215444s,12378,312,1
2.38586s,1.1706443s,10.7658161s,12318,312,1
2.2213199s,1.0451142s,1.5093776s,12410,312,1
2.4222033s,1.007167s,4.4276566s,12398,312,1
2.6219957s,1.1335682s,1.1098767s,12434,312,1
2.3237164s,1.179192s,4.5273184s,12394,312,1
2.9304629s,1.4514604s,3.9245031s,12370,312,1
2.2894537s,1.0815098s,10.873082s,12282,312,1
2.7977697s,1.200053s,10.364766s,12290,312,1
3.1391034s,1.3290431s,6.9488567s,12358,312,1
2.8936416s,1.4667739s,10.2688941s,12314,312,1
2.4310384s,1.0911687s,1.3078288s,12438,312,1
3.0533392s,1.4746535s,7.0454657s,12346,312,1
2.7412584s,1.1021171s,4.1251563s,12374,312,1
2.6415044s,1.1279664s,1.1057479s,12422,312,1
2.6437985s,1.2760185s,4.2282897s,12382,312,1
2.2493321s,1.097008s,7.8557502s,12342,312,1
2.3549513s,1.1150381s,7.7535335s,12334,312,1
3.1580904s,1.4778167s,13.1830604s,12250,312,1
2.3477952s,1.1309349s,1.4089962s,12414,312,1
2.6170315s,1.2947048s,10.5660289s,12306,312,1
2.6547388s,1.0458692s,4.2251447s,12390,312,1
2.7652035s,1.3619225s,7.3476741s,12350,312,1
2.8567279s,1.4967761s,906.5081ms,12430,312,1
2.4584525s,1.1937571s,1.3059218s,12418,312,1
2.3385592s,1.2270439s,10.8706409s,12302,312,1
2.6835369s,1.3734791s,7.4510876s,12322,312,1
2.2818858s,1.0344047s,7.8527387s,12326,312,1
2.6487707s,1.1038069s,10.5656991s,12286,312,1
2.3799848s,1.1185461s,4.5320979s,12362,312,1
2.5979824s,1.3270507s,7.5486539s,12338,312,1
2.7911602s,1.2558255s,1.0064872s,12426,312,1
2.5613729s,1.1121054s,4.4280674s,12436,313,3
2.5613729s,1.3236527s,4.4280674s,12408,313,3
2.7641297s,1.3375325s,4.2253106s,12428,313,3
2.9849679s,1.246505s,1.1076551s,12472,313,3
2.5719668s,1.3824743s,4.4249413s,12416,313,3
2.8893409s,1.4517343s,1.2067991s,12452,313,3
2.8562779s,1.2078323s,7.2477931s,12396,313,3
2.5320972s,1.291726s,10.56953s,12348,313,3
2.6790717s,1.1013906s,4.3276576s,12424,313,3
2.531784s,1.3210915s,10.5698432s,12360,313,3
2.8668341s,1.3892398s,7.2402337s,12376,313,3
2.7856538s,1.2131758s,4.2265098s,12432,313,3
2.1498431s,1.0038756s,10.9714862s,12336,313,3
2.9042851s,1.2103776s,4.123339s,12420,313,3
2.717878s,1.3765811s,1.4100271s,12476,313,3
2.3172348s,1.1583399s,1.8122757s,12460,313,3
2.5193029s,1.2998758s,1.6102076s,12444,313,3
2.5193029s,1.255348s,1.6102076s,12480,313,3
2.710979s,1.0834174s,4.3264472s,12440,313,3
2.5829967s,1.3754791s,7.5517712s,12380,313,3
2.4139604s,1.2295066s,4.6289419s,12412,313,3
3.0973417s,1.3387064s,7.04451s,12368,313,3
2.5732017s,1.2967807s,10.5662062s,12332,313,3
2.4310955s,1.2377745s,1.7099082s,12456,313,3
2.4310955s,1.1666145s,1.7099082s,12464,313,3
2.9087098s,1.2128472s,7.2398228s,12384,313,3
2.6808578s,1.4106937s,10.465231s,12352,313,3
2.604111s,1.0802786s,7.5444216s,12392,313,3
2.5069315s,1.1654477s,7.6452559s,12400,313,3
2.3809839s,1.2523118s,10.7687597s,12340,313,3
2.9087098s,1.4947011s,7.2434776s,12388,313,3
2.5841557s,1.2523118s,10.5655879s,12344,313,3
2.3809839s,1.0838176s,10.7687597s,12328,313,3
2.550881s,1.1917429s,1.6101099s,12468,313,3
2.9975562s,1.3875793s,10.1676608s,12356,313,3
2.1064923s,1.045053s,11.0653914s,12324,313,3
2.528403s,1.0606434s,7.6459245s,12364,313,3
2.4500886s,1.063757s,4.6268972s,12404,313,3
2.9295065s,1.1382851s,7.244821s,12372,313,3
2.6665897s,1.2139052s,1.5091794s,12448,313,3
2.9771004s,1.4437948s,2.8206259s,12443,313,2
2.6969464s,1.1918982s,6.2388559s,12439,313,2
3.063773s,1.3710312s,8.9564868s,12387,313,2
2.3792026s,1.1417964s,3.4246838s,12447,313,2
2.6834579s,1.1833892s,3.1204285s,12451,313,2
2.4332678s,1.1140002s,302.2792ms,12515,313,2
2.5888076s,1.2528762s,3.2185317s,12467,313,2
2.6939285s,1.2298938s,3.1193811s,12479,313,2
2.9099754s,1.3020016s,6.0390273s,12403,313,2
2.8705892s,1.1556752s,9.162871s,12367,313,2
2.622246s,1.0116238s,6.3313326s,12419,313,2
3.0844575s,1.3632929s,8.9535786s,12383,313,2
2.622246s,1.3356528s,6.3313326s,12427,313,2
2.4546339s,1.0901262s,301.6699ms,12491,313,2
2.5951423s,1.1291744s,9.459695s,12363,313,2
3.1356931s,1.40465s,5.8346867s,12435,313,2
2.218942s,1.0866379s,3.6213412s,12471,313,2
2.7715711s,1.353551s,0s,12507,313,2
2.9426599s,1.24795s,6.0367784s,12415,313,2
2.5711598s,1.1596452s,200.7931ms,12499,313,2
2.8261593s,1.4881278s,3.0175859s,12455,313,2
2.6156922s,1.159879s,9.4555335s,12371,313,2
3.1106777s,1.1945274s,12.0715651s,12335,313,2
2.8571273s,1.4167366s,6.1328102s,12431,313,2
2.3531302s,1.1386233s,6.6415857s,12411,313,2
2.1186205s,1.0029154s,9.9646138s,12375,313,2
2.2242013s,1.0084547s,9.859033s,12395,313,2
2.3471903s,1.0530868s,3.5182717s,12475,313,2
2.6306063s,1.1837779s,9.4550063s,12379,313,2
2.9511337s,1.3613594s,2.9195757s,12463,313,2
2.6648908s,1.3417547s,6.3442215s,12407,313,2
2.675405s,1.4256505s,6.3409181s,12423,313,2
2.7422488s,1.0274559s,9.3621808s,12399,313,2
3.0717923s,1.3150748s,2.814854s,12459,313,2
2.448746s,1.308198s,9.662571s,12391,313,2
2.624432s,1.4051187s,200.4843ms,12519,313,2
2.866567s,1.2330189s,0s,12503,313,2
2.9200912s,1.2790084s,0s,12511,313,2
2.960602s,1.3903724s,0s,12483,313,2
2.9726272s,1.2130883s,0s,12487,313,2
3.0685568s,1.3729063s,0s,12495,314,2
2.7551234s,1.4832758s,3.5255193s,12497,315,0
2.6913315s,1.4418234s,9.3595324s,12413,315,0
3.0584874s,1.364669s,3.2221553s,12509,315,0
2.9213343s,1.0997705s,302.4905ms,12557,315,0
2.4891169s,1.1193623s,6.6458452s,12453,315,0
2.7935541s,1.4540939s,6.341408s,12461,315,0
2.3900062s,1.0984412s,12.6766504s,12389,315,0
2.67111s,1.1224818s,3.6199137s,12489,315,0
2.9323037s,1.1591428s,302.6433ms,12537,315,0
2.4356132s,1.2828586s,803.9911ms,12549,315,0
2.4951801s,1.1169577s,12.5790609s,12397,315,0
2.5936273s,1.2611973s,12.4800973s,12373,315,0
2.8171552s,1.1713507s,6.3391476s,12477,315,0
3.0054117s,1.4244042s,12.0782739s,12377,315,0
2.484178s,1.3322974s,3.8262114s,12501,315,0
2.1861567s,1.044303s,4.1264407s,12485,315,0
2.5088284s,1.2427272s,12.5794019s,12369,315,0
2.9215548s,1.4259344s,9.1612638s,12409,315,0
2.9111462s,1.4942986s,12.1770841s,12365,315,0
2.5284202s,1.1415591s,9.5603816s,12401,315,0
3.0612927s,1.3485229s,201.4693ms,12541,315,0
2.5347006s,1.2750534s,9.5649455s,12433,315,0
2.9076323s,1.4144641s,3.4217926s,12493,315,0
2.8363838s,1.4080528s,9.2632623s,12417,315,0
2.739802s,1.3654201s,9.3598441s,12405,315,0
2.6703502s,1.3078805s,603.7615ms,12529,315,0
2.9321831s,1.4004634s,12.1777188s,12385,315,0
2.4414962s,1.0125567s,9.662994s,12429,315,0
2.8486664s,1.4504413s,6.334269s,12449,315,0
2.2467657s,1.064707s,6.9361697s,12473,315,0
2.5158546s,1.3727122s,3.8233705s,12513,315,0
2.878753s,1.2670871s,401.9847ms,12521,315,0
2.4787096s,1.1174236s,804.9326ms,12545,315,0
2.4573436s,1.3653868s,6.7396862s,12457,315,0
2.2507102s,1.0134429s,6.9463196s,12445,315,0
2.8893112s,1.4784262s,402.6889ms,12553,315,0
2.8896908s,1.2541875s,402.3093ms,12525,315,0
2.849603s,1.4812263s,12.2783811s,12381,315,0
2.8298881s,1.177999s,3.5224631s,12505,315,0
2.5623235s,1.3841537s,6.6415214s,12469,315,0
2.7387998s,1.4674986s,3.6261928s,12517,315,0
2.9402348s,1.1111454s,3.4247578s,12481,315,0
2.6763747s,1.2727799s,9.4605907s,12425,315,0
2.5730353s,1.0021153s,6.6423753s,12441,315,0
2.4655075s,1.3448978s,12.6804772s,12393,315,0
2.7122328s,1.1032088s,603.0444ms,12533,315,0
2.2805546s,1.1615002s,9.8663396s,12421,315,0
2.7746833s,1.371784s,12.3770866s,12361,315,0
2.1873203s,1.1352142s,9.9595739s,12437,315,0
2.5840966s,1.1300593s,6.6412428s,12465,315,0
2.6395587s,1.1176367s,805.5492ms,12566,316,1
2.4869708s,1.0398399s,7.1416777s,12482,316,1
2.7462553s,1.3688905s,703.3055ms,12598,316,1
2.2221545s,1.0935173s,10.2619252s,12466,316,1
2.7848129s,1.083088s,3.6198761s,12546,316,1
2.8583046s,1.3890443s,603.265ms,12574,316,1
2.2958321s,1.0917605s,7.3492781s,12518,316,1
2.7627122s,1.3352575s,704.4846ms,12590,316,1
2.6107964s,1.3945314s,7.0458857s,12494,316,1
2.80622s,1.1784966s,3.6210718s,12558,316,1
2.701199s,1.2294366s,3.7260928s,12550,316,1
2.4140322s,1.0816737s,7.2484295s,12498,316,1
2.4744399s,1.2819863s,1.0061894s,12562,316,1
2.8170433s,1.2580849s,3.6218187s,12522,316,1
3.2293903s,1.4042477s,6.438862s,12490,316,1
2.4795847s,1.0313624s,1.005127s,12582,316,1
2.8500004s,1.4062177s,9.6682523s,12454,316,1
2.8195342s,1.2571416s,6.8487181s,12486,316,1
2.7617913s,1.1527497s,9.7584662s,12474,316,1
2.2151813s,1.0471401s,4.2256855s,12530,316,1
2.3937211s,1.1701623s,1.106433s,12570,316,1
2.4957981s,1.2901086s,1.0055142s,12594,316,1
2.628413s,1.0103109s,3.8270496s,12542,316,1
2.7731173s,1.3469748s,9.761736s,12478,316,1
2.851484s,1.4106128s,6.8390951s,12502,316,1
2.5339894s,1.2747156s,3.9271994s,12526,316,1
2.476547s,1.0255647s,10.0640325s,12462,316,1
2.1872385s,1.0876737s,10.3660854s,12450,316,1
2.2467246s,1.1110433s,4.2272086s,12534,316,1
2.1527099s,1.0415627s,7.5506136s,12510,316,1
2.9541503s,1.0594828s,3.5214821s,12538,316,1
2.7534134s,1.4155332s,3.722219s,12554,316,1
2.5235651s,1.3587821s,1.0056568s,12586,316,1
2.7253189s,1.310054s,804.422ms,12578,316,1
2.41232s,1.2301281s,10.1618034s,12442,316,1
2.6827406s,1.4714373s,7.0413824s,12506,316,1
2.5114615s,1.1471243s,10.0626619s,12446,316,1
2.4833218s,1.2678142s,7.2412772s,12514,316,1
2.1059109s,1.0208302s,10.4686885s,12458,316,1
2.41232s,1.1420318s,10.1622794s,12470,316,1
2.4313302s,1.0339737s,7.2452321s,12528,317,3
2.8040648s,1.2691389s,606.7501ms,12624,317,3
2.5382054s,1.0370495s,3.8259052s,12564,317,3
2.7413262s,1.3562396s,6.9462873s,12544,317,3
2.6349066s,1.2416835s,3.729204s,12584,317,3
2.5381521s,1.0594823s,7.1494614s,12560,317,3
2.9422445s,1.0602102s,3.4218661s,12588,317,3
2.5490931s,1.0924069s,7.1423435s,12540,317,3
2.6237717s,1.3498089s,804.8212ms,12640,317,3
2.5295549s,1.0719005s,906.4137ms,12616,317,3
2.8544615s,1.4956228s,3.5252037s,12572,317,3
3.2381958s,1.4504229s,200.4345ms,12628,317,3
2.7381775s,1.1853735s,704.2588ms,12632,317,3
2.9400964s,1.4360637s,502.3399ms,12608,317,3
2.7381775s,1.2757049s,704.2588ms,12612,317,3
2.8659522s,1.3651788s,3.5212038s,12600,317,3
2.7364833s,1.2404748s,10.1634152s,12484,317,3
2.2628181s,1.0172337s,4.1260336s,12592,317,3
2.445503s,1.1679856s,1.007417s,12604,317,3
2.5500659s,1.2038538s,904.9634ms,12636,317,3
3.1527244s,1.2300584s,9.7555962s,12496,317,3
2.747345s,1.3230066s,10.1609756s,12492,317,3
3.0500387s,1.4051363s,9.8578096s,12504,317,3
2.6550947s,1.3080129s,805.5781ms,12620,317,3
2.6771601s,1.3354005s,3.7257572s,12596,317,3
2.56165s,1.2651266s,10.3627358s,12516,317,3
2.9952202s,1.4300979s,6.7416217s,12536,317,3
2.486005s,1.2363881s,3.927334s,12576,317,3
2.4009622s,1.2041186s,4.0218117s,12580,317,3
2.8709371s,1.149152s,10.0628836s,12500,317,3
2.4723024s,1.2734124s,10.4615183s,12520,317,3
2.5686151s,1.1884519s,10.3655525s,12488,317,3
2.9768661s,1.3200828s,9.9650606s,12512,317,3
2.4108424s,1.1384125s,7.3456687s,12556,317,3
2.5145429s,1.3301817s,7.2419682s,12552,317,3
3.1875439s,1.432264s,9.7565111s,12508,317,3
2.8159557s,1.323238s,6.9405554s,12532,317,3
2.8159557s,1.3897889s,6.9405554s,12548,317,3
2.7089172s,1.1266516s,3.724091s,12568,317,3
3.3235029s,1.4528078s,6.4390034s,12524,317,3
2.9249018s,1.3914034s,4.2275213s,12611,318,2
2.9873518s,1.4765177s,10.0653335s,12555,318,2
3.0040516s,1.3120771s,1.1081781s,12671,318,2
2.8036117s,1.0948191s,1.308618s,12663,318,2
2.3042039s,1.1664133s,1.81247s,12659,318,2
2.8300038s,1.4551593s,4.3306822s,12603,318,2
2.9980602s,1.2375213s,10.0595374s,12551,318,2
3.0440121s,1.3543117s,4.1213436s,12619,318,2
2.5208222s,1.0173607s,7.5433849s,12599,318,2
2.9134347s,1.2744367s,10.1580721s,12531,318,2
2.6254442s,1.2120424s,1.5075734s,12679,318,2
2.3277041s,1.0331752s,1.8100176s,12667,318,2
2.3197323s,1.0153896s,10.7685075s,12535,318,2
2.8173633s,1.2957779s,10.2708765s,12527,318,2
2.3468774s,1.1000904s,7.7433022s,12591,318,2
2.6247319s,1.1988635s,10.4635079s,12539,318,2
2.5398144s,1.1826618s,1.6075017s,12647,318,2
2.8720666s,1.3441787s,4.324406s,12639,318,2
2.8720666s,1.4256851s,4.324406s,12631,318,2
2.4531493s,1.3018344s,7.6467649s,12571,318,2
2.7751497s,1.0814399s,4.4259131s,12623,318,2
2.5482902s,1.4598323s,1.6111133s,12643,318,2
2.2506465s,1.178173s,1.9133064s,12651,318,2
2.6673346s,1.037225s,7.444263s,12587,318,2
2.4654536s,1.2068079s,7.646144s,12595,318,2
2.7728783s,1.4627082s,7.3442561s,12575,318,2
2.592562s,1.1084369s,4.628735s,12607,318,2
2.4964955s,1.0294453s,4.73015s,12615,318,2
2.4742159s,1.3120771s,1.7091936s,12675,318,2
2.6669424s,1.4069526s,10.4661064s,12523,318,2
2.5804743s,1.1185843s,7.5545143s,12579,318,2
2.267195s,1.0651183s,10.870673s,12543,318,2
2.8710566s,1.1602874s,10.2668114s,12547,318,2
2.8715009s,1.192516s,10.2668114s,12559,318,2
2.4887273s,1.14542s,7.6510805s,12583,318,2
2.6942925s,1.1203524s,7.4479807s,12567,318,2
2.5174198s,1.0026358s,4.7301448s,12627,318,2
2.5174198s,1.3469674s,4.7301448s,12635,318,2
2.8988514s,1.4019843s,7.2475646s,12563,318,2
2.4944283s,1.3962565s,1.7091242s,12655,318,2
2.2538381s,1.0974178s,100.915ms,12713,318,0
3.0592867s,1.4369525s,5.5423835s,12621,318,0
2.819294s,1.1302118s,2.6196675s,12673,318,0
2.3549359s,1.1063931s,6.2470443s,12613,318,0
2.3549359s,1.04466s,6.2470443s,12601,318,0
3.1630187s,1.253373s,5.4389615s,12637,318,0
2.5240934s,1.140605s,2.9176287s,12645,318,0
2.6121044s,1.0911405s,9.1567751s,12585,318,0
2.264792s,1.1197999s,100.2542ms,12705,318,0
2.5195461s,1.1097021s,9.2554599s,12573,318,0
2.9361418s,1.2291234s,2.5135482s,12657,318,0
2.8802209s,1.3583295s,5.7384236s,12625,318,0
2.7273645s,1.4559916s,9.0580687s,12565,318,0
2.735846s,1.2512358s,9.0544999s,12597,318,0
2.385923s,1.2807951s,6.2402842s,12617,318,0
2.2366288s,1.0018724s,9.5553166s,12593,318,0
2.4917279s,1.0427628s,6.1360788s,12629,318,0
2.996282s,1.4763967s,5.6315247s,12605,318,0
2.3535618s,1.1607296s,3.1179173s,12641,318,0
2.5568548s,1.4228871s,2.9196317s,12649,318,0
2.8453385s,1.1704004s,8.9583054s,12589,318,0
2.8711203s,1.0944052s,2.6185782s,12661,318,0
3.1641387s,1.3390573s,8.6557212s,12561,318,0
2.96167s,1.1992885s,8.8581899s,12581,318,0
2.9783608s,1.3295593s,2.5190853s,12669,318,0
3.0822522s,1.4952656s,2.4155465s,12665,318,0
2.5669739s,1.0120814s,9.2579822s,12577,318,0
2.4807496s,1.3995442s,3.0181375s,12653,318,0
2.7346984s,1.1480216s,5.9379801s,12633,318,0
2.3760549s,1.2174188s,9.4628206s,12569,318,0
2.7550235s,1.3042475s,5.9350535s,12609,318,0
2.5123362s,1.2269462s,3.0175047s,12677,318,0
2.5393953s,1.2758869s,0s,12717,318,0
2.6236358s,1.3357167s,0s,12693,318,0
2.6768816s,1.4271267s,0s,12685,318,0
2.719944s,1.455118s,0s,12689,318,0
2.7522208s,1.181849s,0s,12701,318,0
2.7522208s,1.2862218s,0s,12681,318,0
2.7732575s,1.3738388s,0s,12709,318,0
2.7940231s,1.2016931s,0s,12697,319,0
2.3423534s,1.0290415s,11.1737885s,12606,320,1
2.306201s,1.221534s,4.9350687s,12718,320,1
2.5359981s,1.0900232s,1.710237s,12758,320,1
3.0639119s,1.4805678s,7.2466811s,12666,320,1
2.467448s,1.0444156s,7.8491883s,12642,320,1
2.7607935s,1.2877775s,10.7668031s,12638,320,1
2.5604386s,1.0637192s,10.967158s,12610,320,1
2.8668947s,1.2823131s,10.6670465s,12626,320,1
2.574631s,1.3995075s,7.7483499s,12654,320,1
2.8668947s,1.3138436s,10.6670465s,12602,320,1
2.8830241s,1.0593553s,7.4478652s,12670,320,1
2.8589622s,1.2194807s,1.4123922s,12738,320,1
2.559259s,1.1153634s,1.7120954s,12734,320,1
2.4656419s,1.1529429s,11.0762077s,12618,320,1
2.6379075s,1.0237736s,4.6319176s,12710,320,1
2.5854232s,1.4089537s,7.7483138s,12650,320,1
2.6763383s,1.3436533s,10.8694219s,12630,320,1
2.5668042s,1.0012564s,1.7084608s,12754,320,1
2.8939688s,1.4471401s,7.4408311s,12658,320,1
2.6910432s,1.2406498s,7.6433142s,12646,320,1
2.3836666s,1.0091574s,11.1691345s,12614,320,1
2.9761323s,1.4957579s,1.3096796s,12746,320,1
2.1957574s,1.0276306s,11.3658166s,12634,320,1
2.6835374s,1.3831737s,1.6114823s,12722,320,1
2.2632773s,1.1675157s,5.0316144s,12706,320,1
2.46275s,1.0071064s,4.8321417s,12702,320,1
3.2109603s,1.4086444s,10.3655359s,12622,320,1
2.680457s,1.1839013s,4.6289405s,12690,320,1
2.424585s,1.2448272s,7.9542499s,12662,320,1
2.7906665s,1.3300029s,4.5281593s,12682,320,1
2.8128116s,1.203306s,1.5103912s,12730,320,1
2.4886117s,1.0565686s,4.8305562s,12694,320,1
2.388343s,1.011595s,4.9304828s,12714,320,1
2.1887532s,1.1017122s,5.1304147s,12686,320,1
2.995623s,1.35313s,4.3263618s,12698,320,1
2.6392176s,1.2986518s,7.7568571s,12678,320,1
2.9234169s,1.3571657s,1.4131229s,12750,320,1
3.0242452s,1.2566315s,1.3122946s,12742,320,1
2.7438422s,1.0120078s,7.6522325s,12674,320,1
2.7255376s,1.2482451s,1.6110022s,12726,320,1
2.7632675s,1.3142891s,1.4095287s,12796,321,3
2.5175369s,1.2376313s,7.5502908s,12708,321,3
2.9432014s,1.2785765s,10.0678277s,12676,321,3
2.3169657s,1.2868419s,7.750862s,12720,321,3
3.0646392s,1.3305626s,1.108157s,12772,321,3
2.3564932s,1.1689081s,10.6674561s,12680,321,3
2.8656749s,1.4463726s,10.160692s,12668,321,3
2.8392882s,1.2640857s,7.2438773s,12716,321,3
2.4325077s,1.1762081s,7.6506578s,12696,321,3
2.7471207s,1.4683981s,4.4287532s,12760,321,3
2.3827494s,1.2399297s,1.812066s,12768,321,3
2.5719667s,1.2798611s,10.4638339s,12664,321,3
2.7477478s,1.0081488s,7.3448514s,12684,321,3
2.9956349s,1.37586s,1.2056214s,12764,321,3
2.5719667s,1.2188057s,10.4675225s,12656,321,3
2.6773831s,1.1598193s,10.3658878s,12660,321,3
2.861181s,1.4400391s,7.241929s,12700,321,3
2.6845322s,1.2010664s,10.3617792s,12644,321,3
2.9053891s,1.32983s,1.3074858s,12784,321,3
2.8055915s,1.1322705s,1.4103726s,12792,321,3
2.5877947s,1.0224264s,10.4659645s,12672,321,3
2.6717686s,1.1029405s,4.5302262s,12748,321,3
2.5771294s,1.2878354s,4.6277875s,12728,321,3
2.6983859s,1.1163819s,10.3637054s,12648,321,3
2.9810585s,1.3987707s,4.2262434s,12736,321,3
2.4145317s,1.0922078s,1.8117117s,12788,321,3
2.781172s,1.2751018s,4.4281488s,12732,321,3
2.5799818s,1.1905846s,4.629339s,12744,321,3
3.2244171s,1.4932662s,1.0059343s,12780,321,3
2.4826536s,1.0606167s,4.7287563s,12752,321,3
2.3200686s,1.2399297s,1.9113358s,12800,321,3
2.7901036s,1.1522318s,4.4275489s,12756,321,3
2.4353938s,1.0490563s,1.811705s,12776,321,3
2.8008236s,1.2279356s,4.4273337s,12740,321,3
2.49567s,1.3587565s,7.6464603s,12704,321,3
2.49567s,1.2188179s,7.6464603s,12688,321,3
2.635715s,1.3252941s,10.4639694s,12652,321,3
2.918855s,1.3167967s,4.323655s,12724,321,3
2.913973s,1.3850518s,7.24251s,12712,321,3
2.7105348s,1.0081488s,7.4459482s,12692,321,3
3.1858122s,1.3636981s,3.4192349s,12787,322,2
2.6188433s,1.1881768s,6.9427297s,12755,322,2
3.0237486s,1.3507544s,9.561573s,12715,322,2
2.5158525s,1.183119s,7.0457205s,12759,322,2
2.5215161s,1.3376691s,7.0422892s,12743,322,2
2.7889707s,1.0761409s,3.8233956s,12799,322,2
2.6288937s,1.2234417s,6.9399985s,12731,322,2
2.8912235s,1.272451s,3.7211428s,12763,322,2
2.2226299s,1.0955163s,1.2052232s,12823,322,2
3.2317508s,1.3168502s,201.5121ms,12831,322,2
2.0341279s,1.0055595s,10.5673497s,12683,322,2
2.4353305s,1.1256731s,10.1661471s,12687,322,2
2.5324496s,1.0834567s,7.0452794s,12751,322,2
2.5413366s,1.211927s,10.0613087s,12707,322,2
2.6324681s,1.1058928s,804.0905ms,12815,322,2
2.7389239s,1.2943744s,703.4409ms,12835,322,2
2.3410745s,1.0921026s,7.2508777s,12735,322,2
2.6555483s,1.4345242s,9.9601525s,12719,322,2
2.4074904s,1.2658554s,4.2279359s,12795,322,2
2.4546119s,1.247196s,10.1610889s,12711,322,2
2.7496679s,1.3421411s,704.6377ms,12811,322,2
2.7496679s,1.4838769s,704.6377ms,12839,322,2
2.9565259s,1.44651s,6.6420434s,12723,322,2
3.0606104s,1.4462093s,402.14ms,12803,322,2
2.468042s,1.271393s,10.1633052s,12695,322,2
2.8724359s,1.1570781s,6.7461418s,12747,322,2
2.1702609s,1.1000342s,1.3078653s,12819,322,2
2.8382043s,1.3693297s,3.8257341s,12767,322,2
2.5798615s,1.1736722s,7.0438071s,12727,322,2
2.340977s,1.0774577s,4.3261657s,12783,322,2
2.9445753s,1.2866719s,3.7225674s,12775,322,2
2.4778401s,1.3784763s,1.0051855s,12807,322,2
2.48906s,1.0765817s,10.1600523s,12691,322,2
2.48906s,1.0991258s,10.1704492s,12699,322,2
2.5976194s,1.1040212s,7.0462212s,12739,322,2
2.3604611s,1.2001097s,4.3284956s,12791,322,2
2.7079073s,1.3538621s,9.9613239s,12703,322,2
2.4607689s,1.1386918s,4.2281878s,12779,322,2
2.5666328s,1.041378s,4.1281136s,12771,322,2
2.4109399s,1.2223407s,1.1072372s,12827,322,2
2.3872042s,1.248543s,9.4601999s,12749,322,0
2.7555074s,1.2956425s,0s,12861,322,0
3.1315826s,1.3613793s,5.8393484s,12797,322,0
2.9311797s,1.3262505s,6.0430129s,12785,322,0
2.795404s,1.4900028s,9.0619104s,12729,322,0
2.8453466s,1.2970193s,6.1384092s,12765,322,0
2.6709551s,1.4681388s,100.2163ms,12869,322,0
2.3521959s,1.1279298s,6.6396132s,12761,322,0
2.8458584s,1.2301435s,3.0191319s,12825,322,0
2.343694s,1.1836296s,3.5212963s,12801,322,0
2.4196645s,1.1184304s,9.4596721s,12725,322,0
2.7506233s,1.3958936s,3.1177407s,12821,322,0
2.7874458s,1.1484508s,0s,12873,322,0
2.6243537s,1.1520055s,9.2549829s,12733,322,0
2.691903s,1.1326651s,100.6344ms,12877,322,0
2.7427892s,1.4040707s,9.1559018s,12721,322,0
2.4755341s,1.0280671s,6.5437669s,12777,322,0
2.3027257s,1.0543784s,503.3191ms,12853,322,0
2.8470618s,1.1281922s,9.0607153s,12737,322,0
2.2693152s,1.144703s,3.6274893s,12833,322,0
3.0816736s,1.3811712s,2.8181521s,12809,322,0
2.482396s,1.095078s,3.4177551s,12813,322,0
2.9911047s,1.3201672s,6.040629s,12773,322,0
2.7824239s,1.2604069s,3.1177272s,12837,322,0
2.8894852s,1.266188s,3.0212548s,12829,322,0
2.8581373s,1.2141761s,9.0635753s,12753,322,0
3.0050582s,1.1262475s,6.0372644s,12789,322,0
2.3865128s,1.0124482s,3.5242272s,12805,322,0
2.7096445s,1.3998656s,6.3359958s,12793,322,0
2.7734601s,1.3641294s,9.1515702s,12757,322,0
2.8685863s,1.1145586s,9.056444s,12741,322,0
3.1122629s,1.3962907s,5.9384524s,12781,322,0
3.0117293s,1.4866913s,6.038986s,12769,322,0
2.5413007s,1.239608s,301.9398ms,12845,322,0
3.0067304s,1.49154s,2.9181837s,12817,322,0
2.87939s,1.3560742s,9.0564967s,12745,322,0
2.8918224s,1.4298821s,0s,12865,322,0
3.0592733s,1.3313949s,0s,12849,322,0
3.124492s,1.48685s,0s,12841,322,0
3.1665308s,1.4681388s,0s,12857,323,0
2.4493639s,1.1433413s,7.6499347s,12818,324,1
2.4555089s,1.1761131s,1.7109392s,12882,324,1
2.8624452s,1.1663849s,1.3078159s,12886,324,1
2.5333905s,1.1784906s,4.6310715s,12866,324,1
2.5715791s,1.2773341s,10.5699619s,12794,324,1
2.6788835s,1.1058499s,1.508435s,12914,324,1
2.8832009s,1.0475581s,1.3066699s,12918,324,1
3.0852824s,1.4684468s,1.1069003s,12902,324,1
2.6859475s,1.1427067s,10.4695302s,12790,324,1
2.6900404s,1.4336547s,1.5106811s,12890,324,1
2.8570419s,1.455058s,4.3293263s,12858,324,1
2.5990114s,1.4578381s,10.5669435s,12782,324,1
2.5650068s,1.2340721s,4.6259015s,12854,324,1
2.8675514s,1.4884817s,4.3282409s,12878,324,1
2.8025243s,1.4673946s,7.3494548s,12810,324,1
2.8728335s,1.3049848s,4.3291304s,12846,324,1
2.810248s,1.2046288s,10.3687949s,12770,324,1
2.5031929s,1.4928894s,7.6501087s,12814,324,1
2.4133952s,1.0484277s,1.8124231s,12894,324,1
2.6816218s,1.1549342s,4.5305046s,12870,324,1
2.522734s,1.0977319s,10.6664714s,12774,324,1
2.8162111s,1.1537243s,7.3459305s,12830,324,1
2.9828353s,1.3751893s,4.2292911s,12862,324,1
2.5183261s,1.1508229s,7.6461482s,12826,324,1
3.0270638s,1.4486967s,10.1644743s,12766,324,1
2.5863731s,1.4310899s,4.628086s,12842,324,1
2.5292196s,1.1906427s,10.6664806s,12778,324,1
2.6353208s,1.0529563s,10.5671253s,12798,324,1
2.7276711s,1.2943497s,7.4477112s,12834,324,1
2.5299746s,1.1929533s,1.7125572s,12898,324,1
2.7397949s,1.3164206s,10.4688268s,12762,324,1
2.8346098s,1.4383491s,7.3469481s,12822,324,1
2.4323994s,1.0744248s,7.7491585s,12806,324,1
2.7443483s,1.0606837s,1.5093579s,12906,324,1
3.0535951s,1.3146882s,1.205566s,12910,324,1
2.651782s,1.1611378s,10.5700849s,12786,324,1
2.9165665s,1.2293556s,4.3282214s,12874,324,1
2.7467406s,1.2837499s,7.4480625s,12838,324,1
2.9500152s,1.3111089s,7.2447879s,12802,324,1
2.4161096s,1.039191s,4.829925s,12850,324,1
2.3851778s,1.1160657s,10.0695656s,12832,325,3
2.8841845s,1.3437372s,9.5709798s,12804,325,3
2.988353s,1.4726883s,9.4668113s,12840,325,3
2.3710457s,1.2459659s,4.1298573s,12908,325,3
2.5302555s,1.3174377s,904.7368ms,12948,325,3
2.8863726s,1.1613734s,3.6273406s,12912,325,3
2.3077755s,1.1432531s,7.0440559s,12860,325,3
2.7115552s,1.105313s,6.6426092s,12844,325,3
2.6451439s,1.1084942s,803.9175ms,12956,325,3
2.7136206s,1.3966501s,9.7621919s,12816,325,3
2.5982908s,1.3956886s,3.9232604s,12916,325,3
2.296621s,1.1180404s,4.2249302s,12904,325,3
2.6974213s,1.1491297s,3.8241299s,12884,325,3
3.1161431s,1.3810534s,9.3596694s,12824,325,3
2.3179851s,1.2216396s,7.0444149s,12880,325,3
2.7220464s,1.2008317s,6.6459635s,12876,325,3
2.3025004s,1.2160807s,4.2273913s,12900,325,3
2.363036s,1.0106587s,1.106851s,12940,325,3
2.3288713s,1.100044s,7.0476179s,12852,325,3
2.8381182s,1.4637876s,6.5417358s,12848,325,3
2.7723516s,1.1712472s,704.4031ms,12924,325,3
2.6175018s,1.2569876s,3.9294396s,12920,325,3
2.5337677s,1.0232013s,9.967435s,12820,325,3
2.5426085s,1.4466587s,6.84358s,12856,325,3
2.8875455s,1.4594589s,602.6763ms,12952,325,3
2.6876038s,1.3225368s,805.4221ms,12936,325,3
2.7935158s,1.3302501s,703.309ms,12960,325,3
2.5467131s,1.3443003s,4.0234736s,12896,325,3
2.4615147s,1.1630124s,10.0629333s,12828,325,3
2.3938193s,1.2572059s,1.1086477s,12932,325,3
2.456719s,1.296384s,6.9515859s,12872,325,3
2.4412364s,1.036356s,4.1293981s,12888,325,3
2.4990371s,1.4193359s,1.0060162s,12944,325,3
2.5679863s,1.2027896s,9.9631285s,12836,325,3
2.6137895s,1.1697522s,903.7509ms,12928,325,3
2.679223s,1.3016605s,6.7441553s,12864,325,3
2.6716167s,1.3687442s,9.8679047s,12812,325,3
2.4692841s,1.366591s,10.0702373s,12808,325,3
2.7747863s,1.4297154s,6.648592s,12868,325,3
3.0677197s,1.3816042s,3.5230259s,12892,325,3
2.322004s,1.182764s,2.5158331s,12963,326,2
2.7361362s,1.3618601s,2.11235s,12975,326,2
2.478811s,1.2967089s,8.5564123s,12919,326,2
2.6811267s,1.224632s,11.0683203s,12863,326,2
2.5480199s,1.2830583s,5.2345692s,12935,326,2
2.2746775s,1.0724022s,11.4747695s,12843,326,2
2.9882876s,1.4657841s,8.0501445s,12887,326,2
2.555352s,1.3937447s,5.234252s,12951,326,2
2.3544601s,1.1755229s,5.4351439s,12927,326,2
2.8438541s,1.1837374s,2.01456s,12971,326,2
2.5581896s,1.3254437s,5.2314144s,12947,326,2
2.6829552s,1.1013868s,11.0735067s,12879,326,2
2.38208s,1.0444908s,11.3743819s,12859,326,2
2.5461832s,1.2404097s,2.3144913s,12967,326,2
3.0935845s,1.1802399s,7.9509141s,12903,326,2
2.6914707s,1.3076526s,8.3530279s,12883,326,2
2.4912069s,1.1208973s,11.2744125s,12847,326,2
2.5660092s,1.023583s,5.2327523s,12939,326,2
2.4498995s,1.237635s,2.4176721s,12995,326,2
2.3539794s,1.0732221s,2.5165685s,12987,326,2
2.6754537s,1.2710463s,5.1330593s,12959,326,2
2.6067741s,1.067265s,8.4587753s,12915,326,2
2.9679746s,1.3357296s,1.9137507s,12983,326,2
2.6064214s,1.0224001s,8.459128s,12895,326,2
2.7142237s,1.0824513s,11.0677659s,12855,326,2
2.5207923s,1.4442671s,8.5512425s,12907,326,2
2.5238664s,1.1635568s,11.2734309s,12851,326,2
2.3176315s,1.1905683s,11.4796658s,12875,326,2
2.425003s,1.1612435s,8.6576509s,12891,326,2
2.8110029s,1.1179331s,5.0259251s,12923,326,2
2.436132s,1.1728334s,11.3676539s,12867,326,2
2.9083364s,1.3841148s,4.9285916s,12955,326,2
2.4905134s,1.0111187s,2.4144084s,12991,326,2
2.6393947s,1.1473713s,11.1729945s,12871,326,2
2.7037505s,1.0480961s,2.2129423s,12999,326,2
2.7037505s,1.1282756s,2.2129423s,12979,326,2
3.2526342s,1.4016961s,7.8540191s,12911,326,2
2.563488s,1.192819s,8.5523274s,12899,326,2
2.9311899s,1.3676386s,4.9319913s,12943,326,2
2.4289065s,1.1393603s,5.4342747s,12931,326,2
2.3211017s,1.0575551s,0s,13027,326,2
3.0665615s,1.441788s,5.5348985s,12921,326,0
2.5001711s,1.4273869s,100.1999ms,13025,326,0
2.6712348s,1.1444344s,5.9382017s,12937,326,0
2.6102039s,1.0852056s,9.0557058s,12913,326,0
2.3699012s,1.1324934s,6.2395353s,12933,326,0
2.7150477s,1.2467486s,8.9571599s,12901,326,0
2.7763959s,1.2827195s,5.8393385s,12925,326,0
2.3130422s,1.1546275s,9.3591654s,12905,326,0
2.3130422s,1.0901283s,9.3591654s,12893,326,0
2.8372853s,1.2944822s,2.7147175s,12997,326,0
2.93727s,1.3550854s,2.6147328s,12977,326,0
2.5381895s,1.1041458s,3.0229942s,12965,326,0
2.5440808s,1.2489781s,3.0191553s,12973,326,0
2.7280398s,1.4533865s,8.9622387s,12885,326,0
2.8479486s,1.2548224s,2.7189795s,12981,326,0
2.632157s,1.1476827s,9.0581215s,12917,326,0
2.6554917s,1.1340249s,2.9176129s,12993,326,0
2.6394861s,1.3118613s,0s,13009,326,0
2.7628273s,1.2514606s,2.818085s,12969,326,0
2.3643073s,1.1520337s,3.218251s,12989,326,0
3.0564732s,1.3117137s,8.6521048s,12909,326,0
2.2715827s,1.0785718s,3.3211809s,12985,326,0
2.9228309s,1.2189016s,5.7364942s,12945,326,0
2.4206491s,1.28913s,6.2422235s,12929,326,0
2.5584081s,1.135313s,100.633ms,13005,326,0
2.6605167s,1.4912459s,0s,13021,326,0
2.6274635s,1.0818486s,6.0375239s,12953,326,0
2.2820719s,1.0430328s,3.3229888s,12961,326,0
2.7668269s,1.1924352s,8.9612685s,12881,326,0
2.3742641s,1.2722902s,301.7776ms,13037,326,0
2.5793849s,1.3356428s,9.1575194s,12889,326,0
2.3484904s,1.1965879s,6.3382925s,12941,326,0
2.5512972s,1.1444344s,6.1383841s,12957,326,0
2.8913164s,1.0057693s,8.862356s,12897,326,0
2.6581081s,1.1088262s,6.0390911s,12949,326,0
2.7167883s,1.0779578s,0s,13001,326,0
2.7710428s,1.4757944s,0s,13033,326,0
2.9285338s,1.4997196s,0s,13017,326,0
2.9918335s,1.4886329s,0s,13013,326,0
3.0023339s,1.2269278s,0s,13029,327,0
2.2304536s,1.1093815s,4.8333743s,13030,328,1
2.41027s,1.1440789s,1.8144333s,13058,328,1
2.41027s,1.3033408s,1.8144333s,13078,328,1
2.839445s,1.4124298s,4.2259599s,13010,328,1
2.6458924s,1.1058681s,4.4270194s,13026,328,1
2.6458924s,1.2557754s,4.4270194s,13034,328,1
2.476621s,1.1061926s,10.5711927s,12934,328,1
2.2881562s,1.1766702s,10.7626995s,12926,328,1
2.8929451s,1.4186903s,10.1579106s,12922,328,1
3.2319926s,1.3727206s,1.0051888s,13066,328,1
2.454699s,1.0091861s,4.6264611s,13002,328,1
2.8256519s,1.2352771s,7.3485881s,12986,328,1
2.9433494s,1.4238582s,1.3094888s,13046,328,1
2.526281s,1.1417624s,7.6493734s,12982,328,1
3.028581s,1.3825189s,7.1470734s,12998,328,1
2.5459305s,1.2158794s,1.7116369s,13070,328,1
2.3453901s,1.1735076s,1.9121773s,13074,328,1
2.6463917s,1.4160101s,1.6111757s,13042,328,1
2.7099359s,1.2498533s,10.3695315s,12930,328,1
2.6339641s,1.0344094s,7.5519482s,12994,328,1
2.7413291s,1.4734211s,7.4485858s,12970,328,1
2.5810327s,1.3912544s,4.5304691s,13022,328,1
2.6558999s,1.4184733s,7.5456898s,12966,328,1
2.7729751s,1.4493744s,1.5083644s,13062,328,1
2.2249887s,1.0137519s,10.8751164s,12954,328,1
2.3574274s,1.0163262s,7.8497326s,12974,328,1
2.2352525s,1.0877286s,10.8652925s,12942,328,1
2.5285414s,1.4279407s,10.5720036s,12950,328,1
2.7623994s,1.3646019s,7.4474413s,12990,328,1
2.377381s,1.2164295s,1.9121511s,13054,328,1
2.4000896s,1.1190033s,4.7312057s,13014,328,1
2.4450143s,1.0866343s,10.6656026s,12946,328,1
2.507017s,1.1552413s,4.6294947s,13018,328,1
3.0819568s,1.4753376s,7.1429941s,12962,328,1
2.6936341s,1.0927953s,1.609915s,13050,328,1
2.3153943s,1.2359871s,4.8305071s,13006,328,1
2.6241473s,1.0015759s,4.5309974s,13038,328,1
2.3616928s,1.0119629s,10.7710714s,12958,328,1
2.5626784s,1.0706546s,10.5700858s,12938,328,1
2.3896438s,1.1852515s,7.8501753s,12978,328,1
2.4900053s,1.0883648s,11.4747132s,12988,329,3
2.7948438s,1.1482518s,11.1739224s,12976,329,3
2.2538019s,1.0548905s,8.5594857s,13036,329,3
2.5031267s,1.1328148s,11.470144s,13000,329,3
2.4626191s,1.0194399s,8.355173s,13004,329,3
2.6516851s,1.0420574s,5.0306026s,13076,329,3
2.8910858s,1.0086207s,1.7116766s,13096,329,3
2.9592196s,1.3638038s,4.7282765s,13080,329,3
2.7007964s,1.4676958s,1.9111173s,13108,329,3
2.5668654s,1.3882298s,5.129782s,13048,329,3
2.917033s,1.1908559s,11.0750489s,12984,329,3
2.3132582s,1.1257526s,11.6788237s,12968,329,3
2.8218106s,1.4819868s,11.1702713s,12964,329,3
2.3782024s,1.278724s,8.4584009s,13028,329,3
2.2246379s,1.1290357s,11.7696702s,12992,329,3
2.2711779s,1.1187515s,5.4338095s,13056,329,3
2.8110744s,1.3136167s,1.8126154s,13120,329,3
3.0847337s,1.4067606s,4.6336542s,13052,329,3
3.0073678s,1.2687457s,7.8465245s,13024,329,3
2.1342377s,1.0080181s,11.8751332s,12996,329,3
2.8994043s,1.4446808s,7.954488s,13032,329,3
2.7221577s,1.286162s,1.9114965s,13084,329,3
2.4222408s,1.278489s,2.2121411s,13088,329,3
2.9087446s,1.2604271s,7.9463624s,13012,329,3
2.791247s,1.1558324s,4.9283556s,13044,329,3
3.0351371s,1.1559447s,1.6109913s,13092,329,3
2.5451032s,1.1386735s,11.4815683s,12980,329,3
2.6436835s,1.2175229s,2.009187s,13116,329,3
2.8257339s,1.0082955s,8.0473747s,13008,329,3
2.4231302s,1.2985151s,8.4499784s,13016,329,3
2.8409049s,1.479774s,1.8119656s,13104,329,3
2.6089945s,1.0658811s,5.1317514s,13060,329,3
2.5044302s,1.4577195s,5.2363157s,13064,329,3
3.1554786s,1.3615328s,10.8762503s,12972,329,3
2.8114832s,1.2314899s,4.9316482s,13072,329,3
2.4455631s,1.1556428s,2.2128346s,13112,329,3
2.7480236s,1.1233422s,1.9123625s,13100,329,3
3.1355044s,1.3715179s,7.7486735s,13020,329,3
2.346392s,1.1019601s,8.547422s,13040,329,3
2.6325072s,1.4006557s,5.1315383s,13068,329,3
2.5378117s,1.3158314s,5.5339856s,13115,330,2
2.7437143s,1.3292807s,11.1706861s,13023,330,2
2.7437143s,1.4227574s,11.1706861s,13015,330,2
2.7467324s,1.469028s,5.3365827s,13119,330,2
2.4499097s,1.0425425s,11.4760085s,13003,330,2
2.9346719s,1.1802183s,8.247532s,13047,330,2
2.6533788s,1.2512902s,2.4151337s,13131,330,2
2.4526014s,1.0712338s,5.6329787s,13091,330,2
2.461555s,1.007741s,2.6147619s,13151,330,2
2.7624491s,1.0304045s,5.333961s,13103,330,2
2.8662586s,1.194255s,2.2153489s,13123,330,2
2.471972s,1.1585415s,2.6144935s,13135,330,2
2.4711121s,1.0200839s,11.4773122s,13039,330,2
2.8526029s,1.4898739s,8.3521071s,13075,330,2
2.7568346s,1.2468541s,8.4478754s,13067,330,2
2.2647721s,1.07508s,5.8410491s,13087,330,2
2.5758283s,1.26866s,5.5299929s,13083,330,2
2.8787739s,1.2907705s,2.2122447s,13127,330,2
2.1549095s,1.0437521s,9.0569154s,13079,330,2
2.5804223s,1.263405s,5.5353453s,13099,330,2
2.4794518s,1.2774041s,5.6363158s,13095,330,2
2.3954983s,1.0951437s,11.5729803s,13019,330,2
2.5937604s,1.1227092s,2.5173125s,13143,330,2
2.8972639s,1.3583726s,2.213809s,13155,330,2
2.4006137s,1.0019196s,2.7165317s,13147,330,2
2.6073466s,1.0531599s,11.3722902s,13035,330,2
2.4868066s,1.0908701s,8.7545798s,13055,330,2
3.0148026s,1.3536648s,5.1334039s,13107,330,2
2.9998574s,1.3886256s,8.2478727s,13051,330,2
2.6210049s,1.0608124s,2.5130338s,13139,330,2
3.0988888s,1.1434038s,8.1488413s,13043,330,2
2.6285003s,1.083103s,11.365809s,13031,330,2
2.7021819s,1.2735164s,8.5499105s,13059,330,2
2.5224431s,1.1195525s,5.6362705s,13111,330,2
2.638833s,1.2669257s,11.3719431s,13011,330,2
2.9167636s,1.2047637s,8.3502982s,13063,330,2
2.4105159s,1.1468416s,8.8565459s,13071,330,2
2.7437143s,1.2928492s,11.2688819s,13007,330,2
2.5391567s,1.2798788s,2.6160338s,13159,330,2
2.5268735s,1.1665568s,0s,13167,330,2
2.5756638s,1.3837029s,0s,13175,330,2
2.6237572s,1.3568251s,0s,13191,330,2
3.1031216s,1.4982663s,3.2195901s,13129,331,0
2.5444568s,1.1592445s,6.842616s,13081,331,0
2.2085931s,1.0543943s,4.123351s,13133,331,0
2.5360323s,1.3510387s,6.8510405s,13097,331,0
2.7304381s,1.3116495s,503.1112ms,13165,331,0
2.6340329s,1.4895634s,602.304ms,13193,331,0
3.054728s,1.4543617s,6.3440868s,13093,331,0
2.6576573s,1.2670368s,6.7415582s,13113,331,0
2.8182855s,1.3041617s,3.5258013s,13125,331,0
2.2079494s,1.105025s,10.1724097s,13069,331,0
2.4617928s,1.2715402s,6.9435122s,13089,331,0
2.4226098s,1.1166337s,9.9577493s,13041,331,0
2.845716s,1.4924453s,402.2255ms,13173,331,0
2.6314339s,1.0569784s,3.7232658s,13157,331,0
2.856407s,1.3876319s,403.4899ms,13177,331,0
2.7774882s,1.3253418s,6.6431195s,13085,331,0
2.3508609s,1.0761256s,4.0248067s,13141,331,0
2.5443984s,1.1102504s,9.861452s,13049,331,0
3.0549916s,1.3411823s,3.320676s,13149,331,0
2.3675129s,1.2065333s,905.3648ms,13181,331,0
2.8769408s,1.434124s,401.9073ms,13169,331,0
2.2812943s,1.1786955s,1.0062356s,13185,331,0
2.1982827s,1.1037707s,7.2474975s,13105,331,0
2.8080394s,1.1423696s,6.6416354s,13109,331,0
2.7617266s,1.4175833s,9.6630023s,13065,331,0
2.2614314s,1.0061244s,10.1632975s,13057,331,0
3.1955452s,1.3372286s,100.5419ms,13189,331,0
3.0121055s,1.4358217s,6.4442924s,13117,331,0
2.7148916s,1.4005016s,6.7440004s,13101,331,0
2.5719235s,1.3344578s,9.8661769s,13077,331,0
2.2814185s,1.1614407s,4.1264991s,13137,331,0
2.8817865s,1.3182607s,3.5261311s,13121,331,0
2.9745648s,1.1797299s,9.4630463s,13053,331,0
2.6013931s,1.415809s,703.9395ms,13197,331,0
2.1816609s,1.116116s,4.2262567s,13153,331,0
2.5848829s,1.2512183s,3.8241346s,13145,331,0
2.5819861s,1.0169022s,9.8572142s,13061,331,0
2.8888395s,1.1396965s,9.5554043s,13045,331,0
2.7830887s,1.3841848s,9.6611551s,13073,331,0
2.4092066s,1.0337221s,906.438ms,13161,331,0
2.8120136s,1.3250219s,1.1085015s,13222,332,1
2.4734602s,1.096149s,10.6697603s,13086,332,1
2.5337359s,1.2167194s,4.6275416s,13198,332,1
2.904761s,1.4106888s,7.3466578s,13146,332,1
2.6285194s,1.4303954s,4.5327581s,13194,332,1
2.3098236s,1.0551268s,1.6134169s,13210,332,1
3.238037s,1.3989794s,3.9262234s,13170,332,1
2.8225709s,1.3875085s,1.1069393s,13230,332,1
2.408657s,1.3391715s,7.8526754s,13130,332,1
2.8918017s,1.4527803s,10.2632979s,13094,332,1
2.7322931s,1.3194412s,1.2071506s,13202,332,1
2.3490235s,1.1911461s,4.8326065s,13162,332,1
2.8558785s,1.4944261s,4.327011s,13178,332,1
2.3229472s,1.1081638s,7.9500836s,13142,332,1
2.4245802s,1.3673914s,7.8484506s,13126,332,1
2.8558785s,1.3323854s,4.327011s,13186,332,1
2.3596463s,1.1706851s,4.8290471s,13182,332,1
2.4095561s,1.0433421s,10.772647s,13110,332,1
2.3545873s,1.0755769s,1.6105715s,13218,332,1
2.5169051s,1.3192339s,10.6695678s,13090,332,1
2.864368s,1.1258562s,1.1067883s,13238,332,1
2.4464761s,1.137083s,7.8528585s,13150,332,1
2.7224318s,1.3355349s,10.4687045s,13082,332,1
2.7486614s,1.25422s,7.5506732s,13122,332,1
3.0786877s,1.2426891s,4.1305056s,13166,332,1
2.4574191s,1.1317845s,7.8448101s,13154,332,1
2.4261075s,1.017273s,10.7679234s,13114,332,1
2.9687293s,1.4571072s,1.0053216s,13206,332,1
2.5663098s,1.326591s,1.4077411s,13234,332,1
2.6689837s,1.2245833s,1.3077344s,13226,332,1
2.2864673s,1.0539699s,4.9299669s,13190,332,1
2.7744477s,1.4921285s,1.206862s,13214,332,1
2.6016735s,1.4025037s,4.6287879s,13174,332,1
2.3560377s,1.0637481s,10.8630948s,13098,332,1
2.4517694s,1.0447352s,10.7673631s,13106,332,1
2.7815316s,1.2978176s,7.5457992s,13134,332,1
2.3560377s,1.1906086s,10.8630948s,13118,332,1
3.0901413s,1.3751532s,7.2474231s,13158,332,1
2.8881373s,1.4160159s,7.4511051s,13138,332,1
2.6660518s,1.0642774s,10.5695423s,13102,332,1
3.1249623s,1.3389918s,7.2437243s,13184,333,3
2.3010219s,1.1411452s,10.8728168s,13124,333,3
3.1281483s,1.3116264s,4.1281956s,13216,333,3
2.7282975s,1.4550756s,4.5280464s,13236,333,3
2.8361184s,1.3374759s,4.4290335s,13204,333,3
2.8361184s,1.2482861s,4.4290335s,13208,333,3
2.3217685s,1.1175068s,10.8734978s,13144,333,3
3.0318813s,1.3032368s,1.1080359s,13272,333,3
3.0437216s,1.4474982s,4.2274129s,13240,333,3
2.5517671s,1.2793688s,7.8472649s,13180,333,3
2.4354329s,1.2262539s,1.7104885s,13244,333,3
2.1341802s,1.0987747s,11.0700039s,13148,333,3
2.5486564s,1.3303127s,7.8503756s,13164,333,3
2.3394874s,1.0660958s,1.811003s,13248,333,3
2.7604063s,1.1339824s,4.5215338s,13228,333,3
2.2538972s,1.0843204s,5.0280429s,13212,333,3
2.5472908s,1.3403742s,1.6112489s,13256,333,3
2.160711s,1.0775742s,8.2584061s,13176,333,3
2.8697241s,1.3030058s,7.549393s,13192,333,3
2.7598365s,1.048891s,10.4678644s,13132,333,3
2.7598365s,1.2953867s,10.4678644s,13160,333,3
2.8656126s,1.1402142s,1.3085124s,13268,333,3
2.3641208s,1.2707112s,10.8682669s,13136,333,3
2.7698631s,1.408165s,1.4075762s,13260,333,3
2.7784979s,1.3116264s,4.5322656s,13224,333,3
2.7707247s,1.4260534s,10.4701532s,13156,333,3
2.3843203s,1.0838834s,8.0537828s,13168,333,3
2.6863947s,1.2361082s,1.5084943s,13280,333,3
2.7973116s,1.0990601s,7.650688s,13200,333,3
2.4816885s,1.2000687s,10.7714632s,13152,333,3
2.7908084s,1.323619s,1.4064831s,13276,333,3
2.5901089s,1.169069s,1.6132574s,13264,333,3
2.598956s,1.2542978s,4.7325586s,13232,333,3
2.4995809s,1.029157s,7.9573482s,13196,333,3
2.598956s,1.3635561s,4.7325586s,13220,333,3
3.0078088s,1.1525803s,7.4514005s,13172,333,3
2.4921938s,1.1356034s,10.7721676s,13128,333,3
2.6967588s,1.4908446s,1.5093399s,13252,333,3
2.8051521s,1.0281671s,10.4669447s,13140,333,3
3.0180107s,1.4212799s,7.448934s,13188,333,3
2.8170048s,1.0894915s,12.792175s,13187,335,2
2.4325066s,1.0866692s,6.8424885s,13267,335,2
2.7225716s,1.4518287s,12.8866082s,13163,335,2
2.6446762s,1.3281105s,9.9668084s,13235,335,2
2.6313401s,1.1847019s,3.6264735s,13315,335,2
2.3364554s,1.1987302s,6.9450614s,13259,335,2
2.7396723s,1.0516342s,6.5429527s,13263,335,2
2.5348637s,1.0000985s,3.7240581s,13319,335,2
3.1505376s,1.4506887s,300.7013ms,13355,335,2
2.5642566s,1.4912448s,10.0659233s,13215,335,2
2.3451124s,1.24126s,3.9248748s,13287,335,2
2.2536802s,1.179272s,1.2080256s,13347,335,2
2.2502485s,1.137875s,4.02325s,13303,335,2
2.4569518s,1.2714893s,1.0052309s,13351,335,2
2.7765763s,1.4899018s,9.8640261s,13223,335,2
2.6602531s,1.0065251s,12.9828484s,13179,335,2
2.4797462s,1.205489s,10.1656601s,13219,335,2
2.7650394s,1.1983345s,12.8834248s,13195,335,2
2.6808598s,1.1685929s,804.6901ms,13323,335,2
2.4799593s,1.1280144s,1.0055906s,13327,335,2
2.6928107s,1.2471645s,9.9661398s,13231,335,2
2.6783417s,1.3893068s,12.978304s,13199,335,2
2.7818921s,1.3242056s,6.5405689s,13251,335,2
2.3987837s,1.2545902s,10.2601668s,13203,335,2
3.0872773s,1.4767707s,402.106ms,13335,335,2
2.7879073s,1.4400235s,703.5424ms,13339,335,2
2.6850047s,1.3048349s,806.445ms,13359,335,2
2.3020296s,1.0850813s,10.3769954s,13207,335,2
2.8967908s,1.4920536s,6.4457447s,13247,335,2
2.8076315s,1.3845669s,9.8713935s,13239,335,2
2.7983453s,1.3847216s,6.5441902s,13275,335,2
2.5034677s,1.2325547s,10.1755573s,13211,335,2
2.7019623s,1.3312548s,6.6420193s,13279,335,2
2.5992855s,1.4055934s,3.7228877s,13291,335,2
2.9976952s,1.3817753s,12.6823659s,13183,335,2
2.1980055s,1.0433974s,4.1241677s,13311,335,2
2.8111052s,1.214157s,704.1162ms,13331,335,2
2.8063602s,1.3850996s,12.885989s,13171,335,2
3.3364895s,1.4904274s,9.3581645s,13227,335,2
2.7122235s,1.0503039s,6.6459568s,13271,335,2
2.7052208s,1.4174327s,6.653268s,13255,335,2
2.4086767s,1.1172776s,3.9261089s,13283,335,2
2.2109406s,1.0229256s,1.3120523s,13343,335,2
2.5143027s,1.1348836s,3.8215839s,13299,335,2
2.8117927s,1.2474961s,3.5229929s,13307,335,2
3.0237032s,1.4680349s,6.3358866s,13243,335,2
2.7268207s,1.1520894s,3.6222684s,13295,335,2
2.5573297s,1.1114173s,4.3256138s,13285,335,0
2.5573297s,1.3776595s,4.3256138s,13305,335,0
2.6362299s,1.3811558s,1.3069738s,13357,335,0
2.2892499s,1.0034091s,7.4439673s,13241,335,0
2.49127s,1.1420906s,7.2419472s,13257,335,0
2.8453274s,1.4756042s,1.1067159s,13341,335,0
2.7446062s,1.251887s,1.2074371s,13353,335,0
2.1655056s,1.0873797s,4.7288935s,13293,335,0
2.1802016s,1.0587843s,10.6612467s,13205,335,0
2.7069085s,1.3363646s,7.0448236s,13269,335,0
2.6115608s,1.0667831s,7.1419206s,13245,335,0
2.5919328s,1.0891336s,10.2671792s,13221,335,0
2.7969704s,1.1819433s,10.0621416s,13237,335,0
3.099102s,1.3654272s,9.76001s,13209,335,0
2.5126265s,1.1218844s,7.2473835s,13265,335,0
2.5919328s,1.2301933s,10.2671792s,13217,335,0
2.3921485s,1.2234406s,10.4669635s,13201,335,0
2.7993321s,1.0797072s,4.1243722s,13297,335,0
2.5240134s,1.250831s,7.2444789s,13277,335,0
2.5742127s,1.4811127s,1.4071358s,13349,335,0
2.4696201s,1.3762637s,1.5117284s,13333,335,0
2.6032747s,1.1768076s,10.2643196s,13229,335,0
2.8306471s,1.4074619s,6.9438979s,13253,335,0
2.9044026s,1.4196434s,4.0253544s,13301,335,0
2.535028s,1.1743273s,7.2439024s,13249,335,0
2.9150179s,1.4435952s,4.0231741s,13309,335,0
2.844788s,1.4805841s,6.938192s,13261,335,0
2.3428569s,1.1252284s,7.4506666s,13273,335,0
2.3273506s,1.0334007s,4.6252543s,13281,335,0
2.4222176s,1.4002411s,4.5303873s,13289,335,0
2.7324469s,1.3544611s,10.164048s,13213,335,0
2.9423558s,1.1082739s,4.0276396s,13313,335,0
2.4451503s,1.2283961s,10.4687351s,13233,335,0
2.4196902s,1.0884853s,1.6109115s,13321,335,0
2.521866s,1.2267131s,1.5087357s,13337,335,0
2.5243801s,1.0647517s,1.5099586s,13345,335,0
2.4486522s,1.3055909s,4.5280423s,13317,335,0
2.7275387s,1.2942856s,1.3068s,13329,335,0
2.7345818s,1.39736s,1.3064856s,13325,335,0
2.8744831s,1.28088s,10.0528301s,13225,335,0
2.4307291s,1.170311s,602.9905ms,13366,335,1
2.6338401s,1.2690485s,401.4796ms,13382,335,1
2.233208s,1.0550275s,804.3646ms,13370,335,1
2.872985s,1.335768s,9.4563817s,13250,335,1
3.1714767s,1.3103552s,9.15789s,13246,335,1
2.7939336s,1.4735693s,3.2194356s,13346,335,1
3.0563208s,1.203606s,0s,13394,336,1
2.279633s,1.0809127s,10.0663937s,13258,336,1
2.6823608s,1.449277s,9.6636659s,13278,336,1
2.4631574s,1.2790523s,602.7735ms,13378,336,1
2.3145184s,1.0150822s,6.8404279s,13314,336,1
2.5156097s,1.264751s,6.6393366s,13290,336,1
2.6107281s,1.4072416s,3.4184356s,13342,336,1
2.6679492s,1.1787849s,401.7853ms,13398,336,1
3.1991004s,1.4611958s,9.1587499s,13254,336,1
2.611829s,1.3365144s,3.4225756s,13358,336,1
2.8232596s,1.3259069s,6.3396301s,13286,336,1
3.1278497s,1.4209008s,6.0368094s,13298,336,1
2.5260253s,1.311766s,6.6386338s,13294,336,1
2.8762957s,1.203606s,200.5281ms,13374,336,1
2.6100731s,1.4452661s,9.7584695s,13266,336,1
2.2758601s,1.0227396s,804.5667ms,13386,336,1
2.525364s,1.2474459s,3.5175636s,13350,336,1
2.686811s,1.2241427s,403.1883ms,13390,336,1
2.5269214s,1.3365144s,3.5261359s,13322,336,1
2.8194743s,1.4583664s,9.5605331s,13274,336,1
2.8437141s,1.2831998s,6.3410895s,13302,336,1
2.4332176s,1.2072151s,3.6237363s,13354,336,1
2.8358264s,1.1772466s,3.2211275s,13334,336,1
2.5484941s,1.2455223s,3.521863s,13326,336,1
2.5369089s,1.1153721s,9.8625105s,13270,336,1
2.4617394s,1.1736442s,6.7432756s,13282,336,1
2.966153s,1.4778357s,6.238862s,13318,336,1
2.9611657s,1.4825097s,3.1190152s,13338,336,1
2.8760626s,1.3937543s,6.3393888s,13310,336,1
2.3536574s,1.1415888s,10.0608944s,13262,336,1
2.5493276s,1.0656714s,9.8652242s,13242,336,1
2.9826242s,1.2082604s,6.2349953s,13306,336,1
2.8266599s,1.4509467s,301.9442ms,13362,336,1
2.3690706s,1.0742574s,3.7206992s,13330,336,1
2.5810164s,1.223213s,4.6299295s,13400,337,3
2.4382088s,1.2577582s,1.6111375s,13416,337,3
2.4887745s,1.2402299s,4.7310524s,13392,337,3
2.8524434s,1.1763427s,1.2066834s,13404,337,3
2.6938614s,1.0752235s,4.5285053s,13372,337,3
2.5631175s,1.0627029s,10.7662391s,13312,337,3
3.166354s,1.3381595s,906.0856ms,13428,337,3
2.7614212s,1.1345841s,7.5449091s,13348,337,3
2.4778554s,1.0137078s,10.8674726s,13308,337,3
2.8743867s,1.2683276s,1.2070639s,13408,337,3
2.1616686s,1.0463856s,8.1522961s,13324,337,3
3.0692742s,1.4800985s,7.2446905s,13340,337,3
2.2711336s,1.0766204s,1.811869s,13420,337,3
2.4793676s,1.1484417s,7.8460315s,13328,337,3
2.6784512s,1.3903681s,7.6473078s,13352,337,3
2.5875731s,1.2779565s,1.5093442s,13412,337,3
2.2959649s,1.0919367s,11.0674133s,13304,337,3
2.3816232s,1.1895656s,7.9490136s,13360,337,3
2.983894s,1.3083057s,7.3467428s,13336,337,3
2.6065331s,1.1805514s,10.7665464s,13320,337,3
2.808058s,1.4809839s,10.5650215s,13292,337,3
2.499252s,1.1488237s,10.8733932s,13296,337,3
2.6065331s,1.2745238s,10.7665464s,13316,337,3
2.6887546s,1.2844263s,7.6503781s,13344,337,3
2.5357258s,1.3847163s,4.7341327s,13388,337,3
2.9484246s,1.4587311s,4.3268853s,13384,337,3
2.7472754s,1.2765385s,4.5280345s,13380,337,3
2.401545s,1.1231594s,1.710525s,13440,337,3
2.401545s,1.0540035s,1.710525s,13432,337,3
2.8051286s,1.4954588s,7.5447048s,13332,337,3
2.2502072s,1.0823293s,5.030352s,13364,337,3
3.1632399s,1.3880808s,4.1309628s,13376,337,3
2.8165246s,1.3183289s,7.5469523s,13356,337,3
3.0339468s,1.400529s,10.3634769s,13288,337,3
2.830124s,1.0099873s,10.5672997s,13300,337,3
2.4725324s,1.4467652s,4.8274159s,13396,337,3
2.1233494s,1.0640703s,2.013359s,13424,337,3
2.8403865s,1.4787829s,10.5627828s,13284,337,3
2.2303423s,1.0089112s,1.9136387s,13436,337,3
2.7792827s,1.223213s,4.5279382s,13368,337,3
2.8651258s,1.2997413s,10.8715098s,13375,339,2
2.4613713s,1.3178089s,11.2755824s,13367,339,2
2.9026102s,1.4863185s,1.5087633s,13503,339,2
2.9030347s,1.1503001s,1.5083388s,13511,339,2
2.3014865s,1.0408396s,2.1133235s,13519,339,2
2.3009715s,1.0891966s,2.1133235s,13491,339,2
2.875218s,1.2345799s,10.8720679s,13371,339,2
2.838524s,1.2464914s,4.4314334s,13471,339,2
2.6495115s,1.2130937s,4.6283685s,13451,339,2
2.5661102s,1.1666745s,8.0526269s,13431,339,2
2.6495115s,1.3475139s,4.6288047s,13467,339,2
2.849001s,1.4348385s,4.4288002s,13447,339,2
2.8774031s,1.4773984s,7.7456275s,13419,339,2
2.1598485s,1.0880021s,5.1331764s,13479,339,2
2.9357004s,1.4972208s,1.5095175s,13515,339,2
2.4020464s,1.0728213s,11.3759311s,13379,339,2
2.5750219s,1.4623701s,4.729149s,13463,339,2
2.7738492s,1.1195021s,4.5303217s,13459,339,2
2.5145118s,1.3724915s,11.2697832s,13387,339,2
2.5075819s,1.2394773s,11.2767131s,13363,339,2
2.8425028s,1.2737568s,1.6121521s,13499,339,2
2.1909337s,1.0069587s,8.4541223s,13435,339,2
3.2497045s,1.4950108s,1.209131s,13495,339,2
2.908459s,1.0021769s,7.7435525s,13415,339,2
2.3853994s,1.0230304s,4.9320036s,13443,339,2
2.2578826s,1.1587987s,2.2143441s,13487,339,2
3.0139642s,1.4749319s,7.6525676s,13427,339,2
3.139239s,1.4583997s,10.6665318s,13383,339,2
2.7156865s,1.3657799s,7.9508453s,13411,339,2
2.7950849s,1.3483249s,4.5305618s,13475,339,2
2.8226114s,1.3777372s,7.8515483s,13439,339,2
2.5392735s,1.1127566s,11.2741252s,13391,339,2
2.4740822s,1.3290149s,2.0108078s,13507,339,2
2.9404576s,1.4582269s,7.7424174s,13407,339,2
2.4266809s,1.3451229s,8.2561941s,13423,339,2
3.3408851s,1.4967465s,7.3423169s,13403,339,2
3.055638s,1.3828075s,10.7688875s,13395,339,2
2.7513882s,1.3980513s,11.0731373s,13399,339,2
2.7865652s,1.4755766s,1.7111093s,13483,339,2
2.5207514s,1.1930658s,4.8314172s,13455,339,2
2.6818234s,1.2126772s,2.0133106s,13509,339,0
2.3860193s,1.1037703s,5.537223s,13445,339,0
2.8931169s,1.1616227s,5.0347054s,13449,339,0
2.4810324s,1.2971791s,11.4764929s,13369,339,0
2.6908858s,1.2466858s,11.2699344s,13385,339,0
2.8027658s,1.270885s,8.1554659s,13401,339,0
2.4914045s,1.2028873s,11.4694157s,13373,339,0
3.0081016s,1.4922807s,4.9301732s,13473,339,0
3.0025885s,1.1283555s,10.9653893s,13389,339,0
3.0271145s,1.4814894s,7.9487163s,13433,339,0
2.3110449s,1.2206148s,5.6393447s,13477,339,0
3.2281083s,1.4752236s,4.7248777s,13469,339,0
2.7132508s,1.2716987s,2.0116269s,13513,339,0
2.7292473s,1.4477117s,8.2508532s,13413,339,0
2.4175s,1.1178199s,2.314446s,13505,339,0
2.6184294s,1.3763328s,2.1135166s,13485,339,0
2.6356411s,1.0416831s,8.3542479s,13429,339,0
2.5238942s,1.4170405s,2.2152405s,13489,339,0
2.5238942s,1.25018s,2.2152405s,13481,339,0
2.9277791s,1.2175565s,11.0720569s,13393,339,0
2.4337322s,1.1296394s,5.5364008s,13453,339,0
2.5451434s,1.0398901s,11.4682474s,13377,339,0
2.8571591s,1.2285042s,5.1337899s,13441,339,0
3.0517632s,1.3331418s,1.7110775s,13501,339,0
3.0517632s,1.2760007s,1.7110775s,13517,339,0
2.3594233s,1.1188801s,5.6366396s,13465,339,0
2.8530638s,1.2878927s,11.1727021s,13381,339,0
2.4674799s,1.2405943s,8.5556975s,13421,339,0
2.9584577s,1.4703631s,1.8094969s,13493,339,0
2.9630299s,1.4674253s,5.033033s,13461,339,0
2.8530638s,1.1403849s,11.1727021s,13361,339,0
2.7815222s,1.3526304s,8.2529562s,13425,339,0
2.1628328s,1.0368714s,2.6164228s,13497,339,0
2.4783288s,1.1605788s,8.5561496s,13405,339,0
2.4783288s,1.1858907s,8.5561496s,13409,339,0
2.9848179s,1.1056845s,8.0584044s,13417,339,0
2.778193s,1.1294142s,11.2676178s,13365,339,0
2.8825035s,1.2121173s,5.1341029s,13457,339,0
2.4886373s,1.2695618s,8.554585s,13437,339,0
2.7673791s,1.2760918s,11.2789303s,13397,339,0
2.0747751s,1.0160094s,0s,13541,339,0
2.4744774s,1.2683424s,4.4265654s,13506,340,1
2.6165446s,1.1215343s,7.6444379s,13450,340,1
2.7153342s,1.0604907s,10.6653351s,13422,340,1
3.1196868s,1.4787299s,10.2646181s,13430,340,1
2.7531044s,1.2587107s,1.1064087s,13530,340,1
2.7810346s,1.3145717s,4.1291911s,13498,340,1
2.5218517s,1.3297034s,7.7483137s,13462,340,1
3.2699645s,1.496785s,602.9452ms,13546,340,1
2.5955001s,1.0278821s,4.3269897s,13490,340,1
2.6290243s,1.3885239s,10.773092s,13434,340,1
2.8419696s,1.4299576s,7.446727s,13442,340,1
2.8441933s,1.4804844s,10.5661251s,13406,340,1
2.4451227s,1.2865694s,7.8499667s,13478,340,1
2.7471575s,1.0207668s,10.6676187s,13402,340,1
2.8087937s,1.0451368s,4.126356s,13482,340,1
2.7471575s,1.2079931s,10.6676187s,13410,340,1
2.5534421s,1.2844685s,7.748142s,13470,340,1
2.6887911s,1.3585683s,1.207688s,13538,340,1
2.4114031s,1.2042025s,4.5302413s,13486,340,1
3.3599397s,1.4360403s,6.9425744s,13458,340,1
2.5543925s,1.4018123s,10.8678084s,13418,340,1
2.7959764s,1.4075966s,1.1079777s,13534,340,1
2.4962623s,1.1831699s,1.4105082s,13554,340,1
2.6026189s,1.216702s,1.3078869s,13542,340,1
2.5678587s,1.3018348s,7.7484425s,13474,340,1
2.7732232s,1.3270001s,7.543078s,13466,340,1
2.6715725s,1.1657864s,10.7656176s,13426,340,1
2.6343123s,1.0187084s,4.3232513s,13502,340,1
2.563954s,1.2419113s,7.7535493s,13446,340,1
2.4688088s,1.1418677s,10.9683813s,13438,340,1
2.63767s,1.2816233s,4.3259634s,13518,340,1
2.9815312s,1.3213704s,10.4632007s,13414,340,1
3.0447344s,1.4851186s,3.923639s,13494,340,1
2.5419825s,1.0050344s,4.4323865s,13514,340,1
2.3171311s,1.1912036s,1.6120726s,13526,340,1
2.4235547s,1.2063775s,1.5096315s,13522,340,1
2.5281973s,1.4075966s,1.4093186s,13558,340,1
2.4335547s,1.2382234s,1.5104076s,13550,340,1
2.7650528s,1.3112686s,4.2261974s,13510,340,1
2.5006341s,1.1388892s,7.8505558s,13454,340,1
2.6354852s,1.0926574s,4.932508s,13540,341,3
2.5899831s,1.0006526s,2.0129863s,13596,341,3
2.5899831s,1.0437943s,2.0129863s,13600,341,3
2.5463153s,1.4769761s,8.1501494s,13496,341,3
2.504483s,1.0635813s,2.1110451s,13588,341,3
2.7076029s,1.0943035s,10.968637s,13468,341,3
2.8523171s,1.4002879s,7.8522911s,13520,341,3
2.1486376s,1.0330036s,8.5559706s,13512,341,3
2.9081212s,1.3961419s,1.7092439s,13576,341,3
2.5533113s,1.056427s,5.0303234s,13556,341,3
2.2517754s,1.1118465s,8.4528328s,13508,341,3
2.6097059s,1.1000529s,11.066534s,13452,341,3
2.6129959s,1.2346577s,2.0121657s,13564,341,3
2.970723s,1.3818477s,7.7484397s,13500,341,3
2.619737s,1.1554124s,11.0710574s,13456,341,3
2.9662696s,1.4545989s,4.6319196s,13524,341,3
2.6697345s,1.3827288s,4.9313448s,13548,341,3
2.6809007s,1.2473117s,4.932765s,13552,341,3
2.3345024s,1.0725714s,11.3783566s,13460,341,3
2.6892067s,1.0836767s,4.9313912s,13560,341,3
2.1869483s,1.0836767s,5.4336496s,13536,341,3
2.7496669s,1.041354s,1.9096091s,13580,341,3
3.1001498s,1.4506289s,7.6503138s,13504,341,3
2.5987245s,1.2680308s,8.1517391s,13516,341,3
2.5561745s,1.1243681s,11.1659208s,13444,341,3
2.5580802s,1.2209715s,11.1640151s,13464,341,3
2.4551422s,1.0786452s,2.2147094s,13568,341,3
3.1209735s,1.4723907s,7.6477619s,13488,341,3
2.5142643s,1.0330036s,8.2544711s,13492,341,3
2.9716317s,1.2794698s,10.773976s,13472,341,3
2.4723452s,1.2617182s,2.2152916s,13584,341,3
2.7237836s,1.2363699s,4.931943s,13528,341,3
2.7804111s,1.4713426s,10.9679207s,13476,341,3
3.1822296s,1.4861711s,1.5080191s,13572,341,3
2.3820477s,1.2526261s,11.3687382s,13480,341,3
2.4262724s,1.2854165s,5.2319083s,13544,341,3
2.6200756s,1.4516018s,8.1590786s,13484,341,3
2.5297325s,1.1364008s,5.1334546s,13532,341,3
2.4862821s,1.1535686s,2.2112555s,13592,341,3
2.487681s,1.0132049s,11.2687314s,13448,341,3
2.8713077s,1.3346659s,5.7393941s,13623,343,2
2.5723662s,1.2245295s,6.0383356s,13607,343,2
2.5923805s,1.0179346s,12.181844s,13535,343,2
2.9968069s,1.3714782s,11.7774176s,13555,343,2
2.5754413s,1.3739348s,9.1638357s,13587,343,2
2.482783s,1.2087912s,100.2203ms,13703,343,2
2.7878563s,1.4135451s,8.9561833s,13563,343,2
2.5081331s,1.0604711s,12.2792017s,13523,343,2
2.8065529s,1.3130187s,11.9807819s,13543,343,2
2.5870971s,1.1140343s,3.0210627s,13675,343,2
2.6918177s,1.0436463s,9.0574992s,13567,343,2
2.7961381s,1.0085916s,5.8383002s,13615,343,2
2.798275s,1.3485802s,8.9565003s,13595,343,2
2.7199558s,1.3361069s,12.0751842s,13547,343,2
2.7964317s,1.0470108s,2.8195333s,13663,343,2
2.4805492s,1.1673635s,8.7551621s,13593,343,0
2.4805492s,1.0593636s,8.7551621s,13573,343,0
2.5773368s,1.4097796s,8.6583745s,13581,343,0
2.6026919s,1.3934721s,11.3752283s,13545,343,0
2.2036821s,1.068861s,9.5561801s,13579,343,2
2.4056156s,1.0019318s,3.2168078s,13647,343,2
2.9123697s,1.4703253s,2.7140001s,13651,343,2
2.4385978s,1.101699s,2.4157329s,13673,343,0
2.5118122s,1.0240007s,3.118829s,13643,343,2
2.7106662s,1.2324002s,5.9411123s,13603,343,2
2.6108919s,1.4626874s,0s,13719,343,2
2.6766193s,1.4270734s,5.2328421s,13613,343,0
2.1702892s,1.1165498s,5.7391722s,13637,343,0
2.1702892s,1.1211428s,5.7391722s,13621,343,0
3.0403647s,1.2238438s,11.7761634s,13531,343,2
2.9456979s,1.4260991s,11.8708302s,13559,343,2
2.7993197s,1.4199101s,8.4577797s,13569,343,0
3.0202643s,1.3120072s,2.6170888s,13655,343,2
3.117673s,1.4635628s,8.6584904s,13583,343,2
2.2186116s,1.0775209s,6.4398788s,13631,343,2
3.0211373s,1.2738289s,5.6373531s,13611,343,2
2.2275038s,1.0687643s,11.7718045s,13549,343,0
2.7496598s,1.389739s,2.1143036s,13649,343,0
2.9530256s,1.4332736s,1.9109378s,13645,343,0
2.9530256s,1.4486151s,1.9109378s,13665,343,0
2.6210233s,1.3782438s,0s,13699,343,2
2.2422682s,1.1495002s,12.5832972s,13539,343,2
2.4350075s,1.0434655s,11.5733381s,13553,343,0
2.4063988s,1.2194633s,8.8597379s,13597,343,0
2.2551097s,1.0530922s,2.6165487s,13669,343,0
2.5567014s,1.3034974s,2.314957s,13641,343,0
2.7387599s,1.4343549s,11.2708449s,13521,343,0
2.6969241s,1.4847605s,5.2303276s,13629,343,0
2.6368347s,1.2749278s,6.0356208s,13619,343,2
2.7422089s,1.0025055s,11.2765666s,13529,343,0
2.6368347s,1.0733283s,6.0411229s,13627,343,2
2.5398591s,1.3215199s,6.1387854s,13639,343,2
2.9404689s,1.4951393s,2.7170383s,13671,343,2
2.8013857s,1.4682449s,5.132055s,13633,343,0
2.5604455s,1.4796173s,12.279593s,13551,343,2
2.4565495s,1.1449877s,12.383489s,13527,343,2
2.8496442s,1.1480733s,2.8159382s,13667,343,2
2.507874s,1.2663283s,5.4336419s,13625,343,0
2.5482685s,1.3403333s,100.7486ms,13687,343,2
2.4508768s,1.112378s,201.1083ms,13711,343,2
2.6136943s,1.3701071s,5.3344886s,13609,343,0
2.6583814s,1.3995544s,11.3758232s,13557,343,0
2.8604293s,1.2253241s,5.8335831s,13635,343,2
2.6496767s,1.2340286s,9.1620087s,13575,343,2
2.639675s,1.2546426s,8.6564398s,13585,343,0
2.8887122s,1.0326893s,2.0116651s,13661,343,0
2.5542176s,1.3185604s,9.2609612s,13571,343,2
3.3438128s,1.4247496s,7.952302s,13565,343,0
2.4542844s,1.1244286s,3.2220841s,13659,343,2
2.8404925s,1.2849571s,8.4556223s,13561,343,0
2.639675s,1.3552142s,8.6564398s,13577,343,0
2.4590557s,1.1199189s,9.3604663s,13591,343,2
2.4591229s,1.3528808s,3.2220832s,13679,343,2
2.6600939s,1.2143042s,9.1599225s,13599,343,2
2.6632199s,1.1522901s,0s,13715,343,2
2.6655539s,1.0643012s,0s,13695,343,2
2.7282218s,1.0324064s,5.2358787s,13605,343,0
2.8512908s,1.1804345s,8.4566225s,13589,343,0
2.396309s,1.2137998s,2.5180845s,13653,343,0
2.1795871s,1.0550843s,11.8785914s,13533,343,0
2.813942s,1.151034s,2.1128893s,13677,343,0
2.3893089s,1.3245107s,11.6812009s,13537,343,0
2.3406196s,1.2893738s,5.6438685s,13601,343,0
2.5133064s,1.1998145s,2.419257s,13657,343,0
2.1920979s,1.0521478s,11.8784119s,13525,343,0
3.0519247s,1.3895751s,4.9354613s,13617,343,0
2.8731645s,1.1781424s,0s,13707,343,2
2.8731645s,1.3883781s,0s,13683,343,2
2.3660965s,1.0472127s,0s,13705,343,0
2.606918s,1.1786734s,4.5286367s,13666,344,1
2.6510913s,1.3038729s,10.6672515s,13578,344,1
3.0149211s,1.4655274s,4.1253066s,13658,344,1
2.6536862s,1.4422041s,10.6693296s,13598,344,1
2.3201932s,1.0140917s,1.8128026s,13718,344,1
3.0846246s,1.4690055s,7.1479169s,13602,344,1
2.9343128s,1.4375313s,1.2086217s,13698,344,1
2.7355509s,1.0874172s,4.4281254s,13650,344,1
2.5784697s,1.0128964s,10.7744954s,13574,344,1
2.4494941s,1.3767133s,1.7099043s,13690,344,1
2.8455656s,1.4953529s,4.3287539s,13678,344,1
2.886437s,1.4702327s,10.4706706s,13562,344,1
2.2816583s,1.0253345s,11.0754493s,13586,344,1
2.7536115s,1.0325216s,1.4093814s,13714,344,1
2.6597495s,1.1763165s,1.5074593s,13686,344,1
2.9157421s,1.3623853s,7.3510124s,13622,344,1
2.8115499s,1.4690055s,7.4552046s,13606,344,1
2.6505243s,1.4586707s,4.5316056s,13674,344,1
2.7149681s,1.3315135s,7.5517864s,13610,344,1
3.0981635s,1.326169s,10.2667545s,13594,344,1
2.9157421s,1.2524138s,7.3510124s,13618,344,1
2.8556906s,1.2973459s,4.3304399s,13642,344,1
2.3085693s,1.2830653s,11.0657415s,13582,344,1
2.4679339s,1.0576484s,1.7086677s,13710,344,1
2.7058302s,1.4631066s,10.6684806s,13590,344,1
2.26837s,1.2148274s,1.913155s,13706,344,1
2.5640704s,1.3714695s,4.6323757s,13654,344,1
2.8319374s,1.3496527s,7.4491333s,13614,344,1
2.8745036s,1.1017106s,1.3070214s,13694,344,1
2.6307903s,1.3150878s,7.6502804s,13638,344,1
2.8529367s,1.0738736s,7.4420242s,13626,344,1
2.5857286s,1.0874172s,4.6297676s,13662,344,1
2.3852755s,1.0450612s,4.8302207s,13646,344,1
2.4889933s,1.2148274s,1.7115818s,13682,344,1
2.7889957s,1.4129257s,4.4299497s,13670,344,1
2.553467s,1.1734717s,7.7525046s,13634,344,1
2.3625612s,1.072266s,7.9448544s,13630,344,1
2.5365476s,1.4673779s,10.8690315s,13570,344,1
2.6425098s,1.0007557s,10.7634875s,13566,344,1
2.6057864s,1.3186194s,1.6114555s,13702,344,1
2.9138957s,1.1841576s,7.6544458s,13664,345,3
3.2895931s,1.4245868s,10.5683415s,13612,345,3
2.4136986s,1.1643274s,8.1546429s,13672,345,3
2.5924402s,1.2985422s,1.9112293s,13760,345,3
2.5949486s,1.3332028s,1.9113196s,13732,345,3
3.103894s,1.4578756s,4.5318615s,13720,345,3
2.3396439s,1.284097s,8.2566794s,13644,345,3
2.2089443s,1.0231458s,11.6769721s,13632,345,3
2.6101078s,1.0174399s,5.0323436s,13692,345,3
2.5153883s,1.4038698s,2.0131398s,13740,345,3
2.922902s,1.3641546s,4.7304989s,13700,345,3
2.620746s,1.1973533s,5.0326549s,13708,345,3
2.9538719s,1.4758206s,7.6537497s,13660,345,3
2.6192953s,1.05117s,11.2779194s,13608,345,3
3.1248728s,1.4687784s,4.5305265s,13696,345,3
3.0219901s,1.4583069s,1.5105836s,13752,345,3
2.7217653s,1.2564742s,1.8108084s,13736,345,3
2.5624334s,1.2953995s,8.0501128s,13648,345,3
2.6408929s,1.1247501s,11.2725219s,13616,345,3
2.5471123s,1.226689s,5.1305432s,13712,345,3
2.6818304s,1.2659154s,7.949697s,13680,345,3
2.9432291s,1.1770786s,1.6101125s,13756,345,3
3.0502974s,1.4269172s,4.6273581s,13716,345,3
2.3743255s,1.07672s,8.2577608s,13668,345,3
2.4508288s,1.2366685s,11.4708506s,13636,345,3
2.4558725s,1.1826079s,11.4705821s,13604,345,3
2.3930066s,1.0082929s,8.2538078s,13652,345,3
2.5576191s,1.3339915s,5.1353234s,13688,345,3
2.9607705s,1.4928094s,10.9761158s,13640,345,3
2.7629144s,1.38935s,11.1734931s,13628,345,3
2.8593384s,1.0277886s,1.7098231s,13724,345,3
2.5632925s,1.0547282s,5.1332258s,13684,345,3
2.9630388s,1.4756678s,4.7334795s,13704,345,3
3.0636024s,1.3598938s,1.5097663s,13744,345,3
2.9641769s,1.4823931s,1.6091918s,13728,345,3
2.5667158s,1.1112898s,11.3789427s,13624,345,3
2.9009323s,1.3893266s,7.7551331s,13656,345,3
2.467803s,1.0289525s,2.1111685s,13748,345,3
2.768807s,1.2012817s,11.1785023s,13620,345,3
2.5099055s,1.3277154s,8.1520943s,13676,345,3
2.5052091s,1.0336495s,8.8567357s,13735,347,2
2.6465564s,1.2769791s,5.5369991s,13799,347,2
2.7764203s,1.4781261s,2.1103332s,13807,347,2
2.7529706s,1.2035265s,5.4339233s,13787,347,2
2.5506012s,1.2243614s,5.6368578s,13779,347,2
3.2128437s,1.4500972s,11.3744321s,13691,347,2
2.4148997s,1.0073905s,8.9595324s,13739,347,2
2.885578s,1.4136475s,2.0114383s,13811,347,2
2.5870597s,1.2183275s,2.313324s,13827,347,2
2.7872585s,1.4287243s,2.1131252s,13803,347,2
2.8962262s,1.2039207s,2.0104642s,13835,347,2
2.3950535s,1.2209495s,2.5116369s,13823,347,2
2.5359796s,1.4038915s,5.3299565s,13769,347,0
2.6783859s,1.0050005s,8.2508993s,13725,347,0
2.5283045s,1.1525972s,2.1123579s,13837,347,0
2.5283045s,1.1053854s,2.1123579s,13817,347,0
2.7329994s,1.1053854s,1.910593s,13801,347,0
2.7510531s,1.1426461s,8.6544009s,13755,347,2
2.6339147s,1.3210498s,2.0096777s,13809,347,0
2.3408279s,1.2961755s,9.0646261s,13751,347,2
2.5946528s,1.1124751s,8.3474194s,13753,347,0
2.9177794s,1.4843175s,2.0114461s,13815,347,2
2.5588843s,1.0457288s,8.8510961s,13743,347,2
2.8200446s,1.2910626s,2.1120833s,13819,347,2
3.3001404s,1.4304979s,4.9351608s,13791,347,2
2.4962178s,1.392697s,5.7390834s,13795,347,2
2.6534382s,1.2264348s,5.2355389s,13781,347,0
2.5220963s,1.4163887s,2.4173832s,13839,347,2
2.6961773s,1.3119399s,8.2561489s,13749,347,0
2.8066113s,1.4140865s,5.4365731s,13771,347,2
2.6671109s,1.1934573s,8.756688s,13731,347,2
3.0148155s,1.346266s,5.2319125s,13767,347,2
2.9184662s,1.2373948s,5.3308672s,13783,347,2
2.9674359s,1.4606639s,10.9670654s,13697,347,0
2.8598612s,1.1325408s,1.8120333s,13825,347,0
2.8598612s,1.3681898s,1.8120333s,13821,347,0
2.275745s,1.1062063s,9.160118s,13723,347,2
2.9719994s,1.4297771s,10.9702515s,13713,347,0
3.1806145s,1.4862458s,8.2575452s,13759,347,2
2.7670353s,1.463642s,1.9108713s,13829,347,0
2.3415249s,1.1704677s,2.6174884s,13831,347,2
2.9237262s,1.2358702s,5.3354275s,13775,347,2
2.4860698s,1.170052s,8.9574394s,13727,347,2
2.8819515s,1.2572855s,11.0656489s,13689,347,0
2.0855913s,1.0323826s,9.3579179s,13747,347,2
2.5224809s,1.1030381s,8.4531201s,13733,347,0
2.4325002s,1.0096305s,5.8369664s,13763,347,2
2.7904599s,1.1975232s,5.1339685s,13793,347,0
2.3915821s,1.2216087s,5.5377156s,13761,347,0
2.6912633s,1.3403883s,11.2733829s,13717,347,0
2.4335669s,1.2241177s,8.5590799s,13729,347,0
2.6957869s,1.4576479s,11.2762155s,13681,347,0
2.5035349s,1.2291011s,5.433119s,13777,347,0
2.6002958s,1.3455251s,11.3717066s,13685,347,0
2.2945892s,1.040611s,2.4114604s,13805,347,0
2.4474318s,1.1897497s,8.5525712s,13757,347,0
2.643458s,1.4698183s,8.3573578s,13737,347,0
2.3029208s,1.1754855s,5.6345459s,13797,347,0
2.5141785s,1.0184096s,5.4331446s,13785,347,0
2.554101s,1.2782885s,8.4565712s,13745,347,0
3.0091338s,1.2352933s,1.7105133s,13833,347,0
3.0633491s,1.169595s,7.9502514s,13721,347,0
2.5169398s,1.0016614s,2.2088344s,13813,347,0
2.4192925s,1.144704s,11.5724345s,13701,347,0
3.2306043s,1.4582209s,4.7257742s,13765,347,0
2.4688124s,1.0808761s,8.5509152s,13741,347,0
2.6212427s,1.4887318s,5.3351358s,13789,347,0
2.2286658s,1.0771589s,5.7379209s,13773,347,0
2.9293303s,1.4967624s,11.0726049s,13693,347,0
2.5256403s,1.1324783s,11.4762949s,13709,347,0
2.1105858s,1.0660523s,0s,13851,347,2
2.327452s,1.147677s,0s,13847,347,2
2.3906944s,1.0402804s,0s,13863,347,2
2.4525408s,1.1306521s,0s,13855,347,2
2.2551741s,1.0514956s,1.8131587s,13854,348,1
3.1641883s,1.2536641s,906.1174ms,13874,348,1
2.7595845s,1.4953823s,7.5484479s,13794,348,1
2.6675012s,1.3344095s,1.4076629s,13862,348,1
2.6658493s,1.3361285s,7.6462025s,13790,348,1
2.2851197s,1.2071399s,4.9321697s,13818,348,1
2.3679036s,1.3331105s,1.7104682s,13842,348,1
2.5220995s,1.0920591s,10.6653384s,13754,348,1
2.7734189s,1.4892055s,1.3074356s,13850,348,1
2.5935933s,1.3204303s,4.6291826s,13822,348,1
2.8262794s,1.0463056s,10.366645s,13742,348,1
2.8778248s,1.3969035s,1.2091743s,13858,348,1
2.3783769s,1.143228s,1.7105186s,13870,348,1
2.2218583s,1.1048893s,10.9761033s,13738,348,1
2.8766397s,1.4722425s,7.4486617s,13778,348,1
2.5326743s,1.0268359s,10.6675517s,13722,348,1
2.7803248s,1.2882957s,7.5477228s,13798,348,1
2.5846336s,1.3089135s,1.5111217s,13866,348,1
2.2002565s,1.0391386s,5.0344164s,13834,348,1
2.6042663s,1.1848947s,4.6304066s,13806,348,1
2.6409018s,1.0943004s,10.5688788s,13730,348,1
2.8091636s,1.0798767s,4.4304685s,13826,348,1
2.8091636s,1.4501199s,4.4304685s,13802,348,1
2.7120101s,1.0644553s,4.5320861s,13838,348,1
2.3088374s,1.0436413s,4.9347171s,13810,348,1
2.7441765s,1.3912283s,10.4695265s,13726,348,1
3.1006239s,1.36506s,1.0062417s,13878,348,1
2.8976711s,1.2336174s,7.4476695s,13782,348,1
3.0974284s,1.4193828s,7.2477749s,13766,348,1
2.2989992s,1.2110519s,8.0520937s,13770,348,1
2.7081484s,1.3900901s,7.6462477s,13774,348,1
3.0142337s,1.3324443s,7.346051s,13786,348,1
3.1389176s,1.4217403s,4.124105s,13830,348,1
2.8721784s,1.3221362s,10.3649221s,13746,348,1
2.517846s,1.41157s,7.8470761s,13762,348,1
2.8721784s,1.4777482s,10.3649221s,13750,348,1
2.4217183s,1.1978539s,1.711238s,13846,348,1
2.7766133s,1.2796447s,10.4685523s,13758,348,1
2.7438249s,1.3070093s,4.5311922s,13814,348,1
2.5972s,1.3890534s,10.6659674s,13734,348,1
2.2854532s,1.1787579s,1.7112529s,13916,349,3
2.9034638s,1.2667158s,4.028589s,13856,349,3
2.3457112s,1.2316932s,10.8741812s,13792,349,3
2.6127654s,1.2906784s,7.4480318s,13804,349,3
2.4112958s,1.0627388s,7.6495014s,13820,349,3
3.1623099s,1.4001407s,10.0616495s,13784,349,3
2.2633834s,1.1227416s,10.960576s,13772,349,3
2.7175722s,1.3412132s,7.3440773s,13824,349,3
2.8231813s,1.1998749s,7.2472936s,13832,349,3
3.1255297s,1.4932417s,6.9449452s,13808,349,3
2.5207298s,1.2323472s,4.4258197s,13868,349,3
2.9705358s,1.4354296s,10.2638533s,13788,349,3
2.9093872s,1.4997009s,1.1053818s,13904,349,3
2.9253281s,1.364637s,4.0247876s,13844,349,3
2.1281655s,1.0082565s,7.9500557s,13828,349,3
2.7096697s,1.0886168s,1.3076751s,13888,349,3
2.6755404s,1.1738553s,10.5649907s,13776,349,3
2.9353467s,1.3113788s,4.0251718s,13848,349,3
2.6143843s,1.3290249s,1.4107875s,13908,349,3
2.5821167s,1.3606708s,10.6685845s,13800,349,3
2.6857665s,1.2299362s,10.5649347s,13796,349,3
2.4364329s,1.3801548s,4.5264287s,13876,349,3
2.5411531s,1.3592093s,4.4247634s,13852,349,3
2.6248979s,1.0796313s,1.4095714s,13920,349,3
2.5301674s,1.3046114s,1.5087479s,13884,349,3
2.4460599s,1.0453036s,4.5282021s,13872,349,3
2.5493916s,1.2784214s,7.5504001s,13840,349,3
2.4988048s,1.2528163s,10.7684274s,13764,349,3
2.6546344s,1.4375113s,7.4502879s,13836,349,3
2.4357627s,1.0243342s,1.6106471s,13896,349,3
2.7409288s,1.4337991s,1.3066921s,13900,349,3
2.862316s,1.2408698s,4.124632s,13864,349,3
2.5407996s,1.0105993s,1.5108017s,13912,349,3
2.2677719s,1.0287664s,4.729673s,13880,349,3
2.4741771s,1.1491105s,7.6487975s,13816,349,3
2.5180312s,1.1749398s,10.7672533s,13768,349,3
2.8565714s,1.1161928s,1.2080284s,13892,349,3
2.5841975s,1.3860287s,4.4239622s,13860,349,3
2.5348165s,1.4683433s,10.7670628s,13780,349,3
2.4954405s,1.3121239s,7.6491095s,13812,349,3
3.1352156s,1.4852526s,4.1276233s,13959,351,2
2.9340122s,1.1366937s,4.3293095s,13927,351,2
2.7166632s,1.373044s,1.4114429s,13983,351,2
2.8399293s,1.4430254s,7.4480837s,13911,351,2
2.6426059s,1.1832961s,7.6459909s,13883,351,2
2.8473816s,1.3147731s,4.425688s,13935,351,2
2.9501567s,1.156412s,7.3447208s,13895,351,2
2.2231054s,1.015603s,1.9150609s,13995,351,2
2.9285766s,1.3717573s,1.2095897s,13987,351,2
2.9441456s,1.2087358s,4.3292363s,13955,351,2
2.6323766s,1.3030389s,1.5091925s,13991,351,2
2.8533225s,1.3094718s,4.4263976s,13951,351,2
2.6320498s,1.3428325s,10.8640514s,13879,351,2
2.9492577s,1.379173s,1.2071245s,13979,351,2
2.5645375s,1.2397301s,4.7270603s,13931,351,2
2.9709538s,1.1732934s,7.3456032s,13887,351,2
2.3486531s,1.2169651s,1.8108804s,13967,351,2
2.4730604s,1.1325749s,7.8484678s,13907,351,2
2.5711828s,1.3939959s,4.7285375s,13947,351,2
2.4752366s,1.0990322s,7.8525492s,13903,351,2
2.6640755s,1.4212451s,1.5115921s,13963,351,2
3.0853617s,1.478268s,4.2274339s,13939,351,2
2.759532s,1.3033548s,10.7692045s,13859,351,2
2.9607089s,1.0434853s,10.5680276s,13843,351,2
2.8650424s,1.0372138s,10.6653018s,13871,351,2
2.6745155s,1.4071849s,1.5082758s,13999,351,2
2.4943551s,1.4225319s,7.8537205s,13891,351,2
2.4946774s,1.1237339s,7.8533982s,13919,351,2
2.6851669s,1.461452s,1.5103564s,13971,351,2
3.1126295s,1.3892133s,4.2239274s,13943,351,2
2.4851555s,1.3716693s,11.0673423s,13867,351,2
2.8000814s,1.3862292s,1.409146s,13975,351,2
3.0218079s,1.2958401s,7.3475635s,13899,351,2
3.194133s,1.4711451s,10.3693714s,13875,351,2
2.3211078s,1.1341724s,8.0482636s,13915,351,2
3.0309123s,1.2000543s,4.3254936s,13923,351,2
2.5039484s,1.1303666s,7.9471614s,13897,351,0
2.4099522s,1.0533211s,8.0486846s,13909,351,0
2.4628748s,1.2450236s,4.9334974s,13957,351,0
2.5118808s,1.2301055s,7.946756s,13889,351,0
3.0728929s,1.2696809s,4.3243128s,13925,351,0
2.3161926s,1.112302s,2.0111193s,13961,351,0
2.4607883s,1.3084297s,10.9634104s,13845,351,0
2.9603294s,1.1192463s,10.4638693s,13869,351,0
2.5561457s,1.0197472s,10.8692748s,13877,351,0
2.5145233s,1.4694567s,7.9505678s,13893,351,0
2.8221596s,1.2458534s,7.6429315s,13881,351,0
2.3854233s,1.2991538s,5.028735s,13929,351,0
3.033511s,1.4561586s,7.4455614s,13905,351,0
2.5780901s,1.3773367s,10.8665267s,13849,351,0
2.2801297s,1.0150467s,11.1644871s,13865,351,0
2.9407605s,1.4517937s,7.5451591s,13885,351,0
2.5366192s,1.1224554s,1.8141429s,13973,351,0
2.4422749s,1.1698628s,1.9136169s,13985,351,0
2.6416397s,1.1397155s,1.7142521s,13997,351,0
2.2907621s,1.039337s,11.1681352s,13861,351,0
2.6087043s,1.2486436s,4.8316683s,13945,351,0
2.7590194s,1.2090488s,1.6084603s,13965,351,0
2.7554127s,1.0610541s,7.7472245s,13917,351,0
2.6087043s,1.0606159s,4.8316683s,13941,351,0
3.0622646s,1.4644734s,7.4493277s,13913,351,0
2.9070202s,1.3470229s,10.5686822s,13873,351,0
2.620278s,1.3646204s,4.8328304s,13949,351,0
2.8106688s,1.3830087s,10.6650336s,13841,351,0
2.8106688s,1.4741274s,10.6650336s,13853,351,0
2.7694325s,1.3104051s,1.610783s,13969,351,0
2.9177613s,1.4741274s,10.563252s,13857,351,0
2.5346311s,1.2274664s,4.92797s,13933,351,0
2.53697s,1.4121005s,4.9256311s,13921,351,0
2.4843765s,1.3303332s,1.9131614s,13993,351,0
2.4843765s,1.2634067s,1.9131614s,13981,351,0
2.7791665s,1.1085714s,7.7539337s,13901,351,0
2.5893846s,1.3349804s,1.8110734s,13977,351,0
2.3899429s,1.0505802s,2.0139163s,13989,351,0
3.0517172s,1.3560282s,4.4273022s,13953,351,0
2.6532783s,1.2023849s,4.8264104s,13937,351,0
2.2850348s,1.1000985s,4.9333708s,13974,352,1
2.6879621s,1.1053815s,7.4442121s,13938,352,1
2.7407628s,1.4811221s,10.4639911s,13906,352,1
2.2896376s,1.0646021s,7.8496092s,13930,352,1
2.7930098s,1.4364783s,7.346237s,13954,352,1
2.4906125s,1.4130281s,7.6486343s,13934,352,1
2.8550804s,1.481879s,1.5072048s,14006,352,1
2.8533219s,1.3485432s,1.5089633s,14010,352,1
3.0448479s,1.322734s,10.1672481s,13882,352,1
2.949901s,1.289218s,10.262195s,13918,352,1
2.7096203s,1.4425528s,7.4437257s,13946,352,1
2.2101325s,1.0337376s,5.0300275s,13986,352,1
2.9137686s,1.4588979s,7.24016s,13926,352,1
2.411973s,1.2818401s,4.828187s,13990,352,1
2.4536528s,1.2676187s,10.7657829s,13910,352,1
2.7697829s,1.0747592s,1.6090893s,14034,352,1
2.1594272s,1.0751655s,11.0735349s,13914,352,1
3.0655071s,1.29801s,10.1688375s,13902,352,1
2.5785908s,1.2360814s,1.8138863s,14014,352,1
2.4340139s,1.0363543s,4.8242987s,13970,352,1
2.5347691s,1.2353193s,7.648473s,13942,352,1
2.33769s,1.0927069s,4.9317835s,13978,352,1
3.099389s,1.3704889s,1.3069072s,14022,352,1
2.284491s,1.0139058s,10.9683688s,13898,352,1
2.6441353s,1.2011995s,7.5470968s,13922,352,1
2.4450307s,1.0375353s,4.8324328s,13994,352,1
2.5996062s,1.3238192s,1.8139528s,14018,352,1
2.5510598s,1.0123385s,4.7317653s,13998,352,1
2.9081732s,1.3640187s,1.511279s,14026,352,1
2.3584631s,1.2789032s,4.9342639s,13962,352,1
2.8654766s,1.395146s,4.4268915s,13982,352,1
2.7622344s,1.3618286s,7.4442612s,13958,352,1
2.8141359s,1.1514838s,10.4667062s,13894,352,1
2.8670238s,1.3106074s,7.3483112s,13950,352,1
2.6216116s,1.1495901s,1.8141193s,14002,352,1
2.2221311s,1.0844938s,11.0602646s,13890,352,1
2.7258637s,1.3390396s,1.7114208s,14030,352,1
2.9282944s,1.166135s,1.5089901s,14038,352,1
2.2747095s,1.0025504s,5.0284105s,13966,352,1
2.3167596s,1.1000553s,10.9656361s,13886,352,1
2.8318147s,1.4115921s,5.0331061s,14008,353,3
2.9836215s,1.3066126s,1.8133177s,14060,353,3
2.5341731s,1.4505758s,5.3355547s,14016,353,3
2.3891391s,1.2105756s,2.4130773s,14064,353,3
2.5140512s,1.4170439s,11.8801694s,13960,353,3
2.3122321s,1.0730625s,12.0819885s,13928,353,3
2.8016197s,1.2664606s,2.0139862s,14048,353,3
2.7463929s,1.4101056s,5.1375975s,14020,353,3
2.8719656s,1.4450792s,8.350567s,13976,353,3
3.1096243s,1.3382362s,1.7086187s,14072,353,3
2.9291914s,1.4710942s,11.4732066s,13932,353,3
3.2772695s,1.5010887s,7.9508034s,13984,353,3
2.7139175s,1.4462246s,2.1122569s,14052,353,3
2.4351929s,1.0710686s,11.9750576s,13944,353,3
3.0683845s,1.431853s,4.8316358s,14032,353,3
2.8823071s,1.2711706s,8.3536183s,13980,353,3
2.4711122s,1.1742621s,5.4349632s,14040,353,3
2.5462789s,1.315252s,11.8723219s,13924,353,3
2.693484s,1.0796475s,8.5507917s,14000,353,3
2.3742139s,1.2123448s,5.5348605s,14004,353,3
3.152173s,1.386042s,11.2671316s,13948,353,3
2.4904435s,1.2118754s,5.4328836s,14012,353,3
3.1485935s,1.3115318s,1.7114187s,14068,353,3
2.5671087s,1.3318248s,11.8722086s,13940,353,3
2.1696897s,1.1053818s,12.2742003s,13936,353,3
3.1743251s,1.4091689s,11.2695649s,13952,353,3
2.3517932s,1.0271714s,2.5157111s,14056,353,3
2.4073968s,1.3232111s,5.5342593s,14036,353,3
2.157121s,1.0015303s,2.7161506s,14080,353,3
2.4598775s,1.0053383s,2.4133941s,14076,353,3
3.4635376s,1.4997425s,1.409734s,14044,353,3
2.5308078s,1.2576314s,8.7511838s,13992,353,3
2.629714s,1.3649277s,8.6522776s,13996,353,3
2.9174274s,1.2673166s,5.0286591s,14028,353,3
3.3359051s,1.4971379s,7.9460865s,13968,353,3
2.582843s,1.17692s,11.8734737s,13956,353,3
3.0401002s,1.3692331s,8.2561659s,13988,353,3
2.3241046s,1.0235157s,5.6380768s,14024,353,3
2.7414247s,1.2242479s,8.5566618s,13972,353,3
2.9441643s,1.4871084s,8.3539222s,13964,353,3
2.6742075s,1.1490681s,4.3286043s,14105,355,0
2.9478711s,1.0581399s,1.007969s,14149,355,0
2.3288449s,1.0556764s,7.9526615s,14061,355,0
3.0410074s,1.4845982s,7.2430339s,14073,355,0
2.6928632s,1.2946479s,4.3296021s,14101,355,0
2.6928632s,1.0718288s,4.3296021s,14109,355,0
2.4340477s,1.2123529s,10.6686167s,14017,355,0
2.4322375s,1.2050979s,10.6704269s,14001,355,0
2.3949069s,1.3033613s,4.6318534s,14093,355,0
2.294216s,1.1380624s,4.7321631s,14089,355,0
2.8505278s,1.3826318s,7.4480725s,14077,355,0
2.7643916s,1.4210401s,7.5487405s,14057,355,0
2.7181003s,1.4146917s,4.32858s,14085,355,0
3.27184s,1.4634193s,7.0466803s,14065,355,0
2.7894531s,1.451889s,1.2102555s,14145,355,0
2.5947554s,1.2351481s,1.4106315s,14141,355,0
2.7998017s,1.3623162s,1.2081651s,14121,355,0
3.0013438s,1.3083762s,1.006623s,14137,355,0
2.7247629s,1.3481393s,4.3301756s,14097,355,0
2.765061s,1.3892396s,10.3731714s,14005,355,0
2.1685159s,1.1568963s,10.9746829s,14013,355,0
2.2752725s,1.0250108s,10.8679263s,14021,355,0
2.6786798s,1.4223608s,10.464519s,14009,355,0
2.9880428s,1.1896461s,7.3467969s,14045,355,0
2.2729976s,1.1514952s,10.8702012s,14033,355,0
2.4944678s,1.0306982s,7.8475006s,14053,355,0
3.0469717s,1.2459858s,4.0231567s,14081,355,0
2.4408456s,1.2262603s,4.6292828s,14117,355,0
3.0229748s,1.4113565s,1.0058548s,14153,355,0
2.4862365s,1.3151173s,10.6719721s,14025,355,0
2.8309735s,1.241642s,1.2081332s,14129,355,0
3.0098192s,1.3189637s,7.3480992s,14041,355,0
2.4593945s,1.034552s,4.6295644s,14113,355,0
3.1396339s,1.3914899s,904.9022ms,14157,355,0
2.8083591s,1.104101s,10.3668211s,14029,355,0
2.3178456s,1.2581474s,8.0489755s,14049,355,0
2.7118082s,1.4385306s,10.463372s,14037,355,0
2.640737s,1.1819757s,1.4105501s,14133,355,0
2.7462681s,1.241642s,1.3072744s,14125,355,0
2.9240535s,1.4750731s,7.4495325s,14069,355,0
2.2529631s,1.1371454s,7.6476559s,14047,355,2
2.7981433s,1.3475173s,10.3606063s,14031,355,2
2.8547263s,1.4310571s,7.0458927s,14071,355,2
2.8950679s,1.4930085s,10.2636817s,14035,355,2
2.8854146s,1.4892729s,4.0266616s,14087,355,2
2.8854146s,1.4892729s,4.0266616s,14099,355,2
2.4888636s,1.0681851s,1.4078459s,14135,355,2
2.5964528s,1.3992055s,1.3088721s,14155,355,2
2.1163017s,1.0470086s,11.0647706s,14007,355,2
3.214037s,1.4861882s,9.9670353s,14027,355,2
2.6756403s,1.3320925s,7.2473014s,14051,355,2
2.8175939s,1.0238114s,10.3634784s,14003,355,2
3.004241s,1.2107229s,3.924712s,14107,355,2
2.5000511s,1.0245861s,1.4135352s,14147,355,2
2.8085974s,1.4434827s,1.1085159s,14123,355,2
2.5110758s,1.0106911s,1.4082658s,14131,355,2
2.4083473s,1.1256398s,4.526995s,14083,355,2
3.0153667s,1.4087165s,3.925923s,14103,355,2
2.8196259s,1.3291524s,1.1062971s,14127,355,2
2.9939887s,1.4885435s,6.943645s,14063,355,2
2.2208091s,1.0276935s,1.7099328s,14159,355,2
2.3192745s,1.165123s,4.6264022s,14115,355,2
2.7343319s,1.3525207s,1.20749s,14151,355,2
2.3322937s,1.1246363s,1.6095282s,14143,355,2
3.2581306s,1.4403499s,9.9626264s,14011,355,2
2.659149s,1.2246252s,10.561608s,14015,355,2
2.5176734s,1.0782779s,7.444953s,14067,355,2
2.9180925s,1.3267907s,7.0445339s,14043,355,2
2.7471495s,1.4057358s,4.2279904s,14095,355,2
2.5461916s,1.2560313s,4.4289483s,14111,355,2
2.3609987s,1.2651826s,10.8696199s,14023,355,2
2.5282022s,1.1432812s,7.4442858s,14059,355,2
2.4654043s,1.4344941s,10.77136s,14019,355,2
2.4323809s,1.1668684s,7.5511351s,14079,355,2
2.2310428s,1.0276865s,7.7524732s,14075,355,2
2.3377226s,1.1017814s,7.6490604s,14055,355,2
2.768611s,1.0642559s,4.2300614s,14091,355,2
2.572937s,1.3537424s,1.4103687s,14139,355,2
2.381477s,1.1383387s,10.8741378s,14039,355,2
2.6721088s,1.1483509s,4.3313867s,14119,355,2
2.839526s,1.4406572s,3.1203937s,14182,357,1
2.839526s,1.373313s,3.1203937s,14170,357,1
2.4566705s,1.3100027s,9.058859s,14082,357,1
2.4618733s,1.3826734s,9.0536562s,14106,357,1
2.2577523s,1.070052s,9.2577772s,14094,357,1
2.4571307s,1.0625041s,9.0583988s,14090,357,1
2.6617288s,1.2390392s,12.1731205s,14066,357,1
2.8050529s,1.2744165s,6.136751s,14158,357,1
2.8050529s,1.4525564s,6.136751s,14142,357,1
2.7232636s,1.1100492s,402.0646ms,14206,357,1
2.7232636s,1.4186116s,402.0646ms,14214,357,1
2.5626438s,1.3424685s,12.2799872s,14054,357,1
2.7089407s,1.5001421s,6.2375101s,14126,357,1
2.4266809s,1.3747926s,703.2942ms,14226,357,1
2.8691285s,1.3489793s,11.9735025s,14062,357,1
2.5294058s,1.2041343s,603.7238ms,14238,357,1
2.5768604s,1.3075726s,8.955277s,14114,357,1
2.5768604s,1.1784378s,8.955277s,14102,357,1
2.6115588s,1.3384096s,6.3437182s,14122,357,1
2.2783711s,1.0980726s,9.2537663s,14098,357,1
2.5605162s,1.3637073s,3.4229674s,14166,357,1
3.0861714s,1.2463822s,11.7751639s,14058,357,1
2.6887272s,1.2566333s,12.1756112s,14050,357,1
2.4476749s,1.1239338s,704.499ms,14234,357,1
2.3525862s,1.3115417s,804.5743ms,14222,357,1
2.3928054s,1.065967s,9.1597086s,14086,357,1
2.9646243s,1.2201316s,201.7795ms,14230,357,1
2.5056406s,1.2033308s,12.3770941s,14074,357,1
2.4034237s,1.3644162s,9.1599912s,14110,357,1
2.7511818s,1.3154228s,6.2378843s,14146,357,1
2.7747573s,1.0163808s,401.3732ms,14202,357,1
2.1567627s,1.0660192s,6.8441695s,14134,357,1
2.4180974s,1.1478312s,12.4793634s,14070,357,1
3.3193198s,1.4609559s,11.578141s,14046,357,1
2.5622372s,1.3342598s,6.4408454s,14154,357,1
2.3218044s,1.0242527s,12.5774584s,14078,357,1
2.7094693s,1.1974431s,3.3166636s,14186,357,1
2.8687752s,1.4410634s,6.1382981s,14150,357,1
2.2893812s,1.1259104s,906.5208ms,14218,357,1
2.512627s,1.3153814s,3.522801s,14162,357,1
2.7149558s,1.3678179s,3.3204722s,14190,357,1
2.9769497s,1.3544054s,6.0394603s,14138,357,1
2.4352929s,1.2721272s,9.1579775s,14118,357,1
2.59621s,1.3983572s,603.7243ms,14210,357,1
2.7730574s,1.1890058s,6.2433526s,14130,357,1
2.2127332s,1.0076646s,3.8270964s,14178,357,1
2.3188017s,1.0803101s,3.7226712s,14194,357,1
2.6252604s,1.3637073s,3.4198542s,14198,357,1
2.8289181s,1.2670075s,3.2223937s,14174,357,1
3.2561315s,1.4320463s,11.6758938s,14042,357,1
2.6973032s,1.4922293s,7.754138s,14148,357,3
2.5205614s,1.0069354s,4.7333434s,14176,357,3
2.3728813s,1.3343338s,11.372066s,14108,357,3
2.6031641s,1.4183712s,7.8526446s,14144,357,3
2.37688s,1.2768104s,2.0128663s,14240,357,3
2.8836452s,1.3278927s,10.8656272s,14112,357,3
2.8814862s,1.3396619s,1.51186s,14208,357,3
3.2907615s,1.4740994s,10.4690507s,14100,357,3
2.7430599s,1.2106777s,4.5284544s,14164,357,3
2.1388553s,1.0178201s,5.132659s,14168,357,3
2.3389271s,1.3243719s,4.9325872s,14192,357,3
2.2873123s,1.0668481s,2.1149255s,14220,357,3
2.3951774s,1.3011526s,11.3690029s,14088,357,3
2.5000013s,1.250436s,1.9120379s,14204,357,3
2.0548641s,1.0050415s,5.237463s,14200,357,3
2.3413767s,1.1013673s,8.1484868s,14132,357,3
2.8389417s,1.4474927s,7.6509218s,14156,357,3
2.3965026s,1.2249071s,11.3841224s,14116,357,3
2.8712282s,1.2712839s,4.4277035s,14184,357,3
2.4273191s,1.1109101s,11.367407s,14104,357,3
2.7537048s,1.4164107s,7.7502598s,14124,357,3
2.0511149s,1.0165156s,8.4528497s,14136,357,3
2.5238778s,1.1365753s,1.9113222s,14228,357,3
2.8553219s,1.3705007s,7.6482994s,14152,357,3
2.4783054s,1.1303638s,4.8281228s,14196,357,3
2.5238778s,1.288552s,1.911875s,14212,357,3
2.8296826s,1.1690916s,10.9655963s,14096,357,3
2.5345188s,1.1799744s,1.9132417s,14224,357,3
2.6894587s,1.3222162s,4.6309891s,14172,357,3
2.6690121s,1.068725s,7.850229s,14140,357,3
2.6399214s,1.1280341s,11.1746674s,14084,357,3
2.5413309s,1.3907119s,1.9137318s,14232,357,3
2.8405631s,1.4973402s,10.9740257s,14092,357,3
2.7550657s,1.3141276s,11.072214s,14120,357,3
2.7551468s,1.463635s,1.7126068s,14216,357,3
2.4021413s,1.1000005s,4.9368405s,14188,357,3
2.6868894s,1.2774254s,7.852559s,14160,357,3
3.1975364s,1.3744375s,7.3436198s,14128,357,3
2.5659551s,1.3715375s,1.9114095s,14236,357,3
2.8182207s,1.3745256s,4.5303721s,14180,357,3
2.940394s,1.3763593s,604.4362ms,14287,359,2
2.7421091s,1.1806531s,3.9263236s,14259,359,2
2.3402147s,1.1107314s,1.2084254s,14315,359,2
2.49243s,1.2327124s,10.2686401s,14191,359,2
2.6473047s,1.1839469s,4.0246271s,14275,359,2
2.2139887s,1.1121811s,7.3493498s,14235,359,2
2.6958388s,1.4730003s,10.0652313s,14163,359,2
3.1977316s,1.4125203s,9.5633385s,14183,359,2
2.4445988s,1.2182499s,1.1081788s,14319,359,2
2.4445988s,1.2247142s,1.1081788s,14299,359,2
3.0055784s,1.4876394s,9.7595907s,14187,359,2
2.5025762s,1.2607146s,10.2629993s,14167,359,2
3.2550814s,1.466795s,302.2219ms,14303,359,2
2.5534484s,1.256112s,4.1278955s,14247,359,2
2.8689587s,1.4293719s,3.823215s,14255,359,2
2.8381197s,1.155784s,6.7454607s,14231,359,2
2.6197665s,1.0939604s,10.1615455s,14195,359,2
2.539727s,1.205352s,7.0438534s,14239,359,2
2.7427635s,1.3068774s,6.8408169s,14203,359,2
2.8492574s,1.4098823s,6.7420609s,14207,359,2
2.7254603s,1.4151094s,10.0681677s,14175,359,2
2.6581856s,1.2703191s,6.9422717s,14227,359,2
2.7361688s,1.4400963s,10.0664823s,14179,359,2
2.2838217s,1.090545s,1.3083521s,14311,359,2
2.6881138s,1.4842728s,905.9056ms,14283,359,2
2.1679613s,1.0135326s,7.4488825s,14219,359,2
2.5737937s,1.4228621s,7.0430501s,14215,359,2
2.7056878s,1.4735068s,906.2319ms,14295,359,2
2.8052188s,1.0678166s,3.9311333s,14251,359,2
2.3084973s,1.223313s,1.306791s,14291,359,2
2.3827173s,1.105417s,7.247902s,14211,359,2
3.1221695s,1.4524256s,3.6206439s,14243,359,2
2.8617602s,1.4199138s,9.9701915s,14171,359,2
2.4603601s,1.0127686s,10.3715916s,14199,359,2
2.7212012s,1.0525865s,4.0216122s,14271,359,2
2.8914067s,1.4964962s,6.7428134s,14223,359,2
2.7199107s,1.1834522s,903.2971ms,14307,359,2
2.3198676s,1.0452093s,4.4306933s,14267,359,2
2.7266213s,1.4981167s,4.0269917s,14279,359,2
3.037545s,1.4845736s,3.7250122s,14263,359,2
2.4070793s,1.0434604s,11.3724359s,14165,359,0
2.4631527s,1.3700868s,2.1139406s,14317,359,0
2.6830517s,1.4368261s,7.8468934s,14233,359,0
2.6195097s,1.0553334s,11.1735649s,14177,359,0
2.5803406s,1.1393848s,2.0132324s,14305,359,0
2.586463s,1.216304s,7.9570204s,14205,359,0
2.9262027s,1.1837222s,10.8754231s,14189,359,0
2.6529866s,1.4445698s,4.932039s,14253,359,0
2.5401643s,1.2756007s,11.2651823s,14181,359,0
2.5022352s,1.3483415s,8.0560567s,14217,359,0
2.2610133s,1.174557s,5.3351s,14265,359,0
2.3542604s,1.1104186s,11.4678194s,14169,359,0
3.2581424s,1.4932053s,10.5639374s,14173,359,0
2.5064672s,1.0709425s,2.1131907s,14289,359,0
2.3127535s,1.1793055s,8.2511839s,14225,359,0
2.6735177s,1.2914206s,4.930368s,14277,359,0
2.9108538s,1.0709425s,1.710931s,14281,359,0
2.9674484s,1.3453407s,10.8650169s,14185,359,0
2.6838226s,1.2669554s,4.9283217s,14261,359,0
2.4249606s,1.1310103s,8.1493623s,14229,359,0
2.5233765s,1.2667204s,8.0509464s,14237,359,0
2.3771299s,1.2098316s,5.2350144s,14269,359,0
2.9821009s,1.4096437s,4.6300434s,14273,359,0
2.3771299s,1.0026822s,5.2354835s,14257,359,0
2.5200624s,1.3573324s,2.113637s,14313,359,0
2.6718797s,1.478756s,11.1642416s,14197,359,0
2.8255568s,1.345315s,1.8110559s,14285,359,0
2.9407177s,1.136978s,7.6532701s,14209,359,0
2.4382383s,1.2008893s,8.1557495s,14221,359,0
2.5775315s,1.2587898s,11.2745987s,14193,359,0
2.5791797s,1.3778674s,11.2729505s,14161,359,0
2.4415659s,1.164681s,2.2156568s,14309,359,0
2.4415659s,1.1450682s,2.2156568s,14293,359,0
2.4415659s,1.2712095s,2.2156568s,14301,359,0
2.8129734s,1.2940535s,4.8341427s,14241,359,0
2.6510949s,1.4301286s,2.0159569s,14297,359,0
2.6182136s,1.0612822s,5.0309391s,14245,359,0
2.3551665s,1.0222373s,8.2561648s,14213,359,0
2.9621786s,1.349542s,7.6491527s,14201,359,0
2.8226646s,1.4481454s,4.8306225s,14249,359,0
2.8303592s,1.3746406s,10.4686118s,14250,361,1
2.5853529s,1.2330847s,1.3094367s,14374,361,1
2.1868129s,1.0594123s,4.7340607s,14346,361,1
2.7353981s,1.2160303s,10.5723884s,14266,361,1
2.7503916s,1.4355581s,10.5667555s,14242,361,1
3.0068629s,1.4198598s,906.1028ms,14382,361,1
2.1124332s,1.0442822s,4.829017s,14326,361,1
2.7162616s,1.388564s,4.2251886s,14350,361,1
2.7576924s,1.3290998s,7.3476047s,14302,361,1
2.8624638s,1.4161655s,7.2428333s,14298,361,1
3.1638469s,1.4305775s,6.9414502s,14294,361,1
2.5133238s,1.370337s,1.409772s,14378,361,1
3.0634396s,1.345576s,10.2660161s,14270,361,1
2.45841s,1.2676663s,10.8710457s,14278,361,1
3.026084s,1.3922975s,3.9252743s,14322,361,1
2.727073s,1.1860018s,4.2296302s,14358,361,1
2.7285838s,1.4614669s,4.2281194s,14342,361,1
2.5666785s,1.1670341s,7.5538716s,14318,361,1
2.5345118s,1.2976199s,4.4277134s,14330,361,1
3.3357959s,1.4396925s,603.7603ms,14390,361,1
2.8793795s,1.4987106s,7.2501076s,14310,361,1
2.7383342s,1.1234759s,4.2298271s,14334,361,1
2.6419559s,1.4987558s,4.3284767s,14354,361,1
2.8375386s,1.332422s,1.10681s,14366,361,1
2.2369014s,1.128196s,1.7103953s,14370,361,1
2.7882047s,1.3125662s,7.3516859s,14314,361,1
2.5897806s,1.1990995s,7.55011s,14282,361,1
2.4899075s,1.0476594s,10.8670738s,14246,361,1
2.3442967s,1.0781096s,1.6113421s,14386,361,1
2.7493778s,1.1100827s,1.206261s,14362,361,1
2.5954015s,1.0453684s,7.5505538s,14290,361,1
2.9048202s,1.4716161s,7.2477287s,14306,361,1
2.6657474s,1.217843s,4.3233613s,14338,361,1
2.8094056s,1.4483572s,7.3485893s,14286,361,1
2.6077608s,1.3751192s,10.7678459s,14258,361,1
2.7088035s,1.2657493s,10.6668032s,14262,361,1
2.6077608s,1.4288161s,10.7678459s,14254,361,1
3.2142505s,1.4440258s,10.1640226s,14274,361,1
2.4700095s,1.3188299s,1.5080881s,14394,361,1
2.6691104s,1.0679133s,1.3109119s,14398,361,1
2.8607469s,1.1613835s,905.0593ms,14376,361,3
2.4743104s,1.0406328s,4.423396s,14340,361,3
2.8874779s,1.3915849s,4.0276682s,14328,361,3
2.7524873s,1.0779611s,7.2473903s,14300,361,3
2.2518579s,1.1564418s,7.7514222s,14320,361,3
2.6983137s,1.00762s,10.3641095s,14280,361,3
2.6830548s,1.0408031s,1.1053664s,14368,361,3
2.8009373s,1.4231553s,4.1275377s,14324,361,3
2.600562s,1.0128565s,4.327913s,14356,361,3
2.9113791s,1.255492s,10.1620309s,14244,361,3
2.5030944s,1.3778408s,10.5703156s,14264,361,3
2.693305s,1.3919758s,1.1060528s,14372,361,3
2.2913666s,1.0876487s,1.5079912s,14384,361,3
3.1078787s,1.3219221s,3.826333s,14344,361,3
2.7981507s,1.4222387s,1.0065707s,14396,361,3
2.5156613s,1.0542753s,10.5670526s,14252,361,3
2.6770067s,1.1694217s,7.3477197s,14288,361,3
2.7122571s,1.406114s,4.2277378s,14332,361,3
2.777259s,1.4517829s,7.2474674s,14304,361,3
2.2129094s,1.0710508s,4.7296353s,14348,361,3
2.3781186s,1.0093556s,7.6491576s,14316,361,3
3.0847315s,1.3618936s,6.9425447s,14296,361,3
2.4278335s,1.3571135s,10.6616926s,14268,361,3
2.5071532s,1.2570409s,1.3077537s,14380,361,3
2.9128142s,1.0539783s,906.3423ms,14400,361,3
2.422673s,1.2510211s,4.5283837s,14336,361,3
2.4099472s,1.1978137s,1.4092093s,14364,361,3
2.7305614s,1.2633511s,10.366193s,14276,361,3
3.1319002s,1.3926961s,3.8252727s,14352,361,3
2.5477282s,1.3666766s,4.4290556s,14360,361,3
2.6451619s,1.0936835s,10.4743409s,14272,361,3
2.6555279s,1.0310852s,10.4665061s,14256,361,3
2.6411435s,1.307252s,1.2062713s,14392,361,3
3.0579875s,1.1836205s,10.0640465s,14260,361,3
2.3567303s,1.0020428s,10.7721909s,14248,361,3
2.4211449s,1.3477287s,7.6497888s,14308,361,3
2.8299139s,1.4870609s,7.2464741s,14312,361,3
2.5504289s,1.4929157s,1.3093274s,14388,361,3
2.8299139s,1.0555391s,7.2464741s,14292,361,3
2.9363806s,1.3582137s,7.1421427s,14284,361,3
2.749512s,1.3765226s,9.6647399s,14351,363,2
2.2686411s,1.1547387s,7.0472598s,14395,363,2
2.7605189s,1.2146503s,9.6609137s,14339,363,2
2.3694873s,1.1826749s,10.0636992s,14347,363,2
2.7723229s,1.3087038s,503.4142ms,14479,363,2
2.674744s,1.2352606s,9.7584425s,14343,363,2
2.674053s,1.1375226s,603.5041ms,14471,363,2
2.4448745s,1.0790615s,3.8251385s,14407,363,2
2.7518334s,1.4901434s,3.5211144s,14411,363,2
2.7518334s,1.2756714s,3.5211144s,14435,363,2
2.5966745s,1.0647955s,6.7438964s,14371,363,2
2.2816642s,1.0621029s,1.0061976s,14455,363,2
2.6867008s,1.1906244s,604.1163ms,14459,363,2
2.8876086s,1.3083646s,9.5628073s,14327,363,2
2.5891592s,1.1774018s,9.8612567s,14355,363,2
2.4662078s,1.3952572s,3.8253943s,14431,363,2
2.3995451s,1.1263647s,905.1921ms,14451,363,2
2.5735108s,1.1129753s,3.7217155s,14415,363,2
2.3995451s,1.2907787s,905.1921ms,14443,363,2
3.1023106s,1.4014455s,9.3613078s,14359,363,2
2.9801172s,1.2703057s,3.3193524s,14419,363,2
2.4114073s,1.3451706s,10.0550226s,14331,363,2
2.4765278s,1.1019324s,3.8229418s,14427,363,2
2.7250531s,1.3319107s,6.6390662s,14375,363,2
2.6299099s,1.3307265s,6.7370279s,14391,363,2
2.4285778s,1.0734737s,6.9389182s,14379,363,2
2.9378989s,1.302256s,6.4347087s,14363,363,2
2.9904891s,1.2663983s,3.3174688s,14403,363,2
3.0256605s,1.3764093s,301.1738ms,14467,363,2
3.0257481s,1.2670781s,9.4585356s,14335,363,2
2.4208614s,1.1312717s,907.3585ms,14447,363,2
2.5951393s,1.2012192s,3.7235697s,14423,363,2
2.6990701s,1.0593018s,3.6196389s,14439,363,2
2.5258797s,1.1016663s,803.5414ms,14463,363,2
2.8530264s,1.4502192s,6.5382271s,14387,363,2
2.6511354s,1.2678574s,6.7401181s,14367,363,2
2.5364571s,1.1375226s,805.4124ms,14475,363,2
3.0646497s,1.4995432s,6.3355696s,14383,363,2
2.2585463s,1.1000569s,7.1496633s,14399,363,2
3.0478402s,1.3750391s,9.46268s,14323,363,2
2.7727641s,1.1610277s,2.9227715s,14469,363,0
2.4785135s,1.1191847s,12.6855661s,14321,363,0
2.6219952s,1.2754554s,9.3652504s,14373,363,0
3.0833005s,1.4174458s,2.6186566s,14465,363,0
2.6256995s,1.1110462s,6.142365s,14417,363,0
2.9362903s,1.4428515s,5.8355976s,14433,363,0
2.5379185s,1.0672519s,9.4605501s,14381,363,0
2.4840153s,1.2743549s,3.2237398s,14461,363,0
2.6059417s,1.4547126s,12.578301s,14333,363,0
3.0576787s,1.4543197s,8.9537761s,14397,363,0
3.0537845s,1.4687716s,5.7358366s,14413,363,0
3.0641328s,1.401409s,5.731261s,14409,363,0
2.562448s,1.2126028s,6.2329458s,14401,363,0
2.562448s,1.3331471s,6.2329458s,14429,363,0
2.7177783s,1.4627086s,3.0152978s,14449,363,0
2.4719993s,1.1020159s,9.560337s,14369,363,0
2.6216298s,1.3228007s,3.119993s,14477,363,0
2.6354129s,1.1303517s,12.5737574s,14329,363,0
2.5606144s,1.2551575s,100.0305ms,14485,363,0
2.3371077s,1.2482929s,12.8782822s,14325,363,0
2.7795005s,1.2175465s,9.2590554s,14393,363,0
2.2753783s,1.172189s,9.7631776s,14377,363,0
2.6322793s,1.4627086s,3.1181998s,14453,363,0
2.4856464s,1.0080111s,9.5555462s,14365,363,0
2.3399916s,1.1430369s,12.8791115s,14345,363,0
2.2854021s,1.1688823s,9.756867s,14389,363,0
2.2665444s,1.0026615s,402.3427ms,14517,363,0
2.4676951s,1.2174025s,201.192ms,14497,363,0
2.7406746s,1.1142688s,3.0179499s,14457,363,0
2.7373408s,1.1233263s,3.0212837s,14473,363,0
2.7841486s,1.4759848s,6.0389881s,14425,363,0
2.6423269s,1.4232168s,3.1183477s,14441,363,0
2.4869084s,1.0666365s,6.337899s,14421,363,0
2.6953715s,1.3442123s,9.3560166s,14361,363,0
2.4869084s,1.2922913s,6.337899s,14405,363,0
2.7630295s,1.3918273s,12.4730391s,14337,363,0
2.5614536s,1.1391129s,12.674615s,14353,363,0
2.6993813s,1.4201139s,6.1332726s,14437,363,0
2.5470394s,1.4167504s,3.2214817s,14445,363,0
2.6864997s,1.4267317s,0s,14501,363,0
2.3729745s,1.1117458s,12.8791114s,14357,363,0
3.176834s,1.4055274s,12.0752519s,14341,363,0
2.6772633s,1.1843753s,12.5748226s,14349,363,0
3.2265807s,1.4078668s,8.8486712s,14385,363,0
2.7184935s,1.4974817s,0s,14509,363,0
2.7411845s,1.3338402s,0s,14493,363,0
2.7948745s,1.1611123s,0s,14505,363,0
2.8897169s,1.3738828s,0s,14481,363,0
2.9314471s,1.2881544s,0s,14513,363,0
2.6462443s,1.4861003s,2.1116228s,14546,365,1
2.2445995s,1.0047873s,5.5374351s,14498,365,1
2.9013004s,1.390295s,7.9437381s,14462,365,1
2.9540666s,1.2854079s,4.827968s,14490,365,1
2.2550125s,1.1206046s,5.5333877s,14518,365,1
2.3296677s,1.2029435s,11.2663673s,14426,365,1
2.5609638s,1.3769348s,2.2129884s,14526,365,1
2.7636252s,1.3643891s,5.0295621s,14510,365,1
2.6642998s,1.4584368s,2.1125352s,14554,365,1
2.7398438s,1.1087945s,10.8641735s,14418,365,1
2.9755311s,1.4518481s,4.8270507s,14494,365,1
2.2759143s,1.1918656s,5.5373075s,14514,365,1
2.7316683s,1.1283648s,8.1512005s,14450,365,1
2.552171s,1.1115184s,11.0705416s,14410,365,1
2.3583764s,1.087727s,11.2730597s,14406,365,1
2.3583764s,1.0914015s,11.2730597s,14414,365,1
2.7421721s,1.070477s,8.1524298s,14478,365,1
2.6624557s,1.2876538s,10.97199s,14422,365,1
2.7421721s,1.1892418s,8.1524298s,14470,365,1
2.8022212s,1.2604077s,2.0139431s,14522,365,1
2.5733276s,1.060618s,11.0688248s,14434,365,1
3.1113509s,1.3783521s,1.7110366s,14550,365,1
2.6779133s,1.3156773s,10.9672749s,14430,365,1
2.7113923s,1.1906031s,5.1309482s,14502,365,1
2.7115041s,1.0495523s,2.1116013s,14558,365,1
2.5529327s,1.2627882s,8.3524117s,14466,365,1
2.6180788s,1.1918656s,5.2317064s,14486,365,1
3.0188153s,1.4121798s,4.8305501s,14482,365,1
2.6180788s,1.2694817s,5.2317064s,14506,365,1
2.5838096s,1.2686807s,11.0688233s,14402,365,1
3.0630039s,1.3133199s,7.8497852s,14458,365,1
2.6669873s,1.0964829s,8.2522879s,14442,365,1
2.4909524s,1.181116s,11.1718288s,14438,365,1
2.3206567s,1.1030983s,2.5200417s,14530,365,1
2.6781359s,1.0753041s,8.2508257s,14446,365,1
2.3732415s,1.1370041s,8.5557201s,14454,365,1
2.5731206s,1.1847435s,8.355841s,14474,365,1
2.8381123s,1.0511008s,2.0126164s,14542,365,1
2.539348s,1.4827465s,2.3113807s,14534,365,1
2.8381123s,1.4777847s,2.0126164s,14538,365,1
2.7045703s,1.15385s,7.045649s,14480,365,3
2.6243755s,1.1776708s,10.0637956s,14424,365,3
2.7271651s,1.2817954s,9.961006s,14408,365,3
2.6964084s,1.1520793s,1.2074547s,14548,365,3
3.0123504s,1.3145032s,6.7418818s,14452,365,3
2.4151376s,1.2779517s,4.3267442s,14508,365,3
2.9379518s,1.273813s,9.7550085s,14428,365,3
2.2188157s,1.1331475s,4.5238424s,14492,365,3
2.5183412s,1.0133437s,4.2243169s,14520,365,3
2.2412472s,1.1145016s,10.4613246s,14404,365,3
2.91108s,1.2926652s,1.0066778s,14524,365,3
2.4326889s,1.1150351s,4.3304641s,14496,365,3
2.5164208s,1.0463216s,1.4087135s,14560,365,3
2.8380187s,1.3065596s,3.9251343s,14504,365,3
2.9369707s,1.4680581s,6.8385327s,14448,365,3
3.1235073s,1.4345195s,803.6168ms,14540,365,3
3.1235073s,1.4072836s,803.6168ms,14532,365,3
2.6218013s,1.3394565s,1.3082274s,14528,365,3
2.7584117s,1.0288145s,9.9658193s,14436,365,3
2.3342341s,1.1288986s,1.611638s,14544,365,3
2.3555478s,1.0008625s,7.4425369s,14444,365,3
2.8754922s,1.1391718s,9.8605443s,14412,365,3
2.1768527s,1.120589s,10.5591838s,14440,365,3
2.4811667s,1.0922867s,10.2672379s,14416,365,3
2.3665157s,1.0739677s,7.446209s,14472,365,3
2.7905942s,1.2709256s,9.961748s,14432,365,3
2.8724013s,1.3397996s,6.9419891s,14476,365,3
2.7816986s,1.1187892s,4.0233157s,14484,365,3
2.6734725s,1.2500249s,7.1438922s,14468,365,3
2.6884426s,1.4091741s,4.1277886s,14488,365,3
2.7046785s,1.4165871s,10.0625263s,14420,365,3
2.6837066s,1.3007722s,7.1455464s,14464,365,3
2.5929057s,1.0673414s,4.2278632s,14512,365,3
2.6751305s,1.1668395s,1.3076197s,14536,365,3
2.878232s,1.254707s,1.105847s,14552,365,3
2.184338s,1.0420448s,7.6512218s,14456,365,3
2.1977642s,1.0861354s,4.6297398s,14516,365,3
2.7995503s,1.2759261s,4.0279537s,14500,365,3
2.2813167s,1.1646252s,1.7108655s,14556,365,3
3.0010129s,1.347142s,6.8460466s,14460,365,3
2.1468599s,1.0035304s,8.7507439s,14555,367,2
2.239473s,1.0640596s,11.575728s,14507,367,2
2.4485375s,1.122461s,11.3701928s,14503,367,2
2.5535409s,1.4041279s,8.3529703s,14531,367,2
2.8108176s,1.2557474s,2.4135381s,14603,367,2
3.2141372s,1.3213523s,2.0148927s,14635,367,2
2.4612181s,1.2678111s,11.3674076s,14511,367,2
2.8455355s,1.4639624s,5.2310282s,14575,367,2
2.5484461s,1.3635103s,5.5311091s,14583,367,2
2.6663673s,1.2743609s,8.2498079s,14543,367,2
2.4177775s,1.1269722s,2.8192488s,14611,367,2
2.779428s,1.0433205s,8.1505144s,14551,367,2
2.1759531s,1.010916s,11.6728146s,14491,367,2
2.8832525s,1.4990454s,10.9655152s,14499,367,2
2.6812201s,1.1203288s,11.1675476s,14483,367,2
2.5896013s,1.4611075s,8.353623s,14539,367,2
2.7721025s,1.4212053s,5.3345018s,14579,367,2
2.6747761s,1.1097943s,5.4318282s,14571,367,2
2.4932209s,1.2892034s,8.4500034s,14547,367,2
2.2443785s,1.173936s,3.0213764s,14627,367,2
2.7873018s,1.3258849s,11.0760506s,14495,367,2
2.1609097s,1.1002483s,3.118761s,14639,367,2
2.9699147s,1.3396227s,2.3151187s,14615,367,2
2.6689538s,1.2491221s,2.6160796s,14619,367,2
2.3100004s,1.067009s,11.5726305s,14487,367,2
2.915442s,1.4686255s,10.9677103s,14519,367,2
2.8006019s,1.2386998s,5.3328151s,14599,367,2
2.4288108s,1.2941345s,11.4606336s,14515,367,2
2.5256148s,1.1942114s,8.4483876s,14535,367,2
2.6289715s,1.1905693s,8.3450309s,14523,367,2
2.3018583s,1.1570908s,5.8355241s,14591,367,2
2.3126529s,1.1626924s,5.8353177s,14595,367,2
2.8114116s,1.2616734s,5.336559s,14563,367,2
2.83662s,1.1664336s,8.1483014s,14559,367,2
2.3332649s,1.1231182s,8.6513257s,14527,367,2
2.4884598s,1.005496s,2.8183231s,14631,367,2
2.7918329s,1.3517265s,2.5155401s,14607,367,2
2.7965178s,1.1658475s,2.5152601s,14623,367,2
2.6219133s,1.0896198s,5.5354001s,14587,367,2
2.8248252s,1.3796343s,5.3328849s,14567,367,2
2.4951052s,1.1220439s,0s,14671,367,2
2.7573137s,1.3306403s,906.6453ms,14661,368,0
3.111756s,1.4036217s,12.4780626s,14489,368,0
2.3005384s,1.1201257s,7.1442151s,14573,368,0
2.6343171s,1.4802163s,3.9223163s,14629,368,0
2.5203072s,1.452414s,9.9640624s,14525,368,0
2.5629482s,1.4303599s,1.1073178s,14645,368,0
2.4058614s,1.2288327s,7.0451991s,14585,368,0
3.0333091s,1.4360479s,9.4532833s,14529,368,0
2.1375082s,1.0351555s,4.4252746s,14621,368,0
3.0302643s,1.4382465s,9.4563281s,14521,368,0
2.8298167s,1.1228868s,9.6567757s,14545,368,0
2.7347117s,1.4150737s,9.7518807s,14537,368,0
2.4161826s,1.0266917s,7.0393622s,14565,368,0
2.6441801s,1.3486182s,3.9208642s,14633,368,0
2.1349129s,1.0391925s,10.3632942s,14553,368,0
2.7829675s,1.4808486s,905.1814ms,14665,368,0
2.8273263s,1.3535755s,6.6411774s,14581,368,0
2.7305515s,1.4154496s,6.7426261s,14561,368,0
2.1632564s,1.0916582s,4.4258181s,14601,368,0
2.7631374s,1.3947449s,3.8259371s,14609,368,0
2.755368s,1.4289469s,9.7575161s,14557,368,0
2.6372764s,1.4079053s,6.8422986s,14589,368,0
2.6972137s,1.0271608s,1.0057653s,14677,368,0
2.7429272s,1.4624753s,6.7431554s,14593,368,0
2.7737437s,1.0351555s,3.8236079s,14613,368,0
2.50285s,1.3442018s,1.2061216s,14669,368,0
2.890294s,1.3221352s,3.721288s,14637,368,0
2.7148326s,1.1451817s,1.0064554s,14657,368,0
2.4766083s,1.3384651s,10.0612745s,14533,368,0
2.7227163s,1.1739149s,1.0055694s,14649,368,0
2.627037s,1.2793823s,1.1074348s,14653,368,0
2.5840655s,1.0327384s,9.9677532s,14541,368,0
2.3735141s,1.1826243s,7.1449955s,14577,368,0
2.9053518s,1.4961276s,9.6505046s,14549,368,0
2.8160932s,1.2514457s,3.824419s,14617,368,0
2.5935504s,1.0609396s,6.939553s,14569,368,0
2.8905005s,1.3846826s,6.6426029s,14597,368,0
3.1547847s,1.4553683s,602.2319ms,14673,368,0
2.4223104s,1.3012977s,4.2278452s,14625,368,0
2.5243914s,1.1763315s,4.1271477s,14605,368,0
2.7552911s,1.4209687s,1.0065856s,14641,368,0
2.5752591s,1.2125938s,6.6450212s,14646,370,1
3.0562161s,1.3478874s,12.0779387s,14586,370,1
2.7150721s,1.4326361s,9.3628666s,14626,370,1
2.4551513s,1.3197969s,12.6814034s,14590,370,1
2.932228s,1.4974732s,3.421673s,14686,370,1
2.6813414s,1.3499047s,6.5419246s,14654,370,1
3.1354545s,1.413596s,3.221623s,14718,370,1
2.8711062s,1.3942189s,12.2725917s,14574,370,1
2.2643685s,1.0547536s,12.8793294s,14566,370,1
3.1437837s,1.464547s,3.2172605s,14698,370,1
2.971123s,1.2392891s,12.1725749s,14570,370,1
2.5365446s,1.2728514s,9.5613368s,14614,370,1
2.3354921s,1.0045804s,9.7623893s,14622,370,1
2.965318s,1.286691s,201.9355ms,14726,370,1
2.7017043s,1.2796943s,6.5443698s,14650,370,1
2.5009367s,1.0934199s,6.7451374s,14674,370,1
2.6699056s,1.456556s,502.6026ms,14722,370,1
2.6415738s,1.3485055s,9.4663739s,14606,370,1
2.7473275s,1.4119739s,9.3606202s,14618,370,1
2.3398112s,1.1171649s,9.7681365s,14602,370,1
2.751448s,1.1395151s,9.3564997s,14634,370,1
2.5943626s,1.1597144s,12.5698012s,14598,370,1
2.5943626s,1.1177388s,12.5698012s,14594,370,1
2.6928561s,1.2186678s,12.4713077s,14582,370,1
2.8576584s,1.3973396s,9.2581468s,14610,370,1
2.563923s,1.1353625s,3.8254446s,14682,370,1
2.3963152s,1.1886588s,12.7757061s,14578,370,1
2.4143062s,1.0515665s,6.8438406s,14642,370,1
3.002809s,1.3894882s,12.1703287s,14562,370,1
2.3187286s,1.235208s,6.9405346s,14658,370,1
2.7617956s,1.3895178s,9.355126s,14630,370,1
2.6691309s,1.4397325s,3.7213531s,14706,370,1
2.4808556s,1.218979s,703.5006ms,14754,370,1
2.171704s,1.0588355s,4.2252025s,14694,370,1
2.4981261s,1.0252822s,705.921ms,14750,370,1
2.4981261s,1.3301496s,705.921ms,14734,370,1
2.4888297s,1.1178924s,3.9259934s,14714,370,1
2.6399905s,1.2395586s,6.6474605s,14670,370,1
2.5090132s,1.4450365s,705.9981ms,14742,370,1
2.484611s,1.0310683s,9.6645846s,14638,370,1
2.6504486s,1.0740996s,6.643235s,14662,370,1
3.2077467s,1.4199355s,3.2222204s,14702,370,1
3.111455s,1.3379555s,3.3216214s,14710,370,1
2.2197919s,1.0245985s,1.0055378s,14730,370,1
2.723158s,1.1589319s,502.5077ms,14738,370,1
2.4219659s,1.054427s,803.3638ms,14758,370,1
3.0290437s,1.1360523s,200.7823ms,14746,370,1
2.5650287s,1.4807417s,6.7437986s,14678,370,1
2.8687792s,1.4078595s,6.4400481s,14666,370,1
2.3211252s,1.0332043s,4.1271175s,14690,370,1
2.3768155s,1.2753061s,11.0697292s,14568,369,3
2.5605933s,1.3576276s,1.1079251s,14692,369,3
2.2636762s,1.1577141s,1.4073746s,14700,369,3
3.3295392s,1.4284522s,6.8415913s,14608,369,3
2.5830747s,1.1738213s,10.8660024s,14592,369,3
2.4157917s,1.2619015s,4.4257996s,14648,369,3
2.6174135s,1.2670726s,4.2241778s,14676,369,3
2.8248771s,1.0073559s,4.0263873s,14652,369,3
2.7951458s,1.4915351s,10.6669738s,14584,369,3
2.7839401s,1.2651771s,905.9279ms,14712,369,3
2.8000023s,1.4204331s,10.6692688s,14600,369,3
2.4929493s,1.3982141s,10.9763218s,14580,369,3
2.744846s,1.3877199s,7.448246s,14612,369,3
2.7453214s,1.0434088s,4.127274s,14656,369,3
2.2457541s,1.1450595s,4.6291389s,14672,369,3
2.4570863s,1.0769131s,7.752502s,14616,369,3
2.9164039s,1.051987s,10.571131s,14576,369,3
2.4193296s,1.1353898s,11.0716157s,14564,369,3
2.1677296s,1.011571s,8.0466083s,14620,369,3
2.5090742s,1.2934715s,1.2087082s,14720,369,3
3.1705405s,1.3719033s,3.7228721s,14644,369,3
2.9803267s,1.3337919s,7.2469077s,14640,369,3
2.7377017s,1.4862072s,10.7739554s,14596,369,3
2.541724s,1.3631612s,10.9699331s,14588,369,3
3.18345s,1.35557s,7.0502605s,14632,369,3
2.4877662s,1.2058113s,7.7459443s,14628,369,3
2.8268807s,1.278698s,907.1913ms,14684,369,3
2.3276546s,1.1238745s,1.4081086s,14696,369,3
2.6966878s,1.4480255s,7.5486474s,14636,369,3
2.9429429s,1.288693s,806.0662ms,14708,369,3
2.3946061s,1.0576911s,4.5287365s,14680,369,3
2.6962854s,1.4580662s,4.2270572s,14664,369,3
2.402273s,1.2231297s,4.5210696s,14668,369,3
2.5504112s,1.1226579s,1.2073069s,14716,369,3
2.519122s,1.2340595s,7.7439966s,14604,369,3
2.2040035s,1.076609s,4.7290194s,14660,369,3
3.2779466s,1.4107739s,10.2631186s,14572,369,3
3.0589867s,1.3484686s,704.4088ms,14688,369,3
2.8582853s,1.3192014s,905.1102ms,14704,369,3
2.519122s,1.1501547s,7.7443532s,14624,369,3
3.1637037s,1.3282932s,4.4287104s,14755,371,2
2.7562122s,1.4193235s,11.0727577s,14647,371,2
2.6653986s,1.0827361s,11.166152s,14663,371,2
2.7285336s,1.3391037s,1.7090329s,14763,371,2
2.4860441s,1.0448397s,5.1332575s,14731,371,2
2.6918863s,1.0945328s,7.951375s,14699,371,2
2.8935626s,1.1556818s,7.7496987s,14695,371,2
2.7989373s,1.4627659s,7.8484919s,14715,371,2
2.6546889s,1.3530926s,1.8090083s,14783,371,2
2.3940755s,1.2225362s,8.2533537s,14711,371,2
2.8576634s,1.3723388s,1.6106347s,14791,371,2
3.0034154s,1.3913546s,4.6303185s,14747,371,2
2.601502s,1.0248397s,11.2725559s,14679,371,2
2.6043659s,1.2127156s,5.0331362s,14743,371,2
2.3080171s,1.055343s,8.3495133s,14703,371,2
2.9094616s,1.3642064s,4.7307869s,14759,371,2
2.2622609s,1.0489859s,2.2142839s,14779,371,2
2.4156684s,1.2824198s,8.2464662s,14687,371,2
3.2165275s,1.4812404s,10.6621346s,14643,371,2
3.0200283s,1.2887138s,7.6421063s,14683,371,2
2.7098306s,1.3913546s,4.9322757s,14751,371,2
2.614432s,1.4892635s,5.0276743s,14723,371,2
2.367755s,1.1554769s,2.1139272s,14767,371,2
2.7729017s,1.3083623s,1.7087805s,14775,371,2
2.7831207s,1.4437782s,1.7118972s,14787,371,2
2.1829917s,1.0334798s,2.3150533s,14771,371,2
2.5293624s,1.0510539s,5.1323863s,14727,371,2
2.9275158s,1.4695896s,10.9764749s,14667,371,2
3.1291419s,1.4092598s,10.7748488s,14659,371,2
2.5923652s,1.1104618s,1.9142036s,14799,371,2
2.5328869s,1.3003725s,8.1569875s,14719,371,2
2.628658s,1.0527382s,11.2778419s,14651,371,2
2.6394446s,1.3950624s,8.0547991s,14707,371,2
2.2367694s,1.1522327s,8.4574743s,14691,371,2
2.5373747s,1.2727869s,5.1368407s,14739,371,2
2.2545083s,1.0644617s,5.4329923s,14735,371,2
2.649031s,1.0635461s,11.2750254s,14655,371,2
3.0532977s,1.4866726s,10.8707587s,14675,371,2
2.4112459s,1.1554769s,2.112551s,14795,371,2
2.4510306s,1.3718912s,6.7507786s,14741,371,0
2.4510306s,1.1701455s,6.7507786s,14753,371,0
2.5556276s,1.3038588s,6.6485769s,14733,371,0
2.6550017s,1.0104136s,9.7705725s,14685,371,0
2.4557788s,1.3982167s,9.9697954s,14697,371,0
2.2616089s,1.1556381s,6.9445279s,14729,371,0
2.5863673s,1.0306456s,3.6231171s,14769,371,0
2.3847406s,1.0913207s,3.8247438s,14797,371,0
2.8160337s,1.2285446s,402.0734ms,14813,371,0
2.993634s,1.2835424s,3.2227913s,14789,371,0
2.7212535s,1.3909956s,502.1876ms,14805,371,0
2.8969376s,1.3988555s,3.322734s,14777,372,0
3.2257001s,1.4214576s,0s,14837,372,0
2.8791906s,1.1441822s,9.5615371s,14701,372,0
2.5299469s,1.0983568s,703.9634ms,14817,372,0
2.3311985s,1.2405269s,904.1177ms,14829,372,0
2.6072535s,1.4321664s,3.6220342s,14765,372,0
2.7143184s,1.2628378s,3.5188534s,14781,372,0
2.3879272s,1.2874919s,6.841897s,14745,372,0
2.8124799s,1.4657254s,3.4206919s,14793,372,0
2.7420808s,1.0872674s,502.3333ms,14801,372,0
2.9966524s,1.3537586s,6.2402602s,14757,372,0
2.6179527s,1.155809s,3.6244478s,14785,372,0
2.497896s,1.268888s,6.7476724s,14749,372,0
2.4982193s,1.2766722s,9.9687188s,14693,372,0
2.6050465s,1.3206295s,9.8652027s,14713,372,0
3.0062032s,1.3982167s,9.464046s,14689,372,0
2.8111737s,1.2213047s,6.441812s,14737,372,0
2.4566923s,1.2004042s,805.6695ms,14825,372,0
3.0164619s,1.1840576s,9.4578935s,14681,372,0
2.7628285s,1.0872674s,501.7073ms,14809,372,0
3.2213697s,1.428624s,9.2620549s,14709,372,0
2.9270407s,1.4055012s,6.3417993s,14725,372,0
2.9511333s,1.3270311s,3.3210543s,14773,372,0
2.4301262s,1.2649757s,6.8417337s,14721,372,0
2.5834436s,1.1451052s,703.4807ms,14833,372,0
2.6462142s,1.4458889s,9.8573735s,14705,372,0
2.4451057s,1.0006722s,10.058482s,14717,372,0
2.6610383s,1.1347307s,3.6245273s,14761,372,0
2.1928754s,1.0763798s,1.1068133s,14821,372,0
2.5781425s,1.2454095s,411.6µs,14898,373,1
2.5872539s,1.3771206s,9.07031s,14790,373,1
2.8504524s,1.1600724s,5.7335348s,14826,373,1
2.5019688s,1.178532s,9.1555951s,14778,373,1
2.3482217s,1.1341635s,6.2357655s,14838,373,1
2.2821507s,1.008479s,302.2056ms,14886,373,1
2.9573687s,1.3301896s,5.6347757s,14810,373,1
2.2055619s,1.1005433s,9.4601592s,14786,373,1
2.6579396s,1.3460788s,2.9150806s,14850,373,1
2.8228057s,1.178532s,8.8573735s,14762,373,1
2.6644061s,1.0787821s,2.9201661s,14846,373,1
2.5227817s,1.0796329s,9.1639774s,14766,373,1
2.7758413s,1.4403416s,5.8373411s,14818,373,1
2.9815164s,1.4152816s,2.6123657s,14878,373,1
2.6189037s,1.2314745s,0s,14902,373,1
2.3908049s,1.2015074s,6.2385179s,14802,373,1
2.6397007s,1.3794398s,9.0631988s,14798,373,1
2.3432237s,1.1608879s,9.3618053s,14770,373,1
2.6961407s,1.1692711s,2.9172927s,14874,373,1
2.6961407s,1.1502435s,2.9172927s,14854,373,1
2.6017522s,1.0543004s,3.0180758s,14858,373,1
2.3537099s,1.0119478s,9.3622787s,14774,373,1
2.5047607s,1.0820665s,3.1156209s,14870,373,1
2.6415698s,1.1452115s,0s,14914,373,1
3.0735767s,1.3850988s,8.6545011s,14782,373,1
2.8188375s,1.23492s,5.8356636s,14834,373,1
2.6135757s,1.1437903s,6.0409254s,14822,373,1
3.0220303s,1.4866113s,5.6365424s,14806,373,1
2.7747985s,1.4066808s,8.9635283s,14794,373,1
2.8216313s,1.1548407s,2.8210885s,14866,373,1
2.9243375s,1.4515832s,5.7404126s,14814,373,1
2.7296615s,1.3832081s,2.9184957s,14862,373,1
2.4283789s,1.1922529s,3.2197783s,14842,373,1
2.3671892s,1.0664084s,302.0086ms,14910,373,1
2.6356902s,1.2642026s,6.0395679s,14830,373,1
2.4722256s,1.1546642s,201.4944ms,14894,373,1
2.9274666s,1.2078965s,0s,14890,373,1
2.9829129s,1.3951864s,0s,14906,373,1
3.0156659s,1.4913295s,0s,14918,373,1
3.0261621s,1.3417814s,0s,14882,374,1
2.5211766s,1.4215057s,11.4804801s,14728,373,3
2.7255301s,1.1588819s,11.2761266s,14756,373,3
2.7767671s,1.3628192s,2.1133968s,14876,373,3
3.2561221s,1.3998316s,7.9513471s,14788,373,3
2.3314192s,1.0784955s,11.6787248s,14760,373,3
2.3482092s,1.1913377s,11.66844s,14740,373,3
2.7558373s,1.4313881s,8.4581371s,14768,373,3
2.9953493s,1.452734s,1.9090974s,14856,373,3
2.3938729s,1.209252s,2.5159083s,14868,373,3
2.4970465s,1.1270834s,2.4155946s,14860,373,3
3.0008313s,1.3768935s,1.9118098s,14852,373,3
2.1744793s,1.0986522s,9.0524126s,14776,373,3
2.6797903s,1.3333009s,8.5471016s,14784,373,3
3.1728284s,1.3333009s,8.0540635s,14800,373,3
3.0883786s,1.3470187s,8.1513287s,14780,373,3
2.5680688s,1.2180053s,11.4761742s,14752,373,3
2.6485845s,1.4820182s,5.3368616s,14816,373,3
2.983274s,1.1434007s,8.2582942s,14796,373,3
2.6530806s,1.4740194s,5.3343699s,14840,373,3
3.0581287s,1.4441245s,4.9317003s,14804,373,3
2.1949739s,1.0287169s,9.0521836s,14792,373,3
2.3611197s,1.0336554s,5.6299157s,14812,373,3
2.7809534s,1.4167254s,11.2688789s,14736,373,3
2.4661537s,1.334164s,5.5340839s,14832,373,3
2.6290662s,1.3202768s,2.3130427s,14872,373,3
2.8022548s,1.3198168s,8.4541049s,14764,373,3
2.5666577s,1.3799215s,5.4335799s,14820,373,3
2.79152s,1.4449004s,11.2693499s,14724,373,3
3.0323942s,1.3036161s,1.9115501s,14864,373,3
2.48792s,1.2316195s,11.5784824s,14748,373,3
3.1102645s,1.2945657s,8.1534631s,14772,373,3
2.2811981s,1.1206227s,5.7349835s,14824,373,3
2.8026748s,1.4034218s,11.2723037s,14732,373,3
2.681206s,1.3919636s,5.3349756s,14808,373,3
2.8026748s,1.3514067s,11.2723037s,14744,373,3
2.4865981s,1.3846357s,5.5318642s,14836,373,3
2.1840448s,1.0357264s,5.8344175s,14828,373,3
2.7509198s,1.1074763s,2.2127915s,14848,373,3
2.4539394s,1.3488127s,2.51435s,14880,373,3
2.7557594s,1.1983133s,2.2128903s,14844,373,3
2.1439061s,1.0846768s,0s,14892,373,3
2.1488847s,1.0375946s,0s,14916,373,3
2.2432867s,1.1436535s,0s,14884,373,3
3.1645809s,1.4682231s,1.9094904s,14951,375,2
2.864356s,1.2419603s,2.2165161s,14939,375,2
2.3660599s,1.1390974s,2.7183483s,14935,375,2
2.8500228s,1.2774834s,5.2313135s,14919,375,2
3.0756388s,1.3056409s,2.0121831s,14923,375,2
2.6069392s,1.1254717s,8.5514614s,14843,375,2
2.9756478s,1.3088115s,2.1134964s,14927,375,2
2.9159513s,1.308825s,8.2489352s,14847,375,2
2.5255734s,1.3891074s,11.5770207s,14811,375,2
2.9377076s,1.335318s,11.1713035s,14803,375,2
2.9377076s,1.48446s,11.1713035s,14831,375,2
2.8652395s,1.2320368s,5.233207s,14903,375,2
2.8423796s,1.2765868s,11.2722516s,14823,375,2
2.8038288s,1.1706305s,2.3119552s,14943,375,2
2.6799532s,1.4354709s,5.4345598s,14907,375,2
2.7354629s,1.4054936s,8.4547921s,14855,375,2
2.4601457s,1.131742s,11.6718201s,14819,375,2
2.5581886s,1.0804927s,11.5737772s,14827,375,2
2.4891601s,1.1508345s,5.634131s,14895,375,2
2.6903286s,1.2262885s,5.4329625s,14883,375,2
2.9935144s,1.4926779s,5.1297767s,14891,375,2
2.4949174s,1.1061798s,5.6368587s,14887,375,2
2.8618121s,1.2104195s,8.3473907s,14871,375,2
2.9032025s,1.4216597s,5.2302583s,14899,375,2
2.7307167s,1.3560246s,2.4152928s,14959,375,2
2.3335942s,1.1151966s,2.8168607s,14955,375,2
2.7900201s,1.1065185s,11.3713927s,14839,375,2
2.9796061s,1.3839318s,8.2462755s,14851,375,2
2.4765988s,1.1773619s,8.7492828s,14863,375,2
2.2140848s,1.1516697s,5.9360548s,14915,375,2
2.1893117s,1.1560785s,11.9742775s,14835,375,2
3.075742s,1.3178867s,8.1501396s,14875,375,2
2.574528s,1.4813299s,8.6513536s,14859,375,2
2.4765988s,1.3197658s,8.7492828s,14879,375,2
2.5466105s,1.2232002s,2.6174099s,14931,375,2
2.8286639s,1.392246s,5.3320206s,14911,375,2
2.5057521s,1.1720852s,11.6688633s,14807,375,2
2.2036005s,1.0767435s,11.9710149s,14815,375,2
2.6879985s,1.1002717s,8.5531084s,14867,375,2
2.6557666s,1.1757609s,2.5160839s,14947,375,2
2.3624585s,1.2209759s,0s,14999,375,2
2.8113594s,1.2202143s,7.7534123s,14905,376,0
3.0201974s,1.4720239s,10.5663398s,14873,376,0
2.5199694s,1.0890754s,11.0665678s,14865,376,0
2.5234832s,1.1983952s,4.8317066s,14953,376,0
2.9238814s,1.2936094s,10.6626558s,14861,376,0
2.4150485s,1.1320129s,11.1718111s,14857,376,0
2.6127331s,1.2441326s,10.9738041s,14849,376,0
2.4785134s,1.1648153s,2.0135628s,14993,376,0
2.4331328s,1.3319592s,8.1487646s,14885,376,0
2.7327074s,1.0489375s,10.8693874s,14877,376,0
2.6328172s,1.1417201s,7.9490802s,14913,376,0
2.5446803s,1.4562332s,4.8303931s,14925,376,0
2.1812893s,1.0383355s,2.3151129s,14981,376,0
2.5381888s,1.288861s,8.0534605s,14889,376,0
2.6432507s,1.1660213s,7.9526584s,14897,376,0
2.552304s,1.1775509s,4.8324551s,14933,376,0
3.2023924s,1.351144s,1.3062867s,14965,376,0
2.9523189s,1.2161409s,10.6663788s,14845,376,0
2.4996336s,1.3336653s,2.0115854s,14961,376,0
2.5569124s,1.0656957s,8.0509212s,14909,376,0
2.3050486s,1.1528782s,2.2129638s,14997,376,0
2.466687s,1.1425365s,4.9299966s,14929,376,0
2.7129835s,1.3114274s,1.8122518s,14989,376,0
2.5795523s,1.2438871s,4.8295282s,14937,376,0
2.8738429s,1.4649181s,7.7463876s,14893,376,0
2.8786712s,1.1255216s,4.5304093s,14941,376,0
2.4256063s,1.0548103s,2.1117494s,14973,376,0
2.7264163s,1.3691237s,1.8109394s,14977,376,0
2.8840042s,1.2630151s,7.7470293s,14881,376,0
2.3940917s,1.0741305s,5.0308191s,14957,376,0
2.6895685s,1.0929282s,10.9666897s,14869,376,0
2.134453s,1.0746392s,2.4137683s,14985,376,0
2.8983106s,1.4755398s,10.7621831s,14841,376,0
2.8049073s,1.2730481s,4.6277201s,14945,376,0
2.8067305s,1.1548053s,4.6302574s,14921,376,0
2.1944043s,1.0536891s,8.4537336s,14901,376,0
2.8058313s,1.3902064s,10.8651199s,14853,376,0
2.7110297s,1.2474069s,4.7285741s,14949,376,0
2.8526088s,1.2223548s,1.7093106s,14969,376,0
3.21115s,1.4678176s,7.4427767s,14917,376,0
2.5388194s,1.3565156s,904.2404ms,15042,378,1
3.059137s,1.4475653s,9.5634256s,14926,378,1
2.957817s,1.4645664s,9.6647456s,14946,378,1
2.3605654s,1.0306134s,4.2255414s,15010,378,1
3.0488747s,1.3522391s,404.1212ms,15078,378,1
2.8565837s,1.2036304s,603.188ms,15062,378,1
2.8736423s,1.4669272s,3.7252723s,15038,378,1
2.5775731s,1.2142763s,6.9457636s,14970,378,1
2.6803559s,1.1182713s,3.9227004s,15022,378,1
2.3779773s,1.1420883s,10.2645555s,14922,378,1
2.4749876s,1.3860822s,4.1280687s,15034,378,1
2.7895302s,1.0785522s,9.8604099s,14942,378,1
2.7895302s,1.3378298s,9.8604099s,14950,378,1
2.9743668s,1.4692209s,502.4803ms,15054,378,1
2.6931015s,1.486708s,6.8432194s,14974,378,1
2.3971377s,1.2500836s,7.1477113s,14966,378,1
2.5985191s,1.4673659s,6.9463299s,14978,378,1
2.889391s,1.4400805s,602.5913ms,15074,378,1
2.7061971s,1.4454315s,9.9618385s,14938,378,1
2.492183s,1.3318833s,1.0060207s,15066,378,1
2.7138522s,1.4560178s,6.84424s,14986,378,1
2.5131723s,1.1024972s,7.0449199s,14990,378,1
2.3962137s,1.0306135s,1.1067999s,15050,378,1
2.9098896s,1.3962854s,9.7681892s,14954,378,1
2.7257696s,1.2008255s,6.8427324s,14962,378,1
2.4178192s,1.2265803s,7.1506828s,14994,378,1
2.8209072s,1.3746152s,9.8630155s,14934,378,1
3.1154207s,1.3042739s,9.568502s,14930,378,1
2.9218802s,1.0679584s,3.722566s,15026,378,1
2.9240558s,1.2344358s,6.6444462s,14982,378,1
2.2198469s,1.0427193s,4.4275198s,15002,378,1
2.3236993s,1.0816246s,10.3696538s,14958,378,1
3.1331109s,1.4692778s,3.5220526s,15014,378,1
2.433562s,1.0222663s,4.2216015s,15018,378,1
2.5254875s,1.1233694s,1.0047406s,15046,378,1
2.5251062s,1.0380547s,1.0051219s,15070,378,1
2.5254875s,1.135506s,1.0047406s,15058,378,1
2.5437855s,1.2861862s,4.122789s,15006,378,1
2.2438796s,1.1262981s,4.4287664s,15030,378,1
2.2487203s,1.0810221s,7.3479815s,14998,378,1
2.4290768s,1.1111696s,3.2212012s,15016,377,3
2.6456859s,1.2811007s,5.7329938s,14992,377,3
2.5402366s,1.1670996s,5.8384431s,14980,377,3
2.3606333s,1.1616178s,9.0602042s,14944,377,3
2.6501481s,1.3406823s,5.7331399s,14984,377,3
2.6413407s,1.1885364s,3.0164772s,15020,377,3
2.6413407s,1.2761672s,3.0164772s,15040,377,3
2.4602784s,1.1585081s,5.9319511s,14964,377,3
2.5435588s,1.1217256s,11.7692774s,14912,377,3
2.485452s,1.2616573s,8.9553856s,14952,377,3
2.5657529s,1.4680702s,5.837482s,14988,377,3
2.6969103s,1.1134452s,8.7532169s,14932,377,3
2.55035s,1.0895807s,11.7717758s,14904,377,3
2.5693484s,1.1736667s,3.1185774s,15008,377,3
2.7703164s,1.0590336s,2.9176094s,15036,377,3
2.4817212s,1.2785489s,5.9392327s,15000,377,3
2.2995765s,1.236105s,201.4697ms,15052,377,3
2.5726965s,1.073966s,11.7727095s,14900,377,3
2.5723038s,1.4875308s,11.7731022s,14896,377,3
2.8719986s,1.3659802s,11.4734074s,14888,377,3
2.7189187s,1.4480012s,8.7558187s,14948,377,3
2.6226741s,1.1967786s,8.8520633s,14936,377,3
2.7918378s,1.3277519s,2.9178667s,15028,377,3
2.5827862s,1.2450601s,11.7735433s,14908,377,3
2.5274544s,1.3194196s,8.9568765s,14924,377,3
3.2014545s,1.4832662s,2.5181677s,15012,377,3
2.9352685s,1.4335753s,8.5538497s,14956,377,3
2.6135245s,1.3568659s,5.8371533s,14972,377,3
2.3171948s,1.1784922s,6.1348028s,14976,377,3
2.4267471s,1.2464917s,100.7306ms,15044,377,3
2.4076994s,1.1327299s,3.3212328s,15032,377,3
2.7945946s,1.1022667s,11.5765774s,14920,377,3
3.0421578s,1.4767789s,8.4575584s,14928,377,3
2.7172427s,1.0261628s,3.014816s,15004,377,3
2.6546539s,1.1155896s,8.8521679s,14960,377,3
2.7273382s,1.477624s,5.7369644s,14996,377,3
2.4286883s,1.2006788s,6.0359757s,14968,377,3
2.559078s,1.3703868s,8.9562077s,14940,377,3
2.5252658s,1.1284867s,3.2205239s,15024,377,3
2.2466681s,1.0866545s,301.4394ms,15080,377,3
2.6591343s,1.0113157s,0s,15072,377,3
2.6648177s,1.0616166s,0s,15064,377,3
2.7431606s,1.2029348s,0s,15056,377,3
2.8820422s,1.4690833s,0s,15060,377,3
2.9102145s,1.2697707s,0s,15076,377,3
2.9311548s,1.3277788s,0s,15048,377,3
3.0794691s,1.3897398s,8.0523815s,15003,379,2
2.7134556s,1.0745454s,11.4704694s,14991,379,2
2.6800122s,1.3606946s,8.4518384s,15031,379,2
2.7178312s,1.2410653s,11.4689672s,14983,379,2
2.702347s,1.0078078s,5.3319006s,15043,379,2
2.8861806s,1.49436s,8.2490109s,15039,379,2
2.7901558s,1.2393716s,8.3511304s,15011,379,2
2.775369s,1.4698985s,2.3144527s,15083,379,2
3.1009439s,1.4423587s,8.0490837s,15007,379,2
2.5314362s,1.2429374s,11.6710071s,14971,379,2
2.7020426s,1.0772899s,8.4546957s,15035,379,2
2.7862879s,1.3090007s,2.3148896s,15119,379,2
2.3863094s,1.1535441s,2.715363s,15099,379,2
2.1254797s,1.0027186s,5.9382048s,15071,379,2
2.8295356s,1.1616804s,5.2344901s,15063,379,2
2.8935918s,1.1361292s,2.2140088s,15103,379,2
2.8469874s,1.3074146s,11.3703979s,14967,379,2
2.3924639s,1.051869s,2.7169126s,15115,379,2
2.3362263s,1.2864297s,5.7349776s,15059,379,2
3.0524157s,1.188717s,11.1721478s,14979,379,2
2.4489301s,1.3087677s,11.7756334s,14987,379,2
2.9572423s,1.053361s,11.2751437s,14975,379,2
2.4401393s,1.0781308s,5.6388871s,15067,379,2
2.4684008s,1.390877s,11.7686824s,14963,379,2
2.4506673s,1.1924311s,5.6330563s,15047,379,2
2.733997s,1.4463188s,8.451142s,15027,379,2
2.3288463s,1.1946543s,8.8558212s,15015,379,2
2.9568635s,1.3532433s,5.1295623s,15075,379,2
2.5209556s,1.4052848s,2.6137633s,15095,379,2
2.7291775s,1.2612165s,2.4157223s,15111,379,2
2.8518904s,1.0475893s,8.3508168s,15023,379,2
3.0562824s,1.445094s,8.1479539s,15019,379,2
2.835794s,1.3263663s,2.3150107s,15091,379,2
2.7765695s,1.4584042s,5.3310987s,15079,379,2
3.1379612s,1.4386935s,2.0128435s,15107,379,2
2.5961694s,1.082419s,11.6731535s,14995,379,2
2.5857316s,1.3315607s,5.5351339s,15051,379,2
2.8929317s,1.1424048s,5.230569s,15055,379,2
2.8571491s,1.1895929s,2.3135501s,15087,379,2
2.1152351s,1.0601491s,0s,15123,379,2
2.2667807s,1.1064005s,0s,15139,379,2
2.3688156s,1.0386062s,0s,15135,379,2
2.4144954s,1.0349227s,0s,15143,379,2
2.4223176s,1.2244947s,7.3436074s,15073,380,0
3.1570448s,1.4691318s,9.765925s,15005,380,0
2.7618807s,1.3797521s,10.1610891s,15009,380,0
2.3495593s,1.0653229s,4.4332587s,15089,380,0
2.2037093s,1.0827352s,1.6090864s,15153,380,0
2.1256894s,1.0267376s,7.6497919s,15045,380,0
2.7278112s,1.2244947s,7.0476701s,15065,380,0
2.7090729s,1.395543s,1.1069046s,15129,380,0
2.7751145s,1.4695892s,4.0210482s,15093,380,0
2.9777935s,1.3991606s,3.8219141s,15113,380,0
2.8153293s,1.1307149s,1.0090253s,15121,380,0
2.6244689s,1.3292955s,1.2063889s,15157,380,0
2.5853244s,1.4366305s,4.2233269s,15105,380,0
2.6537748s,1.0958125s,7.1448694s,15049,380,0
2.5937578s,1.2931564s,4.2241838s,15109,380,0
2.2929112s,1.1638333s,10.6651822s,15029,380,0
2.6972587s,1.4691318s,10.2608347s,15017,380,0
2.8999183s,1.4377765s,10.0629309s,15013,380,0
2.7968986s,1.4782375s,4.0253197s,15085,380,0
2.1967417s,1.121259s,10.7661075s,15021,380,0
3.1048715s,1.3322144s,9.8579777s,15025,380,0
2.9399208s,1.4301606s,905.0864ms,15137,380,0
2.8657096s,1.2806186s,6.9456499s,15057,380,0
2.8657096s,1.3495228s,6.9456499s,15041,380,0
2.0731215s,1.0366556s,7.7443271s,15053,380,0
2.6144737s,1.31562s,10.3654885s,15001,380,0
2.5198901s,1.0400369s,10.4600721s,15033,380,0
2.7809296s,1.3650436s,7.043256s,15069,380,0
2.983107s,1.3304214s,6.8410786s,15077,380,0
2.9189988s,1.4893922s,3.9220798s,15081,380,0
2.8287094s,1.2205472s,4.0264208s,15097,380,0
2.6283353s,1.0320073s,4.2267949s,15101,380,0
2.5709665s,1.2949095s,1.3086368s,15133,380,0
2.5709665s,1.2428591s,1.3086368s,15145,380,0
2.6794709s,1.491479s,1.2084226s,15149,380,0
2.9430886s,1.4441939s,10.063137s,15037,380,0
2.7827813s,1.4875725s,1.1073867s,15141,380,0
2.5495393s,1.0248946s,4.3237802s,15117,380,0
2.211155s,1.1586426s,7.6452715s,15061,380,0
2.5904604s,1.345104s,1.3086919s,15125,380,0
3.1881238s,1.3239097s,4.5310477s,15190,382,1
2.793467s,1.1276367s,10.9722512s,15082,382,1
2.8458511s,1.4161019s,7.9515541s,15130,382,1
2.181002s,1.0864146s,5.5381695s,15198,382,1
2.2955566s,1.0077183s,11.4727149s,15110,382,1
2.2000311s,1.0164219s,11.5686787s,15118,382,1
2.8241617s,1.2025581s,1.7131222s,15218,382,1
2.3926492s,1.0540274s,11.3821991s,15098,382,1
2.3930214s,1.1955144s,5.3384245s,15166,382,1
3.0386742s,1.3820964s,1.5106223s,15202,382,1
3.0386742s,1.2966888s,1.5106223s,15222,382,1
2.5355484s,1.4131895s,2.0137481s,15230,382,1
2.4039118s,1.37503s,5.335128s,15174,382,1
2.4147733s,1.1245399s,5.3342894s,15162,382,1
2.4143457s,1.2233927s,5.334717s,15194,382,1
3.0782337s,1.2010113s,7.7490627s,15142,382,1
2.6243046s,1.182682s,11.1757215s,15086,382,1
2.3812768s,1.2121833s,8.4540038s,15158,382,1
2.3220044s,1.156572s,5.4350425s,15178,382,1
2.8271796s,1.4132204s,4.9339561s,15182,382,1
2.6904556s,1.4610588s,8.1543584s,15150,382,1
2.3882295s,1.04039s,8.4589525s,15126,382,1
2.7927872s,1.4094568s,8.0543948s,15134,382,1
2.7421599s,1.2365392s,5.0340435s,15186,382,1
2.6502953s,1.3216839s,11.1724548s,15094,382,1
2.5783093s,1.4584761s,2.0131176s,15226,382,1
3.0135382s,1.2477447s,7.8442462s,15146,382,1
2.8484479s,1.4388727s,4.9307724s,15170,382,1
2.3781347s,1.3053591s,2.2132922s,15206,382,1
2.9851214s,1.3475366s,1.6121337s,15234,382,1
2.7687157s,1.3947118s,11.0651446s,15102,382,1
2.8174704s,1.2010113s,8.0480769s,15138,382,1
2.968313s,1.4391853s,10.8655473s,15106,382,1
2.5607827s,1.3275071s,11.2730776s,15090,382,1
2.7792234s,1.4053884s,11.0704142s,15114,382,1
3.0064444s,1.2454359s,1.6103991s,15210,382,1
2.5032853s,1.3696057s,2.1135582s,15214,382,1
2.7068735s,1.2882928s,1.913442s,15238,382,1
2.4313601s,1.2854736s,8.4594877s,15154,382,1
2.4313601s,1.2747604s,8.4594877s,15122,382,1
2.4083003s,1.1598361s,2.7156907s,15164,381,3
2.6123124s,1.2078472s,2.5152853s,15192,381,3
2.6123124s,1.3347192s,2.5162621s,15188,381,3
2.8166205s,1.4705986s,2.3162124s,15180,381,3
3.0104122s,1.2088979s,8.3581084s,15104,381,3
3.2229624s,1.3438108s,5.137119s,15128,381,3
2.3227419s,1.1766352s,2.8189362s,15176,381,3
3.0062384s,1.4452572s,11.3750527s,15068,381,3
2.3316068s,1.0269127s,6.0383783s,15160,381,3
2.1302826s,1.0203185s,6.2397025s,15152,381,3
2.7352792s,1.3802033s,5.6419395s,15148,381,3
2.8419561s,1.3144247s,8.5510051s,15096,381,3
2.6490929s,1.0203185s,5.7368004s,15124,381,3
2.9436387s,1.2649005s,8.4526668s,15084,381,3
2.3523568s,1.2101688s,9.0548744s,15116,381,3
2.3592985s,1.1328545s,9.0479327s,15112,381,3
2.7624523s,1.1436125s,2.4118528s,15196,381,3
2.5588144s,1.2709377s,2.6150422s,15172,381,3
2.5526209s,1.0495212s,8.8550588s,15120,381,3
2.4620021s,1.2822179s,2.7165407s,15200,381,3
2.9660664s,1.3063107s,2.2124764s,15184,381,3
2.8677011s,1.4247117s,5.5378178s,15140,381,3
3.1689076s,1.3835861s,5.2366113s,15144,381,3
2.5631963s,1.3798244s,8.8635879s,15088,381,3
2.6767738s,1.3137399s,2.5166358s,15168,381,3
2.4792278s,1.0034434s,5.940725s,15132,381,3
2.4792278s,1.0862152s,5.9463114s,15136,381,3
2.4788931s,1.4107216s,8.9625663s,15108,381,3
2.9857548s,1.4552619s,8.4557046s,15100,381,3
2.4827761s,1.0997028s,8.9586833s,15092,381,3
3.008412s,1.3658143s,5.4364172s,15156,381,3
2.3228834s,1.0623604s,0s,15240,381,3
2.4418865s,1.0306467s,0s,15224,381,3
2.5425038s,1.1715701s,0s,15208,381,3
2.5791323s,1.0406264s,0s,15228,381,3
2.5962532s,1.159435s,0s,15216,381,3
2.8932276s,1.3036136s,2.6139249s,15279,383,2
2.8124829s,1.045381s,9.0600579s,15175,383,2
2.4303268s,1.0106771s,6.1366917s,15223,383,2
2.8365383s,1.3912197s,5.7362628s,15211,383,2
2.953452s,1.2738073s,11.8783234s,15147,383,2
2.3286781s,1.0516731s,9.5595395s,15187,383,2
2.6674665s,1.2715447s,12.1801377s,15151,383,2
2.3384055s,1.1967398s,301.6741ms,15307,383,2
2.3384055s,1.1291509s,301.6741ms,15311,383,2
2.5426396s,1.1075686s,100.524ms,15295,383,2
2.8579706s,1.4187291s,5.7402121s,15239,383,2
2.4673755s,1.1576614s,12.3897815s,15159,383,2
2.7734155s,1.2811575s,12.0837415s,15155,383,2
3.059866s,1.2573432s,5.5386992s,15227,383,2
2.5571655s,1.262804s,6.0413997s,15231,383,2
2.1424421s,1.1256524s,9.7651653s,15191,383,2
2.3246161s,1.1457881s,3.2206859s,15255,383,2
2.5266754s,1.1896964s,3.0186266s,15275,383,2
2.4729945s,1.3322731s,6.1366375s,15207,383,2
2.4308237s,1.3269451s,3.1189423s,15271,383,2
2.6630125s,1.3910624s,9.2575315s,15171,383,2
2.7369128s,1.4260426s,2.8182429s,15251,383,2
2.6630125s,1.3447304s,9.2575315s,15179,383,2
2.6396955s,1.1877762s,2.9176143s,15243,383,2
2.565893s,1.4864629s,9.360689s,15167,383,2
2.707783s,1.3343316s,12.1771942s,15127,383,2
2.3460433s,1.1134338s,3.2200936s,15247,383,2
2.2918964s,1.1920558s,6.3398349s,15219,383,2
2.6810842s,1.0098243s,0s,15315,383,2
2.756461s,1.4696352s,2.8178508s,15267,383,2
2.1862705s,1.0956611s,9.7563825s,15163,383,2
2.6840456s,1.4841989s,9.2586074s,15195,383,2
2.600214s,1.3591437s,6.0369167s,15215,383,2
2.5575805s,1.0329762s,3.0196842s,15263,383,2
2.6259753s,1.2006776s,12.2701297s,15131,383,2
2.4807855s,1.1491948s,9.4618675s,15183,383,2
2.600214s,1.1845436s,6.0369167s,15203,383,2
2.3656363s,1.057863s,3.2178179s,15259,383,2
2.4899422s,1.0121066s,200.8632ms,15303,383,2
3.3055223s,1.4358109s,8.6540414s,15199,383,2
2.6213696s,1.083699s,6.044845s,15235,383,2
2.786836s,1.2473606s,0s,15299,383,2
2.7974611s,1.3309502s,0s,15287,383,2
2.8190761s,1.1992187s,0s,15319,383,2
2.8505324s,1.1607492s,0s,15283,383,2
2.2571812s,1.0021737s,11.1794966s,15169,384,0
2.363992s,1.0145507s,11.0726858s,15193,384,0
2.8040531s,1.1246454s,1.4072864s,15289,384,0
2.911387s,1.3978264s,7.7506014s,15213,384,0
2.5077052s,1.1995051s,1.7088728s,15313,384,0
2.3140349s,1.2405523s,5.0297838s,15273,384,0
3.3234082s,1.4183398s,7.3438187s,15217,384,0
2.7086792s,1.2174577s,1.5078988s,15305,384,0
2.7818681s,1.4849297s,10.6672269s,15185,384,0
2.8250377s,1.4972775s,7.8496128s,15209,384,0
2.6213806s,1.2977465s,4.7298617s,15241,384,0
2.4178829s,1.0487877s,4.9333594s,15249,384,0
3.1272407s,1.4565953s,4.226918s,15245,384,0
2.5181301s,1.1068405s,1.7087879s,15293,384,0
3.0195868s,1.2666773s,1.2073312s,15285,384,0
2.2268208s,1.046004s,5.1344843s,15269,384,0
2.4391262s,1.0800258s,4.9289722s,15257,384,0
3.0420544s,1.408586s,4.326044s,15253,384,0
2.7053598s,1.4359632s,10.7680149s,15161,384,0
2.7511734s,1.2720566s,7.9455551s,15229,384,0
2.2485136s,1.0248233s,8.4550668s,15237,384,0
2.6211803s,1.4445769s,10.8642682s,15173,384,0
2.1638158s,1.0223617s,8.550292s,15221,384,0
2.2244213s,1.048478s,11.2715546s,15181,384,0
2.6657124s,1.1067105s,8.0489592s,15201,384,0
2.6576095s,1.4781858s,1.6095495s,15301,384,0
2.664312s,1.317092s,4.7300877s,15277,384,0
2.5650419s,1.1107113s,4.8293578s,15265,384,0
2.6424834s,1.2905107s,10.8654881s,15197,384,0
2.2699643s,1.0497129s,8.4561391s,15225,384,0
2.633049s,1.0869637s,10.8754414s,15189,384,0
2.7719637s,1.2905807s,7.9546586s,15205,384,0
2.3424327s,1.1326899s,11.1726616s,15177,384,0
2.4750695s,1.3258665s,1.8118011s,15281,384,0
2.6849994s,1.0285802s,4.7291119s,15261,384,0
2.5836506s,1.4675047s,1.7107638s,15317,384,0
2.4857606s,1.2734065s,1.8119069s,15309,384,0
2.6982724s,1.0026981s,8.050044s,15233,384,0
2.4857606s,1.1609913s,1.8119069s,15297,384,0
2.5570104s,1.2182757s,10.9731741s,15165,384,0
2.8571597s,1.4557542s,10.2664249s,15254,386,1
2.3645477s,1.2709294s,10.7665958s,15242,386,1
2.6595894s,1.3563623s,10.4712296s,15278,386,1
2.493891s,1.263077s,7.54546s,15306,386,1
2.288576s,1.0052708s,1.6088354s,15390,386,1
2.5050226s,1.0278204s,7.5458092s,15310,386,1
2.6102314s,1.3071433s,4.4279829s,15338,386,1
2.5050226s,1.0265943s,7.5458092s,15290,386,1
2.2120245s,1.0100797s,4.8293954s,15326,386,1
2.6015793s,1.3604117s,1.3087475s,15382,386,1
3.0126175s,1.3103271s,7.0453537s,15298,386,1
2.7841679s,1.4345653s,10.3695428s,15262,386,1
2.9224782s,1.2499463s,4.1244843s,15350,386,1
3.0957395s,1.3576507s,10.0608622s,15270,386,1
2.9994116s,1.1987392s,10.1571901s,15266,386,1
2.8946986s,1.2179311s,10.2619031s,15246,386,1
2.9136976s,1.4412821s,1.0065152s,15362,386,1
2.61259s,1.0526163s,1.309539s,15370,386,1
2.1139829s,1.0075188s,1.8117639s,15366,386,1
3.1310931s,1.2872763s,3.9257468s,15330,386,1
2.7033301s,1.2153536s,10.4638871s,15274,386,1
2.8320956s,1.0630303s,7.2427989s,15302,386,1
2.3199077s,1.0900588s,1.6112762s,15394,386,1
2.8386976s,1.3469964s,4.2235794s,15322,386,1
2.6315862s,1.0314559s,7.4437507s,15294,386,1
2.8320956s,1.0440713s,7.2491865s,15282,386,1
2.3305729s,1.048623s,1.6096503s,15398,386,1
2.9490224s,1.3859161s,4.1239466s,15342,386,1
2.7472858s,1.077632s,7.3453774s,15286,386,1
2.5580264s,1.2340364s,4.5292994s,15354,386,1
2.9267899s,1.3786094s,10.2692007s,15258,386,1
2.9518304s,1.3208876s,1.0076402s,15386,386,1
2.6629788s,1.48218s,7.4426202s,15314,386,1
2.8559537s,1.2794675s,1.1059347s,15374,386,1
2.3565013s,1.0174366s,7.7490977s,15318,386,1
2.735334s,1.46291s,10.4660045s,15250,386,1
2.3693506s,1.1415327s,4.7304801s,15346,386,1
2.8742339s,1.1217402s,4.2255968s,15334,386,1
2.3622394s,1.0147322s,1.6123887s,15378,386,1
2.8802112s,1.0188911s,4.2258243s,15358,386,1
2.7439119s,1.3424302s,2.2124301s,15336,385,3
2.747725s,1.3948333s,2.2112347s,15332,385,3
2.8487893s,1.0885942s,11.5701026s,15204,385,3
2.4607251s,1.0625678s,2.5145171s,15344,385,3
2.7060626s,1.3421841s,8.6554826s,15280,385,3
2.5031688s,1.3284885s,8.8583764s,15260,385,3
3.2076351s,1.3758143s,8.1539101s,15244,385,3
2.4253552s,1.2932695s,5.7345779s,15296,385,3
2.7285288s,1.0758257s,5.4314043s,15292,385,3
2.7698009s,1.2724218s,2.2114643s,15324,385,3
2.674311s,1.3443179s,2.3146248s,15328,385,3
2.2195537s,1.1551075s,9.1573707s,15256,385,3
3.071471s,1.3507677s,11.3769244s,15220,385,3
2.4194565s,1.0199542s,8.9574679s,15248,385,3
3.0428767s,1.2920883s,5.1301004s,15316,385,3
2.123707s,1.0257915s,9.2569052s,15264,385,3
2.8776022s,1.3676625s,11.574481s,15236,385,3
2.6307068s,1.1672609s,8.7499054s,15252,385,3
2.4301845s,1.0040259s,8.9504277s,15272,385,3
2.6807441s,1.2265978s,2.3135651s,15340,385,3
2.6846111s,1.0064643s,2.3129002s,15352,385,3
2.5483223s,1.1648285s,5.632829s,15284,385,3
2.8922877s,1.2607567s,11.5734559s,15212,385,3
2.6951895s,1.1249823s,2.3127801s,15348,385,3
2.7921922s,1.3783388s,11.6735514s,15232,385,3
2.5637692s,1.1670173s,5.6344954s,15320,385,3
3.0169069s,1.4717962s,2.0135505s,15360,385,3
3.1786679s,1.410144s,5.0304574s,15300,385,3
3.0695285s,1.357984s,8.3502936s,15268,385,3
2.8649623s,1.0004707s,8.5548598s,15276,385,3
2.4789716s,1.2512038s,5.7332154s,15312,385,3
2.6808039s,1.2873844s,5.5313831s,15304,385,3
2.7787845s,1.1577591s,5.4334025s,15308,385,3
2.8224044s,1.3318672s,2.2111147s,15356,385,3
2.1852184s,1.0649518s,6.0362676s,15288,385,3
2.247038s,1.1744137s,0s,15392,385,3
2.2975912s,1.1543606s,0s,15380,385,3
2.4881203s,1.1936556s,3.1228706s,15403,387,2
2.6520979s,1.4059044s,5.836506s,15399,387,2
2.705847s,1.3733345s,8.856484s,15335,387,2
2.3616131s,1.0680576s,6.140574s,15391,387,2
2.517098s,1.2843242s,9.0562277s,15343,387,2
2.5019098s,1.145915s,3.1226643s,15427,387,2
3.1220128s,1.2787703s,11.5733257s,15291,387,2
2.7065265s,1.2686183s,2.9191985s,15419,387,2
3.0254126s,1.4530397s,8.5540914s,15359,387,2
2.774188s,1.1166905s,5.7341774s,15375,387,2
2.8136118s,1.4834361s,2.8171406s,15411,387,2
2.9284351s,1.2037222s,8.6573664s,15351,387,2
2.9203244s,1.1866042s,2.7167255s,15407,387,2
2.877613s,1.2694113s,5.6370499s,15371,387,2
3.0267702s,1.4211875s,2.6209091s,15435,387,2
2.6839965s,1.3605125s,5.8412958s,15363,387,2
2.624614s,1.4364291s,0s,15467,387,2
2.624614s,1.3518349s,0s,15443,387,2
2.5939616s,1.347354s,5.9386537s,15367,387,2
2.6305018s,1.083551s,0s,15459,387,2
2.7589102s,1.2315729s,8.8548657s,15355,387,2
3.0711386s,1.4173256s,8.552374s,15339,387,2
3.0711386s,1.4911932s,8.552374s,15331,387,2
2.6762217s,1.3335525s,8.9531933s,15323,387,2
2.3616434s,1.0315336s,3.31902s,15415,387,2
2.3546298s,1.1703646s,302.8735ms,15471,387,2
2.4308569s,1.2901631s,6.1364088s,15383,387,2
2.2245138s,1.0382537s,6.3427519s,15387,387,2
2.1817429s,1.0702697s,9.461051s,15327,387,2
2.7769456s,1.4486052s,2.9233356s,15431,387,2
2.3893185s,1.1624806s,9.2597143s,15347,387,2
2.5413453s,1.3895766s,6.0375538s,15395,387,2
2.9885294s,1.3188896s,2.7166519s,15423,387,2
2.6467265s,1.2576968s,5.9360678s,15379,387,2
2.8889275s,1.2740827s,2.8162538s,15439,387,2
2.6981604s,1.4463865s,0s,15475,387,2
2.7411155s,1.3207197s,0s,15463,387,2
2.7411155s,1.3892405s,0s,15455,387,2
2.7730366s,1.1164284s,0s,15451,387,2
2.9546738s,1.4730583s,0s,15479,387,2
2.6078164s,1.2905506s,2.8176262s,15477,388,0
2.5567249s,1.1077377s,5.837873s,15405,388,0
2.7693087s,1.1482398s,8.5573886s,15361,388,0
2.7756214s,1.3794069s,11.4696994s,15357,388,0
2.9662975s,1.4734046s,5.4363689s,15401,388,0
2.1590851s,1.0757028s,6.2435813s,15433,388,0
2.6733649s,1.0172789s,5.7408906s,15409,388,0
2.3317783s,1.0604983s,3.1185622s,15465,388,0
2.7854728s,1.2492282s,8.5583171s,15365,388,0
2.7917543s,1.0880039s,11.4766481s,15345,388,0
2.7473284s,1.4342324s,2.7155012s,15457,388,0
2.7473284s,1.2540929s,2.7155012s,15449,388,0
2.5957014s,1.0797749s,8.7574566s,15393,388,0
2.6943427s,1.3630621s,5.7381303s,15437,388,0
2.3015157s,1.1812125s,11.9736117s,15349,388,0
2.6505795s,1.1930639s,2.815596s,15461,388,0
2.807691s,1.4297921s,8.5582442s,15377,388,0
2.6113325s,1.2438721s,11.6732262s,15321,388,0
2.9186235s,1.4470476s,11.3659352s,15333,388,0
2.7113297s,1.4543259s,8.6546055s,15385,388,0
2.6037294s,1.0421193s,5.8381749s,15421,388,0
2.8110407s,1.117842s,8.5548945s,15397,388,0
2.5167914s,1.0639657s,11.7757805s,15341,388,0
2.4060292s,1.1646327s,6.0438883s,15429,388,0
2.5143248s,1.1290499s,8.8605798s,15381,388,0
2.9240309s,1.1434628s,8.4508737s,15373,388,0
2.2664399s,1.0594178s,3.2181363s,15469,388,0
2.4212741s,1.075013s,11.872254s,15337,388,0
2.6276157s,1.4007031s,8.7518073s,15369,388,0
2.5757438s,1.0161225s,2.9190576s,15445,388,0
2.5250976s,1.2615587s,5.9360013s,15425,388,0
2.7309848s,1.328481s,5.7349289s,15413,388,0
2.1316141s,1.0401401s,12.176954s,15325,388,0
2.9887087s,1.4769055s,2.5145595s,15453,388,0
3.0947612s,1.3776569s,2.4149153s,15473,388,0
2.4423241s,1.1740007s,11.8763043s,15329,388,0
2.3943467s,1.3540769s,3.1173586s,15441,388,0
2.651929s,1.2046961s,8.7501047s,15389,388,0
2.5461028s,1.2906847s,5.9319s,15417,388,0
2.654786s,1.2563866s,11.6658712s,15353,388,0
2.4872737s,1.065637s,0s,15481,388,0
2.4968929s,1.2998394s,0s,15501,388,0
2.5158307s,1.4022459s,0s,15489,388,0
2.5607193s,1.0016448s,0s,15509,388,0
2.6596297s,1.3872145s,0s,15493,388,0
2.6754515s,1.4036797s,0s,15513,388,0
2.7327637s,1.4407726s,0s,15505,388,0
2.7588985s,1.436103s,0s,15497,388,0
2.8217492s,1.3034632s,0s,15517,388,0
2.5732737s,1.1680321s,4.8306453s,15456,389,3
2.6517931s,1.3201301s,10.7689426s,15384,389,3
2.5997362s,1.2946406s,1.8121406s,15516,389,3
3.0037587s,1.3621475s,1.4081181s,15496,389,3
2.1777819s,1.1258604s,5.231342s,15472,389,3
2.6547701s,1.3750055s,7.8509683s,15440,389,3
2.5584837s,1.0028846s,7.9472547s,15428,389,3
2.4105718s,1.196313s,2.0116591s,15512,389,3
2.9941065s,1.4502158s,4.4267164s,15468,389,3
2.5267766s,1.0047158s,1.9099395s,15484,389,3
3.0831597s,1.4209786s,7.4470042s,15404,389,3
2.5325441s,1.0442277s,1.9115896s,15508,389,3
2.6836564s,1.3201301s,10.7712812s,15396,389,3
2.8886869s,1.4157703s,10.5662507s,15376,389,3
2.6879121s,1.0547511s,7.8461335s,15436,389,3
3.0938604s,1.463657s,7.4461749s,15432,389,3
2.5925708s,1.2972843s,7.9474645s,15412,389,3
2.7195816s,1.1326414s,4.7320415s,15464,389,3
3.0514909s,1.36522s,1.4072754s,15488,389,3
2.9062299s,1.4404338s,10.5644512s,15364,389,3
2.5248679s,1.3830487s,4.9310608s,15460,389,3
3.0624738s,1.4515456s,1.4087997s,15504,389,3
2.8202376s,1.4090589s,10.6629202s,15400,389,3
2.920892s,1.497915s,10.5640265s,15368,389,3
2.6439357s,1.4207386s,4.8262304s,15444,389,3
2.344273s,1.0604161s,5.1258931s,15480,389,3
2.5416626s,1.3603664s,4.9285035s,15476,389,3
2.5457176s,1.3830487s,4.9294343s,15448,389,3
2.3684658s,1.145722s,2.1148595s,15520,389,3
2.2728065s,1.1340268s,2.2109133s,15500,389,3
2.5736974s,1.4411677s,1.9100224s,15492,389,3
2.6576324s,1.1307603s,4.8303119s,15452,389,3
2.7351388s,1.1870264s,10.7705307s,15388,389,3
2.7351388s,1.4618614s,10.7705307s,15372,389,3
2.7407459s,1.3398787s,7.8505315s,15408,389,3
2.645466s,1.293056s,7.9458114s,15424,389,3
2.645466s,1.3058014s,7.9458114s,15420,389,3
2.739672s,1.1099342s,7.8516054s,15416,389,3
2.3912496s,1.0283293s,8.756934s,15478,390,1
2.4720854s,1.0821523s,2.6149682s,15546,390,1
2.6839769s,1.3484627s,5.433524s,15506,390,1
2.8872106s,1.1692261s,5.2332236s,15490,390,1
2.7239692s,1.2493512s,11.6731633s,15434,390,1
2.6800439s,1.030831s,2.4162046s,15522,390,1
2.8004053s,1.2232681s,5.3335764s,15494,390,1
2.8910424s,1.2864042s,2.212492s,15550,390,1
2.9907932s,1.398865s,2.1127412s,15534,390,1
2.7970964s,1.4977797s,5.3368853s,15518,390,1
2.7895385s,1.0705886s,2.3139959s,15530,390,1
3.0088765s,1.4905508s,5.1269745s,15482,390,1
3.2460156s,1.4923819s,11.1665337s,15402,390,1
2.4134352s,1.0832687s,8.7536571s,15466,390,1
2.8183578s,1.4343091s,8.3487345s,15462,390,1
2.5097371s,1.1329458s,5.6364896s,15514,390,1
3.0306827s,1.4087954s,8.1493617s,15458,390,1
2.7478629s,1.0377371s,11.6781971s,15426,390,1
2.2472065s,1.1606811s,12.1788535s,15414,390,1
2.5040303s,1.1436524s,2.6148841s,15558,390,1
2.6385064s,1.0530232s,8.5508452s,15450,390,1
3.0304473s,1.4905508s,5.1308002s,15510,390,1
2.8400033s,1.2995664s,8.3519269s,15454,390,1
2.7443095s,1.086894s,8.4549003s,15446,390,1
2.7767958s,1.0177083s,11.67786s,15438,390,1
2.6318931s,1.2514383s,2.5156171s,15538,390,1
2.8840697s,1.1864905s,11.5705861s,15422,390,1
2.851791s,1.4905508s,5.3337191s,15498,390,1
2.4662661s,1.3847858s,8.7519781s,15442,390,1
3.1890147s,1.3164109s,11.2752451s,15418,390,1
2.4453416s,1.1914946s,2.7140704s,15526,390,1
2.8943735s,1.4913978s,11.5751093s,15430,390,1
2.366292s,1.0775878s,8.8571752s,15470,390,1
2.4904611s,1.1606811s,11.9790217s,15406,390,1
2.3580017s,1.1409841s,5.8347828s,15502,390,1
2.5528843s,1.4373192s,2.6138266s,15554,390,1
2.8060801s,1.212871s,11.6722518s,15410,390,1
2.558061s,1.2253703s,2.6131253s,15542,390,1
2.6890416s,1.3682504s,8.5524929s,15474,390,1
2.374371s,1.2631682s,5.8364808s,15486,390,1
2.3170504s,1.1071851s,0s,15598,390,1
2.4013715s,1.2756112s,0s,15578,390,1
2.425026s,1.0260207s,0s,15570,390,1
2.4538054s,1.1493429s,0s,15590,390,1
2.4850849s,1.0832907s,0s,15574,390,1
2.646841s,1.2995342s,2.6177384s,15579,391,2
2.646841s,1.0858232s,2.6177384s,15571,391,2
2.4682225s,1.3996135s,6.2416384s,15535,391,2
3.0553227s,1.4423988s,2.2145696s,15591,391,2
2.6759898s,1.0846301s,8.8571894s,15507,391,2
3.0630014s,1.324073s,2.2146275s,15567,391,2
2.6837453s,1.0490654s,8.8511599s,15519,391,2
2.3831205s,1.2577573s,6.3376857s,15531,391,2
2.7788614s,1.1738699s,8.7560438s,15511,391,2
2.7859186s,1.2735128s,5.9367829s,15543,391,2
2.7725643s,1.4709248s,2.5145387s,15587,391,2
2.9784116s,1.4830615s,2.3138679s,15599,391,2
2.7016682s,1.2134482s,6.0350373s,15523,391,2
2.6017915s,1.2258764s,8.9529164s,15503,391,2
2.4984288s,1.2748318s,9.0562791s,15499,391,2
2.3040321s,1.1696565s,6.4379316s,15547,391,2
2.1904043s,1.1157373s,3.1175864s,15563,391,2
2.6168932s,1.1615923s,6.134561s,15539,391,2
2.293126s,1.2278542s,3.0168769s,15595,391,2
2.1464337s,1.0076413s,100.5678ms,15639,391,2
2.814099s,1.4113985s,8.7514542s,15495,391,2
3.1651367s,1.3118898s,11.5726896s,15447,391,2
2.1157836s,1.0280305s,9.456906s,15483,391,2
2.4104808s,1.0683696s,2.9212179s,15575,391,2
2.3246312s,1.1024304s,6.4485188s,15555,391,2
3.4409043s,1.4817099s,5.3349924s,15551,391,2
2.9495729s,1.2297369s,5.841975s,15559,391,2
2.7544474s,1.0188082s,6.0396163s,15527,391,2
2.7519445s,1.3177248s,8.8562182s,15487,391,2
2.7511538s,1.4329219s,8.8570089s,15491,391,2
2.4560335s,1.3148724s,9.1543942s,15515,391,2
2.6364895s,1.3751702s,2.7187064s,15583,391,2
2.4943946s,1.0135575s,0s,15627,391,2
2.6127034s,1.2637015s,0s,15611,391,2
2.6617612s,1.1946852s,0s,15631,391,2
2.6617612s,1.1863219s,0s,15603,391,2
2.6656317s,1.2765643s,0s,15635,391,2
2.6866763s,1.352772s,0s,15615,391,2
2.8336071s,1.1520755s,5.8461866s,15569,392,0
2.9996775s,1.3295095s,2.4154166s,15617,392,0
2.9955983s,1.4593003s,2.420093s,15609,392,0
3.0599382s,1.4127223s,8.7646077s,15525,392,0
2.7996969s,1.2228872s,2.6188993s,15629,392,0
2.6684932s,1.4002715s,9.1620005s,15541,392,0
2.7464187s,1.23751s,5.9393228s,15597,392,0
2.7464187s,1.1662358s,5.9393228s,15581,392,0
2.9038725s,1.3911683s,2.5177666s,15633,392,0
3.2641024s,1.4666561s,5.4329541s,15593,392,0
2.8802438s,1.4757317s,8.9615649s,15521,392,0
2.6846171s,1.1401511s,9.1608505s,15537,392,0
2.5180446s,1.1294257s,2.9185684s,15601,392,0
2.6355445s,1.3984946s,2.8183653s,15605,392,0
2.6796109s,1.1960134s,6.0384013s,15577,392,0
2.7358206s,1.2524165s,2.7180892s,15613,392,0
2.1992798s,1.0257753s,9.6641595s,15553,392,0
2.4004263s,1.1792509s,9.463013s,15545,392,0
2.8842504s,1.4789248s,5.8374881s,15561,392,0
2.7407617s,1.291762s,2.7168744s,15625,392,0
2.886941s,1.1145274s,5.8347975s,15565,392,0
3.0141806s,1.3615447s,8.8552151s,15549,392,0
3.0988721s,1.4555609s,11.8753359s,15485,392,0
2.2852758s,1.0776309s,6.4453079s,15585,392,0
2.4889538s,1.1960134s,6.2416299s,15589,392,0
2.9525791s,1.2925072s,2.5152174s,15621,392,0
3.0597995s,1.2074033s,2.4121161s,15637,392,0
2.3153244s,1.1510988s,100.764ms,15645,392,0
2.6364885s,1.20581s,9.2627328s,15557,392,0
2.3189912s,1.0880303s,6.4396802s,15573,392,0
3.1447522s,1.4326663s,8.7586714s,15529,392,0
2.7422421s,1.3098744s,9.1611815s,15533,392,0
2.4611472s,1.294052s,0s,15661,392,0
2.4611472s,1.2342774s,0s,15641,392,0
2.641499s,1.4558661s,0s,15673,392,0
2.6848259s,1.3103533s,0s,15653,392,0
2.695044s,1.0989544s,0s,15657,392,0
2.7998323s,1.4764704s,0s,15677,392,0
2.8108328s,1.4331136s,0s,15649,392,0
2.8217125s,1.3906325s,0s,15665,392,0
2.644794s,1.1875994s,5.2322327s,15608,393,3
2.6206057s,1.0061505s,11.4692226s,15524,393,3
2.4430295s,1.2184893s,2.3127003s,15652,393,3
2.4172886s,1.1298339s,11.6725397s,15560,393,3
2.6206057s,1.1194549s,11.4692226s,15536,393,3
2.847707s,1.3885843s,1.911704s,15676,393,3
3.3520156s,1.4191503s,1.4073954s,15664,393,3
2.9599962s,1.4233812s,4.928846s,15624,393,3
2.6556046s,1.2340301s,5.2332376s,15636,393,3
2.6312725s,1.4065748s,11.4742481s,15544,393,3
2.6988798s,1.2256038s,8.251449s,15576,393,3
2.8694308s,1.0375952s,1.9118654s,15648,393,3
2.7091313s,1.3911109s,8.2555266s,15568,393,3
2.5463494s,1.1930529s,11.5735003s,15556,393,3
2.3124199s,1.0369872s,8.6563992s,15596,393,3
2.4751871s,1.019314s,2.3147253s,15672,393,3
3.1551918s,1.3895946s,10.9713815s,15532,393,3
2.484369s,1.0886332s,5.4370172s,15632,393,3
2.68893s,1.2117334s,2.1131162s,15644,393,3
2.6239085s,1.1499773s,8.3570444s,15592,393,3
2.8669115s,1.4837145s,11.2705497s,15528,393,3
2.9294932s,1.4385626s,8.0527762s,15588,393,3
2.3906099s,1.0714252s,2.4127528s,15660,393,3
2.7989317s,1.0570103s,2.0124722s,15656,393,3
2.6998812s,1.0002327s,2.1115227s,15680,393,3
2.5781277s,1.0632343s,11.5696382s,15548,393,3
2.9829198s,1.4447397s,11.1708621s,15552,393,3
2.9167477s,1.4682723s,5.0310499s,15640,393,3
2.5490807s,1.4106761s,8.4549462s,15564,393,3
2.5145458s,1.3217736s,2.3132897s,15668,393,3
2.6231861s,1.218234s,5.3310159s,15628,393,3
2.4924244s,1.2075439s,11.6731987s,15540,393,3
2.7201116s,1.4993149s,5.2340904s,15604,393,3
3.0562293s,1.4396883s,7.954202s,15580,393,3
3.1226774s,1.29675s,4.8315246s,15620,393,3
2.6561239s,1.2432971s,8.3546745s,15572,393,3
2.4646017s,1.1925675s,8.5492375s,15584,393,3
2.8650761s,1.3198375s,8.1515089s,15600,393,3
2.2322078s,1.1186819s,5.7309424s,15612,393,3
3.0356907s,1.1942088s,4.9274595s,15616,393,3
2.3109897s,1.001676s,9.6592744s,15638,394,1
2.8752093s,1.3979009s,5.9383069s,15658,394,1
3.1272879s,1.3811306s,11.9702641s,15586,394,1
2.551983s,1.2887382s,3.0186233s,15698,394,1
2.6585015s,1.1393152s,2.9216538s,15718,394,1
2.7311457s,1.0453076s,12.3775977s,15594,394,1
2.7617412s,1.4746498s,2.8188387s,15710,394,1
2.7987096s,1.4354512s,6.0359017s,15662,394,1
2.5998141s,1.3859207s,6.2397686s,15650,394,1
2.579817s,1.3862765s,3.019592s,15694,394,1
2.5044443s,1.074577s,6.339517s,15670,394,1
2.285164s,1.1573836s,3.3199019s,15682,394,1
2.4496024s,1.0715566s,9.5594405s,15618,394,1
3.1951424s,1.4397942s,2.4126003s,15690,394,1
2.2157388s,1.1044309s,6.6401981s,15674,394,1
3.1567479s,1.3074115s,8.8559369s,15622,394,1
2.6983533s,1.3361524s,2.9172326s,15702,394,1
2.7256114s,1.4500617s,6.1405731s,15666,394,1
2.6125909s,1.1229741s,3.0160857s,15706,394,1
3.2445523s,1.4425887s,5.6308854s,15654,394,1
3.0845047s,1.1665851s,12.0749688s,15562,394,1
2.8811195s,1.3200076s,12.278354s,15566,394,1
2.9864775s,1.418027s,9.0524383s,15630,394,1
2.7459375s,1.3819127s,6.1362304s,15642,394,1
2.6850111s,1.2524718s,9.3539047s,15634,394,1
2.4811798s,1.0089098s,9.5581192s,15602,394,1
2.9249854s,1.4033051s,2.7157931s,15714,394,1
2.6530831s,1.0778782s,6.2395752s,15646,394,1
3.092905s,1.4586578s,8.9565012s,15614,394,1
2.7955621s,1.4737418s,12.381132s,15582,394,1
2.2579614s,1.1660642s,6.6400644s,15678,394,1
2.4070049s,1.1127233s,9.6529328s,15610,394,1
3.0448843s,1.4632921s,2.6162174s,15686,394,1
2.2996488s,1.1116144s,9.7627531s,15606,394,1
2.6028166s,1.292705s,9.4595853s,15626,394,1
2.4966452s,1.0020216s,0s,15742,394,1
2.5049301s,1.2586712s,0s,15758,394,1
2.5262235s,1.1826142s,0s,15746,394,1
2.5262235s,1.0235125s,0s,15738,394,1
2.5783676s,1.3655999s,0s,15730,394,1
2.685043s,1.3801136s,0s,15722,394,1
2.6952529s,1.3871409s,0s,15750,394,1
2.8027576s,1.1928621s,0s,15734,394,1
3.1383401s,1.4226184s,5.2315058s,15707,395,2
2.9233293s,1.3492249s,2.3110624s,15755,395,2
2.7412316s,1.1557384s,5.6337859s,15687,395,2
2.6460492s,1.1884986s,5.7366243s,15711,395,2
2.6591407s,1.1507456s,8.5539597s,15663,395,2
2.6502634s,1.089464s,5.7335365s,15715,395,2
2.5607112s,1.2417399s,8.653125s,15651,395,2
2.9765403s,1.4483863s,5.4321288s,15719,395,2
2.6548706s,1.1520643s,2.6166284s,15731,395,2
2.8553645s,1.078423s,2.4161345s,15723,395,2
2.7286243s,1.3087996s,11.4682206s,15619,395,2
3.0859537s,1.4957024s,5.3306104s,15699,395,2
2.6915455s,1.185621s,8.5554455s,15655,395,2
2.9753156s,1.4420097s,2.3135516s,15747,395,2
2.4094963s,1.1564811s,8.8499768s,15643,395,2
2.9565789s,1.2703455s,11.2637565s,15607,395,2
2.615241s,1.1804133s,8.6485155s,15667,395,2
2.2818557s,1.0615517s,3.0187142s,15751,395,2
2.7570748s,1.2360093s,11.468841s,15623,395,2
2.8865661s,1.2582847s,2.4140038s,15739,395,2
2.7239863s,1.3581428s,8.5453506s,15671,395,2
2.5102457s,1.3944921s,5.9286643s,15683,395,2
2.7239863s,1.4766344s,8.5453506s,15647,395,2
2.3290937s,1.2573833s,0s,15767,395,2
2.292413s,1.2428715s,3.0186763s,15735,395,2
2.8966911s,1.2083631s,2.4143982s,15743,395,2
2.6922229s,1.3793269s,2.6188664s,15759,395,2
2.7974874s,1.2262321s,2.5162455s,15727,395,2
2.8304269s,1.2517836s,8.4526258s,15675,395,2
2.923679s,1.2603851s,5.5306296s,15695,395,2
2.7195078s,1.3637322s,5.7348008s,15691,395,2
2.8197412s,1.0369058s,5.6345674s,15703,395,2
2.7438419s,1.1704289s,8.5536401s,15659,395,2
2.4420651s,1.1655219s,8.8554169s,15679,395,2
2.4705783s,1.1483188s,0s,15791,395,2
2.5951485s,1.1294053s,0s,15787,395,2
2.6090144s,1.1785565s,0s,15771,395,2
2.6090144s,1.3042887s,0s,15763,395,2
2.7214357s,1.3431409s,0s,15795,395,2
2.5900158s,1.3193771s,8.9569589s,15705,396,0
2.6963951s,1.3287051s,8.8505796s,15685,396,0
2.9411564s,1.2826796s,5.7366032s,15745,396,0
2.741892s,1.2178677s,5.939828s,15753,396,0
2.6012578s,1.332825s,8.9560387s,15693,396,0
2.3004566s,1.0162008s,9.2568399s,15717,396,0
2.3694438s,1.0961244s,100.3768ms,15833,396,0
2.612617s,1.2749717s,2.9184508s,15773,396,0
2.412365s,1.3116846s,3.1203831s,15765,396,0
2.6518638s,1.2895467s,6.0389551s,15757,396,0
2.896222s,1.383702s,11.5688549s,15669,396,0
3.1580708s,1.4945104s,5.5352076s,15737,396,0
2.513782s,1.0292987s,9.0550729s,15681,396,0
2.3581815s,1.0466687s,6.3384s,15721,396,0
2.7637079s,1.3772462s,5.9328736s,15749,396,0
2.3838661s,1.0675974s,100.4584ms,15801,396,0
2.633582s,1.468291s,2.9171412s,15797,396,0
2.7391029s,1.2375725s,8.8552245s,15709,396,0
2.6890374s,1.2835941s,6.0364778s,15729,396,0
2.3848193s,1.2222965s,6.3406959s,15741,396,0
2.854501s,1.2043369s,2.7153779s,15781,396,0
2.854501s,1.4755174s,2.7166576s,15789,396,0
3.0597886s,1.4381136s,2.5159539s,15785,396,0
2.3580681s,1.2452392s,3.2191724s,15761,396,0
2.5572827s,1.0499694s,9.0560467s,15689,396,0
2.8053695s,1.2724277s,5.9336716s,15733,396,0
2.5676465s,1.1993714s,3.0170262s,15769,396,0
2.3750785s,1.1988353s,3.2168783s,15793,396,0
2.8755765s,1.3775118s,8.7500276s,15713,396,0
2.8755765s,1.4244397s,8.7500276s,15701,396,0
2.7796004s,1.1202767s,2.8182391s,15777,396,0
2.3851812s,1.024886s,9.2530818s,15697,396,0
2.9200337s,1.1592453s,5.8426528s,15725,396,0
2.578442s,1.4079034s,0s,15817,396,0
2.5998283s,1.1251153s,0s,15821,396,0
2.6535698s,1.035434s,0s,15805,396,0
2.8446292s,1.3601685s,0s,15813,396,0
2.9501412s,1.340474s,0s,15809,396,0
2.5245016s,1.3827872s,8.7546157s,15732,397,3
2.323608s,1.1658912s,8.9555093s,15748,397,3
2.4564359s,1.0076152s,5.7377548s,15784,397,3
2.5313301s,1.4390773s,8.7563141s,15760,397,3
2.4665579s,1.1020615s,5.7397185s,15796,397,3
2.6958374s,1.3751862s,11.575403s,15716,397,3
2.974651s,1.4493035s,5.2316254s,15780,397,3
2.60816s,1.2020701s,2.6161744s,15808,397,3
2.248844s,1.0012549s,9.0538424s,15736,397,3
2.9855853s,1.3901107s,5.2315064s,15788,397,3
2.8175529s,1.4835468s,2.4139535s,15828,397,3
2.2069367s,1.0429264s,12.075119s,15704,397,3
2.9225805s,1.2115239s,2.3145908s,15804,397,3
2.5566229s,1.3161926s,8.7567456s,15740,397,3
2.7637141s,1.2694006s,8.5517663s,15756,397,3
2.2204045s,1.0245026s,12.0712274s,15688,397,3
2.9011899s,1.3767226s,5.3315573s,15776,397,3
2.5374327s,1.1951843s,11.7665563s,15708,397,3
2.3072868s,1.0824156s,5.9415136s,15792,397,3
2.9120907s,1.3846503s,5.3367097s,15772,397,3
3.0906119s,1.474584s,8.2488004s,15744,397,3
2.4444773s,1.2334213s,11.8729577s,15692,397,3
2.6302461s,1.1580533s,5.6337393s,15768,397,3
2.8637s,1.3951749s,2.4147001s,15840,397,3
3.1641849s,1.4162774s,2.1145287s,15820,397,3
2.424567s,1.2504424s,5.8397319s,15764,397,3
2.8016182s,1.4145428s,8.5532926s,15724,397,3
2.7595009s,1.1951843s,11.569762s,15712,397,3
2.5653994s,1.1313078s,2.7178987s,15832,397,3
2.704523s,1.3604339s,8.6549723s,15752,397,3
2.3591318s,1.2021559s,11.9747156s,15720,397,3
2.6722657s,1.2926984s,2.6131604s,15816,397,3
2.468166s,1.3128162s,2.8172601s,15812,397,3
2.6695634s,1.4027474s,2.6158627s,15824,397,3
2.1757458s,1.06137s,12.1721282s,15700,397,3
2.5191627s,1.2025852s,8.8543592s,15728,397,3
2.9743521s,1.1787187s,11.3735219s,15696,397,3
2.6479102s,1.029453s,5.6349998s,15800,397,3
2.8792938s,1.1728084s,11.4685802s,15684,397,3
2.8850047s,1.02189s,2.4141781s,15836,397,3
2.7152469s,1.3656996s,6.1357458s,15830,398,1
2.5213477s,1.2041924s,3.3185362s,15874,398,1
2.9172326s,1.2638288s,5.9344385s,15802,398,1
2.6156093s,1.160944s,6.2360618s,15838,398,1
3.0111088s,1.3205251s,5.8405623s,15814,398,1
2.8874556s,1.1494322s,8.8567945s,15798,398,1
2.6645461s,1.1313021s,200.2086ms,15898,398,1
2.5319259s,1.2464604s,3.3188666s,15858,398,1
2.8881048s,1.4383842s,11.7704503s,15726,398,1
2.624004s,1.4770188s,6.2378973s,15826,398,1
2.2707045s,1.0513651s,603.9217ms,15918,398,1
2.3389142s,1.0004454s,3.5200826s,15870,398,1
2.7381457s,1.3377621s,6.1339654s,15806,398,1
2.7436703s,1.4750478s,3.117332s,15846,398,1
2.4110229s,1.1855133s,9.3543741s,15790,398,1
2.6117821s,1.4896454s,9.1536149s,15762,398,1
2.8414906s,1.3354147s,6.0364508s,15834,398,1
2.4110229s,1.3066418s,9.3543741s,15786,398,1
2.7554577s,1.3959452s,3.1175739s,15842,398,1
2.516336s,1.1954839s,9.25526s,15778,398,1
2.9091982s,1.4542085s,11.771596s,15754,398,1
2.8929407s,1.3451545s,0s,15886,398,1
2.8686022s,1.4306385s,3.0174418s,15862,398,1
2.6021084s,1.3816302s,300.6649ms,15882,398,1
2.4727582s,1.2681069s,6.4364381s,15822,398,1
2.7382246s,1.2582297s,9.0584273s,15774,398,1
2.9843706s,1.4626084s,2.918379s,15866,398,1
2.6765804s,1.1595169s,6.239349s,15818,398,1
2.5481786s,1.1176659s,9.2604581s,15766,398,1
2.5892754s,1.2077138s,3.322214s,15850,398,1
2.659486s,1.4084732s,9.1558925s,15770,398,1
2.5546656s,1.344005s,9.2607129s,15794,398,1
2.9362419s,1.3897855s,0s,15914,398,1
2.9362419s,1.4029815s,0s,15902,398,1
2.7375769s,1.1406761s,201.4805ms,15910,398,1
2.7024315s,1.1257376s,3.2209965s,15878,398,1
2.5393633s,1.0588469s,402.1225ms,15894,398,1
2.3072082s,1.1945072s,3.6215864s,15854,398,1
3.0009868s,1.3715135s,5.9389166s,15810,398,1
2.7762578s,1.2595071s,9.0562019s,15782,398,1
3.0104458s,1.352471s,0s,15890,398,1
3.0754284s,1.445483s,0s,15906,399,1
2.4292481s,1.1946208s,0s,15872,397,3
2.5119062s,1.0274898s,0s,15852,397,3
2.5250454s,1.3635602s,0s,15864,397,3
2.5226028s,1.1093665s,6.2425025s,15855,399,2
2.4584552s,1.0119268s,202.1086ms,15939,399,2
2.9853727s,1.4717296s,8.955536s,15823,399,2
2.2787944s,1.2277005s,9.6621143s,15815,399,2
2.4684849s,1.0119268s,201.2284ms,15955,399,2
2.8899507s,1.1779044s,2.7164843s,15915,399,2
2.5740702s,1.3057102s,100.3621ms,15923,399,2
2.477017s,1.0394773s,201.1289ms,15947,399,2
2.8686148s,1.0675595s,12.1791182s,15783,399,2
2.3924852s,1.0705397s,9.5643059s,15803,399,2
2.3041554s,1.0025626s,3.3178777s,15883,399,2
2.6052381s,1.4083316s,3.0185184s,15887,399,2
2.767085s,1.3418925s,6.0395539s,15879,399,2
2.3647622s,1.0059413s,6.4418767s,15847,399,2
2.8903692s,1.3431409s,12.1784888s,15799,399,2
2.8903692s,1.4066327s,12.1784888s,15775,399,2
3.0909419s,1.4449467s,11.9779161s,15779,399,2
2.3193399s,1.0576693s,9.6613198s,15811,399,2
3.1783679s,1.4943186s,5.6364448s,15863,399,2
2.8214027s,1.1634842s,2.8202464s,15919,399,2
2.7796979s,1.2712068s,6.0403191s,15859,399,2
2.522951s,1.3378293s,3.1186981s,15903,399,2
2.4121327s,1.018021s,301.016ms,15951,399,2
2.5864286s,1.0535065s,6.2412978s,15851,399,2
2.9320027s,1.2434813s,2.7173558s,15891,399,2
2.4345701s,1.006066s,9.5642492s,15807,399,2
2.4338108s,1.2404427s,302.0748ms,15935,399,2
2.7099521s,1.400048s,6.138498s,15867,399,2
2.4568645s,1.0363857s,9.5579687s,15835,399,2
2.3057352s,1.0625083s,6.5427149s,15871,399,2
2.5520102s,1.1762542s,3.1193028s,15895,399,2
2.5520102s,1.1786292s,3.1193028s,15907,399,2
3.1660769s,1.3086621s,8.8556516s,15831,399,2
2.4551797s,1.1645618s,3.222104s,15899,399,2
2.763087s,1.2434813s,2.9182907s,15911,399,2
2.3163294s,1.0844676s,6.5434162s,15875,399,2
2.5650972s,1.4637734s,9.4610315s,15827,399,2
2.5650972s,1.1811096s,9.4610315s,15819,399,2
2.7204487s,1.2844367s,6.1392969s,15843,399,2
2.3641844s,1.0862143s,9.6619443s,15839,399,2
2.3477737s,1.1295601s,402.3367ms,15959,399,2
2.7636567s,1.184972s,0s,15927,399,2
2.8488511s,1.380749s,0s,15931,399,2
3.0417265s,1.4647307s,0s,15943,400,2
2.6348806s,1.4001807s,3.4230318s,15925,400,0
2.7125314s,1.2322883s,6.2399834s,15897,400,0
2.3702247s,1.2346281s,602.6696ms,15973,400,0
2.43285s,1.0109671s,3.6250624s,15953,400,0
2.8729662s,1.3360042s,8.9561941s,15853,400,0
2.6740617s,1.0332001s,9.1550986s,15841,400,0
2.475781s,1.2352769s,503.867ms,15969,400,0
2.4794978s,1.1481863s,9.3549779s,15873,400,0
2.5225535s,1.1743355s,6.4397663s,15909,400,0
2.3824951s,1.0204901s,604.7328ms,15961,400,0
2.7514143s,1.4113877s,3.3214734s,15949,400,0
2.9550516s,1.3848577s,3.1178361s,15937,400,0
2.7884158s,1.2276099s,200.5736ms,15981,400,0
2.5885118s,1.1940679s,402.9177ms,15989,400,0
2.8587989s,1.2797309s,3.2216153s,15929,400,0
2.798861s,1.0997401s,9.0542499s,15861,400,0
2.4071829s,1.1162356s,9.4567428s,15857,400,0
2.7735051s,1.485796s,3.322852s,15933,400,0
2.4759866s,1.0526771s,3.6240894s,15957,400,0
3.0850181s,1.485796s,3.0214064s,15941,400,0
3.1505064s,1.4031215s,11.8820359s,15829,400,0
2.6652092s,1.451569s,6.3390952s,15893,400,0
3.1582356s,1.4716083s,11.8772706s,15825,400,0
2.8199932s,1.2085687s,9.0572774s,15877,400,0
2.624423s,1.0147523s,402.5877ms,15993,400,0
2.7236034s,1.1514108s,9.1598131s,15869,400,0
2.5209445s,1.0265009s,9.362472s,15849,400,0
2.4321784s,1.0185655s,603.3589ms,15985,400,0
2.5362599s,1.1864891s,503.319ms,15997,400,0
2.3743532s,1.2200683s,6.6468901s,15901,400,0
2.7865464s,1.283689s,6.2346969s,15917,400,0
2.5747464s,1.1148473s,6.4464969s,15885,400,0
2.5466772s,1.1988509s,503.3234ms,15977,400,0
3.0867634s,1.3031632s,11.9777766s,15837,400,0
2.6140096s,1.3783871s,3.5247262s,15945,400,0
2.7487662s,1.2671019s,9.1575382s,15845,400,0
2.8946024s,1.2224327s,6.1387358s,15913,400,0
2.692543s,1.2032226s,6.3407952s,15889,400,0
2.7968622s,1.1851036s,6.2445526s,15905,400,0
2.3958746s,1.0991143s,6.6482018s,15881,400,0
2.8262619s,1.076916s,3.3232121s,15921,400,0
2.8644037s,1.374117s,9.0577298s,15865,400,0
3.3803563s,1.4668066s,0s,15965,401,0
2.7926778s,1.1465675s,1.6095294s,15980,401,3
2.9985586s,1.1441545s,7.4476288s,15904,401,3
2.1424417s,1.0592342s,5.2317496s,15940,401,3
2.9533538s,1.4801677s,4.4299786s,15932,401,3
2.9533538s,1.2169671s,4.4299786s,15936,401,3
2.4069337s,1.3328072s,2.0164022s,15964,401,3
3.1179884s,1.4548924s,10.4681576s,15868,401,3
2.817108s,1.0724214s,7.6510496s,15884,401,3
2.4174705s,1.0131854s,2.012113s,15988,401,3
2.9645311s,1.1860373s,4.4295835s,15948,401,3
2.7206988s,1.433049s,7.7492021s,15900,401,3
2.9214635s,1.4210102s,10.6664258s,15876,401,3
2.7284908s,1.4033259s,1.7077874s,15984,401,3
2.9255002s,1.0131854s,1.510778s,15972,401,3
2.6274976s,1.2246196s,1.8087806s,15996,401,3
2.5310884s,1.0675265s,7.9525482s,15896,401,3
2.574155s,1.0957927s,4.8354386s,15924,401,3
2.5827198s,1.2768222s,4.8308772s,15928,401,3
2.7903547s,1.1236582s,4.6332785s,15960,401,3
2.8524964s,1.2992847s,10.7631682s,15856,401,3
2.5462877s,1.1727555s,11.0693769s,15880,401,3
2.5513117s,1.0630835s,7.9511706s,15912,401,3
2.5429079s,1.2625242s,11.0775628s,15848,401,3
2.2512798s,1.1555801s,8.2512025s,15908,401,3
2.753386s,1.4584704s,1.7114251s,15976,401,3
2.9067969s,1.2406687s,4.5279357s,15944,401,3
2.6585081s,1.1009966s,1.8116934s,15992,401,3
2.7631491s,1.3981738s,7.752395s,15892,401,3
2.562143s,1.328036s,7.953872s,15916,401,3
2.3086423s,1.1838412s,5.1333297s,15952,401,3
3.074043s,1.4961173s,7.441972s,15888,401,3
2.567152s,1.4167619s,11.0668514s,15844,401,3
2.2662278s,1.0103987s,8.2497872s,15920,401,3
2.1606763s,1.1192914s,2.3167646s,16000,401,3
2.6690731s,1.443089s,10.9716625s,15860,401,3
2.6073709s,1.0995962s,2.3130129s,16018,402,1
2.2200866s,1.1155757s,5.2333292s,15956,401,3
2.3134052s,1.0763383s,8.9554553s,15954,402,1
2.5295815s,1.1513801s,5.532159s,15994,402,1
2.7141673s,1.2488004s,2.2157783s,16026,402,1
2.2779566s,1.1637734s,2.2157783s,15968,401,3
3.0185603s,1.3684701s,1.9129297s,16034,402,1
2.7314892s,1.0343635s,5.3366459s,15978,402,1
3.1366451s,1.3751201s,4.9332987s,15998,402,1
2.9321242s,1.1745671s,8.355619s,15926,402,1
2.832018s,1.319262s,2.1144732s,16010,402,1
2.9569274s,1.2960491s,5.1354855s,15986,402,1
2.6473535s,1.1581332s,8.6567148s,15934,402,1
2.5474752s,1.279015s,8.7565931s,15946,402,1
2.7529315s,1.1884589s,8.5573192s,15958,402,1
2.4584223s,1.1874688s,2.5148936s,16002,402,1
2.7618903s,1.4230326s,2.2114256s,16006,402,1
2.6791621s,1.2491228s,5.4337035s,15970,402,1
3.0717012s,1.4191295s,8.2536913s,15942,402,1
2.7914889s,1.4743059s,5.3314203s,15966,402,1
2.9895182s,1.2072634s,5.133391s,15974,402,1
2.6770737s,1.4767908s,2.3156227s,16038,402,1
2.6872406s,1.0327922s,8.6528609s,15922,402,1
2.7958978s,1.3524029s,5.3370837s,15990,402,1
2.3792877s,1.054192s,8.9608138s,15950,402,1
2.3792877s,1.0327922s,8.9608138s,15938,402,1
2.4912199s,1.1565275s,2.5155668s,16030,402,1
2.8001572s,1.0031037s,2.213672s,16014,402,1
3.20712s,1.3085293s,8.1504743s,15930,402,1
2.8172966s,1.3379936s,5.3331777s,15962,402,1
2.8172966s,1.0450215s,5.3331777s,15982,402,1
2.9069821s,1.2812369s,2.1115794s,16022,402,1
2.0755759s,1.0422701s,0s,16074,402,1
2.8968132s,1.3583239s,6.3401169s,16011,404,2
2.2824393s,1.182208s,805.151ms,16099,404,2
2.5966909s,1.4067928s,6.6402392s,16031,404,2
2.7866579s,1.0078505s,300.9324ms,16087,404,2
2.9901756s,1.380467s,100.3534ms,16119,404,2
2.0954494s,1.0345786s,7.1465853s,16027,404,2
2.3993462s,1.3544548s,6.8455454s,16019,404,2
2.4943779s,1.1342374s,603.9569ms,16095,404,2
2.4943779s,1.349934s,603.9569ms,16103,404,2
2.8101928s,1.3655164s,6.4394605s,16003,404,2
2.3275908s,1.2303631s,9.9640294s,15987,404,2
2.5989487s,1.2428602s,3.7217663s,16043,404,2
2.6177493s,1.1301509s,6.6472333s,16007,404,2
3.0366356s,1.3900879s,9.2649826s,15983,404,2
2.7398594s,1.4102893s,9.5617588s,15999,404,2
3.2150702s,1.4944193s,3.1179982s,16067,404,2
2.9167713s,1.3814736s,3.4234973s,16051,404,2
2.9342696s,1.4493697s,6.3402686s,16035,404,2
2.3197255s,1.252129s,4.0260535s,16055,404,2
2.8296209s,1.3887064s,301.0879ms,16083,404,2
2.5236344s,1.1005062s,3.8221446s,16075,404,2
2.630135s,1.3842895s,504.0408ms,16115,404,2
2.537163s,1.3426608s,602.1392ms,16111,404,2
2.7278867s,1.1422524s,3.6264857s,16071,404,2
2.7278867s,1.4793541s,3.6264857s,16059,404,2
3.0332126s,1.3806587s,3.3234611s,16047,404,2
2.9718517s,1.3046381s,9.3603537s,15991,404,2
2.9686451s,1.3592517s,9.3635603s,15971,404,2
2.4687652s,1.2709415s,9.8634402s,15979,404,2
2.6507723s,1.1974614s,503.124ms,16091,404,2
2.9791982s,1.4011673s,9.3622383s,15963,404,2
2.7645833s,1.4493697s,6.5444328s,16039,404,2
2.6876075s,1.3564964s,9.6652703s,15975,404,2
2.5689282s,1.2111213s,6.747314s,16015,404,2
2.7922202s,1.1900219s,9.5613211s,15967,404,2
2.5968097s,1.2261651s,9.7653167s,15995,404,2
2.3882668s,1.1120644s,6.941653s,16023,404,2
2.8742513s,1.120259s,3.5213989s,16079,404,2
3.0773475s,1.4437153s,3.3183027s,16063,404,2
2.578848s,1.0521113s,603.4591ms,16107,404,2
2.3845681s,1.0970361s,6.6471447s,16061,404,0
2.8532094s,1.1525885s,9.3663574s,16025,404,0
2.7025914s,1.2856354s,0s,16125,404,0
2.2588741s,1.1442201s,9.9636833s,16013,404,0
2.7008676s,1.4944551s,6.336213s,16073,404,0
2.6074581s,1.2986989s,100.6419ms,16157,404,0
2.500556s,1.2754204s,6.5420753s,16065,404,0
2.5110547s,1.2692284s,6.5396827s,16069,404,0
3.1601391s,1.387285s,2.7192388s,16089,404,0
2.7628051s,1.4303908s,3.1208748s,16081,404,0
2.7628051s,1.1636051s,3.1208748s,16113,404,0
2.4164543s,1.2650997s,6.6417935s,16057,404,0
3.1854768s,1.3454534s,9.0582478s,16029,404,0
2.6187654s,1.3288099s,6.4394824s,16053,404,0
2.4268559s,1.0580206s,6.6419005s,16041,404,0
2.7943021s,1.2686622s,9.4599311s,16001,404,0
2.4414104s,1.0587247s,302.4827ms,16137,404,0
2.4841171s,1.083822s,3.4203331s,16085,404,0
2.6037703s,1.4065302s,9.6623992s,16033,404,0
2.8043851s,1.3943859s,9.4617844s,16009,404,0
2.2927837s,1.1786581s,3.6243868s,16105,404,0
2.2990982s,1.198197s,3.6233131s,16117,404,0
2.2987567s,1.0901174s,3.6236546s,16093,404,0
2.8177567s,1.2647511s,9.4614909s,16005,404,0
2.6074593s,1.3180277s,3.3203979s,16101,404,0
2.9086986s,1.042476s,3.0191586s,16109,404,0
2.9588135s,1.3742129s,6.1404032s,16049,404,0
2.4674591s,1.1254412s,301.9904ms,16141,404,0
2.7248433s,1.451841s,9.5646807s,16017,404,0
2.4292007s,1.0148472s,9.8603233s,16021,404,0
3.1713595s,1.3742129s,5.9400111s,16045,404,0
2.5810893s,1.2735408s,201.7572ms,16149,404,0
2.6409447s,1.0444678s,9.6613362s,16037,404,0
2.7853055s,1.2422691s,0s,16121,404,0
2.884378s,1.0419504s,6.2397944s,16077,404,0
2.9345626s,1.0793395s,3.0210721s,16097,404,0
2.7954956s,1.4713583s,0s,16129,404,0
2.8265755s,1.4231539s,0s,16145,404,0
2.8694456s,1.2912926s,0s,16133,404,0
2.9953702s,1.4084178s,0s,16153,405,0
2.6621386s,1.1557523s,1.206959s,16148,405,3
2.6479276s,1.2057686s,10.4636007s,16040,405,3
2.5624898s,1.164655s,1.3076355s,16132,405,3
2.2811409s,1.2065185s,4.726486s,16116,405,3
2.8640872s,1.2727815s,7.2467065s,16052,405,3
2.672743s,1.376735s,1.2070318s,16128,405,3
2.2889108s,1.0883601s,4.7278458s,16120,405,3
2.3692087s,1.1790435s,7.744867s,16080,405,3
2.3565318s,1.1156221s,10.7641262s,16032,405,3
2.0713018s,1.0122635s,1.8090195s,16160,405,3
2.2730771s,1.1067756s,1.6072442s,16144,405,3
2.9975123s,1.2126096s,4.0233278s,16108,405,3
2.475039s,1.2084154s,7.6468053s,16064,405,3
2.9634701s,1.2317643s,10.1649565s,16024,405,3
2.583138s,1.2163441s,1.3071698s,16152,405,3
2.6832244s,1.4843862s,1.2070834s,16136,405,3
2.4637708s,1.1547602s,10.6684602s,16008,405,3
2.4650601s,1.4410258s,10.6671709s,16020,405,3
2.3798236s,1.0831442s,7.756448s,16048,405,3
2.4075021s,1.101245s,4.6314504s,16092,405,3
3.0973191s,1.3640656s,7.0400073s,16060,405,3
2.8149033s,1.2722886s,4.225104s,16088,405,3
2.6796494s,1.3957662s,10.4642593s,16036,405,3
2.5939029s,1.284436s,7.5434235s,16068,405,3
3.018746s,1.3803194s,4.0236233s,16096,405,3
2.9053982s,1.2333413s,7.247083s,16056,405,3
2.9325612s,1.3832921s,4.1249225s,16104,405,3
3.1369818s,1.4602926s,3.9212776s,16084,405,3
2.3054432s,1.0342313s,7.8496729s,16076,405,3
2.4112521s,1.2801333s,7.7474087s,16044,405,3
2.6040396s,1.1301287s,10.5699647s,16004,405,3
3.0065823s,1.4745254s,10.167422s,16028,405,3
3.0283584s,1.2992105s,904.7627ms,16140,405,3
2.550016s,1.2220622s,4.5301533s,16100,405,3
2.7356835s,1.4536541s,1.207504s,16124,405,3
2.539399s,1.0151271s,7.6441685s,16072,405,3
2.7461908s,1.1784985s,1.2062437s,16156,405,3
2.4310126s,1.0913688s,10.7655127s,16016,405,3
2.7725161s,1.3043874s,4.3234125s,16112,405,3
2.6369027s,1.422767s,10.5667409s,16012,405,3
2.5901657s,1.3204024s,9.1555375s,16098,406,1
2.3368263s,1.093424s,502.6697ms,16238,406,1
2.7741632s,1.4170265s,12.0740104s,16050,406,1
2.6777651s,1.4679776s,12.1720279s,16054,406,1
2.4771938s,1.2279751s,12.3772502s,16058,406,1
2.4771938s,1.1083952s,12.3772502s,16066,406,1
2.2759162s,1.0998811s,6.440258s,16138,406,1
2.4084294s,1.0611351s,9.3585375s,16102,406,1
2.8879656s,1.1040782s,5.8338002s,16158,406,1
2.4107573s,1.174315s,9.3562096s,16082,406,1
2.8150768s,1.2922915s,8.9563876s,16094,406,1
2.361169s,1.0634401s,502.3957ms,16206,406,1
2.516315s,1.224837s,9.2592166s,16106,406,1
3.0961391s,1.4904004s,11.7760224s,16042,406,1
2.3912118s,1.1852991s,6.3396095s,16130,406,1
2.3912118s,1.158035s,6.3396095s,16134,406,1
2.2637361s,1.1022211s,603.8672ms,16234,406,1
2.2166998s,1.0402508s,9.5593226s,16114,406,1
2.1687773s,1.0708095s,703.7432ms,16226,406,1
2.8027206s,1.3461634s,5.9352601s,16150,406,1
2.8260288s,1.0294522s,8.957153s,16110,406,1
2.7335574s,1.4706941s,3.11827s,16198,406,1
2.2308274s,1.0705706s,3.621s,16186,406,1
2.8386815s,1.3153101s,3.0131459s,16194,406,1
2.2351415s,1.1092997s,3.6166859s,16182,406,1
2.5831804s,1.138436s,302.5018ms,16218,406,1
2.5092165s,1.2464833s,12.3850957s,16070,406,1
2.8175221s,1.3787786s,12.0767901s,16046,406,1
2.7906184s,1.1772675s,100.0078ms,16222,406,1
2.7188517s,1.500113s,6.0349925s,16154,406,1
3.0452011s,1.2945032s,8.7538442s,16118,406,1
2.7208986s,1.2132775s,12.1742858s,16062,406,1
2.7466318s,1.4135095s,3.1192468s,16178,406,1
2.3477252s,1.0686882s,3.5196196s,16166,406,1
2.5235109s,1.1170752s,6.2354484s,16146,406,1
2.6248051s,1.3447244s,6.1341542s,16142,406,1
2.6584992s,1.0395912s,3.2179502s,16170,406,1
2.8344101s,1.1121267s,5.9376311s,16126,406,1
2.2631301s,1.0598594s,3.6218898s,16162,406,1
2.8698391s,1.0059413s,3.0151808s,16190,406,1
2.6648459s,1.1425434s,9.155663s,16086,406,1
2.9752524s,1.3888491s,2.9158435s,16174,406,1
2.750409s,1.3369782s,6.0354007s,16122,406,1
2.4749658s,1.4557952s,9.356045s,16090,406,1
2.8504955s,1.4854605s,12.0766544s,16078,406,1
2.9256535s,1.4951006s,0s,16210,406,1
2.9256535s,1.2164665s,0s,16214,406,1
3.0104252s,1.4444164s,0s,16230,406,1
3.0950413s,1.2466702s,0s,16202,407,1
2.9691558s,1.4646751s,1.2064541s,16251,408,2
2.3845929s,1.0171697s,10.8625522s,16139,408,2
2.8675726s,1.3198355s,1.3080373s,16247,408,2
2.7728772s,1.4503346s,1.4097741s,16243,408,2
2.8252391s,1.1176171s,7.6468216s,16187,408,2
2.527144s,1.1666388s,4.8258065s,16227,408,2
2.591764s,1.0211445s,10.6637177s,16151,408,2
2.7276116s,1.4354978s,4.6253389s,16231,408,2
2.9792684s,1.0384449s,1.2056598s,16275,408,2
2.329621s,1.0753615s,5.0277225s,16211,408,2
2.6983124s,1.4462801s,10.5615623s,16131,408,2
2.4776341s,1.1347784s,1.7107054s,16271,408,2
3.0852976s,1.3796151s,1.1048811s,16279,408,2
2.4332171s,1.1772263s,4.9259656s,16223,408,2
2.7046061s,1.4069196s,10.5669396s,16123,408,2
2.4433062s,1.0267604s,4.9257083s,16203,408,2
2.6079434s,1.3890884s,10.6636023s,16159,408,2
2.6187554s,1.024158s,10.6599685s,16135,408,2
2.2594341s,1.0565643s,8.2437668s,16163,408,2
2.762237s,1.2406965s,7.7409639s,16191,408,2
3.169004s,1.3700364s,4.2200103s,16239,408,2
2.4160822s,1.024385s,1.8093506s,16259,408,2
2.5692841s,1.2388416s,4.8275327s,16235,408,2
2.4325851s,1.0753786s,10.8720753s,16147,408,2
2.7726469s,1.3579987s,7.7485925s,16175,408,2
2.6753022s,1.3858706s,4.7294369s,16219,408,2
2.4454628s,1.2046848s,10.8618075s,16143,408,2
2.8863271s,1.4274945s,4.5246181s,16215,408,2
2.8863271s,1.2671408s,4.5246181s,16207,408,2
2.6937404s,1.2117685s,7.8415315s,16183,408,2
2.3403612s,1.0307977s,1.9098946s,16267,408,2
2.6686981s,1.449849s,10.6610218s,16155,408,2
2.3509019s,1.169336s,1.9117811s,16255,408,2
2.9578667s,1.161269s,1.307579s,16263,408,2
2.6046024s,1.4513851s,7.9489575s,16171,408,2
2.9093716s,1.2044955s,7.6476335s,16199,408,2
2.3081384s,1.132659s,8.2488667s,16167,408,2
3.1187632s,1.3489395s,7.4378949s,16195,408,2
2.9200698s,1.2998105s,7.6369353s,16179,408,2
2.783421s,1.4650572s,10.5570051s,16127,408,2
2.5410579s,1.4244418s,2.5161384s,16265,408,0
2.6748154s,1.0332501s,5.431283s,16221,408,0
2.1880409s,1.0151163s,8.9519561s,16169,408,0
2.6748154s,1.2892237s,5.4331484s,16213,408,0
2.9562235s,1.4809351s,2.1119517s,16241,408,0
2.8025317s,1.3471717s,8.349427s,16197,408,0
2.6688092s,1.1244249s,2.4129765s,16261,408,0
2.6226777s,1.1745386s,8.5495894s,16161,408,0
2.4210869s,1.0982901s,8.7511802s,16173,408,0
2.8270431s,1.4476515s,8.3509609s,16193,408,0
3.0129367s,1.3945965s,5.1311687s,16237,408,0
2.3836157s,1.197328s,2.7164443s,16257,408,0
3.0338986s,1.3579951s,8.1496097s,16189,408,0
3.1051214s,1.2995531s,2.0110771s,16269,408,0
2.7072875s,1.307797s,2.4130884s,16273,408,0
2.8065275s,1.213025s,2.3138484s,16253,408,0
2.5360612s,1.3197901s,5.635782s,16201,408,0
2.4154746s,1.1455459s,2.7150052s,16245,408,0
2.4413103s,1.0315193s,5.7332149s,16233,408,0
3.0440454s,1.4894002s,5.1304798s,16209,408,0
2.4413103s,1.3261781s,5.7332149s,16229,408,0
2.9200481s,1.413379s,2.2123279s,16277,408,0
2.5644957s,1.0808958s,8.6511895s,16181,408,0
2.763378s,1.0190968s,8.4523072s,16185,408,0
2.4519243s,1.0550704s,5.7298623s,16217,408,0
2.7218371s,1.3237781s,2.4163306s,16249,408,0
2.7705919s,1.4721823s,8.4507905s,16165,408,0
2.9599117s,1.4396571s,5.2275721s,16205,408,0
2.2711797s,1.1878964s,8.9502027s,16177,408,0
2.5681577s,1.4027151s,5.6328537s,16225,408,0
2.3267265s,1.0210062s,0s,16281,408,0
2.8513154s,1.2870092s,0s,16288,408,3
2.4126698s,1.2042829s,6.638468s,16220,408,3
3.3266005s,1.4918977s,9.0511378s,16184,408,3
2.95857s,1.3337342s,2.915781s,16272,408,3
2.8641684s,1.3959668s,3.0160672s,16248,408,3
2.6626699s,1.479898s,3.2175657s,16264,408,3
2.6247546s,1.332205s,9.7588683s,16168,408,3
2.5669321s,1.090188s,3.3193543s,16244,408,3
2.3666099s,1.2714116s,502.3353ms,16312,408,3
2.8341249s,1.5001608s,6.2353736s,16240,408,3
2.9390886s,1.3744379s,9.4570104s,16192,408,3
2.7793109s,1.4839607s,3.1174564s,16252,408,3
2.7445716s,1.3584968s,6.3340682s,16224,408,3
2.3790478s,1.0180204s,502.2241ms,16296,408,3
2.9599245s,1.4757765s,9.4523424s,16172,408,3
2.8551194s,1.3071883s,9.5571475s,16188,408,3
2.1873128s,1.1512482s,702.7354ms,16316,408,3
2.5607451s,1.2357381s,9.8605306s,16196,408,3
2.3977665s,1.1814005s,503.1212ms,16304,408,3
2.3612336s,1.0215555s,6.741984s,16232,408,3
2.8661641s,1.0435818s,6.2396798s,16208,408,3
2.6099866s,1.0182151s,3.3190705s,16268,408,3
2.5716721s,1.2747918s,9.8607723s,16164,408,3
2.6067083s,1.3124856s,301.3015ms,16320,408,3
2.0784938s,1.0235663s,10.3610995s,16180,408,3
2.5126583s,1.0769126s,402.8669ms,16284,408,3
3.0221479s,1.4108234s,2.9167594s,16260,408,3
3.0221479s,1.3732629s,2.9167594s,16256,408,3
2.6200628s,1.3453002s,3.3188445s,16276,408,3
3.1767868s,1.4934022s,5.9389073s,16216,408,3
2.3146313s,1.1618419s,602.7862ms,16308,408,3
2.4756736s,1.3835864s,6.6451729s,16228,408,3
2.592864s,1.3759559s,9.8581217s,16200,408,3
2.2244999s,1.1047697s,3.7230985s,16280,408,3
2.3251311s,1.1046755s,603.6906ms,16292,408,3
2.896863s,1.3093333s,9.5597457s,16176,408,3
2.9970383s,1.3027305s,6.1355946s,16212,408,3
2.4963379s,1.001137s,6.6386769s,16204,408,3
2.7076101s,1.2776563s,6.4346235s,16236,408,3
3.0101327s,1.3624902s,0s,16300,409,3
2.2706897s,1.1834873s,201.0336ms,16362,410,1
2.3449302s,1.1343925s,3.1166624s,16342,410,1
2.7281078s,1.0048095s,8.7523715s,16250,410,1
2.4375059s,1.0246164s,9.0516858s,16270,410,1
2.3861225s,1.2356596s,100.545ms,16382,410,1
3.0034131s,1.3770836s,5.5338414s,16310,410,1
2.8031067s,1.3987012s,5.7341478s,16314,410,1
2.8031067s,1.1887191s,5.7341478s,16290,410,1
2.3500293s,1.2174336s,9.1528069s,16246,410,1
2.8733095s,1.2546699s,2.6111799s,16358,410,1
2.6738007s,1.4946748s,2.8106887s,16330,410,1
2.2701834s,1.0495311s,3.214306s,16338,410,1
2.1510619s,1.0365863s,9.3517743s,16254,410,1
2.4586255s,1.2349829s,9.0523674s,16278,410,1
2.9621777s,1.4566238s,8.5538004s,16274,410,1
2.6844531s,1.3026797s,2.8160533s,16334,410,1
2.9898693s,1.450136s,2.5155266s,16346,410,1
2.42828s,1.2266459s,101.4565ms,16390,410,1
2.6401444s,1.4474405s,5.9356305s,16282,410,1
2.7818061s,1.324565s,8.7561465s,16242,410,1
2.9395552s,1.3061299s,5.6362197s,16286,410,1
2.4851817s,1.3315871s,9.0527709s,16262,410,1
2.4424282s,1.2190903s,6.1328935s,16306,410,1
2.9161597s,1.3780195s,2.6130926s,16354,410,1
2.3125132s,1.0286521s,3.218109s,16350,410,1
2.8024582s,1.2614568s,8.7512772s,16266,410,1
3.0561691s,1.4683195s,5.5353886s,16318,410,1
2.5480174s,1.176044s,0s,16398,410,1
2.9265713s,1.3587226s,2.6133709s,16322,410,1
2.8650668s,1.2493979s,5.7342431s,16294,410,1
2.6307509s,1.0554244s,2.9154728s,16326,410,1
2.4692311s,1.0637735s,6.1331617s,16298,410,1
2.1581027s,1.0731882s,402.9174ms,16378,410,1
2.9184306s,1.2919208s,8.6515422s,16258,410,1
2.8732558s,1.4851663s,5.7345393s,16302,410,1
2.5710945s,1.1655041s,0s,16374,410,1
2.706398s,1.153182s,0s,16394,410,1
2.9087307s,1.4156179s,0s,16366,410,1
2.6345313s,1.347599s,1.8100385s,16435,412,2
2.8380754s,1.4448424s,1.6088632s,16423,412,2
2.2344465s,1.0521882s,2.2144425s,16431,412,2
2.6840832s,1.4150558s,10.7599307s,16315,412,2
2.3420979s,1.2645551s,8.2461998s,16343,412,2
2.7868694s,1.368628s,10.6623649s,16311,412,2
2.6967902s,1.4830462s,4.6288483s,16371,412,2
2.791337s,1.2996947s,10.6632486s,16287,412,2
2.5521374s,1.0766426s,8.046732s,16323,412,2
2.8551137s,1.0900736s,7.7457394s,16359,412,2
2.5987869s,1.3816535s,10.8577824s,16283,412,2
2.2998467s,1.0154212s,5.0302162s,16391,412,2
2.6018668s,1.4397246s,4.7281961s,16399,412,2
2.6112611s,1.064335s,4.7257607s,16379,412,2
2.6671019s,1.3728104s,1.8090103s,16411,412,2
2.6671019s,1.2445722s,1.8090103s,16407,412,2
2.5735005s,1.2081028s,8.0445683s,16347,412,2
3.2732309s,1.3786346s,7.3448379s,16331,412,2
2.7217283s,1.4771481s,4.6231096s,16367,412,2
2.6090795s,1.3210334s,10.8647055s,16291,412,2
2.7753596s,1.2785973s,1.7096524s,16403,412,2
2.7835653s,1.2836496s,1.7077756s,16427,412,2
2.5837631s,1.4903497s,8.0517552s,16355,412,2
2.2304176s,1.1780028s,5.1318698s,16383,412,2
2.5874347s,1.0506322s,1.9119332s,16415,412,2
2.3869098s,1.1531495s,2.1124581s,16439,412,2
2.3337262s,1.1672885s,11.166486s,16319,412,2
2.8407557s,1.1180982s,10.6682936s,16295,412,2
2.5057968s,1.1515666s,2.0122341s,16419,412,2
2.8557162s,1.3784632s,10.6671258s,16303,412,2
2.8661778s,1.135807s,4.5277171s,16387,412,2
2.414675s,1.066788s,8.2530363s,16335,412,2
2.9182436s,1.2466098s,7.7488822s,16351,412,2
2.6258801s,1.0052281s,8.0442876s,16327,412,2
2.6690666s,1.3099806s,4.7278702s,16375,412,2
2.4752466s,1.0914463s,4.9312009s,16363,412,2
2.8338696s,1.2556155s,7.8458088s,16339,412,2
2.7654949s,1.0230756s,10.7698997s,16299,412,2
2.3776529s,1.2274645s,5.0287946s,16395,412,2
2.7692964s,1.2793847s,10.7665966s,16307,412,2
2.7385827s,1.2258479s,5.0344504s,16393,412,0
2.4765933s,1.1021157s,2.2114951s,16433,412,0
2.5393966s,1.0028722s,5.2336365s,16381,412,0
2.5499115s,1.0250862s,5.2320603s,16397,412,0
2.4798248s,1.3643318s,11.6711755s,16317,412,0
2.2883562s,1.0351786s,2.4166013s,16421,412,0
2.6893359s,1.4525144s,11.4714315s,16293,412,0
3.3018873s,1.4870135s,10.8637286s,16313,412,0
2.6046666s,1.1125117s,2.1153855s,16437,412,0
2.7021656s,1.3315669s,11.4686851s,16309,412,0
2.2040166s,1.0123542s,2.5160355s,16417,412,0
2.9792941s,1.0744783s,4.828111s,16385,412,0
2.5849664s,1.2948426s,5.2298087s,16369,412,0
2.5149994s,1.1470836s,2.214831s,16409,412,0
3.0330525s,1.4388274s,7.8456892s,16345,412,0
2.6293966s,1.0398706s,8.2493451s,16353,412,0
2.9210272s,1.4012372s,1.8088032s,16429,412,0
3.0849447s,1.3427259s,4.7301446s,16361,412,0
2.686526s,1.3217892s,5.1285633s,16389,412,0
2.8300933s,1.2735118s,8.0489626s,16349,412,0
2.8253554s,1.3443358s,11.3634528s,16305,412,0
2.8966254s,1.2685214s,4.9263289s,16373,412,0
2.6282001s,1.3200668s,11.5675966s,16297,412,0
2.7308791s,1.1472556s,11.4649176s,16285,412,0
2.8504882s,1.283219s,8.0464208s,16321,412,0
2.5083917s,1.2168038s,5.3334181s,16365,412,0
2.85454s,1.2992808s,8.0512364s,16333,412,0
2.7529319s,1.4908736s,8.1528445s,16325,412,0
2.848302s,1.3601332s,1.9105952s,16401,412,0
3.0639666s,1.1240502s,7.8438419s,16357,412,0
2.6470761s,1.1616277s,2.1118211s,16425,412,0
2.7600979s,1.4943984s,8.1477106s,16341,412,0
2.7437599s,1.471425s,11.4659359s,16301,412,0
2.3512672s,1.0460332s,2.4135902s,16413,412,0
2.7547416s,1.4350967s,2.0101158s,16405,412,0
2.6680132s,1.2812099s,8.2457555s,16337,412,0
2.7809808s,1.3500516s,8.1445671s,16329,412,0
2.7303662s,1.4743711s,5.1312151s,16377,412,0
2.6595074s,1.2917359s,11.5679278s,16289,412,0
2.2333509s,1.1385584s,0s,16469,412,0
2.6210865s,1.2504471s,5.941183s,16392,412,3
2.9920335s,1.0828046s,2.515413s,16436,412,3
2.6984953s,1.4632535s,9.0571321s,16324,412,3
2.8044692s,1.0943582s,8.9567267s,16344,412,3
2.6967349s,1.105521s,2.8162801s,16404,412,3
2.6107454s,1.0669288s,9.1538799s,16352,412,3
2.5364526s,1.2785779s,0s,16448,412,3
2.5364526s,1.1473868s,0s,16444,412,3
2.9497877s,1.453796s,5.6359959s,16400,412,3
2.7485579s,1.0227317s,5.8372257s,16380,412,3
2.5459297s,1.398025s,6.0398539s,16372,412,3
2.8136574s,1.2946615s,2.7173032s,16428,412,3
2.5459297s,1.118839s,6.0398539s,16388,412,3
3.054823s,1.3533213s,5.5365614s,16364,412,3
2.2564508s,1.1009897s,6.3349336s,16368,412,3
2.3446771s,1.2885873s,201.3436ms,16472,412,3
2.5336677s,1.075319s,9.2600495s,16328,412,3
2.5569735s,1.3172599s,0s,16460,412,3
2.5338563s,1.2767778s,3.0214207s,16440,412,3
2.8470065s,1.2848299s,8.9564514s,16348,412,3
2.6462569s,1.1792253s,9.157201s,16336,412,3
2.64242s,1.0279011s,9.1616017s,16340,412,3
2.6436817s,1.4256333s,2.9153457s,16420,412,3
2.4406343s,1.291933s,3.1183931s,16408,412,3
2.8556351s,1.3235373s,2.7172988s,16412,412,3
2.8556351s,1.0280503s,2.7172988s,16424,412,3
2.4720255s,1.3046557s,9.3544702s,16332,412,3
2.6961333s,1.22261s,5.9370045s,16376,412,3
2.5578248s,1.291933s,3.02049s,16416,412,3
2.0890636s,1.006142s,501.7775ms,16456,412,3
2.5021259s,1.2993439s,6.1415588s,16384,412,3
2.8764566s,1.4516269s,2.7189727s,16432,412,3
3.1933579s,1.3529545s,8.6506159s,16360,412,3
2.5889334s,1.1857922s,9.2550404s,16356,412,3
2.504235s,1.3547318s,100.0465ms,16464,412,3
2.7206802s,1.3290521s,5.9382555s,16396,412,3
2.630235s,1.4376514s,0s,16476,412,3
2.6725965s,1.0695617s,0s,16480,412,3
2.7460524s,1.4426478s,0s,16468,412,3
2.7567842s,1.3036724s,0s,16452,413,3
2.4154381s,1.1363182s,100.1274ms,16550,414,1
2.6506772s,1.3392706s,2.6151859s,16502,414,1
2.7401826s,1.1856655s,8.7538242s,16422,414,1
2.7497078s,1.3930835s,2.5161553s,16506,414,1
2.7973852s,1.4017944s,5.5330324s,16450,414,1
2.6529425s,1.0760842s,2.6169179s,16510,414,1
2.4556891s,1.1725466s,9.0538678s,16434,414,1
2.8089814s,1.4685575s,5.5375241s,16478,414,1
2.7108224s,1.479231s,5.6351453s,16470,414,1
2.8583636s,1.4910329s,8.6511933s,16430,414,1
2.4668866s,1.1492754s,2.816443s,16490,414,1
2.234317s,1.0859379s,301.7205ms,16530,414,1
2.6740646s,1.3392706s,2.6148826s,16486,414,1
3.0225497s,1.4176556s,5.330952s,16466,414,1
3.1630514s,1.4765701s,8.3535017s,16418,414,1
2.7721986s,1.3245503s,8.7525834s,16402,414,1
2.7721986s,1.4265614s,8.7525834s,16426,414,1
2.5291748s,1.0184394s,5.832018s,16454,414,1
2.5808305s,1.340992s,2.7158078s,16494,414,1
2.5513596s,1.2378427s,0s,16558,414,1
2.73229s,1.4302039s,5.6338748s,16442,414,1
2.5672329s,1.1217426s,0s,16522,414,1
2.9472115s,1.3764502s,5.4388374s,16458,414,1
2.5725391s,1.1188142s,0s,16538,414,1
2.5905895s,1.2300602s,8.9619746s,16438,414,1
2.4030174s,1.1918486s,9.1543237s,16406,414,1
2.508229s,1.3820364s,9.0491121s,16414,414,1
2.7006771s,1.2854505s,8.856664s,16410,414,1
3.0645545s,1.488356s,5.3296802s,16474,414,1
2.7546609s,1.0349677s,5.6395738s,16446,414,1
2.7169889s,1.4353338s,2.6178253s,16482,414,1
2.4193439s,1.3158521s,2.9185149s,16518,414,1
3.2201546s,1.4750123s,11.5660025s,16386,414,1
3.0103735s,1.4633181s,11.7757836s,16370,414,1
2.4934799s,1.3246238s,100.4183ms,16542,414,1
2.2282125s,1.0481059s,3.119657s,16498,414,1
2.7360339s,1.3887257s,2.6158223s,16514,414,1
2.6889259s,1.4156004s,5.7363725s,16462,414,1
2.640257s,1.4667076s,0s,16546,414,1
2.7200762s,1.0756257s,0s,16526,414,1
2.7365523s,1.2403159s,0s,16534,414,1
2.8046019s,1.0886054s,0s,16554,415,1
3.2619624s,1.4394043s,8.5549095s,16519,416,2
2.9650511s,1.1062645s,8.8592396s,16487,416,2
2.6625323s,1.0488407s,9.1617584s,16491,416,2
2.823476s,1.358953s,5.7388523s,16527,416,2
2.5836494s,1.2910719s,12.380965s,16443,416,2
3.0303625s,1.2413519s,5.5410302s,16551,416,2
2.7882038s,1.1679537s,12.185475s,16471,416,2
2.6905826s,1.0178524s,12.2830962s,16463,416,2
3.0023099s,1.3137509s,11.9713689s,16451,416,2
2.6746807s,1.3602593s,9.1586744s,16507,416,2
2.9541492s,1.3977104s,2.4170534s,16575,416,2
2.7537159s,1.2304651s,2.6174867s,16583,416,2
2.28701s,1.2331025s,9.5584572s,16515,416,2
2.9642067s,1.4801605s,2.4153129s,16595,416,2
2.3861747s,1.3035889s,9.4592925s,16503,416,2
2.1612793s,1.0293373s,3.222728s,16567,416,2
2.7230737s,1.1607456s,12.2703322s,16479,416,2
2.4188364s,1.1482546s,0s,16607,416,2
2.9746564s,1.4950082s,2.4188364s,16579,416,2
2.3631188s,1.1120639s,6.238429s,16535,416,2
2.5015736s,1.2970745s,9.3619366s,16495,416,2
2.4799007s,1.1816592s,2.9213598s,16591,416,2
2.182419s,1.0105369s,3.2222729s,16599,416,2
3.1403237s,1.3238819s,11.8750493s,16459,416,2
2.3338013s,1.0200024s,100.644ms,16611,416,2
2.830144s,1.2274237s,12.1848334s,16467,416,2
2.7703969s,1.0958278s,5.84269s,16523,416,2
2.2362687s,1.0914436s,12.7791043s,16447,416,2
2.5408197s,1.0037637s,12.4774775s,16455,416,2
2.715358s,1.3363154s,9.1626155s,16511,416,2
2.6748552s,1.2868333s,5.9411559s,16555,416,2
2.4401604s,1.1182944s,0s,16631,416,2
2.1750636s,1.1393415s,6.4454918s,16559,416,2
2.4061279s,1.1253852s,3.0224142s,16571,416,2
2.7980126s,1.1975576s,5.8354469s,16547,416,2
2.9982746s,1.3662722s,5.6347759s,16543,416,2
2.7004074s,1.1656793s,5.9375596s,16531,416,2
3.2039852s,1.363561s,5.4339818s,16539,416,2
2.9224001s,1.404259s,2.5145181s,16587,416,2
2.3622372s,1.0271468s,12.6833378s,16475,416,2
2.5221087s,1.3289676s,2.917195s,16563,416,2
2.5546682s,1.1981539s,9.3571165s,16499,416,2
2.5546682s,1.0128178s,9.3571165s,16483,416,2
2.7657845s,1.4288317s,1.8127479s,16573,416,0
2.374191s,1.1966193s,8.155698s,16489,416,0
2.3851997s,1.2164553s,8.1497833s,16509,416,0
2.8498047s,1.2560228s,4.8347244s,16545,416,0
2.4791535s,1.3630229s,2.1122768s,16585,416,0
2.582171s,1.0903024s,7.952812s,16485,416,0
2.3732292s,1.0957788s,2.2182011s,16581,416,0
2.582171s,1.3715603s,7.952812s,16513,416,0
2.3732292s,1.0274793s,2.2182011s,16597,416,0
2.7763059s,1.1437367s,1.8151244s,16565,416,0
3.189603s,1.3522955s,1.4089488s,16593,416,0
3.2274045s,1.4743883s,10.5655979s,16449,416,0
2.6458698s,1.3027798s,0s,16635,416,2
2.7644615s,1.4207395s,4.9330411s,16529,416,0
2.5722621s,1.487107s,5.1328366s,16533,416,0
2.5722621s,1.1719585s,5.1328366s,16525,416,0
2.8286077s,1.3119685s,10.9754783s,16445,416,0
2.5722621s,1.1865482s,5.133363s,16521,416,0
2.5003169s,1.2491737s,2.1158415s,16561,416,0
2.5108005s,1.2431329s,2.1104536s,16569,416,0
3.2485334s,1.3723826s,10.5648068s,16453,416,0
2.5165247s,1.031387s,8.0487906s,16517,416,0
2.7422821s,1.3546867s,11.0715666s,16461,416,0
2.8189713s,1.4667298s,1.8102298s,16577,416,0
3.0930988s,1.4048412s,4.6286833s,16553,416,0
2.5501095s,1.4730365s,11.2711777s,16465,416,0
2.849526s,1.4630078s,10.9717612s,16473,416,0
2.4888519s,1.1982667s,5.233448s,16549,416,0
2.4542989s,1.1586673s,11.3683722s,16477,416,0
2.9546501s,1.1515844s,10.8712397s,16441,416,0
2.8453209s,1.46156s,7.7480634s,16505,416,0
2.6045509s,1.4744203s,5.1383795s,16537,416,0
2.4418517s,1.1558225s,8.1515326s,16497,416,0
2.8504539s,1.2347391s,7.7472664s,16501,416,0
2.678709s,1.2490325s,11.1675447s,16457,416,0
2.9254016s,1.2371013s,4.8274682s,16557,416,0
2.250792s,1.0527257s,8.3551321s,16493,416,0
2.4238731s,1.2204396s,5.3366894s,16541,416,0
2.5578794s,1.3234545s,8.053137s,16481,416,0
2.713801s,1.4725851s,0s,16619,416,2
3.3675543s,1.4992394s,1.3090204s,16589,416,0
2.7348759s,1.1003655s,0s,16623,416,2
2.7986315s,1.4832749s,0s,16603,416,2
2.8192696s,1.4097928s,0s,16615,416,2
3.0006212s,1.3442996s,3.3229811s,16564,417,3
2.7537159s,1.0903802s,6.5445869s,16552,417,3
2.1541214s,1.1352712s,7.1469593s,16560,417,3
2.9642067s,1.3461579s,6.336874s,16548,417,3
2.9154332s,1.367612s,3.4214408s,16600,417,3
2.5179395s,1.078947s,3.8235449s,16596,417,3
2.3392231s,1.0223849s,1.0078396s,16616,417,3
2.7242507s,1.2439178s,3.6234332s,16580,417,3
2.6702113s,1.0948345s,6.6416793s,16544,417,3
2.2215752s,1.0236024s,10.0633272s,16484,417,3
2.8297193s,1.1271733s,3.5210842s,16568,417,3
2.3423592s,1.2971141s,1.0078231s,16608,417,3
2.7750628s,1.4580912s,6.5425198s,16524,417,3
2.2470874s,1.1362303s,1.1056673s,16640,417,3
2.8499174s,1.3558952s,502.8373ms,16604,417,3
2.6519919s,1.3088638s,704.4979ms,16612,417,3
2.8546089s,1.3498356s,503.0872ms,16632,417,3
2.7856762s,1.1855692s,6.5451252s,16536,417,3
2.3610352s,1.0223849s,1.0064905s,16636,417,3
2.5394235s,1.1174596s,9.7666251s,16504,417,3
2.770343s,1.2635783s,604.501ms,16624,417,3
2.8713871s,1.3350879s,503.4569ms,16628,417,3
2.7510173s,1.3990911s,3.6244479s,16592,417,3
2.6742481s,1.1384456s,706.0526ms,16620,417,3
2.7014084s,1.428892s,6.6437202s,16540,417,3
2.6563195s,1.1085256s,3.7269183s,16588,417,3
2.3031012s,1.251629s,7.0443433s,16528,417,3
2.3595989s,1.2285115s,9.9666985s,16488,417,3
2.5643999s,1.1661501s,9.7618975s,16512,417,3
2.5670392s,1.4437434s,9.7595847s,16492,417,3
2.7667566s,1.1147973s,3.6223223s,16572,417,3
2.9730118s,1.1184146s,9.3597625s,16508,417,3
2.9730118s,1.3205298s,9.3597625s,16500,417,3
2.5710982s,1.2387458s,9.7638801s,16516,417,3
2.2702314s,1.1577588s,4.1275284s,16584,417,3
2.6722493s,1.2616948s,9.662729s,16496,417,3
2.1190459s,1.0096529s,7.2492894s,16532,417,3
2.7224746s,1.494347s,6.6458607s,16556,417,3
2.8834878s,1.440084s,3.5224468s,16576,417,3
2.184658s,1.049786s,10.1628786s,16520,417,3
2.7262338s,1.1625076s,5.6357306s,16606,418,1
2.6145835s,1.1060217s,8.5514705s,16594,418,1
2.4136999s,1.1896052s,8.7523541s,16578,418,1
2.1372623s,1.010999s,3.3216482s,16662,418,1
2.5189873s,1.4115706s,8.6551338s,16566,418,1
2.2438615s,1.010999s,3.2216392s,16658,418,1
2.3295651s,1.2545077s,8.853398s,16574,418,1
2.9538143s,1.4121474s,2.5172362s,16678,418,1
2.6550405s,1.4594123s,5.7356221s,16602,418,1
2.7427223s,1.2878099s,8.4530351s,16562,418,1
2.4871777s,1.1911814s,0s,16714,418,1
2.3610268s,1.2305033s,3.1213038s,16674,418,1
2.2660873s,1.1467041s,3.221996s,16666,418,1
2.7791497s,1.2615818s,5.6355687s,16622,418,1
2.6841649s,1.4981582s,5.7325839s,16614,418,1
2.7896108s,1.0667952s,2.7149516s,16654,418,1
2.6948261s,1.3492692s,5.7343579s,16634,418,1
2.592233s,1.0641055s,2.9195539s,16642,418,1
2.9945383s,1.4612101s,2.5172486s,16646,418,1
2.5716848s,1.2760296s,8.6579344s,16590,418,1
2.0951007s,1.001373s,6.3384888s,16630,418,1
2.7075805s,1.0227329s,2.8151326s,16670,418,1
2.9063082s,1.3581035s,5.533802s,16626,418,1
2.5304432s,1.355194s,0s,16694,418,1
2.2765551s,1.0843457s,8.963617s,16582,418,1
2.4034318s,1.1668807s,3.1233135s,16650,418,1
2.9173971s,1.1383597s,5.5323103s,16638,418,1
2.8129687s,1.4142663s,5.6367387s,16618,418,1
2.7960297s,1.4389804s,8.4528923s,16598,418,1
2.3929301s,1.1615621s,8.8559919s,16570,418,1
2.7960297s,1.3756554s,8.4528923s,16586,418,1
2.6234003s,1.1180143s,5.8361377s,16610,418,1
2.5739263s,1.4229585s,0s,16706,418,1
2.6160225s,1.4734939s,0s,16710,418,1
2.6268259s,1.3964133s,0s,16690,418,1
2.6796062s,1.121286s,0s,16698,418,1
2.7327577s,1.3154682s,0s,16702,418,1
2.8375104s,1.3702668s,0s,16718,418,1
2.9011085s,1.2423966s,0s,16686,418,1
2.827777s,1.2100194s,1.9107657s,16729,420,0
2.4342347s,1.2906231s,8.4522458s,16657,420,0
2.7327859s,1.4932573s,2.0119331s,16721,420,0
2.5399294s,1.3316941s,8.3507004s,16641,420,0
2.8419037s,1.4319132s,1.9108107s,16753,420,0
2.3808425s,1.2367196s,5.4338183s,16697,420,0
2.4446617s,1.0037481s,8.4521851s,16673,420,0
2.7554141s,1.2210721s,8.1468351s,16653,420,0
2.648559s,1.3986676s,8.2536902s,16677,420,0
2.2852231s,1.0560871s,5.5348401s,16709,420,0
2.2747635s,1.0241173s,603.2289ms,16795,420,2
2.7559179s,1.4971702s,2.0121592s,16741,420,0
2.5822369s,1.3774793s,302.004ms,16791,420,2
2.4556925s,1.0020509s,2.3139985s,16757,420,0
2.668078s,1.0752206s,9.5633361s,16667,420,2
2.5691727s,1.1114535s,9.6626417s,16651,420,2
2.8093248s,1.4147397s,6.3420736s,16687,420,2
3.0712994s,1.4711808s,7.8480884s,16669,420,0
2.8074802s,1.3372907s,5.0325964s,16689,420,0
3.0859804s,1.3186372s,9.1573197s,16655,420,2
2.7953458s,1.3460517s,100.6936ms,16799,420,2
3.0817917s,1.4814417s,7.8471987s,16645,420,0
2.9148571s,1.4099015s,4.9319473s,16713,420,0
2.4765772s,1.2750555s,8.4524132s,16665,420,0
2.5719113s,1.2485282s,2.2129467s,16749,420,0
2.7770036s,1.1508484s,8.1519868s,16649,420,0
2.8999152s,1.2760389s,0s,16775,420,2
2.3716892s,1.0455558s,3.7219484s,16751,420,2
2.8418625s,1.4402761s,10.9724264s,16613,420,0
2.4760943s,1.0854763s,3.6207756s,16735,420,2
2.3419746s,1.1351752s,11.4723143s,16637,420,0
2.3244766s,1.221082s,6.8467902s,16715,420,2
2.9858241s,1.2295285s,7.9534321s,16661,420,0
2.5346879s,1.1760204s,6.6371225s,16711,420,2
2.4243289s,1.1508837s,5.4332849s,16705,420,0
2.710037s,1.3460517s,200.7313ms,16771,420,2
3.0911158s,1.3084829s,1.7109566s,16725,420,0
2.8404662s,1.4034004s,6.3387977s,16699,420,2
2.754073s,1.3513106s,11.0729691s,16617,420,0
2.5554072s,1.1778897s,11.2716349s,16625,420,0
2.858909s,1.3266557s,10.9681331s,16633,420,0
3.1919523s,1.4967878s,2.9176708s,16723,420,2
3.0410619s,1.4474834s,4.8263624s,16685,420,0
2.3921052s,1.1115562s,3.7198749s,16755,420,2
2.2944887s,1.1272717s,2.512618s,16737,420,0
2.969073s,1.1908733s,12.2738422s,16627,420,2
2.5944109s,1.2613623s,3.519198s,16727,420,2
2.205032s,1.0142458s,10.0641981s,16663,420,2
2.8632288s,1.1985625s,10.9677991s,16629,420,0
2.3914477s,1.1004627s,2.415659s,16745,420,0
2.5414809s,1.2085542s,5.3316491s,16693,420,0
2.9463364s,1.3350249s,4.9267936s,16681,420,0
2.9736851s,1.4348487s,12.273307s,16639,420,2
2.6139022s,1.16535s,9.6594048s,16659,420,2
2.6252886s,1.3786682s,301.1228ms,16787,420,2
2.7749473s,1.2630307s,11.0688469s,16605,420,0
2.9550259s,1.3462914s,6.2423137s,16695,420,2
2.8077361s,1.0687041s,3.321179s,16747,420,2
2.7550083s,1.2036987s,5.1315627s,16717,420,0
2.8797888s,1.3634161s,10.9724381s,16621,420,0
2.8797888s,1.3468539s,10.9724381s,16601,420,0
3.0619464s,1.2837494s,4.8287008s,16701,420,0
2.7424645s,1.406972s,200.7862ms,16779,420,2
2.4120019s,1.1036842s,2.4166989s,16733,420,0
3.0696408s,1.2790404s,6.1397342s,16691,420,2
3.0348135s,1.2359117s,9.2605419s,16671,420,2
2.8182248s,1.2844998s,3.3215094s,16731,420,2
2.5853235s,1.3674964s,11.2730903s,16609,420,0
2.5390631s,1.172421s,9.7575529s,16679,420,2
2.5180532s,1.4020208s,3.6229416s,16743,420,2
2.5479115s,1.3136005s,9.7609882s,16647,420,2
2.8497504s,1.4087274s,9.4591493s,16643,420,2
2.3293319s,1.1532302s,3.8239466s,16739,420,2
2.5479115s,1.0142458s,9.7609882s,16675,420,2
2.5882373s,1.1335123s,6.6414875s,16683,420,2
2.6383637s,1.1165988s,3.5222256s,16759,420,2
2.8927082s,1.0606243s,6.3424207s,16719,420,2
2.8927082s,1.4370315s,6.3424207s,16707,420,2
2.5713291s,1.0617962s,402.2067ms,16767,420,2
2.693738s,1.3141966s,6.5418642s,16703,420,2
3.1107024s,1.2577546s,0s,16783,420,2
3.1298596s,1.3039471s,0s,16763,421,2
2.7295052s,1.4173492s,6.5355962s,16700,421,3
2.7432777s,1.4752298s,9.6544771s,16676,421,3
2.7432777s,1.4607251s,9.6544771s,16668,421,3
2.6081489s,1.4393447s,603.6651ms,16796,421,3
2.8365751s,1.2540426s,6.4344153s,16688,421,3
2.8205494s,1.4497052s,3.2199664s,16748,421,3
2.4332587s,1.0950795s,6.8377317s,16704,421,3
2.4108138s,1.3180022s,804.6219ms,16800,421,3
2.8283874s,1.2752669s,3.2171882s,16744,421,3
2.5298399s,1.1466596s,3.5209059s,16756,421,3
2.7541855s,1.1874389s,9.6596883s,16656,421,3
2.7541855s,1.3350656s,9.6596883s,16680,421,3
2.6428161s,1.2205706s,6.6390206s,16716,421,3
2.9536221s,1.1458836s,6.3391772s,16684,421,3
2.5483322s,1.2808983s,6.7444671s,16708,421,3
2.45403s,1.254578s,6.8406082s,16692,421,3
2.6466308s,1.1279689s,3.4213371s,16752,421,3
2.8811756s,1.4557683s,9.5552709s,16648,421,3
2.1506756s,1.0477404s,3.9226429s,16740,421,3
2.4424071s,1.1163545s,804.8447ms,16780,421,3
2.5491935s,1.2508319s,703.816ms,16784,421,3
2.5625133s,1.2668537s,3.519626s,16736,421,3
2.3841176s,1.2701954s,10.0611497s,16644,421,3
2.5966876s,1.1681887s,9.8555112s,16672,421,3
2.66062s,1.0258046s,602.9741ms,16764,421,3
2.777823s,1.4484613s,3.3183157s,16724,421,3
2.701639s,1.0231274s,9.7576277s,16664,421,3
2.077412s,1.0042761s,4.0209868s,16728,421,3
2.8771103s,1.3835446s,401.4563ms,16792,421,3
3.0797727s,1.4196891s,200.9267ms,16776,421,3
2.5808669s,1.4894095s,703.6038ms,16768,421,3
2.6002244s,1.239791s,3.51804s,16760,421,3
2.5169371s,1.395311s,6.8385751s,16696,421,3
3.1956046s,1.2895551s,101.0456ms,16772,421,3
3.1326534s,1.3881208s,9.3569186s,16652,421,3
2.7327948s,1.1574096s,9.7567772s,16660,421,3
2.5100849s,1.0457891s,3.620555s,16732,421,3
3.0017655s,1.5000482s,301.6517ms,16788,421,3
3.2304746s,1.4422674s,6.1324324s,16720,421,3
2.5271995s,1.1970396s,6.8357075s,16712,421,3
2.4575089s,1.1639154s,7.0408944s,16794,423,1
2.4394373s,1.0576421s,3.8242851s,16822,423,1
2.8484006s,1.4957399s,3.4200342s,16838,423,1
2.6517368s,1.0383461s,3.6188707s,16810,423,1
2.821106s,1.3676932s,603.2388ms,16846,423,1
2.6199252s,1.3785008s,804.4196ms,16842,423,1
2.7138175s,1.4440985s,9.9545096s,16738,423,1
2.7227222s,1.1810621s,704.6069ms,16866,423,1
2.5258643s,1.4019048s,904.7782ms,16878,423,1
2.6791892s,1.1656722s,6.8419519s,16778,423,1
3.0380996s,1.340447s,12.6797498s,16682,423,1
2.7835403s,1.3791848s,6.7376008s,16790,423,1
2.3839559s,1.0930067s,7.1396964s,16786,423,1
2.8289938s,1.4998544s,9.8569779s,16726,423,1
2.8289938s,1.4689767s,9.8569779s,16734,423,1
2.7243919s,1.2405759s,9.9615798s,16742,423,1
2.7734809s,1.1354513s,3.5169091s,16834,423,1
2.5680244s,1.0056811s,3.7223656s,16818,423,1
2.6414565s,1.1943377s,805.1267ms,16874,423,1
2.6414565s,1.3774802s,805.1267ms,16854,423,1
2.5853073s,1.45556s,3.7203031s,16826,423,1
2.8045742s,1.2696417s,6.7437803s,16770,423,1
3.0484377s,1.4727112s,9.6585255s,16750,423,1
2.5458034s,1.1136912s,10.1611598s,16754,423,1
2.9523745s,1.4531878s,9.7566075s,16722,423,1
2.8634812s,1.3165442s,602.696ms,16850,423,1
2.6627651s,1.2692488s,803.4121ms,16858,423,1
2.7683719s,1.3419805s,704.0531ms,16862,423,1
2.419434s,1.0106086s,7.1405153s,16798,423,1
2.920185s,1.4344675s,6.6397643s,16782,423,1
3.1586087s,1.4684916s,9.5599493s,16746,423,1
2.3007906s,1.0576421s,4.0255062s,16802,423,1
2.4721368s,1.2506194s,1.006233s,16870,423,1
2.7659186s,1.1851498s,9.9586656s,16730,423,1
2.9266005s,1.4498731s,6.639375s,16766,423,1
3.236973s,1.4606391s,6.3327168s,16762,423,1
2.5220593s,1.2141928s,3.8234905s,16814,423,1
2.4229067s,1.0325723s,3.9226431s,16830,423,1
2.4467629s,1.0056246s,7.1404743s,16774,423,1
3.0943954s,1.4698549s,9.6514505s,16758,423,1
2.331889s,1.1862368s,4.0222966s,16806,423,1
2.6521831s,1.2494034s,7.6515793s,16809,424,0
2.9973093s,1.2043529s,4.1261934s,16861,424,0
2.9599922s,1.141042s,7.3454195s,16833,424,0
2.5950176s,1.1327965s,4.5284851s,16877,424,0
2.9599922s,1.2283594s,7.3454195s,16837,424,0
2.9485s,1.4958326s,10.3607972s,16793,424,0
2.6628883s,1.3896937s,7.6474327s,16817,424,0
2.9019503s,1.2540693s,4.2264617s,16841,424,0
2.7690653s,1.4731892s,7.5416039s,16805,424,0
2.8302249s,1.3458329s,1.3094986s,16917,424,0
2.6584397s,1.3103679s,10.6643876s,16777,424,0
2.4334336s,1.3646316s,1.7135693s,16909,424,0
3.181909s,1.3412131s,7.1450721s,16801,424,0
2.6838482s,1.0146461s,7.6477061s,16813,424,0
2.5214209s,1.2339166s,4.6282244s,16845,424,0
2.7296394s,1.4388418s,4.4227663s,16849,424,0
2.7402205s,1.4834889s,4.4232005s,16853,424,0
2.5538627s,1.1553897s,1.612249s,16913,424,0
2.8394669s,1.2771922s,4.3239541s,16869,424,0
2.6843991s,1.4516498s,10.6648164s,16785,424,0
2.8638732s,1.3359064s,1.3084372s,16893,424,0
3.1077189s,1.2555098s,7.2459254s,16825,424,0
2.8071437s,1.4690139s,10.5616296s,16773,424,0
2.5527482s,1.3515938s,4.6302306s,16865,424,0
2.6002528s,1.1679002s,10.7685205s,16761,424,0
2.6488407s,1.0130028s,4.5341381s,16857,424,0
3.0779906s,1.4475996s,1.1076789s,16897,424,0
3.0038855s,1.4346872s,10.3648878s,16765,424,0
2.5159269s,1.1095206s,10.867038s,16781,424,0
2.8969538s,1.2596732s,1.3082291s,16889,424,0
2.5148031s,1.064464s,10.8734836s,16797,424,0
2.7376244s,1.3629324s,7.6474297s,16829,424,0
2.5363662s,1.1922485s,7.8486879s,16821,424,0
2.2907976s,1.0331031s,1.9150382s,16881,424,0
2.7023443s,1.4622115s,1.5109366s,16905,424,0
2.2855708s,1.1996448s,4.9276329s,16873,424,0
2.6315645s,1.1159223s,10.7674337s,16789,424,0
2.3294894s,1.0487619s,11.0695088s,16769,424,0
2.8085286s,1.1626307s,1.4097746s,16885,424,0
2.8085286s,1.3230833s,1.4097746s,16901,424,0
2.829345s,1.0307534s,9.0552943s,16823,424,2
2.6248601s,1.2489739s,9.2613522s,16807,424,2
2.3317746s,1.2160265s,9.5560357s,16815,424,2
2.3480692s,1.1922341s,0s,16955,424,2
2.7590378s,1.4231439s,2.9184814s,16895,424,2
2.4368643s,1.2099739s,9.4551905s,16811,424,2
2.7738397s,1.4372733s,2.9181808s,16883,424,2
2.5159239s,1.2641486s,6.3368483s,16867,424,2
3.0571672s,1.3522826s,8.8527722s,16839,424,2
2.419018s,1.3609069s,6.4376176s,16859,424,2
2.3797053s,1.1806066s,3.3220095s,16907,424,2
2.6562521s,1.4616564s,9.2575507s,16803,424,2
2.6239239s,1.1157237s,6.2364815s,16855,424,2
2.2959984s,1.1166302s,100.5002ms,16939,424,2
2.8102877s,1.1667238s,2.9152306s,16891,424,2
2.5830454s,1.1834563s,9.364464s,16827,424,2
2.9517388s,1.2136024s,5.9386034s,16879,424,2
2.4846835s,1.2353511s,9.4628259s,16835,424,2
3.3282094s,1.4939108s,2.4134783s,16903,424,2
2.6185458s,1.3780754s,3.1231419s,16899,424,2
3.1549208s,1.497079s,5.7416877s,16875,424,2
2.6557421s,1.3906092s,6.2408664s,16847,424,2
2.6557421s,1.2757572s,6.2408664s,16851,424,2
2.803342s,1.0980309s,9.158062s,16819,424,2
2.5306052s,1.2161843s,3.2240691s,16911,424,2
2.4372268s,1.1551428s,3.3229196s,16919,424,2
2.6391177s,1.2820016s,3.1210287s,16915,424,2
2.7788107s,1.3311147s,6.1387101s,16863,424,2
2.5412844s,1.1170969s,3.2213156s,16887,424,2
2.5813129s,1.0279594s,6.3391365s,16871,424,2
2.7189929s,1.4848757s,9.2586237s,16831,424,2
2.6844164s,1.3311147s,6.236033s,16843,424,2
2.5270252s,1.2192425s,0s,16927,424,2
2.5593939s,1.293023s,0s,16947,424,2
2.5703351s,1.279741s,0s,16951,424,2
2.7709925s,1.4139798s,0s,16959,424,2
2.835779s,1.0739619s,0s,16943,424,2
2.8361306s,1.3531059s,0s,16923,424,2
2.4530244s,1.0140767s,402.9715ms,16928,424,3
3.0220488s,1.3438545s,8.8620893s,16812,424,3
2.6675986s,1.2938912s,3.2203258s,16920,424,3
2.667187s,1.4979523s,201.6964ms,16940,424,3
2.8252869s,1.4813702s,6.0387291s,16848,424,3
2.6241173s,1.139069s,9.2619475s,16828,424,3
2.5704678s,1.0276824s,301.2802ms,16960,424,3
2.1353352s,1.0039635s,9.7612973s,16804,424,3
2.1775014s,1.0701281s,704.8972ms,16944,424,3
2.9422381s,1.4292851s,5.938586s,16856,424,3
2.5896799s,1.029558s,3.3218199s,16888,424,3
2.5530571s,1.2612784s,6.3349519s,16872,424,3
2.2533001s,1.0055156s,6.6347089s,16876,424,3
2.6509471s,1.3575922s,6.2370619s,16864,424,3
2.5595537s,1.4140591s,9.3553087s,16824,424,3
2.9017168s,1.2081188s,0s,16952,424,3
2.6027506s,1.4191926s,301.3082ms,16956,424,3
2.4606943s,1.1141001s,9.4605459s,16836,424,3
2.8681819s,1.3383608s,9.0564406s,16808,424,3
2.406019s,1.0858559s,3.5223898s,16904,424,3
2.5089236s,1.3475488s,3.4229309s,16916,424,3
2.5667968s,1.2746467s,6.3410765s,16860,424,3
2.9741649s,1.3981222s,5.9361779s,16868,424,3
3.0209677s,1.3189527s,2.9170419s,16908,424,3
2.7209759s,1.4794488s,3.2195611s,16896,424,3
2.8835307s,1.0113859s,9.05322s,16820,424,3
2.6826144s,1.0082438s,6.2401159s,16880,424,3
2.5322205s,1.2247801s,3.4208743s,16900,424,3
2.5893223s,1.2008294s,9.3599862s,16840,424,3
2.8914369s,1.0557767s,6.0358228s,16844,424,3
2.7975963s,1.4938785s,9.1586329s,16816,424,3
2.8403137s,1.1282115s,3.1197018s,16912,424,3
2.7422919s,1.1572973s,3.221186s,16892,424,3
2.8039323s,1.3345159s,6.1382121s,16852,424,3
2.6455484s,1.0164498s,301.4634ms,16932,424,3
2.6000313s,1.2651485s,9.367004s,16832,424,3
2.8525615s,1.2173849s,3.1182601s,16884,424,3
2.5493744s,1.047198s,402.2757ms,16924,424,3
2.5493744s,1.2219373s,402.2757ms,16936,424,3
3.1887134s,1.3192422s,0s,16948,425,3
3.0515001s,1.4782929s,7.0444273s,16926,427,1
3.0515001s,1.1669681s,7.0444273s,16938,427,1
2.6147806s,1.0767504s,4.4303348s,16974,427,1
2.7327809s,1.3586443s,10.6744443s,16882,427,1
2.4386532s,1.1606141s,1.5124138s,17010,427,1
2.5445678s,1.3373087s,1.413295s,17014,427,1
2.5445678s,1.2498153s,1.413295s,17030,427,1
2.5292152s,1.192085s,4.5300487s,16990,427,1
2.8522531s,1.4398052s,1.1080897s,17026,427,1
2.432498s,1.1223931s,4.6324409s,16966,427,1
2.4626915s,1.0861709s,1.5095738s,17018,427,1
2.2616458s,1.17505s,11.1682832s,16898,427,1
2.7833548s,1.3956055s,7.3466885s,16922,427,1
2.6702963s,1.0411387s,10.7645095s,16890,427,1
2.6501584s,1.2944011s,4.4287247s,16982,427,1
2.7488639s,1.1144273s,4.3300192s,16986,427,1
2.686397s,1.3850564s,7.4465593s,16954,427,1
2.4541552s,1.0536346s,4.6294747s,16970,427,1
2.8773958s,1.2238794s,1.104833s,17006,427,1
2.8801379s,1.3048617s,10.5678049s,16894,427,1
2.2720443s,1.0411387s,11.1758985s,16886,427,1
2.4937641s,1.1828925s,7.6494162s,16942,427,1
2.68431s,1.3621944s,1.3089913s,17034,427,1
2.6830292s,1.2767513s,1.3102721s,17022,427,1
2.2619447s,1.1498622s,4.8351633s,16994,427,1
2.7915817s,1.0596102s,1.2071034s,17038,427,1
2.7706741s,1.1251161s,4.3294121s,16962,427,1
2.6037203s,1.4504806s,7.5526059s,16934,427,1
2.6051357s,1.1375282s,7.5541783s,16958,427,1
2.8063698s,1.3801559s,7.3529442s,16946,427,1
2.5967738s,1.3785761s,10.8673027s,16918,427,1
2.3942421s,1.1605244s,11.0698344s,16910,427,1
2.9091881s,1.1165021s,1.1054267s,17002,427,1
2.8192592s,1.1384546s,7.3482568s,16930,427,1
3.3047625s,1.4833171s,10.167516s,16906,427,1
2.4203429s,1.1323432s,7.7471731s,16950,427,1
3.1014011s,1.2455689s,4.0264991s,16998,427,1
2.9216558s,1.3737234s,10.5682813s,16902,427,1
2.6065234s,1.2308441s,4.5271511s,16978,427,1
2.5224539s,1.0443403s,10.9674832s,16914,427,1
3.3567229s,1.4826291s,2.9192128s,17029,427,0
2.9241843s,1.3649909s,0s,17049,427,0
2.4959982s,1.0615037s,6.8447608s,16985,427,0
2.7235892s,1.4023558s,9.7619915s,16945,427,0
2.5967123s,1.277762s,6.7440467s,16989,427,0
2.4625294s,1.40351s,3.8237615s,17009,427,0
3.1707065s,1.4277065s,3.1193908s,17013,427,0
2.5679216s,1.0981315s,3.7221757s,17025,427,0
2.2298402s,1.0687014s,703.5342ms,17053,427,0
2.3060015s,1.1071559s,7.0478s,16993,427,0
2.1757335s,1.01766s,4.1235999s,17001,427,0
2.7817819s,1.3803684s,3.520916s,17017,427,0
2.1395516s,1.0482028s,10.364444s,16941,427,0
3.1448217s,1.417761s,9.3591739s,16925,427,0
2.9194764s,1.0975983s,6.4396975s,16973,427,0
2.5514368s,1.1351784s,403.3688ms,17057,427,0
2.4558817s,1.3523863s,503.1082ms,17069,427,0
2.5276882s,1.0296023s,6.8424927s,16977,427,0
2.7927121s,1.2535419s,3.5230007s,17033,427,0
2.4325837s,1.1941863s,6.9462246s,16997,427,0
2.5379964s,1.192494s,6.847928s,16969,427,0
2.9510438s,1.1045395s,6.4420606s,16981,427,0
3.0544681s,1.4716297s,6.3386363s,16965,427,0
2.4877613s,1.0819705s,503.3219ms,17065,427,0
2.4877613s,1.2161276s,503.3219ms,17077,427,0
2.324312s,1.139034s,4.0274015s,17037,427,0
2.385623s,1.1332095s,10.1653803s,16957,427,0
3.0972702s,1.4262621s,9.4541011s,16921,427,0
2.6906304s,1.2862183s,9.8607409s,16929,427,0
2.4698192s,1.0593295s,6.9367304s,16961,427,0
2.2942659s,1.0828502s,10.2571054s,16953,427,0
2.6906304s,1.1596373s,9.8607409s,16933,427,0
2.8393516s,1.4166343s,3.5199458s,17005,427,0
3.0422248s,1.1975213s,3.3208809s,17021,427,0
2.4039924s,1.0972241s,10.1593858s,16949,427,0
3.1080812s,1.4724831s,9.4596335s,16937,427,0
2.7105884s,1.399322s,302.7217ms,17045,427,0
2.4093942s,1.2470785s,604.2508ms,17073,427,0
2.7161057s,1.0750506s,302.0941ms,17041,427,0
3.1237159s,1.2856614s,0s,17061,428,0
2.6765272s,1.2205213s,4.9320372s,17023,428,2
2.6017295s,1.0219638s,2.011712s,17067,428,2
2.490082s,1.1737995s,8.3469153s,16971,428,2
2.597514s,1.324268s,8.2533263s,16963,428,2
2.9977651s,1.4923028s,4.6325097s,17031,428,2
2.6972501s,1.2533103s,4.9330247s,17015,428,2
2.902986s,1.2358007s,7.9478543s,16987,428,2
2.8253458s,1.2853975s,1.8095849s,17055,428,2
2.325013s,1.0422144s,2.3120708s,17059,428,2
2.7293638s,1.3006378s,1.910528s,17079,428,2
2.3044012s,1.1243363s,5.3328461s,17027,428,2
2.4324208s,1.3686996s,2.2120462s,17043,428,2
2.7104925s,1.3981412s,4.9317396s,17007,428,2
3.0393363s,1.3949658s,1.6081713s,17063,428,2
2.5120087s,1.3016961s,5.133264s,17039,428,2
3.2205655s,1.4415544s,7.6455898s,16967,428,2
3.0479783s,1.4255344s,10.8661553s,16931,428,2
2.7211683s,1.1915301s,4.930937s,17011,428,2
2.8199487s,1.1563563s,8.0550409s,16975,428,2
3.0195303s,1.3765968s,7.8554593s,16983,428,2
2.2223226s,1.0877502s,8.652667s,16979,428,2
2.9525151s,1.3074168s,10.9704528s,16935,428,2
2.7510493s,1.3841457s,1.914024s,17051,428,2
2.8302694s,1.4989353s,8.0531345s,16991,428,2
2.7341822s,1.2914596s,4.9310469s,17003,428,2
2.5380479s,1.2401874s,5.1322571s,17035,428,2
2.5557122s,1.2908652s,5.1280447s,17019,428,2
2.7831286s,1.28704s,1.9100768s,17071,428,2
2.6868024s,1.1066551s,2.0100103s,17047,428,2
2.1647342s,1.114444s,8.7551886s,16999,428,2
2.3659466s,1.2634842s,8.5539762s,16995,428,2
2.591582s,1.2315182s,2.1122465s,17075,428,2
2.4396488s,1.3820932s,100.3384ms,17120,428,3
2.6375921s,1.0436999s,5.9336492s,17012,428,3
2.4457627s,1.3486277s,3.0170895s,17064,428,3
2.742472s,1.3526777s,5.8332612s,17036,428,3
2.742472s,1.3762445s,5.8332612s,17024,428,3
2.3464771s,1.0011486s,201.3914ms,17104,428,3
2.759953s,1.4893204s,2.7152856s,17052,428,3
2.7824735s,1.3296818s,8.9604951s,16980,428,3
2.3921794s,1.3219266s,9.354901s,16968,428,3
2.4557587s,1.1091049s,6.1355774s,17040,428,3
2.5778723s,1.2743877s,0s,17112,428,3
2.4826547s,1.0037436s,100.4577ms,17088,428,3
2.6155839s,1.1674432s,9.1527974s,16976,428,3
2.6790263s,1.4335166s,5.9336107s,17008,428,3
2.1911098s,1.0482126s,3.3218459s,17072,428,3
2.4032084s,1.0613028s,3.1166568s,17060,428,3
2.9301525s,1.4774944s,8.8574528s,17000,428,3
2.3054409s,1.1077702s,3.2174568s,17048,428,3
2.9075188s,1.2252324s,2.6153789s,17080,428,3
2.7000387s,1.12544s,5.9386085s,17020,428,3
2.7417891s,1.0137073s,9.0526024s,16996,428,3
2.6098552s,1.0728302s,0s,17084,428,3
2.812392s,1.2362235s,2.7168162s,17044,428,3
3.1113922s,1.3274302s,5.5327323s,17032,428,3
2.9181324s,1.2714713s,2.6145999s,17068,428,3
2.4141155s,1.0741338s,3.1186168s,17076,428,3
2.5544019s,1.3832439s,9.2519375s,16988,428,3
2.318722s,1.0317408s,3.2204809s,17056,428,3
2.7445054s,1.188875s,9.061834s,16964,428,3
2.6544846s,1.3724546s,9.1518548s,16972,428,3
3.1557443s,1.3735532s,8.6510371s,16992,428,3
2.7556038s,1.2187242s,9.0511776s,16984,428,3
2.6159606s,1.4041272s,6.0350765s,17028,428,3
2.721099s,1.3410345s,5.9390553s,17004,428,3
2.8268954s,1.3105702s,5.8332589s,17016,428,3
2.6409044s,1.3556619s,0s,17096,428,3
2.6510219s,1.1143821s,0s,17100,428,3
2.778488s,1.4924462s,0s,17092,428,3
2.7983548s,1.2997563s,0s,17116,428,3
2.8211146s,1.3575714s,0s,17108,429,3
3.0094386s,1.3100205s,4.5255395s,17126,431,1
2.808999s,1.2230264s,4.7259791s,17134,431,1
2.8184682s,1.2147267s,1.7092415s,17194,431,1
2.8305462s,1.2164789s,10.9667492s,17054,431,1
3.2151091s,1.4360428s,7.5462356s,17106,431,1
3.0359507s,1.4024259s,10.7639514s,17074,431,1
2.8328703s,1.2175577s,1.7077128s,17186,431,1
2.1282042s,1.002421s,2.4123789s,17166,431,1
2.7259378s,1.4349949s,8.0448821s,17094,431,1
2.1411772s,1.031883s,11.6655934s,17050,431,1
2.5329688s,1.160086s,8.251583s,17090,431,1
2.9418316s,1.2705851s,4.6276111s,17130,431,1
2.1468091s,1.0446072s,11.6736934s,17078,431,1
2.6339608s,1.3338738s,8.1506439s,17118,431,1
2.1484348s,1.0274456s,11.6724446s,17062,431,1
2.3465287s,1.0976134s,2.2138523s,17198,431,1
2.6502145s,1.2690022s,1.9106712s,17190,431,1
2.2364792s,1.0473486s,8.5518671s,17110,431,1
2.556468s,1.3490264s,11.2735091s,17046,431,1
2.5658497s,1.0044221s,2.0102899s,17170,431,1
2.152458s,1.035023s,5.4331202s,17158,431,1
2.8724428s,1.1115319s,10.9680955s,17066,431,1
2.966429s,1.2800265s,4.6304572s,17138,431,1
2.6652075s,1.3034559s,4.9319993s,17142,431,1
2.5655576s,1.4460505s,5.0320631s,17146,431,1
2.7871112s,1.3431855s,11.0615693s,17058,431,1
2.2577413s,1.005761s,8.5549885s,17082,431,1
2.7705825s,1.1893835s,4.8278192s,17154,431,1
2.880954s,1.3956068s,1.7080091s,17174,431,1
2.4689085s,1.2536651s,8.349793s,17098,431,1
3.0853081s,1.3474527s,1.5088457s,17178,431,1
2.9841631s,1.144426s,4.6276683s,17150,431,1
2.6840501s,1.3305651s,8.1458002s,17114,431,1
2.374152s,1.1480464s,8.4556983s,17086,431,1
2.3957369s,1.0670793s,2.2101177s,17182,431,1
2.7057606s,1.251985s,11.1678069s,17070,431,1
2.3040326s,1.129459s,2.3143369s,17162,431,1
2.8020721s,1.3931438s,8.0463608s,17102,431,1
2.7164711s,1.3560135s,11.1679125s,17042,431,1
3.0094386s,1.4987425s,4.6259016s,17122,431,1
2.7198195s,1.1206581s,1.0066809s,17227,432,2
2.6658644s,1.0737757s,4.0253472s,17179,432,2
3.026872s,1.4753794s,704.5405ms,17203,432,2
2.2787921s,1.071786s,7.4452894s,17159,432,2
2.1817114s,1.1203857s,7.5423701s,17143,432,2
2.5706458s,1.2546336s,4.1257276s,17199,432,2
2.376157s,1.1380966s,7.3479245s,17131,432,2
2.9733362s,1.4343788s,9.9570308s,17111,432,2
2.8358196s,1.0670531s,903.9565ms,17215,432,2
2.8766542s,1.3346601s,3.8281712s,17167,432,2
2.2356538s,1.1023699s,1.5100355s,17231,432,2
2.7407862s,1.1341785s,1.0076708s,17239,432,2
2.7991373s,1.0770946s,6.9406553s,17127,432,2
2.4847435s,1.44864s,10.4630722s,17107,432,2
3.1957157s,1.4662597s,9.7553778s,17083,432,2
2.6916007s,1.1993248s,10.2594928s,17119,432,2
2.3916219s,1.233596s,4.325478s,17191,432,2
2.8979856s,1.3710413s,3.8232283s,17187,432,2
2.6083737s,1.4957419s,7.1405483s,17151,432,2
2.7145781s,1.1066737s,7.0431431s,17155,432,2
2.5614379s,1.2796754s,1.2076822s,17219,432,2
3.2062855s,1.4916818s,9.7615018s,17099,432,2
2.6054281s,1.4725038s,10.3623592s,17103,432,2
3.0277081s,1.2586653s,6.7398788s,17147,432,2
3.0147214s,1.1712207s,9.959151s,17115,432,2
2.43511s,1.230427s,7.3427225s,17139,432,2
2.7221817s,1.4006972s,10.2619363s,17087,432,2
2.7914173s,1.4603551s,1.0049733s,17211,432,2
2.6338856s,1.3583006s,4.124506s,17195,432,2
2.445154s,1.3189768s,7.3453245s,17123,432,2
2.3440355s,1.210909s,7.446443s,17135,432,2
2.5395326s,1.1446401s,4.2272155s,17163,432,2
2.69905s,1.0588474s,1.1056971s,17223,432,2
2.842051s,1.3525166s,3.9246971s,17183,432,2
2.8471453s,1.2192461s,10.155656s,17095,432,2
2.1428781s,1.0533534s,10.8599232s,17091,432,2
2.4079499s,1.1500099s,1.4077541s,17207,432,2
2.5501579s,1.1778822s,4.2275471s,17171,432,2
2.962001s,1.392154s,3.820894s,17175,432,2
2.5168047s,1.1711797s,1.306619s,17235,432,2
2.4321205s,1.2311709s,3.8196s,17173,432,0
2.9415285s,1.3653278s,3.3187141s,17177,432,0
2.8576732s,1.3955491s,6.3378261s,17137,432,0
2.7474927s,1.2928247s,3.5210398s,17181,432,0
2.5468451s,1.2071149s,3.7216874s,17193,432,0
2.8681261s,1.2904727s,6.3353146s,17157,432,0
2.6518639s,1.0726154s,3.6205192s,17165,432,0
3.0859669s,1.3586578s,200.8687ms,17225,432,0
2.2903115s,1.0747845s,10.0536192s,17105,432,0
2.8743538s,1.3472208s,6.3413728s,17153,432,0
2.8930174s,1.2358326s,9.4562414s,17113,432,0
2.8655382s,1.4010499s,3.4191308s,17197,432,0
2.3941754s,1.2311209s,905.3819ms,17233,432,0
2.3941754s,1.1158854s,905.3819ms,17201,432,0
2.8953526s,1.4970919s,6.3341488s,17141,432,0
2.9149492s,1.3776023s,402.984ms,17217,432,0
2.9862501s,1.4852892s,3.3216594s,17161,432,0
2.7999901s,1.0175927s,6.438977s,17149,432,0
2.6006516s,1.1775307s,6.6383155s,17121,432,0
2.3164572s,1.1690664s,10.0560421s,17089,432,0
2.6185131s,1.2658405s,704.4568ms,17237,432,0
2.6185131s,1.2658405s,704.4568ms,17213,432,0
2.3200418s,1.0116486s,1.0057596s,17209,432,0
2.7052829s,1.4946789s,6.5402504s,17125,432,0
2.6185547s,1.4415328s,9.7605108s,17117,432,0
2.8237015s,1.2923182s,9.555364s,17093,432,0
2.8303882s,1.100873s,9.5527783s,17101,432,0
3.1335322s,1.3480443s,9.2549152s,17097,432,0
2.5349449s,1.2067016s,805.1526ms,17229,432,0
2.8112377s,1.1353582s,3.5213707s,17169,432,0
2.6099098s,1.2142033s,3.7226986s,17185,432,0
2.8264831s,1.170235s,6.4412452s,17133,432,0
2.5381781s,1.3978267s,9.8630824s,17109,432,0
2.9310576s,1.2758198s,6.3370111s,17145,432,0
2.3351749s,1.0535761s,6.937612s,17129,432,0
2.4211604s,1.0812698s,3.9237211s,17189,432,0
2.7552817s,1.3732353s,9.6541896s,17081,432,0
2.5533904s,1.0174029s,805.241ms,17221,432,0
2.7535699s,1.4196609s,605.0615ms,17205,432,0
2.1529854s,1.0045745s,10.2564859s,17085,432,0
2.8953951s,1.4494662s,5.1253122s,17168,432,3
2.6507912s,1.2348662s,8.4477472s,17148,432,3
2.7493192s,1.3796709s,8.3499438s,17160,432,3
2.5933431s,1.3097168s,5.4273642s,17188,432,3
2.2832167s,1.1855618s,5.7382152s,17164,432,3
2.2428426s,1.2058197s,8.8564204s,17136,432,3
2.6507912s,1.03204s,8.4484718s,17128,432,3
2.7822949s,1.2836826s,5.239137s,17200,432,3
2.3558114s,1.2464214s,8.7521659s,17132,432,3
2.7651969s,1.1602409s,8.3490307s,17152,432,3
3.0778311s,1.4846122s,8.0466957s,17144,432,3
2.5093688s,1.4446281s,5.5373269s,17192,432,3
2.5747211s,1.1222327s,2.314769s,17208,432,3
2.4150678s,1.1416097s,5.6368647s,17172,432,3
2.3911679s,1.1745232s,8.7479481s,17124,432,3
2.6993646s,1.3821982s,2.2143556s,17236,432,3
2.4937179s,1.2009345s,8.6583621s,17156,432,3
2.3985007s,1.10559s,2.5180336s,17224,432,3
2.5013545s,1.1759179s,2.4165183s,17212,432,3
2.5065114s,1.3589924s,2.4148924s,17228,432,3
3.1187867s,1.4396573s,1.8093983s,17232,432,3
2.7137294s,1.4715894s,2.2144556s,17216,432,3
2.5511896s,1.0988435s,5.5350468s,17176,432,3
2.8587525s,1.448447s,5.2318952s,17184,432,3
3.1580514s,1.4517118s,4.9325963s,17180,432,3
2.7237496s,1.021359s,2.2153369s,17204,432,3
2.7242019s,1.4255749s,8.4507671s,17140,432,3
2.9248667s,1.4349752s,2.0142198s,17220,432,3
2.8323654s,1.4704806s,2.1125764s,17240,432,3
2.4703845s,1.3868261s,5.637454s,17196,432,3
2.8681509s,1.3511858s,704.3351ms,17358,435,1
2.3908686s,1.371379s,10.3706174s,17230,435,1
2.5994643s,1.3152344s,4.2269404s,17306,435,1
3.0113819s,1.370561s,6.8495905s,17246,435,1
2.5994643s,1.2097289s,4.2269404s,17302,435,1
2.5763565s,1.273609s,1.0060871s,17334,435,1
2.9005136s,1.3956533s,9.8639153s,17210,435,1
2.5139813s,1.1042083s,7.349934s,17266,435,1
2.819889s,1.4445619s,7.0471698s,17242,435,1
2.9862148s,1.2369094s,604.0275ms,17350,435,1
2.6110232s,1.1654548s,10.1661935s,17234,435,1
3.0345677s,1.3389748s,6.8469918s,17278,435,1
2.7277825s,1.3814312s,10.0573732s,17218,435,1
2.6206609s,1.0489195s,4.2294135s,17294,435,1
2.7219337s,1.0231295s,4.1281407s,17286,435,1
2.4259636s,1.3453962s,4.4275614s,17314,435,1
2.5485541s,1.4286166s,7.3454562s,17270,435,1
2.5452532s,1.1228782s,7.3487571s,17250,435,1
2.5315491s,1.3657101s,4.3278935s,17282,435,1
2.4283352s,1.1146134s,4.4311074s,17310,435,1
2.6315867s,1.3556843s,10.1682023s,17222,435,1
2.3542322s,1.1651403s,7.5450432s,17274,435,1
2.6527035s,1.2568024s,7.2469233s,17262,435,1
2.4127217s,1.0930052s,1.2073197s,17338,435,1
3.2450177s,1.4245849s,3.6239148s,17298,435,1
2.5289638s,1.0615099s,1.106639s,17326,435,1
2.7540173s,1.2499692s,4.1266032s,17290,435,1
2.7667271s,1.1307143s,7.1487824s,17254,435,1
2.6364181s,1.1536959s,1.007133s,17346,435,1
2.2588846s,1.1283546s,10.5658904s,17202,435,1
2.7772235s,1.1668386s,7.1470379s,17258,435,1
2.6632277s,1.0275306s,10.1615473s,17238,435,1
2.7423006s,1.206391s,907.4012ms,17342,435,1
2.9439088s,1.4506026s,705.793ms,17322,435,1
2.9439088s,1.4921821s,706.1748ms,17330,435,1
2.6743542s,1.1896251s,10.1631724s,17206,435,1
2.3713837s,1.2270605s,4.5310616s,17318,435,1
2.4747589s,1.0262905s,10.3672716s,17226,435,1
2.7812495s,1.2599404s,10.060781s,17214,435,1
2.657285s,1.4602118s,1.0057317s,17354,435,1
2.6060056s,1.22762s,3.6252067s,17339,435,2
2.9423671s,1.2956303s,9.362118s,17247,435,2
2.7128691s,1.2600011s,3.5228767s,17335,435,2
2.9152654s,1.342794s,3.3204804s,17323,435,2
2.9067955s,1.1461435s,6.2393474s,17287,435,2
2.4064122s,1.2404066s,6.7397307s,17319,435,2
2.4064122s,1.0216247s,6.7397307s,17307,435,2
2.7040304s,1.2006752s,6.4421125s,17311,435,2
2.868223s,1.3914029s,0s,17375,435,2
2.2506231s,1.1673934s,10.064406s,17267,435,2
2.857749s,1.2602354s,9.4572801s,17263,435,2
3.1619438s,1.4798373s,9.1530853s,17255,435,2
2.8796295s,1.420144s,0s,17395,435,2
3.0414878s,1.3497641s,3.2191974s,17351,435,2
2.5327136s,1.2838043s,6.6415585s,17291,435,2
2.9004566s,1.2575771s,0s,17387,435,2
2.4489506s,1.1158419s,6.7418213s,17295,435,2
2.6905867s,1.4974382s,9.662129s,17275,435,2
2.9108534s,1.3810813s,0s,17371,435,2
2.4086101s,1.0086568s,502.2433ms,17399,435,2
2.6990083s,1.4481506s,9.6632727s,17251,435,2
2.3549981s,1.0056796s,6.8453391s,17299,435,2
2.7661783s,1.0719013s,3.5273634s,17355,435,2
2.5149372s,1.3056511s,402.622ms,17363,435,2
3.375585s,1.4896467s,2.9175592s,17327,435,2
2.7567435s,1.2715843s,6.4435937s,17303,435,2
2.9211328s,1.4042441s,0s,17383,436,2
2.8639962s,1.2931717s,6.3453695s,17283,436,2
2.525619s,1.2286557s,402.7213ms,17379,436,2
2.3142715s,1.2491384s,10.0619513s,17271,436,2
2.5849236s,1.4492861s,3.7225599s,17331,436,2
2.7205806s,1.4416735s,9.6577256s,17259,436,2
2.9215463s,1.316593s,9.4567599s,17279,436,2
2.5949557s,1.2067762s,3.7231193s,17347,436,2
2.4792558s,1.1248656s,6.7456147s,17315,436,2
2.1942968s,1.151136s,4.1237782s,17343,436,2
2.6455802s,1.0693103s,301.205ms,17367,436,2
2.7310828s,1.2304232s,9.6629042s,17243,436,2
2.5007894s,1.0213186s,3.8244583s,17359,436,2
2.1461131s,1.0227666s,805.8916ms,17391,436,2
2.7751333s,1.2617577s,906.617ms,17381,436,0
2.8024645s,1.227672s,6.8423181s,17281,436,0
2.849682s,1.3074699s,3.8230837s,17337,436,0
2.7103148s,1.4314809s,6.9405891s,17285,436,0
2.9248597s,1.1852198s,9.6616905s,17265,436,0
2.2088146s,1.009067s,7.4528759s,17289,436,0
2.6198717s,1.318364s,9.9673033s,17241,436,0
2.9238499s,1.351483s,6.7466732s,17297,436,0
2.4991751s,1.448003s,1.2083157s,17361,436,0
2.4199056s,1.268492s,7.2506175s,17309,436,0
2.8279089s,1.4615749s,9.7674739s,17257,436,0
2.5350713s,1.200457s,10.0655771s,17249,436,0
2.9754142s,1.4518558s,3.7235055s,17333,436,0
2.4797975s,1.2321204s,4.2262727s,17341,436,0
2.9861633s,1.1707196s,3.7232714s,17349,436,0
2.5455915s,1.2952584s,10.0655719s,17273,436,0
2.4459595s,1.2030122s,10.1652039s,17269,436,0
2.3835976s,1.0647668s,4.3283101s,17325,436,0
2.5196481s,1.0614269s,1.2097767s,17373,436,0
2.5196481s,1.0927139s,1.2097767s,17377,436,0
2.4247427s,1.1025111s,1.3078574s,17365,436,0
2.6268331s,1.2037235s,1.1075579s,17393,436,0
2.5957771s,1.0658601s,4.1267523s,17353,436,0
2.4549935s,1.0143393s,7.2496491s,17301,436,0
2.3576768s,1.1666582s,7.3469658s,17293,436,0
2.5618175s,1.1025282s,7.1468139s,17313,436,0
2.4356857s,1.1775644s,1.3099134s,17397,436,0
2.9451184s,1.0512005s,804.4025ms,17385,436,0
2.743368s,1.0463424s,1.0061529s,17389,436,0
2.8754274s,1.2195611s,9.7644377s,17277,436,0
2.6167581s,1.4147256s,4.124958s,17345,436,0
2.976869s,1.1097101s,6.7417161s,17305,436,0
2.5519163s,1.2130511s,1.2079414s,17369,436,0
2.7214288s,1.4605186s,4.0245922s,17357,436,0
2.6272306s,1.1816511s,4.1236779s,17329,436,0
2.5882639s,1.4094446s,10.0643733s,17245,436,0
2.6889287s,1.3976504s,7.0464817s,17317,436,0
2.4928224s,1.0959679s,10.1674477s,17253,436,0
2.5934955s,1.0556961s,10.0667746s,17261,436,0
2.5337779s,1.2086067s,4.2256284s,17321,436,0
2.9134668s,1.4106198s,7.3459592s,17296,436,3
2.3690718s,1.2437744s,10.9750096s,17276,436,3
2.7185318s,1.278521s,4.6299678s,17348,436,3
3.1219466s,1.4408003s,4.229238s,17360,436,3
2.928926s,1.4205202s,4.4269346s,17328,436,3
2.8175838s,1.3681307s,7.4517436s,17292,436,3
3.0846554s,1.2966935s,10.2693274s,17244,436,3
2.9356361s,1.4968624s,4.4264846s,17344,436,3
2.3285822s,1.0513997s,7.9470053s,17288,436,3
2.6936758s,1.1716193s,10.6665671s,17264,436,3
2.7344787s,1.274254s,1.5100268s,17388,436,3
2.5386717s,1.3627016s,4.8297919s,17336,436,3
2.7331239s,1.294856s,7.5488065s,17320,436,3
2.7410833s,1.2113245s,1.5096827s,17384,436,3
2.8455476s,1.2087633s,4.527165s,17356,436,3
2.9457411s,1.3800907s,4.4269715s,17340,436,3
2.8006333s,1.3550024s,10.5702015s,17260,436,3
2.6383445s,1.0561263s,1.6124215s,17372,436,3
2.7438018s,1.3721244s,7.5461805s,17316,436,3
2.7153185s,1.0280115s,10.672848s,17248,436,3
2.7153185s,1.3060908s,10.672848s,17272,436,3
2.5595717s,1.0453291s,1.7101093s,17368,436,3
2.4637284s,1.1565718s,1.8114988s,17400,436,3
2.4637284s,1.1180173s,1.8114988s,17380,436,3
2.4275928s,1.1950873s,10.9773141s,17256,436,3
2.6688947s,1.1373622s,7.6513568s,17312,436,3
2.6760517s,1.2456437s,4.730733s,17332,436,3
2.4738713s,1.0398175s,1.8117697s,17396,436,3
2.6796238s,1.3708375s,7.6472105s,17300,436,3
2.4781722s,1.1160033s,7.8486621s,17304,436,3
2.281892s,1.0048895s,2.0139761s,17364,436,3
2.6505975s,1.3170664s,10.7653394s,17280,436,3
2.390312s,1.0539749s,5.0286736s,17324,436,3
2.7855488s,1.1659775s,7.5469036s,17284,436,3
2.893303s,1.260991s,1.408321s,17376,436,3
2.5545977s,1.2632087s,10.8760736s,17252,436,3
2.3615241s,1.0455849s,11.0691472s,17268,436,3
2.7960261s,1.3400473s,7.5499898s,17308,436,3
2.7023604s,1.0319495s,1.6086509s,17392,436,3
2.8034038s,1.4559919s,4.6295541s,17352,436,3
2.827062s,1.4593261s,4.2304327s,17466,439,1
2.2395577s,1.1820189s,7.7482952s,17414,439,1
2.8928559s,1.3084845s,1.2087049s,17502,439,1
2.6046345s,1.4334254s,10.3642544s,17370,439,1
2.6946863s,1.3667657s,1.4109125s,17490,439,1
2.5400141s,1.146672s,4.5291459s,17478,439,1
2.7509022s,1.0274326s,7.2452094s,17402,439,1
2.5201468s,1.2737709s,10.4632194s,17378,439,1
2.5573692s,1.3818786s,7.444961s,17430,439,1
2.7212511s,1.3181769s,10.2621151s,17374,439,1
2.5573692s,1.2416591s,7.444961s,17418,439,1
2.8145944s,1.1434114s,1.308048s,17518,439,1
2.7633404s,1.2762327s,4.3316165s,17458,439,1
2.9630098s,1.2210098s,4.1319471s,17446,439,1
2.128724s,1.0703735s,10.8731617s,17398,439,1
2.436145s,1.0685515s,10.5657407s,17386,439,1
2.5322446s,1.1529066s,10.4696411s,17394,439,1
2.7726276s,1.2092161s,7.2482221s,17410,439,1
2.5732041s,1.3729701s,4.5296056s,17462,439,1
2.4831946s,1.0030075s,7.5482172s,17406,439,1
2.0803361s,1.014865s,7.9510757s,17422,439,1
2.2379214s,1.0179451s,1.9122282s,17510,439,1
2.5517079s,1.4456067s,10.4709196s,17362,439,1
2.4576882s,1.1069307s,10.5738225s,17366,439,1
2.5542301s,1.3431908s,1.611138s,17498,439,1
2.3987625s,1.2187336s,7.6552589s,17438,439,1
2.2966326s,1.0615564s,4.8341065s,17442,439,1
2.5656065s,1.3843057s,1.6097072s,17514,439,1
2.6631657s,1.2044998s,1.512148s,17506,439,1
2.0966644s,1.0539929s,5.0423941s,17474,439,1
2.4052092s,1.0913362s,4.7338493s,17454,439,1
2.0966644s,1.0026986s,5.0423941s,17450,439,1
2.6685077s,1.228502s,10.3748691s,17390,439,1
2.6659319s,1.3691302s,1.5101168s,17486,439,1
2.981036s,1.4281955s,10.0657761s,17382,439,1
2.6154566s,1.0913362s,4.529483s,17470,439,1
2.9232823s,1.1685879s,7.1449396s,17434,439,1
2.2701727s,1.0784087s,1.9117571s,17494,439,1
2.1788983s,1.0101021s,2.0127139s,17482,439,1
2.3235445s,1.0634986s,7.7543598s,17426,439,1
2.4974013s,1.1472719s,2.7175315s,17487,439,2
2.7990232s,1.4598221s,2.4159096s,17495,439,2
2.4400119s,1.155288s,8.9582758s,17411,439,2
2.8450512s,1.344496s,8.5532365s,17427,439,2
2.6437987s,1.4734498s,5.8387767s,17467,439,2
2.4083313s,1.1243691s,2.8145934s,17507,439,2
2.3076365s,1.1677242s,2.9197739s,17503,439,2
2.5485052s,1.0862984s,5.9412306s,17471,439,2
2.2475041s,1.1446596s,9.1604058s,17419,439,2
2.2823398s,1.0202234s,0s,17555,439,2
2.3542135s,1.1085538s,6.145199s,17443,439,2
3.1612611s,1.432824s,5.3381514s,17479,439,2
3.2623254s,1.4522523s,5.2370871s,17463,439,2
2.8200762s,1.3440379s,2.4173842s,17519,439,2
2.6653167s,1.3637199s,5.8405726s,17475,439,2
2.4567898s,1.2016273s,8.9648118s,17423,439,2
2.5297532s,1.2104633s,2.7192875s,17499,439,2
2.8653977s,1.3124477s,8.5631976s,17407,439,2
2.5701805s,1.2624676s,5.9427025s,17451,439,2
2.2748567s,1.1043763s,9.1628305s,17403,439,2
2.9510371s,1.4539447s,2.315526s,17515,439,2
2.7874657s,1.3194205s,8.6583778s,17415,439,2
2.6974507s,1.1598546s,5.8351881s,17455,439,2
3.0007145s,1.353718s,5.5319243s,17447,439,2
2.5003874s,1.0294492s,6.0387082s,17459,439,2
2.6623603s,1.353132s,2.6172598s,17483,439,2
2.2028547s,1.1519218s,9.2548031s,17435,439,2
2.7679327s,1.2169521s,2.5130406s,17511,439,2
2.30722s,1.0526254s,9.1585783s,17439,439,2
2.7783248s,1.1592205s,2.512852s,17491,439,2
2.915215s,1.2037159s,8.5535022s,17431,439,2
2.3450367s,1.0440638s,0s,17551,439,2
2.4727882s,1.220773s,0s,17535,439,2
2.4722287s,1.1868826s,0s,17523,439,2
2.5998058s,1.1827417s,0s,17527,439,2
2.5998058s,1.3281867s,0s,17547,439,2
2.6202825s,1.137091s,0s,17539,439,2
2.6202825s,1.0460416s,0s,17543,439,2
2.2824656s,1.0635387s,2.0131141s,17549,440,0
2.8891252s,1.4947765s,1.4087651s,17521,440,0
2.5989813s,1.2400361s,4.5328891s,17493,440,0
2.3353165s,1.0506058s,7.8495092s,17465,440,0
2.633089s,1.4836846s,7.5520878s,17453,440,0
2.8540756s,1.3979598s,10.6713403s,17421,440,0
2.9371585s,1.3566884s,7.2480183s,17441,440,0
2.6639386s,1.0336975s,10.8682444s,17429,440,0
2.6981246s,1.2607412s,1.610889s,17553,440,0
2.7142453s,1.1247126s,4.4274671s,17509,440,0
2.7142453s,1.4716249s,4.4274671s,17513,440,0
2.504643s,1.0514828s,1.8117493s,17557,440,0
3.0533064s,1.3313524s,7.1480332s,17477,440,0
2.4639618s,1.2088517s,7.7437076s,17449,440,0
3.0166491s,1.059727s,1.30809s,17541,440,0
2.8296239s,1.4053485s,4.3264669s,17485,440,0
2.8748229s,1.242171s,10.6748134s,17409,440,0
2.7352169s,1.367573s,4.4274909s,17505,440,0
2.6238738s,1.2761237s,1.7118011s,17545,440,0
2.6238738s,1.2771141s,1.7118011s,17525,440,0
2.8261952s,1.1756194s,1.5094797s,17529,440,0
2.4400245s,1.0435869s,4.7292466s,17481,440,0
2.2932687s,1.0085148s,11.2695479s,17437,440,0
2.6936391s,1.4770179s,10.8691775s,17425,440,0
2.5769513s,1.0330397s,7.6456262s,17473,440,0
2.4400245s,1.3470115s,4.7292466s,17517,440,0
2.5945967s,1.382788s,10.9682199s,17401,440,0
2.2496283s,1.0336152s,4.9281902s,17501,440,0
2.8805461s,1.2912005s,7.3505788s,17445,440,0
2.6493602s,1.3728163s,1.7087681s,17533,440,0
2.5905657s,1.4033774s,7.6504929s,17461,440,0
2.5562199s,1.1899974s,4.6333494s,17489,440,0
2.1110445s,1.0583057s,11.4827665s,17433,440,0
2.270233s,1.2382419s,4.9300325s,17497,440,0
2.9182674s,1.4747546s,10.6755436s,17417,440,0
3.3402391s,1.4784697s,10.263871s,17405,440,0
2.5263016s,1.088829s,11.0778085s,17413,440,0
2.5139136s,1.333223s,7.7499574s,17457,440,0
2.7273518s,1.1550382s,7.5447094s,17469,440,0
2.6772042s,1.3756017s,1.7124066s,17537,440,0
2.5385151s,1.0380661s,1.7107489s,17536,440,3
2.2952905s,1.0685701s,8.0502243s,17468,440,3
2.5376277s,1.2529601s,4.7279703s,17520,440,3
2.338956s,1.1060073s,4.9307955s,17512,440,3
2.4014364s,1.1931847s,7.9509487s,17472,440,3
2.6013499s,1.395981s,7.7510352s,17480,440,3
2.8115854s,1.3165685s,7.5407997s,17464,440,3
2.652334s,1.4000432s,1.6096894s,17552,440,3
2.555163s,1.2032081s,1.712147s,17524,440,3
2.7175037s,1.306033s,7.6458092s,17452,440,3
2.8634058s,1.452861s,1.4098261s,17556,440,3
3.212816s,1.4385743s,10.3677897s,17440,440,3
2.5659454s,1.1165116s,1.7099163s,17560,440,3
2.8223077s,1.4592286s,7.54973s,17448,440,3
2.5128046s,1.177207s,11.0756362s,17424,440,3
2.6732944s,1.4793538s,1.6101897s,17540,440,3
2.9728974s,1.320481s,4.3282508s,17508,440,3
2.6329893s,1.4125948s,7.7537792s,17476,440,3
2.5905047s,1.1619107s,4.7274429s,17516,440,3
2.7912934s,1.041147s,4.5266542s,17496,440,3
2.7346711s,1.4182358s,10.8760093s,17428,440,3
2.8944002s,1.4369295s,1.4093846s,17548,440,3
2.1337073s,1.0367969s,11.4774513s,17432,440,3
2.6904009s,1.4883297s,4.6280249s,17488,440,3
2.7528816s,1.2846824s,10.8703554s,17420,440,3
2.6007529s,1.1085147s,4.7344562s,17500,440,3
2.6646222s,1.3245623s,7.7505037s,17444,440,3
3.1582028s,1.4102694s,10.4697391s,17408,440,3
2.7637539s,1.2257531s,10.8665257s,17436,440,3
3.014641s,1.4068703s,4.3229058s,17504,440,3
2.8633192s,1.424551s,10.7669604s,17404,440,3
2.5123439s,1.0005963s,1.8105619s,17532,440,3
2.6113717s,1.1767836s,4.7299913s,17492,440,3
3.2222273s,1.4690102s,1.1051133s,17544,440,3
2.4170503s,1.0356552s,1.9118852s,17528,440,3
2.6812578s,1.0881366s,7.7495734s,17460,440,3
2.8697315s,1.4683928s,10.7739157s,17416,440,3
3.0799168s,1.2424449s,7.3509144s,17456,440,3
2.3286703s,1.0495306s,5.0314032s,17484,440,3
2.9838847s,1.3583473s,10.6689216s,17412,440,3
2.9917707s,1.4733293s,4.1249453s,17606,443,1
2.8440348s,1.2782383s,7.1438437s,17562,443,1
2.4388131s,1.1134281s,7.5490654s,17582,443,1
3.1843601s,1.4340677s,805.4455ms,17646,443,1
2.7000297s,1.0345544s,4.4295429s,17634,443,1
2.5853941s,1.1161996s,1.4084361s,17654,443,1
2.2890271s,1.030148s,1.7107487s,17650,443,1
2.7933473s,1.1938837s,1.2064285s,17642,443,1
2.9080996s,1.057275s,4.2274186s,17610,443,1
2.3041037s,1.0641588s,4.8314145s,17614,443,1
2.5703573s,1.2843137s,10.3641278s,17554,443,1
2.5974208s,1.2977765s,1.4088161s,17658,443,1
2.8644448s,1.4197752s,7.1419793s,17590,443,1
2.7155514s,1.3778811s,4.4264279s,17602,443,1
2.4076249s,1.0541271s,1.6085527s,17666,443,1
2.7793745s,1.2960897s,7.2437044s,17566,443,1
3.1357424s,1.3285499s,4.0228917s,17622,443,1
2.2894943s,1.2162357s,10.6641724s,17530,443,1
2.5128685s,1.096048s,1.5104191s,17674,443,1
2.6865923s,1.2390912s,10.271759s,17542,443,1
2.4886352s,1.4256488s,7.5473385s,17586,443,1
2.6012883s,1.3017047s,10.3648773s,17522,443,1
2.7906745s,1.438262s,7.2459692s,17578,443,1
2.6328382s,1.4851411s,1.4091754s,17662,443,1
2.6328382s,1.3890197s,1.4091754s,17670,443,1
2.8584171s,1.4150806s,4.3239243s,17618,443,1
2.6934888s,1.2865939s,7.3532974s,17598,443,1
2.7680194s,1.229963s,4.4254012s,17626,443,1
2.8253051s,1.2631668s,10.1672387s,17546,443,1
2.3248363s,1.2045523s,10.668099s,17538,443,1
2.9301919s,1.3144286s,10.0627434s,17558,443,1
2.5268051s,1.2943324s,10.4658103s,17534,443,1
2.672438s,1.3114844s,4.5287259s,17630,443,1
2.417848s,1.0640268s,7.649991s,17574,443,1
2.4795488s,1.2997512s,4.726534s,17638,443,1
2.3230563s,1.2363446s,7.7474713s,17570,443,1
2.5377262s,1.0544003s,10.4629933s,17550,443,1
2.3457834s,1.1601036s,10.6607043s,17526,443,1
2.3678201s,1.1630748s,1.7089619s,17678,443,1
2.2269609s,1.1748495s,7.849587s,17594,443,1
2.374623s,1.1451881s,9.5583756s,17599,443,2
2.8325368s,1.2963854s,6.0373042s,17615,443,2
2.6823398s,1.3343067s,9.2592199s,17591,443,2
2.4528273s,1.0929929s,704.9608ms,17687,443,2
2.9564803s,1.2535488s,200.8908ms,17719,443,2
2.3852634s,1.1801385s,9.5598293s,17571,443,2
2.4193413s,1.2612858s,3.6250979s,17671,443,2
2.7378225s,1.3006053s,6.1417099s,17631,443,2
2.5458129s,1.2555011s,6.3375262s,17611,443,2
2.4734999s,1.2548707s,703.8305ms,17691,443,2
2.8376205s,1.1915516s,3.219643s,17663,443,2
2.7523316s,1.2126268s,6.1374687s,17603,443,2
2.675975s,1.4405157s,503.0144ms,17703,443,2
2.4406987s,1.0374605s,3.621714s,17667,443,2
2.7423353s,1.1149933s,3.3200774s,17651,443,2
2.2063763s,1.0083602s,9.7599654s,17583,443,2
2.7829134s,1.2891486s,401.9919ms,17715,443,2
2.6626752s,1.3088603s,6.236404s,17607,443,2
2.5860536s,1.1326734s,602.329ms,17695,443,2
2.6658221s,1.4509682s,6.2406612s,17639,443,2
2.4698942s,1.3850561s,6.4404421s,17623,443,2
2.9805365s,1.4795372s,11.982055s,17531,443,2
2.4283518s,1.0345015s,9.558091s,17579,443,2
2.7645621s,1.3937677s,3.3217944s,17675,443,2
2.7126978s,1.2744731s,501.8502ms,17683,443,2
2.482915s,1.1252072s,6.4469325s,17635,443,2
2.9149374s,1.3191609s,302.4402ms,17707,443,2
2.6754857s,1.1662352s,3.421825s,17647,443,2
2.5371046s,1.363241s,9.4644616s,17595,443,2
2.8799331s,1.2346262s,3.2200934s,17679,443,2
2.949409s,1.4867788s,9.0609342s,17567,443,2
2.7471522s,1.2953928s,9.263191s,17575,443,2
2.8016062s,1.3503416s,6.1377795s,17627,443,2
2.8115711s,1.3404914s,12.1802132s,17559,443,2
2.6273066s,1.3293072s,602.8386ms,17711,443,2
2.804935s,1.1671437s,6.1406091s,17619,443,2
2.4888824s,1.3323452s,3.6241249s,17643,443,2
2.4939138s,1.2811798s,3.6225196s,17659,443,2
2.3927035s,1.0424606s,3.7237299s,17655,443,2
2.7680078s,1.2732957s,9.2526811s,17587,443,2
3.0717187s,1.4891699s,8.9524536s,17563,443,2
3.2831064s,1.4565488s,0s,17699,444,2
2.3490154s,1.0955592s,11.3729486s,17589,444,0
2.8548796s,1.3515538s,10.8670844s,17593,444,0
2.7530817s,1.4005168s,10.969413s,17561,444,0
2.4775754s,1.3305995s,1.8115648s,17697,444,0
2.470416s,1.2701518s,5.1331255s,17649,444,0
2.1735324s,1.0256303s,5.4394741s,17677,444,0
2.7923769s,1.4548129s,1.5100967s,17701,444,0
2.872054s,1.3065668s,7.8484553s,17629,444,0
2.5680915s,1.2470661s,11.1755696s,17565,444,0
2.8027049s,1.2597828s,1.5081725s,17693,444,0
2.491739s,1.313688s,5.1335397s,17665,444,0
2.1938856s,1.0716344s,5.436394s,17653,444,0
2.5894185s,1.2865756s,11.1632465s,17581,444,0
2.9067336s,1.2478076s,4.7283133s,17669,444,0
3.3144013s,1.4998111s,4.3292563s,17657,444,0
2.5941048s,1.4784854s,8.1531872s,17621,444,0
2.4212482s,1.1868024s,1.912653s,17705,444,0
3.1036344s,1.380318s,7.6486221s,17637,444,0
2.4169342s,1.0574514s,5.2316879s,17673,444,0
2.9991469s,1.1312121s,7.7531096s,17613,444,0
2.5287981s,1.0316553s,1.8095235s,17685,444,0
2.505793s,1.0172813s,11.2719462s,17573,444,0
2.5034007s,1.2470661s,11.2743385s,17585,444,0
2.508315s,1.2078536s,8.2530231s,17633,444,0
2.4323576s,1.1373829s,1.9109448s,17689,444,0
2.631126s,1.4815298s,5.0336157s,17661,444,0
2.3116177s,1.1916848s,8.4567584s,17605,444,0
3.0164011s,1.4187909s,10.7699514s,17577,444,0
2.5412119s,1.130417s,1.8124681s,17717,444,0
2.5189272s,1.0465569s,8.2555155s,17625,444,0
2.8494623s,1.4510969s,1.5097562s,17713,444,0
2.3220273s,1.2039468s,11.4762587s,17569,444,0
2.7529633s,1.3408946s,1.6108859s,17681,444,0
2.5253737s,1.2772615s,11.274495s,17597,444,0
2.637884s,1.2851747s,8.147308s,17617,444,0
3.0407264s,1.4537124s,7.746949s,17601,444,0
2.846s,1.374547s,7.9515877s,17609,444,0
2.2638954s,1.1807587s,2.1156566s,17709,444,0
2.3640501s,1.2098915s,5.3299032s,17645,444,0
2.7588602s,1.2548441s,4.9356408s,17641,444,0
2.6660894s,1.0077217s,5.2308787s,17648,444,3
2.7476926s,1.237916s,2.2133685s,17692,444,3
2.7476926s,1.4706052s,2.2133685s,17712,444,3
2.5954729s,1.3119576s,8.4511887s,17640,444,3
2.6949606s,1.2858255s,8.351701s,17628,444,3
2.4781455s,1.1484679s,5.4338572s,17668,444,3
2.5570552s,1.1382616s,2.4187443s,17700,444,3
2.326206s,1.0094518s,11.6740648s,17596,444,3
2.3859418s,1.2294064s,5.5370514s,17680,444,3
2.3824798s,1.0769056s,5.5405134s,17656,444,3
3.0675353s,1.4656902s,1.9158749s,17704,444,3
2.5830727s,1.0235304s,5.3399205s,17644,444,3
2.416475s,1.3750128s,8.6559166s,17604,444,3
2.6175983s,1.1594171s,8.4547933s,17624,444,3
2.4704495s,1.4275827s,2.5163416s,17688,444,3
2.9357346s,1.3396384s,11.0723916s,17592,444,3
2.6936288s,1.2996521s,5.2391613s,17664,444,3
2.7410923s,1.4055219s,11.2734499s,17568,444,3
2.7986519s,1.396031s,5.1341382s,17672,444,3
2.5226339s,1.2226413s,8.5561737s,17608,444,3
2.3465861s,1.0525555s,11.6743439s,17572,444,3
3.1353596s,1.3774642s,7.9522372s,17632,444,3
2.5879332s,1.0795836s,2.4140631s,17684,444,3
3.1460175s,1.3290213s,7.9498414s,17616,444,3
2.7572212s,1.1718285s,11.273999s,17576,444,3
2.5201511s,1.1991686s,5.434101s,17652,444,3
2.5690431s,1.4175595s,11.4774313s,17588,444,3
2.4063605s,1.2966229s,2.6187788s,17720,444,3
2.7151003s,1.1888156s,2.3146701s,17716,444,3
2.6631289s,1.4332391s,8.4565031s,17612,444,3
2.939583s,1.3288072s,5.0340315s,17676,444,3
2.7843967s,1.2211909s,11.2709699s,17584,444,3
2.7843967s,1.3152369s,11.2714262s,17600,444,3
2.7497081s,1.0752514s,5.2343443s,17660,444,3
2.2232555s,1.1302947s,2.8212139s,17708,444,3
2.8908128s,1.488825s,11.1753817s,17564,444,3
2.670676s,1.4083266s,8.4593939s,17620,444,3
2.5756125s,1.2504824s,8.5548474s,17636,444,3
2.6382716s,1.4176259s,2.4148772s,17696,444,3
2.6025044s,1.2725034s,11.4737131s,17580,444,3
2.2757353s,1.1058239s,0s,17748,444,3
2.2974676s,1.0811156s,0s,17740,444,3
2.6848681s,1.0629212s,10.3719103s,17702,447,1
2.975281s,1.4310276s,7.2496717s,17726,447,1
2.3419277s,1.1367457s,1.7130442s,17822,447,1
2.6957306s,1.2454295s,10.363946s,17682,447,1
2.8562658s,1.3716531s,1.2067273s,17830,447,1
2.733948s,1.2666404s,4.5279483s,17782,447,1
2.8384037s,1.4006705s,4.4284434s,17766,447,1
2.6391956s,1.1284612s,4.6290826s,17790,447,1
2.3975853s,1.1936829s,7.8476874s,17734,447,1
2.9671721s,1.1207267s,1.1081198s,17834,447,1
2.5977871s,1.4383777s,7.6474856s,17730,447,1
2.6700726s,1.3549925s,1.4103977s,17826,447,1
2.2493067s,1.0148289s,5.0316238s,17778,447,1
2.2778421s,1.0283578s,1.810714s,17818,447,1
2.5125359s,1.0688654s,7.7494114s,17738,447,1
2.7875136s,1.3055933s,1.3099228s,17838,447,1
2.8347239s,1.4442031s,10.2674172s,17690,447,1
2.916768s,1.2140054s,7.3506492s,17750,447,1
3.0623866s,1.4696128s,4.2297496s,17762,447,1
2.5363484s,1.0741791s,10.5676257s,17686,447,1
2.3178421s,1.093762s,7.9514081s,17758,447,1
2.4002884s,1.1353348s,1.7101456s,17814,447,1
2.5764317s,1.3369519s,4.7287021s,17798,447,1
2.6536068s,1.054846s,10.4693683s,17694,447,1
2.3559514s,1.2099403s,10.7670237s,17710,447,1
2.9378066s,1.3617591s,7.3504446s,17722,447,1
2.6536068s,1.2099403s,10.4693683s,17714,447,1
2.5870133s,1.374663s,4.729094s,17786,447,1
3.1946998s,1.4206696s,4.1243173s,17774,447,1
3.0177183s,1.4780074s,1.106599s,17802,447,1
2.8188025s,1.3036383s,1.3082802s,17806,447,1
2.3661839s,1.1870704s,10.7695091s,17706,447,1
2.8513873s,1.3101799s,7.4495818s,17746,447,1
2.757129s,1.4490292s,7.5438401s,17742,447,1
2.4731993s,1.1205271s,10.6624937s,17698,447,1
2.5974566s,1.3693118s,4.7282315s,17770,447,1
2.6741032s,1.0071605s,10.4619334s,17718,447,1
2.549883s,1.1546723s,7.7514297s,17754,447,1
2.7993971s,1.3969784s,4.5266346s,17794,447,1
2.4325554s,1.1277422s,1.7111861s,17810,447,1
2.2308668s,1.0428769s,7.5478361s,17779,448,2
2.833058s,1.4166014s,9.9677247s,17739,448,2
2.5374645s,1.1976574s,7.2433109s,17799,448,2
2.4074027s,1.0849202s,4.2271682s,17823,448,2
2.7554467s,1.4495655s,905.79ms,17879,448,2
2.8134299s,1.1831913s,3.8297819s,17831,448,2
3.1514555s,1.3667549s,6.6454456s,17787,448,2
2.9679104s,1.4689789s,704.201ms,17847,448,2
2.6611794s,1.0998223s,10.1610766s,17731,448,2
2.6533938s,1.4170607s,7.1467824s,17763,448,2
2.2249139s,1.0698971s,4.4294212s,17819,448,2
2.8684576s,1.1401657s,9.9646252s,17723,448,2
2.8343541s,1.2509403s,3.8247543s,17815,448,2
2.7706188s,1.2291799s,7.0449922s,17771,448,2
2.9890661s,1.4297969s,704.604ms,17859,448,2
2.6516363s,1.4014994s,4.0210253s,17835,448,2
2.0891978s,1.0382696s,1.6101296s,17867,448,2
2.6755953s,1.2453149s,7.1485218s,17775,448,2
2.5945645s,1.4045608s,1.1047629s,17871,448,2
2.6961674s,1.1091158s,7.1392155s,17783,448,2
2.6934485s,1.2637042s,10.1640142s,17755,448,2
2.7131599s,1.4864347s,1.0066369s,17851,448,2
3.0031185s,1.294536s,6.8443568s,17795,448,2
3.1048864s,1.4077505s,6.7425889s,17791,448,2
2.4158708s,1.2177249s,1.3099529s,17863,448,2
2.810933s,1.2164512s,10.0644613s,17743,448,2
2.9733342s,1.2553841s,3.7285248s,17839,448,2
2.7069276s,1.2257697s,7.1463869s,17767,448,2
2.7231601s,1.0866402s,1.0058405s,17843,448,2
2.2748159s,1.0609791s,4.4275189s,17807,448,2
2.7154572s,1.3077936s,10.1639307s,17735,448,2
2.6840915s,1.2072648s,4.0246255s,17803,448,2
2.529641s,1.0371498s,1.2083105s,17875,448,2
3.0220798s,1.2816861s,9.8627412s,17759,448,2
2.7920789s,1.2447488s,3.9253441s,17827,448,2
2.7920789s,1.4001267s,3.9253441s,17811,448,2
2.6378427s,1.3945817s,1.1080282s,17855,448,2
2.9313829s,1.4402068s,9.9670019s,17747,448,2
2.8325028s,1.3355678s,10.065882s,17751,448,2
2.833058s,1.3064535s,10.0653268s,17727,448,2
2.5001335s,1.2206101s,7.7473083s,17797,448,0
2.4781708s,1.3762588s,1.7106251s,17857,448,0
2.7797953s,1.4041485s,1.4090006s,17853,448,0
2.5889098s,1.0990573s,10.6667943s,17745,448,0
2.713827s,1.3877329s,7.5440782s,17781,448,0
2.7904152s,1.1931229s,1.4084868s,17849,448,0
2.9977989s,1.2568768s,10.2700512s,17741,448,0
2.5996708s,1.3108703s,10.6681793s,17749,448,0
2.1974261s,1.0735761s,11.070424s,17757,448,0
2.5270097s,1.3702985s,7.7430415s,17785,448,0
2.4434662s,1.1500975s,4.9353755s,17837,448,0
2.2405326s,1.0727089s,5.1383091s,17809,448,0
2.4079328s,1.2588883s,1.8124525s,17841,448,0
2.5623141s,1.1102436s,4.8344679s,17821,448,0
2.6151753s,1.3178365s,10.6712168s,17753,448,0
3.1709328s,1.4168387s,4.2258492s,17813,448,0
2.7159543s,1.3121242s,1.5098949s,17865,448,0
2.5375745s,1.2863789s,7.7510187s,17769,448,0
2.8492006s,1.3742619s,7.4451133s,17777,448,0
2.2188073s,1.023454s,2.0127626s,17873,448,0
2.4765947s,1.0496657s,4.9300775s,17833,448,0
2.9293856s,1.317209s,1.3084376s,17877,448,0
2.4870802s,1.4664287s,4.9327717s,17825,448,0
2.5354508s,1.3218222s,1.7134683s,17845,448,0
2.5640884s,1.2397551s,7.7503681s,17761,448,0
2.7630868s,1.3518067s,7.5513697s,17793,448,0
2.5469268s,1.0181158s,10.7665374s,17737,448,0
2.8976181s,1.3706472s,4.5294601s,17829,448,0
2.9077059s,1.4795044s,4.5300269s,17805,448,0
2.8540512s,1.4660078s,10.4732917s,17725,448,0
2.9548912s,1.4585646s,10.3724517s,17721,448,0
2.8557509s,1.3373832s,10.471592s,17729,448,0
2.5084156s,1.1303367s,4.9323281s,17801,448,0
2.3553972s,1.1469305s,1.9144137s,17869,448,0
2.7843761s,1.1799811s,7.5517745s,17765,448,0
2.6884622s,1.362317s,7.6488761s,17789,448,0
2.8918112s,1.4344421s,7.4455271s,17773,448,0
2.6157833s,1.3077522s,4.8297438s,17817,448,0
2.566063s,1.157761s,1.7091423s,17861,448,0
2.3757718s,1.0092802s,10.967289s,17733,448,0
2.3968178s,1.1922951s,2.8189523s,17880,448,3
2.6209296s,1.2561883s,9.0582973s,17768,448,3
2.910057s,1.266176s,11.6792269s,17736,448,3
2.3119327s,1.0009704s,9.3672942s,17772,448,3
2.9767642s,1.3243153s,5.5363306s,17824,448,3
2.6209296s,1.075441s,9.0582973s,17788,448,3
2.814378s,1.3318521s,11.7749059s,17724,448,3
2.5084141s,1.1105999s,2.7194173s,17868,448,3
2.407546s,1.1484618s,2.8202854s,17844,448,3
2.4136439s,1.3036144s,2.8172089s,17872,448,3
2.9873295s,1.4578308s,5.5347495s,17816,448,3
3.2912262s,1.4564141s,5.2308528s,17832,448,3
2.5286653s,1.1504949s,12.0696028s,17728,448,3
2.8829442s,1.3965064s,5.6391348s,17804,448,3
2.9398839s,1.3750005s,8.7607083s,17764,448,3
2.4287845s,1.0617336s,2.8186441s,17852,448,3
2.7474857s,1.4332618s,8.962767s,17784,448,3
2.5343385s,1.4167724s,2.7185559s,17860,448,3
2.7406694s,1.0199342s,11.8796403s,17732,448,3
2.4446499s,1.3561176s,12.1777582s,17756,448,3
3.3468321s,1.4620651s,1.9107621s,17856,448,3
3.1661321s,1.3609887s,8.5525683s,17792,448,3
2.4550481s,1.1010043s,12.1737093s,17752,448,3
2.7503853s,1.2601226s,2.5198263s,17848,448,3
3.1225012s,1.3401105s,5.4389366s,17828,448,3
2.7258729s,1.460621s,5.8397331s,17808,448,3
2.5254274s,1.1155292s,6.0401786s,17840,448,3
2.666681s,1.3270043s,11.9771135s,17744,448,3
2.5357395s,1.293055s,6.0362839s,17812,448,3
2.6722067s,1.4550792s,2.6197767s,17864,448,3
2.2802202s,1.1819029s,9.4691215s,17796,448,3
2.3923113s,1.3247054s,12.2769143s,17760,448,3
2.3960122s,1.0061285s,9.3631564s,17800,448,3
3.0602552s,1.4587267s,5.5368466s,17836,448,3
2.4070009s,1.2716176s,9.3594952s,17780,448,3
2.6096301s,1.2104665s,9.1563149s,17776,448,3
2.2597367s,1.1478799s,6.3409493s,17820,448,3
2.2903796s,1.1678243s,3.0190802s,17876,448,3
2.1900663s,1.1736149s,0s,17896,448,3
2.3518811s,1.092437s,0s,17908,448,3
2.617724s,1.2040209s,5.3358837s,17938,451,1
2.8930034s,1.3871367s,7.9536077s,17894,451,1
2.3896315s,1.0425802s,8.4569796s,17914,451,1
2.7726695s,1.1095441s,2.3146073s,17974,451,1
2.6216491s,1.161098s,5.3388148s,17954,451,1
2.4438816s,1.3315164s,11.4802206s,17858,451,1
2.7829459s,1.4587345s,2.3141962s,17990,451,1
2.3920706s,1.3427199s,2.7172186s,17994,451,1
2.4375963s,1.0861338s,5.5380238s,17950,451,1
2.5439457s,1.0727009s,5.4371504s,17922,451,1
2.7656631s,1.0192517s,11.177994s,17866,451,1
3.0676258s,1.2530147s,10.8760313s,17854,451,1
2.3262517s,1.0558126s,8.555073s,17890,451,1
2.3262517s,1.1883515s,8.555073s,17918,451,1
2.6306013s,1.1106974s,8.2507234s,17886,451,1
2.9814917s,1.3765083s,10.9674588s,17870,451,1
2.2789457s,1.2290188s,0s,18034,451,1
2.3807593s,1.0604442s,11.5733028s,17874,451,1
2.8150677s,1.3618015s,2.3152601s,17982,451,1
2.1879585s,1.0035803s,11.7769875s,17850,451,1
2.3371633s,1.2604618s,8.5601569s,17906,451,1
2.6705939s,1.0660951s,5.3337229s,17934,451,1
2.5830247s,1.1391727s,11.3819213s,17878,451,1
2.8663309s,1.3146295s,5.1379859s,17926,451,1
2.5190591s,1.0337581s,2.6189268s,17998,451,1
2.7362015s,1.1815834s,8.1611187s,17898,451,1
2.6248925s,1.0078772s,2.5165309s,17978,451,1
2.4733726s,1.376074s,5.5376784s,17942,451,1
2.4972094s,1.0287562s,11.4744708s,17842,451,1
2.7753117s,1.1948595s,5.2357393s,17946,451,1
2.4517908s,1.0005006s,8.4522636s,17902,451,1
2.3836922s,1.1896802s,5.636772s,17930,451,1
2.4839199s,1.2040209s,5.5365443s,17958,451,1
2.7406673s,1.4367818s,2.4152636s,17962,451,1
2.6620532s,1.1361974s,8.253212s,17910,451,1
2.4021103s,1.0167799s,11.5807807s,17862,451,1
2.8476307s,1.2386286s,2.3156565s,17986,451,1
2.1641616s,1.084438s,8.7610617s,17882,451,1
2.5184948s,1.1899693s,11.4743543s,17846,451,1
2.3497946s,1.0859603s,2.8177954s,17966,451,1
2.7597508s,1.4524182s,2.415108s,17970,451,1
2.3940511s,1.101815s,0s,18022,451,1
2.508701s,1.2711884s,0s,18006,451,1
2.5696652s,1.2895106s,0s,18014,451,1
2.6012974s,1.4793678s,0s,18038,451,1
2.6255635s,1.4335649s,0s,18002,451,1
2.3157747s,1.1757315s,7.547057s,17955,452,2
2.76603s,1.1156846s,1.2078239s,18003,452,2
2.76603s,1.1584877s,1.2078239s,18007,452,2
2.6690008s,1.2202068s,1.3095544s,18035,452,2
2.3212205s,1.0048752s,7.5494661s,17951,452,2
2.5747686s,1.1736401s,1.4083555s,18023,452,2
2.5103398s,1.2008971s,10.3634991s,17899,452,2
2.5088121s,1.1446097s,10.365344s,17891,452,2
2.4341463s,1.1783635s,7.4470019s,17939,452,2
2.3829472s,1.0623735s,1.6088409s,18031,452,2
2.5077407s,1.1006481s,4.6319599s,17963,452,2
2.7414476s,1.3557083s,7.1422959s,17927,452,2
2.3374634s,1.1008772s,7.5462801s,17931,452,2
2.2913362s,1.1065373s,1.7125359s,18011,452,2
2.7251174s,1.433988s,4.4295328s,17975,452,2
2.3431497s,1.0921691s,7.5529481s,17959,452,2
2.2255732s,1.1606867s,10.6799336s,17895,452,2
2.4553495s,1.138342s,7.4513641s,17923,452,2
2.6406122s,1.3808903s,4.5322354s,17971,452,2
2.5396528s,1.047048s,4.6331948s,17987,452,2
3.1479125s,1.4641637s,4.0259759s,17991,452,2
2.1605883s,1.1047423s,7.7547477s,17947,452,2
2.6501341s,1.2131213s,10.2650048s,17907,452,2
2.8471448s,1.2271664s,10.0679941s,17915,452,2
2.6588627s,1.3967944s,10.2619271s,17911,452,2
3.0246653s,1.4204895s,1.0069615s,18027,452,2
2.836681s,1.3138578s,1.2078328s,18015,452,2
2.7686699s,1.0749286s,10.1678811s,17903,452,2
2.9408069s,1.4705675s,1.1090706s,18019,452,2
2.8706927s,1.0637625s,4.3270973s,17979,452,2
2.1646634s,1.0741007s,5.0331266s,17983,452,2
2.5690103s,1.2076499s,10.3744845s,17887,452,2
2.4020339s,1.3181245s,7.5487482s,17935,452,2
2.8810562s,1.4986241s,4.3282783s,17967,452,2
2.8787089s,1.3719705s,4.3311446s,17995,452,2
2.5027535s,1.1255788s,7.4480286s,17943,452,2
2.7836554s,1.2493683s,10.1674486s,17919,452,2
2.7529892s,1.4916622s,1.3089518s,18039,452,2
2.7872861s,1.2700523s,4.4311186s,17999,452,2
2.9998029s,1.1933832s,9.9598523s,17883,452,2
2.8342055s,1.3024563s,6.6442471s,17921,452,0
2.3932695s,1.1031519s,1.2077689s,18013,452,0
2.7358718s,1.2522367s,6.7425808s,17933,452,0
2.6032018s,1.2328166s,1.0055807s,18029,452,0
2.6826305s,1.0965937s,3.8269896s,17969,452,0
2.4824691s,1.175203s,4.027151s,17981,452,0
2.3167917s,1.1051572s,10.2703606s,17909,452,0
2.54662s,1.1968967s,6.9486027s,17941,452,0
2.5867474s,1.1083869s,3.9268437s,17965,452,0
2.6525205s,1.1500666s,6.8442235s,17929,452,0
2.8957826s,1.3207485s,3.6248136s,17993,452,0
2.7594082s,1.3522505s,6.7428196s,17937,452,0
2.930365s,1.4902881s,9.6637924s,17905,452,0
2.7594082s,1.3024563s,6.7428196s,17953,452,0
2.5201177s,1.1723616s,1.1070502s,18017,452,0
2.8331089s,1.4802534s,9.7634028s,17901,452,0
2.5002048s,1.3882595s,4.0266117s,17985,452,0
3.0381671s,1.3973253s,9.5622106s,17885,452,0
2.7317544s,1.3196912s,905.4133ms,18033,452,0
2.4425283s,1.1800744s,10.1661667s,17897,452,0
2.6356435s,1.4051905s,1.0065198s,18037,452,0
2.9816316s,1.4167307s,6.5391331s,17945,452,0
2.8408223s,1.0182292s,804.2183ms,18009,452,0
2.5207726s,1.2611139s,4.0267843s,17977,452,0
2.5207726s,1.4547554s,4.0267843s,17997,452,0
2.3534133s,1.1082978s,10.2677048s,17917,452,0
2.7253691s,1.3835043s,3.8251901s,17989,452,0
2.6260396s,1.1026577s,3.9250807s,17961,452,0
2.5597872s,1.0601518s,1.1079766s,18025,452,0
2.7632955s,1.2549815s,904.4683ms,18005,452,0
2.5416923s,1.3604023s,4.0245893s,17973,452,0
2.6703546s,1.4982127s,1.0058476s,18021,452,0
2.3684351s,1.0953752s,1.3077671s,18001,452,0
2.404758s,1.2081268s,7.148341s,17949,452,0
2.3798006s,1.2057531s,10.2756564s,17913,452,0
2.3848662s,1.1762722s,10.2705908s,17881,452,0
2.6098812s,1.1201936s,6.9536462s,17957,452,0
3.0919296s,1.3324752s,9.5646861s,17889,452,0
2.1848627s,1.0259886s,10.4724824s,17893,452,0
2.4257935s,1.3795528s,7.1470298s,17925,452,0
2.8873164s,1.4899248s,8.8586958s,17948,452,3
2.8286498s,1.0149274s,2.9201174s,18012,452,3
2.6512269s,1.1950545s,11.9742505s,17912,452,3
2.2806134s,1.0913357s,6.4371042s,17972,452,3
2.5288815s,1.0765188s,3.2224948s,18020,452,3
2.7786552s,1.2705544s,5.9390624s,17992,452,3
3.0357717s,1.265852s,2.719384s,18016,452,3
2.4336194s,1.0226102s,3.3263426s,18028,452,3
2.8867509s,1.2233424s,5.8395524s,17976,452,3
2.4397483s,1.1045244s,3.3219608s,18008,452,3
2.4838498s,1.2896086s,201.4911ms,18052,452,3
2.3866061s,1.0088533s,302.5716ms,18044,452,3
2.5908099s,1.3343507s,100.5615ms,18064,452,3
2.8534128s,1.1781858s,2.9184086s,18036,452,3
2.8743202s,1.4275645s,11.7783304s,17892,452,3
2.6724524s,1.2281063s,11.9801982s,17916,452,3
2.8736236s,1.4151348s,11.7783304s,17888,452,3
2.9189573s,1.4580273s,8.8596739s,17960,452,3
2.5061519s,1.1000657s,6.241597s,17988,452,3
2.6110872s,1.4300126s,6.1438579s,17984,452,3
2.5056435s,1.0120474s,203.8779ms,18056,452,3
2.9294399s,1.4082909s,8.8615539s,17944,452,3
2.4656285s,1.0677788s,3.3235075s,18024,452,3
2.4124911s,1.1115036s,6.3429862s,17964,452,3
2.9138914s,1.4947467s,5.8415859s,17968,452,3
2.5292923s,1.372447s,9.2656515s,17940,452,3
2.3906732s,1.0113422s,12.2785908s,17884,452,3
3.0360487s,1.4052515s,8.7588951s,17936,452,3
2.8370111s,1.4234134s,8.9579327s,17952,452,3
3.0790824s,1.4664145s,2.7145937s,18040,452,3
2.2270593s,1.1092082s,6.543471s,17980,452,3
2.845681s,1.3531134s,8.960898s,17924,452,3
2.7499574s,1.4184171s,9.0566216s,17932,452,3
2.401402s,1.3125999s,12.2794972s,17900,452,3
2.5270289s,1.1695994s,201.3575ms,18076,452,3
2.6081481s,1.2435577s,12.0788808s,17904,452,3
2.4869017s,1.18175s,3.323417s,18032,452,3
2.6334114s,1.2568129s,100.2695ms,18060,452,3
2.6592545s,1.0208223s,9.1598095s,17928,452,3
2.8442605s,1.0748644s,5.9446195s,18000,452,3
2.5046531s,1.0904981s,3.3232827s,18004,452,3
2.7492609s,1.4971146s,0s,18048,452,3
2.831242s,1.1852486s,11.8835714s,17920,452,3
2.6768112s,1.3212259s,9.163682s,17956,452,3
2.9663413s,1.3873553s,5.8381032s,17996,452,3
2.8981516s,1.1781807s,0s,18068,452,3
2.9187153s,1.2735605s,0s,18072,452,3
2.8497034s,1.1927133s,9.1610399s,18078,455,1
2.4206708s,1.175428s,6.4440423s,18086,455,1
2.8198034s,1.1702481s,6.0449097s,18118,455,1
3.1464011s,1.3897635s,8.8647131s,18058,455,1
2.3580126s,1.3002113s,9.663282s,18070,455,1
2.6582997s,1.0135815s,100.6693ms,18190,455,1
3.0850984s,1.4469411s,2.817714s,18142,455,1
2.5607943s,1.1920533s,201.1659ms,18178,455,1
2.1826545s,1.0462668s,3.7271181s,18122,455,1
2.6690482s,1.3386156s,100.4602ms,18162,455,1
2.5721962s,1.2596903s,202.4178ms,18174,455,1
3.0824329s,1.3941s,8.9594318s,18050,455,1
2.862805s,1.0860767s,6.0379745s,18110,455,1
2.4834358s,1.1065974s,9.567553s,18066,455,1
2.785146s,1.2504256s,0s,18198,455,1
2.6922918s,1.4789458s,9.3607717s,18074,455,1
2.3893803s,1.3127451s,9.6636832s,18042,455,1
2.6058887s,1.2792575s,3.3207763s,18134,455,1
2.7114019s,1.0650979s,3.2189679s,18146,455,1
2.4699179s,1.3493697s,6.4450801s,18090,455,1
2.8735929s,1.3312013s,6.0414051s,18082,455,1
2.9799974s,1.2657221s,5.9415872s,18094,455,1
2.9247629s,1.3105688s,3.0168243s,18154,455,1
3.0249248s,1.3154616s,2.9166624s,18150,455,1
2.782253s,1.1393096s,12.2824625s,18030,455,1
2.5213959s,1.3747102s,3.4243362s,18130,455,1
2.7790683s,1.4237454s,12.2856472s,18010,455,1
2.5076839s,1.0167265s,302.8266ms,18186,455,1
2.2101997s,1.1312332s,9.8675615s,18046,455,1
2.6921725s,1.4127128s,6.2421986s,18102,455,1
2.7324982s,1.3826825s,3.2218755s,18158,455,1
2.4117724s,1.1044947s,403.9758ms,18170,455,1
2.8163692s,1.2193889s,0s,18194,456,1
2.2141234s,1.1720102s,604.1248ms,18182,456,1
3.1408522s,1.4112947s,2.8208876s,18138,456,1
2.699274s,1.3896579s,6.243126s,18114,456,1
2.7968759s,1.3770682s,12.2845101s,18026,456,1
2.9925849s,1.4694538s,12.0888011s,18018,456,1
2.6252675s,1.131242s,201.0039ms,18166,456,1
2.7434277s,1.0977688s,3.2255614s,18126,456,1
2.506535s,1.2837959s,6.4457328s,18098,456,1
2.5361s,1.0936045s,9.5628758s,18062,456,1
3.0406121s,1.4910676s,9.0583637s,18054,456,1
2.3046162s,1.1895082s,6.6475316s,18106,456,1
2.4833929s,1.4013188s,1.3082173s,18183,456,2
2.744825s,1.4081117s,10.0720034s,18079,456,2
2.744825s,1.3865831s,10.0720034s,18055,456,2
2.9358774s,1.3323249s,3.9243976s,18147,456,2
2.6906759s,1.2179433s,1.1078362s,18175,456,2
2.3328336s,1.0882137s,7.5476984s,18095,456,2
2.8420891s,1.2752303s,4.0231821s,18155,456,2
2.2249878s,1.0544978s,7.6555442s,18107,456,2
2.4297123s,1.2305979s,7.4508197s,18119,456,2
2.3449935s,1.2440106s,10.4768311s,18043,456,2
2.4414685s,1.3422057s,4.430012s,18127,456,2
2.3467759s,1.0498167s,4.5253191s,18143,456,2
2.6447585s,1.3080164s,7.2425973s,18099,456,2
2.7497091s,1.0835467s,7.1428723s,18091,456,2
2.3663267s,1.2519543s,10.4711243s,18071,456,2
2.3663267s,1.2429274s,10.4711243s,18059,456,2
2.8767583s,1.4295299s,9.9636202s,18047,456,2
2.7763s,1.3857023s,10.0635846s,18063,456,2
3.0635587s,1.4082906s,3.8230543s,18131,456,2
2.3130449s,1.1777439s,1.5120487s,18167,456,2
3.0635587s,1.3931355s,3.8250936s,18139,456,2
2.6614269s,1.4447627s,4.227609s,18159,456,2
2.6857615s,1.0184672s,10.1707699s,18067,456,2
2.6264324s,1.4193088s,1.2099869s,18195,456,2
2.472638s,1.023794s,4.4294961s,18151,456,2
2.9430426s,1.314121s,907.1228ms,18187,456,2
2.2058118s,1.0048969s,10.6668885s,18075,456,2
2.8487058s,1.4288721s,1.0069777s,18171,456,2
2.3452234s,1.1996628s,1.5104601s,18179,456,2
2.8938959s,1.2636595s,4.0253463s,18135,456,2
2.7927546s,1.4313723s,7.1458333s,18087,456,2
2.9542542s,1.1959448s,905.5142ms,18191,456,2
2.6977796s,1.3461738s,7.2425465s,18083,456,2
2.800791s,1.025703s,4.1242743s,18123,456,2
2.4560311s,1.3831905s,1.4096958s,18199,456,2
2.7075274s,1.389506s,7.2439259s,18103,456,2
2.5051339s,1.1185354s,7.4463194s,18111,456,2
2.5742018s,1.0870269s,1.3070828s,18163,456,2
3.0152608s,1.4437173s,6.9478767s,18115,456,2
2.9412926s,1.3244147s,9.9631375s,18051,456,2
2.6044218s,1.3479274s,3.822914s,18141,456,0
2.2750965s,1.153836s,904.6495ms,18189,456,0
3.0828816s,1.2453403s,100.6172ms,18181,456,0
2.8303883s,1.4911284s,9.4585807s,18077,456,0
2.5168992s,1.2893288s,6.9416815s,18085,456,0
2.6893703s,1.3707568s,503.2632ms,18197,456,0
3.0227074s,1.2699438s,6.4438939s,18113,456,0
2.9276919s,1.1216586s,6.541989s,18109,456,0
2.4324216s,1.3106913s,9.8676476s,18073,456,0
2.4324216s,1.3539889s,9.8676476s,18053,456,0
2.6999743s,1.4878495s,503.0095ms,18169,456,0
2.6322681s,1.1528824s,6.8457436s,18081,456,0
2.6481328s,1.1716288s,9.6620501s,18065,456,0
2.4457774s,1.3166677s,9.8644055s,18061,456,0
2.6473353s,1.2308394s,6.8394082s,18117,456,0
3.0406252s,1.3066384s,3.4234109s,18149,456,0
2.4540445s,1.0881443s,9.8630873s,18057,456,0
3.2509235s,1.408565s,3.2202083s,18137,456,0
2.8496119s,1.4947147s,6.6442273s,18093,456,0
2.5195746s,1.1621208s,704.0247ms,18161,456,0
2.7215767s,1.2353992s,502.0226ms,18185,456,0
2.5503736s,1.2563638s,3.9241492s,18145,456,0
2.4557667s,1.1361959s,7.0451517s,18097,456,0
2.4641359s,1.163702s,7.0432383s,18089,456,0
2.4774856s,1.3688582s,9.8630626s,18069,456,0
2.4648587s,1.1200582s,4.0264116s,18157,456,0
2.3673827s,1.2399298s,7.146595s,18105,456,0
2.8390735s,1.2088619s,401.9961ms,18173,456,0
2.7740053s,1.2886046s,3.7208832s,18129,456,0
2.4757067s,1.0007687s,4.0273587s,18125,456,0
2.6791966s,1.3572515s,3.8238688s,18121,456,0
2.6791966s,1.2957928s,3.8243603s,18133,456,0
2.6791966s,1.2529852s,3.8238688s,18153,456,0
2.8529335s,1.496671s,401.4495ms,18177,456,0
2.656999s,1.2564977s,603.1634ms,18165,456,0
2.3999526s,1.0906022s,9.9692307s,18045,456,0
2.7645454s,1.1833938s,502.9131ms,18193,456,0
2.2944169s,1.2262212s,7.2489593s,18101,456,0
2.213297s,1.1283011s,10.1604675s,18041,456,0
2.4139786s,1.0656703s,9.9601906s,18049,456,0
2.8839234s,1.2508392s,6.1348601s,18156,456,3
2.5007285s,1.3385175s,3.4262648s,18200,456,3
2.2108006s,1.0013772s,3.7244239s,18180,456,3
2.6700691s,1.1895882s,9.6696119s,18108,456,3
2.5893802s,1.2967391s,6.4445862s,18140,456,3
3.0917902s,1.3221764s,5.9421762s,18148,456,3
2.2803163s,1.1846504s,10.0640214s,18116,456,3
2.5857673s,1.039876s,9.7613988s,18100,456,3
2.7580262s,1.4644945s,0s,18228,456,3
2.7330367s,1.4379978s,3.2194127s,18188,456,3
2.7638008s,1.4290733s,0s,18204,456,3
2.3644559s,1.2958794s,403.1298ms,18212,456,3
2.768563s,1.1308865s,0s,18236,456,3
2.3985356s,1.025417s,9.9620217s,18120,456,3
2.4723114s,1.2057439s,301.5195ms,18208,456,3
2.5173126s,1.3304917s,6.5421635s,18152,456,3
2.606723s,1.284756s,9.762031s,18096,456,3
3.3092779s,1.4346327s,9.0599588s,18092,456,3
2.3135918s,1.0611106s,6.7458843s,18160,456,3
2.4216607s,1.1255363s,6.6397639s,18144,456,3
3.2590212s,1.4303088s,12.3813425s,18080,456,3
2.4575386s,1.1356974s,3.5227358s,18192,456,3
2.7582966s,1.4233768s,3.2219778s,18172,456,3
2.8359828s,1.2988216s,6.2383755s,18136,456,3
2.5353519s,1.2518093s,6.5390064s,18128,456,3
2.8199904s,1.2405353s,9.5636458s,18088,456,3
2.8647621s,1.2092136s,3.117806s,18196,456,3
2.5650678s,1.2914134s,3.4257148s,18176,456,3
2.3222853s,1.1846504s,10.0695654s,18084,456,3
2.7340491s,1.4672571s,9.658357s,18112,456,3
2.9473407s,1.2185943s,6.1357875s,18132,456,3
2.6457465s,1.2589751s,6.4373817s,18124,456,3
3.0745935s,1.4690902s,2.9167445s,18184,456,3
2.620159s,1.2466745s,201.3248ms,18240,456,3
3.1901312s,1.480212s,2.8219715s,18164,456,3
2.5446215s,1.0067503s,9.8685493s,18104,456,3
2.6910062s,1.2878182s,3.3244453s,18168,456,3
3.0016371s,1.4379163s,0s,18216,456,3
3.0167641s,1.4629855s,0s,18220,456,3
3.1091269s,1.1950001s,0s,18224,456,3
2.8625952s,1.3646402s,6.9445341s,18258,460,1
2.6778112s,1.2961323s,1.0069772s,18334,460,1
2.3917579s,1.0330272s,10.269489s,18226,460,1
2.8813425s,1.2507772s,805.681ms,18346,460,1
2.4718487s,1.2463948s,7.3484468s,18262,460,1
2.4850903s,1.1585961s,1.208952s,18338,460,1
2.4036405s,1.0847427s,10.2668603s,18206,460,1
2.2757548s,1.094257s,7.5475076s,18270,460,1
2.8893257s,1.323518s,804.7166ms,18330,460,1
2.0996958s,1.0390747s,10.570805s,18202,460,1
2.9695282s,1.417934s,3.8260292s,18294,460,1
2.5693648s,1.4894782s,4.2261926s,18286,460,1
2.611469s,1.1992554s,10.0675704s,18218,460,1
2.4725802s,1.1156948s,4.3263928s,18306,460,1
2.503664s,1.0025419s,1.2110811s,18354,460,1
2.503664s,1.3549718s,1.2110811s,18358,460,1
2.6855069s,1.0091628s,4.1282513s,18318,460,1
2.9984467s,1.4636838s,3.8227076s,18314,460,1
2.7102553s,1.3615808s,7.143727s,18278,460,1
2.8959807s,1.3094683s,3.9251736s,18298,460,1
3.0963921s,1.3328261s,3.7247622s,18290,460,1
2.7283994s,1.4907118s,1.0059124s,18322,460,1
2.6010275s,1.3870398s,4.2299991s,18282,460,1
2.8472384s,1.2567356s,9.8654203s,18234,460,1
2.6218013s,1.4671069s,7.2470566s,18242,460,1
2.8373789s,1.3573056s,904.9809ms,18350,460,1
3.032828s,1.3427961s,6.8524005s,18254,460,1
2.3559918s,1.0717337s,10.3764751s,18210,460,1
2.7696603s,1.3380587s,9.9628066s,18230,460,1
2.9363313s,1.3057717s,6.9488972s,18274,460,1
2.4356982s,1.0124504s,7.4495303s,18250,460,1
2.324067s,1.1145912s,4.5307015s,18302,460,1
2.4736255s,1.1489622s,10.2679691s,18238,460,1
2.7800022s,1.4429737s,9.9635182s,18214,460,1
2.5465973s,1.1825827s,7.3496847s,18266,460,1
2.4640455s,1.3610231s,1.3088235s,18326,460,1
2.1514859s,1.0043347s,7.7506032s,18246,460,1
2.7841457s,1.186454s,9.9655399s,18222,460,1
2.6432355s,1.1036165s,4.2263837s,18310,460,1
2.870385s,1.2192524s,904.4611ms,18342,460,1
3.0256496s,1.4601569s,4.1248158s,18291,460,2
2.6355734s,1.2075459s,10.4684119s,18231,460,2
2.8692196s,1.2080009s,7.2475739s,18271,460,2
3.0247626s,1.4378139s,1.1045412s,18347,460,2
2.6793475s,1.0478576s,7.4470944s,18263,460,2
2.8799208s,1.4996755s,7.2465211s,18275,460,2
2.1753435s,1.0675068s,7.9510984s,18267,460,2
2.4265475s,1.1702885s,1.7100672s,18339,460,2
2.5304493s,1.1974071s,1.6086184s,18355,460,2
2.8434242s,1.3281572s,4.3270947s,18299,460,2
2.3504153s,1.1507489s,10.7717823s,18207,460,2
2.5611446s,1.0697981s,10.561053s,18223,460,2
2.3551866s,1.1157565s,4.8286068s,18319,460,2
2.5558377s,1.3281572s,4.6279557s,18287,460,2
2.8542932s,1.3221963s,4.3295002s,18315,460,2
2.2068555s,1.0482672s,7.9495157s,18251,460,2
2.5577472s,1.3954489s,1.6145017s,18359,460,2
2.4588468s,1.0103414s,1.7134021s,18327,460,2
2.9170668s,1.4331113s,7.2453186s,18279,460,2
2.4774485s,1.1576713s,10.6721287s,18211,460,2
2.9871918s,1.2803158s,10.166725s,18227,460,2
2.3859156s,1.2383343s,10.7680012s,18203,460,2
2.6738274s,1.0225409s,1.5101053s,18351,460,2
2.8774333s,1.4247008s,1.3083848s,18323,460,2
2.8945727s,1.4524173s,10.2685737s,18219,460,2
2.1782199s,1.0302003s,5.0332478s,18303,460,2
3.0795771s,1.4965586s,1.106241s,18335,460,2
2.2860675s,1.212843s,10.8770789s,18215,460,2
2.3968607s,1.0363564s,10.7701093s,18235,460,2
2.7314821s,1.2504964s,7.4482961s,18259,460,2
2.8962079s,1.4846854s,4.3242973s,18311,460,2
2.3386067s,1.1599521s,7.8463854s,18247,460,2
2.5982793s,1.1317997s,4.6326293s,18283,460,2
2.2447789s,1.090695s,7.9506166s,18243,460,2
2.7052371s,1.1187526s,4.5256715s,18295,460,2
2.1989394s,1.14318s,2.0113434s,18331,460,2
2.8198873s,1.3030655s,10.3677238s,18239,460,2
3.1034142s,1.4717129s,1.1068686s,18343,460,2
2.8083656s,1.4889287s,4.4275668s,18307,460,2
2.9644869s,1.4908327s,7.2467592s,18255,460,2
2.6261212s,1.346696s,7.143s,18269,460,0
2.4988596s,1.1341451s,4.4272608s,18293,460,0
2.8072285s,1.4280284s,4.1251129s,18281,460,0
2.5002147s,1.2152101s,10.263366s,18229,460,0
2.5701698s,1.0613261s,1.4098163s,18349,460,0
2.2344522s,1.0896283s,7.5494581s,18245,460,0
2.209131s,1.1268386s,4.7317785s,18309,460,0
2.4060138s,1.2600473s,10.3723192s,18213,460,0
2.8430008s,1.348047s,6.9470937s,18273,460,0
2.3435512s,1.1712469s,7.4465433s,18265,460,0
2.4523079s,1.1376171s,7.3436825s,18249,460,0
2.5473791s,1.1605804s,7.2486113s,18253,460,0
2.6846695s,1.1976557s,1.3104805s,18325,460,0
2.290991s,1.114283s,1.7104628s,18345,460,0
2.9250112s,1.4438265s,9.8667545s,18233,460,0
2.3352336s,1.1173136s,4.629178s,18285,460,0
2.8290952s,1.2152101s,9.9665557s,18225,460,0
2.6356093s,1.127901s,4.3288023s,18301,460,0
2.7064308s,1.1453566s,1.3087715s,18333,460,0
2.9089474s,1.4786229s,1.1062549s,18329,460,0
2.6421977s,1.1528831s,10.1673354s,18201,460,0
2.9590726s,1.3198326s,4.0227285s,18305,460,0
2.6522707s,1.4009178s,10.1607697s,18221,460,0
2.5835817s,1.2195387s,7.2412202s,18257,460,0
2.718876s,1.3647439s,1.3065177s,18321,460,0
2.2172034s,1.0297702s,1.8120602s,18337,460,0
3.2271009s,1.384435s,804.9227ms,18357,460,0
2.4739259s,1.0758485s,4.5303475s,18289,460,0
2.5682644s,1.4536969s,10.2672483s,18205,460,0
2.2643285s,1.021334s,10.5711842s,18209,460,0
2.9402034s,1.3933551s,1.1076239s,18353,460,0
2.8845643s,1.2097974s,4.1235529s,18313,460,0
2.4046445s,1.176352s,7.4464735s,18241,460,0
2.7887527s,1.136012s,4.2237948s,18317,460,0
2.4879174s,1.3685778s,4.5246301s,18297,460,0
2.8831246s,1.0317518s,9.9652183s,18237,460,0
2.4480323s,1.1395606s,1.6105085s,18341,460,0
2.2178912s,1.0967434s,7.6462643s,18277,460,0
2.9882385s,1.2479401s,9.8641555s,18217,460,0
2.2178912s,1.1395868s,7.6462643s,18261,460,0
2.8435469s,1.0945545s,2.2173486s,18356,460,3
2.4887106s,1.2807229s,8.3599682s,18264,460,3
2.4511103s,1.0939945s,5.435614s,18308,460,3
2.4976436s,1.2624317s,8.3583367s,18280,460,3
2.8538149s,1.2835979s,2.2143821s,18360,460,3
2.4117073s,1.105756s,8.4509876s,18276,460,3
2.4645049s,1.1335699s,5.4354381s,18304,460,3
2.1565704s,1.0457488s,2.9183412s,18344,460,3
2.9616437s,1.3218165s,2.1132679s,18336,460,3
2.314735s,1.1369384s,8.5529434s,18248,460,3
3.2411924s,1.4194575s,10.8710612s,18232,460,3
2.9214235s,1.3900089s,7.9496377s,18260,460,3
2.3672303s,1.2482002s,2.7160476s,18328,460,3
3.0735516s,1.4934789s,2.0138773s,18340,460,3
2.7828464s,1.3922129s,5.1418994s,18300,460,3
2.1843384s,1.1262076s,5.7404074s,18288,460,3
2.6843237s,1.033779s,5.2404221s,18284,460,3
2.7828464s,1.4778384s,5.1418994s,18316,460,3
2.6364931s,1.3629413s,8.2594322s,18268,460,3
2.093964s,1.0596398s,3.022175s,18352,460,3
2.3006173s,1.1904441s,2.8175785s,18332,460,3
2.4545552s,1.0579505s,8.4562981s,18252,460,3
2.7048043s,1.138435s,2.4182657s,18348,460,3
2.9627519s,1.4244745s,7.9481014s,18272,460,3
2.8250314s,1.2994675s,5.131051s,18320,460,3
2.4219235s,1.0538144s,5.5341589s,18312,460,3
2.5255929s,1.2232193s,5.4340984s,18296,460,3
2.7840281s,1.1828294s,8.145362s,18244,460,3
2.4404772s,1.1051029s,5.5321766s,18292,460,3
2.4844218s,1.1352029s,8.4509839s,18256,460,3
2.5325697s,1.1530532s,2.6150527s,18324,460,3
2.3228527s,1.041494s,0s,18396,460,3
2.4282923s,1.0260484s,0s,18384,460,3
2.4506437s,1.046351s,0s,18388,460,3
2.6541052s,1.3647345s,5.1340379s,18470,464,1
2.3985241s,1.2716284s,8.5577066s,18402,464,1
2.4943207s,1.3016791s,8.46191s,18418,464,1
2.5046493s,1.3279451s,8.4547343s,18422,464,1
2.7018305s,1.3339586s,11.168331s,18362,464,1
2.9789671s,1.2211115s,1.9127605s,18506,464,1
2.9107779s,1.2982073s,10.9705955s,18370,464,1
2.485938s,1.3526102s,2.4145675s,18486,464,1
2.7233448s,1.3100318s,8.2542211s,18438,464,1
2.8759325s,1.2081143s,4.9335458s,18454,464,1
2.6934694s,1.1569798s,2.2140065s,18510,464,1
2.5167416s,1.3962978s,11.3716022s,18382,464,1
2.7852932s,1.2022193s,5.0299098s,18478,464,1
2.3805785s,1.125932s,5.4346245s,18450,464,1
2.7988757s,1.2071584s,2.1143249s,18490,464,1
2.8242608s,1.3636767s,11.0698077s,18394,464,1
2.5837627s,1.2470294s,5.2314403s,18462,464,1
2.6894771s,1.1831324s,5.1370274s,18474,464,1
2.8391234s,1.293935s,8.1554687s,18410,464,1
2.835188s,1.2370008s,11.0707117s,18374,464,1
2.628192s,1.1649523s,11.2777077s,18386,464,1
2.6428495s,1.0895028s,11.2731779s,18378,464,1
2.8059325s,1.0293915s,5.0312294s,18466,464,1
2.9020024s,1.484737s,4.9351595s,18446,464,1
2.6296909s,1.1856387s,2.3150548s,18494,464,1
2.2320616s,1.0399874s,2.7184586s,18502,464,1
2.7352882s,1.0687694s,2.215232s,18498,464,1
2.4581745s,1.1672576s,11.4751228s,18398,464,1
2.5690838s,1.1640368s,8.4534356s,18434,464,1
2.3203831s,1.1831324s,5.5340487s,18458,464,1
3.1680876s,1.4775245s,7.8544318s,18414,464,1
2.4722471s,1.281653s,8.5573526s,18426,464,1
2.746662s,1.3262305s,2.2128477s,18518,464,1
2.579754s,1.4640374s,8.4564489s,18430,464,1
2.8842479s,1.1302309s,8.151955s,18406,464,1
2.8790753s,1.1799322s,11.0679055s,18390,464,1
2.6769315s,1.3494333s,11.2700493s,18366,464,1
2.3344137s,1.00482s,5.5337016s,18442,464,1
2.5497622s,1.1054517s,2.4163507s,18514,464,1
2.9585965s,1.4508785s,2.0147816s,18482,464,1
2.2965468s,1.0239219s,0s,18534,464,1
2.5641886s,1.3320422s,10.0662886s,18397,464,0
2.6085216s,1.3370983s,502.8302ms,18493,464,0
2.8113914s,1.1978454s,302.7705ms,18505,464,0
2.6686792s,1.1863834s,3.4236283s,18457,464,0
2.4685272s,1.0064603s,3.6237803s,18473,464,0
2.5459269s,1.2601957s,6.7427044s,18413,464,0
2.5459269s,1.2897413s,6.7443212s,18421,464,0
3.0496303s,1.3110666s,6.2406178s,18437,464,0
2.9781456s,1.3321937s,3.1207443s,18477,464,0
2.1779175s,1.1026465s,10.4702255s,18361,464,0
2.7264234s,1.2246599s,402.5942ms,18485,464,0
3.0895128s,1.4860737s,9.5586302s,18393,464,0
2.6898968s,1.2666017s,3.4230752s,18449,464,0
2.8908014s,1.3774694s,3.2221706s,18445,464,0
2.2873647s,1.0628665s,10.3665871s,18389,464,0
2.938595s,1.3897693s,200.918ms,18517,464,0
2.4899809s,1.1841549s,10.1686575s,18385,464,0
2.8435296s,1.3277553s,301.7358ms,18497,464,0
2.678661s,1.4988121s,6.6416583s,18417,464,0
2.8778514s,1.3433835s,6.4463022s,18433,464,0
2.2021461s,1.0035324s,3.9284905s,18453,464,0
2.6518257s,1.2967034s,503.2486ms,18501,464,0
2.9125784s,1.4110323s,3.2227898s,18441,464,0
2.4598743s,1.3993573s,703.261ms,18489,464,0
3.193517s,1.4560936s,6.1412809s,18409,464,0
2.4173986s,1.1626261s,10.2648621s,18369,464,0
2.5709305s,1.3754543s,604.0565ms,18481,464,0
2.7326476s,1.3334075s,3.420485s,18469,464,0
2.4747213s,1.0961603s,704.3676ms,18509,464,0
3.1316016s,1.4266636s,9.569155s,18373,464,0
2.4191139s,1.1330975s,6.9402374s,18429,464,0
3.3474628s,1.4815143s,9.3593513s,18365,464,0
2.6473536s,1.2477267s,3.5184807s,18465,464,0
2.5144921s,1.3749328s,6.8448592s,18425,464,0
2.089833s,1.0347361s,1.1094059s,18513,464,0
2.7646684s,1.210406s,3.4204438s,18461,464,0
2.6608094s,1.3320422s,10.0652826s,18377,464,0
2.8640662s,1.3308051s,9.8654802s,18381,464,0
2.3362149s,1.0417296s,7.0458687s,18405,464,0
2.7414505s,1.234408s,6.6406331s,18401,464,0
2.9812895s,1.4161265s,8.1584669s,18423,464,2
2.5747321s,1.3889725s,2.3118727s,18499,464,2
2.6816872s,1.2061931s,2.2124649s,18519,464,2
2.4063896s,1.0674332s,11.6776497s,18363,464,2
2.7861512s,1.2145075s,2.1108292s,18515,464,2
2.6027092s,1.3184314s,11.4813301s,18391,464,2
2.3871606s,1.2468117s,2.515275s,18503,464,2
2.503019s,1.1399936s,8.6543678s,18403,464,2
2.9069148s,1.4077335s,8.250472s,18439,464,2
2.7200165s,1.2070205s,11.371376s,18387,464,2
2.3916789s,1.1986011s,2.5125159s,18507,464,2
2.9237122s,1.1241462s,11.1784841s,18379,464,2
2.4297236s,1.2015001s,11.6767163s,18375,464,2
2.9340057s,1.3917612s,11.1728203s,18399,464,2
2.4317797s,1.0414551s,11.6750463s,18367,464,2
2.7822378s,1.4385993s,5.2299948s,18475,464,2
3.0859566s,1.3774527s,4.926276s,18443,464,2
2.3781431s,1.2340345s,5.6380066s,18471,464,2
3.0921537s,1.2160788s,4.9343099s,18459,464,2
2.3882214s,1.1561555s,5.6382422s,18479,464,2
2.4906409s,1.1656994s,5.538587s,18451,464,2
2.3441181s,1.217936s,11.7797032s,18395,464,2
2.2355755s,1.0073345s,8.9583986s,18411,464,2
2.6281432s,1.0047773s,2.3130895s,18487,464,2
2.2407645s,1.1359555s,8.9572531s,18431,464,2
2.6311206s,1.2892581s,2.3141556s,18495,464,2
2.5661848s,1.3230535s,11.5766415s,18371,464,2
2.613053s,1.3857453s,5.4351799s,18467,464,2
2.2106215s,1.0211671s,5.8376114s,18463,464,2
3.1605877s,1.4807019s,8.0524295s,18415,464,2
2.4614678s,1.3431961s,8.7574083s,18435,464,2
2.5769493s,1.1947276s,11.5759325s,18383,464,2
2.4614678s,1.0939108s,8.7574083s,18407,464,2
2.3482181s,1.0544734s,2.6179166s,18491,464,2
2.529471s,1.2315273s,5.5310564s,18455,464,2
2.3670145s,1.3003713s,8.8603544s,18427,464,2
2.8637502s,1.235741s,2.1108773s,18483,464,2
2.93522s,1.2494748s,5.1315612s,18447,464,2
2.5763611s,1.1504457s,8.6510078s,18419,464,2
2.2636995s,1.1314853s,2.7144771s,18511,464,2
2.2776822s,1.0360665s,0s,18543,464,2
2.351355s,1.259684s,0s,18559,464,2
3.198597s,1.4549853s,10.6703165s,18392,464,3
2.4931035s,1.1155632s,11.37581s,18380,464,3
2.3050575s,1.0653865s,2.11245s,18504,464,3
2.8119156s,1.4111596s,1.6106688s,18484,464,3
2.514586s,1.3753357s,1.9115825s,18488,464,3
3.1210656s,1.4793943s,4.4261685s,18448,464,3
3.1393237s,1.3453929s,7.5472341s,18408,464,3
2.6418038s,1.3289197s,8.0513891s,18432,464,3
2.6207949s,1.0310634s,1.8120087s,18512,464,3
2.6207949s,1.2114463s,1.8120087s,18492,464,3
2.6418038s,1.0381161s,8.0513891s,18436,464,3
2.7273351s,1.3219225s,1.7077902s,18508,464,3
2.9271984s,1.3873803s,10.9712019s,18400,464,3
2.6525312s,1.3154656s,8.0472721s,18428,464,3
2.5254916s,1.3096017s,11.3729087s,18376,464,3
2.8348163s,1.1107703s,4.7256633s,18460,464,3
3.0358827s,1.4894782s,4.5245969s,18476,464,3
2.6314815s,1.2018339s,11.2700717s,18368,464,3
2.6314815s,1.4944017s,11.2724661s,18372,464,3
2.4391264s,1.1162651s,5.1322054s,18480,464,3
3.0485492s,1.4216162s,10.8651518s,18364,464,3
2.5683222s,1.1654043s,8.1467818s,18416,464,3
2.4411827s,1.1143149s,2.013532s,18496,464,3
2.684095s,1.2564122s,8.0499963s,18440,464,3
2.8662835s,1.0495667s,4.7284841s,18452,464,3
2.7703458s,1.0565104s,4.8294859s,18444,464,3
2.7685489s,1.2839785s,1.7102172s,18520,464,3
2.5678347s,1.3440925s,5.031997s,18464,464,3
2.6745438s,1.0425641s,4.9304326s,18456,464,3
3.0963715s,1.4673137s,7.6479286s,18404,464,3
2.3761671s,1.0364623s,5.2347743s,18468,464,3
2.4941689s,1.2724512s,8.2560962s,18424,464,3
2.5997124s,1.4422176s,8.1505527s,18420,464,3
2.5786122s,1.1539468s,1.9117056s,18500,464,3
2.5890808s,1.132877s,1.9097533s,18516,464,3
2.505125s,1.2595998s,8.2540984s,18412,464,3
2.1869953s,1.0772899s,5.4350889s,18472,464,3
2.5803228s,1.1355754s,4.0300326s,18674,469,1
2.8834475s,1.2913191s,9.8635352s,18586,469,1
2.6818572s,1.4955725s,10.0651255s,18582,469,1
2.4794621s,1.1324911s,10.2675206s,18570,469,1
2.5910506s,1.1036458s,4.0241095s,18654,469,1
2.290104s,1.2688879s,4.3250561s,18670,469,1
2.7531914s,1.0549103s,6.9417902s,18626,469,1
2.7948081s,1.3718809s,3.8272737s,18666,469,1
2.414104s,1.0058596s,1.4131697s,18686,469,1
2.6303087s,1.2862922s,12.9876207s,18522,469,1
2.596554s,1.201675s,10.1679419s,18590,469,1
2.6303087s,1.364351s,12.9876207s,18542,469,1
2.505172s,1.1061727s,4.1244058s,18658,469,1
2.2049466s,1.0168907s,10.56886s,18574,469,1
2.8397302s,1.2177269s,1.0069692s,18682,469,1
3.0798215s,1.4357961s,6.6434734s,18622,469,1
2.5262163s,1.2714123s,4.1246004s,18646,469,1
2.8534335s,1.2440944s,12.7857348s,18526,469,1
2.5255574s,1.4776321s,10.2601774s,18566,469,1
2.7472516s,1.3806561s,12.8919167s,18558,469,1
2.6490629s,1.2214936s,1.2086672s,18702,469,1
2.6490629s,1.0890745s,1.2086672s,18698,469,1
2.8500064s,1.2647238s,1.0077237s,18710,469,1
2.9950997s,1.4967104s,6.7395859s,18614,469,1
2.4295964s,1.1619117s,4.2269135s,18650,469,1
2.8581823s,1.4677327s,1.0065497s,18706,469,1
2.4667552s,1.0707894s,13.18673s,18546,469,1
2.5700566s,1.2042402s,13.0834286s,18550,469,1
2.5338335s,1.0035991s,10.2662182s,18578,469,1
2.7968163s,1.3981172s,6.9481388s,18610,469,1
3.0054644s,1.3456443s,6.7396755s,18634,469,1
2.7001767s,1.3888836s,7.0454579s,18630,469,1
2.4628569s,1.1478967s,1.4093178s,18694,469,1
2.6710957s,1.1404745s,1.207768s,18718,469,1
2.3405259s,1.1736043s,10.4687278s,18562,469,1
2.4509974s,1.2609212s,4.2296923s,18678,469,1
2.7900562s,1.1598232s,12.8836829s,18538,469,1
2.4149132s,1.0786905s,7.3502958s,18602,469,1
2.9212257s,1.4830468s,6.8439833s,18606,469,1
2.5867518s,1.4860266s,13.0874633s,18530,469,1
2.2123642s,1.0236399s,7.5533208s,18618,469,1
3.0550966s,1.3599176s,9.765685s,18594,469,1
2.784624s,1.3705026s,1.1075053s,18690,469,1
2.5587701s,1.1462934s,4.1288311s,18662,469,1
2.6656665s,1.4282403s,4.0245836s,18642,469,1
2.8006752s,1.3534253s,12.8863258s,18554,469,1
2.4602905s,1.169722s,10.373277s,18598,469,1
2.8997748s,1.4498232s,1.0076233s,18714,469,1
2.5304736s,1.135427s,7.2547184s,18638,469,1
2.8025829s,1.427545s,5.9379938s,18561,467,0
2.3297775s,1.1954836s,3.225958s,18617,467,0
2.5286899s,1.4245287s,201.885ms,18665,467,0
2.3007771s,1.0752811s,6.4455853s,18573,467,0
2.6139908s,1.3114271s,6.1369559s,18565,467,0
2.2440857s,1.1243701s,3.3220198s,18605,467,0
2.5476191s,1.0975388s,9.2585749s,18529,467,0
3.0552473s,1.4237902s,8.7598659s,18557,467,0
2.4632107s,1.2733605s,9.3587066s,18525,467,0
2.8232832s,1.2276174s,5.9433868s,18593,467,0
2.7652842s,1.0483129s,2.8181938s,18625,467,0
2.5663015s,1.4005502s,3.0171765s,18633,467,0
2.7618953s,1.3560648s,0s,18649,467,0
2.47395s,1.0180962s,9.3565071s,18549,467,0
2.47395s,1.0877579s,9.3565071s,18553,467,0
2.6630811s,1.3602388s,100.0111ms,18653,467,0
2.570829s,1.1894136s,200.8619ms,18641,467,0
2.5812037s,1.3546988s,3.021913s,18601,467,0
2.3815488s,1.1138188s,3.2215679s,18621,467,0
2.8441538s,1.2062226s,5.9438041s,18581,467,0
2.57967s,1.0761259s,9.2665004s,18545,467,0
2.6883061s,1.3513163s,2.9177758s,18613,467,0
2.6550714s,1.2715136s,6.1358517s,18585,467,0
2.5923455s,1.3222274s,200.643ms,18677,467,0
2.9702948s,1.2579664s,5.8376133s,18597,467,0
2.6950369s,1.1701794s,100.2364ms,18669,467,0
2.4054988s,1.2393134s,9.4607302s,18541,467,0
2.3070148s,1.0761259s,9.5592142s,18533,467,0
2.4978053s,1.0787158s,301.7078ms,18673,467,0
2.8754904s,1.2579664s,5.9420583s,18569,467,0
2.7754954s,1.1808505s,6.0420533s,18577,467,0
3.1848412s,1.493756s,5.6361898s,18589,467,0
2.5134108s,1.2501901s,9.3628675s,18537,467,0
2.6242583s,1.4360672s,3.0178691s,18609,467,0
2.8284733s,1.0168163s,2.8199984s,18637,467,0
2.5291527s,1.0943315s,3.1202443s,18629,467,0
2.6320452s,1.1800638s,9.2574403s,18521,467,0
2.8525884s,1.4511068s,0s,18645,467,0
2.919665s,1.3108748s,0s,18661,467,0
2.9583351s,1.1276566s,0s,18657,468,0
2.9576557s,1.4442874s,10.7731411s,18551,468,2
2.8036532s,1.4860636s,5.1320035s,18623,468,2
2.330404s,1.0147416s,8.4520474s,18563,468,2
2.5020318s,1.1188976s,5.4336249s,18615,468,2
3.1583269s,1.4537795s,1.5079869s,18663,468,2
2.6690302s,1.1910158s,11.0710769s,18539,468,2
2.6574525s,1.4432423s,2.01097s,18655,468,2
3.006492s,1.4336028s,4.9344334s,18635,468,2
2.4051596s,1.0977117s,5.5357658s,18639,468,2
2.8828175s,1.2871704s,10.8696122s,18555,468,2
2.8467947s,1.433645s,7.9479793s,18595,468,2
2.7758046s,1.4830848s,10.9766251s,18547,468,2
2.6365262s,1.2351196s,8.1582478s,18571,468,2
2.6471062s,1.3135805s,8.1499378s,18583,468,2
2.6685608s,1.27918s,2.0133405s,18679,468,2
2.9693978s,1.4432423s,1.7120691s,18651,468,2
2.5946919s,1.0676652s,11.1702983s,18531,468,2
2.981767s,1.4898447s,1.7094299s,18659,468,2
2.6827574s,1.1166616s,2.0134675s,18671,468,2
2.5850275s,1.1010534s,2.1149114s,18647,468,2
2.5628955s,1.058629s,8.253181s,18587,468,2
2.3722129s,1.1266926s,8.4570235s,18599,468,2
2.4482515s,1.0932782s,5.5363279s,18631,468,2
2.6156996s,1.473724s,11.1759596s,18535,468,2
2.855993s,1.3876352s,5.1312158s,18607,468,2
2.2562661s,1.21481s,5.7379794s,18611,468,2
2.8295998s,1.1280153s,10.9708444s,18527,468,2
2.4880892s,1.0269672s,8.3600724s,18579,468,2
3.2689085s,1.4296658s,4.732024s,18603,468,2
2.5217592s,1.2294093s,2.2102648s,18675,468,2
2.6265474s,1.2557707s,2.1149665s,18643,468,2
2.6478029s,1.0653827s,11.1692456s,18523,468,2
2.4036694s,1.0306665s,8.4557234s,18591,468,2
2.4804305s,1.1065649s,5.5321676s,18627,468,2
2.4036694s,1.3342975s,8.4557234s,18575,468,2
2.9338852s,1.2384878s,1.8110227s,18667,468,2
2.3840657s,1.1235021s,5.6379849s,18619,468,2
2.3194698s,1.1726291s,8.5544095s,18567,468,2
2.865325s,1.4784279s,4.0278291s,18628,468,3
2.6800426s,1.3716638s,10.272083s,18548,468,3
2.8691271s,1.2720536s,7.0491854s,18568,468,3
2.4032821s,1.272838s,1.3082924s,18668,468,3
2.4772327s,1.1509818s,4.4281533s,18608,468,3
2.698057s,1.2397054s,10.2693289s,18560,468,3
2.5847398s,1.0756987s,7.3516133s,18580,468,3
3.1921039s,1.4007563s,3.7266159s,18636,468,3
2.3945007s,1.1345751s,4.5265224s,18632,468,3
2.5955567s,1.308497s,7.345697s,18596,468,3
2.6997071s,1.1119973s,4.2284912s,18624,468,3
2.832165s,1.0926802s,906.393ms,18680,468,3
2.5040633s,1.4110284s,4.4265986s,18620,468,3
2.8230121s,1.4414201s,10.1659025s,18540,468,3
2.8121532s,1.4631477s,4.1243312s,18640,468,3
2.5400892s,1.0981102s,1.2072635s,18660,468,3
2.5421373s,1.3623244s,1.2066697s,18648,468,3
3.0202306s,1.3816597s,6.9409109s,18576,468,3
2.628545s,1.0743803s,10.3664096s,18532,468,3
2.8170761s,1.2820763s,7.1465659s,18600,468,3
2.846762s,1.4726557s,904.5455ms,18652,468,3
3.0338131s,1.2476161s,9.9719515s,18536,468,3
2.8335161s,1.440459s,10.1722485s,18528,468,3
2.4244775s,1.1576292s,7.5487081s,18588,468,3
2.1531722s,1.1036666s,1.6108892s,18664,468,3
3.1648068s,1.4853382s,603.5775ms,18644,468,3
2.4359602s,1.3427367s,4.5312901s,18612,468,3
2.3356282s,1.1989614s,4.6316221s,18604,468,3
2.7696814s,1.1663212s,1.00622s,18656,468,3
2.6382514s,1.2508491s,7.3529551s,18584,468,3
2.6382514s,1.1786144s,7.3529551s,18592,468,3
2.6418545s,1.4564049s,4.3291214s,18616,468,3
2.8379236s,1.483407s,7.1532829s,18564,468,3
2.4646145s,1.1320687s,10.5639292s,18552,468,3
3.1863944s,1.3751856s,604.7609ms,18676,468,3
2.9705004s,1.3326613s,10.0668025s,18544,468,3
2.4574363s,1.1342798s,7.5468332s,18572,468,3
2.6758868s,1.3577381s,10.3621958s,18556,468,3
2.5840238s,1.0672027s,1.2079112s,18672,468,3
2.5702947s,1.229778s,10.4677879s,18524,468,3
3.0023577s,1.434145s,2.9193843s,18834,473,1
2.3731444s,1.0471736s,10.2635891s,18722,473,1
3.0188793s,1.4100708s,6.2397871s,18774,473,1
3.3843658s,1.490875s,9.2621016s,18734,473,1
2.7290929s,1.1758067s,201.7432ms,18858,473,1
2.8169081s,1.4365357s,3.1235582s,18810,473,1
3.3306257s,1.4763713s,5.9409368s,18786,473,1
2.2186653s,1.0680862s,3.7222715s,18822,473,1
2.5196528s,1.3421963s,3.421284s,18802,473,1
2.5242436s,1.3041751s,3.4212192s,18838,473,1
2.4993319s,1.1605101s,10.1680903s,18742,473,1
2.8086724s,1.1962029s,9.8623658s,18750,473,1
3.1513378s,1.2639084s,6.137925s,18778,473,1
2.5452385s,1.058413s,6.7440243s,18770,473,1
2.5467521s,1.3472918s,6.7425107s,18790,473,1
3.1513378s,1.3270054s,6.137925s,18782,473,1
2.8534006s,1.2460008s,6.4449461s,18766,473,1
2.6167745s,1.2695544s,10.065938s,18726,473,1
2.7485225s,1.1942428s,3.220042s,18830,473,1
2.6642883s,1.2611336s,302.0385ms,18854,473,1
2.4629179s,1.3040979s,503.8526ms,18878,473,1
2.4702929s,1.3216322s,503.3571ms,18866,473,1
2.6518397s,1.1764765s,3.324168s,18818,473,1
2.2324052s,1.1042278s,10.4700318s,18758,473,1
2.58617s,1.0775543s,401.8393ms,18862,473,1
2.577997s,1.2720429s,3.421641s,18826,473,1
2.2989259s,1.1740519s,704.2561ms,18846,473,1
2.5904317s,1.2098457s,6.7457337s,18762,473,1
2.7892142s,1.0065288s,6.5469512s,18794,473,1
2.2989259s,1.2278634s,704.8894ms,18850,473,1
2.5019265s,1.0964351s,504.3705ms,18842,473,1
2.5019265s,1.2687525s,504.3705ms,18874,473,1
2.5032293s,1.2298846s,503.0677ms,18870,473,1
2.4876665s,1.2430768s,3.5234358s,18814,473,1
2.5870711s,1.3208691s,3.4240312s,18806,473,1
2.9647027s,1.4821961s,9.7643641s,18738,473,1
2.3627031s,1.1554829s,10.3663637s,18730,473,1
2.2569376s,1.0918448s,10.4721292s,18746,473,1
2.6044698s,1.2422364s,6.7438467s,18798,473,1
2.5743925s,1.4722989s,10.1582898s,18754,473,1
2.8702403s,1.3947778s,502.8742ms,18829,472,0
2.4702339s,1.1025236s,904.0754ms,18825,472,0
2.4632522s,1.2012192s,4.0245664s,18777,472,0
2.8858196s,1.3353504s,9.965067s,18705,472,0
2.4809201s,1.4170635s,905.3552ms,18833,472,0
2.6768125s,1.4947843s,3.8236032s,18785,472,0
2.7853161s,1.4970589s,604.2267ms,18805,472,0
2.5943094s,1.2728221s,10.2691743s,18713,472,0
2.5943972s,1.2540188s,804.0029ms,18821,472,0
2.4961929s,1.1567506s,904.1997ms,18813,472,0
2.664768s,1.310147s,7.1460365s,18737,472,0
2.664768s,1.1682437s,7.1460365s,18721,472,0
2.8170462s,1.4347664s,10.061245s,18693,472,0
2.8088861s,1.3636316s,602.4746ms,18837,472,0
2.1969172s,1.0497375s,4.3267661s,18761,472,0
2.2060049s,1.1330462s,1.2068055s,18817,472,0
3.1108729s,1.3917329s,3.4195598s,18797,472,0
2.932016s,1.3948966s,9.9665512s,18717,472,0
2.7301019s,1.2761287s,10.1684653s,18701,472,0
2.6344387s,1.4463919s,10.2650299s,18709,472,0
2.4110166s,1.1179774s,4.125384s,18769,472,0
3.2955813s,1.3415611s,6.5417083s,18725,472,0
2.4919044s,1.0288923s,7.349685s,18733,472,0
2.6107763s,1.3307678s,7.2444402s,18729,472,0
2.5450484s,1.081374s,903.7139ms,18801,472,0
2.459594s,1.292816s,10.4707131s,18697,472,0
2.2400085s,1.081057s,4.3272306s,18793,472,0
2.9544048s,1.3254251s,501.9614ms,18809,472,0
3.0674867s,1.3806824s,9.8646694s,18681,472,0
2.4199242s,1.046332s,7.4469937s,18749,472,0
2.619941s,1.4121142s,7.2501319s,18757,472,0
2.9514685s,1.3003023s,3.6230231s,18781,472,0
2.5731549s,1.2071048s,10.3652177s,18685,472,0
2.6736091s,1.3669381s,10.2647635s,18689,472,0
2.8565506s,1.3238023s,3.7218681s,18765,472,0
2.5260726s,1.301216s,7.3479274s,18745,472,0
2.5260726s,1.2424983s,7.3479274s,18741,472,0
2.4567214s,1.1480497s,2.5144554s,18823,472,2
2.7605125s,1.226713s,3.820317s,18789,472,0
2.6327898s,1.0898785s,7.243621s,18753,472,0
2.7605125s,1.2422306s,3.820317s,18773,472,0
2.9759278s,1.4572082s,8.0542922s,18759,472,2
2.7656024s,1.2635658s,2.213331s,18803,472,2
2.5723818s,1.1027392s,8.4578382s,18755,472,2
2.4696483s,1.175329s,2.5183926s,18835,472,2
2.6826256s,1.2876732s,11.2782651s,18715,472,2
2.6892045s,1.2629801s,8.3576447s,18747,472,2
2.683436s,1.2584753s,2.3153713s,18815,472,2
2.7020494s,1.4866914s,11.2727131s,18687,472,2
2.4017892s,1.1650227s,11.5729733s,18719,472,2
2.4756689s,1.2005806s,5.5372323s,18795,472,2
2.4981668s,1.3991958s,8.5553411s,18723,472,2
2.6061028s,1.4272266s,11.3728374s,18711,472,2
2.8072727s,1.2496822s,11.1713148s,18699,472,2
2.897019s,1.0218452s,2.1145347s,18839,472,2
2.6082624s,1.0444728s,11.3792048s,18703,472,2
2.5898243s,1.449389s,5.4377405s,18771,472,2
2.4039503s,1.1480497s,2.615545s,18807,472,2
2.7043293s,1.1541048s,2.315166s,18831,472,2
2.0939182s,1.0109257s,5.938638s,18799,472,2
2.7128771s,1.2438334s,2.3134263s,18827,472,2
2.7225022s,1.1925387s,8.3550878s,18731,472,2
2.7208553s,1.4421747s,8.3567347s,18727,472,2
2.9215632s,1.3480273s,11.078023s,18691,472,2
2.7041456s,1.41631s,5.3338193s,18783,472,2
2.7041456s,1.3211885s,5.3338193s,18775,472,2
2.915431s,1.180733s,2.111854s,18819,472,2
2.610858s,1.089952s,5.4326986s,18763,472,2
3.0106799s,1.2318893s,5.0328767s,18787,472,2
2.3335376s,1.2572988s,8.7543153s,18751,472,2
3.0406067s,1.4120242s,8.0472462s,18743,472,2
2.9146091s,1.2005806s,5.1326371s,18767,472,2
2.3381037s,1.1438632s,11.6790239s,18683,472,2
2.7433181s,1.2886736s,8.355719s,18739,472,2
2.3243822s,1.1716637s,5.7374176s,18779,472,2
2.543838s,1.0270384s,2.5145157s,18811,472,2
2.454124s,1.341628s,11.5770795s,18707,472,2
2.0536717s,1.0124237s,11.979495s,18695,472,2
2.2628292s,1.1455303s,8.8543817s,18735,472,2
2.6419731s,1.4368319s,5.4346311s,18791,472,2
2.2847182s,1.1662255s,0s,18871,472,2
2.3417616s,1.0712935s,0s,18859,472,2
2.4166824s,1.0872066s,0s,18863,472,2
2.4650355s,1.1744786s,0s,18847,472,2
2.5431067s,1.1168349s,0s,18855,472,2
2.7075583s,1.2722028s,10.4752867s,18700,472,3
2.4567183s,1.0542647s,7.5525234s,18748,472,3
2.6102135s,1.0687919s,10.5726315s,18684,472,3
2.4082576s,1.336541s,10.7745874s,18704,472,3
2.6164672s,1.3867039s,1.3085282s,18836,472,3
2.7572878s,1.1632087s,4.2302739s,18784,472,3
3.0601722s,1.4390233s,3.9308202s,18780,472,3
2.1219758s,1.0037147s,11.0705587s,18696,472,3
2.6713154s,1.3790495s,7.3493714s,18728,472,3
2.3718282s,1.0018743s,7.6488586s,18756,472,3
3.129731s,1.3615842s,805.655ms,18808,472,3
2.6326543s,1.1683566s,10.5660734s,18692,472,3
2.1648958s,1.0177809s,4.8322898s,18772,472,3
2.4778983s,1.2344268s,7.5472261s,18736,472,3
2.330774s,1.1914546s,1.6098247s,18804,472,3
2.9386817s,1.3939056s,1.007012s,18812,472,3
2.7790328s,1.2586373s,4.2268331s,18800,472,3
2.6831606s,1.3775397s,4.3290987s,18788,472,3
2.9492563s,1.2124796s,1.0068587s,18824,472,3
2.3868613s,1.1042709s,4.6294259s,18792,472,3
2.9022608s,1.3379024s,7.1508574s,18724,472,3
2.4038939s,1.0957953s,7.6492243s,18740,472,3
2.997142s,1.3962847s,4.0280374s,18768,472,3
2.6598652s,1.0880269s,1.3066985s,18828,472,3
2.461748s,1.2648468s,10.76653s,18720,472,3
2.5627567s,1.2815369s,1.4099459s,18816,472,3
3.1736033s,1.4499254s,10.0663267s,18688,472,3
2.713916s,1.4863304s,7.3524107s,18760,472,3
2.2695622s,1.0611857s,10.9703678s,18712,472,3
2.771247s,1.4203544s,10.468683s,18716,472,3
3.0279388s,1.4711332s,7.0448437s,18732,472,3
2.7762545s,1.2473056s,1.208417s,18840,472,3
2.7252549s,1.1739397s,4.3273907s,18764,472,3
2.7872285s,1.3993186s,1.2102752s,18832,472,3
2.4293218s,1.0278475s,4.6345147s,18776,472,3
2.6965367s,1.2670638s,10.5688419s,18708,472,3
2.3499349s,1.2212684s,7.7494291s,18752,472,3
2.9473989s,1.0387313s,4.1240263s,18796,472,3
2.2989244s,1.0334852s,1.7123286s,18820,472,3
2.4466423s,1.0676992s,7.6527217s,18744,472,3
3.1086028s,1.4512161s,6.4415636s,18926,477,1
2.3142542s,1.0583729s,4.1291944s,18994,477,1
2.6055244s,1.4649135s,6.946527s,18922,477,1
2.4187822s,1.2055186s,4.0291712s,18978,477,1
2.6086873s,1.1982088s,6.9495608s,18938,477,1
2.9124055s,1.4563871s,6.6466667s,18946,477,1
2.5154134s,1.0733772s,7.0513515s,18930,477,1
2.5154134s,1.0515207s,7.0513515s,18942,477,1
2.9800629s,1.4113202s,9.5699643s,18918,477,1
2.3798105s,1.1855328s,10.1702167s,18894,477,1
2.2899626s,1.0646151s,10.2692643s,18890,477,1
2.6787141s,1.4348652s,604.1859ms,19026,477,1
2.5827184s,1.2170985s,706.4528ms,19030,477,1
2.5423831s,1.4116518s,7.044826s,18958,477,1
2.6022953s,1.1544902s,9.9649767s,18882,477,1
2.6895994s,1.4185984s,603.7423ms,19038,477,1
2.5928388s,1.0891503s,704.811ms,19022,477,1
2.7007283s,1.4431853s,603.1346ms,19034,477,1
2.7547114s,1.156606s,6.8454155s,18950,477,1
2.2180533s,1.0779667s,10.366459s,18898,477,1
2.9746981s,1.4622143s,3.5229673s,18962,477,1
2.9272967s,1.3894318s,9.6679613s,18902,477,1
2.3256969s,1.0934628s,10.2695611s,18910,477,1
2.6686319s,1.41012s,6.9465632s,18934,477,1
2.6143738s,1.2367102s,704.5573ms,19014,477,1
2.6786267s,1.191281s,3.8283323s,18966,477,1
2.3706484s,1.2367126s,7.2449134s,18954,477,1
2.516924s,1.4117232s,804.5666ms,19010,477,1
3.1876612s,1.2532724s,3.32459s,18982,477,1
2.6983622s,1.2209004s,3.8231376s,18990,477,1
2.9335754s,1.3724408s,401.7ms,19002,477,1
2.432293s,1.2779672s,906.4792ms,19006,477,1
2.7490023s,1.1463346s,9.8674135s,18906,477,1
2.8531702s,1.3550406s,9.7632456s,18914,477,1
2.3535092s,1.2330107s,10.2651751s,18886,477,1
2.8034501s,1.1356661s,3.7265685s,18970,477,1
2.5037911s,1.1555669s,4.0262275s,18986,477,1
3.0061511s,1.4622143s,3.5242904s,18998,477,1
2.506117s,1.1089071s,4.0255577s,18974,477,1
2.3376637s,1.0015989s,1.0063498s,19018,477,1
2.7004964s,1.2960239s,9.9656022s,18857,476,0
2.4725108s,1.2408454s,7.0448938s,18917,476,0
3.0256507s,1.4723635s,604.7263ms,18989,476,0
2.7808971s,1.1555977s,3.8248997s,18957,476,0
2.4792673s,1.0230658s,4.1265295s,18929,476,0
2.886099s,1.2278499s,3.7257318s,18921,476,0
2.6963682s,1.4778121s,3.9233186s,18953,476,0
2.3164558s,1.0537851s,10.3730073s,18861,476,0
2.5376867s,1.2430314s,1.111555s,18973,476,0
2.5264157s,1.2169995s,10.1658736s,18869,476,0
2.8033104s,1.4954101s,6.7407356s,18905,476,0
2.6016966s,1.2790329s,4.0224826s,18937,476,0
2.802114s,1.0934914s,3.8220652s,18945,476,0
2.6352037s,1.3406856s,10.0672323s,18845,476,0
2.707197s,1.1073928s,6.846545s,18901,476,0
2.6123803s,1.0716131s,6.9438977s,18881,476,0
2.9210823s,1.266537s,6.6376959s,18885,476,0
3.148694s,1.4046713s,9.5587782s,18849,476,0
2.5149103s,1.1537727s,7.0438679s,18897,476,0
2.8125566s,1.481128s,3.8251393s,18941,476,0
2.9548835s,1.4942497s,9.7600875s,18873,476,0
2.8237752s,1.2917021s,6.7425018s,18909,476,0
2.3488522s,1.2638699s,10.3661188s,18877,476,0
2.6231999s,1.0075902s,6.9430771s,18913,476,0
2.8493159s,1.3182005s,9.8656551s,18841,476,0
2.5488881s,1.2176846s,10.1660829s,18853,476,0
2.4303017s,1.3047516s,7.1425911s,18893,476,0
2.7887319s,1.3769475s,905.2316ms,18997,476,0
2.6878589s,1.1952031s,1.0061046s,18969,476,0
2.644293s,1.224399s,4.0253777s,18933,476,0
2.6934702s,1.32635s,1.0057554s,18965,476,0
2.7941896s,1.3534978s,906.3608ms,18993,476,0
2.9016036s,1.3832857s,804.4576ms,18961,476,0
2.501244s,1.4723635s,1.2086096s,18977,476,0
2.2527376s,1.0291651s,4.4309076s,18925,476,0
3.1095599s,1.2838048s,603.6402ms,18985,476,0
2.6648934s,1.2947827s,6.9418179s,18889,476,0
2.6080789s,1.0391079s,1.107105s,18981,476,0
2.594217s,1.4260609s,10.1611883s,18865,476,0
2.9704451s,1.3835541s,3.7219809s,18949,476,0
2.6130292s,1.3285913s,505.6408ms,19019,477,2
2.6130292s,1.0303761s,505.6408ms,19039,477,2
2.5168528s,1.1830177s,604.3501ms,19011,477,2
2.6350648s,1.3074315s,3.5232746s,18963,477,2
3.0374761s,1.1921912s,3.1212029s,18995,477,2
3.2880752s,1.4722566s,12.376974s,18867,477,2
2.7199859s,1.4642477s,402.3331ms,19027,477,2
2.5748587s,1.0031884s,13.0901905s,18851,477,2
2.9448366s,1.4874343s,3.2219692s,18983,477,2
2.5485017s,1.1655979s,6.745127s,18935,477,2
2.450277s,1.0346015s,6.8433517s,18947,477,2
2.52779s,1.1309477s,604.6751ms,19023,477,2
2.2503534s,1.0785197s,7.0440816s,18923,477,2
2.2302798s,1.0215691s,907.298ms,19003,477,2
2.6258905s,1.3506427s,9.7699369s,18883,477,2
2.5608139s,1.4182236s,3.6215628s,18999,477,2
2.8451099s,1.2868673s,302.1464ms,19031,477,2
2.7499351s,1.1315427s,401.7839ms,19015,477,2
2.8492932s,1.2384452s,9.5605858s,18915,477,2
2.3759965s,1.2391756s,6.9462377s,18931,477,2
3.1170751s,1.4325733s,12.5878418s,18843,477,2
2.2800848s,1.0050263s,7.0421494s,18955,477,2
2.5522615s,1.2278878s,9.8722961s,18891,477,2
2.6290637s,1.1694536s,13.0835691s,18875,477,2
2.2823386s,1.0383966s,7.0476115s,18951,477,2
2.5900195s,1.0889132s,6.7426987s,18943,477,2
2.4927514s,1.0208931s,6.8429196s,18939,477,2
2.9939649s,1.3967907s,3.2193463s,18975,477,2
2.2735204s,1.2427447s,905.7505ms,19007,477,2
2.5929371s,1.3599929s,3.6238099s,18987,477,2
2.4800078s,1.1072032s,9.9621887s,18903,477,2
3.004915s,1.2107813s,3.2189865s,18979,477,2
2.602311s,1.0718098s,6.745278s,18959,477,2
2.6874126s,1.2502681s,503.3682ms,19035,477,2
2.2820349s,1.150138s,10.1689998s,18887,477,2
2.6889343s,1.4781174s,9.7621004s,18907,477,2
2.5887537s,1.2846494s,9.862281s,18919,477,2
2.603815s,1.3526531s,3.6289247s,18971,477,2
2.493592s,1.1644395s,9.9593522s,18895,477,2
3.0946075s,1.4399676s,9.3583367s,18911,477,2
2.3140517s,1.032116s,3.9241512s,18991,477,2
3.1236875s,1.4173332s,6.2382029s,18927,477,2
2.5038426s,1.2838062s,9.9627353s,18899,477,2
2.5708334s,1.2204533s,13.1838197s,18879,477,2
2.9303863s,1.2107813s,3.3200143s,18967,477,2
2.6425065s,1.4376052s,7.048195s,18900,476,3
2.3875024s,1.0812424s,10.3718881s,18868,476,3
2.79682s,1.4615986s,9.9662883s,18872,476,3
2.5302289s,1.0565246s,905.0219ms,18996,476,3
2.5302289s,1.2220057s,905.0219ms,18976,476,3
2.6834458s,1.055124s,3.92845s,18952,476,3
2.2498196s,1.010179s,7.4520655s,18896,476,3
2.7896663s,1.4370116s,3.8260568s,18928,476,3
2.2076515s,1.0826176s,10.5664236s,18860,476,3
2.4910029s,1.3557707s,4.1247202s,18948,476,3
2.8493599s,1.3999686s,603.9165ms,18964,476,3
2.6220082s,1.17417s,10.1680376s,18880,476,3
2.5071662s,1.0003579s,4.1293926s,18932,476,3
2.4578053s,1.2271317s,1.0054607s,18968,476,3
2.3793967s,1.160667s,7.3471367s,18920,476,3
2.6428986s,1.0690063s,10.1615728s,18876,476,3
2.6664336s,1.1470672s,806.0814ms,18988,476,3
3.089663s,1.4267843s,6.6461194s,18888,476,3
2.7391505s,1.1265746s,10.0653209s,18856,476,3
2.5233251s,1.3040896s,4.1271022s,18944,476,3
2.5766823s,1.1280234s,904.9498ms,19000,476,3
3.0137194s,1.224669s,6.7432167s,18884,476,3
2.4364476s,1.2161425s,4.2308255s,18956,476,3
2.056666s,1.0175699s,10.7689591s,18864,476,3
2.9080531s,1.2505747s,6.848883s,18908,476,3
2.5054951s,1.0624107s,7.251441s,18912,476,3
2.5054951s,1.2153085s,7.251441s,18892,476,3
2.9189236s,1.4716588s,6.8420184s,18916,476,3
3.0682143s,1.4790391s,9.760942s,18852,476,3
2.2957762s,1.0152372s,1.2084825s,18972,476,3
2.8241908s,1.3564395s,6.9433353s,18904,476,3
2.1750251s,1.0929937s,10.666088s,18844,476,3
3.0664414s,1.4601245s,3.6221066s,18924,476,3
2.6667937s,1.1150967s,4.0217543s,18960,476,3
2.8881287s,1.3639415s,9.959768s,18848,476,3
2.1644387s,1.0109441s,4.525106s,18936,476,3
2.9144549s,1.1159729s,602.7386ms,18980,476,3
2.6152935s,1.2846472s,905.6914ms,18992,476,3
2.3157718s,1.1821085s,1.2078507s,18984,476,3
3.1736044s,1.4675756s,3.5236225s,18940,476,3
2.7389987s,1.4729219s,3.418679s,19154,481,1
2.3344534s,1.0861135s,3.8232243s,19150,481,1
2.7311292s,1.3360456s,6.340242s,19118,481,1
2.5795366s,1.1645066s,9.2579705s,19074,481,1
2.5028576s,1.3366749s,804.407ms,19166,481,1
3.0056479s,1.17674s,301.6167ms,19186,481,1
2.2804149s,1.0155125s,9.5600308s,19066,481,1
2.305162s,1.209327s,1.0050412s,19178,481,1
2.6134875s,1.2067264s,703.8635ms,19174,481,1
2.3871687s,1.1000635s,9.4604248s,19054,481,1
2.6472788s,1.3592352s,6.4399576s,19094,481,1
2.7498639s,1.2447899s,3.423679s,19122,481,1
2.8561919s,1.1121865s,3.3198181s,19134,481,1
2.5913997s,1.2720207s,9.2586609s,19062,481,1
3.122337s,1.4009735s,200.3685ms,19194,481,1
2.7603904s,1.4828756s,3.418507s,19126,481,1
2.2557102s,1.0023795s,3.9231872s,19146,481,1
2.569358s,1.3228612s,3.6263476s,19142,481,1
2.5262518s,1.1342894s,9.3545049s,19046,481,1
2.5262518s,1.362273s,9.3545049s,19042,481,1
2.5845694s,1.0689029s,6.5447464s,19098,481,1
2.487299s,1.2557727s,6.6449442s,19102,481,1
2.7667563s,1.2854643s,602.2303ms,19170,481,1
2.3669116s,1.2210683s,1.0062775s,19162,481,1
2.6442811s,1.0354688s,9.2599765s,19058,481,1
2.5435859s,1.4505676s,9.3606717s,19050,481,1
2.5088441s,1.1378969s,6.6405221s,19082,481,1
2.2136697s,1.0155972s,4.022003s,19158,481,1
2.9136935s,1.4345332s,6.2356727s,19086,481,1
2.4746407s,1.033423s,904.8401ms,19182,481,1
2.678166s,1.2384422s,703.5559ms,19198,481,1
2.7603571s,1.3728472s,9.1557275s,19078,481,1
2.8249511s,1.3405923s,3.4209797s,19138,481,1
2.7201104s,1.4822974s,6.4395139s,19114,481,1
2.785931s,1.1026323s,604.1105ms,19190,481,1
2.5194703s,1.1361874s,6.6404566s,19110,481,1
2.4244129s,1.1750495s,6.7401193s,19106,481,1
2.4244129s,1.3394599s,6.7401193s,19090,481,1
2.2612602s,1.0528152s,9.6636291s,19070,481,1
2.6334897s,1.0431956s,3.6195223s,19130,481,1
2.6938508s,1.3613657s,6.3363686s,19115,480,2
2.527685s,1.2890709s,301.4987ms,19191,480,2
2.4256819s,1.1235889s,9.6536594s,19067,480,2
2.8332393s,1.2137362s,0s,19187,480,2
2.9304263s,1.4110388s,9.1526366s,19059,480,2
2.933028s,1.3883255s,3.1160737s,19155,480,2
2.7332817s,1.3370138s,3.320706s,19139,480,2
2.6405567s,1.2952648s,3.4184202s,19127,480,2
2.543828s,1.0617467s,300.9726ms,19195,480,2
3.0475171s,1.4425155s,9.0507226s,19043,480,2
2.446856s,1.0908582s,3.6174225s,19131,480,2
2.7498897s,1.1306736s,100.1869ms,19183,480,2
2.6551512s,1.2449166s,201.4042ms,19199,480,2
2.3532738s,1.1544733s,3.7191904s,19147,480,2
2.6292476s,1.2446632s,6.437472s,19119,480,2
2.3677089s,1.1500856s,502.6908ms,19179,480,2
2.833598s,1.2148985s,6.2378374s,19111,480,2
2.8664085s,1.1377106s,9.2601268s,19079,480,2
2.8374812s,1.2626951s,6.241537s,19083,480,2
2.2705362s,1.1755129s,3.8220379s,19159,480,2
2.5772066s,1.433085s,3.5175294s,19151,480,2
2.9733438s,1.3991713s,9.1553534s,19071,480,2
2.5772066s,1.3150154s,3.5175294s,19123,480,2
2.5873598s,1.2297685s,302.1533ms,19167,480,2
2.3889256s,1.310441s,501.6307ms,19175,480,2
2.9865203s,1.1873029s,3.1186276s,19143,480,2
2.560742s,1.2425602s,6.5378787s,19091,480,2
2.489546s,1.1263286s,9.6579874s,19055,480,2
2.6676976s,1.1984385s,6.4375889s,19095,480,2
2.5990723s,1.4367245s,9.5584245s,19051,480,2
2.7055013s,1.3366396s,9.4527266s,19047,480,2
2.7055013s,1.1388031s,9.4527266s,19075,480,2
2.4046708s,1.0208398s,9.7594372s,19063,480,2
2.9864441s,1.4125778s,6.1301468s,19107,480,2
3.2145916s,1.4317634s,2.9155552s,19135,480,2
2.7830173s,1.495216s,6.3335736s,19099,480,2
2.1853958s,1.1348531s,6.9394534s,19103,480,2
2.4897337s,1.2256871s,6.6351155s,19087,480,2
2.9267124s,1.1580508s,0s,19171,480,2
2.9795228s,1.2582142s,0s,19163,481,2
2.6443667s,1.1510046s,2.3120445s,19157,480,0
2.5030074s,1.0981834s,11.4684876s,19021,480,0
2.756188s,1.0445823s,8.2480295s,19077,480,0
2.756188s,1.3427674s,8.2480295s,19057,480,0
2.756188s,1.1928892s,8.2480295s,19061,480,0
3.1596428s,1.4838128s,7.8445747s,19065,480,0
2.4598426s,1.0555792s,8.5496748s,19069,480,0
2.6547729s,1.4045457s,2.3134627s,19125,480,0
2.1191307s,1.035096s,11.8686284s,19037,480,0
2.873729s,1.4467298s,8.1463422s,19041,480,0
2.4162546s,1.3331804s,11.5715045s,19033,480,0
2.5611014s,1.2700579s,2.4142359s,19145,480,0
2.5713248s,1.0553011s,2.4106808s,19141,480,0
2.339877s,1.1232679s,5.5311099s,19097,480,0
2.5835865s,1.0459348s,8.4470432s,19073,480,0
2.448308s,1.0414719s,5.4302712s,19113,480,0
2.7447168s,1.4975595s,5.1338624s,19117,480,0
2.5446858s,1.3067364s,5.3338934s,19093,480,0
2.7416234s,1.4470414s,11.2642865s,19029,480,0
2.7447168s,1.0906103s,5.1338624s,19085,480,0
3.1841224s,1.3055064s,1.8090678s,19121,480,0
2.4591548s,1.0547204s,5.4330904s,19105,480,0
3.1007637s,1.4694285s,1.9097384s,19153,480,0
2.4699s,1.1772835s,5.4313186s,19081,480,0
2.6043403s,1.0907899s,8.4565211s,19053,480,0
2.4592083s,1.2184767s,11.5744097s,19017,480,0
2.9676879s,1.4926973s,11.0704202s,19005,480,0
2.8822359s,1.0617909s,5.0285415s,19089,480,0
3.021727s,1.3560695s,8.0486932s,19045,480,0
2.5098528s,1.0523725s,2.5136176s,19129,480,0
2.8147456s,1.4827178s,2.2126789s,19133,480,0
2.8881635s,1.3951172s,5.0274245s,19101,480,0
2.4703073s,1.1355844s,11.5773355s,19009,480,0
2.575301s,1.2903054s,11.4723418s,19013,480,0
2.4921588s,1.0478252s,5.4290838s,19109,480,0
2.5202576s,1.452701s,2.5128215s,19149,480,0
2.4845882s,1.3361289s,11.5733097s,19025,480,0
2.6863741s,1.4031149s,11.3715238s,19001,480,0
3.0374276s,1.2605696s,2.0090973s,19137,480,0
2.9471193s,1.3916397s,8.1492773s,19049,480,0
2.8473464s,1.0904437s,502.6081ms,19156,480,3
2.4442892s,1.1815362s,905.6653ms,19160,480,3
3.2563041s,1.3855981s,9.4496386s,19032,480,3
2.6240148s,1.1609564s,6.8421259s,19068,480,3
2.767259s,1.1459823s,602.8804ms,19140,480,3
2.6280783s,1.4288421s,6.8380624s,19076,480,3
2.6681625s,1.0829546s,10.0599856s,19008,480,3
2.6409545s,1.4813809s,3.9225942s,19120,480,3
2.5743823s,1.3505739s,804.5155ms,19152,480,3
2.1691825s,1.0425865s,10.5653849s,19004,480,3
2.5466501s,1.1996089s,4.0233179s,19108,480,3
2.4519557s,1.2988469s,4.1230235s,19096,480,3
2.2874784s,1.0025188s,1.1099616s,19128,480,3
2.8565275s,1.1993319s,6.6369138s,19048,480,3
2.585853s,1.2479934s,10.1638924s,19040,480,3
2.1644057s,1.0376405s,4.4250125s,19104,480,3
2.6996482s,1.4610095s,702.7219ms,19124,480,3
3.0004096s,1.4194322s,401.9605ms,19148,480,3
2.5710503s,1.0307083s,6.9386752s,19080,480,3
2.5710503s,1.0576457s,6.9386752s,19060,480,3
2.4044619s,1.000859s,10.3615677s,19016,480,3
2.8833124s,1.2640189s,3.7207823s,19116,480,3
2.2819137s,1.1190924s,4.3262758s,19112,480,3
3.187706s,1.4803432s,3.4204835s,19088,480,3
2.4755568s,1.0520299s,7.040928s,19052,480,3
2.8183932s,1.1442089s,9.9549536s,19036,480,3
2.7927809s,1.4629856s,3.8205966s,19084,480,3
2.8876524s,1.3026326s,6.6365455s,19064,480,3
2.6264018s,1.1993542s,10.1595374s,19012,480,3
2.4224982s,1.3351528s,10.363441s,19020,480,3
2.9315668s,1.2500194s,502.067ms,19144,480,3
2.7995615s,1.3770735s,3.8217783s,19100,480,3
2.6264018s,1.1197749s,10.1595374s,19028,480,3
2.3984102s,1.1009538s,4.2229296s,19092,480,3
2.4964467s,1.2294413s,7.0392365s,19056,480,3
2.6367672s,1.2482792s,804.4734ms,19132,480,3
2.8434658s,1.3816544s,9.9542256s,19024,480,3
2.9425199s,1.1334766s,502.8661ms,19136,480,3
2.6025s,1.0116535s,6.9388873s,19072,480,3
2.9082953s,1.3783684s,6.634517s,19044,480,3
2.8156858s,1.1684704s,100.491ms,19346,484,1
2.3519984s,1.3067818s,9.6597054s,19238,484,1
3.011055s,1.4618045s,2.9192787s,19298,484,1
2.6616362s,1.028085s,9.3564616s,19234,484,1
3.0146722s,1.4267844s,5.9336258s,19258,484,1
2.7135403s,1.3680801s,6.2347577s,19274,484,1
2.812017s,1.2962532s,6.136281s,19278,484,1
2.7222165s,1.3270065s,201.7303ms,19330,484,1
2.4238208s,1.1744226s,502.7039ms,19354,484,1
2.8265593s,1.3098003s,100.314ms,19322,484,1
2.4153772s,1.2600229s,6.5372233s,19266,484,1
2.8708807s,1.4796945s,9.1515196s,19230,484,1
2.3144983s,1.1268131s,6.6381022s,19250,484,1
3.0697998s,1.2722935s,8.9526005s,19206,484,1
2.5245872s,1.3926158s,6.4326039s,19270,484,1
2.724305s,1.3301257s,6.2328861s,19254,484,1
2.724305s,1.1892347s,6.2328861s,19262,484,1
2.9314639s,1.388346s,0s,19326,484,1
2.6369474s,1.4680434s,3.3217556s,19294,484,1
2.5885835s,1.0903398s,9.4545915s,19226,484,1
2.7925921s,1.213913s,9.2539473s,19210,484,1
2.4554049s,1.1991906s,502.8553ms,19338,484,1
2.9532911s,1.3149426s,3.0160241s,19290,484,1
2.4473193s,1.1534844s,3.5225117s,19314,484,1
2.4950948s,1.2638318s,9.5586924s,19214,484,1
2.4052224s,1.3523113s,9.6538015s,19202,484,1
2.2045919s,1.032204s,9.864642s,19222,484,1
2.9795911s,1.337709s,0s,19358,485,1
2.6682288s,1.2479084s,3.3224173s,19282,484,1
2.6776999s,1.3159557s,302.3588ms,19342,485,1
2.9713002s,1.3984923s,3.0193459s,19286,485,1
2.9742039s,1.2375703s,3.0197437s,19306,485,1
2.5729879s,1.2014559s,3.4209597s,19302,485,1
2.6716625s,1.4971279s,6.3388011s,19242,485,1
2.7835066s,1.3233061s,201.2298ms,19334,485,1
2.678837s,1.4470931s,3.3224645s,19310,485,1
2.2430673s,1.1049508s,9.8566931s,19218,485,1
2.5015891s,1.4343112s,502.6443ms,19350,485,1
2.4993732s,1.2938441s,3.5218789s,19318,485,1
2.7985856s,1.2635409s,6.2373387s,19246,485,1
2.8853978s,1.4687823s,7.2486881s,19205,484,0
2.4994581s,1.0519071s,10.7655797s,19177,484,0
2.8298657s,1.2802804s,1.4092808s,19285,484,0
3.0369071s,1.4764097s,1.2057148s,19281,484,0
2.4002327s,1.0335531s,7.7443393s,19209,484,0
3.0022498s,1.4290574s,7.1423222s,19225,484,0
2.5130586s,1.3304569s,10.7624653s,19189,484,0
2.7460963s,1.2133575s,1.5080162s,19293,484,0
2.6194128s,1.287427s,10.669533s,19173,484,0
2.3112111s,1.0547231s,7.8491725s,19233,484,0
2.4255166s,1.1064576s,10.8658189s,19185,484,0
2.828806s,1.3645309s,10.4625295s,19165,484,0
2.756802s,1.3858797s,1.5085396s,19297,484,0
3.1309519s,1.3715585s,10.1622734s,19197,484,0
2.4342568s,1.0074799s,4.7300746s,19245,484,0
2.4342568s,1.0100048s,4.7300746s,19277,484,0
2.5257297s,1.0297056s,7.6479151s,19221,484,0
2.470939s,1.2693128s,1.809307s,19301,484,0
2.6717769s,1.4514568s,1.6084691s,19289,484,0
2.5741221s,1.0613064s,1.7119774s,19313,484,0
2.3506747s,1.2903353s,4.8314915s,19253,484,0
2.4470245s,1.2234721s,10.8683434s,19193,484,0
2.7561149s,1.2695643s,10.5627125s,19161,484,0
2.4424147s,1.0305944s,7.7454608s,19217,484,0
2.6833139s,1.4087753s,1.6094714s,19317,484,0
2.5462761s,1.174477s,7.6463684s,19237,484,0
2.7657811s,1.3485255s,4.4293777s,19273,484,0
2.5508893s,1.4746861s,7.6465193s,19229,484,0
2.3660895s,1.1189023s,4.8290693s,19257,484,0
2.3722999s,1.0817379s,10.963148s,19181,484,0
2.758026s,1.2267998s,7.44647s,19201,484,0
2.8730222s,1.3067013s,4.329224s,19269,484,0
2.7033973s,1.4200531s,1.6098046s,19309,484,0
2.7033973s,1.1072589s,1.6098046s,19305,484,0
2.7877816s,1.0196505s,4.4281742s,19265,484,0
2.9702128s,1.4991456s,7.2479928s,19213,484,0
2.894682s,1.1230247s,4.3298689s,19249,484,0
2.9955937s,1.3709412s,10.364489s,19169,484,0
2.7990798s,1.358208s,4.4278012s,19241,484,0
2.7990798s,1.1279527s,4.4278012s,19261,484,0
2.8625255s,1.261906s,9.0582411s,19215,484,2
2.3339987s,1.1695422s,6.4404351s,19267,484,2
2.5044932s,1.0019928s,101.1717ms,19327,484,2
2.4074768s,1.02919s,201.9574ms,19343,484,2
2.7544361s,1.2023036s,6.0370251s,19263,484,2
2.5650521s,1.0788539s,3.1211766s,19311,484,2
2.8832887s,1.4106273s,9.0565642s,19231,484,2
3.0684263s,1.3187483s,2.6178024s,19299,484,2
2.8536653s,1.3487554s,5.9377959s,19247,484,2
2.5554574s,1.3296911s,6.2405993s,19243,484,2
2.4830334s,1.325472s,9.461415s,19219,484,2
2.8643612s,1.481286s,5.9316955s,19251,484,2
2.5657491s,1.1505031s,6.2353535s,19259,484,2
2.8937057s,1.4872255s,9.0557886s,19223,484,2
2.6876925s,1.0927632s,3.0217213s,19315,484,2
2.5402192s,1.4075909s,100.7683ms,19335,484,2
2.5039522s,1.3145609s,9.4601212s,19227,484,2
2.6738437s,1.1965933s,6.141838s,19279,484,2
3.0129499s,1.4196859s,8.9538045s,19239,484,2
2.3919662s,1.1770535s,3.321164s,19303,484,2
2.450798s,1.1412753s,200.5636ms,19331,484,2
2.7022578s,1.365601s,3.0175301s,19319,484,2
2.4026294s,1.1770535s,3.3221225s,19287,484,2
2.6184529s,1.2468467s,9.3599232s,19207,484,2
2.4059396s,1.0992176s,3.3201776s,19291,484,2
2.305294s,1.1668363s,3.4208232s,19295,484,2
3.1052325s,1.4576972s,5.7375124s,19271,484,2
2.8412705s,1.3157053s,9.1544264s,19203,484,2
2.9248213s,1.4240752s,2.8172514s,19283,484,2
2.6793928s,1.4150766s,0s,19347,484,2
2.1140437s,1.0716369s,6.7403899s,19255,484,2
3.1480847s,1.3583666s,8.8544336s,19235,484,2
2.730481s,1.0918379s,3.0187201s,19307,484,2
2.7533516s,1.2980847s,9.2575296s,19211,484,2
3.0233001s,1.3967093s,5.8391894s,19275,484,2
2.2891761s,1.0890725s,402.346ms,19359,484,2
2.7045205s,1.3887007s,0s,19355,484,2
2.8535661s,1.2757881s,0s,19339,484,2
2.8597289s,1.3717821s,0s,19351,484,2
2.949061s,1.0616647s,0s,19323,485,2
2.5500281s,1.0370615s,1.9148889s,19320,484,3
2.6599007s,1.4844622s,1.811364s,19296,484,3
2.4755038s,1.2274695s,7.9533924s,19224,484,3
2.9113688s,1.3715278s,10.5653s,19200,484,3
2.6708262s,1.0097637s,1.813059s,19308,484,3
2.9745716s,1.4338296s,1.5106241s,19292,484,3
2.7034663s,1.2332867s,4.8308021s,19280,484,3
2.2942672s,1.1207187s,8.1533728s,19212,484,3
2.9039506s,1.4580474s,7.5464343s,19236,484,3
2.8894552s,1.3538098s,1.6105884s,19316,484,3
2.1171954s,1.0121804s,5.4367696s,19272,484,3
2.605262s,1.073572s,7.8526536s,19228,484,3
2.4255371s,1.0930292s,5.130756s,19264,484,3
2.8387476s,1.3472217s,10.667702s,19180,484,3
2.6406219s,1.4600795s,10.8658277s,19176,484,3
2.5185874s,1.4580474s,7.9461528s,19232,484,3
2.6030803s,1.4908252s,1.9095393s,19304,484,3
3.0462059s,1.3505697s,10.4651995s,19172,484,3
2.7072963s,1.4034777s,1.812932s,19288,484,3
2.5079732s,1.3823905s,2.0144196s,19284,484,3
2.5538416s,1.3258033s,10.9688008s,19196,484,3
2.8298788s,1.3875246s,7.6465577s,19204,484,3
2.6593295s,1.3881541s,10.8641591s,19164,484,3
2.641275s,1.3148306s,4.9320571s,19260,484,3
2.8597394s,1.1931809s,10.6637492s,19188,484,3
2.7475232s,1.0000796s,4.8304862s,19256,484,3
3.04827s,1.4266349s,4.5293801s,19252,484,3
2.8701399s,1.3990446s,10.6650126s,19168,484,3
2.8406207s,1.3134721s,7.6483259s,19220,484,3
2.4469751s,1.1237698s,5.1380209s,19244,484,3
2.3549016s,1.0066787s,5.2372765s,19248,484,3
2.1248762s,1.0662144s,2.4186726s,19300,484,3
2.5614187s,1.2963693s,5.0307594s,19268,484,3
2.5513492s,1.2037283s,7.9464912s,19240,484,3
2.6473318s,1.0067721s,7.8505086s,19208,484,3
2.7396863s,1.013848s,1.8096883s,19312,484,3
2.383069s,1.1971481s,11.1681768s,19184,484,3
2.8802257s,1.0932724s,10.6710201s,19192,484,3
2.9853119s,1.444322s,4.6233563s,19276,484,3
2.8726179s,1.464333s,7.6400009s,19216,484,3
3.1749458s,1.4477602s,3.1173158s,19474,489,1
2.3160669s,1.1778666s,806.0982ms,19506,489,1
2.8453396s,1.4857854s,6.4425859s,19406,489,1
2.8836426s,1.4746556s,3.4231787s,19454,489,1
2.9895908s,1.4198765s,3.3206283s,19470,489,1
2.434557s,1.0923622s,705.9026ms,19482,489,1
2.6592732s,1.3726593s,6.6431117s,19402,489,1
2.6623027s,1.2174098s,6.6432862s,19422,489,1
3.0011039s,1.3953506s,3.3208879s,19458,489,1
2.3624411s,1.0493877s,6.9431478s,19418,489,1
3.108917s,1.4844983s,3.2188738s,19466,489,1
2.5504372s,1.4231408s,603.7966ms,19514,489,1
2.7532398s,1.2607625s,403.0166ms,19502,489,1
2.7532398s,1.2505305s,403.0166ms,19510,489,1
2.9511596s,1.4647272s,9.4633181s,19362,489,1
2.5459807s,1.0241717s,9.868497s,19386,489,1
2.509154s,1.3289261s,3.8246665s,19478,489,1
2.4696594s,1.0693325s,6.8477582s,19426,489,1
2.9835971s,1.3153856s,6.3435844s,19438,489,1
2.3557353s,1.0416465s,10.0685063s,19378,489,1
2.4660341s,1.0552352s,704.5636ms,19494,489,1
2.2593757s,1.1107156s,10.166825s,19390,489,1
2.4608213s,1.0147391s,9.9653794s,19370,489,1
2.4226637s,1.2293021s,3.9228798s,19446,489,1
2.720522s,1.0876164s,3.6250215s,19442,489,1
2.8289076s,1.3235451s,3.5288146s,19462,489,1
2.7922286s,1.177101s,6.5490907s,19414,489,1
2.5952626s,1.3510105s,6.7499573s,19410,489,1
3.0863413s,1.4988966s,9.3559387s,19398,489,1
2.7808199s,1.3853996s,9.6647835s,19366,489,1
2.706794s,1.2581475s,6.6431181s,19430,489,1
2.9894789s,1.1656629s,201.8903ms,19490,489,1
2.4868801s,1.0708871s,704.4891ms,19486,489,1
2.3898027s,1.3066395s,805.3303ms,19518,489,1
2.510096s,1.2218346s,6.8476501s,19434,489,1
2.8983154s,1.4179349s,9.5601347s,19394,489,1
2.247847s,1.0640198s,4.1299459s,19450,489,1
3.0970601s,1.3558428s,9.36139s,19382,489,1
2.5079461s,1.1026127s,704.8959ms,19498,489,1
2.2065085s,1.0720094s,10.2619365s,19374,489,1
2.2805415s,1.0013653s,3.0214992s,19443,488,2
2.3779525s,1.059163s,9.2606997s,19383,488,2
2.7883296s,1.2229268s,8.8548671s,19395,488,2
2.396404s,1.1820751s,2.917849s,19463,488,2
2.5968202s,1.0812054s,2.7174328s,19475,488,2
3.0116112s,1.4496931s,2.3134999s,19471,488,2
2.8911695s,1.4660827s,5.7360693s,19411,488,2
2.6912909s,1.4796649s,5.9359479s,19407,488,2
3.3001258s,1.4957917s,5.3319078s,19431,488,2
2.4097009s,1.0728095s,9.2593699s,19371,488,2
2.7012921s,1.3634424s,5.9389883s,19403,488,2
2.3309574s,1.0829494s,0s,19487,488,2
2.904686s,1.2476094s,5.7380084s,19415,488,2
2.8089464s,1.3071546s,5.8392739s,19435,488,2
3.033938s,1.3900533s,8.6519433s,19391,488,2
2.3416851s,1.0676196s,0s,19491,488,2
2.6367935s,1.418041s,2.7171117s,19455,488,2
2.431343s,1.1220984s,9.256626s,19363,488,2
2.4381196s,1.145698s,2.9175934s,19447,488,2
2.2375172s,1.0260638s,3.1181958s,19479,488,2
2.5211983s,1.2330726s,6.1371403s,19423,488,2
2.7432029s,1.0893307s,2.6150099s,19459,488,2
3.1249779s,1.4912939s,5.5333607s,19427,488,2
2.6408695s,1.0105188s,9.0588834s,19387,488,2
2.4416827s,1.2787961s,9.2580702s,19379,488,2
2.6286105s,1.471519s,6.0385103s,19439,488,2
2.561398s,1.0006017s,2.8161785s,19451,488,2
2.9588555s,1.3455805s,8.7527848s,19367,488,2
2.5426612s,1.1772494s,6.1399642s,19419,488,2
2.7749541s,1.3345759s,2.6170334s,19467,488,2
2.5682953s,1.1312776s,9.159101s,19399,488,2
2.9689828s,1.3359829s,8.7610656s,19375,488,2
2.4141742s,1.0362442s,0s,19515,488,2
2.4567491s,1.3045551s,0s,19499,488,2
2.6068311s,1.3807997s,0s,19507,488,2
2.7207676s,1.4896497s,0s,19511,488,2
2.7685465s,1.3714832s,5.7433449s,19413,488,0
2.7143424s,1.473838s,11.8800705s,19325,488,0
2.5344987s,1.2720882s,8.859861s,19397,488,0
2.8812778s,1.4523887s,5.6380795s,19437,488,0
2.3845435s,1.2736833s,2.9166534s,19477,488,0
2.1775582s,1.012095s,6.3417991s,19429,488,0
2.689674s,1.2787196s,2.6155799s,19457,488,0
2.4998212s,1.381211s,2.8173544s,19461,488,0
2.5606497s,1.3280881s,8.8558663s,19381,488,0
2.3584583s,1.0091986s,9.0580577s,19373,488,0
2.3566121s,1.1267524s,9.0604958s,19385,488,0
2.4007972s,1.1543716s,2.9180117s,19449,488,0
2.9418276s,1.3316726s,11.6753335s,19357,488,0
2.25612s,1.2055198s,9.1609879s,19377,488,0
2.542627s,1.3468072s,12.0848247s,19345,488,0
2.5712765s,1.2756229s,8.856122s,19369,488,0
2.4046733s,1.3088494s,6.1425866s,19433,488,0
2.5744817s,1.1364717s,8.8529168s,19365,488,0
3.2181604s,1.4074244s,5.3329883s,19409,488,0
2.756102s,1.3577164s,11.8773122s,19321,488,0
2.8801386s,1.212557s,8.5532224s,19389,488,0
2.8279237s,1.236192s,2.5171578s,19465,488,0
2.4719283s,1.0205923s,12.180738s,19353,488,0
2.4279162s,1.3448632s,100.1474ms,19501,488,0
2.6372315s,1.150583s,2.7187558s,19441,488,0
2.7416121s,1.022588s,5.8357936s,19405,488,0
2.3421202s,1.1251713s,3.0191195s,19453,488,0
2.299208s,1.1236343s,9.1661472s,19361,488,0
3.1472951s,1.4864237s,5.4379215s,19425,488,0
2.5428673s,1.3359134s,6.0423493s,19401,488,0
2.6057714s,1.1885286s,8.8618077s,19393,488,0
2.6504061s,1.0650847s,5.9370344s,19421,488,0
2.3861707s,1.0030306s,12.2814616s,19341,488,0
2.4461764s,1.099052s,6.1412641s,19417,488,0
2.1913685s,1.0286966s,12.478626s,19333,488,0
3.2000532s,1.3456421s,11.474053s,19349,488,0
2.4561719s,1.0062274s,2.9195821s,19473,488,0
2.2692879s,1.1919256s,3.1164296s,19445,488,0
2.7084041s,1.129496s,11.9756656s,19329,488,0
2.7685176s,1.3553256s,2.6171999s,19469,488,0
3.1096562s,1.4162049s,11.5749324s,19337,488,0
2.6106326s,1.169727s,0s,19493,488,0
2.6826877s,1.2665844s,0s,19509,488,0
2.7155683s,1.2388904s,0s,19517,488,0
2.7280734s,1.1385124s,0s,19497,488,0
2.7585373s,1.2978228s,0s,19505,488,0
2.7594347s,1.4864899s,0s,19485,488,0
2.789316s,1.1516322s,0s,19489,488,0
2.8849713s,1.0377661s,0s,19481,488,0
2.6435173s,1.2061497s,2.5177984s,19476,488,3
2.4718788s,1.1170262s,8.8561443s,19368,488,3
2.542551s,1.2198201s,2.6187647s,19464,488,3
2.6055399s,1.0968788s,11.7685544s,19328,488,3
2.3991643s,1.2498342s,11.97493s,19336,488,3
2.51855s,1.0423903s,11.875202s,19348,488,3
2.2871433s,1.0269887s,9.0605375s,19364,488,3
2.3185407s,1.2567757s,12.0752113s,19352,488,3
2.576236s,1.4620338s,5.7347077s,19420,488,3
2.4622103s,1.0987685s,2.7187631s,19452,488,3
2.8610553s,1.4793025s,2.3199181s,19468,488,3
2.375279s,1.0794825s,5.9374305s,19440,488,3
2.4316644s,1.2401105s,11.9707963s,19356,488,3
2.6235944s,1.2498342s,11.7788663s,19332,488,3
2.3286998s,1.1527405s,12.0737609s,19344,488,3
2.681839s,1.4150984s,2.5153856s,19472,488,3
2.6924521s,1.3759745s,5.636418s,19408,488,3
2.3082311s,1.1675046s,9.0603409s,19380,488,3
2.3846924s,1.03138s,2.8171722s,19448,488,3
2.6867306s,1.3468167s,2.515134s,19456,488,3
2.1774265s,1.0058055s,100.2138ms,19512,488,3
2.8198202s,1.416212s,8.5532541s,19392,488,3
2.7245613s,1.1816223s,8.648513s,19400,488,3
3.0460712s,1.1690552s,11.3730743s,19360,488,3
2.3952142s,1.0101945s,2.8164297s,19444,488,3
2.612111s,1.4211416s,5.7375391s,19404,488,3
3.0367371s,1.3041574s,8.355041s,19388,488,3
2.2170821s,1.1810157s,6.1379589s,19432,488,3
2.3351856s,1.1337665s,9.0589453s,19396,488,3
2.9235414s,1.2914453s,5.4338524s,19428,488,3
3.1299703s,1.344099s,5.2324742s,19416,488,3
2.6702911s,1.2670835s,11.7799483s,19340,488,3
2.925272s,1.0215157s,2.3179619s,19480,488,3
2.8263721s,1.1737178s,2.4168618s,19460,488,3
2.4512476s,1.1624365s,8.9586937s,19384,488,3
2.3185185s,1.2837908s,0s,19492,488,3
2.4427348s,1.1627453s,5.9402724s,19412,488,3
2.4427348s,1.0296911s,5.9402724s,19424,488,3
2.592526s,1.3575588s,11.8772573s,19324,488,3
2.6611554s,1.0661593s,8.7625567s,19372,488,3
2.6447608s,1.1047298s,5.7422142s,19436,488,3
2.356832s,1.0752148s,9.0668801s,19376,488,3
2.3575214s,1.185145s,0s,19500,488,3
2.4452757s,1.1793036s,0s,19484,488,3
2.663375s,1.0408302s,0s,19496,488,3
2.6880623s,1.1570069s,0s,19516,488,3
2.7543705s,1.2947933s,100.8213ms,19678,492,1
2.442222s,1.0914689s,3.3225725s,19622,492,1
2.9704024s,1.282976s,5.9401381s,19574,492,1
2.9637915s,1.4875617s,9.0599693s,19538,492,1
2.460401s,1.0442692s,9.5633598s,19522,492,1
2.669132s,1.2634395s,201.3535ms,19654,492,1
2.669132s,1.0730836s,201.3535ms,19674,492,1
2.4788622s,1.0376045s,6.4437405s,19566,492,1
3.0802442s,1.398532s,5.8426681s,19570,492,1
2.5832288s,1.3635321s,9.4586901s,19526,492,1
2.6703157s,1.3783339s,3.1225911s,19614,492,1
2.4901767s,1.4369188s,401.479ms,19666,492,1
2.3751247s,1.0957717s,3.4214397s,19610,492,1
2.4822846s,1.1799022s,3.3231239s,19634,492,1
2.4869882s,1.1742118s,3.3203613s,19602,492,1
2.7066148s,1.0544095s,201.3771ms,19670,492,1
2.1897841s,1.1366469s,3.6233752s,19606,492,1
2.2130246s,1.0341137s,6.7425102s,19594,492,1
2.8056238s,1.4467823s,9.2631313s,19558,492,1
3.1132203s,1.4704368s,8.9555348s,19546,492,1
2.6075198s,1.3127483s,9.4612353s,19554,492,1
2.6075198s,1.0455985s,9.4612353s,19534,492,1
2.7964049s,1.109913s,3.0167544s,19618,492,1
2.9022522s,1.411691s,2.919383s,19630,492,1
2.3015451s,1.0978435s,3.5224873s,19626,492,1
2.3299107s,1.0325913s,6.6408403s,19598,492,1
2.6284154s,1.1768148s,9.4555559s,19530,492,1
2.3299107s,1.0919684s,6.6408403s,19562,492,1
2.9312318s,1.4915347s,0s,19662,492,1
2.7148783s,1.1494942s,3.1186057s,19638,492,1
3.1423755s,1.409259s,5.8391407s,19590,492,1
2.5451652s,1.2870774s,402.798ms,19642,492,1
2.8528367s,1.1238957s,6.1418278s,19582,492,1
2.8528367s,1.3638946s,6.1418278s,19578,492,1
3.0584594s,1.4207105s,5.9384325s,19586,492,1
2.5512983s,1.44837s,9.5605748s,19550,492,1
2.5512983s,1.0605457s,9.5605748s,19542,492,1
2.5529295s,1.4517354s,402.8045ms,19658,492,1
2.994913s,1.2028903s,0s,19650,492,1
3.0936003s,1.3814954s,0s,19646,493,1
2.5516585s,1.2125413s,5.436905s,19571,492,2
2.5516585s,1.020942s,5.436905s,19595,492,2
2.7497064s,1.3876123s,2.3156388s,19635,492,2
2.8526716s,1.3429873s,2.2148442s,19619,492,2
3.0709103s,1.2461805s,2.0122301s,19631,492,2
2.477619s,1.3169266s,5.5333722s,19591,492,2
2.4716139s,1.3334539s,2.6189462s,19603,492,2
2.6061843s,1.3087457s,8.5569697s,19551,492,2
2.5796276s,1.0794399s,5.4359106s,19567,492,2
2.8389347s,1.1937335s,11.272274s,19483,492,2
2.6853082s,1.2142s,2.4156326s,19639,492,2
2.9449105s,1.3834521s,11.1746677s,19503,492,2
2.9449105s,1.3864225s,11.1746677s,19519,492,2
2.8493033s,1.3902875s,11.2702749s,19495,492,2
2.5935126s,1.3054591s,5.4335393s,19575,492,2
2.5193198s,1.0386943s,8.660156s,19547,492,2
2.3275095s,1.1344761s,8.8546674s,19531,492,2
2.6276622s,1.0335465s,8.5545147s,19539,492,2
2.6958402s,1.1343849s,2.4176721s,19627,492,2
3.1476158s,1.3595396s,8.0544048s,19555,492,2
2.4118284s,1.2461805s,2.7175983s,19611,492,2
2.9249781s,1.2787743s,5.1332798s,19599,492,2
2.8244202s,1.2288338s,2.3149505s,19607,492,2
2.1241369s,1.060794s,3.0195859s,19615,492,2
2.9616066s,1.2778481s,8.2547101s,19535,492,2
2.6595029s,1.321077s,8.5568138s,19543,492,2
2.9648306s,1.1906857s,8.2514861s,19523,492,2
2.870822s,1.3062141s,8.352322s,19527,492,2
2.7650941s,1.2141621s,8.4580499s,19559,492,2
2.3452702s,1.2050261s,5.7321938s,19579,492,2
2.8494735s,1.307308s,5.2279905s,19563,492,2
2.7524294s,1.129385s,5.3306233s,19583,492,2
2.8412538s,1.3638433s,2.3168208s,19623,492,2
2.4457812s,1.3095821s,5.637581s,19587,492,2
2.1616564s,1.1240262s,0s,19667,492,2
2.2399563s,1.0837105s,0s,19663,492,2
2.2678305s,1.1107438s,0s,19647,492,2
2.3815283s,1.1935153s,0s,19651,492,2
2.4844917s,1.3716596s,0s,19655,492,2
3.07239s,1.4747281s,8.6517844s,19521,492,0
2.4634724s,1.0134473s,9.260702s,19525,492,0
2.7123253s,1.2024254s,5.9394591s,19569,492,0
2.5896262s,1.3436811s,2.8191034s,19609,492,0
2.7232179s,1.3295073s,5.9381258s,19561,492,0
2.5986577s,1.1884352s,2.8196312s,19605,492,0
2.9243456s,1.1356198s,5.7369981s,19597,492,0
2.7041496s,1.2363307s,2.7187764s,19629,492,0
2.5295619s,1.1620473s,6.1401582s,19581,492,0
2.4795373s,1.1079234s,9.2631278s,19557,492,0
3.2430548s,1.4707353s,5.4372696s,19573,492,0
2.6941828s,1.0388933s,9.0601517s,19553,492,0
2.8956243s,1.4755479s,8.8587102s,19541,492,0
2.793981s,1.2598459s,8.9603535s,19549,492,0
2.4822845s,1.0201224s,0s,19673,492,0
2.4822845s,1.1624098s,0s,19677,492,0
2.6106487s,1.4402785s,9.1565104s,19529,492,0
3.0194797s,1.4006361s,8.7564338s,19533,492,0
3.0485948s,1.3880619s,11.7759135s,19513,492,0
2.5598509s,1.4653471s,6.1436726s,19577,492,0
2.9668736s,1.4798037s,5.7366499s,19565,492,0
2.4452697s,1.2580821s,3.0184403s,19601,492,0
2.8527852s,1.1982565s,2.6149015s,19617,492,0
2.9242551s,1.3224573s,8.8588764s,19537,492,0
2.4766419s,1.2800807s,6.2346235s,19585,492,0
2.4502819s,1.0273216s,3.0179287s,19637,492,0
2.7592042s,1.2504467s,2.7185749s,19633,492,0
2.7352681s,1.4343964s,9.0609714s,19545,492,0
2.9694298s,1.2580821s,2.5160314s,19625,492,0
2.4664498s,1.1515398s,3.0190114s,19613,492,0
2.4708431s,1.1848067s,3.0209552s,19621,492,0
2.6039729s,1.2765819s,6.1386902s,19589,492,0
2.7010265s,1.1718869s,6.0416366s,19593,492,0
2.5881939s,1.3385959s,0s,19661,492,0
2.5986853s,1.4140637s,0s,19669,492,0
2.6296753s,1.2426493s,0s,19653,492,0
2.6404481s,1.4355756s,0s,19657,492,0
2.7129633s,1.3687692s,0s,19665,492,0
2.8087746s,1.2794593s,0s,19641,492,0
2.8830248s,1.1459331s,0s,19649,492,0
2.499495s,1.2761531s,3.1225075s,19632,492,3
2.4097366s,1.0508513s,6.4388053s,19572,492,3
2.747053s,1.2035468s,9.3560086s,19524,492,3
2.7354824s,1.3237802s,12.4834486s,19488,492,3
3.2545197s,1.4761548s,8.8585533s,19552,492,3
2.7678192s,1.3696164s,100.4412ms,19652,492,3
2.7166694s,1.276952s,6.1418839s,19568,492,3
2.8221455s,1.4816033s,6.0400762s,19596,492,3
3.2258069s,1.3341996s,5.6364148s,19600,492,3
2.8221455s,1.3566188s,6.0400762s,19592,492,3
2.6156489s,1.3694626s,3.0207659s,19608,492,3
2.7207089s,1.4472226s,2.9176031s,19636,492,3
2.3196765s,1.2192985s,3.3218065s,19640,492,3
2.7782608s,1.194572s,100.5252ms,19644,492,3
2.6427397s,1.2935274s,6.2394261s,19576,492,3
2.3405324s,1.0711637s,3.3189471s,19604,492,3
3.0686863s,1.4365513s,12.1769778s,19504,492,3
2.4818626s,1.3107042s,9.6613422s,19556,492,3
2.4467424s,1.153069s,3.2215697s,19612,492,3
2.4467424s,1.169056s,3.2215697s,19624,492,3
2.9068028s,1.2270855s,0s,19648,492,3
2.9068028s,1.4636976s,0s,19672,493,3
2.2915283s,1.0120202s,9.8637911s,19536,493,3
2.2915283s,1.2056359s,9.8637911s,19528,493,3
2.7145284s,1.266101s,201.7448ms,19668,493,3
2.764486s,1.2227752s,2.920801s,19628,493,3
2.3620164s,1.042062s,3.3232706s,19620,493,3
3.1828856s,1.4467523s,5.7327352s,19588,493,3
2.4211726s,1.349636s,504.1553ms,19660,493,3
2.875289s,1.3636084s,6.0403318s,19584,493,3
2.875289s,1.2407011s,6.0406569s,19580,493,3
2.715162s,1.0540727s,9.4614488s,19560,493,3
2.8960076s,1.4495623s,12.3864612s,19508,493,3
2.9822803s,1.2422808s,5.9398108s,19564,493,3
2.6782947s,1.1812132s,3.0235372s,19616,493,3
3.105858s,1.4832825s,12.1821585s,19520,493,3
2.4186515s,1.1394125s,9.7652627s,19544,493,3
2.7257576s,1.3380328s,9.4581566s,19548,493,3
2.538954s,1.3908289s,401.8909ms,19656,493,3
2.6396875s,1.3419976s,301.1574ms,19664,493,3
2.6396875s,1.0843158s,301.1574ms,19680,493,3
2.8316238s,1.206686s,9.3563501s,19532,493,3
2.8434337s,1.4375052s,100.4003ms,19676,493,3
2.5351543s,1.0748412s,9.6578421s,19540,493,3
2.5229046s,1.0535302s,6.4408091s,19742,497,1
2.9281763s,1.4759213s,9.2603425s,19698,497,1
2.6785968s,1.1988596s,3.5224523s,19766,497,1
2.676587s,1.146874s,604.3187ms,19834,497,1
2.676587s,1.2039207s,604.3187ms,19838,497,1
2.676587s,1.3219541s,604.3187ms,19826,497,1
2.7448807s,1.2092072s,6.2421009s,19726,497,1
2.484896s,1.1348152s,3.724485s,19770,497,1
2.652328s,1.2061391s,9.5594587s,19714,497,1
2.8552111s,1.1345794s,9.3598673s,19690,497,1
2.6492395s,1.3720637s,6.3410338s,19722,497,1
2.5553048s,1.3535141s,6.4384322s,19746,497,1
2.6492395s,1.2120565s,6.3444975s,19738,497,1
2.3952239s,1.0777321s,3.8209125s,19762,497,1
2.5925342s,1.1624292s,3.6236022s,19786,497,1
2.7584933s,1.1806205s,9.4600488s,19710,497,1
2.9010305s,1.4504433s,3.3240658s,19774,497,1
2.7664851s,1.36078s,6.2395129s,19734,497,1
2.6032119s,1.3357647s,3.6251855s,19798,497,1
2.6601873s,1.3261228s,6.3463397s,19750,497,1
2.3088667s,1.2129328s,3.9236657s,19794,497,1
2.6742582s,1.1535269s,9.5606799s,19686,497,1
2.7776006s,1.0059353s,6.2398346s,19754,497,1
2.2810562s,1.0396275s,9.9611841s,19682,497,1
2.6848207s,1.1841059s,9.5574196s,19694,497,1
2.3112932s,1.0882795s,3.9290551s,19778,497,1
2.9224188s,1.4444611s,3.3202989s,19790,497,1
2.3243649s,1.2907714s,1.0051448s,19830,497,1
2.3221461s,1.21257s,1.0073636s,19814,497,1
2.2235719s,1.2104634s,4.0287991s,19782,497,1
2.2915776s,1.1518807s,9.9627566s,19718,497,1
2.6955199s,1.0651527s,9.5621072s,19702,497,1
2.7296717s,1.0854695s,603.1309ms,19810,497,1
2.2980019s,1.1015078s,6.7473313s,19730,497,1
2.7501276s,1.2065199s,603.9339ms,19822,497,1
2.7501276s,1.4687394s,603.9339ms,19818,497,1
2.7507104s,1.1740862s,603.8671ms,19806,497,1
3.2248051s,1.4548624s,9.0603661s,19706,497,1
2.5580349s,1.0371939s,804.5737ms,19802,497,1
2.5121328s,1.0322486s,6.5504952s,19758,497,1
2.6035096s,1.364185s,12.2780466s,19643,497,2
2.5238049s,1.3594978s,6.7451736s,19731,497,2
2.5000984s,1.2166684s,12.3828476s,19659,497,2
2.6822755s,1.469365s,9.3662879s,19707,497,2
2.3252044s,1.1067883s,3.9238213s,19791,497,2
2.4283523s,1.2573511s,6.8418956s,19723,497,2
2.3252044s,1.0360643s,3.9244182s,19771,497,2
2.763848s,1.425632s,402.4258ms,19831,497,2
2.5941274s,1.2066902s,9.4633488s,19699,497,2
2.6162446s,1.0347775s,12.2756142s,19671,497,2
2.7378955s,1.0159639s,3.5228233s,19783,497,2
2.1993673s,1.0876722s,9.8621586s,19703,497,2
2.8722899s,1.1979326s,301.2657ms,19827,497,2
2.6775393s,1.4268968s,503.4397ms,19835,497,2
2.5449122s,1.0954908s,6.7458745s,19755,497,2
2.7481382s,1.1852994s,3.5214263s,19799,497,2
3.0829216s,1.3653751s,100.2314ms,19803,497,2
2.7575287s,1.2581078s,6.5367631s,19727,497,2
2.8343826s,1.3819796s,12.0738767s,19675,497,2
2.8537744s,1.3542912s,3.4213358s,19795,497,2
2.460011s,1.1866123s,6.8477919s,19751,497,2
2.5253923s,1.1449846s,9.5667469s,19719,497,2
2.9702449s,1.4738613s,3.3210872s,19779,497,2
2.4705537s,1.3255752s,6.8420006s,19735,497,2
2.7038196s,1.2195147s,502.7909ms,19839,497,2
2.9150625s,1.4805651s,302.3835ms,19823,497,2
2.7470151s,1.3932378s,9.3589152s,19695,497,2
2.5360359s,1.352803s,9.5702897s,19711,497,2
2.6534227s,1.1918254s,12.2872855s,19679,497,2
2.4145397s,1.251026s,805.0613ms,19819,497,2
2.6861527s,1.1338479s,3.6215208s,19763,497,2
3.0880725s,1.3631767s,3.219601s,19775,497,2
2.2894269s,1.1733851s,7.0482907s,19743,497,2
2.6235898s,1.4970671s,604.8331ms,19811,497,2
2.4922277s,1.0262098s,6.8454899s,19739,497,2
2.6614912s,1.1792925s,9.4582873s,19687,497,2
2.5575973s,1.2085158s,9.5621812s,19691,497,2
2.5027467s,1.0460713s,6.840896s,19759,497,2
2.8008149s,1.4074689s,3.5216056s,19787,497,2
2.6336466s,1.3502232s,600.7014ms,19807,497,2
2.9045801s,1.4240614s,3.4178404s,19767,497,2
2.8393959s,1.3076681s,402.5947ms,19815,497,2
2.7795849s,1.0527835s,9.3543714s,19683,497,2
2.4735193s,1.2885797s,9.660437s,19715,497,2
3.0212222s,1.4589872s,6.3394561s,19747,497,2
2.7761873s,1.044466s,9.3637401s,19693,496,0
2.445122s,1.1939652s,704.2771ms,19813,496,0
2.5746005s,1.3931063s,9.5653269s,19681,496,0
2.9777621s,1.4971527s,9.1621653s,19689,496,0
2.4795183s,1.333682s,3.6211362s,19777,496,0
2.7761873s,1.3580112s,9.3637401s,19709,496,0
3.1531403s,1.4878982s,0s,19817,497,0
2.5849616s,1.499909s,9.5622991s,19701,497,0
2.3517608s,1.0371494s,6.7426747s,19729,497,0
2.7548256s,1.1494279s,403.1367ms,19825,497,0
2.6577365s,1.1385647s,503.3544ms,19829,497,0
2.5966185s,1.4380967s,3.5211017s,19781,497,0
2.6920802s,1.1508777s,9.4649129s,19705,497,0
2.3958228s,1.165615s,3.7218974s,19769,497,0
2.4670126s,1.0294683s,6.6422016s,19737,497,0
2.5756685s,1.4391085s,6.5436187s,19753,497,0
2.5136768s,1.0392917s,3.6220577s,19765,497,0
3.0407053s,1.4125772s,12.1750074s,19645,497,0
2.8180521s,1.3174742s,3.3213299s,19789,497,0
2.3823768s,1.3589915s,805.7498ms,19833,497,0
2.9864477s,1.3841555s,6.1409524s,19721,497,0
2.8187467s,1.1805389s,9.3614786s,19713,497,0
2.6184755s,1.4950307s,3.5224769s,19793,497,0
2.2848002s,1.0232334s,6.8425999s,19745,497,0
2.6210638s,1.2624725s,3.5198886s,19773,497,0
2.4263698s,1.0694053s,9.7589855s,19685,497,0
2.6281561s,1.0228398s,9.5571992s,19697,497,0
2.8965967s,1.389079s,301.7506ms,19821,497,0
2.6288842s,1.1874207s,3.520366s,19785,497,0
2.497325s,1.2812109s,706.597ms,19809,497,0
2.9512554s,1.4904215s,3.2246818s,19761,497,0
3.0528252s,1.4177168s,9.1623849s,19717,497,0
2.419169s,1.2340705s,6.7442928s,19749,497,0
2.4244585s,1.0310744s,6.7412881s,19741,497,0
2.6260002s,1.0619916s,604.0724ms,19805,497,0
2.9358016s,1.2153826s,301.545ms,19801,497,0
2.6639362s,1.2300745s,3.5246658s,19797,497,0
2.5316459s,1.1400136s,6.6434038s,19757,497,0
2.5338026s,1.4487509s,6.6431774s,19733,497,0
2.8366683s,1.4739566s,6.3397603s,19725,497,0
3.1459748s,1.4597878s,100.8634ms,19837,497,0
2.535664s,1.0231809s,906.1197ms,19840,497,3
2.4650073s,1.2161824s,4.129085s,19768,497,3
3.1527099s,1.4313609s,302.5017ms,19828,497,3
2.6699075s,1.1082175s,3.9241848s,19764,497,3
2.5900581s,1.1203484s,7.0446785s,19736,497,3
2.9573986s,1.3721423s,503.4862ms,19816,497,3
2.5159721s,1.2004256s,10.0633985s,19684,497,3
2.3180261s,1.0636444s,10.2613445s,19696,497,3
2.2213292s,1.0102573s,10.3650522s,19720,497,3
2.2966334s,1.0303676s,7.346599s,19744,497,3
2.8270288s,1.1510252s,9.7635373s,19700,497,3
2.4056134s,1.1938312s,7.2492438s,19732,497,3
2.3780907s,1.1267035s,1.1060636s,19820,497,3
2.8838139s,1.0340566s,603.9129ms,19804,497,3
2.943149s,1.3960228s,9.6646528s,19716,497,3
3.0025735s,1.2211827s,3.6271082s,19780,497,3
2.2834911s,1.1675833s,1.2073099s,19832,497,3
2.5195081s,1.4866783s,7.1490584s,19760,497,3
2.4051921s,1.0725459s,4.2284033s,19776,497,3
2.290698s,1.080168s,1.2064895s,19812,497,3
2.35141s,1.0925063s,10.2627783s,19704,497,3
3.0349711s,1.4103063s,6.6380862s,19752,497,3
2.157506s,1.0552071s,10.4688914s,19692,497,3
2.9398745s,1.3565313s,6.7433739s,19756,497,3
2.5361934s,1.4400669s,7.147055s,19740,497,3
2.2347337s,1.1435863s,7.4485147s,19724,497,3
2.7089216s,1.3669141s,804.14ms,19824,497,3
2.6660108s,1.0934456s,9.9631117s,19712,497,3
2.8325906s,1.2431684s,3.8239428s,19800,497,3
2.4291209s,1.0536578s,4.2274125s,19784,497,3
2.2458229s,1.0127396s,7.4456816s,19728,497,3
3.0348624s,1.3615502s,3.6251167s,19796,497,3
2.5145079s,1.2266151s,1.0065905s,19808,497,3
3.1385037s,1.4753696s,3.5205558s,19772,497,3
2.7734129s,1.1782192s,9.8622899s,19688,497,3
2.5576304s,1.0219727s,7.1459461s,19748,497,3
2.5470205s,1.1917712s,4.1240414s,19792,497,3
2.7285646s,1.1442856s,803.6166ms,19836,497,3
2.543274s,1.0690392s,4.1277879s,19788,497,3
2.6879764s,1.0346577s,9.9612056s,19708,497,3
2.4407927s,1.2057378s,5.0348566s,19934,501,1
2.2806442s,1.0842874s,8.1584514s,19906,501,1
2.5085063s,1.168769s,1.9090831s,19966,501,1
2.5493524s,1.4109488s,4.9295361s,19954,501,1
2.9101372s,1.4359104s,1.5097058s,19978,501,1
2.7986703s,1.4056416s,7.6477563s,19910,501,1
2.598678s,1.2718144s,7.8567279s,19902,501,1
3.0612991s,1.2756413s,4.4306605s,19946,501,1
2.7443789s,1.3741507s,10.7657075s,19866,501,1
2.6095889s,1.3888244s,7.8484698s,19894,501,1
2.6440659s,1.3390948s,10.8660205s,19878,501,1
2.4653588s,1.1983727s,5.0340249s,19938,501,1
2.84767s,1.1794897s,10.6671877s,19854,501,1
2.6283331s,1.3685083s,1.8103415s,19990,501,1
2.7303414s,1.4468647s,1.7083332s,19998,501,1
3.0520277s,1.4845125s,10.469875s,19850,501,1
2.8762939s,1.1146609s,4.6301348s,19930,501,1
2.7549358s,1.1532833s,10.7682747s,19846,501,1
2.8275922s,1.2450309s,7.6435906s,19914,501,1
2.5501066s,1.4352771s,10.9731039s,19858,501,1
2.8404309s,1.4219148s,1.6105665s,19994,501,1
2.6387558s,1.4451182s,1.8122416s,19962,501,1
2.4666271s,1.1236738s,11.0712833s,19870,501,1
2.478593s,1.0576117s,11.0709912s,19874,501,1
2.7479338s,1.2833391s,7.7496227s,19890,501,1
2.795967s,1.3654355s,4.7381432s,19958,501,1
2.7078137s,1.2420531s,4.8304595s,19922,501,1
2.5071675s,1.1020915s,5.0311057s,19942,501,1
2.9546158s,1.1394969s,7.5490798s,19898,501,1
2.1864286s,1.0687377s,11.3692947s,19842,501,1
2.3512589s,1.1941684s,8.1524367s,19886,501,1
2.6699133s,1.0508874s,1.810321s,19974,501,1
2.9634463s,1.3872188s,7.5476032s,19918,501,1
2.6235505s,1.2837251s,4.9328719s,19950,501,1
2.6976965s,1.3061402s,10.8741999s,19862,501,1
2.8887861s,1.236228s,1.6066664s,19986,501,1
2.2873892s,1.0208694s,2.2132321s,19982,501,1
2.7935259s,1.4498215s,1.7104291s,19970,501,1
2.6816023s,1.313219s,7.8508195s,19882,501,1
2.9401612s,1.4507775s,4.6288143s,19926,501,1
3.0455408s,1.2156009s,1.0048438s,19975,501,2
2.2764249s,1.0680076s,4.7273468s,19935,501,2
2.3820489s,1.2548324s,4.6259713s,19923,501,2
2.9033307s,1.1515617s,7.2453552s,19891,501,2
2.824157s,1.4272542s,10.2658682s,19855,501,2
2.8855695s,1.1748642s,4.1224507s,19959,501,2
2.3507335s,1.3251044s,1.7107819s,19983,501,2
2.5084608s,1.1936468s,7.6483034s,19907,501,2
2.5084608s,1.1870354s,7.6483034s,19911,501,2
2.7914591s,1.1567865s,4.229006s,19939,501,2
2.3345957s,1.1540463s,10.7708763s,19871,501,2
2.9413393s,1.1924656s,10.1644942s,19867,501,2
2.26373s,1.2084245s,1.8114406s,19991,501,2
2.5159788s,1.1061876s,7.6563181s,19883,501,2
2.7207596s,1.2875013s,7.4515373s,19915,501,2
2.1184119s,1.0258637s,8.053885s,19919,501,2
2.1458637s,1.0063911s,10.9682649s,19863,501,2
2.5469158s,1.3422425s,10.5672128s,19847,501,2
2.4430642s,1.2731114s,10.6710644s,19851,501,2
2.614698s,1.3101962s,4.4246328s,19927,501,2
2.9181734s,1.4407468s,4.1211574s,19931,501,2
3.1406657s,1.4712832s,7.0503762s,19899,501,2
2.2588871s,1.0585381s,10.8734941s,19843,501,2
2.7602918s,1.1332221s,10.3727038s,19859,501,2
2.9431583s,1.3056683s,7.2478836s,19903,501,2
2.3938234s,1.0196207s,1.7089151s,19971,501,2
2.5794485s,1.2701881s,10.5664155s,19875,501,2
2.7053291s,1.0846873s,1.4084239s,19963,501,2
2.3366113s,1.2404332s,4.7325872s,19947,501,2
2.3076738s,1.0863515s,1.8114187s,19999,501,2
2.9682869s,1.3250566s,7.2487409s,19887,501,2
2.950106s,1.1763282s,4.1262561s,19951,501,2
2.8238722s,1.1962467s,1.3087495s,19987,501,2
3.0243695s,1.1100096s,1.1087315s,19979,501,2
2.5592166s,1.3048406s,4.5266954s,19955,501,2
2.3292943s,1.1418536s,1.8157921s,19967,501,2
2.583491s,1.22334s,7.6523671s,19895,501,2
2.4105871s,1.0285537s,10.7666103s,19879,501,2
2.8644187s,1.3276223s,4.2307737s,19943,501,2
2.7381021s,1.3688807s,1.4097237s,19995,501,2
2.4193487s,1.2083886s,8.1541774s,19917,501,0
2.713529s,1.3017313s,10.7749462s,19869,501,0
2.9149491s,1.482684s,10.5735261s,19845,501,0
2.5131299s,1.101176s,10.9753453s,19841,501,0
2.6264781s,1.2961544s,10.868011s,19857,501,0
2.5257541s,1.1997136s,8.0537859s,19913,501,0
3.0298316s,1.3404551s,7.5497084s,19901,501,0
2.5257541s,1.0009735s,8.0537859s,19889,501,0
2.2155951s,1.0773229s,5.3365905s,19929,501,0
2.3839793s,1.2047289s,2.0135586s,19985,501,0
2.7280275s,1.3657254s,4.8280795s,19941,501,0
2.2264912s,1.047669s,5.3296158s,19921,501,0
2.827283s,1.2226313s,4.728824s,19925,501,0
2.9442914s,1.3787913s,7.6480008s,19905,501,0
2.7348767s,1.2716597s,10.7723646s,19865,501,0
2.6316852s,1.1805391s,4.9307754s,19937,501,0
2.83912s,1.4232573s,10.6676325s,19873,501,0
2.3946247s,1.1498013s,2.012391s,19973,501,0
2.3946247s,1.0056512s,2.012391s,19965,501,0
2.599036s,1.4820183s,1.811451s,19969,501,0
2.5570812s,1.2605234s,8.0513492s,19897,501,0
2.7458035s,1.4144861s,4.8327953s,19945,501,0
2.5139486s,1.3349589s,1.9122765s,19977,501,0
2.955038s,1.4755929s,4.6292773s,19957,501,0
3.1585691s,1.2208365s,4.4309891s,19933,501,0
2.821182s,1.3418223s,1.6098071s,19989,501,0
2.7644268s,1.1459951s,10.7699121s,19877,501,0
2.2691397s,1.0905786s,8.3502501s,19881,501,0
2.6745374s,1.3617457s,7.949447s,19885,501,0
2.8710885s,1.2978814s,10.667845s,19853,501,0
3.0312325s,1.4391693s,1.410231s,19981,501,0
2.6816788s,1.1327794s,10.8721646s,19861,501,0
2.4734653s,1.2418463s,5.1355974s,19953,501,0
2.9474664s,1.4937635s,1.5089623s,19961,501,0
2.2930387s,1.1608685s,8.3557649s,19909,501,0
2.6004109s,1.1091631s,8.0483927s,19893,501,0
2.4911367s,1.289605s,5.1334744s,19949,501,0
2.5564951s,1.1479514s,1.9117268s,19993,501,0
2.5564951s,1.0532206s,1.9117268s,19997,501,0
2.6049387s,1.3796082s,10.9695575s,19849,501,0
2.4941225s,1.2757242s,3.2202484s,19936,501,3
2.5412493s,1.3771242s,302.4841ms,19964,501,3
2.7465285s,1.1787467s,100.6222ms,19972,501,3
2.4498099s,1.0222807s,9.3589957s,19844,501,3
2.4480668s,1.0633806s,403.0875ms,19992,501,3
2.5924188s,1.1853s,6.3447482s,19904,501,3
2.4960094s,1.2047076s,6.4441468s,19888,501,3
2.8032605s,1.3965591s,6.1403236s,19908,501,3
2.4103083s,1.1759858s,3.3213754s,19952,501,3
2.3657659s,1.2735769s,9.4608927s,19856,501,3
2.5627679s,1.2971987s,302.2358ms,19996,501,3
3.2119004s,1.4261646s,5.7369155s,19884,501,3
2.4207744s,1.1094217s,3.3218405s,19928,501,3
2.4689006s,1.2895466s,401.8025ms,19980,501,3
2.8778427s,1.2441346s,8.9583005s,19876,501,3
2.2709645s,1.1145715s,603.5238ms,20000,501,3
2.7362266s,1.2404961s,3.0200771s,19948,501,3
2.5358137s,1.2404961s,3.22049s,19944,501,3
2.3860082s,1.1610644s,9.4600386s,19880,501,3
2.4929385s,1.3405379s,9.3570058s,19852,501,3
3.0391517s,1.3078397s,5.9329499s,19916,501,3
2.69387s,1.1412787s,201.036ms,19984,501,3
2.538518s,1.4591592s,6.4452277s,19896,501,3
2.1358954s,1.0736512s,6.8485793s,19892,501,3
2.4001145s,1.0388411s,504.5717ms,19976,501,3
2.6049583s,1.3869015s,302.7507ms,19968,501,3
2.7129778s,1.4970521s,9.1566988s,19872,501,3
2.5489156s,1.2155642s,6.4429183s,19912,501,3
2.7091587s,1.1161327s,9.1605179s,19860,501,3
2.861558s,1.0654174s,2.9183755s,19940,501,3
2.861558s,1.2492024s,2.9183755s,19960,501,3
2.8566509s,1.3122412s,6.1393765s,19900,501,3
2.8719118s,1.1048083s,2.9190715s,19932,501,3
2.3561064s,1.2410462s,6.6467773s,19920,501,3
2.5667046s,1.3216389s,3.2242787s,19924,501,3
2.1225359s,1.0198159s,9.7617713s,19864,501,3
2.572612s,1.3838241s,3.2219521s,19956,501,3
2.5227175s,1.1196918s,402.3711ms,19988,501,3
2.6351499s,1.3505907s,9.260192s,19868,501,3
2.3346723s,1.0527808s,9.5665983s,19848,501,3
