committee,daon,decentruth,deepthought,seenfeed
4.6926805,4.493716019,11.894996717,28.550118094,8.4334682
4.390784200000001,9.09829995,23.378138561,56.469605025,17.1153038
4.5900033,13.226829380000002,34.750879162000004,85.195242202,25.5296818
4.5605453,17.748530424000002,46.006560262,114.52403438,33.7683438
9.2981415,22.268404225,57.606454552,143.230638244,42.2911084
8.713008,26.930248401,69.023428452,171.749418257,50.4956404
9.1096656,31.235062301,80.67812849200001,200.145897725,58.6192305
9.118285,35.927580376,92.02674860800002,228.650730853,67.204813
13.5342493,40.643771379,103.655346521,257.100990476,75.7685817
13.1375014,45.183804177,114.94057001500002,286.280336668,83.8579452
13.5437155,49.921191634,126.79244276600002,314.783294168,92.4297365
13.5001727,54.535617187,138.07597734600003,343.392961499,100.836348
17.9147145,59.110960175,149.46231946700004,371.368638933,109.1348711
17.9027713,63.592792575,160.60288552700004,400.42647318,117.8132694
18.0814884,68.00967268800001,171.98720992900004,429.058864063,126.0528688
17.8445946,72.535986006,183.75783352600004,457.599077534,134.7874152
22.4049439,77.15505101400001,195.46405523200005,485.807085657,143.4050101
22.319975300000003,81.77775814700001,207.21247392900003,513.2920724640001,151.7973622
22.5160209,86.42628155800001,218.89386365400009,540.5817755850001,160.11440900000002
22.2598256,91.07624373500002,231.1312646380001,568.751609957,168.53936650000003
26.8430547,95.77398030700002,242.3848288380001,597.341756316,177.12703810000002
26.643699000000005,100.187138319,253.68255749500003,625.833901195,185.6237949
26.8644339,104.78192253800002,264.92338375,653.606629819,193.659994
26.7824454,109.19374983500002,276.08966145200003,681.741191928,201.7652713
31.3577296,113.54248694600004,287.561557787,709.5961827250001,210.5177355
30.988310200000004,118.10028857700004,298.63917506800004,737.7647871300001,218.78884040000003
31.4522529,122.48511035900005,309.908801072,766.4076972510001,227.1113548
31.1417083,127.03896736200004,320.85038916400003,794.849560976,235.6175841
35.9152785,131.62472036900004,332.14434462200006,822.996352481,243.725567
35.353580300000004,136.12906073400003,343.42863443600004,851.164644608,252.320015
35.7901043,140.65866138200005,354.65360733800003,879.175050277,260.7677977
35.8348705,145.10150741200005,365.9800506090001,907.232591463,269.02235820000004
40.2665179,149.40759904100003,377.503874503,935.442548749,277.21097870000006
39.81292500000001,153.88147722600004,389.29771428,963.99030947,285.82840860000005
40.2996661,158.29052472600006,400.531093557,991.343533943,294.31506690000003
40.5627099,162.78960840200006,411.682621521,1019.835699005,302.57094870000003
44.6359073,167.09977528500005,422.868023362,1048.280067262,310.81093880000003
44.53566010000001,171.68538223400006,434.3907709390001,1076.4576528639998,319.02107340000003
45.0373527,176.25834824000006,446.09809226300007,1105.0327830739998,327.2037525
45.2020743,180.74050284400005,457.37897568000005,1133.9907930769998,335.3098881
49.1807461,185.00679390200008,468.777339479,1162.2890965379995,343.8186096
48.96097590000001,189.39512766700005,480.046211946,1190.6418541489998,352.3972809
49.4468087,193.83399042300005,491.189002738,1218.3536588989998,360.8394799
49.7522204,198.31853757800005,502.467571234,1247.1791359749998,369.3780113
53.7566109,203.05969527200008,513.574065326,1275.4651990179998,377.7376088
53.30755250000001,207.51359458800005,525.117145271,1304.0142776399998,386.3741932
53.9497433,212.30750727900005,536.876364964,1331.8883378069995,394.63075670000006
54.1139744,216.81119080600004,548.122680316,1360.3763855309996,402.9645467000001
58.2516825,221.08731351100005,559.232515598,1388.6803623499995,411.3904576000001
57.933612800000006,225.43517936800004,570.334135909,1417.2980042659997,419.3486442000001
58.37810149999999,230.01737064100004,581.487320516,1446.4568965709996,427.47918820000007
58.4878856,234.58130699400004,592.315234239,1475.2606225369996,436.16981820000007
62.6738686,239.4634037550001,603.810979323,1503.6277409669997,444.62701460000005
62.82439170000001,244.0241977050001,615.43572994,1531.6927631959995,453.1229052000001
62.7454054,248.34225808900007,626.735174333,1559.7480095839996,461.05789640000006
62.8698034,252.91443203600008,637.743426634,1588.4283714689996,469.19847460000005
67.0515426,257.1374403420001,648.880293431,1616.9606582469996,477.6612446
67.3702829,261.8141044510001,659.9218998360001,1645.3906261999996,486.1421066
67.3864925,266.1846963550001,671.1731956110001,1673.3769297789995,494.53008860000006
67.1359317,270.82204576800007,682.447185757,1701.9139037499997,502.9655589000001
71.76938820000001,274.9898137630001,693.9067966980001,1730.1416342819994,511.1999554000001
71.8518952,279.5919444530001,705.4018283580001,1757.4482997319994,519.5312721
71.7619902,283.9480435150001,716.5671748810001,1785.8392218009994,527.8844052000001
71.8412677,288.21244128400014,727.9898718500001,1814.5601437029995,536.2180485
76.16334700000002,293.01569356800013,739.6756848030001,1842.6951805989995,544.2422924
76.2470359,297.4188863120001,751.4738414420001,1871.4908385849997,552.6422082
76.1506224,301.97931218600013,762.818110979,1900.2899947179997,561.0396405
76.1622282,306.3511312470001,773.8472610030001,1928.9082817429996,569.5440342
80.56923420000001,311.0178784290001,785.4670216690001,1956.8594827479997,577.9147368
80.524126,315.4769065900001,797.2904292460001,1985.0456952109996,586.1295725
80.7013458,320.0005332070001,808.6257102120002,2012.4560323159997,594.273301
80.3182241,324.2700734510001,820.0533730860002,2041.1374452849996,602.4961148
85.04449660000002,328.8783339980001,831.0985238580001,2069.492665828999,611.2472799999999
85.1364196,333.08031883200005,842.4720498020001,2098.043374264,620.0372567
85.2835893,337.416087573,853.4472931430001,2125.799062853999,628.4199636
84.85581289999999,341.89964968500004,865.1749703470001,2153.6616841559994,636.7990932
89.43016760000002,346.34737503200006,876.7354688780001,2180.819040588,645.1137892
89.82297799999999,350.6222419040001,888.7408951280001,2208.9397282869995,653.6286471000001
89.497153,355.3243645470001,900.3990779280001,2236.81000247,661.9461504000001
89.60382349999999,359.8850251780001,911.871627638,2265.760796371,669.8698658000001
93.8229082,364.24198212300007,922.798972471,2293.607833623,678.2266910000001
94.2228273,368.89152765000006,934.516358645,2321.824060144,686.7572965
94.0178233,373.5460264670001,945.689977802,2349.756955418,694.8657038
93.8704922,378.1373782760001,957.404538381,2377.766962137,703.5664105
98.4505356,382.75430256300007,968.665199567,2406.007763165,711.8160409999999
98.7205797,387.413145688,979.772939932,2434.170346101,720.2669494999999
98.2905727,391.872836282,991.39954259,2463.054037377,728.5797408999999
98.2501328,396.323687053,1003.074353034,2490.70350567,736.7349747999999
103.10033570000002,400.818291967,1014.600947278,2518.724715238,745.0671927
103.18478079999998,405.202719218,1026.378265673,2546.785208436,753.3437458
102.8308051,409.81720958,1037.702410986,2575.572568804,761.7452187
102.4802434,414.337534112,1049.3380591,2603.818174453,769.8592059
107.83059430000002,418.685849354,1060.614676338,2631.91306351,778.4256086
107.4469708,423.263333257,1071.660065134,2660.57500258,786.7111439
107.190645,428.090059156,1082.767413273,2688.994653302,794.8842014
106.78545739999998,432.711023547,1094.615241149,2716.647709464,803.0651750000001
112.3038433,436.882457537,1105.950170519,2744.994724606,811.8055546
111.9229404,441.417420448,1117.120037225,2772.773670824,820.3994564000001
111.5748596,445.895114404,1127.810027258,2800.908147533,828.8514701
111.24537999999998,450.650262135,1138.79912265,2829.14583315,837.59954
116.9173522,455.207508966,1150.127055181,2857.729619341,845.6315773
116.34058299999998,459.900328907,1161.612076099,2885.117582033,853.8361995
116.2254888,464.364769266,1173.513942814,2913.310349221,862.5455169
115.82504589999998,468.780302816,1185.003636635,2942.091120899,871.003635
121.3511367,473.35944027,1196.435554486,2970.298292741,879.2992514
120.9394592,477.728599094,1207.90250866,2998.556952713,887.7609824
120.5199965,482.176143927,1219.58154385,3027.0243133369995,896.442452
120.10379309999998,486.7355875,1230.9271828919998,3055.0112442519994,904.6647361
125.8229585,491.122169665,1242.3943389329995,3082.594712543,913.1331696
125.31271089999998,495.580361428,1253.3313276289998,3110.9898246309995,921.4772548
124.990827,499.81318259,1264.9145932799995,3139.7506477319994,929.9319473
124.76962059999998,503.973135646,1276.3370202899998,3168.424081212999,938.4463401
130.4487999,508.609479131,1288.0228469679998,3196.8679497409994,946.985329
129.79589,513.133781077,1298.905130425,3224.7076781309997,955.2951413
129.5899542,517.594941167,1310.516324948,3252.887991949999,963.8178736
129.40806399999997,522.245833883,1321.697817366,3281.372177401999,972.2016005
134.93490340000002,526.7761067570001,1333.051389151,3310.1033464039992,980.2774911
134.12578359999998,531.184914689,1344.547387351,3338.038572158999,988.9457148
133.9331538,535.6588394830001,1355.966853882,3365.9857483299998,997.373518
133.75654429999997,540.118330108,1367.048089269,3394.377860111,1005.6203499
139.39324510000003,544.8046460740001,1378.337270662,3422.6854676549992,1014.0255008
138.80368749999997,549.2429301110001,1389.535270345,3450.4015086489994,1022.6066674
138.00639159999997,553.7560695110001,1400.212351503,3479.343976599999,1030.6315648
138.2037586,558.2280243330001,1411.577214578,3507.9978879119994,1038.9965851
144.02911070000002,562.6001173650001,1423.028551612,3537.0740753539994,1047.4515451
143.24925839999997,566.9964078710001,1434.629152439,3565.1783283899995,1055.8926096
142.50765189999998,571.7705790830001,1446.337751662,3593.8639051999994,1064.0918023
142.7895442,576.3105807570001,1458.002455427,3622.370656391,1072.5649802
148.396274,580.8117557670001,1469.1629358080002,3650.419503944,1080.9104871
147.70744459999997,585.0171710930001,1480.073458129,3678.88887458,1089.3760370999998
147.14038749999995,589.3847924900001,1491.425208481,3707.590592658,1097.6583096999998
147.2962281,594.0596909010001,1502.945598069,3735.9086849659993,1106.2218160999998
152.8975838,598.4998652150001,1514.298507381,3763.585682767,1114.7039292
152.22535749999997,602.9783272640001,1525.534894141,3791.30357023,1122.9516368
151.64565119999995,607.5256179930001,1537.032834952,3819.306003616,1131.2633715
151.8700561,611.7706542420001,1547.736927318,3846.930256285,1139.4494538
157.51973080000002,616.540966858,1559.105515676,3874.961243350999,1147.8521905
156.8044364,620.883924386,1570.557248771,3902.866156865999,1156.4647688
156.12777699999998,625.530256217,1582.108076838,3931.704290316999,1164.8070783
156.2553037,629.948790388,1593.472787242,3959.916026068999,1172.9987836
161.83678890000002,634.607250725,1604.8250611540002,3987.457670110999,1181.2908098
161.4773191,639.254542337,1615.7337788850002,4015.868294354999,1189.545116
160.42687739999997,643.841774289,1627.0357558950002,4044.115263555999,1197.8080943
160.5196103,648.373538991,1638.662437846,4071.925866727999,1206.1594687
166.32937310000003,652.756766577,1650.0876959870002,4100.475687275999,1214.3754571
166.2138403,657.302354839,1661.2876968100002,4128.874254038999,1223.0116583
165.01581249999998,661.942170023,1672.7370746780002,4157.09315749,1231.1279149999998
165.2268611,666.335307549,1684.1093422340002,4185.14698058,1239.6884183999998
170.85611930000002,671.020800257,1695.7704804980003,4212.990002986,1248.1054849999998
170.55505789999998,675.449889329,1707.3939186950004,4240.848584861,1256.4532137999995
169.54160439999998,679.955573274,1719.4187226450003,4268.906965575,1265.0584769999998
169.88493870000002,684.567917836,1730.9663924370004,4296.66939656,1273.6019762
175.28509580000002,688.952695021,1741.8344832350003,4324.012408212,1281.7954945
174.84872289999998,693.433853777,1753.2136005850002,4352.0645045930005,1290.3376208
173.94458899999998,698.037053102,1764.8923225500002,4380.448922543001,1298.8097449
174.44486360000002,702.3948642859999,1776.4899227620003,4409.0700456740005,1307.1938353
179.90351900000002,706.8730755439999,1787.4183486520003,4438.158810409001,1315.2314824
179.3200949,711.7196264379999,1799.0717693340002,4466.4535304050005,1323.4658613
178.18369049999998,716.1473779659999,1810.484784459,4495.142816284,1331.8198853
178.69100780000002,720.4577957689999,1822.178564412,4523.044779588,1340.3643753
184.4757145,724.8663158629998,1833.680746407,4551.514189546,1348.3600583999998
183.8379507,729.5451334409998,1845.2376197440003,4579.318128934,1357.13567
182.7800614,734.0287483029998,1856.4484913930005,4606.764419377,1365.3656503
183.2373195,738.3168925439999,1867.709996584,4635.417489401,1373.4309625
189.2074228,742.8577793589999,1879.359719313,4663.947380626,1382.377654
188.3335023,747.3302241009999,1890.815835145,4691.754977349,1390.6980113000002
186.9478409,751.7038963239999,1901.970688831,4719.000882567,1399.1796055000002
187.8868956,756.2439440719999,1913.240643837,4746.78602199,1407.7229749000005
193.4596417,760.5102957219999,1924.330996591,4775.695318606,1416.1190521000003
193.0105242,765.2053222919999,1935.648753496,4803.941906213,1424.6659870000003
191.6595531,769.6485002229999,1946.733249522,4831.866263552,1433.0580013000003
192.2004417,774.140394498,1957.865531782,4860.326675142001,1441.4012000000002
197.9122738,778.511979464,1969.516456448,4888.5436810050005,1449.9404834000002
197.2374054,783.013703553,1980.63889378,4916.921891021,1458.1476389000002
196.0553438,787.547482315,1991.958786668,4946.082313044,1466.6340292000002
196.725806,792.129199569,2003.811366157,4974.185891532,1474.9567829000002
202.2385685,796.586360328,2015.6072842739995,5002.136341434,1483.4871997000002
201.6519634,801.287552516,2027.1035456239997,5029.885440594,1491.9086134
200.5150449,805.8519617540001,2038.441217689,5058.260756994,1500.4763636000002
201.0850624,810.1061483410001,2049.533093855,5085.994794003,1508.9555361000002
206.94950720000003,814.7409715930002,2060.943908655,5114.021723907,1517.3767257000002
206.0327036,819.2199486100002,2072.63673151,5141.287171995,1525.6252253000002
204.5962835,823.4915607020002,2083.4241058749994,5169.769088979,1534.0231262000002
205.6195765,828.0889627150002,2095.569948878,5198.2880857380005,1542.6053233000002
211.525152,832.4635866750002,2106.7224704969994,5226.669038135001,1551.0728902000003
210.4421137,837.0822010130003,2117.901706029,5254.465558493001,1559.5654361000004
209.071351,841.6258856330003,2129.175562108999,5283.167323532,1568.2150484000003
210.1529373,846.3117784150003,2140.359268302999,5311.859326736,1576.4724385000004
216.1067535,851.0219351850003,2151.2057915309992,5339.7207794860005,1584.7245065000004
215.1900772,855.5727189790003,2163.0202316519994,5367.714925720001,1593.1366943000005
213.5421079,860.1867726700003,2173.7264420219994,5395.889799285001,1601.6844449000005
214.5911853,864.7913964210003,2185.0296782049995,5423.735429040001,1610.0737275000004
220.44857270000003,869.1328453490003,2196.6194482559995,5451.9085789850005,1618.6888941000004
219.6410667,873.7121810450003,2208.9235013859998,5480.254344456001,1627.2785194000005
217.6627304,877.8893559900004,2220.1633949239995,5508.770404351,1635.5510985000003
218.8720051,882.4317352550004,2231.518514152,5537.5824542830005,1643.6611587000004
225.0341743,887.1359514400003,2243.0705322389995,5565.201036413,1652.3994761000004
224.0144235,891.7122254300003,2254.369515624,5593.155747898,1661.1881157000005
222.1382563,896.2585541280004,2266.102385733,5620.948481859,1669.6779715000002
223.253365,900.5875057710003,2277.5349938869995,5649.136835046,1678.1479518000003
229.8589286,904.7803216390004,2289.3872395809994,5677.805456866,1686.9255298000005
228.2778205,908.9874560500004,2300.535000026,5706.645156354,1695.1708338000003
226.8146341,913.3992211010004,2312.5333151979994,5735.087269783,1703.4896481000003
228.0124386,918.0161749240004,2324.3897171569997,5763.554496752,1711.7208250000003
234.04624790000005,922.6480949130004,2335.1894973369995,5791.541461038,1720.0397082000004
232.6336394,927.3934469540004,2346.545483708,5819.800306964,1728.5057248000005
231.4634503,931.9017656460004,2357.777643625,5847.768788002,1736.8423226000004
232.1872332,936.4266407960004,2369.342558798,5876.130133334001,1745.4216318000003
238.67476030000003,940.8942397730004,2380.7441754649994,5904.863999041001,1753.7624886000003
237.3320157,945.2860895600004,2391.7772971599998,5932.588601859001,1762.4336835000004
236.0838197,949.4843948910004,2403.2651972339995,5960.518109374001,1770.8649647000004
236.7398242,953.9926167980004,2414.710618292,5989.115191309001,1779.3876772000003
243.08005760000003,958.7679193780004,2426.118306801,6017.1614177910005,1787.9157275000002
241.7149197,963.4244016170004,2437.440441474,6045.547464100001,1796.1886268000003
240.443357,967.8913145740004,2449.553735475,6074.134008265001,1805.1087341
241.0859306,972.2872282200004,2460.879972884,6101.841386282002,1813.5122844
247.68660070000004,977.0003776360004,2472.05012494,6129.989544461002,1821.8072738000003
246.2929804,981.5245194400004,2483.748153616,6157.025577051002,1830.0632114
245.1562798,985.7351995160004,2495.69154809,6185.140001382002,1838.3686527
245.629734,990.1032390550004,2506.964601948,6213.665615474002,1846.731237
252.34633050000005,994.5667263790004,2518.789809754,6242.638318573002,1854.9457453
251.056409,999.2004734070003,2530.158765044,6269.840242647002,1863.3585268
249.8670335,1003.6307630010004,2540.9353588839995,6299.046228879002,1871.6824179
249.843564,1008.3818151060004,2552.2485557659998,6327.296792828002,1879.9875989
257.1288716,1012.9414727650004,2563.9237534569997,6355.805954174002,1888.3203652
255.5670726,1017.3414928080005,2575.2408679569994,6383.970617888002,1896.8629958
254.648126,1021.8581062410004,2586.9914226979995,6412.168201721002,1905.210467
254.4521708,1026.1119077770004,2598.452326046,6440.676387987002,1913.7380581
261.5330738,1030.5973376550005,2610.2365632139995,6469.171599593003,1922.2770277
260.1590131,1035.0371422150006,2621.8972448529994,6497.321364846002,1930.7194315
259.11124299999994,1039.3298217550007,2633.2995547169994,6525.143619743002,1939.054298
258.7013362,1043.7177925780006,2644.2851742479997,6553.943290773002,1947.4413409000003
266.0787628,1048.1481318930007,2655.2186405249995,6582.395363692002,1955.8438107000004
264.33222709999995,1052.7547737690006,2666.8892536289995,6610.862669318002,1964.0810953000005
263.3654854999999,1057.1493334050006,2678.187649679,6639.404641983002,1972.7404341000008
263.0999422,1061.5202846640009,2690.0157861249995,6667.627822606002,1981.0779952000005
270.5813857,1066.1227112660006,2700.9700892,6695.967579807002,1989.6374183000005
268.97159589999995,1070.8076749680006,2712.066424,6724.475091824002,1997.6187716000004
267.9199119999999,1075.3094877680005,2723.531035811,6752.935989023003,2006.0483014000004
267.35609739999995,1079.6366190670003,2735.20237548,6780.912708076003,2013.9268801000003
275.4264801,1083.9574646910005,2746.37921137,6809.061775257002,2022.1056407000003
273.2978669,1088.2371256330005,2757.367633602,6836.755867972002,2030.2004179000005
272.6473475999999,1092.7772138280004,2768.891190115,6864.889785428002,2038.7819116000005
271.8864386999999,1097.2963384950003,2780.182434481,6893.521077074002,2046.9175613
280.0604631,1101.7044911410003,2792.103312791,6921.096253992002,2054.8485175
277.79856049999995,1106.0504911450005,2803.384264746,6950.259063292002,2063.1274959
277.27694859999986,1110.479604126,2814.782231598,6978.435334926002,2071.6678665000004
276.36254289999994,1114.7929602770002,2826.14680032,7006.898510778002,2080.2194164
284.4872765,1118.9991917310003,2837.579644201,7035.285095761002,2088.6817505000004
282.4699515,1123.8086860380004,2849.049976026,7064.179008748001,2096.9908821000004
281.68266339999985,1128.4916622160003,2860.913655444,7091.949179024001,2105.1990923000003
280.9809982,1133.0000091010004,2871.998832361,7120.880009780001,2113.5558945
288.9732048,1137.4620038380003,2883.22356105,7149.9037419840015,2122.0910471
286.9415977,1141.7063451420004,2895.13785412,7178.491013406002,2130.3208515
286.03026969999985,1145.8837911430005,2906.815794558,7205.658106748002,2138.6502651
285.31701769999995,1150.1921030660003,2918.2344059320003,7232.675741212002,2147.3321894
293.5729306,1154.5892209110002,2929.7122988940005,7260.731716421003,2155.7322672
291.4454168,1159.0821369260002,2941.3165677270003,7288.604041847003,2163.8542131
290.61899989999984,1163.503976932,2952.3596112170003,7316.901918829003,2172.4108526
290.0269817,1168.2020742880002,2963.701620105,7345.260548812003,2180.7951994
297.972058,1172.7749229,2975.2139156460003,7373.073141321003,2189.4526035
295.8571336,1177.2359743210002,2986.609177277,7400.997099466003,2197.894154
295.40454389999985,1181.861818494,2997.693212556,7430.043102833003,2206.4484066
294.3561716,1186.18688569,3009.18560896,7458.2262135630035,2214.6097241
302.5936281,1190.599315952,3020.854703725,7485.841914328003,2222.9546831
300.0036752,1195.011441601,3032.454084087,7514.364502915004,2231.2077929
299.9777976999998,1199.503995082,3043.42757713,7542.970497913004,2239.5862087
299.0328948,1204.102313511,3055.424763074,7570.846431102003,2248.0773622
307.0567969,1208.5448900980002,3066.4026995090003,7599.1813678390035,2256.4905944
304.4835374,1213.3429666670002,3077.309736987,7627.330104570004,2264.8459083
304.54139419999984,1217.87132897,3088.7277320890003,7656.123367957003,2273.2541228000005
303.41426540000003,1222.416109826,3099.5829071330004,7684.2087920010035,2281.5553376000003
311.5555656,1226.823923329,3110.6650220210004,7712.486746009004,2289.9441206
308.9834341,1231.094083808,3122.1814219320004,7740.821485789003,2298.2755334000003
308.98396469999983,1235.728614165,3132.905130374,7768.822799951004,2306.7070728000003
307.9631603,1240.226949196,3144.5278615680004,7796.540288235004,2315.2525163000005
315.8384042,1244.4536458799998,3155.617576588,7824.562540611004,2323.6045738000003
313.175179,1248.7657134059998,3166.6891366920004,7853.259994673004,2331.7683777
313.7222393999998,1253.275720082,3177.8351061340004,7881.268158758005,2340.2775501
312.530479,1257.6086928559998,3189.8587811070006,7909.364817894005,2348.7220038
320.2648434,1262.0250295499998,3201.1827447900005,7937.3332079650045,2356.9645576000003
317.6849881,1266.4407074039998,3213.0067383480005,7965.375379334005,2365.6582429000005
318.3729157999998,1270.94297707,3224.2152788690005,7994.172522316005,2373.9110951
316.983104,1275.423774383,3235.875983627001,8022.974636162005,2382.0982405000004
324.4964332,1279.938036022,3246.9173428570007,8051.156898896004,2390.4720781000005
322.1282827,1284.501539254,3258.140390822001,8079.735629851004,2398.9298540000004
322.6380758999998,1289.0847799859998,3269.439173562001,8107.735449593004,2407.0671641000004
321.4700616,1293.4965425679998,3280.3605204520013,8136.572112657004,2415.5652355
328.9849605,1297.9157605779997,3291.729528692001,8164.971674545004,2424.1876565
326.6797923,1302.2529277999995,3303.097850624001,8192.727822775005,2432.7570359
327.08118449999984,1306.7876999779996,3314.3373839910014,8221.209436106004,2440.9648859
325.9153284,1311.3783006829997,3325.9507119660016,8249.575860441004,2449.0493913
333.2777505,1316.0579608809996,3337.0542914700018,8277.565968580004,2457.5099368
330.8217054,1320.5305899429995,3348.4185808430016,8305.927192748004,2465.994105
331.42157149999986,1325.1931991769995,3359.7507199710017,8335.024456470004,2474.243624
330.4973688,1329.9222790459996,3371.2798195230016,8363.445672059004,2482.472846
337.75728960000004,1334.4147084989995,3383.062648038001,8391.600716712004,2490.7418808
335.4590193,1338.9771524939997,3394.5416917030016,8419.637981634005,2499.5789062000003
335.84032429999985,1343.4231501089994,3405.744496620001,8447.772379943004,2508.0737188000003
334.8778299,1348.198124387999,3417.3236300790013,8476.368957861005,2516.7035868000003
342.52795760000004,1352.6624395129993,3429.079190190001,8504.734102882005,2525.2001957
339.97738669999995,1357.4645106369992,3440.703622230001,8533.896683378005,2533.4332027
340.60813349999984,1362.0605924629992,3452.440007251001,8561.596656771006,2542.0807089
339.5121574,1366.3289092619991,3463.482321061001,8590.200988995006,2550.4483475
347.06610630000006,1370.8754054159992,3474.783565689001,8619.059946256006,2558.741497
344.34050519999994,1375.423043645999,3486.2592429190013,8647.378764096005,2566.8172563
345.28157399999986,1379.841141117999,3497.599541596001,8676.023678922005,2574.885779
343.8131201,1384.2993795099994,3509.239162657001,8704.492229641006,2583.375903
351.44195360000003,1388.7099221309995,3521.0575052390013,8733.260012339006,2591.838493
348.784349,1392.9955473229995,3532.721841034001,8761.831381153006,2600.4484541
349.82793049999987,1397.3880486839996,3544.4324323990013,8790.714126620007,2608.9758504999995
348.3078108,1401.7556693809995,3556.021091257001,8819.173425237006,2617.2208954
355.6903826,1406.1454604099995,3568.085668697001,8847.152569607006,2625.5248412999995
353.58889789999995,1410.8217141089997,3579.5704148830014,8874.803803627006,2634.0655243
354.5832015999999,1415.2520604069994,3591.0199724310014,8902.795795007007,2642.5438357
353.0817501,1419.658423372999,3602.322544800001,8931.424223302007,2650.7162924
360.2193969,1424.2318337579993,3613.851763452001,8960.292164432007,2659.2607366
357.8956189,1428.6771207769991,3624.963329002001,8988.362886541006,2667.6257955
359.1707510999999,1433.2766640759994,3636.154115517001,9016.408106225006,2676.0663362999994
357.6296808,1437.6779686109994,3647.8168817460014,9044.960815976006,2684.693158
364.659435,1441.9289629959994,3659.203309743001,9073.172163458006,2693.4249991
362.3603264999999,1446.4141085209994,3670.471386471001,9101.884418343006,2702.0638114
363.8423290999999,1450.8759167349997,3681.988419232001,9130.071378776009,2710.5832064
362.0217776,1455.4704428529994,3693.102699560001,9157.692521767009,2718.8361431
369.0027216,1459.9728460509994,3705.006998822001,9185.380096741006,2727.2542099
367.0507612999999,1464.610428296999,3715.905981856001,9213.067491156004,2735.3142834
368.3903381999999,1469.1926638749994,3727.8037082900014,9240.775891168005,2743.2166111
366.5302605,1473.8973071579994,3739.209465172001,9269.145341496003,2751.548051
373.5365523,1478.277542668999,3750.798649893001,9297.216228142006,2759.7257575
371.6225081999999,1482.6984992729992,3761.5075897440015,9325.553543028003,2768.333999
372.9833562999999,1487.1689393479992,3772.7114209010015,9354.164762683004,2777.1935082
371.0110015,1491.7613100629992,3783.628985508001,9382.355700670005,2785.3561476
378.2212287,1496.074198580999,3794.487453964002,9410.468160060003,2793.4806411
376.25349499999993,1500.467110733999,3805.9524021940015,9438.773819634003,2801.927093
377.3176103999999,1504.9326683309991,3817.2686823030017,9466.091237242004,2810.4954577
375.5932114,1509.361914889999,3828.5546692890016,9494.281158450003,2818.878541
382.5698495,1513.5379729279991,3839.9565550730017,9521.955011649005,2827.1548886
380.7616547999999,1518.016982330999,3850.8120106850015,9550.426286641004,2835.8593318
381.7696393999999,1522.3663837459992,3862.1758459320017,9578.876007834004,2844.0890366
380.2170035,1526.8614501999991,3873.5457396680017,9606.258986985004,2852.3733101
387.1497705,1531.558129666999,3884.6244883940017,9634.259114006005,2860.6096836
385.2198284999999,1536.3663015949992,3896.1326399900017,9662.888865230005,2869.0417962999995
386.25969509999993,1540.6960452759993,3907.773619562002,9691.195289240002,2877.4516595999994
384.7497202,1545.2987968099992,3919.4847796940016,9719.666174706002,2886.0807823
391.7788289,1549.797001570999,3930.9503535970016,9746.835480631002,2894.706492
389.7654760999999,1554.365654732999,3942.0899016930016,9774.696028294002,2903.3360169
390.5986343999999,1558.977522473999,3953.5241604330017,9803.401323347,2911.569092999999
389.50848669999993,1563.464845172999,3964.600876379002,9831.226405368,2919.782319499999
396.3339284,1568.046038304999,3976.213112025002,9859.037402196,2928.393057999999
394.1740629999999,1572.599743417999,3987.808972401002,9886.907020611,2937.140508899999
395.2198553,1577.093450827999,3999.229614403002,9915.485280751,2945.6749320999998
394.2122372999999,1581.658633412999,4010.2402810380017,9942.664975479,2954.0056142999997
400.9442063,1586.1470840569991,4021.216319092002,9970.391213263,2962.3664002999994
398.9776007999999,1590.694838598999,4032.716165711002,9998.244215883002,2970.6444481999997
399.5364066,1595.371865786999,4044.219997903002,10025.428570660002,2978.9634708999997
398.9555113999999,1599.8075573909991,4055.8742425520018,10054.348659707002,2987.4076439999994
405.4459599,1604.182949584999,4067.7440014900017,10082.707142549005,2996.003013
403.1972150999999,1608.403479807999,4079.3472490260015,10111.097410173004,3004.927404
403.7787889,1613.032559620999,4090.7468547590015,10139.727597560002,3013.0490644
403.392224,1617.486990872999,4102.031002095002,10168.515060760004,3021.3366278
409.8216827,1621.893923651999,4113.423726519002,10196.004356555002,3029.6898233
407.6647536999999,1626.348430670999,4124.9107429270025,10224.162907773003,3038.3406431
408.4101097,1630.765642915999,4136.445571224002,10252.725821808002,3047.035678
408.1978573,1635.0401347559991,4148.026860881002,10281.600014822005,3055.5104571
414.4965472,1639.563418103999,4159.531224809002,10310.246774843004,3064.1646408
412.3024321999999,1644.0023656209992,4170.8678615080025,10338.502991141002,3072.4284317999995
412.9327489,1648.210435124999,4182.2878452660025,10367.445796320002,3080.7025432999994
412.524331,1652.6720983629991,4193.372039095002,10395.290101307002,3089.0215868999994
419.171173,1657.2889201829992,4204.744845073002,10424.213045261002,3097.4465783
416.4863663999999,1661.8303385219992,4216.127292149002,10452.418698565,3106.13796
417.4159465,1666.2667745399992,4227.650611362002,10480.5555245,3114.8202363
417.2163349,1670.8887237649992,4239.492859125002,10508.876099854002,3123.0214697
423.3188049,1675.4149860479993,4250.644951584002,10537.143336462002,3131.4837895999995
420.6859301999999,1680.0851722269992,4262.2443486380025,10565.232005942002,3140.1012733
421.7804901,1684.6166298929993,4273.110768978003,10593.46628809,3148.4498255999997
421.8897119999999,1689.3457752919992,4284.147717164003,10621.928481238,3156.7295222
427.8390216,1693.7182023789992,4295.442366032003,10649.922058948,3165.1175465999995
424.8822613999999,1698.157528122999,4307.143368033003,10678.222935102,3173.6750293999994
426.27812599999993,1702.797220942999,4318.021058955002,10706.055122225,3182.021314899999
426.3306260999999,1707.294943300999,4329.211577306002,10734.247093661,3190.2371516999992
432.1808257,1711.9372449839989,4340.7978402530025,10762.239704098,3198.7254808
429.2745646999999,1716.515131367999,4351.575685841002,10790.103412304,3207.3684345999995
430.6006031999999,1720.9390215059989,4363.113803027002,10818.099190701,3215.7245747
431.0891140999999,1725.5683406319988,4373.9300851450025,10845.97872091,3224.5496464
436.7648741,1729.826519164999,4385.634516836002,10873.99486371,3232.8823028
433.7152073999999,1734.360290839999,4396.940629361002,10902.481680088,3241.662935
435.1587488999999,1738.796392483999,4408.163435089002,10931.040942567,3249.948252
435.6561833999999,1743.483040720999,4419.439181306002,10960.085284044,3258.5904224999995
441.55164900000005,1747.960739170999,4430.660588599002,10988.357778651,3267.0471098
438.4618905999999,1752.180754930999,4441.409997891002,11016.986416771,3275.0709381999995
439.6040160999999,1756.551723034999,4453.118107168002,11045.00717954,3283.3877516
440.4285468999999,1761.206232045999,4464.856808558002,11073.144640708,3291.572367099999
445.7735792,1765.611439675999,4476.213733920002,11102.272727587,3300.092364999999
442.8469663999999,1770.045094086999,4487.329374430002,11130.721678208,3308.356315899999
444.3204393999999,1774.592430010999,4499.0490494370015,11158.343017581,3317.055463399999
444.8639103999999,1779.077990269999,4510.212615201001,11186.501828719,3325.8007021999997
450.0524963,1783.560981161999,4521.878444168002,11214.15082038,3333.956339199999
447.2068819999999,1788.104154679999,4533.138218506002,11242.490118086,3342.2191202999998
448.7771478999999,1792.384579934999,4544.0927557700015,11270.622053655,3350.3406989999994
449.3254292999999,1797.064755283999,4555.420866035001,11298.541706270998,3358.955057299999
454.3894184,1801.4821874569989,4566.699501811001,11325.900687777,3367.0549152999997
451.8001231999999,1806.2339891549989,4577.937376595001,11354.562073025,3375.344016899999
453.0152392999999,1810.7924193969989,4589.249213909001,11382.934601384,3383.660678699999
453.4200591999999,1815.1003116169989,4600.537924714001,11411.795073253,3391.8587998
458.9439967,1819.812166609999,4612.487692465001,11440.056121113,3400.1202392
456.3462823999999,1824.330877920999,4624.438394626,11467.679812191998,3408.4554372
457.3983564999999,1828.923957466999,4635.08935136,11495.527332305,3416.9134879
457.9463789999999,1833.6351640459989,4646.522239790001,11523.003645536,3425.2848565
463.2503114,1838.191473643999,4658.045062263001,11551.275051825998,3433.6672582
460.8586564999999,1842.991350125999,4669.272917625,11579.43279407,3442.2497776
462.0936881999999,1847.225107524999,4680.581978592,11607.484407052,3450.6463423
462.61893849999984,1851.7698638139989,4691.810647104,11636.250147513,3458.9201894
467.8734168,1856.097406212999,4702.961595808,11664.432155291,3467.3812475
465.4336746999999,1860.819482637999,4714.645753217001,11692.063228067998,3475.4973166
466.3265485999999,1865.185285001999,4726.014384391001,11721.318953388998,3484.0238759
466.90844539999983,1869.622557208999,4737.6077309580005,11749.684631731998,3492.1853204
472.273742,1874.0290580879991,4749.2377492880005,11778.252135020995,3500.7093279
469.7107272999999,1878.533881246999,4760.212101880001,11806.059215661997,3509.145159
471.1298095999999,1883.150800194999,4771.343028215001,11834.391915764996,3517.5294447
471.2190435999999,1887.640643872999,4782.799059918001,11862.623303472996,3526.0694437
476.794564,1892.127074120999,4794.107231742001,11890.517520262996,3534.3836088000003
474.2093822999999,1896.702194807999,4805.800245128001,11918.379120556996,3542.5379538
475.4182143999999,1901.115486605999,4817.259431433001,11946.931603341996,3550.2845998000003
475.8247323999999,1905.576003567999,4828.476339062001,11974.748600064995,3558.6565769000003
481.616161,1909.958898729999,4840.072277984001,12003.174923427998,3567.3124866000003
478.49940419999984,1914.459453986999,4851.043646396,12031.958982862998,3575.3965040000003
479.9954110999999,1918.955396954999,4862.456216678001,12060.389042196995,3583.8302594
480.2035627999999,1923.3950317679992,4873.868572533001,12088.951365308998,3592.3752528
486.2973935,1927.743386332999,4885.371291449001,12116.861117726998,3600.8980137
482.8813313999999,1932.342004166999,4896.426518996001,12144.859347421998,3609.2589469
484.3627826999999,1936.965388480999,4907.518532879,12173.287806254995,3617.7197408
484.7711386999999,1941.253972199999,4919.081258083001,12200.745211973996,3626.2288666
490.9379602,1945.878858326999,4930.390447074001,12229.129824533997,3634.4154589
487.4897364999999,1950.1723125869992,4941.824292364001,12257.945158742998,3642.9111473
488.8804612999999,1954.779086021999,4952.700796339001,12286.540144531997,3651.3203868
489.3952966999999,1959.1298891719991,4964.085433509001,12314.440014337995,3659.4301907
495.372295,1963.719112003999,4975.526457893001,12342.872568278995,3667.6466363
492.1907707999999,1968.218649291999,4987.396074415001,12371.227341080998,3676.2796157
493.2431873999999,1972.7979486109991,4998.697812015001,12399.914717854996,3684.8042535
493.9719249999999,1977.3539305109991,5009.667820473001,12428.540348885996,3693.0063373
499.8461338,1982.048766336999,5021.155654986001,12456.527314692998,3701.1863867
496.9627609999999,1986.3398182689991,5031.869278383001,12484.097133081998,3709.5976296
497.7950214999999,1990.804934646999,5043.235453297001,12511.790462996998,3717.8977775
498.8861852999999,1995.0699453589991,5054.764537738001,12539.721841837998,3726.6373119
504.2331399,1999.678090916999,5066.198298892002,12567.717300570996,3735.1085052
501.8561070999999,2004.301899286999,5077.016334277002,12595.826404807998,3743.850784
501.9955187999999,2008.7042927149992,5087.931942237002,12623.660966437998,3752.3334488
503.5362099999999,2013.1590427659992,5099.6377028470015,12652.125724103998,3760.6262481
508.6747009,2017.4195392299991,5110.997586585001,12680.366895140998,3768.8302774999993
506.3475602999999,2022.1320690759992,5122.293684724001,12708.604173416998,3777.528608299999
506.7291911999999,2026.4033690829992,5133.616304336001,12736.590748683995,3786.117859199999
508.0793461999999,2030.8779537729995,5144.936530079001,12764.754438686998,3794.3002174999992
513.3483062,2035.4088960779995,5156.109477846001,12791.973686250998,3802.433113699999
510.7909921999999,2040.0089003179996,5167.887124351001,12820.100680158996,3811.129978499999
511.2250674999999,2044.2153305679997,5179.313780750002,12848.465069478998,3819.583116999999
512.8459664999999,2048.9823512949997,5190.494689634002,12876.365499596,3827.7807878
517.7018326,2053.629453949999,5201.942128923001,12904.893337604,3836.101660099999
515.0727709999999,2057.993954696999,5213.167481249001,12933.216763046,3844.335652799999
515.9107020999999,2062.310373946999,5224.710901284001,12961.035082129,3852.932476399999
517.3104331999999,2066.864727656999,5235.823326365001,12989.603054402,3861.046685899999
522.1658737,2071.5256443949997,5247.076704588001,13018.588623545,3869.176693199999
519.7424166999999,2075.938290775999,5258.4703422930015,13047.082638035,3877.185301999999
520.5592995999999,2080.421858493999,5270.1779890080015,13076.078252771998,3885.496752799999
521.6609640999999,2084.8715334579992,5281.185221403001,13103.642972659998,3893.988851799999
526.617807,2089.347108853999,5292.564837120001,13131.204936132,3902.425359799999
524.2119380999999,2093.948898009999,5303.336702564001,13158.933570507,3910.722491899999
524.9794340999999,2098.357246894999,5314.810314497001,13186.889675306998,3919.195493099999
526.1744335999999,2103.1354063909994,5326.269173753001,13216.042077757998,3927.3120380999994
531.0570875,2107.4850147859997,5337.212520617001,13244.024438841,3935.7330075999994
528.5707154999999,2112.0281708919997,5348.671553888002,13271.860232256,3944.1025022999984
529.518292,2116.3640371829997,5360.108834143001,13300.300578471,3952.1594247999983
530.7550197999999,2120.982239078999,5371.589448411001,13328.47604371,3960.7456364999994
535.4214131,2125.429366582999,5383.211098963001,13357.550912921,3969.1555231999982
533.1867012999999,2129.835436171999,5393.664313630001,13385.612010357,3977.529823599998
534.0423496,2134.085522202999,5404.867902885001,13413.799366624,3985.992294599998
535.1733139999999,2138.375286263999,5416.294474556001,13442.447712644,3994.5282839999977
540.0591666,2142.871764041999,5428.189525361001,13471.023370685,4002.9300285999975
537.6629938999998,2147.621790742999,5439.801523194001,13499.038582487,4011.6857848999975
538.41068,2151.958336379,5451.273141777001,13527.765483701998,4020.4846014999976
539.5205773999999,2156.5157701929998,5462.620206953001,13556.326192492,4028.9643368999978
544.5731423,2161.282445626999,5473.928884056001,13584.754188124,4037.405832399998
542.3144284999998,2166.024882142999,5484.982850872001,13612.746525804,4045.805985799998
543.0570884,2170.5251231459997,5496.500826206001,13641.492341284998,4053.957399299998
543.8408889999998,2175.3121795709994,5507.879352184001,13669.338849797,4062.051483799998
548.9587978999999,2180.049149248,5519.277138240001,13698.15735626,4070.645424999998
546.7545380999999,2184.4976342569994,5530.732412515001,13726.094314793,4079.2268837999977
547.7005984,2189.0803102479995,5542.164083028001,13753.781937512,4087.9182273999977
548.3431781999998,2193.50256848,5553.673910135001,13782.78044273,4096.557128999998
553.4510515,2198.104210417999,5564.798363320001,13811.609626851,4104.330230299998
551.1235576999999,2202.750447417999,5576.248634046001,13840.157805471,4112.956843599998
552.0325068,2207.238896189999,5587.812262050001,13867.717592665,4121.543139599999
553.1908492999997,2211.8737410999997,5598.6278075400005,13895.686696052,4129.912573199998
557.9180276,2216.5737404409992,5609.894320152001,13923.847884467,4138.521388199998
555.7610619999999,2220.7768552309994,5620.884522482001,13951.681841053,4146.770763699998
556.746415,2225.2349227899995,5631.937446572,13980.103061322,4155.305132599998
557.5885205999997,2229.742593312,5643.224813284,14007.994472366,4163.824399099998
562.5458976,2234.080058322,5655.153482236001,14036.382966643,4172.035881399998
560.2496435999999,2238.4465681699994,5666.272271926001,14064.674152491,4180.852395599998
561.1787534,2243.2108066309997,5677.637999716001,14093.177632848,4189.246814599998
562.1183533999997,2247.6981543649995,5689.536974952001,14121.690072823,4197.489795399998
566.9308045,2252.214639905,5700.946387450002,14149.825530139002,4205.761693999998
564.5707858,2256.7912158059994,5712.304284525002,14178.250874832002,4214.295338799998
565.7614537000001,2261.477832250999,5723.987311282002,14207.070844512002,4222.531866399998
566.5191550999997,2265.928339082999,5735.450276459002,14235.698937862002,4231.094089199998
571.6114163,2270.417042309999,5747.109272043002,14264.243095333002,4239.683839099998
569.1832559,2274.854534228999,5758.692743773003,14293.086099223005,4247.806849699999
570.0936827,2279.115324261999,5770.467331994003,14321.470783719004,4256.310231899998
571.2540867999996,2283.721431551999,5782.217165462003,14349.680765663004,4265.012357099999
576.0544242999999,2288.354179288999,5793.726746539003,14377.954576874004,4273.377095999998
573.4732703,2292.776239245999,5804.945315715003,14406.874996968005,4281.869021199998
574.4196612000001,2297.239989855999,5816.248965738003,14434.856747648004,4290.450977399998
575.8362615999996,2301.619743039999,5827.280700489003,14462.652040960003,4299.230183399998
580.4835377999999,2305.9946853479987,5838.896399069003,14491.129361436004,4307.451103899998
578.2560644,2310.360695544998,5849.773761497003,14519.660585662004,4315.620803799998
578.896196,2314.908203879999,5861.325018209003,14547.223668659004,4323.930582399998
580.1580401999996,2319.328402025999,5872.312794949004,14575.365008805004,4332.219221199997
585.0353140999999,2323.834481046999,5883.927446550004,14604.316000552004,4340.612175899997
582.9688905,2328.339339061999,5895.152717065004,14633.142127556004,4349.137017299997
583.3014267,2332.707366478999,5906.815922606004,14661.586972506004,4357.750865099997
584.7396315999996,2337.254633765999,5917.784040823004,14690.173019433005,4366.312591099997
589.5224367,2341.564732272999,5929.396577172004,14718.906302821002,4374.726568599997
587.4389112,2346.2178404219994,5940.5225074880045,14747.411762408005,4383.349457899997
588.1347936,2350.8631335889995,5951.819288672004,14775.465552671005,4391.850301499997
589.2789084999996,2355.349731522,5962.880740977004,14804.279920756004,4400.230135399997
594.1191881,2359.900457205,5974.215167164004,14833.057407216003,4408.803746599998
592.0773044,2364.347184246,5985.312437695004,14860.968168753005,4417.099737499998
592.5261359,2369.138860455,5996.588915885003,14889.458305847003,4425.218444999998
593.5568047999996,2373.895450411,6008.199148347003,14916.471357342003,4433.608331899998
598.6056125,2378.42782268,6019.025281403003,14944.849104510004,4441.799753899998
596.9125559,2383.143865377,6030.2749735880025,14972.551423508005,4449.851915799998
596.9893148,2387.647762602,6041.359444721003,15000.921902336002,4458.091676599998
597.7845197999995,2392.025221028,6053.108228123003,15028.962292489005,4466.536390499999
602.9828767,2396.48454274,6064.153550013003,15057.131393870002,4474.869422199999
601.4317196000001,2401.339726483,6076.192501236003,15085.098777688005,4483.620867099999
601.5450494,2405.765127092,6087.718977772003,15112.870429697005,4492.048420499998
602.4249585999995,2410.2919159379994,6099.385354828003,15141.452238962003,4499.995887199999
607.5179474,2414.8709512979995,6110.621309447003,15169.624410470004,4508.230843099999
605.8440991000001,2419.4317617579995,6122.448779147003,15197.385553687003,4516.3395722
606.3042848,2423.796807613,6134.4868422590025,15225.533131127004,4524.7268183
607.0004919999996,2428.229300976,6145.781602126002,15252.786390099003,4533.2282181
612.1100387,2432.893857574,6156.8729818400025,15281.127683820005,4541.6210333
610.3969525000001,2437.470196873,6168.628637959003,15309.236945073002,4550.1637498
610.5965022,2441.964446092,6179.848047715002,15337.635728636002,4558.6215562
611.6368383999995,2446.583695519,6191.491699420002,15366.017369539002,4567.293534099999
616.5513018,2451.112842196,6202.6657230750025,15393.861213158005,4575.5761925
614.8863226000001,2455.247260991,6214.047738320002,15421.518315738003,4583.8822894
615.0161627,2459.818121662,6225.604511292002,15449.899477158004,4592.1339173
616.3170005999996,2464.2663168499994,6236.954544176002,15477.300359036004,4600.6345432
621.0079017,2468.6189137119995,6248.286593720002,15506.106064162004,4608.7532892
619.3326741000001,2473.2830322079994,6259.071083403002,15534.562572234005,4617.1317228
619.6985691,2477.549014958,6270.893889166003,15563.270446771005,4625.7900895
620.5842409999996,2481.8773071639994,6282.333156947003,15590.799922219005,4633.9187987000005
625.4762259,2486.4012523259994,6293.595386002003,15619.107347935003,4642.3490288
623.9061846000001,2491.06974171,6304.7667180550025,15647.581058594003,4650.5684755
623.9568094,2495.6384410099995,6315.999835276002,15676.510402145006,4659.1031439
625.0363827999996,2500.3366880889994,6327.272103187002,15705.482664941006,4667.6504203
629.8909975,2504.7632896299992,6338.644543279002,15733.581859203006,4676.140877299999
628.6052617,2509.270498326999,6349.820807670002,15762.604355074009,4684.6206908
628.3896987,2513.856072874999,6361.062823188002,15791.206580968006,4693.062505899999
629.6979254999997,2518.291356113999,6372.529828405002,15819.937982672009,4701.516701899999
634.3518137,2522.630412910999,6383.869298236003,15848.229986464006,4710.040289899999
633.1586253,2527.201971777999,6395.233854993003,15877.154613709006,4718.3979494
633.0533338,2531.663848805999,6406.215449490002,15904.919110885006,4726.655847
634.0711390999996,2536.027427747999,6417.622701361002,15933.855076363006,4735.0967438
638.8394718,2540.432635061999,6428.847123382002,15961.757583846009,4743.4754302
637.6323469,2544.810539557999,6439.706278034002,15990.225659391008,4751.8559388
637.656846,2549.436876068999,6450.878402429002,16018.098375922007,4760.462848
638.4855906999996,2553.825938514999,6462.080715827002,16045.909160251009,4768.610642000001
643.1980212999999,2558.120678717999,6473.517852446002,16073.330666315009,4777.242008300001
642.2352157,2562.673189404999,6484.629668859002,16101.929020964008,4785.760201800001
642.2870313,2567.016251262999,6495.968379087002,16130.039333042008,4794.291204600001
642.8260564999996,2571.773430535999,6507.071596146002,16158.84067584501,4802.4319276000015
647.7751194,2576.088224339999,6518.358431434001,16187.65285095401,4811.099429600002
646.4708971,2580.653557255999,6529.909490084002,16215.165441476009,4819.328335500002
646.869648,2585.242712790999,6541.353938948002,16243.368039688008,4827.7539528000025
647.2763672999996,2589.726372018999,6552.755927744002,16271.514023788008,4835.831337400003
652.1008863,2594.077629093999,6564.102439823002,16300.036784599008,4844.497211300003
651.1203026000001,2598.727133633999,6575.434628158002,16327.948618381008,4852.923314900003
651.4462383,2603.025921684999,6586.368125181002,16356.424470382008,4861.462558600003
651.9184711999997,2607.4544990669992,6597.635852734003,16385.223180520006,4870.267574600003
656.7940199,2612.017136761999,6608.990307121003,16414.044561724008,4878.990129500004
655.8018890000001,2616.614437460999,6620.176912585003,16441.290737810006,4887.660883500003
656.0605153,2621.4264500249988,6632.026484078004,16469.504567487005,4895.896224100004
656.5773626999996,2625.5708950189987,6643.491356826004,16498.065098286006,4904.392971000004
661.224703,2629.8963684789987,6655.044103300003,16526.344715114006,4912.738305400004
660.4365517000001,2634.3938756319985,6666.165612793004,16554.576470846005,4921.176740000004
660.7757012000001,2639.0421275829985,6677.169223232004,16582.525733674003,4929.536144200004
660.7840812999997,2643.5016110839983,6688.360047335003,16610.014636923002,4937.931459400004
665.7429784999999,2648.0279509719985,6699.396991332003,16637.754064321,4946.394082000004
665.0803757000001,2652.475249779998,6710.817475732003,16665.980465120003,4954.938531700004
665.2185663,2656.9184367699986,6721.917111935003,16693.960296086003,4963.444303400004
665.1188438999997,2661.4450864399987,6733.333508532003,16722.355582263004,4971.821367300005
670.3944789999999,2666.0312031739986,6744.511054480004,16750.230987519004,4980.269777600005
669.5994099000001,2670.5717043309987,6755.993654422004,16778.319602225005,4988.391733900005
669.5137523,2675.1082990479986,6767.208960587003,16806.740724187006,4996.952708000005
669.7855240999996,2679.9192196909985,6778.958177671003,16834.494137582005,5005.461207200005
674.6862610999999,2684.1758863509986,6790.4303147670025,16862.724872131006,5013.540005700005
674.0616968,2688.7846351009985,6801.883593813002,16890.754998593005,5021.976655400005
673.8863379,2693.4316490399983,6813.204790910002,16919.402008692006,5030.691975800005
674.3685604999996,2697.9428647939985,6825.212085967002,16947.818103821006,5039.162368900005
679.2532429999999,2701.9842368249983,6836.842424194002,16976.035226481006,5047.313710000005
678.6103037,2706.603337305998,6848.250904000002,17004.657300948005,5055.548587600005
678.4872624999999,2710.976155539998,6859.635619651002,17032.905422149004,5063.606999000005
678.8596569999996,2715.5013951729984,6871.260832570002,17061.122470256003,5071.660479100005
683.5376248999999,2719.9942539109984,6882.8163612100025,17089.533944673003,5079.979274200005
683.2550868000001,2724.7659587099984,6894.133499368002,17118.283486891003,5088.641480400005
683.0330448,2729.3665119439984,6905.873738875002,17146.711039046004,5096.994118200005
683.2584903999996,2733.926533410998,6916.925531023002,17175.386264159002,5105.365222800005
687.9566675999998,2738.4408606049983,6928.831546544002,17203.549067528,5113.721661400004
687.9105215000001,2742.8950071099985,6940.036523922002,17231.06351544,5121.809081200005
687.4671953999999,2747.3202087019986,6951.174268879002,17259.184342799,5130.280053700005
688.0475590999996,2751.8200305779988,6962.2596882550015,17288.232699301,5138.593796600005
692.5198038999998,2756.193354667999,6973.705257837001,17316.812186597,5146.945737500005
692.3861692,2760.7307967509987,6985.602262253001,17345.602064517,5155.572590800005
691.9602775,2765.4218968029986,6996.581670824001,17373.889584051998,5163.946737500005
692.8885616999996,2769.8820314609984,7008.111325620001,17402.001595324997,5172.308078300005
696.9341890999998,2774.5176443519986,7019.818016094001,17430.627776610996,5180.358474400005
697.0644179000001,2779.2778635999985,7030.636184580001,17458.143208555997,5188.683519500006
696.4212643999999,2783.6329062679984,7041.948080475001,17486.382306513,5196.686770200005
697.4177205999996,2788.052333094998,7053.178986191001,17514.02589655,5205.161743700005
701.1910022999998,2792.640756725998,7064.724788875001,17541.767192196,5213.312150100005
701.5699904,2796.958795932998,7076.3106216920005,17569.989476957,5221.160546500005
700.9472901999999,2801.352220856998,7087.5312862,17598.239194509,5229.893374700005
702.0198052999996,2805.7586830409978,7098.740619048,17626.589914407,5238.610528100005
705.8462565999998,2810.3368840839976,7109.993022266,17654.797199629,5247.089428100005
705.914705,2815.0351063829976,7121.170346432999,17682.508417628,5255.586139800004
705.4128419999998,2819.439497780997,7132.342208941999,17710.634193759,5264.186130800004
706.7191071999996,2823.782694147997,7143.652810172,17738.719191750002,5272.925092200005
710.3905609999998,2828.0991058979976,7155.355238716999,17766.576694918003,5281.476034900004
710.7095782,2832.2667773989974,7166.694168513999,17794.414483892004,5290.034634700004
709.8326430999998,2836.929750563997,7178.547973362,17822.722378225004,5298.349285100004
711.4659620999996,2841.3291640129974,7189.663585513,17851.487790681003,5306.809193700004
714.8559210999998,2845.6931581719973,7200.867892812,17880.060788637,5315.363138500004
715.3515984000001,2850.210935706997,7212.175795431,17908.49791329,5323.571228900004
714.0682296999998,2854.541220921997,7223.656048428,17937.557018177,5331.967540600004
715.9572062999996,2858.941884832997,7235.210024882,17966.043704450003,5340.3356058000045
719.4059131999999,2863.463795310997,7246.622916421,17994.422426796,5348.690716500005
719.8656550000001,2868.1217993949967,7257.656774029,18022.614256403,5357.189802600004
718.7347912999999,2872.744682464997,7269.286705966,18051.110337534003,5365.2943999000045
720.6166823999996,2877.200136032997,7280.791575719,18079.594170163004,5373.509102800004
723.8218651999998,2881.8099636239967,7292.039387251,18108.209797917003,5381.768300700004
724.403763,2886.4114125739966,7303.504231752,18136.831820754003,5389.834357800004
723.3690833999999,2890.8104354469965,7314.627659846,18164.572109048004,5398.177205500004
724.9260655999996,2895.4849818089965,7326.131274028999,18192.595838699,5406.616445500004
728.2176741999998,2899.9191463569964,7337.233499888999,18220.641079089004,5414.975312600003
728.6611586,2904.1923917019963,7348.458493150999,18248.479357499004,5423.310403900004
727.7850156,2908.7594177139963,7359.450092773999,18276.513077532003,5432.028891000004
729.3817312999996,2913.375364837996,7370.693432448999,18304.844871649,5440.399112000004
732.9018852999998,2917.7214033529963,7381.886772839999,18333.082722077,5448.728717500004
733.1312132,2922.1771063559963,7393.477836291999,18361.334315502,5457.174034700004
732.2544992999999,2926.5336594919963,7404.623177743999,18388.874633033,5465.8075540000045
733.9085408999996,2931.0382957249963,7416.019740658999,18417.181284592,5473.985498000005
737.5633786999998,2935.5868401259963,7427.050631387999,18444.848242831,5482.5096064000045
737.6355439,2940.2091865729963,7438.272199536998,18473.073660196,5490.672751300004
736.5999613999999,2944.6222063779965,7449.068396579998,18500.783020624,5498.699041100004
738.1610935999996,2948.9531719649963,7459.901342978998,18529.408555339,5507.1259965000045
742.2543847999998,2953.4430344139964,7471.717354658998,18557.333817532,5515.847385500005
742.1720547,2957.7627473679963,7482.759076538999,18585.589548572,5524.250942900005
741.2584724999999,2962.1441600629964,7493.862114131999,18614.065679526,5532.409564600005
742.6492740999996,2966.8138287469965,7504.940469773999,18642.020682427,5540.770546600005
746.7591574999998,2971.2136579089965,7516.609809490999,18669.920295917,5549.171689000005
746.4488359,2975.8584025559967,7528.167028884999,18698.127154448,5557.570629900005
745.5861547,2980.3601963739966,7539.738684994999,18727.032816893,5565.6145201000045
747.1404877999996,2984.5159971519965,7551.381167602999,18755.457144461,5573.789024500004
751.2933196999998,2988.9081466849966,7562.394482005999,18783.947620628,5582.304199500004
750.7823202,2993.572055522997,7573.502119516998,18812.066884361,5590.779618200004
750.1621527,2998.1974269769967,7584.754517863998,18839.947385435,5599.123425200004
751.8189737999996,3002.590477105997,7595.933431115998,18867.958294958,5607.532068500004
755.6894419999998,3007.1248811209966,7606.878664187998,18896.839132956,5616.032978000004
755.0311829,3011.6415996639967,7618.560083075998,18925.576541421,5624.259587100004
754.7263891,3015.9074101309966,7629.681675571997,18953.106395196995,5632.460969500004
756.2504200999996,3020.6819692649965,7640.870999527998,18981.389209458997,5641.006396200003
760.2037095999998,3025.3499059479964,7652.030559127998,19009.898387030997,5649.211751600004
759.1315698,3029.7759773489965,7663.403097239998,19037.39243695099,5657.314070200004
758.95717,3034.2857498079966,7674.709145351998,19065.44844278199,5665.549785900003
760.7655325999996,3038.5382862299966,7685.571823721998,19093.304916356992,5673.859167100003
764.9374698999998,3042.9564019289965,7697.086227272998,19121.150082737997,5682.285551500003
763.2492442,3047.6509317479963,7707.998739998999,19148.97690494899,5690.717181300003
763.357194,3051.788544444996,7719.242786964998,19177.049360727997,5699.016291300003
765.4066525999996,3056.4620157429963,7730.044475718998,19204.92234842299,5707.738978000003
769.6483643999998,3061.1441530049965,7741.464129908998,19232.919235855992,5715.951091200003
768.0277327,3065.5818741909966,7752.8903397449985,19261.23718088899,5724.190824200004
768.1360311000001,3070.0084772219966,7764.420514419999,19289.64347447099,5732.171704300004
769.9676463999996,3074.805672813997,7775.445332348999,19317.437164475992,5740.445365500003
774.2993625999998,3079.3010615339967,7787.575002444999,19345.94998475199,5748.703956400003
772.6206957,3083.624512498997,7798.353858385999,19373.699597075996,5757.123614800003
772.8394299,3088.143533888997,7809.592788970999,19401.19879275999,5765.086215100004
774.2548690999996,3092.778584178997,7820.787612854999,19429.44097597399,5773.252330500004
778.9696764999998,3097.090917845997,7832.298950060998,19458.466248266992,5781.953773400004
777.2162136000001,3101.570382871997,7843.692790294998,19486.45123162999,5790.510940600004
777.5213726000001,3105.724266645997,7855.027366460999,19514.58841489999,5798.781670800004
778.7225853999996,3110.316873312997,7865.972727538999,19542.727467258992,5807.122531200003
783.4163343999998,3114.9146548389967,7876.720907139998,19571.091236473992,5815.702319400003
781.6936499000001,3119.2572903189966,7887.830216715998,19598.645985851992,5824.187197900003
782.0751813,3123.9097378289966,7898.784798039998,19626.95812096499,5832.698634600003
782.9081615999996,3128.211575995997,7910.2723466339985,19655.20472557099,5840.667404300003
787.9146467999998,3132.6584349909967,7921.400890367999,19683.216406073992,5848.544836200003
786.3711947,3137.525602997997,7933.050199027999,19711.29554476399,5856.664263300004
786.4235016,3141.931640813997,7944.224511260999,19739.75683158699,5865.212549300004
787.5575606999996,3146.175366070997,7955.301900997999,19767.96052354399,5873.429097700004
792.3530820999998,3150.570083608997,7966.6057107709985,19795.267525685987,5881.382363800004
790.8248917000001,3155.400651282997,7977.610943777999,19823.781290601983,5889.749292200004
790.8193271,3160.025193832997,7989.111880857999,19851.867021263984,5897.876346400004
792.3368036999996,3164.614326036997,8000.520754571999,19880.194089360983,5906.512872900004
796.6875333999998,3169.1439806579974,8011.981962829998,19908.155579710987,5914.482776200004
795.1091413,3173.592704789997,8023.207360365998,19936.203300467987,5922.8669498000045
795.1551786,3178.0890203219974,8034.601799584998,19964.52102844299,5931.342201400004
797.1585593999996,3182.871597589997,8045.852561533998,19991.80168296499,5939.994502200005
801.0530783999998,3187.406163662997,8056.563661018998,20019.56721120299,5948.146183000004
799.4626721000001,3192.158116963997,8068.359693213998,20047.51884337699,5956.441206700004
799.6593209,3196.642484778997,8079.832747889998,20075.55597641899,5964.653235700004
801.4403859999996,3201.319484276997,8090.798125340998,20103.89077311799,5972.942888500004
805.4323269999998,3206.0156501489973,8101.995253828998,20131.89403504599,5981.422232000004
803.9085297,3210.777240129997,8113.065244136998,20160.69755586899,5989.690262900004
804.3514886,3215.411297884997,8124.531797569998,20189.55902957399,5998.038191800004
805.7668375999997,3219.9204535319973,8136.121268743998,20217.913319718988,6006.681729000004
809.6463419999998,3224.0859710299974,8147.739242678998,20245.706931411987,6014.864726700003
808.5473941,3228.5542657429974,8159.031573150998,20274.171435239987,6022.976886500003
808.9174045000001,3233.172003511997,8170.442357254999,20302.284784096988,6031.419935800003
810.0943301999997,3237.724414843997,8181.958649530999,20330.719668123988,6040.208611500003
814.2723503999998,3242.264360109997,8192.750576941999,20359.20692155399,6048.452487200003
813.0226505,3247.130905271997,8203.904497857999,20386.34003478599,6056.595984300003
813.4444713,3251.840839588997,8215.050325868999,20414.86750308799,6065.180726400003
814.6037919999998,3256.378378492997,8226.448719039,20442.85076275099,6073.892346700002
818.7608746999998,3260.801360697997,8237.792697978999,20470.40464049399,6082.396694100003
817.7887982000001,3265.203604379997,8248.780661142999,20498.71568158399,6090.743795900003
817.9845985000001,3269.7774259999974,8260.469690928,20527.17450484099,6099.077229600002
819.4248036999998,3274.193822080997,8271.693989300999,20554.83503866799,6107.654446200002
823.4612033999998,3278.4310294209977,8283.614047113999,20582.48400851599,6116.013298300002
822.1423324000001,3282.691707671998,8294.410413127998,20610.29851558699,6124.1493708000025
822.2565992000001,3287.076417000998,8305.690579114998,20638.57370735799,6132.345530000002
823.9339106999997,3291.797207484998,8317.070224492998,20666.79681603999,6140.527091500002
828.0990571999998,3296.3768164159983,8327.978422453998,20694.66250188999,6148.702533500002
826.7719714000001,3300.793959520998,8339.317307470998,20723.19690301299,6157.220230100002
826.6570104000001,3305.3125373939984,8350.452125260997,20751.01278469399,6165.455375100001
828.5154294999998,3309.960527579998,8362.512108998997,20778.62150032999,6173.397183400001
832.6897301999999,3314.403856806998,8373.807711563997,20806.673887069992,6181.811746800001
831.2268944000001,3318.654707496998,8384.772532820996,20834.974890735997,6190.236982800001
831.0263927000001,3323.072665326998,8395.931649238997,20863.275460138997,6198.788177500001
833.1391574999998,3327.389567598998,8407.319012997998,20890.625546823994,6207.113197700001
837.3418598999999,3331.877565694998,8418.876847321997,20919.014187465997,6215.941923100001
835.9307990000001,3336.456039468998,8430.400144892998,20947.029313988995,6224.406687200001
835.3469530000001,3341.050779295998,8441.642737449998,20974.843842783997,6232.773989500001
837.7991418999998,3345.566543574998,8453.295707470998,21002.834965918995,6241.367876800001
841.9656562999999,3350.307488361998,8464.542924733998,21030.607200966995,6249.920003000001
840.5288639000001,3354.894880556998,8475.747821818997,21058.370098549,6258.233694100001
839.8862336000001,3359.537586772998,8487.487453495996,21086.570233219994,6266.705520000001
842.5516419999998,3364.1651690259982,8498.485197770997,21114.826981478996,6274.903927700001
846.2270954999999,3368.6326063399983,8509.933460131997,21143.477924123992,6283.168381800001
845.0446253000001,3372.9423311339983,8521.602135146997,21171.318125035992,6291.973635500001
844.2579188000001,3377.390529072998,8533.018209129998,21199.581238813997,6300.740434800001
846.9696711999998,3381.911649940998,8544.973314298997,21228.36621429699,6309.116724100001
850.8838905999999,3386.320486079998,8555.790570543997,21257.20014167499,6317.565901400001
849.4691163000001,3390.9176215689977,8566.891771146997,21285.536137114992,6326.027532800002
848.7567676000001,3395.568483109997,8578.179720183996,21313.660685213992,6334.417988800002
851.4267420999997,3400.2446752509973,8589.413438024996,21342.095044985992,6342.530452000002
855.2487210999999,3404.934566512997,8600.963662471997,21370.912831715992,6350.669705500002
853.8290991000001,3409.5778971789973,8612.421651981997,21399.558124605992,6359.121005000002
853.1987769000001,3414.040052292997,8624.044467596996,21427.38242058199,6367.282066500002
856.0568827999997,3418.657014061997,8635.266470172995,21455.300494525996,6375.702259900002
859.7982477999999,3423.1337587749967,8646.292336816996,21483.018321167998,6383.702270500002
858.4057044000001,3427.728275594997,8657.910376274996,21510.677899002992,6392.001435600002
857.9712591000001,3432.211118229997,8669.281125666996,21538.678798033998,6400.699973300002
860.4627345999997,3436.7322545309967,8680.582179787996,21566.215521366998,6408.948116700002
864.2112664999999,3441.0714880799965,8692.054003836996,21594.763861962994,6417.764095600002
863.0259304000001,3445.4700920449964,8703.136482031996,21622.655402183995,6426.090620200002
862.4120567000001,3450.1793119669965,8714.148456391997,21651.150302843995,6434.220137800003
865.2249919999997,3454.5901880029965,8725.725185065996,21679.168160155998,6442.8352023000025
869.0116054999999,3459.0468166139963,8736.824226543997,21706.657358992998,6451.055616600002
867.5277351000001,3463.6885640789965,8748.731788090996,21735.399388633992,6459.751787300002
867.2308399000001,3467.8960285109965,8760.210298589996,21762.921945495997,6467.848252900002
869.7355614999997,3472.5188568129965,8771.427205300997,21790.977487150994,6476.067287100002
873.3159993999999,3476.9985679649967,8782.679329654997,21819.635594935997,6484.504134700002
871.9731492000001,3481.661494812997,8793.861911049997,21848.29489630199,6492.660431100003
871.8471390000001,3486.0671035099967,8805.542919778996,21875.95954726199,6501.308974300003
873.8791294999996,3490.576521879997,8816.889866090996,21904.51326355999,6509.301544600003
877.9851608999999,3495.2384992559964,8827.921806456996,21932.71588907199,6517.676398100003
876.3337900000001,3499.7571439209964,8839.692546239996,21961.31964137399,6526.139581200003
876.1845803000001,3504.2798902589966,8851.404275182997,21990.00866635899,6534.222529400003
878.2468684999997,3508.7542696689966,8863.019463749997,22018.76135900999,6542.330017200003
882.5496160999999,3513.1161198769964,8874.089046750998,22047.48990003899,6550.619606000003
880.7360966000001,3517.3160566109964,8885.136946187999,22075.18482012499,6559.000709900003
880.8349383000001,3521.9068251749964,8896.537614279998,22103.82681970699,6567.492000100003
882.5877728999997,3526.2811223359963,8907.510861842999,22131.99125103599,6576.037273000003
887.2195458999998,3531.0005312989965,8918.835263867999,22159.87696555799,6584.554415700002
885.3075769000001,3535.1750627629967,8930.981902718999,22187.69292550299,6593.2100260000025
885.5538273000001,3539.7818935589967,8942.744508930999,22216.13792616499,6601.5398570000025
887.2919515999997,3544.4144183889966,8954.366762257,22244.36397050399,6609.916206500003
891.8204002999998,3549.110370054997,8965.576566163,22272.76526691899,6618.459909100003
889.5199711,3553.4019979959967,8976.281421225,22301.517411093988,6627.041925700003
890.1084426000001,3557.8546730959965,8987.564506067,22329.79472277999,6635.334355900003
891.7064665999998,3562.2781600509966,8999.466717498999,22358.20934928599,6643.931933800003
896.2203624999999,3566.6238778249967,9010.276195062,22386.00778808299,6652.316594700003
894.0660891,3571.282381901997,9021.125508812998,22414.805622208987,6660.807817600004
894.6380631000001,3576.0343479409967,9032.189761597998,22443.184278757988,6669.124105300004
896.0260644999997,3580.4368266379965,9043.316423369,22471.34799818499,6677.671995000004
900.864386,3584.7687297849966,9054.475224831998,22499.270956592987,6685.911800400004
898.5073505,3589.5239242069965,9065.744774165998,22527.472699853988,6694.568136200004
899.1221943,3594.0940535749965,9076.919709022995,22555.304531015987,6702.737286000004
900.5815072999998,3598.635523617997,9088.370040901997,22583.461669146986,6711.173657100004
905.4726207,3603.123772028997,9099.376639358996,22611.787164590987,6719.125895300003
902.7608393,3607.565611945997,9110.660548346996,22639.96708083699,6727.310483200004
903.6136036,3612.117817469996,9122.083231703997,22668.143777926987,6735.315304000003
905.0646966999998,3616.360289270997,9133.762553696995,22696.574164982987,6743.980751600004
910.0972296999998,3620.8495444179966,9144.936432019997,22724.825534845982,6752.460578000004
907.6926903,3625.3856059459968,9156.277998971997,22753.115283476985,6760.865269100003
908.0787956,3629.949725239997,9168.138235375996,22781.803524799987,6769.110998700004
909.4382598999998,3634.377862201997,9179.423277409996,22809.339581434982,6777.684038900004
914.6209773999998,3638.917228281997,9190.640500040994,22837.140756288987,6786.179254300004
912.2097491,3643.638923496997,9202.217630184994,22865.501598871982,6794.380425800004
912.5464861,3648.283081606997,9213.593528189997,22893.784052964987,6802.852605200003
913.9970608999998,3652.6428790609966,9225.025000312997,22922.354346234988,6811.413715700003
919.0138370999998,3657.113742087997,9236.731714684996,22951.061583954983,6820.011636800004
916.7677435,3661.308853734997,9248.734430112994,22979.743991061987,6828.587880500004
916.7781276,3665.8641740919966,9260.049009427994,23007.999965812985,6836.800879200004
918.5387416999998,3670.471985733997,9271.494936004994,23035.718080693987,6845.369515200004
923.5425064999998,3675.072169983997,9282.733761654994,23063.660084186988,6853.320255300004
921.4036506,3679.6286299929966,9294.302252147994,23092.585042531988,6861.818154000004
921.2852573,3684.331788425997,9305.155766881997,23120.315573740987,6870.549250000005
922.8385420999998,3688.900708634997,9316.304356583994,23148.159760543986,6879.041999300004
928.2041601,3693.131150475997,9327.783681046994,23176.559725773983,6887.392595600004
926.0442845,3697.947132558997,9339.167959001994,23204.468335328987,6895.892928800004
925.7546039,3702.069843877997,9350.447389914994,23232.880257378987,6904.158576300004
927.2236776,3706.853789670997,9361.904952875995,23261.195010988988,6912.510015400004
932.6339759999998,3711.457419969997,9373.932043183995,23289.355931745988,6920.936261200004
930.6008040000002,3715.752776135997,9385.054700348996,23317.721963373988,6928.922041600004
930.2023543,3720.093973002997,9396.287560570996,23345.57818423999,6937.272480500004
931.6597257,3724.715429113997,9407.595285195996,23373.22807647499,6945.723354100004
936.9330837,3729.345639092997,9418.825845624997,23401.23908004199,6954.223207700004
934.9543080000002,3733.5168101939967,9430.278230418997,23429.11379316099,6962.271172900005
934.7426974,3737.9404886389966,9441.359255561994,23457.57352280599,6970.807857300005
936.0008008999998,3742.732588957997,9452.408333915995,23486.29142174499,6978.704843900005
941.3562401,3747.425985956997,9463.640194874995,23514.65709996199,6987.180633500005
939.5879460000002,3751.909403305997,9474.723735461996,23542.29205937499,6995.349554700005
939.1841605,3756.194136548997,9486.223658604997,23570.634100287996,7003.538773400005
940.7771115999998,3760.573847788996,9497.851567485995,23599.393234050996,7011.6961916000055
945.8594361,3765.186915936996,9509.518594431996,23627.530565678997,7020.198329200006
943.8352949000002,3769.702511543996,9520.755571863994,23655.021939622995,7028.7037356000055
943.64803,3774.509518743996,9531.871788361994,23683.052457401995,7036.7864743000055
945.1271958999998,3778.899991031996,9542.955761997991,23710.725597399,7045.389415000005
950.3556753,3783.600954270996,9554.345386154992,23739.298309216,7053.680178400005
948.4548996000002,3788.205471857996,9565.620687267994,23767.274169501,7062.030813100006
948.0463538,3793.021628861996,9576.885477544996,23795.105925346,7070.377911600006
949.8158145999998,3797.632390323996,9588.119721404995,23822.483876827,7078.876697900006
954.9331931,3802.308530158996,9599.450595660996,23850.968754689,7087.456402000005
952.9993793000002,3806.689493545997,9611.088756241996,23879.120380934,7095.898840600005
952.4208568,3811.315627110997,9622.264385638997,23907.791489862,7104.0578206000055
954.1278620999998,3815.764353516997,9633.550540912996,23935.691821064,7112.298400800006
959.4316137,3820.260975129997,9644.705983745996,23963.22651108,7120.349026400006
957.4751398000002,3824.924460914997,9656.211029337996,23991.586294177,7128.431185900005
956.8238927,3829.539692583997,9667.877030575995,24020.116988875,7137.1608796000055
958.5230638999998,3834.139607607997,9678.953612703996,24047.973972271,7145.815286200005
963.9401673,3838.582730869996,9690.456916828996,24075.795988852,7154.176059600005
961.7480987000002,3843.065260316997,9701.853744007996,24104.032937601,7162.743900100005
961.3734029999998,3847.380442012997,9713.053039507997,24131.286198655,7171.361255600004
963.2407471999998,3851.867380554997,9724.644727697996,24159.547900494,7179.281754800005
968.5748369,3856.415680381997,9735.595315892995,24187.494611275,7187.838605500005
966.1061233000004,3860.700410710997,9747.702136540996,24215.167038508,7196.459370700005
965.8274746999998,3865.216165541997,9759.113917817996,24242.401195833,7204.5736441000045
967.7017884999998,3869.498082675997,9770.437720678996,24271.003617779003,7212.934086700005
973.0831864,3873.8192417629966,9782.409769385997,24298.535814372004,7221.319952900005
970.6598525000004,3878.259538020997,9793.743015735996,24327.433970896003,7229.791342700005
970.4818049999998,3882.545097181997,9805.006582243996,24355.645520018003,7237.965617200005
972.0487928999996,3886.867524522997,9816.369797015996,24383.861635677004,7246.074114300005
977.5636528,3891.499717459997,9828.126062611997,24412.281484118004,7254.747638200005
975.2171469000004,3896.100553430997,9839.867455015994,24439.36850180501,7263.383735400005
974.7855091999998,3900.804350879997,9851.510733146994,24466.927168319005,7271.801178000005
976.5658042999996,3905.247788442997,9862.946096388994,24495.596785158006,7280.172326900005
981.9919062,3910.0203664659966,9874.371855106994,24523.930163145007,7288.441220900005
979.8218601000004,3914.546606232997,9885.668967573994,24552.70503198201,7296.879288800004
979.1739921999996,3919.044094273997,9896.966554741994,24581.104562612007,7305.437086800004
981.0728265999998,3923.612497641997,9908.573913147991,24609.441063194008,7313.784160400004
986.5932941,3928.232185201996,9919.745249869991,24637.994602756007,7322.144128700004
984.1664421000004,3932.914467760997,9931.054035823992,24666.336674078007,7330.652282800004
983.5424595999996,3937.3694692049967,9942.624660876992,24693.960314244006,7339.192585300004
985.3958499999998,3941.6567082769966,9953.657908522991,24722.21751294801,7347.701108600004
991.1260679,3946.314085206997,9965.469293039992,24750.479405777005,7356.301304000004
988.8034585000004,3950.782424012996,9976.357744480993,24778.201734739006,7364.898532100005
987.9219300999996,3955.045526949996,9987.500793777992,24807.18659922201,7373.546148000005
989.8598040999998,3959.584909145996,9998.826700625992,24834.88447762701,7382.205130200004
995.5905971,3964.159923344997,10010.309702831992,24863.00494130701,7390.699702800004
993.4637547000002,3968.679744853997,10021.774220019992,24891.48423795501,7399.365901300004
992.7488469999996,3973.1072521699966,10032.810014077992,24919.97947585301,7407.741867900004
994.3510238999996,3977.5690993799967,10044.429156600992,24948.06708268301,7415.969104800004
999.9492102,3982.020887777997,10055.880157052992,24976.35404184101,7424.014318900004
998.0125052000002,3986.468333816997,10067.456390616991,25004.01632800301,7432.398189500003
996.9319138999996,3990.549401104997,10079.224452398992,25032.19258837101,7440.688027300003
998.7854996999996,3995.0570690179975,10090.546705051993,25060.37078319201,7449.080548500004
1004.2701418,3999.457154096997,10102.153004828991,25089.15524911001,7457.361637500004
1002.4564939000002,4003.962691007997,10113.931839756991,25117.50872641201,7466.059095500003
1001.5331401999996,4008.474294695997,10125.271764735991,25146.10122516101,7474.621261900003
1003.3368203999996,4013.133126955997,10136.723909442991,25174.93428143801,7483.1062303000035
1008.7787457,4017.872373901997,10148.043331291994,25202.52718849701,7491.526475100003
1007.0549106000002,4022.3749263159975,10159.488437691994,25230.19645541301,7500.102218900003
1006.3707717999996,4026.721682365997,10170.718897723997,25259.10122590701,7508.569638200003
1007.8413338999998,4031.087915348997,10182.041471940996,25286.96251504801,7516.932007400003
1013.4820776,4035.793711145997,10193.710654887996,25314.13505382701,7525.1494279000035
1011.8508906000002,4040.1875011769976,10204.778812754994,25341.83820469101,7533.596274200004
1011.1154870999998,4044.416497260997,10215.988932553992,25370.472025281008,7541.8543007000035
1012.4346980999998,4048.8448126509975,10227.473436229991,25398.682724849008,7550.111533000004
1017.8669826,4053.417064614997,10238.654841199994,25426.992177834007,7558.668574800004
1016.6176401,4058.010389055997,10249.822653093994,25455.644256420008,7567.1799911000035
1015.5484082999998,4062.378967927997,10261.163711711994,25484.102328483008,7575.846806000003
1016.9854767999998,4067.054486250997,10272.721392598993,25512.83797767601,7584.0817122000035
1022.635545,4071.6179542079967,10284.086358654991,25541.48480336601,7592.518283500003
1021.1712702,4075.9818924689966,10294.691027961991,25569.929453368008,7600.750521500003
1020.1296440999996,4080.422646259997,10306.213206470991,25598.635958683008,7609.575656600003
1021.6996566999998,4084.8029568319967,10317.632740649991,25627.844006778007,7617.995800000002
1027.0770447999998,4089.269054192997,10329.037915501993,25656.713900512008,7626.659861700003
1025.6517187000002,4093.627907867996,10340.097516786993,25684.42162698701,7635.175765500003
1024.5652522999997,4098.216600317996,10351.751975926993,25712.34763056301,7643.256770100002
1026.1532365999997,4102.942054412996,10363.000584682992,25740.05730593201,7651.732330500003
1031.5051445999998,4107.455480651996,10374.400789085992,25767.370558584007,7660.106125500003
1030.0235628000005,4112.062631962996,10385.265711080992,25795.09579949101,7668.5427658000035
1029.2281931999996,4116.652925293996,10396.508135828992,25823.909216196007,7676.752684000004
1030.7468877999995,4121.222151944996,10408.102211565993,25852.741313258008,7684.857909100004
1036.1939698,4125.623957132996,10419.802123838992,25880.920586883007,7693.428118100004
1034.5403740000002,4129.936575379996,10431.163292913992,25908.91184828401,7701.893868700004
1033.9588314999996,4134.427514386995,10442.465850675992,25937.030979394007,7710.648746900005
1035.3093383999997,4138.936005610995,10453.682279319992,25965.667646684007,7719.153837800005
1040.478766,4143.478162084995,10465.702673640992,25993.408818877007,7727.586405500005
1039.1010319000002,4147.985317022995,10477.380331372991,26021.16342051001,7735.609087300005
1038.3609283999997,4152.410918868995,10488.326780779991,26048.60412383801,7744.177870200005
1039.9281097999997,4156.909293790995,10499.473530271993,26076.65373186101,7752.462113600005
1045.005504,4161.622932236995,10510.921423034992,26104.56700639701,7760.892999300005
1043.5667158,4166.059030783996,10522.458694313991,26132.67087188801,7768.847727600005
1043.0262064999995,4170.540121611995,10533.58340108999,26160.91432903201,7777.212692800005
1044.3371978999996,4174.774949060995,10544.95071116799,26188.30815791701,7785.951611000005
1049.4132494,4179.112578791995,10556.047004475991,26216.49794576401,7794.644362200005
1047.9393823,4183.714583989995,10567.30785188499,26244.14021540501,7803.203010300005
1047.6466746999995,4188.148898814995,10578.63926122799,26272.718806634013,7811.123038400005
1049.1702408999995,4192.629493834995,10590.42291937799,26301.337729582014,7819.635147000005
1053.56755,4197.273555567995,10601.59920430899,26329.873973600013,7827.974326500005
1052.4092602,4201.820522761995,10613.44593078199,26357.59371716301,7836.515898200005
1052.3468998999997,4206.312512240995,10624.939046513991,26385.580984407014,7844.915444700005
1053.9485990999997,4210.5456456649945,10636.421061764991,26413.11291393301,7853.357983300005
1058.3028093,4215.071990373995,10647.429490741992,26441.746223934017,7861.601406900005
1057.1895359,4219.757633950994,10659.132838063992,26470.494341673017,7870.042896100005
1056.8294320999996,4224.485813381994,10670.235473088993,26498.565557662016,7878.692601300006
1058.9118791999997,4228.892613469994,10681.64686329899,26526.128311740016,7887.529099000006
1062.7371406,4233.614375568995,10692.95714404399,26554.97483366301,7895.745113500006
1061.520891,4238.0418687119945,10704.69790473299,26583.711007149013,7904.180151800006
1061.2535152999997,4242.333861772994,10715.47255871199,26611.545220268014,7912.682217800006
1063.6767400999995,4247.026210122995,10727.20792298499,26640.37784684601,7921.304761200005
1067.4884883,4251.522286926995,10739.02707502199,26668.469473528014,7929.584012200005
1065.8010742,4256.033351662994,10750.58396787399,26696.65158599301,7937.959113700005
1065.8637671999998,4260.244148596995,10761.77690104399,26724.69597524701,7946.263654600005
1067.8978881999997,4264.467770927995,10773.583025007989,26752.185575833013,7954.921825000005
1071.8802329,4268.697062777995,10785.199357822989,26779.96834053301,7963.091103200005
1070.4593505,4273.087702439994,10796.45379235199,26808.24948811201,7971.697606700005
1070.4383622999997,4277.3974304789945,10808.14480874399,26836.52483377001,7980.139398600005
1072.1394961999997,4281.842512218995,10819.79569030299,26864.911486897014,7988.430795500005
1076.0511047,4286.381339904995,10831.975541712987,26893.11720085001,7996.765631600005
1075.0537749,4290.962823268995,10843.44013459899,26921.253787975013,8005.306356200005
1075.1602386999996,4295.556483079995,10855.09522712099,26949.32585457601,8013.640688200006
1076.5861212999996,4300.156834335995,10866.670126435987,26977.39622473001,8021.934521400006
1080.6855522,4304.580654586995,10877.81164270799,27005.97094312201,8030.483507400006
1079.8292633,4309.139219711995,10890.166087785989,27034.59299478901,8038.962908300005
1079.7244315999997,4313.392811863995,10901.24777611099,27063.00175423701,8047.174293200005
1081.1107175999996,4317.923182501995,10912.31628675999,27091.40826207801,8055.445692800005
1085.2081083,4322.213657927995,10923.74422427999,27119.99220708901,8064.124516500005
1083.8228539000002,4326.531309569995,10934.98842388899,27147.82996113001,8072.593023700006
1083.9813189999998,4331.325824236995,10946.53996192999,27175.92515040401,8080.850142900005
1085.5157463999997,4335.978554408995,10957.276859679989,27205.07035340301,8089.010226200005
1089.723486,4340.506943567994,10968.684933169989,27233.25316108901,8097.611484900005
1088.2538490000002,4344.843498821994,10980.020379035988,27261.75074669801,8105.751920800005
1088.3833887999997,4349.112645154994,10991.396851741987,27289.904566835008,8114.317946600005
1089.8639012999995,4353.739848190994,11002.753406849988,27318.27920325501,8122.464830300005
1094.192843,4358.147671691994,11013.807592825988,27346.32443799901,8130.824785200005
1092.743552,4362.7976875379945,11025.126165107988,27375.06297081701,8138.958730400005
1092.7674562999996,4367.283290926995,11036.424342202989,27402.915978007008,8147.121235100005
1094.5526217999998,4371.843795253994,11047.619603287989,27431.404439586007,8155.605726400005
1098.4680261,4376.128160257995,11058.718017843988,27459.64462482101,8164.185586200005
1097.1476555000002,4380.737347818995,11069.645435165989,27487.897443348007,8172.885965300004
1097.3029457999996,4385.129485908995,11081.052225140988,27516.137266538008,8181.672589700004
1099.3106131999998,4389.7033835689945,11092.601366385989,27545.299442199008,8190.020884900005
1103.0781791000002,4394.077078404995,11104.279134555987,27574.59256037901,8198.294826100004
1101.5773567,4398.639546872994,11115.616871551989,27603.43001952901,8206.670802700004
1102.0007136999996,4403.421785809995,11127.344505240988,27630.96585013601,8215.373721800004
1103.8530569999998,4407.6364181819945,11138.680735940989,27659.29676554301,8223.973091100004
1107.7281728000005,4412.387429283995,11149.922020203989,27688.56276075701,8232.341010000004
1106.2050389,4416.973319254995,11161.591663487989,27716.90273445201,8240.664582700003
1106.4927105999996,4421.538951531995,11172.77494226299,27745.06080277501,14492.667387400004
1108.0894774,4425.843827535995,11183.91541712299,27773.22564761301,14500.478160700002
1112.0785838000002,4430.360369266995,11195.61325117999,27801.68652272801,14509.057961400002
1110.7136805,4434.828778292995,11206.78381158099,27830.37365770001,14517.625281700002
1110.7663785999996,4439.378418376995,11218.00016093899,27858.76675111301,14525.682673400002
1112.7454311,4443.885023316995,11229.521800242988,27887.73581730501,14533.945096800002
1116.7257415,4448.293106480995,11240.453582412989,27915.72010406401,14542.5432214
1114.9298634,4453.034034944995,11251.777063343989,27944.42328149301,14550.6584839
1115.1885461999996,4457.517941670995,11262.997715404988,27973.06629556301,14559.1258696
1117.1935144,4461.847038450996,11274.914197780989,28000.97493969401,14567.5964433
1121.4047091000002,4466.743478185996,11286.903544396988,28029.82057647501,14575.6984205
1119.4368588,4471.181420978995,11297.898335126987,28057.59610250301,14584.0383368
1119.6747384999996,4475.723318647995,11308.800495356989,28085.661416329007,14592.1769029
1121.7124511,4480.472830135996,11319.884992014988,28113.84759696401,14600.3706532
1125.9582455000002,4484.687462853995,11331.418549005988,28141.536786046006,14608.8021
1123.8592422,4489.268107845996,11343.193900343987,28170.441263720008,14617.1157645
1124.3075424999995,4494.077398161996,11354.567903957988,28198.65831138201,14625.7890119
1126.0812949,4498.385274903996,11366.207126949988,28225.791084525008,14634.4534102
1130.5844221000002,4503.0036281099965,11377.675206625989,28254.200347808008,14643.130514
1128.4616308999998,4507.774528465997,11389.343215171988,28282.612498947008,14651.5987576
1128.8508450999998,4512.385495108997,11401.157759631988,28310.384402884007,14660.3080033
1130.7660156,4516.790606992997,11412.499751099987,28338.163250917005,14668.8654109
1134.9928131,4521.447638708997,11424.004981988988,28366.086013986005,14677.1589663
1132.8691292,4526.0218507599975,11435.617810284988,28394.452540651004,14685.4804734
1133.4274998,4530.342811516997,11446.449255363988,28423.200739498003,14694.029881199998
1135.2175112,4534.885016318997,11458.147409467989,28451.260666128004,14702.388923599998
1139.3628945,4539.609680624997,11469.244487691987,28480.056130131004,14710.547312699997
1137.1564497999998,4543.884104320997,11480.725512426989,28507.185950437004,14718.697800599995
1137.6547591,4548.416493118997,11491.921137842988,28535.45940017,14727.237587599995
1139.7842844,4552.863395030997,11502.710482995988,28564.10940991,14735.466687499997
1144.1046425,4557.435894030997,11514.400360174988,28592.653149129,14744.157381399997
1141.6684832999997,4561.885739219997,11525.596247434987,28621.176132324,14752.527351599996
1142.3960923,4566.185866947997,11536.43213339399,28649.734159886,14761.001869199996
1144.2065231,4570.636634124997,11548.25414669399,28677.852607554,14769.584643399996
1148.6884785,4575.165698286997,11559.558390760987,28705.878104937,14778.312405399996
1146.1218734999998,4579.640396887997,11570.52147378899,28734.23227128,14786.953619499996
1146.7968754,4583.9968369539965,11582.05093792199,28763.031603656,14795.204994199996
1148.7899725,4588.370247152997,11593.284374693989,28791.945292504,14803.685431299997
1153.0541496,4592.835466534997,11604.559518124988,28820.847776931,14811.649885499995
1150.5402428999998,4597.634675379997,11615.587950234987,28848.733171515,14820.338178999997
1151.3592072,4602.200166510997,11626.89370855899,28877.390326814995,14828.613357399994
1153.3787844,4606.590963733997,11638.54683677699,28904.962883424,14837.247390599994
1157.4938517,4610.998272619997,11649.70484306599,28933.896717836,14845.541021399997
1155.2786404,4615.804301191997,11660.840830248992,28962.05369461,14853.601363499994
1155.8376595,4620.431869865997,11672.061210853992,28990.115755445,14861.685673099995
1157.8829227,4624.818497150997,11683.338558806992,29018.332150679,14870.189118299995
1161.9662698,4629.447972941997,11694.853549898991,29047.065647453,14879.003848299995
1159.784066,4633.839867108997,11705.757896211991,29075.575205018,14887.124781299995
1160.314686,4638.367132281997,11716.858811643991,29103.941268949,14895.480974899996
1162.4404401000002,4643.067527305997,11728.814252770992,29132.308948788,14903.804563699996
1166.5436883,4647.659549253997,11740.406810133993,29160.156520079,14912.139863399996
1164.3050641,4652.221701390998,11752.085149122991,29188.519661353,14920.305961699996
1164.7424181,4656.387715876997,11763.006304232991,29216.803600333,14928.431528499996
1166.9852265000002,4660.971829293997,11774.776719625994,29244.69020772,14936.421521799995
1171.2744468,4665.701586414997,11786.264158946991,29272.928649697,14944.960777999995
1168.8134826,4670.040483750997,11798.470302340991,29301.167868513,14953.101265899995
1169.6650323,4674.4467506409965,11809.734400579991,29329.575511259,14961.178639199996
1171.4811441000002,4678.893472227996,11821.405817641991,29357.34481355,14969.482647799996
1175.7293454,4683.639400265996,11832.502654618993,29384.749338227,14977.464050799996
1173.5006236000002,4688.281484307996,11843.559172044992,29413.572020479,14985.789446699995
1174.1265053999998,4693.056521717996,11855.151120925992,29442.53412334,14994.440659899996
1175.9005715,4697.372367742995,11866.407132952992,29471.223010404,15002.713335399996
1180.0293616,4701.741425033995,11877.528830147992,29498.81121344,15011.081498699996
1178.1355602,4706.518954328995,11888.987567052993,29527.475943699,15019.335413599996
1178.7081614999995,4711.145050505996,11900.815810931992,29555.54258168,15028.043332599997
1180.6717374,4715.789391613996,11912.224676853992,29583.995958625,15036.660084699995
1184.6819428,4720.076822106996,11923.244147324993,29612.191626549,15045.016704399995
1182.4989669,4724.351859948995,11935.19634867599,29640.545992749,15053.203122999998
1183.1330880999997,4728.787457597995,11946.698935138991,29669.49763031,15061.627180799998
1185.2369333,4733.336229894995,11958.550622154991,29697.780140926,15069.770572799998
1189.3117867,4737.483018294995,11969.735345137991,29725.001645915,15077.9859861
1186.8714672,4741.749393304996,11981.101871187991,29752.377158841,15086.1953133
1187.6689766999996,4746.234734060996,11992.641119665992,29781.284206576,15094.8985492
1189.8173955999998,4750.688761136996,12003.905109396992,29809.359957169,15103.0914155
1193.7017133000002,4755.252733370996,12015.585312038991,29838.331052574,15111.4662745
1191.3184462000002,4759.705872588996,12026.95476930299,29866.9768483,15120.1337713
1192.3416631999996,4764.247894102996,12038.54447648499,29895.436465475,15128.6495128
1194.3902763999995,4768.655075291996,12049.674891560991,29924.081032872,15137.100409199998
1198.2725274000002,4773.154399138995,12061.53265747099,29951.781579,15145.5962522
1195.8393576,4777.685504104996,12073.017510217993,29979.907171482,15154.1714766
1196.8481203999995,4782.058643505996,12084.51950367999,30008.483559684,15162.4362407
1198.8237978999998,4786.559958394996,12095.554942080991,30036.44814659,15171.1958799
1203.1196903000002,4791.248351213996,12107.26029259599,30065.047441341,15179.8364844
1200.3511228,4795.557700992996,12118.73866551399,30092.302162339,15188.2283923
1201.2748438999995,4799.827545062995,12130.058899791991,30119.986466142,15196.7683574
1203.0356542999998,4804.070296779995,12142.17189125299,30148.320881332995,15205.1237809
1207.6652627000003,4808.346513080996,12153.44066652099,30176.826170427998,15213.4647653
1204.9376623,4812.796061850995,12164.70341217299,30204.843434914997,15221.724426
1205.9843333999995,4817.499860869995,12176.00784741599,30232.473402912998,15229.938726199998
1207.5167619999995,4822.001571965995,12187.499248556993,30261.572148612995,15238.2777542
1212.2126868000005,4826.683561551995,12198.548714696992,30289.887864880995,15246.8281554
1209.2773666,4831.051659193995,12209.822226398992,30317.813956422,15255.4746953
1210.3549759999996,4835.484977081995,12221.024517130993,30346.097835277,15264.0165759
1212.1140363999998,4839.942455102994,12232.833605416992,30373.314084465,15272.2881291
1216.6164748000003,4844.410886371994,12244.139777348992,30401.026746099,15280.8096891
1213.6414681,4849.188574488994,12255.647996123991,30429.535031689,15289.0564252
1214.8226786999996,4853.792427460994,12266.59502560399,30457.929951232,15297.6557169
1216.9325345999998,4858.382484266994,12277.52313801899,30486.375421003995,15306.3716973
1221.1499204000004,4862.876110735994,12289.09062901499,30514.529316598,15314.6609086
1218.0963097,4867.243960184994,12301.040449134993,30542.380801513,15323.1038237
1219.3617190999996,4871.682987656994,12312.430937239991,30571.227774819,15331.4991016
1221.6027235999998,4875.937052286994,12323.71081955299,30599.779035722,15340.0174242
1225.9388212000003,4880.626241563994,12335.15787858099,30627.452962816,15348.4448113
1222.5151112,4884.996856948994,12347.094674234992,30655.937613604,15356.9837291
1223.8266317999996,4889.429103344994,12358.561059513991,30684.416937334,15365.0915563
1226.0356948999995,4893.871795474994,12369.967424212991,30712.517941989,15373.2252176
1230.4107011000003,4898.708843880993,12381.357627451993,30740.833138856,15381.5285509
1227.0395998,4903.322061491994,12392.721757894991,30769.011056614,15389.9413348
1228.4784972999996,4907.734368640994,12404.19961324299,30797.455383478,15398.1567686
1230.5820072999998,4911.973655584994,12415.19914874499,30825.830449907,15406.2903124
1234.7329655000003,4916.288405468994,12426.34989529899,30853.929304054,15414.9487265
1231.7347667,4921.060854047994,12437.95364478299,30882.389772686,15423.353887300002
1232.7614150999996,4925.312987816994,12449.31929312799,30910.883057958,15431.5871667
1234.9855909999997,4929.538271895994,12461.04374183699,30939.226239006,15439.602219200002
1239.4347583000003,4934.106595598993,12472.947471729987,30967.482278033,15448.019096500002
1236.2876772000002,4938.643360558994,12484.161589232988,30995.889870056,15456.283141100002
1237.2256206999996,4943.325578497994,12495.205935516988,31023.093803705,15464.373203300003
1239.1742911999995,4947.954578045994,12506.311000369988,31051.422150166,15472.616930400003
1243.9326983000003,4952.185297518994,12517.465084381987,31079.770908947,15481.142435600002
1240.4304685000002,4956.486167532994,12528.806396105989,31108.318503632,15489.356991400002
1241.9269873999997,4960.881671712994,12540.071847683988,31136.156675849,15497.5032347
1243.4846557999997,4965.290988543994,12551.313604549989,31164.64767461,15505.757012200002
1248.7994920000003,4969.749800010994,12562.835886773986,31192.259520131003,15514.240524700002
1244.6654786,4974.402275179994,12574.274436552989,31221.179494718,15522.691485900004
1246.3966519999997,4979.080805780994,12585.990906136987,31249.820924752003,15531.059382400004
1247.8295765999997,4983.678791661993,12597.116745092988,31278.224058119,15539.427955100002
1253.3627254000005,4988.170639461993,12608.044215592989,31306.215300533,15547.729645300002
1249.121227,4992.664508073994,12619.48659774799,31333.924973721,15556.1099609
1250.8051857999997,4996.9199933099935,12631.101443306989,31362.092597652,15564.5086004
1252.3503507999997,5001.507697727993,12642.048658163989,31389.364597602,15572.9283188
1257.8512707000002,5006.074272499994,12653.20588230299,31417.809909314,15581.152214500002
1253.5267893,5010.520439570993,12664.730556903987,31446.355967966,15589.4046585
1255.4939258999996,5014.927461685993,12676.179539528988,31474.459381758,15598.0058008
1257.0230927999996,5019.552097105993,12687.443233739989,31503.211773165,15606.0256729
1262.2956033000005,5023.947071210993,12698.927086152988,31531.453966255,15614.339543000002
1258.2244014,5028.769607413993,12710.598657930988,31559.152913391,15622.9661996
1259.9277325999997,5033.235428717993,12721.893462405988,31587.014946554,15631.4801201
1261.5249064999996,5037.797218887993,12733.517734253988,31614.768376203003,15640.111336700002
1266.8187254000002,5042.224008747993,12744.417575720989,31642.531388028005,15648.352999700002
1262.5685419,5046.569114998993,12755.734962241988,31671.124921716004,15657.088979100005
1264.3371823999996,5051.243143539993,12766.815891742988,31698.785509496003,15665.249258100002
1265.8964296999995,5055.783516140993,12777.706844113987,31727.186511420005,15673.924765900005
1271.3443156,5060.303212518993,12789.59620111999,31756.276217299004,15682.085877500003
1267.3566215,5064.827566539993,12800.99696981199,31784.317900256003,15690.420349300004
1269.1593025999996,5069.283137658993,12812.512726091987,31812.947243768,15699.052040300005
1270.2687167999995,5073.621129926993,12823.979343476987,31840.791528761,15707.575425200004
1275.9248799000002,5078.114540953992,12835.70699234699,31868.954759334003,15715.788085900003
1271.8864145,5082.4543424049925,12847.17440363599,31897.72736658,15724.039233500003
1273.8214224999997,5087.008986858992,12858.57352435599,31926.23096426,15732.171372500005
1274.7766723999996,5091.513607334992,12870.07034057499,31954.041380549,15740.323063500002
1280.7642319,5095.994060214992,12881.74393452899,31981.821506333003,15748.552193500002
1276.2333845,5100.256461415992,12892.727047145989,32009.888283373,15757.102766700002
1278.3114903999997,5104.790265466992,12903.851277834989,32038.046367690004,15765.348778800002
1279.3059698999996,5108.983044445991,12915.538464577989,32065.995482374004,15774.2109236
1285.1736092,5113.393527158992,12927.155491658988,32093.475648064006,15782.5141582
1280.6717611,5117.830837917992,12938.486936224988,32121.96611379501,15790.911801700002
1282.9734657999998,5122.255811985991,12949.827783461988,32149.849108013004,15799.148156200004
1283.5769040999996,5126.887080862992,12961.583313037989,32177.561255611003,15807.480910600005
1289.6551857000002,5131.246992701992,12973.009399463986,32205.586128856005,15815.706746100002
1285.3229130000002,5135.768830371992,12984.423186269987,32234.832323281003,15824.041355700005
1287.6714330999998,5140.373508579993,12995.613549769989,32262.905070298,15832.352496200005
1288.1393473999997,5144.909247960993,13007.345448934988,32290.803173558,15840.700257800005
1294.126725,5149.610133667993,13018.859627077987,32319.378124705,15849.076292600002
1289.7556738000003,5154.434929062993,13029.766231927988,32347.216464835,15857.714291100005
1292.1736844999998,5158.984012035993,13041.657750027987,32374.528926571,15866.518571900002
1292.7491105999998,5163.294543868993,13053.349639800988,32402.64891845,15874.391449400002
1298.5713497000002,5167.458307690993,13064.694237459986,32430.736768154,15882.327318400005
1294.1376167000003,5171.947398401993,13076.231510471986,32458.906077698,15890.696018000002
1296.8154655999997,5176.4779580519935,13087.415534450984,32487.454024083,15898.809387500003
1297.3075545999998,5180.843978651994,13098.573175313986,32515.850572138,15907.219639500005
1302.9986197,5185.348006933994,13109.567997183984,32543.606110154,15915.359777800002
1298.8072193000005,5189.763760134994,13121.275174117984,32570.902345577,15923.390262400002
1301.6806972999998,5194.034950854994,13132.785048045986,32599.227798586,15932.079367000002
1301.6570008,5198.359847717994,13144.145764088986,32627.104331141003,15940.191470100002
1307.1805671,5202.984258057994,13155.632501711983,32655.106280206004,15948.584261600005
1303.2164508000003,5207.2956442849945,13166.729855409983,32682.970657322003,15956.767824300005
1306.0719491999998,5211.810811854994,13177.760743588986,32711.267040022,15965.269693900003
1306.2197477,5216.427697288995,13188.912927152986,32739.303084006,15973.746360500005
1311.9992759,5220.910535694995,13200.265681081986,32767.712527704003,15982.181287500003
1307.4004704000004,5225.542858807995,13211.553956350986,32795.982036824,15990.786360500004
1310.4263817,5229.956212455995,13222.501778896987,32824.576652816,15999.384409300004
1310.871138,5234.351500968995,13233.278815905987,32853.479897626,16007.365992400004
1316.3839346999998,5238.887630455995,13244.930512032988,32881.578320553,16016.254322500004
1311.6868585000004,5243.108095532995,13256.347565860988,32909.449420711004,16024.700134000004
1315.1409594,5247.615634703995,13267.709744311987,32937.879595809005,16033.326771800004
1315.2926493,5252.305163609995,13279.162703931986,32966.044107036,16041.665675100005
1320.7678364,5257.107971087996,13291.073842886986,32994.116017122,16049.940427300004
1315.9314790000003,5261.346353385996,13302.096082315986,33022.121282557004,16058.661584000003
1319.701848,5265.805301289995,13313.142281007986,33050.38270513,16067.046328700006
1319.9838868,5270.378578533995,13324.163275971983,33079.065974239005,16075.265276200003
1325.2622751999995,5274.937808820995,13335.798293405986,33107.481189846,16084.004888200005
1320.3965790000004,5279.294238558995,13347.015011335983,33135.510177484,16092.141893100004
1323.8537958,5283.684350250995,13358.276598768984,33164.474189706,16100.357995800005
1324.4967106,5287.9233835909945,13369.514952337986,33193.17022877,16108.801161400004
1330.0764875999998,5292.3331505109945,13380.570116000988,33221.563400643005,16117.013121500004
1325.0150068000005,5296.666185073995,13391.613742258987,33249.567504916005,16125.585123800003
1328.0121256,5301.208973285995,13402.650850645989,33278.163113603005,16133.856916600003
1328.7651008,5306.045934112995,13413.774560296986,33306.306629078004,16141.815243500005
1334.4899434,5310.521991636995,13425.316257947989,33335.419761028,16150.008591200003
1329.4213154000006,5314.903078715995,13437.021745982987,33364.083085921004,16158.592707200003
1332.7517808,5319.630075292996,13448.196739913988,33392.463795100004,16166.815592500005
1333.2983263,5324.213612373996,13458.922419116989,33420.411028719005,16175.244340200004
1339.0777148999998,5328.672982990996,13470.163948715986,33448.263524779,16183.195709500003
1334.0366848000006,5333.237963203996,13481.904141185987,33475.631115916,16191.286395300003
1337.2699912,5337.745476686996,13493.149846866989,33504.154548058,16199.973775700004
1337.8254471,5342.305195849996,13504.712972739988,33532.227624192004,16208.474987200005
1343.3459801999998,5346.783594280996,13515.980428031988,33560.50594077,16216.656743800006
1338.3946848000005,5351.021483818996,13527.571466596988,33588.337838665,16225.162091600008
1341.7068805,5355.492739876996,13538.167861368987,33616.333745338,16233.673296900006
1342.6343443,5359.882667557996,13549.991914222988,33644.948148072,16242.029300300006
1347.7814725999997,5364.392740219996,13561.527443373989,33672.339895242,16250.576645000006
1342.6748249000004,5368.795526341996,13573.200548123988,33700.306665645,16259.160017300006
1345.9118927000002,5373.550907498996,13584.033224531988,33728.240873459,16267.644390600006
1347.0756445,5378.064795875996,13595.262197187987,33756.570829062,16275.831098700006
1352.1798348999996,5382.843530322995,13606.302885176989,33784.653361590004,16284.026282200006
1346.9165053000004,5387.467960572995,13618.010418408989,33813.611989162004,16292.200955700006
1350.5239689000002,5391.844909217995,13629.581372384986,33841.29470690701,16300.676857400003
1351.4842826,5396.410623752995,13641.109819027986,33869.52941714201,16309.042433300005
1356.3484021999996,5400.698691561995,13652.621186727987,33897.53378595801,16317.640587700003
1351.4481850000004,5405.300781231995,13664.350504798987,33925.40063944101,16326.143587700006
1354.9691237000002,5409.903873803994,13675.598875354988,33953.93027583501,16334.523996800006
1356.0297795,5414.416498882994,13686.869096714989,33982.14962206001,16342.505878400008
1360.6927287999997,5418.976856577994,13698.165088689988,34010.40349286501,16350.838141900009
1355.9843496000003,5423.5061952169945,13709.641381700989,34039.17272566801,16359.247538000009
1359.4281018,5427.7084493279945,13720.907826978988,34067.54364195201,16367.610508000009
1360.7736900999998,5432.455107548994,13732.546852210988,34095.34245277301,16375.882384700008
1365.3522172999994,5436.740608209994,13743.907536883988,34122.85869574701,16384.245296800007
1360.5364965000003,5440.779734937994,13754.931657206987,34151.50504664801,16392.69347990001
1363.8999511000002,5445.443394630995,13766.183923997987,34180.33964219901,16401.191189300007
1365.4440332999998,5450.081665275995,13777.309433986988,34208.93138511201,16409.764578200007
1369.7210549999995,5454.761770916995,13788.918645272988,34236.72305480001,16418.334905500007
1364.7594724000005,5459.469188360996,13800.296935685989,34265.24639384301,16426.574555200008
1368.2469411000002,5463.848033862996,13811.77310847699,34293.33599890301,16435.06394540001
1370.1046831999995,5468.522680775996,13823.02992678899,34321.080254142005,16443.54485370001
1373.9563118999995,5473.015282457996,13833.944945467989,34349.823767525006,16451.82583630001
1369.1886906000002,5477.389853714996,13845.376753016988,34377.491068038005,16460.27668130001
1372.7327476000005,5481.754948666996,13856.735964637988,34405.514264741,16468.32690400001
1374.4919095999996,5486.450354123996,13868.101725081988,34433.192514644004,16476.941580700008
1378.3438821999996,5490.973221157996,13879.325548967989,34461.611239014004,16485.08240990001
1373.6508211000005,5495.568078399996,13890.797259060988,34489.418713237006,16492.97982990001
1377.3088833000002,5500.071495060996,13901.770314731988,34517.59139694201,16501.49793830001
1379.0589400999995,5504.475179037996,13913.450025600989,34545.95442472301,16509.74865670001
1383.1728592999996,5508.735962985996,13924.692856363989,34573.28336887801,16517.856770300008
1378.2964332000004,5513.366270616995,13936.429640905988,34601.43586753401,16526.315875800006
1381.9501729,5517.765272377996,13948.410917821988,34629.82552876301,16534.596312000005
1383.7125223999997,5522.357359862996,13959.595142893988,34658.06703020801,16542.778318700006
1387.5335561999996,5526.841790500996,13970.883227528988,34685.95572166601,16551.226637500007
1382.6831726000005,5531.288156044996,13982.320396946989,34714.72952702901,16559.960766000007
1386.4135822,5535.598901007996,13994.001840217989,34742.84251224401,16568.262383800007
1388.3129822999997,5540.005521871995,14006.007925590988,34771.22659349601,16576.19955530001
1391.8619204999995,5544.278090871995,14017.196509908988,34800.046666714006,16584.66358360001
1387.0926476000002,5548.893572626995,14028.623054570988,34828.635481002006,16592.85986850001
1390.5130734000002,5553.444566295994,14040.277783399988,34857.39040019201,16601.22535270001
1392.5944114999998,5557.792831815994,14051.605586531989,34885.63772022701,16609.13297410001
1396.5405176999996,5561.936719161994,14063.094623762989,34914.31584215301,16617.619991800013
1391.5076618000005,5566.679005714994,14074.076710244988,34942.52377403001,16626.177309800012
1394.9150165,5571.352309439993,14085.576795603987,34970.147180907006,16634.52244050001
1396.9963018,5575.837288926993,14096.95399923999,34998.467616694004,16642.732835400013
1400.8442128999995,5580.274650396993,14108.135448971989,35026.358970999005,16651.301093900012
1396.0232794000003,5584.785255486993,14119.737164046988,35054.241201510005,16659.761503200014
1399.6135908,5589.294763362993,14130.897876456987,35081.561846649005,16668.086656100015
1401.6464468,5593.817134604993,14141.599028203987,35109.836683243004,16676.295791500015
1405.2923819999996,5598.191008360993,14152.821819701989,35138.502882111,16684.524092500014
1400.3728774000003,5602.825421830993,14164.069900045986,35165.506187144005,16693.020041000014
1404.2256972,5607.639990991993,14175.909062527986,35193.796035169005,16701.263122500015
1406.2699755,5612.248306331993,14186.899299749986,35221.75454911,16709.870169200014
1409.9295243999995,5616.995537143994,14198.549903495988,35249.25279035,16718.210136500013
1405.2481182000004,5621.222467078994,14210.111448691989,35277.352232659,16726.82299620001
1408.6783281,5625.7922950299935,14221.695123917989,35305.55674595,16735.57073290001
1410.7690475,5630.320883466993,14233.103205198988,35333.315535344,16743.86405500001
1414.4321301999996,5634.619668067993,14244.540220948988,35361.590653683,16752.294395400007
1410.0551152000005,5639.281818298993,14255.773486071988,35389.888951874,16760.342858800006
1412.9208973,5643.9487534549935,14267.254090138988,35417.949062049,16768.732955000007
1415.268243,5648.505314016994,14278.563227779989,35445.934407799,16777.13990420001
1418.9854954999996,5653.064804969994,14289.897591353989,35474.971965081,16785.477986700007
1413.9805371000002,5657.713657288994,14300.747055522988,35503.037524447,16793.65374190001
1417.6812291,5662.589530232994,14311.693012564989,35531.343249123,16802.15586290001
1419.8154964,5666.8498768489935,14322.921065239989,35559.040064010995,16810.66055120001
1423.3394946999997,5671.375766342993,14334.228609770988,35587.22147791799,16819.08663760001
1418.5403560000002,5676.001271931993,14345.888098411988,35615.65079348,16827.32500780001
1422.2222498,5680.6232919539925,14356.871629714988,35644.710612799994,16835.81197470001
1424.4566764,5685.165089313992,14368.779242030989,35673.416000219,16843.83493180001
1427.8375088999996,5689.723251347992,14380.145970660988,35701.128084409,16852.232604600013
1423.0087214000002,5694.113274316992,14391.373461581989,35729.045794869,16860.97748040001
1426.6545207,5698.758134049992,14403.224230888987,35756.521706922,16868.96841610001
1428.7060049000002,5703.136719707992,14414.455752686988,35785.424784617004,16877.479628500012
1432.4809644999996,5707.533831890992,14425.881819239989,35813.008921047,16885.64062500001
1427.152635,5711.979714692991,14437.172989873989,35841.611595224,16893.796871300012
1431.1445533,5716.444257738991,14448.842817684988,35869.712726772,16902.39326280001
1433.3479071000002,5721.013734408991,14459.953699055986,35898.63744,16910.767824400013
1436.9705932999996,5725.644636715991,14471.415765409987,35927.249546407,16919.33973250001
1431.5008617,5730.290713332991,14482.963609659988,35954.853761184,16928.14682070001
1435.7909083,5734.641319507991,14494.566294530989,35983.120541761,16936.52487830001
1438.0159563000002,5739.122436267991,14506.325657272988,36011.232581655,16944.89630480001
1441.5407854999996,5743.810062918991,14517.798340585989,36039.116425616,16953.33089090001
1436.0241722,5748.094880892992,14528.928409666987,36067.39724588,16961.60594800001
1440.1122618,5752.687350079991,14539.975720156988,36095.615589045,16970.080230700012
1442.4357981000005,5757.123512205992,14551.518110205989,36123.708753299,16978.41460570001
1446.0432958999995,5761.515648146991,14562.53614596299,36152.406409147,16986.94382590001
1440.3747474000002,5765.802984891991,14573.593775086989,36180.312344753,16995.12161200001
1444.6187131,5770.377582320992,14585.502081825987,36209.02394406,17003.26439280001
1446.9107030000002,5774.809505688992,14597.363426359989,36237.277018317,17012.05838290001
1450.5566126999995,5779.189063449991,14608.51635384999,36265.928307506,17020.15022470001
1444.8476069,5783.619969152991,14620.333296050989,36294.65320296501,17028.57654030001
1449.1816428,5788.196537655991,14631.715480294988,36322.870083758,17036.968005900013
1451.3403369000002,5792.701962059991,14643.040876686988,36351.434658235004,17045.048376500014
1455.1023079999995,5797.107115345992,14654.760216382989,36379.482993223006,17053.242214500013
1449.2634937,5801.666345313992,14666.510681212989,36407.71165880601,17061.56569640001
1453.4866085,5805.897375643992,14677.645660870989,36436.622381436006,17069.986697300013
1455.5554633000002,5810.636126848992,14688.731130654987,36465.547843807006,17078.400881200014
1459.7360267999995,5815.095919133992,14700.537530441989,36493.97126336201,17086.648106800014
1453.8487316,5819.261669938992,14712.364490744989,36522.18570208701,17094.927356600016
1458.282526,5823.592732387991,14723.546976545987,36550.10037368601,17103.401892500016
1460.0295326000005,5828.015022571992,14734.689793647987,36577.867635705006,17111.596954100016
1464.0696932999997,5832.437552100992,14746.336730351988,36606.647191849006,17119.865523200016
1458.4714376000002,5837.151763722992,14757.357275452989,36635.11546759301,17128.370796400017
1462.7438303,5841.630180044992,14768.897859259989,36663.63524178401,17137.108592500015
1464.3698904000005,5846.147358392992,14780.737027528989,36691.94928188601,17145.246132300013
1468.6168113999995,5850.681559724992,14792.328250368988,36720.07528624501,17153.892721300013
1463.0550947000002,5855.264424641991,14804.326450240987,36748.42052068801,17161.969745800012
1467.2509857,5859.880832411991,14815.807900124988,36776.40369601401,17170.174450000013
1469.1005649000003,5864.539078460991,14826.962367298987,36803.76759496901,17178.338851400014
1473.3306014999996,5868.971014447991,14838.311841901988,36831.32557349801,17186.923397000013
1467.6067292000002,5873.400410834991,14850.026889796987,36859.308689079015,17195.189524100013
1471.4547381,5877.767363373991,14861.236648093987,36887.48556300601,17203.604026300014
1473.7302028000004,5882.18297481099,14872.138614808988,36916.22126985401,17212.011428400016
1477.7838839999995,5886.68342828199,14883.352452392988,36944.18694796201,17220.189968600014
1472.0818249000004,5891.32336987999,14894.639441643989,36972.89845626001,17228.605813200014
1475.7718289,5895.80080333599,14905.951195704987,37000.98431619301,17236.941059300014
1478.1007032000005,5900.16978531999,14917.64260393899,37028.09111750601,17245.141264700014
1482.2587987999996,5904.686232772991,14929.23289298499,37055.63518315601,17253.423248000014
1476.7614924000004,5908.98151001599,14940.37652238399,37083.72930051901,17261.603324300013
1479.9234694,5913.47692856699,14952.232091109989,37112.34817646701,17270.12707600001
1482.4398750000005,5918.05123949799,14963.312395173987,37140.615434971005,17278.642899400013
1486.7004756999995,5922.765394321989,14974.450331263988,37168.742381961005,17287.276296200012
1481.1283723000004,5927.359562924989,14985.760887047987,37196.66326546901,17295.70890750001
1484.4036788,5931.893446630989,14997.609840205989,37224.93528920301,17304.04197880001
1487.0537483000005,5936.50265712199,15009.135093228988,37253.021170554006,17312.291386600013
1491.3415141999994,5941.07161967099,15021.123155367988,37281.35499784601,17320.589026100013
1485.6649125000004,5945.30739667499,15032.906855728988,37310.304272559006,17328.735086900015
1488.8519754999998,5949.65455248999,15044.337350826989,37338.31156553601,17336.870306000015
1491.6378191000006,5954.25720161399,15055.653114906989,37366.262344598006,17345.476645400016
1495.7118008999994,5958.61811628699,15067.231220440988,37394.352475356005,17353.745358200016
1489.8692244000003,5962.67049765499,15078.378394730988,37423.21498371001,17362.179666300017
1493.4639243999998,5967.14145478499,15089.734781823989,37450.72770710201,17370.801188700018
1496.275884100001,5971.85028683999,15101.511299492988,37478.87778719301,17379.227806800016
1500.1530307999994,5975.99740763399,15112.850006235987,37506.444760244005,17387.558193600016
1494.2601631000005,5980.597285744991,15124.211223901988,37535.36240903201,17396.361246100016
1497.8228445999998,5985.008743385991,15135.754185577987,37563.84618400201,17404.659209400015
1500.3866445000006,5989.28996778999,15147.083369260989,37592.60570372201,17413.104942300015
1504.6234325999994,5993.755000443991,15158.662990004988,37621.22666214301,17421.511464600015
1498.6062107000005,5997.942287026991,15169.384300051986,37647.95453865801,17429.924957500014
1501.9572236999998,,,,17437.390678200012
1504.2466111000006,,,,
