time,committee,daon,decentruth,seenfeed,deepthought
1,500.0,500.0,500.0,500.0,500
6,1000.0,1000.0,1000.0,1000.0,1000
11,1500.0,1500.0,1500.0,1500.0,1500
16,1880.0,1970.0,1990.0,1990.0,2000
21,2380.0,2470.0,2490.0,2490.0,2500
26,2798.0,2930.0,2990.0,2990.0,3000
31,3210.0,3430.0,3480.0,3470.0,3490
36,3710.0,3930.0,3980.0,3970.0,3990
41,4040.0,4390.0,4470.0,4450.0,4490
46,4540.0,4890.0,4970.0,4950.0,4990
51,4922.0,5390.0,5460.0,5437.0,5490
56,5380.0,5846.0,5960.0,5937.0,5982
61,5880.0,6346.0,6460.0,6437.0,6480
66,6208.0,6800.0,6942.0,6920.0,6980
71,6708.0,7300.0,7442.0,7420.0,7480
76,7094.0,7800.0,7930.0,7920.0,7980
81,7554.0,8260.0,8430.0,8400.0,8477
86,8054.0,8760.0,8930.0,8900.0,8970
91,8390.0,9220.0,9420.0,9380.0,9470
96,8890.0,9720.0,9920.0,9880.0,9970
101,9222.0,10220.0,10410.0,10380.0,10470
106,9722.0,10680.0,10910.0,10860.0,10970
111,10192.0,11180.0,11400.0,11360.0,11460
116,10567.0,11640.0,11897.0,11840.0,11960
121,11067.0,12140.0,12397.0,12340.0,12460
126,11440.0,12640.0,12880.0,12840.0,12960
131,11890.0,13100.0,13380.0,13330.0,13460
136,12390.0,13600.0,13870.0,13830.0,13954
141,12732.0,14060.0,14370.0,14310.0,14450
146,13232.0,14560.0,14870.0,14810.0,14950
151,13614.0,15020.0,15360.0,15310.0,15450
156,14069.0,15520.0,15860.0,15790.0,15950
161,14569.0,16020.0,16350.0,16290.0,16449
166,14890.0,16479.0,16850.0,16770.0,16940
171,15390.0,16979.0,17340.0,17270.0,17440
176,15812.0,17479.0,17840.0,17770.0,17940
181,16232.0,17930.0,18340.0,18250.0,18440
186,16667.0,18430.0,18821.0,18750.0,18940
191,17087.0,18890.0,19321.0,19240.0,19433
196,17587.0,19390.0,19810.0,19740.0,19930
201,17460.0,19390.0,19810.0,19740.0,19930
206,17411.0,19343.0,19810.0,19720.0,19930
211,17371.0,19343.0,19800.0,19720.0,19930
216,17240.0,19307.0,19800.0,19700.0,19930
221,17240.0,19307.0,19790.0,19700.0,19920
226,17160.0,19307.0,19790.0,19700.0,19920
231,17077.0,19268.0,19776.0,19680.0,19920
236,17077.0,19268.0,19772.0,19680.0,19920
241,16911.0,19220.0,19772.0,19661.0,19920
246,16911.0,19220.0,19760.0,19661.0,19912
251,16817.0,19216.0,19760.0,19654.0,19910
256,16733.0,19184.0,19760.0,19649.0,19910
261,16695.0,19184.0,19750.0,19649.0,19910
266,16614.0,19149.0,19750.0,19630.0,19910
271,16571.0,19149.0,19740.0,19630.0,19908
276,16486.0,19101.0,19740.0,19630.0,19900
281,16404.0,19101.0,19740.0,19610.0,19900
286,16404.0,19101.0,19726.0,19610.0,19900
291,16271.0,19068.0,19726.0,19590.0,19900
296,16231.0,19068.0,19711.0,19590.0,19900
301,16231.0,19021.0,19711.0,19588.0,19890
306,16070.0,19021.0,19711.0,19570.0,19890
311,16070.0,19011.0,19700.0,19570.0,19890
316,15919.0,18983.0,19700.0,19553.0,19890
321,15910.0,18983.0,19690.0,19553.0,19890
326,15830.0,18950.0,19690.0,19553.0,19884
331,15732.0,18950.0,19690.0,19540.0,19880
336,15732.0,18950.0,19674.0,19540.0,19880
341,15607.0,18900.0,19674.0,19520.0,19880
346,15567.0,18900.0,19660.0,19520.0,19880
351,15459.0,18860.0,19660.0,19501.0,19880
356,15413.0,18860.0,19660.0,19500.0,19870
361,15413.0,18860.0,19650.0,19500.0,19870
366,15291.0,18810.0,19650.0,19480.0,19870
371,15251.0,18810.0,19640.0,19480.0,19870
376,15136.0,18810.0,19640.0,19470.0,19870
381,15096.0,18770.0,19640.0,19470.0,19860
386,15096.0,18770.0,19620.0,19470.0,19860
391,14930.0,18720.0,19620.0,19449.0,19860
396,14930.0,18720.0,19610.0,19449.0,19860
401,14843.0,18720.0,19610.0,19449.0,19860
406,14763.0,18680.0,19610.0,19430.0,19854
411,14723.0,18680.0,19600.0,19430.0,19850
416,14610.0,18640.0,19600.0,19410.0,19850
421,14610.0,18640.0,19590.0,19410.0,19850
426,14491.0,18640.0,19590.0,19410.0,19850
431,14450.0,18591.0,19590.0,19390.0,19850
436,14450.0,18591.0,19570.0,19390.0,19840
441,14319.0,18591.0,19570.0,19370.0,19840
446,14270.0,18550.0,19570.0,19370.0,19840
451,14195.0,18550.0,19560.0,19370.0,19840
456,14113.0,18509.0,19560.0,19355.0,19840
461,14113.0,18509.0,19545.0,19355.0,19836
466,13950.0,18509.0,19545.0,19340.0,19830
471,13950.0,18470.0,19545.0,19340.0,19830
476,13863.0,18470.0,19530.0,19320.0,19830
481,13773.0,18430.0,19530.0,19320.0,19830
486,13773.0,18430.0,19520.0,19320.0,19830
491,13617.0,18390.0,19520.0,19300.0,19820
496,13617.0,18390.0,19520.0,19300.0,19820
501,13492.0,18390.0,19503.0,19280.0,19820
506,13452.0,18350.0,19503.0,19280.0,19820
511,13452.0,18350.0,19490.0,19280.0,19820
516,13280.0,18301.0,19490.0,19263.0,19812
521,13280.0,18300.0,19490.0,19263.0,19810
526,13196.0,18300.0,19480.0,19263.0,19810
531,13110.0,18260.0,19480.0,19245.0,19810
536,13110.0,18260.0,19470.0,19245.0,19810
541,12942.0,18260.0,19470.0,19230.0,19810
546,12942.0,18220.0,19470.0,19230.0,19800
551,12900.0,18220.0,19460.0,19230.0,19800
556,12764.0,18173.0,19460.0,19210.0,19800
561,12764.0,18173.0,19444.0,19210.0,19800
566,12647.0,18173.0,19444.0,19210.0,19800
571,12607.0,18130.0,19430.0,19190.0,19791
576,12567.0,18130.0,19430.0,19190.0,19790
581,12448.0,18090.0,19430.0,19170.0,19790
586,12448.0,18090.0,19420.0,19170.0,19790
591,12281.0,18090.0,19420.0,19170.0,19790
596,12281.0,18049.0,19410.0,19150.0,19787
601,12241.0,18049.0,19410.0,19150.0,19780
606,12119.0,18010.0,19410.0,19130.0,19780
611,12119.0,18010.0,19400.0,19130.0,19780
616,12007.0,18010.0,19400.0,19130.0,19780
621,11963.0,17970.0,19380.0,19111.0,19780
626,11883.0,17970.0,19380.0,19111.0,19770
631,11800.0,17930.0,19380.0,19100.0,19770
636,11800.0,17930.0,19370.0,19100.0,19770
641,11679.0,17930.0,19370.0,19100.0,19770
646,11639.0,17890.0,19360.0,19080.0,19770
651,11560.0,17890.0,19360.0,19080.0,19766
656,11477.0,17850.0,19360.0,19060.0,19760
661,11477.0,17850.0,19350.0,19060.0,19760
666,11347.0,17850.0,19350.0,19060.0,19760
671,11300.0,17800.0,19330.0,19040.0,19760
676,11220.0,17800.0,19330.0,19040.0,19760
681,11140.0,17800.0,19330.0,19020.0,19750
686,11100.0,17760.0,19320.0,19020.0,19750
691,11020.0,17760.0,19320.0,19020.0,19750
696,10980.0,17720.0,19310.0,19006.0,19750
701,10900.0,17720.0,19310.0,19006.0,19750
706,10860.0,17680.0,19310.0,18990.0,19741
711,10779.0,17680.0,19291.0,18990.0,19740
716,10699.0,17680.0,19291.0,18990.0,19740
721,10611.0,17633.0,19291.0,18970.0,19740
726,10571.0,17633.0,19280.0,18970.0,19740
731,10531.0,17633.0,19280.0,18950.0,19737
736,10412.0,17590.0,19270.0,18950.0,19730
741,10372.0,17590.0,19270.0,18950.0,19730
746,10305.0,17550.0,19260.0,18930.0,19730
751,10265.0,17550.0,19260.0,18930.0,19730
756,10189.0,17510.0,19260.0,18911.0,19730
761,10119.0,17510.0,19241.0,18911.0,19720
766,10061.0,17510.0,19241.0,18911.0,19720
771,9970.0,17470.0,19230.0,18893.0,19720
776,9927.0,17470.0,19230.0,18893.0,19720
781,9844.0,17470.0,19230.0,18880.0,19720
786,9804.0,17426.0,19220.0,18880.0,19710
791,9711.0,17426.0,19220.0,18880.0,19710
796,9630.0,17390.0,19210.0,18860.0,19710
801,9590.0,17390.0,19210.0,18860.0,19710
806,9510.0,17390.0,19199.0,18860.0,19710
811,9423.0,17342.0,19198.0,18840.0,19703
816,9383.0,17342.0,19198.0,18840.0,19700
821,9300.0,17309.0,19180.0,18820.0,19700
826,9260.0,17309.0,19180.0,18820.0,19700
831,9180.0,17270.0,19170.0,18820.0,19700
836,9100.0,17266.0,19170.0,18800.0,19698
841,9060.0,17266.0,19170.0,18800.0,19690
846,8980.0,17221.0,19160.0,18781.0,19690
851,8940.0,17221.0,19160.0,18781.0,19690
856,8860.0,17221.0,19147.0,18781.0,19690
861,8780.0,17180.0,19147.0,18770.0,19690
866,8740.0,17180.0,19147.0,18770.0,19680
871,8661.0,17140.0,19130.0,18770.0,19680
876,8613.0,17140.0,19130.0,18750.0,19680
881,8540.0,17140.0,19130.0,18750.0,19680
886,8457.0,17100.0,19120.0,18730.0,19680
891,8457.0,17100.0,19120.0,18730.0,19674
896,8372.0,17060.0,19109.0,18730.0,19670
901,8293.0,17060.0,19109.0,18710.0,19670
906,8213.0,17060.0,19090.0,18710.0,19670
911,8135.0,17011.0,19090.0,18690.0,19670
916,8135.0,17011.0,19090.0,18690.0,19670
921,8010.0,17011.0,19080.0,18690.0,19660
926,7961.0,16970.0,19080.0,18671.0,19660
931,7882.0,16970.0,19070.0,18671.0,19660
936,7802.0,16930.0,19070.0,18660.0,19660
941,7758.0,16930.0,19070.0,18660.0,19660
946,7672.0,16930.0,19060.0,18660.0,19651
951,7631.0,16881.0,19060.0,18640.0,19650
956,7550.0,16881.0,19040.0,18640.0,19650
961,7460.0,16840.0,19040.0,18620.0,19650
966,7420.0,16840.0,19040.0,18620.0,19650
971,7340.0,16840.0,19030.0,18601.0,19648
976,7300.0,16800.0,19030.0,18601.0,19640
981,7220.0,16800.0,19020.0,18601.0,19640
986,7140.0,16760.0,19020.0,18590.0,19640
991,7100.0,16760.0,19020.0,18590.0,19640
996,7019.0,16760.0,19007.0,18570.0,19640
1001,6979.0,16720.0,19007.0,18570.0,19630
1006,6897.0,16720.0,18990.0,18570.0,19630
1011,6817.0,16680.0,18990.0,18550.0,19630
1016,6777.0,16680.0,18990.0,18550.0,19630
1021,6650.0,16680.0,18980.0,18550.0,19630
1026,6650.0,16640.0,18980.0,18530.0,19621
1031,6610.0,16640.0,18970.0,18530.0,19620
1036,6489.0,16600.0,18970.0,18510.0,19620
1041,6449.0,16600.0,18960.0,18510.0,19620
1046,6360.0,16600.0,18960.0,18500.0,19620
1051,6320.0,16560.0,18960.0,18500.0,19616
1056,6280.0,16560.0,18940.0,18500.0,19610
1061,6166.0,16510.0,18940.0,18480.0,19610
1066,6126.0,16510.0,18940.0,18480.0,19610
1071,6050.0,16510.0,18930.0,18460.0,19610
1076,6010.0,16470.0,18930.0,18460.0,19610
1081,5890.0,16470.0,18920.0,18460.0,19600
1086,5840.0,16430.0,18920.0,18440.0,19600
1091,5800.0,16430.0,18920.0,18440.0,19600
1096,5720.0,16430.0,18903.0,18426.0,19600
1101,5673.0,16386.0,18903.0,18426.0,19600
1106,5600.0,16386.0,18890.0,18426.0,19593
1111,5511.0,16349.0,18890.0,18410.0,19590
1116,5471.0,16349.0,18890.0,18410.0,19590
1121,5389.0,16349.0,18880.0,18410.0,19590
1126,5299.0,16310.0,18880.0,18390.0,19590
1131,5260.0,16310.0,18870.0,18390.0,19590
1136,5184.0,16261.0,18870.0,18370.0,19580
1141,5137.0,16261.0,18870.0,18370.0,19580
1146,5056.0,16230.0,18858.0,18358.0,19580
1151,5016.0,16230.0,18858.0,18358.0,19580
1156,4927.0,16230.0,18840.0,18358.0,19580
1161,4887.0,16188.0,18840.0,18340.0,19570
1166,4811.0,16188.0,18840.0,18340.0,19570
1171,4726.0,16140.0,18830.0,18320.0,19570
1176,4649.0,16140.0,18830.0,18320.0,19570
1181,4609.0,16140.0,18820.0,18320.0,19570
1186,4560.0,16100.0,18820.0,18300.0,19567
1191,4477.0,16100.0,18820.0,18300.0,19560
1196,4399.0,16062.0,18806.0,18281.0,19560
1201,4316.0,16062.0,18806.0,18281.0,19560
1206,4277.0,16062.0,18790.0,18281.0,19560
1211,4239.0,16022.0,18790.0,18264.0,19559
1216,4154.0,16022.0,18790.0,18264.0,19550
1221,4067.0,15980.0,18780.0,18250.0,19550
1226,3999.0,15980.0,18780.0,18250.0,19550
1231,3959.0,15975.0,18773.0,18250.0,19550
1236,3879.0,15944.0,18770.0,18230.0,19550
1241,3830.0,15944.0,18770.0,18230.0,19542
1246,3759.0,15900.0,18750.0,18210.0,19540
1251,3681.0,15900.0,18750.0,18210.0,19540
1256,3602.0,15900.0,18750.0,18210.0,19540
1261,3549.0,15860.0,18740.0,18190.0,19540
1266,3519.0,15860.0,18740.0,18190.0,19539
1271,3432.0,15810.0,18730.0,18174.0,19530
1276,3353.0,15810.0,18730.0,18174.0,19530
1281,3271.0,15810.0,18730.0,18174.0,19530
1286,3190.0,15770.0,18710.0,18160.0,19530
1291,3190.0,15770.0,18710.0,18160.0,19530
1296,3072.0,15770.0,18710.0,18140.0,19520
1301,3032.0,15724.0,18700.0,18140.0,19520
1306,2960.0,15724.0,18700.0,18140.0,19520
1311,2920.0,15689.0,18690.0,18120.0,19520
1316,2839.0,15689.0,18690.0,18120.0,19520
1321,2770.0,15689.0,18690.0,18100.0,19513
1326,2730.0,15640.0,18671.0,18100.0,19510
1331,2610.0,15640.0,18671.0,18090.0,19510
1336,2570.0,15600.0,18660.0,18090.0,19510
1341,2532.0,15600.0,18660.0,18090.0,19510
1346,2452.0,15600.0,18660.0,18070.0,19507
1351,2412.0,15560.0,18650.0,18070.0,19500
1356,2288.0,15560.0,18650.0,18050.0,19500
1361,2248.0,15520.0,18640.0,18050.0,19500
1366,2168.0,15520.0,18640.0,18047.0,19500
1371,2128.0,15480.0,18640.0,18036.0,19500
1376,2082.0,15480.0,18622.0,18036.0,19490
1381,1972.0,15480.0,18622.0,18020.0,19490
1386,1911.0,15440.0,18610.0,18020.0,19490
1391,1831.0,15440.0,18610.0,18000.0,19490
1396,1791.0,15400.0,18610.0,18000.0,19490
1401,1671.0,15400.0,18600.0,18000.0,19482
1406,1637.0,15400.0,18600.0,17980.0,19480
1411,1596.0,15360.0,18599.0,17980.0,19480
1416,1514.0,15360.0,18590.0,17960.0,19480
1421,1477.0,15360.0,18590.0,17960.0,19480
1426,1350.0,15317.0,18575.0,17960.0,19478
1431,1310.0,15317.0,18575.0,17949.0,19470
1436,1270.0,15270.0,18560.0,17949.0,19470
1441,1185.0,15270.0,18560.0,17930.0,19470
1446,1145.0,15270.0,18560.0,17930.0,19470
1451,1065.0,15230.0,18550.0,17910.0,19470
1456,980.0,15230.0,18550.0,17910.0,19460
1461,940.0,15190.0,18540.0,17910.0,19460
1466,820.0,15190.0,18540.0,17895.0,19460
1471,820.0,15190.0,18540.0,17895.0,19460
1476,700.0,15150.0,18530.0,17880.0,19460
1481,660.0,15150.0,18530.0,17880.0,19452
1486,620.0,15109.0,18510.0,17880.0,19450
1491,535.0,15109.0,18510.0,17860.0,19450
1496,449.0,15109.0,18500.0,17860.0,19450
1501,370.0,15065.0,18500.0,17860.0,19450
1506,326.0,15065.0,18500.0,17840.0,19450
1511,286.0,15030.0,18490.0,17840.0,19440
1516,200.0,15030.0,18490.0,17820.0,19440
1521,160.0,15030.0,18479.0,17820.0,19440
1526,80.0,14981.0,18479.0,17820.0,19440
1531,0.0,14981.0,18479.0,17800.0,19440
1536,0.0,14940.0,18461.0,17800.0,19432
1541,0.0,14940.0,18461.0,17780.0,19430
1546,0.0,14940.0,18450.0,17780.0,19430
1551,0.0,14900.0,18450.0,17780.0,19430
1556,0.0,14900.0,18450.0,17760.0,19430
1561,0.0,14860.0,18440.0,17760.0,19428
1566,0.0,14860.0,18440.0,17760.0,19420
1571,0.0,14860.0,18429.0,17740.0,19420
1576,0.0,14810.0,18427.0,17740.0,19420
1581,0.0,14810.0,18427.0,17722.0,19420
1586,0.0,14810.0,18410.0,17720.0,19420
1591,0.0,14770.0,18410.0,17720.0,19411
1596,0.0,14770.0,18410.0,17705.0,19410
1601,0.0,14730.0,18400.0,17705.0,19410
1606,0.0,14730.0,18400.0,17705.0,19410
1611,0.0,14730.0,18387.0,17690.0,19410
1616,0.0,14681.0,18387.0,17690.0,19406
1621,0.0,14681.0,18387.0,17670.0,19400
1626,0.0,14681.0,18370.0,17670.0,19400
1631,0.0,14640.0,18370.0,17670.0,19400
1636,0.0,14640.0,18360.0,17650.0,19400
1641,0.0,14599.0,18360.0,17650.0,19398
1646,0.0,14599.0,18360.0,17630.0,19390
1651,0.0,14599.0,18350.0,17630.0,19390
1656,0.0,14550.0,18350.0,17630.0,19390
1661,0.0,14550.0,18350.0,17612.0,19390
1666,0.0,14511.0,18331.0,17612.0,19390
1671,0.0,14511.0,18331.0,17598.0,19381
1676,0.0,14511.0,18320.0,17598.0,19380
1681,0.0,14470.0,18320.0,17598.0,19380
1686,0.0,14470.0,18310.0,17580.0,19380
1691,0.0,14430.0,18310.0,17580.0,19380
1696,0.0,14430.0,18310.0,17560.0,19378
1701,0.0,14430.0,18300.0,17560.0,19370
1706,0.0,14390.0,18300.0,17560.0,19370
1711,0.0,14390.0,18288.0,17540.0,19370
1716,0.0,14350.0,18288.0,17540.0,19370
1721,0.0,14350.0,18273.0,17520.0,19370
1726,0.0,14350.0,18271.0,17520.0,19360
1731,0.0,14310.0,18271.0,17520.0,19360
1736,0.0,14310.0,18260.0,17503.0,19360
1741,0.0,14260.0,18260.0,17503.0,19360
1746,0.0,14260.0,18260.0,17490.0,19360
1751,0.0,14260.0,18250.0,17490.0,19351
1756,0.0,14220.0,18250.0,17490.0,19350
1761,0.0,14220.0,18230.0,17470.0,19350
1766,0.0,14180.0,18230.0,17470.0,19350
1771,0.0,14180.0,18230.0,17470.0,19350
1776,0.0,14180.0,18220.0,17450.0,19348
1781,0.0,14140.0,18220.0,17450.0,19340
1786,0.0,14140.0,18210.0,17430.0,19340
1791,0.0,14100.0,18210.0,17430.0,19340
1796,0.0,14100.0,18210.0,17419.0,19340
1801,0.0,14100.0,18194.0,17419.0,19340
1806,0.0,14060.0,18194.0,17419.0,19330
1811,0.0,14060.0,18180.0,17400.0,19330
1816,0.0,14060.0,18180.0,17400.0,19330
1821,0.0,14010.0,18180.0,17394.0,19330
1826,0.0,14010.0,18170.0,17380.0,19330
1831,0.0,13970.0,18170.0,17380.0,19321
1836,0.0,13970.0,18170.0,17360.0,19320
1841,0.0,13970.0,18159.0,17360.0,19320
1846,0.0,13930.0,18159.0,17340.0,19320
1851,0.0,13930.0,18140.0,17340.0,19320
1856,0.0,13890.0,18140.0,17340.0,19319
1861,0.0,13890.0,18140.0,17325.0,19310
1866,0.0,13890.0,18130.0,17325.0,19310
1871,0.0,13850.0,18130.0,17310.0,19310
1876,0.0,13850.0,18120.0,17310.0,19310
1881,0.0,13810.0,18120.0,17310.0,19310
1886,0.0,13810.0,18110.0,17290.0,19300
1891,0.0,13810.0,18110.0,17290.0,19300
1896,0.0,13768.0,18110.0,17270.0,19300
1901,0.0,13768.0,18090.0,17270.0,19300
1906,0.0,13730.0,18090.0,17270.0,19300
1911,0.0,13730.0,18080.0,17250.0,19296
1916,0.0,13690.0,18080.0,17250.0,19290
1921,0.0,13690.0,18080.0,17240.0,19290
1926,0.0,13690.0,18070.0,17240.0,19290
1931,0.0,13650.0,18070.0,17240.0,19290
1936,0.0,13650.0,18070.0,17220.0,19290
1941,0.0,13650.0,18059.0,17220.0,19280
1946,0.0,13600.0,18059.0,17220.0,19280
1951,0.0,13600.0,18040.0,17200.0,19280
1956,0.0,13560.0,18040.0,17200.0,19280
1961,0.0,13560.0,18030.0,17180.0,19280
1966,0.0,13560.0,18030.0,17180.0,19271
1971,0.0,13517.0,18030.0,17161.0,19270
1976,0.0,13517.0,18020.0,17161.0,19270
1981,0.0,13480.0,18020.0,17161.0,19270
1986,0.0,13480.0,18010.0,17147.0,19270
1991,0.0,13480.0,18010.0,17147.0,19268
1996,0.0,13440.0,17993.0,17130.0,19260
2001,0.0,13440.0,17993.0,17130.0,19260
2006,0.0,13399.0,17993.0,17130.0,19260
2011,0.0,13399.0,17980.0,17110.0,19260
2016,0.0,13399.0,17980.0,17110.0,19260
2021,0.0,13360.0,17979.0,17090.0,19250
2026,0.0,13360.0,17970.0,17090.0,19250
2031,0.0,13320.0,17970.0,17090.0,19250
2036,0.0,13320.0,17960.0,17080.0,19250
2041,0.0,13280.0,17960.0,17080.0,19250
2046,0.0,13280.0,17950.0,17060.0,19243
2051,0.0,13280.0,17950.0,17060.0,19240
2056,0.0,13240.0,17950.0,17060.0,19240
2061,0.0,13240.0,17930.0,17040.0,19240
2066,0.0,13200.0,17930.0,17040.0,19240
2071,0.0,13200.0,17920.0,17020.0,19240
2076,0.0,13200.0,17920.0,17020.0,19230
2081,0.0,13150.0,17920.0,17020.0,19230
2086,0.0,13150.0,17910.0,17003.0,19230
2091,0.0,13110.0,17910.0,17003.0,19230
2096,0.0,13110.0,17900.0,17003.0,19230
2101,0.0,13110.0,17900.0,16989.0,19223
2106,0.0,13070.0,17880.0,16989.0,19220
2111,0.0,13070.0,17880.0,16970.0,19220
2116,0.0,13030.0,17880.0,16970.0,19220
2121,0.0,13030.0,17870.0,16970.0,19220
2126,0.0,12990.0,17870.0,16950.0,19220
2131,0.0,12990.0,17860.0,16950.0,19210
2136,0.0,12990.0,17860.0,16930.0,19210
2141,0.0,12950.0,17860.0,16930.0,19210
2146,0.0,12950.0,17850.0,16930.0,19210
2151,0.0,12910.0,17850.0,16910.0,19210
2156,0.0,12910.0,17832.0,16910.0,19200
2161,0.0,12910.0,17832.0,16890.0,19200
2166,0.0,12870.0,17832.0,16890.0,19200
2171,0.0,12870.0,17820.0,16890.0,19200
2176,0.0,12830.0,17820.0,16879.0,19200
2181,0.0,12830.0,17810.0,16879.0,19195
2186,0.0,12830.0,17810.0,16860.0,19190
2191,0.0,12790.0,17810.0,16860.0,19190
2196,0.0,12790.0,17800.0,16860.0,19190
2201,0.0,12750.0,17800.0,16840.0,19190
2206,0.0,12750.0,17780.0,16840.0,19190
2211,0.0,12750.0,17780.0,16820.0,19180
2216,0.0,12710.0,17780.0,16820.0,19180
2221,0.0,12710.0,17770.0,16820.0,19180
2226,0.0,12710.0,17770.0,16810.0,19180
2231,0.0,12669.0,17760.0,16810.0,19180
2236,0.0,12669.0,17760.0,16790.0,19170
2241,0.0,12627.0,17750.0,16790.0,19170
2246,0.0,12627.0,17750.0,16790.0,19170
2251,0.0,12627.0,17750.0,16770.0,19170
2256,0.0,12580.0,17739.0,16770.0,19170
2261,0.0,12580.0,17739.0,16750.0,19165
2266,0.0,12540.0,17722.0,16750.0,19160
2271,0.0,12540.0,17722.0,16740.0,19160
2276,0.0,12540.0,17722.0,16739.0,19160
2281,0.0,12500.0,17710.0,16739.0,19160
2286,0.0,12500.0,17710.0,16720.0,19160
2291,0.0,12460.0,17700.0,16720.0,19150
2296,0.0,12460.0,17700.0,16700.0,19150
2301,0.0,12420.0,17700.0,16700.0,19150
2306,0.0,12420.0,17689.0,16700.0,19150
2311,0.0,12420.0,17689.0,16680.0,19150
2316,0.0,12380.0,17670.0,16680.0,19141
2321,0.0,12380.0,17670.0,16680.0,19140
2326,0.0,12340.0,17670.0,16660.0,19140
2331,0.0,12340.0,17660.0,16660.0,19140
2336,0.0,12340.0,17660.0,16645.0,19140
2341,0.0,12300.0,17650.0,16645.0,19139
2346,0.0,12300.0,17650.0,16630.0,19130
2351,0.0,12300.0,17650.0,16630.0,19130
2356,0.0,12250.0,17638.0,16630.0,19130
2361,0.0,12250.0,17638.0,16610.0,19130
2366,0.0,12210.0,17638.0,16610.0,19130
2371,0.0,12210.0,17620.0,16610.0,19120
2376,0.0,12210.0,17620.0,16590.0,19120
2381,0.0,12170.0,17610.0,16590.0,19120
2386,0.0,12170.0,17610.0,16570.0,19120
2391,0.0,12127.0,17610.0,16570.0,19120
2396,0.0,12127.0,17600.0,16570.0,19115
2401,0.0,12127.0,17600.0,16550.0,19110
2406,0.0,12090.0,17590.0,16550.0,19110
2411,0.0,12090.0,17590.0,16540.0,19110
2416,0.0,12050.0,17571.0,16540.0,19110
2421,0.0,12050.0,17571.0,16540.0,19110
2426,0.0,12050.0,17571.0,16520.0,19100
2431,0.0,12010.0,17560.0,16520.0,19100
2436,0.0,12010.0,17560.0,16500.0,19100
2441,0.0,11970.0,17560.0,16500.0,19100
2446,0.0,11970.0,17550.0,16480.0,19100
2451,0.0,11970.0,17550.0,16480.0,19090
2456,0.0,11930.0,17540.0,16480.0,19090
2461,0.0,11930.0,17540.0,16465.0,19090
2466,0.0,11890.0,17520.0,16465.0,19090
2471,0.0,11890.0,17520.0,16450.0,19090
2476,0.0,11853.0,17520.0,16450.0,19085
2481,0.0,11853.0,17510.0,16450.0,19080
2486,0.0,11853.0,17510.0,16430.0,19080
2491,0.0,11810.0,17500.0,16430.0,19080
2496,0.0,11810.0,17500.0,16410.0,19080
2501,0.0,11810.0,17500.0,16410.0,19079
2506,0.0,11770.0,17487.0,16410.0,19070
2511,0.0,11770.0,17487.0,16390.0,19070
2516,0.0,11730.0,17470.0,16390.0,19070
2521,0.0,11730.0,17470.0,16380.0,19070
2526,0.0,11690.0,17470.0,16380.0,19070
2531,0.0,11687.0,17460.0,16371.0,19060
2536,0.0,11687.0,17460.0,16360.0,19060
2541,0.0,11646.0,17460.0,16360.0,19060
2546,0.0,11646.0,17450.0,16340.0,19060
2551,0.0,11624.0,17450.0,16340.0,19060
2556,0.0,11600.0,17430.0,16340.0,19051
2561,0.0,11600.0,17430.0,16320.0,19050
2566,0.0,11564.0,17430.0,16320.0,19050
2571,0.0,11564.0,17420.0,16300.0,19050
2576,0.0,11520.0,17420.0,16300.0,19050
2581,0.0,11520.0,17410.0,16300.0,19049
2586,0.0,11520.0,17410.0,16280.0,19040
2591,0.0,11480.0,17410.0,16280.0,19040
2596,0.0,11480.0,17398.0,16266.0,19040
2601,0.0,11450.0,17398.0,16266.0,19040
2606,0.0,11450.0,17380.0,16266.0,19040
2611,0.0,11410.0,17380.0,16250.0,19030
2616,0.0,11410.0,17380.0,16250.0,19030
2621,0.0,11410.0,17370.0,16230.0,19030
2626,0.0,11365.0,17370.0,16230.0,19030
2631,0.0,11365.0,17360.0,16230.0,19030
2636,0.0,11365.0,17360.0,16210.0,19026
2641,0.0,11320.0,17350.0,16210.0,19020
2646,0.0,11320.0,17350.0,16210.0,19020
2651,0.0,11280.0,17350.0,16190.0,19020
2656,0.0,11280.0,17336.0,16190.0,19020
2661,0.0,11240.0,17336.0,16170.0,19020
2666,0.0,11240.0,17320.0,16170.0,19010
2671,0.0,11240.0,17320.0,16170.0,19010
2676,0.0,11203.0,17320.0,16155.0,19010
2681,0.0,11203.0,17310.0,16155.0,19010
2686,0.0,11160.0,17310.0,16140.0,19010
2691,0.0,11160.0,17300.0,16140.0,19003
2696,0.0,11160.0,17300.0,16140.0,19000
2701,0.0,11120.0,17300.0,16120.0,19000
2706,0.0,11120.0,17283.0,16120.0,19000
2711,0.0,11080.0,17283.0,16100.0,19000
2716,0.0,11080.0,17270.0,16100.0,19000
2721,0.0,11080.0,17270.0,16100.0,18990
2726,0.0,11039.0,17260.0,16080.0,18990
2731,0.0,11039.0,17260.0,16080.0,18990
2736,0.0,11039.0,17260.0,16080.0,18990
2741,0.0,10990.0,17250.0,16060.0,18990
2746,0.0,10990.0,17250.0,16060.0,18984
2751,0.0,10950.0,17240.0,16040.0,18980
2756,0.0,10950.0,17240.0,16040.0,18980
2761,0.0,10950.0,17240.0,16040.0,18980
2766,0.0,10910.0,17220.0,16030.0,18980
2771,0.0,10910.0,17220.0,16030.0,18979
2776,0.0,10870.0,17220.0,16010.0,18970
2781,0.0,10870.0,17210.0,16010.0,18970
2786,0.0,10870.0,17210.0,16010.0,18970
2791,0.0,10830.0,17200.0,15990.0,18970
2796,0.0,10830.0,17200.0,15990.0,18970
2801,0.0,10790.0,17200.0,15970.0,18960
2806,0.0,10790.0,17180.0,15970.0,18960
2811,0.0,10790.0,17180.0,15960.0,18960
2816,0.0,10750.0,17170.0,15960.0,18960
2821,0.0,10750.0,17170.0,15960.0,18960
2826,0.0,10708.0,17170.0,15940.0,18951
2831,0.0,10708.0,17160.0,15940.0,18950
2836,0.0,10708.0,17160.0,15920.0,18950
2841,0.0,10660.0,17148.0,15920.0,18950
2846,0.0,10660.0,17148.0,15920.0,18950
2851,0.0,10660.0,17148.0,15900.0,18948
2856,0.0,10620.0,17130.0,15900.0,18940
2861,0.0,10620.0,17130.0,15888.0,18940
2866,0.0,10570.0,17120.0,15888.0,18940
2871,0.0,10570.0,17120.0,15870.0,18940
2876,0.0,10570.0,17110.0,15870.0,18940
2881,0.0,10530.0,17110.0,15870.0,18930
2886,0.0,10530.0,17110.0,15850.0,18930
2891,0.0,10492.0,17100.0,15850.0,18930
2896,0.0,10492.0,17100.0,15830.0,18930
2901,0.0,10450.0,17090.0,15830.0,18930
2906,0.0,10450.0,17090.0,15830.0,18921
2911,0.0,10450.0,17090.0,15814.0,18920
2916,0.0,10416.0,17070.0,15814.0,18920
2921,0.0,10416.0,17070.0,15814.0,18920
2926,0.0,10370.0,17060.0,15798.0,18920
2931,0.0,10370.0,17060.0,15798.0,18918
2936,0.0,10370.0,17060.0,15780.0,18910
2941,0.0,10330.0,17050.0,15780.0,18910
2946,0.0,10330.0,17050.0,15780.0,18910
2951,0.0,10290.0,17036.0,15760.0,18910
2956,0.0,10290.0,17034.0,15760.0,18910
2961,0.0,10290.0,17034.0,15740.0,18900
2966,0.0,10250.0,17020.0,15740.0,18900
2971,0.0,10250.0,17020.0,15740.0,18900
2976,0.0,10210.0,17017.0,15720.0,18900
2981,0.0,10210.0,17010.0,15720.0,18900
2986,0.0,10210.0,17010.0,15700.0,18893
2991,0.0,10170.0,17000.0,15700.0,18890
2996,0.0,10170.0,17000.0,15700.0,18890
3001,0.0,10130.0,16994.0,15681.0,18890
3006,0.0,10130.0,16987.0,15681.0,18890
3011,0.0,10090.0,16987.0,15681.0,18888
3016,0.0,10090.0,16970.0,15670.0,18880
3021,0.0,10090.0,16970.0,15670.0,18880
3026,0.0,10050.0,16970.0,15650.0,18880
3031,0.0,10050.0,16960.0,15650.0,18880
3036,0.0,10010.0,16960.0,15650.0,18880
3041,0.0,10010.0,16950.0,15630.0,18870
3046,0.0,10010.0,16950.0,15630.0,18870
3051,0.0,9970.0,16950.0,15610.0,18870
3056,0.0,9970.0,16930.0,15610.0,18870
3061,0.0,9930.0,16930.0,15610.0,18870
3066,0.0,9930.0,16920.0,15590.0,18860
3071,0.0,9894.0,16920.0,15590.0,18860
3076,0.0,9890.0,16920.0,15570.0,18860
3081,0.0,9890.0,16910.0,15570.0,18860
3086,0.0,9850.0,16910.0,15570.0,18860
3091,0.0,9850.0,16897.0,15552.0,18857
3096,0.0,9810.0,16897.0,15552.0,18850
3101,0.0,9810.0,16897.0,15552.0,18850
3106,0.0,9810.0,16880.0,15538.0,18850
3111,0.0,9770.0,16880.0,15538.0,18850
3116,0.0,9770.0,16880.0,15520.0,18848
3121,0.0,9730.0,16870.0,15520.0,18840
3126,0.0,9730.0,16870.0,15500.0,18840
3131,0.0,9730.0,16860.0,15500.0,18840
3136,0.0,9688.0,16860.0,15500.0,18840
3141,0.0,9688.0,16860.0,15485.0,18840
3146,0.0,9650.0,16840.0,15485.0,18830
3151,0.0,9650.0,16840.0,15485.0,18830
3156,0.0,9650.0,16830.0,15470.0,18830
3161,0.0,9610.0,16830.0,15470.0,18830
3166,0.0,9610.0,16830.0,15450.0,18830
3171,0.0,9570.0,16820.0,15450.0,18821
3176,0.0,9570.0,16820.0,15430.0,18820
3181,0.0,9570.0,16810.0,15430.0,18820
3186,0.0,9527.0,16810.0,15430.0,18820
3191,0.0,9527.0,16791.0,15410.0,18820
3196,0.0,9480.0,16791.0,15410.0,18817
3201,0.0,9480.0,16791.0,15390.0,18810
3206,0.0,9480.0,16780.0,15390.0,18810
3211,0.0,9446.0,16780.0,15390.0,18810
3216,0.0,9446.0,16780.0,15374.0,18810
3221,0.0,9408.0,16770.0,15374.0,18810
3226,0.0,9408.0,16770.0,15360.0,18800
3231,0.0,9370.0,16755.0,15360.0,18800
3236,0.0,9370.0,16755.0,15360.0,18800
3241,0.0,9370.0,16755.0,15340.0,18800
3246,0.0,9330.0,16740.0,15340.0,18800
3251,0.0,9330.0,16740.0,15321.0,18797
3256,0.0,9290.0,16730.0,15321.0,18790
3261,0.0,9290.0,16730.0,15321.0,18790
3266,0.0,9290.0,16730.0,15310.0,18790
3271,0.0,9240.0,16720.0,15310.0,18790
3276,0.0,9240.0,16720.0,15290.0,18787
3281,0.0,9208.0,16710.0,15290.0,18780
3286,0.0,9208.0,16710.0,15290.0,18780
3291,0.0,9208.0,16710.0,15270.0,18780
3296,0.0,9160.0,16690.0,15270.0,18780
3301,0.0,9160.0,16690.0,15250.0,18780
3306,0.0,9160.0,16685.0,15250.0,18770
3311,0.0,9120.0,16680.0,15250.0,18770
3316,0.0,9120.0,16680.0,15230.0,18770
3321,0.0,9080.0,16670.0,15230.0,18770
3326,0.0,9080.0,16670.0,15216.0,18770
3331,0.0,9080.0,16670.0,15216.0,18763
3336,0.0,9030.0,16651.0,15216.0,18760
3341,0.0,9030.0,16651.0,15200.0,18760
3346,0.0,8996.0,16640.0,15200.0,18760
3351,0.0,8996.0,16640.0,15180.0,18760
3356,0.0,8996.0,16640.0,15180.0,18758
3361,0.0,8953.0,16630.0,15180.0,18750
3366,0.0,8953.0,16630.0,15160.0,18750
3371,0.0,8910.0,16620.0,15160.0,18750
3376,0.0,8910.0,16620.0,15160.0,18750
3381,0.0,8878.0,16620.0,15140.0,18750
3386,0.0,8878.0,16600.0,15140.0,18740
3391,0.0,8878.0,16600.0,15124.0,18740
3396,0.0,8840.0,16590.0,15124.0,18740
3401,0.0,8840.0,16590.0,15124.0,18740
3406,0.0,8800.0,16590.0,15102.0,18740
3411,0.0,8800.0,16580.0,15102.0,18732
3416,0.0,8800.0,16580.0,15090.0,18730
3421,0.0,8750.0,16570.0,15090.0,18730
3426,0.0,8750.0,16570.0,15070.0,18730
3431,0.0,8750.0,16570.0,15070.0,18730
3436,0.0,8710.0,16550.0,15070.0,18729
3441,0.0,8710.0,16550.0,15050.0,18720
3446,0.0,8661.0,16550.0,15050.0,18720
3451,0.0,8661.0,16540.0,15032.0,18720
3456,0.0,8661.0,16540.0,15032.0,18720
3461,0.0,8620.0,16529.0,15032.0,18720
3466,0.0,8620.0,16529.0,15020.0,18710
3471,0.0,8580.0,16529.0,15020.0,18710
3476,0.0,8580.0,16510.0,15000.0,18710
3481,0.0,8580.0,16510.0,15000.0,18710
3486,0.0,8540.0,16500.0,15000.0,18710
3491,0.0,8540.0,16500.0,14980.0,18702
3496,0.0,8540.0,16500.0,14980.0,18700
3501,0.0,8498.0,16490.0,14960.0,18700
3506,0.0,8498.0,16490.0,14960.0,18700
3511,0.0,8458.0,16490.0,14960.0,18700
3516,0.0,8458.0,16470.0,14943.0,18700
3521,0.0,8419.0,16470.0,14943.0,18690
3526,0.0,8418.0,16460.0,14930.0,18690
3531,0.0,8418.0,16460.0,14930.0,18690
3536,0.0,8380.0,16460.0,14930.0,18690
3541,0.0,8380.0,16450.0,14910.0,18690
3546,0.0,8340.0,16450.0,14910.0,18680
3551,0.0,8340.0,16437.0,14890.0,18680
3556,0.0,8340.0,16437.0,14890.0,18680
3561,0.0,8300.0,16437.0,14880.0,18680
3566,0.0,8300.0,16420.0,14880.0,18680
3571,0.0,8250.0,16420.0,14880.0,18671
3576,0.0,8250.0,16410.0,14860.0,18670
3581,0.0,8250.0,16410.0,14860.0,18670
3586,0.0,8210.0,16400.0,14840.0,18670
3591,0.0,8210.0,16400.0,14840.0,18670
3596,0.0,8170.0,16400.0,14840.0,18669
3601,0.0,8170.0,16389.0,14820.0,18660
3606,0.0,8170.0,16389.0,14820.0,18660
3611,0.0,8130.0,16384.0,14801.0,18660
3616,0.0,8130.0,16370.0,14800.0,18660
3621,0.0,8090.0,16370.0,14800.0,18660
3626,0.0,8090.0,16360.0,14790.0,18650
3631,0.0,8090.0,16360.0,14790.0,18650
3636,0.0,8050.0,16360.0,14770.0,18650
3641,0.0,8050.0,16350.0,14770.0,18650
3646,0.0,8010.0,16350.0,14770.0,18650
3651,0.0,8010.0,16334.0,14750.0,18641
3656,0.0,8010.0,16334.0,14750.0,18640
3661,0.0,7970.0,16334.0,14730.0,18640
3666,0.0,7970.0,16320.0,14730.0,18640
3671,0.0,7930.0,16320.0,14730.0,18640
3676,0.0,7930.0,16310.0,14710.0,18637
3681,0.0,7890.0,16310.0,14710.0,18630
3686,0.0,7890.0,16300.0,14710.0,18630
3691,0.0,7890.0,16300.0,14697.0,18630
3696,0.0,7846.0,16300.0,14697.0,18630
3701,0.0,7846.0,16287.0,14680.0,18630
3706,0.0,7846.0,16287.0,14680.0,18620
3711,0.0,7800.0,16271.0,14660.0,18620
3716,0.0,7800.0,16271.0,14660.0,18620
3721,0.0,7760.0,16271.0,14660.0,18620
3726,0.0,7760.0,16260.0,14642.0,18620
3731,0.0,7760.0,16260.0,14642.0,18612
3736,0.0,7720.0,16250.0,14630.0,18610
3741,0.0,7720.0,16250.0,14630.0,18610
3746,0.0,7680.0,16250.0,14630.0,18610
3751,0.0,7680.0,16240.0,14610.0,18610
3756,0.0,7680.0,16240.0,14610.0,18609
3761,0.0,7640.0,16240.0,14590.0,18600
3766,0.0,7640.0,16220.0,14590.0,18600
3771,0.0,7640.0,16220.0,14590.0,18600
3776,0.0,7590.0,16210.0,14570.0,18600
3781,0.0,7590.0,16210.0,14570.0,18600
3786,0.0,7550.0,16200.0,14550.0,18592
3791,0.0,7550.0,16200.0,14550.0,18590
3796,0.0,7550.0,16200.0,14550.0,18590
3801,0.0,7509.0,16183.0,14530.0,18590
3806,0.0,7509.0,16183.0,14530.0,18590
3811,0.0,7470.0,16183.0,14530.0,18585
3816,0.0,7470.0,16170.0,14519.0,18580
3821,0.0,7470.0,16170.0,14519.0,18580
3826,0.0,7420.0,16160.0,14500.0,18580
3831,0.0,7420.0,16160.0,14500.0,18580
3836,0.0,7386.0,16160.0,14500.0,18580
3841,0.0,7386.0,16150.0,14480.0,18570
3846,0.0,7386.0,16150.0,14480.0,18570
3851,0.0,7340.0,16130.0,14480.0,18570
3856,0.0,7340.0,16130.0,14460.0,18570
3861,0.0,7300.0,16130.0,14460.0,18570
3866,0.0,7300.0,16120.0,14440.0,18560
3871,0.0,7300.0,16120.0,14440.0,18560
3876,0.0,7260.0,16110.0,14440.0,18560
3881,0.0,7260.0,16110.0,14420.0,18560
3886,0.0,7220.0,16110.0,14420.0,18560
3891,0.0,7220.0,16095.0,14420.0,18555
3896,0.0,7220.0,16095.0,14400.0,18550
3901,0.0,7180.0,16080.0,14400.0,18550
3906,0.0,7180.0,16080.0,14380.0,18550
3911,0.0,7180.0,16080.0,14380.0,18550
3916,0.0,7130.0,16070.0,14370.0,18550
3921,0.0,7130.0,16070.0,14370.0,18540
3926,0.0,7090.0,16070.0,14370.0,18540
3931,0.0,7090.0,16060.0,14350.0,18540
3936,0.0,7090.0,16060.0,14350.0,18540
3941,0.0,7040.0,16040.0,14330.0,18540
3946,0.0,7040.0,16040.0,14330.0,18530
3951,0.0,7040.0,16030.0,14330.0,18530
3956,0.0,7000.0,16030.0,14310.0,18530
3961,0.0,7000.0,16030.0,14310.0,18530
3966,0.0,6960.0,16020.0,14295.0,18530
3971,0.0,6960.0,16020.0,14295.0,18524
3976,0.0,6960.0,16010.0,14295.0,18520
3981,0.0,6920.0,16010.0,14279.0,18520
3986,0.0,6920.0,16010.0,14279.0,18520
3991,0.0,6870.0,15992.0,14279.0,18520
3996,0.0,6870.0,15992.0,14260.0,18520
4001,0.0,6870.0,15980.0,14260.0,18510
4006,0.0,6830.0,15980.0,14240.0,18510
4011,0.0,6830.0,15980.0,14240.0,18510
4016,0.0,6790.0,15970.0,14220.0,18510
4021,0.0,6790.0,15970.0,14220.0,18510
4026,0.0,6790.0,15959.0,14220.0,18500
4031,0.0,6744.0,15959.0,14210.0,18500
4036,0.0,6744.0,15959.0,14210.0,18500
4041,0.0,6744.0,15940.0,14190.0,18500
4046,0.0,6700.0,15940.0,14190.0,18500
4051,0.0,6700.0,15930.0,14190.0,18494
4056,0.0,6660.0,15930.0,14170.0,18490
4061,0.0,6660.0,15930.0,14170.0,18490
4066,0.0,6620.0,15920.0,14150.0,18490
4071,0.0,6620.0,15920.0,14150.0,18490
4076,0.0,6620.0,15910.0,14150.0,18489
4081,0.0,6580.0,15910.0,14132.0,18480
4086,0.0,6580.0,15910.0,14132.0,18480
4091,0.0,6540.0,15890.0,14120.0,18480
4096,0.0,6540.0,15890.0,14120.0,18480
4101,0.0,6540.0,15880.0,14120.0,18480
4106,0.0,6500.0,15880.0,14100.0,18470
4111,0.0,6500.0,15870.0,14100.0,18470
4116,0.0,6465.0,15870.0,14080.0,18470
4121,0.0,6465.0,15870.0,14080.0,18470
4126,0.0,6465.0,15860.0,14064.0,18470
4131,0.0,6420.0,15860.0,14062.0,18464
4136,0.0,6420.0,15845.0,14062.0,18460
4141,0.0,6380.0,15845.0,14043.0,18460
4146,0.0,6380.0,15830.0,14043.0,18460
4151,0.0,6380.0,15830.0,14043.0,18460
4156,0.0,6340.0,15830.0,14030.0,18459
4161,0.0,6340.0,15820.0,14030.0,18450
4166,0.0,6299.0,15820.0,14010.0,18450
4171,0.0,6299.0,15810.0,14010.0,18450
4176,0.0,6299.0,15810.0,14010.0,18450
4181,0.0,6253.0,15810.0,13990.0,18450
4186,0.0,6253.0,15800.0,13990.0,18440
4191,0.0,6210.0,15800.0,13970.0,18440
4196,0.0,6210.0,15780.0,13970.0,18440
4201,0.0,6210.0,15780.0,13970.0,18440
4206,0.0,6170.0,15780.0,13950.0,18440
4211,0.0,6170.0,15770.0,13950.0,18435
4216,0.0,6130.0,15770.0,13934.0,18430
4221,0.0,6130.0,15760.0,13934.0,18430
4226,0.0,6130.0,15760.0,13934.0,18430
4231,0.0,6090.0,15760.0,13920.0,18430
4236,0.0,6090.0,15747.0,13920.0,18430
4241,0.0,6050.0,15747.0,13900.0,18420
4246,0.0,6050.0,15747.0,13900.0,18420
4251,0.0,6050.0,15730.0,13880.0,18420
4256,0.0,6010.0,15730.0,13880.0,18420
4261,0.0,6010.0,15720.0,13880.0,18420
4266,0.0,5967.0,15720.0,13861.0,18410
4271,0.0,5965.0,15720.0,13861.0,18410
4276,0.0,5965.0,15705.0,13850.0,18410
4281,0.0,5929.0,15705.0,13850.0,18410
4286,0.0,5929.0,15705.0,13850.0,18410
4291,0.0,5890.0,15690.0,13830.0,18404
4296,0.0,5890.0,15690.0,13830.0,18400
4301,0.0,5890.0,15680.0,13830.0,18400
4306,0.0,5849.0,15680.0,13810.0,18400
4311,0.0,5849.0,15680.0,13810.0,18400
4316,0.0,5806.0,15661.0,13790.0,18400
4321,0.0,5806.0,15661.0,13790.0,18390
4326,0.0,5806.0,15661.0,13780.0,18390
4331,0.0,5760.0,15650.0,13780.0,18390
4336,0.0,5760.0,15650.0,13780.0,18390
4341,0.0,5720.0,15640.0,13758.0,18390
4346,0.0,5720.0,15640.0,13758.0,18380
4351,0.0,5720.0,15640.0,13758.0,18380
4356,0.0,5680.0,15630.0,13740.0,18380
4361,0.0,5680.0,15630.0,13740.0,18380
4366,0.0,5640.0,15610.0,13720.0,18380
4371,0.0,5640.0,15610.0,13720.0,18373
4376,0.0,5640.0,15610.0,13720.0,18370
4381,0.0,5590.0,15600.0,13700.0,18370
4386,0.0,5590.0,15600.0,13700.0,18370
4391,0.0,5550.0,15590.0,13680.0,18370
4396,0.0,5550.0,15590.0,13680.0,18366
4401,0.0,5550.0,15590.0,13680.0,18360
4406,0.0,5510.0,15571.0,13660.0,18360
4411,0.0,5510.0,15571.0,13660.0,18360
4416,0.0,5470.0,15571.0,13660.0,18360
4421,0.0,5470.0,15560.0,13640.0,18360
4426,0.0,5470.0,15560.0,13640.0,18350
4431,0.0,5430.0,15550.0,13630.0,18350
4436,0.0,5430.0,15550.0,13630.0,18350
4441,0.0,5390.0,15550.0,13610.0,18350
4446,0.0,5390.0,15540.0,13610.0,18350
4451,0.0,5390.0,15540.0,13610.0,18343
4456,0.0,5350.0,15526.0,13590.0,18340
4461,0.0,5350.0,15526.0,13590.0,18340
4466,0.0,5302.0,15510.0,13578.0,18340
4471,0.0,5302.0,15510.0,13578.0,18340
4476,0.0,5302.0,15510.0,13578.0,18337
4481,0.0,5270.0,15500.0,13560.0,18330
4486,0.0,5270.0,15500.0,13560.0,18330
4491,0.0,5228.0,15490.0,13540.0,18330
4496,0.0,5228.0,15490.0,13540.0,18330
4501,0.0,5228.0,15490.0,13540.0,18330
4506,0.0,5180.0,15477.0,13520.0,18321
4511,0.0,5180.0,15477.0,13520.0,18320
4516,0.0,5144.0,15461.0,13500.0,18320
4521,0.0,5144.0,15461.0,13500.0,18320
4526,0.0,5144.0,15450.0,13500.0,18320
4531,0.0,5100.0,15450.0,13480.0,18316
4536,0.0,5100.0,15450.0,13480.0,18310
4541,0.0,5060.0,15440.0,13470.0,18310
4546,0.0,5060.0,15440.0,13470.0,18310
4551,0.0,5060.0,15430.0,13470.0,18310
4556,0.0,5020.0,15430.0,13450.0,18310
4561,0.0,5020.0,15430.0,13450.0,18300
4566,0.0,4980.0,15419.0,13450.0,18300
4571,0.0,4980.0,15419.0,13430.0,18300
4576,0.0,4980.0,15401.0,13430.0,18300
4581,0.0,4940.0,15401.0,13410.0,18300
4586,0.0,4940.0,15401.0,13410.0,18290
4591,0.0,4900.0,15390.0,13410.0,18290
4596,0.0,4900.0,15390.0,13390.0,18290
4601,0.0,4900.0,15380.0,13390.0,18290
4606,0.0,4850.0,15380.0,13375.0,18290
4611,0.0,4850.0,15380.0,13375.0,18283
4616,0.0,4817.0,15365.0,13375.0,18280
4621,0.0,4817.0,15365.0,13360.0,18280
4626,0.0,4817.0,15350.0,13360.0,18280
4631,0.0,4770.0,15350.0,13340.0,18280
4636,0.0,4770.0,15350.0,13340.0,18280
4641,0.0,4770.0,15340.0,13340.0,18270
4646,0.0,4730.0,15340.0,13320.0,18270
4651,0.0,4730.0,15330.0,13320.0,18270
4656,0.0,4690.0,15330.0,13300.0,18270
4661,0.0,4690.0,15330.0,13300.0,18270
4666,0.0,4683.0,15310.0,13300.0,18262
4671,0.0,4650.0,15310.0,13283.0,18260
4676,0.0,4650.0,15310.0,13283.0,18260
4681,0.0,4606.0,15300.0,13270.0,18260
4686,0.0,4606.0,15300.0,13270.0,18260
4691,0.0,4606.0,15290.0,13270.0,18256
4696,0.0,4561.0,15290.0,13250.0,18250
4701,0.0,4561.0,15280.0,13250.0,18250
4706,0.0,4520.0,15280.0,13230.0,18250
4711,0.0,4520.0,15280.0,13230.0,18250
4716,0.0,4520.0,15262.0,13230.0,18250
4721,0.0,4480.0,15262.0,13210.0,18240
4726,0.0,4480.0,15262.0,13210.0,18240
4731,0.0,4440.0,15250.0,13196.0,18240
4736,0.0,4440.0,15250.0,13196.0,18240
4741,0.0,4440.0,15240.0,13196.0,18240
4746,0.0,4400.0,15240.0,13180.0,18234
4751,0.0,4400.0,15240.0,13180.0,18230
4756,0.0,4360.0,15225.0,13160.0,18230
4761,0.0,4360.0,15225.0,13160.0,18230
4766,0.0,4360.0,15225.0,13160.0,18230
4771,0.0,4320.0,15210.0,13140.0,18227
4776,0.0,4320.0,15210.0,13140.0,18220
4781,0.0,4320.0,15200.0,13120.0,18220
4786,0.0,4270.0,15200.0,13120.0,18220
4791,0.0,4270.0,15190.0,13120.0,18220
4796,0.0,4230.0,15190.0,13105.0,18220
4801,0.0,4230.0,15190.0,13105.0,18210
4806,0.0,4230.0,15178.0,13105.0,18210
4811,0.0,4190.0,15178.0,13084.0,18210
4816,0.0,4190.0,15160.0,13084.0,18210
4821,0.0,4150.0,15160.0,13070.0,18210
4826,0.0,4150.0,15160.0,13070.0,18204
4831,0.0,4150.0,15150.0,13050.0,18200
4836,0.0,4106.0,15150.0,13050.0,18200
4841,0.0,4106.0,15140.0,13050.0,18200
4846,0.0,4068.0,15140.0,13030.0,18200
4851,0.0,4068.0,15140.0,13030.0,18200
4856,0.0,4030.0,15130.0,13013.0,18190
4861,0.0,4030.0,15130.0,13013.0,18190
4866,0.0,4030.0,15110.0,13013.0,18190
4871,0.0,3990.0,15110.0,12994.0,18190
4876,0.0,3990.0,15110.0,12994.0,18190
4881,0.0,3947.0,15100.0,12980.0,18181
4886,0.0,3947.0,15100.0,12980.0,18180
4891,0.0,3947.0,15090.0,12980.0,18180
4896,0.0,3900.0,15090.0,12960.0,18180
4901,0.0,3900.0,15090.0,12960.0,18180
4906,0.0,3860.0,15080.0,12940.0,18176
4911,0.0,3860.0,15080.0,12940.0,18170
4916,0.0,3860.0,15060.0,12940.0,18170
4921,0.0,3820.0,15060.0,12925.0,18170
4926,0.0,3820.0,15060.0,12925.0,18170
4931,0.0,3820.0,15050.0,12910.0,18170
4936,0.0,3772.0,15050.0,12910.0,18160
4941,0.0,3772.0,15040.0,12890.0,18160
4946,0.0,3730.0,15040.0,12890.0,18160
4951,0.0,3730.0,15040.0,12890.0,18160
4956,0.0,3730.0,15029.0,12870.0,18160
4961,0.0,3690.0,15029.0,12870.0,18151
4966,0.0,3690.0,15010.0,12870.0,18150
4971,0.0,3650.0,15010.0,12852.0,18150
4976,0.0,3650.0,15009.0,12852.0,18150
4981,0.0,3650.0,15000.0,12840.0,18150
4986,0.0,3610.0,15000.0,12840.0,18149
4991,0.0,3610.0,14990.0,12820.0,18140
4996,0.0,3570.0,14990.0,12820.0,18140
5001,0.0,3570.0,14990.0,12820.0,18140
5006,0.0,3570.0,14970.0,12800.0,18140
5011,0.0,3530.0,14970.0,12800.0,18140
5016,0.0,3530.0,14960.0,12800.0,18131
5021,0.0,3490.0,14960.0,12780.0,18130
5026,0.0,3490.0,14960.0,12780.0,18130
5031,0.0,3450.0,14950.0,12764.0,18130
5036,0.0,3450.0,14950.0,12764.0,18130
5041,0.0,3450.0,14950.0,12761.0,18128
5046,0.0,3410.0,14932.0,12750.0,18120
5051,0.0,3410.0,14932.0,12750.0,18120
5056,0.0,3410.0,14920.0,12730.0,18120
5061,0.0,3370.0,14920.0,12730.0,18120
5066,0.0,3370.0,14920.0,12710.0,18120
5071,0.0,3320.0,14910.0,12710.0,18111
5076,0.0,3320.0,14910.0,12710.0,18110
5081,0.0,3320.0,14900.0,12690.0,18110
5086,0.0,3280.0,14900.0,12690.0,18110
5091,0.0,3280.0,14900.0,12680.0,18110
5096,0.0,3240.0,14880.0,12680.0,18106
5101,0.0,3240.0,14880.0,12680.0,18100
5106,0.0,3240.0,14870.0,12660.0,18100
5111,0.0,3200.0,14870.0,12660.0,18100
5116,0.0,3200.0,14870.0,12640.0,18100
5121,0.0,3160.0,14860.0,12640.0,18100
5126,0.0,3160.0,14860.0,12640.0,18090
5131,0.0,3132.0,14850.0,12620.0,18090
5136,0.0,3120.0,14850.0,12620.0,18090
5141,0.0,3120.0,14850.0,12620.0,18090
5146,0.0,3080.0,14830.0,12600.0,18090
5151,0.0,3080.0,14830.0,12600.0,18081
5156,0.0,3080.0,14820.0,12580.0,18080
5161,0.0,3033.0,14820.0,12580.0,18080
5166,0.0,3033.0,14820.0,12580.0,18080
5171,0.0,2990.0,14810.0,12565.0,18080
5176,0.0,2990.0,14810.0,12565.0,18079
5181,0.0,2990.0,14800.0,12554.0,18070
5186,0.0,2950.0,14800.0,12550.0,18070
5191,0.0,2950.0,14782.0,12550.0,18070
5196,0.0,2910.0,14782.0,12530.0,18070
5201,0.0,2910.0,14782.0,12530.0,18070
5206,0.0,2910.0,14770.0,12530.0,18060
5211,0.0,2870.0,14770.0,12510.0,18060
5216,0.0,2870.0,14760.0,12510.0,18060
5221,0.0,2830.0,14760.0,12490.0,18060
5226,0.0,2830.0,14750.0,12490.0,18060
5231,0.0,2830.0,14750.0,12490.0,18053
5236,0.0,2790.0,14750.0,12470.0,18050
5241,0.0,2790.0,14739.0,12470.0,18050
5246,0.0,2750.0,14739.0,12450.0,18050
5251,0.0,2750.0,14739.0,12450.0,18050
5256,0.0,2750.0,14720.0,12450.0,18050
5261,0.0,2709.0,14720.0,12439.0,18040
5266,0.0,2709.0,14710.0,12439.0,18040
5271,0.0,2670.0,14710.0,12420.0,18040
5276,0.0,2670.0,14700.0,12420.0,18040
5281,0.0,2630.0,14700.0,12420.0,18040
5286,0.0,2630.0,14700.0,12400.0,18032
5291,0.0,2630.0,14690.0,12400.0,18030
5296,0.0,2590.0,14690.0,12380.0,18030
5301,0.0,2590.0,14670.0,12380.0,18030
5306,0.0,2550.0,14670.0,12380.0,18030
5311,0.0,2550.0,14670.0,12367.0,18030
5316,0.0,2510.0,14660.0,12367.0,18020
5321,0.0,2510.0,14660.0,12350.0,18020
5326,0.0,2510.0,14650.0,12350.0,18020
5331,0.0,2470.0,14650.0,12350.0,18020
5336,0.0,2470.0,14650.0,12330.0,18020
5341,0.0,2430.0,14640.0,12330.0,18010
5346,0.0,2430.0,14640.0,12310.0,18010
5351,0.0,2430.0,14640.0,12310.0,18010
5356,0.0,2390.0,14620.0,12310.0,18010
5361,0.0,2390.0,14620.0,12290.0,18010
5366,0.0,2350.0,14610.0,12290.0,18002
5371,0.0,2350.0,14610.0,12290.0,18000
5376,0.0,2310.0,14600.0,12270.0,18000
5381,0.0,2310.0,14600.0,12270.0,18000
5386,0.0,2310.0,14600.0,12251.0,18000
5391,0.0,2270.0,14590.0,12251.0,17996
5396,0.0,2270.0,14590.0,12251.0,17990
5401,0.0,2230.0,14590.0,12237.0,17990
5406,0.0,2230.0,14570.0,12237.0,17990
5411,0.0,2230.0,14570.0,12220.0,17990
5416,0.0,2187.0,14560.0,12220.0,17990
5421,0.0,2187.0,14560.0,12220.0,17980
5426,0.0,2187.0,14560.0,12200.0,17980
5431,0.0,2140.0,14550.0,12200.0,17980
5436,0.0,2140.0,14550.0,12180.0,17980
5441,0.0,2100.0,14533.0,12180.0,17980
5446,0.0,2100.0,14533.0,12180.0,17971
5451,0.0,2100.0,14533.0,12160.0,17970
5456,0.0,2060.0,14520.0,12160.0,17970
5461,0.0,2060.0,14520.0,12140.0,17970
5466,0.0,2020.0,14510.0,12140.0,17970
5471,0.0,2020.0,14510.0,12140.0,17969
5476,0.0,1985.0,14500.0,12129.0,17960
5481,0.0,1985.0,14500.0,12129.0,17960
5486,0.0,1985.0,14500.0,12110.0,17960
5491,0.0,1950.0,14485.0,12110.0,17960
5496,0.0,1950.0,14485.0,12102.0,17960
5501,0.0,1910.0,14485.0,12090.0,17950
5506,0.0,1910.0,14470.0,12090.0,17950
5511,0.0,1881.0,14470.0,12070.0,17950
5516,0.0,1870.0,14460.0,12070.0,17950
5521,0.0,1870.0,14460.0,12060.0,17950
5526,0.0,1830.0,14460.0,12060.0,17940
5531,0.0,1830.0,14450.0,12060.0,17940
5536,0.0,1790.0,14450.0,12040.0,17940
5541,0.0,1790.0,14432.0,12040.0,17940
5546,0.0,1790.0,14432.0,12020.0,17940
5551,0.0,1750.0,14432.0,12020.0,17934
5556,0.0,1750.0,14420.0,12020.0,17930
5561,0.0,1710.0,14420.0,12000.0,17930
5566,0.0,1710.0,14410.0,12000.0,17930
5571,0.0,1710.0,14410.0,11995.0,17930
5576,0.0,1670.0,14400.0,11980.0,17930
5581,0.0,1670.0,14400.0,11980.0,17920
5586,0.0,1630.0,14400.0,11964.0,17920
5591,0.0,1630.0,14388.0,11964.0,17920
5596,0.0,1630.0,14388.0,11964.0,17920
5601,0.0,1582.0,14370.0,11949.0,17920
5606,0.0,1582.0,14370.0,11949.0,17913
5611,0.0,1541.0,14370.0,11930.0,17910
5616,0.0,1541.0,14360.0,11930.0,17910
5621,0.0,1541.0,14360.0,11930.0,17910
5626,0.0,1500.0,14350.0,11910.0,17910
5631,0.0,1500.0,14350.0,11910.0,17908
5636,0.0,1460.0,14350.0,11890.0,17900
5641,0.0,1460.0,14331.0,11890.0,17900
5646,0.0,1460.0,14331.0,11890.0,17900
5651,0.0,1410.0,14320.0,11870.0,17900
5656,0.0,1410.0,14320.0,11870.0,17900
5661,0.0,1410.0,14320.0,11860.0,17890
5666,0.0,1370.0,14310.0,11860.0,17890
5671,0.0,1370.0,14310.0,11840.0,17890
5676,0.0,1323.0,14300.0,11840.0,17890
5681,0.0,1323.0,14300.0,11840.0,17890
5686,0.0,1323.0,14300.0,11824.0,17880
5691,0.0,1284.0,14284.0,11824.0,17880
5696,0.0,1284.0,14284.0,11810.0,17880
5701,0.0,1249.0,14270.0,11810.0,17880
5706,0.0,1249.0,14270.0,11790.0,17880
5711,0.0,1249.0,14270.0,11790.0,17873
5716,0.0,1200.0,14260.0,11790.0,17870
5721,0.0,1200.0,14260.0,11770.0,17870
5726,0.0,1160.0,14246.0,11770.0,17870
5731,0.0,1160.0,14246.0,11770.0,17870
5736,0.0,1160.0,14246.0,11750.0,17869
5741,0.0,1121.0,14230.0,11750.0,17860
5746,0.0,1121.0,14230.0,11732.0,17860
5751,0.0,1080.0,14220.0,11732.0,17860
5756,0.0,1080.0,14220.0,11732.0,17860
5761,0.0,1080.0,14220.0,11719.0,17860
5766,0.0,1040.0,14210.0,11719.0,17850
5771,0.0,1040.0,14210.0,11700.0,17850
5776,0.0,1032.0,14191.0,11700.0,17850
5781,0.0,1000.0,14191.0,11700.0,17850
5786,0.0,1000.0,14191.0,11680.0,17850
5791,0.0,951.0,14180.0,11680.0,17844
5796,0.0,951.0,14180.0,11660.0,17840
5801,0.0,951.0,14170.0,11660.0,17840
5806,0.0,910.0,14170.0,11660.0,17840
5811,0.0,910.0,14170.0,11640.0,17840
5816,0.0,870.0,14160.0,11640.0,17838
5821,0.0,870.0,14160.0,11625.0,17830
5826,0.0,870.0,14140.0,11625.0,17830
5831,0.0,830.0,14140.0,11625.0,17830
5836,0.0,830.0,14140.0,11610.0,17830
5841,0.0,790.0,14130.0,11610.0,17830
5846,0.0,790.0,14130.0,11590.0,17820
5851,0.0,790.0,14130.0,11590.0,17820
5856,0.0,750.0,14120.0,11573.0,17820
5861,0.0,750.0,14120.0,11573.0,17820
5866,0.0,706.0,14110.0,11573.0,17820
5871,0.0,706.0,14110.0,11558.0,17812
5876,0.0,663.0,14090.0,11558.0,17810
5881,0.0,661.0,14090.0,11540.0,17810
5886,0.0,661.0,14090.0,11540.0,17810
5891,0.0,620.0,14080.0,11540.0,17810
5896,0.0,620.0,14080.0,11520.0,17810
5901,0.0,580.0,14070.0,11520.0,17800
5906,0.0,580.0,14070.0,11500.0,17800
5911,0.0,580.0,14070.0,11500.0,17800
5916,0.0,538.0,14058.0,11500.0,17800
5921,0.0,538.0,14058.0,11485.0,17800
5926,0.0,538.0,14058.0,11485.0,17790
5931,0.0,490.0,14040.0,11470.0,17790
5936,0.0,490.0,14040.0,11470.0,17790
5941,0.0,450.0,14030.0,11470.0,17790
5946,0.0,450.0,14030.0,11450.0,17790
5951,0.0,450.0,14030.0,11450.0,17782
5956,0.0,410.0,14020.0,11430.0,17780
5961,0.0,410.0,14020.0,11430.0,17780
5966,0.0,370.0,14003.0,11414.0,17780
5971,0.0,370.0,14003.0,11413.0,17780
5976,0.0,370.0,13990.0,11413.0,17780
5981,0.0,330.0,13990.0,11400.0,17770
5986,0.0,330.0,13990.0,11400.0,17770
5991,0.0,281.0,13980.0,11380.0,17770
5996,0.0,281.0,13980.0,11380.0,17770
6001,0.0,281.0,13970.0,11380.0,17770
6006,0.0,240.0,13970.0,11360.0,17760
6011,0.0,240.0,13970.0,11360.0,17760
6016,0.0,204.0,13960.0,11345.0,17760
6021,0.0,204.0,13960.0,11340.0,17760
6026,0.0,204.0,13940.0,11340.0,17760
6031,0.0,160.0,13940.0,11326.0,17751
6036,0.0,160.0,13940.0,11326.0,17750
6041,0.0,120.0,13930.0,11310.0,17750
6046,0.0,120.0,13930.0,11310.0,17750
6051,0.0,120.0,13920.0,11310.0,17750
6056,0.0,80.0,13920.0,11290.0,17749
6061,0.0,80.0,13920.0,11290.0,17740
6066,0.0,40.0,13910.0,11270.0,17740
6071,0.0,40.0,13910.0,11270.0,17740
6076,0.0,40.0,13896.0,11270.0,17740
6081,0.0,0.0,13896.0,11253.0,17740
6086,0.0,0.0,13880.0,11253.0,17730
6091,0.0,0.0,13880.0,11240.0,17730
6096,0.0,0.0,13880.0,11240.0,17730
6101,0.0,0.0,13870.0,11220.0,17730
6106,0.0,0.0,13870.0,11220.0,17730
6111,0.0,0.0,13860.0,11220.0,17721
6116,0.0,0.0,13860.0,11200.0,17720
6121,0.0,0.0,13860.0,11200.0,17720
6126,0.0,0.0,13850.0,11200.0,17720
6131,0.0,0.0,13850.0,11180.0,17720
6136,0.0,0.0,13830.0,11180.0,17716
6141,0.0,0.0,13830.0,11166.0,17710
6146,0.0,0.0,13830.0,11166.0,17710
6151,0.0,0.0,13820.0,11166.0,17710
6156,0.0,0.0,13820.0,11150.0,17710
6161,0.0,0.0,13810.0,11150.0,17705
6166,0.0,0.0,13810.0,11130.0,17700
6171,0.0,0.0,13810.0,11130.0,17700
6176,0.0,0.0,13794.0,11130.0,17700
6181,0.0,0.0,13794.0,11110.0,17700
6186,0.0,0.0,13780.0,11110.0,17700
6191,0.0,0.0,13780.0,11091.0,17690
6196,0.0,0.0,13770.0,11091.0,17690
6201,0.0,0.0,13770.0,11084.0,17690
6206,0.0,0.0,13770.0,11080.0,17690
6211,0.0,0.0,13760.0,11080.0,17690
6216,0.0,0.0,13760.0,11060.0,17683
6221,0.0,0.0,13760.0,11060.0,17680
6226,0.0,0.0,13748.0,11040.0,17680
6231,0.0,0.0,13748.0,11040.0,17680
6236,0.0,0.0,13730.0,11040.0,17680
6241,0.0,0.0,13730.0,11020.0,17680
6246,0.0,0.0,13730.0,11020.0,17670
6251,0.0,0.0,13720.0,11020.0,17670
6256,0.0,0.0,13720.0,11006.0,17670
6261,0.0,0.0,13710.0,11006.0,17670
6266,0.0,0.0,13710.0,10987.0,17670
6271,0.0,0.0,13710.0,10987.0,17660
6276,0.0,0.0,13690.0,10987.0,17660
6281,0.0,0.0,13690.0,10970.0,17660
6286,0.0,0.0,13690.0,10970.0,17660
6291,0.0,0.0,13680.0,10950.0,17660
6296,0.0,0.0,13680.0,10950.0,17656
6301,0.0,0.0,13670.0,10930.0,17650
6306,0.0,0.0,13670.0,10930.0,17650
6311,0.0,0.0,13659.0,10930.0,17650
6316,0.0,0.0,13659.0,10910.0,17650
6321,0.0,0.0,13659.0,10910.0,17650
6326,0.0,0.0,13640.0,10910.0,17640
6331,0.0,0.0,13640.0,10894.0,17640
6336,0.0,0.0,13640.0,10894.0,17640
6341,0.0,0.0,13630.0,10880.0,17640
6346,0.0,0.0,13630.0,10880.0,17640
6351,0.0,0.0,13620.0,10860.0,17632
6356,0.0,0.0,13620.0,10860.0,17630
6361,0.0,0.0,13610.0,10860.0,17630
6366,0.0,0.0,13610.0,10840.0,17630
6371,0.0,0.0,13610.0,10840.0,17630
6376,0.0,0.0,13590.0,10827.0,17626
6381,0.0,0.0,13590.0,10827.0,17620
6386,0.0,0.0,13580.0,10827.0,17620
6391,0.0,0.0,13580.0,10810.0,17620
6396,0.0,0.0,13580.0,10810.0,17620
6401,0.0,0.0,13570.0,10790.0,17620
6406,0.0,0.0,13570.0,10790.0,17611
6411,0.0,0.0,13570.0,10773.0,17610
6416,0.0,0.0,13550.0,10772.0,17610
6421,0.0,0.0,13550.0,10772.0,17610
6426,0.0,0.0,13540.0,10760.0,17610
6431,0.0,0.0,13540.0,10760.0,17607
6436,0.0,0.0,13540.0,10759.0,17600
6441,0.0,0.0,13530.0,10740.0,17600
6446,0.0,0.0,13530.0,10740.0,17600
6451,0.0,0.0,13520.0,10720.0,17600
6456,0.0,0.0,13520.0,10720.0,17600
6461,0.0,0.0,13505.0,10700.0,17590
6466,0.0,0.0,13505.0,10700.0,17590
6471,0.0,0.0,13505.0,10700.0,17590
6476,0.0,0.0,13490.0,10683.0,17590
6481,0.0,0.0,13490.0,10683.0,17590
6486,0.0,0.0,13480.0,10661.0,17582
6491,0.0,0.0,13480.0,10661.0,17580
6496,0.0,0.0,13480.0,10661.0,17580
6501,0.0,0.0,13470.0,10650.0,17580
6506,0.0,0.0,13470.0,10650.0,17580
6511,0.0,0.0,13450.0,10630.0,17577
6516,0.0,0.0,13450.0,10630.0,17570
6521,0.0,0.0,13450.0,10630.0,17570
6526,0.0,0.0,13440.0,10610.0,17570
6531,0.0,0.0,13440.0,10610.0,17570
6536,0.0,0.0,13430.0,10592.0,17570
6541,0.0,0.0,13430.0,10592.0,17560
6546,0.0,0.0,13430.0,10592.0,17560
6551,0.0,0.0,13420.0,10577.0,17560
6556,0.0,0.0,13420.0,10577.0,17560
6561,0.0,0.0,13400.0,10577.0,17560
6566,0.0,0.0,13400.0,10560.0,17550
6571,0.0,0.0,13400.0,10560.0,17550
6576,0.0,0.0,13390.0,10540.0,17550
6581,0.0,0.0,13390.0,10540.0,17550
6586,0.0,0.0,13380.0,10520.0,17550
6591,0.0,0.0,13380.0,10520.0,17544
6596,0.0,0.0,13380.0,10520.0,17540
6601,0.0,0.0,13362.0,10503.0,17540
6606,0.0,0.0,13362.0,10503.0,17540
6611,0.0,0.0,13350.0,10489.0,17540
6616,0.0,0.0,13350.0,10489.0,17540
6621,0.0,0.0,13350.0,10489.0,17530
6626,0.0,0.0,13340.0,10470.0,17530
6631,0.0,0.0,13340.0,10470.0,17530
6636,0.0,0.0,13330.0,10450.0,17530
6641,0.0,0.0,13330.0,10450.0,17530
6646,0.0,0.0,13330.0,10450.0,17520
6651,0.0,0.0,13310.0,10430.0,17520
6656,0.0,0.0,13310.0,10430.0,17520
6661,0.0,0.0,13310.0,10415.0,17520
6666,0.0,0.0,13300.0,10415.0,17520
6671,0.0,0.0,13300.0,10415.0,17513
6676,0.0,0.0,13290.0,10399.0,17510
6681,0.0,0.0,13290.0,10399.0,17510
6686,0.0,0.0,13290.0,10380.0,17510
6691,0.0,0.0,13280.0,10380.0,17510
6696,0.0,0.0,13280.0,10380.0,17507
6701,0.0,0.0,13262.0,10360.0,17500
6706,0.0,0.0,13262.0,10360.0,17500
6711,0.0,0.0,13262.0,10340.0,17500
6716,0.0,0.0,13250.0,10340.0,17500
6721,0.0,0.0,13250.0,10327.0,17500
6726,0.0,0.0,13240.0,10327.0,17490
6731,0.0,0.0,13240.0,10327.0,17490
6736,0.0,0.0,13240.0,10310.0,17490
6741,0.0,0.0,13230.0,10310.0,17490
6746,0.0,0.0,13230.0,10290.0,17490
6751,0.0,0.0,13211.0,10290.0,17480
6756,0.0,0.0,13211.0,10290.0,17480
6761,0.0,0.0,13211.0,10270.0,17480
6766,0.0,0.0,13200.0,10270.0,17480
6771,0.0,0.0,13200.0,10250.0,17480
6776,0.0,0.0,13190.0,10250.0,17474
6781,0.0,0.0,13190.0,10250.0,17470
6786,0.0,0.0,13180.0,10235.0,17470
6791,0.0,0.0,13180.0,10235.0,17470
6796,0.0,0.0,13180.0,10235.0,17470
6801,0.0,0.0,13169.0,10216.0,17470
6806,0.0,0.0,13169.0,10216.0,17460
6811,0.0,0.0,13150.0,10200.0,17460
6816,0.0,0.0,13150.0,10200.0,17460
6821,0.0,0.0,13150.0,10200.0,17460
6826,0.0,0.0,13140.0,10180.0,17460
6831,0.0,0.0,13140.0,10180.0,17452
6836,0.0,0.0,13130.0,10160.0,17450
6841,0.0,0.0,13130.0,10160.0,17450
6846,0.0,0.0,13130.0,10160.0,17450
6851,0.0,0.0,13119.0,10140.0,17450
6856,0.0,0.0,13119.0,10140.0,17448
6861,0.0,0.0,13100.0,10128.0,17440
6866,0.0,0.0,13100.0,10128.0,17440
6871,0.0,0.0,13100.0,10110.0,17440
6876,0.0,0.0,13090.0,10110.0,17440
6881,0.0,0.0,13090.0,10110.0,17440
6886,0.0,0.0,13080.0,10090.0,17430
6891,0.0,0.0,13080.0,10090.0,17430
6896,0.0,0.0,13080.0,10082.0,17430
6901,0.0,0.0,13069.0,10070.0,17430
6906,0.0,0.0,13069.0,10070.0,17430
6911,0.0,0.0,13050.0,10059.0,17421
6916,0.0,0.0,13050.0,10059.0,17420
6921,0.0,0.0,13050.0,10040.0,17420
6926,0.0,0.0,13040.0,10040.0,17420
6931,0.0,0.0,13040.0,10020.0,17420
6936,0.0,0.0,13030.0,10020.0,17417
6941,0.0,0.0,13030.0,10020.0,17410
6946,0.0,0.0,13030.0,10000.0,17410
6951,0.0,0.0,13010.0,10000.0,17410
6956,0.0,0.0,13010.0,10000.0,17410
6961,0.0,0.0,13000.0,9986.0,17410
6966,0.0,0.0,13000.0,9986.0,17400
6971,0.0,0.0,13000.0,9970.0,17400
6976,0.0,0.0,12990.0,9970.0,17400
6981,0.0,0.0,12990.0,9970.0,17400
6986,0.0,0.0,12980.0,9950.0,17400
6991,0.0,0.0,12980.0,9950.0,17393
6996,0.0,0.0,12967.0,9930.0,17390
7001,0.0,0.0,12963.0,9930.0,17390
7006,0.0,0.0,12963.0,9930.0,17390
7011,0.0,0.0,12950.0,9910.0,17390
7016,0.0,0.0,12950.0,9910.0,17388
7021,0.0,0.0,12940.0,9896.0,17380
7026,0.0,0.0,12940.0,9896.0,17380
7031,0.0,0.0,12940.0,9880.0,17380
7036,0.0,0.0,12930.0,9880.0,17380
7041,0.0,0.0,12930.0,9880.0,17380
7046,0.0,0.0,12918.0,9860.0,17371
7051,0.0,0.0,12918.0,9860.0,17370
7056,0.0,0.0,12918.0,9840.0,17370
7061,0.0,0.0,12900.0,9840.0,17370
7066,0.0,0.0,12900.0,9830.0,17370
7071,0.0,0.0,12890.0,9830.0,17367
7076,0.0,0.0,12890.0,9830.0,17360
7081,0.0,0.0,12880.0,9810.0,17360
7086,0.0,0.0,12880.0,9810.0,17360
7091,0.0,0.0,12880.0,9790.0,17360
7096,0.0,0.0,12870.0,9790.0,17360
7101,0.0,0.0,12870.0,9790.0,17350
7106,0.0,0.0,12850.0,9770.0,17350
7111,0.0,0.0,12850.0,9770.0,17350
7116,0.0,0.0,12850.0,9750.0,17350
7121,0.0,0.0,12840.0,9750.0,17350
7126,0.0,0.0,12840.0,9750.0,17340
7131,0.0,0.0,12840.0,9740.0,17340
7136,0.0,0.0,12830.0,9740.0,17340
7141,0.0,0.0,12830.0,9720.0,17340
7146,0.0,0.0,12813.0,9720.0,17340
7151,0.0,0.0,12813.0,9720.0,17333
7156,0.0,0.0,12813.0,9700.0,17330
7161,0.0,0.0,12800.0,9700.0,17330
7166,0.0,0.0,12800.0,9680.0,17330
7171,0.0,0.0,12790.0,9680.0,17330
7176,0.0,0.0,12790.0,9680.0,17330
7181,0.0,0.0,12790.0,9660.0,17320
7186,0.0,0.0,12780.0,9660.0,17320
7191,0.0,0.0,12780.0,9660.0,17320
7196,0.0,0.0,12766.0,9640.0,17320
7201,0.0,0.0,12766.0,9640.0,17320
7206,0.0,0.0,12761.0,9623.0,17312
7211,0.0,0.0,12750.0,9623.0,17310
7216,0.0,0.0,12750.0,9623.0,17310
7221,0.0,0.0,12740.0,9610.0,17310
7226,0.0,0.0,12740.0,9610.0,17310
7231,0.0,0.0,12730.0,9590.0,17308
7236,0.0,0.0,12730.0,9590.0,17300
7241,0.0,0.0,12730.0,9590.0,17300
7246,0.0,0.0,12720.0,9570.0,17300
7251,0.0,0.0,12720.0,9570.0,17300
7256,0.0,0.0,12720.0,9550.0,17300
7261,0.0,0.0,12700.0,9550.0,17290
7266,0.0,0.0,12700.0,9550.0,17290
7271,0.0,0.0,12690.0,9536.0,17290
7276,0.0,0.0,12690.0,9536.0,17290
7281,0.0,0.0,12690.0,9520.0,17290
7286,0.0,0.0,12680.0,9520.0,17284
7291,0.0,0.0,12680.0,9520.0,17280
7296,0.0,0.0,12660.0,9500.0,17280
7301,0.0,0.0,12660.0,9500.0,17280
7306,0.0,0.0,12660.0,9480.0,17280
7311,0.0,0.0,12650.0,9480.0,17277
7316,0.0,0.0,12650.0,9480.0,17270
7321,0.0,0.0,12640.0,9460.0,17270
7326,0.0,0.0,12640.0,9460.0,17270
7331,0.0,0.0,12640.0,9440.0,17270
7336,0.0,0.0,12625.0,9440.0,17270
7341,0.0,0.0,12625.0,9440.0,17260
7346,0.0,0.0,12610.0,9420.0,17260
7351,0.0,0.0,12610.0,9420.0,17260
7356,0.0,0.0,12610.0,9408.0,17260
7361,0.0,0.0,12600.0,9408.0,17260
7366,0.0,0.0,12600.0,9408.0,17251
7371,0.0,0.0,12590.0,9390.0,17250
7376,0.0,0.0,12590.0,9390.0,17250
7381,0.0,0.0,12590.0,9370.0,17250
7386,0.0,0.0,12572.0,9370.0,17250
7391,0.0,0.0,12572.0,9370.0,17249
7396,0.0,0.0,12560.0,9350.0,17240
7401,0.0,0.0,12560.0,9350.0,17240
7406,0.0,0.0,12560.0,9350.0,17240
7411,0.0,0.0,12550.0,9330.0,17240
7416,0.0,0.0,12550.0,9330.0,17239
7421,0.0,0.0,12540.0,9310.0,17230
7426,0.0,0.0,12540.0,9310.0,17230
7431,0.0,0.0,12540.0,9310.0,17230
7436,0.0,0.0,12521.0,9300.0,17230
7441,0.0,0.0,12521.0,9300.0,17230
7446,0.0,0.0,12510.0,9280.0,17220
7451,0.0,0.0,12510.0,9280.0,17220
7456,0.0,0.0,12510.0,9280.0,17220
7461,0.0,0.0,12500.0,9260.0,17220
7466,0.0,0.0,12500.0,9260.0,17220
7471,0.0,0.0,12490.0,9243.0,17214
7476,0.0,0.0,12490.0,9240.0,17210
7481,0.0,0.0,12490.0,9240.0,17210
7486,0.0,0.0,12470.0,9220.0,17210
7491,0.0,0.0,12470.0,9220.0,17210
7496,0.0,0.0,12460.0,9220.0,17210
7501,0.0,0.0,12460.0,9200.0,17200
7506,0.0,0.0,12460.0,9200.0,17200
7511,0.0,0.0,12450.0,9180.0,17200
7516,0.0,0.0,12450.0,9180.0,17200
7521,0.0,0.0,12440.0,9180.0,17200
7526,0.0,0.0,12440.0,9170.0,17191
7531,0.0,0.0,12440.0,9170.0,17190
7536,0.0,0.0,12420.0,9150.0,17190
7541,0.0,0.0,12420.0,9150.0,17190
7546,0.0,0.0,12420.0,9130.0,17190
7551,0.0,0.0,12410.0,9130.0,17189
7556,0.0,0.0,12410.0,9130.0,17180
7561,0.0,0.0,12400.0,9115.0,17180
7566,0.0,0.0,12400.0,9115.0,17180
7571,0.0,0.0,12400.0,9100.0,17180
7576,0.0,0.0,12384.0,9100.0,17180
7581,0.0,0.0,12384.0,9100.0,17170
7586,0.0,0.0,12370.0,9080.0,17170
7591,0.0,0.0,12370.0,9080.0,17170
7596,0.0,0.0,12370.0,9060.0,17170
7601,0.0,0.0,12360.0,9060.0,17170
7606,0.0,0.0,12360.0,9060.0,17164
7611,0.0,0.0,12350.0,9040.0,17160
7616,0.0,0.0,12350.0,9040.0,17160
7621,0.0,0.0,12340.0,9029.0,17160
7626,0.0,0.0,12340.0,9029.0,17160
7631,0.0,0.0,12340.0,9029.0,17156
7636,0.0,0.0,12320.0,9010.0,17150
7641,0.0,0.0,12320.0,9010.0,17150
7646,0.0,0.0,12320.0,8990.0,17150
7651,0.0,0.0,12310.0,8990.0,17150
7656,0.0,0.0,12310.0,8990.0,17150
7661,0.0,0.0,12300.0,8970.0,17140
7666,0.0,0.0,12300.0,8970.0,17140
7671,0.0,0.0,12300.0,8950.0,17140
7676,0.0,0.0,12280.0,8950.0,17140
7681,0.0,0.0,12280.0,8950.0,17140
7686,0.0,0.0,12270.0,8930.0,17132
7691,0.0,0.0,12270.0,8930.0,17130
7696,0.0,0.0,12270.0,8912.0,17130
7701,0.0,0.0,12260.0,8912.0,17130
7706,0.0,0.0,12260.0,8912.0,17130
7711,0.0,0.0,12250.0,8897.0,17129
7716,0.0,0.0,12250.0,8897.0,17120
7721,0.0,0.0,12250.0,8897.0,17120
7726,0.0,0.0,12231.0,8880.0,17120
7731,0.0,0.0,12231.0,8880.0,17120
7736,0.0,0.0,12220.0,8860.0,17120
7741,0.0,0.0,12220.0,8860.0,17110
7746,0.0,0.0,12220.0,8860.0,17110
7751,0.0,0.0,12210.0,8840.0,17110
7756,0.0,0.0,12210.0,8840.0,17110
7761,0.0,0.0,12194.0,8820.0,17110
7766,0.0,0.0,12194.0,8820.0,17102
7771,0.0,0.0,12194.0,8820.0,17100
7776,0.0,0.0,12180.0,8800.0,17100
7781,0.0,0.0,12180.0,8800.0,17100
7786,0.0,0.0,12170.0,8789.0,17100
7791,0.0,0.0,12170.0,8788.0,17098
7796,0.0,0.0,12170.0,8788.0,17090
7801,0.0,0.0,12160.0,8770.0,17090
7806,0.0,0.0,12160.0,8770.0,17090
7811,0.0,0.0,12145.0,8750.0,17090
7816,0.0,0.0,12145.0,8750.0,17090
7821,0.0,0.0,12145.0,8750.0,17080
7826,0.0,0.0,12130.0,8730.0,17080
7831,0.0,0.0,12130.0,8730.0,17080
7836,0.0,0.0,12120.0,8730.0,17080
7841,0.0,0.0,12120.0,8710.0,17080
7846,0.0,0.0,12120.0,8710.0,17075
7851,0.0,0.0,12110.0,8690.0,17070
7856,0.0,0.0,12110.0,8690.0,17070
7861,0.0,0.0,12110.0,8690.0,17070
7866,0.0,0.0,12090.0,8680.0,17070
7871,0.0,0.0,12090.0,8680.0,17069
7876,0.0,0.0,12080.0,8660.0,17060
7881,0.0,0.0,12080.0,8660.0,17060
7886,0.0,0.0,12080.0,8660.0,17060
7891,0.0,0.0,12070.0,8640.0,17060
7896,0.0,0.0,12070.0,8640.0,17060
7901,0.0,0.0,12050.0,8620.0,17053
7906,0.0,0.0,12050.0,8620.0,17050
7911,0.0,0.0,12050.0,8609.0,17050
7916,0.0,0.0,12040.0,8607.0,17050
7921,0.0,0.0,12040.0,8607.0,17050
7926,0.0,0.0,12030.0,8590.0,17049
7931,0.0,0.0,12030.0,8590.0,17040
7936,0.0,0.0,12030.0,8570.0,17040
7941,0.0,0.0,12014.0,8570.0,17040
7946,0.0,0.0,12014.0,8570.0,17040
7951,0.0,0.0,12000.0,8552.0,17040
7956,0.0,0.0,12000.0,8552.0,17030
7961,0.0,0.0,12000.0,8540.0,17030
7966,0.0,0.0,11990.0,8540.0,17030
7971,0.0,0.0,11990.0,8520.0,17030
7976,0.0,0.0,11980.0,8520.0,17030
7981,0.0,0.0,11980.0,8520.0,17020
7986,0.0,0.0,11980.0,8500.0,17020
7991,0.0,0.0,11970.0,8500.0,17020
7996,0.0,0.0,11970.0,8480.0,17020
8001,0.0,0.0,11952.0,8480.0,17020
8006,0.0,0.0,11952.0,8480.0,17012
8011,0.0,0.0,11940.0,8469.0,17010
8016,0.0,0.0,11940.0,8469.0,17010
8021,0.0,0.0,11940.0,8450.0,17010
8026,0.0,0.0,11930.0,8450.0,17010
8031,0.0,0.0,11930.0,8450.0,17010
8036,0.0,0.0,11920.0,8430.0,17000
8041,0.0,0.0,11920.0,8430.0,17000
8046,0.0,0.0,11920.0,8410.0,17000
8051,0.0,0.0,11910.0,8410.0,17000
8056,0.0,0.0,11910.0,8410.0,17000
8061,0.0,0.0,11890.0,8390.0,16992
8066,0.0,0.0,11890.0,8390.0,16990
8071,0.0,0.0,11890.0,8379.0,16990
8076,0.0,0.0,11880.0,8379.0,16990
8081,0.0,0.0,11880.0,8379.0,16990
8086,0.0,0.0,11870.0,8360.0,16986
8091,0.0,0.0,11870.0,8360.0,16980
8096,0.0,0.0,11870.0,8340.0,16980
8101,0.0,0.0,11860.0,8340.0,16980
8106,0.0,0.0,11860.0,8340.0,16980
8111,0.0,0.0,11840.0,8320.0,16980
8116,0.0,0.0,11840.0,8320.0,16970
8121,0.0,0.0,11840.0,8300.0,16970
8126,0.0,0.0,11830.0,8300.0,16970
8131,0.0,0.0,11830.0,8300.0,16970
8136,0.0,0.0,11820.0,8289.0,16970
8141,0.0,0.0,11820.0,8289.0,16966
8146,0.0,0.0,11820.0,8270.0,16960
8151,0.0,0.0,11810.0,8270.0,16960
8156,0.0,0.0,11810.0,8270.0,16960
8161,0.0,0.0,11794.0,8250.0,16960
8166,0.0,0.0,11794.0,8250.0,16959
8171,0.0,0.0,11794.0,8231.0,16950
8176,0.0,0.0,11780.0,8231.0,16950
8181,0.0,0.0,11780.0,8222.0,16950
8186,0.0,0.0,11770.0,8220.0,16950
8191,0.0,0.0,11770.0,8220.0,16950
8196,0.0,0.0,11770.0,8200.0,16940
8201,0.0,0.0,11760.0,8200.0,16940
8206,0.0,0.0,11760.0,8198.0,16940
8211,0.0,0.0,11741.0,8180.0,16940
8216,0.0,0.0,11741.0,8180.0,16940
8221,0.0,0.0,11741.0,8160.0,16936
8226,0.0,0.0,11730.0,8160.0,16930
8231,0.0,0.0,11730.0,8160.0,16930
8236,0.0,0.0,11720.0,8140.0,16930
8241,0.0,0.0,11720.0,8140.0,16930
8246,0.0,0.0,11720.0,8125.0,16929
8251,0.0,0.0,11707.0,8125.0,16920
8256,0.0,0.0,11707.0,8125.0,16920
8261,0.0,0.0,11690.0,8110.0,16920
8266,0.0,0.0,11690.0,8110.0,16920
8271,0.0,0.0,11690.0,8090.0,16920
8276,0.0,0.0,11680.0,8090.0,16910
8281,0.0,0.0,11680.0,8090.0,16910
8286,0.0,0.0,11670.0,8070.0,16910
8291,0.0,0.0,11670.0,8070.0,16910
8296,0.0,0.0,11660.0,8050.0,16910
8301,0.0,0.0,11660.0,8050.0,16906
8306,0.0,0.0,11660.0,8050.0,16900
8311,0.0,0.0,11640.0,8034.0,16900
8316,0.0,0.0,11640.0,8034.0,16900
8321,0.0,0.0,11630.0,8020.0,16900
8326,0.0,0.0,11630.0,8020.0,16900
8331,0.0,0.0,11630.0,8020.0,16890
8336,0.0,0.0,11620.0,8000.0,16890
8341,0.0,0.0,11620.0,8000.0,16890
8346,0.0,0.0,11610.0,7980.0,16890
8351,0.0,0.0,11610.0,7980.0,16890
8356,0.0,0.0,11598.0,7980.0,16880
8361,0.0,0.0,11598.0,7960.0,16880
8366,0.0,0.0,11598.0,7960.0,16880
8371,0.0,0.0,11580.0,7940.0,16880
8376,0.0,0.0,11580.0,7940.0,16880
8381,0.0,0.0,11570.0,7940.0,16875
8386,0.0,0.0,11570.0,7930.0,16870
8391,0.0,0.0,11570.0,7930.0,16870
8396,0.0,0.0,11560.0,7910.0,16870
8401,0.0,0.0,11560.0,7910.0,16870
8406,0.0,0.0,11550.0,7910.0,16870
8411,0.0,0.0,11549.0,7890.0,16860
8416,0.0,0.0,11549.0,7890.0,16860
8421,0.0,0.0,11530.0,7870.0,16860
8426,0.0,0.0,11530.0,7870.0,16860
8431,0.0,0.0,11520.0,7870.0,16860
8436,0.0,0.0,11520.0,7859.0,16850
8441,0.0,0.0,11520.0,7859.0,16850
8446,0.0,0.0,11510.0,7840.0,16850
8451,0.0,0.0,11510.0,7840.0,16850
8456,0.0,0.0,11510.0,7820.0,16850
8461,0.0,0.0,11490.0,7820.0,16846
8466,0.0,0.0,11490.0,7820.0,16840
8471,0.0,0.0,11480.0,7800.0,16840
8476,0.0,0.0,11480.0,7800.0,16840
8481,0.0,0.0,11470.0,7800.0,16840
8486,0.0,0.0,11470.0,7780.0,16840
8491,0.0,0.0,11470.0,7780.0,16830
8496,0.0,0.0,11460.0,7769.0,16830
8501,0.0,0.0,11460.0,7769.0,16830
8506,0.0,0.0,11447.0,7769.0,16830
8511,0.0,0.0,11447.0,7750.0,16830
8516,0.0,0.0,11447.0,7750.0,16822
8521,0.0,0.0,11430.0,7730.0,16820
8526,0.0,0.0,11430.0,7730.0,16820
8531,0.0,0.0,11420.0,7730.0,16820
8536,0.0,0.0,11420.0,7710.0,16820
8541,0.0,0.0,11420.0,7710.0,16819
8546,0.0,0.0,11410.0,7690.0,16810
8551,0.0,0.0,11410.0,7690.0,16810
8556,0.0,0.0,11393.0,7680.0,16810
8561,0.0,0.0,11393.0,7680.0,16810
8566,0.0,0.0,11393.0,7680.0,16810
8571,0.0,0.0,11380.0,7660.0,16800
8576,0.0,0.0,11380.0,7660.0,16800
8581,0.0,0.0,11370.0,7660.0,16800
8586,0.0,0.0,11370.0,7640.0,16800
8591,0.0,0.0,11370.0,7640.0,16800
8596,0.0,0.0,11360.0,7620.0,16793
8601,0.0,0.0,11360.0,7620.0,16790
8606,0.0,0.0,11340.0,7620.0,16790
8611,0.0,0.0,11340.0,7600.0,16790
8616,0.0,0.0,11340.0,7600.0,16790
8621,0.0,0.0,11330.0,7590.0,16788
8626,0.0,0.0,11330.0,7590.0,16780
8631,0.0,0.0,11320.0,7590.0,16780
8636,0.0,0.0,11320.0,7570.0,16780
8641,0.0,0.0,11320.0,7570.0,16780
8646,0.0,0.0,11307.0,7550.0,16780
8651,0.0,0.0,11307.0,7550.0,16770
8656,0.0,0.0,11290.0,7530.0,16770
8661,0.0,0.0,11290.0,7530.0,16770
8666,0.0,0.0,11290.0,7530.0,16770
8671,0.0,0.0,11280.0,7510.0,16770
8676,0.0,0.0,11280.0,7510.0,16762
8681,0.0,0.0,11280.0,7510.0,16760
8686,0.0,0.0,11269.0,7493.0,16760
8691,0.0,0.0,11269.0,7493.0,16760
8696,0.0,0.0,11252.0,7480.0,16760
8701,0.0,0.0,11252.0,7480.0,16759
8706,0.0,0.0,11248.0,7480.0,16750
8711,0.0,0.0,11240.0,7460.0,16750
8716,0.0,0.0,11240.0,7460.0,16750
8721,0.0,0.0,11230.0,7440.0,16750
8726,0.0,0.0,11230.0,7440.0,16750
8731,0.0,0.0,11230.0,7422.0,16740
8736,0.0,0.0,11220.0,7422.0,16740
8741,0.0,0.0,11220.0,7422.0,16740
8746,0.0,0.0,11200.0,7410.0,16740
8751,0.0,0.0,11200.0,7410.0,16740
8756,0.0,0.0,11190.0,7390.0,16730
8761,0.0,0.0,11190.0,7390.0,16730
8766,0.0,0.0,11190.0,7390.0,16730
8771,0.0,0.0,11180.0,7370.0,16730
8776,0.0,0.0,11180.0,7370.0,16730
8781,0.0,0.0,11170.0,7350.0,16722
8786,0.0,0.0,11170.0,7350.0,16720
8791,0.0,0.0,11170.0,7350.0,16720
8796,0.0,0.0,11150.0,7340.0,16720
8801,0.0,0.0,11150.0,7340.0,16720
8806,0.0,0.0,11150.0,7320.0,16720
8811,0.0,0.0,11140.0,7320.0,16710
8816,0.0,0.0,11140.0,7300.0,16710
8821,0.0,0.0,11130.0,7300.0,16710
8826,0.0,0.0,11130.0,7300.0,16710
8831,0.0,0.0,11130.0,7280.0,16710
8836,0.0,0.0,11117.0,7280.0,16700
8841,0.0,0.0,11117.0,7280.0,16700
8846,0.0,0.0,11100.0,7261.0,16700
8851,0.0,0.0,11100.0,7261.0,16700
8856,0.0,0.0,11090.0,7250.0,16700
8861,0.0,0.0,11090.0,7250.0,16696
8866,0.0,0.0,11090.0,7230.0,16690
8871,0.0,0.0,11080.0,7230.0,16690
8876,0.0,0.0,11080.0,7230.0,16690
8881,0.0,0.0,11070.0,7210.0,16690
8886,0.0,0.0,11070.0,7210.0,16690
8891,0.0,0.0,11070.0,7198.0,16680
8896,0.0,0.0,11051.0,7198.0,16680
8901,0.0,0.0,11051.0,7198.0,16680
8906,0.0,0.0,11040.0,7180.0,16680
8911,0.0,0.0,11040.0,7180.0,16680
8916,0.0,0.0,11040.0,7160.0,16676
8921,0.0,0.0,11030.0,7160.0,16670
8926,0.0,0.0,11030.0,7160.0,16670
8931,0.0,0.0,11020.0,7140.0,16670
8936,0.0,0.0,11020.0,7140.0,16670
8941,0.0,0.0,11010.0,7120.0,16670
8946,0.0,0.0,11007.0,7120.0,16660
8951,0.0,0.0,11007.0,7120.0,16660
8956,0.0,0.0,10990.0,7100.0,16660
8961,0.0,0.0,10990.0,7100.0,16660
8966,0.0,0.0,10990.0,7090.0,16660
8971,0.0,0.0,10980.0,7090.0,16654
8976,0.0,0.0,10980.0,7090.0,16650
8981,0.0,0.0,10970.0,7070.0,16650
8986,0.0,0.0,10970.0,7070.0,16650
8991,0.0,0.0,10970.0,7050.0,16650
8996,0.0,0.0,10950.0,7050.0,16650
9001,0.0,0.0,10950.0,7042.0,16640
9006,0.0,0.0,10940.0,7031.0,16640
9011,0.0,0.0,10940.0,7031.0,16640
9016,0.0,0.0,10940.0,7020.0,16640
9021,0.0,0.0,10930.0,7020.0,16640
9026,0.0,0.0,10930.0,7020.0,16632
9031,0.0,0.0,10919.0,7000.0,16630
9036,0.0,0.0,10919.0,7000.0,16630
9041,0.0,0.0,10919.0,6980.0,16630
9046,0.0,0.0,10900.0,6980.0,16630
9051,0.0,0.0,10900.0,6971.0,16628
9056,0.0,0.0,10898.0,6960.0,16620
9061,0.0,0.0,10890.0,6960.0,16620
9066,0.0,0.0,10890.0,6943.0,16620
9071,0.0,0.0,10880.0,6943.0,16620
9076,0.0,0.0,10880.0,6930.0,16620
9081,0.0,0.0,10866.0,6930.0,16610
9086,0.0,0.0,10866.0,6930.0,16610
9091,0.0,0.0,10866.0,6910.0,16610
9096,0.0,0.0,10850.0,6910.0,16610
9101,0.0,0.0,10850.0,6890.0,16610
9106,0.0,0.0,10850.0,6890.0,16602
9111,0.0,0.0,10840.0,6890.0,16600
9116,0.0,0.0,10840.0,6870.0,16600
9121,0.0,0.0,10830.0,6870.0,16600
9126,0.0,0.0,10830.0,6870.0,16600
9131,0.0,0.0,10818.0,6850.0,16600
9136,0.0,0.0,10818.0,6850.0,16590
9141,0.0,0.0,10818.0,6836.0,16590
9146,0.0,0.0,10800.0,6836.0,16590
9151,0.0,0.0,10800.0,6836.0,16590
9156,0.0,0.0,10790.0,6820.0,16590
9161,0.0,0.0,10790.0,6820.0,16581
9166,0.0,0.0,10787.0,6800.0,16580
9171,0.0,0.0,10780.0,6800.0,16580
9176,0.0,0.0,10780.0,6800.0,16580
9181,0.0,0.0,10770.0,6780.0,16580
9186,0.0,0.0,10770.0,6780.0,16576
9191,0.0,0.0,10767.0,6770.0,16570
9196,0.0,0.0,10760.0,6770.0,16570
9201,0.0,0.0,10760.0,6750.0,16570
9206,0.0,0.0,10740.0,6750.0,16570
9211,0.0,0.0,10740.0,6750.0,16570
9216,0.0,0.0,10740.0,6730.0,16560
9221,0.0,0.0,10730.0,6730.0,16560
9226,0.0,0.0,10730.0,6730.0,16560
9231,0.0,0.0,10720.0,6710.0,16560
9236,0.0,0.0,10720.0,6710.0,16560
9241,0.0,0.0,10720.0,6690.0,16552
9246,0.0,0.0,10707.0,6690.0,16550
9251,0.0,0.0,10707.0,6690.0,16550
9256,0.0,0.0,10690.0,6670.0,16550
9261,0.0,0.0,10690.0,6670.0,16550
9266,0.0,0.0,10680.0,6656.0,16550
9271,0.0,0.0,10680.0,6656.0,16540
9276,0.0,0.0,10680.0,6656.0,16540
9281,0.0,0.0,10670.0,6640.0,16540
9286,0.0,0.0,10670.0,6640.0,16540
9291,0.0,0.0,10660.0,6620.0,16540
9296,0.0,0.0,10660.0,6620.0,16530
9301,0.0,0.0,10660.0,6620.0,16530
9306,0.0,0.0,10640.0,6600.0,16530
9311,0.0,0.0,10640.0,6600.0,16530
9316,0.0,0.0,10630.0,6581.0,16530
9321,0.0,0.0,10630.0,6581.0,16524
9326,0.0,0.0,10620.0,6581.0,16520
9331,0.0,0.0,10620.0,6565.0,16520
9336,0.0,0.0,10620.0,6565.0,16520
9341,0.0,0.0,10610.0,6565.0,16520
9346,0.0,0.0,10610.0,6544.0,16519
9351,0.0,0.0,10591.0,6544.0,16510
9356,0.0,0.0,10591.0,6530.0,16510
9361,0.0,0.0,10591.0,6530.0,16510
9366,0.0,0.0,10580.0,6530.0,16510
9371,0.0,0.0,10580.0,6510.0,16510
9376,0.0,0.0,10570.0,6510.0,16500
9381,0.0,0.0,10570.0,6490.0,16500
9386,0.0,0.0,10570.0,6490.0,16500
9391,0.0,0.0,10560.0,6490.0,16500
9396,0.0,0.0,10560.0,6470.0,16500
9401,0.0,0.0,10550.0,6470.0,16494
9406,0.0,0.0,10550.0,6451.0,16490
9411,0.0,0.0,10535.0,6451.0,16490
9416,0.0,0.0,10535.0,6451.0,16490
9421,0.0,0.0,10535.0,6440.0,16490
9426,0.0,0.0,10520.0,6440.0,16490
9431,0.0,0.0,10520.0,6420.0,16480
9436,0.0,0.0,10520.0,6420.0,16480
9441,0.0,0.0,10510.0,6420.0,16480
9446,0.0,0.0,10510.0,6400.0,16480
9451,0.0,0.0,10498.0,6400.0,16480
9456,0.0,0.0,10498.0,6380.0,16471
9461,0.0,0.0,10489.0,6380.0,16470
9466,0.0,0.0,10480.0,6380.0,16470
9471,0.0,0.0,10480.0,6366.0,16470
9476,0.0,0.0,10470.0,6366.0,16470
9481,0.0,0.0,10470.0,6350.0,16466
9486,0.0,0.0,10460.0,6350.0,16460
9491,0.0,0.0,10460.0,6350.0,16460
9496,0.0,0.0,10460.0,6330.0,16460
9501,0.0,0.0,10450.0,6330.0,16460
9506,0.0,0.0,10450.0,6310.0,16460
9511,0.0,0.0,10430.0,6310.0,16450
9516,0.0,0.0,10430.0,6310.0,16450
9521,0.0,0.0,10430.0,6294.0,16450
9526,0.0,0.0,10420.0,6294.0,16450
9531,0.0,0.0,10420.0,6280.0,16450
9536,0.0,0.0,10410.0,6280.0,16442
9541,0.0,0.0,10410.0,6260.0,16440
9546,0.0,0.0,10410.0,6260.0,16440
9551,0.0,0.0,10400.0,6260.0,16440
9556,0.0,0.0,10400.0,6240.0,16440
9561,0.0,0.0,10380.0,6240.0,16439
9566,0.0,0.0,10380.0,6226.0,16430
9571,0.0,0.0,10379.0,6226.0,16430
9576,0.0,0.0,10370.0,6226.0,16430
9581,0.0,0.0,10370.0,6210.0,16430
9586,0.0,0.0,10360.0,6210.0,16430
9591,0.0,0.0,10360.0,6190.0,16421
9596,0.0,0.0,10350.0,6190.0,16420
9601,0.0,0.0,10350.0,6190.0,16420
9606,0.0,0.0,10350.0,6170.0,16420
9611,0.0,0.0,10338.0,6170.0,16420
9616,0.0,0.0,10338.0,6150.0,16420
9621,0.0,0.0,10320.0,6150.0,16410
9626,0.0,0.0,10320.0,6150.0,16410
9631,0.0,0.0,10320.0,6140.0,16410
9636,0.0,0.0,10310.0,6140.0,16410
9641,0.0,0.0,10310.0,6120.0,16410
9646,0.0,0.0,10300.0,6120.0,16400
9651,0.0,0.0,10300.0,6120.0,16400
9656,0.0,0.0,10300.0,6100.0,16400
9661,0.0,0.0,10280.0,6100.0,16400
9666,0.0,0.0,10280.0,6080.0,16400
9671,0.0,0.0,10270.0,6080.0,16392
9676,0.0,0.0,10270.0,6070.0,16390
9681,0.0,0.0,10270.0,6070.0,16390
9686,0.0,0.0,10260.0,6070.0,16390
9691,0.0,0.0,10260.0,6050.0,16390
9696,0.0,0.0,10250.0,6050.0,16389
9701,0.0,0.0,10250.0,6050.0,16380
9706,0.0,0.0,10250.0,6030.0,16380
9711,0.0,0.0,10233.0,6030.0,16380
9716,0.0,0.0,10233.0,6010.0,16380
9721,0.0,0.0,10220.0,6010.0,16380
9726,0.0,0.0,10220.0,5990.0,16370
9731,0.0,0.0,10220.0,5990.0,16370
9736,0.0,0.0,10210.0,5990.0,16370
9741,0.0,0.0,10210.0,5980.0,16370
9746,0.0,0.0,10200.0,5980.0,16370
9751,0.0,0.0,10200.0,5960.0,16361
9756,0.0,0.0,10184.0,5960.0,16360
9761,0.0,0.0,10184.0,5960.0,16360
9766,0.0,0.0,10184.0,5940.0,16360
9771,0.0,0.0,10170.0,5940.0,16360
9776,0.0,0.0,10170.0,5920.0,16354
9781,0.0,0.0,10160.0,5920.0,16350
9786,0.0,0.0,10160.0,5920.0,16350
9791,0.0,0.0,10150.0,5910.0,16350
9796,0.0,0.0,10150.0,5910.0,16350
9801,0.0,0.0,10150.0,5889.0,16350
9806,0.0,0.0,10138.0,5889.0,16340
9811,0.0,0.0,10138.0,5889.0,16340
9816,0.0,0.0,10120.0,5870.0,16340
9821,0.0,0.0,10120.0,5870.0,16340
9826,0.0,0.0,10120.0,5850.0,16340
9831,0.0,0.0,10110.0,5850.0,16332
9836,0.0,0.0,10110.0,5850.0,16330
9841,0.0,0.0,10100.0,5831.0,16330
9846,0.0,0.0,10100.0,5831.0,16330
9851,0.0,0.0,10090.0,5820.0,16330
9856,0.0,0.0,10090.0,5820.0,16326
9861,0.0,0.0,10090.0,5800.0,16320
9866,0.0,0.0,10076.0,5800.0,16320
9871,0.0,0.0,10076.0,5800.0,16320
9876,0.0,0.0,10076.0,5780.0,16320
9881,0.0,0.0,10060.0,5780.0,16320
9886,0.0,0.0,10060.0,5761.0,16310
9891,0.0,0.0,10050.0,5760.0,16310
9896,0.0,0.0,10050.0,5760.0,16310
9901,0.0,0.0,10040.0,5744.0,16310
9906,0.0,0.0,10040.0,5744.0,16310
9911,0.0,0.0,10040.0,5744.0,16305
9916,0.0,0.0,10029.0,5729.0,16300
9921,0.0,0.0,10029.0,5729.0,16300
9926,0.0,0.0,10010.0,5710.0,16300
9931,0.0,0.0,10010.0,5710.0,16300
9936,0.0,0.0,10010.0,5710.0,16296
9941,0.0,0.0,10000.0,5690.0,16290
9946,0.0,0.0,10000.0,5690.0,16290
9951,0.0,0.0,10000.0,5670.0,16290
9956,0.0,0.0,9989.0,5670.0,16290
9961,0.0,0.0,9989.0,5670.0,16290
9966,0.0,0.0,9970.0,5654.0,16280
9971,0.0,0.0,9970.0,5654.0,16280
9976,0.0,0.0,9970.0,5640.0,16280
9981,0.0,0.0,9960.0,5640.0,16280
9986,0.0,0.0,9960.0,5640.0,16280
9991,0.0,0.0,9950.0,5620.0,16275
9996,0.0,0.0,9950.0,5620.0,16270
10001,0.0,0.0,9950.0,5600.0,16270
10006,0.0,0.0,9930.0,5600.0,16270
10011,0.0,0.0,9930.0,5600.0,16270
10016,0.0,0.0,9920.0,5580.0,16270
10021,0.0,0.0,9920.0,5580.0,16260
10026,0.0,0.0,9920.0,5560.0,16260
10031,0.0,0.0,9910.0,5560.0,16260
10036,0.0,0.0,9910.0,5560.0,16260
10041,0.0,0.0,9897.0,5550.0,16260
10046,0.0,0.0,9897.0,5550.0,16254
10051,0.0,0.0,9897.0,5530.0,16250
10056,0.0,0.0,9880.0,5530.0,16250
10061,0.0,0.0,9880.0,5530.0,16250
10066,0.0,0.0,9870.0,5510.0,16250
10071,0.0,0.0,9870.0,5510.0,16248
10076,0.0,0.0,9870.0,5490.0,16240
10081,0.0,0.0,9857.0,5490.0,16240
10086,0.0,0.0,9857.0,5490.0,16240
10091,0.0,0.0,9857.0,5477.0,16240
10096,0.0,0.0,9840.0,5477.0,16240
10101,0.0,0.0,9840.0,5460.0,16230
10106,0.0,0.0,9830.0,5460.0,16230
10111,0.0,0.0,9830.0,5440.0,16230
10116,0.0,0.0,9830.0,5440.0,16230
10121,0.0,0.0,9820.0,5440.0,16230
10126,0.0,0.0,9820.0,5420.0,16221
10131,0.0,0.0,9800.0,5420.0,16220
10136,0.0,0.0,9800.0,5408.0,16220
10141,0.0,0.0,9793.0,5408.0,16220
10146,0.0,0.0,9790.0,5408.0,16220
10151,0.0,0.0,9790.0,5390.0,16218
10156,0.0,0.0,9780.0,5390.0,16210
10161,0.0,0.0,9780.0,5370.0,16210
10166,0.0,0.0,9770.0,5370.0,16210
10171,0.0,0.0,9770.0,5370.0,16210
10176,0.0,0.0,9770.0,5350.0,16210
10181,0.0,0.0,9750.0,5350.0,16201
10186,0.0,0.0,9750.0,5333.0,16200
10191,0.0,0.0,9740.0,5333.0,16200
10196,0.0,0.0,9740.0,5333.0,16200
10201,0.0,0.0,9740.0,5320.0,16200
10206,0.0,0.0,9730.0,5320.0,16194
10211,0.0,0.0,9730.0,5300.0,16190
10216,0.0,0.0,9720.0,5300.0,16190
10221,0.0,0.0,9720.0,5300.0,16190
10226,0.0,0.0,9720.0,5280.0,16190
10231,0.0,0.0,9701.0,5280.0,16190
10236,0.0,0.0,9701.0,5270.0,16180
10241,0.0,0.0,9690.0,5270.0,16180
10246,0.0,0.0,9690.0,5250.0,16180
10251,0.0,0.0,9690.0,5250.0,16180
10256,0.0,0.0,9680.0,5250.0,16180
10261,0.0,0.0,9680.0,5230.0,16170
10266,0.0,0.0,9670.0,5230.0,16170
10271,0.0,0.0,9670.0,5220.0,16170
10276,0.0,0.0,9670.0,5220.0,16170
10281,0.0,0.0,9656.0,5200.0,16170
10286,0.0,0.0,9656.0,5200.0,16161
10291,0.0,0.0,9640.0,5200.0,16160
10296,0.0,0.0,9640.0,5180.0,16160
10301,0.0,0.0,9640.0,5180.0,16160
10306,0.0,0.0,9630.0,5160.0,16160
10311,0.0,0.0,9630.0,5160.0,16157
10316,0.0,0.0,9620.0,5160.0,16150
10321,0.0,0.0,9620.0,5150.0,16150
10326,0.0,0.0,9620.0,5150.0,16150
10331,0.0,0.0,9600.0,5130.0,16150
10336,0.0,0.0,9600.0,5130.0,16150
10341,0.0,0.0,9590.0,5130.0,16140
10346,0.0,0.0,9590.0,5110.0,16140
10351,0.0,0.0,9590.0,5110.0,16140
10356,0.0,0.0,9580.0,5090.0,16140
10361,0.0,0.0,9580.0,5090.0,16140
10366,0.0,0.0,9569.0,5090.0,16130
10371,0.0,0.0,9569.0,5070.0,16130
10376,0.0,0.0,9569.0,5070.0,16130
10381,0.0,0.0,9550.0,5070.0,16130
10386,0.0,0.0,9550.0,5050.0,16130
10391,0.0,0.0,9540.0,5050.0,16126
10396,0.0,0.0,9540.0,5038.0,16120
10401,0.0,0.0,9530.0,5038.0,16120
10406,0.0,0.0,9530.0,5020.0,16120
10411,0.0,0.0,9530.0,5020.0,16120
10416,0.0,0.0,9520.0,5020.0,16120
10421,0.0,0.0,9520.0,5000.0,16110
10426,0.0,0.0,9500.0,5000.0,16110
10431,0.0,0.0,9500.0,5000.0,16110
10436,0.0,0.0,9500.0,4980.0,16110
10441,0.0,0.0,9490.0,4980.0,16110
10446,0.0,0.0,9490.0,4968.0,16103
10451,0.0,0.0,9490.0,4968.0,16100
10456,0.0,0.0,9480.0,4950.0,16100
10461,0.0,0.0,9480.0,4950.0,16100
10466,0.0,0.0,9460.0,4950.0,16100
10471,0.0,0.0,9460.0,4930.0,16096
10476,0.0,0.0,9460.0,4930.0,16090
10481,0.0,0.0,9450.0,4918.0,16090
10486,0.0,0.0,9450.0,4918.0,16090
10491,0.0,0.0,9440.0,4918.0,16090
10496,0.0,0.0,9440.0,4900.0,16090
10501,0.0,0.0,9440.0,4900.0,16080
10506,0.0,0.0,9420.0,4880.0,16080
10511,0.0,0.0,9420.0,4880.0,16080
10516,0.0,0.0,9420.0,4860.0,16080
10521,0.0,0.0,9410.0,4860.0,16080
10526,0.0,0.0,9410.0,4860.0,16070
10531,0.0,0.0,9400.0,4840.0,16070
10536,0.0,0.0,9400.0,4840.0,16070
10541,0.0,0.0,9400.0,4840.0,16070
10546,0.0,0.0,9386.0,4820.0,16070
10551,0.0,0.0,9386.0,4820.0,16066
10556,0.0,0.0,9370.0,4809.0,16060
10561,0.0,0.0,9370.0,4809.0,16060
10566,0.0,0.0,9370.0,4809.0,16060
10571,0.0,0.0,9360.0,4790.0,16060
10576,0.0,0.0,9360.0,4790.0,16060
10581,0.0,0.0,9349.0,4770.0,16050
10586,0.0,0.0,9349.0,4770.0,16050
10591,0.0,0.0,9349.0,4759.0,16050
10596,0.0,0.0,9330.0,4750.0,16050
10601,0.0,0.0,9330.0,4750.0,16050
10606,0.0,0.0,9330.0,4736.0,16042
10611,0.0,0.0,9320.0,4736.0,16040
10616,0.0,0.0,9320.0,4736.0,16040
10621,0.0,0.0,9306.0,4720.0,16040
10626,0.0,0.0,9306.0,4720.0,16040
10631,0.0,0.0,9297.0,4700.0,16040
10636,0.0,0.0,9290.0,4700.0,16030
10641,0.0,0.0,9290.0,4700.0,16030
10646,0.0,0.0,9280.0,4680.0,16030
10651,0.0,0.0,9280.0,4680.0,16030
10656,0.0,0.0,9280.0,4660.0,16030
10661,0.0,0.0,9270.0,4660.0,16020
10666,0.0,0.0,9270.0,4650.0,16020
10671,0.0,0.0,9250.0,4650.0,16020
10676,0.0,0.0,9250.0,4650.0,16020
10681,0.0,0.0,9250.0,4630.0,16020
10686,0.0,0.0,9240.0,4630.0,16011
10691,0.0,0.0,9240.0,4630.0,16010
10696,0.0,0.0,9240.0,4610.0,16010
10701,0.0,0.0,9230.0,4610.0,16010
10706,0.0,0.0,9230.0,4590.0,16010
10711,0.0,0.0,9219.0,4590.0,16008
10716,0.0,0.0,9219.0,4575.0,16000
10721,0.0,0.0,9219.0,4575.0,16000
10726,0.0,0.0,9200.0,4575.0,16000
10731,0.0,0.0,9200.0,4560.0,16000
10736,0.0,0.0,9190.0,4560.0,16000
10741,0.0,0.0,9190.0,4540.0,15990
10746,0.0,0.0,9190.0,4540.0,15990
10751,0.0,0.0,9175.0,4540.0,15990
10756,0.0,0.0,9175.0,4520.0,15990
10761,0.0,0.0,9160.0,4520.0,15990
10766,0.0,0.0,9160.0,4520.0,15983
10771,0.0,0.0,9160.0,4500.0,15980
10776,0.0,0.0,9150.0,4500.0,15980
10781,0.0,0.0,9150.0,4480.0,15980
10786,0.0,0.0,9140.0,4480.0,15980
10791,0.0,0.0,9140.0,4480.0,15978
10796,0.0,0.0,9140.0,4460.0,15970
10801,0.0,0.0,9127.0,4460.0,15970
10806,0.0,0.0,9127.0,4440.0,15970
10811,0.0,0.0,9110.0,4440.0,15970
10816,0.0,0.0,9110.0,4440.0,15970
10821,0.0,0.0,9110.0,4425.0,15960
10826,0.0,0.0,9100.0,4425.0,15960
10831,0.0,0.0,9100.0,4410.0,15960
10836,0.0,0.0,9090.0,4410.0,15960
10841,0.0,0.0,9090.0,4410.0,15960
10846,0.0,0.0,9080.0,4390.0,15952
10851,0.0,0.0,9080.0,4390.0,15950
10856,0.0,0.0,9080.0,4370.0,15950
10861,0.0,0.0,9060.0,4370.0,15950
10866,0.0,0.0,9060.0,4370.0,15950
10871,0.0,0.0,9050.0,4350.0,15946
10876,0.0,0.0,9050.0,4350.0,15940
10881,0.0,0.0,9050.0,4350.0,15940
10886,0.0,0.0,9040.0,4330.0,15940
10891,0.0,0.0,9040.0,4330.0,15940
10896,0.0,0.0,9028.0,4310.0,15940
10901,0.0,0.0,9028.0,4310.0,15930
10906,0.0,0.0,9028.0,4310.0,15930
10911,0.0,0.0,9010.0,4294.0,15930
10916,0.0,0.0,9010.0,4294.0,15930
10921,0.0,0.0,9010.0,4280.0,15930
10926,0.0,0.0,9000.0,4280.0,15923
10931,0.0,0.0,9000.0,4280.0,15920
10936,0.0,0.0,8985.0,4260.0,15920
10941,0.0,0.0,8985.0,4260.0,15920
10946,0.0,0.0,8985.0,4259.0,15920
10951,0.0,0.0,8970.0,4240.0,15919
10956,0.0,0.0,8970.0,4240.0,15910
10961,0.0,0.0,8960.0,4220.0,15910
10966,0.0,0.0,8960.0,4220.0,15910
10971,0.0,0.0,8950.0,4220.0,15910
10976,0.0,0.0,8950.0,4200.0,15910
10981,0.0,0.0,8950.0,4200.0,15900
10986,0.0,0.0,8940.0,4182.0,15900
10991,0.0,0.0,8940.0,4182.0,15900
10996,0.0,0.0,8920.0,4182.0,15900
11001,0.0,0.0,8920.0,4170.0,15900
11006,0.0,0.0,8920.0,4170.0,15893
11011,0.0,0.0,8910.0,4150.0,15890
11016,0.0,0.0,8910.0,4150.0,15890
11021,0.0,0.0,8900.0,4130.0,15890
11026,0.0,0.0,8900.0,4130.0,15890
11031,0.0,0.0,8900.0,4130.0,15889
11036,0.0,0.0,8889.0,4110.0,15880
11041,0.0,0.0,8889.0,4110.0,15880
11046,0.0,0.0,8872.0,4100.0,15880
11051,0.0,0.0,8872.0,4100.0,15880
11056,0.0,0.0,8860.0,4100.0,15880
11061,0.0,0.0,8860.0,4080.0,15870
11066,0.0,0.0,8860.0,4080.0,15870
11071,0.0,0.0,8850.0,4060.0,15870
11076,0.0,0.0,8850.0,4060.0,15870
11081,0.0,0.0,8850.0,4060.0,15870
11086,0.0,0.0,8840.0,4040.0,15863
11091,0.0,0.0,8840.0,4040.0,15860
11096,0.0,0.0,8820.0,4030.0,15860
11101,0.0,0.0,8820.0,4030.0,15860
11106,0.0,0.0,8817.0,4030.0,15860
11111,0.0,0.0,8810.0,4010.0,15860
11116,0.0,0.0,8810.0,4010.0,15850
11121,0.0,0.0,8800.0,3990.0,15850
11126,0.0,0.0,8800.0,3990.0,15850
11131,0.0,0.0,8790.0,3990.0,15850
11136,0.0,0.0,8790.0,3973.0,15850
11141,0.0,0.0,8790.0,3973.0,15840
11146,0.0,0.0,8771.0,3960.0,15840
11151,0.0,0.0,8771.0,3960.0,15840
11156,0.0,0.0,8771.0,3960.0,15840
11161,0.0,0.0,8760.0,3940.0,15840
11166,0.0,0.0,8760.0,3940.0,15833
11171,0.0,0.0,8750.0,3920.0,15830
11176,0.0,0.0,8750.0,3920.0,15830
11181,0.0,0.0,8750.0,3920.0,15830
11186,0.0,0.0,8737.0,3900.0,15830
11191,0.0,0.0,8737.0,3900.0,15830
11196,0.0,0.0,8720.0,3880.0,15820
11201,0.0,0.0,8720.0,3880.0,15820
11206,0.0,0.0,8720.0,3880.0,15820
11211,0.0,0.0,8710.0,3868.0,15820
11216,0.0,0.0,8710.0,3868.0,15820
11221,0.0,0.0,8700.0,3850.0,15810
11226,0.0,0.0,8700.0,3850.0,15810
11231,0.0,0.0,8700.0,3850.0,15810
11236,0.0,0.0,8680.0,3830.0,15810
11241,0.0,0.0,8680.0,3830.0,15810
11246,0.0,0.0,8670.0,3830.0,15803
11251,0.0,0.0,8670.0,3810.0,15800
11256,0.0,0.0,8670.0,3810.0,15800
11261,0.0,0.0,8660.0,3790.0,15800
11266,0.0,0.0,8660.0,3790.0,15800
11271,0.0,0.0,8660.0,3790.0,15799
11276,0.0,0.0,8646.0,3770.0,15790
11281,0.0,0.0,8646.0,3770.0,15790
11286,0.0,0.0,8630.0,3757.0,15790
11291,0.0,0.0,8630.0,3757.0,15790
11296,0.0,0.0,8630.0,3757.0,15790
11301,0.0,0.0,8620.0,3738.0,15780
11306,0.0,0.0,8620.0,3738.0,15780
11311,0.0,0.0,8610.0,3738.0,15780
11316,0.0,0.0,8610.0,3720.0,15780
11321,0.0,0.0,8610.0,3720.0,15780
11326,0.0,0.0,8597.0,3700.0,15774
11331,0.0,0.0,8597.0,3700.0,15770
11336,0.0,0.0,8580.0,3680.0,15770
11341,0.0,0.0,8580.0,3680.0,15770
11346,0.0,0.0,8580.0,3680.0,15770
11351,0.0,0.0,8570.0,3660.0,15770
11356,0.0,0.0,8570.0,3660.0,15760
11361,0.0,0.0,8560.0,3641.0,15760
11366,0.0,0.0,8560.0,3640.0,15760
11371,0.0,0.0,8560.0,3640.0,15760
11376,0.0,0.0,8540.0,3625.0,15760
11381,0.0,0.0,8540.0,3625.0,15752
11386,0.0,0.0,8530.0,3625.0,15750
11391,0.0,0.0,8530.0,3608.0,15750
11396,0.0,0.0,8530.0,3608.0,15750
11401,0.0,0.0,8520.0,3590.0,15750
11406,0.0,0.0,8520.0,3590.0,15750
11411,0.0,0.0,8520.0,3590.0,15740
11416,0.0,0.0,8502.0,3570.0,15740
11421,0.0,0.0,8502.0,3570.0,15740
11426,0.0,0.0,8490.0,3570.0,15740
11431,0.0,0.0,8490.0,3550.0,15740
11436,0.0,0.0,8490.0,3550.0,15730
11441,0.0,0.0,8480.0,3530.0,15730
11446,0.0,0.0,8480.0,3530.0,15730
11451,0.0,0.0,8463.0,3530.0,15730
11456,0.0,0.0,8463.0,3510.0,15730
11461,0.0,0.0,8463.0,3510.0,15724
11466,0.0,0.0,8450.0,3492.0,15720
11471,0.0,0.0,8450.0,3492.0,15720
11476,0.0,0.0,8440.0,3492.0,15720
11481,0.0,0.0,8440.0,3479.0,15720
11486,0.0,0.0,8440.0,3479.0,15720
11491,0.0,0.0,8430.0,3460.0,15710
11496,0.0,0.0,8430.0,3460.0,15710
11501,0.0,0.0,8417.0,3460.0,15710
11506,0.0,0.0,8417.0,3440.0,15710
11511,0.0,0.0,8417.0,3440.0,15710
11516,0.0,0.0,8400.0,3420.0,15700
11521,0.0,0.0,8400.0,3420.0,15700
11526,0.0,0.0,8390.0,3420.0,15700
11531,0.0,0.0,8390.0,3400.0,15700
11536,0.0,0.0,8390.0,3400.0,15700
11541,0.0,0.0,8380.0,3382.0,15693
11546,0.0,0.0,8380.0,3382.0,15690
11551,0.0,0.0,8362.0,3382.0,15690
11556,0.0,0.0,8362.0,3370.0,15690
11561,0.0,0.0,8362.0,3370.0,15690
11566,0.0,0.0,8350.0,3350.0,15689
11571,0.0,0.0,8350.0,3350.0,15680
11576,0.0,0.0,8340.0,3350.0,15680
11581,0.0,0.0,8340.0,3330.0,15680
11586,0.0,0.0,8340.0,3330.0,15680
11591,0.0,0.0,8330.0,3320.0,15680
11596,0.0,0.0,8330.0,3320.0,15672
11601,0.0,0.0,8314.0,3300.0,15670
11606,0.0,0.0,8313.0,3300.0,15670
11611,0.0,0.0,8313.0,3300.0,15670
11616,0.0,0.0,8300.0,3280.0,15670
11621,0.0,0.0,8300.0,3280.0,15668
11626,0.0,0.0,8290.0,3260.0,15660
11631,0.0,0.0,8290.0,3260.0,15660
11636,0.0,0.0,8290.0,3260.0,15660
11641,0.0,0.0,8280.0,3250.0,15660
11646,0.0,0.0,8280.0,3250.0,15660
11651,0.0,0.0,8270.0,3230.0,15650
11656,0.0,0.0,8270.0,3230.0,15650
11661,0.0,0.0,8263.0,3220.0,15650
11666,0.0,0.0,8250.0,3210.0,15650
11671,0.0,0.0,8250.0,3210.0,15650
11676,0.0,0.0,8240.0,3190.0,15641
11681,0.0,0.0,8240.0,3190.0,15640
11686,0.0,0.0,8240.0,3183.0,15640
11691,0.0,0.0,8230.0,3177.0,15640
11696,0.0,0.0,8230.0,3177.0,15640
11701,0.0,0.0,8211.0,3160.0,15640
11706,0.0,0.0,8211.0,3160.0,15630
11711,0.0,0.0,8211.0,3140.0,15630
11716,0.0,0.0,8200.0,3140.0,15630
11721,0.0,0.0,8200.0,3140.0,15630
11726,0.0,0.0,8192.0,3120.0,15630
11731,0.0,0.0,8190.0,3120.0,15620
11736,0.0,0.0,8190.0,3110.0,15620
11741,0.0,0.0,8180.0,3110.0,15620
11746,0.0,0.0,8180.0,3110.0,15620
11751,0.0,0.0,8162.0,3090.0,15620
11756,0.0,0.0,8162.0,3090.0,15612
11761,0.0,0.0,8162.0,3070.0,15610
11766,0.0,0.0,8150.0,3070.0,15610
11771,0.0,0.0,8150.0,3070.0,15610
11776,0.0,0.0,8140.0,3050.0,15610
11781,0.0,0.0,8140.0,3050.0,15609
11786,0.0,0.0,8140.0,3035.0,15600
11791,0.0,0.0,8130.0,3035.0,15600
11796,0.0,0.0,8130.0,3020.0,15600
11801,0.0,0.0,8117.0,3020.0,15600
11806,0.0,0.0,8117.0,3020.0,15600
11811,0.0,0.0,8117.0,3000.0,15590
11816,0.0,0.0,8100.0,3000.0,15590
11821,0.0,0.0,8100.0,3000.0,15590
11826,0.0,0.0,8090.0,2980.0,15590
11831,0.0,0.0,8090.0,2980.0,15590
11836,0.0,0.0,8090.0,2960.0,15583
11841,0.0,0.0,8074.0,2960.0,15580
11846,0.0,0.0,8074.0,2941.0,15580
11851,0.0,0.0,8060.0,2941.0,15580
11856,0.0,0.0,8060.0,2941.0,15580
11861,0.0,0.0,8060.0,2930.0,15579
11866,0.0,0.0,8050.0,2930.0,15570
11871,0.0,0.0,8050.0,2910.0,15570
11876,0.0,0.0,8050.0,2910.0,15570
11881,0.0,0.0,8038.0,2910.0,15570
11886,0.0,0.0,8038.0,2890.0,15570
11891,0.0,0.0,8020.0,2890.0,15561
11896,0.0,0.0,8020.0,2890.0,15560
11901,0.0,0.0,8010.0,2870.0,15560
11906,0.0,0.0,8010.0,2870.0,15560
11911,0.0,0.0,8010.0,2850.0,15560
11916,0.0,0.0,8000.0,2850.0,15555
11921,0.0,0.0,8000.0,2850.0,15550
11926,0.0,0.0,7990.0,2833.0,15550
11931,0.0,0.0,7990.0,2833.0,15550
11936,0.0,0.0,7990.0,2820.0,15550
11941,0.0,0.0,7974.0,2820.0,15550
11946,0.0,0.0,7974.0,2800.0,15540
11951,0.0,0.0,7960.0,2800.0,15540
11956,0.0,0.0,7960.0,2800.0,15540
11961,0.0,0.0,7960.0,2780.0,15540
11966,0.0,0.0,7950.0,2780.0,15540
11971,0.0,0.0,7950.0,2763.0,15532
11976,0.0,0.0,7940.0,2763.0,15530
11981,0.0,0.0,7940.0,2763.0,15530
11986,0.0,0.0,7940.0,2750.0,15530
11991,0.0,0.0,7922.0,2750.0,15530
11996,0.0,0.0,7922.0,2730.0,15527
12001,0.0,0.0,7910.0,2730.0,15520
12006,0.0,0.0,7910.0,2730.0,15520
12011,0.0,0.0,7910.0,2710.0,15520
12016,0.0,0.0,7900.0,2710.0,15520
12021,0.0,0.0,7900.0,2698.0,15520
12026,0.0,0.0,7890.0,2690.0,15510
12031,0.0,0.0,7890.0,2690.0,15510
12036,0.0,0.0,7889.0,2670.0,15510
12041,0.0,0.0,7878.0,2670.0,15510
12046,0.0,0.0,7878.0,2670.0,15510
12051,0.0,0.0,7860.0,2650.0,15501
12056,0.0,0.0,7860.0,2650.0,15500
12061,0.0,0.0,7850.0,2640.0,15500
12066,0.0,0.0,7850.0,2640.0,15500
12071,0.0,0.0,7850.0,2620.0,15500
12076,0.0,0.0,7840.0,2620.0,15496
12081,0.0,0.0,7840.0,2620.0,15490
12086,0.0,0.0,7826.0,2600.0,15490
12091,0.0,0.0,7826.0,2600.0,15490
12096,0.0,0.0,7826.0,2600.0,15490
12101,0.0,0.0,7810.0,2580.0,15490
12106,0.0,0.0,7810.0,2580.0,15480
12111,0.0,0.0,7800.0,2560.0,15480
12116,0.0,0.0,7800.0,2560.0,15480
12121,0.0,0.0,7800.0,2560.0,15480
12126,0.0,0.0,7790.0,2540.0,15480
12131,0.0,0.0,7790.0,2540.0,15473
12136,0.0,0.0,7780.0,2530.0,15470
12141,0.0,0.0,7780.0,2530.0,15470
12146,0.0,0.0,7780.0,2530.0,15470
12151,0.0,0.0,7761.0,2510.0,15470
12156,0.0,0.0,7761.0,2510.0,15470
12161,0.0,0.0,7750.0,2510.0,15460
12166,0.0,0.0,7750.0,2490.0,15460
12171,0.0,0.0,7750.0,2490.0,15460
12176,0.0,0.0,7740.0,2470.0,15460
12181,0.0,0.0,7740.0,2470.0,15460
12186,0.0,0.0,7730.0,2459.0,15451
12191,0.0,0.0,7730.0,2452.0,15450
12196,0.0,0.0,7730.0,2452.0,15450
12201,0.0,0.0,7710.0,2433.0,15450
12206,0.0,0.0,7710.0,2433.0,15450
12211,0.0,0.0,7700.0,2433.0,15448
12216,0.0,0.0,7700.0,2420.0,15440
12221,0.0,0.0,7700.0,2420.0,15440
12226,0.0,0.0,7690.0,2400.0,15440
12231,0.0,0.0,7690.0,2400.0,15440
12236,0.0,0.0,7677.0,2400.0,15440
12241,0.0,0.0,7677.0,2380.0,15430
12246,0.0,0.0,7677.0,2380.0,15430
12251,0.0,0.0,7660.0,2360.0,15430
12256,0.0,0.0,7660.0,2360.0,15430
12261,0.0,0.0,7650.0,2360.0,15430
12266,0.0,0.0,7650.0,2341.0,15424
12271,0.0,0.0,7650.0,2341.0,15420
12276,0.0,0.0,7640.0,2330.0,15420
12281,0.0,0.0,7640.0,2330.0,15420
12286,0.0,0.0,7630.0,2330.0,15420
12291,0.0,0.0,7630.0,2310.0,15420
12296,0.0,0.0,7617.0,2310.0,15410
12301,0.0,0.0,7614.0,2290.0,15410
12306,0.0,0.0,7614.0,2290.0,15410
12311,0.0,0.0,7600.0,2290.0,15410
12316,0.0,0.0,7600.0,2270.0,15410
12321,0.0,0.0,7600.0,2270.0,15401
12326,0.0,0.0,7590.0,2250.0,15400
12331,0.0,0.0,7590.0,2250.0,15400
12336,0.0,0.0,7579.0,2250.0,15400
12341,0.0,0.0,7579.0,2231.0,15400
12346,0.0,0.0,7579.0,2231.0,15399
12351,0.0,0.0,7560.0,2210.0,15390
12356,0.0,0.0,7560.0,2210.0,15390
12361,0.0,0.0,7550.0,2210.0,15390
12366,0.0,0.0,7550.0,2200.0,15390
12371,0.0,0.0,7550.0,2200.0,15390
12376,0.0,0.0,7540.0,2180.0,15380
12381,0.0,0.0,7540.0,2180.0,15380
12386,0.0,0.0,7529.0,2180.0,15380
12391,0.0,0.0,7529.0,2160.0,15380
12396,0.0,0.0,7529.0,2160.0,15380
12401,0.0,0.0,7510.0,2160.0,15376
12406,0.0,0.0,7510.0,2140.0,15370
12411,0.0,0.0,7500.0,2140.0,15370
12416,0.0,0.0,7500.0,2120.0,15370
12421,0.0,0.0,7500.0,2120.0,15370
12426,0.0,0.0,7490.0,2110.0,15370
12431,0.0,0.0,7490.0,2110.0,15360
12436,0.0,0.0,7470.0,2110.0,15360
12441,0.0,0.0,7470.0,2090.0,15360
12446,0.0,0.0,7470.0,2090.0,15360
12451,0.0,0.0,7460.0,2070.0,15360
12456,0.0,0.0,7460.0,2070.0,15352
12461,0.0,0.0,7450.0,2070.0,15350
12466,0.0,0.0,7450.0,2050.0,15350
12471,0.0,0.0,7450.0,2050.0,15350
12476,0.0,0.0,7440.0,2030.0,15350
12481,0.0,0.0,7440.0,2030.0,15349
12486,0.0,0.0,7420.0,2030.0,15340
12491,0.0,0.0,7420.0,2017.0,15340
12496,0.0,0.0,7420.0,2017.0,15340
12501,0.0,0.0,7410.0,2005.0,15340
12506,0.0,0.0,7410.0,2000.0,15340
12511,0.0,0.0,7400.0,2000.0,15331
12516,0.0,0.0,7400.0,1980.0,15330
12521,0.0,0.0,7400.0,1980.0,15330
12526,0.0,0.0,7387.0,1960.0,15330
12531,0.0,0.0,7387.0,1960.0,15330
12536,0.0,0.0,7370.0,1960.0,15328
12541,0.0,0.0,7370.0,1948.0,15320
12546,0.0,0.0,7370.0,1948.0,15320
12551,0.0,0.0,7360.0,1930.0,15320
12556,0.0,0.0,7360.0,1930.0,15320
12561,0.0,0.0,7350.0,1930.0,15320
12566,0.0,0.0,7350.0,1910.0,15310
12571,0.0,0.0,7350.0,1910.0,15310
12576,0.0,0.0,7330.0,1890.0,15310
12581,0.0,0.0,7330.0,1890.0,15310
12586,0.0,0.0,7330.0,1890.0,15310
12591,0.0,0.0,7320.0,1870.0,15301
12596,0.0,0.0,7320.0,1870.0,15300
12601,0.0,0.0,7310.0,1852.0,15300
12606,0.0,0.0,7310.0,1852.0,15300
12611,0.0,0.0,7310.0,1840.0,15300
12616,0.0,0.0,7290.0,1840.0,15297
12621,0.0,0.0,7290.0,1840.0,15290
12626,0.0,0.0,7280.0,1820.0,15290
12631,0.0,0.0,7280.0,1820.0,15290
12636,0.0,0.0,7280.0,1800.0,15290
12641,0.0,0.0,7270.0,1800.0,15289
12646,0.0,0.0,7270.0,1800.0,15280
12651,0.0,0.0,7256.0,1780.0,15280
12656,0.0,0.0,7256.0,1780.0,15280
12661,0.0,0.0,7256.0,1780.0,15280
12666,0.0,0.0,7240.0,1760.0,15280
12671,0.0,0.0,7240.0,1760.0,15271
12676,0.0,0.0,7230.0,1750.0,15270
12681,0.0,0.0,7230.0,1750.0,15270
12686,0.0,0.0,7230.0,1750.0,15270
12691,0.0,0.0,7220.0,1730.0,15270
12696,0.0,0.0,7220.0,1730.0,15269
12701,0.0,0.0,7220.0,1710.0,15260
12706,0.0,0.0,7200.0,1710.0,15260
12711,0.0,0.0,7200.0,1690.0,15260
12716,0.0,0.0,7190.0,1690.0,15260
12721,0.0,0.0,7190.0,1690.0,15260
12726,0.0,0.0,7190.0,1680.0,15251
12731,0.0,0.0,7180.0,1680.0,15250
12736,0.0,0.0,7180.0,1660.0,15250
12741,0.0,0.0,7170.0,1660.0,15250
12746,0.0,0.0,7170.0,1660.0,15250
12751,0.0,0.0,7170.0,1640.0,15248
12756,0.0,0.0,7150.0,1640.0,15240
12761,0.0,0.0,7150.0,1620.0,15240
12766,0.0,0.0,7140.0,1620.0,15240
12771,0.0,0.0,7140.0,1620.0,15240
12776,0.0,0.0,7140.0,1600.0,15240
12781,0.0,0.0,7130.0,1600.0,15230
12786,0.0,0.0,7130.0,1600.0,15230
12791,0.0,0.0,7120.0,1580.0,15230
12796,0.0,0.0,7120.0,1580.0,15230
12801,0.0,0.0,7120.0,1570.0,15230
12806,0.0,0.0,7100.0,1570.0,15220
12811,0.0,0.0,7100.0,1570.0,15220
12816,0.0,0.0,7090.0,1550.0,15220
12821,0.0,0.0,7090.0,1550.0,15220
12826,0.0,0.0,7090.0,1530.0,15220
12831,0.0,0.0,7080.0,1530.0,15213
12836,0.0,0.0,7080.0,1510.0,15210
12841,0.0,0.0,7070.0,1510.0,15210
12846,0.0,0.0,7070.0,1510.0,15210
12851,0.0,0.0,7058.0,1490.0,15210
12856,0.0,0.0,7055.0,1490.0,15210
12861,0.0,0.0,7055.0,1490.0,15200
12866,0.0,0.0,7040.0,1470.0,15200
12871,0.0,0.0,7040.0,1470.0,15200
12876,0.0,0.0,7040.0,1460.0,15200
12881,0.0,0.0,7030.0,1460.0,15200
12886,0.0,0.0,7030.0,1440.0,15191
12891,0.0,0.0,7020.0,1440.0,15190
12896,0.0,0.0,7020.0,1440.0,15190
12901,0.0,0.0,7013.0,1420.0,15190
12906,0.0,0.0,7005.0,1420.0,15190
12911,0.0,0.0,7005.0,1408.0,15190
12916,0.0,0.0,6990.0,1408.0,15180
12921,0.0,0.0,6990.0,1408.0,15180
12926,0.0,0.0,6990.0,1390.0,15180
12931,0.0,0.0,6980.0,1390.0,15180
12936,0.0,0.0,6980.0,1370.0,15180
12941,0.0,0.0,6970.0,1370.0,15170
12946,0.0,0.0,6970.0,1350.0,15170
12951,0.0,0.0,6970.0,1350.0,15170
12956,0.0,0.0,6950.0,1350.0,15170
12961,0.0,0.0,6950.0,1330.0,15170
12966,0.0,0.0,6940.0,1330.0,15164
12971,0.0,0.0,6940.0,1330.0,15160
12976,0.0,0.0,6940.0,1312.0,15160
12981,0.0,0.0,6930.0,1312.0,15160
12986,0.0,0.0,6930.0,1312.0,15160
12991,0.0,0.0,6915.0,1292.0,15159
12996,0.0,0.0,6915.0,1292.0,15150
13001,0.0,0.0,6915.0,1280.0,15150
13006,0.0,0.0,6900.0,1280.0,15150
13011,0.0,0.0,6900.0,1260.0,15150
13016,0.0,0.0,6900.0,1260.0,15150
13021,0.0,0.0,6890.0,1260.0,15140
13026,0.0,0.0,6890.0,1240.0,15140
13031,0.0,0.0,6880.0,1240.0,15140
13036,0.0,0.0,6880.0,1220.0,15140
13041,0.0,0.0,6867.0,1220.0,15140
13046,0.0,0.0,6867.0,1220.0,15130
13051,0.0,0.0,6867.0,1200.0,15130
13056,0.0,0.0,6850.0,1200.0,15130
13061,0.0,0.0,6850.0,1189.0,15130
13066,0.0,0.0,6840.0,1189.0,15130
13071,0.0,0.0,6840.0,1189.0,15121
13076,0.0,0.0,6840.0,1170.0,15120
13081,0.0,0.0,6830.0,1170.0,15120
13086,0.0,0.0,6830.0,1170.0,15120
13091,0.0,0.0,6813.0,1150.0,15120
13096,0.0,0.0,6813.0,1150.0,15117
13101,0.0,0.0,6813.0,1130.0,15110
13106,0.0,0.0,6800.0,1130.0,15110
13111,0.0,0.0,6800.0,1110.0,15110
13116,0.0,0.0,6790.0,1110.0,15110
13121,0.0,0.0,6790.0,1110.0,15110
13126,0.0,0.0,6790.0,1090.0,15100
13131,0.0,0.0,6780.0,1090.0,15100
13136,0.0,0.0,6780.0,1090.0,15100
13141,0.0,0.0,6760.0,1080.0,15100
13146,0.0,0.0,6760.0,1080.0,15100
13151,0.0,0.0,6760.0,1060.0,15092
13156,0.0,0.0,6750.0,1060.0,15090
13161,0.0,0.0,6750.0,1060.0,15090
13166,0.0,0.0,6740.0,1040.0,15090
13171,0.0,0.0,6740.0,1040.0,15090
13176,0.0,0.0,6740.0,1020.0,15086
13181,0.0,0.0,6730.0,1020.0,15080
13186,0.0,0.0,6730.0,1020.0,15080
13191,0.0,0.0,6710.0,1000.0,15080
13196,0.0,0.0,6710.0,1000.0,15080
13201,0.0,0.0,6710.0,984.0,15080
13206,0.0,0.0,6700.0,984.0,15070
13211,0.0,0.0,6700.0,983.0,15070
13216,0.0,0.0,6690.0,970.0,15070
13221,0.0,0.0,6690.0,970.0,15070
13226,0.0,0.0,6690.0,950.0,15070
13231,0.0,0.0,6680.0,950.0,15064
13236,0.0,0.0,6680.0,950.0,15060
13241,0.0,0.0,6660.0,930.0,15060
13246,0.0,0.0,6660.0,930.0,15060
13251,0.0,0.0,6660.0,910.0,15060
13256,0.0,0.0,6650.0,910.0,15059
13261,0.0,0.0,6650.0,900.0,15050
13266,0.0,0.0,6648.0,900.0,15050
13271,0.0,0.0,6640.0,900.0,15050
13276,0.0,0.0,6640.0,880.0,15050
13281,0.0,0.0,6623.0,880.0,15050
13286,0.0,0.0,6623.0,860.0,15041
13291,0.0,0.0,6623.0,860.0,15040
13296,0.0,0.0,6610.0,860.0,15040
13301,0.0,0.0,6610.0,843.0,15040
13306,0.0,0.0,6600.0,843.0,15040
13311,0.0,0.0,6600.0,827.0,15039
13316,0.0,0.0,6600.0,827.0,15030
13321,0.0,0.0,6590.0,810.0,15030
13326,0.0,0.0,6590.0,810.0,15030
13331,0.0,0.0,6574.0,810.0,15030
13336,0.0,0.0,6574.0,790.0,15030
13341,0.0,0.0,6574.0,790.0,15020
13346,0.0,0.0,6560.0,772.0,15020
13351,0.0,0.0,6560.0,772.0,15020
13356,0.0,0.0,6550.0,772.0,15020
13361,0.0,0.0,6550.0,760.0,15020
13366,0.0,0.0,6540.0,760.0,15014
13371,0.0,0.0,6540.0,740.0,15010
13376,0.0,0.0,6540.0,740.0,15010
13381,0.0,0.0,6521.0,720.0,15010
13386,0.0,0.0,6521.0,720.0,15010
13391,0.0,0.0,6521.0,720.0,15010
13396,0.0,0.0,6510.0,700.0,15000
13401,0.0,0.0,6510.0,700.0,15000
13406,0.0,0.0,6500.0,690.0,15000
13411,0.0,0.0,6500.0,690.0,15000
13416,0.0,0.0,6500.0,690.0,15000
13421,0.0,0.0,6489.0,670.0,14990
13426,0.0,0.0,6489.0,670.0,14990
13431,0.0,0.0,6470.0,650.0,14990
13436,0.0,0.0,6470.0,650.0,14990
13441,0.0,0.0,6470.0,650.0,14990
13446,0.0,0.0,6460.0,630.0,14981
13451,0.0,0.0,6460.0,630.0,14980
13456,0.0,0.0,6450.0,613.0,14980
13461,0.0,0.0,6450.0,613.0,14980
13466,0.0,0.0,6450.0,613.0,14980
13471,0.0,0.0,6440.0,600.0,14977
13476,0.0,0.0,6440.0,600.0,14970
13481,0.0,0.0,6420.0,580.0,14970
13486,0.0,0.0,6420.0,580.0,14970
13491,0.0,0.0,6410.0,580.0,14970
13496,0.0,0.0,6410.0,560.0,14970
13501,0.0,0.0,6410.0,560.0,14960
13506,0.0,0.0,6400.0,540.0,14960
13511,0.0,0.0,6400.0,540.0,14960
13516,0.0,0.0,6390.0,540.0,14960
13521,0.0,0.0,6390.0,520.0,14960
13526,0.0,0.0,6390.0,520.0,14950
13531,0.0,0.0,6379.0,506.0,14950
13536,0.0,0.0,6379.0,503.0,14950
13541,0.0,0.0,6360.0,503.0,14950
13546,0.0,0.0,6360.0,490.0,14950
13551,0.0,0.0,6360.0,490.0,14947
13556,0.0,0.0,6350.0,470.0,14940
13561,0.0,0.0,6350.0,470.0,14940
13566,0.0,0.0,6340.0,470.0,14940
13571,0.0,0.0,6340.0,450.0,14940
13576,0.0,0.0,6330.0,450.0,14940
13581,0.0,0.0,6330.0,430.0,14930
13586,0.0,0.0,6330.0,430.0,14930
13591,0.0,0.0,6310.0,430.0,14930
13596,0.0,0.0,6310.0,410.0,14930
13601,0.0,0.0,6300.0,410.0,14930
13606,0.0,0.0,6300.0,410.0,14920
13611,0.0,0.0,6290.0,390.0,14920
13616,0.0,0.0,6290.0,390.0,14920
13621,0.0,0.0,6290.0,379.0,14920
13626,0.0,0.0,6280.0,379.0,14920
13631,0.0,0.0,6280.0,379.0,14915
13636,0.0,0.0,6270.0,360.0,14910
13641,0.0,0.0,6270.0,360.0,14910
13646,0.0,0.0,6270.0,340.0,14910
13651,0.0,0.0,6253.0,340.0,14910
13656,0.0,0.0,6253.0,340.0,14910
13661,0.0,0.0,6240.0,320.0,14900
13666,0.0,0.0,6240.0,320.0,14900
13671,0.0,0.0,6240.0,300.0,14900
13676,0.0,0.0,6230.0,300.0,14900
13681,0.0,0.0,6230.0,300.0,14900
13686,0.0,0.0,6219.0,285.0,14891
13691,0.0,0.0,6219.0,285.0,14890
13696,0.0,0.0,6219.0,270.0,14890
13701,0.0,0.0,6200.0,270.0,14890
13706,0.0,0.0,6200.0,270.0,14890
13711,0.0,0.0,6190.0,250.0,14888
13716,0.0,0.0,6190.0,250.0,14880
13721,0.0,0.0,6190.0,230.0,14880
13726,0.0,0.0,6180.0,230.0,14880
13731,0.0,0.0,6180.0,230.0,14880
13736,0.0,0.0,6178.0,210.0,14880
13741,0.0,0.0,6161.0,210.0,14870
13746,0.0,0.0,6161.0,190.0,14870
13751,0.0,0.0,6150.0,190.0,14870
13756,0.0,0.0,6150.0,190.0,14870
13761,0.0,0.0,6140.0,180.0,14870
13766,0.0,0.0,6140.0,180.0,14863
13771,0.0,0.0,6140.0,160.0,14860
13776,0.0,0.0,6130.0,160.0,14860
13781,0.0,0.0,6130.0,160.0,14860
13786,0.0,0.0,6118.0,140.0,14860
13791,0.0,0.0,6118.0,140.0,14859
13796,0.0,0.0,6118.0,140.0,14850
13801,0.0,0.0,6100.0,120.0,14850
13806,0.0,0.0,6100.0,120.0,14850
13811,0.0,0.0,6090.0,100.0,14850
13816,0.0,0.0,6090.0,100.0,14850
13821,0.0,0.0,6090.0,92.0,14840
13826,0.0,0.0,6080.0,83.0,14840
13831,0.0,0.0,6080.0,83.0,14840
13836,0.0,0.0,6062.0,66.0,14840
13841,0.0,0.0,6062.0,66.0,14840
13846,0.0,0.0,6062.0,66.0,14831
13851,0.0,0.0,6050.0,50.0,14830
13856,0.0,0.0,6050.0,50.0,14830
13861,0.0,0.0,6040.0,30.0,14830
13866,0.0,0.0,6040.0,30.0,14830
13871,0.0,0.0,6040.0,30.0,14829
13876,0.0,0.0,6030.0,10.0,14820
13881,0.0,0.0,6030.0,10.0,14820
13886,0.0,0.0,6010.0,0.0,14820
13891,0.0,0.0,6010.0,0.0,14820
13896,0.0,0.0,6010.0,0.0,14820
13901,0.0,0.0,6000.0,0.0,14810
13906,0.0,0.0,6000.0,0.0,14810
13911,0.0,0.0,5990.0,0.0,14810
13916,0.0,0.0,5990.0,0.0,14810
13921,0.0,0.0,5990.0,0.0,14810
13926,0.0,0.0,5980.0,0.0,14801
13931,0.0,0.0,5980.0,0.0,14800
13936,0.0,0.0,5960.0,0.0,14800
13941,0.0,0.0,5960.0,0.0,14800
13946,0.0,0.0,5960.0,0.0,14800
13951,0.0,0.0,5950.0,0.0,14798
13956,0.0,0.0,5950.0,0.0,14790
13961,0.0,0.0,5940.0,0.0,14790
13966,0.0,0.0,5940.0,0.0,14790
13971,0.0,0.0,5940.0,0.0,14790
13976,0.0,0.0,5930.0,0.0,14790
13981,0.0,0.0,5930.0,0.0,14780
13986,0.0,0.0,5910.0,0.0,14780
13991,0.0,0.0,5910.0,0.0,14780
13996,0.0,0.0,5910.0,0.0,14780
14001,0.0,0.0,5900.0,0.0,14780
14006,0.0,0.0,5900.0,0.0,14770
14011,0.0,0.0,5890.0,0.0,14770
14016,0.0,0.0,5890.0,0.0,14770
14021,0.0,0.0,5890.0,0.0,14770
14026,0.0,0.0,5880.0,0.0,14770
14031,0.0,0.0,5880.0,0.0,14766
14036,0.0,0.0,5860.0,0.0,14760
14041,0.0,0.0,5860.0,0.0,14760
14046,0.0,0.0,5860.0,0.0,14760
14051,0.0,0.0,5850.0,0.0,14760
14056,0.0,0.0,5850.0,0.0,14760
14061,0.0,0.0,5840.0,0.0,14750
14066,0.0,0.0,5840.0,0.0,14750
14071,0.0,0.0,5830.0,0.0,14750
14076,0.0,0.0,5830.0,0.0,14750
14081,0.0,0.0,5830.0,0.0,14750
14086,0.0,0.0,5810.0,0.0,14741
14091,0.0,0.0,5810.0,0.0,14740
14096,0.0,0.0,5800.0,0.0,14740
14101,0.0,0.0,5800.0,0.0,14740
14106,0.0,0.0,5800.0,0.0,14740
14111,0.0,0.0,5790.0,0.0,14738
14116,0.0,0.0,5790.0,0.0,14730
14121,0.0,0.0,5790.0,0.0,14730
14126,0.0,0.0,5778.0,0.0,14730
14131,0.0,0.0,5778.0,0.0,14730
14136,0.0,0.0,5760.0,0.0,14730
14141,0.0,0.0,5760.0,0.0,14720
14146,0.0,0.0,5760.0,0.0,14720
14151,0.0,0.0,5750.0,0.0,14720
14156,0.0,0.0,5750.0,0.0,14720
14161,0.0,0.0,5740.0,0.0,14720
14166,0.0,0.0,5740.0,0.0,14710
14171,0.0,0.0,5740.0,0.0,14710
14176,0.0,0.0,5729.0,0.0,14710
14181,0.0,0.0,5729.0,0.0,14710
14186,0.0,0.0,5710.0,0.0,14710
14191,0.0,0.0,5710.0,0.0,14703
14196,0.0,0.0,5710.0,0.0,14700
14201,0.0,0.0,5700.0,0.0,14700
14206,0.0,0.0,5700.0,0.0,14700
14211,0.0,0.0,5692.0,0.0,14700
14216,0.0,0.0,5690.0,0.0,14700
14221,0.0,0.0,5690.0,0.0,14690
14226,0.0,0.0,5680.0,0.0,14690
14231,0.0,0.0,5680.0,0.0,14690
14236,0.0,0.0,5660.0,0.0,14690
14241,0.0,0.0,5660.0,0.0,14690
14246,0.0,0.0,5660.0,0.0,14680
14251,0.0,0.0,5650.0,0.0,14680
14256,0.0,0.0,5650.0,0.0,14680
14261,0.0,0.0,5640.0,0.0,14680
14266,0.0,0.0,5640.0,0.0,14680
14271,0.0,0.0,5630.0,0.0,14670
14276,0.0,0.0,5630.0,0.0,14670
14281,0.0,0.0,5630.0,0.0,14670
14286,0.0,0.0,5620.0,0.0,14670
14291,0.0,0.0,5620.0,0.0,14670
14296,0.0,0.0,5607.0,0.0,14665
14301,0.0,0.0,5607.0,0.0,14660
14306,0.0,0.0,5607.0,0.0,14660
14311,0.0,0.0,5590.0,0.0,14660
14316,0.0,0.0,5590.0,0.0,14660
14321,0.0,0.0,5580.0,0.0,14660
14326,0.0,0.0,5580.0,0.0,14650
14331,0.0,0.0,5580.0,0.0,14650
14336,0.0,0.0,5570.0,0.0,14650
14341,0.0,0.0,5570.0,0.0,14650
14346,0.0,0.0,5550.0,0.0,14650
14351,0.0,0.0,5550.0,0.0,14644
14356,0.0,0.0,5550.0,0.0,14640
14361,0.0,0.0,5540.0,0.0,14640
14366,0.0,0.0,5540.0,0.0,14640
14371,0.0,0.0,5530.0,0.0,14640
14376,0.0,0.0,5530.0,0.0,14640
14381,0.0,0.0,5530.0,0.0,14630
14386,0.0,0.0,5518.0,0.0,14630
14391,0.0,0.0,5518.0,0.0,14630
14396,0.0,0.0,5500.0,0.0,14630
14401,0.0,0.0,5500.0,0.0,14630
14406,0.0,0.0,5500.0,0.0,14623
14411,0.0,0.0,5490.0,0.0,14620
14416,0.0,0.0,5490.0,0.0,14620
14421,0.0,0.0,5480.0,0.0,14620
14426,0.0,0.0,5480.0,0.0,14620
14431,0.0,0.0,5480.0,0.0,14618
14436,0.0,0.0,5460.0,0.0,14610
14441,0.0,0.0,5460.0,0.0,14610
14446,0.0,0.0,5460.0,0.0,14610
14451,0.0,0.0,5450.0,0.0,14610
14456,0.0,0.0,5450.0,0.0,14610
14461,0.0,0.0,5440.0,0.0,14600
14466,0.0,0.0,5440.0,0.0,14600
14471,0.0,0.0,5426.0,0.0,14600
14476,0.0,0.0,5426.0,0.0,14600
14481,0.0,0.0,5426.0,0.0,14600
14486,0.0,0.0,5410.0,0.0,14597
14491,0.0,0.0,5410.0,0.0,14590
14496,0.0,0.0,5400.0,0.0,14590
14501,0.0,0.0,5400.0,0.0,14590
14506,0.0,0.0,5400.0,0.0,14590
14511,0.0,0.0,5390.0,0.0,14588
14516,0.0,0.0,5390.0,0.0,14580
14521,0.0,0.0,5380.0,0.0,14580
14526,0.0,0.0,5380.0,0.0,14580
14531,0.0,0.0,5362.0,0.0,14580
14536,0.0,0.0,5362.0,0.0,14580
14541,0.0,0.0,5362.0,0.0,14570
14546,0.0,0.0,5350.0,0.0,14570
14551,0.0,0.0,5350.0,0.0,14570
14556,0.0,0.0,5350.0,0.0,14570
14561,0.0,0.0,5340.0,0.0,14570
14566,0.0,0.0,5340.0,0.0,14565
14571,0.0,0.0,5330.0,0.0,14560
14576,0.0,0.0,5330.0,0.0,14560
14581,0.0,0.0,5330.0,0.0,14560
14586,0.0,0.0,5310.0,0.0,14560
14591,0.0,0.0,5310.0,0.0,14560
14596,0.0,0.0,5300.0,0.0,14550
14601,0.0,0.0,5300.0,0.0,14550
14606,0.0,0.0,5300.0,0.0,14550
14611,0.0,0.0,5290.0,0.0,14550
14616,0.0,0.0,5290.0,0.0,14550
14621,0.0,0.0,5278.0,0.0,14544
14626,0.0,0.0,5278.0,0.0,14540
14631,0.0,0.0,5278.0,0.0,14540
14636,0.0,0.0,5260.0,0.0,14540
14641,0.0,0.0,5260.0,0.0,14540
14646,0.0,0.0,5250.0,0.0,14540
14651,0.0,0.0,5250.0,0.0,14530
14656,0.0,0.0,5240.0,0.0,14530
14661,0.0,0.0,5240.0,0.0,14530
14666,0.0,0.0,5240.0,0.0,14530
14671,0.0,0.0,5230.0,0.0,14530
14676,0.0,0.0,5230.0,0.0,14522
14681,0.0,0.0,5210.0,0.0,14520
14686,0.0,0.0,5210.0,0.0,14520
14691,0.0,0.0,5210.0,0.0,14520
14696,0.0,0.0,5200.0,0.0,14520
14701,0.0,0.0,5200.0,0.0,14517
14706,0.0,0.0,5200.0,0.0,14510
14711,0.0,0.0,5190.0,0.0,14510
14716,0.0,0.0,5190.0,0.0,14510
14721,0.0,0.0,5170.0,0.0,14510
14726,0.0,0.0,5170.0,0.0,14510
14731,0.0,0.0,5170.0,0.0,14500
14736,0.0,0.0,5160.0,0.0,14500
14741,0.0,0.0,5160.0,0.0,14500
14746,0.0,0.0,5150.0,0.0,14500
14751,0.0,0.0,5150.0,0.0,14500
14756,0.0,0.0,5150.0,0.0,14493
14761,0.0,0.0,5139.0,0.0,14490
14766,0.0,0.0,5139.0,0.0,14490
14771,0.0,0.0,5120.0,0.0,14490
14776,0.0,0.0,5120.0,0.0,14490
14781,0.0,0.0,5120.0,0.0,14490
14786,0.0,0.0,5110.0,0.0,14480
14791,0.0,0.0,5110.0,0.0,14480
14796,0.0,0.0,5100.0,0.0,14480
14801,0.0,0.0,5100.0,0.0,14480
14806,0.0,0.0,5100.0,0.0,14480
14811,0.0,0.0,5080.0,0.0,14471
14816,0.0,0.0,5080.0,0.0,14470
14821,0.0,0.0,5070.0,0.0,14470
14826,0.0,0.0,5070.0,0.0,14470
14831,0.0,0.0,5070.0,0.0,14470
14836,0.0,0.0,5060.0,0.0,14465
14841,0.0,0.0,5060.0,0.0,14460
14846,0.0,0.0,5049.0,0.0,14460
14851,0.0,0.0,5046.0,0.0,14460
14856,0.0,0.0,5046.0,0.0,14460
14861,0.0,0.0,5030.0,0.0,14460
14866,0.0,0.0,5030.0,0.0,14450
14871,0.0,0.0,5030.0,0.0,14450
14876,0.0,0.0,5020.0,0.0,14450
14881,0.0,0.0,5020.0,0.0,14450
14886,0.0,0.0,5010.0,0.0,14450
14891,0.0,0.0,5007.0,0.0,14442
14896,0.0,0.0,5007.0,0.0,14440
14901,0.0,0.0,4990.0,0.0,14440
14906,0.0,0.0,4990.0,0.0,14440
14911,0.0,0.0,4980.0,0.0,14440
14916,0.0,0.0,4980.0,0.0,14433
14921,0.0,0.0,4980.0,0.0,14430
14926,0.0,0.0,4970.0,0.0,14430
14931,0.0,0.0,4970.0,0.0,14430
14936,0.0,0.0,4960.0,0.0,14430
14941,0.0,0.0,4960.0,0.0,14430
14946,0.0,0.0,4960.0,0.0,14420
14951,0.0,0.0,4940.0,0.0,14420
14956,0.0,0.0,4940.0,0.0,14420
14961,0.0,0.0,4940.0,0.0,14420
14966,0.0,0.0,4930.0,0.0,14420
14971,0.0,0.0,4930.0,0.0,14412
14976,0.0,0.0,4920.0,0.0,14410
14981,0.0,0.0,4920.0,0.0,14410
14986,0.0,0.0,4920.0,0.0,14410
14991,0.0,0.0,4906.0,0.0,14410
14996,0.0,0.0,4906.0,0.0,14408
15001,0.0,0.0,4890.0,0.0,14400
15006,0.0,0.0,4890.0,0.0,14400
15011,0.0,0.0,4880.0,0.0,14400
15016,0.0,0.0,4880.0,0.0,14400
15021,0.0,0.0,4880.0,0.0,14400
15026,0.0,0.0,4870.0,0.0,14390
15031,0.0,0.0,4870.0,0.0,14390
15036,0.0,0.0,4860.0,0.0,14390
15041,0.0,0.0,4859.0,0.0,14390
15046,0.0,0.0,4859.0,0.0,14390
15051,0.0,0.0,4840.0,0.0,14381
15056,0.0,0.0,4840.0,0.0,14380
15061,0.0,0.0,4830.0,0.0,14380
15066,0.0,0.0,4830.0,0.0,14380
15071,0.0,0.0,4830.0,0.0,14380
15076,0.0,0.0,4820.0,0.0,14378
15081,0.0,0.0,4820.0,0.0,14370
15086,0.0,0.0,4803.0,0.0,14370
15091,0.0,0.0,4803.0,0.0,14370
15096,0.0,0.0,4803.0,0.0,14370
15101,0.0,0.0,4790.0,0.0,14370
15106,0.0,0.0,4790.0,0.0,14360
15111,0.0,0.0,4790.0,0.0,14360
15116,0.0,0.0,4780.0,0.0,14360
15121,0.0,0.0,4780.0,0.0,14360
15126,0.0,0.0,4768.0,0.0,14360
15131,0.0,0.0,4768.0,0.0,14356
15136,0.0,0.0,4768.0,0.0,14350
15141,0.0,0.0,4750.0,0.0,14350
15146,0.0,0.0,4750.0,0.0,14350
15151,0.0,0.0,4750.0,0.0,14350
15156,0.0,0.0,4740.0,0.0,14350
15161,0.0,0.0,4740.0,0.0,14340
15166,0.0,0.0,4726.0,0.0,14340
15171,0.0,0.0,4726.0,0.0,14340
15176,0.0,0.0,4726.0,0.0,14340
15181,0.0,0.0,4710.0,0.0,14340
15186,0.0,0.0,4710.0,0.0,14331
15191,0.0,0.0,4700.0,0.0,14330
15196,0.0,0.0,4700.0,0.0,14330
15201,0.0,0.0,4690.0,0.0,14330
15206,0.0,0.0,4690.0,0.0,14330
15211,0.0,0.0,4690.0,0.0,14324
15216,0.0,0.0,4672.0,0.0,14320
15221,0.0,0.0,4672.0,0.0,14320
15226,0.0,0.0,4660.0,0.0,14320
15231,0.0,0.0,4660.0,0.0,14320
15236,0.0,0.0,4660.0,0.0,14320
15241,0.0,0.0,4650.0,0.0,14310
15246,0.0,0.0,4650.0,0.0,14310
15251,0.0,0.0,4640.0,0.0,14310
15256,0.0,0.0,4640.0,0.0,14310
15261,0.0,0.0,4640.0,0.0,14310
15266,0.0,0.0,4630.0,0.0,14300
15271,0.0,0.0,4630.0,0.0,14300
15276,0.0,0.0,4610.0,0.0,14300
15281,0.0,0.0,4610.0,0.0,14300
15286,0.0,0.0,4610.0,0.0,14300
15291,0.0,0.0,4600.0,0.0,14292
15296,0.0,0.0,4600.0,0.0,14290
15301,0.0,0.0,4590.0,0.0,14290
15306,0.0,0.0,4590.0,0.0,14290
15311,0.0,0.0,4590.0,0.0,14290
15316,0.0,0.0,4572.0,0.0,14290
15321,0.0,0.0,4572.0,0.0,14280
15326,0.0,0.0,4560.0,0.0,14280
15331,0.0,0.0,4560.0,0.0,14280
15336,0.0,0.0,4560.0,0.0,14280
15341,0.0,0.0,4550.0,0.0,14280
15346,0.0,0.0,4550.0,0.0,14270
15351,0.0,0.0,4540.0,0.0,14270
15356,0.0,0.0,4540.0,0.0,14270
15361,0.0,0.0,4529.0,0.0,14270
15366,0.0,0.0,4529.0,0.0,14270
15371,0.0,0.0,4529.0,0.0,14265
15376,0.0,0.0,4510.0,0.0,14260
15381,0.0,0.0,4510.0,0.0,14260
15386,0.0,0.0,4510.0,0.0,14260
15391,0.0,0.0,4500.0,0.0,14260
15396,0.0,0.0,4500.0,0.0,14260
15401,0.0,0.0,4490.0,0.0,14250
15406,0.0,0.0,4490.0,0.0,14250
15411,0.0,0.0,4490.0,0.0,14250
15416,0.0,0.0,4470.0,0.0,14250
15421,0.0,0.0,4470.0,0.0,14250
15426,0.0,0.0,4470.0,0.0,14240
15431,0.0,0.0,4460.0,0.0,14240
15436,0.0,0.0,4460.0,0.0,14240
15441,0.0,0.0,4450.0,0.0,14240
15446,0.0,0.0,4450.0,0.0,14240
15451,0.0,0.0,4450.0,0.0,14230
15456,0.0,0.0,4434.0,0.0,14230
15461,0.0,0.0,4434.0,0.0,14230
15466,0.0,0.0,4420.0,0.0,14230
15471,0.0,0.0,4420.0,0.0,14230
15476,0.0,0.0,4420.0,0.0,14225
15481,0.0,0.0,4410.0,0.0,14220
15486,0.0,0.0,4410.0,0.0,14220
15491,0.0,0.0,4400.0,0.0,14220
15496,0.0,0.0,4400.0,0.0,14220
15501,0.0,0.0,4392.0,0.0,14220
15506,0.0,0.0,4390.0,0.0,14210
15511,0.0,0.0,4390.0,0.0,14210
15516,0.0,0.0,4374.0,0.0,14210
15521,0.0,0.0,4374.0,0.0,14210
15526,0.0,0.0,4360.0,0.0,14210
15531,0.0,0.0,4360.0,0.0,14201
15536,0.0,0.0,4350.0,0.0,14200
15541,0.0,0.0,4350.0,0.0,14200
15546,0.0,0.0,4350.0,0.0,14200
15551,0.0,0.0,4340.0,0.0,14200
15556,0.0,0.0,4340.0,0.0,14197
15561,0.0,0.0,4340.0,0.0,14190
15566,0.0,0.0,4323.0,0.0,14190
15571,0.0,0.0,4323.0,0.0,14190
15576,0.0,0.0,4310.0,0.0,14190
15581,0.0,0.0,4310.0,0.0,14190
15586,0.0,0.0,4310.0,0.0,14181
15591,0.0,0.0,4300.0,0.0,14180
15596,0.0,0.0,4300.0,0.0,14180
15601,0.0,0.0,4290.0,0.0,14180
15606,0.0,0.0,4290.0,0.0,14180
15611,0.0,0.0,4290.0,0.0,14177
15616,0.0,0.0,4279.0,0.0,14170
15621,0.0,0.0,4279.0,0.0,14170
15626,0.0,0.0,4260.0,0.0,14170
15631,0.0,0.0,4260.0,0.0,14170
15636,0.0,0.0,4260.0,0.0,14170
15641,0.0,0.0,4250.0,0.0,14160
15646,0.0,0.0,4250.0,0.0,14160
15651,0.0,0.0,4240.0,0.0,14160
15656,0.0,0.0,4240.0,0.0,14160
15661,0.0,0.0,4240.0,0.0,14160
15666,0.0,0.0,4221.0,0.0,14152
15671,0.0,0.0,4221.0,0.0,14150
15676,0.0,0.0,4210.0,0.0,14150
15681,0.0,0.0,4210.0,0.0,14150
15686,0.0,0.0,4210.0,0.0,14150
15691,0.0,0.0,4200.0,0.0,14150
15696,0.0,0.0,4200.0,0.0,14140
15701,0.0,0.0,4190.0,0.0,14140
15706,0.0,0.0,4190.0,0.0,14140
15711,0.0,0.0,4185.0,0.0,14140
15716,0.0,0.0,4180.0,0.0,14140
15721,0.0,0.0,4180.0,0.0,14130
15726,0.0,0.0,4160.0,0.0,14130
15731,0.0,0.0,4160.0,0.0,14130
15736,0.0,0.0,4160.0,0.0,14130
15741,0.0,0.0,4150.0,0.0,14130
15746,0.0,0.0,4150.0,0.0,14124
15751,0.0,0.0,4140.0,0.0,14120
15756,0.0,0.0,4140.0,0.0,14120
15761,0.0,0.0,4130.0,0.0,14120
15766,0.0,0.0,4130.0,0.0,14120
15771,0.0,0.0,4130.0,0.0,14120
15776,0.0,0.0,4110.0,0.0,14110
15781,0.0,0.0,4110.0,0.0,14110
15786,0.0,0.0,4100.0,0.0,14110
15791,0.0,0.0,4100.0,0.0,14110
15796,0.0,0.0,4100.0,0.0,14110
15801,0.0,0.0,4090.0,0.0,14101
15806,0.0,0.0,4090.0,0.0,14100
15811,0.0,0.0,4080.0,0.0,14100
15816,0.0,0.0,4080.0,0.0,14100
15821,0.0,0.0,4070.0,0.0,14100
15826,0.0,0.0,4070.0,0.0,14096
15831,0.0,0.0,4070.0,0.0,14090
15836,0.0,0.0,4050.0,0.0,14090
15841,0.0,0.0,4050.0,0.0,14090
15846,0.0,0.0,4040.0,0.0,14090
15851,0.0,0.0,4040.0,0.0,14090
15856,0.0,0.0,4040.0,0.0,14080
15861,0.0,0.0,4030.0,0.0,14080
15866,0.0,0.0,4030.0,0.0,14080
15871,0.0,0.0,4020.0,0.0,14080
15876,0.0,0.0,4020.0,0.0,14080
15881,0.0,0.0,4009.0,0.0,14070
15886,0.0,0.0,4009.0,0.0,14070
15891,0.0,0.0,4009.0,0.0,14070
15896,0.0,0.0,3990.0,0.0,14070
15901,0.0,0.0,3990.0,0.0,14070
15906,0.0,0.0,3980.0,0.0,14066
15911,0.0,0.0,3980.0,0.0,14060
15916,0.0,0.0,3980.0,0.0,14060
15921,0.0,0.0,3970.0,0.0,14060
15926,0.0,0.0,3970.0,0.0,14060
15931,0.0,0.0,3958.0,0.0,14059
15936,0.0,0.0,3955.0,0.0,14050
15941,0.0,0.0,3955.0,0.0,14050
15946,0.0,0.0,3940.0,0.0,14050
15951,0.0,0.0,3940.0,0.0,14050
15956,0.0,0.0,3940.0,0.0,14050
15961,0.0,0.0,3930.0,0.0,14040
15966,0.0,0.0,3930.0,0.0,14040
15971,0.0,0.0,3920.0,0.0,14040
15976,0.0,0.0,3920.0,0.0,14040
15981,0.0,0.0,3920.0,0.0,14040
15986,0.0,0.0,3901.0,0.0,14037
15991,0.0,0.0,3901.0,0.0,14030
15996,0.0,0.0,3890.0,0.0,14030
16001,0.0,0.0,3890.0,0.0,14030
16006,0.0,0.0,3890.0,0.0,14030
16011,0.0,0.0,3880.0,0.0,14030
16016,0.0,0.0,3880.0,0.0,14020
16021,0.0,0.0,3870.0,0.0,14020
16026,0.0,0.0,3870.0,0.0,14020
16031,0.0,0.0,3857.0,0.0,14020
16036,0.0,0.0,3854.0,0.0,14020
16041,0.0,0.0,3854.0,0.0,14010
16046,0.0,0.0,3840.0,0.0,14010
16051,0.0,0.0,3840.0,0.0,14010
16056,0.0,0.0,3830.0,0.0,14010
16061,0.0,0.0,3830.0,0.0,14010
16066,0.0,0.0,3830.0,0.0,14005
16071,0.0,0.0,3820.0,0.0,14000
16076,0.0,0.0,3820.0,0.0,14000
16081,0.0,0.0,3810.0,0.0,14000
16086,0.0,0.0,3810.0,0.0,14000
16091,0.0,0.0,3810.0,0.0,13999
16096,0.0,0.0,3790.0,0.0,13990
16101,0.0,0.0,3790.0,0.0,13990
16106,0.0,0.0,3780.0,0.0,13990
16111,0.0,0.0,3780.0,0.0,13990
16116,0.0,0.0,3770.0,0.0,13990
16121,0.0,0.0,3770.0,0.0,13980
16126,0.0,0.0,3770.0,0.0,13980
16131,0.0,0.0,3759.0,0.0,13980
16136,0.0,0.0,3759.0,0.0,13980
16141,0.0,0.0,3740.0,0.0,13980
16146,0.0,0.0,3740.0,0.0,13974
16151,0.0,0.0,3740.0,0.0,13970
16156,0.0,0.0,3730.0,0.0,13970
16161,0.0,0.0,3730.0,0.0,13970
16166,0.0,0.0,3720.0,0.0,13970
16171,0.0,0.0,3720.0,0.0,13967
16176,0.0,0.0,3710.0,0.0,13960
16181,0.0,0.0,3710.0,0.0,13960
16186,0.0,0.0,3710.0,0.0,13960
16191,0.0,0.0,3690.0,0.0,13960
16196,0.0,0.0,3690.0,0.0,13960
16201,0.0,0.0,3690.0,0.0,13952
16206,0.0,0.0,3680.0,0.0,13950
16211,0.0,0.0,3680.0,0.0,13950
16216,0.0,0.0,3670.0,0.0,13950
16221,0.0,0.0,3670.0,0.0,13950
16226,0.0,0.0,3660.0,0.0,13949
16231,0.0,0.0,3660.0,0.0,13940
16236,0.0,0.0,3660.0,0.0,13940
16241,0.0,0.0,3647.0,0.0,13940
16246,0.0,0.0,3647.0,0.0,13940
16251,0.0,0.0,3630.0,0.0,13940
16256,0.0,0.0,3630.0,0.0,13930
16261,0.0,0.0,3630.0,0.0,13930
16266,0.0,0.0,3620.0,0.0,13930
16271,0.0,0.0,3620.0,0.0,13930
16276,0.0,0.0,3610.0,0.0,13930
16281,0.0,0.0,3610.0,0.0,13921
16286,0.0,0.0,3610.0,0.0,13920
16291,0.0,0.0,3600.0,0.0,13920
16296,0.0,0.0,3600.0,0.0,13920
16301,0.0,0.0,3584.0,0.0,13920
16306,0.0,0.0,3584.0,0.0,13918
16311,0.0,0.0,3584.0,0.0,13910
16316,0.0,0.0,3570.0,0.0,13910
16321,0.0,0.0,3570.0,0.0,13910
16326,0.0,0.0,3560.0,0.0,13910
16331,0.0,0.0,3560.0,0.0,13910
16336,0.0,0.0,3560.0,0.0,13900
16341,0.0,0.0,3550.0,0.0,13900
16346,0.0,0.0,3550.0,0.0,13900
16351,0.0,0.0,3530.0,0.0,13900
16356,0.0,0.0,3530.0,0.0,13900
16361,0.0,0.0,3530.0,0.0,13890
16366,0.0,0.0,3520.0,0.0,13890
16371,0.0,0.0,3520.0,0.0,13890
16376,0.0,0.0,3520.0,0.0,13890
16381,0.0,0.0,3510.0,0.0,13890
16386,0.0,0.0,3510.0,0.0,13884
16391,0.0,0.0,3490.0,0.0,13880
16396,0.0,0.0,3490.0,0.0,13880
16401,0.0,0.0,3490.0,0.0,13880
16406,0.0,0.0,3480.0,0.0,13880
16411,0.0,0.0,3480.0,0.0,13878
16416,0.0,0.0,3470.0,0.0,13870
16421,0.0,0.0,3470.0,0.0,13870
16426,0.0,0.0,3460.0,0.0,13870
16431,0.0,0.0,3460.0,0.0,13870
16436,0.0,0.0,3460.0,0.0,13870
16441,0.0,0.0,3444.0,0.0,13860
16446,0.0,0.0,3444.0,0.0,13860
16451,0.0,0.0,3430.0,0.0,13860
16456,0.0,0.0,3430.0,0.0,13860
16461,0.0,0.0,3430.0,0.0,13860
16466,0.0,0.0,3420.0,0.0,13853
16471,0.0,0.0,3420.0,0.0,13850
16476,0.0,0.0,3410.0,0.0,13850
16481,0.0,0.0,3410.0,0.0,13850
16486,0.0,0.0,3410.0,0.0,13850
16491,0.0,0.0,3392.0,0.0,13850
16496,0.0,0.0,3392.0,0.0,13840
16501,0.0,0.0,3380.0,0.0,13840
16506,0.0,0.0,3380.0,0.0,13840
16511,0.0,0.0,3370.0,0.0,13840
16516,0.0,0.0,3370.0,0.0,13840
16521,0.0,0.0,3370.0,0.0,13831
16526,0.0,0.0,3360.0,0.0,13830
16531,0.0,0.0,3360.0,0.0,13830
16536,0.0,0.0,3349.0,0.0,13830
16541,0.0,0.0,3349.0,0.0,13830
16546,0.0,0.0,3349.0,0.0,13828
16551,0.0,0.0,3330.0,0.0,13820
16556,0.0,0.0,3330.0,0.0,13820
16561,0.0,0.0,3320.0,0.0,13820
16566,0.0,0.0,3320.0,0.0,13820
16571,0.0,0.0,3320.0,0.0,13820
16576,0.0,0.0,3309.0,0.0,13810
16581,0.0,0.0,3309.0,0.0,13810
16586,0.0,0.0,3309.0,0.0,13810
16591,0.0,0.0,3290.0,0.0,13810
16596,0.0,0.0,3290.0,0.0,13810
16601,0.0,0.0,3280.0,0.0,13803
16606,0.0,0.0,3280.0,0.0,13800
16611,0.0,0.0,3280.0,0.0,13800
16616,0.0,0.0,3270.0,0.0,13800
16621,0.0,0.0,3270.0,0.0,13800
16626,0.0,0.0,3260.0,0.0,13798
16631,0.0,0.0,3260.0,0.0,13790
16636,0.0,0.0,3241.0,0.0,13790
16641,0.0,0.0,3241.0,0.0,13790
16646,0.0,0.0,3241.0,0.0,13790
16651,0.0,0.0,3230.0,0.0,13790
16656,0.0,0.0,3230.0,0.0,13780
16661,0.0,0.0,3220.0,0.0,13780
16666,0.0,0.0,3220.0,0.0,13780
16671,0.0,0.0,3220.0,0.0,13780
16676,0.0,0.0,3210.0,0.0,13780
16681,0.0,0.0,3210.0,0.0,13773
16686,0.0,0.0,3200.0,0.0,13770
16691,0.0,0.0,3200.0,0.0,13770
16696,0.0,0.0,3180.0,0.0,13770
16701,0.0,0.0,3180.0,0.0,13770
16706,0.0,0.0,3180.0,0.0,13770
16711,0.0,0.0,3170.0,0.0,13760
16716,0.0,0.0,3170.0,0.0,13760
16721,0.0,0.0,3170.0,0.0,13760
16726,0.0,0.0,3160.0,0.0,13760
16731,0.0,0.0,3160.0,0.0,13760
16736,0.0,0.0,3147.0,0.0,13755
16741,0.0,0.0,3147.0,0.0,13750
16746,0.0,0.0,3133.0,0.0,13750
16751,0.0,0.0,3133.0,0.0,13750
16756,0.0,0.0,3133.0,0.0,13750
16761,0.0,0.0,3120.0,0.0,13749
16766,0.0,0.0,3120.0,0.0,13740
16771,0.0,0.0,3110.0,0.0,13740
16776,0.0,0.0,3110.0,0.0,13740
16781,0.0,0.0,3110.0,0.0,13740
16786,0.0,0.0,3093.0,0.0,13740
16791,0.0,0.0,3093.0,0.0,13730
16796,0.0,0.0,3093.0,0.0,13730
16801,0.0,0.0,3080.0,0.0,13730
16806,0.0,0.0,3080.0,0.0,13730
16811,0.0,0.0,3070.0,0.0,13730
16816,0.0,0.0,3070.0,0.0,13722
16821,0.0,0.0,3070.0,0.0,13720
16826,0.0,0.0,3057.0,0.0,13720
16831,0.0,0.0,3057.0,0.0,13720
16836,0.0,0.0,3040.0,0.0,13720
16841,0.0,0.0,3040.0,0.0,13718
16846,0.0,0.0,3040.0,0.0,13710
16851,0.0,0.0,3030.0,0.0,13710
16856,0.0,0.0,3030.0,0.0,13710
16861,0.0,0.0,3020.0,0.0,13710
16866,0.0,0.0,3020.0,0.0,13710
16871,0.0,0.0,3020.0,0.0,13700
16876,0.0,0.0,3010.0,0.0,13700
16881,0.0,0.0,3010.0,0.0,13700
16886,0.0,0.0,2990.0,0.0,13700
16891,0.0,0.0,2990.0,0.0,13700
16896,0.0,0.0,2980.0,0.0,13697
16901,0.0,0.0,2980.0,0.0,13690
16906,0.0,0.0,2980.0,0.0,13690
16911,0.0,0.0,2970.0,0.0,13690
16916,0.0,0.0,2970.0,0.0,13690
16921,0.0,0.0,2960.0,0.0,13688
16926,0.0,0.0,2960.0,0.0,13680
16931,0.0,0.0,2960.0,0.0,13680
16936,0.0,0.0,2946.0,0.0,13680
16941,0.0,0.0,2946.0,0.0,13680
16946,0.0,0.0,2930.0,0.0,13680
16951,0.0,0.0,2930.0,0.0,13670
16956,0.0,0.0,2930.0,0.0,13670
16961,0.0,0.0,2920.0,0.0,13670
16966,0.0,0.0,2920.0,0.0,13670
16971,0.0,0.0,2910.0,0.0,13670
16976,0.0,0.0,2910.0,0.0,13663
16981,0.0,0.0,2910.0,0.0,13660
16986,0.0,0.0,2890.0,0.0,13660
16991,0.0,0.0,2890.0,0.0,13660
16996,0.0,0.0,2880.0,0.0,13660
17001,0.0,0.0,2880.0,0.0,13660
17006,0.0,0.0,2880.0,0.0,13650
17011,0.0,0.0,2870.0,0.0,13650
17016,0.0,0.0,2870.0,0.0,13650
17021,0.0,0.0,2859.0,0.0,13650
17026,0.0,0.0,2859.0,0.0,13650
17031,0.0,0.0,2859.0,0.0,13640
17036,0.0,0.0,2840.0,0.0,13640
17041,0.0,0.0,2840.0,0.0,13640
17046,0.0,0.0,2840.0,0.0,13640
17051,0.0,0.0,2830.0,0.0,13640
17056,0.0,0.0,2830.0,0.0,13634
17061,0.0,0.0,2820.0,0.0,13630
17066,0.0,0.0,2820.0,0.0,13630
17071,0.0,0.0,2820.0,0.0,13630
17076,0.0,0.0,2805.0,0.0,13630
17081,0.0,0.0,2805.0,0.0,13629
17086,0.0,0.0,2790.0,0.0,13620
17091,0.0,0.0,2790.0,0.0,13620
17096,0.0,0.0,2787.0,0.0,13620
17101,0.0,0.0,2780.0,0.0,13620
17106,0.0,0.0,2780.0,0.0,13620
17111,0.0,0.0,2770.0,0.0,13612
17116,0.0,0.0,2770.0,0.0,13610
17121,0.0,0.0,2770.0,0.0,13610
17126,0.0,0.0,2750.0,0.0,13610
17131,0.0,0.0,2750.0,0.0,13610
17136,0.0,0.0,2740.0,0.0,13609
17141,0.0,0.0,2740.0,0.0,13600
17146,0.0,0.0,2740.0,0.0,13600
17151,0.0,0.0,2730.0,0.0,13600
17156,0.0,0.0,2730.0,0.0,13600
17161,0.0,0.0,2711.0,0.0,13600
17166,0.0,0.0,2711.0,0.0,13590
17171,0.0,0.0,2711.0,0.0,13590
17176,0.0,0.0,2700.0,0.0,13590
17181,0.0,0.0,2700.0,0.0,13590
17186,0.0,0.0,2690.0,0.0,13590
17191,0.0,0.0,2690.0,0.0,13582
17196,0.0,0.0,2690.0,0.0,13580
17201,0.0,0.0,2680.0,0.0,13580
17206,0.0,0.0,2680.0,0.0,13580
17211,0.0,0.0,2667.0,0.0,13580
17216,0.0,0.0,2667.0,0.0,13580
17221,0.0,0.0,2667.0,0.0,13570
17226,0.0,0.0,2650.0,0.0,13570
17231,0.0,0.0,2650.0,0.0,13570
17236,0.0,0.0,2640.0,0.0,13570
17241,0.0,0.0,2640.0,0.0,13570
17246,0.0,0.0,2640.0,0.0,13560
17251,0.0,0.0,2630.0,0.0,13560
17256,0.0,0.0,2630.0,0.0,13560
17261,0.0,0.0,2615.0,0.0,13560
17266,0.0,0.0,2615.0,0.0,13560
17271,0.0,0.0,2615.0,0.0,13554
17276,0.0,0.0,2600.0,0.0,13550
17281,0.0,0.0,2600.0,0.0,13550
17286,0.0,0.0,2590.0,0.0,13550
17291,0.0,0.0,2590.0,0.0,13550
17296,0.0,0.0,2590.0,0.0,13550
17301,0.0,0.0,2577.0,0.0,13540
17306,0.0,0.0,2577.0,0.0,13540
17311,0.0,0.0,2560.0,0.0,13540
17316,0.0,0.0,2560.0,0.0,13540
17321,0.0,0.0,2550.0,0.0,13540
17326,0.0,0.0,2550.0,0.0,13530
17331,0.0,0.0,2550.0,0.0,13530
17336,0.0,0.0,2540.0,0.0,13530
17341,0.0,0.0,2540.0,0.0,13530
17346,0.0,0.0,2530.0,0.0,13530
17351,0.0,0.0,2530.0,0.0,13525
17356,0.0,0.0,2530.0,0.0,13520
17361,0.0,0.0,2510.0,0.0,13520
17366,0.0,0.0,2510.0,0.0,13520
17371,0.0,0.0,2510.0,0.0,13520
17376,0.0,0.0,2500.0,0.0,13518
17381,0.0,0.0,2500.0,0.0,13510
17386,0.0,0.0,2490.0,0.0,13510
17391,0.0,0.0,2490.0,0.0,13510
17396,0.0,0.0,2490.0,0.0,13510
17401,0.0,0.0,2470.0,0.0,13510
17406,0.0,0.0,2470.0,0.0,13501
17411,0.0,0.0,2460.0,0.0,13500
17416,0.0,0.0,2460.0,0.0,13500
17421,0.0,0.0,2460.0,0.0,13500
17426,0.0,0.0,2450.0,0.0,13500
17431,0.0,0.0,2450.0,0.0,13497
17436,0.0,0.0,2440.0,0.0,13490
17441,0.0,0.0,2440.0,0.0,13490
17446,0.0,0.0,2426.0,0.0,13490
17451,0.0,0.0,2426.0,0.0,13490
17456,0.0,0.0,2426.0,0.0,13490
17461,0.0,0.0,2410.0,0.0,13480
17466,0.0,0.0,2410.0,0.0,13480
17471,0.0,0.0,2410.0,0.0,13480
17476,0.0,0.0,2400.0,0.0,13480
17481,0.0,0.0,2400.0,0.0,13480
17486,0.0,0.0,2390.0,0.0,13474
17491,0.0,0.0,2390.0,0.0,13470
17496,0.0,0.0,2371.0,0.0,13470
17501,0.0,0.0,2370.0,0.0,13470
17506,0.0,0.0,2370.0,0.0,13470
17511,0.0,0.0,2360.0,0.0,13469
17516,0.0,0.0,2360.0,0.0,13460
17521,0.0,0.0,2350.0,0.0,13460
17526,0.0,0.0,2350.0,0.0,13460
17531,0.0,0.0,2350.0,0.0,13460
17536,0.0,0.0,2340.0,0.0,13460
17541,0.0,0.0,2340.0,0.0,13451
17546,0.0,0.0,2320.0,0.0,13450
17551,0.0,0.0,2320.0,0.0,13450
17556,0.0,0.0,2320.0,0.0,13450
17561,0.0,0.0,2310.0,0.0,13450
17566,0.0,0.0,2310.0,0.0,13445
17571,0.0,0.0,2310.0,0.0,13440
17576,0.0,0.0,2300.0,0.0,13440
17581,0.0,0.0,2300.0,0.0,13440
17586,0.0,0.0,2280.0,0.0,13440
17591,0.0,0.0,2280.0,0.0,13440
17596,0.0,0.0,2280.0,0.0,13430
17601,0.0,0.0,2270.0,0.0,13430
17606,0.0,0.0,2270.0,0.0,13430
17611,0.0,0.0,2260.0,0.0,13430
17616,0.0,0.0,2260.0,0.0,13430
17621,0.0,0.0,2250.0,0.0,13425
17626,0.0,0.0,2250.0,0.0,13420
17631,0.0,0.0,2250.0,0.0,13420
17636,0.0,0.0,2233.0,0.0,13420
17641,0.0,0.0,2233.0,0.0,13420
17646,0.0,0.0,2220.0,0.0,13419
17651,0.0,0.0,2220.0,0.0,13410
17656,0.0,0.0,2220.0,0.0,13410
17661,0.0,0.0,2210.0,0.0,13410
17666,0.0,0.0,2210.0,0.0,13410
17671,0.0,0.0,2200.0,0.0,13410
17676,0.0,0.0,2200.0,0.0,13401
17681,0.0,0.0,2190.0,0.0,13400
17686,0.0,0.0,2190.0,0.0,13400
17691,0.0,0.0,2190.0,0.0,13400
17696,0.0,0.0,2170.0,0.0,13400
17701,0.0,0.0,2170.0,0.0,13397
17706,0.0,0.0,2160.0,0.0,13390
17711,0.0,0.0,2160.0,0.0,13390
17716,0.0,0.0,2160.0,0.0,13390
17721,0.0,0.0,2150.0,0.0,13390
17726,0.0,0.0,2150.0,0.0,13390
17731,0.0,0.0,2140.0,0.0,13380
17736,0.0,0.0,2140.0,0.0,13380
17741,0.0,0.0,2140.0,0.0,13380
17746,0.0,0.0,2126.0,0.0,13380
17751,0.0,0.0,2126.0,0.0,13380
17756,0.0,0.0,2110.0,0.0,13370
17761,0.0,0.0,2110.0,0.0,13370
17766,0.0,0.0,2110.0,0.0,13370
17771,0.0,0.0,2100.0,0.0,13370
17776,0.0,0.0,2100.0,0.0,13370
17781,0.0,0.0,2089.0,0.0,13363
17786,0.0,0.0,2089.0,0.0,13360
17791,0.0,0.0,2089.0,0.0,13360
17796,0.0,0.0,2070.0,0.0,13360
17801,0.0,0.0,2070.0,0.0,13360
17806,0.0,0.0,2060.0,0.0,13360
17811,0.0,0.0,2060.0,0.0,13350
17816,0.0,0.0,2060.0,0.0,13350
17821,0.0,0.0,2050.0,0.0,13350
17826,0.0,0.0,2050.0,0.0,13350
17831,0.0,0.0,2050.0,0.0,13350
17836,0.0,0.0,2030.0,0.0,13340
17841,0.0,0.0,2030.0,0.0,13340
17846,0.0,0.0,2020.0,0.0,13340
17851,0.0,0.0,2020.0,0.0,13340
17856,0.0,0.0,2020.0,0.0,13340
17861,0.0,0.0,2010.0,0.0,13331
17866,0.0,0.0,2010.0,0.0,13330
17871,0.0,0.0,1996.0,0.0,13330
17876,0.0,0.0,1993.0,0.0,13330
17881,0.0,0.0,1993.0,0.0,13330
17886,0.0,0.0,1980.0,0.0,13327
17891,0.0,0.0,1980.0,0.0,13320
17896,0.0,0.0,1980.0,0.0,13320
17901,0.0,0.0,1970.0,0.0,13320
17906,0.0,0.0,1970.0,0.0,13320
17911,0.0,0.0,1960.0,0.0,13320
17916,0.0,0.0,1960.0,0.0,13310
17921,0.0,0.0,1960.0,0.0,13310
17926,0.0,0.0,1941.0,0.0,13310
17931,0.0,0.0,1941.0,0.0,13310
17936,0.0,0.0,1930.0,0.0,13310
17941,0.0,0.0,1930.0,0.0,13302
17946,0.0,0.0,1930.0,0.0,13300
17951,0.0,0.0,1920.0,0.0,13300
17956,0.0,0.0,1920.0,0.0,13300
17961,0.0,0.0,1909.0,0.0,13300
17966,0.0,0.0,1909.0,0.0,13297
17971,0.0,0.0,1909.0,0.0,13290
17976,0.0,0.0,1890.0,0.0,13290
17981,0.0,0.0,1890.0,0.0,13290
17986,0.0,0.0,1880.0,0.0,13290
17991,0.0,0.0,1880.0,0.0,13290
17996,0.0,0.0,1880.0,0.0,13280
18001,0.0,0.0,1870.0,0.0,13280
18006,0.0,0.0,1870.0,0.0,13280
18011,0.0,0.0,1855.0,0.0,13280
18016,0.0,0.0,1855.0,0.0,13280
18021,0.0,0.0,1855.0,0.0,13274
18026,0.0,0.0,1840.0,0.0,13270
18031,0.0,0.0,1840.0,0.0,13270
18036,0.0,0.0,1830.0,0.0,13270
18041,0.0,0.0,1830.0,0.0,13270
18046,0.0,0.0,1830.0,0.0,13270
18051,0.0,0.0,1820.0,0.0,13260
18056,0.0,0.0,1820.0,0.0,13260
18061,0.0,0.0,1800.0,0.0,13260
18066,0.0,0.0,1800.0,0.0,13260
18071,0.0,0.0,1800.0,0.0,13260
18076,0.0,0.0,1790.0,0.0,13255
18081,0.0,0.0,1790.0,0.0,13250
18086,0.0,0.0,1780.0,0.0,13250
18091,0.0,0.0,1780.0,0.0,13250
18096,0.0,0.0,1780.0,0.0,13250
18101,0.0,0.0,1770.0,0.0,13248
18106,0.0,0.0,1770.0,0.0,13240
18111,0.0,0.0,1751.0,0.0,13240
18116,0.0,0.0,1751.0,0.0,13240
18121,0.0,0.0,1751.0,0.0,13240
18126,0.0,0.0,1740.0,0.0,13240
18131,0.0,0.0,1740.0,0.0,13230
18136,0.0,0.0,1730.0,0.0,13230
18141,0.0,0.0,1730.0,0.0,13230
18146,0.0,0.0,1730.0,0.0,13230
18151,0.0,0.0,1719.0,0.0,13230
18156,0.0,0.0,1719.0,0.0,13222
18161,0.0,0.0,1700.0,0.0,13220
18166,0.0,0.0,1700.0,0.0,13220
18171,0.0,0.0,1700.0,0.0,13220
18176,0.0,0.0,1690.0,0.0,13220
18181,0.0,0.0,1690.0,0.0,13218
18186,0.0,0.0,1680.0,0.0,13210
18191,0.0,0.0,1680.0,0.0,13210
18196,0.0,0.0,1680.0,0.0,13210
18201,0.0,0.0,1660.0,0.0,13210
18206,0.0,0.0,1660.0,0.0,13209
18211,0.0,0.0,1650.0,0.0,13200
18216,0.0,0.0,1650.0,0.0,13200
18221,0.0,0.0,1641.0,0.0,13200
18226,0.0,0.0,1640.0,0.0,13200
18231,0.0,0.0,1640.0,0.0,13200
18236,0.0,0.0,1630.0,0.0,13190
18241,0.0,0.0,1630.0,0.0,13190
18246,0.0,0.0,1620.0,0.0,13190
18251,0.0,0.0,1620.0,0.0,13190
18256,0.0,0.0,1620.0,0.0,13190
18261,0.0,0.0,1601.0,0.0,13189
18266,0.0,0.0,1601.0,0.0,13180
18271,0.0,0.0,1590.0,0.0,13180
18276,0.0,0.0,1590.0,0.0,13180
18281,0.0,0.0,1590.0,0.0,13180
18286,0.0,0.0,1580.0,0.0,13180
18291,0.0,0.0,1580.0,0.0,13170
18296,0.0,0.0,1570.0,0.0,13170
18301,0.0,0.0,1570.0,0.0,13170
18306,0.0,0.0,1570.0,0.0,13170
18311,0.0,0.0,1552.0,0.0,13170
18316,0.0,0.0,1552.0,0.0,13161
18321,0.0,0.0,1552.0,0.0,13160
18326,0.0,0.0,1540.0,0.0,13160
18331,0.0,0.0,1540.0,0.0,13160
18336,0.0,0.0,1530.0,0.0,13160
18341,0.0,0.0,1530.0,0.0,13155
18346,0.0,0.0,1520.0,0.0,13150
18351,0.0,0.0,1520.0,0.0,13150
18356,0.0,0.0,1520.0,0.0,13150
18361,0.0,0.0,1500.0,0.0,13150
18366,0.0,0.0,1500.0,0.0,13150
18371,0.0,0.0,1500.0,0.0,13140
18376,0.0,0.0,1490.0,0.0,13140
18381,0.0,0.0,1490.0,0.0,13140
18386,0.0,0.0,1480.0,0.0,13140
18391,0.0,0.0,1480.0,0.0,13140
18396,0.0,0.0,1470.0,0.0,13134
18401,0.0,0.0,1470.0,0.0,13130
18406,0.0,0.0,1470.0,0.0,13130
18411,0.0,0.0,1450.0,0.0,13130
18416,0.0,0.0,1450.0,0.0,13130
18421,0.0,0.0,1440.0,0.0,13128
18426,0.0,0.0,1440.0,0.0,13120
18431,0.0,0.0,1440.0,0.0,13120
18436,0.0,0.0,1430.0,0.0,13120
18441,0.0,0.0,1430.0,0.0,13120
18446,0.0,0.0,1420.0,0.0,13120
18451,0.0,0.0,1420.0,0.0,13110
18456,0.0,0.0,1420.0,0.0,13110
18461,0.0,0.0,1400.0,0.0,13110
18466,0.0,0.0,1400.0,0.0,13110
18471,0.0,0.0,1400.0,0.0,13110
18476,0.0,0.0,1390.0,0.0,13102
18481,0.0,0.0,1390.0,0.0,13100
18486,0.0,0.0,1380.0,0.0,13100
18491,0.0,0.0,1380.0,0.0,13100
18496,0.0,0.0,1380.0,0.0,13100
18501,0.0,0.0,1366.0,0.0,13095
18506,0.0,0.0,1366.0,0.0,13090
18511,0.0,0.0,1350.0,0.0,13090
18516,0.0,0.0,1350.0,0.0,13090
18521,0.0,0.0,1340.0,0.0,13090
18526,0.0,0.0,1340.0,0.0,13090
18531,0.0,0.0,1340.0,0.0,13081
18536,0.0,0.0,1330.0,0.0,13080
18541,0.0,0.0,1330.0,0.0,13080
18546,0.0,0.0,1310.0,0.0,13080
18551,0.0,0.0,1310.0,0.0,13080
18556,0.0,0.0,1310.0,0.0,13075
18561,0.0,0.0,1300.0,0.0,13070
18566,0.0,0.0,1300.0,0.0,13070
18571,0.0,0.0,1290.0,0.0,13070
18576,0.0,0.0,1290.0,0.0,13070
18581,0.0,0.0,1290.0,0.0,13070
18586,0.0,0.0,1280.0,0.0,13060
18591,0.0,0.0,1280.0,0.0,13060
18596,0.0,0.0,1261.0,0.0,13060
18601,0.0,0.0,1261.0,0.0,13060
18606,0.0,0.0,1261.0,0.0,13060
18611,0.0,0.0,1250.0,0.0,13051
18616,0.0,0.0,1250.0,0.0,13050
18621,0.0,0.0,1240.0,0.0,13050
18626,0.0,0.0,1240.0,0.0,13050
18631,0.0,0.0,1240.0,0.0,13050
18636,0.0,0.0,1230.0,0.0,13050
18641,0.0,0.0,1230.0,0.0,13040
18646,0.0,0.0,1211.0,0.0,13040
18651,0.0,0.0,1211.0,0.0,13040
18656,0.0,0.0,1211.0,0.0,13040
18661,0.0,0.0,1200.0,0.0,13040
18666,0.0,0.0,1200.0,0.0,13030
18671,0.0,0.0,1198.0,0.0,13030
18676,0.0,0.0,1190.0,0.0,13030
18681,0.0,0.0,1190.0,0.0,13030
18686,0.0,0.0,1180.0,0.0,13030
18691,0.0,0.0,1180.0,0.0,13020
18696,0.0,0.0,1161.0,0.0,13020
18701,0.0,0.0,1161.0,0.0,13020
18706,0.0,0.0,1161.0,0.0,13020
18711,0.0,0.0,1150.0,0.0,13020
18716,0.0,0.0,1150.0,0.0,13014
18721,0.0,0.0,1140.0,0.0,13010
18726,0.0,0.0,1140.0,0.0,13010
18731,0.0,0.0,1140.0,0.0,13010
18736,0.0,0.0,1130.0,0.0,13010
18741,0.0,0.0,1130.0,0.0,13009
18746,0.0,0.0,1110.0,0.0,13000
18751,0.0,0.0,1110.0,0.0,13000
18756,0.0,0.0,1110.0,0.0,13000
18761,0.0,0.0,1100.0,0.0,13000
18766,0.0,0.0,1100.0,0.0,13000
18771,0.0,0.0,1091.0,0.0,12991
18776,0.0,0.0,1090.0,0.0,12990
18781,0.0,0.0,1090.0,0.0,12990
18786,0.0,0.0,1070.0,0.0,12990
18791,0.0,0.0,1070.0,0.0,12990
18796,0.0,0.0,1060.0,0.0,12988
18801,0.0,0.0,1060.0,0.0,12980
18806,0.0,0.0,1060.0,0.0,12980
18811,0.0,0.0,1050.0,0.0,12980
18816,0.0,0.0,1050.0,0.0,12980
18821,0.0,0.0,1040.0,0.0,12980
18826,0.0,0.0,1040.0,0.0,12970
18831,0.0,0.0,1040.0,0.0,12970
18836,0.0,0.0,1021.0,0.0,12970
18841,0.0,0.0,1021.0,0.0,12970
18846,0.0,0.0,1010.0,0.0,12970
18851,0.0,0.0,1010.0,0.0,12965
18856,0.0,0.0,1010.0,0.0,12960
18861,0.0,0.0,1000.0,0.0,12960
18866,0.0,0.0,1000.0,0.0,12960
18871,0.0,0.0,990.0,0.0,12960
18876,0.0,0.0,990.0,0.0,12960
18881,0.0,0.0,990.0,0.0,12950
18886,0.0,0.0,979.0,0.0,12950
18891,0.0,0.0,979.0,0.0,12950
18896,0.0,0.0,961.0,0.0,12950
18901,0.0,0.0,961.0,0.0,12950
18906,0.0,0.0,961.0,0.0,12941
18911,0.0,0.0,950.0,0.0,12940
18916,0.0,0.0,950.0,0.0,12940
18921,0.0,0.0,940.0,0.0,12940
18926,0.0,0.0,940.0,0.0,12940
18931,0.0,0.0,930.0,0.0,12935
18936,0.0,0.0,930.0,0.0,12930
18941,0.0,0.0,930.0,0.0,12930
18946,0.0,0.0,910.0,0.0,12930
18951,0.0,0.0,910.0,0.0,12930
18956,0.0,0.0,910.0,0.0,12930
18961,0.0,0.0,900.0,0.0,12920
18966,0.0,0.0,900.0,0.0,12920
18971,0.0,0.0,890.0,0.0,12920
18976,0.0,0.0,890.0,0.0,12920
18981,0.0,0.0,890.0,0.0,12920
18986,0.0,0.0,875.0,0.0,12913
18991,0.0,0.0,875.0,0.0,12910
18996,0.0,0.0,860.0,0.0,12910
19001,0.0,0.0,860.0,0.0,12910
19006,0.0,0.0,860.0,0.0,12910
19011,0.0,0.0,850.0,0.0,12909
19016,0.0,0.0,850.0,0.0,12900
19021,0.0,0.0,840.0,0.0,12900
19026,0.0,0.0,840.0,0.0,12900
19031,0.0,0.0,840.0,0.0,12900
19036,0.0,0.0,830.0,0.0,12900
19041,0.0,0.0,830.0,0.0,12890
19046,0.0,0.0,810.0,0.0,12890
19051,0.0,0.0,810.0,0.0,12890
19056,0.0,0.0,810.0,0.0,12890
19061,0.0,0.0,800.0,0.0,12890
19066,0.0,0.0,800.0,0.0,12882
19071,0.0,0.0,790.0,0.0,12880
19076,0.0,0.0,790.0,0.0,12880
19081,0.0,0.0,790.0,0.0,12880
19086,0.0,0.0,771.0,0.0,12880
19091,0.0,0.0,771.0,0.0,12879
19096,0.0,0.0,760.0,0.0,12870
19101,0.0,0.0,760.0,0.0,12870
19106,0.0,0.0,760.0,0.0,12870
19111,0.0,0.0,750.0,0.0,12870
19116,0.0,0.0,750.0,0.0,12870
19121,0.0,0.0,740.0,0.0,12860
19126,0.0,0.0,740.0,0.0,12860
19131,0.0,0.0,740.0,0.0,12860
19136,0.0,0.0,720.0,0.0,12860
19141,0.0,0.0,720.0,0.0,12860
19146,0.0,0.0,710.0,0.0,12857
19151,0.0,0.0,710.0,0.0,12850
19156,0.0,0.0,710.0,0.0,12850
19161,0.0,0.0,700.0,0.0,12850
19166,0.0,0.0,700.0,0.0,12850
19171,0.0,0.0,690.0,0.0,12850
19176,0.0,0.0,690.0,0.0,12840
19181,0.0,0.0,690.0,0.0,12840
19186,0.0,0.0,678.0,0.0,12840
19191,0.0,0.0,678.0,0.0,12840
19196,0.0,0.0,660.0,0.0,12840
19201,0.0,0.0,660.0,0.0,12830
19206,0.0,0.0,650.0,0.0,12830
19211,0.0,0.0,650.0,0.0,12830
19216,0.0,0.0,650.0,0.0,12830
19221,0.0,0.0,640.0,0.0,12830
19226,0.0,0.0,640.0,0.0,12822
19231,0.0,0.0,629.0,0.0,12820
19236,0.0,0.0,629.0,0.0,12820
19241,0.0,0.0,629.0,0.0,12820
19246,0.0,0.0,610.0,0.0,12820
19251,0.0,0.0,610.0,0.0,12819
19256,0.0,0.0,600.0,0.0,12810
19261,0.0,0.0,600.0,0.0,12810
19266,0.0,0.0,600.0,0.0,12810
19271,0.0,0.0,590.0,0.0,12810
19276,0.0,0.0,590.0,0.0,12810
19281,0.0,0.0,590.0,0.0,12802
19286,0.0,0.0,572.0,0.0,12800
19291,0.0,0.0,572.0,0.0,12800
19296,0.0,0.0,560.0,0.0,12800
19301,0.0,0.0,560.0,0.0,12800
19306,0.0,0.0,550.0,0.0,12797
19311,0.0,0.0,550.0,0.0,12790
19316,0.0,0.0,550.0,0.0,12790
19321,0.0,0.0,540.0,0.0,12790
19326,0.0,0.0,540.0,0.0,12790
19331,0.0,0.0,523.0,0.0,12790
19336,0.0,0.0,523.0,0.0,12781
19341,0.0,0.0,523.0,0.0,12780
19346,0.0,0.0,510.0,0.0,12780
19351,0.0,0.0,510.0,0.0,12780
19356,0.0,0.0,500.0,0.0,12780
19361,0.0,0.0,500.0,0.0,12775
19366,0.0,0.0,500.0,0.0,12770
19371,0.0,0.0,490.0,0.0,12770
19376,0.0,0.0,490.0,0.0,12770
19381,0.0,0.0,474.0,0.0,12770
19386,0.0,0.0,474.0,0.0,12770
19391,0.0,0.0,474.0,0.0,12760
19396,0.0,0.0,460.0,0.0,12760
19401,0.0,0.0,460.0,0.0,12760
19406,0.0,0.0,450.0,0.0,12760
19411,0.0,0.0,450.0,0.0,12760
19416,0.0,0.0,450.0,0.0,12754
19421,0.0,0.0,440.0,0.0,12750
19426,0.0,0.0,440.0,0.0,12750
19431,0.0,0.0,430.0,0.0,12750
19436,0.0,0.0,430.0,0.0,12750
19441,0.0,0.0,430.0,0.0,12748
19446,0.0,0.0,420.0,0.0,12740
19451,0.0,0.0,420.0,0.0,12740
19456,0.0,0.0,400.0,0.0,12740
19461,0.0,0.0,400.0,0.0,12740
19466,0.0,0.0,400.0,0.0,12740
19471,0.0,0.0,390.0,0.0,12731
19476,0.0,0.0,390.0,0.0,12730
19481,0.0,0.0,380.0,0.0,12730
19486,0.0,0.0,380.0,0.0,12730
19491,0.0,0.0,363.0,0.0,12730
19496,0.0,0.0,363.0,0.0,12728
19501,0.0,0.0,363.0,0.0,12720
19506,0.0,0.0,350.0,0.0,12720
19511,0.0,0.0,350.0,0.0,12720
19516,0.0,0.0,340.0,0.0,12720
19521,0.0,0.0,340.0,0.0,12720
19526,0.0,0.0,340.0,0.0,12710
19531,0.0,0.0,330.0,0.0,12710
19536,0.0,0.0,330.0,0.0,12710
19541,0.0,0.0,330.0,0.0,12710
19546,0.0,0.0,310.0,0.0,12710
19551,0.0,0.0,310.0,0.0,12701
19556,0.0,0.0,300.0,0.0,12700
19561,0.0,0.0,300.0,0.0,12700
19566,0.0,0.0,300.0,0.0,12700
19571,0.0,0.0,290.0,0.0,12700
19576,0.0,0.0,290.0,0.0,12696
19581,0.0,0.0,274.0,0.0,12690
19586,0.0,0.0,274.0,0.0,12690
19591,0.0,0.0,274.0,0.0,12690
19596,0.0,0.0,260.0,0.0,12690
19601,0.0,0.0,260.0,0.0,12690
19606,0.0,0.0,250.0,0.0,12680
19611,0.0,0.0,250.0,0.0,12680
19616,0.0,0.0,250.0,0.0,12680
19621,0.0,0.0,230.0,0.0,12680
19626,0.0,0.0,230.0,0.0,12680
19631,0.0,0.0,230.0,0.0,12672
19636,0.0,0.0,220.0,0.0,12670
19641,0.0,0.0,220.0,0.0,12670
19646,0.0,0.0,210.0,0.0,12670
19651,0.0,0.0,210.0,0.0,12670
19656,0.0,0.0,210.0,0.0,12666
19661,0.0,0.0,200.0,0.0,12660
19666,0.0,0.0,200.0,0.0,12660
19671,0.0,0.0,187.0,0.0,12660
19676,0.0,0.0,187.0,0.0,12660
19681,0.0,0.0,170.0,0.0,12660
19686,0.0,0.0,170.0,0.0,12650
19691,0.0,0.0,170.0,0.0,12650
19696,0.0,0.0,160.0,0.0,12650
19701,0.0,0.0,160.0,0.0,12650
19706,0.0,0.0,150.0,0.0,12650
19711,0.0,0.0,150.0,0.0,12645
19716,0.0,0.0,150.0,0.0,12640
19721,0.0,0.0,140.0,0.0,12640
19726,0.0,0.0,140.0,0.0,12640
19731,0.0,0.0,120.0,0.0,12640
19736,0.0,0.0,120.0,0.0,12639
19741,0.0,0.0,120.0,0.0,12630
19746,0.0,0.0,110.0,0.0,12630
19751,0.0,0.0,110.0,0.0,12630
19756,0.0,0.0,100.0,0.0,12630
19761,0.0,0.0,100.0,0.0,12630
19766,0.0,0.0,100.0,0.0,12620
19771,0.0,0.0,83.0,0.0,12620
19776,0.0,0.0,83.0,0.0,12620
19781,0.0,0.0,70.0,0.0,12620
19786,0.0,0.0,70.0,0.0,12620
19791,0.0,0.0,70.0,0.0,12613
19796,0.0,0.0,60.0,0.0,12610
19801,0.0,0.0,60.0,0.0,12610
19806,0.0,0.0,50.0,0.0,12610
19811,0.0,0.0,50.0,0.0,12610
19816,0.0,0.0,50.0,0.0,12609
19821,0.0,0.0,40.0,0.0,12600
19826,0.0,0.0,40.0,0.0,12600
19831,0.0,0.0,20.0,0.0,12600
19836,0.0,0.0,20.0,0.0,12600
19841,0.0,0.0,20.0,0.0,12600
19846,0.0,0.0,10.0,0.0,12590
19851,0.0,0.0,10.0,0.0,12590
19856,0.0,0.0,0.0,0.0,12590
19861,0.0,0.0,0.0,0.0,12590
19866,0.0,0.0,0.0,0.0,12590
19871,0.0,0.0,0.0,0.0,12583
19876,0.0,0.0,0.0,0.0,12580
19881,0.0,0.0,0.0,0.0,12580
19886,0.0,0.0,0.0,0.0,12580
19891,0.0,0.0,0.0,0.0,12580
19896,0.0,0.0,0.0,0.0,12579
19901,0.0,0.0,0.0,0.0,12570
19906,0.0,0.0,0.0,0.0,12570
19911,0.0,0.0,0.0,0.0,12570
19916,0.0,0.0,0.0,0.0,12570
19921,0.0,0.0,0.0,0.0,12570
19926,0.0,0.0,0.0,0.0,12560
19931,0.0,0.0,0.0,0.0,12560
19936,0.0,0.0,0.0,0.0,12560
19941,0.0,0.0,0.0,0.0,12560
19946,0.0,0.0,0.0,0.0,12560
19951,0.0,0.0,0.0,0.0,12554
19956,0.0,0.0,0.0,0.0,12550
19961,0.0,0.0,0.0,0.0,12550
19966,0.0,0.0,0.0,0.0,12550
19971,0.0,0.0,0.0,0.0,12550
19976,0.0,0.0,0.0,0.0,12550
19981,0.0,0.0,0.0,0.0,12540
19986,0.0,0.0,0.0,0.0,12540
19991,0.0,0.0,0.0,0.0,12540
19996,0.0,0.0,0.0,0.0,12540
20001,0.0,0.0,0.0,0.0,12540
20006,0.0,0.0,0.0,0.0,12531
20011,0.0,0.0,0.0,0.0,12530
20016,0.0,0.0,0.0,0.0,12530
20021,0.0,0.0,0.0,0.0,12530
20026,0.0,0.0,0.0,0.0,12530
20031,0.0,0.0,0.0,0.0,12527
20036,0.0,0.0,0.0,0.0,12520
20041,0.0,0.0,0.0,0.0,12520
20046,0.0,0.0,0.0,0.0,12520
20051,0.0,0.0,0.0,0.0,12520
20056,0.0,0.0,0.0,0.0,12520
20061,0.0,0.0,0.0,0.0,12510
20066,0.0,0.0,0.0,0.0,12510
20071,0.0,0.0,0.0,0.0,12510
20076,0.0,0.0,0.0,0.0,12510
20081,0.0,0.0,0.0,0.0,12510
20086,0.0,0.0,0.0,0.0,12503
20091,0.0,0.0,0.0,0.0,12500
20096,0.0,0.0,0.0,0.0,12500
20101,0.0,0.0,0.0,0.0,12500
20106,0.0,0.0,0.0,0.0,12500
20111,0.0,0.0,0.0,0.0,12498
20116,0.0,0.0,0.0,0.0,12490
20121,0.0,0.0,0.0,0.0,12490
20126,0.0,0.0,0.0,0.0,12490
20131,0.0,0.0,0.0,0.0,12490
20136,0.0,0.0,0.0,0.0,12490
20141,0.0,0.0,0.0,0.0,12480
20146,0.0,0.0,0.0,0.0,12480
20151,0.0,0.0,0.0,0.0,12480
20156,0.0,0.0,0.0,0.0,12480
20161,0.0,0.0,0.0,0.0,12480
20166,0.0,0.0,0.0,0.0,12474
20171,0.0,0.0,0.0,0.0,12470
20176,0.0,0.0,0.0,0.0,12470
20181,0.0,0.0,0.0,0.0,12470
20186,0.0,0.0,0.0,0.0,12470
20191,0.0,0.0,0.0,0.0,12470
20196,0.0,0.0,0.0,0.0,12460
20201,0.0,0.0,0.0,0.0,12460
20206,0.0,0.0,0.0,0.0,12460
20211,0.0,0.0,0.0,0.0,12460
20216,0.0,0.0,0.0,0.0,12460
20221,0.0,0.0,0.0,0.0,12450
20226,0.0,0.0,0.0,0.0,12450
20231,0.0,0.0,0.0,0.0,12450
20236,0.0,0.0,0.0,0.0,12450
20241,0.0,0.0,0.0,0.0,12450
20246,0.0,0.0,0.0,0.0,12444
20251,0.0,0.0,0.0,0.0,12440
20256,0.0,0.0,0.0,0.0,12440
20261,0.0,0.0,0.0,0.0,12440
20266,0.0,0.0,0.0,0.0,12440
20271,0.0,0.0,0.0,0.0,12440
20276,0.0,0.0,0.0,0.0,12430
20281,0.0,0.0,0.0,0.0,12430
20286,0.0,0.0,0.0,0.0,12430
20291,0.0,0.0,0.0,0.0,12430
20296,0.0,0.0,0.0,0.0,12430
20301,0.0,0.0,0.0,0.0,12424
20306,0.0,0.0,0.0,0.0,12420
20311,0.0,0.0,0.0,0.0,12420
20316,0.0,0.0,0.0,0.0,12420
20321,0.0,0.0,0.0,0.0,12420
20326,0.0,0.0,0.0,0.0,12417
20331,0.0,0.0,0.0,0.0,12410
20336,0.0,0.0,0.0,0.0,12410
20341,0.0,0.0,0.0,0.0,12410
20346,0.0,0.0,0.0,0.0,12410
20351,0.0,0.0,0.0,0.0,12410
20356,0.0,0.0,0.0,0.0,12401
20361,0.0,0.0,0.0,0.0,12400
20366,0.0,0.0,0.0,0.0,12400
20371,0.0,0.0,0.0,0.0,12400
20376,0.0,0.0,0.0,0.0,12400
20381,0.0,0.0,0.0,0.0,12399
20386,0.0,0.0,0.0,0.0,12390
20391,0.0,0.0,0.0,0.0,12390
20396,0.0,0.0,0.0,0.0,12390
20401,0.0,0.0,0.0,0.0,12390
20406,0.0,0.0,0.0,0.0,12390
20411,0.0,0.0,0.0,0.0,12380
20416,0.0,0.0,0.0,0.0,12380
20421,0.0,0.0,0.0,0.0,12380
20426,0.0,0.0,0.0,0.0,12380
20431,0.0,0.0,0.0,0.0,12380
20436,0.0,0.0,0.0,0.0,12371
20441,0.0,0.0,0.0,0.0,12370
20446,0.0,0.0,0.0,0.0,12370
20451,0.0,0.0,0.0,0.0,12370
20456,0.0,0.0,0.0,0.0,12370
20461,0.0,0.0,0.0,0.0,12370
20466,0.0,0.0,0.0,0.0,12360
20471,0.0,0.0,0.0,0.0,12360
20476,0.0,0.0,0.0,0.0,12360
20481,0.0,0.0,0.0,0.0,12360
20486,0.0,0.0,0.0,0.0,12360
20491,0.0,0.0,0.0,0.0,12351
20496,0.0,0.0,0.0,0.0,12350
20501,0.0,0.0,0.0,0.0,12350
20506,0.0,0.0,0.0,0.0,12350
20511,0.0,0.0,0.0,0.0,12350
20516,0.0,0.0,0.0,0.0,12345
20521,0.0,0.0,0.0,0.0,12340
20526,0.0,0.0,0.0,0.0,12340
20531,0.0,0.0,0.0,0.0,12340
20536,0.0,0.0,0.0,0.0,12340
20541,0.0,0.0,0.0,0.0,12340
20546,0.0,0.0,0.0,0.0,12330
20551,0.0,0.0,0.0,0.0,12330
20556,0.0,0.0,0.0,0.0,12330
20561,0.0,0.0,0.0,0.0,12330
20566,0.0,0.0,0.0,0.0,12330
20571,0.0,0.0,0.0,0.0,12322
20576,0.0,0.0,0.0,0.0,12320
20581,0.0,0.0,0.0,0.0,12320
20586,0.0,0.0,0.0,0.0,12320
20591,0.0,0.0,0.0,0.0,12320
20596,0.0,0.0,0.0,0.0,12315
20601,0.0,0.0,0.0,0.0,12310
20606,0.0,0.0,0.0,0.0,12310
20611,0.0,0.0,0.0,0.0,12310
20616,0.0,0.0,0.0,0.0,12310
20621,0.0,0.0,0.0,0.0,12310
20626,0.0,0.0,0.0,0.0,12300
20631,0.0,0.0,0.0,0.0,12300
20636,0.0,0.0,0.0,0.0,12300
20641,0.0,0.0,0.0,0.0,12300
20646,0.0,0.0,0.0,0.0,12300
20651,0.0,0.0,0.0,0.0,12293
20656,0.0,0.0,0.0,0.0,12290
20661,0.0,0.0,0.0,0.0,12290
20666,0.0,0.0,0.0,0.0,12290
20671,0.0,0.0,0.0,0.0,12290
20676,0.0,0.0,0.0,0.0,12289
20681,0.0,0.0,0.0,0.0,12280
20686,0.0,0.0,0.0,0.0,12280
20691,0.0,0.0,0.0,0.0,12280
20696,0.0,0.0,0.0,0.0,12280
20701,0.0,0.0,0.0,0.0,12280
20706,0.0,0.0,0.0,0.0,12270
20711,0.0,0.0,0.0,0.0,12270
20716,0.0,0.0,0.0,0.0,12270
20721,0.0,0.0,0.0,0.0,12270
20726,0.0,0.0,0.0,0.0,12270
20731,0.0,0.0,0.0,0.0,12265
20736,0.0,0.0,0.0,0.0,12260
20741,0.0,0.0,0.0,0.0,12260
20746,0.0,0.0,0.0,0.0,12260
20751,0.0,0.0,0.0,0.0,12260
20756,0.0,0.0,0.0,0.0,12260
20761,0.0,0.0,0.0,0.0,12250
20766,0.0,0.0,0.0,0.0,12250
20771,0.0,0.0,0.0,0.0,12250
20776,0.0,0.0,0.0,0.0,12250
20781,0.0,0.0,0.0,0.0,12250
20786,0.0,0.0,0.0,0.0,12243
20791,0.0,0.0,0.0,0.0,12240
20796,0.0,0.0,0.0,0.0,12240
20801,0.0,0.0,0.0,0.0,12240
20806,0.0,0.0,0.0,0.0,12240
20811,0.0,0.0,0.0,0.0,12238
20816,0.0,0.0,0.0,0.0,12230
20821,0.0,0.0,0.0,0.0,12230
20826,0.0,0.0,0.0,0.0,12230
20831,0.0,0.0,0.0,0.0,12230
20836,0.0,0.0,0.0,0.0,12230
20841,0.0,0.0,0.0,0.0,12222
20846,0.0,0.0,0.0,0.0,12220
20851,0.0,0.0,0.0,0.0,12220
20856,0.0,0.0,0.0,0.0,12220
20861,0.0,0.0,0.0,0.0,12220
20866,0.0,0.0,0.0,0.0,12216
20871,0.0,0.0,0.0,0.0,12210
20876,0.0,0.0,0.0,0.0,12210
20881,0.0,0.0,0.0,0.0,12210
20886,0.0,0.0,0.0,0.0,12210
20891,0.0,0.0,0.0,0.0,12210
20896,0.0,0.0,0.0,0.0,12200
20901,0.0,0.0,0.0,0.0,12200
20906,0.0,0.0,0.0,0.0,12200
20911,0.0,0.0,0.0,0.0,12200
20916,0.0,0.0,0.0,0.0,12200
20921,0.0,0.0,0.0,0.0,12193
20926,0.0,0.0,0.0,0.0,12190
20931,0.0,0.0,0.0,0.0,12190
20936,0.0,0.0,0.0,0.0,12190
20941,0.0,0.0,0.0,0.0,12190
20946,0.0,0.0,0.0,0.0,12189
20951,0.0,0.0,0.0,0.0,12180
20956,0.0,0.0,0.0,0.0,12180
20961,0.0,0.0,0.0,0.0,12180
20966,0.0,0.0,0.0,0.0,12180
20971,0.0,0.0,0.0,0.0,12180
20976,0.0,0.0,0.0,0.0,12170
20981,0.0,0.0,0.0,0.0,12170
20986,0.0,0.0,0.0,0.0,12170
20991,0.0,0.0,0.0,0.0,12170
20996,0.0,0.0,0.0,0.0,12170
21001,0.0,0.0,0.0,0.0,12163
21006,0.0,0.0,0.0,0.0,12160
21011,0.0,0.0,0.0,0.0,12160
21016,0.0,0.0,0.0,0.0,12160
21021,0.0,0.0,0.0,0.0,12160
21026,0.0,0.0,0.0,0.0,12157
21031,0.0,0.0,0.0,0.0,12150
21036,0.0,0.0,0.0,0.0,12150
21041,0.0,0.0,0.0,0.0,12150
21046,0.0,0.0,0.0,0.0,12150
21051,0.0,0.0,0.0,0.0,12150
21056,0.0,0.0,0.0,0.0,12140
21061,0.0,0.0,0.0,0.0,12140
21066,0.0,0.0,0.0,0.0,12140
21071,0.0,0.0,0.0,0.0,12140
21076,0.0,0.0,0.0,0.0,12140
21081,0.0,0.0,0.0,0.0,12137
21086,0.0,0.0,0.0,0.0,12130
21091,0.0,0.0,0.0,0.0,12130
21096,0.0,0.0,0.0,0.0,12130
21101,0.0,0.0,0.0,0.0,12130
21106,0.0,0.0,0.0,0.0,12130
21111,0.0,0.0,0.0,0.0,12120
21116,0.0,0.0,0.0,0.0,12120
21121,0.0,0.0,0.0,0.0,12120
21126,0.0,0.0,0.0,0.0,12120
21131,0.0,0.0,0.0,0.0,12120
21136,0.0,0.0,0.0,0.0,12113
21141,0.0,0.0,0.0,0.0,12110
21146,0.0,0.0,0.0,0.0,12110
21151,0.0,0.0,0.0,0.0,12110
21156,0.0,0.0,0.0,0.0,12110
21161,0.0,0.0,0.0,0.0,12109
21166,0.0,0.0,0.0,0.0,12100
21171,0.0,0.0,0.0,0.0,12100
21176,0.0,0.0,0.0,0.0,12100
21181,0.0,0.0,0.0,0.0,12100
21186,0.0,0.0,0.0,0.0,12100
21191,0.0,0.0,0.0,0.0,12091
21196,0.0,0.0,0.0,0.0,12090
21201,0.0,0.0,0.0,0.0,12090
21206,0.0,0.0,0.0,0.0,12090
21211,0.0,0.0,0.0,0.0,12090
21216,0.0,0.0,0.0,0.0,12087
21221,0.0,0.0,0.0,0.0,12080
21226,0.0,0.0,0.0,0.0,12080
21231,0.0,0.0,0.0,0.0,12080
21236,0.0,0.0,0.0,0.0,12080
21241,0.0,0.0,0.0,0.0,12080
21246,0.0,0.0,0.0,0.0,12070
21251,0.0,0.0,0.0,0.0,12070
21256,0.0,0.0,0.0,0.0,12070
21261,0.0,0.0,0.0,0.0,12070
21266,0.0,0.0,0.0,0.0,12070
21271,0.0,0.0,0.0,0.0,12063
21276,0.0,0.0,0.0,0.0,12060
21281,0.0,0.0,0.0,0.0,12060
21286,0.0,0.0,0.0,0.0,12060
21291,0.0,0.0,0.0,0.0,12060
21296,0.0,0.0,0.0,0.0,12059
21301,0.0,0.0,0.0,0.0,12050
21306,0.0,0.0,0.0,0.0,12050
21311,0.0,0.0,0.0,0.0,12050
21316,0.0,0.0,0.0,0.0,12050
21321,0.0,0.0,0.0,0.0,12050
21326,0.0,0.0,0.0,0.0,12040
21331,0.0,0.0,0.0,0.0,12040
21336,0.0,0.0,0.0,0.0,12040
21341,0.0,0.0,0.0,0.0,12040
21346,0.0,0.0,0.0,0.0,12040
21351,0.0,0.0,0.0,0.0,12030
21356,0.0,0.0,0.0,0.0,12030
21361,0.0,0.0,0.0,0.0,12030
21366,0.0,0.0,0.0,0.0,12030
21371,0.0,0.0,0.0,0.0,12030
21376,0.0,0.0,0.0,0.0,12023
21381,0.0,0.0,0.0,0.0,12020
21386,0.0,0.0,0.0,0.0,12020
21391,0.0,0.0,0.0,0.0,12020
21396,0.0,0.0,0.0,0.0,12020
21401,0.0,0.0,0.0,0.0,12018
21406,0.0,0.0,0.0,0.0,12010
21411,0.0,0.0,0.0,0.0,12010
21416,0.0,0.0,0.0,0.0,12010
21421,0.0,0.0,0.0,0.0,12010
21426,0.0,0.0,0.0,0.0,12010
21431,0.0,0.0,0.0,0.0,12000
21436,0.0,0.0,0.0,0.0,12000
21441,0.0,0.0,0.0,0.0,12000
21446,0.0,0.0,0.0,0.0,12000
21451,0.0,0.0,0.0,0.0,12000
21456,0.0,0.0,0.0,0.0,11993
21461,0.0,0.0,0.0,0.0,11990
21466,0.0,0.0,0.0,0.0,11990
21471,0.0,0.0,0.0,0.0,11990
21476,0.0,0.0,0.0,0.0,11990
21481,0.0,0.0,0.0,0.0,11989
21486,0.0,0.0,0.0,0.0,11980
21491,0.0,0.0,0.0,0.0,11980
21496,0.0,0.0,0.0,0.0,11980
21501,0.0,0.0,0.0,0.0,11980
21506,0.0,0.0,0.0,0.0,11980
21511,0.0,0.0,0.0,0.0,11970
21516,0.0,0.0,0.0,0.0,11970
21521,0.0,0.0,0.0,0.0,11970
21526,0.0,0.0,0.0,0.0,11970
21531,0.0,0.0,0.0,0.0,11970
21536,0.0,0.0,0.0,0.0,11966
21541,0.0,0.0,0.0,0.0,11960
21546,0.0,0.0,0.0,0.0,11960
21551,0.0,0.0,0.0,0.0,11960
21556,0.0,0.0,0.0,0.0,11960
21561,0.0,0.0,0.0,0.0,11959
21566,0.0,0.0,0.0,0.0,11950
21571,0.0,0.0,0.0,0.0,11950
21576,0.0,0.0,0.0,0.0,11950
21581,0.0,0.0,0.0,0.0,11950
21586,0.0,0.0,0.0,0.0,11950
21591,0.0,0.0,0.0,0.0,11940
21596,0.0,0.0,0.0,0.0,11940
21601,0.0,0.0,0.0,0.0,11940
21606,0.0,0.0,0.0,0.0,11940
21611,0.0,0.0,0.0,0.0,11940
21616,0.0,0.0,0.0,0.0,11937
21621,0.0,0.0,0.0,0.0,11930
21626,0.0,0.0,0.0,0.0,11930
21631,0.0,0.0,0.0,0.0,11930
21636,0.0,0.0,0.0,0.0,11930
21641,0.0,0.0,0.0,0.0,11929
21646,0.0,0.0,0.0,0.0,11920
21651,0.0,0.0,0.0,0.0,11920
21656,0.0,0.0,0.0,0.0,11920
21661,0.0,0.0,0.0,0.0,11920
21666,0.0,0.0,0.0,0.0,11920
21671,0.0,0.0,0.0,0.0,11910
21676,0.0,0.0,0.0,0.0,11910
21681,0.0,0.0,0.0,0.0,11910
21686,0.0,0.0,0.0,0.0,11910
21691,0.0,0.0,0.0,0.0,11910
21696,0.0,0.0,0.0,0.0,11903
21701,0.0,0.0,0.0,0.0,11900
21706,0.0,0.0,0.0,0.0,11900
21711,0.0,0.0,0.0,0.0,11900
21716,0.0,0.0,0.0,0.0,11900
21721,0.0,0.0,0.0,0.0,11897
21726,0.0,0.0,0.0,0.0,11890
21731,0.0,0.0,0.0,0.0,11890
21736,0.0,0.0,0.0,0.0,11890
21741,0.0,0.0,0.0,0.0,11890
21746,0.0,0.0,0.0,0.0,11890
21751,0.0,0.0,0.0,0.0,11880
21756,0.0,0.0,0.0,0.0,11880
21761,0.0,0.0,0.0,0.0,11880
21766,0.0,0.0,0.0,0.0,11880
21771,0.0,0.0,0.0,0.0,11880
21776,0.0,0.0,0.0,0.0,11873
21781,0.0,0.0,0.0,0.0,11870
21786,0.0,0.0,0.0,0.0,11870
21791,0.0,0.0,0.0,0.0,11870
21796,0.0,0.0,0.0,0.0,11870
21801,0.0,0.0,0.0,0.0,11869
21806,0.0,0.0,0.0,0.0,11860
21811,0.0,0.0,0.0,0.0,11860
21816,0.0,0.0,0.0,0.0,11860
21821,0.0,0.0,0.0,0.0,11860
21826,0.0,0.0,0.0,0.0,11860
21831,0.0,0.0,0.0,0.0,11850
21836,0.0,0.0,0.0,0.0,11850
21841,0.0,0.0,0.0,0.0,11850
21846,0.0,0.0,0.0,0.0,11850
21851,0.0,0.0,0.0,0.0,11850
21856,0.0,0.0,0.0,0.0,11843
21861,0.0,0.0,0.0,0.0,11840
21866,0.0,0.0,0.0,0.0,11840
21871,0.0,0.0,0.0,0.0,11840
21876,0.0,0.0,0.0,0.0,11840
21881,0.0,0.0,0.0,0.0,11840
21886,0.0,0.0,0.0,0.0,11830
21891,0.0,0.0,0.0,0.0,11830
21896,0.0,0.0,0.0,0.0,11830
21901,0.0,0.0,0.0,0.0,11830
21906,0.0,0.0,0.0,0.0,11830
21911,0.0,0.0,0.0,0.0,11820
21916,0.0,0.0,0.0,0.0,11820
21921,0.0,0.0,0.0,0.0,11820
21926,0.0,0.0,0.0,0.0,11820
21931,0.0,0.0,0.0,0.0,11820
21936,0.0,0.0,0.0,0.0,11810
21941,0.0,0.0,0.0,0.0,11810
21946,0.0,0.0,0.0,0.0,11810
21951,0.0,0.0,0.0,0.0,11810
21956,0.0,0.0,0.0,0.0,11810
21961,0.0,0.0,0.0,0.0,11804
21966,0.0,0.0,0.0,0.0,11800
21971,0.0,0.0,0.0,0.0,11800
21976,0.0,0.0,0.0,0.0,11800
21981,0.0,0.0,0.0,0.0,11800
21986,0.0,0.0,0.0,0.0,11800
21991,0.0,0.0,0.0,0.0,11790
21996,0.0,0.0,0.0,0.0,11790
22001,0.0,0.0,0.0,0.0,11790
22006,0.0,0.0,0.0,0.0,11790
22011,0.0,0.0,0.0,0.0,11790
22016,0.0,0.0,0.0,0.0,11780
22021,0.0,0.0,0.0,0.0,11780
22026,0.0,0.0,0.0,0.0,11780
22031,0.0,0.0,0.0,0.0,11780
22036,0.0,0.0,0.0,0.0,11780
22041,0.0,0.0,0.0,0.0,11773
22046,0.0,0.0,0.0,0.0,11770
22051,0.0,0.0,0.0,0.0,11770
22056,0.0,0.0,0.0,0.0,11770
22061,0.0,0.0,0.0,0.0,11770
22066,0.0,0.0,0.0,0.0,11769
22071,0.0,0.0,0.0,0.0,11760
22076,0.0,0.0,0.0,0.0,11760
22081,0.0,0.0,0.0,0.0,11760
22086,0.0,0.0,0.0,0.0,11760
22091,0.0,0.0,0.0,0.0,11760
22096,0.0,0.0,0.0,0.0,11752
22101,0.0,0.0,0.0,0.0,11750
22106,0.0,0.0,0.0,0.0,11750
22111,0.0,0.0,0.0,0.0,11750
22116,0.0,0.0,0.0,0.0,11750
22121,0.0,0.0,0.0,0.0,11749
22126,0.0,0.0,0.0,0.0,11740
22131,0.0,0.0,0.0,0.0,11740
22136,0.0,0.0,0.0,0.0,11740
22141,0.0,0.0,0.0,0.0,11740
22146,0.0,0.0,0.0,0.0,11740
22151,0.0,0.0,0.0,0.0,11730
22156,0.0,0.0,0.0,0.0,11730
22161,0.0,0.0,0.0,0.0,11730
22166,0.0,0.0,0.0,0.0,11730
22171,0.0,0.0,0.0,0.0,11730
22176,0.0,0.0,0.0,0.0,11720
22181,0.0,0.0,0.0,0.0,11720
22186,0.0,0.0,0.0,0.0,11720
22191,0.0,0.0,0.0,0.0,11720
22196,0.0,0.0,0.0,0.0,11720
22201,0.0,0.0,0.0,0.0,11716
22206,0.0,0.0,0.0,0.0,11710
22211,0.0,0.0,0.0,0.0,11710
22216,0.0,0.0,0.0,0.0,11710
22221,0.0,0.0,0.0,0.0,11710
22226,0.0,0.0,0.0,0.0,11709
22231,0.0,0.0,0.0,0.0,11700
22236,0.0,0.0,0.0,0.0,11700
22241,0.0,0.0,0.0,0.0,11700
22246,0.0,0.0,0.0,0.0,11700
22251,0.0,0.0,0.0,0.0,11700
22256,0.0,0.0,0.0,0.0,11691
22261,0.0,0.0,0.0,0.0,11690
22266,0.0,0.0,0.0,0.0,11690
22271,0.0,0.0,0.0,0.0,11690
22276,0.0,0.0,0.0,0.0,11690
22281,0.0,0.0,0.0,0.0,11688
22286,0.0,0.0,0.0,0.0,11680
22291,0.0,0.0,0.0,0.0,11680
22296,0.0,0.0,0.0,0.0,11680
22301,0.0,0.0,0.0,0.0,11680
22306,0.0,0.0,0.0,0.0,11680
22311,0.0,0.0,0.0,0.0,11670
22316,0.0,0.0,0.0,0.0,11670
22321,0.0,0.0,0.0,0.0,11670
22326,0.0,0.0,0.0,0.0,11670
22331,0.0,0.0,0.0,0.0,11670
22336,0.0,0.0,0.0,0.0,11666
22341,0.0,0.0,0.0,0.0,11660
22346,0.0,0.0,0.0,0.0,11660
22351,0.0,0.0,0.0,0.0,11660
22356,0.0,0.0,0.0,0.0,11660
22361,0.0,0.0,0.0,0.0,11660
22366,0.0,0.0,0.0,0.0,11650
22371,0.0,0.0,0.0,0.0,11650
22376,0.0,0.0,0.0,0.0,11650
22381,0.0,0.0,0.0,0.0,11650
22386,0.0,0.0,0.0,0.0,11650
22391,0.0,0.0,0.0,0.0,11641
22396,0.0,0.0,0.0,0.0,11640
22401,0.0,0.0,0.0,0.0,11640
22406,0.0,0.0,0.0,0.0,11640
22411,0.0,0.0,0.0,0.0,11640
22416,0.0,0.0,0.0,0.0,11635
22421,0.0,0.0,0.0,0.0,11630
22426,0.0,0.0,0.0,0.0,11630
22431,0.0,0.0,0.0,0.0,11630
22436,0.0,0.0,0.0,0.0,11630
22441,0.0,0.0,0.0,0.0,11630
22446,0.0,0.0,0.0,0.0,11620
22451,0.0,0.0,0.0,0.0,11620
22456,0.0,0.0,0.0,0.0,11620
22461,0.0,0.0,0.0,0.0,11620
22466,0.0,0.0,0.0,0.0,11620
22471,0.0,0.0,0.0,0.0,11615
22476,0.0,0.0,0.0,0.0,11610
22481,0.0,0.0,0.0,0.0,11610
22486,0.0,0.0,0.0,0.0,11610
22491,0.0,0.0,0.0,0.0,11610
22496,0.0,0.0,0.0,0.0,11610
22501,0.0,0.0,0.0,0.0,11600
22506,0.0,0.0,0.0,0.0,11600
22511,0.0,0.0,0.0,0.0,11600
22516,0.0,0.0,0.0,0.0,11600
22521,0.0,0.0,0.0,0.0,11600
22526,0.0,0.0,0.0,0.0,11596
22531,0.0,0.0,0.0,0.0,11590
22536,0.0,0.0,0.0,0.0,11590
22541,0.0,0.0,0.0,0.0,11590
22546,0.0,0.0,0.0,0.0,11590
22551,0.0,0.0,0.0,0.0,11590
22556,0.0,0.0,0.0,0.0,11580
22561,0.0,0.0,0.0,0.0,11580
22566,0.0,0.0,0.0,0.0,11580
22571,0.0,0.0,0.0,0.0,11580
22576,0.0,0.0,0.0,0.0,11580
22581,0.0,0.0,0.0,0.0,11572
22586,0.0,0.0,0.0,0.0,11570
22591,0.0,0.0,0.0,0.0,11570
22596,0.0,0.0,0.0,0.0,11570
22601,0.0,0.0,0.0,0.0,11570
22606,0.0,0.0,0.0,0.0,11566
22611,0.0,0.0,0.0,0.0,11560
22616,0.0,0.0,0.0,0.0,11560
22621,0.0,0.0,0.0,0.0,11560
22626,0.0,0.0,0.0,0.0,11560
22631,0.0,0.0,0.0,0.0,11559
22636,0.0,0.0,0.0,0.0,11550
22641,0.0,0.0,0.0,0.0,11550
22646,0.0,0.0,0.0,0.0,11550
22651,0.0,0.0,0.0,0.0,11550
22656,0.0,0.0,0.0,0.0,11550
22661,0.0,0.0,0.0,0.0,11541
22666,0.0,0.0,0.0,0.0,11540
22671,0.0,0.0,0.0,0.0,11540
22676,0.0,0.0,0.0,0.0,11540
22681,0.0,0.0,0.0,0.0,11540
22686,0.0,0.0,0.0,0.0,11539
22691,0.0,0.0,0.0,0.0,11530
22696,0.0,0.0,0.0,0.0,11530
22701,0.0,0.0,0.0,0.0,11530
22706,0.0,0.0,0.0,0.0,11530
22711,0.0,0.0,0.0,0.0,11530
22716,0.0,0.0,0.0,0.0,11520
22721,0.0,0.0,0.0,0.0,11520
22726,0.0,0.0,0.0,0.0,11520
22731,0.0,0.0,0.0,0.0,11520
22736,0.0,0.0,0.0,0.0,11520
22741,0.0,0.0,0.0,0.0,11510
22746,0.0,0.0,0.0,0.0,11510
22751,0.0,0.0,0.0,0.0,11510
22756,0.0,0.0,0.0,0.0,11510
22761,0.0,0.0,0.0,0.0,11510
22766,0.0,0.0,0.0,0.0,11504
22771,0.0,0.0,0.0,0.0,11500
22776,0.0,0.0,0.0,0.0,11500
22781,0.0,0.0,0.0,0.0,11500
22786,0.0,0.0,0.0,0.0,11500
22791,0.0,0.0,0.0,0.0,11499
22796,0.0,0.0,0.0,0.0,11490
22801,0.0,0.0,0.0,0.0,11490
22806,0.0,0.0,0.0,0.0,11490
22811,0.0,0.0,0.0,0.0,11490
22816,0.0,0.0,0.0,0.0,11490
22821,0.0,0.0,0.0,0.0,11480
22826,0.0,0.0,0.0,0.0,11480
22831,0.0,0.0,0.0,0.0,11480
22836,0.0,0.0,0.0,0.0,11480
22841,0.0,0.0,0.0,0.0,11480
22846,0.0,0.0,0.0,0.0,11470
22851,0.0,0.0,0.0,0.0,11470
22856,0.0,0.0,0.0,0.0,11470
22861,0.0,0.0,0.0,0.0,11470
22866,0.0,0.0,0.0,0.0,11470
22871,0.0,0.0,0.0,0.0,11464
22876,0.0,0.0,0.0,0.0,11460
22881,0.0,0.0,0.0,0.0,11460
22886,0.0,0.0,0.0,0.0,11460
22891,0.0,0.0,0.0,0.0,11460
22896,0.0,0.0,0.0,0.0,11460
22901,0.0,0.0,0.0,0.0,11450
22906,0.0,0.0,0.0,0.0,11450
22911,0.0,0.0,0.0,0.0,11450
22916,0.0,0.0,0.0,0.0,11450
22921,0.0,0.0,0.0,0.0,11450
22926,0.0,0.0,0.0,0.0,11442
22931,0.0,0.0,0.0,0.0,11440
22936,0.0,0.0,0.0,0.0,11440
22941,0.0,0.0,0.0,0.0,11440
22946,0.0,0.0,0.0,0.0,11440
22951,0.0,0.0,0.0,0.0,11440
22956,0.0,0.0,0.0,0.0,11430
22961,0.0,0.0,0.0,0.0,11430
22966,0.0,0.0,0.0,0.0,11430
22971,0.0,0.0,0.0,0.0,11430
22976,0.0,0.0,0.0,0.0,11430
22981,0.0,0.0,0.0,0.0,11420
22986,0.0,0.0,0.0,0.0,11420
22991,0.0,0.0,0.0,0.0,11420
22996,0.0,0.0,0.0,0.0,11420
23001,0.0,0.0,0.0,0.0,11420
23006,0.0,0.0,0.0,0.0,11416
23011,0.0,0.0,0.0,0.0,11410
23016,0.0,0.0,0.0,0.0,11410
23021,0.0,0.0,0.0,0.0,11410
23026,0.0,0.0,0.0,0.0,11410
23031,0.0,0.0,0.0,0.0,11410
23036,0.0,0.0,0.0,0.0,11400
23041,0.0,0.0,0.0,0.0,11400
23046,0.0,0.0,0.0,0.0,11400
23051,0.0,0.0,0.0,0.0,11400
23056,0.0,0.0,0.0,0.0,11400
23061,0.0,0.0,0.0,0.0,11391
23066,0.0,0.0,0.0,0.0,11390
23071,0.0,0.0,0.0,0.0,11390
23076,0.0,0.0,0.0,0.0,11390
23081,0.0,0.0,0.0,0.0,11390
23086,0.0,0.0,0.0,0.0,11387
23091,0.0,0.0,0.0,0.0,11380
23096,0.0,0.0,0.0,0.0,11380
23101,0.0,0.0,0.0,0.0,11380
23106,0.0,0.0,0.0,0.0,11380
23111,0.0,0.0,0.0,0.0,11379
23116,0.0,0.0,0.0,0.0,11370
23121,0.0,0.0,0.0,0.0,11370
23126,0.0,0.0,0.0,0.0,11370
23131,0.0,0.0,0.0,0.0,11370
23136,0.0,0.0,0.0,0.0,11370
23141,0.0,0.0,0.0,0.0,11361
23146,0.0,0.0,0.0,0.0,11360
23151,0.0,0.0,0.0,0.0,11360
23156,0.0,0.0,0.0,0.0,11360
23161,0.0,0.0,0.0,0.0,11360
23166,0.0,0.0,0.0,0.0,11358
23171,0.0,0.0,0.0,0.0,11350
23176,0.0,0.0,0.0,0.0,11350
23181,0.0,0.0,0.0,0.0,11350
23186,0.0,0.0,0.0,0.0,11350
23191,0.0,0.0,0.0,0.0,11350
23196,0.0,0.0,0.0,0.0,11340
23201,0.0,0.0,0.0,0.0,11340
23206,0.0,0.0,0.0,0.0,11340
23211,0.0,0.0,0.0,0.0,11340
23216,0.0,0.0,0.0,0.0,11340
23221,0.0,0.0,0.0,0.0,11333
23226,0.0,0.0,0.0,0.0,11330
23231,0.0,0.0,0.0,0.0,11330
23236,0.0,0.0,0.0,0.0,11330
23241,0.0,0.0,0.0,0.0,11330
23246,0.0,0.0,0.0,0.0,11329
23251,0.0,0.0,0.0,0.0,11320
23256,0.0,0.0,0.0,0.0,11320
23261,0.0,0.0,0.0,0.0,11320
23266,0.0,0.0,0.0,0.0,11320
23271,0.0,0.0,0.0,0.0,11320
23276,0.0,0.0,0.0,0.0,11312
23281,0.0,0.0,0.0,0.0,11310
23286,0.0,0.0,0.0,0.0,11310
23291,0.0,0.0,0.0,0.0,11310
23296,0.0,0.0,0.0,0.0,11310
23301,0.0,0.0,0.0,0.0,11308
23306,0.0,0.0,0.0,0.0,11300
23311,0.0,0.0,0.0,0.0,11300
23316,0.0,0.0,0.0,0.0,11300
23321,0.0,0.0,0.0,0.0,11300
23326,0.0,0.0,0.0,0.0,11300
23331,0.0,0.0,0.0,0.0,11290
23336,0.0,0.0,0.0,0.0,11290
23341,0.0,0.0,0.0,0.0,11290
23346,0.0,0.0,0.0,0.0,11290
23351,0.0,0.0,0.0,0.0,11290
23356,0.0,0.0,0.0,0.0,11285
23361,0.0,0.0,0.0,0.0,11280
23366,0.0,0.0,0.0,0.0,11280
23371,0.0,0.0,0.0,0.0,11280
23376,0.0,0.0,0.0,0.0,11280
23381,0.0,0.0,0.0,0.0,11279
23386,0.0,0.0,0.0,0.0,11270
23391,0.0,0.0,0.0,0.0,11270
23396,0.0,0.0,0.0,0.0,11270
23401,0.0,0.0,0.0,0.0,11270
23406,0.0,0.0,0.0,0.0,11270
23411,0.0,0.0,0.0,0.0,11260
23416,0.0,0.0,0.0,0.0,11260
23421,0.0,0.0,0.0,0.0,11260
23426,0.0,0.0,0.0,0.0,11260
23431,0.0,0.0,0.0,0.0,11260
23436,0.0,0.0,0.0,0.0,11251
23441,0.0,0.0,0.0,0.0,11250
23446,0.0,0.0,0.0,0.0,11250
23451,0.0,0.0,0.0,0.0,11250
23456,0.0,0.0,0.0,0.0,11250
23461,0.0,0.0,0.0,0.0,11247
23466,0.0,0.0,0.0,0.0,11240
23471,0.0,0.0,0.0,0.0,11240
23476,0.0,0.0,0.0,0.0,11240
23481,0.0,0.0,0.0,0.0,11240
23486,0.0,0.0,0.0,0.0,11240
23491,0.0,0.0,0.0,0.0,11230
23496,0.0,0.0,0.0,0.0,11230
23501,0.0,0.0,0.0,0.0,11230
23506,0.0,0.0,0.0,0.0,11230
23511,0.0,0.0,0.0,0.0,11230
23516,0.0,0.0,0.0,0.0,11222
23521,0.0,0.0,0.0,0.0,11220
23526,0.0,0.0,0.0,0.0,11220
23531,0.0,0.0,0.0,0.0,11220
23536,0.0,0.0,0.0,0.0,11220
23541,0.0,0.0,0.0,0.0,11219
23546,0.0,0.0,0.0,0.0,11210
23551,0.0,0.0,0.0,0.0,11210
23556,0.0,0.0,0.0,0.0,11210
23561,0.0,0.0,0.0,0.0,11210
23566,0.0,0.0,0.0,0.0,11210
23571,0.0,0.0,0.0,0.0,11200
23576,0.0,0.0,0.0,0.0,11200
23581,0.0,0.0,0.0,0.0,11200
23586,0.0,0.0,0.0,0.0,11200
23591,0.0,0.0,0.0,0.0,11200
23596,0.0,0.0,0.0,0.0,11193
23601,0.0,0.0,0.0,0.0,11190
23606,0.0,0.0,0.0,0.0,11190
23611,0.0,0.0,0.0,0.0,11190
23616,0.0,0.0,0.0,0.0,11190
23621,0.0,0.0,0.0,0.0,11188
23626,0.0,0.0,0.0,0.0,11180
23631,0.0,0.0,0.0,0.0,11180
23636,0.0,0.0,0.0,0.0,11180
23641,0.0,0.0,0.0,0.0,11180
23646,0.0,0.0,0.0,0.0,11180
23651,0.0,0.0,0.0,0.0,11170
23656,0.0,0.0,0.0,0.0,11170
23661,0.0,0.0,0.0,0.0,11170
23666,0.0,0.0,0.0,0.0,11170
23671,0.0,0.0,0.0,0.0,11170
23676,0.0,0.0,0.0,0.0,11160
23681,0.0,0.0,0.0,0.0,11160
23686,0.0,0.0,0.0,0.0,11160
23691,0.0,0.0,0.0,0.0,11160
23696,0.0,0.0,0.0,0.0,11160
23701,0.0,0.0,0.0,0.0,11154
23706,0.0,0.0,0.0,0.0,11150
23711,0.0,0.0,0.0,0.0,11150
23716,0.0,0.0,0.0,0.0,11150
23721,0.0,0.0,0.0,0.0,11150
23726,0.0,0.0,0.0,0.0,11148
23731,0.0,0.0,0.0,0.0,11140
23736,0.0,0.0,0.0,0.0,11140
23741,0.0,0.0,0.0,0.0,11140
23746,0.0,0.0,0.0,0.0,11140
23751,0.0,0.0,0.0,0.0,11140
23756,0.0,0.0,0.0,0.0,11130
23761,0.0,0.0,0.0,0.0,11130
23766,0.0,0.0,0.0,0.0,11130
23771,0.0,0.0,0.0,0.0,11130
23776,0.0,0.0,0.0,0.0,11130
23781,0.0,0.0,0.0,0.0,11121
23786,0.0,0.0,0.0,0.0,11120
23791,0.0,0.0,0.0,0.0,11120
23796,0.0,0.0,0.0,0.0,11120
23801,0.0,0.0,0.0,0.0,11120
23806,0.0,0.0,0.0,0.0,11119
23811,0.0,0.0,0.0,0.0,11110
23816,0.0,0.0,0.0,0.0,11110
23821,0.0,0.0,0.0,0.0,11110
23826,0.0,0.0,0.0,0.0,11110
23831,0.0,0.0,0.0,0.0,11110
23836,0.0,0.0,0.0,0.0,11100
23841,0.0,0.0,0.0,0.0,11100
23846,0.0,0.0,0.0,0.0,11100
23851,0.0,0.0,0.0,0.0,11100
23856,0.0,0.0,0.0,0.0,11100
23861,0.0,0.0,0.0,0.0,11090
23866,0.0,0.0,0.0,0.0,11090
23871,0.0,0.0,0.0,0.0,11090
23876,0.0,0.0,0.0,0.0,11090
23881,0.0,0.0,0.0,0.0,11090
23886,0.0,0.0,0.0,0.0,11082
23891,0.0,0.0,0.0,0.0,11080
23896,0.0,0.0,0.0,0.0,11080
23901,0.0,0.0,0.0,0.0,11080
23906,0.0,0.0,0.0,0.0,11080
23911,0.0,0.0,0.0,0.0,11080
23916,0.0,0.0,0.0,0.0,11070
23921,0.0,0.0,0.0,0.0,11070
23926,0.0,0.0,0.0,0.0,11070
23931,0.0,0.0,0.0,0.0,11070
23936,0.0,0.0,0.0,0.0,11070
23941,0.0,0.0,0.0,0.0,11060
23946,0.0,0.0,0.0,0.0,11060
23951,0.0,0.0,0.0,0.0,11060
23956,0.0,0.0,0.0,0.0,11060
23961,0.0,0.0,0.0,0.0,11060
23966,0.0,0.0,0.0,0.0,11056
23971,0.0,0.0,0.0,0.0,11050
23976,0.0,0.0,0.0,0.0,11050
23981,0.0,0.0,0.0,0.0,11050
23986,0.0,0.0,0.0,0.0,11050
23991,0.0,0.0,0.0,0.0,11050
23996,0.0,0.0,0.0,0.0,11040
24001,0.0,0.0,0.0,0.0,11040
24006,0.0,0.0,0.0,0.0,11040
24011,0.0,0.0,0.0,0.0,11040
24016,0.0,0.0,0.0,0.0,11040
24021,0.0,0.0,0.0,0.0,11030
24026,0.0,0.0,0.0,0.0,11030
24031,0.0,0.0,0.0,0.0,11030
24036,0.0,0.0,0.0,0.0,11030
24041,0.0,0.0,0.0,0.0,11030
24046,0.0,0.0,0.0,0.0,11028
24051,0.0,0.0,0.0,0.0,11020
24056,0.0,0.0,0.0,0.0,11020
24061,0.0,0.0,0.0,0.0,11020
24066,0.0,0.0,0.0,0.0,11020
24071,0.0,0.0,0.0,0.0,11020
24076,0.0,0.0,0.0,0.0,11010
24081,0.0,0.0,0.0,0.0,11010
24086,0.0,0.0,0.0,0.0,11010
24091,0.0,0.0,0.0,0.0,11010
24096,0.0,0.0,0.0,0.0,11010
24101,0.0,0.0,0.0,0.0,11001
24106,0.0,0.0,0.0,0.0,11000
24111,0.0,0.0,0.0,0.0,11000
24116,0.0,0.0,0.0,0.0,11000
24121,0.0,0.0,0.0,0.0,11000
24126,0.0,0.0,0.0,0.0,10997
24131,0.0,0.0,0.0,0.0,10990
24136,0.0,0.0,0.0,0.0,10990
24141,0.0,0.0,0.0,0.0,10990
24146,0.0,0.0,0.0,0.0,10990
24151,0.0,0.0,0.0,0.0,10990
24156,0.0,0.0,0.0,0.0,10980
24161,0.0,0.0,0.0,0.0,10980
24166,0.0,0.0,0.0,0.0,10980
24171,0.0,0.0,0.0,0.0,10980
24176,0.0,0.0,0.0,0.0,10980
24181,0.0,0.0,0.0,0.0,10975
24186,0.0,0.0,0.0,0.0,10970
24191,0.0,0.0,0.0,0.0,10970
24196,0.0,0.0,0.0,0.0,10970
24201,0.0,0.0,0.0,0.0,10970
24206,0.0,0.0,0.0,0.0,10970
24211,0.0,0.0,0.0,0.0,10960
24216,0.0,0.0,0.0,0.0,10960
24221,0.0,0.0,0.0,0.0,10960
24226,0.0,0.0,0.0,0.0,10960
24231,0.0,0.0,0.0,0.0,10960
24236,0.0,0.0,0.0,0.0,10951
24241,0.0,0.0,0.0,0.0,10950
24246,0.0,0.0,0.0,0.0,10950
24251,0.0,0.0,0.0,0.0,10950
24256,0.0,0.0,0.0,0.0,10950
24261,0.0,0.0,0.0,0.0,10946
24266,0.0,0.0,0.0,0.0,10940
24271,0.0,0.0,0.0,0.0,10940
24276,0.0,0.0,0.0,0.0,10940
24281,0.0,0.0,0.0,0.0,10940
24286,0.0,0.0,0.0,0.0,10940
24291,0.0,0.0,0.0,0.0,10930
24296,0.0,0.0,0.0,0.0,10930
24301,0.0,0.0,0.0,0.0,10930
24306,0.0,0.0,0.0,0.0,10930
24311,0.0,0.0,0.0,0.0,10930
24316,0.0,0.0,0.0,0.0,10923
24321,0.0,0.0,0.0,0.0,10920
24326,0.0,0.0,0.0,0.0,10920
24331,0.0,0.0,0.0,0.0,10920
24336,0.0,0.0,0.0,0.0,10920
24341,0.0,0.0,0.0,0.0,10919
24346,0.0,0.0,0.0,0.0,10910
24351,0.0,0.0,0.0,0.0,10910
24356,0.0,0.0,0.0,0.0,10910
24361,0.0,0.0,0.0,0.0,10910
24366,0.0,0.0,0.0,0.0,10910
24371,0.0,0.0,0.0,0.0,10900
24376,0.0,0.0,0.0,0.0,10900
24381,0.0,0.0,0.0,0.0,10900
24386,0.0,0.0,0.0,0.0,10900
24391,0.0,0.0,0.0,0.0,10900
24396,0.0,0.0,0.0,0.0,10893
24401,0.0,0.0,0.0,0.0,10890
24406,0.0,0.0,0.0,0.0,10890
24411,0.0,0.0,0.0,0.0,10890
24416,0.0,0.0,0.0,0.0,10890
24421,0.0,0.0,0.0,0.0,10890
24426,0.0,0.0,0.0,0.0,10880
24431,0.0,0.0,0.0,0.0,10880
24436,0.0,0.0,0.0,0.0,10880
24441,0.0,0.0,0.0,0.0,10880
24446,0.0,0.0,0.0,0.0,10880
24451,0.0,0.0,0.0,0.0,10871
24456,0.0,0.0,0.0,0.0,10870
24461,0.0,0.0,0.0,0.0,10870
24466,0.0,0.0,0.0,0.0,10870
24471,0.0,0.0,0.0,0.0,10870
24476,0.0,0.0,0.0,0.0,10868
24481,0.0,0.0,0.0,0.0,10860
24486,0.0,0.0,0.0,0.0,10860
24491,0.0,0.0,0.0,0.0,10860
24496,0.0,0.0,0.0,0.0,10860
24501,0.0,0.0,0.0,0.0,10858
24506,0.0,0.0,0.0,0.0,10850
24511,0.0,0.0,0.0,0.0,10850
24516,0.0,0.0,0.0,0.0,10850
24521,0.0,0.0,0.0,0.0,10850
24526,0.0,0.0,0.0,0.0,10850
24531,0.0,0.0,0.0,0.0,10840
24536,0.0,0.0,0.0,0.0,10840
24541,0.0,0.0,0.0,0.0,10840
24546,0.0,0.0,0.0,0.0,10840
24551,0.0,0.0,0.0,0.0,10840
24556,0.0,0.0,0.0,0.0,10834
24561,0.0,0.0,0.0,0.0,10830
24566,0.0,0.0,0.0,0.0,10830
24571,0.0,0.0,0.0,0.0,10830
24576,0.0,0.0,0.0,0.0,10830
24581,0.0,0.0,0.0,0.0,10830
24586,0.0,0.0,0.0,0.0,10820
24591,0.0,0.0,0.0,0.0,10820
24596,0.0,0.0,0.0,0.0,10820
24601,0.0,0.0,0.0,0.0,10820
24606,0.0,0.0,0.0,0.0,10820
24611,0.0,0.0,0.0,0.0,10815
24616,0.0,0.0,0.0,0.0,10810
24621,0.0,0.0,0.0,0.0,10810
24626,0.0,0.0,0.0,0.0,10810
24631,0.0,0.0,0.0,0.0,10810
24636,0.0,0.0,0.0,0.0,10810
24641,0.0,0.0,0.0,0.0,10800
24646,0.0,0.0,0.0,0.0,10800
24651,0.0,0.0,0.0,0.0,10800
24656,0.0,0.0,0.0,0.0,10800
24661,0.0,0.0,0.0,0.0,10800
24666,0.0,0.0,0.0,0.0,10791
24671,0.0,0.0,0.0,0.0,10790
24676,0.0,0.0,0.0,0.0,10790
24681,0.0,0.0,0.0,0.0,10790
24686,0.0,0.0,0.0,0.0,10790
24691,0.0,0.0,0.0,0.0,10787
24696,0.0,0.0,0.0,0.0,10780
24701,0.0,0.0,0.0,0.0,10780
24706,0.0,0.0,0.0,0.0,10780
24711,0.0,0.0,0.0,0.0,10780
24716,0.0,0.0,0.0,0.0,10780
24721,0.0,0.0,0.0,0.0,10770
24726,0.0,0.0,0.0,0.0,10770
24731,0.0,0.0,0.0,0.0,10770
24736,0.0,0.0,0.0,0.0,10770
24741,0.0,0.0,0.0,0.0,10770
24746,0.0,0.0,0.0,0.0,10762
24751,0.0,0.0,0.0,0.0,10760
24756,0.0,0.0,0.0,0.0,10760
24761,0.0,0.0,0.0,0.0,10760
24766,0.0,0.0,0.0,0.0,10760
24771,0.0,0.0,0.0,0.0,10757
24776,0.0,0.0,0.0,0.0,10750
24781,0.0,0.0,0.0,0.0,10750
24786,0.0,0.0,0.0,0.0,10750
24791,0.0,0.0,0.0,0.0,10750
24796,0.0,0.0,0.0,0.0,10750
24801,0.0,0.0,0.0,0.0,10740
24806,0.0,0.0,0.0,0.0,10740
24811,0.0,0.0,0.0,0.0,10740
24816,0.0,0.0,0.0,0.0,10740
24821,0.0,0.0,0.0,0.0,10740
24826,0.0,0.0,0.0,0.0,10737
24831,0.0,0.0,0.0,0.0,10730
24836,0.0,0.0,0.0,0.0,10730
24841,0.0,0.0,0.0,0.0,10730
24846,0.0,0.0,0.0,0.0,10730
24851,0.0,0.0,0.0,0.0,10728
24856,0.0,0.0,0.0,0.0,10720
24861,0.0,0.0,0.0,0.0,10720
24866,0.0,0.0,0.0,0.0,10720
24871,0.0,0.0,0.0,0.0,10720
24876,0.0,0.0,0.0,0.0,10720
24881,0.0,0.0,0.0,0.0,10710
24886,0.0,0.0,0.0,0.0,10710
24891,0.0,0.0,0.0,0.0,10710
24896,0.0,0.0,0.0,0.0,10710
24901,0.0,0.0,0.0,0.0,10710
24906,0.0,0.0,0.0,0.0,10703
24911,0.0,0.0,0.0,0.0,10700
24916,0.0,0.0,0.0,0.0,10700
24921,0.0,0.0,0.0,0.0,10700
24926,0.0,0.0,0.0,0.0,10700
24931,0.0,0.0,0.0,0.0,10698
24936,0.0,0.0,0.0,0.0,10690
24941,0.0,0.0,0.0,0.0,10690
24946,0.0,0.0,0.0,0.0,10690
24951,0.0,0.0,0.0,0.0,10690
24956,0.0,0.0,0.0,0.0,10690
24961,0.0,0.0,0.0,0.0,10680
24966,0.0,0.0,0.0,0.0,10680
24971,0.0,0.0,0.0,0.0,10680
24976,0.0,0.0,0.0,0.0,10680
24981,0.0,0.0,0.0,0.0,10680
24986,0.0,0.0,0.0,0.0,10672
24991,0.0,0.0,0.0,0.0,10670
24996,0.0,0.0,0.0,0.0,10670
25001,0.0,0.0,0.0,0.0,10670
25006,0.0,0.0,0.0,0.0,10670
25011,0.0,0.0,0.0,0.0,10669
25016,0.0,0.0,0.0,0.0,10660
25021,0.0,0.0,0.0,0.0,10660
25026,0.0,0.0,0.0,0.0,10660
25031,0.0,0.0,0.0,0.0,10660
25036,0.0,0.0,0.0,0.0,10660
25041,0.0,0.0,0.0,0.0,10650
25046,0.0,0.0,0.0,0.0,10650
25051,0.0,0.0,0.0,0.0,10650
25056,0.0,0.0,0.0,0.0,10650
25061,0.0,0.0,0.0,0.0,10650
25066,0.0,0.0,0.0,0.0,10642
25071,0.0,0.0,0.0,0.0,10640
25076,0.0,0.0,0.0,0.0,10640
25081,0.0,0.0,0.0,0.0,10640
25086,0.0,0.0,0.0,0.0,10640
25091,0.0,0.0,0.0,0.0,10640
25096,0.0,0.0,0.0,0.0,10630
25101,0.0,0.0,0.0,0.0,10630
25106,0.0,0.0,0.0,0.0,10630
25111,0.0,0.0,0.0,0.0,10630
25116,0.0,0.0,0.0,0.0,10630
25121,0.0,0.0,0.0,0.0,10620
25126,0.0,0.0,0.0,0.0,10620
25131,0.0,0.0,0.0,0.0,10620
25136,0.0,0.0,0.0,0.0,10620
25141,0.0,0.0,0.0,0.0,10620
25146,0.0,0.0,0.0,0.0,10613
25151,0.0,0.0,0.0,0.0,10610
25156,0.0,0.0,0.0,0.0,10610
25161,0.0,0.0,0.0,0.0,10610
25166,0.0,0.0,0.0,0.0,10610
25171,0.0,0.0,0.0,0.0,10608
25176,0.0,0.0,0.0,0.0,10600
25181,0.0,0.0,0.0,0.0,10600
25186,0.0,0.0,0.0,0.0,10600
25191,0.0,0.0,0.0,0.0,10600
25196,0.0,0.0,0.0,0.0,10600
25201,0.0,0.0,0.0,0.0,10590
25206,0.0,0.0,0.0,0.0,10590
25211,0.0,0.0,0.0,0.0,10590
25216,0.0,0.0,0.0,0.0,10590
25221,0.0,0.0,0.0,0.0,10590
25226,0.0,0.0,0.0,0.0,10581
25231,0.0,0.0,0.0,0.0,10580
25236,0.0,0.0,0.0,0.0,10580
25241,0.0,0.0,0.0,0.0,10580
25246,0.0,0.0,0.0,0.0,10580
25251,0.0,0.0,0.0,0.0,10576
25256,0.0,0.0,0.0,0.0,10570
25261,0.0,0.0,0.0,0.0,10570
25266,0.0,0.0,0.0,0.0,10570
25271,0.0,0.0,0.0,0.0,10570
25276,0.0,0.0,0.0,0.0,10570
25281,0.0,0.0,0.0,0.0,10560
25286,0.0,0.0,0.0,0.0,10560
25291,0.0,0.0,0.0,0.0,10560
25296,0.0,0.0,0.0,0.0,10560
25301,0.0,0.0,0.0,0.0,10560
25306,0.0,0.0,0.0,0.0,10550
25311,0.0,0.0,0.0,0.0,10550
25316,0.0,0.0,0.0,0.0,10550
25321,0.0,0.0,0.0,0.0,10550
25326,0.0,0.0,0.0,0.0,10550
25331,0.0,0.0,0.0,0.0,10544
25336,0.0,0.0,0.0,0.0,10540
25341,0.0,0.0,0.0,0.0,10540
25346,0.0,0.0,0.0,0.0,10540
25351,0.0,0.0,0.0,0.0,10540
25356,0.0,0.0,0.0,0.0,10540
25361,0.0,0.0,0.0,0.0,10530
25366,0.0,0.0,0.0,0.0,10530
25371,0.0,0.0,0.0,0.0,10530
25376,0.0,0.0,0.0,0.0,10530
25381,0.0,0.0,0.0,0.0,10530
25386,0.0,0.0,0.0,0.0,10523
25391,0.0,0.0,0.0,0.0,10520
25396,0.0,0.0,0.0,0.0,10520
25401,0.0,0.0,0.0,0.0,10520
25406,0.0,0.0,0.0,0.0,10520
25411,0.0,0.0,0.0,0.0,10518
25416,0.0,0.0,0.0,0.0,10510
25421,0.0,0.0,0.0,0.0,10510
25426,0.0,0.0,0.0,0.0,10510
25431,0.0,0.0,0.0,0.0,10510
25436,0.0,0.0,0.0,0.0,10510
25441,0.0,0.0,0.0,0.0,10500
25446,0.0,0.0,0.0,0.0,10500
25451,0.0,0.0,0.0,0.0,10500
25456,0.0,0.0,0.0,0.0,10500
25461,0.0,0.0,0.0,0.0,10500
25466,0.0,0.0,0.0,0.0,10492
25471,0.0,0.0,0.0,0.0,10490
25476,0.0,0.0,0.0,0.0,10490
25481,0.0,0.0,0.0,0.0,10490
25486,0.0,0.0,0.0,0.0,10490
25491,0.0,0.0,0.0,0.0,10489
25496,0.0,0.0,0.0,0.0,10480
25501,0.0,0.0,0.0,0.0,10480
25506,0.0,0.0,0.0,0.0,10480
25511,0.0,0.0,0.0,0.0,10480
25516,0.0,0.0,0.0,0.0,10480
25521,0.0,0.0,0.0,0.0,10474
25526,0.0,0.0,0.0,0.0,10470
25531,0.0,0.0,0.0,0.0,10470
25536,0.0,0.0,0.0,0.0,10470
25541,0.0,0.0,0.0,0.0,10470
25546,0.0,0.0,0.0,0.0,10466
25551,0.0,0.0,0.0,0.0,10460
25556,0.0,0.0,0.0,0.0,10460
25561,0.0,0.0,0.0,0.0,10460
25566,0.0,0.0,0.0,0.0,10460
25571,0.0,0.0,0.0,0.0,10460
25576,0.0,0.0,0.0,0.0,10450
25581,0.0,0.0,0.0,0.0,10450
25586,0.0,0.0,0.0,0.0,10450
25591,0.0,0.0,0.0,0.0,10450
25596,0.0,0.0,0.0,0.0,10450
25601,0.0,0.0,0.0,0.0,10445
25606,0.0,0.0,0.0,0.0,10440
25611,0.0,0.0,0.0,0.0,10440
25616,0.0,0.0,0.0,0.0,10440
25621,0.0,0.0,0.0,0.0,10440
25626,0.0,0.0,0.0,0.0,10440
25631,0.0,0.0,0.0,0.0,10430
25636,0.0,0.0,0.0,0.0,10430
25641,0.0,0.0,0.0,0.0,10430
25646,0.0,0.0,0.0,0.0,10430
25651,0.0,0.0,0.0,0.0,10430
25656,0.0,0.0,0.0,0.0,10422
25661,0.0,0.0,0.0,0.0,10420
25666,0.0,0.0,0.0,0.0,10420
25671,0.0,0.0,0.0,0.0,10420
25676,0.0,0.0,0.0,0.0,10420
25681,0.0,0.0,0.0,0.0,10417
25686,0.0,0.0,0.0,0.0,10410
25691,0.0,0.0,0.0,0.0,10410
25696,0.0,0.0,0.0,0.0,10410
25701,0.0,0.0,0.0,0.0,10410
25706,0.0,0.0,0.0,0.0,10410
25711,0.0,0.0,0.0,0.0,10400
25716,0.0,0.0,0.0,0.0,10400
25721,0.0,0.0,0.0,0.0,10400
25726,0.0,0.0,0.0,0.0,10400
25731,0.0,0.0,0.0,0.0,10400
25736,0.0,0.0,0.0,0.0,10395
25741,0.0,0.0,0.0,0.0,10390
25746,0.0,0.0,0.0,0.0,10390
25751,0.0,0.0,0.0,0.0,10390
25756,0.0,0.0,0.0,0.0,10390
25761,0.0,0.0,0.0,0.0,10388
25766,0.0,0.0,0.0,0.0,10380
25771,0.0,0.0,0.0,0.0,10380
25776,0.0,0.0,0.0,0.0,10380
25781,0.0,0.0,0.0,0.0,10380
25786,0.0,0.0,0.0,0.0,10380
25791,0.0,0.0,0.0,0.0,10370
25796,0.0,0.0,0.0,0.0,10370
25801,0.0,0.0,0.0,0.0,10370
25806,0.0,0.0,0.0,0.0,10370
25811,0.0,0.0,0.0,0.0,10370
25816,0.0,0.0,0.0,0.0,10364
25821,0.0,0.0,0.0,0.0,10360
25826,0.0,0.0,0.0,0.0,10360
25831,0.0,0.0,0.0,0.0,10360
25836,0.0,0.0,0.0,0.0,10360
25841,0.0,0.0,0.0,0.0,10356
25846,0.0,0.0,0.0,0.0,10350
25851,0.0,0.0,0.0,0.0,10350
25856,0.0,0.0,0.0,0.0,10350
25861,0.0,0.0,0.0,0.0,10350
25866,0.0,0.0,0.0,0.0,10350
25871,0.0,0.0,0.0,0.0,10340
25876,0.0,0.0,0.0,0.0,10340
25881,0.0,0.0,0.0,0.0,10340
25886,0.0,0.0,0.0,0.0,10340
25891,0.0,0.0,0.0,0.0,10340
25896,0.0,0.0,0.0,0.0,10331
25901,0.0,0.0,0.0,0.0,10330
25906,0.0,0.0,0.0,0.0,10330
25911,0.0,0.0,0.0,0.0,10330
25916,0.0,0.0,0.0,0.0,10330
25921,0.0,0.0,0.0,0.0,10328
25926,0.0,0.0,0.0,0.0,10320
25931,0.0,0.0,0.0,0.0,10320
25936,0.0,0.0,0.0,0.0,10320
25941,0.0,0.0,0.0,0.0,10320
25946,0.0,0.0,0.0,0.0,10320
25951,0.0,0.0,0.0,0.0,10310
25956,0.0,0.0,0.0,0.0,10310
25961,0.0,0.0,0.0,0.0,10310
25966,0.0,0.0,0.0,0.0,10310
25971,0.0,0.0,0.0,0.0,10310
25976,0.0,0.0,0.0,0.0,10301
25981,0.0,0.0,0.0,0.0,10300
25986,0.0,0.0,0.0,0.0,10300
25991,0.0,0.0,0.0,0.0,10300
25996,0.0,0.0,0.0,0.0,10300
26001,0.0,0.0,0.0,0.0,10295
26006,0.0,0.0,0.0,0.0,10290
26011,0.0,0.0,0.0,0.0,10290
26016,0.0,0.0,0.0,0.0,10290
26021,0.0,0.0,0.0,0.0,10290
26026,0.0,0.0,0.0,0.0,10290
26031,0.0,0.0,0.0,0.0,10280
26036,0.0,0.0,0.0,0.0,10280
26041,0.0,0.0,0.0,0.0,10280
26046,0.0,0.0,0.0,0.0,10280
26051,0.0,0.0,0.0,0.0,10280
26056,0.0,0.0,0.0,0.0,10272
26061,0.0,0.0,0.0,0.0,10270
26066,0.0,0.0,0.0,0.0,10270
26071,0.0,0.0,0.0,0.0,10270
26076,0.0,0.0,0.0,0.0,10270
26081,0.0,0.0,0.0,0.0,10264
26086,0.0,0.0,0.0,0.0,10260
26091,0.0,0.0,0.0,0.0,10260
26096,0.0,0.0,0.0,0.0,10260
26101,0.0,0.0,0.0,0.0,10260
26106,0.0,0.0,0.0,0.0,10260
26111,0.0,0.0,0.0,0.0,10250
26116,0.0,0.0,0.0,0.0,10250
26121,0.0,0.0,0.0,0.0,10250
26126,0.0,0.0,0.0,0.0,10250
26131,0.0,0.0,0.0,0.0,10250
26136,0.0,0.0,0.0,0.0,10241
26141,0.0,0.0,0.0,0.0,10240
26146,0.0,0.0,0.0,0.0,10240
26151,0.0,0.0,0.0,0.0,10240
26156,0.0,0.0,0.0,0.0,10240
26161,0.0,0.0,0.0,0.0,10238
26166,0.0,0.0,0.0,0.0,10230
26171,0.0,0.0,0.0,0.0,10230
26176,0.0,0.0,0.0,0.0,10230
26181,0.0,0.0,0.0,0.0,10230
26186,0.0,0.0,0.0,0.0,10230
26191,0.0,0.0,0.0,0.0,10220
26196,0.0,0.0,0.0,0.0,10220
26201,0.0,0.0,0.0,0.0,10220
26206,0.0,0.0,0.0,0.0,10220
26211,0.0,0.0,0.0,0.0,10220
26216,0.0,0.0,0.0,0.0,10210
26221,0.0,0.0,0.0,0.0,10210
26226,0.0,0.0,0.0,0.0,10210
26231,0.0,0.0,0.0,0.0,10210
26236,0.0,0.0,0.0,0.0,10210
26241,0.0,0.0,0.0,0.0,10206
26246,0.0,0.0,0.0,0.0,10200
26251,0.0,0.0,0.0,0.0,10200
26256,0.0,0.0,0.0,0.0,10200
26261,0.0,0.0,0.0,0.0,10200
26266,0.0,0.0,0.0,0.0,10200
26271,0.0,0.0,0.0,0.0,10190
26276,0.0,0.0,0.0,0.0,10190
26281,0.0,0.0,0.0,0.0,10190
26286,0.0,0.0,0.0,0.0,10190
26291,0.0,0.0,0.0,0.0,10190
26296,0.0,0.0,0.0,0.0,10183
26301,0.0,0.0,0.0,0.0,10180
26306,0.0,0.0,0.0,0.0,10180
26311,0.0,0.0,0.0,0.0,10180
26316,0.0,0.0,0.0,0.0,10180
26321,0.0,0.0,0.0,0.0,10177
26326,0.0,0.0,0.0,0.0,10170
26331,0.0,0.0,0.0,0.0,10170
26336,0.0,0.0,0.0,0.0,10170
26341,0.0,0.0,0.0,0.0,10170
26346,0.0,0.0,0.0,0.0,10170
26351,0.0,0.0,0.0,0.0,10160
26356,0.0,0.0,0.0,0.0,10160
26361,0.0,0.0,0.0,0.0,10160
26366,0.0,0.0,0.0,0.0,10160
26371,0.0,0.0,0.0,0.0,10160
26376,0.0,0.0,0.0,0.0,10152
26381,0.0,0.0,0.0,0.0,10150
26386,0.0,0.0,0.0,0.0,10150
26391,0.0,0.0,0.0,0.0,10150
26396,0.0,0.0,0.0,0.0,10150
26401,0.0,0.0,0.0,0.0,10148
26406,0.0,0.0,0.0,0.0,10140
26411,0.0,0.0,0.0,0.0,10140
26416,0.0,0.0,0.0,0.0,10140
26421,0.0,0.0,0.0,0.0,10140
26426,0.0,0.0,0.0,0.0,10140
26431,0.0,0.0,0.0,0.0,10130
26436,0.0,0.0,0.0,0.0,10130
26441,0.0,0.0,0.0,0.0,10130
26446,0.0,0.0,0.0,0.0,10130
26451,0.0,0.0,0.0,0.0,10130
26456,0.0,0.0,0.0,0.0,10124
26461,0.0,0.0,0.0,0.0,10120
26466,0.0,0.0,0.0,0.0,10120
26471,0.0,0.0,0.0,0.0,10120
26476,0.0,0.0,0.0,0.0,10120
26481,0.0,0.0,0.0,0.0,10119
26486,0.0,0.0,0.0,0.0,10110
26491,0.0,0.0,0.0,0.0,10110
26496,0.0,0.0,0.0,0.0,10110
26501,0.0,0.0,0.0,0.0,10110
26506,0.0,0.0,0.0,0.0,10110
26511,0.0,0.0,0.0,0.0,10100
26516,0.0,0.0,0.0,0.0,10100
26521,0.0,0.0,0.0,0.0,10100
26526,0.0,0.0,0.0,0.0,10100
26531,0.0,0.0,0.0,0.0,10100
26536,0.0,0.0,0.0,0.0,10092
26541,0.0,0.0,0.0,0.0,10090
26546,0.0,0.0,0.0,0.0,10090
26551,0.0,0.0,0.0,0.0,10090
26556,0.0,0.0,0.0,0.0,10090
26561,0.0,0.0,0.0,0.0,10087
26566,0.0,0.0,0.0,0.0,10080
26571,0.0,0.0,0.0,0.0,10080
26576,0.0,0.0,0.0,0.0,10080
26581,0.0,0.0,0.0,0.0,10080
26586,0.0,0.0,0.0,0.0,10080
26591,0.0,0.0,0.0,0.0,10070
26596,0.0,0.0,0.0,0.0,10070
26601,0.0,0.0,0.0,0.0,10070
26606,0.0,0.0,0.0,0.0,10070
26611,0.0,0.0,0.0,0.0,10070
26616,0.0,0.0,0.0,0.0,10061
26621,0.0,0.0,0.0,0.0,10060
26626,0.0,0.0,0.0,0.0,10060
26631,0.0,0.0,0.0,0.0,10060
26636,0.0,0.0,0.0,0.0,10060
26641,0.0,0.0,0.0,0.0,10058
26646,0.0,0.0,0.0,0.0,10050
26651,0.0,0.0,0.0,0.0,10050
26656,0.0,0.0,0.0,0.0,10050
26661,0.0,0.0,0.0,0.0,10050
26666,0.0,0.0,0.0,0.0,10050
26671,0.0,0.0,0.0,0.0,10041
26676,0.0,0.0,0.0,0.0,10040
26681,0.0,0.0,0.0,0.0,10040
26686,0.0,0.0,0.0,0.0,10040
26691,0.0,0.0,0.0,0.0,10040
26696,0.0,0.0,0.0,0.0,10037
26701,0.0,0.0,0.0,0.0,10030
26706,0.0,0.0,0.0,0.0,10030
26711,0.0,0.0,0.0,0.0,10030
26716,0.0,0.0,0.0,0.0,10030
26721,0.0,0.0,0.0,0.0,10030
26726,0.0,0.0,0.0,0.0,10020
26731,0.0,0.0,0.0,0.0,10020
26736,0.0,0.0,0.0,0.0,10020
26741,0.0,0.0,0.0,0.0,10020
26746,0.0,0.0,0.0,0.0,10020
26751,0.0,0.0,0.0,0.0,10011
26756,0.0,0.0,0.0,0.0,10010
26761,0.0,0.0,0.0,0.0,10010
26766,0.0,0.0,0.0,0.0,10010
26771,0.0,0.0,0.0,0.0,10010
26776,0.0,0.0,0.0,0.0,10010
26781,0.0,0.0,0.0,0.0,10000
26786,0.0,0.0,0.0,0.0,10000
26791,0.0,0.0,0.0,0.0,10000
26796,0.0,0.0,0.0,0.0,10000
26801,0.0,0.0,0.0,0.0,10000
26806,0.0,0.0,0.0,0.0,9990
26811,0.0,0.0,0.0,0.0,9990
26816,0.0,0.0,0.0,0.0,9990
26821,0.0,0.0,0.0,0.0,9990
26826,0.0,0.0,0.0,0.0,9990
26831,0.0,0.0,0.0,0.0,9982
26836,0.0,0.0,0.0,0.0,9980
26841,0.0,0.0,0.0,0.0,9980
26846,0.0,0.0,0.0,0.0,9980
26851,0.0,0.0,0.0,0.0,9980
26856,0.0,0.0,0.0,0.0,9978
26861,0.0,0.0,0.0,0.0,9970
26866,0.0,0.0,0.0,0.0,9970
26871,0.0,0.0,0.0,0.0,9970
26876,0.0,0.0,0.0,0.0,9970
26881,0.0,0.0,0.0,0.0,9970
26886,0.0,0.0,0.0,0.0,9962
26891,0.0,0.0,0.0,0.0,9960
26896,0.0,0.0,0.0,0.0,9960
26901,0.0,0.0,0.0,0.0,9960
26906,0.0,0.0,0.0,0.0,9960
26911,0.0,0.0,0.0,0.0,9955
26916,0.0,0.0,0.0,0.0,9950
26921,0.0,0.0,0.0,0.0,9950
26926,0.0,0.0,0.0,0.0,9950
26931,0.0,0.0,0.0,0.0,9950
26936,0.0,0.0,0.0,0.0,9950
26941,0.0,0.0,0.0,0.0,9940
26946,0.0,0.0,0.0,0.0,9940
26951,0.0,0.0,0.0,0.0,9940
26956,0.0,0.0,0.0,0.0,9940
26961,0.0,0.0,0.0,0.0,9940
26966,0.0,0.0,0.0,0.0,9930
26971,0.0,0.0,0.0,0.0,9930
26976,0.0,0.0,0.0,0.0,9930
26981,0.0,0.0,0.0,0.0,9930
26986,0.0,0.0,0.0,0.0,9930
26991,0.0,0.0,0.0,0.0,9923
26996,0.0,0.0,0.0,0.0,9920
27001,0.0,0.0,0.0,0.0,9920
27006,0.0,0.0,0.0,0.0,9920
27011,0.0,0.0,0.0,0.0,9920
27016,0.0,0.0,0.0,0.0,9918
27021,0.0,0.0,0.0,0.0,9910
27026,0.0,0.0,0.0,0.0,9910
27031,0.0,0.0,0.0,0.0,9910
27036,0.0,0.0,0.0,0.0,9910
27041,0.0,0.0,0.0,0.0,9910
27046,0.0,0.0,0.0,0.0,9900
27051,0.0,0.0,0.0,0.0,9900
27056,0.0,0.0,0.0,0.0,9900
27061,0.0,0.0,0.0,0.0,9900
27066,0.0,0.0,0.0,0.0,9900
27071,0.0,0.0,0.0,0.0,9894
27076,0.0,0.0,0.0,0.0,9890
27081,0.0,0.0,0.0,0.0,9890
27086,0.0,0.0,0.0,0.0,9890
27091,0.0,0.0,0.0,0.0,9890
27096,0.0,0.0,0.0,0.0,9889
27101,0.0,0.0,0.0,0.0,9880
27106,0.0,0.0,0.0,0.0,9880
27111,0.0,0.0,0.0,0.0,9880
27116,0.0,0.0,0.0,0.0,9880
27121,0.0,0.0,0.0,0.0,9880
27126,0.0,0.0,0.0,0.0,9870
27131,0.0,0.0,0.0,0.0,9870
27136,0.0,0.0,0.0,0.0,9870
27141,0.0,0.0,0.0,0.0,9870
27146,0.0,0.0,0.0,0.0,9870
27151,0.0,0.0,0.0,0.0,9860
27156,0.0,0.0,0.0,0.0,9860
27161,0.0,0.0,0.0,0.0,9860
27166,0.0,0.0,0.0,0.0,9860
27171,0.0,0.0,0.0,0.0,9860
27176,0.0,0.0,0.0,0.0,9852
27181,0.0,0.0,0.0,0.0,9850
27186,0.0,0.0,0.0,0.0,9850
27191,0.0,0.0,0.0,0.0,9850
27196,0.0,0.0,0.0,0.0,9850
27201,0.0,0.0,0.0,0.0,9847
27206,0.0,0.0,0.0,0.0,9840
27211,0.0,0.0,0.0,0.0,9840
27216,0.0,0.0,0.0,0.0,9840
27221,0.0,0.0,0.0,0.0,9840
27226,0.0,0.0,0.0,0.0,9839
27231,0.0,0.0,0.0,0.0,9830
27236,0.0,0.0,0.0,0.0,9830
27241,0.0,0.0,0.0,0.0,9830
27246,0.0,0.0,0.0,0.0,9830
27251,0.0,0.0,0.0,0.0,9830
27256,0.0,0.0,0.0,0.0,9820
27261,0.0,0.0,0.0,0.0,9820
27266,0.0,0.0,0.0,0.0,9820
27271,0.0,0.0,0.0,0.0,9820
27276,0.0,0.0,0.0,0.0,9820
27281,0.0,0.0,0.0,0.0,9813
27286,0.0,0.0,0.0,0.0,9810
27291,0.0,0.0,0.0,0.0,9810
27296,0.0,0.0,0.0,0.0,9810
27301,0.0,0.0,0.0,0.0,9810
27306,0.0,0.0,0.0,0.0,9808
27311,0.0,0.0,0.0,0.0,9800
27316,0.0,0.0,0.0,0.0,9800
27321,0.0,0.0,0.0,0.0,9800
27326,0.0,0.0,0.0,0.0,9800
27331,0.0,0.0,0.0,0.0,9800
27336,0.0,0.0,0.0,0.0,9790
27341,0.0,0.0,0.0,0.0,9790
27346,0.0,0.0,0.0,0.0,9790
27351,0.0,0.0,0.0,0.0,9790
27356,0.0,0.0,0.0,0.0,9790
27361,0.0,0.0,0.0,0.0,9782
27366,0.0,0.0,0.0,0.0,9780
27371,0.0,0.0,0.0,0.0,9780
27376,0.0,0.0,0.0,0.0,9780
27381,0.0,0.0,0.0,0.0,9780
27386,0.0,0.0,0.0,0.0,9778
27391,0.0,0.0,0.0,0.0,9770
27396,0.0,0.0,0.0,0.0,9770
27401,0.0,0.0,0.0,0.0,9770
27406,0.0,0.0,0.0,0.0,9770
27411,0.0,0.0,0.0,0.0,9770
27416,0.0,0.0,0.0,0.0,9760
27421,0.0,0.0,0.0,0.0,9760
27426,0.0,0.0,0.0,0.0,9760
27431,0.0,0.0,0.0,0.0,9760
27436,0.0,0.0,0.0,0.0,9760
27441,0.0,0.0,0.0,0.0,9752
27446,0.0,0.0,0.0,0.0,9750
27451,0.0,0.0,0.0,0.0,9750
27456,0.0,0.0,0.0,0.0,9750
27461,0.0,0.0,0.0,0.0,9750
27466,0.0,0.0,0.0,0.0,9748
27471,0.0,0.0,0.0,0.0,9740
27476,0.0,0.0,0.0,0.0,9740
27481,0.0,0.0,0.0,0.0,9740
27486,0.0,0.0,0.0,0.0,9740
27491,0.0,0.0,0.0,0.0,9740
27496,0.0,0.0,0.0,0.0,9730
27501,0.0,0.0,0.0,0.0,9730
27506,0.0,0.0,0.0,0.0,9730
27511,0.0,0.0,0.0,0.0,9730
27516,0.0,0.0,0.0,0.0,9730
27521,0.0,0.0,0.0,0.0,9723
27526,0.0,0.0,0.0,0.0,9720
27531,0.0,0.0,0.0,0.0,9720
27536,0.0,0.0,0.0,0.0,9720
27541,0.0,0.0,0.0,0.0,9720
27546,0.0,0.0,0.0,0.0,9716
27551,0.0,0.0,0.0,0.0,9710
27556,0.0,0.0,0.0,0.0,9710
27561,0.0,0.0,0.0,0.0,9710
27566,0.0,0.0,0.0,0.0,9710
27571,0.0,0.0,0.0,0.0,9710
27576,0.0,0.0,0.0,0.0,9700
27581,0.0,0.0,0.0,0.0,9700
27586,0.0,0.0,0.0,0.0,9700
27591,0.0,0.0,0.0,0.0,9700
27596,0.0,0.0,0.0,0.0,9700
27601,0.0,0.0,0.0,0.0,9691
27606,0.0,0.0,0.0,0.0,9690
27611,0.0,0.0,0.0,0.0,9690
27616,0.0,0.0,0.0,0.0,9690
27621,0.0,0.0,0.0,0.0,9690
27626,0.0,0.0,0.0,0.0,9688
27631,0.0,0.0,0.0,0.0,9680
27636,0.0,0.0,0.0,0.0,9680
27641,0.0,0.0,0.0,0.0,9680
27646,0.0,0.0,0.0,0.0,9680
27651,0.0,0.0,0.0,0.0,9680
27656,0.0,0.0,0.0,0.0,9670
27661,0.0,0.0,0.0,0.0,9670
27666,0.0,0.0,0.0,0.0,9670
27671,0.0,0.0,0.0,0.0,9670
27676,0.0,0.0,0.0,0.0,9670
27681,0.0,0.0,0.0,0.0,9665
27686,0.0,0.0,0.0,0.0,9660
27691,0.0,0.0,0.0,0.0,9660
27696,0.0,0.0,0.0,0.0,9660
27701,0.0,0.0,0.0,0.0,9660
27706,0.0,0.0,0.0,0.0,9660
27711,0.0,0.0,0.0,0.0,9650
27716,0.0,0.0,0.0,0.0,9650
27721,0.0,0.0,0.0,0.0,9650
27726,0.0,0.0,0.0,0.0,9650
27731,0.0,0.0,0.0,0.0,9650
27736,0.0,0.0,0.0,0.0,9642
27741,0.0,0.0,0.0,0.0,9640
27746,0.0,0.0,0.0,0.0,9640
27751,0.0,0.0,0.0,0.0,9640
27756,0.0,0.0,0.0,0.0,9640
27761,0.0,0.0,0.0,0.0,9637
27766,0.0,0.0,0.0,0.0,9630
27771,0.0,0.0,0.0,0.0,9630
27776,0.0,0.0,0.0,0.0,9630
27781,0.0,0.0,0.0,0.0,9630
27786,0.0,0.0,0.0,0.0,9630
27791,0.0,0.0,0.0,0.0,9620
27796,0.0,0.0,0.0,0.0,9620
27801,0.0,0.0,0.0,0.0,9620
27806,0.0,0.0,0.0,0.0,9620
27811,0.0,0.0,0.0,0.0,9620
27816,0.0,0.0,0.0,0.0,9612
27821,0.0,0.0,0.0,0.0,9610
27826,0.0,0.0,0.0,0.0,9610
27831,0.0,0.0,0.0,0.0,9610
27836,0.0,0.0,0.0,0.0,9610
27841,0.0,0.0,0.0,0.0,9608
27846,0.0,0.0,0.0,0.0,9600
27851,0.0,0.0,0.0,0.0,9600
27856,0.0,0.0,0.0,0.0,9600
27861,0.0,0.0,0.0,0.0,9600
27866,0.0,0.0,0.0,0.0,9600
27871,0.0,0.0,0.0,0.0,9590
27876,0.0,0.0,0.0,0.0,9590
27881,0.0,0.0,0.0,0.0,9590
27886,0.0,0.0,0.0,0.0,9590
27891,0.0,0.0,0.0,0.0,9590
27896,0.0,0.0,0.0,0.0,9584
27901,0.0,0.0,0.0,0.0,9580
27906,0.0,0.0,0.0,0.0,9580
27911,0.0,0.0,0.0,0.0,9580
27916,0.0,0.0,0.0,0.0,9580
27921,0.0,0.0,0.0,0.0,9578
27926,0.0,0.0,0.0,0.0,9570
27931,0.0,0.0,0.0,0.0,9570
27936,0.0,0.0,0.0,0.0,9570
27941,0.0,0.0,0.0,0.0,9570
27946,0.0,0.0,0.0,0.0,9570
27951,0.0,0.0,0.0,0.0,9560
27956,0.0,0.0,0.0,0.0,9560
27961,0.0,0.0,0.0,0.0,9560
27966,0.0,0.0,0.0,0.0,9560
27971,0.0,0.0,0.0,0.0,9560
27976,0.0,0.0,0.0,0.0,9552
27981,0.0,0.0,0.0,0.0,9550
27986,0.0,0.0,0.0,0.0,9550
27991,0.0,0.0,0.0,0.0,9550
27996,0.0,0.0,0.0,0.0,9550
28001,0.0,0.0,0.0,0.0,9548
28006,0.0,0.0,0.0,0.0,9540
28011,0.0,0.0,0.0,0.0,9540
28016,0.0,0.0,0.0,0.0,9540
28021,0.0,0.0,0.0,0.0,9540
28026,0.0,0.0,0.0,0.0,9540
28031,0.0,0.0,0.0,0.0,9530
28036,0.0,0.0,0.0,0.0,9530
28041,0.0,0.0,0.0,0.0,9530
28046,0.0,0.0,0.0,0.0,9530
28051,0.0,0.0,0.0,0.0,9530
28056,0.0,0.0,0.0,0.0,9523
28061,0.0,0.0,0.0,0.0,9520
28066,0.0,0.0,0.0,0.0,9520
28071,0.0,0.0,0.0,0.0,9520
28076,0.0,0.0,0.0,0.0,9520
28081,0.0,0.0,0.0,0.0,9519
28086,0.0,0.0,0.0,0.0,9510
28091,0.0,0.0,0.0,0.0,9510
28096,0.0,0.0,0.0,0.0,9510
28101,0.0,0.0,0.0,0.0,9510
28106,0.0,0.0,0.0,0.0,9510
28111,0.0,0.0,0.0,0.0,9500
28116,0.0,0.0,0.0,0.0,9500
28121,0.0,0.0,0.0,0.0,9500
28126,0.0,0.0,0.0,0.0,9500
28131,0.0,0.0,0.0,0.0,9500
28136,0.0,0.0,0.0,0.0,9492
28141,0.0,0.0,0.0,0.0,9490
28146,0.0,0.0,0.0,0.0,9490
28151,0.0,0.0,0.0,0.0,9490
28156,0.0,0.0,0.0,0.0,9490
28161,0.0,0.0,0.0,0.0,9487
28166,0.0,0.0,0.0,0.0,9480
28171,0.0,0.0,0.0,0.0,9480
28176,0.0,0.0,0.0,0.0,9480
28181,0.0,0.0,0.0,0.0,9480
28186,0.0,0.0,0.0,0.0,9480
28191,0.0,0.0,0.0,0.0,9470
28196,0.0,0.0,0.0,0.0,9470
28201,0.0,0.0,0.0,0.0,9470
28206,0.0,0.0,0.0,0.0,9470
28211,0.0,0.0,0.0,0.0,9470
28216,0.0,0.0,0.0,0.0,9461
28221,0.0,0.0,0.0,0.0,9460
28226,0.0,0.0,0.0,0.0,9460
28231,0.0,0.0,0.0,0.0,9460
28236,0.0,0.0,0.0,0.0,9460
28241,0.0,0.0,0.0,0.0,9455
28246,0.0,0.0,0.0,0.0,9450
28251,0.0,0.0,0.0,0.0,9450
28256,0.0,0.0,0.0,0.0,9450
28261,0.0,0.0,0.0,0.0,9450
28266,0.0,0.0,0.0,0.0,9450
28271,0.0,0.0,0.0,0.0,9440
28276,0.0,0.0,0.0,0.0,9440
28281,0.0,0.0,0.0,0.0,9440
28286,0.0,0.0,0.0,0.0,9440
28291,0.0,0.0,0.0,0.0,9440
28296,0.0,0.0,0.0,0.0,9433
28301,0.0,0.0,0.0,0.0,9430
28306,0.0,0.0,0.0,0.0,9430
28311,0.0,0.0,0.0,0.0,9430
28316,0.0,0.0,0.0,0.0,9430
28321,0.0,0.0,0.0,0.0,9427
28326,0.0,0.0,0.0,0.0,9420
28331,0.0,0.0,0.0,0.0,9420
28336,0.0,0.0,0.0,0.0,9420
28341,0.0,0.0,0.0,0.0,9420
28346,0.0,0.0,0.0,0.0,9420
28351,0.0,0.0,0.0,0.0,9410
28356,0.0,0.0,0.0,0.0,9410
28361,0.0,0.0,0.0,0.0,9410
28366,0.0,0.0,0.0,0.0,9410
28371,0.0,0.0,0.0,0.0,9410
28376,0.0,0.0,0.0,0.0,9402
28381,0.0,0.0,0.0,0.0,9400
28386,0.0,0.0,0.0,0.0,9400
28391,0.0,0.0,0.0,0.0,9400
28396,0.0,0.0,0.0,0.0,9400
28401,0.0,0.0,0.0,0.0,9398
28406,0.0,0.0,0.0,0.0,9390
28411,0.0,0.0,0.0,0.0,9390
28416,0.0,0.0,0.0,0.0,9390
28421,0.0,0.0,0.0,0.0,9390
28426,0.0,0.0,0.0,0.0,9390
28431,0.0,0.0,0.0,0.0,9380
28436,0.0,0.0,0.0,0.0,9380
28441,0.0,0.0,0.0,0.0,9380
28446,0.0,0.0,0.0,0.0,9380
28451,0.0,0.0,0.0,0.0,9380
28456,0.0,0.0,0.0,0.0,9372
28461,0.0,0.0,0.0,0.0,9370
28466,0.0,0.0,0.0,0.0,9370
28471,0.0,0.0,0.0,0.0,9370
28476,0.0,0.0,0.0,0.0,9370
28481,0.0,0.0,0.0,0.0,9366
28486,0.0,0.0,0.0,0.0,9360
28491,0.0,0.0,0.0,0.0,9360
28496,0.0,0.0,0.0,0.0,9360
28501,0.0,0.0,0.0,0.0,9360
28506,0.0,0.0,0.0,0.0,9360
28511,0.0,0.0,0.0,0.0,9350
28516,0.0,0.0,0.0,0.0,9350
28521,0.0,0.0,0.0,0.0,9350
28526,0.0,0.0,0.0,0.0,9350
28531,0.0,0.0,0.0,0.0,9350
28536,0.0,0.0,0.0,0.0,9340
28541,0.0,0.0,0.0,0.0,9340
28546,0.0,0.0,0.0,0.0,9340
28551,0.0,0.0,0.0,0.0,9340
28556,0.0,0.0,0.0,0.0,9340
28561,0.0,0.0,0.0,0.0,9336
28566,0.0,0.0,0.0,0.0,9330
28571,0.0,0.0,0.0,0.0,9330
28576,0.0,0.0,0.0,0.0,9330
28581,0.0,0.0,0.0,0.0,9330
28586,0.0,0.0,0.0,0.0,9329
28591,0.0,0.0,0.0,0.0,9320
28596,0.0,0.0,0.0,0.0,9320
28601,0.0,0.0,0.0,0.0,9320
28606,0.0,0.0,0.0,0.0,9320
28611,0.0,0.0,0.0,0.0,9320
28616,0.0,0.0,0.0,0.0,9310
28621,0.0,0.0,0.0,0.0,9310
28626,0.0,0.0,0.0,0.0,9310
28631,0.0,0.0,0.0,0.0,9310
28636,0.0,0.0,0.0,0.0,9310
28641,0.0,0.0,0.0,0.0,9306
28646,0.0,0.0,0.0,0.0,9300
28651,0.0,0.0,0.0,0.0,9300
28656,0.0,0.0,0.0,0.0,9300
28661,0.0,0.0,0.0,0.0,9300
28666,0.0,0.0,0.0,0.0,9300
28671,0.0,0.0,0.0,0.0,9290
28676,0.0,0.0,0.0,0.0,9290
28681,0.0,0.0,0.0,0.0,9290
28686,0.0,0.0,0.0,0.0,9290
28691,0.0,0.0,0.0,0.0,9290
28696,0.0,0.0,0.0,0.0,9285
28701,0.0,0.0,0.0,0.0,9280
28706,0.0,0.0,0.0,0.0,9280
28711,0.0,0.0,0.0,0.0,9280
28716,0.0,0.0,0.0,0.0,9280
28721,0.0,0.0,0.0,0.0,9280
28726,0.0,0.0,0.0,0.0,9270
28731,0.0,0.0,0.0,0.0,9270
28736,0.0,0.0,0.0,0.0,9270
28741,0.0,0.0,0.0,0.0,9270
28746,0.0,0.0,0.0,0.0,9270
28751,0.0,0.0,0.0,0.0,9262
28756,0.0,0.0,0.0,0.0,9260
28761,0.0,0.0,0.0,0.0,9260
28766,0.0,0.0,0.0,0.0,9260
28771,0.0,0.0,0.0,0.0,9260
28776,0.0,0.0,0.0,0.0,9259
28781,0.0,0.0,0.0,0.0,9250
28786,0.0,0.0,0.0,0.0,9250
28791,0.0,0.0,0.0,0.0,9250
28796,0.0,0.0,0.0,0.0,9250
28801,0.0,0.0,0.0,0.0,9249
28806,0.0,0.0,0.0,0.0,9240
28811,0.0,0.0,0.0,0.0,9240
28816,0.0,0.0,0.0,0.0,9240
28821,0.0,0.0,0.0,0.0,9240
28826,0.0,0.0,0.0,0.0,9240
28831,0.0,0.0,0.0,0.0,9231
28836,0.0,0.0,0.0,0.0,9230
28841,0.0,0.0,0.0,0.0,9230
28846,0.0,0.0,0.0,0.0,9230
28851,0.0,0.0,0.0,0.0,9230
28856,0.0,0.0,0.0,0.0,9228
28861,0.0,0.0,0.0,0.0,9220
28866,0.0,0.0,0.0,0.0,9220
28871,0.0,0.0,0.0,0.0,9220
28876,0.0,0.0,0.0,0.0,9220
28881,0.0,0.0,0.0,0.0,9220
28886,0.0,0.0,0.0,0.0,9210
28891,0.0,0.0,0.0,0.0,9210
28896,0.0,0.0,0.0,0.0,9210
28901,0.0,0.0,0.0,0.0,9210
28906,0.0,0.0,0.0,0.0,9210
28911,0.0,0.0,0.0,0.0,9205
28916,0.0,0.0,0.0,0.0,9200
28921,0.0,0.0,0.0,0.0,9200
28926,0.0,0.0,0.0,0.0,9200
28931,0.0,0.0,0.0,0.0,9200
28936,0.0,0.0,0.0,0.0,9200
28941,0.0,0.0,0.0,0.0,9190
28946,0.0,0.0,0.0,0.0,9190
28951,0.0,0.0,0.0,0.0,9190
28956,0.0,0.0,0.0,0.0,9190
28961,0.0,0.0,0.0,0.0,9190
28966,0.0,0.0,0.0,0.0,9181
28971,0.0,0.0,0.0,0.0,9180
28976,0.0,0.0,0.0,0.0,9180
28981,0.0,0.0,0.0,0.0,9180
28986,0.0,0.0,0.0,0.0,9180
28991,0.0,0.0,0.0,0.0,9178
28996,0.0,0.0,0.0,0.0,9170
29001,0.0,0.0,0.0,0.0,9170
29006,0.0,0.0,0.0,0.0,9170
29011,0.0,0.0,0.0,0.0,9170
29016,0.0,0.0,0.0,0.0,9170
29021,0.0,0.0,0.0,0.0,9160
29026,0.0,0.0,0.0,0.0,9160
29031,0.0,0.0,0.0,0.0,9160
29036,0.0,0.0,0.0,0.0,9160
29041,0.0,0.0,0.0,0.0,9160
29046,0.0,0.0,0.0,0.0,9152
29051,0.0,0.0,0.0,0.0,9150
29056,0.0,0.0,0.0,0.0,9150
29061,0.0,0.0,0.0,0.0,9150
29066,0.0,0.0,0.0,0.0,9150
29071,0.0,0.0,0.0,0.0,9149
29076,0.0,0.0,0.0,0.0,9140
29081,0.0,0.0,0.0,0.0,9140
29086,0.0,0.0,0.0,0.0,9140
29091,0.0,0.0,0.0,0.0,9140
29096,0.0,0.0,0.0,0.0,9140
29101,0.0,0.0,0.0,0.0,9130
29106,0.0,0.0,0.0,0.0,9130
29111,0.0,0.0,0.0,0.0,9130
29116,0.0,0.0,0.0,0.0,9130
29121,0.0,0.0,0.0,0.0,9130
29126,0.0,0.0,0.0,0.0,9121
29131,0.0,0.0,0.0,0.0,9120
29136,0.0,0.0,0.0,0.0,9120
29141,0.0,0.0,0.0,0.0,9120
29146,0.0,0.0,0.0,0.0,9120
29151,0.0,0.0,0.0,0.0,9117
29156,0.0,0.0,0.0,0.0,9110
29161,0.0,0.0,0.0,0.0,9110
29166,0.0,0.0,0.0,0.0,9110
29171,0.0,0.0,0.0,0.0,9110
29176,0.0,0.0,0.0,0.0,9110
29181,0.0,0.0,0.0,0.0,9100
29186,0.0,0.0,0.0,0.0,9100
29191,0.0,0.0,0.0,0.0,9100
29196,0.0,0.0,0.0,0.0,9100
29201,0.0,0.0,0.0,0.0,9100
29206,0.0,0.0,0.0,0.0,9091
29211,0.0,0.0,0.0,0.0,9090
29216,0.0,0.0,0.0,0.0,9090
29221,0.0,0.0,0.0,0.0,9090
29226,0.0,0.0,0.0,0.0,9090
29231,0.0,0.0,0.0,0.0,9088
29236,0.0,0.0,0.0,0.0,9080
29241,0.0,0.0,0.0,0.0,9080
29246,0.0,0.0,0.0,0.0,9080
29251,0.0,0.0,0.0,0.0,9080
29256,0.0,0.0,0.0,0.0,9080
29261,0.0,0.0,0.0,0.0,9070
29266,0.0,0.0,0.0,0.0,9070
29271,0.0,0.0,0.0,0.0,9070
29276,0.0,0.0,0.0,0.0,9070
29281,0.0,0.0,0.0,0.0,9070
29286,0.0,0.0,0.0,0.0,9061
29291,0.0,0.0,0.0,0.0,9060
29296,0.0,0.0,0.0,0.0,9060
29301,0.0,0.0,0.0,0.0,9060
29306,0.0,0.0,0.0,0.0,9060
29311,0.0,0.0,0.0,0.0,9055
29316,0.0,0.0,0.0,0.0,9050
29321,0.0,0.0,0.0,0.0,9050
29326,0.0,0.0,0.0,0.0,9050
29331,0.0,0.0,0.0,0.0,9050
29336,0.0,0.0,0.0,0.0,9050
29341,0.0,0.0,0.0,0.0,9040
29346,0.0,0.0,0.0,0.0,9040
29351,0.0,0.0,0.0,0.0,9040
29356,0.0,0.0,0.0,0.0,9040
29361,0.0,0.0,0.0,0.0,9040
29366,0.0,0.0,0.0,0.0,9035
29371,0.0,0.0,0.0,0.0,9030
29376,0.0,0.0,0.0,0.0,9030
29381,0.0,0.0,0.0,0.0,9030
29386,0.0,0.0,0.0,0.0,9030
29391,0.0,0.0,0.0,0.0,9029
29396,0.0,0.0,0.0,0.0,9020
29401,0.0,0.0,0.0,0.0,9020
29406,0.0,0.0,0.0,0.0,9020
29411,0.0,0.0,0.0,0.0,9020
29416,0.0,0.0,0.0,0.0,9020
29421,0.0,0.0,0.0,0.0,9010
29426,0.0,0.0,0.0,0.0,9010
29431,0.0,0.0,0.0,0.0,9010
29436,0.0,0.0,0.0,0.0,9010
29441,0.0,0.0,0.0,0.0,9010
29446,0.0,0.0,0.0,0.0,9005
29451,0.0,0.0,0.0,0.0,9000
29456,0.0,0.0,0.0,0.0,9000
29461,0.0,0.0,0.0,0.0,9000
29466,0.0,0.0,0.0,0.0,9000
29471,0.0,0.0,0.0,0.0,9000
29476,0.0,0.0,0.0,0.0,8990
29481,0.0,0.0,0.0,0.0,8990
29486,0.0,0.0,0.0,0.0,8990
29491,0.0,0.0,0.0,0.0,8990
29496,0.0,0.0,0.0,0.0,8990
29501,0.0,0.0,0.0,0.0,8981
29506,0.0,0.0,0.0,0.0,8980
29511,0.0,0.0,0.0,0.0,8980
29516,0.0,0.0,0.0,0.0,8980
29521,0.0,0.0,0.0,0.0,8980
29526,0.0,0.0,0.0,0.0,8979
29531,0.0,0.0,0.0,0.0,8970
29536,0.0,0.0,0.0,0.0,8970
29541,0.0,0.0,0.0,0.0,8970
29546,0.0,0.0,0.0,0.0,8970
29551,0.0,0.0,0.0,0.0,8970
29556,0.0,0.0,0.0,0.0,8960
29561,0.0,0.0,0.0,0.0,8960
29566,0.0,0.0,0.0,0.0,8960
29571,0.0,0.0,0.0,0.0,8960
29576,0.0,0.0,0.0,0.0,8960
29581,0.0,0.0,0.0,0.0,8951
29586,0.0,0.0,0.0,0.0,8950
29591,0.0,0.0,0.0,0.0,8950
29596,0.0,0.0,0.0,0.0,8950
29601,0.0,0.0,0.0,0.0,8950
29606,0.0,0.0,0.0,0.0,8946
29611,0.0,0.0,0.0,0.0,8940
29616,0.0,0.0,0.0,0.0,8940
29621,0.0,0.0,0.0,0.0,8940
29626,0.0,0.0,0.0,0.0,8940
29631,0.0,0.0,0.0,0.0,8940
29636,0.0,0.0,0.0,0.0,8930
29641,0.0,0.0,0.0,0.0,8930
29646,0.0,0.0,0.0,0.0,8930
29651,0.0,0.0,0.0,0.0,8930
29656,0.0,0.0,0.0,0.0,8930
29661,0.0,0.0,0.0,0.0,8922
29666,0.0,0.0,0.0,0.0,8920
29671,0.0,0.0,0.0,0.0,8920
29676,0.0,0.0,0.0,0.0,8920
29681,0.0,0.0,0.0,0.0,8920
29686,0.0,0.0,0.0,0.0,8915
29691,0.0,0.0,0.0,0.0,8910
29696,0.0,0.0,0.0,0.0,8910
29701,0.0,0.0,0.0,0.0,8910
29706,0.0,0.0,0.0,0.0,8910
29711,0.0,0.0,0.0,0.0,8910
29716,0.0,0.0,0.0,0.0,8900
29721,0.0,0.0,0.0,0.0,8900
29726,0.0,0.0,0.0,0.0,8900
29731,0.0,0.0,0.0,0.0,8900
29736,0.0,0.0,0.0,0.0,8900
29741,0.0,0.0,0.0,0.0,8892
29746,0.0,0.0,0.0,0.0,8890
29751,0.0,0.0,0.0,0.0,8890
29756,0.0,0.0,0.0,0.0,8890
29761,0.0,0.0,0.0,0.0,8890
29766,0.0,0.0,0.0,0.0,8889
29771,0.0,0.0,0.0,0.0,8880
29776,0.0,0.0,0.0,0.0,8880
29781,0.0,0.0,0.0,0.0,8880
29786,0.0,0.0,0.0,0.0,8880
29791,0.0,0.0,0.0,0.0,8880
29796,0.0,0.0,0.0,0.0,8870
29801,0.0,0.0,0.0,0.0,8870
29806,0.0,0.0,0.0,0.0,8870
29811,0.0,0.0,0.0,0.0,8870
29816,0.0,0.0,0.0,0.0,8870
29821,0.0,0.0,0.0,0.0,8863
29826,0.0,0.0,0.0,0.0,8860
29831,0.0,0.0,0.0,0.0,8860
29836,0.0,0.0,0.0,0.0,8860
29841,0.0,0.0,0.0,0.0,8860
29846,0.0,0.0,0.0,0.0,8856
29851,0.0,0.0,0.0,0.0,8850
29856,0.0,0.0,0.0,0.0,8850
29861,0.0,0.0,0.0,0.0,8850
29866,0.0,0.0,0.0,0.0,8850
29871,0.0,0.0,0.0,0.0,8847
29876,0.0,0.0,0.0,0.0,8840
29881,0.0,0.0,0.0,0.0,8840
29886,0.0,0.0,0.0,0.0,8840
29891,0.0,0.0,0.0,0.0,8840
29896,0.0,0.0,0.0,0.0,8840
29901,0.0,0.0,0.0,0.0,8830
29906,0.0,0.0,0.0,0.0,8830
29911,0.0,0.0,0.0,0.0,8830
29916,0.0,0.0,0.0,0.0,8830
29921,0.0,0.0,0.0,0.0,8830
29926,0.0,0.0,0.0,0.0,8820
29931,0.0,0.0,0.0,0.0,8820
29936,0.0,0.0,0.0,0.0,8820
29941,0.0,0.0,0.0,0.0,8820
29946,0.0,0.0,0.0,0.0,8820
29951,0.0,0.0,0.0,0.0,8811
29956,0.0,0.0,0.0,0.0,8810
29961,0.0,0.0,0.0,0.0,8810
29966,0.0,0.0,0.0,0.0,8810
29971,0.0,0.0,0.0,0.0,8810
29976,0.0,0.0,0.0,0.0,8809
29981,0.0,0.0,0.0,0.0,8800
29986,0.0,0.0,0.0,0.0,8800
29991,0.0,0.0,0.0,0.0,8800
29996,0.0,0.0,0.0,0.0,8800
30001,0.0,0.0,0.0,0.0,8800
30006,0.0,0.0,0.0,0.0,8790
30011,0.0,0.0,0.0,0.0,8790
30016,0.0,0.0,0.0,0.0,8790
30021,0.0,0.0,0.0,0.0,8790
30026,0.0,0.0,0.0,0.0,8790
30031,0.0,0.0,0.0,0.0,8785
30036,0.0,0.0,0.0,0.0,8780
30041,0.0,0.0,0.0,0.0,8780
30046,0.0,0.0,0.0,0.0,8780
30051,0.0,0.0,0.0,0.0,8780
30056,0.0,0.0,0.0,0.0,8778
30061,0.0,0.0,0.0,0.0,8770
30066,0.0,0.0,0.0,0.0,8770
30071,0.0,0.0,0.0,0.0,8770
30076,0.0,0.0,0.0,0.0,8770
30081,0.0,0.0,0.0,0.0,8770
30086,0.0,0.0,0.0,0.0,8760
30091,0.0,0.0,0.0,0.0,8760
30096,0.0,0.0,0.0,0.0,8760
30101,0.0,0.0,0.0,0.0,8760
30106,0.0,0.0,0.0,0.0,8760
30111,0.0,0.0,0.0,0.0,8752
30116,0.0,0.0,0.0,0.0,8750
30121,0.0,0.0,0.0,0.0,8750
30126,0.0,0.0,0.0,0.0,8750
30131,0.0,0.0,0.0,0.0,8750
30136,0.0,0.0,0.0,0.0,8750
30141,0.0,0.0,0.0,0.0,8740
30146,0.0,0.0,0.0,0.0,8740
30151,0.0,0.0,0.0,0.0,8740
30156,0.0,0.0,0.0,0.0,8740
30161,0.0,0.0,0.0,0.0,8740
30166,0.0,0.0,0.0,0.0,8730
30171,0.0,0.0,0.0,0.0,8730
30176,0.0,0.0,0.0,0.0,8730
30181,0.0,0.0,0.0,0.0,8730
30186,0.0,0.0,0.0,0.0,8730
30191,0.0,0.0,0.0,0.0,8725
30196,0.0,0.0,0.0,0.0,8720
30201,0.0,0.0,0.0,0.0,8720
30206,0.0,0.0,0.0,0.0,8720
30211,0.0,0.0,0.0,0.0,8720
30216,0.0,0.0,0.0,0.0,8720
30221,0.0,0.0,0.0,0.0,8710
30226,0.0,0.0,0.0,0.0,8710
30231,0.0,0.0,0.0,0.0,8710
30236,0.0,0.0,0.0,0.0,8710
30241,0.0,0.0,0.0,0.0,8710
30246,0.0,0.0,0.0,0.0,8703
30251,0.0,0.0,0.0,0.0,8700
30256,0.0,0.0,0.0,0.0,8700
30261,0.0,0.0,0.0,0.0,8700
30266,0.0,0.0,0.0,0.0,8700
30271,0.0,0.0,0.0,0.0,8700
30276,0.0,0.0,0.0,0.0,8690
30281,0.0,0.0,0.0,0.0,8690
30286,0.0,0.0,0.0,0.0,8690
30291,0.0,0.0,0.0,0.0,8690
30296,0.0,0.0,0.0,0.0,8690
30301,0.0,0.0,0.0,0.0,8681
30306,0.0,0.0,0.0,0.0,8680
30311,0.0,0.0,0.0,0.0,8680
30316,0.0,0.0,0.0,0.0,8680
30321,0.0,0.0,0.0,0.0,8680
30326,0.0,0.0,0.0,0.0,8679
30331,0.0,0.0,0.0,0.0,8670
30336,0.0,0.0,0.0,0.0,8670
30341,0.0,0.0,0.0,0.0,8670
30346,0.0,0.0,0.0,0.0,8670
30351,0.0,0.0,0.0,0.0,8670
30356,0.0,0.0,0.0,0.0,8660
30361,0.0,0.0,0.0,0.0,8660
30366,0.0,0.0,0.0,0.0,8660
30371,0.0,0.0,0.0,0.0,8660
30376,0.0,0.0,0.0,0.0,8660
30381,0.0,0.0,0.0,0.0,8653
30386,0.0,0.0,0.0,0.0,8650
30391,0.0,0.0,0.0,0.0,8650
30396,0.0,0.0,0.0,0.0,8650
30401,0.0,0.0,0.0,0.0,8650
30406,0.0,0.0,0.0,0.0,8650
30411,0.0,0.0,0.0,0.0,8640
30416,0.0,0.0,0.0,0.0,8640
30421,0.0,0.0,0.0,0.0,8640
30426,0.0,0.0,0.0,0.0,8640
30431,0.0,0.0,0.0,0.0,8640
30436,0.0,0.0,0.0,0.0,8631
30441,0.0,0.0,0.0,0.0,8630
30446,0.0,0.0,0.0,0.0,8630
30451,0.0,0.0,0.0,0.0,8630
30456,0.0,0.0,0.0,0.0,8630
30461,0.0,0.0,0.0,0.0,8628
30466,0.0,0.0,0.0,0.0,8620
30471,0.0,0.0,0.0,0.0,8620
30476,0.0,0.0,0.0,0.0,8620
30481,0.0,0.0,0.0,0.0,8620
30486,0.0,0.0,0.0,0.0,8620
30491,0.0,0.0,0.0,0.0,8610
30496,0.0,0.0,0.0,0.0,8610
30501,0.0,0.0,0.0,0.0,8610
30506,0.0,0.0,0.0,0.0,8610
30511,0.0,0.0,0.0,0.0,8610
30516,0.0,0.0,0.0,0.0,8602
30521,0.0,0.0,0.0,0.0,8600
30526,0.0,0.0,0.0,0.0,8600
30531,0.0,0.0,0.0,0.0,8600
30536,0.0,0.0,0.0,0.0,8600
30541,0.0,0.0,0.0,0.0,8595
30546,0.0,0.0,0.0,0.0,8590
30551,0.0,0.0,0.0,0.0,8590
30556,0.0,0.0,0.0,0.0,8590
30561,0.0,0.0,0.0,0.0,8590
30566,0.0,0.0,0.0,0.0,8590
30571,0.0,0.0,0.0,0.0,8580
30576,0.0,0.0,0.0,0.0,8580
30581,0.0,0.0,0.0,0.0,8580
30586,0.0,0.0,0.0,0.0,8580
30591,0.0,0.0,0.0,0.0,8580
30596,0.0,0.0,0.0,0.0,8570
30601,0.0,0.0,0.0,0.0,8570
30606,0.0,0.0,0.0,0.0,8570
30611,0.0,0.0,0.0,0.0,8570
30616,0.0,0.0,0.0,0.0,8570
30621,0.0,0.0,0.0,0.0,8564
30626,0.0,0.0,0.0,0.0,8560
30631,0.0,0.0,0.0,0.0,8560
30636,0.0,0.0,0.0,0.0,8560
30641,0.0,0.0,0.0,0.0,8560
30646,0.0,0.0,0.0,0.0,8558
30651,0.0,0.0,0.0,0.0,8550
30656,0.0,0.0,0.0,0.0,8550
30661,0.0,0.0,0.0,0.0,8550
30666,0.0,0.0,0.0,0.0,8550
30671,0.0,0.0,0.0,0.0,8550
30676,0.0,0.0,0.0,0.0,8540
30681,0.0,0.0,0.0,0.0,8540
30686,0.0,0.0,0.0,0.0,8540
30691,0.0,0.0,0.0,0.0,8540
30696,0.0,0.0,0.0,0.0,8540
30701,0.0,0.0,0.0,0.0,8533
30706,0.0,0.0,0.0,0.0,8530
30711,0.0,0.0,0.0,0.0,8530
30716,0.0,0.0,0.0,0.0,8530
30721,0.0,0.0,0.0,0.0,8530
30726,0.0,0.0,0.0,0.0,8529
30731,0.0,0.0,0.0,0.0,8520
30736,0.0,0.0,0.0,0.0,8520
30741,0.0,0.0,0.0,0.0,8520
30746,0.0,0.0,0.0,0.0,8520
30751,0.0,0.0,0.0,0.0,8520
30756,0.0,0.0,0.0,0.0,8510
30761,0.0,0.0,0.0,0.0,8510
30766,0.0,0.0,0.0,0.0,8510
30771,0.0,0.0,0.0,0.0,8510
30776,0.0,0.0,0.0,0.0,8510
30781,0.0,0.0,0.0,0.0,8506
30786,0.0,0.0,0.0,0.0,8500
30791,0.0,0.0,0.0,0.0,8500
30796,0.0,0.0,0.0,0.0,8500
30801,0.0,0.0,0.0,0.0,8500
30806,0.0,0.0,0.0,0.0,8500
30811,0.0,0.0,0.0,0.0,8490
30816,0.0,0.0,0.0,0.0,8490
30821,0.0,0.0,0.0,0.0,8490
30826,0.0,0.0,0.0,0.0,8490
30831,0.0,0.0,0.0,0.0,8490
30836,0.0,0.0,0.0,0.0,8480
30841,0.0,0.0,0.0,0.0,8480
30846,0.0,0.0,0.0,0.0,8480
30851,0.0,0.0,0.0,0.0,8480
30856,0.0,0.0,0.0,0.0,8480
30861,0.0,0.0,0.0,0.0,8473
30866,0.0,0.0,0.0,0.0,8470
30871,0.0,0.0,0.0,0.0,8470
30876,0.0,0.0,0.0,0.0,8470
30881,0.0,0.0,0.0,0.0,8470
30886,0.0,0.0,0.0,0.0,8470
30891,0.0,0.0,0.0,0.0,8460
30896,0.0,0.0,0.0,0.0,8460
30901,0.0,0.0,0.0,0.0,8460
30906,0.0,0.0,0.0,0.0,8460
30911,0.0,0.0,0.0,0.0,8460
30916,0.0,0.0,0.0,0.0,8450
30921,0.0,0.0,0.0,0.0,8450
30926,0.0,0.0,0.0,0.0,8450
30931,0.0,0.0,0.0,0.0,8450
30936,0.0,0.0,0.0,0.0,8450
30941,0.0,0.0,0.0,0.0,8444
30946,0.0,0.0,0.0,0.0,8440
30951,0.0,0.0,0.0,0.0,8440
30956,0.0,0.0,0.0,0.0,8440
30961,0.0,0.0,0.0,0.0,8440
30966,0.0,0.0,0.0,0.0,8438
30971,0.0,0.0,0.0,0.0,8430
30976,0.0,0.0,0.0,0.0,8430
30981,0.0,0.0,0.0,0.0,8430
30986,0.0,0.0,0.0,0.0,8430
30991,0.0,0.0,0.0,0.0,8430
30996,0.0,0.0,0.0,0.0,8420
31001,0.0,0.0,0.0,0.0,8420
31006,0.0,0.0,0.0,0.0,8420
31011,0.0,0.0,0.0,0.0,8420
31016,0.0,0.0,0.0,0.0,8420
31021,0.0,0.0,0.0,0.0,8415
31026,0.0,0.0,0.0,0.0,8410
31031,0.0,0.0,0.0,0.0,8410
31036,0.0,0.0,0.0,0.0,8410
31041,0.0,0.0,0.0,0.0,8410
31046,0.0,0.0,0.0,0.0,8410
31051,0.0,0.0,0.0,0.0,8400
31056,0.0,0.0,0.0,0.0,8400
31061,0.0,0.0,0.0,0.0,8400
31066,0.0,0.0,0.0,0.0,8400
31071,0.0,0.0,0.0,0.0,8400
31076,0.0,0.0,0.0,0.0,8391
31081,0.0,0.0,0.0,0.0,8390
31086,0.0,0.0,0.0,0.0,8390
31091,0.0,0.0,0.0,0.0,8390
31096,0.0,0.0,0.0,0.0,8390
31101,0.0,0.0,0.0,0.0,8387
31106,0.0,0.0,0.0,0.0,8380
31111,0.0,0.0,0.0,0.0,8380
31116,0.0,0.0,0.0,0.0,8380
31121,0.0,0.0,0.0,0.0,8380
31126,0.0,0.0,0.0,0.0,8380
31131,0.0,0.0,0.0,0.0,8370
31136,0.0,0.0,0.0,0.0,8370
31141,0.0,0.0,0.0,0.0,8370
31146,0.0,0.0,0.0,0.0,8370
31151,0.0,0.0,0.0,0.0,8370
31156,0.0,0.0,0.0,0.0,8362
31161,0.0,0.0,0.0,0.0,8360
31166,0.0,0.0,0.0,0.0,8360
31171,0.0,0.0,0.0,0.0,8360
31176,0.0,0.0,0.0,0.0,8360
31181,0.0,0.0,0.0,0.0,8359
31186,0.0,0.0,0.0,0.0,8350
31191,0.0,0.0,0.0,0.0,8350
31196,0.0,0.0,0.0,0.0,8350
31201,0.0,0.0,0.0,0.0,8350
31206,0.0,0.0,0.0,0.0,8350
31211,0.0,0.0,0.0,0.0,8340
31216,0.0,0.0,0.0,0.0,8340
31221,0.0,0.0,0.0,0.0,8340
31226,0.0,0.0,0.0,0.0,8340
31231,0.0,0.0,0.0,0.0,8340
31236,0.0,0.0,0.0,0.0,8331
31241,0.0,0.0,0.0,0.0,8330
31246,0.0,0.0,0.0,0.0,8330
31251,0.0,0.0,0.0,0.0,8330
31256,0.0,0.0,0.0,0.0,8330
31261,0.0,0.0,0.0,0.0,8326
31266,0.0,0.0,0.0,0.0,8320
31271,0.0,0.0,0.0,0.0,8320
31276,0.0,0.0,0.0,0.0,8320
31281,0.0,0.0,0.0,0.0,8320
31286,0.0,0.0,0.0,0.0,8320
31291,0.0,0.0,0.0,0.0,8310
31296,0.0,0.0,0.0,0.0,8310
31301,0.0,0.0,0.0,0.0,8310
31306,0.0,0.0,0.0,0.0,8310
31311,0.0,0.0,0.0,0.0,8310
31316,0.0,0.0,0.0,0.0,8304
31321,0.0,0.0,0.0,0.0,8300
31326,0.0,0.0,0.0,0.0,8300
31331,0.0,0.0,0.0,0.0,8300
31336,0.0,0.0,0.0,0.0,8300
31341,0.0,0.0,0.0,0.0,8300
31346,0.0,0.0,0.0,0.0,8290
31351,0.0,0.0,0.0,0.0,8290
31356,0.0,0.0,0.0,0.0,8290
31361,0.0,0.0,0.0,0.0,8290
31366,0.0,0.0,0.0,0.0,8290
31371,0.0,0.0,0.0,0.0,8283
31376,0.0,0.0,0.0,0.0,8280
31381,0.0,0.0,0.0,0.0,8280
31386,0.0,0.0,0.0,0.0,8280
31391,0.0,0.0,0.0,0.0,8280
31396,0.0,0.0,0.0,0.0,8279
31401,0.0,0.0,0.0,0.0,8270
31406,0.0,0.0,0.0,0.0,8270
31411,0.0,0.0,0.0,0.0,8270
31416,0.0,0.0,0.0,0.0,8270
31421,0.0,0.0,0.0,0.0,8270
31426,0.0,0.0,0.0,0.0,8260
31431,0.0,0.0,0.0,0.0,8260
31436,0.0,0.0,0.0,0.0,8260
31441,0.0,0.0,0.0,0.0,8260
31446,0.0,0.0,0.0,0.0,8260
31451,0.0,0.0,0.0,0.0,8256
31456,0.0,0.0,0.0,0.0,8250
31461,0.0,0.0,0.0,0.0,8250
31466,0.0,0.0,0.0,0.0,8250
31471,0.0,0.0,0.0,0.0,8250
31476,0.0,0.0,0.0,0.0,8249
31481,0.0,0.0,0.0,0.0,8240
31486,0.0,0.0,0.0,0.0,8240
31491,0.0,0.0,0.0,0.0,8240
31496,0.0,0.0,0.0,0.0,8240
31501,0.0,0.0,0.0,0.0,8240
31506,0.0,0.0,0.0,0.0,8230
31511,0.0,0.0,0.0,0.0,8230
31516,0.0,0.0,0.0,0.0,8230
31521,0.0,0.0,0.0,0.0,8230
31526,0.0,0.0,0.0,0.0,8230
31531,0.0,0.0,0.0,0.0,8222
31536,0.0,0.0,0.0,0.0,8220
31541,0.0,0.0,0.0,0.0,8220
31546,0.0,0.0,0.0,0.0,8220
31551,0.0,0.0,0.0,0.0,8220
31556,0.0,0.0,0.0,0.0,8216
31561,0.0,0.0,0.0,0.0,8210
31566,0.0,0.0,0.0,0.0,8210
31571,0.0,0.0,0.0,0.0,8210
31576,0.0,0.0,0.0,0.0,8210
31581,0.0,0.0,0.0,0.0,8210
31586,0.0,0.0,0.0,0.0,8200
31591,0.0,0.0,0.0,0.0,8200
31596,0.0,0.0,0.0,0.0,8200
31601,0.0,0.0,0.0,0.0,8200
31606,0.0,0.0,0.0,0.0,8200
31611,0.0,0.0,0.0,0.0,8194
31616,0.0,0.0,0.0,0.0,8190
31621,0.0,0.0,0.0,0.0,8190
31626,0.0,0.0,0.0,0.0,8190
31631,0.0,0.0,0.0,0.0,8190
31636,0.0,0.0,0.0,0.0,8188
31641,0.0,0.0,0.0,0.0,8180
31646,0.0,0.0,0.0,0.0,8180
31651,0.0,0.0,0.0,0.0,8180
31656,0.0,0.0,0.0,0.0,8180
31661,0.0,0.0,0.0,0.0,8180
31666,0.0,0.0,0.0,0.0,8170
31671,0.0,0.0,0.0,0.0,8170
31676,0.0,0.0,0.0,0.0,8170
31681,0.0,0.0,0.0,0.0,8170
31686,0.0,0.0,0.0,0.0,8170
31691,0.0,0.0,0.0,0.0,8163
31696,0.0,0.0,0.0,0.0,8160
31701,0.0,0.0,0.0,0.0,8160
31706,0.0,0.0,0.0,0.0,8160
31711,0.0,0.0,0.0,0.0,8160
31716,0.0,0.0,0.0,0.0,8157
31721,0.0,0.0,0.0,0.0,8150
31726,0.0,0.0,0.0,0.0,8150
31731,0.0,0.0,0.0,0.0,8150
31736,0.0,0.0,0.0,0.0,8150
31741,0.0,0.0,0.0,0.0,8150
31746,0.0,0.0,0.0,0.0,8144
31751,0.0,0.0,0.0,0.0,8140
31756,0.0,0.0,0.0,0.0,8140
31761,0.0,0.0,0.0,0.0,8140
31766,0.0,0.0,0.0,0.0,8140
31771,0.0,0.0,0.0,0.0,8139
31776,0.0,0.0,0.0,0.0,8130
31781,0.0,0.0,0.0,0.0,8130
31786,0.0,0.0,0.0,0.0,8130
31791,0.0,0.0,0.0,0.0,8130
31796,0.0,0.0,0.0,0.0,8130
31801,0.0,0.0,0.0,0.0,8120
31806,0.0,0.0,0.0,0.0,8120
31811,0.0,0.0,0.0,0.0,8120
31816,0.0,0.0,0.0,0.0,8120
31821,0.0,0.0,0.0,0.0,8120
31826,0.0,0.0,0.0,0.0,8113
31831,0.0,0.0,0.0,0.0,8110
31836,0.0,0.0,0.0,0.0,8110
31841,0.0,0.0,0.0,0.0,8110
31846,0.0,0.0,0.0,0.0,8110
31851,0.0,0.0,0.0,0.0,8108
31856,0.0,0.0,0.0,0.0,8100
31861,0.0,0.0,0.0,0.0,8100
31866,0.0,0.0,0.0,0.0,8100
31871,0.0,0.0,0.0,0.0,8100
31876,0.0,0.0,0.0,0.0,8100
31881,0.0,0.0,0.0,0.0,8090
31886,0.0,0.0,0.0,0.0,8090
31891,0.0,0.0,0.0,0.0,8090
31896,0.0,0.0,0.0,0.0,8090
31901,0.0,0.0,0.0,0.0,8090
31906,0.0,0.0,0.0,0.0,8083
31911,0.0,0.0,0.0,0.0,8080
31916,0.0,0.0,0.0,0.0,8080
31921,0.0,0.0,0.0,0.0,8080
31926,0.0,0.0,0.0,0.0,8080
31931,0.0,0.0,0.0,0.0,8079
31936,0.0,0.0,0.0,0.0,8070
31941,0.0,0.0,0.0,0.0,8070
31946,0.0,0.0,0.0,0.0,8070
31951,0.0,0.0,0.0,0.0,8070
31956,0.0,0.0,0.0,0.0,8070
31961,0.0,0.0,0.0,0.0,8061
31966,0.0,0.0,0.0,0.0,8060
31971,0.0,0.0,0.0,0.0,8060
31976,0.0,0.0,0.0,0.0,8060
31981,0.0,0.0,0.0,0.0,8060
31986,0.0,0.0,0.0,0.0,8057
31991,0.0,0.0,0.0,0.0,8050
31996,0.0,0.0,0.0,0.0,8050
32001,0.0,0.0,0.0,0.0,8050
32006,0.0,0.0,0.0,0.0,8050
32011,0.0,0.0,0.0,0.0,8050
32016,0.0,0.0,0.0,0.0,8040
32021,0.0,0.0,0.0,0.0,8040
32026,0.0,0.0,0.0,0.0,8040
32031,0.0,0.0,0.0,0.0,8040
32036,0.0,0.0,0.0,0.0,8040
32041,0.0,0.0,0.0,0.0,8030
32046,0.0,0.0,0.0,0.0,8030
32051,0.0,0.0,0.0,0.0,8030
32056,0.0,0.0,0.0,0.0,8030
32061,0.0,0.0,0.0,0.0,8030
32066,0.0,0.0,0.0,0.0,8027
32071,0.0,0.0,0.0,0.0,8020
32076,0.0,0.0,0.0,0.0,8020
32081,0.0,0.0,0.0,0.0,8020
32086,0.0,0.0,0.0,0.0,8020
32091,0.0,0.0,0.0,0.0,8019
32096,0.0,0.0,0.0,0.0,8010
32101,0.0,0.0,0.0,0.0,8010
32106,0.0,0.0,0.0,0.0,8010
32111,0.0,0.0,0.0,0.0,8010
32116,0.0,0.0,0.0,0.0,8010
32121,0.0,0.0,0.0,0.0,8000
32126,0.0,0.0,0.0,0.0,8000
32131,0.0,0.0,0.0,0.0,8000
32136,0.0,0.0,0.0,0.0,8000
32141,0.0,0.0,0.0,0.0,8000
32146,0.0,0.0,0.0,0.0,7991
32151,0.0,0.0,0.0,0.0,7990
32156,0.0,0.0,0.0,0.0,7990
32161,0.0,0.0,0.0,0.0,7990
32166,0.0,0.0,0.0,0.0,7990
32171,0.0,0.0,0.0,0.0,7987
32176,0.0,0.0,0.0,0.0,7980
32181,0.0,0.0,0.0,0.0,7980
32186,0.0,0.0,0.0,0.0,7980
32191,0.0,0.0,0.0,0.0,7980
32196,0.0,0.0,0.0,0.0,7980
32201,0.0,0.0,0.0,0.0,7970
32206,0.0,0.0,0.0,0.0,7970
32211,0.0,0.0,0.0,0.0,7970
32216,0.0,0.0,0.0,0.0,7970
32221,0.0,0.0,0.0,0.0,7970
32226,0.0,0.0,0.0,0.0,7962
32231,0.0,0.0,0.0,0.0,7960
32236,0.0,0.0,0.0,0.0,7960
32241,0.0,0.0,0.0,0.0,7960
32246,0.0,0.0,0.0,0.0,7960
32251,0.0,0.0,0.0,0.0,7956
32256,0.0,0.0,0.0,0.0,7950
32261,0.0,0.0,0.0,0.0,7950
32266,0.0,0.0,0.0,0.0,7950
32271,0.0,0.0,0.0,0.0,7950
32276,0.0,0.0,0.0,0.0,7950
32281,0.0,0.0,0.0,0.0,7940
32286,0.0,0.0,0.0,0.0,7940
32291,0.0,0.0,0.0,0.0,7940
32296,0.0,0.0,0.0,0.0,7940
32301,0.0,0.0,0.0,0.0,7940
32306,0.0,0.0,0.0,0.0,7931
32311,0.0,0.0,0.0,0.0,7930
32316,0.0,0.0,0.0,0.0,7930
32321,0.0,0.0,0.0,0.0,7930
32326,0.0,0.0,0.0,0.0,7930
32331,0.0,0.0,0.0,0.0,7928
32336,0.0,0.0,0.0,0.0,7920
32341,0.0,0.0,0.0,0.0,7920
32346,0.0,0.0,0.0,0.0,7920
32351,0.0,0.0,0.0,0.0,7920
32356,0.0,0.0,0.0,0.0,7920
32361,0.0,0.0,0.0,0.0,7910
32366,0.0,0.0,0.0,0.0,7910
32371,0.0,0.0,0.0,0.0,7910
32376,0.0,0.0,0.0,0.0,7910
32381,0.0,0.0,0.0,0.0,7910
32386,0.0,0.0,0.0,0.0,7902
32391,0.0,0.0,0.0,0.0,7900
32396,0.0,0.0,0.0,0.0,7900
32401,0.0,0.0,0.0,0.0,7900
32406,0.0,0.0,0.0,0.0,7900
32411,0.0,0.0,0.0,0.0,7897
32416,0.0,0.0,0.0,0.0,7890
32421,0.0,0.0,0.0,0.0,7890
32426,0.0,0.0,0.0,0.0,7890
32431,0.0,0.0,0.0,0.0,7890
32436,0.0,0.0,0.0,0.0,7890
32441,0.0,0.0,0.0,0.0,7880
32446,0.0,0.0,0.0,0.0,7880
32451,0.0,0.0,0.0,0.0,7880
32456,0.0,0.0,0.0,0.0,7880
32461,0.0,0.0,0.0,0.0,7880
32466,0.0,0.0,0.0,0.0,7873
32471,0.0,0.0,0.0,0.0,7870
32476,0.0,0.0,0.0,0.0,7870
32481,0.0,0.0,0.0,0.0,7870
32486,0.0,0.0,0.0,0.0,7870
32491,0.0,0.0,0.0,0.0,7869
32496,0.0,0.0,0.0,0.0,7860
32501,0.0,0.0,0.0,0.0,7860
32506,0.0,0.0,0.0,0.0,7860
32511,0.0,0.0,0.0,0.0,7860
32516,0.0,0.0,0.0,0.0,7860
32521,0.0,0.0,0.0,0.0,7850
32526,0.0,0.0,0.0,0.0,7850
32531,0.0,0.0,0.0,0.0,7850
32536,0.0,0.0,0.0,0.0,7850
32541,0.0,0.0,0.0,0.0,7850
32546,0.0,0.0,0.0,0.0,7841
32551,0.0,0.0,0.0,0.0,7840
32556,0.0,0.0,0.0,0.0,7840
32561,0.0,0.0,0.0,0.0,7840
32566,0.0,0.0,0.0,0.0,7840
32571,0.0,0.0,0.0,0.0,7837
32576,0.0,0.0,0.0,0.0,7830
32581,0.0,0.0,0.0,0.0,7830
32586,0.0,0.0,0.0,0.0,7830
32591,0.0,0.0,0.0,0.0,7830
32596,0.0,0.0,0.0,0.0,7830
32601,0.0,0.0,0.0,0.0,7820
32606,0.0,0.0,0.0,0.0,7820
32611,0.0,0.0,0.0,0.0,7820
32616,0.0,0.0,0.0,0.0,7820
32621,0.0,0.0,0.0,0.0,7820
32626,0.0,0.0,0.0,0.0,7816
32631,0.0,0.0,0.0,0.0,7810
32636,0.0,0.0,0.0,0.0,7810
32641,0.0,0.0,0.0,0.0,7810
32646,0.0,0.0,0.0,0.0,7810
32651,0.0,0.0,0.0,0.0,7810
32656,0.0,0.0,0.0,0.0,7800
32661,0.0,0.0,0.0,0.0,7800
32666,0.0,0.0,0.0,0.0,7800
32671,0.0,0.0,0.0,0.0,7800
32676,0.0,0.0,0.0,0.0,7800
32681,0.0,0.0,0.0,0.0,7791
32686,0.0,0.0,0.0,0.0,7790
32691,0.0,0.0,0.0,0.0,7790
32696,0.0,0.0,0.0,0.0,7790
32701,0.0,0.0,0.0,0.0,7790
32706,0.0,0.0,0.0,0.0,7789
32711,0.0,0.0,0.0,0.0,7780
32716,0.0,0.0,0.0,0.0,7780
32721,0.0,0.0,0.0,0.0,7780
32726,0.0,0.0,0.0,0.0,7780
32731,0.0,0.0,0.0,0.0,7780
32736,0.0,0.0,0.0,0.0,7770
32741,0.0,0.0,0.0,0.0,7770
32746,0.0,0.0,0.0,0.0,7770
32751,0.0,0.0,0.0,0.0,7770
32756,0.0,0.0,0.0,0.0,7770
32761,0.0,0.0,0.0,0.0,7766
32766,0.0,0.0,0.0,0.0,7760
32771,0.0,0.0,0.0,0.0,7760
32776,0.0,0.0,0.0,0.0,7760
32781,0.0,0.0,0.0,0.0,7760
32786,0.0,0.0,0.0,0.0,7759
32791,0.0,0.0,0.0,0.0,7750
32796,0.0,0.0,0.0,0.0,7750
32801,0.0,0.0,0.0,0.0,7750
32806,0.0,0.0,0.0,0.0,7750
32811,0.0,0.0,0.0,0.0,7750
32816,0.0,0.0,0.0,0.0,7741
32821,0.0,0.0,0.0,0.0,7740
32826,0.0,0.0,0.0,0.0,7740
32831,0.0,0.0,0.0,0.0,7740
32836,0.0,0.0,0.0,0.0,7740
32841,0.0,0.0,0.0,0.0,7735
32846,0.0,0.0,0.0,0.0,7730
32851,0.0,0.0,0.0,0.0,7730
32856,0.0,0.0,0.0,0.0,7730
32861,0.0,0.0,0.0,0.0,7730
32866,0.0,0.0,0.0,0.0,7730
32871,0.0,0.0,0.0,0.0,7720
32876,0.0,0.0,0.0,0.0,7720
32881,0.0,0.0,0.0,0.0,7720
32886,0.0,0.0,0.0,0.0,7720
32891,0.0,0.0,0.0,0.0,7720
32896,0.0,0.0,0.0,0.0,7710
32901,0.0,0.0,0.0,0.0,7710
32906,0.0,0.0,0.0,0.0,7710
32911,0.0,0.0,0.0,0.0,7710
32916,0.0,0.0,0.0,0.0,7710
32921,0.0,0.0,0.0,0.0,7701
32926,0.0,0.0,0.0,0.0,7700
32931,0.0,0.0,0.0,0.0,7700
32936,0.0,0.0,0.0,0.0,7700
32941,0.0,0.0,0.0,0.0,7700
32946,0.0,0.0,0.0,0.0,7699
32951,0.0,0.0,0.0,0.0,7690
32956,0.0,0.0,0.0,0.0,7690
32961,0.0,0.0,0.0,0.0,7690
32966,0.0,0.0,0.0,0.0,7690
32971,0.0,0.0,0.0,0.0,7690
32976,0.0,0.0,0.0,0.0,7680
32981,0.0,0.0,0.0,0.0,7680
32986,0.0,0.0,0.0,0.0,7680
32991,0.0,0.0,0.0,0.0,7680
32996,0.0,0.0,0.0,0.0,7680
33001,0.0,0.0,0.0,0.0,7672
33006,0.0,0.0,0.0,0.0,7670
33011,0.0,0.0,0.0,0.0,7670
33016,0.0,0.0,0.0,0.0,7670
33021,0.0,0.0,0.0,0.0,7670
33026,0.0,0.0,0.0,0.0,7666
33031,0.0,0.0,0.0,0.0,7660
33036,0.0,0.0,0.0,0.0,7660
33041,0.0,0.0,0.0,0.0,7660
33046,0.0,0.0,0.0,0.0,7660
33051,0.0,0.0,0.0,0.0,7660
33056,0.0,0.0,0.0,0.0,7650
33061,0.0,0.0,0.0,0.0,7650
33066,0.0,0.0,0.0,0.0,7650
33071,0.0,0.0,0.0,0.0,7650
33076,0.0,0.0,0.0,0.0,7650
33081,0.0,0.0,0.0,0.0,7644
33086,0.0,0.0,0.0,0.0,7640
33091,0.0,0.0,0.0,0.0,7640
33096,0.0,0.0,0.0,0.0,7640
33101,0.0,0.0,0.0,0.0,7640
33106,0.0,0.0,0.0,0.0,7640
33111,0.0,0.0,0.0,0.0,7630
33116,0.0,0.0,0.0,0.0,7630
33121,0.0,0.0,0.0,0.0,7630
33126,0.0,0.0,0.0,0.0,7630
33131,0.0,0.0,0.0,0.0,7630
33136,0.0,0.0,0.0,0.0,7621
33141,0.0,0.0,0.0,0.0,7620
33146,0.0,0.0,0.0,0.0,7620
33151,0.0,0.0,0.0,0.0,7620
33156,0.0,0.0,0.0,0.0,7620
33161,0.0,0.0,0.0,0.0,7614
33166,0.0,0.0,0.0,0.0,7610
33171,0.0,0.0,0.0,0.0,7610
33176,0.0,0.0,0.0,0.0,7610
33181,0.0,0.0,0.0,0.0,7610
33186,0.0,0.0,0.0,0.0,7608
33191,0.0,0.0,0.0,0.0,7600
33196,0.0,0.0,0.0,0.0,7600
33201,0.0,0.0,0.0,0.0,7600
33206,0.0,0.0,0.0,0.0,7600
33211,0.0,0.0,0.0,0.0,7600
33216,0.0,0.0,0.0,0.0,7590
33221,0.0,0.0,0.0,0.0,7590
33226,0.0,0.0,0.0,0.0,7590
33231,0.0,0.0,0.0,0.0,7590
33236,0.0,0.0,0.0,0.0,7590
33241,0.0,0.0,0.0,0.0,7581
33246,0.0,0.0,0.0,0.0,7580
33251,0.0,0.0,0.0,0.0,7580
33256,0.0,0.0,0.0,0.0,7580
33261,0.0,0.0,0.0,0.0,7580
33266,0.0,0.0,0.0,0.0,7578
33271,0.0,0.0,0.0,0.0,7570
33276,0.0,0.0,0.0,0.0,7570
33281,0.0,0.0,0.0,0.0,7570
33286,0.0,0.0,0.0,0.0,7570
33291,0.0,0.0,0.0,0.0,7570
33296,0.0,0.0,0.0,0.0,7560
33301,0.0,0.0,0.0,0.0,7560
33306,0.0,0.0,0.0,0.0,7560
33311,0.0,0.0,0.0,0.0,7560
33316,0.0,0.0,0.0,0.0,7560
33321,0.0,0.0,0.0,0.0,7551
33326,0.0,0.0,0.0,0.0,7550
33331,0.0,0.0,0.0,0.0,7550
33336,0.0,0.0,0.0,0.0,7550
33341,0.0,0.0,0.0,0.0,7550
33346,0.0,0.0,0.0,0.0,7549
33351,0.0,0.0,0.0,0.0,7540
33356,0.0,0.0,0.0,0.0,7540
33361,0.0,0.0,0.0,0.0,7540
33366,0.0,0.0,0.0,0.0,7540
33371,0.0,0.0,0.0,0.0,7540
33376,0.0,0.0,0.0,0.0,7530
33381,0.0,0.0,0.0,0.0,7530
33386,0.0,0.0,0.0,0.0,7530
33391,0.0,0.0,0.0,0.0,7530
33396,0.0,0.0,0.0,0.0,7530
33401,0.0,0.0,0.0,0.0,7526
33406,0.0,0.0,0.0,0.0,7520
33411,0.0,0.0,0.0,0.0,7520
33416,0.0,0.0,0.0,0.0,7520
33421,0.0,0.0,0.0,0.0,7520
33426,0.0,0.0,0.0,0.0,7520
33431,0.0,0.0,0.0,0.0,7510
33436,0.0,0.0,0.0,0.0,7510
33441,0.0,0.0,0.0,0.0,7510
33446,0.0,0.0,0.0,0.0,7510
33451,0.0,0.0,0.0,0.0,7510
33456,0.0,0.0,0.0,0.0,7500
33461,0.0,0.0,0.0,0.0,7500
33466,0.0,0.0,0.0,0.0,7500
33471,0.0,0.0,0.0,0.0,7500
33476,0.0,0.0,0.0,0.0,7500
33481,0.0,0.0,0.0,0.0,7493
33486,0.0,0.0,0.0,0.0,7490
33491,0.0,0.0,0.0,0.0,7490
33496,0.0,0.0,0.0,0.0,7490
33501,0.0,0.0,0.0,0.0,7490
33506,0.0,0.0,0.0,0.0,7490
33511,0.0,0.0,0.0,0.0,7480
33516,0.0,0.0,0.0,0.0,7480
33521,0.0,0.0,0.0,0.0,7480
33526,0.0,0.0,0.0,0.0,7480
33531,0.0,0.0,0.0,0.0,7480
33536,0.0,0.0,0.0,0.0,7471
33541,0.0,0.0,0.0,0.0,7470
33546,0.0,0.0,0.0,0.0,7470
33551,0.0,0.0,0.0,0.0,7470
33556,0.0,0.0,0.0,0.0,7470
33561,0.0,0.0,0.0,0.0,7467
33566,0.0,0.0,0.0,0.0,7460
33571,0.0,0.0,0.0,0.0,7460
33576,0.0,0.0,0.0,0.0,7460
33581,0.0,0.0,0.0,0.0,7460
33586,0.0,0.0,0.0,0.0,7460
33591,0.0,0.0,0.0,0.0,7450
33596,0.0,0.0,0.0,0.0,7450
33601,0.0,0.0,0.0,0.0,7450
33606,0.0,0.0,0.0,0.0,7450
33611,0.0,0.0,0.0,0.0,7450
33616,0.0,0.0,0.0,0.0,7441
33621,0.0,0.0,0.0,0.0,7440
33626,0.0,0.0,0.0,0.0,7440
33631,0.0,0.0,0.0,0.0,7440
33636,0.0,0.0,0.0,0.0,7440
33641,0.0,0.0,0.0,0.0,7438
33646,0.0,0.0,0.0,0.0,7430
33651,0.0,0.0,0.0,0.0,7430
33656,0.0,0.0,0.0,0.0,7430
33661,0.0,0.0,0.0,0.0,7430
33666,0.0,0.0,0.0,0.0,7430
33671,0.0,0.0,0.0,0.0,7420
33676,0.0,0.0,0.0,0.0,7420
33681,0.0,0.0,0.0,0.0,7420
33686,0.0,0.0,0.0,0.0,7420
33691,0.0,0.0,0.0,0.0,7420
33696,0.0,0.0,0.0,0.0,7411
33701,0.0,0.0,0.0,0.0,7410
33706,0.0,0.0,0.0,0.0,7410
33711,0.0,0.0,0.0,0.0,7410
33716,0.0,0.0,0.0,0.0,7410
33721,0.0,0.0,0.0,0.0,7406
33726,0.0,0.0,0.0,0.0,7400
33731,0.0,0.0,0.0,0.0,7400
33736,0.0,0.0,0.0,0.0,7400
33741,0.0,0.0,0.0,0.0,7400
33746,0.0,0.0,0.0,0.0,7400
33751,0.0,0.0,0.0,0.0,7390
33756,0.0,0.0,0.0,0.0,7390
33761,0.0,0.0,0.0,0.0,7390
33766,0.0,0.0,0.0,0.0,7390
33771,0.0,0.0,0.0,0.0,7390
33776,0.0,0.0,0.0,0.0,7381
33781,0.0,0.0,0.0,0.0,7380
33786,0.0,0.0,0.0,0.0,7380
33791,0.0,0.0,0.0,0.0,7380
33796,0.0,0.0,0.0,0.0,7380
33801,0.0,0.0,0.0,0.0,7378
33806,0.0,0.0,0.0,0.0,7370
33811,0.0,0.0,0.0,0.0,7370
33816,0.0,0.0,0.0,0.0,7370
33821,0.0,0.0,0.0,0.0,7370
33826,0.0,0.0,0.0,0.0,7370
33831,0.0,0.0,0.0,0.0,7360
33836,0.0,0.0,0.0,0.0,7360
33841,0.0,0.0,0.0,0.0,7360
33846,0.0,0.0,0.0,0.0,7360
33851,0.0,0.0,0.0,0.0,7360
33856,0.0,0.0,0.0,0.0,7350
33861,0.0,0.0,0.0,0.0,7350
33866,0.0,0.0,0.0,0.0,7350
33871,0.0,0.0,0.0,0.0,7350
33876,0.0,0.0,0.0,0.0,7350
33881,0.0,0.0,0.0,0.0,7341
33886,0.0,0.0,0.0,0.0,7340
33891,0.0,0.0,0.0,0.0,7340
33896,0.0,0.0,0.0,0.0,7340
33901,0.0,0.0,0.0,0.0,7340
33906,0.0,0.0,0.0,0.0,7337
33911,0.0,0.0,0.0,0.0,7330
33916,0.0,0.0,0.0,0.0,7330
33921,0.0,0.0,0.0,0.0,7330
33926,0.0,0.0,0.0,0.0,7330
33931,0.0,0.0,0.0,0.0,7330
33936,0.0,0.0,0.0,0.0,7320
33941,0.0,0.0,0.0,0.0,7320
33946,0.0,0.0,0.0,0.0,7320
33951,0.0,0.0,0.0,0.0,7320
33956,0.0,0.0,0.0,0.0,7320
33961,0.0,0.0,0.0,0.0,7315
33966,0.0,0.0,0.0,0.0,7310
33971,0.0,0.0,0.0,0.0,7310
33976,0.0,0.0,0.0,0.0,7310
33981,0.0,0.0,0.0,0.0,7310
33986,0.0,0.0,0.0,0.0,7307
33991,0.0,0.0,0.0,0.0,7300
33996,0.0,0.0,0.0,0.0,7300
34001,0.0,0.0,0.0,0.0,7300
34006,0.0,0.0,0.0,0.0,7300
34011,0.0,0.0,0.0,0.0,7300
34016,0.0,0.0,0.0,0.0,7290
34021,0.0,0.0,0.0,0.0,7290
34026,0.0,0.0,0.0,0.0,7290
34031,0.0,0.0,0.0,0.0,7290
34036,0.0,0.0,0.0,0.0,7290
34041,0.0,0.0,0.0,0.0,7281
34046,0.0,0.0,0.0,0.0,7280
34051,0.0,0.0,0.0,0.0,7280
34056,0.0,0.0,0.0,0.0,7280
34061,0.0,0.0,0.0,0.0,7280
34066,0.0,0.0,0.0,0.0,7276
34071,0.0,0.0,0.0,0.0,7270
34076,0.0,0.0,0.0,0.0,7270
34081,0.0,0.0,0.0,0.0,7270
34086,0.0,0.0,0.0,0.0,7270
34091,0.0,0.0,0.0,0.0,7270
34096,0.0,0.0,0.0,0.0,7260
34101,0.0,0.0,0.0,0.0,7260
34106,0.0,0.0,0.0,0.0,7260
34111,0.0,0.0,0.0,0.0,7260
34116,0.0,0.0,0.0,0.0,7260
34121,0.0,0.0,0.0,0.0,7250
34126,0.0,0.0,0.0,0.0,7250
34131,0.0,0.0,0.0,0.0,7250
34136,0.0,0.0,0.0,0.0,7250
34141,0.0,0.0,0.0,0.0,7250
34146,0.0,0.0,0.0,0.0,7243
34151,0.0,0.0,0.0,0.0,7240
34156,0.0,0.0,0.0,0.0,7240
34161,0.0,0.0,0.0,0.0,7240
34166,0.0,0.0,0.0,0.0,7240
34171,0.0,0.0,0.0,0.0,7240
34176,0.0,0.0,0.0,0.0,7230
34181,0.0,0.0,0.0,0.0,7230
34186,0.0,0.0,0.0,0.0,7230
34191,0.0,0.0,0.0,0.0,7230
34196,0.0,0.0,0.0,0.0,7230
34201,0.0,0.0,0.0,0.0,7222
34206,0.0,0.0,0.0,0.0,7220
34211,0.0,0.0,0.0,0.0,7220
34216,0.0,0.0,0.0,0.0,7220
34221,0.0,0.0,0.0,0.0,7220
34226,0.0,0.0,0.0,0.0,7218
34231,0.0,0.0,0.0,0.0,7210
34236,0.0,0.0,0.0,0.0,7210
34241,0.0,0.0,0.0,0.0,7210
34246,0.0,0.0,0.0,0.0,7210
34251,0.0,0.0,0.0,0.0,7210
34256,0.0,0.0,0.0,0.0,7200
34261,0.0,0.0,0.0,0.0,7200
34266,0.0,0.0,0.0,0.0,7200
34271,0.0,0.0,0.0,0.0,7200
34276,0.0,0.0,0.0,0.0,7200
34281,0.0,0.0,0.0,0.0,7191
34286,0.0,0.0,0.0,0.0,7190
34291,0.0,0.0,0.0,0.0,7190
34296,0.0,0.0,0.0,0.0,7190
34301,0.0,0.0,0.0,0.0,7190
34306,0.0,0.0,0.0,0.0,7185
34311,0.0,0.0,0.0,0.0,7180
34316,0.0,0.0,0.0,0.0,7180
34321,0.0,0.0,0.0,0.0,7180
34326,0.0,0.0,0.0,0.0,7180
34331,0.0,0.0,0.0,0.0,7178
34336,0.0,0.0,0.0,0.0,7170
34341,0.0,0.0,0.0,0.0,7170
34346,0.0,0.0,0.0,0.0,7170
34351,0.0,0.0,0.0,0.0,7170
34356,0.0,0.0,0.0,0.0,7170
34361,0.0,0.0,0.0,0.0,7160
34366,0.0,0.0,0.0,0.0,7160
34371,0.0,0.0,0.0,0.0,7160
34376,0.0,0.0,0.0,0.0,7160
34381,0.0,0.0,0.0,0.0,7160
34386,0.0,0.0,0.0,0.0,7150
34391,0.0,0.0,0.0,0.0,7150
34396,0.0,0.0,0.0,0.0,7150
34401,0.0,0.0,0.0,0.0,7150
34406,0.0,0.0,0.0,0.0,7150
34411,0.0,0.0,0.0,0.0,7142
34416,0.0,0.0,0.0,0.0,7140
34421,0.0,0.0,0.0,0.0,7140
34426,0.0,0.0,0.0,0.0,7140
34431,0.0,0.0,0.0,0.0,7140
34436,0.0,0.0,0.0,0.0,7140
34441,0.0,0.0,0.0,0.0,7130
34446,0.0,0.0,0.0,0.0,7130
34451,0.0,0.0,0.0,0.0,7130
34456,0.0,0.0,0.0,0.0,7130
34461,0.0,0.0,0.0,0.0,7130
34466,0.0,0.0,0.0,0.0,7120
34471,0.0,0.0,0.0,0.0,7120
34476,0.0,0.0,0.0,0.0,7120
34481,0.0,0.0,0.0,0.0,7120
34486,0.0,0.0,0.0,0.0,7120
34491,0.0,0.0,0.0,0.0,7110
34496,0.0,0.0,0.0,0.0,7110
34501,0.0,0.0,0.0,0.0,7110
34506,0.0,0.0,0.0,0.0,7110
34511,0.0,0.0,0.0,0.0,7110
34516,0.0,0.0,0.0,0.0,7104
34521,0.0,0.0,0.0,0.0,7100
34526,0.0,0.0,0.0,0.0,7100
34531,0.0,0.0,0.0,0.0,7100
34536,0.0,0.0,0.0,0.0,7100
34541,0.0,0.0,0.0,0.0,7100
34546,0.0,0.0,0.0,0.0,7090
34551,0.0,0.0,0.0,0.0,7090
34556,0.0,0.0,0.0,0.0,7090
34561,0.0,0.0,0.0,0.0,7090
34566,0.0,0.0,0.0,0.0,7090
34571,0.0,0.0,0.0,0.0,7080
34576,0.0,0.0,0.0,0.0,7080
34581,0.0,0.0,0.0,0.0,7080
34586,0.0,0.0,0.0,0.0,7080
34591,0.0,0.0,0.0,0.0,7080
34596,0.0,0.0,0.0,0.0,7075
34601,0.0,0.0,0.0,0.0,7070
34606,0.0,0.0,0.0,0.0,7070
34611,0.0,0.0,0.0,0.0,7070
34616,0.0,0.0,0.0,0.0,7070
34621,0.0,0.0,0.0,0.0,7070
34626,0.0,0.0,0.0,0.0,7060
34631,0.0,0.0,0.0,0.0,7060
34636,0.0,0.0,0.0,0.0,7060
34641,0.0,0.0,0.0,0.0,7060
34646,0.0,0.0,0.0,0.0,7060
34651,0.0,0.0,0.0,0.0,7052
34656,0.0,0.0,0.0,0.0,7050
34661,0.0,0.0,0.0,0.0,7050
34666,0.0,0.0,0.0,0.0,7050
34671,0.0,0.0,0.0,0.0,7050
34676,0.0,0.0,0.0,0.0,7049
34681,0.0,0.0,0.0,0.0,7040
34686,0.0,0.0,0.0,0.0,7040
34691,0.0,0.0,0.0,0.0,7040
34696,0.0,0.0,0.0,0.0,7040
34701,0.0,0.0,0.0,0.0,7040
34706,0.0,0.0,0.0,0.0,7030
34711,0.0,0.0,0.0,0.0,7030
34716,0.0,0.0,0.0,0.0,7030
34721,0.0,0.0,0.0,0.0,7030
34726,0.0,0.0,0.0,0.0,7030
34731,0.0,0.0,0.0,0.0,7022
34736,0.0,0.0,0.0,0.0,7020
34741,0.0,0.0,0.0,0.0,7020
34746,0.0,0.0,0.0,0.0,7020
34751,0.0,0.0,0.0,0.0,7020
34756,0.0,0.0,0.0,0.0,7018
34761,0.0,0.0,0.0,0.0,7010
34766,0.0,0.0,0.0,0.0,7010
34771,0.0,0.0,0.0,0.0,7010
34776,0.0,0.0,0.0,0.0,7010
34781,0.0,0.0,0.0,0.0,7009
34786,0.0,0.0,0.0,0.0,7000
34791,0.0,0.0,0.0,0.0,7000
34796,0.0,0.0,0.0,0.0,7000
34801,0.0,0.0,0.0,0.0,7000
34806,0.0,0.0,0.0,0.0,7000
34811,0.0,0.0,0.0,0.0,6990
34816,0.0,0.0,0.0,0.0,6990
34821,0.0,0.0,0.0,0.0,6990
34826,0.0,0.0,0.0,0.0,6990
34831,0.0,0.0,0.0,0.0,6990
34836,0.0,0.0,0.0,0.0,6981
34841,0.0,0.0,0.0,0.0,6980
34846,0.0,0.0,0.0,0.0,6980
34851,0.0,0.0,0.0,0.0,6980
34856,0.0,0.0,0.0,0.0,6980
34861,0.0,0.0,0.0,0.0,6977
34866,0.0,0.0,0.0,0.0,6970
34871,0.0,0.0,0.0,0.0,6970
34876,0.0,0.0,0.0,0.0,6970
34881,0.0,0.0,0.0,0.0,6970
34886,0.0,0.0,0.0,0.0,6970
34891,0.0,0.0,0.0,0.0,6960
34896,0.0,0.0,0.0,0.0,6960
34901,0.0,0.0,0.0,0.0,6960
34906,0.0,0.0,0.0,0.0,6960
34911,0.0,0.0,0.0,0.0,6960
34916,0.0,0.0,0.0,0.0,6952
34921,0.0,0.0,0.0,0.0,6950
34926,0.0,0.0,0.0,0.0,6950
34931,0.0,0.0,0.0,0.0,6950
34936,0.0,0.0,0.0,0.0,6950
34941,0.0,0.0,0.0,0.0,6950
34946,0.0,0.0,0.0,0.0,6940
34951,0.0,0.0,0.0,0.0,6940
34956,0.0,0.0,0.0,0.0,6940
34961,0.0,0.0,0.0,0.0,6940
34966,0.0,0.0,0.0,0.0,6940
34971,0.0,0.0,0.0,0.0,6930
34976,0.0,0.0,0.0,0.0,6930
34981,0.0,0.0,0.0,0.0,6930
34986,0.0,0.0,0.0,0.0,6930
34991,0.0,0.0,0.0,0.0,6930
34996,0.0,0.0,0.0,0.0,6922
35001,0.0,0.0,0.0,0.0,6920
35006,0.0,0.0,0.0,0.0,6920
35011,0.0,0.0,0.0,0.0,6920
35016,0.0,0.0,0.0,0.0,6920
35021,0.0,0.0,0.0,0.0,6919
35026,0.0,0.0,0.0,0.0,6910
35031,0.0,0.0,0.0,0.0,6910
35036,0.0,0.0,0.0,0.0,6910
35041,0.0,0.0,0.0,0.0,6910
35046,0.0,0.0,0.0,0.0,6910
35051,0.0,0.0,0.0,0.0,6900
35056,0.0,0.0,0.0,0.0,6900
35061,0.0,0.0,0.0,0.0,6900
35066,0.0,0.0,0.0,0.0,6900
35071,0.0,0.0,0.0,0.0,6900
35076,0.0,0.0,0.0,0.0,6896
35081,0.0,0.0,0.0,0.0,6890
35086,0.0,0.0,0.0,0.0,6890
35091,0.0,0.0,0.0,0.0,6890
35096,0.0,0.0,0.0,0.0,6890
35101,0.0,0.0,0.0,0.0,6890
35106,0.0,0.0,0.0,0.0,6880
35111,0.0,0.0,0.0,0.0,6880
35116,0.0,0.0,0.0,0.0,6880
35121,0.0,0.0,0.0,0.0,6880
35126,0.0,0.0,0.0,0.0,6880
35131,0.0,0.0,0.0,0.0,6870
35136,0.0,0.0,0.0,0.0,6870
35141,0.0,0.0,0.0,0.0,6870
35146,0.0,0.0,0.0,0.0,6870
35151,0.0,0.0,0.0,0.0,6870
35156,0.0,0.0,0.0,0.0,6864
35161,0.0,0.0,0.0,0.0,6860
35166,0.0,0.0,0.0,0.0,6860
35171,0.0,0.0,0.0,0.0,6860
35176,0.0,0.0,0.0,0.0,6860
35181,0.0,0.0,0.0,0.0,6859
35186,0.0,0.0,0.0,0.0,6850
35191,0.0,0.0,0.0,0.0,6850
35196,0.0,0.0,0.0,0.0,6850
35201,0.0,0.0,0.0,0.0,6850
35206,0.0,0.0,0.0,0.0,6850
35211,0.0,0.0,0.0,0.0,6841
35216,0.0,0.0,0.0,0.0,6840
35221,0.0,0.0,0.0,0.0,6840
35226,0.0,0.0,0.0,0.0,6840
35231,0.0,0.0,0.0,0.0,6840
35236,0.0,0.0,0.0,0.0,6836
35241,0.0,0.0,0.0,0.0,6830
35246,0.0,0.0,0.0,0.0,6830
35251,0.0,0.0,0.0,0.0,6830
35256,0.0,0.0,0.0,0.0,6830
35261,0.0,0.0,0.0,0.0,6830
35266,0.0,0.0,0.0,0.0,6820
35271,0.0,0.0,0.0,0.0,6820
35276,0.0,0.0,0.0,0.0,6820
35281,0.0,0.0,0.0,0.0,6820
35286,0.0,0.0,0.0,0.0,6820
35291,0.0,0.0,0.0,0.0,6812
35296,0.0,0.0,0.0,0.0,6810
35301,0.0,0.0,0.0,0.0,6810
35306,0.0,0.0,0.0,0.0,6810
35311,0.0,0.0,0.0,0.0,6810
35316,0.0,0.0,0.0,0.0,6808
35321,0.0,0.0,0.0,0.0,6800
35326,0.0,0.0,0.0,0.0,6800
35331,0.0,0.0,0.0,0.0,6800
35336,0.0,0.0,0.0,0.0,6800
35341,0.0,0.0,0.0,0.0,6800
35346,0.0,0.0,0.0,0.0,6790
35351,0.0,0.0,0.0,0.0,6790
35356,0.0,0.0,0.0,0.0,6790
35361,0.0,0.0,0.0,0.0,6790
35366,0.0,0.0,0.0,0.0,6790
35371,0.0,0.0,0.0,0.0,6781
35376,0.0,0.0,0.0,0.0,6780
35381,0.0,0.0,0.0,0.0,6780
35386,0.0,0.0,0.0,0.0,6780
35391,0.0,0.0,0.0,0.0,6780
35396,0.0,0.0,0.0,0.0,6777
35401,0.0,0.0,0.0,0.0,6770
35406,0.0,0.0,0.0,0.0,6770
35411,0.0,0.0,0.0,0.0,6770
35416,0.0,0.0,0.0,0.0,6770
35421,0.0,0.0,0.0,0.0,6770
35426,0.0,0.0,0.0,0.0,6760
35431,0.0,0.0,0.0,0.0,6760
35436,0.0,0.0,0.0,0.0,6760
35441,0.0,0.0,0.0,0.0,6760
35446,0.0,0.0,0.0,0.0,6760
35451,0.0,0.0,0.0,0.0,6753
35456,0.0,0.0,0.0,0.0,6750
35461,0.0,0.0,0.0,0.0,6750
35466,0.0,0.0,0.0,0.0,6750
35471,0.0,0.0,0.0,0.0,6750
35476,0.0,0.0,0.0,0.0,6749
35481,0.0,0.0,0.0,0.0,6740
35486,0.0,0.0,0.0,0.0,6740
35491,0.0,0.0,0.0,0.0,6740
35496,0.0,0.0,0.0,0.0,6740
35501,0.0,0.0,0.0,0.0,6740
35506,0.0,0.0,0.0,0.0,6730
35511,0.0,0.0,0.0,0.0,6730
35516,0.0,0.0,0.0,0.0,6730
35521,0.0,0.0,0.0,0.0,6730
35526,0.0,0.0,0.0,0.0,6730
35531,0.0,0.0,0.0,0.0,6726
35536,0.0,0.0,0.0,0.0,6720
35541,0.0,0.0,0.0,0.0,6720
35546,0.0,0.0,0.0,0.0,6720
35551,0.0,0.0,0.0,0.0,6720
35556,0.0,0.0,0.0,0.0,6719
35561,0.0,0.0,0.0,0.0,6710
35566,0.0,0.0,0.0,0.0,6710
35571,0.0,0.0,0.0,0.0,6710
35576,0.0,0.0,0.0,0.0,6710
35581,0.0,0.0,0.0,0.0,6710
35586,0.0,0.0,0.0,0.0,6700
35591,0.0,0.0,0.0,0.0,6700
35596,0.0,0.0,0.0,0.0,6700
35601,0.0,0.0,0.0,0.0,6700
35606,0.0,0.0,0.0,0.0,6700
35611,0.0,0.0,0.0,0.0,6694
35616,0.0,0.0,0.0,0.0,6690
35621,0.0,0.0,0.0,0.0,6690
35626,0.0,0.0,0.0,0.0,6690
35631,0.0,0.0,0.0,0.0,6690
35636,0.0,0.0,0.0,0.0,6690
35641,0.0,0.0,0.0,0.0,6680
35646,0.0,0.0,0.0,0.0,6680
35651,0.0,0.0,0.0,0.0,6680
35656,0.0,0.0,0.0,0.0,6680
35661,0.0,0.0,0.0,0.0,6680
35666,0.0,0.0,0.0,0.0,6671
35671,0.0,0.0,0.0,0.0,6670
35676,0.0,0.0,0.0,0.0,6670
35681,0.0,0.0,0.0,0.0,6670
35686,0.0,0.0,0.0,0.0,6670
35691,0.0,0.0,0.0,0.0,6670
35696,0.0,0.0,0.0,0.0,6660
35701,0.0,0.0,0.0,0.0,6660
35706,0.0,0.0,0.0,0.0,6660
35711,0.0,0.0,0.0,0.0,6660
35716,0.0,0.0,0.0,0.0,6660
35721,0.0,0.0,0.0,0.0,6650
35726,0.0,0.0,0.0,0.0,6650
35731,0.0,0.0,0.0,0.0,6650
35736,0.0,0.0,0.0,0.0,6650
35741,0.0,0.0,0.0,0.0,6650
35746,0.0,0.0,0.0,0.0,6643
35751,0.0,0.0,0.0,0.0,6640
35756,0.0,0.0,0.0,0.0,6640
35761,0.0,0.0,0.0,0.0,6640
35766,0.0,0.0,0.0,0.0,6640
35771,0.0,0.0,0.0,0.0,6639
35776,0.0,0.0,0.0,0.0,6630
35781,0.0,0.0,0.0,0.0,6630
35786,0.0,0.0,0.0,0.0,6630
35791,0.0,0.0,0.0,0.0,6630
35796,0.0,0.0,0.0,0.0,6630
35801,0.0,0.0,0.0,0.0,6621
35806,0.0,0.0,0.0,0.0,6620
35811,0.0,0.0,0.0,0.0,6620
35816,0.0,0.0,0.0,0.0,6620
35821,0.0,0.0,0.0,0.0,6620
35826,0.0,0.0,0.0,0.0,6618
35831,0.0,0.0,0.0,0.0,6610
35836,0.0,0.0,0.0,0.0,6610
35841,0.0,0.0,0.0,0.0,6610
35846,0.0,0.0,0.0,0.0,6610
35851,0.0,0.0,0.0,0.0,6610
35856,0.0,0.0,0.0,0.0,6600
35861,0.0,0.0,0.0,0.0,6600
35866,0.0,0.0,0.0,0.0,6600
35871,0.0,0.0,0.0,0.0,6600
35876,0.0,0.0,0.0,0.0,6600
35881,0.0,0.0,0.0,0.0,6591
35886,0.0,0.0,0.0,0.0,6590
35891,0.0,0.0,0.0,0.0,6590
35896,0.0,0.0,0.0,0.0,6590
35901,0.0,0.0,0.0,0.0,6590
35906,0.0,0.0,0.0,0.0,6587
35911,0.0,0.0,0.0,0.0,6580
35916,0.0,0.0,0.0,0.0,6580
35921,0.0,0.0,0.0,0.0,6580
35926,0.0,0.0,0.0,0.0,6580
35931,0.0,0.0,0.0,0.0,6580
35936,0.0,0.0,0.0,0.0,6570
35941,0.0,0.0,0.0,0.0,6570
35946,0.0,0.0,0.0,0.0,6570
35951,0.0,0.0,0.0,0.0,6570
35956,0.0,0.0,0.0,0.0,6570
35961,0.0,0.0,0.0,0.0,6560
35966,0.0,0.0,0.0,0.0,6560
35971,0.0,0.0,0.0,0.0,6560
35976,0.0,0.0,0.0,0.0,6560
35981,0.0,0.0,0.0,0.0,6560
35986,0.0,0.0,0.0,0.0,6552
35991,0.0,0.0,0.0,0.0,6550
35996,0.0,0.0,0.0,0.0,6550
36001,0.0,0.0,0.0,0.0,6550
36006,0.0,0.0,0.0,0.0,6550
36011,0.0,0.0,0.0,0.0,6547
36016,0.0,0.0,0.0,0.0,6540
36021,0.0,0.0,0.0,0.0,6540
36026,0.0,0.0,0.0,0.0,6540
36031,0.0,0.0,0.0,0.0,6540
36036,0.0,0.0,0.0,0.0,6540
36041,0.0,0.0,0.0,0.0,6530
36046,0.0,0.0,0.0,0.0,6530
36051,0.0,0.0,0.0,0.0,6530
36056,0.0,0.0,0.0,0.0,6530
36061,0.0,0.0,0.0,0.0,6530
36066,0.0,0.0,0.0,0.0,6521
36071,0.0,0.0,0.0,0.0,6520
36076,0.0,0.0,0.0,0.0,6520
36081,0.0,0.0,0.0,0.0,6520
36086,0.0,0.0,0.0,0.0,6520
36091,0.0,0.0,0.0,0.0,6517
36096,0.0,0.0,0.0,0.0,6510
36101,0.0,0.0,0.0,0.0,6510
36106,0.0,0.0,0.0,0.0,6510
36111,0.0,0.0,0.0,0.0,6510
36116,0.0,0.0,0.0,0.0,6510
36121,0.0,0.0,0.0,0.0,6500
36126,0.0,0.0,0.0,0.0,6500
36131,0.0,0.0,0.0,0.0,6500
36136,0.0,0.0,0.0,0.0,6500
36141,0.0,0.0,0.0,0.0,6500
36146,0.0,0.0,0.0,0.0,6492
36151,0.0,0.0,0.0,0.0,6490
36156,0.0,0.0,0.0,0.0,6490
36161,0.0,0.0,0.0,0.0,6490
36166,0.0,0.0,0.0,0.0,6490
36171,0.0,0.0,0.0,0.0,6487
36176,0.0,0.0,0.0,0.0,6480
36181,0.0,0.0,0.0,0.0,6480
36186,0.0,0.0,0.0,0.0,6480
36191,0.0,0.0,0.0,0.0,6480
36196,0.0,0.0,0.0,0.0,6480
36201,0.0,0.0,0.0,0.0,6470
36206,0.0,0.0,0.0,0.0,6470
36211,0.0,0.0,0.0,0.0,6470
36216,0.0,0.0,0.0,0.0,6470
36221,0.0,0.0,0.0,0.0,6470
36226,0.0,0.0,0.0,0.0,6460
36231,0.0,0.0,0.0,0.0,6460
36236,0.0,0.0,0.0,0.0,6460
36241,0.0,0.0,0.0,0.0,6460
36246,0.0,0.0,0.0,0.0,6460
36251,0.0,0.0,0.0,0.0,6457
36256,0.0,0.0,0.0,0.0,6450
36261,0.0,0.0,0.0,0.0,6450
36266,0.0,0.0,0.0,0.0,6450
36271,0.0,0.0,0.0,0.0,6450
36276,0.0,0.0,0.0,0.0,6450
36281,0.0,0.0,0.0,0.0,6440
36286,0.0,0.0,0.0,0.0,6440
36291,0.0,0.0,0.0,0.0,6440
36296,0.0,0.0,0.0,0.0,6440
36301,0.0,0.0,0.0,0.0,6440
36306,0.0,0.0,0.0,0.0,6432
36311,0.0,0.0,0.0,0.0,6430
36316,0.0,0.0,0.0,0.0,6430
36321,0.0,0.0,0.0,0.0,6430
36326,0.0,0.0,0.0,0.0,6430
36331,0.0,0.0,0.0,0.0,6427
36336,0.0,0.0,0.0,0.0,6420
36341,0.0,0.0,0.0,0.0,6420
36346,0.0,0.0,0.0,0.0,6420
36351,0.0,0.0,0.0,0.0,6420
36356,0.0,0.0,0.0,0.0,6420
36361,0.0,0.0,0.0,0.0,6410
36366,0.0,0.0,0.0,0.0,6410
36371,0.0,0.0,0.0,0.0,6410
36376,0.0,0.0,0.0,0.0,6410
36381,0.0,0.0,0.0,0.0,6410
36386,0.0,0.0,0.0,0.0,6404
36391,0.0,0.0,0.0,0.0,6400
36396,0.0,0.0,0.0,0.0,6400
36401,0.0,0.0,0.0,0.0,6400
36406,0.0,0.0,0.0,0.0,6400
36411,0.0,0.0,0.0,0.0,6400
36416,0.0,0.0,0.0,0.0,6390
36421,0.0,0.0,0.0,0.0,6390
36426,0.0,0.0,0.0,0.0,6390
36431,0.0,0.0,0.0,0.0,6390
36436,0.0,0.0,0.0,0.0,6390
36441,0.0,0.0,0.0,0.0,6383
36446,0.0,0.0,0.0,0.0,6380
36451,0.0,0.0,0.0,0.0,6380
36456,0.0,0.0,0.0,0.0,6380
36461,0.0,0.0,0.0,0.0,6380
36466,0.0,0.0,0.0,0.0,6379
36471,0.0,0.0,0.0,0.0,6370
36476,0.0,0.0,0.0,0.0,6370
36481,0.0,0.0,0.0,0.0,6370
36486,0.0,0.0,0.0,0.0,6370
36491,0.0,0.0,0.0,0.0,6370
36496,0.0,0.0,0.0,0.0,6362
36501,0.0,0.0,0.0,0.0,6360
36506,0.0,0.0,0.0,0.0,6360
36511,0.0,0.0,0.0,0.0,6360
36516,0.0,0.0,0.0,0.0,6360
36521,0.0,0.0,0.0,0.0,6357
36526,0.0,0.0,0.0,0.0,6350
36531,0.0,0.0,0.0,0.0,6350
36536,0.0,0.0,0.0,0.0,6350
36541,0.0,0.0,0.0,0.0,6350
36546,0.0,0.0,0.0,0.0,6350
36551,0.0,0.0,0.0,0.0,6340
36556,0.0,0.0,0.0,0.0,6340
36561,0.0,0.0,0.0,0.0,6340
36566,0.0,0.0,0.0,0.0,6340
36571,0.0,0.0,0.0,0.0,6340
36576,0.0,0.0,0.0,0.0,6330
36581,0.0,0.0,0.0,0.0,6330
36586,0.0,0.0,0.0,0.0,6330
36591,0.0,0.0,0.0,0.0,6330
36596,0.0,0.0,0.0,0.0,6330
36601,0.0,0.0,0.0,0.0,6326
36606,0.0,0.0,0.0,0.0,6320
36611,0.0,0.0,0.0,0.0,6320
36616,0.0,0.0,0.0,0.0,6320
36621,0.0,0.0,0.0,0.0,6320
36626,0.0,0.0,0.0,0.0,6319
36631,0.0,0.0,0.0,0.0,6310
36636,0.0,0.0,0.0,0.0,6310
36641,0.0,0.0,0.0,0.0,6310
36646,0.0,0.0,0.0,0.0,6310
36651,0.0,0.0,0.0,0.0,6310
36656,0.0,0.0,0.0,0.0,6300
36661,0.0,0.0,0.0,0.0,6300
36666,0.0,0.0,0.0,0.0,6300
36671,0.0,0.0,0.0,0.0,6300
36676,0.0,0.0,0.0,0.0,6300
36681,0.0,0.0,0.0,0.0,6290
36686,0.0,0.0,0.0,0.0,6290
36691,0.0,0.0,0.0,0.0,6290
36696,0.0,0.0,0.0,0.0,6290
36701,0.0,0.0,0.0,0.0,6290
36706,0.0,0.0,0.0,0.0,6286
36711,0.0,0.0,0.0,0.0,6280
36716,0.0,0.0,0.0,0.0,6280
36721,0.0,0.0,0.0,0.0,6280
36726,0.0,0.0,0.0,0.0,6280
36731,0.0,0.0,0.0,0.0,6280
36736,0.0,0.0,0.0,0.0,6270
36741,0.0,0.0,0.0,0.0,6270
36746,0.0,0.0,0.0,0.0,6270
36751,0.0,0.0,0.0,0.0,6270
36756,0.0,0.0,0.0,0.0,6270
36761,0.0,0.0,0.0,0.0,6263
36766,0.0,0.0,0.0,0.0,6260
36771,0.0,0.0,0.0,0.0,6260
36776,0.0,0.0,0.0,0.0,6260
36781,0.0,0.0,0.0,0.0,6260
36786,0.0,0.0,0.0,0.0,6258
36791,0.0,0.0,0.0,0.0,6250
36796,0.0,0.0,0.0,0.0,6250
36801,0.0,0.0,0.0,0.0,6250
36806,0.0,0.0,0.0,0.0,6250
36811,0.0,0.0,0.0,0.0,6250
36816,0.0,0.0,0.0,0.0,6240
36821,0.0,0.0,0.0,0.0,6240
36826,0.0,0.0,0.0,0.0,6240
36831,0.0,0.0,0.0,0.0,6240
36836,0.0,0.0,0.0,0.0,6240
36841,0.0,0.0,0.0,0.0,6232
36846,0.0,0.0,0.0,0.0,6230
36851,0.0,0.0,0.0,0.0,6230
36856,0.0,0.0,0.0,0.0,6230
36861,0.0,0.0,0.0,0.0,6230
36866,0.0,0.0,0.0,0.0,6227
36871,0.0,0.0,0.0,0.0,6220
36876,0.0,0.0,0.0,0.0,6220
36881,0.0,0.0,0.0,0.0,6220
36886,0.0,0.0,0.0,0.0,6220
36891,0.0,0.0,0.0,0.0,6220
36896,0.0,0.0,0.0,0.0,6210
36901,0.0,0.0,0.0,0.0,6210
36906,0.0,0.0,0.0,0.0,6210
36911,0.0,0.0,0.0,0.0,6210
36916,0.0,0.0,0.0,0.0,6210
36921,0.0,0.0,0.0,0.0,6204
36926,0.0,0.0,0.0,0.0,6200
36931,0.0,0.0,0.0,0.0,6200
36936,0.0,0.0,0.0,0.0,6200
36941,0.0,0.0,0.0,0.0,6200
36946,0.0,0.0,0.0,0.0,6200
36951,0.0,0.0,0.0,0.0,6190
36956,0.0,0.0,0.0,0.0,6190
36961,0.0,0.0,0.0,0.0,6190
36966,0.0,0.0,0.0,0.0,6190
36971,0.0,0.0,0.0,0.0,6190
36976,0.0,0.0,0.0,0.0,6180
36981,0.0,0.0,0.0,0.0,6180
36986,0.0,0.0,0.0,0.0,6180
36991,0.0,0.0,0.0,0.0,6180
36996,0.0,0.0,0.0,0.0,6180
37001,0.0,0.0,0.0,0.0,6173
37006,0.0,0.0,0.0,0.0,6170
37011,0.0,0.0,0.0,0.0,6170
37016,0.0,0.0,0.0,0.0,6170
37021,0.0,0.0,0.0,0.0,6170
37026,0.0,0.0,0.0,0.0,6169
37031,0.0,0.0,0.0,0.0,6160
37036,0.0,0.0,0.0,0.0,6160
37041,0.0,0.0,0.0,0.0,6160
37046,0.0,0.0,0.0,0.0,6160
37051,0.0,0.0,0.0,0.0,6160
37056,0.0,0.0,0.0,0.0,6150
37061,0.0,0.0,0.0,0.0,6150
37066,0.0,0.0,0.0,0.0,6150
37071,0.0,0.0,0.0,0.0,6150
37076,0.0,0.0,0.0,0.0,6150
37081,0.0,0.0,0.0,0.0,6141
37086,0.0,0.0,0.0,0.0,6140
37091,0.0,0.0,0.0,0.0,6140
37096,0.0,0.0,0.0,0.0,6140
37101,0.0,0.0,0.0,0.0,6140
37106,0.0,0.0,0.0,0.0,6137
37111,0.0,0.0,0.0,0.0,6130
37116,0.0,0.0,0.0,0.0,6130
37121,0.0,0.0,0.0,0.0,6130
37126,0.0,0.0,0.0,0.0,6130
37131,0.0,0.0,0.0,0.0,6130
37136,0.0,0.0,0.0,0.0,6120
37141,0.0,0.0,0.0,0.0,6120
37146,0.0,0.0,0.0,0.0,6120
37151,0.0,0.0,0.0,0.0,6120
37156,0.0,0.0,0.0,0.0,6120
37161,0.0,0.0,0.0,0.0,6110
37166,0.0,0.0,0.0,0.0,6110
37171,0.0,0.0,0.0,0.0,6110
37176,0.0,0.0,0.0,0.0,6110
37181,0.0,0.0,0.0,0.0,6110
37186,0.0,0.0,0.0,0.0,6106
37191,0.0,0.0,0.0,0.0,6100
37196,0.0,0.0,0.0,0.0,6100
37201,0.0,0.0,0.0,0.0,6100
37206,0.0,0.0,0.0,0.0,6100
37211,0.0,0.0,0.0,0.0,6099
37216,0.0,0.0,0.0,0.0,6090
37221,0.0,0.0,0.0,0.0,6090
37226,0.0,0.0,0.0,0.0,6090
37231,0.0,0.0,0.0,0.0,6090
37236,0.0,0.0,0.0,0.0,6090
37241,0.0,0.0,0.0,0.0,6080
37246,0.0,0.0,0.0,0.0,6080
37251,0.0,0.0,0.0,0.0,6080
37256,0.0,0.0,0.0,0.0,6080
37261,0.0,0.0,0.0,0.0,6080
37266,0.0,0.0,0.0,0.0,6073
37271,0.0,0.0,0.0,0.0,6070
37276,0.0,0.0,0.0,0.0,6070
37281,0.0,0.0,0.0,0.0,6070
37286,0.0,0.0,0.0,0.0,6070
37291,0.0,0.0,0.0,0.0,6070
37296,0.0,0.0,0.0,0.0,6060
37301,0.0,0.0,0.0,0.0,6060
37306,0.0,0.0,0.0,0.0,6060
37311,0.0,0.0,0.0,0.0,6060
37316,0.0,0.0,0.0,0.0,6060
37321,0.0,0.0,0.0,0.0,6050
37326,0.0,0.0,0.0,0.0,6050
37331,0.0,0.0,0.0,0.0,6050
37336,0.0,0.0,0.0,0.0,6050
37341,0.0,0.0,0.0,0.0,6050
37346,0.0,0.0,0.0,0.0,6048
37351,0.0,0.0,0.0,0.0,6040
37356,0.0,0.0,0.0,0.0,6040
37361,0.0,0.0,0.0,0.0,6040
37366,0.0,0.0,0.0,0.0,6040
37371,0.0,0.0,0.0,0.0,6040
37376,0.0,0.0,0.0,0.0,6030
37381,0.0,0.0,0.0,0.0,6030
37386,0.0,0.0,0.0,0.0,6030
37391,0.0,0.0,0.0,0.0,6030
37396,0.0,0.0,0.0,0.0,6030
37401,0.0,0.0,0.0,0.0,6022
37406,0.0,0.0,0.0,0.0,6020
37411,0.0,0.0,0.0,0.0,6020
37416,0.0,0.0,0.0,0.0,6020
37421,0.0,0.0,0.0,0.0,6020
37426,0.0,0.0,0.0,0.0,6015
37431,0.0,0.0,0.0,0.0,6010
37436,0.0,0.0,0.0,0.0,6010
37441,0.0,0.0,0.0,0.0,6010
37446,0.0,0.0,0.0,0.0,6010
37451,0.0,0.0,0.0,0.0,6010
37456,0.0,0.0,0.0,0.0,6000
37461,0.0,0.0,0.0,0.0,6000
37466,0.0,0.0,0.0,0.0,6000
37471,0.0,0.0,0.0,0.0,6000
37476,0.0,0.0,0.0,0.0,6000
37481,0.0,0.0,0.0,0.0,5990
37486,0.0,0.0,0.0,0.0,5990
37491,0.0,0.0,0.0,0.0,5990
37496,0.0,0.0,0.0,0.0,5990
37501,0.0,0.0,0.0,0.0,5990
37506,0.0,0.0,0.0,0.0,5988
37511,0.0,0.0,0.0,0.0,5980
37516,0.0,0.0,0.0,0.0,5980
37521,0.0,0.0,0.0,0.0,5980
37526,0.0,0.0,0.0,0.0,5980
37531,0.0,0.0,0.0,0.0,5980
37536,0.0,0.0,0.0,0.0,5970
37541,0.0,0.0,0.0,0.0,5970
37546,0.0,0.0,0.0,0.0,5970
37551,0.0,0.0,0.0,0.0,5970
37556,0.0,0.0,0.0,0.0,5970
37561,0.0,0.0,0.0,0.0,5960
37566,0.0,0.0,0.0,0.0,5960
37571,0.0,0.0,0.0,0.0,5960
37576,0.0,0.0,0.0,0.0,5960
37581,0.0,0.0,0.0,0.0,5960
37586,0.0,0.0,0.0,0.0,5952
37591,0.0,0.0,0.0,0.0,5950
37596,0.0,0.0,0.0,0.0,5950
37601,0.0,0.0,0.0,0.0,5950
37606,0.0,0.0,0.0,0.0,5950
37611,0.0,0.0,0.0,0.0,5948
37616,0.0,0.0,0.0,0.0,5940
37621,0.0,0.0,0.0,0.0,5940
37626,0.0,0.0,0.0,0.0,5940
37631,0.0,0.0,0.0,0.0,5940
37636,0.0,0.0,0.0,0.0,5940
37641,0.0,0.0,0.0,0.0,5931
37646,0.0,0.0,0.0,0.0,5930
37651,0.0,0.0,0.0,0.0,5930
37656,0.0,0.0,0.0,0.0,5930
37661,0.0,0.0,0.0,0.0,5930
37666,0.0,0.0,0.0,0.0,5929
37671,0.0,0.0,0.0,0.0,5920
37676,0.0,0.0,0.0,0.0,5920
37681,0.0,0.0,0.0,0.0,5920
37686,0.0,0.0,0.0,0.0,5920
37691,0.0,0.0,0.0,0.0,5920
37696,0.0,0.0,0.0,0.0,5910
37701,0.0,0.0,0.0,0.0,5910
37706,0.0,0.0,0.0,0.0,5910
37711,0.0,0.0,0.0,0.0,5910
37716,0.0,0.0,0.0,0.0,5910
37721,0.0,0.0,0.0,0.0,5901
37726,0.0,0.0,0.0,0.0,5900
37731,0.0,0.0,0.0,0.0,5900
37736,0.0,0.0,0.0,0.0,5900
37741,0.0,0.0,0.0,0.0,5900
37746,0.0,0.0,0.0,0.0,5895
37751,0.0,0.0,0.0,0.0,5890
37756,0.0,0.0,0.0,0.0,5890
37761,0.0,0.0,0.0,0.0,5890
37766,0.0,0.0,0.0,0.0,5890
37771,0.0,0.0,0.0,0.0,5890
37776,0.0,0.0,0.0,0.0,5880
37781,0.0,0.0,0.0,0.0,5880
37786,0.0,0.0,0.0,0.0,5880
37791,0.0,0.0,0.0,0.0,5880
37796,0.0,0.0,0.0,0.0,5880
37801,0.0,0.0,0.0,0.0,5871
37806,0.0,0.0,0.0,0.0,5870
37811,0.0,0.0,0.0,0.0,5870
37816,0.0,0.0,0.0,0.0,5870
37821,0.0,0.0,0.0,0.0,5870
37826,0.0,0.0,0.0,0.0,5869
37831,0.0,0.0,0.0,0.0,5860
37836,0.0,0.0,0.0,0.0,5860
37841,0.0,0.0,0.0,0.0,5860
37846,0.0,0.0,0.0,0.0,5860
37851,0.0,0.0,0.0,0.0,5860
37856,0.0,0.0,0.0,0.0,5851
37861,0.0,0.0,0.0,0.0,5850
37866,0.0,0.0,0.0,0.0,5850
37871,0.0,0.0,0.0,0.0,5850
37876,0.0,0.0,0.0,0.0,5850
37881,0.0,0.0,0.0,0.0,5845
37886,0.0,0.0,0.0,0.0,5840
37891,0.0,0.0,0.0,0.0,5840
37896,0.0,0.0,0.0,0.0,5840
37901,0.0,0.0,0.0,0.0,5840
37906,0.0,0.0,0.0,0.0,5840
37911,0.0,0.0,0.0,0.0,5830
37916,0.0,0.0,0.0,0.0,5830
37921,0.0,0.0,0.0,0.0,5830
37926,0.0,0.0,0.0,0.0,5830
37931,0.0,0.0,0.0,0.0,5830
37936,0.0,0.0,0.0,0.0,5821
37941,0.0,0.0,0.0,0.0,5820
37946,0.0,0.0,0.0,0.0,5820
37951,0.0,0.0,0.0,0.0,5820
37956,0.0,0.0,0.0,0.0,5820
37961,0.0,0.0,0.0,0.0,5813
37966,0.0,0.0,0.0,0.0,5810
37971,0.0,0.0,0.0,0.0,5810
37976,0.0,0.0,0.0,0.0,5810
37981,0.0,0.0,0.0,0.0,5810
37986,0.0,0.0,0.0,0.0,5810
37991,0.0,0.0,0.0,0.0,5800
37996,0.0,0.0,0.0,0.0,5800
38001,0.0,0.0,0.0,0.0,5800
38006,0.0,0.0,0.0,0.0,5800
38011,0.0,0.0,0.0,0.0,5800
38016,0.0,0.0,0.0,0.0,5790
38021,0.0,0.0,0.0,0.0,5790
38026,0.0,0.0,0.0,0.0,5790
38031,0.0,0.0,0.0,0.0,5790
38036,0.0,0.0,0.0,0.0,5790
38041,0.0,0.0,0.0,0.0,5782
38046,0.0,0.0,0.0,0.0,5780
38051,0.0,0.0,0.0,0.0,5780
38056,0.0,0.0,0.0,0.0,5780
38061,0.0,0.0,0.0,0.0,5780
38066,0.0,0.0,0.0,0.0,5776
38071,0.0,0.0,0.0,0.0,5770
38076,0.0,0.0,0.0,0.0,5770
38081,0.0,0.0,0.0,0.0,5770
38086,0.0,0.0,0.0,0.0,5770
38091,0.0,0.0,0.0,0.0,5769
38096,0.0,0.0,0.0,0.0,5760
38101,0.0,0.0,0.0,0.0,5760
38106,0.0,0.0,0.0,0.0,5760
38111,0.0,0.0,0.0,0.0,5760
38116,0.0,0.0,0.0,0.0,5760
38121,0.0,0.0,0.0,0.0,5750
38126,0.0,0.0,0.0,0.0,5750
38131,0.0,0.0,0.0,0.0,5750
38136,0.0,0.0,0.0,0.0,5750
38141,0.0,0.0,0.0,0.0,5750
38146,0.0,0.0,0.0,0.0,5747
38151,0.0,0.0,0.0,0.0,5740
38156,0.0,0.0,0.0,0.0,5740
38161,0.0,0.0,0.0,0.0,5740
38166,0.0,0.0,0.0,0.0,5740
38171,0.0,0.0,0.0,0.0,5739
38176,0.0,0.0,0.0,0.0,5730
38181,0.0,0.0,0.0,0.0,5730
38186,0.0,0.0,0.0,0.0,5730
38191,0.0,0.0,0.0,0.0,5730
38196,0.0,0.0,0.0,0.0,5730
38201,0.0,0.0,0.0,0.0,5721
38206,0.0,0.0,0.0,0.0,5720
38211,0.0,0.0,0.0,0.0,5720
38216,0.0,0.0,0.0,0.0,5720
38221,0.0,0.0,0.0,0.0,5720
38226,0.0,0.0,0.0,0.0,5716
38231,0.0,0.0,0.0,0.0,5710
38236,0.0,0.0,0.0,0.0,5710
38241,0.0,0.0,0.0,0.0,5710
38246,0.0,0.0,0.0,0.0,5710
38251,0.0,0.0,0.0,0.0,5710
38256,0.0,0.0,0.0,0.0,5700
38261,0.0,0.0,0.0,0.0,5700
38266,0.0,0.0,0.0,0.0,5700
38271,0.0,0.0,0.0,0.0,5700
38276,0.0,0.0,0.0,0.0,5700
38281,0.0,0.0,0.0,0.0,5691
38286,0.0,0.0,0.0,0.0,5690
38291,0.0,0.0,0.0,0.0,5690
38296,0.0,0.0,0.0,0.0,5690
38301,0.0,0.0,0.0,0.0,5690
38306,0.0,0.0,0.0,0.0,5688
38311,0.0,0.0,0.0,0.0,5680
38316,0.0,0.0,0.0,0.0,5680
38321,0.0,0.0,0.0,0.0,5680
38326,0.0,0.0,0.0,0.0,5680
38331,0.0,0.0,0.0,0.0,5680
38336,0.0,0.0,0.0,0.0,5670
38341,0.0,0.0,0.0,0.0,5670
38346,0.0,0.0,0.0,0.0,5670
38351,0.0,0.0,0.0,0.0,5670
38356,0.0,0.0,0.0,0.0,5670
38361,0.0,0.0,0.0,0.0,5660
38366,0.0,0.0,0.0,0.0,5660
38371,0.0,0.0,0.0,0.0,5660
38376,0.0,0.0,0.0,0.0,5660
38381,0.0,0.0,0.0,0.0,5660
38386,0.0,0.0,0.0,0.0,5656
38391,0.0,0.0,0.0,0.0,5650
38396,0.0,0.0,0.0,0.0,5650
38401,0.0,0.0,0.0,0.0,5650
38406,0.0,0.0,0.0,0.0,5650
38411,0.0,0.0,0.0,0.0,5650
38416,0.0,0.0,0.0,0.0,5640
38421,0.0,0.0,0.0,0.0,5640
38426,0.0,0.0,0.0,0.0,5640
38431,0.0,0.0,0.0,0.0,5640
38436,0.0,0.0,0.0,0.0,5640
38441,0.0,0.0,0.0,0.0,5633
38446,0.0,0.0,0.0,0.0,5630
38451,0.0,0.0,0.0,0.0,5630
38456,0.0,0.0,0.0,0.0,5630
38461,0.0,0.0,0.0,0.0,5630
38466,0.0,0.0,0.0,0.0,5629
38471,0.0,0.0,0.0,0.0,5620
38476,0.0,0.0,0.0,0.0,5620
38481,0.0,0.0,0.0,0.0,5620
38486,0.0,0.0,0.0,0.0,5620
38491,0.0,0.0,0.0,0.0,5620
38496,0.0,0.0,0.0,0.0,5610
38501,0.0,0.0,0.0,0.0,5610
38506,0.0,0.0,0.0,0.0,5610
38511,0.0,0.0,0.0,0.0,5610
38516,0.0,0.0,0.0,0.0,5610
38521,0.0,0.0,0.0,0.0,5608
38526,0.0,0.0,0.0,0.0,5600
38531,0.0,0.0,0.0,0.0,5600
38536,0.0,0.0,0.0,0.0,5600
38541,0.0,0.0,0.0,0.0,5600
38546,0.0,0.0,0.0,0.0,5600
38551,0.0,0.0,0.0,0.0,5590
38556,0.0,0.0,0.0,0.0,5590
38561,0.0,0.0,0.0,0.0,5590
38566,0.0,0.0,0.0,0.0,5590
38571,0.0,0.0,0.0,0.0,5590
38576,0.0,0.0,0.0,0.0,5580
38581,0.0,0.0,0.0,0.0,5580
38586,0.0,0.0,0.0,0.0,5580
38591,0.0,0.0,0.0,0.0,5580
38596,0.0,0.0,0.0,0.0,5580
38601,0.0,0.0,0.0,0.0,5579
38606,0.0,0.0,0.0,0.0,5570
38611,0.0,0.0,0.0,0.0,5570
38616,0.0,0.0,0.0,0.0,5570
38621,0.0,0.0,0.0,0.0,5570
38626,0.0,0.0,0.0,0.0,5569
38631,0.0,0.0,0.0,0.0,5560
38636,0.0,0.0,0.0,0.0,5560
38641,0.0,0.0,0.0,0.0,5560
38646,0.0,0.0,0.0,0.0,5560
38651,0.0,0.0,0.0,0.0,5560
38656,0.0,0.0,0.0,0.0,5551
38661,0.0,0.0,0.0,0.0,5550
38666,0.0,0.0,0.0,0.0,5550
38671,0.0,0.0,0.0,0.0,5550
38676,0.0,0.0,0.0,0.0,5550
38681,0.0,0.0,0.0,0.0,5550
38686,0.0,0.0,0.0,0.0,5540
38691,0.0,0.0,0.0,0.0,5540
38696,0.0,0.0,0.0,0.0,5540
38701,0.0,0.0,0.0,0.0,5540
38706,0.0,0.0,0.0,0.0,5540
38711,0.0,0.0,0.0,0.0,5531
38716,0.0,0.0,0.0,0.0,5530
38721,0.0,0.0,0.0,0.0,5530
38726,0.0,0.0,0.0,0.0,5530
38731,0.0,0.0,0.0,0.0,5530
38736,0.0,0.0,0.0,0.0,5525
38741,0.0,0.0,0.0,0.0,5520
38746,0.0,0.0,0.0,0.0,5520
38751,0.0,0.0,0.0,0.0,5520
38756,0.0,0.0,0.0,0.0,5520
38761,0.0,0.0,0.0,0.0,5519
38766,0.0,0.0,0.0,0.0,5510
38771,0.0,0.0,0.0,0.0,5510
38776,0.0,0.0,0.0,0.0,5510
38781,0.0,0.0,0.0,0.0,5510
38786,0.0,0.0,0.0,0.0,5510
38791,0.0,0.0,0.0,0.0,5501
38796,0.0,0.0,0.0,0.0,5500
38801,0.0,0.0,0.0,0.0,5500
38806,0.0,0.0,0.0,0.0,5500
38811,0.0,0.0,0.0,0.0,5500
38816,0.0,0.0,0.0,0.0,5495
38821,0.0,0.0,0.0,0.0,5490
38826,0.0,0.0,0.0,0.0,5490
38831,0.0,0.0,0.0,0.0,5490
38836,0.0,0.0,0.0,0.0,5490
38841,0.0,0.0,0.0,0.0,5490
38846,0.0,0.0,0.0,0.0,5480
38851,0.0,0.0,0.0,0.0,5480
38856,0.0,0.0,0.0,0.0,5480
38861,0.0,0.0,0.0,0.0,5480
38866,0.0,0.0,0.0,0.0,5480
38871,0.0,0.0,0.0,0.0,5471
38876,0.0,0.0,0.0,0.0,5470
38881,0.0,0.0,0.0,0.0,5470
38886,0.0,0.0,0.0,0.0,5470
38891,0.0,0.0,0.0,0.0,5470
38896,0.0,0.0,0.0,0.0,5467
38901,0.0,0.0,0.0,0.0,5460
38906,0.0,0.0,0.0,0.0,5460
38911,0.0,0.0,0.0,0.0,5460
38916,0.0,0.0,0.0,0.0,5460
38921,0.0,0.0,0.0,0.0,5460
38926,0.0,0.0,0.0,0.0,5450
38931,0.0,0.0,0.0,0.0,5450
38936,0.0,0.0,0.0,0.0,5450
38941,0.0,0.0,0.0,0.0,5450
38946,0.0,0.0,0.0,0.0,5450
38951,0.0,0.0,0.0,0.0,5443
38956,0.0,0.0,0.0,0.0,5440
38961,0.0,0.0,0.0,0.0,5440
38966,0.0,0.0,0.0,0.0,5440
38971,0.0,0.0,0.0,0.0,5440
38976,0.0,0.0,0.0,0.0,5440
38981,0.0,0.0,0.0,0.0,5430
38986,0.0,0.0,0.0,0.0,5430
38991,0.0,0.0,0.0,0.0,5430
38996,0.0,0.0,0.0,0.0,5430
39001,0.0,0.0,0.0,0.0,5430
39006,0.0,0.0,0.0,0.0,5422
39011,0.0,0.0,0.0,0.0,5420
39016,0.0,0.0,0.0,0.0,5420
39021,0.0,0.0,0.0,0.0,5420
39026,0.0,0.0,0.0,0.0,5420
39031,0.0,0.0,0.0,0.0,5417
39036,0.0,0.0,0.0,0.0,5410
39041,0.0,0.0,0.0,0.0,5410
39046,0.0,0.0,0.0,0.0,5410
39051,0.0,0.0,0.0,0.0,5410
39056,0.0,0.0,0.0,0.0,5410
39061,0.0,0.0,0.0,0.0,5400
39066,0.0,0.0,0.0,0.0,5400
39071,0.0,0.0,0.0,0.0,5400
39076,0.0,0.0,0.0,0.0,5400
39081,0.0,0.0,0.0,0.0,5400
39086,0.0,0.0,0.0,0.0,5391
39091,0.0,0.0,0.0,0.0,5390
39096,0.0,0.0,0.0,0.0,5390
39101,0.0,0.0,0.0,0.0,5390
39106,0.0,0.0,0.0,0.0,5390
39111,0.0,0.0,0.0,0.0,5385
39116,0.0,0.0,0.0,0.0,5380
39121,0.0,0.0,0.0,0.0,5380
39126,0.0,0.0,0.0,0.0,5380
39131,0.0,0.0,0.0,0.0,5380
39136,0.0,0.0,0.0,0.0,5380
39141,0.0,0.0,0.0,0.0,5370
39146,0.0,0.0,0.0,0.0,5370
39151,0.0,0.0,0.0,0.0,5370
39156,0.0,0.0,0.0,0.0,5370
39161,0.0,0.0,0.0,0.0,5370
39166,0.0,0.0,0.0,0.0,5365
39171,0.0,0.0,0.0,0.0,5360
39176,0.0,0.0,0.0,0.0,5360
39181,0.0,0.0,0.0,0.0,5360
39186,0.0,0.0,0.0,0.0,5360
39191,0.0,0.0,0.0,0.0,5360
39196,0.0,0.0,0.0,0.0,5350
39201,0.0,0.0,0.0,0.0,5350
39206,0.0,0.0,0.0,0.0,5350
39211,0.0,0.0,0.0,0.0,5350
39216,0.0,0.0,0.0,0.0,5350
39221,0.0,0.0,0.0,0.0,5342
39226,0.0,0.0,0.0,0.0,5340
39231,0.0,0.0,0.0,0.0,5340
39236,0.0,0.0,0.0,0.0,5340
39241,0.0,0.0,0.0,0.0,5340
39246,0.0,0.0,0.0,0.0,5340
39251,0.0,0.0,0.0,0.0,5330
39256,0.0,0.0,0.0,0.0,5330
39261,0.0,0.0,0.0,0.0,5330
39266,0.0,0.0,0.0,0.0,5330
39271,0.0,0.0,0.0,0.0,5330
39276,0.0,0.0,0.0,0.0,5320
39281,0.0,0.0,0.0,0.0,5320
39286,0.0,0.0,0.0,0.0,5320
39291,0.0,0.0,0.0,0.0,5320
39296,0.0,0.0,0.0,0.0,5320
39301,0.0,0.0,0.0,0.0,5314
39306,0.0,0.0,0.0,0.0,5310
39311,0.0,0.0,0.0,0.0,5310
39316,0.0,0.0,0.0,0.0,5310
39321,0.0,0.0,0.0,0.0,5310
39326,0.0,0.0,0.0,0.0,5310
39331,0.0,0.0,0.0,0.0,5300
39336,0.0,0.0,0.0,0.0,5300
39341,0.0,0.0,0.0,0.0,5300
39346,0.0,0.0,0.0,0.0,5300
39351,0.0,0.0,0.0,0.0,5300
39356,0.0,0.0,0.0,0.0,5290
39361,0.0,0.0,0.0,0.0,5290
39366,0.0,0.0,0.0,0.0,5290
39371,0.0,0.0,0.0,0.0,5290
39376,0.0,0.0,0.0,0.0,5290
39381,0.0,0.0,0.0,0.0,5283
39386,0.0,0.0,0.0,0.0,5280
39391,0.0,0.0,0.0,0.0,5280
39396,0.0,0.0,0.0,0.0,5280
39401,0.0,0.0,0.0,0.0,5280
39406,0.0,0.0,0.0,0.0,5280
39411,0.0,0.0,0.0,0.0,5270
39416,0.0,0.0,0.0,0.0,5270
39421,0.0,0.0,0.0,0.0,5270
39426,0.0,0.0,0.0,0.0,5270
39431,0.0,0.0,0.0,0.0,5270
39436,0.0,0.0,0.0,0.0,5266
39441,0.0,0.0,0.0,0.0,5260
39446,0.0,0.0,0.0,0.0,5260
39451,0.0,0.0,0.0,0.0,5260
39456,0.0,0.0,0.0,0.0,5260
39461,0.0,0.0,0.0,0.0,5260
39466,0.0,0.0,0.0,0.0,5250
39471,0.0,0.0,0.0,0.0,5250
39476,0.0,0.0,0.0,0.0,5250
39481,0.0,0.0,0.0,0.0,5250
39486,0.0,0.0,0.0,0.0,5250
39491,0.0,0.0,0.0,0.0,5240
39496,0.0,0.0,0.0,0.0,5240
39501,0.0,0.0,0.0,0.0,5240
39506,0.0,0.0,0.0,0.0,5240
39511,0.0,0.0,0.0,0.0,5240
39516,0.0,0.0,0.0,0.0,5234
39521,0.0,0.0,0.0,0.0,5230
39526,0.0,0.0,0.0,0.0,5230
39531,0.0,0.0,0.0,0.0,5230
39536,0.0,0.0,0.0,0.0,5230
39541,0.0,0.0,0.0,0.0,5229
39546,0.0,0.0,0.0,0.0,5220
39551,0.0,0.0,0.0,0.0,5220
39556,0.0,0.0,0.0,0.0,5220
39561,0.0,0.0,0.0,0.0,5220
39566,0.0,0.0,0.0,0.0,5220
39571,0.0,0.0,0.0,0.0,5212
39576,0.0,0.0,0.0,0.0,5210
39581,0.0,0.0,0.0,0.0,5210
39586,0.0,0.0,0.0,0.0,5210
39591,0.0,0.0,0.0,0.0,5210
39596,0.0,0.0,0.0,0.0,5210
39601,0.0,0.0,0.0,0.0,5200
39606,0.0,0.0,0.0,0.0,5200
39611,0.0,0.0,0.0,0.0,5200
39616,0.0,0.0,0.0,0.0,5200
39621,0.0,0.0,0.0,0.0,5200
39626,0.0,0.0,0.0,0.0,5190
39631,0.0,0.0,0.0,0.0,5190
39636,0.0,0.0,0.0,0.0,5190
39641,0.0,0.0,0.0,0.0,5190
39646,0.0,0.0,0.0,0.0,5190
39651,0.0,0.0,0.0,0.0,5184
39656,0.0,0.0,0.0,0.0,5180
39661,0.0,0.0,0.0,0.0,5180
39666,0.0,0.0,0.0,0.0,5180
39671,0.0,0.0,0.0,0.0,5180
39676,0.0,0.0,0.0,0.0,5180
39681,0.0,0.0,0.0,0.0,5170
39686,0.0,0.0,0.0,0.0,5170
39691,0.0,0.0,0.0,0.0,5170
39696,0.0,0.0,0.0,0.0,5170
39701,0.0,0.0,0.0,0.0,5170
39706,0.0,0.0,0.0,0.0,5160
39711,0.0,0.0,0.0,0.0,5160
39716,0.0,0.0,0.0,0.0,5160
39721,0.0,0.0,0.0,0.0,5160
39726,0.0,0.0,0.0,0.0,5160
39731,0.0,0.0,0.0,0.0,5156
39736,0.0,0.0,0.0,0.0,5150
39741,0.0,0.0,0.0,0.0,5150
39746,0.0,0.0,0.0,0.0,5150
39751,0.0,0.0,0.0,0.0,5150
39756,0.0,0.0,0.0,0.0,5150
39761,0.0,0.0,0.0,0.0,5140
39766,0.0,0.0,0.0,0.0,5140
39771,0.0,0.0,0.0,0.0,5140
39776,0.0,0.0,0.0,0.0,5140
39781,0.0,0.0,0.0,0.0,5140
39786,0.0,0.0,0.0,0.0,5133
39791,0.0,0.0,0.0,0.0,5130
39796,0.0,0.0,0.0,0.0,5130
39801,0.0,0.0,0.0,0.0,5130
39806,0.0,0.0,0.0,0.0,5130
39811,0.0,0.0,0.0,0.0,5128
39816,0.0,0.0,0.0,0.0,5120
39821,0.0,0.0,0.0,0.0,5120
39826,0.0,0.0,0.0,0.0,5120
39831,0.0,0.0,0.0,0.0,5120
39836,0.0,0.0,0.0,0.0,5120
39841,0.0,0.0,0.0,0.0,5110
39846,0.0,0.0,0.0,0.0,5110
39851,0.0,0.0,0.0,0.0,5110
39856,0.0,0.0,0.0,0.0,5110
39861,0.0,0.0,0.0,0.0,5110
39866,0.0,0.0,0.0,0.0,5102
39871,0.0,0.0,0.0,0.0,5100
39876,0.0,0.0,0.0,0.0,5100
39881,0.0,0.0,0.0,0.0,5100
39886,0.0,0.0,0.0,0.0,5100
39891,0.0,0.0,0.0,0.0,5098
39896,0.0,0.0,0.0,0.0,5090
39901,0.0,0.0,0.0,0.0,5090
39906,0.0,0.0,0.0,0.0,5090
39911,0.0,0.0,0.0,0.0,5090
39916,0.0,0.0,0.0,0.0,5089
39921,0.0,0.0,0.0,0.0,5080
39926,0.0,0.0,0.0,0.0,5080
39931,0.0,0.0,0.0,0.0,5080
39936,0.0,0.0,0.0,0.0,5080
39941,0.0,0.0,0.0,0.0,5080
39946,0.0,0.0,0.0,0.0,5070
39951,0.0,0.0,0.0,0.0,5070
39956,0.0,0.0,0.0,0.0,5070
39961,0.0,0.0,0.0,0.0,5070
39966,0.0,0.0,0.0,0.0,5070
39971,0.0,0.0,0.0,0.0,5064
39976,0.0,0.0,0.0,0.0,5060
39981,0.0,0.0,0.0,0.0,5060
39986,0.0,0.0,0.0,0.0,5060
39991,0.0,0.0,0.0,0.0,5060
39996,0.0,0.0,0.0,0.0,5060
40001,0.0,0.0,0.0,0.0,5050
40006,0.0,0.0,0.0,0.0,5050
40011,0.0,0.0,0.0,0.0,5050
40016,0.0,0.0,0.0,0.0,5050
40021,0.0,0.0,0.0,0.0,5050
40026,0.0,0.0,0.0,0.0,5040
40031,0.0,0.0,0.0,0.0,5040
40036,0.0,0.0,0.0,0.0,5040
40041,0.0,0.0,0.0,0.0,5040
40046,0.0,0.0,0.0,0.0,5040
40051,0.0,0.0,0.0,0.0,5034
40056,0.0,0.0,0.0,0.0,5030
40061,0.0,0.0,0.0,0.0,5030
40066,0.0,0.0,0.0,0.0,5030
40071,0.0,0.0,0.0,0.0,5030
40076,0.0,0.0,0.0,0.0,5030
40081,0.0,0.0,0.0,0.0,5020
40086,0.0,0.0,0.0,0.0,5020
40091,0.0,0.0,0.0,0.0,5020
40096,0.0,0.0,0.0,0.0,5020
40101,0.0,0.0,0.0,0.0,5020
40106,0.0,0.0,0.0,0.0,5011
40111,0.0,0.0,0.0,0.0,5010
40116,0.0,0.0,0.0,0.0,5010
40121,0.0,0.0,0.0,0.0,5010
40126,0.0,0.0,0.0,0.0,5010
40131,0.0,0.0,0.0,0.0,5006
40136,0.0,0.0,0.0,0.0,5000
40141,0.0,0.0,0.0,0.0,5000
40146,0.0,0.0,0.0,0.0,5000
40151,0.0,0.0,0.0,0.0,5000
40156,0.0,0.0,0.0,0.0,4999
40161,0.0,0.0,0.0,0.0,4990
40166,0.0,0.0,0.0,0.0,4990
40171,0.0,0.0,0.0,0.0,4990
40176,0.0,0.0,0.0,0.0,4990
40181,0.0,0.0,0.0,0.0,4990
40186,0.0,0.0,0.0,0.0,4980
40191,0.0,0.0,0.0,0.0,4980
40196,0.0,0.0,0.0,0.0,4980
40201,0.0,0.0,0.0,0.0,4980
40206,0.0,0.0,0.0,0.0,4980
40211,0.0,0.0,0.0,0.0,4976
40216,0.0,0.0,0.0,0.0,4970
40221,0.0,0.0,0.0,0.0,4970
40226,0.0,0.0,0.0,0.0,4970
40231,0.0,0.0,0.0,0.0,4970
40236,0.0,0.0,0.0,0.0,4970
40241,0.0,0.0,0.0,0.0,4960
40246,0.0,0.0,0.0,0.0,4960
40251,0.0,0.0,0.0,0.0,4960
40256,0.0,0.0,0.0,0.0,4960
40261,0.0,0.0,0.0,0.0,4960
40266,0.0,0.0,0.0,0.0,4950
40271,0.0,0.0,0.0,0.0,4950
40276,0.0,0.0,0.0,0.0,4950
40281,0.0,0.0,0.0,0.0,4950
40286,0.0,0.0,0.0,0.0,4950
40291,0.0,0.0,0.0,0.0,4945
40296,0.0,0.0,0.0,0.0,4940
40301,0.0,0.0,0.0,0.0,4940
40306,0.0,0.0,0.0,0.0,4940
40311,0.0,0.0,0.0,0.0,4940
40316,0.0,0.0,0.0,0.0,4939
40321,0.0,0.0,0.0,0.0,4930
40326,0.0,0.0,0.0,0.0,4930
40331,0.0,0.0,0.0,0.0,4930
40336,0.0,0.0,0.0,0.0,4930
40341,0.0,0.0,0.0,0.0,4930
40346,0.0,0.0,0.0,0.0,4920
40351,0.0,0.0,0.0,0.0,4920
40356,0.0,0.0,0.0,0.0,4920
40361,0.0,0.0,0.0,0.0,4920
40366,0.0,0.0,0.0,0.0,4920
40371,0.0,0.0,0.0,0.0,4913
40376,0.0,0.0,0.0,0.0,4910
40381,0.0,0.0,0.0,0.0,4910
40386,0.0,0.0,0.0,0.0,4910
40391,0.0,0.0,0.0,0.0,4910
40396,0.0,0.0,0.0,0.0,4910
40401,0.0,0.0,0.0,0.0,4900
40406,0.0,0.0,0.0,0.0,4900
40411,0.0,0.0,0.0,0.0,4900
40416,0.0,0.0,0.0,0.0,4900
40421,0.0,0.0,0.0,0.0,4900
40426,0.0,0.0,0.0,0.0,4890
40431,0.0,0.0,0.0,0.0,4890
40436,0.0,0.0,0.0,0.0,4890
40441,0.0,0.0,0.0,0.0,4890
40446,0.0,0.0,0.0,0.0,4890
40451,0.0,0.0,0.0,0.0,4887
40456,0.0,0.0,0.0,0.0,4880
40461,0.0,0.0,0.0,0.0,4880
40466,0.0,0.0,0.0,0.0,4880
40471,0.0,0.0,0.0,0.0,4880
40476,0.0,0.0,0.0,0.0,4880
40481,0.0,0.0,0.0,0.0,4870
40486,0.0,0.0,0.0,0.0,4870
40491,0.0,0.0,0.0,0.0,4870
40496,0.0,0.0,0.0,0.0,4870
40501,0.0,0.0,0.0,0.0,4870
40506,0.0,0.0,0.0,0.0,4860
40511,0.0,0.0,0.0,0.0,4860
40516,0.0,0.0,0.0,0.0,4860
40521,0.0,0.0,0.0,0.0,4860
40526,0.0,0.0,0.0,0.0,4860
40531,0.0,0.0,0.0,0.0,4856
40536,0.0,0.0,0.0,0.0,4850
40541,0.0,0.0,0.0,0.0,4850
40546,0.0,0.0,0.0,0.0,4850
40551,0.0,0.0,0.0,0.0,4850
40556,0.0,0.0,0.0,0.0,4849
40561,0.0,0.0,0.0,0.0,4840
40566,0.0,0.0,0.0,0.0,4840
40571,0.0,0.0,0.0,0.0,4840
40576,0.0,0.0,0.0,0.0,4840
40581,0.0,0.0,0.0,0.0,4840
40586,0.0,0.0,0.0,0.0,4830
40591,0.0,0.0,0.0,0.0,4830
40596,0.0,0.0,0.0,0.0,4830
40601,0.0,0.0,0.0,0.0,4830
40606,0.0,0.0,0.0,0.0,4830
40611,0.0,0.0,0.0,0.0,4823
40616,0.0,0.0,0.0,0.0,4820
40621,0.0,0.0,0.0,0.0,4820
40626,0.0,0.0,0.0,0.0,4820
40631,0.0,0.0,0.0,0.0,4820
40636,0.0,0.0,0.0,0.0,4820
40641,0.0,0.0,0.0,0.0,4810
40646,0.0,0.0,0.0,0.0,4810
40651,0.0,0.0,0.0,0.0,4810
40656,0.0,0.0,0.0,0.0,4810
40661,0.0,0.0,0.0,0.0,4810
40666,0.0,0.0,0.0,0.0,4802
40671,0.0,0.0,0.0,0.0,4800
40676,0.0,0.0,0.0,0.0,4800
40681,0.0,0.0,0.0,0.0,4800
40686,0.0,0.0,0.0,0.0,4800
40691,0.0,0.0,0.0,0.0,4800
40696,0.0,0.0,0.0,0.0,4790
40701,0.0,0.0,0.0,0.0,4790
40706,0.0,0.0,0.0,0.0,4790
40711,0.0,0.0,0.0,0.0,4790
40716,0.0,0.0,0.0,0.0,4790
40721,0.0,0.0,0.0,0.0,4780
40726,0.0,0.0,0.0,0.0,4780
40731,0.0,0.0,0.0,0.0,4780
40736,0.0,0.0,0.0,0.0,4780
40741,0.0,0.0,0.0,0.0,4780
40746,0.0,0.0,0.0,0.0,4774
40751,0.0,0.0,0.0,0.0,4770
40756,0.0,0.0,0.0,0.0,4770
40761,0.0,0.0,0.0,0.0,4770
40766,0.0,0.0,0.0,0.0,4770
40771,0.0,0.0,0.0,0.0,4770
40776,0.0,0.0,0.0,0.0,4760
40781,0.0,0.0,0.0,0.0,4760
40786,0.0,0.0,0.0,0.0,4760
40791,0.0,0.0,0.0,0.0,4760
40796,0.0,0.0,0.0,0.0,4760
40801,0.0,0.0,0.0,0.0,4750
40806,0.0,0.0,0.0,0.0,4750
40811,0.0,0.0,0.0,0.0,4750
40816,0.0,0.0,0.0,0.0,4750
40821,0.0,0.0,0.0,0.0,4750
40826,0.0,0.0,0.0,0.0,4743
40831,0.0,0.0,0.0,0.0,4740
40836,0.0,0.0,0.0,0.0,4740
40841,0.0,0.0,0.0,0.0,4740
40846,0.0,0.0,0.0,0.0,4740
40851,0.0,0.0,0.0,0.0,4740
40856,0.0,0.0,0.0,0.0,4730
40861,0.0,0.0,0.0,0.0,4730
40866,0.0,0.0,0.0,0.0,4730
40871,0.0,0.0,0.0,0.0,4730
40876,0.0,0.0,0.0,0.0,4730
40881,0.0,0.0,0.0,0.0,4722
40886,0.0,0.0,0.0,0.0,4720
40891,0.0,0.0,0.0,0.0,4720
40896,0.0,0.0,0.0,0.0,4720
40901,0.0,0.0,0.0,0.0,4720
40906,0.0,0.0,0.0,0.0,4717
40911,0.0,0.0,0.0,0.0,4710
40916,0.0,0.0,0.0,0.0,4710
40921,0.0,0.0,0.0,0.0,4710
40926,0.0,0.0,0.0,0.0,4710
40931,0.0,0.0,0.0,0.0,4710
40936,0.0,0.0,0.0,0.0,4700
40941,0.0,0.0,0.0,0.0,4700
40946,0.0,0.0,0.0,0.0,4700
40951,0.0,0.0,0.0,0.0,4700
40956,0.0,0.0,0.0,0.0,4700
40961,0.0,0.0,0.0,0.0,4696
40966,0.0,0.0,0.0,0.0,4690
40971,0.0,0.0,0.0,0.0,4690
40976,0.0,0.0,0.0,0.0,4690
40981,0.0,0.0,0.0,0.0,4690
40986,0.0,0.0,0.0,0.0,4690
40991,0.0,0.0,0.0,0.0,4680
40996,0.0,0.0,0.0,0.0,4680
41001,0.0,0.0,0.0,0.0,4680
41006,0.0,0.0,0.0,0.0,4680
41011,0.0,0.0,0.0,0.0,4680
41016,0.0,0.0,0.0,0.0,4673
41021,0.0,0.0,0.0,0.0,4670
41026,0.0,0.0,0.0,0.0,4670
41031,0.0,0.0,0.0,0.0,4670
41036,0.0,0.0,0.0,0.0,4670
41041,0.0,0.0,0.0,0.0,4669
41046,0.0,0.0,0.0,0.0,4660
41051,0.0,0.0,0.0,0.0,4660
41056,0.0,0.0,0.0,0.0,4660
41061,0.0,0.0,0.0,0.0,4660
41066,0.0,0.0,0.0,0.0,4660
41071,0.0,0.0,0.0,0.0,4651
41076,0.0,0.0,0.0,0.0,4650
41081,0.0,0.0,0.0,0.0,4650
41086,0.0,0.0,0.0,0.0,4650
41091,0.0,0.0,0.0,0.0,4650
41096,0.0,0.0,0.0,0.0,4644
41101,0.0,0.0,0.0,0.0,4640
41106,0.0,0.0,0.0,0.0,4640
41111,0.0,0.0,0.0,0.0,4640
41116,0.0,0.0,0.0,0.0,4640
41121,0.0,0.0,0.0,0.0,4640
41126,0.0,0.0,0.0,0.0,4630
41131,0.0,0.0,0.0,0.0,4630
41136,0.0,0.0,0.0,0.0,4630
41141,0.0,0.0,0.0,0.0,4630
41146,0.0,0.0,0.0,0.0,4630
41151,0.0,0.0,0.0,0.0,4621
41156,0.0,0.0,0.0,0.0,4620
41161,0.0,0.0,0.0,0.0,4620
41166,0.0,0.0,0.0,0.0,4620
41171,0.0,0.0,0.0,0.0,4620
41176,0.0,0.0,0.0,0.0,4618
41181,0.0,0.0,0.0,0.0,4610
41186,0.0,0.0,0.0,0.0,4610
41191,0.0,0.0,0.0,0.0,4610
41196,0.0,0.0,0.0,0.0,4610
41201,0.0,0.0,0.0,0.0,4610
41206,0.0,0.0,0.0,0.0,4600
41211,0.0,0.0,0.0,0.0,4600
41216,0.0,0.0,0.0,0.0,4600
41221,0.0,0.0,0.0,0.0,4600
41226,0.0,0.0,0.0,0.0,4600
41231,0.0,0.0,0.0,0.0,4591
41236,0.0,0.0,0.0,0.0,4590
41241,0.0,0.0,0.0,0.0,4590
41246,0.0,0.0,0.0,0.0,4590
41251,0.0,0.0,0.0,0.0,4590
41256,0.0,0.0,0.0,0.0,4588
41261,0.0,0.0,0.0,0.0,4580
41266,0.0,0.0,0.0,0.0,4580
41271,0.0,0.0,0.0,0.0,4580
41276,0.0,0.0,0.0,0.0,4580
41281,0.0,0.0,0.0,0.0,4580
41286,0.0,0.0,0.0,0.0,4570
41291,0.0,0.0,0.0,0.0,4570
41296,0.0,0.0,0.0,0.0,4570
41301,0.0,0.0,0.0,0.0,4570
41306,0.0,0.0,0.0,0.0,4570
41311,0.0,0.0,0.0,0.0,4563
41316,0.0,0.0,0.0,0.0,4560
41321,0.0,0.0,0.0,0.0,4560
41326,0.0,0.0,0.0,0.0,4560
41331,0.0,0.0,0.0,0.0,4560
41336,0.0,0.0,0.0,0.0,4560
41341,0.0,0.0,0.0,0.0,4550
41346,0.0,0.0,0.0,0.0,4550
41351,0.0,0.0,0.0,0.0,4550
41356,0.0,0.0,0.0,0.0,4550
41361,0.0,0.0,0.0,0.0,4550
41366,0.0,0.0,0.0,0.0,4540
41371,0.0,0.0,0.0,0.0,4540
41376,0.0,0.0,0.0,0.0,4540
41381,0.0,0.0,0.0,0.0,4540
41386,0.0,0.0,0.0,0.0,4540
41391,0.0,0.0,0.0,0.0,4535
41396,0.0,0.0,0.0,0.0,4530
41401,0.0,0.0,0.0,0.0,4530
41406,0.0,0.0,0.0,0.0,4530
41411,0.0,0.0,0.0,0.0,4530
41416,0.0,0.0,0.0,0.0,4530
41421,0.0,0.0,0.0,0.0,4520
41426,0.0,0.0,0.0,0.0,4520
41431,0.0,0.0,0.0,0.0,4520
41436,0.0,0.0,0.0,0.0,4520
41441,0.0,0.0,0.0,0.0,4520
41446,0.0,0.0,0.0,0.0,4510
41451,0.0,0.0,0.0,0.0,4510
41456,0.0,0.0,0.0,0.0,4510
41461,0.0,0.0,0.0,0.0,4510
41466,0.0,0.0,0.0,0.0,4510
41471,0.0,0.0,0.0,0.0,4508
41476,0.0,0.0,0.0,0.0,4500
41481,0.0,0.0,0.0,0.0,4500
41486,0.0,0.0,0.0,0.0,4500
41491,0.0,0.0,0.0,0.0,4500
41496,0.0,0.0,0.0,0.0,4500
41501,0.0,0.0,0.0,0.0,4490
41506,0.0,0.0,0.0,0.0,4490
41511,0.0,0.0,0.0,0.0,4490
41516,0.0,0.0,0.0,0.0,4490
41521,0.0,0.0,0.0,0.0,4490
41526,0.0,0.0,0.0,0.0,4483
41531,0.0,0.0,0.0,0.0,4480
41536,0.0,0.0,0.0,0.0,4480
41541,0.0,0.0,0.0,0.0,4480
41546,0.0,0.0,0.0,0.0,4480
41551,0.0,0.0,0.0,0.0,4477
41556,0.0,0.0,0.0,0.0,4470
41561,0.0,0.0,0.0,0.0,4470
41566,0.0,0.0,0.0,0.0,4470
41571,0.0,0.0,0.0,0.0,4470
41576,0.0,0.0,0.0,0.0,4470
41581,0.0,0.0,0.0,0.0,4460
41586,0.0,0.0,0.0,0.0,4460
41591,0.0,0.0,0.0,0.0,4460
41596,0.0,0.0,0.0,0.0,4460
41601,0.0,0.0,0.0,0.0,4460
41606,0.0,0.0,0.0,0.0,4451
41611,0.0,0.0,0.0,0.0,4450
41616,0.0,0.0,0.0,0.0,4450
41621,0.0,0.0,0.0,0.0,4450
41626,0.0,0.0,0.0,0.0,4450
41631,0.0,0.0,0.0,0.0,4447
41636,0.0,0.0,0.0,0.0,4440
41641,0.0,0.0,0.0,0.0,4440
41646,0.0,0.0,0.0,0.0,4440
41651,0.0,0.0,0.0,0.0,4440
41656,0.0,0.0,0.0,0.0,4440
41661,0.0,0.0,0.0,0.0,4430
41666,0.0,0.0,0.0,0.0,4430
41671,0.0,0.0,0.0,0.0,4430
41676,0.0,0.0,0.0,0.0,4430
41681,0.0,0.0,0.0,0.0,4430
41686,0.0,0.0,0.0,0.0,4426
41691,0.0,0.0,0.0,0.0,4420
41696,0.0,0.0,0.0,0.0,4420
41701,0.0,0.0,0.0,0.0,4420
41706,0.0,0.0,0.0,0.0,4420
41711,0.0,0.0,0.0,0.0,4420
41716,0.0,0.0,0.0,0.0,4410
41721,0.0,0.0,0.0,0.0,4410
41726,0.0,0.0,0.0,0.0,4410
41731,0.0,0.0,0.0,0.0,4410
41736,0.0,0.0,0.0,0.0,4410
41741,0.0,0.0,0.0,0.0,4403
41746,0.0,0.0,0.0,0.0,4400
41751,0.0,0.0,0.0,0.0,4400
41756,0.0,0.0,0.0,0.0,4400
41761,0.0,0.0,0.0,0.0,4400
41766,0.0,0.0,0.0,0.0,4396
41771,0.0,0.0,0.0,0.0,4390
41776,0.0,0.0,0.0,0.0,4390
41781,0.0,0.0,0.0,0.0,4390
41786,0.0,0.0,0.0,0.0,4390
41791,0.0,0.0,0.0,0.0,4390
41796,0.0,0.0,0.0,0.0,4380
41801,0.0,0.0,0.0,0.0,4380
41806,0.0,0.0,0.0,0.0,4380
41811,0.0,0.0,0.0,0.0,4380
41816,0.0,0.0,0.0,0.0,4380
41821,0.0,0.0,0.0,0.0,4371
41826,0.0,0.0,0.0,0.0,4370
41831,0.0,0.0,0.0,0.0,4370
41836,0.0,0.0,0.0,0.0,4370
41841,0.0,0.0,0.0,0.0,4370
41846,0.0,0.0,0.0,0.0,4368
41851,0.0,0.0,0.0,0.0,4360
41856,0.0,0.0,0.0,0.0,4360
41861,0.0,0.0,0.0,0.0,4360
41866,0.0,0.0,0.0,0.0,4360
41871,0.0,0.0,0.0,0.0,4360
41876,0.0,0.0,0.0,0.0,4350
41881,0.0,0.0,0.0,0.0,4350
41886,0.0,0.0,0.0,0.0,4350
41891,0.0,0.0,0.0,0.0,4350
41896,0.0,0.0,0.0,0.0,4350
41901,0.0,0.0,0.0,0.0,4348
41906,0.0,0.0,0.0,0.0,4340
41911,0.0,0.0,0.0,0.0,4340
41916,0.0,0.0,0.0,0.0,4340
41921,0.0,0.0,0.0,0.0,4340
41926,0.0,0.0,0.0,0.0,4340
41931,0.0,0.0,0.0,0.0,4330
41936,0.0,0.0,0.0,0.0,4330
41941,0.0,0.0,0.0,0.0,4330
41946,0.0,0.0,0.0,0.0,4330
41951,0.0,0.0,0.0,0.0,4330
41956,0.0,0.0,0.0,0.0,4320
41961,0.0,0.0,0.0,0.0,4320
41966,0.0,0.0,0.0,0.0,4320
41971,0.0,0.0,0.0,0.0,4320
41976,0.0,0.0,0.0,0.0,4320
41981,0.0,0.0,0.0,0.0,4315
41986,0.0,0.0,0.0,0.0,4310
41991,0.0,0.0,0.0,0.0,4310
41996,0.0,0.0,0.0,0.0,4310
42001,0.0,0.0,0.0,0.0,4310
42006,0.0,0.0,0.0,0.0,4310
42011,0.0,0.0,0.0,0.0,4300
42016,0.0,0.0,0.0,0.0,4300
42021,0.0,0.0,0.0,0.0,4300
42026,0.0,0.0,0.0,0.0,4300
42031,0.0,0.0,0.0,0.0,4300
42036,0.0,0.0,0.0,0.0,4290
42041,0.0,0.0,0.0,0.0,4290
42046,0.0,0.0,0.0,0.0,4290
42051,0.0,0.0,0.0,0.0,4290
42056,0.0,0.0,0.0,0.0,4290
42061,0.0,0.0,0.0,0.0,4283
42066,0.0,0.0,0.0,0.0,4280
42071,0.0,0.0,0.0,0.0,4280
42076,0.0,0.0,0.0,0.0,4280
42081,0.0,0.0,0.0,0.0,4280
42086,0.0,0.0,0.0,0.0,4280
42091,0.0,0.0,0.0,0.0,4270
42096,0.0,0.0,0.0,0.0,4270
42101,0.0,0.0,0.0,0.0,4270
42106,0.0,0.0,0.0,0.0,4270
42111,0.0,0.0,0.0,0.0,4270
42116,0.0,0.0,0.0,0.0,4261
42121,0.0,0.0,0.0,0.0,4260
42126,0.0,0.0,0.0,0.0,4260
42131,0.0,0.0,0.0,0.0,4260
42136,0.0,0.0,0.0,0.0,4260
42141,0.0,0.0,0.0,0.0,4258
42146,0.0,0.0,0.0,0.0,4250
42151,0.0,0.0,0.0,0.0,4250
42156,0.0,0.0,0.0,0.0,4250
42161,0.0,0.0,0.0,0.0,4250
42166,0.0,0.0,0.0,0.0,4250
42171,0.0,0.0,0.0,0.0,4240
42176,0.0,0.0,0.0,0.0,4240
42181,0.0,0.0,0.0,0.0,4240
42186,0.0,0.0,0.0,0.0,4240
42191,0.0,0.0,0.0,0.0,4240
42196,0.0,0.0,0.0,0.0,4233
42201,0.0,0.0,0.0,0.0,4230
42206,0.0,0.0,0.0,0.0,4230
42211,0.0,0.0,0.0,0.0,4230
42216,0.0,0.0,0.0,0.0,4230
42221,0.0,0.0,0.0,0.0,4229
42226,0.0,0.0,0.0,0.0,4220
42231,0.0,0.0,0.0,0.0,4220
42236,0.0,0.0,0.0,0.0,4220
42241,0.0,0.0,0.0,0.0,4220
42246,0.0,0.0,0.0,0.0,4220
42251,0.0,0.0,0.0,0.0,4210
42256,0.0,0.0,0.0,0.0,4210
42261,0.0,0.0,0.0,0.0,4210
42266,0.0,0.0,0.0,0.0,4210
42271,0.0,0.0,0.0,0.0,4210
42276,0.0,0.0,0.0,0.0,4200
42281,0.0,0.0,0.0,0.0,4200
42286,0.0,0.0,0.0,0.0,4200
42291,0.0,0.0,0.0,0.0,4200
42296,0.0,0.0,0.0,0.0,4200
42301,0.0,0.0,0.0,0.0,4195
42306,0.0,0.0,0.0,0.0,4190
42311,0.0,0.0,0.0,0.0,4190
42316,0.0,0.0,0.0,0.0,4190
42321,0.0,0.0,0.0,0.0,4190
42326,0.0,0.0,0.0,0.0,4187
42331,0.0,0.0,0.0,0.0,4180
42336,0.0,0.0,0.0,0.0,4180
42341,0.0,0.0,0.0,0.0,4180
42346,0.0,0.0,0.0,0.0,4180
42351,0.0,0.0,0.0,0.0,4180
42356,0.0,0.0,0.0,0.0,4171
42361,0.0,0.0,0.0,0.0,4170
42366,0.0,0.0,0.0,0.0,4170
42371,0.0,0.0,0.0,0.0,4170
42376,0.0,0.0,0.0,0.0,4170
42381,0.0,0.0,0.0,0.0,4167
42386,0.0,0.0,0.0,0.0,4160
42391,0.0,0.0,0.0,0.0,4160
42396,0.0,0.0,0.0,0.0,4160
42401,0.0,0.0,0.0,0.0,4160
42406,0.0,0.0,0.0,0.0,4160
42411,0.0,0.0,0.0,0.0,4150
42416,0.0,0.0,0.0,0.0,4150
42421,0.0,0.0,0.0,0.0,4150
42426,0.0,0.0,0.0,0.0,4150
42431,0.0,0.0,0.0,0.0,4150
42436,0.0,0.0,0.0,0.0,4147
42441,0.0,0.0,0.0,0.0,4140
42446,0.0,0.0,0.0,0.0,4140
42451,0.0,0.0,0.0,0.0,4140
42456,0.0,0.0,0.0,0.0,4140
42461,0.0,0.0,0.0,0.0,4140
42466,0.0,0.0,0.0,0.0,4130
42471,0.0,0.0,0.0,0.0,4130
42476,0.0,0.0,0.0,0.0,4130
42481,0.0,0.0,0.0,0.0,4130
42486,0.0,0.0,0.0,0.0,4130
42491,0.0,0.0,0.0,0.0,4124
42496,0.0,0.0,0.0,0.0,4120
42501,0.0,0.0,0.0,0.0,4120
42506,0.0,0.0,0.0,0.0,4120
42511,0.0,0.0,0.0,0.0,4120
42516,0.0,0.0,0.0,0.0,4118
42521,0.0,0.0,0.0,0.0,4110
42526,0.0,0.0,0.0,0.0,4110
42531,0.0,0.0,0.0,0.0,4110
42536,0.0,0.0,0.0,0.0,4110
42541,0.0,0.0,0.0,0.0,4110
42546,0.0,0.0,0.0,0.0,4101
42551,0.0,0.0,0.0,0.0,4100
42556,0.0,0.0,0.0,0.0,4100
42561,0.0,0.0,0.0,0.0,4100
42566,0.0,0.0,0.0,0.0,4100
42571,0.0,0.0,0.0,0.0,4096
42576,0.0,0.0,0.0,0.0,4090
42581,0.0,0.0,0.0,0.0,4090
42586,0.0,0.0,0.0,0.0,4090
42591,0.0,0.0,0.0,0.0,4090
42596,0.0,0.0,0.0,0.0,4090
42601,0.0,0.0,0.0,0.0,4080
42606,0.0,0.0,0.0,0.0,4080
42611,0.0,0.0,0.0,0.0,4080
42616,0.0,0.0,0.0,0.0,4080
42621,0.0,0.0,0.0,0.0,4080
42626,0.0,0.0,0.0,0.0,4071
42631,0.0,0.0,0.0,0.0,4070
42636,0.0,0.0,0.0,0.0,4070
42641,0.0,0.0,0.0,0.0,4070
42646,0.0,0.0,0.0,0.0,4070
42651,0.0,0.0,0.0,0.0,4070
42656,0.0,0.0,0.0,0.0,4060
42661,0.0,0.0,0.0,0.0,4060
42666,0.0,0.0,0.0,0.0,4060
42671,0.0,0.0,0.0,0.0,4060
42676,0.0,0.0,0.0,0.0,4060
42681,0.0,0.0,0.0,0.0,4050
42686,0.0,0.0,0.0,0.0,4050
42691,0.0,0.0,0.0,0.0,4050
42696,0.0,0.0,0.0,0.0,4050
42701,0.0,0.0,0.0,0.0,4050
42706,0.0,0.0,0.0,0.0,4042
42711,0.0,0.0,0.0,0.0,4040
42716,0.0,0.0,0.0,0.0,4040
42721,0.0,0.0,0.0,0.0,4040
42726,0.0,0.0,0.0,0.0,4040
42731,0.0,0.0,0.0,0.0,4036
42736,0.0,0.0,0.0,0.0,4030
42741,0.0,0.0,0.0,0.0,4030
42746,0.0,0.0,0.0,0.0,4030
42751,0.0,0.0,0.0,0.0,4030
42756,0.0,0.0,0.0,0.0,4030
42761,0.0,0.0,0.0,0.0,4020
42766,0.0,0.0,0.0,0.0,4020
42771,0.0,0.0,0.0,0.0,4020
42776,0.0,0.0,0.0,0.0,4020
42781,0.0,0.0,0.0,0.0,4020
42786,0.0,0.0,0.0,0.0,4014
42791,0.0,0.0,0.0,0.0,4010
42796,0.0,0.0,0.0,0.0,4010
42801,0.0,0.0,0.0,0.0,4010
42806,0.0,0.0,0.0,0.0,4010
42811,0.0,0.0,0.0,0.0,4006
42816,0.0,0.0,0.0,0.0,4000
42821,0.0,0.0,0.0,0.0,4000
42826,0.0,0.0,0.0,0.0,4000
42831,0.0,0.0,0.0,0.0,4000
42836,0.0,0.0,0.0,0.0,4000
42841,0.0,0.0,0.0,0.0,3990
42846,0.0,0.0,0.0,0.0,3990
42851,0.0,0.0,0.0,0.0,3990
42856,0.0,0.0,0.0,0.0,3990
42861,0.0,0.0,0.0,0.0,3990
42866,0.0,0.0,0.0,0.0,3981
42871,0.0,0.0,0.0,0.0,3980
42876,0.0,0.0,0.0,0.0,3980
42881,0.0,0.0,0.0,0.0,3980
42886,0.0,0.0,0.0,0.0,3980
42891,0.0,0.0,0.0,0.0,3975
42896,0.0,0.0,0.0,0.0,3970
42901,0.0,0.0,0.0,0.0,3970
42906,0.0,0.0,0.0,0.0,3970
42911,0.0,0.0,0.0,0.0,3970
42916,0.0,0.0,0.0,0.0,3970
42921,0.0,0.0,0.0,0.0,3960
42926,0.0,0.0,0.0,0.0,3960
42931,0.0,0.0,0.0,0.0,3960
42936,0.0,0.0,0.0,0.0,3960
42941,0.0,0.0,0.0,0.0,3960
42946,0.0,0.0,0.0,0.0,3953
42951,0.0,0.0,0.0,0.0,3950
42956,0.0,0.0,0.0,0.0,3950
42961,0.0,0.0,0.0,0.0,3950
42966,0.0,0.0,0.0,0.0,3950
42971,0.0,0.0,0.0,0.0,3945
42976,0.0,0.0,0.0,0.0,3940
42981,0.0,0.0,0.0,0.0,3940
42986,0.0,0.0,0.0,0.0,3940
42991,0.0,0.0,0.0,0.0,3940
42996,0.0,0.0,0.0,0.0,3940
43001,0.0,0.0,0.0,0.0,3930
43006,0.0,0.0,0.0,0.0,3930
43011,0.0,0.0,0.0,0.0,3930
43016,0.0,0.0,0.0,0.0,3930
43021,0.0,0.0,0.0,0.0,3930
43026,0.0,0.0,0.0,0.0,3924
43031,0.0,0.0,0.0,0.0,3920
43036,0.0,0.0,0.0,0.0,3920
43041,0.0,0.0,0.0,0.0,3920
43046,0.0,0.0,0.0,0.0,3920
43051,0.0,0.0,0.0,0.0,3919
43056,0.0,0.0,0.0,0.0,3910
43061,0.0,0.0,0.0,0.0,3910
43066,0.0,0.0,0.0,0.0,3910
43071,0.0,0.0,0.0,0.0,3910
43076,0.0,0.0,0.0,0.0,3910
43081,0.0,0.0,0.0,0.0,3900
43086,0.0,0.0,0.0,0.0,3900
43091,0.0,0.0,0.0,0.0,3900
43096,0.0,0.0,0.0,0.0,3900
43101,0.0,0.0,0.0,0.0,3900
43106,0.0,0.0,0.0,0.0,3897
43111,0.0,0.0,0.0,0.0,3890
43116,0.0,0.0,0.0,0.0,3890
43121,0.0,0.0,0.0,0.0,3890
43126,0.0,0.0,0.0,0.0,3890
43131,0.0,0.0,0.0,0.0,3889
43136,0.0,0.0,0.0,0.0,3880
43141,0.0,0.0,0.0,0.0,3880
43146,0.0,0.0,0.0,0.0,3880
43151,0.0,0.0,0.0,0.0,3880
43156,0.0,0.0,0.0,0.0,3880
43161,0.0,0.0,0.0,0.0,3870
43166,0.0,0.0,0.0,0.0,3870
43171,0.0,0.0,0.0,0.0,3870
43176,0.0,0.0,0.0,0.0,3870
43181,0.0,0.0,0.0,0.0,3870
43186,0.0,0.0,0.0,0.0,3860
43191,0.0,0.0,0.0,0.0,3860
43196,0.0,0.0,0.0,0.0,3860
43201,0.0,0.0,0.0,0.0,3860
43206,0.0,0.0,0.0,0.0,3860
43211,0.0,0.0,0.0,0.0,3856
43216,0.0,0.0,0.0,0.0,3850
43221,0.0,0.0,0.0,0.0,3850
43226,0.0,0.0,0.0,0.0,3850
43231,0.0,0.0,0.0,0.0,3850
43236,0.0,0.0,0.0,0.0,3850
43241,0.0,0.0,0.0,0.0,3840
43246,0.0,0.0,0.0,0.0,3840
43251,0.0,0.0,0.0,0.0,3840
43256,0.0,0.0,0.0,0.0,3840
43261,0.0,0.0,0.0,0.0,3840
43266,0.0,0.0,0.0,0.0,3831
43271,0.0,0.0,0.0,0.0,3830
43276,0.0,0.0,0.0,0.0,3830
43281,0.0,0.0,0.0,0.0,3830
43286,0.0,0.0,0.0,0.0,3830
43291,0.0,0.0,0.0,0.0,3829
43296,0.0,0.0,0.0,0.0,3820
43301,0.0,0.0,0.0,0.0,3820
43306,0.0,0.0,0.0,0.0,3820
43311,0.0,0.0,0.0,0.0,3820
43316,0.0,0.0,0.0,0.0,3820
43321,0.0,0.0,0.0,0.0,3810
43326,0.0,0.0,0.0,0.0,3810
43331,0.0,0.0,0.0,0.0,3810
43336,0.0,0.0,0.0,0.0,3810
43341,0.0,0.0,0.0,0.0,3810
43346,0.0,0.0,0.0,0.0,3803
43351,0.0,0.0,0.0,0.0,3800
43356,0.0,0.0,0.0,0.0,3800
43361,0.0,0.0,0.0,0.0,3800
43366,0.0,0.0,0.0,0.0,3800
43371,0.0,0.0,0.0,0.0,3799
43376,0.0,0.0,0.0,0.0,3790
43381,0.0,0.0,0.0,0.0,3790
43386,0.0,0.0,0.0,0.0,3790
43391,0.0,0.0,0.0,0.0,3790
43396,0.0,0.0,0.0,0.0,3790
43401,0.0,0.0,0.0,0.0,3782
43406,0.0,0.0,0.0,0.0,3780
43411,0.0,0.0,0.0,0.0,3780
43416,0.0,0.0,0.0,0.0,3780
43421,0.0,0.0,0.0,0.0,3780
43426,0.0,0.0,0.0,0.0,3777
43431,0.0,0.0,0.0,0.0,3770
43436,0.0,0.0,0.0,0.0,3770
43441,0.0,0.0,0.0,0.0,3770
43446,0.0,0.0,0.0,0.0,3770
43451,0.0,0.0,0.0,0.0,3770
43456,0.0,0.0,0.0,0.0,3760
43461,0.0,0.0,0.0,0.0,3760
43466,0.0,0.0,0.0,0.0,3760
43471,0.0,0.0,0.0,0.0,3760
43476,0.0,0.0,0.0,0.0,3760
43481,0.0,0.0,0.0,0.0,3753
43486,0.0,0.0,0.0,0.0,3750
43491,0.0,0.0,0.0,0.0,3750
43496,0.0,0.0,0.0,0.0,3750
43501,0.0,0.0,0.0,0.0,3750
43506,0.0,0.0,0.0,0.0,3746
43511,0.0,0.0,0.0,0.0,3740
43516,0.0,0.0,0.0,0.0,3740
43521,0.0,0.0,0.0,0.0,3740
43526,0.0,0.0,0.0,0.0,3740
43531,0.0,0.0,0.0,0.0,3740
43536,0.0,0.0,0.0,0.0,3730
43541,0.0,0.0,0.0,0.0,3730
43546,0.0,0.0,0.0,0.0,3730
43551,0.0,0.0,0.0,0.0,3730
43556,0.0,0.0,0.0,0.0,3730
43561,0.0,0.0,0.0,0.0,3722
43566,0.0,0.0,0.0,0.0,3720
43571,0.0,0.0,0.0,0.0,3720
43576,0.0,0.0,0.0,0.0,3720
43581,0.0,0.0,0.0,0.0,3720
43586,0.0,0.0,0.0,0.0,3719
43591,0.0,0.0,0.0,0.0,3710
43596,0.0,0.0,0.0,0.0,3710
43601,0.0,0.0,0.0,0.0,3710
43606,0.0,0.0,0.0,0.0,3710
43611,0.0,0.0,0.0,0.0,3710
43616,0.0,0.0,0.0,0.0,3702
43621,0.0,0.0,0.0,0.0,3700
43626,0.0,0.0,0.0,0.0,3700
43631,0.0,0.0,0.0,0.0,3700
43636,0.0,0.0,0.0,0.0,3700
43641,0.0,0.0,0.0,0.0,3697
43646,0.0,0.0,0.0,0.0,3690
43651,0.0,0.0,0.0,0.0,3690
43656,0.0,0.0,0.0,0.0,3690
43661,0.0,0.0,0.0,0.0,3690
43666,0.0,0.0,0.0,0.0,3690
43671,0.0,0.0,0.0,0.0,3680
43676,0.0,0.0,0.0,0.0,3680
43681,0.0,0.0,0.0,0.0,3680
43686,0.0,0.0,0.0,0.0,3680
43691,0.0,0.0,0.0,0.0,3680
43696,0.0,0.0,0.0,0.0,3671
43701,0.0,0.0,0.0,0.0,3670
43706,0.0,0.0,0.0,0.0,3670
43711,0.0,0.0,0.0,0.0,3670
43716,0.0,0.0,0.0,0.0,3670
43721,0.0,0.0,0.0,0.0,3666
43726,0.0,0.0,0.0,0.0,3660
43731,0.0,0.0,0.0,0.0,3660
43736,0.0,0.0,0.0,0.0,3660
43741,0.0,0.0,0.0,0.0,3660
43746,0.0,0.0,0.0,0.0,3660
43751,0.0,0.0,0.0,0.0,3650
43756,0.0,0.0,0.0,0.0,3650
43761,0.0,0.0,0.0,0.0,3650
43766,0.0,0.0,0.0,0.0,3650
43771,0.0,0.0,0.0,0.0,3650
43776,0.0,0.0,0.0,0.0,3641
43781,0.0,0.0,0.0,0.0,3640
43786,0.0,0.0,0.0,0.0,3640
43791,0.0,0.0,0.0,0.0,3640
43796,0.0,0.0,0.0,0.0,3640
43801,0.0,0.0,0.0,0.0,3637
43806,0.0,0.0,0.0,0.0,3630
43811,0.0,0.0,0.0,0.0,3630
43816,0.0,0.0,0.0,0.0,3630
43821,0.0,0.0,0.0,0.0,3630
43826,0.0,0.0,0.0,0.0,3630
43831,0.0,0.0,0.0,0.0,3620
43836,0.0,0.0,0.0,0.0,3620
43841,0.0,0.0,0.0,0.0,3620
43846,0.0,0.0,0.0,0.0,3620
43851,0.0,0.0,0.0,0.0,3620
43856,0.0,0.0,0.0,0.0,3612
43861,0.0,0.0,0.0,0.0,3610
43866,0.0,0.0,0.0,0.0,3610
43871,0.0,0.0,0.0,0.0,3610
43876,0.0,0.0,0.0,0.0,3610
43881,0.0,0.0,0.0,0.0,3608
43886,0.0,0.0,0.0,0.0,3600
43891,0.0,0.0,0.0,0.0,3600
43896,0.0,0.0,0.0,0.0,3600
43901,0.0,0.0,0.0,0.0,3600
43906,0.0,0.0,0.0,0.0,3600
43911,0.0,0.0,0.0,0.0,3590
43916,0.0,0.0,0.0,0.0,3590
43921,0.0,0.0,0.0,0.0,3590
43926,0.0,0.0,0.0,0.0,3590
43931,0.0,0.0,0.0,0.0,3590
43936,0.0,0.0,0.0,0.0,3582
43941,0.0,0.0,0.0,0.0,3580
43946,0.0,0.0,0.0,0.0,3580
43951,0.0,0.0,0.0,0.0,3580
43956,0.0,0.0,0.0,0.0,3580
43961,0.0,0.0,0.0,0.0,3579
43966,0.0,0.0,0.0,0.0,3570
43971,0.0,0.0,0.0,0.0,3570
43976,0.0,0.0,0.0,0.0,3570
43981,0.0,0.0,0.0,0.0,3570
43986,0.0,0.0,0.0,0.0,3570
43991,0.0,0.0,0.0,0.0,3562
43996,0.0,0.0,0.0,0.0,3560
44001,0.0,0.0,0.0,0.0,3560
44006,0.0,0.0,0.0,0.0,3560
44011,0.0,0.0,0.0,0.0,3560
44016,0.0,0.0,0.0,0.0,3558
44021,0.0,0.0,0.0,0.0,3550
44026,0.0,0.0,0.0,0.0,3550
44031,0.0,0.0,0.0,0.0,3550
44036,0.0,0.0,0.0,0.0,3550
44041,0.0,0.0,0.0,0.0,3550
44046,0.0,0.0,0.0,0.0,3540
44051,0.0,0.0,0.0,0.0,3540
44056,0.0,0.0,0.0,0.0,3540
44061,0.0,0.0,0.0,0.0,3540
44066,0.0,0.0,0.0,0.0,3540
44071,0.0,0.0,0.0,0.0,3531
44076,0.0,0.0,0.0,0.0,3530
44081,0.0,0.0,0.0,0.0,3530
44086,0.0,0.0,0.0,0.0,3530
44091,0.0,0.0,0.0,0.0,3530
44096,0.0,0.0,0.0,0.0,3528
44101,0.0,0.0,0.0,0.0,3520
44106,0.0,0.0,0.0,0.0,3520
44111,0.0,0.0,0.0,0.0,3520
44116,0.0,0.0,0.0,0.0,3520
44121,0.0,0.0,0.0,0.0,3520
44126,0.0,0.0,0.0,0.0,3510
44131,0.0,0.0,0.0,0.0,3510
44136,0.0,0.0,0.0,0.0,3510
44141,0.0,0.0,0.0,0.0,3510
44146,0.0,0.0,0.0,0.0,3510
44151,0.0,0.0,0.0,0.0,3500
44156,0.0,0.0,0.0,0.0,3500
44161,0.0,0.0,0.0,0.0,3500
44166,0.0,0.0,0.0,0.0,3500
44171,0.0,0.0,0.0,0.0,3500
44176,0.0,0.0,0.0,0.0,3499
44181,0.0,0.0,0.0,0.0,3490
44186,0.0,0.0,0.0,0.0,3490
44191,0.0,0.0,0.0,0.0,3490
44196,0.0,0.0,0.0,0.0,3490
44201,0.0,0.0,0.0,0.0,3490
44206,0.0,0.0,0.0,0.0,3480
44211,0.0,0.0,0.0,0.0,3480
44216,0.0,0.0,0.0,0.0,3480
44221,0.0,0.0,0.0,0.0,3480
44226,0.0,0.0,0.0,0.0,3480
44231,0.0,0.0,0.0,0.0,3472
44236,0.0,0.0,0.0,0.0,3470
44241,0.0,0.0,0.0,0.0,3470
44246,0.0,0.0,0.0,0.0,3470
44251,0.0,0.0,0.0,0.0,3470
44256,0.0,0.0,0.0,0.0,3470
44261,0.0,0.0,0.0,0.0,3460
44266,0.0,0.0,0.0,0.0,3460
44271,0.0,0.0,0.0,0.0,3460
44276,0.0,0.0,0.0,0.0,3460
44281,0.0,0.0,0.0,0.0,3460
44286,0.0,0.0,0.0,0.0,3450
44291,0.0,0.0,0.0,0.0,3450
44296,0.0,0.0,0.0,0.0,3450
44301,0.0,0.0,0.0,0.0,3450
44306,0.0,0.0,0.0,0.0,3450
44311,0.0,0.0,0.0,0.0,3440
44316,0.0,0.0,0.0,0.0,3440
44321,0.0,0.0,0.0,0.0,3440
44326,0.0,0.0,0.0,0.0,3440
44331,0.0,0.0,0.0,0.0,3440
44336,0.0,0.0,0.0,0.0,3436
44341,0.0,0.0,0.0,0.0,3430
44346,0.0,0.0,0.0,0.0,3430
44351,0.0,0.0,0.0,0.0,3430
44356,0.0,0.0,0.0,0.0,3430
44361,0.0,0.0,0.0,0.0,3429
44366,0.0,0.0,0.0,0.0,3420
44371,0.0,0.0,0.0,0.0,3420
44376,0.0,0.0,0.0,0.0,3420
44381,0.0,0.0,0.0,0.0,3420
44386,0.0,0.0,0.0,0.0,3420
44391,0.0,0.0,0.0,0.0,3412
44396,0.0,0.0,0.0,0.0,3410
44401,0.0,0.0,0.0,0.0,3410
44406,0.0,0.0,0.0,0.0,3410
44411,0.0,0.0,0.0,0.0,3410
44416,0.0,0.0,0.0,0.0,3410
44421,0.0,0.0,0.0,0.0,3400
44426,0.0,0.0,0.0,0.0,3400
44431,0.0,0.0,0.0,0.0,3400
44436,0.0,0.0,0.0,0.0,3400
44441,0.0,0.0,0.0,0.0,3400
44446,0.0,0.0,0.0,0.0,3393
44451,0.0,0.0,0.0,0.0,3390
44456,0.0,0.0,0.0,0.0,3390
44461,0.0,0.0,0.0,0.0,3390
44466,0.0,0.0,0.0,0.0,3390
44471,0.0,0.0,0.0,0.0,3387
44476,0.0,0.0,0.0,0.0,3380
44481,0.0,0.0,0.0,0.0,3380
44486,0.0,0.0,0.0,0.0,3380
44491,0.0,0.0,0.0,0.0,3380
44496,0.0,0.0,0.0,0.0,3380
44501,0.0,0.0,0.0,0.0,3370
44506,0.0,0.0,0.0,0.0,3370
44511,0.0,0.0,0.0,0.0,3370
44516,0.0,0.0,0.0,0.0,3370
44521,0.0,0.0,0.0,0.0,3370
44526,0.0,0.0,0.0,0.0,3361
44531,0.0,0.0,0.0,0.0,3360
44536,0.0,0.0,0.0,0.0,3360
44541,0.0,0.0,0.0,0.0,3360
44546,0.0,0.0,0.0,0.0,3360
44551,0.0,0.0,0.0,0.0,3358
44556,0.0,0.0,0.0,0.0,3350
44561,0.0,0.0,0.0,0.0,3350
44566,0.0,0.0,0.0,0.0,3350
44571,0.0,0.0,0.0,0.0,3350
44576,0.0,0.0,0.0,0.0,3350
44581,0.0,0.0,0.0,0.0,3340
44586,0.0,0.0,0.0,0.0,3340
44591,0.0,0.0,0.0,0.0,3340
44596,0.0,0.0,0.0,0.0,3340
44601,0.0,0.0,0.0,0.0,3340
44606,0.0,0.0,0.0,0.0,3330
44611,0.0,0.0,0.0,0.0,3330
44616,0.0,0.0,0.0,0.0,3330
44621,0.0,0.0,0.0,0.0,3330
44626,0.0,0.0,0.0,0.0,3330
44631,0.0,0.0,0.0,0.0,3321
44636,0.0,0.0,0.0,0.0,3320
44641,0.0,0.0,0.0,0.0,3320
44646,0.0,0.0,0.0,0.0,3320
44651,0.0,0.0,0.0,0.0,3320
44656,0.0,0.0,0.0,0.0,3320
44661,0.0,0.0,0.0,0.0,3310
44666,0.0,0.0,0.0,0.0,3310
44671,0.0,0.0,0.0,0.0,3310
44676,0.0,0.0,0.0,0.0,3310
44681,0.0,0.0,0.0,0.0,3310
44686,0.0,0.0,0.0,0.0,3301
44691,0.0,0.0,0.0,0.0,3300
44696,0.0,0.0,0.0,0.0,3300
44701,0.0,0.0,0.0,0.0,3300
44706,0.0,0.0,0.0,0.0,3300
44711,0.0,0.0,0.0,0.0,3297
44716,0.0,0.0,0.0,0.0,3290
44721,0.0,0.0,0.0,0.0,3290
44726,0.0,0.0,0.0,0.0,3290
44731,0.0,0.0,0.0,0.0,3290
44736,0.0,0.0,0.0,0.0,3290
44741,0.0,0.0,0.0,0.0,3280
44746,0.0,0.0,0.0,0.0,3280
44751,0.0,0.0,0.0,0.0,3280
44756,0.0,0.0,0.0,0.0,3280
44761,0.0,0.0,0.0,0.0,3280
44766,0.0,0.0,0.0,0.0,3271
44771,0.0,0.0,0.0,0.0,3270
44776,0.0,0.0,0.0,0.0,3270
44781,0.0,0.0,0.0,0.0,3270
44786,0.0,0.0,0.0,0.0,3270
44791,0.0,0.0,0.0,0.0,3266
44796,0.0,0.0,0.0,0.0,3260
44801,0.0,0.0,0.0,0.0,3260
44806,0.0,0.0,0.0,0.0,3260
44811,0.0,0.0,0.0,0.0,3260
44816,0.0,0.0,0.0,0.0,3260
44821,0.0,0.0,0.0,0.0,3250
44826,0.0,0.0,0.0,0.0,3250
44831,0.0,0.0,0.0,0.0,3250
44836,0.0,0.0,0.0,0.0,3250
44841,0.0,0.0,0.0,0.0,3250
44846,0.0,0.0,0.0,0.0,3240
44851,0.0,0.0,0.0,0.0,3240
44856,0.0,0.0,0.0,0.0,3240
44861,0.0,0.0,0.0,0.0,3240
44866,0.0,0.0,0.0,0.0,3240
44871,0.0,0.0,0.0,0.0,3236
44876,0.0,0.0,0.0,0.0,3230
44881,0.0,0.0,0.0,0.0,3230
44886,0.0,0.0,0.0,0.0,3230
44891,0.0,0.0,0.0,0.0,3230
44896,0.0,0.0,0.0,0.0,3229
44901,0.0,0.0,0.0,0.0,3220
44906,0.0,0.0,0.0,0.0,3220
44911,0.0,0.0,0.0,0.0,3220
44916,0.0,0.0,0.0,0.0,3220
44921,0.0,0.0,0.0,0.0,3220
44926,0.0,0.0,0.0,0.0,3210
44931,0.0,0.0,0.0,0.0,3210
44936,0.0,0.0,0.0,0.0,3210
44941,0.0,0.0,0.0,0.0,3210
44946,0.0,0.0,0.0,0.0,3210
44951,0.0,0.0,0.0,0.0,3201
44956,0.0,0.0,0.0,0.0,3200
44961,0.0,0.0,0.0,0.0,3200
44966,0.0,0.0,0.0,0.0,3200
44971,0.0,0.0,0.0,0.0,3200
44976,0.0,0.0,0.0,0.0,3194
44981,0.0,0.0,0.0,0.0,3190
44986,0.0,0.0,0.0,0.0,3190
44991,0.0,0.0,0.0,0.0,3190
44996,0.0,0.0,0.0,0.0,3190
45001,0.0,0.0,0.0,0.0,3190
45006,0.0,0.0,0.0,0.0,3180
45011,0.0,0.0,0.0,0.0,3180
45016,0.0,0.0,0.0,0.0,3180
45021,0.0,0.0,0.0,0.0,3180
45026,0.0,0.0,0.0,0.0,3180
45031,0.0,0.0,0.0,0.0,3171
45036,0.0,0.0,0.0,0.0,3170
45041,0.0,0.0,0.0,0.0,3170
45046,0.0,0.0,0.0,0.0,3170
45051,0.0,0.0,0.0,0.0,3170
45056,0.0,0.0,0.0,0.0,3167
45061,0.0,0.0,0.0,0.0,3160
45066,0.0,0.0,0.0,0.0,3160
45071,0.0,0.0,0.0,0.0,3160
45076,0.0,0.0,0.0,0.0,3160
45081,0.0,0.0,0.0,0.0,3160
45086,0.0,0.0,0.0,0.0,3150
45091,0.0,0.0,0.0,0.0,3150
45096,0.0,0.0,0.0,0.0,3150
45101,0.0,0.0,0.0,0.0,3150
45106,0.0,0.0,0.0,0.0,3150
45111,0.0,0.0,0.0,0.0,3140
45116,0.0,0.0,0.0,0.0,3140
45121,0.0,0.0,0.0,0.0,3140
45126,0.0,0.0,0.0,0.0,3140
45131,0.0,0.0,0.0,0.0,3140
45136,0.0,0.0,0.0,0.0,3136
45141,0.0,0.0,0.0,0.0,3130
45146,0.0,0.0,0.0,0.0,3130
45151,0.0,0.0,0.0,0.0,3130
45156,0.0,0.0,0.0,0.0,3130
45161,0.0,0.0,0.0,0.0,3130
45166,0.0,0.0,0.0,0.0,3120
45171,0.0,0.0,0.0,0.0,3120
45176,0.0,0.0,0.0,0.0,3120
45181,0.0,0.0,0.0,0.0,3120
45186,0.0,0.0,0.0,0.0,3120
45191,0.0,0.0,0.0,0.0,3115
45196,0.0,0.0,0.0,0.0,3110
45201,0.0,0.0,0.0,0.0,3110
45206,0.0,0.0,0.0,0.0,3110
45211,0.0,0.0,0.0,0.0,3110
45216,0.0,0.0,0.0,0.0,3108
45221,0.0,0.0,0.0,0.0,3100
45226,0.0,0.0,0.0,0.0,3100
45231,0.0,0.0,0.0,0.0,3100
45236,0.0,0.0,0.0,0.0,3100
45241,0.0,0.0,0.0,0.0,3100
45246,0.0,0.0,0.0,0.0,3090
45251,0.0,0.0,0.0,0.0,3090
45256,0.0,0.0,0.0,0.0,3090
45261,0.0,0.0,0.0,0.0,3090
45266,0.0,0.0,0.0,0.0,3090
45271,0.0,0.0,0.0,0.0,3083
45276,0.0,0.0,0.0,0.0,3080
45281,0.0,0.0,0.0,0.0,3080
45286,0.0,0.0,0.0,0.0,3080
45291,0.0,0.0,0.0,0.0,3080
45296,0.0,0.0,0.0,0.0,3079
45301,0.0,0.0,0.0,0.0,3070
45306,0.0,0.0,0.0,0.0,3070
45311,0.0,0.0,0.0,0.0,3070
45316,0.0,0.0,0.0,0.0,3070
45321,0.0,0.0,0.0,0.0,3070
45326,0.0,0.0,0.0,0.0,3060
45331,0.0,0.0,0.0,0.0,3060
45336,0.0,0.0,0.0,0.0,3060
45341,0.0,0.0,0.0,0.0,3060
45346,0.0,0.0,0.0,0.0,3060
45351,0.0,0.0,0.0,0.0,3056
45356,0.0,0.0,0.0,0.0,3050
45361,0.0,0.0,0.0,0.0,3050
45366,0.0,0.0,0.0,0.0,3050
45371,0.0,0.0,0.0,0.0,3050
45376,0.0,0.0,0.0,0.0,3050
45381,0.0,0.0,0.0,0.0,3040
45386,0.0,0.0,0.0,0.0,3040
45391,0.0,0.0,0.0,0.0,3040
45396,0.0,0.0,0.0,0.0,3040
45401,0.0,0.0,0.0,0.0,3040
45406,0.0,0.0,0.0,0.0,3030
45411,0.0,0.0,0.0,0.0,3030
45416,0.0,0.0,0.0,0.0,3030
45421,0.0,0.0,0.0,0.0,3030
45426,0.0,0.0,0.0,0.0,3030
45431,0.0,0.0,0.0,0.0,3025
45436,0.0,0.0,0.0,0.0,3020
45441,0.0,0.0,0.0,0.0,3020
45446,0.0,0.0,0.0,0.0,3020
45451,0.0,0.0,0.0,0.0,3020
45456,0.0,0.0,0.0,0.0,3020
45461,0.0,0.0,0.0,0.0,3010
45466,0.0,0.0,0.0,0.0,3010
45471,0.0,0.0,0.0,0.0,3010
45476,0.0,0.0,0.0,0.0,3010
45481,0.0,0.0,0.0,0.0,3010
45486,0.0,0.0,0.0,0.0,3000
45491,0.0,0.0,0.0,0.0,3000
45496,0.0,0.0,0.0,0.0,3000
45501,0.0,0.0,0.0,0.0,3000
45506,0.0,0.0,0.0,0.0,3000
45511,0.0,0.0,0.0,0.0,2995
45516,0.0,0.0,0.0,0.0,2990
45521,0.0,0.0,0.0,0.0,2990
45526,0.0,0.0,0.0,0.0,2990
45531,0.0,0.0,0.0,0.0,2990
45536,0.0,0.0,0.0,0.0,2990
45541,0.0,0.0,0.0,0.0,2980
45546,0.0,0.0,0.0,0.0,2980
45551,0.0,0.0,0.0,0.0,2980
45556,0.0,0.0,0.0,0.0,2980
45561,0.0,0.0,0.0,0.0,2980
45566,0.0,0.0,0.0,0.0,2970
45571,0.0,0.0,0.0,0.0,2970
45576,0.0,0.0,0.0,0.0,2970
45581,0.0,0.0,0.0,0.0,2970
45586,0.0,0.0,0.0,0.0,2970
45591,0.0,0.0,0.0,0.0,2963
45596,0.0,0.0,0.0,0.0,2960
45601,0.0,0.0,0.0,0.0,2960
45606,0.0,0.0,0.0,0.0,2960
45611,0.0,0.0,0.0,0.0,2960
45616,0.0,0.0,0.0,0.0,2959
45621,0.0,0.0,0.0,0.0,2950
45626,0.0,0.0,0.0,0.0,2950
45631,0.0,0.0,0.0,0.0,2950
45636,0.0,0.0,0.0,0.0,2950
45641,0.0,0.0,0.0,0.0,2950
45646,0.0,0.0,0.0,0.0,2940
45651,0.0,0.0,0.0,0.0,2940
45656,0.0,0.0,0.0,0.0,2940
45661,0.0,0.0,0.0,0.0,2940
45666,0.0,0.0,0.0,0.0,2940
45671,0.0,0.0,0.0,0.0,2935
45676,0.0,0.0,0.0,0.0,2930
45681,0.0,0.0,0.0,0.0,2930
45686,0.0,0.0,0.0,0.0,2930
45691,0.0,0.0,0.0,0.0,2930
45696,0.0,0.0,0.0,0.0,2929
45701,0.0,0.0,0.0,0.0,2920
45706,0.0,0.0,0.0,0.0,2920
45711,0.0,0.0,0.0,0.0,2920
45716,0.0,0.0,0.0,0.0,2920
45721,0.0,0.0,0.0,0.0,2920
45726,0.0,0.0,0.0,0.0,2910
45731,0.0,0.0,0.0,0.0,2910
45736,0.0,0.0,0.0,0.0,2910
45741,0.0,0.0,0.0,0.0,2910
45746,0.0,0.0,0.0,0.0,2910
45751,0.0,0.0,0.0,0.0,2900
45756,0.0,0.0,0.0,0.0,2900
45761,0.0,0.0,0.0,0.0,2900
45766,0.0,0.0,0.0,0.0,2900
45771,0.0,0.0,0.0,0.0,2900
45776,0.0,0.0,0.0,0.0,2896
45781,0.0,0.0,0.0,0.0,2890
45786,0.0,0.0,0.0,0.0,2890
45791,0.0,0.0,0.0,0.0,2890
45796,0.0,0.0,0.0,0.0,2890
45801,0.0,0.0,0.0,0.0,2890
45806,0.0,0.0,0.0,0.0,2880
45811,0.0,0.0,0.0,0.0,2880
45816,0.0,0.0,0.0,0.0,2880
45821,0.0,0.0,0.0,0.0,2880
45826,0.0,0.0,0.0,0.0,2880
45831,0.0,0.0,0.0,0.0,2873
45836,0.0,0.0,0.0,0.0,2870
45841,0.0,0.0,0.0,0.0,2870
45846,0.0,0.0,0.0,0.0,2870
45851,0.0,0.0,0.0,0.0,2870
45856,0.0,0.0,0.0,0.0,2870
45861,0.0,0.0,0.0,0.0,2860
45866,0.0,0.0,0.0,0.0,2860
45871,0.0,0.0,0.0,0.0,2860
45876,0.0,0.0,0.0,0.0,2860
45881,0.0,0.0,0.0,0.0,2860
45886,0.0,0.0,0.0,0.0,2850
45891,0.0,0.0,0.0,0.0,2850
45896,0.0,0.0,0.0,0.0,2850
45901,0.0,0.0,0.0,0.0,2850
45906,0.0,0.0,0.0,0.0,2850
45911,0.0,0.0,0.0,0.0,2844
45916,0.0,0.0,0.0,0.0,2840
45921,0.0,0.0,0.0,0.0,2840
45926,0.0,0.0,0.0,0.0,2840
45931,0.0,0.0,0.0,0.0,2840
45936,0.0,0.0,0.0,0.0,2838
45941,0.0,0.0,0.0,0.0,2830
45946,0.0,0.0,0.0,0.0,2830
45951,0.0,0.0,0.0,0.0,2830
45956,0.0,0.0,0.0,0.0,2830
45961,0.0,0.0,0.0,0.0,2830
45966,0.0,0.0,0.0,0.0,2820
45971,0.0,0.0,0.0,0.0,2820
45976,0.0,0.0,0.0,0.0,2820
45981,0.0,0.0,0.0,0.0,2820
45986,0.0,0.0,0.0,0.0,2820
45991,0.0,0.0,0.0,0.0,2813
45996,0.0,0.0,0.0,0.0,2810
46001,0.0,0.0,0.0,0.0,2810
46006,0.0,0.0,0.0,0.0,2810
46011,0.0,0.0,0.0,0.0,2810
46016,0.0,0.0,0.0,0.0,2810
46021,0.0,0.0,0.0,0.0,2800
46026,0.0,0.0,0.0,0.0,2800
46031,0.0,0.0,0.0,0.0,2800
46036,0.0,0.0,0.0,0.0,2800
46041,0.0,0.0,0.0,0.0,2800
46046,0.0,0.0,0.0,0.0,2790
46051,0.0,0.0,0.0,0.0,2790
46056,0.0,0.0,0.0,0.0,2790
46061,0.0,0.0,0.0,0.0,2790
46066,0.0,0.0,0.0,0.0,2790
46071,0.0,0.0,0.0,0.0,2781
46076,0.0,0.0,0.0,0.0,2780
46081,0.0,0.0,0.0,0.0,2780
46086,0.0,0.0,0.0,0.0,2780
46091,0.0,0.0,0.0,0.0,2780
46096,0.0,0.0,0.0,0.0,2779
46101,0.0,0.0,0.0,0.0,2770
46106,0.0,0.0,0.0,0.0,2770
46111,0.0,0.0,0.0,0.0,2770
46116,0.0,0.0,0.0,0.0,2770
46121,0.0,0.0,0.0,0.0,2770
46126,0.0,0.0,0.0,0.0,2760
46131,0.0,0.0,0.0,0.0,2760
46136,0.0,0.0,0.0,0.0,2760
46141,0.0,0.0,0.0,0.0,2760
46146,0.0,0.0,0.0,0.0,2760
46151,0.0,0.0,0.0,0.0,2753
46156,0.0,0.0,0.0,0.0,2750
46161,0.0,0.0,0.0,0.0,2750
46166,0.0,0.0,0.0,0.0,2750
46171,0.0,0.0,0.0,0.0,2750
46176,0.0,0.0,0.0,0.0,2749
46181,0.0,0.0,0.0,0.0,2740
46186,0.0,0.0,0.0,0.0,2740
46191,0.0,0.0,0.0,0.0,2740
46196,0.0,0.0,0.0,0.0,2740
46201,0.0,0.0,0.0,0.0,2740
46206,0.0,0.0,0.0,0.0,2731
46211,0.0,0.0,0.0,0.0,2730
46216,0.0,0.0,0.0,0.0,2730
46221,0.0,0.0,0.0,0.0,2730
46226,0.0,0.0,0.0,0.0,2730
46231,0.0,0.0,0.0,0.0,2728
46236,0.0,0.0,0.0,0.0,2720
46241,0.0,0.0,0.0,0.0,2720
46246,0.0,0.0,0.0,0.0,2720
46251,0.0,0.0,0.0,0.0,2720
46256,0.0,0.0,0.0,0.0,2720
46261,0.0,0.0,0.0,0.0,2710
46266,0.0,0.0,0.0,0.0,2710
46271,0.0,0.0,0.0,0.0,2710
46276,0.0,0.0,0.0,0.0,2710
46281,0.0,0.0,0.0,0.0,2710
46286,0.0,0.0,0.0,0.0,2700
46291,0.0,0.0,0.0,0.0,2700
46296,0.0,0.0,0.0,0.0,2700
46301,0.0,0.0,0.0,0.0,2700
46306,0.0,0.0,0.0,0.0,2700
46311,0.0,0.0,0.0,0.0,2694
46316,0.0,0.0,0.0,0.0,2690
46321,0.0,0.0,0.0,0.0,2690
46326,0.0,0.0,0.0,0.0,2690
46331,0.0,0.0,0.0,0.0,2690
46336,0.0,0.0,0.0,0.0,2690
46341,0.0,0.0,0.0,0.0,2680
46346,0.0,0.0,0.0,0.0,2680
46351,0.0,0.0,0.0,0.0,2680
46356,0.0,0.0,0.0,0.0,2680
46361,0.0,0.0,0.0,0.0,2680
46366,0.0,0.0,0.0,0.0,2670
46371,0.0,0.0,0.0,0.0,2670
46376,0.0,0.0,0.0,0.0,2670
46381,0.0,0.0,0.0,0.0,2670
46386,0.0,0.0,0.0,0.0,2670
46391,0.0,0.0,0.0,0.0,2661
46396,0.0,0.0,0.0,0.0,2660
46401,0.0,0.0,0.0,0.0,2660
46406,0.0,0.0,0.0,0.0,2660
46411,0.0,0.0,0.0,0.0,2660
46416,0.0,0.0,0.0,0.0,2660
46421,0.0,0.0,0.0,0.0,2650
46426,0.0,0.0,0.0,0.0,2650
46431,0.0,0.0,0.0,0.0,2650
46436,0.0,0.0,0.0,0.0,2650
46441,0.0,0.0,0.0,0.0,2650
46446,0.0,0.0,0.0,0.0,2640
46451,0.0,0.0,0.0,0.0,2640
46456,0.0,0.0,0.0,0.0,2640
46461,0.0,0.0,0.0,0.0,2640
46466,0.0,0.0,0.0,0.0,2640
46471,0.0,0.0,0.0,0.0,2632
46476,0.0,0.0,0.0,0.0,2630
46481,0.0,0.0,0.0,0.0,2630
46486,0.0,0.0,0.0,0.0,2630
46491,0.0,0.0,0.0,0.0,2630
46496,0.0,0.0,0.0,0.0,2627
46501,0.0,0.0,0.0,0.0,2620
46506,0.0,0.0,0.0,0.0,2620
46511,0.0,0.0,0.0,0.0,2620
46516,0.0,0.0,0.0,0.0,2620
46521,0.0,0.0,0.0,0.0,2620
46526,0.0,0.0,0.0,0.0,2610
46531,0.0,0.0,0.0,0.0,2610
46536,0.0,0.0,0.0,0.0,2610
46541,0.0,0.0,0.0,0.0,2610
46546,0.0,0.0,0.0,0.0,2610
46551,0.0,0.0,0.0,0.0,2603
46556,0.0,0.0,0.0,0.0,2600
46561,0.0,0.0,0.0,0.0,2600
46566,0.0,0.0,0.0,0.0,2600
46571,0.0,0.0,0.0,0.0,2600
46576,0.0,0.0,0.0,0.0,2599
46581,0.0,0.0,0.0,0.0,2590
46586,0.0,0.0,0.0,0.0,2590
46591,0.0,0.0,0.0,0.0,2590
46596,0.0,0.0,0.0,0.0,2590
46601,0.0,0.0,0.0,0.0,2590
46606,0.0,0.0,0.0,0.0,2580
46611,0.0,0.0,0.0,0.0,2580
46616,0.0,0.0,0.0,0.0,2580
46621,0.0,0.0,0.0,0.0,2580
46626,0.0,0.0,0.0,0.0,2580
46631,0.0,0.0,0.0,0.0,2576
46636,0.0,0.0,0.0,0.0,2570
46641,0.0,0.0,0.0,0.0,2570
46646,0.0,0.0,0.0,0.0,2570
46651,0.0,0.0,0.0,0.0,2570
46656,0.0,0.0,0.0,0.0,2568
46661,0.0,0.0,0.0,0.0,2560
46666,0.0,0.0,0.0,0.0,2560
46671,0.0,0.0,0.0,0.0,2560
46676,0.0,0.0,0.0,0.0,2560
46681,0.0,0.0,0.0,0.0,2560
46686,0.0,0.0,0.0,0.0,2550
46691,0.0,0.0,0.0,0.0,2550
46696,0.0,0.0,0.0,0.0,2550
46701,0.0,0.0,0.0,0.0,2550
46706,0.0,0.0,0.0,0.0,2550
46711,0.0,0.0,0.0,0.0,2546
46716,0.0,0.0,0.0,0.0,2540
46721,0.0,0.0,0.0,0.0,2540
46726,0.0,0.0,0.0,0.0,2540
46731,0.0,0.0,0.0,0.0,2540
46736,0.0,0.0,0.0,0.0,2540
46741,0.0,0.0,0.0,0.0,2530
46746,0.0,0.0,0.0,0.0,2530
46751,0.0,0.0,0.0,0.0,2530
46756,0.0,0.0,0.0,0.0,2530
46761,0.0,0.0,0.0,0.0,2530
46766,0.0,0.0,0.0,0.0,2521
46771,0.0,0.0,0.0,0.0,2520
46776,0.0,0.0,0.0,0.0,2520
46781,0.0,0.0,0.0,0.0,2520
46786,0.0,0.0,0.0,0.0,2520
46791,0.0,0.0,0.0,0.0,2516
46796,0.0,0.0,0.0,0.0,2510
46801,0.0,0.0,0.0,0.0,2510
46806,0.0,0.0,0.0,0.0,2510
46811,0.0,0.0,0.0,0.0,2510
46816,0.0,0.0,0.0,0.0,2507
46821,0.0,0.0,0.0,0.0,2500
46826,0.0,0.0,0.0,0.0,2500
46831,0.0,0.0,0.0,0.0,2500
46836,0.0,0.0,0.0,0.0,2500
46841,0.0,0.0,0.0,0.0,2500
46846,0.0,0.0,0.0,0.0,2490
46851,0.0,0.0,0.0,0.0,2490
46856,0.0,0.0,0.0,0.0,2490
46861,0.0,0.0,0.0,0.0,2490
46866,0.0,0.0,0.0,0.0,2490
46871,0.0,0.0,0.0,0.0,2487
46876,0.0,0.0,0.0,0.0,2480
46881,0.0,0.0,0.0,0.0,2480
46886,0.0,0.0,0.0,0.0,2480
46891,0.0,0.0,0.0,0.0,2480
46896,0.0,0.0,0.0,0.0,2480
46901,0.0,0.0,0.0,0.0,2470
46906,0.0,0.0,0.0,0.0,2470
46911,0.0,0.0,0.0,0.0,2470
46916,0.0,0.0,0.0,0.0,2470
46921,0.0,0.0,0.0,0.0,2470
46926,0.0,0.0,0.0,0.0,2462
46931,0.0,0.0,0.0,0.0,2460
46936,0.0,0.0,0.0,0.0,2460
46941,0.0,0.0,0.0,0.0,2460
46946,0.0,0.0,0.0,0.0,2460
46951,0.0,0.0,0.0,0.0,2457
46956,0.0,0.0,0.0,0.0,2450
46961,0.0,0.0,0.0,0.0,2450
46966,0.0,0.0,0.0,0.0,2450
46971,0.0,0.0,0.0,0.0,2450
46976,0.0,0.0,0.0,0.0,2450
46981,0.0,0.0,0.0,0.0,2440
46986,0.0,0.0,0.0,0.0,2440
46991,0.0,0.0,0.0,0.0,2440
46996,0.0,0.0,0.0,0.0,2440
47001,0.0,0.0,0.0,0.0,2440
47006,0.0,0.0,0.0,0.0,2432
47011,0.0,0.0,0.0,0.0,2430
47016,0.0,0.0,0.0,0.0,2430
47021,0.0,0.0,0.0,0.0,2430
47026,0.0,0.0,0.0,0.0,2430
47031,0.0,0.0,0.0,0.0,2428
47036,0.0,0.0,0.0,0.0,2420
47041,0.0,0.0,0.0,0.0,2420
47046,0.0,0.0,0.0,0.0,2420
47051,0.0,0.0,0.0,0.0,2420
47056,0.0,0.0,0.0,0.0,2420
47061,0.0,0.0,0.0,0.0,2411
47066,0.0,0.0,0.0,0.0,2410
47071,0.0,0.0,0.0,0.0,2410
47076,0.0,0.0,0.0,0.0,2410
47081,0.0,0.0,0.0,0.0,2410
47086,0.0,0.0,0.0,0.0,2407
47091,0.0,0.0,0.0,0.0,2400
47096,0.0,0.0,0.0,0.0,2400
47101,0.0,0.0,0.0,0.0,2400
47106,0.0,0.0,0.0,0.0,2400
47111,0.0,0.0,0.0,0.0,2400
47116,0.0,0.0,0.0,0.0,2390
47121,0.0,0.0,0.0,0.0,2390
47126,0.0,0.0,0.0,0.0,2390
47131,0.0,0.0,0.0,0.0,2390
47136,0.0,0.0,0.0,0.0,2390
47141,0.0,0.0,0.0,0.0,2382
47146,0.0,0.0,0.0,0.0,2380
47151,0.0,0.0,0.0,0.0,2380
47156,0.0,0.0,0.0,0.0,2380
47161,0.0,0.0,0.0,0.0,2380
47166,0.0,0.0,0.0,0.0,2380
47171,0.0,0.0,0.0,0.0,2370
47176,0.0,0.0,0.0,0.0,2370
47181,0.0,0.0,0.0,0.0,2370
47186,0.0,0.0,0.0,0.0,2370
47191,0.0,0.0,0.0,0.0,2370
47196,0.0,0.0,0.0,0.0,2363
47201,0.0,0.0,0.0,0.0,2360
47206,0.0,0.0,0.0,0.0,2360
47211,0.0,0.0,0.0,0.0,2360
47216,0.0,0.0,0.0,0.0,2360
47221,0.0,0.0,0.0,0.0,2359
47226,0.0,0.0,0.0,0.0,2350
47231,0.0,0.0,0.0,0.0,2350
47236,0.0,0.0,0.0,0.0,2350
47241,0.0,0.0,0.0,0.0,2350
47246,0.0,0.0,0.0,0.0,2350
47251,0.0,0.0,0.0,0.0,2340
47256,0.0,0.0,0.0,0.0,2340
47261,0.0,0.0,0.0,0.0,2340
47266,0.0,0.0,0.0,0.0,2340
47271,0.0,0.0,0.0,0.0,2340
47276,0.0,0.0,0.0,0.0,2332
47281,0.0,0.0,0.0,0.0,2330
47286,0.0,0.0,0.0,0.0,2330
47291,0.0,0.0,0.0,0.0,2330
47296,0.0,0.0,0.0,0.0,2330
47301,0.0,0.0,0.0,0.0,2330
47306,0.0,0.0,0.0,0.0,2320
47311,0.0,0.0,0.0,0.0,2320
47316,0.0,0.0,0.0,0.0,2320
47321,0.0,0.0,0.0,0.0,2320
47326,0.0,0.0,0.0,0.0,2320
47331,0.0,0.0,0.0,0.0,2310
47336,0.0,0.0,0.0,0.0,2310
47341,0.0,0.0,0.0,0.0,2310
47346,0.0,0.0,0.0,0.0,2310
47351,0.0,0.0,0.0,0.0,2310
47356,0.0,0.0,0.0,0.0,2301
47361,0.0,0.0,0.0,0.0,2300
47366,0.0,0.0,0.0,0.0,2300
47371,0.0,0.0,0.0,0.0,2300
47376,0.0,0.0,0.0,0.0,2300
47381,0.0,0.0,0.0,0.0,2298
47386,0.0,0.0,0.0,0.0,2290
47391,0.0,0.0,0.0,0.0,2290
47396,0.0,0.0,0.0,0.0,2290
47401,0.0,0.0,0.0,0.0,2290
47406,0.0,0.0,0.0,0.0,2290
47411,0.0,0.0,0.0,0.0,2281
47416,0.0,0.0,0.0,0.0,2280
47421,0.0,0.0,0.0,0.0,2280
47426,0.0,0.0,0.0,0.0,2280
47431,0.0,0.0,0.0,0.0,2280
47436,0.0,0.0,0.0,0.0,2273
47441,0.0,0.0,0.0,0.0,2270
47446,0.0,0.0,0.0,0.0,2270
47451,0.0,0.0,0.0,0.0,2270
47456,0.0,0.0,0.0,0.0,2270
47461,0.0,0.0,0.0,0.0,2270
47466,0.0,0.0,0.0,0.0,2260
47471,0.0,0.0,0.0,0.0,2260
47476,0.0,0.0,0.0,0.0,2260
47481,0.0,0.0,0.0,0.0,2260
47486,0.0,0.0,0.0,0.0,2260
47491,0.0,0.0,0.0,0.0,2254
47496,0.0,0.0,0.0,0.0,2250
47501,0.0,0.0,0.0,0.0,2250
47506,0.0,0.0,0.0,0.0,2250
47511,0.0,0.0,0.0,0.0,2250
47516,0.0,0.0,0.0,0.0,2249
47521,0.0,0.0,0.0,0.0,2240
47526,0.0,0.0,0.0,0.0,2240
47531,0.0,0.0,0.0,0.0,2240
47536,0.0,0.0,0.0,0.0,2240
47541,0.0,0.0,0.0,0.0,2240
47546,0.0,0.0,0.0,0.0,2230
47551,0.0,0.0,0.0,0.0,2230
47556,0.0,0.0,0.0,0.0,2230
47561,0.0,0.0,0.0,0.0,2230
47566,0.0,0.0,0.0,0.0,2230
47571,0.0,0.0,0.0,0.0,2221
47576,0.0,0.0,0.0,0.0,2220
47581,0.0,0.0,0.0,0.0,2220
47586,0.0,0.0,0.0,0.0,2220
47591,0.0,0.0,0.0,0.0,2220
47596,0.0,0.0,0.0,0.0,2214
47601,0.0,0.0,0.0,0.0,2210
47606,0.0,0.0,0.0,0.0,2210
47611,0.0,0.0,0.0,0.0,2210
47616,0.0,0.0,0.0,0.0,2210
47621,0.0,0.0,0.0,0.0,2209
47626,0.0,0.0,0.0,0.0,2200
47631,0.0,0.0,0.0,0.0,2200
47636,0.0,0.0,0.0,0.0,2200
47641,0.0,0.0,0.0,0.0,2200
47646,0.0,0.0,0.0,0.0,2200
47651,0.0,0.0,0.0,0.0,2190
47656,0.0,0.0,0.0,0.0,2190
47661,0.0,0.0,0.0,0.0,2190
47666,0.0,0.0,0.0,0.0,2190
47671,0.0,0.0,0.0,0.0,2190
47676,0.0,0.0,0.0,0.0,2185
47681,0.0,0.0,0.0,0.0,2180
47686,0.0,0.0,0.0,0.0,2180
47691,0.0,0.0,0.0,0.0,2180
47696,0.0,0.0,0.0,0.0,2180
47701,0.0,0.0,0.0,0.0,2178
47706,0.0,0.0,0.0,0.0,2170
47711,0.0,0.0,0.0,0.0,2170
47716,0.0,0.0,0.0,0.0,2170
47721,0.0,0.0,0.0,0.0,2170
47726,0.0,0.0,0.0,0.0,2170
47731,0.0,0.0,0.0,0.0,2161
47736,0.0,0.0,0.0,0.0,2160
47741,0.0,0.0,0.0,0.0,2160
47746,0.0,0.0,0.0,0.0,2160
47751,0.0,0.0,0.0,0.0,2160
47756,0.0,0.0,0.0,0.0,2157
47761,0.0,0.0,0.0,0.0,2150
47766,0.0,0.0,0.0,0.0,2150
47771,0.0,0.0,0.0,0.0,2150
47776,0.0,0.0,0.0,0.0,2150
47781,0.0,0.0,0.0,0.0,2148
47786,0.0,0.0,0.0,0.0,2140
47791,0.0,0.0,0.0,0.0,2140
47796,0.0,0.0,0.0,0.0,2140
47801,0.0,0.0,0.0,0.0,2140
47806,0.0,0.0,0.0,0.0,2140
47811,0.0,0.0,0.0,0.0,2130
47816,0.0,0.0,0.0,0.0,2130
47821,0.0,0.0,0.0,0.0,2130
47826,0.0,0.0,0.0,0.0,2130
47831,0.0,0.0,0.0,0.0,2130
47836,0.0,0.0,0.0,0.0,2127
47841,0.0,0.0,0.0,0.0,2120
47846,0.0,0.0,0.0,0.0,2120
47851,0.0,0.0,0.0,0.0,2120
47856,0.0,0.0,0.0,0.0,2120
47861,0.0,0.0,0.0,0.0,2120
47866,0.0,0.0,0.0,0.0,2110
47871,0.0,0.0,0.0,0.0,2110
47876,0.0,0.0,0.0,0.0,2110
47881,0.0,0.0,0.0,0.0,2110
47886,0.0,0.0,0.0,0.0,2110
47891,0.0,0.0,0.0,0.0,2100
47896,0.0,0.0,0.0,0.0,2100
47901,0.0,0.0,0.0,0.0,2100
47906,0.0,0.0,0.0,0.0,2100
47911,0.0,0.0,0.0,0.0,2100
47916,0.0,0.0,0.0,0.0,2091
47921,0.0,0.0,0.0,0.0,2090
47926,0.0,0.0,0.0,0.0,2090
47931,0.0,0.0,0.0,0.0,2090
47936,0.0,0.0,0.0,0.0,2090
47941,0.0,0.0,0.0,0.0,2089
47946,0.0,0.0,0.0,0.0,2080
47951,0.0,0.0,0.0,0.0,2080
47956,0.0,0.0,0.0,0.0,2080
47961,0.0,0.0,0.0,0.0,2080
47966,0.0,0.0,0.0,0.0,2080
47971,0.0,0.0,0.0,0.0,2070
47976,0.0,0.0,0.0,0.0,2070
47981,0.0,0.0,0.0,0.0,2070
47986,0.0,0.0,0.0,0.0,2070
47991,0.0,0.0,0.0,0.0,2070
47996,0.0,0.0,0.0,0.0,2062
48001,0.0,0.0,0.0,0.0,2060
48006,0.0,0.0,0.0,0.0,2060
48011,0.0,0.0,0.0,0.0,2060
48016,0.0,0.0,0.0,0.0,2060
48021,0.0,0.0,0.0,0.0,2058
48026,0.0,0.0,0.0,0.0,2050
48031,0.0,0.0,0.0,0.0,2050
48036,0.0,0.0,0.0,0.0,2050
48041,0.0,0.0,0.0,0.0,2050
48046,0.0,0.0,0.0,0.0,2050
48051,0.0,0.0,0.0,0.0,2040
48056,0.0,0.0,0.0,0.0,2040
48061,0.0,0.0,0.0,0.0,2040
48066,0.0,0.0,0.0,0.0,2040
48071,0.0,0.0,0.0,0.0,2040
48076,0.0,0.0,0.0,0.0,2033
48081,0.0,0.0,0.0,0.0,2030
48086,0.0,0.0,0.0,0.0,2030
48091,0.0,0.0,0.0,0.0,2030
48096,0.0,0.0,0.0,0.0,2030
48101,0.0,0.0,0.0,0.0,2029
48106,0.0,0.0,0.0,0.0,2020
48111,0.0,0.0,0.0,0.0,2020
48116,0.0,0.0,0.0,0.0,2020
48121,0.0,0.0,0.0,0.0,2020
48126,0.0,0.0,0.0,0.0,2020
48131,0.0,0.0,0.0,0.0,2010
48136,0.0,0.0,0.0,0.0,2010
48141,0.0,0.0,0.0,0.0,2010
48146,0.0,0.0,0.0,0.0,2010
48151,0.0,0.0,0.0,0.0,2010
48156,0.0,0.0,0.0,0.0,2002
48161,0.0,0.0,0.0,0.0,2000
48166,0.0,0.0,0.0,0.0,2000
48171,0.0,0.0,0.0,0.0,2000
48176,0.0,0.0,0.0,0.0,2000
48181,0.0,0.0,0.0,0.0,1995
48186,0.0,0.0,0.0,0.0,1990
48191,0.0,0.0,0.0,0.0,1990
48196,0.0,0.0,0.0,0.0,1990
48201,0.0,0.0,0.0,0.0,1990
48206,0.0,0.0,0.0,0.0,1990
48211,0.0,0.0,0.0,0.0,1980
48216,0.0,0.0,0.0,0.0,1980
48221,0.0,0.0,0.0,0.0,1980
48226,0.0,0.0,0.0,0.0,1980
48231,0.0,0.0,0.0,0.0,1980
48236,0.0,0.0,0.0,0.0,1971
48241,0.0,0.0,0.0,0.0,1970
48246,0.0,0.0,0.0,0.0,1970
48251,0.0,0.0,0.0,0.0,1970
48256,0.0,0.0,0.0,0.0,1970
48261,0.0,0.0,0.0,0.0,1968
48266,0.0,0.0,0.0,0.0,1960
48271,0.0,0.0,0.0,0.0,1960
48276,0.0,0.0,0.0,0.0,1960
48281,0.0,0.0,0.0,0.0,1960
48286,0.0,0.0,0.0,0.0,1960
48291,0.0,0.0,0.0,0.0,1950
48296,0.0,0.0,0.0,0.0,1950
48301,0.0,0.0,0.0,0.0,1950
48306,0.0,0.0,0.0,0.0,1950
48311,0.0,0.0,0.0,0.0,1950
48316,0.0,0.0,0.0,0.0,1940
48321,0.0,0.0,0.0,0.0,1940
48326,0.0,0.0,0.0,0.0,1940
48331,0.0,0.0,0.0,0.0,1940
48336,0.0,0.0,0.0,0.0,1940
48341,0.0,0.0,0.0,0.0,1932
48346,0.0,0.0,0.0,0.0,1930
48351,0.0,0.0,0.0,0.0,1930
48356,0.0,0.0,0.0,0.0,1930
48361,0.0,0.0,0.0,0.0,1930
48366,0.0,0.0,0.0,0.0,1929
48371,0.0,0.0,0.0,0.0,1920
48376,0.0,0.0,0.0,0.0,1920
48381,0.0,0.0,0.0,0.0,1920
48386,0.0,0.0,0.0,0.0,1920
48391,0.0,0.0,0.0,0.0,1920
48396,0.0,0.0,0.0,0.0,1911
48401,0.0,0.0,0.0,0.0,1910
48406,0.0,0.0,0.0,0.0,1910
48411,0.0,0.0,0.0,0.0,1910
48416,0.0,0.0,0.0,0.0,1910
48421,0.0,0.0,0.0,0.0,1905
48426,0.0,0.0,0.0,0.0,1900
48431,0.0,0.0,0.0,0.0,1900
48436,0.0,0.0,0.0,0.0,1900
48441,0.0,0.0,0.0,0.0,1900
48446,0.0,0.0,0.0,0.0,1900
48451,0.0,0.0,0.0,0.0,1890
48456,0.0,0.0,0.0,0.0,1890
48461,0.0,0.0,0.0,0.0,1890
48466,0.0,0.0,0.0,0.0,1890
48471,0.0,0.0,0.0,0.0,1890
48476,0.0,0.0,0.0,0.0,1881
48481,0.0,0.0,0.0,0.0,1880
48486,0.0,0.0,0.0,0.0,1880
48491,0.0,0.0,0.0,0.0,1880
48496,0.0,0.0,0.0,0.0,1880
48501,0.0,0.0,0.0,0.0,1877
48506,0.0,0.0,0.0,0.0,1870
48511,0.0,0.0,0.0,0.0,1870
48516,0.0,0.0,0.0,0.0,1870
48521,0.0,0.0,0.0,0.0,1870
48526,0.0,0.0,0.0,0.0,1869
48531,0.0,0.0,0.0,0.0,1860
48536,0.0,0.0,0.0,0.0,1860
48541,0.0,0.0,0.0,0.0,1860
48546,0.0,0.0,0.0,0.0,1860
48551,0.0,0.0,0.0,0.0,1860
48556,0.0,0.0,0.0,0.0,1850
48561,0.0,0.0,0.0,0.0,1850
48566,0.0,0.0,0.0,0.0,1850
48571,0.0,0.0,0.0,0.0,1850
48576,0.0,0.0,0.0,0.0,1850
48581,0.0,0.0,0.0,0.0,1845
48586,0.0,0.0,0.0,0.0,1840
48591,0.0,0.0,0.0,0.0,1840
48596,0.0,0.0,0.0,0.0,1840
48601,0.0,0.0,0.0,0.0,1840
48606,0.0,0.0,0.0,0.0,1840
48611,0.0,0.0,0.0,0.0,1830
48616,0.0,0.0,0.0,0.0,1830
48621,0.0,0.0,0.0,0.0,1830
48626,0.0,0.0,0.0,0.0,1830
48631,0.0,0.0,0.0,0.0,1830
48636,0.0,0.0,0.0,0.0,1827
48641,0.0,0.0,0.0,0.0,1820
48646,0.0,0.0,0.0,0.0,1820
48651,0.0,0.0,0.0,0.0,1820
48656,0.0,0.0,0.0,0.0,1820
48661,0.0,0.0,0.0,0.0,1820
48666,0.0,0.0,0.0,0.0,1810
48671,0.0,0.0,0.0,0.0,1810
48676,0.0,0.0,0.0,0.0,1810
48681,0.0,0.0,0.0,0.0,1810
48686,0.0,0.0,0.0,0.0,1810
48691,0.0,0.0,0.0,0.0,1800
48696,0.0,0.0,0.0,0.0,1800
48701,0.0,0.0,0.0,0.0,1800
48706,0.0,0.0,0.0,0.0,1800
48711,0.0,0.0,0.0,0.0,1800
48716,0.0,0.0,0.0,0.0,1793
48721,0.0,0.0,0.0,0.0,1790
48726,0.0,0.0,0.0,0.0,1790
48731,0.0,0.0,0.0,0.0,1790
48736,0.0,0.0,0.0,0.0,1790
48741,0.0,0.0,0.0,0.0,1787
48746,0.0,0.0,0.0,0.0,1780
48751,0.0,0.0,0.0,0.0,1780
48756,0.0,0.0,0.0,0.0,1780
48761,0.0,0.0,0.0,0.0,1780
48766,0.0,0.0,0.0,0.0,1780
48771,0.0,0.0,0.0,0.0,1770
48776,0.0,0.0,0.0,0.0,1770
48781,0.0,0.0,0.0,0.0,1770
48786,0.0,0.0,0.0,0.0,1770
48791,0.0,0.0,0.0,0.0,1770
48796,0.0,0.0,0.0,0.0,1761
48801,0.0,0.0,0.0,0.0,1760
48806,0.0,0.0,0.0,0.0,1760
48811,0.0,0.0,0.0,0.0,1760
48816,0.0,0.0,0.0,0.0,1760
48821,0.0,0.0,0.0,0.0,1759
48826,0.0,0.0,0.0,0.0,1750
48831,0.0,0.0,0.0,0.0,1750
48836,0.0,0.0,0.0,0.0,1750
48841,0.0,0.0,0.0,0.0,1750
48846,0.0,0.0,0.0,0.0,1750
48851,0.0,0.0,0.0,0.0,1740
48856,0.0,0.0,0.0,0.0,1740
48861,0.0,0.0,0.0,0.0,1740
48866,0.0,0.0,0.0,0.0,1740
48871,0.0,0.0,0.0,0.0,1740
48876,0.0,0.0,0.0,0.0,1731
48881,0.0,0.0,0.0,0.0,1730
48886,0.0,0.0,0.0,0.0,1730
48891,0.0,0.0,0.0,0.0,1730
48896,0.0,0.0,0.0,0.0,1730
48901,0.0,0.0,0.0,0.0,1728
48906,0.0,0.0,0.0,0.0,1720
48911,0.0,0.0,0.0,0.0,1720
48916,0.0,0.0,0.0,0.0,1720
48921,0.0,0.0,0.0,0.0,1720
48926,0.0,0.0,0.0,0.0,1719
48931,0.0,0.0,0.0,0.0,1710
48936,0.0,0.0,0.0,0.0,1710
48941,0.0,0.0,0.0,0.0,1710
48946,0.0,0.0,0.0,0.0,1710
48951,0.0,0.0,0.0,0.0,1710
48956,0.0,0.0,0.0,0.0,1700
48961,0.0,0.0,0.0,0.0,1700
48966,0.0,0.0,0.0,0.0,1700
48971,0.0,0.0,0.0,0.0,1700
48976,0.0,0.0,0.0,0.0,1700
48981,0.0,0.0,0.0,0.0,1692
48986,0.0,0.0,0.0,0.0,1690
48991,0.0,0.0,0.0,0.0,1690
48996,0.0,0.0,0.0,0.0,1690
49001,0.0,0.0,0.0,0.0,1690
49006,0.0,0.0,0.0,0.0,1689
49011,0.0,0.0,0.0,0.0,1680
49016,0.0,0.0,0.0,0.0,1680
49021,0.0,0.0,0.0,0.0,1680
49026,0.0,0.0,0.0,0.0,1680
49031,0.0,0.0,0.0,0.0,1680
49036,0.0,0.0,0.0,0.0,1670
49041,0.0,0.0,0.0,0.0,1670
49046,0.0,0.0,0.0,0.0,1670
49051,0.0,0.0,0.0,0.0,1670
49056,0.0,0.0,0.0,0.0,1670
49061,0.0,0.0,0.0,0.0,1660
49066,0.0,0.0,0.0,0.0,1660
49071,0.0,0.0,0.0,0.0,1660
49076,0.0,0.0,0.0,0.0,1660
49081,0.0,0.0,0.0,0.0,1660
49086,0.0,0.0,0.0,0.0,1654
49091,0.0,0.0,0.0,0.0,1650
49096,0.0,0.0,0.0,0.0,1650
49101,0.0,0.0,0.0,0.0,1650
49106,0.0,0.0,0.0,0.0,1650
49111,0.0,0.0,0.0,0.0,1649
49116,0.0,0.0,0.0,0.0,1640
49121,0.0,0.0,0.0,0.0,1640
49126,0.0,0.0,0.0,0.0,1640
49131,0.0,0.0,0.0,0.0,1640
49136,0.0,0.0,0.0,0.0,1640
49141,0.0,0.0,0.0,0.0,1630
49146,0.0,0.0,0.0,0.0,1630
49151,0.0,0.0,0.0,0.0,1630
49156,0.0,0.0,0.0,0.0,1630
49161,0.0,0.0,0.0,0.0,1630
49166,0.0,0.0,0.0,0.0,1624
49171,0.0,0.0,0.0,0.0,1620
49176,0.0,0.0,0.0,0.0,1620
49181,0.0,0.0,0.0,0.0,1620
49186,0.0,0.0,0.0,0.0,1620
49191,0.0,0.0,0.0,0.0,1619
49196,0.0,0.0,0.0,0.0,1610
49201,0.0,0.0,0.0,0.0,1610
49206,0.0,0.0,0.0,0.0,1610
49211,0.0,0.0,0.0,0.0,1610
49216,0.0,0.0,0.0,0.0,1610
49221,0.0,0.0,0.0,0.0,1600
49226,0.0,0.0,0.0,0.0,1600
49231,0.0,0.0,0.0,0.0,1600
49236,0.0,0.0,0.0,0.0,1600
49241,0.0,0.0,0.0,0.0,1600
49246,0.0,0.0,0.0,0.0,1593
49251,0.0,0.0,0.0,0.0,1590
49256,0.0,0.0,0.0,0.0,1590
49261,0.0,0.0,0.0,0.0,1590
49266,0.0,0.0,0.0,0.0,1590
49271,0.0,0.0,0.0,0.0,1590
49276,0.0,0.0,0.0,0.0,1580
49281,0.0,0.0,0.0,0.0,1580
49286,0.0,0.0,0.0,0.0,1580
49291,0.0,0.0,0.0,0.0,1580
49296,0.0,0.0,0.0,0.0,1580
49301,0.0,0.0,0.0,0.0,1570
49306,0.0,0.0,0.0,0.0,1570
49311,0.0,0.0,0.0,0.0,1570
49316,0.0,0.0,0.0,0.0,1570
49321,0.0,0.0,0.0,0.0,1570
49326,0.0,0.0,0.0,0.0,1562
49331,0.0,0.0,0.0,0.0,1560
49336,0.0,0.0,0.0,0.0,1560
49341,0.0,0.0,0.0,0.0,1560
49346,0.0,0.0,0.0,0.0,1560
49351,0.0,0.0,0.0,0.0,1560
49356,0.0,0.0,0.0,0.0,1550
49361,0.0,0.0,0.0,0.0,1550
49366,0.0,0.0,0.0,0.0,1550
49371,0.0,0.0,0.0,0.0,1550
49376,0.0,0.0,0.0,0.0,1550
49381,0.0,0.0,0.0,0.0,1540
49386,0.0,0.0,0.0,0.0,1540
49391,0.0,0.0,0.0,0.0,1540
49396,0.0,0.0,0.0,0.0,1540
49401,0.0,0.0,0.0,0.0,1540
49406,0.0,0.0,0.0,0.0,1532
49411,0.0,0.0,0.0,0.0,1530
49416,0.0,0.0,0.0,0.0,1530
49421,0.0,0.0,0.0,0.0,1530
49426,0.0,0.0,0.0,0.0,1530
49431,0.0,0.0,0.0,0.0,1528
49436,0.0,0.0,0.0,0.0,1520
49441,0.0,0.0,0.0,0.0,1520
49446,0.0,0.0,0.0,0.0,1520
49451,0.0,0.0,0.0,0.0,1520
49456,0.0,0.0,0.0,0.0,1520
49461,0.0,0.0,0.0,0.0,1510
49466,0.0,0.0,0.0,0.0,1510
49471,0.0,0.0,0.0,0.0,1510
49476,0.0,0.0,0.0,0.0,1510
49481,0.0,0.0,0.0,0.0,1510
49486,0.0,0.0,0.0,0.0,1506
49491,0.0,0.0,0.0,0.0,1500
49496,0.0,0.0,0.0,0.0,1500
49501,0.0,0.0,0.0,0.0,1500
49506,0.0,0.0,0.0,0.0,1500
49511,0.0,0.0,0.0,0.0,1500
49516,0.0,0.0,0.0,0.0,1490
49521,0.0,0.0,0.0,0.0,1490
49526,0.0,0.0,0.0,0.0,1490
49531,0.0,0.0,0.0,0.0,1490
49536,0.0,0.0,0.0,0.0,1490
49541,0.0,0.0,0.0,0.0,1483
49546,0.0,0.0,0.0,0.0,1480
49551,0.0,0.0,0.0,0.0,1480
49556,0.0,0.0,0.0,0.0,1480
49561,0.0,0.0,0.0,0.0,1480
49566,0.0,0.0,0.0,0.0,1480
49571,0.0,0.0,0.0,0.0,1470
49576,0.0,0.0,0.0,0.0,1470
49581,0.0,0.0,0.0,0.0,1470
49586,0.0,0.0,0.0,0.0,1470
49591,0.0,0.0,0.0,0.0,1470
49596,0.0,0.0,0.0,0.0,1460
49601,0.0,0.0,0.0,0.0,1460
49606,0.0,0.0,0.0,0.0,1460
49611,0.0,0.0,0.0,0.0,1460
49616,0.0,0.0,0.0,0.0,1460
49621,0.0,0.0,0.0,0.0,1456
49626,0.0,0.0,0.0,0.0,1450
49631,0.0,0.0,0.0,0.0,1450
49636,0.0,0.0,0.0,0.0,1450
49641,0.0,0.0,0.0,0.0,1450
49646,0.0,0.0,0.0,0.0,1450
49651,0.0,0.0,0.0,0.0,1440
49656,0.0,0.0,0.0,0.0,1440
49661,0.0,0.0,0.0,0.0,1440
49666,0.0,0.0,0.0,0.0,1440
49671,0.0,0.0,0.0,0.0,1440
49676,0.0,0.0,0.0,0.0,1431
49681,0.0,0.0,0.0,0.0,1430
49686,0.0,0.0,0.0,0.0,1430
49691,0.0,0.0,0.0,0.0,1430
49696,0.0,0.0,0.0,0.0,1430
49701,0.0,0.0,0.0,0.0,1426
49706,0.0,0.0,0.0,0.0,1420
49711,0.0,0.0,0.0,0.0,1420
49716,0.0,0.0,0.0,0.0,1420
49721,0.0,0.0,0.0,0.0,1420
49726,0.0,0.0,0.0,0.0,1419
49731,0.0,0.0,0.0,0.0,1410
49736,0.0,0.0,0.0,0.0,1410
49741,0.0,0.0,0.0,0.0,1410
49746,0.0,0.0,0.0,0.0,1410
49751,0.0,0.0,0.0,0.0,1410
49756,0.0,0.0,0.0,0.0,1403
49761,0.0,0.0,0.0,0.0,1400
49766,0.0,0.0,0.0,0.0,1400
49771,0.0,0.0,0.0,0.0,1400
49776,0.0,0.0,0.0,0.0,1400
49781,0.0,0.0,0.0,0.0,1398
49786,0.0,0.0,0.0,0.0,1390
49791,0.0,0.0,0.0,0.0,1390
49796,0.0,0.0,0.0,0.0,1390
49801,0.0,0.0,0.0,0.0,1390
49806,0.0,0.0,0.0,0.0,1390
49811,0.0,0.0,0.0,0.0,1380
49816,0.0,0.0,0.0,0.0,1380
49821,0.0,0.0,0.0,0.0,1380
49826,0.0,0.0,0.0,0.0,1380
49831,0.0,0.0,0.0,0.0,1380
49836,0.0,0.0,0.0,0.0,1370
49841,0.0,0.0,0.0,0.0,1370
49846,0.0,0.0,0.0,0.0,1370
49851,0.0,0.0,0.0,0.0,1370
49856,0.0,0.0,0.0,0.0,1370
49861,0.0,0.0,0.0,0.0,1361
49866,0.0,0.0,0.0,0.0,1360
49871,0.0,0.0,0.0,0.0,1360
49876,0.0,0.0,0.0,0.0,1360
49881,0.0,0.0,0.0,0.0,1360
49886,0.0,0.0,0.0,0.0,1358
49891,0.0,0.0,0.0,0.0,1350
49896,0.0,0.0,0.0,0.0,1350
49901,0.0,0.0,0.0,0.0,1350
49906,0.0,0.0,0.0,0.0,1350
49911,0.0,0.0,0.0,0.0,1350
49916,0.0,0.0,0.0,0.0,1340
49921,0.0,0.0,0.0,0.0,1340
49926,0.0,0.0,0.0,0.0,1340
49931,0.0,0.0,0.0,0.0,1340
49936,0.0,0.0,0.0,0.0,1340
49941,0.0,0.0,0.0,0.0,1334
49946,0.0,0.0,0.0,0.0,1330
49951,0.0,0.0,0.0,0.0,1330
49956,0.0,0.0,0.0,0.0,1330
49961,0.0,0.0,0.0,0.0,1330
49966,0.0,0.0,0.0,0.0,1330
49971,0.0,0.0,0.0,0.0,1320
49976,0.0,0.0,0.0,0.0,1320
49981,0.0,0.0,0.0,0.0,1320
49986,0.0,0.0,0.0,0.0,1320
49991,0.0,0.0,0.0,0.0,1320
49996,0.0,0.0,0.0,0.0,1311
50001,0.0,0.0,0.0,0.0,1310
50006,0.0,0.0,0.0,0.0,1310
50011,0.0,0.0,0.0,0.0,1310
50016,0.0,0.0,0.0,0.0,1310
50021,0.0,0.0,0.0,0.0,1310
50026,0.0,0.0,0.0,0.0,1300
50031,0.0,0.0,0.0,0.0,1300
50036,0.0,0.0,0.0,0.0,1300
50041,0.0,0.0,0.0,0.0,1300
50046,0.0,0.0,0.0,0.0,1300
50051,0.0,0.0,0.0,0.0,1290
50056,0.0,0.0,0.0,0.0,1290
50061,0.0,0.0,0.0,0.0,1290
50066,0.0,0.0,0.0,0.0,1290
50071,0.0,0.0,0.0,0.0,1290
50076,0.0,0.0,0.0,0.0,1283
50081,0.0,0.0,0.0,0.0,1280
50086,0.0,0.0,0.0,0.0,1280
50091,0.0,0.0,0.0,0.0,1280
50096,0.0,0.0,0.0,0.0,1280
50101,0.0,0.0,0.0,0.0,1276
50106,0.0,0.0,0.0,0.0,1270
50111,0.0,0.0,0.0,0.0,1270
50116,0.0,0.0,0.0,0.0,1270
50121,0.0,0.0,0.0,0.0,1270
50126,0.0,0.0,0.0,0.0,1269
50131,0.0,0.0,0.0,0.0,1260
50136,0.0,0.0,0.0,0.0,1260
50141,0.0,0.0,0.0,0.0,1260
50146,0.0,0.0,0.0,0.0,1260
50151,0.0,0.0,0.0,0.0,1260
50156,0.0,0.0,0.0,0.0,1250
50161,0.0,0.0,0.0,0.0,1250
50166,0.0,0.0,0.0,0.0,1250
50171,0.0,0.0,0.0,0.0,1250
50176,0.0,0.0,0.0,0.0,1250
50181,0.0,0.0,0.0,0.0,1241
50186,0.0,0.0,0.0,0.0,1240
50191,0.0,0.0,0.0,0.0,1240
50196,0.0,0.0,0.0,0.0,1240
50201,0.0,0.0,0.0,0.0,1240
50206,0.0,0.0,0.0,0.0,1240
50211,0.0,0.0,0.0,0.0,1230
50216,0.0,0.0,0.0,0.0,1230
50221,0.0,0.0,0.0,0.0,1230
50226,0.0,0.0,0.0,0.0,1230
50231,0.0,0.0,0.0,0.0,1230
50236,0.0,0.0,0.0,0.0,1220
50241,0.0,0.0,0.0,0.0,1220
50246,0.0,0.0,0.0,0.0,1220
50251,0.0,0.0,0.0,0.0,1220
50256,0.0,0.0,0.0,0.0,1220
50261,0.0,0.0,0.0,0.0,1214
50266,0.0,0.0,0.0,0.0,1210
50271,0.0,0.0,0.0,0.0,1210
50276,0.0,0.0,0.0,0.0,1210
50281,0.0,0.0,0.0,0.0,1210
50286,0.0,0.0,0.0,0.0,1209
50291,0.0,0.0,0.0,0.0,1200
50296,0.0,0.0,0.0,0.0,1200
50301,0.0,0.0,0.0,0.0,1200
50306,0.0,0.0,0.0,0.0,1200
50311,0.0,0.0,0.0,0.0,1200
50316,0.0,0.0,0.0,0.0,1191
50321,0.0,0.0,0.0,0.0,1190
50326,0.0,0.0,0.0,0.0,1190
50331,0.0,0.0,0.0,0.0,1190
50336,0.0,0.0,0.0,0.0,1190
50341,0.0,0.0,0.0,0.0,1185
50346,0.0,0.0,0.0,0.0,1180
50351,0.0,0.0,0.0,0.0,1180
50356,0.0,0.0,0.0,0.0,1180
50361,0.0,0.0,0.0,0.0,1180
50366,0.0,0.0,0.0,0.0,1177
50371,0.0,0.0,0.0,0.0,1170
50376,0.0,0.0,0.0,0.0,1170
50381,0.0,0.0,0.0,0.0,1170
50386,0.0,0.0,0.0,0.0,1170
50391,0.0,0.0,0.0,0.0,1170
50396,0.0,0.0,0.0,0.0,1160
50401,0.0,0.0,0.0,0.0,1160
50406,0.0,0.0,0.0,0.0,1160
50411,0.0,0.0,0.0,0.0,1160
50416,0.0,0.0,0.0,0.0,1160
50421,0.0,0.0,0.0,0.0,1152
50426,0.0,0.0,0.0,0.0,1150
50431,0.0,0.0,0.0,0.0,1150
50436,0.0,0.0,0.0,0.0,1150
50441,0.0,0.0,0.0,0.0,1150
50446,0.0,0.0,0.0,0.0,1150
50451,0.0,0.0,0.0,0.0,1140
50456,0.0,0.0,0.0,0.0,1140
50461,0.0,0.0,0.0,0.0,1140
50466,0.0,0.0,0.0,0.0,1140
50471,0.0,0.0,0.0,0.0,1140
50476,0.0,0.0,0.0,0.0,1130
50481,0.0,0.0,0.0,0.0,1130
50486,0.0,0.0,0.0,0.0,1130
50491,0.0,0.0,0.0,0.0,1130
50496,0.0,0.0,0.0,0.0,1130
50501,0.0,0.0,0.0,0.0,1122
50506,0.0,0.0,0.0,0.0,1120
50511,0.0,0.0,0.0,0.0,1120
50516,0.0,0.0,0.0,0.0,1120
50521,0.0,0.0,0.0,0.0,1120
50526,0.0,0.0,0.0,0.0,1118
50531,0.0,0.0,0.0,0.0,1110
50536,0.0,0.0,0.0,0.0,1110
50541,0.0,0.0,0.0,0.0,1110
50546,0.0,0.0,0.0,0.0,1110
50551,0.0,0.0,0.0,0.0,1110
50556,0.0,0.0,0.0,0.0,1100
50561,0.0,0.0,0.0,0.0,1100
50566,0.0,0.0,0.0,0.0,1100
50571,0.0,0.0,0.0,0.0,1100
50576,0.0,0.0,0.0,0.0,1100
50581,0.0,0.0,0.0,0.0,1098
50586,0.0,0.0,0.0,0.0,1090
50591,0.0,0.0,0.0,0.0,1090
50596,0.0,0.0,0.0,0.0,1090
50601,0.0,0.0,0.0,0.0,1090
50606,0.0,0.0,0.0,0.0,1090
50611,0.0,0.0,0.0,0.0,1080
50616,0.0,0.0,0.0,0.0,1080
50621,0.0,0.0,0.0,0.0,1080
50626,0.0,0.0,0.0,0.0,1080
50631,0.0,0.0,0.0,0.0,1080
50636,0.0,0.0,0.0,0.0,1071
50641,0.0,0.0,0.0,0.0,1070
50646,0.0,0.0,0.0,0.0,1070
50651,0.0,0.0,0.0,0.0,1070
50656,0.0,0.0,0.0,0.0,1070
50661,0.0,0.0,0.0,0.0,1064
50666,0.0,0.0,0.0,0.0,1060
50671,0.0,0.0,0.0,0.0,1060
50676,0.0,0.0,0.0,0.0,1060
50681,0.0,0.0,0.0,0.0,1060
50686,0.0,0.0,0.0,0.0,1060
50691,0.0,0.0,0.0,0.0,1050
50696,0.0,0.0,0.0,0.0,1050
50701,0.0,0.0,0.0,0.0,1050
50706,0.0,0.0,0.0,0.0,1050
50711,0.0,0.0,0.0,0.0,1050
50716,0.0,0.0,0.0,0.0,1042
50721,0.0,0.0,0.0,0.0,1040
50726,0.0,0.0,0.0,0.0,1040
50731,0.0,0.0,0.0,0.0,1040
50736,0.0,0.0,0.0,0.0,1040
50741,0.0,0.0,0.0,0.0,1038
50746,0.0,0.0,0.0,0.0,1030
50751,0.0,0.0,0.0,0.0,1030
50756,0.0,0.0,0.0,0.0,1030
50761,0.0,0.0,0.0,0.0,1030
50766,0.0,0.0,0.0,0.0,1030
50771,0.0,0.0,0.0,0.0,1020
50776,0.0,0.0,0.0,0.0,1020
50781,0.0,0.0,0.0,0.0,1020
50786,0.0,0.0,0.0,0.0,1020
50791,0.0,0.0,0.0,0.0,1020
50796,0.0,0.0,0.0,0.0,1010
50801,0.0,0.0,0.0,0.0,1010
50806,0.0,0.0,0.0,0.0,1010
50811,0.0,0.0,0.0,0.0,1010
50816,0.0,0.0,0.0,0.0,1010
50821,0.0,0.0,0.0,0.0,1002
50826,0.0,0.0,0.0,0.0,1000
50831,0.0,0.0,0.0,0.0,1000
50836,0.0,0.0,0.0,0.0,1000
50841,0.0,0.0,0.0,0.0,1000
50846,0.0,0.0,0.0,0.0,999
50851,0.0,0.0,0.0,0.0,990
50856,0.0,0.0,0.0,0.0,990
50861,0.0,0.0,0.0,0.0,990
50866,0.0,0.0,0.0,0.0,990
50871,0.0,0.0,0.0,0.0,990
50876,0.0,0.0,0.0,0.0,980
50881,0.0,0.0,0.0,0.0,980
50886,0.0,0.0,0.0,0.0,980
50891,0.0,0.0,0.0,0.0,980
50896,0.0,0.0,0.0,0.0,980
50901,0.0,0.0,0.0,0.0,973
50906,0.0,0.0,0.0,0.0,970
50911,0.0,0.0,0.0,0.0,970
50916,0.0,0.0,0.0,0.0,970
50921,0.0,0.0,0.0,0.0,970
50926,0.0,0.0,0.0,0.0,969
50931,0.0,0.0,0.0,0.0,960
50936,0.0,0.0,0.0,0.0,960
50941,0.0,0.0,0.0,0.0,960
50946,0.0,0.0,0.0,0.0,960
50951,0.0,0.0,0.0,0.0,959
50956,0.0,0.0,0.0,0.0,950
50961,0.0,0.0,0.0,0.0,950
50966,0.0,0.0,0.0,0.0,950
50971,0.0,0.0,0.0,0.0,950
50976,0.0,0.0,0.0,0.0,950
50981,0.0,0.0,0.0,0.0,944
50986,0.0,0.0,0.0,0.0,940
50991,0.0,0.0,0.0,0.0,940
50996,0.0,0.0,0.0,0.0,940
51001,0.0,0.0,0.0,0.0,940
51006,0.0,0.0,0.0,0.0,938
51011,0.0,0.0,0.0,0.0,930
51016,0.0,0.0,0.0,0.0,930
51021,0.0,0.0,0.0,0.0,930
51026,0.0,0.0,0.0,0.0,930
51031,0.0,0.0,0.0,0.0,930
51036,0.0,0.0,0.0,0.0,920
51041,0.0,0.0,0.0,0.0,920
51046,0.0,0.0,0.0,0.0,920
51051,0.0,0.0,0.0,0.0,920
51056,0.0,0.0,0.0,0.0,920
51061,0.0,0.0,0.0,0.0,916
51066,0.0,0.0,0.0,0.0,910
51071,0.0,0.0,0.0,0.0,910
51076,0.0,0.0,0.0,0.0,910
51081,0.0,0.0,0.0,0.0,910
51086,0.0,0.0,0.0,0.0,910
51091,0.0,0.0,0.0,0.0,900
51096,0.0,0.0,0.0,0.0,900
51101,0.0,0.0,0.0,0.0,900
51106,0.0,0.0,0.0,0.0,900
51111,0.0,0.0,0.0,0.0,900
51116,0.0,0.0,0.0,0.0,890
51121,0.0,0.0,0.0,0.0,890
51126,0.0,0.0,0.0,0.0,890
51131,0.0,0.0,0.0,0.0,890
51136,0.0,0.0,0.0,0.0,890
51141,0.0,0.0,0.0,0.0,885
51146,0.0,0.0,0.0,0.0,880
51151,0.0,0.0,0.0,0.0,880
51156,0.0,0.0,0.0,0.0,880
51161,0.0,0.0,0.0,0.0,880
51166,0.0,0.0,0.0,0.0,880
51171,0.0,0.0,0.0,0.0,870
51176,0.0,0.0,0.0,0.0,870
51181,0.0,0.0,0.0,0.0,870
51186,0.0,0.0,0.0,0.0,870
51191,0.0,0.0,0.0,0.0,870
51196,0.0,0.0,0.0,0.0,861
51201,0.0,0.0,0.0,0.0,860
51206,0.0,0.0,0.0,0.0,860
51211,0.0,0.0,0.0,0.0,860
51216,0.0,0.0,0.0,0.0,860
51221,0.0,0.0,0.0,0.0,855
51226,0.0,0.0,0.0,0.0,850
51231,0.0,0.0,0.0,0.0,850
51236,0.0,0.0,0.0,0.0,850
51241,0.0,0.0,0.0,0.0,850
51246,0.0,0.0,0.0,0.0,850
51251,0.0,0.0,0.0,0.0,840
51256,0.0,0.0,0.0,0.0,840
51261,0.0,0.0,0.0,0.0,840
51266,0.0,0.0,0.0,0.0,840
51271,0.0,0.0,0.0,0.0,840
51276,0.0,0.0,0.0,0.0,830
51281,0.0,0.0,0.0,0.0,830
51286,0.0,0.0,0.0,0.0,830
51291,0.0,0.0,0.0,0.0,830
51296,0.0,0.0,0.0,0.0,830
51301,0.0,0.0,0.0,0.0,826
51306,0.0,0.0,0.0,0.0,820
51311,0.0,0.0,0.0,0.0,820
51316,0.0,0.0,0.0,0.0,820
51321,0.0,0.0,0.0,0.0,820
51326,0.0,0.0,0.0,0.0,820
51331,0.0,0.0,0.0,0.0,810
51336,0.0,0.0,0.0,0.0,810
51341,0.0,0.0,0.0,0.0,810
51346,0.0,0.0,0.0,0.0,810
51351,0.0,0.0,0.0,0.0,810
51356,0.0,0.0,0.0,0.0,803
51361,0.0,0.0,0.0,0.0,800
51366,0.0,0.0,0.0,0.0,800
51371,0.0,0.0,0.0,0.0,800
51376,0.0,0.0,0.0,0.0,800
51381,0.0,0.0,0.0,0.0,798
51386,0.0,0.0,0.0,0.0,790
51391,0.0,0.0,0.0,0.0,790
51396,0.0,0.0,0.0,0.0,790
51401,0.0,0.0,0.0,0.0,790
51406,0.0,0.0,0.0,0.0,790
51411,0.0,0.0,0.0,0.0,780
51416,0.0,0.0,0.0,0.0,780
51421,0.0,0.0,0.0,0.0,780
51426,0.0,0.0,0.0,0.0,780
51431,0.0,0.0,0.0,0.0,780
51436,0.0,0.0,0.0,0.0,773
51441,0.0,0.0,0.0,0.0,770
51446,0.0,0.0,0.0,0.0,770
51451,0.0,0.0,0.0,0.0,770
51456,0.0,0.0,0.0,0.0,770
51461,0.0,0.0,0.0,0.0,768
51466,0.0,0.0,0.0,0.0,760
51471,0.0,0.0,0.0,0.0,760
51476,0.0,0.0,0.0,0.0,760
51481,0.0,0.0,0.0,0.0,760
51486,0.0,0.0,0.0,0.0,760
51491,0.0,0.0,0.0,0.0,752
51496,0.0,0.0,0.0,0.0,750
51501,0.0,0.0,0.0,0.0,750
51506,0.0,0.0,0.0,0.0,750
51511,0.0,0.0,0.0,0.0,750
51516,0.0,0.0,0.0,0.0,747
51521,0.0,0.0,0.0,0.0,740
51526,0.0,0.0,0.0,0.0,740
51531,0.0,0.0,0.0,0.0,740
51536,0.0,0.0,0.0,0.0,740
51541,0.0,0.0,0.0,0.0,740
51546,0.0,0.0,0.0,0.0,730
51551,0.0,0.0,0.0,0.0,730
51556,0.0,0.0,0.0,0.0,730
51561,0.0,0.0,0.0,0.0,730
51566,0.0,0.0,0.0,0.0,730
51571,0.0,0.0,0.0,0.0,724
51576,0.0,0.0,0.0,0.0,720
51581,0.0,0.0,0.0,0.0,720
51586,0.0,0.0,0.0,0.0,720
51591,0.0,0.0,0.0,0.0,720
51596,0.0,0.0,0.0,0.0,719
51601,0.0,0.0,0.0,0.0,710
51606,0.0,0.0,0.0,0.0,710
51611,0.0,0.0,0.0,0.0,710
51616,0.0,0.0,0.0,0.0,710
51621,0.0,0.0,0.0,0.0,710
51626,0.0,0.0,0.0,0.0,701
51631,0.0,0.0,0.0,0.0,700
51636,0.0,0.0,0.0,0.0,700
51641,0.0,0.0,0.0,0.0,700
51646,0.0,0.0,0.0,0.0,700
51651,0.0,0.0,0.0,0.0,696
51656,0.0,0.0,0.0,0.0,690
51661,0.0,0.0,0.0,0.0,690
51666,0.0,0.0,0.0,0.0,690
51671,0.0,0.0,0.0,0.0,690
51676,0.0,0.0,0.0,0.0,690
51681,0.0,0.0,0.0,0.0,680
51686,0.0,0.0,0.0,0.0,680
51691,0.0,0.0,0.0,0.0,680
51696,0.0,0.0,0.0,0.0,680
51701,0.0,0.0,0.0,0.0,680
51706,0.0,0.0,0.0,0.0,673
51711,0.0,0.0,0.0,0.0,670
51716,0.0,0.0,0.0,0.0,670
51721,0.0,0.0,0.0,0.0,670
51726,0.0,0.0,0.0,0.0,670
51731,0.0,0.0,0.0,0.0,669
51736,0.0,0.0,0.0,0.0,660
51741,0.0,0.0,0.0,0.0,660
51746,0.0,0.0,0.0,0.0,660
51751,0.0,0.0,0.0,0.0,660
51756,0.0,0.0,0.0,0.0,660
51761,0.0,0.0,0.0,0.0,650
51766,0.0,0.0,0.0,0.0,650
51771,0.0,0.0,0.0,0.0,650
51776,0.0,0.0,0.0,0.0,650
51781,0.0,0.0,0.0,0.0,650
51786,0.0,0.0,0.0,0.0,642
51791,0.0,0.0,0.0,0.0,640
51796,0.0,0.0,0.0,0.0,640
51801,0.0,0.0,0.0,0.0,640
51806,0.0,0.0,0.0,0.0,640
51811,0.0,0.0,0.0,0.0,640
51816,0.0,0.0,0.0,0.0,630
51821,0.0,0.0,0.0,0.0,630
51826,0.0,0.0,0.0,0.0,630
51831,0.0,0.0,0.0,0.0,630
51836,0.0,0.0,0.0,0.0,630
51841,0.0,0.0,0.0,0.0,622
51846,0.0,0.0,0.0,0.0,620
51851,0.0,0.0,0.0,0.0,620
51856,0.0,0.0,0.0,0.0,620
51861,0.0,0.0,0.0,0.0,620
51866,0.0,0.0,0.0,0.0,619
51871,0.0,0.0,0.0,0.0,610
51876,0.0,0.0,0.0,0.0,610
51881,0.0,0.0,0.0,0.0,610
51886,0.0,0.0,0.0,0.0,610
51891,0.0,0.0,0.0,0.0,610
51896,0.0,0.0,0.0,0.0,602
51901,0.0,0.0,0.0,0.0,600
51906,0.0,0.0,0.0,0.0,600
51911,0.0,0.0,0.0,0.0,600
51916,0.0,0.0,0.0,0.0,600
51921,0.0,0.0,0.0,0.0,599
51926,0.0,0.0,0.0,0.0,590
51931,0.0,0.0,0.0,0.0,590
51936,0.0,0.0,0.0,0.0,590
51941,0.0,0.0,0.0,0.0,590
51946,0.0,0.0,0.0,0.0,590
51951,0.0,0.0,0.0,0.0,580
51956,0.0,0.0,0.0,0.0,580
51961,0.0,0.0,0.0,0.0,580
51966,0.0,0.0,0.0,0.0,580
51971,0.0,0.0,0.0,0.0,580
51976,0.0,0.0,0.0,0.0,570
51981,0.0,0.0,0.0,0.0,570
51986,0.0,0.0,0.0,0.0,570
51991,0.0,0.0,0.0,0.0,570
51996,0.0,0.0,0.0,0.0,570
52001,0.0,0.0,0.0,0.0,564
52006,0.0,0.0,0.0,0.0,560
52011,0.0,0.0,0.0,0.0,560
52016,0.0,0.0,0.0,0.0,560
52021,0.0,0.0,0.0,0.0,560
52026,0.0,0.0,0.0,0.0,558
52031,0.0,0.0,0.0,0.0,550
52036,0.0,0.0,0.0,0.0,550
52041,0.0,0.0,0.0,0.0,550
52046,0.0,0.0,0.0,0.0,550
52051,0.0,0.0,0.0,0.0,550
52056,0.0,0.0,0.0,0.0,544
52061,0.0,0.0,0.0,0.0,540
52066,0.0,0.0,0.0,0.0,540
52071,0.0,0.0,0.0,0.0,540
52076,0.0,0.0,0.0,0.0,540
52081,0.0,0.0,0.0,0.0,537
52086,0.0,0.0,0.0,0.0,530
52091,0.0,0.0,0.0,0.0,530
52096,0.0,0.0,0.0,0.0,530
52101,0.0,0.0,0.0,0.0,530
52106,0.0,0.0,0.0,0.0,530
52111,0.0,0.0,0.0,0.0,520
52116,0.0,0.0,0.0,0.0,520
52121,0.0,0.0,0.0,0.0,520
52126,0.0,0.0,0.0,0.0,520
52131,0.0,0.0,0.0,0.0,520
52136,0.0,0.0,0.0,0.0,510
52141,0.0,0.0,0.0,0.0,510
52146,0.0,0.0,0.0,0.0,510
52151,0.0,0.0,0.0,0.0,510
52156,0.0,0.0,0.0,0.0,510
52161,0.0,0.0,0.0,0.0,505
52166,0.0,0.0,0.0,0.0,500
52171,0.0,0.0,0.0,0.0,500
52176,0.0,0.0,0.0,0.0,500
52181,0.0,0.0,0.0,0.0,500
52186,0.0,0.0,0.0,0.0,500
52191,0.0,0.0,0.0,0.0,490
52196,0.0,0.0,0.0,0.0,490
52201,0.0,0.0,0.0,0.0,490
52206,0.0,0.0,0.0,0.0,490
52211,0.0,0.0,0.0,0.0,490
52216,0.0,0.0,0.0,0.0,480
52221,0.0,0.0,0.0,0.0,480
52226,0.0,0.0,0.0,0.0,480
52231,0.0,0.0,0.0,0.0,480
52236,0.0,0.0,0.0,0.0,480
52241,0.0,0.0,0.0,0.0,479
52246,0.0,0.0,0.0,0.0,470
52251,0.0,0.0,0.0,0.0,470
52256,0.0,0.0,0.0,0.0,470
52261,0.0,0.0,0.0,0.0,470
52266,0.0,0.0,0.0,0.0,470
52271,0.0,0.0,0.0,0.0,460
52276,0.0,0.0,0.0,0.0,460
52281,0.0,0.0,0.0,0.0,460
52286,0.0,0.0,0.0,0.0,460
52291,0.0,0.0,0.0,0.0,460
52296,0.0,0.0,0.0,0.0,450
52301,0.0,0.0,0.0,0.0,450
52306,0.0,0.0,0.0,0.0,450
52311,0.0,0.0,0.0,0.0,450
52316,0.0,0.0,0.0,0.0,450
52321,0.0,0.0,0.0,0.0,446
52326,0.0,0.0,0.0,0.0,440
52331,0.0,0.0,0.0,0.0,440
52336,0.0,0.0,0.0,0.0,440
52341,0.0,0.0,0.0,0.0,440
52346,0.0,0.0,0.0,0.0,440
52351,0.0,0.0,0.0,0.0,430
52356,0.0,0.0,0.0,0.0,430
52361,0.0,0.0,0.0,0.0,430
52366,0.0,0.0,0.0,0.0,430
52371,0.0,0.0,0.0,0.0,430
52376,0.0,0.0,0.0,0.0,420
52381,0.0,0.0,0.0,0.0,420
52386,0.0,0.0,0.0,0.0,420
52391,0.0,0.0,0.0,0.0,420
52396,0.0,0.0,0.0,0.0,420
52401,0.0,0.0,0.0,0.0,414
52406,0.0,0.0,0.0,0.0,410
52411,0.0,0.0,0.0,0.0,410
52416,0.0,0.0,0.0,0.0,410
52421,0.0,0.0,0.0,0.0,410
52426,0.0,0.0,0.0,0.0,410
52431,0.0,0.0,0.0,0.0,400
52436,0.0,0.0,0.0,0.0,400
52441,0.0,0.0,0.0,0.0,400
52446,0.0,0.0,0.0,0.0,400
52451,0.0,0.0,0.0,0.0,400
52456,0.0,0.0,0.0,0.0,390
52461,0.0,0.0,0.0,0.0,390
52466,0.0,0.0,0.0,0.0,390
52471,0.0,0.0,0.0,0.0,390
52476,0.0,0.0,0.0,0.0,390
52481,0.0,0.0,0.0,0.0,381
52486,0.0,0.0,0.0,0.0,380
52491,0.0,0.0,0.0,0.0,380
52496,0.0,0.0,0.0,0.0,380
52501,0.0,0.0,0.0,0.0,380
52506,0.0,0.0,0.0,0.0,378
52511,0.0,0.0,0.0,0.0,370
52516,0.0,0.0,0.0,0.0,370
52521,0.0,0.0,0.0,0.0,370
52526,0.0,0.0,0.0,0.0,370
52531,0.0,0.0,0.0,0.0,370
52536,0.0,0.0,0.0,0.0,360
52541,0.0,0.0,0.0,0.0,360
52546,0.0,0.0,0.0,0.0,360
52551,0.0,0.0,0.0,0.0,360
52556,0.0,0.0,0.0,0.0,360
52561,0.0,0.0,0.0,0.0,359
52566,0.0,0.0,0.0,0.0,350
52571,0.0,0.0,0.0,0.0,350
52576,0.0,0.0,0.0,0.0,350
52581,0.0,0.0,0.0,0.0,350
52586,0.0,0.0,0.0,0.0,349
52591,0.0,0.0,0.0,0.0,340
52596,0.0,0.0,0.0,0.0,340
52601,0.0,0.0,0.0,0.0,340
52606,0.0,0.0,0.0,0.0,340
52611,0.0,0.0,0.0,0.0,340
52616,0.0,0.0,0.0,0.0,330
52621,0.0,0.0,0.0,0.0,330
52626,0.0,0.0,0.0,0.0,330
52631,0.0,0.0,0.0,0.0,330
52636,0.0,0.0,0.0,0.0,330
52641,0.0,0.0,0.0,0.0,320
52646,0.0,0.0,0.0,0.0,320
52651,0.0,0.0,0.0,0.0,320
52656,0.0,0.0,0.0,0.0,320
52661,0.0,0.0,0.0,0.0,320
52666,0.0,0.0,0.0,0.0,310
52671,0.0,0.0,0.0,0.0,310
52676,0.0,0.0,0.0,0.0,310
52681,0.0,0.0,0.0,0.0,310
52686,0.0,0.0,0.0,0.0,310
52691,0.0,0.0,0.0,0.0,304
52696,0.0,0.0,0.0,0.0,300
52701,0.0,0.0,0.0,0.0,300
52706,0.0,0.0,0.0,0.0,300
52711,0.0,0.0,0.0,0.0,300
52716,0.0,0.0,0.0,0.0,299
52721,0.0,0.0,0.0,0.0,290
52726,0.0,0.0,0.0,0.0,290
52731,0.0,0.0,0.0,0.0,290
52736,0.0,0.0,0.0,0.0,290
52741,0.0,0.0,0.0,0.0,290
52746,0.0,0.0,0.0,0.0,281
52751,0.0,0.0,0.0,0.0,280
52756,0.0,0.0,0.0,0.0,280
52761,0.0,0.0,0.0,0.0,280
52766,0.0,0.0,0.0,0.0,280
52771,0.0,0.0,0.0,0.0,275
52776,0.0,0.0,0.0,0.0,270
52781,0.0,0.0,0.0,0.0,270
52786,0.0,0.0,0.0,0.0,270
52791,0.0,0.0,0.0,0.0,270
52796,0.0,0.0,0.0,0.0,269
52801,0.0,0.0,0.0,0.0,260
52806,0.0,0.0,0.0,0.0,260
52811,0.0,0.0,0.0,0.0,260
52816,0.0,0.0,0.0,0.0,260
52821,0.0,0.0,0.0,0.0,260
52826,0.0,0.0,0.0,0.0,251
52831,0.0,0.0,0.0,0.0,250
52836,0.0,0.0,0.0,0.0,250
52841,0.0,0.0,0.0,0.0,250
52846,0.0,0.0,0.0,0.0,250
52851,0.0,0.0,0.0,0.0,245
52856,0.0,0.0,0.0,0.0,240
52861,0.0,0.0,0.0,0.0,240
52866,0.0,0.0,0.0,0.0,240
52871,0.0,0.0,0.0,0.0,240
52876,0.0,0.0,0.0,0.0,240
52881,0.0,0.0,0.0,0.0,230
52886,0.0,0.0,0.0,0.0,230
52891,0.0,0.0,0.0,0.0,230
52896,0.0,0.0,0.0,0.0,230
52901,0.0,0.0,0.0,0.0,230
52906,0.0,0.0,0.0,0.0,223
52911,0.0,0.0,0.0,0.0,220
52916,0.0,0.0,0.0,0.0,220
52921,0.0,0.0,0.0,0.0,220
52926,0.0,0.0,0.0,0.0,220
52931,0.0,0.0,0.0,0.0,219
52936,0.0,0.0,0.0,0.0,210
52941,0.0,0.0,0.0,0.0,210
52946,0.0,0.0,0.0,0.0,210
52951,0.0,0.0,0.0,0.0,210
52956,0.0,0.0,0.0,0.0,210
52961,0.0,0.0,0.0,0.0,200
52966,0.0,0.0,0.0,0.0,200
52971,0.0,0.0,0.0,0.0,200
52976,0.0,0.0,0.0,0.0,200
52981,0.0,0.0,0.0,0.0,200
52986,0.0,0.0,0.0,0.0,194
52991,0.0,0.0,0.0,0.0,190
52996,0.0,0.0,0.0,0.0,190
53001,0.0,0.0,0.0,0.0,190
53006,0.0,0.0,0.0,0.0,190
53011,0.0,0.0,0.0,0.0,190
53016,0.0,0.0,0.0,0.0,180
53021,0.0,0.0,0.0,0.0,180
53026,0.0,0.0,0.0,0.0,180
53031,0.0,0.0,0.0,0.0,180
53036,0.0,0.0,0.0,0.0,180
53041,0.0,0.0,0.0,0.0,172
53046,0.0,0.0,0.0,0.0,170
53051,0.0,0.0,0.0,0.0,170
53056,0.0,0.0,0.0,0.0,170
53061,0.0,0.0,0.0,0.0,170
53066,0.0,0.0,0.0,0.0,167
53071,0.0,0.0,0.0,0.0,160
53076,0.0,0.0,0.0,0.0,160
53081,0.0,0.0,0.0,0.0,160
53086,0.0,0.0,0.0,0.0,160
53091,0.0,0.0,0.0,0.0,160
53096,0.0,0.0,0.0,0.0,150
53101,0.0,0.0,0.0,0.0,150
53106,0.0,0.0,0.0,0.0,150
53111,0.0,0.0,0.0,0.0,150
53116,0.0,0.0,0.0,0.0,150
53121,0.0,0.0,0.0,0.0,142
53126,0.0,0.0,0.0,0.0,140
53131,0.0,0.0,0.0,0.0,140
53136,0.0,0.0,0.0,0.0,140
53141,0.0,0.0,0.0,0.0,140
53146,0.0,0.0,0.0,0.0,138
53151,0.0,0.0,0.0,0.0,130
53156,0.0,0.0,0.0,0.0,130
53161,0.0,0.0,0.0,0.0,130
53166,0.0,0.0,0.0,0.0,130
53171,0.0,0.0,0.0,0.0,130
53176,0.0,0.0,0.0,0.0,120
53181,0.0,0.0,0.0,0.0,120
53186,0.0,0.0,0.0,0.0,120
53191,0.0,0.0,0.0,0.0,120
53196,0.0,0.0,0.0,0.0,120
53201,0.0,0.0,0.0,0.0,114
53206,0.0,0.0,0.0,0.0,110
53211,0.0,0.0,0.0,0.0,110
53216,0.0,0.0,0.0,0.0,110
53221,0.0,0.0,0.0,0.0,110
53226,0.0,0.0,0.0,0.0,109
53231,0.0,0.0,0.0,0.0,100
53236,0.0,0.0,0.0,0.0,100
53241,0.0,0.0,0.0,0.0,100
53246,0.0,0.0,0.0,0.0,100
53251,0.0,0.0,0.0,0.0,100
53256,0.0,0.0,0.0,0.0,90
53261,0.0,0.0,0.0,0.0,90
53266,0.0,0.0,0.0,0.0,90
53271,0.0,0.0,0.0,0.0,90
53276,0.0,0.0,0.0,0.0,90
53281,0.0,0.0,0.0,0.0,84
53286,0.0,0.0,0.0,0.0,80
53291,0.0,0.0,0.0,0.0,80
53296,0.0,0.0,0.0,0.0,80
53301,0.0,0.0,0.0,0.0,80
53306,0.0,0.0,0.0,0.0,78
53311,0.0,0.0,0.0,0.0,70
53316,0.0,0.0,0.0,0.0,70
53321,0.0,0.0,0.0,0.0,70
53326,0.0,0.0,0.0,0.0,70
53331,0.0,0.0,0.0,0.0,70
53336,0.0,0.0,0.0,0.0,60
53341,0.0,0.0,0.0,0.0,60
53346,0.0,0.0,0.0,0.0,60
53351,0.0,0.0,0.0,0.0,60
53356,0.0,0.0,0.0,0.0,60
53361,0.0,0.0,0.0,0.0,53
53366,0.0,0.0,0.0,0.0,50
53371,0.0,0.0,0.0,0.0,50
53376,0.0,0.0,0.0,0.0,50
53381,0.0,0.0,0.0,0.0,50
53386,0.0,0.0,0.0,0.0,50
53391,0.0,0.0,0.0,0.0,40
53396,0.0,0.0,0.0,0.0,40
53401,0.0,0.0,0.0,0.0,40
53406,0.0,0.0,0.0,0.0,40
53411,0.0,0.0,0.0,0.0,40
53416,0.0,0.0,0.0,0.0,30
53421,0.0,0.0,0.0,0.0,30
53426,0.0,0.0,0.0,0.0,30
53431,0.0,0.0,0.0,0.0,30
53436,0.0,0.0,0.0,0.0,30
53441,0.0,0.0,0.0,0.0,22
53446,0.0,0.0,0.0,0.0,20
53451,0.0,0.0,0.0,0.0,20
53456,0.0,0.0,0.0,0.0,20
53461,0.0,0.0,0.0,0.0,20
53466,0.0,0.0,0.0,0.0,19
53471,0.0,0.0,0.0,0.0,10
53476,0.0,0.0,0.0,0.0,10
53481,0.0,0.0,0.0,0.0,10
53486,0.0,0.0,0.0,0.0,10
53491,0.0,0.0,0.0,0.0,10
53496,0.0,0.0,0.0,0.0,0
