time,committee,daon,decentruth,seenfeed,deepthought
1,0.0,0.0,0.0,0.0,0
6,0.0,0.0,0.0,0.0,0
11,0.0,0.0,0.0,0.0,0
16,120.0,30.0,10.0,10.0,0
21,120.0,30.0,10.0,10.0,0
26,202.0,70.0,10.0,10.0,0
31,290.0,70.0,20.0,30.0,10
36,290.0,70.0,20.0,30.0,10
41,460.0,110.0,30.0,50.0,10
46,460.0,110.0,30.0,50.0,10
51,578.0,110.0,40.0,63.0,10
56,620.0,154.0,40.0,63.0,18
61,620.0,154.0,40.0,63.0,20
66,792.0,200.0,58.0,80.0,20
71,792.0,200.0,58.0,80.0,20
76,906.0,200.0,70.0,80.0,20
81,946.0,240.0,70.0,100.0,23
86,946.0,240.0,70.0,100.0,30
91,1110.0,280.0,80.0,120.0,30
96,1110.0,280.0,80.0,120.0,30
101,1278.0,280.0,90.0,120.0,30
106,1278.0,320.0,90.0,140.0,30
111,1308.0,320.0,100.0,140.0,40
116,1433.0,360.0,103.0,160.0,40
121,1433.0,360.0,103.0,160.0,40
126,1560.0,360.0,120.0,160.0,40
131,1610.0,400.0,120.0,170.0,40
136,1610.0,400.0,130.0,170.0,46
141,1768.0,440.0,130.0,190.0,50
146,1768.0,440.0,130.0,190.0,50
151,1886.0,480.0,140.0,190.0,50
156,1931.0,480.0,140.0,210.0,50
161,1931.0,480.0,150.0,210.0,51
166,2110.0,521.0,150.0,230.0,60
171,2110.0,521.0,160.0,230.0,60
176,2188.0,521.0,160.0,230.0,60
181,2268.0,570.0,160.0,250.0,60
186,2333.0,570.0,179.0,250.0,60
191,2413.0,610.0,179.0,260.0,67
196,2413.0,610.0,190.0,260.0,70
201,2540.0,610.0,190.0,260.0,70
206,2589.0,657.0,190.0,280.0,70
211,2629.0,657.0,200.0,280.0,70
216,2760.0,693.0,200.0,300.0,70
221,2760.0,693.0,210.0,300.0,80
226,2840.0,693.0,210.0,300.0,80
231,2923.0,732.0,224.0,320.0,80
236,2923.0,732.0,228.0,320.0,80
241,3089.0,780.0,228.0,339.0,80
246,3089.0,780.0,240.0,339.0,88
251,3183.0,784.0,240.0,346.0,90
256,3267.0,816.0,240.0,351.0,90
261,3305.0,816.0,250.0,351.0,90
266,3386.0,851.0,250.0,370.0,90
271,3429.0,851.0,260.0,370.0,92
276,3514.0,899.0,260.0,370.0,100
281,3596.0,899.0,260.0,390.0,100
286,3596.0,899.0,274.0,390.0,100
291,3729.0,932.0,274.0,410.0,100
296,3769.0,932.0,289.0,410.0,100
301,3769.0,979.0,289.0,412.0,110
306,3930.0,979.0,289.0,430.0,110
311,3930.0,989.0,300.0,430.0,110
316,4081.0,1017.0,300.0,447.0,110
321,4090.0,1017.0,310.0,447.0,110
326,4170.0,1050.0,310.0,447.0,116
331,4268.0,1050.0,310.0,460.0,120
336,4268.0,1050.0,326.0,460.0,120
341,4393.0,1100.0,326.0,480.0,120
346,4433.0,1100.0,340.0,480.0,120
351,4541.0,1140.0,340.0,499.0,120
356,4587.0,1140.0,340.0,500.0,130
361,4587.0,1140.0,350.0,500.0,130
366,4709.0,1190.0,350.0,520.0,130
371,4749.0,1190.0,360.0,520.0,130
376,4864.0,1190.0,360.0,530.0,130
381,4904.0,1230.0,360.0,530.0,140
386,4904.0,1230.0,380.0,530.0,140
391,5070.0,1280.0,380.0,551.0,140
396,5070.0,1280.0,390.0,551.0,140
401,5157.0,1280.0,390.0,551.0,140
406,5237.0,1320.0,390.0,570.0,146
411,5277.0,1320.0,400.0,570.0,150
416,5390.0,1360.0,400.0,590.0,150
421,5390.0,1360.0,410.0,590.0,150
426,5509.0,1360.0,410.0,590.0,150
431,5550.0,1409.0,410.0,610.0,150
436,5550.0,1409.0,430.0,610.0,160
441,5681.0,1409.0,430.0,630.0,160
446,5730.0,1450.0,430.0,630.0,160
451,5805.0,1450.0,440.0,630.0,160
456,5887.0,1491.0,440.0,645.0,160
461,5887.0,1491.0,455.0,645.0,164
466,6050.0,1491.0,455.0,660.0,170
471,6050.0,1530.0,455.0,660.0,170
476,6137.0,1530.0,470.0,680.0,170
481,6227.0,1570.0,470.0,680.0,170
486,6227.0,1570.0,480.0,680.0,170
491,6383.0,1610.0,480.0,700.0,180
496,6383.0,1610.0,480.0,700.0,180
501,6508.0,1610.0,497.0,720.0,180
506,6548.0,1650.0,497.0,720.0,180
511,6548.0,1650.0,510.0,720.0,180
516,6720.0,1699.0,510.0,737.0,188
521,6720.0,1700.0,510.0,737.0,190
526,6804.0,1700.0,520.0,737.0,190
531,6890.0,1740.0,520.0,755.0,190
536,6890.0,1740.0,530.0,755.0,190
541,7058.0,1740.0,530.0,770.0,190
546,7058.0,1780.0,530.0,770.0,200
551,7100.0,1780.0,540.0,770.0,200
556,7236.0,1827.0,540.0,790.0,200
561,7236.0,1827.0,556.0,790.0,200
566,7353.0,1827.0,556.0,790.0,200
571,7393.0,1870.0,570.0,810.0,209
576,7433.0,1870.0,570.0,810.0,210
581,7552.0,1910.0,570.0,830.0,210
586,7552.0,1910.0,580.0,830.0,210
591,7719.0,1910.0,580.0,830.0,210
596,7719.0,1951.0,590.0,850.0,213
601,7759.0,1951.0,590.0,850.0,220
606,7881.0,1990.0,590.0,870.0,220
611,7881.0,1990.0,600.0,870.0,220
616,7993.0,1990.0,600.0,870.0,220
621,8037.0,2030.0,620.0,889.0,220
626,8117.0,2030.0,620.0,889.0,230
631,8200.0,2070.0,620.0,900.0,230
636,8200.0,2070.0,630.0,900.0,230
641,8321.0,2070.0,630.0,900.0,230
646,8361.0,2110.0,640.0,920.0,230
651,8440.0,2110.0,640.0,920.0,234
656,8523.0,2150.0,640.0,940.0,240
661,8523.0,2150.0,650.0,940.0,240
666,8653.0,2150.0,650.0,940.0,240
671,8700.0,2200.0,670.0,960.0,240
676,8780.0,2200.0,670.0,960.0,240
681,8860.0,2200.0,670.0,980.0,250
686,8900.0,2240.0,680.0,980.0,250
691,8980.0,2240.0,680.0,980.0,250
696,9020.0,2280.0,690.0,994.0,250
701,9100.0,2280.0,690.0,994.0,250
706,9140.0,2320.0,690.0,1010.0,259
711,9221.0,2320.0,709.0,1010.0,260
716,9301.0,2320.0,709.0,1010.0,260
721,9389.0,2367.0,709.0,1030.0,260
726,9429.0,2367.0,720.0,1030.0,260
731,9469.0,2367.0,720.0,1050.0,263
736,9588.0,2410.0,730.0,1050.0,270
741,9628.0,2410.0,730.0,1050.0,270
746,9695.0,2450.0,740.0,1070.0,270
751,9735.0,2450.0,740.0,1070.0,270
756,9811.0,2490.0,740.0,1089.0,270
761,9881.0,2490.0,759.0,1089.0,280
766,9939.0,2490.0,759.0,1089.0,280
771,10030.0,2530.0,770.0,1107.0,280
776,10073.0,2530.0,770.0,1107.0,280
781,10156.0,2530.0,770.0,1120.0,280
786,10196.0,2574.0,780.0,1120.0,290
791,10289.0,2574.0,780.0,1120.0,290
796,10370.0,2610.0,790.0,1140.0,290
801,10410.0,2610.0,790.0,1140.0,290
806,10490.0,2610.0,801.0,1140.0,290
811,10577.0,2658.0,802.0,1160.0,297
816,10617.0,2658.0,802.0,1160.0,300
821,10700.0,2691.0,820.0,1180.0,300
826,10740.0,2691.0,820.0,1180.0,300
831,10820.0,2730.0,830.0,1180.0,300
836,10900.0,2734.0,830.0,1200.0,302
841,10940.0,2734.0,830.0,1200.0,310
846,11020.0,2779.0,840.0,1219.0,310
851,11060.0,2779.0,840.0,1219.0,310
856,11140.0,2779.0,853.0,1219.0,310
861,11220.0,2820.0,853.0,1230.0,310
866,11260.0,2820.0,853.0,1230.0,320
871,11339.0,2860.0,870.0,1230.0,320
876,11387.0,2860.0,870.0,1250.0,320
881,11460.0,2860.0,870.0,1250.0,320
886,11543.0,2900.0,880.0,1270.0,320
891,11543.0,2900.0,880.0,1270.0,326
896,11628.0,2940.0,891.0,1270.0,330
901,11707.0,2940.0,891.0,1290.0,330
906,11787.0,2940.0,910.0,1290.0,330
911,11865.0,2989.0,910.0,1310.0,330
916,11865.0,2989.0,910.0,1310.0,330
921,11990.0,2989.0,920.0,1310.0,340
926,12039.0,3030.0,920.0,1329.0,340
931,12118.0,3030.0,930.0,1329.0,340
936,12198.0,3070.0,930.0,1340.0,340
941,12242.0,3070.0,930.0,1340.0,340
946,12328.0,3070.0,940.0,1340.0,349
951,12369.0,3119.0,940.0,1360.0,350
956,12450.0,3119.0,960.0,1360.0,350
961,12540.0,3160.0,960.0,1380.0,350
966,12580.0,3160.0,960.0,1380.0,350
971,12660.0,3160.0,970.0,1399.0,352
976,12700.0,3200.0,970.0,1399.0,360
981,12780.0,3200.0,980.0,1399.0,360
986,12860.0,3240.0,980.0,1410.0,360
991,12900.0,3240.0,980.0,1410.0,360
996,12981.0,3240.0,993.0,1430.0,360
1001,13021.0,3280.0,993.0,1430.0,370
1006,13103.0,3280.0,1010.0,1430.0,370
1011,13183.0,3320.0,1010.0,1450.0,370
1016,13223.0,3320.0,1010.0,1450.0,370
1021,13350.0,3320.0,1020.0,1450.0,370
1026,13350.0,3360.0,1020.0,1470.0,379
1031,13390.0,3360.0,1030.0,1470.0,380
1036,13511.0,3400.0,1030.0,1490.0,380
1041,13551.0,3400.0,1040.0,1490.0,380
1046,13640.0,3400.0,1040.0,1500.0,380
1051,13680.0,3440.0,1040.0,1500.0,384
1056,13720.0,3440.0,1060.0,1500.0,390
1061,13834.0,3490.0,1060.0,1520.0,390
1066,13874.0,3490.0,1060.0,1520.0,390
1071,13950.0,3490.0,1070.0,1540.0,390
1076,13990.0,3530.0,1070.0,1540.0,390
1081,14110.0,3530.0,1080.0,1540.0,400
1086,14160.0,3570.0,1080.0,1560.0,400
1091,14200.0,3570.0,1080.0,1560.0,400
1096,14280.0,3570.0,1097.0,1574.0,400
1101,14327.0,3614.0,1097.0,1574.0,400
1106,14400.0,3614.0,1110.0,1574.0,407
1111,14489.0,3651.0,1110.0,1590.0,410
1116,14529.0,3651.0,1110.0,1590.0,410
1121,14611.0,3651.0,1120.0,1590.0,410
1126,14701.0,3690.0,1120.0,1610.0,410
1131,14740.0,3690.0,1130.0,1610.0,410
1136,14816.0,3739.0,1130.0,1630.0,420
1141,14863.0,3739.0,1130.0,1630.0,420
1146,14944.0,3770.0,1142.0,1642.0,420
1151,14984.0,3770.0,1142.0,1642.0,420
1156,15073.0,3770.0,1160.0,1642.0,420
1161,15113.0,3812.0,1160.0,1660.0,430
1166,15189.0,3812.0,1160.0,1660.0,430
1171,15274.0,3860.0,1170.0,1680.0,430
1176,15351.0,3860.0,1170.0,1680.0,430
1181,15391.0,3860.0,1180.0,1680.0,430
1186,15440.0,3900.0,1180.0,1700.0,433
1191,15523.0,3900.0,1180.0,1700.0,440
1196,15601.0,3938.0,1194.0,1719.0,440
1201,15684.0,3938.0,1194.0,1719.0,440
1206,15723.0,3938.0,1210.0,1719.0,440
1211,15761.0,3978.0,1210.0,1736.0,441
1216,15846.0,3978.0,1210.0,1736.0,450
1221,15933.0,4020.0,1220.0,1750.0,450
1226,16001.0,4020.0,1220.0,1750.0,450
1231,16041.0,4025.0,1227.0,1750.0,450
1236,16121.0,4056.0,1230.0,1770.0,450
1241,16170.0,4056.0,1230.0,1770.0,458
1246,16241.0,4100.0,1250.0,1790.0,460
1251,16319.0,4100.0,1250.0,1790.0,460
1256,16398.0,4100.0,1250.0,1790.0,460
1261,16451.0,4140.0,1260.0,1810.0,460
1266,16481.0,4140.0,1260.0,1810.0,461
1271,16568.0,4190.0,1270.0,1826.0,470
1276,16647.0,4190.0,1270.0,1826.0,470
1281,16729.0,4190.0,1270.0,1826.0,470
1286,16810.0,4230.0,1290.0,1840.0,470
1291,16810.0,4230.0,1290.0,1840.0,470
1296,16928.0,4230.0,1290.0,1860.0,480
1301,16968.0,4276.0,1300.0,1860.0,480
1306,17040.0,4276.0,1300.0,1860.0,480
1311,17080.0,4311.0,1310.0,1880.0,480
1316,17161.0,4311.0,1310.0,1880.0,480
1321,17230.0,4311.0,1310.0,1900.0,487
1326,17270.0,4360.0,1329.0,1900.0,490
1331,17390.0,4360.0,1329.0,1910.0,490
1336,17430.0,4400.0,1340.0,1910.0,490
1341,17468.0,4400.0,1340.0,1910.0,490
1346,17548.0,4400.0,1340.0,1930.0,493
1351,17588.0,4440.0,1350.0,1930.0,500
1356,17712.0,4440.0,1350.0,1950.0,500
1361,17752.0,4480.0,1360.0,1950.0,500
1366,17832.0,4480.0,1360.0,1953.0,500
1371,17872.0,4520.0,1360.0,1964.0,500
1376,17918.0,4520.0,1378.0,1964.0,510
1381,18028.0,4520.0,1378.0,1980.0,510
1386,18089.0,4560.0,1390.0,1980.0,510
1391,18169.0,4560.0,1390.0,2000.0,510
1396,18209.0,4600.0,1390.0,2000.0,510
1401,18329.0,4600.0,1400.0,2000.0,518
1406,18363.0,4600.0,1400.0,2020.0,520
1411,18404.0,4640.0,1401.0,2020.0,520
1416,18486.0,4640.0,1410.0,2040.0,520
1421,18523.0,4640.0,1410.0,2040.0,520
1426,18650.0,4683.0,1425.0,2040.0,522
1431,18690.0,4683.0,1425.0,2051.0,530
1436,18730.0,4730.0,1440.0,2051.0,530
1441,18815.0,4730.0,1440.0,2070.0,530
1446,18855.0,4730.0,1440.0,2070.0,530
1451,18935.0,4770.0,1450.0,2090.0,530
1456,19020.0,4770.0,1450.0,2090.0,540
1461,19060.0,4810.0,1460.0,2090.0,540
1466,19180.0,4810.0,1460.0,2105.0,540
1471,19180.0,4810.0,1460.0,2105.0,540
1476,19300.0,4850.0,1470.0,2120.0,540
1481,19340.0,4850.0,1470.0,2120.0,548
1486,19380.0,4891.0,1490.0,2120.0,550
1491,19465.0,4891.0,1490.0,2140.0,550
1496,19551.0,4891.0,1500.0,2140.0,550
1501,19630.0,4935.0,1500.0,2140.0,550
1506,19674.0,4935.0,1500.0,2160.0,550
1511,19714.0,4970.0,1510.0,2160.0,560
1516,19800.0,4970.0,1510.0,2180.0,560
1521,19840.0,4970.0,1521.0,2180.0,560
1526,19920.0,5019.0,1521.0,2180.0,560
1531,20000.0,5019.0,1521.0,2200.0,560
1536,20000.0,5060.0,1539.0,2200.0,568
1541,20000.0,5060.0,1539.0,2220.0,570
1546,20000.0,5060.0,1550.0,2220.0,570
1551,20000.0,5100.0,1550.0,2220.0,570
1556,20000.0,5100.0,1550.0,2240.0,570
1561,20000.0,5140.0,1560.0,2240.0,572
1566,20000.0,5140.0,1560.0,2240.0,580
1571,20000.0,5140.0,1571.0,2260.0,580
1576,20000.0,5190.0,1573.0,2260.0,580
1581,20000.0,5190.0,1573.0,2278.0,580
1586,20000.0,5190.0,1590.0,2280.0,580
1591,20000.0,5230.0,1590.0,2280.0,589
1596,20000.0,5230.0,1590.0,2295.0,590
1601,20000.0,5270.0,1600.0,2295.0,590
1606,20000.0,5270.0,1600.0,2295.0,590
1611,20000.0,5270.0,1613.0,2310.0,590
1616,20000.0,5319.0,1613.0,2310.0,594
1621,20000.0,5319.0,1613.0,2330.0,600
1626,20000.0,5319.0,1630.0,2330.0,600
1631,20000.0,5360.0,1630.0,2330.0,600
1636,20000.0,5360.0,1640.0,2350.0,600
1641,20000.0,5401.0,1640.0,2350.0,602
1646,20000.0,5401.0,1640.0,2370.0,610
1651,20000.0,5401.0,1650.0,2370.0,610
1656,20000.0,5450.0,1650.0,2370.0,610
1661,20000.0,5450.0,1650.0,2388.0,610
1666,20000.0,5489.0,1669.0,2388.0,610
1671,20000.0,5489.0,1669.0,2402.0,619
1676,20000.0,5489.0,1680.0,2402.0,620
1681,20000.0,5530.0,1680.0,2402.0,620
1686,20000.0,5530.0,1690.0,2420.0,620
1691,20000.0,5570.0,1690.0,2420.0,620
1696,20000.0,5570.0,1690.0,2440.0,622
1701,20000.0,5570.0,1700.0,2440.0,630
1706,20000.0,5610.0,1700.0,2440.0,630
1711,20000.0,5610.0,1712.0,2460.0,630
1716,20000.0,5650.0,1712.0,2460.0,630
1721,20000.0,5650.0,1727.0,2480.0,630
1726,20000.0,5650.0,1729.0,2480.0,640
1731,20000.0,5690.0,1729.0,2480.0,640
1736,20000.0,5690.0,1740.0,2497.0,640
1741,20000.0,5740.0,1740.0,2497.0,640
1746,20000.0,5740.0,1740.0,2510.0,640
1751,20000.0,5740.0,1750.0,2510.0,649
1756,20000.0,5780.0,1750.0,2510.0,650
1761,20000.0,5780.0,1770.0,2530.0,650
1766,20000.0,5820.0,1770.0,2530.0,650
1771,20000.0,5820.0,1770.0,2530.0,650
1776,20000.0,5820.0,1780.0,2550.0,652
1781,20000.0,5860.0,1780.0,2550.0,660
1786,20000.0,5860.0,1790.0,2570.0,660
1791,20000.0,5900.0,1790.0,2570.0,660
1796,20000.0,5900.0,1790.0,2581.0,660
1801,20000.0,5900.0,1806.0,2581.0,660
1806,20000.0,5940.0,1806.0,2581.0,670
1811,20000.0,5940.0,1820.0,2600.0,670
1816,20000.0,5940.0,1820.0,2600.0,670
1821,20000.0,5990.0,1820.0,2606.0,670
1826,20000.0,5990.0,1830.0,2620.0,670
1831,20000.0,6030.0,1830.0,2620.0,679
1836,20000.0,6030.0,1830.0,2640.0,680
1841,20000.0,6030.0,1841.0,2640.0,680
1846,20000.0,6070.0,1841.0,2660.0,680
1851,20000.0,6070.0,1860.0,2660.0,680
1856,20000.0,6110.0,1860.0,2660.0,681
1861,20000.0,6110.0,1860.0,2675.0,690
1866,20000.0,6110.0,1870.0,2675.0,690
1871,20000.0,6150.0,1870.0,2690.0,690
1876,20000.0,6150.0,1880.0,2690.0,690
1881,20000.0,6190.0,1880.0,2690.0,690
1886,20000.0,6190.0,1890.0,2710.0,700
1891,20000.0,6190.0,1890.0,2710.0,700
1896,20000.0,6232.0,1890.0,2730.0,700
1901,20000.0,6232.0,1910.0,2730.0,700
1906,20000.0,6270.0,1910.0,2730.0,700
1911,20000.0,6270.0,1920.0,2750.0,704
1916,20000.0,6310.0,1920.0,2750.0,710
1921,20000.0,6310.0,1920.0,2760.0,710
1926,20000.0,6310.0,1930.0,2760.0,710
1931,20000.0,6350.0,1930.0,2760.0,710
1936,20000.0,6350.0,1930.0,2780.0,710
1941,20000.0,6350.0,1941.0,2780.0,720
1946,20000.0,6400.0,1941.0,2780.0,720
1951,20000.0,6400.0,1960.0,2800.0,720
1956,20000.0,6440.0,1960.0,2800.0,720
1961,20000.0,6440.0,1970.0,2820.0,720
1966,20000.0,6440.0,1970.0,2820.0,729
1971,20000.0,6483.0,1970.0,2839.0,730
1976,20000.0,6483.0,1980.0,2839.0,730
1981,20000.0,6520.0,1980.0,2839.0,730
1986,20000.0,6520.0,1990.0,2853.0,730
1991,20000.0,6520.0,1990.0,2853.0,732
1996,20000.0,6560.0,2007.0,2870.0,740
2001,20000.0,6560.0,2007.0,2870.0,740
2006,20000.0,6601.0,2007.0,2870.0,740
2011,20000.0,6601.0,2020.0,2890.0,740
2016,20000.0,6601.0,2020.0,2890.0,740
2021,20000.0,6640.0,2021.0,2910.0,750
2026,20000.0,6640.0,2030.0,2910.0,750
2031,20000.0,6680.0,2030.0,2910.0,750
2036,20000.0,6680.0,2040.0,2920.0,750
2041,20000.0,6720.0,2040.0,2920.0,750
2046,20000.0,6720.0,2050.0,2940.0,757
2051,20000.0,6720.0,2050.0,2940.0,760
2056,20000.0,6760.0,2050.0,2940.0,760
2061,20000.0,6760.0,2070.0,2960.0,760
2066,20000.0,6800.0,2070.0,2960.0,760
2071,20000.0,6800.0,2080.0,2980.0,760
2076,20000.0,6800.0,2080.0,2980.0,770
2081,20000.0,6850.0,2080.0,2980.0,770
2086,20000.0,6850.0,2090.0,2997.0,770
2091,20000.0,6890.0,2090.0,2997.0,770
2096,20000.0,6890.0,2100.0,2997.0,770
2101,20000.0,6890.0,2100.0,3011.0,777
2106,20000.0,6930.0,2120.0,3011.0,780
2111,20000.0,6930.0,2120.0,3030.0,780
2116,20000.0,6970.0,2120.0,3030.0,780
2121,20000.0,6970.0,2130.0,3030.0,780
2126,20000.0,7010.0,2130.0,3050.0,780
2131,20000.0,7010.0,2140.0,3050.0,790
2136,20000.0,7010.0,2140.0,3070.0,790
2141,20000.0,7050.0,2140.0,3070.0,790
2146,20000.0,7050.0,2150.0,3070.0,790
2151,20000.0,7090.0,2150.0,3090.0,790
2156,20000.0,7090.0,2168.0,3090.0,800
2161,20000.0,7090.0,2168.0,3110.0,800
2166,20000.0,7130.0,2168.0,3110.0,800
2171,20000.0,7130.0,2180.0,3110.0,800
2176,20000.0,7170.0,2180.0,3121.0,800
2181,20000.0,7170.0,2190.0,3121.0,805
2186,20000.0,7170.0,2190.0,3140.0,810
2191,20000.0,7210.0,2190.0,3140.0,810
2196,20000.0,7210.0,2200.0,3140.0,810
2201,20000.0,7250.0,2200.0,3160.0,810
2206,20000.0,7250.0,2220.0,3160.0,810
2211,20000.0,7250.0,2220.0,3180.0,820
2216,20000.0,7290.0,2220.0,3180.0,820
2221,20000.0,7290.0,2230.0,3180.0,820
2226,20000.0,7290.0,2230.0,3190.0,820
2231,20000.0,7331.0,2240.0,3190.0,820
2236,20000.0,7331.0,2240.0,3210.0,830
2241,20000.0,7373.0,2250.0,3210.0,830
2246,20000.0,7373.0,2250.0,3210.0,830
2251,20000.0,7373.0,2250.0,3230.0,830
2256,20000.0,7420.0,2261.0,3230.0,830
2261,20000.0,7420.0,2261.0,3250.0,835
2266,20000.0,7460.0,2278.0,3250.0,840
2271,20000.0,7460.0,2278.0,3260.0,840
2276,20000.0,7460.0,2278.0,3261.0,840
2281,20000.0,7500.0,2290.0,3261.0,840
2286,20000.0,7500.0,2290.0,3280.0,840
2291,20000.0,7540.0,2300.0,3280.0,850
2296,20000.0,7540.0,2300.0,3300.0,850
2301,20000.0,7580.0,2300.0,3300.0,850
2306,20000.0,7580.0,2311.0,3300.0,850
2311,20000.0,7580.0,2311.0,3320.0,850
2316,20000.0,7620.0,2330.0,3320.0,859
2321,20000.0,7620.0,2330.0,3320.0,860
2326,20000.0,7660.0,2330.0,3340.0,860
2331,20000.0,7660.0,2340.0,3340.0,860
2336,20000.0,7660.0,2340.0,3355.0,860
2341,20000.0,7700.0,2350.0,3355.0,861
2346,20000.0,7700.0,2350.0,3370.0,870
2351,20000.0,7700.0,2350.0,3370.0,870
2356,20000.0,7750.0,2362.0,3370.0,870
2361,20000.0,7750.0,2362.0,3390.0,870
2366,20000.0,7790.0,2362.0,3390.0,870
2371,20000.0,7790.0,2380.0,3390.0,880
2376,20000.0,7790.0,2380.0,3410.0,880
2381,20000.0,7830.0,2390.0,3410.0,880
2386,20000.0,7830.0,2390.0,3430.0,880
2391,20000.0,7873.0,2390.0,3430.0,880
2396,20000.0,7873.0,2400.0,3430.0,885
2401,20000.0,7873.0,2400.0,3450.0,890
2406,20000.0,7910.0,2410.0,3450.0,890
2411,20000.0,7910.0,2410.0,3460.0,890
2416,20000.0,7950.0,2429.0,3460.0,890
2421,20000.0,7950.0,2429.0,3460.0,890
2426,20000.0,7950.0,2429.0,3480.0,900
2431,20000.0,7990.0,2440.0,3480.0,900
2436,20000.0,7990.0,2440.0,3500.0,900
2441,20000.0,8030.0,2440.0,3500.0,900
2446,20000.0,8030.0,2450.0,3520.0,900
2451,20000.0,8030.0,2450.0,3520.0,910
2456,20000.0,8070.0,2460.0,3520.0,910
2461,20000.0,8070.0,2460.0,3535.0,910
2466,20000.0,8110.0,2480.0,3535.0,910
2471,20000.0,8110.0,2480.0,3550.0,910
2476,20000.0,8147.0,2480.0,3550.0,915
2481,20000.0,8147.0,2490.0,3550.0,920
2486,20000.0,8147.0,2490.0,3570.0,920
2491,20000.0,8190.0,2500.0,3570.0,920
2496,20000.0,8190.0,2500.0,3590.0,920
2501,20000.0,8190.0,2500.0,3590.0,921
2506,20000.0,8230.0,2513.0,3590.0,930
2511,20000.0,8230.0,2513.0,3610.0,930
2516,20000.0,8270.0,2530.0,3610.0,930
2521,20000.0,8270.0,2530.0,3620.0,930
2526,20000.0,8310.0,2530.0,3620.0,930
2531,20000.0,8313.0,2540.0,3629.0,940
2536,20000.0,8313.0,2540.0,3640.0,940
2541,20000.0,8354.0,2540.0,3640.0,940
2546,20000.0,8354.0,2550.0,3660.0,940
2551,20000.0,8376.0,2550.0,3660.0,940
2556,20000.0,8400.0,2570.0,3660.0,949
2561,20000.0,8400.0,2570.0,3680.0,950
2566,20000.0,8436.0,2570.0,3680.0,950
2571,20000.0,8436.0,2580.0,3700.0,950
2576,20000.0,8480.0,2580.0,3700.0,950
2581,20000.0,8480.0,2590.0,3700.0,951
2586,20000.0,8480.0,2590.0,3720.0,960
2591,20000.0,8520.0,2590.0,3720.0,960
2596,20000.0,8520.0,2602.0,3734.0,960
2601,20000.0,8550.0,2602.0,3734.0,960
2606,20000.0,8550.0,2620.0,3734.0,960
2611,20000.0,8590.0,2620.0,3750.0,970
2616,20000.0,8590.0,2620.0,3750.0,970
2621,20000.0,8590.0,2630.0,3770.0,970
2626,20000.0,8635.0,2630.0,3770.0,970
2631,20000.0,8635.0,2640.0,3770.0,970
2636,20000.0,8635.0,2640.0,3790.0,974
2641,20000.0,8680.0,2650.0,3790.0,980
2646,20000.0,8680.0,2650.0,3790.0,980
2651,20000.0,8720.0,2650.0,3810.0,980
2656,20000.0,8720.0,2664.0,3810.0,980
2661,20000.0,8760.0,2664.0,3830.0,980
2666,20000.0,8760.0,2680.0,3830.0,990
2671,20000.0,8760.0,2680.0,3830.0,990
2676,20000.0,8797.0,2680.0,3845.0,990
2681,20000.0,8797.0,2690.0,3845.0,990
2686,20000.0,8840.0,2690.0,3860.0,990
2691,20000.0,8840.0,2700.0,3860.0,997
2696,20000.0,8840.0,2700.0,3860.0,1000
2701,20000.0,8880.0,2700.0,3880.0,1000
2706,20000.0,8880.0,2717.0,3880.0,1000
2711,20000.0,8920.0,2717.0,3900.0,1000
2716,20000.0,8920.0,2730.0,3900.0,1000
2721,20000.0,8920.0,2730.0,3900.0,1010
2726,20000.0,8961.0,2740.0,3920.0,1010
2731,20000.0,8961.0,2740.0,3920.0,1010
2736,20000.0,8961.0,2740.0,3920.0,1010
2741,20000.0,9010.0,2750.0,3940.0,1010
2746,20000.0,9010.0,2750.0,3940.0,1016
2751,20000.0,9050.0,2760.0,3960.0,1020
2756,20000.0,9050.0,2760.0,3960.0,1020
2761,20000.0,9050.0,2760.0,3960.0,1020
2766,20000.0,9090.0,2780.0,3970.0,1020
2771,20000.0,9090.0,2780.0,3970.0,1021
2776,20000.0,9130.0,2780.0,3990.0,1030
2781,20000.0,9130.0,2790.0,3990.0,1030
2786,20000.0,9130.0,2790.0,3990.0,1030
2791,20000.0,9170.0,2800.0,4010.0,1030
2796,20000.0,9170.0,2800.0,4010.0,1030
2801,20000.0,9210.0,2800.0,4030.0,1040
2806,20000.0,9210.0,2820.0,4030.0,1040
2811,20000.0,9210.0,2820.0,4040.0,1040
2816,20000.0,9250.0,2830.0,4040.0,1040
2821,20000.0,9250.0,2830.0,4040.0,1040
2826,20000.0,9292.0,2830.0,4060.0,1049
2831,20000.0,9292.0,2840.0,4060.0,1050
2836,20000.0,9292.0,2840.0,4080.0,1050
2841,20000.0,9340.0,2852.0,4080.0,1050
2846,20000.0,9340.0,2852.0,4080.0,1050
2851,20000.0,9340.0,2852.0,4100.0,1052
2856,20000.0,9380.0,2870.0,4100.0,1060
2861,20000.0,9380.0,2870.0,4112.0,1060
2866,20000.0,9430.0,2880.0,4112.0,1060
2871,20000.0,9430.0,2880.0,4130.0,1060
2876,20000.0,9430.0,2890.0,4130.0,1060
2881,20000.0,9470.0,2890.0,4130.0,1070
2886,20000.0,9470.0,2890.0,4150.0,1070
2891,20000.0,9508.0,2900.0,4150.0,1070
2896,20000.0,9508.0,2900.0,4170.0,1070
2901,20000.0,9550.0,2910.0,4170.0,1070
2906,20000.0,9550.0,2910.0,4170.0,1079
2911,20000.0,9550.0,2910.0,4186.0,1080
2916,20000.0,9584.0,2930.0,4186.0,1080
2921,20000.0,9584.0,2930.0,4186.0,1080
2926,20000.0,9630.0,2940.0,4202.0,1080
2931,20000.0,9630.0,2940.0,4202.0,1082
2936,20000.0,9630.0,2940.0,4220.0,1090
2941,20000.0,9670.0,2950.0,4220.0,1090
2946,20000.0,9670.0,2950.0,4220.0,1090
2951,20000.0,9710.0,2964.0,4240.0,1090
2956,20000.0,9710.0,2966.0,4240.0,1090
2961,20000.0,9710.0,2966.0,4260.0,1100
2966,20000.0,9750.0,2980.0,4260.0,1100
2971,20000.0,9750.0,2980.0,4260.0,1100
2976,20000.0,9790.0,2983.0,4280.0,1100
2981,20000.0,9790.0,2990.0,4280.0,1100
2986,20000.0,9790.0,2990.0,4300.0,1107
2991,20000.0,9830.0,3000.0,4300.0,1110
2996,20000.0,9830.0,3000.0,4300.0,1110
3001,20000.0,9870.0,3006.0,4319.0,1110
3006,20000.0,9870.0,3013.0,4319.0,1110
3011,20000.0,9910.0,3013.0,4319.0,1112
3016,20000.0,9910.0,3030.0,4330.0,1120
3021,20000.0,9910.0,3030.0,4330.0,1120
3026,20000.0,9950.0,3030.0,4350.0,1120
3031,20000.0,9950.0,3040.0,4350.0,1120
3036,20000.0,9990.0,3040.0,4350.0,1120
3041,20000.0,9990.0,3050.0,4370.0,1130
3046,20000.0,9990.0,3050.0,4370.0,1130
3051,20000.0,10030.0,3050.0,4390.0,1130
3056,20000.0,10030.0,3070.0,4390.0,1130
3061,20000.0,10070.0,3070.0,4390.0,1130
3066,20000.0,10070.0,3080.0,4410.0,1140
3071,20000.0,10106.0,3080.0,4410.0,1140
3076,20000.0,10110.0,3080.0,4430.0,1140
3081,20000.0,10110.0,3090.0,4430.0,1140
3086,20000.0,10150.0,3090.0,4430.0,1140
3091,20000.0,10150.0,3103.0,4448.0,1143
3096,20000.0,10190.0,3103.0,4448.0,1150
3101,20000.0,10190.0,3103.0,4448.0,1150
3106,20000.0,10190.0,3120.0,4462.0,1150
3111,20000.0,10230.0,3120.0,4462.0,1150
3116,20000.0,10230.0,3120.0,4480.0,1152
3121,20000.0,10270.0,3130.0,4480.0,1160
3126,20000.0,10270.0,3130.0,4500.0,1160
3131,20000.0,10270.0,3140.0,4500.0,1160
3136,20000.0,10312.0,3140.0,4500.0,1160
3141,20000.0,10312.0,3140.0,4515.0,1160
3146,20000.0,10350.0,3160.0,4515.0,1170
3151,20000.0,10350.0,3160.0,4515.0,1170
3156,20000.0,10350.0,3170.0,4530.0,1170
3161,20000.0,10390.0,3170.0,4530.0,1170
3166,20000.0,10390.0,3170.0,4550.0,1170
3171,20000.0,10430.0,3180.0,4550.0,1179
3176,20000.0,10430.0,3180.0,4570.0,1180
3181,20000.0,10430.0,3190.0,4570.0,1180
3186,20000.0,10473.0,3190.0,4570.0,1180
3191,20000.0,10473.0,3209.0,4590.0,1180
3196,20000.0,10520.0,3209.0,4590.0,1183
3201,20000.0,10520.0,3209.0,4610.0,1190
3206,20000.0,10520.0,3220.0,4610.0,1190
3211,20000.0,10554.0,3220.0,4610.0,1190
3216,20000.0,10554.0,3220.0,4626.0,1190
3221,20000.0,10592.0,3230.0,4626.0,1190
3226,20000.0,10592.0,3230.0,4640.0,1200
3231,20000.0,10630.0,3245.0,4640.0,1200
3236,20000.0,10630.0,3245.0,4640.0,1200
3241,20000.0,10630.0,3245.0,4660.0,1200
3246,20000.0,10670.0,3260.0,4660.0,1200
3251,20000.0,10670.0,3260.0,4679.0,1203
3256,20000.0,10710.0,3270.0,4679.0,1210
3261,20000.0,10710.0,3270.0,4679.0,1210
3266,20000.0,10710.0,3270.0,4690.0,1210
3271,20000.0,10760.0,3280.0,4690.0,1210
3276,20000.0,10760.0,3280.0,4710.0,1213
3281,20000.0,10792.0,3290.0,4710.0,1220
3286,20000.0,10792.0,3290.0,4710.0,1220
3291,20000.0,10792.0,3290.0,4730.0,1220
3296,20000.0,10840.0,3310.0,4730.0,1220
3301,20000.0,10840.0,3310.0,4750.0,1220
3306,20000.0,10840.0,3315.0,4750.0,1230
3311,20000.0,10880.0,3320.0,4750.0,1230
3316,20000.0,10880.0,3320.0,4770.0,1230
3321,20000.0,10920.0,3330.0,4770.0,1230
3326,20000.0,10920.0,3330.0,4784.0,1230
3331,20000.0,10920.0,3330.0,4784.0,1237
3336,20000.0,10970.0,3349.0,4784.0,1240
3341,20000.0,10970.0,3349.0,4800.0,1240
3346,20000.0,11004.0,3360.0,4800.0,1240
3351,20000.0,11004.0,3360.0,4820.0,1240
3356,20000.0,11004.0,3360.0,4820.0,1242
3361,20000.0,11047.0,3370.0,4820.0,1250
3366,20000.0,11047.0,3370.0,4840.0,1250
3371,20000.0,11090.0,3380.0,4840.0,1250
3376,20000.0,11090.0,3380.0,4840.0,1250
3381,20000.0,11122.0,3380.0,4860.0,1250
3386,20000.0,11122.0,3400.0,4860.0,1260
3391,20000.0,11122.0,3400.0,4876.0,1260
3396,20000.0,11160.0,3410.0,4876.0,1260
3401,20000.0,11160.0,3410.0,4876.0,1260
3406,20000.0,11200.0,3410.0,4898.0,1260
3411,20000.0,11200.0,3420.0,4898.0,1268
3416,20000.0,11200.0,3420.0,4910.0,1270
3421,20000.0,11250.0,3430.0,4910.0,1270
3426,20000.0,11250.0,3430.0,4930.0,1270
3431,20000.0,11250.0,3430.0,4930.0,1270
3436,20000.0,11290.0,3450.0,4930.0,1271
3441,20000.0,11290.0,3450.0,4950.0,1280
3446,20000.0,11339.0,3450.0,4950.0,1280
3451,20000.0,11339.0,3460.0,4968.0,1280
3456,20000.0,11339.0,3460.0,4968.0,1280
3461,20000.0,11380.0,3471.0,4968.0,1280
3466,20000.0,11380.0,3471.0,4980.0,1290
3471,20000.0,11420.0,3471.0,4980.0,1290
3476,20000.0,11420.0,3490.0,5000.0,1290
3481,20000.0,11420.0,3490.0,5000.0,1290
3486,20000.0,11460.0,3500.0,5000.0,1290
3491,20000.0,11460.0,3500.0,5020.0,1298
3496,20000.0,11460.0,3500.0,5020.0,1300
3501,20000.0,11502.0,3510.0,5040.0,1300
3506,20000.0,11502.0,3510.0,5040.0,1300
3511,20000.0,11542.0,3510.0,5040.0,1300
3516,20000.0,11542.0,3530.0,5057.0,1300
3521,20000.0,11581.0,3530.0,5057.0,1310
3526,20000.0,11582.0,3540.0,5070.0,1310
3531,20000.0,11582.0,3540.0,5070.0,1310
3536,20000.0,11620.0,3540.0,5070.0,1310
3541,20000.0,11620.0,3550.0,5090.0,1310
3546,20000.0,11660.0,3550.0,5090.0,1320
3551,20000.0,11660.0,3563.0,5110.0,1320
3556,20000.0,11660.0,3563.0,5110.0,1320
3561,20000.0,11700.0,3563.0,5120.0,1320
3566,20000.0,11700.0,3580.0,5120.0,1320
3571,20000.0,11750.0,3580.0,5120.0,1329
3576,20000.0,11750.0,3590.0,5140.0,1330
3581,20000.0,11750.0,3590.0,5140.0,1330
3586,20000.0,11790.0,3600.0,5160.0,1330
3591,20000.0,11790.0,3600.0,5160.0,1330
3596,20000.0,11830.0,3600.0,5160.0,1331
3601,20000.0,11830.0,3611.0,5180.0,1340
3606,20000.0,11830.0,3611.0,5180.0,1340
3611,20000.0,11870.0,3616.0,5199.0,1340
3616,20000.0,11870.0,3630.0,5200.0,1340
3621,20000.0,11910.0,3630.0,5200.0,1340
3626,20000.0,11910.0,3640.0,5210.0,1350
3631,20000.0,11910.0,3640.0,5210.0,1350
3636,20000.0,11950.0,3640.0,5230.0,1350
3641,20000.0,11950.0,3650.0,5230.0,1350
3646,20000.0,11990.0,3650.0,5230.0,1350
3651,20000.0,11990.0,3666.0,5250.0,1359
3656,20000.0,11990.0,3666.0,5250.0,1360
3661,20000.0,12030.0,3666.0,5270.0,1360
3666,20000.0,12030.0,3680.0,5270.0,1360
3671,20000.0,12070.0,3680.0,5270.0,1360
3676,20000.0,12070.0,3690.0,5290.0,1363
3681,20000.0,12110.0,3690.0,5290.0,1370
3686,20000.0,12110.0,3700.0,5290.0,1370
3691,20000.0,12110.0,3700.0,5303.0,1370
3696,20000.0,12154.0,3700.0,5303.0,1370
3701,20000.0,12154.0,3713.0,5320.0,1370
3706,20000.0,12154.0,3713.0,5320.0,1380
3711,20000.0,12200.0,3729.0,5340.0,1380
3716,20000.0,12200.0,3729.0,5340.0,1380
3721,20000.0,12240.0,3729.0,5340.0,1380
3726,20000.0,12240.0,3740.0,5358.0,1380
3731,20000.0,12240.0,3740.0,5358.0,1388
3736,20000.0,12280.0,3750.0,5370.0,1390
3741,20000.0,12280.0,3750.0,5370.0,1390
3746,20000.0,12320.0,3750.0,5370.0,1390
3751,20000.0,12320.0,3760.0,5390.0,1390
3756,20000.0,12320.0,3760.0,5390.0,1391
3761,20000.0,12360.0,3760.0,5410.0,1400
3766,20000.0,12360.0,3780.0,5410.0,1400
3771,20000.0,12360.0,3780.0,5410.0,1400
3776,20000.0,12410.0,3790.0,5430.0,1400
3781,20000.0,12410.0,3790.0,5430.0,1400
3786,20000.0,12450.0,3800.0,5450.0,1408
3791,20000.0,12450.0,3800.0,5450.0,1410
3796,20000.0,12450.0,3800.0,5450.0,1410
3801,20000.0,12491.0,3817.0,5470.0,1410
3806,20000.0,12491.0,3817.0,5470.0,1410
3811,20000.0,12530.0,3817.0,5470.0,1415
3816,20000.0,12530.0,3830.0,5481.0,1420
3821,20000.0,12530.0,3830.0,5481.0,1420
3826,20000.0,12580.0,3840.0,5500.0,1420
3831,20000.0,12580.0,3840.0,5500.0,1420
3836,20000.0,12614.0,3840.0,5500.0,1420
3841,20000.0,12614.0,3850.0,5520.0,1430
3846,20000.0,12614.0,3850.0,5520.0,1430
3851,20000.0,12660.0,3870.0,5520.0,1430
3856,20000.0,12660.0,3870.0,5540.0,1430
3861,20000.0,12700.0,3870.0,5540.0,1430
3866,20000.0,12700.0,3880.0,5560.0,1440
3871,20000.0,12700.0,3880.0,5560.0,1440
3876,20000.0,12740.0,3890.0,5560.0,1440
3881,20000.0,12740.0,3890.0,5580.0,1440
3886,20000.0,12780.0,3890.0,5580.0,1440
3891,20000.0,12780.0,3905.0,5580.0,1445
3896,20000.0,12780.0,3905.0,5600.0,1450
3901,20000.0,12820.0,3920.0,5600.0,1450
3906,20000.0,12820.0,3920.0,5620.0,1450
3911,20000.0,12820.0,3920.0,5620.0,1450
3916,20000.0,12870.0,3930.0,5630.0,1450
3921,20000.0,12870.0,3930.0,5630.0,1460
3926,20000.0,12910.0,3930.0,5630.0,1460
3931,20000.0,12910.0,3940.0,5650.0,1460
3936,20000.0,12910.0,3940.0,5650.0,1460
3941,20000.0,12960.0,3960.0,5670.0,1460
3946,20000.0,12960.0,3960.0,5670.0,1470
3951,20000.0,12960.0,3970.0,5670.0,1470
3956,20000.0,13000.0,3970.0,5690.0,1470
3961,20000.0,13000.0,3970.0,5690.0,1470
3966,20000.0,13040.0,3980.0,5705.0,1470
3971,20000.0,13040.0,3980.0,5705.0,1476
3976,20000.0,13040.0,3990.0,5705.0,1480
3981,20000.0,13080.0,3990.0,5721.0,1480
3986,20000.0,13080.0,3990.0,5721.0,1480
3991,20000.0,13130.0,4008.0,5721.0,1480
3996,20000.0,13130.0,4008.0,5740.0,1480
4001,20000.0,13130.0,4020.0,5740.0,1490
4006,20000.0,13170.0,4020.0,5760.0,1490
4011,20000.0,13170.0,4020.0,5760.0,1490
4016,20000.0,13210.0,4030.0,5780.0,1490
4021,20000.0,13210.0,4030.0,5780.0,1490
4026,20000.0,13210.0,4041.0,5780.0,1500
4031,20000.0,13256.0,4041.0,5790.0,1500
4036,20000.0,13256.0,4041.0,5790.0,1500
4041,20000.0,13256.0,4060.0,5810.0,1500
4046,20000.0,13300.0,4060.0,5810.0,1500
4051,20000.0,13300.0,4070.0,5810.0,1506
4056,20000.0,13340.0,4070.0,5830.0,1510
4061,20000.0,13340.0,4070.0,5830.0,1510
4066,20000.0,13380.0,4080.0,5850.0,1510
4071,20000.0,13380.0,4080.0,5850.0,1510
4076,20000.0,13380.0,4090.0,5850.0,1511
4081,20000.0,13420.0,4090.0,5868.0,1520
4086,20000.0,13420.0,4090.0,5868.0,1520
4091,20000.0,13460.0,4110.0,5880.0,1520
4096,20000.0,13460.0,4110.0,5880.0,1520
4101,20000.0,13460.0,4120.0,5880.0,1520
4106,20000.0,13500.0,4120.0,5900.0,1530
4111,20000.0,13500.0,4130.0,5900.0,1530
4116,20000.0,13535.0,4130.0,5920.0,1530
4121,20000.0,13535.0,4130.0,5920.0,1530
4126,20000.0,13535.0,4140.0,5936.0,1530
4131,20000.0,13580.0,4140.0,5938.0,1536
4136,20000.0,13580.0,4155.0,5938.0,1540
4141,20000.0,13620.0,4155.0,5957.0,1540
4146,20000.0,13620.0,4170.0,5957.0,1540
4151,20000.0,13620.0,4170.0,5957.0,1540
4156,20000.0,13660.0,4170.0,5970.0,1541
4161,20000.0,13660.0,4180.0,5970.0,1550
4166,20000.0,13701.0,4180.0,5990.0,1550
4171,20000.0,13701.0,4190.0,5990.0,1550
4176,20000.0,13701.0,4190.0,5990.0,1550
4181,20000.0,13747.0,4190.0,6010.0,1550
4186,20000.0,13747.0,4200.0,6010.0,1560
4191,20000.0,13790.0,4200.0,6030.0,1560
4196,20000.0,13790.0,4220.0,6030.0,1560
4201,20000.0,13790.0,4220.0,6030.0,1560
4206,20000.0,13830.0,4220.0,6050.0,1560
4211,20000.0,13830.0,4230.0,6050.0,1565
4216,20000.0,13870.0,4230.0,6066.0,1570
4221,20000.0,13870.0,4240.0,6066.0,1570
4226,20000.0,13870.0,4240.0,6066.0,1570
4231,20000.0,13910.0,4240.0,6080.0,1570
4236,20000.0,13910.0,4253.0,6080.0,1570
4241,20000.0,13950.0,4253.0,6100.0,1580
4246,20000.0,13950.0,4253.0,6100.0,1580
4251,20000.0,13950.0,4270.0,6120.0,1580
4256,20000.0,13990.0,4270.0,6120.0,1580
4261,20000.0,13990.0,4280.0,6120.0,1580
4266,20000.0,14033.0,4280.0,6139.0,1590
4271,20000.0,14035.0,4280.0,6139.0,1590
4276,20000.0,14035.0,4295.0,6150.0,1590
4281,20000.0,14071.0,4295.0,6150.0,1590
4286,20000.0,14071.0,4295.0,6150.0,1590
4291,20000.0,14110.0,4310.0,6170.0,1596
4296,20000.0,14110.0,4310.0,6170.0,1600
4301,20000.0,14110.0,4320.0,6170.0,1600
4306,20000.0,14151.0,4320.0,6190.0,1600
4311,20000.0,14151.0,4320.0,6190.0,1600
4316,20000.0,14194.0,4339.0,6210.0,1600
4321,20000.0,14194.0,4339.0,6210.0,1610
4326,20000.0,14194.0,4339.0,6220.0,1610
4331,20000.0,14240.0,4350.0,6220.0,1610
4336,20000.0,14240.0,4350.0,6220.0,1610
4341,20000.0,14280.0,4360.0,6242.0,1610
4346,20000.0,14280.0,4360.0,6242.0,1620
4351,20000.0,14280.0,4360.0,6242.0,1620
4356,20000.0,14320.0,4370.0,6260.0,1620
4361,20000.0,14320.0,4370.0,6260.0,1620
4366,20000.0,14360.0,4390.0,6280.0,1620
4371,20000.0,14360.0,4390.0,6280.0,1627
4376,20000.0,14360.0,4390.0,6280.0,1630
4381,20000.0,14410.0,4400.0,6300.0,1630
4386,20000.0,14410.0,4400.0,6300.0,1630
4391,20000.0,14450.0,4410.0,6320.0,1630
4396,20000.0,14450.0,4410.0,6320.0,1634
4401,20000.0,14450.0,4410.0,6320.0,1640
4406,20000.0,14490.0,4429.0,6340.0,1640
4411,20000.0,14490.0,4429.0,6340.0,1640
4416,20000.0,14530.0,4429.0,6340.0,1640
4421,20000.0,14530.0,4440.0,6360.0,1640
4426,20000.0,14530.0,4440.0,6360.0,1650
4431,20000.0,14570.0,4450.0,6370.0,1650
4436,20000.0,14570.0,4450.0,6370.0,1650
4441,20000.0,14610.0,4450.0,6390.0,1650
4446,20000.0,14610.0,4460.0,6390.0,1650
4451,20000.0,14610.0,4460.0,6390.0,1657
4456,20000.0,14650.0,4474.0,6410.0,1660
4461,20000.0,14650.0,4474.0,6410.0,1660
4466,20000.0,14698.0,4490.0,6422.0,1660
4471,20000.0,14698.0,4490.0,6422.0,1660
4476,20000.0,14698.0,4490.0,6422.0,1663
4481,20000.0,14730.0,4500.0,6440.0,1670
4486,20000.0,14730.0,4500.0,6440.0,1670
4491,20000.0,14772.0,4510.0,6460.0,1670
4496,20000.0,14772.0,4510.0,6460.0,1670
4501,20000.0,14772.0,4510.0,6460.0,1670
4506,20000.0,14820.0,4523.0,6480.0,1679
4511,20000.0,14820.0,4523.0,6480.0,1680
4516,20000.0,14856.0,4539.0,6500.0,1680
4521,20000.0,14856.0,4539.0,6500.0,1680
4526,20000.0,14856.0,4550.0,6500.0,1680
4531,20000.0,14900.0,4550.0,6520.0,1684
4536,20000.0,14900.0,4550.0,6520.0,1690
4541,20000.0,14940.0,4560.0,6530.0,1690
4546,20000.0,14940.0,4560.0,6530.0,1690
4551,20000.0,14940.0,4570.0,6530.0,1690
4556,20000.0,14980.0,4570.0,6550.0,1690
4561,20000.0,14980.0,4570.0,6550.0,1700
4566,20000.0,15020.0,4581.0,6550.0,1700
4571,20000.0,15020.0,4581.0,6570.0,1700
4576,20000.0,15020.0,4599.0,6570.0,1700
4581,20000.0,15060.0,4599.0,6590.0,1700
4586,20000.0,15060.0,4599.0,6590.0,1710
4591,20000.0,15100.0,4610.0,6590.0,1710
4596,20000.0,15100.0,4610.0,6610.0,1710
4601,20000.0,15100.0,4620.0,6610.0,1710
4606,20000.0,15150.0,4620.0,6625.0,1710
4611,20000.0,15150.0,4620.0,6625.0,1717
4616,20000.0,15183.0,4635.0,6625.0,1720
4621,20000.0,15183.0,4635.0,6640.0,1720
4626,20000.0,15183.0,4650.0,6640.0,1720
4631,20000.0,15230.0,4650.0,6660.0,1720
4636,20000.0,15230.0,4650.0,6660.0,1720
4641,20000.0,15230.0,4660.0,6660.0,1730
4646,20000.0,15270.0,4660.0,6680.0,1730
4651,20000.0,15270.0,4670.0,6680.0,1730
4656,20000.0,15310.0,4670.0,6700.0,1730
4661,20000.0,15310.0,4670.0,6700.0,1730
4666,20000.0,15317.0,4690.0,6700.0,1738
4671,20000.0,15350.0,4690.0,6717.0,1740
4676,20000.0,15350.0,4690.0,6717.0,1740
4681,20000.0,15394.0,4700.0,6730.0,1740
4686,20000.0,15394.0,4700.0,6730.0,1740
4691,20000.0,15394.0,4710.0,6730.0,1744
4696,20000.0,15439.0,4710.0,6750.0,1750
4701,20000.0,15439.0,4720.0,6750.0,1750
4706,20000.0,15480.0,4720.0,6770.0,1750
4711,20000.0,15480.0,4720.0,6770.0,1750
4716,20000.0,15480.0,4738.0,6770.0,1750
4721,20000.0,15520.0,4738.0,6790.0,1760
4726,20000.0,15520.0,4738.0,6790.0,1760
4731,20000.0,15560.0,4750.0,6804.0,1760
4736,20000.0,15560.0,4750.0,6804.0,1760
4741,20000.0,15560.0,4760.0,6804.0,1760
4746,20000.0,15600.0,4760.0,6820.0,1766
4751,20000.0,15600.0,4760.0,6820.0,1770
4756,20000.0,15640.0,4775.0,6840.0,1770
4761,20000.0,15640.0,4775.0,6840.0,1770
4766,20000.0,15640.0,4775.0,6840.0,1770
4771,20000.0,15680.0,4790.0,6860.0,1773
4776,20000.0,15680.0,4790.0,6860.0,1780
4781,20000.0,15680.0,4800.0,6880.0,1780
4786,20000.0,15730.0,4800.0,6880.0,1780
4791,20000.0,15730.0,4810.0,6880.0,1780
4796,20000.0,15770.0,4810.0,6895.0,1780
4801,20000.0,15770.0,4810.0,6895.0,1790
4806,20000.0,15770.0,4822.0,6895.0,1790
4811,20000.0,15810.0,4822.0,6916.0,1790
4816,20000.0,15810.0,4840.0,6916.0,1790
4821,20000.0,15850.0,4840.0,6930.0,1790
4826,20000.0,15850.0,4840.0,6930.0,1796
4831,20000.0,15850.0,4850.0,6950.0,1800
4836,20000.0,15894.0,4850.0,6950.0,1800
4841,20000.0,15894.0,4860.0,6950.0,1800
4846,20000.0,15932.0,4860.0,6970.0,1800
4851,20000.0,15932.0,4860.0,6970.0,1800
4856,20000.0,15970.0,4870.0,6987.0,1810
4861,20000.0,15970.0,4870.0,6987.0,1810
4866,20000.0,15970.0,4890.0,6987.0,1810
4871,20000.0,16010.0,4890.0,7006.0,1810
4876,20000.0,16010.0,4890.0,7006.0,1810
4881,20000.0,16053.0,4900.0,7020.0,1819
4886,20000.0,16053.0,4900.0,7020.0,1820
4891,20000.0,16053.0,4910.0,7020.0,1820
4896,20000.0,16100.0,4910.0,7040.0,1820
4901,20000.0,16100.0,4910.0,7040.0,1820
4906,20000.0,16140.0,4920.0,7060.0,1824
4911,20000.0,16140.0,4920.0,7060.0,1830
4916,20000.0,16140.0,4940.0,7060.0,1830
4921,20000.0,16180.0,4940.0,7075.0,1830
4926,20000.0,16180.0,4940.0,7075.0,1830
4931,20000.0,16180.0,4950.0,7090.0,1830
4936,20000.0,16228.0,4950.0,7090.0,1840
4941,20000.0,16228.0,4960.0,7110.0,1840
4946,20000.0,16270.0,4960.0,7110.0,1840
4951,20000.0,16270.0,4960.0,7110.0,1840
4956,20000.0,16270.0,4971.0,7130.0,1840
4961,20000.0,16310.0,4971.0,7130.0,1849
4966,20000.0,16310.0,4990.0,7130.0,1850
4971,20000.0,16350.0,4990.0,7148.0,1850
4976,20000.0,16350.0,4991.0,7148.0,1850
4981,20000.0,16350.0,5000.0,7160.0,1850
4986,20000.0,16390.0,5000.0,7160.0,1851
4991,20000.0,16390.0,5010.0,7180.0,1860
4996,20000.0,16430.0,5010.0,7180.0,1860
5001,20000.0,16430.0,5010.0,7180.0,1860
5006,20000.0,16430.0,5030.0,7200.0,1860
5011,20000.0,16470.0,5030.0,7200.0,1860
5016,20000.0,16470.0,5040.0,7200.0,1869
5021,20000.0,16510.0,5040.0,7220.0,1870
5026,20000.0,16510.0,5040.0,7220.0,1870
5031,20000.0,16550.0,5050.0,7236.0,1870
5036,20000.0,16550.0,5050.0,7236.0,1870
5041,20000.0,16550.0,5050.0,7239.0,1872
5046,20000.0,16590.0,5068.0,7250.0,1880
5051,20000.0,16590.0,5068.0,7250.0,1880
5056,20000.0,16590.0,5080.0,7270.0,1880
5061,20000.0,16630.0,5080.0,7270.0,1880
5066,20000.0,16630.0,5080.0,7290.0,1880
5071,20000.0,16680.0,5090.0,7290.0,1889
5076,20000.0,16680.0,5090.0,7290.0,1890
5081,20000.0,16680.0,5100.0,7310.0,1890
5086,20000.0,16720.0,5100.0,7310.0,1890
5091,20000.0,16720.0,5100.0,7320.0,1890
5096,20000.0,16760.0,5120.0,7320.0,1894
5101,20000.0,16760.0,5120.0,7320.0,1900
5106,20000.0,16760.0,5130.0,7340.0,1900
5111,20000.0,16800.0,5130.0,7340.0,1900
5116,20000.0,16800.0,5130.0,7360.0,1900
5121,20000.0,16840.0,5140.0,7360.0,1900
5126,20000.0,16840.0,5140.0,7360.0,1910
5131,20000.0,16868.0,5150.0,7380.0,1910
5136,20000.0,16880.0,5150.0,7380.0,1910
5141,20000.0,16880.0,5150.0,7380.0,1910
5146,20000.0,16920.0,5170.0,7400.0,1910
5151,20000.0,16920.0,5170.0,7400.0,1919
5156,20000.0,16920.0,5180.0,7420.0,1920
5161,20000.0,16967.0,5180.0,7420.0,1920
5166,20000.0,16967.0,5180.0,7420.0,1920
5171,20000.0,17010.0,5190.0,7435.0,1920
5176,20000.0,17010.0,5190.0,7435.0,1921
5181,20000.0,17010.0,5200.0,7446.0,1930
5186,20000.0,17050.0,5200.0,7450.0,1930
5191,20000.0,17050.0,5218.0,7450.0,1930
5196,20000.0,17090.0,5218.0,7470.0,1930
5201,20000.0,17090.0,5218.0,7470.0,1930
5206,20000.0,17090.0,5230.0,7470.0,1940
5211,20000.0,17130.0,5230.0,7490.0,1940
5216,20000.0,17130.0,5240.0,7490.0,1940
5221,20000.0,17170.0,5240.0,7510.0,1940
5226,20000.0,17170.0,5250.0,7510.0,1940
5231,20000.0,17170.0,5250.0,7510.0,1947
5236,20000.0,17210.0,5250.0,7530.0,1950
5241,20000.0,17210.0,5261.0,7530.0,1950
5246,20000.0,17250.0,5261.0,7550.0,1950
5251,20000.0,17250.0,5261.0,7550.0,1950
5256,20000.0,17250.0,5280.0,7550.0,1950
5261,20000.0,17291.0,5280.0,7561.0,1960
5266,20000.0,17291.0,5290.0,7561.0,1960
5271,20000.0,17330.0,5290.0,7580.0,1960
5276,20000.0,17330.0,5300.0,7580.0,1960
5281,20000.0,17370.0,5300.0,7580.0,1960
5286,20000.0,17370.0,5300.0,7600.0,1968
5291,20000.0,17370.0,5310.0,7600.0,1970
5296,20000.0,17410.0,5310.0,7620.0,1970
5301,20000.0,17410.0,5330.0,7620.0,1970
5306,20000.0,17450.0,5330.0,7620.0,1970
5311,20000.0,17450.0,5330.0,7633.0,1970
5316,20000.0,17490.0,5340.0,7633.0,1980
5321,20000.0,17490.0,5340.0,7650.0,1980
5326,20000.0,17490.0,5350.0,7650.0,1980
5331,20000.0,17530.0,5350.0,7650.0,1980
5336,20000.0,17530.0,5350.0,7670.0,1980
5341,20000.0,17570.0,5360.0,7670.0,1990
5346,20000.0,17570.0,5360.0,7690.0,1990
5351,20000.0,17570.0,5360.0,7690.0,1990
5356,20000.0,17610.0,5380.0,7690.0,1990
5361,20000.0,17610.0,5380.0,7710.0,1990
5366,20000.0,17650.0,5390.0,7710.0,1998
5371,20000.0,17650.0,5390.0,7710.0,2000
5376,20000.0,17690.0,5400.0,7730.0,2000
5381,20000.0,17690.0,5400.0,7730.0,2000
5386,20000.0,17690.0,5400.0,7749.0,2000
5391,20000.0,17730.0,5410.0,7749.0,2004
5396,20000.0,17730.0,5410.0,7749.0,2010
5401,20000.0,17770.0,5410.0,7763.0,2010
5406,20000.0,17770.0,5430.0,7763.0,2010
5411,20000.0,17770.0,5430.0,7780.0,2010
5416,20000.0,17813.0,5440.0,7780.0,2010
5421,20000.0,17813.0,5440.0,7780.0,2020
5426,20000.0,17813.0,5440.0,7800.0,2020
5431,20000.0,17860.0,5450.0,7800.0,2020
5436,20000.0,17860.0,5450.0,7820.0,2020
5441,20000.0,17900.0,5467.0,7820.0,2020
5446,20000.0,17900.0,5467.0,7820.0,2029
5451,20000.0,17900.0,5467.0,7840.0,2030
5456,20000.0,17940.0,5480.0,7840.0,2030
5461,20000.0,17940.0,5480.0,7860.0,2030
5466,20000.0,17980.0,5490.0,7860.0,2030
5471,20000.0,17980.0,5490.0,7860.0,2031
5476,20000.0,18015.0,5500.0,7871.0,2040
5481,20000.0,18015.0,5500.0,7871.0,2040
5486,20000.0,18015.0,5500.0,7890.0,2040
5491,20000.0,18050.0,5515.0,7890.0,2040
5496,20000.0,18050.0,5515.0,7898.0,2040
5501,20000.0,18090.0,5515.0,7910.0,2050
5506,20000.0,18090.0,5530.0,7910.0,2050
5511,20000.0,18119.0,5530.0,7930.0,2050
5516,20000.0,18130.0,5540.0,7930.0,2050
5521,20000.0,18130.0,5540.0,7940.0,2050
5526,20000.0,18170.0,5540.0,7940.0,2060
5531,20000.0,18170.0,5550.0,7940.0,2060
5536,20000.0,18210.0,5550.0,7960.0,2060
5541,20000.0,18210.0,5568.0,7960.0,2060
5546,20000.0,18210.0,5568.0,7980.0,2060
5551,20000.0,18250.0,5568.0,7980.0,2066
5556,20000.0,18250.0,5580.0,7980.0,2070
5561,20000.0,18290.0,5580.0,8000.0,2070
5566,20000.0,18290.0,5590.0,8000.0,2070
5571,20000.0,18290.0,5590.0,8005.0,2070
5576,20000.0,18330.0,5600.0,8020.0,2070
5581,20000.0,18330.0,5600.0,8020.0,2080
5586,20000.0,18370.0,5600.0,8036.0,2080
5591,20000.0,18370.0,5612.0,8036.0,2080
5596,20000.0,18370.0,5612.0,8036.0,2080
5601,20000.0,18418.0,5630.0,8051.0,2080
5606,20000.0,18418.0,5630.0,8051.0,2087
5611,20000.0,18459.0,5630.0,8070.0,2090
5616,20000.0,18459.0,5640.0,8070.0,2090
5621,20000.0,18459.0,5640.0,8070.0,2090
5626,20000.0,18500.0,5650.0,8090.0,2090
5631,20000.0,18500.0,5650.0,8090.0,2092
5636,20000.0,18540.0,5650.0,8110.0,2100
5641,20000.0,18540.0,5669.0,8110.0,2100
5646,20000.0,18540.0,5669.0,8110.0,2100
5651,20000.0,18590.0,5680.0,8130.0,2100
5656,20000.0,18590.0,5680.0,8130.0,2100
5661,20000.0,18590.0,5680.0,8140.0,2110
5666,20000.0,18630.0,5690.0,8140.0,2110
5671,20000.0,18630.0,5690.0,8160.0,2110
5676,20000.0,18677.0,5700.0,8160.0,2110
5681,20000.0,18677.0,5700.0,8160.0,2110
5686,20000.0,18677.0,5700.0,8176.0,2120
5691,20000.0,18716.0,5716.0,8176.0,2120
5696,20000.0,18716.0,5716.0,8190.0,2120
5701,20000.0,18751.0,5730.0,8190.0,2120
5706,20000.0,18751.0,5730.0,8210.0,2120
5711,20000.0,18751.0,5730.0,8210.0,2127
5716,20000.0,18800.0,5740.0,8210.0,2130
5721,20000.0,18800.0,5740.0,8230.0,2130
5726,20000.0,18840.0,5754.0,8230.0,2130
5731,20000.0,18840.0,5754.0,8230.0,2130
5736,20000.0,18840.0,5754.0,8250.0,2131
5741,20000.0,18879.0,5770.0,8250.0,2140
5746,20000.0,18879.0,5770.0,8268.0,2140
5751,20000.0,18920.0,5780.0,8268.0,2140
5756,20000.0,18920.0,5780.0,8268.0,2140
5761,20000.0,18920.0,5780.0,8281.0,2140
5766,20000.0,18960.0,5790.0,8281.0,2150
5771,20000.0,18960.0,5790.0,8300.0,2150
5776,20000.0,18968.0,5809.0,8300.0,2150
5781,20000.0,19000.0,5809.0,8300.0,2150
5786,20000.0,19000.0,5809.0,8320.0,2150
5791,20000.0,19049.0,5820.0,8320.0,2156
5796,20000.0,19049.0,5820.0,8340.0,2160
5801,20000.0,19049.0,5830.0,8340.0,2160
5806,20000.0,19090.0,5830.0,8340.0,2160
5811,20000.0,19090.0,5830.0,8360.0,2160
5816,20000.0,19130.0,5840.0,8360.0,2162
5821,20000.0,19130.0,5840.0,8375.0,2170
5826,20000.0,19130.0,5860.0,8375.0,2170
5831,20000.0,19170.0,5860.0,8375.0,2170
5836,20000.0,19170.0,5860.0,8390.0,2170
5841,20000.0,19210.0,5870.0,8390.0,2170
5846,20000.0,19210.0,5870.0,8410.0,2180
5851,20000.0,19210.0,5870.0,8410.0,2180
5856,20000.0,19250.0,5880.0,8427.0,2180
5861,20000.0,19250.0,5880.0,8427.0,2180
5866,20000.0,19294.0,5890.0,8427.0,2180
5871,20000.0,19294.0,5890.0,8442.0,2188
5876,20000.0,19337.0,5910.0,8442.0,2190
5881,20000.0,19339.0,5910.0,8460.0,2190
5886,20000.0,19339.0,5910.0,8460.0,2190
5891,20000.0,19380.0,5920.0,8460.0,2190
5896,20000.0,19380.0,5920.0,8480.0,2190
5901,20000.0,19420.0,5930.0,8480.0,2200
5906,20000.0,19420.0,5930.0,8500.0,2200
5911,20000.0,19420.0,5930.0,8500.0,2200
5916,20000.0,19462.0,5942.0,8500.0,2200
5921,20000.0,19462.0,5942.0,8515.0,2200
5926,20000.0,19462.0,5942.0,8515.0,2210
5931,20000.0,19510.0,5960.0,8530.0,2210
5936,20000.0,19510.0,5960.0,8530.0,2210
5941,20000.0,19550.0,5970.0,8530.0,2210
5946,20000.0,19550.0,5970.0,8550.0,2210
5951,20000.0,19550.0,5970.0,8550.0,2218
5956,20000.0,19590.0,5980.0,8570.0,2220
5961,20000.0,19590.0,5980.0,8570.0,2220
5966,20000.0,19630.0,5997.0,8586.0,2220
5971,20000.0,19630.0,5997.0,8587.0,2220
5976,20000.0,19630.0,6010.0,8587.0,2220
5981,20000.0,19670.0,6010.0,8600.0,2230
5986,20000.0,19670.0,6010.0,8600.0,2230
5991,20000.0,19719.0,6020.0,8620.0,2230
5996,20000.0,19719.0,6020.0,8620.0,2230
6001,20000.0,19719.0,6030.0,8620.0,2230
6006,20000.0,19760.0,6030.0,8640.0,2240
6011,20000.0,19760.0,6030.0,8640.0,2240
6016,20000.0,19796.0,6040.0,8655.0,2240
6021,20000.0,19796.0,6040.0,8660.0,2240
6026,20000.0,19796.0,6060.0,8660.0,2240
6031,20000.0,19840.0,6060.0,8674.0,2249
6036,20000.0,19840.0,6060.0,8674.0,2250
6041,20000.0,19880.0,6070.0,8690.0,2250
6046,20000.0,19880.0,6070.0,8690.0,2250
6051,20000.0,19880.0,6080.0,8690.0,2250
6056,20000.0,19920.0,6080.0,8710.0,2251
6061,20000.0,19920.0,6080.0,8710.0,2260
6066,20000.0,19960.0,6090.0,8730.0,2260
6071,20000.0,19960.0,6090.0,8730.0,2260
6076,20000.0,19960.0,6104.0,8730.0,2260
6081,20000.0,20000.0,6104.0,8747.0,2260
6086,20000.0,20000.0,6120.0,8747.0,2270
6091,20000.0,20000.0,6120.0,8760.0,2270
6096,20000.0,20000.0,6120.0,8760.0,2270
6101,20000.0,20000.0,6130.0,8780.0,2270
6106,20000.0,20000.0,6130.0,8780.0,2270
6111,20000.0,20000.0,6140.0,8780.0,2279
6116,20000.0,20000.0,6140.0,8800.0,2280
6121,20000.0,20000.0,6140.0,8800.0,2280
6126,20000.0,20000.0,6150.0,8800.0,2280
6131,20000.0,20000.0,6150.0,8820.0,2280
6136,20000.0,20000.0,6170.0,8820.0,2284
6141,20000.0,20000.0,6170.0,8834.0,2290
6146,20000.0,20000.0,6170.0,8834.0,2290
6151,20000.0,20000.0,6180.0,8834.0,2290
6156,20000.0,20000.0,6180.0,8850.0,2290
6161,20000.0,20000.0,6190.0,8850.0,2295
6166,20000.0,20000.0,6190.0,8870.0,2300
6171,20000.0,20000.0,6190.0,8870.0,2300
6176,20000.0,20000.0,6206.0,8870.0,2300
6181,20000.0,20000.0,6206.0,8890.0,2300
6186,20000.0,20000.0,6220.0,8890.0,2300
6191,20000.0,20000.0,6220.0,8909.0,2310
6196,20000.0,20000.0,6230.0,8909.0,2310
6201,20000.0,20000.0,6230.0,8916.0,2310
6206,20000.0,20000.0,6230.0,8920.0,2310
6211,20000.0,20000.0,6240.0,8920.0,2310
6216,20000.0,20000.0,6240.0,8940.0,2317
6221,20000.0,20000.0,6240.0,8940.0,2320
6226,20000.0,20000.0,6252.0,8960.0,2320
6231,20000.0,20000.0,6252.0,8960.0,2320
6236,20000.0,20000.0,6270.0,8960.0,2320
6241,20000.0,20000.0,6270.0,8980.0,2320
6246,20000.0,20000.0,6270.0,8980.0,2330
6251,20000.0,20000.0,6280.0,8980.0,2330
6256,20000.0,20000.0,6280.0,8994.0,2330
6261,20000.0,20000.0,6290.0,8994.0,2330
6266,20000.0,20000.0,6290.0,9013.0,2330
6271,20000.0,20000.0,6290.0,9013.0,2340
6276,20000.0,20000.0,6310.0,9013.0,2340
6281,20000.0,20000.0,6310.0,9030.0,2340
6286,20000.0,20000.0,6310.0,9030.0,2340
6291,20000.0,20000.0,6320.0,9050.0,2340
6296,20000.0,20000.0,6320.0,9050.0,2344
6301,20000.0,20000.0,6330.0,9070.0,2350
6306,20000.0,20000.0,6330.0,9070.0,2350
6311,20000.0,20000.0,6341.0,9070.0,2350
6316,20000.0,20000.0,6341.0,9090.0,2350
6321,20000.0,20000.0,6341.0,9090.0,2350
6326,20000.0,20000.0,6360.0,9090.0,2360
6331,20000.0,20000.0,6360.0,9106.0,2360
6336,20000.0,20000.0,6360.0,9106.0,2360
6341,20000.0,20000.0,6370.0,9120.0,2360
6346,20000.0,20000.0,6370.0,9120.0,2360
6351,20000.0,20000.0,6380.0,9140.0,2368
6356,20000.0,20000.0,6380.0,9140.0,2370
6361,20000.0,20000.0,6390.0,9140.0,2370
6366,20000.0,20000.0,6390.0,9160.0,2370
6371,20000.0,20000.0,6390.0,9160.0,2370
6376,20000.0,20000.0,6410.0,9173.0,2374
6381,20000.0,20000.0,6410.0,9173.0,2380
6386,20000.0,20000.0,6420.0,9173.0,2380
6391,20000.0,20000.0,6420.0,9190.0,2380
6396,20000.0,20000.0,6420.0,9190.0,2380
6401,20000.0,20000.0,6430.0,9210.0,2380
6406,20000.0,20000.0,6430.0,9210.0,2389
6411,20000.0,20000.0,6430.0,9227.0,2390
6416,20000.0,20000.0,6450.0,9228.0,2390
6421,20000.0,20000.0,6450.0,9228.0,2390
6426,20000.0,20000.0,6460.0,9240.0,2390
6431,20000.0,20000.0,6460.0,9240.0,2393
6436,20000.0,20000.0,6460.0,9241.0,2400
6441,20000.0,20000.0,6470.0,9260.0,2400
6446,20000.0,20000.0,6470.0,9260.0,2400
6451,20000.0,20000.0,6480.0,9280.0,2400
6456,20000.0,20000.0,6480.0,9280.0,2400
6461,20000.0,20000.0,6495.0,9300.0,2410
6466,20000.0,20000.0,6495.0,9300.0,2410
6471,20000.0,20000.0,6495.0,9300.0,2410
6476,20000.0,20000.0,6510.0,9317.0,2410
6481,20000.0,20000.0,6510.0,9317.0,2410
6486,20000.0,20000.0,6520.0,9339.0,2418
6491,20000.0,20000.0,6520.0,9339.0,2420
6496,20000.0,20000.0,6520.0,9339.0,2420
6501,20000.0,20000.0,6530.0,9350.0,2420
6506,20000.0,20000.0,6530.0,9350.0,2420
6511,20000.0,20000.0,6550.0,9370.0,2423
6516,20000.0,20000.0,6550.0,9370.0,2430
6521,20000.0,20000.0,6550.0,9370.0,2430
6526,20000.0,20000.0,6560.0,9390.0,2430
6531,20000.0,20000.0,6560.0,9390.0,2430
6536,20000.0,20000.0,6570.0,9408.0,2430
6541,20000.0,20000.0,6570.0,9408.0,2440
6546,20000.0,20000.0,6570.0,9408.0,2440
6551,20000.0,20000.0,6580.0,9423.0,2440
6556,20000.0,20000.0,6580.0,9423.0,2440
6561,20000.0,20000.0,6600.0,9423.0,2440
6566,20000.0,20000.0,6600.0,9440.0,2450
6571,20000.0,20000.0,6600.0,9440.0,2450
6576,20000.0,20000.0,6610.0,9460.0,2450
6581,20000.0,20000.0,6610.0,9460.0,2450
6586,20000.0,20000.0,6620.0,9480.0,2450
6591,20000.0,20000.0,6620.0,9480.0,2456
6596,20000.0,20000.0,6620.0,9480.0,2460
6601,20000.0,20000.0,6638.0,9497.0,2460
6606,20000.0,20000.0,6638.0,9497.0,2460
6611,20000.0,20000.0,6650.0,9511.0,2460
6616,20000.0,20000.0,6650.0,9511.0,2460
6621,20000.0,20000.0,6650.0,9511.0,2470
6626,20000.0,20000.0,6660.0,9530.0,2470
6631,20000.0,20000.0,6660.0,9530.0,2470
6636,20000.0,20000.0,6670.0,9550.0,2470
6641,20000.0,20000.0,6670.0,9550.0,2470
6646,20000.0,20000.0,6670.0,9550.0,2480
6651,20000.0,20000.0,6690.0,9570.0,2480
6656,20000.0,20000.0,6690.0,9570.0,2480
6661,20000.0,20000.0,6690.0,9585.0,2480
6666,20000.0,20000.0,6700.0,9585.0,2480
6671,20000.0,20000.0,6700.0,9585.0,2487
6676,20000.0,20000.0,6710.0,9601.0,2490
6681,20000.0,20000.0,6710.0,9601.0,2490
6686,20000.0,20000.0,6710.0,9620.0,2490
6691,20000.0,20000.0,6720.0,9620.0,2490
6696,20000.0,20000.0,6720.0,9620.0,2493
6701,20000.0,20000.0,6738.0,9640.0,2500
6706,20000.0,20000.0,6738.0,9640.0,2500
6711,20000.0,20000.0,6738.0,9660.0,2500
6716,20000.0,20000.0,6750.0,9660.0,2500
6721,20000.0,20000.0,6750.0,9673.0,2500
6726,20000.0,20000.0,6760.0,9673.0,2510
6731,20000.0,20000.0,6760.0,9673.0,2510
6736,20000.0,20000.0,6760.0,9690.0,2510
6741,20000.0,20000.0,6770.0,9690.0,2510
6746,20000.0,20000.0,6770.0,9710.0,2510
6751,20000.0,20000.0,6789.0,9710.0,2520
6756,20000.0,20000.0,6789.0,9710.0,2520
6761,20000.0,20000.0,6789.0,9730.0,2520
6766,20000.0,20000.0,6800.0,9730.0,2520
6771,20000.0,20000.0,6800.0,9750.0,2520
6776,20000.0,20000.0,6810.0,9750.0,2526
6781,20000.0,20000.0,6810.0,9750.0,2530
6786,20000.0,20000.0,6820.0,9765.0,2530
6791,20000.0,20000.0,6820.0,9765.0,2530
6796,20000.0,20000.0,6820.0,9765.0,2530
6801,20000.0,20000.0,6831.0,9784.0,2530
6806,20000.0,20000.0,6831.0,9784.0,2540
6811,20000.0,20000.0,6850.0,9800.0,2540
6816,20000.0,20000.0,6850.0,9800.0,2540
6821,20000.0,20000.0,6850.0,9800.0,2540
6826,20000.0,20000.0,6860.0,9820.0,2540
6831,20000.0,20000.0,6860.0,9820.0,2548
6836,20000.0,20000.0,6870.0,9840.0,2550
6841,20000.0,20000.0,6870.0,9840.0,2550
6846,20000.0,20000.0,6870.0,9840.0,2550
6851,20000.0,20000.0,6881.0,9860.0,2550
6856,20000.0,20000.0,6881.0,9860.0,2552
6861,20000.0,20000.0,6900.0,9872.0,2560
6866,20000.0,20000.0,6900.0,9872.0,2560
6871,20000.0,20000.0,6900.0,9890.0,2560
6876,20000.0,20000.0,6910.0,9890.0,2560
6881,20000.0,20000.0,6910.0,9890.0,2560
6886,20000.0,20000.0,6920.0,9910.0,2570
6891,20000.0,20000.0,6920.0,9910.0,2570
6896,20000.0,20000.0,6920.0,9918.0,2570
6901,20000.0,20000.0,6931.0,9930.0,2570
6906,20000.0,20000.0,6931.0,9930.0,2570
6911,20000.0,20000.0,6950.0,9941.0,2579
6916,20000.0,20000.0,6950.0,9941.0,2580
6921,20000.0,20000.0,6950.0,9960.0,2580
6926,20000.0,20000.0,6960.0,9960.0,2580
6931,20000.0,20000.0,6960.0,9980.0,2580
6936,20000.0,20000.0,6970.0,9980.0,2583
6941,20000.0,20000.0,6970.0,9980.0,2590
6946,20000.0,20000.0,6970.0,10000.0,2590
6951,20000.0,20000.0,6990.0,10000.0,2590
6956,20000.0,20000.0,6990.0,10000.0,2590
6961,20000.0,20000.0,7000.0,10014.0,2590
6966,20000.0,20000.0,7000.0,10014.0,2600
6971,20000.0,20000.0,7000.0,10030.0,2600
6976,20000.0,20000.0,7010.0,10030.0,2600
6981,20000.0,20000.0,7010.0,10030.0,2600
6986,20000.0,20000.0,7020.0,10050.0,2600
6991,20000.0,20000.0,7020.0,10050.0,2607
6996,20000.0,20000.0,7033.0,10070.0,2610
7001,20000.0,20000.0,7037.0,10070.0,2610
7006,20000.0,20000.0,7037.0,10070.0,2610
7011,20000.0,20000.0,7050.0,10090.0,2610
7016,20000.0,20000.0,7050.0,10090.0,2612
7021,20000.0,20000.0,7060.0,10104.0,2620
7026,20000.0,20000.0,7060.0,10104.0,2620
7031,20000.0,20000.0,7060.0,10120.0,2620
7036,20000.0,20000.0,7070.0,10120.0,2620
7041,20000.0,20000.0,7070.0,10120.0,2620
7046,20000.0,20000.0,7082.0,10140.0,2629
7051,20000.0,20000.0,7082.0,10140.0,2630
7056,20000.0,20000.0,7082.0,10160.0,2630
7061,20000.0,20000.0,7100.0,10160.0,2630
7066,20000.0,20000.0,7100.0,10170.0,2630
7071,20000.0,20000.0,7110.0,10170.0,2633
7076,20000.0,20000.0,7110.0,10170.0,2640
7081,20000.0,20000.0,7120.0,10190.0,2640
7086,20000.0,20000.0,7120.0,10190.0,2640
7091,20000.0,20000.0,7120.0,10210.0,2640
7096,20000.0,20000.0,7130.0,10210.0,2640
7101,20000.0,20000.0,7130.0,10210.0,2650
7106,20000.0,20000.0,7150.0,10230.0,2650
7111,20000.0,20000.0,7150.0,10230.0,2650
7116,20000.0,20000.0,7150.0,10250.0,2650
7121,20000.0,20000.0,7160.0,10250.0,2650
7126,20000.0,20000.0,7160.0,10250.0,2660
7131,20000.0,20000.0,7160.0,10260.0,2660
7136,20000.0,20000.0,7170.0,10260.0,2660
7141,20000.0,20000.0,7170.0,10280.0,2660
7146,20000.0,20000.0,7187.0,10280.0,2660
7151,20000.0,20000.0,7187.0,10280.0,2667
7156,20000.0,20000.0,7187.0,10300.0,2670
7161,20000.0,20000.0,7200.0,10300.0,2670
7166,20000.0,20000.0,7200.0,10320.0,2670
7171,20000.0,20000.0,7210.0,10320.0,2670
7176,20000.0,20000.0,7210.0,10320.0,2670
7181,20000.0,20000.0,7210.0,10340.0,2680
7186,20000.0,20000.0,7220.0,10340.0,2680
7191,20000.0,20000.0,7220.0,10340.0,2680
7196,20000.0,20000.0,7234.0,10360.0,2680
7201,20000.0,20000.0,7234.0,10360.0,2680
7206,20000.0,20000.0,7239.0,10377.0,2688
7211,20000.0,20000.0,7250.0,10377.0,2690
7216,20000.0,20000.0,7250.0,10377.0,2690
7221,20000.0,20000.0,7260.0,10390.0,2690
7226,20000.0,20000.0,7260.0,10390.0,2690
7231,20000.0,20000.0,7270.0,10410.0,2692
7236,20000.0,20000.0,7270.0,10410.0,2700
7241,20000.0,20000.0,7270.0,10410.0,2700
7246,20000.0,20000.0,7280.0,10430.0,2700
7251,20000.0,20000.0,7280.0,10430.0,2700
7256,20000.0,20000.0,7280.0,10450.0,2700
7261,20000.0,20000.0,7300.0,10450.0,2710
7266,20000.0,20000.0,7300.0,10450.0,2710
7271,20000.0,20000.0,7310.0,10464.0,2710
7276,20000.0,20000.0,7310.0,10464.0,2710
7281,20000.0,20000.0,7310.0,10480.0,2710
7286,20000.0,20000.0,7320.0,10480.0,2716
7291,20000.0,20000.0,7320.0,10480.0,2720
7296,20000.0,20000.0,7340.0,10500.0,2720
7301,20000.0,20000.0,7340.0,10500.0,2720
7306,20000.0,20000.0,7340.0,10520.0,2720
7311,20000.0,20000.0,7350.0,10520.0,2723
7316,20000.0,20000.0,7350.0,10520.0,2730
7321,20000.0,20000.0,7360.0,10540.0,2730
7326,20000.0,20000.0,7360.0,10540.0,2730
7331,20000.0,20000.0,7360.0,10560.0,2730
7336,20000.0,20000.0,7375.0,10560.0,2730
7341,20000.0,20000.0,7375.0,10560.0,2740
7346,20000.0,20000.0,7390.0,10580.0,2740
7351,20000.0,20000.0,7390.0,10580.0,2740
7356,20000.0,20000.0,7390.0,10592.0,2740
7361,20000.0,20000.0,7400.0,10592.0,2740
7366,20000.0,20000.0,7400.0,10592.0,2749
7371,20000.0,20000.0,7410.0,10610.0,2750
7376,20000.0,20000.0,7410.0,10610.0,2750
7381,20000.0,20000.0,7410.0,10630.0,2750
7386,20000.0,20000.0,7428.0,10630.0,2750
7391,20000.0,20000.0,7428.0,10630.0,2751
7396,20000.0,20000.0,7440.0,10650.0,2760
7401,20000.0,20000.0,7440.0,10650.0,2760
7406,20000.0,20000.0,7440.0,10650.0,2760
7411,20000.0,20000.0,7450.0,10670.0,2760
7416,20000.0,20000.0,7450.0,10670.0,2761
7421,20000.0,20000.0,7460.0,10690.0,2770
7426,20000.0,20000.0,7460.0,10690.0,2770
7431,20000.0,20000.0,7460.0,10690.0,2770
7436,20000.0,20000.0,7479.0,10700.0,2770
7441,20000.0,20000.0,7479.0,10700.0,2770
7446,20000.0,20000.0,7490.0,10720.0,2780
7451,20000.0,20000.0,7490.0,10720.0,2780
7456,20000.0,20000.0,7490.0,10720.0,2780
7461,20000.0,20000.0,7500.0,10740.0,2780
7466,20000.0,20000.0,7500.0,10740.0,2780
7471,20000.0,20000.0,7510.0,10757.0,2786
7476,20000.0,20000.0,7510.0,10760.0,2790
7481,20000.0,20000.0,7510.0,10760.0,2790
7486,20000.0,20000.0,7530.0,10780.0,2790
7491,20000.0,20000.0,7530.0,10780.0,2790
7496,20000.0,20000.0,7540.0,10780.0,2790
7501,20000.0,20000.0,7540.0,10800.0,2800
7506,20000.0,20000.0,7540.0,10800.0,2800
7511,20000.0,20000.0,7550.0,10820.0,2800
7516,20000.0,20000.0,7550.0,10820.0,2800
7521,20000.0,20000.0,7560.0,10820.0,2800
7526,20000.0,20000.0,7560.0,10830.0,2809
7531,20000.0,20000.0,7560.0,10830.0,2810
7536,20000.0,20000.0,7580.0,10850.0,2810
7541,20000.0,20000.0,7580.0,10850.0,2810
7546,20000.0,20000.0,7580.0,10870.0,2810
7551,20000.0,20000.0,7590.0,10870.0,2811
7556,20000.0,20000.0,7590.0,10870.0,2820
7561,20000.0,20000.0,7600.0,10885.0,2820
7566,20000.0,20000.0,7600.0,10885.0,2820
7571,20000.0,20000.0,7600.0,10900.0,2820
7576,20000.0,20000.0,7616.0,10900.0,2820
7581,20000.0,20000.0,7616.0,10900.0,2830
7586,20000.0,20000.0,7630.0,10920.0,2830
7591,20000.0,20000.0,7630.0,10920.0,2830
7596,20000.0,20000.0,7630.0,10940.0,2830
7601,20000.0,20000.0,7640.0,10940.0,2830
7606,20000.0,20000.0,7640.0,10940.0,2836
7611,20000.0,20000.0,7650.0,10960.0,2840
7616,20000.0,20000.0,7650.0,10960.0,2840
7621,20000.0,20000.0,7660.0,10971.0,2840
7626,20000.0,20000.0,7660.0,10971.0,2840
7631,20000.0,20000.0,7660.0,10971.0,2844
7636,20000.0,20000.0,7680.0,10990.0,2850
7641,20000.0,20000.0,7680.0,10990.0,2850
7646,20000.0,20000.0,7680.0,11010.0,2850
7651,20000.0,20000.0,7690.0,11010.0,2850
7656,20000.0,20000.0,7690.0,11010.0,2850
7661,20000.0,20000.0,7700.0,11030.0,2860
7666,20000.0,20000.0,7700.0,11030.0,2860
7671,20000.0,20000.0,7700.0,11050.0,2860
7676,20000.0,20000.0,7720.0,11050.0,2860
7681,20000.0,20000.0,7720.0,11050.0,2860
7686,20000.0,20000.0,7730.0,11070.0,2868
7691,20000.0,20000.0,7730.0,11070.0,2870
7696,20000.0,20000.0,7730.0,11088.0,2870
7701,20000.0,20000.0,7740.0,11088.0,2870
7706,20000.0,20000.0,7740.0,11088.0,2870
7711,20000.0,20000.0,7750.0,11103.0,2871
7716,20000.0,20000.0,7750.0,11103.0,2880
7721,20000.0,20000.0,7750.0,11103.0,2880
7726,20000.0,20000.0,7769.0,11120.0,2880
7731,20000.0,20000.0,7769.0,11120.0,2880
7736,20000.0,20000.0,7780.0,11140.0,2880
7741,20000.0,20000.0,7780.0,11140.0,2890
7746,20000.0,20000.0,7780.0,11140.0,2890
7751,20000.0,20000.0,7790.0,11160.0,2890
7756,20000.0,20000.0,7790.0,11160.0,2890
7761,20000.0,20000.0,7806.0,11180.0,2890
7766,20000.0,20000.0,7806.0,11180.0,2898
7771,20000.0,20000.0,7806.0,11180.0,2900
7776,20000.0,20000.0,7820.0,11200.0,2900
7781,20000.0,20000.0,7820.0,11200.0,2900
7786,20000.0,20000.0,7830.0,11211.0,2900
7791,20000.0,20000.0,7830.0,11212.0,2902
7796,20000.0,20000.0,7830.0,11212.0,2910
7801,20000.0,20000.0,7840.0,11230.0,2910
7806,20000.0,20000.0,7840.0,11230.0,2910
7811,20000.0,20000.0,7855.0,11250.0,2910
7816,20000.0,20000.0,7855.0,11250.0,2910
7821,20000.0,20000.0,7855.0,11250.0,2920
7826,20000.0,20000.0,7870.0,11270.0,2920
7831,20000.0,20000.0,7870.0,11270.0,2920
7836,20000.0,20000.0,7880.0,11270.0,2920
7841,20000.0,20000.0,7880.0,11290.0,2920
7846,20000.0,20000.0,7880.0,11290.0,2925
7851,20000.0,20000.0,7890.0,11310.0,2930
7856,20000.0,20000.0,7890.0,11310.0,2930
7861,20000.0,20000.0,7890.0,11310.0,2930
7866,20000.0,20000.0,7910.0,11320.0,2930
7871,20000.0,20000.0,7910.0,11320.0,2931
7876,20000.0,20000.0,7920.0,11340.0,2940
7881,20000.0,20000.0,7920.0,11340.0,2940
7886,20000.0,20000.0,7920.0,11340.0,2940
7891,20000.0,20000.0,7930.0,11360.0,2940
7896,20000.0,20000.0,7930.0,11360.0,2940
7901,20000.0,20000.0,7950.0,11380.0,2947
7906,20000.0,20000.0,7950.0,11380.0,2950
7911,20000.0,20000.0,7950.0,11391.0,2950
7916,20000.0,20000.0,7960.0,11393.0,2950
7921,20000.0,20000.0,7960.0,11393.0,2950
7926,20000.0,20000.0,7970.0,11410.0,2951
7931,20000.0,20000.0,7970.0,11410.0,2960
7936,20000.0,20000.0,7970.0,11430.0,2960
7941,20000.0,20000.0,7986.0,11430.0,2960
7946,20000.0,20000.0,7986.0,11430.0,2960
7951,20000.0,20000.0,8000.0,11448.0,2960
7956,20000.0,20000.0,8000.0,11448.0,2970
7961,20000.0,20000.0,8000.0,11460.0,2970
7966,20000.0,20000.0,8010.0,11460.0,2970
7971,20000.0,20000.0,8010.0,11480.0,2970
7976,20000.0,20000.0,8020.0,11480.0,2970
7981,20000.0,20000.0,8020.0,11480.0,2980
7986,20000.0,20000.0,8020.0,11500.0,2980
7991,20000.0,20000.0,8030.0,11500.0,2980
7996,20000.0,20000.0,8030.0,11520.0,2980
8001,20000.0,20000.0,8048.0,11520.0,2980
8006,20000.0,20000.0,8048.0,11520.0,2988
8011,20000.0,20000.0,8060.0,11531.0,2990
8016,20000.0,20000.0,8060.0,11531.0,2990
8021,20000.0,20000.0,8060.0,11550.0,2990
8026,20000.0,20000.0,8070.0,11550.0,2990
8031,20000.0,20000.0,8070.0,11550.0,2990
8036,20000.0,20000.0,8080.0,11570.0,3000
8041,20000.0,20000.0,8080.0,11570.0,3000
8046,20000.0,20000.0,8080.0,11590.0,3000
8051,20000.0,20000.0,8090.0,11590.0,3000
8056,20000.0,20000.0,8090.0,11590.0,3000
8061,20000.0,20000.0,8110.0,11610.0,3008
8066,20000.0,20000.0,8110.0,11610.0,3010
8071,20000.0,20000.0,8110.0,11621.0,3010
8076,20000.0,20000.0,8120.0,11621.0,3010
8081,20000.0,20000.0,8120.0,11621.0,3010
8086,20000.0,20000.0,8130.0,11640.0,3014
8091,20000.0,20000.0,8130.0,11640.0,3020
8096,20000.0,20000.0,8130.0,11660.0,3020
8101,20000.0,20000.0,8140.0,11660.0,3020
8106,20000.0,20000.0,8140.0,11660.0,3020
8111,20000.0,20000.0,8160.0,11680.0,3020
8116,20000.0,20000.0,8160.0,11680.0,3030
8121,20000.0,20000.0,8160.0,11700.0,3030
8126,20000.0,20000.0,8170.0,11700.0,3030
8131,20000.0,20000.0,8170.0,11700.0,3030
8136,20000.0,20000.0,8180.0,11711.0,3030
8141,20000.0,20000.0,8180.0,11711.0,3034
8146,20000.0,20000.0,8180.0,11730.0,3040
8151,20000.0,20000.0,8190.0,11730.0,3040
8156,20000.0,20000.0,8190.0,11730.0,3040
8161,20000.0,20000.0,8206.0,11750.0,3040
8166,20000.0,20000.0,8206.0,11750.0,3041
8171,20000.0,20000.0,8206.0,11769.0,3050
8176,20000.0,20000.0,8220.0,11769.0,3050
8181,20000.0,20000.0,8220.0,11778.0,3050
8186,20000.0,20000.0,8230.0,11780.0,3050
8191,20000.0,20000.0,8230.0,11780.0,3050
8196,20000.0,20000.0,8230.0,11800.0,3060
8201,20000.0,20000.0,8240.0,11800.0,3060
8206,20000.0,20000.0,8240.0,11802.0,3060
8211,20000.0,20000.0,8259.0,11820.0,3060
8216,20000.0,20000.0,8259.0,11820.0,3060
8221,20000.0,20000.0,8259.0,11840.0,3064
8226,20000.0,20000.0,8270.0,11840.0,3070
8231,20000.0,20000.0,8270.0,11840.0,3070
8236,20000.0,20000.0,8280.0,11860.0,3070
8241,20000.0,20000.0,8280.0,11860.0,3070
8246,20000.0,20000.0,8280.0,11875.0,3071
8251,20000.0,20000.0,8293.0,11875.0,3080
8256,20000.0,20000.0,8293.0,11875.0,3080
8261,20000.0,20000.0,8310.0,11890.0,3080
8266,20000.0,20000.0,8310.0,11890.0,3080
8271,20000.0,20000.0,8310.0,11910.0,3080
8276,20000.0,20000.0,8320.0,11910.0,3090
8281,20000.0,20000.0,8320.0,11910.0,3090
8286,20000.0,20000.0,8330.0,11930.0,3090
8291,20000.0,20000.0,8330.0,11930.0,3090
8296,20000.0,20000.0,8340.0,11950.0,3090
8301,20000.0,20000.0,8340.0,11950.0,3094
8306,20000.0,20000.0,8340.0,11950.0,3100
8311,20000.0,20000.0,8360.0,11966.0,3100
8316,20000.0,20000.0,8360.0,11966.0,3100
8321,20000.0,20000.0,8370.0,11980.0,3100
8326,20000.0,20000.0,8370.0,11980.0,3100
8331,20000.0,20000.0,8370.0,11980.0,3110
8336,20000.0,20000.0,8380.0,12000.0,3110
8341,20000.0,20000.0,8380.0,12000.0,3110
8346,20000.0,20000.0,8390.0,12020.0,3110
8351,20000.0,20000.0,8390.0,12020.0,3110
8356,20000.0,20000.0,8402.0,12020.0,3120
8361,20000.0,20000.0,8402.0,12040.0,3120
8366,20000.0,20000.0,8402.0,12040.0,3120
8371,20000.0,20000.0,8420.0,12060.0,3120
8376,20000.0,20000.0,8420.0,12060.0,3120
8381,20000.0,20000.0,8430.0,12060.0,3125
8386,20000.0,20000.0,8430.0,12070.0,3130
8391,20000.0,20000.0,8430.0,12070.0,3130
8396,20000.0,20000.0,8440.0,12090.0,3130
8401,20000.0,20000.0,8440.0,12090.0,3130
8406,20000.0,20000.0,8450.0,12090.0,3130
8411,20000.0,20000.0,8451.0,12110.0,3140
8416,20000.0,20000.0,8451.0,12110.0,3140
8421,20000.0,20000.0,8470.0,12130.0,3140
8426,20000.0,20000.0,8470.0,12130.0,3140
8431,20000.0,20000.0,8480.0,12130.0,3140
8436,20000.0,20000.0,8480.0,12141.0,3150
8441,20000.0,20000.0,8480.0,12141.0,3150
8446,20000.0,20000.0,8490.0,12160.0,3150
8451,20000.0,20000.0,8490.0,12160.0,3150
8456,20000.0,20000.0,8490.0,12180.0,3150
8461,20000.0,20000.0,8510.0,12180.0,3154
8466,20000.0,20000.0,8510.0,12180.0,3160
8471,20000.0,20000.0,8520.0,12200.0,3160
8476,20000.0,20000.0,8520.0,12200.0,3160
8481,20000.0,20000.0,8530.0,12200.0,3160
8486,20000.0,20000.0,8530.0,12220.0,3160
8491,20000.0,20000.0,8530.0,12220.0,3170
8496,20000.0,20000.0,8540.0,12231.0,3170
8501,20000.0,20000.0,8540.0,12231.0,3170
8506,20000.0,20000.0,8553.0,12231.0,3170
8511,20000.0,20000.0,8553.0,12250.0,3170
8516,20000.0,20000.0,8553.0,12250.0,3178
8521,20000.0,20000.0,8570.0,12270.0,3180
8526,20000.0,20000.0,8570.0,12270.0,3180
8531,20000.0,20000.0,8580.0,12270.0,3180
8536,20000.0,20000.0,8580.0,12290.0,3180
8541,20000.0,20000.0,8580.0,12290.0,3181
8546,20000.0,20000.0,8590.0,12310.0,3190
8551,20000.0,20000.0,8590.0,12310.0,3190
8556,20000.0,20000.0,8607.0,12320.0,3190
8561,20000.0,20000.0,8607.0,12320.0,3190
8566,20000.0,20000.0,8607.0,12320.0,3190
8571,20000.0,20000.0,8620.0,12340.0,3200
8576,20000.0,20000.0,8620.0,12340.0,3200
8581,20000.0,20000.0,8630.0,12340.0,3200
8586,20000.0,20000.0,8630.0,12360.0,3200
8591,20000.0,20000.0,8630.0,12360.0,3200
8596,20000.0,20000.0,8640.0,12380.0,3207
8601,20000.0,20000.0,8640.0,12380.0,3210
8606,20000.0,20000.0,8660.0,12380.0,3210
8611,20000.0,20000.0,8660.0,12400.0,3210
8616,20000.0,20000.0,8660.0,12400.0,3210
8621,20000.0,20000.0,8670.0,12410.0,3212
8626,20000.0,20000.0,8670.0,12410.0,3220
8631,20000.0,20000.0,8680.0,12410.0,3220
8636,20000.0,20000.0,8680.0,12430.0,3220
8641,20000.0,20000.0,8680.0,12430.0,3220
8646,20000.0,20000.0,8693.0,12450.0,3220
8651,20000.0,20000.0,8693.0,12450.0,3230
8656,20000.0,20000.0,8710.0,12470.0,3230
8661,20000.0,20000.0,8710.0,12470.0,3230
8666,20000.0,20000.0,8710.0,12470.0,3230
8671,20000.0,20000.0,8720.0,12490.0,3230
8676,20000.0,20000.0,8720.0,12490.0,3238
8681,20000.0,20000.0,8720.0,12490.0,3240
8686,20000.0,20000.0,8731.0,12507.0,3240
8691,20000.0,20000.0,8731.0,12507.0,3240
8696,20000.0,20000.0,8748.0,12520.0,3240
8701,20000.0,20000.0,8748.0,12520.0,3241
8706,20000.0,20000.0,8752.0,12520.0,3250
8711,20000.0,20000.0,8760.0,12540.0,3250
8716,20000.0,20000.0,8760.0,12540.0,3250
8721,20000.0,20000.0,8770.0,12560.0,3250
8726,20000.0,20000.0,8770.0,12560.0,3250
8731,20000.0,20000.0,8770.0,12578.0,3260
8736,20000.0,20000.0,8780.0,12578.0,3260
8741,20000.0,20000.0,8780.0,12578.0,3260
8746,20000.0,20000.0,8800.0,12590.0,3260
8751,20000.0,20000.0,8800.0,12590.0,3260
8756,20000.0,20000.0,8810.0,12610.0,3270
8761,20000.0,20000.0,8810.0,12610.0,3270
8766,20000.0,20000.0,8810.0,12610.0,3270
8771,20000.0,20000.0,8820.0,12630.0,3270
8776,20000.0,20000.0,8820.0,12630.0,3270
8781,20000.0,20000.0,8830.0,12650.0,3278
8786,20000.0,20000.0,8830.0,12650.0,3280
8791,20000.0,20000.0,8830.0,12650.0,3280
8796,20000.0,20000.0,8850.0,12660.0,3280
8801,20000.0,20000.0,8850.0,12660.0,3280
8806,20000.0,20000.0,8850.0,12680.0,3280
8811,20000.0,20000.0,8860.0,12680.0,3290
8816,20000.0,20000.0,8860.0,12700.0,3290
8821,20000.0,20000.0,8870.0,12700.0,3290
8826,20000.0,20000.0,8870.0,12700.0,3290
8831,20000.0,20000.0,8870.0,12720.0,3290
8836,20000.0,20000.0,8883.0,12720.0,3300
8841,20000.0,20000.0,8883.0,12720.0,3300
8846,20000.0,20000.0,8900.0,12739.0,3300
8851,20000.0,20000.0,8900.0,12739.0,3300
8856,20000.0,20000.0,8910.0,12750.0,3300
8861,20000.0,20000.0,8910.0,12750.0,3304
8866,20000.0,20000.0,8910.0,12770.0,3310
8871,20000.0,20000.0,8920.0,12770.0,3310
8876,20000.0,20000.0,8920.0,12770.0,3310
8881,20000.0,20000.0,8930.0,12790.0,3310
8886,20000.0,20000.0,8930.0,12790.0,3310
8891,20000.0,20000.0,8930.0,12802.0,3320
8896,20000.0,20000.0,8949.0,12802.0,3320
8901,20000.0,20000.0,8949.0,12802.0,3320
8906,20000.0,20000.0,8960.0,12820.0,3320
8911,20000.0,20000.0,8960.0,12820.0,3320
8916,20000.0,20000.0,8960.0,12840.0,3324
8921,20000.0,20000.0,8970.0,12840.0,3330
8926,20000.0,20000.0,8970.0,12840.0,3330
8931,20000.0,20000.0,8980.0,12860.0,3330
8936,20000.0,20000.0,8980.0,12860.0,3330
8941,20000.0,20000.0,8990.0,12880.0,3330
8946,20000.0,20000.0,8993.0,12880.0,3340
8951,20000.0,20000.0,8993.0,12880.0,3340
8956,20000.0,20000.0,9010.0,12900.0,3340
8961,20000.0,20000.0,9010.0,12900.0,3340
8966,20000.0,20000.0,9010.0,12910.0,3340
8971,20000.0,20000.0,9020.0,12910.0,3346
8976,20000.0,20000.0,9020.0,12910.0,3350
8981,20000.0,20000.0,9030.0,12930.0,3350
8986,20000.0,20000.0,9030.0,12930.0,3350
8991,20000.0,20000.0,9030.0,12950.0,3350
8996,20000.0,20000.0,9050.0,12950.0,3350
9001,20000.0,20000.0,9050.0,12958.0,3360
9006,20000.0,20000.0,9060.0,12969.0,3360
9011,20000.0,20000.0,9060.0,12969.0,3360
9016,20000.0,20000.0,9060.0,12980.0,3360
9021,20000.0,20000.0,9070.0,12980.0,3360
9026,20000.0,20000.0,9070.0,12980.0,3368
9031,20000.0,20000.0,9081.0,13000.0,3370
9036,20000.0,20000.0,9081.0,13000.0,3370
9041,20000.0,20000.0,9081.0,13020.0,3370
9046,20000.0,20000.0,9100.0,13020.0,3370
9051,20000.0,20000.0,9100.0,13029.0,3372
9056,20000.0,20000.0,9102.0,13040.0,3380
9061,20000.0,20000.0,9110.0,13040.0,3380
9066,20000.0,20000.0,9110.0,13057.0,3380
9071,20000.0,20000.0,9120.0,13057.0,3380
9076,20000.0,20000.0,9120.0,13070.0,3380
9081,20000.0,20000.0,9134.0,13070.0,3390
9086,20000.0,20000.0,9134.0,13070.0,3390
9091,20000.0,20000.0,9134.0,13090.0,3390
9096,20000.0,20000.0,9150.0,13090.0,3390
9101,20000.0,20000.0,9150.0,13110.0,3390
9106,20000.0,20000.0,9150.0,13110.0,3398
9111,20000.0,20000.0,9160.0,13110.0,3400
9116,20000.0,20000.0,9160.0,13130.0,3400
9121,20000.0,20000.0,9170.0,13130.0,3400
9126,20000.0,20000.0,9170.0,13130.0,3400
9131,20000.0,20000.0,9182.0,13150.0,3400
9136,20000.0,20000.0,9182.0,13150.0,3410
9141,20000.0,20000.0,9182.0,13164.0,3410
9146,20000.0,20000.0,9200.0,13164.0,3410
9151,20000.0,20000.0,9200.0,13164.0,3410
9156,20000.0,20000.0,9210.0,13180.0,3410
9161,20000.0,20000.0,9210.0,13180.0,3419
9166,20000.0,20000.0,9213.0,13200.0,3420
9171,20000.0,20000.0,9220.0,13200.0,3420
9176,20000.0,20000.0,9220.0,13200.0,3420
9181,20000.0,20000.0,9230.0,13220.0,3420
9186,20000.0,20000.0,9230.0,13220.0,3424
9191,20000.0,20000.0,9233.0,13230.0,3430
9196,20000.0,20000.0,9240.0,13230.0,3430
9201,20000.0,20000.0,9240.0,13250.0,3430
9206,20000.0,20000.0,9260.0,13250.0,3430
9211,20000.0,20000.0,9260.0,13250.0,3430
9216,20000.0,20000.0,9260.0,13270.0,3440
9221,20000.0,20000.0,9270.0,13270.0,3440
9226,20000.0,20000.0,9270.0,13270.0,3440
9231,20000.0,20000.0,9280.0,13290.0,3440
9236,20000.0,20000.0,9280.0,13290.0,3440
9241,20000.0,20000.0,9280.0,13310.0,3448
9246,20000.0,20000.0,9293.0,13310.0,3450
9251,20000.0,20000.0,9293.0,13310.0,3450
9256,20000.0,20000.0,9310.0,13330.0,3450
9261,20000.0,20000.0,9310.0,13330.0,3450
9266,20000.0,20000.0,9320.0,13344.0,3450
9271,20000.0,20000.0,9320.0,13344.0,3460
9276,20000.0,20000.0,9320.0,13344.0,3460
9281,20000.0,20000.0,9330.0,13360.0,3460
9286,20000.0,20000.0,9330.0,13360.0,3460
9291,20000.0,20000.0,9340.0,13380.0,3460
9296,20000.0,20000.0,9340.0,13380.0,3470
9301,20000.0,20000.0,9340.0,13380.0,3470
9306,20000.0,20000.0,9360.0,13400.0,3470
9311,20000.0,20000.0,9360.0,13400.0,3470
9316,20000.0,20000.0,9370.0,13419.0,3470
9321,20000.0,20000.0,9370.0,13419.0,3476
9326,20000.0,20000.0,9380.0,13419.0,3480
9331,20000.0,20000.0,9380.0,13435.0,3480
9336,20000.0,20000.0,9380.0,13435.0,3480
9341,20000.0,20000.0,9390.0,13435.0,3480
9346,20000.0,20000.0,9390.0,13456.0,3481
9351,20000.0,20000.0,9409.0,13456.0,3490
9356,20000.0,20000.0,9409.0,13470.0,3490
9361,20000.0,20000.0,9409.0,13470.0,3490
9366,20000.0,20000.0,9420.0,13470.0,3490
9371,20000.0,20000.0,9420.0,13490.0,3490
9376,20000.0,20000.0,9430.0,13490.0,3500
9381,20000.0,20000.0,9430.0,13510.0,3500
9386,20000.0,20000.0,9430.0,13510.0,3500
9391,20000.0,20000.0,9440.0,13510.0,3500
9396,20000.0,20000.0,9440.0,13530.0,3500
9401,20000.0,20000.0,9450.0,13530.0,3506
9406,20000.0,20000.0,9450.0,13549.0,3510
9411,20000.0,20000.0,9465.0,13549.0,3510
9416,20000.0,20000.0,9465.0,13549.0,3510
9421,20000.0,20000.0,9465.0,13560.0,3510
9426,20000.0,20000.0,9480.0,13560.0,3510
9431,20000.0,20000.0,9480.0,13580.0,3520
9436,20000.0,20000.0,9480.0,13580.0,3520
9441,20000.0,20000.0,9490.0,13580.0,3520
9446,20000.0,20000.0,9490.0,13600.0,3520
9451,20000.0,20000.0,9502.0,13600.0,3520
9456,20000.0,20000.0,9502.0,13620.0,3529
9461,20000.0,20000.0,9511.0,13620.0,3530
9466,20000.0,20000.0,9520.0,13620.0,3530
9471,20000.0,20000.0,9520.0,13634.0,3530
9476,20000.0,20000.0,9530.0,13634.0,3530
9481,20000.0,20000.0,9530.0,13650.0,3534
9486,20000.0,20000.0,9540.0,13650.0,3540
9491,20000.0,20000.0,9540.0,13650.0,3540
9496,20000.0,20000.0,9540.0,13670.0,3540
9501,20000.0,20000.0,9550.0,13670.0,3540
9506,20000.0,20000.0,9550.0,13690.0,3540
9511,20000.0,20000.0,9570.0,13690.0,3550
9516,20000.0,20000.0,9570.0,13690.0,3550
9521,20000.0,20000.0,9570.0,13706.0,3550
9526,20000.0,20000.0,9580.0,13706.0,3550
9531,20000.0,20000.0,9580.0,13720.0,3550
9536,20000.0,20000.0,9590.0,13720.0,3558
9541,20000.0,20000.0,9590.0,13740.0,3560
9546,20000.0,20000.0,9590.0,13740.0,3560
9551,20000.0,20000.0,9600.0,13740.0,3560
9556,20000.0,20000.0,9600.0,13760.0,3560
9561,20000.0,20000.0,9620.0,13760.0,3561
9566,20000.0,20000.0,9620.0,13774.0,3570
9571,20000.0,20000.0,9621.0,13774.0,3570
9576,20000.0,20000.0,9630.0,13774.0,3570
9581,20000.0,20000.0,9630.0,13790.0,3570
9586,20000.0,20000.0,9640.0,13790.0,3570
9591,20000.0,20000.0,9640.0,13810.0,3579
9596,20000.0,20000.0,9650.0,13810.0,3580
9601,20000.0,20000.0,9650.0,13810.0,3580
9606,20000.0,20000.0,9650.0,13830.0,3580
9611,20000.0,20000.0,9662.0,13830.0,3580
9616,20000.0,20000.0,9662.0,13850.0,3580
9621,20000.0,20000.0,9680.0,13850.0,3590
9626,20000.0,20000.0,9680.0,13850.0,3590
9631,20000.0,20000.0,9680.0,13860.0,3590
9636,20000.0,20000.0,9690.0,13860.0,3590
9641,20000.0,20000.0,9690.0,13880.0,3590
9646,20000.0,20000.0,9700.0,13880.0,3600
9651,20000.0,20000.0,9700.0,13880.0,3600
9656,20000.0,20000.0,9700.0,13900.0,3600
9661,20000.0,20000.0,9720.0,13900.0,3600
9666,20000.0,20000.0,9720.0,13920.0,3600
9671,20000.0,20000.0,9730.0,13920.0,3608
9676,20000.0,20000.0,9730.0,13930.0,3610
9681,20000.0,20000.0,9730.0,13930.0,3610
9686,20000.0,20000.0,9740.0,13930.0,3610
9691,20000.0,20000.0,9740.0,13950.0,3610
9696,20000.0,20000.0,9750.0,13950.0,3611
9701,20000.0,20000.0,9750.0,13950.0,3620
9706,20000.0,20000.0,9750.0,13970.0,3620
9711,20000.0,20000.0,9767.0,13970.0,3620
9716,20000.0,20000.0,9767.0,13990.0,3620
9721,20000.0,20000.0,9780.0,13990.0,3620
9726,20000.0,20000.0,9780.0,14010.0,3630
9731,20000.0,20000.0,9780.0,14010.0,3630
9736,20000.0,20000.0,9790.0,14010.0,3630
9741,20000.0,20000.0,9790.0,14020.0,3630
9746,20000.0,20000.0,9800.0,14020.0,3630
9751,20000.0,20000.0,9800.0,14040.0,3639
9756,20000.0,20000.0,9816.0,14040.0,3640
9761,20000.0,20000.0,9816.0,14040.0,3640
9766,20000.0,20000.0,9816.0,14060.0,3640
9771,20000.0,20000.0,9830.0,14060.0,3640
9776,20000.0,20000.0,9830.0,14080.0,3646
9781,20000.0,20000.0,9840.0,14080.0,3650
9786,20000.0,20000.0,9840.0,14080.0,3650
9791,20000.0,20000.0,9850.0,14090.0,3650
9796,20000.0,20000.0,9850.0,14090.0,3650
9801,20000.0,20000.0,9850.0,14111.0,3650
9806,20000.0,20000.0,9862.0,14111.0,3660
9811,20000.0,20000.0,9862.0,14111.0,3660
9816,20000.0,20000.0,9880.0,14130.0,3660
9821,20000.0,20000.0,9880.0,14130.0,3660
9826,20000.0,20000.0,9880.0,14150.0,3660
9831,20000.0,20000.0,9890.0,14150.0,3668
9836,20000.0,20000.0,9890.0,14150.0,3670
9841,20000.0,20000.0,9900.0,14169.0,3670
9846,20000.0,20000.0,9900.0,14169.0,3670
9851,20000.0,20000.0,9910.0,14180.0,3670
9856,20000.0,20000.0,9910.0,14180.0,3674
9861,20000.0,20000.0,9910.0,14200.0,3680
9866,20000.0,20000.0,9924.0,14200.0,3680
9871,20000.0,20000.0,9924.0,14200.0,3680
9876,20000.0,20000.0,9924.0,14220.0,3680
9881,20000.0,20000.0,9940.0,14220.0,3680
9886,20000.0,20000.0,9940.0,14239.0,3690
9891,20000.0,20000.0,9950.0,14240.0,3690
9896,20000.0,20000.0,9950.0,14240.0,3690
9901,20000.0,20000.0,9960.0,14256.0,3690
9906,20000.0,20000.0,9960.0,14256.0,3690
9911,20000.0,20000.0,9960.0,14256.0,3695
9916,20000.0,20000.0,9971.0,14271.0,3700
9921,20000.0,20000.0,9971.0,14271.0,3700
9926,20000.0,20000.0,9990.0,14290.0,3700
9931,20000.0,20000.0,9990.0,14290.0,3700
9936,20000.0,20000.0,9990.0,14290.0,3704
9941,20000.0,20000.0,10000.0,14310.0,3710
9946,20000.0,20000.0,10000.0,14310.0,3710
9951,20000.0,20000.0,10000.0,14330.0,3710
9956,20000.0,20000.0,10011.0,14330.0,3710
9961,20000.0,20000.0,10011.0,14330.0,3710
9966,20000.0,20000.0,10030.0,14346.0,3720
9971,20000.0,20000.0,10030.0,14346.0,3720
9976,20000.0,20000.0,10030.0,14360.0,3720
9981,20000.0,20000.0,10040.0,14360.0,3720
9986,20000.0,20000.0,10040.0,14360.0,3720
9991,20000.0,20000.0,10050.0,14380.0,3725
9996,20000.0,20000.0,10050.0,14380.0,3730
10001,20000.0,20000.0,10050.0,14400.0,3730
10006,20000.0,20000.0,10070.0,14400.0,3730
10011,20000.0,20000.0,10070.0,14400.0,3730
10016,20000.0,20000.0,10080.0,14420.0,3730
10021,20000.0,20000.0,10080.0,14420.0,3740
10026,20000.0,20000.0,10080.0,14440.0,3740
10031,20000.0,20000.0,10090.0,14440.0,3740
10036,20000.0,20000.0,10090.0,14440.0,3740
10041,20000.0,20000.0,10103.0,14450.0,3740
10046,20000.0,20000.0,10103.0,14450.0,3746
10051,20000.0,20000.0,10103.0,14470.0,3750
10056,20000.0,20000.0,10120.0,14470.0,3750
10061,20000.0,20000.0,10120.0,14470.0,3750
10066,20000.0,20000.0,10130.0,14490.0,3750
10071,20000.0,20000.0,10130.0,14490.0,3752
10076,20000.0,20000.0,10130.0,14510.0,3760
10081,20000.0,20000.0,10143.0,14510.0,3760
10086,20000.0,20000.0,10143.0,14510.0,3760
10091,20000.0,20000.0,10143.0,14523.0,3760
10096,20000.0,20000.0,10160.0,14523.0,3760
10101,20000.0,20000.0,10160.0,14540.0,3770
10106,20000.0,20000.0,10170.0,14540.0,3770
10111,20000.0,20000.0,10170.0,14560.0,3770
10116,20000.0,20000.0,10170.0,14560.0,3770
10121,20000.0,20000.0,10180.0,14560.0,3770
10126,20000.0,20000.0,10180.0,14580.0,3779
10131,20000.0,20000.0,10200.0,14580.0,3780
10136,20000.0,20000.0,10200.0,14592.0,3780
10141,20000.0,20000.0,10207.0,14592.0,3780
10146,20000.0,20000.0,10210.0,14592.0,3780
10151,20000.0,20000.0,10210.0,14610.0,3782
10156,20000.0,20000.0,10220.0,14610.0,3790
10161,20000.0,20000.0,10220.0,14630.0,3790
10166,20000.0,20000.0,10230.0,14630.0,3790
10171,20000.0,20000.0,10230.0,14630.0,3790
10176,20000.0,20000.0,10230.0,14650.0,3790
10181,20000.0,20000.0,10250.0,14650.0,3799
10186,20000.0,20000.0,10250.0,14667.0,3800
10191,20000.0,20000.0,10260.0,14667.0,3800
10196,20000.0,20000.0,10260.0,14667.0,3800
10201,20000.0,20000.0,10260.0,14680.0,3800
10206,20000.0,20000.0,10270.0,14680.0,3806
10211,20000.0,20000.0,10270.0,14700.0,3810
10216,20000.0,20000.0,10280.0,14700.0,3810
10221,20000.0,20000.0,10280.0,14700.0,3810
10226,20000.0,20000.0,10280.0,14720.0,3810
10231,20000.0,20000.0,10299.0,14720.0,3810
10236,20000.0,20000.0,10299.0,14730.0,3820
10241,20000.0,20000.0,10310.0,14730.0,3820
10246,20000.0,20000.0,10310.0,14750.0,3820
10251,20000.0,20000.0,10310.0,14750.0,3820
10256,20000.0,20000.0,10320.0,14750.0,3820
10261,20000.0,20000.0,10320.0,14770.0,3830
10266,20000.0,20000.0,10330.0,14770.0,3830
10271,20000.0,20000.0,10330.0,14780.0,3830
10276,20000.0,20000.0,10330.0,14780.0,3830
10281,20000.0,20000.0,10344.0,14800.0,3830
10286,20000.0,20000.0,10344.0,14800.0,3839
10291,20000.0,20000.0,10360.0,14800.0,3840
10296,20000.0,20000.0,10360.0,14820.0,3840
10301,20000.0,20000.0,10360.0,14820.0,3840
10306,20000.0,20000.0,10370.0,14840.0,3840
10311,20000.0,20000.0,10370.0,14840.0,3843
10316,20000.0,20000.0,10380.0,14840.0,3850
10321,20000.0,20000.0,10380.0,14850.0,3850
10326,20000.0,20000.0,10380.0,14850.0,3850
10331,20000.0,20000.0,10400.0,14870.0,3850
10336,20000.0,20000.0,10400.0,14870.0,3850
10341,20000.0,20000.0,10410.0,14870.0,3860
10346,20000.0,20000.0,10410.0,14890.0,3860
10351,20000.0,20000.0,10410.0,14890.0,3860
10356,20000.0,20000.0,10420.0,14910.0,3860
10361,20000.0,20000.0,10420.0,14910.0,3860
10366,20000.0,20000.0,10431.0,14910.0,3870
10371,20000.0,20000.0,10431.0,14930.0,3870
10376,20000.0,20000.0,10431.0,14930.0,3870
10381,20000.0,20000.0,10450.0,14930.0,3870
10386,20000.0,20000.0,10450.0,14950.0,3870
10391,20000.0,20000.0,10460.0,14950.0,3874
10396,20000.0,20000.0,10460.0,14962.0,3880
10401,20000.0,20000.0,10470.0,14962.0,3880
10406,20000.0,20000.0,10470.0,14980.0,3880
10411,20000.0,20000.0,10470.0,14980.0,3880
10416,20000.0,20000.0,10480.0,14980.0,3880
10421,20000.0,20000.0,10480.0,15000.0,3890
10426,20000.0,20000.0,10500.0,15000.0,3890
10431,20000.0,20000.0,10500.0,15000.0,3890
10436,20000.0,20000.0,10500.0,15020.0,3890
10441,20000.0,20000.0,10510.0,15020.0,3890
10446,20000.0,20000.0,10510.0,15032.0,3897
10451,20000.0,20000.0,10510.0,15032.0,3900
10456,20000.0,20000.0,10520.0,15050.0,3900
10461,20000.0,20000.0,10520.0,15050.0,3900
10466,20000.0,20000.0,10540.0,15050.0,3900
10471,20000.0,20000.0,10540.0,15070.0,3904
10476,20000.0,20000.0,10540.0,15070.0,3910
10481,20000.0,20000.0,10550.0,15082.0,3910
10486,20000.0,20000.0,10550.0,15082.0,3910
10491,20000.0,20000.0,10560.0,15082.0,3910
10496,20000.0,20000.0,10560.0,15100.0,3910
10501,20000.0,20000.0,10560.0,15100.0,3920
10506,20000.0,20000.0,10580.0,15120.0,3920
10511,20000.0,20000.0,10580.0,15120.0,3920
10516,20000.0,20000.0,10580.0,15140.0,3920
10521,20000.0,20000.0,10590.0,15140.0,3920
10526,20000.0,20000.0,10590.0,15140.0,3930
10531,20000.0,20000.0,10600.0,15160.0,3930
10536,20000.0,20000.0,10600.0,15160.0,3930
10541,20000.0,20000.0,10600.0,15160.0,3930
10546,20000.0,20000.0,10614.0,15180.0,3930
10551,20000.0,20000.0,10614.0,15180.0,3934
10556,20000.0,20000.0,10630.0,15191.0,3940
10561,20000.0,20000.0,10630.0,15191.0,3940
10566,20000.0,20000.0,10630.0,15191.0,3940
10571,20000.0,20000.0,10640.0,15210.0,3940
10576,20000.0,20000.0,10640.0,15210.0,3940
10581,20000.0,20000.0,10651.0,15230.0,3950
10586,20000.0,20000.0,10651.0,15230.0,3950
10591,20000.0,20000.0,10651.0,15241.0,3950
10596,20000.0,20000.0,10670.0,15250.0,3950
10601,20000.0,20000.0,10670.0,15250.0,3950
10606,20000.0,20000.0,10670.0,15264.0,3958
10611,20000.0,20000.0,10680.0,15264.0,3960
10616,20000.0,20000.0,10680.0,15264.0,3960
10621,20000.0,20000.0,10694.0,15280.0,3960
10626,20000.0,20000.0,10694.0,15280.0,3960
10631,20000.0,20000.0,10703.0,15300.0,3960
10636,20000.0,20000.0,10710.0,15300.0,3970
10641,20000.0,20000.0,10710.0,15300.0,3970
10646,20000.0,20000.0,10720.0,15320.0,3970
10651,20000.0,20000.0,10720.0,15320.0,3970
10656,20000.0,20000.0,10720.0,15340.0,3970
10661,20000.0,20000.0,10730.0,15340.0,3980
10666,20000.0,20000.0,10730.0,15350.0,3980
10671,20000.0,20000.0,10750.0,15350.0,3980
10676,20000.0,20000.0,10750.0,15350.0,3980
10681,20000.0,20000.0,10750.0,15370.0,3980
10686,20000.0,20000.0,10760.0,15370.0,3989
10691,20000.0,20000.0,10760.0,15370.0,3990
10696,20000.0,20000.0,10760.0,15390.0,3990
10701,20000.0,20000.0,10770.0,15390.0,3990
10706,20000.0,20000.0,10770.0,15410.0,3990
10711,20000.0,20000.0,10781.0,15410.0,3992
10716,20000.0,20000.0,10781.0,15425.0,4000
10721,20000.0,20000.0,10781.0,15425.0,4000
10726,20000.0,20000.0,10800.0,15425.0,4000
10731,20000.0,20000.0,10800.0,15440.0,4000
10736,20000.0,20000.0,10810.0,15440.0,4000
10741,20000.0,20000.0,10810.0,15460.0,4010
10746,20000.0,20000.0,10810.0,15460.0,4010
10751,20000.0,20000.0,10825.0,15460.0,4010
10756,20000.0,20000.0,10825.0,15480.0,4010
10761,20000.0,20000.0,10840.0,15480.0,4010
10766,20000.0,20000.0,10840.0,15480.0,4017
10771,20000.0,20000.0,10840.0,15500.0,4020
10776,20000.0,20000.0,10850.0,15500.0,4020
10781,20000.0,20000.0,10850.0,15520.0,4020
10786,20000.0,20000.0,10860.0,15520.0,4020
10791,20000.0,20000.0,10860.0,15520.0,4022
10796,20000.0,20000.0,10860.0,15540.0,4030
10801,20000.0,20000.0,10873.0,15540.0,4030
10806,20000.0,20000.0,10873.0,15560.0,4030
10811,20000.0,20000.0,10890.0,15560.0,4030
10816,20000.0,20000.0,10890.0,15560.0,4030
10821,20000.0,20000.0,10890.0,15575.0,4040
10826,20000.0,20000.0,10900.0,15575.0,4040
10831,20000.0,20000.0,10900.0,15590.0,4040
10836,20000.0,20000.0,10910.0,15590.0,4040
10841,20000.0,20000.0,10910.0,15590.0,4040
10846,20000.0,20000.0,10920.0,15610.0,4048
10851,20000.0,20000.0,10920.0,15610.0,4050
10856,20000.0,20000.0,10920.0,15630.0,4050
10861,20000.0,20000.0,10940.0,15630.0,4050
10866,20000.0,20000.0,10940.0,15630.0,4050
10871,20000.0,20000.0,10950.0,15650.0,4054
10876,20000.0,20000.0,10950.0,15650.0,4060
10881,20000.0,20000.0,10950.0,15650.0,4060
10886,20000.0,20000.0,10960.0,15670.0,4060
10891,20000.0,20000.0,10960.0,15670.0,4060
10896,20000.0,20000.0,10972.0,15690.0,4060
10901,20000.0,20000.0,10972.0,15690.0,4070
10906,20000.0,20000.0,10972.0,15690.0,4070
10911,20000.0,20000.0,10990.0,15706.0,4070
10916,20000.0,20000.0,10990.0,15706.0,4070
10921,20000.0,20000.0,10990.0,15720.0,4070
10926,20000.0,20000.0,11000.0,15720.0,4077
10931,20000.0,20000.0,11000.0,15720.0,4080
10936,20000.0,20000.0,11015.0,15740.0,4080
10941,20000.0,20000.0,11015.0,15740.0,4080
10946,20000.0,20000.0,11015.0,15741.0,4080
10951,20000.0,20000.0,11030.0,15760.0,4081
10956,20000.0,20000.0,11030.0,15760.0,4090
10961,20000.0,20000.0,11040.0,15780.0,4090
10966,20000.0,20000.0,11040.0,15780.0,4090
10971,20000.0,20000.0,11050.0,15780.0,4090
10976,20000.0,20000.0,11050.0,15800.0,4090
10981,20000.0,20000.0,11050.0,15800.0,4100
10986,20000.0,20000.0,11060.0,15818.0,4100
10991,20000.0,20000.0,11060.0,15818.0,4100
10996,20000.0,20000.0,11080.0,15818.0,4100
11001,20000.0,20000.0,11080.0,15830.0,4100
11006,20000.0,20000.0,11080.0,15830.0,4107
11011,20000.0,20000.0,11090.0,15850.0,4110
11016,20000.0,20000.0,11090.0,15850.0,4110
11021,20000.0,20000.0,11100.0,15870.0,4110
11026,20000.0,20000.0,11100.0,15870.0,4110
11031,20000.0,20000.0,11100.0,15870.0,4111
11036,20000.0,20000.0,11111.0,15890.0,4120
11041,20000.0,20000.0,11111.0,15890.0,4120
11046,20000.0,20000.0,11128.0,15900.0,4120
11051,20000.0,20000.0,11128.0,15900.0,4120
11056,20000.0,20000.0,11140.0,15900.0,4120
11061,20000.0,20000.0,11140.0,15920.0,4130
11066,20000.0,20000.0,11140.0,15920.0,4130
11071,20000.0,20000.0,11150.0,15940.0,4130
11076,20000.0,20000.0,11150.0,15940.0,4130
11081,20000.0,20000.0,11150.0,15940.0,4130
11086,20000.0,20000.0,11160.0,15960.0,4137
11091,20000.0,20000.0,11160.0,15960.0,4140
11096,20000.0,20000.0,11180.0,15970.0,4140
11101,20000.0,20000.0,11180.0,15970.0,4140
11106,20000.0,20000.0,11183.0,15970.0,4140
11111,20000.0,20000.0,11190.0,15990.0,4140
11116,20000.0,20000.0,11190.0,15990.0,4150
11121,20000.0,20000.0,11200.0,16010.0,4150
11126,20000.0,20000.0,11200.0,16010.0,4150
11131,20000.0,20000.0,11210.0,16010.0,4150
11136,20000.0,20000.0,11210.0,16027.0,4150
11141,20000.0,20000.0,11210.0,16027.0,4160
11146,20000.0,20000.0,11229.0,16040.0,4160
11151,20000.0,20000.0,11229.0,16040.0,4160
11156,20000.0,20000.0,11229.0,16040.0,4160
11161,20000.0,20000.0,11240.0,16060.0,4160
11166,20000.0,20000.0,11240.0,16060.0,4167
11171,20000.0,20000.0,11250.0,16080.0,4170
11176,20000.0,20000.0,11250.0,16080.0,4170
11181,20000.0,20000.0,11250.0,16080.0,4170
11186,20000.0,20000.0,11263.0,16100.0,4170
11191,20000.0,20000.0,11263.0,16100.0,4170
11196,20000.0,20000.0,11280.0,16120.0,4180
11201,20000.0,20000.0,11280.0,16120.0,4180
11206,20000.0,20000.0,11280.0,16120.0,4180
11211,20000.0,20000.0,11290.0,16132.0,4180
11216,20000.0,20000.0,11290.0,16132.0,4180
11221,20000.0,20000.0,11300.0,16150.0,4190
11226,20000.0,20000.0,11300.0,16150.0,4190
11231,20000.0,20000.0,11300.0,16150.0,4190
11236,20000.0,20000.0,11320.0,16170.0,4190
11241,20000.0,20000.0,11320.0,16170.0,4190
11246,20000.0,20000.0,11330.0,16170.0,4197
11251,20000.0,20000.0,11330.0,16190.0,4200
11256,20000.0,20000.0,11330.0,16190.0,4200
11261,20000.0,20000.0,11340.0,16210.0,4200
11266,20000.0,20000.0,11340.0,16210.0,4200
11271,20000.0,20000.0,11340.0,16210.0,4201
11276,20000.0,20000.0,11354.0,16230.0,4210
11281,20000.0,20000.0,11354.0,16230.0,4210
11286,20000.0,20000.0,11370.0,16243.0,4210
11291,20000.0,20000.0,11370.0,16243.0,4210
11296,20000.0,20000.0,11370.0,16243.0,4210
11301,20000.0,20000.0,11380.0,16262.0,4220
11306,20000.0,20000.0,11380.0,16262.0,4220
11311,20000.0,20000.0,11390.0,16262.0,4220
11316,20000.0,20000.0,11390.0,16280.0,4220
11321,20000.0,20000.0,11390.0,16280.0,4220
11326,20000.0,20000.0,11403.0,16300.0,4226
11331,20000.0,20000.0,11403.0,16300.0,4230
11336,20000.0,20000.0,11420.0,16320.0,4230
11341,20000.0,20000.0,11420.0,16320.0,4230
11346,20000.0,20000.0,11420.0,16320.0,4230
11351,20000.0,20000.0,11430.0,16340.0,4230
11356,20000.0,20000.0,11430.0,16340.0,4240
11361,20000.0,20000.0,11440.0,16359.0,4240
11366,20000.0,20000.0,11440.0,16360.0,4240
11371,20000.0,20000.0,11440.0,16360.0,4240
11376,20000.0,20000.0,11460.0,16375.0,4240
11381,20000.0,20000.0,11460.0,16375.0,4248
11386,20000.0,20000.0,11470.0,16375.0,4250
11391,20000.0,20000.0,11470.0,16392.0,4250
11396,20000.0,20000.0,11470.0,16392.0,4250
11401,20000.0,20000.0,11480.0,16410.0,4250
11406,20000.0,20000.0,11480.0,16410.0,4250
11411,20000.0,20000.0,11480.0,16410.0,4260
11416,20000.0,20000.0,11498.0,16430.0,4260
11421,20000.0,20000.0,11498.0,16430.0,4260
11426,20000.0,20000.0,11510.0,16430.0,4260
11431,20000.0,20000.0,11510.0,16450.0,4260
11436,20000.0,20000.0,11510.0,16450.0,4270
11441,20000.0,20000.0,11520.0,16470.0,4270
11446,20000.0,20000.0,11520.0,16470.0,4270
11451,20000.0,20000.0,11537.0,16470.0,4270
11456,20000.0,20000.0,11537.0,16490.0,4270
11461,20000.0,20000.0,11537.0,16490.0,4276
11466,20000.0,20000.0,11550.0,16508.0,4280
11471,20000.0,20000.0,11550.0,16508.0,4280
11476,20000.0,20000.0,11560.0,16508.0,4280
11481,20000.0,20000.0,11560.0,16521.0,4280
11486,20000.0,20000.0,11560.0,16521.0,4280
11491,20000.0,20000.0,11570.0,16540.0,4290
11496,20000.0,20000.0,11570.0,16540.0,4290
11501,20000.0,20000.0,11583.0,16540.0,4290
11506,20000.0,20000.0,11583.0,16560.0,4290
11511,20000.0,20000.0,11583.0,16560.0,4290
11516,20000.0,20000.0,11600.0,16580.0,4300
11521,20000.0,20000.0,11600.0,16580.0,4300
11526,20000.0,20000.0,11610.0,16580.0,4300
11531,20000.0,20000.0,11610.0,16600.0,4300
11536,20000.0,20000.0,11610.0,16600.0,4300
11541,20000.0,20000.0,11620.0,16618.0,4307
11546,20000.0,20000.0,11620.0,16618.0,4310
11551,20000.0,20000.0,11638.0,16618.0,4310
11556,20000.0,20000.0,11638.0,16630.0,4310
11561,20000.0,20000.0,11638.0,16630.0,4310
11566,20000.0,20000.0,11650.0,16650.0,4311
11571,20000.0,20000.0,11650.0,16650.0,4320
11576,20000.0,20000.0,11660.0,16650.0,4320
11581,20000.0,20000.0,11660.0,16670.0,4320
11586,20000.0,20000.0,11660.0,16670.0,4320
11591,20000.0,20000.0,11670.0,16680.0,4320
11596,20000.0,20000.0,11670.0,16680.0,4328
11601,20000.0,20000.0,11686.0,16700.0,4330
11606,20000.0,20000.0,11687.0,16700.0,4330
11611,20000.0,20000.0,11687.0,16700.0,4330
11616,20000.0,20000.0,11700.0,16720.0,4330
11621,20000.0,20000.0,11700.0,16720.0,4332
11626,20000.0,20000.0,11710.0,16740.0,4340
11631,20000.0,20000.0,11710.0,16740.0,4340
11636,20000.0,20000.0,11710.0,16740.0,4340
11641,20000.0,20000.0,11720.0,16750.0,4340
11646,20000.0,20000.0,11720.0,16750.0,4340
11651,20000.0,20000.0,11730.0,16770.0,4350
11656,20000.0,20000.0,11730.0,16770.0,4350
11661,20000.0,20000.0,11737.0,16780.0,4350
11666,20000.0,20000.0,11750.0,16790.0,4350
11671,20000.0,20000.0,11750.0,16790.0,4350
11676,20000.0,20000.0,11760.0,16810.0,4359
11681,20000.0,20000.0,11760.0,16810.0,4360
11686,20000.0,20000.0,11760.0,16817.0,4360
11691,20000.0,20000.0,11770.0,16823.0,4360
11696,20000.0,20000.0,11770.0,16823.0,4360
11701,20000.0,20000.0,11789.0,16840.0,4360
11706,20000.0,20000.0,11789.0,16840.0,4370
11711,20000.0,20000.0,11789.0,16860.0,4370
11716,20000.0,20000.0,11800.0,16860.0,4370
11721,20000.0,20000.0,11800.0,16860.0,4370
11726,20000.0,20000.0,11808.0,16880.0,4370
11731,20000.0,20000.0,11810.0,16880.0,4380
11736,20000.0,20000.0,11810.0,16890.0,4380
11741,20000.0,20000.0,11820.0,16890.0,4380
11746,20000.0,20000.0,11820.0,16890.0,4380
11751,20000.0,20000.0,11838.0,16910.0,4380
11756,20000.0,20000.0,11838.0,16910.0,4388
11761,20000.0,20000.0,11838.0,16930.0,4390
11766,20000.0,20000.0,11850.0,16930.0,4390
11771,20000.0,20000.0,11850.0,16930.0,4390
11776,20000.0,20000.0,11860.0,16950.0,4390
11781,20000.0,20000.0,11860.0,16950.0,4391
11786,20000.0,20000.0,11860.0,16965.0,4400
11791,20000.0,20000.0,11870.0,16965.0,4400
11796,20000.0,20000.0,11870.0,16980.0,4400
11801,20000.0,20000.0,11883.0,16980.0,4400
11806,20000.0,20000.0,11883.0,16980.0,4400
11811,20000.0,20000.0,11883.0,17000.0,4410
11816,20000.0,20000.0,11900.0,17000.0,4410
11821,20000.0,20000.0,11900.0,17000.0,4410
11826,20000.0,20000.0,11910.0,17020.0,4410
11831,20000.0,20000.0,11910.0,17020.0,4410
11836,20000.0,20000.0,11910.0,17040.0,4417
11841,20000.0,20000.0,11926.0,17040.0,4420
11846,20000.0,20000.0,11926.0,17059.0,4420
11851,20000.0,20000.0,11940.0,17059.0,4420
11856,20000.0,20000.0,11940.0,17059.0,4420
11861,20000.0,20000.0,11940.0,17070.0,4421
11866,20000.0,20000.0,11950.0,17070.0,4430
11871,20000.0,20000.0,11950.0,17090.0,4430
11876,20000.0,20000.0,11950.0,17090.0,4430
11881,20000.0,20000.0,11962.0,17090.0,4430
11886,20000.0,20000.0,11962.0,17110.0,4430
11891,20000.0,20000.0,11980.0,17110.0,4439
11896,20000.0,20000.0,11980.0,17110.0,4440
11901,20000.0,20000.0,11990.0,17130.0,4440
11906,20000.0,20000.0,11990.0,17130.0,4440
11911,20000.0,20000.0,11990.0,17150.0,4440
11916,20000.0,20000.0,12000.0,17150.0,4445
11921,20000.0,20000.0,12000.0,17150.0,4450
11926,20000.0,20000.0,12010.0,17167.0,4450
11931,20000.0,20000.0,12010.0,17167.0,4450
11936,20000.0,20000.0,12010.0,17180.0,4450
11941,20000.0,20000.0,12026.0,17180.0,4450
11946,20000.0,20000.0,12026.0,17200.0,4460
11951,20000.0,20000.0,12040.0,17200.0,4460
11956,20000.0,20000.0,12040.0,17200.0,4460
11961,20000.0,20000.0,12040.0,17220.0,4460
11966,20000.0,20000.0,12050.0,17220.0,4460
11971,20000.0,20000.0,12050.0,17237.0,4468
11976,20000.0,20000.0,12060.0,17237.0,4470
11981,20000.0,20000.0,12060.0,17237.0,4470
11986,20000.0,20000.0,12060.0,17250.0,4470
11991,20000.0,20000.0,12078.0,17250.0,4470
11996,20000.0,20000.0,12078.0,17270.0,4473
12001,20000.0,20000.0,12090.0,17270.0,4480
12006,20000.0,20000.0,12090.0,17270.0,4480
12011,20000.0,20000.0,12090.0,17290.0,4480
12016,20000.0,20000.0,12100.0,17290.0,4480
12021,20000.0,20000.0,12100.0,17302.0,4480
12026,20000.0,20000.0,12110.0,17310.0,4490
12031,20000.0,20000.0,12110.0,17310.0,4490
12036,20000.0,20000.0,12111.0,17330.0,4490
12041,20000.0,20000.0,12122.0,17330.0,4490
12046,20000.0,20000.0,12122.0,17330.0,4490
12051,20000.0,20000.0,12140.0,17350.0,4499
12056,20000.0,20000.0,12140.0,17350.0,4500
12061,20000.0,20000.0,12150.0,17360.0,4500
12066,20000.0,20000.0,12150.0,17360.0,4500
12071,20000.0,20000.0,12150.0,17380.0,4500
12076,20000.0,20000.0,12160.0,17380.0,4504
12081,20000.0,20000.0,12160.0,17380.0,4510
12086,20000.0,20000.0,12174.0,17400.0,4510
12091,20000.0,20000.0,12174.0,17400.0,4510
12096,20000.0,20000.0,12174.0,17400.0,4510
12101,20000.0,20000.0,12190.0,17420.0,4510
12106,20000.0,20000.0,12190.0,17420.0,4520
12111,20000.0,20000.0,12200.0,17440.0,4520
12116,20000.0,20000.0,12200.0,17440.0,4520
12121,20000.0,20000.0,12200.0,17440.0,4520
12126,20000.0,20000.0,12210.0,17460.0,4520
12131,20000.0,20000.0,12210.0,17460.0,4527
12136,20000.0,20000.0,12220.0,17470.0,4530
12141,20000.0,20000.0,12220.0,17470.0,4530
12146,20000.0,20000.0,12220.0,17470.0,4530
12151,20000.0,20000.0,12239.0,17490.0,4530
12156,20000.0,20000.0,12239.0,17490.0,4530
12161,20000.0,20000.0,12250.0,17490.0,4540
12166,20000.0,20000.0,12250.0,17510.0,4540
12171,20000.0,20000.0,12250.0,17510.0,4540
12176,20000.0,20000.0,12260.0,17530.0,4540
12181,20000.0,20000.0,12260.0,17530.0,4540
12186,20000.0,20000.0,12270.0,17541.0,4549
12191,20000.0,20000.0,12270.0,17548.0,4550
12196,20000.0,20000.0,12270.0,17548.0,4550
12201,20000.0,20000.0,12290.0,17567.0,4550
12206,20000.0,20000.0,12290.0,17567.0,4550
12211,20000.0,20000.0,12300.0,17567.0,4552
12216,20000.0,20000.0,12300.0,17580.0,4560
12221,20000.0,20000.0,12300.0,17580.0,4560
12226,20000.0,20000.0,12310.0,17600.0,4560
12231,20000.0,20000.0,12310.0,17600.0,4560
12236,20000.0,20000.0,12323.0,17600.0,4560
12241,20000.0,20000.0,12323.0,17620.0,4570
12246,20000.0,20000.0,12323.0,17620.0,4570
12251,20000.0,20000.0,12340.0,17640.0,4570
12256,20000.0,20000.0,12340.0,17640.0,4570
12261,20000.0,20000.0,12350.0,17640.0,4570
12266,20000.0,20000.0,12350.0,17659.0,4576
12271,20000.0,20000.0,12350.0,17659.0,4580
12276,20000.0,20000.0,12360.0,17670.0,4580
12281,20000.0,20000.0,12360.0,17670.0,4580
12286,20000.0,20000.0,12370.0,17670.0,4580
12291,20000.0,20000.0,12370.0,17690.0,4580
12296,20000.0,20000.0,12383.0,17690.0,4590
12301,20000.0,20000.0,12386.0,17710.0,4590
12306,20000.0,20000.0,12386.0,17710.0,4590
12311,20000.0,20000.0,12400.0,17710.0,4590
12316,20000.0,20000.0,12400.0,17730.0,4590
12321,20000.0,20000.0,12400.0,17730.0,4599
12326,20000.0,20000.0,12410.0,17750.0,4600
12331,20000.0,20000.0,12410.0,17750.0,4600
12336,20000.0,20000.0,12421.0,17750.0,4600
12341,20000.0,20000.0,12421.0,17769.0,4600
12346,20000.0,20000.0,12421.0,17769.0,4601
12351,20000.0,20000.0,12440.0,17790.0,4610
12356,20000.0,20000.0,12440.0,17790.0,4610
12361,20000.0,20000.0,12450.0,17790.0,4610
12366,20000.0,20000.0,12450.0,17800.0,4610
12371,20000.0,20000.0,12450.0,17800.0,4610
12376,20000.0,20000.0,12460.0,17820.0,4620
12381,20000.0,20000.0,12460.0,17820.0,4620
12386,20000.0,20000.0,12471.0,17820.0,4620
12391,20000.0,20000.0,12471.0,17840.0,4620
12396,20000.0,20000.0,12471.0,17840.0,4620
12401,20000.0,20000.0,12490.0,17840.0,4624
12406,20000.0,20000.0,12490.0,17860.0,4630
12411,20000.0,20000.0,12500.0,17860.0,4630
12416,20000.0,20000.0,12500.0,17880.0,4630
12421,20000.0,20000.0,12500.0,17880.0,4630
12426,20000.0,20000.0,12510.0,17890.0,4630
12431,20000.0,20000.0,12510.0,17890.0,4640
12436,20000.0,20000.0,12530.0,17890.0,4640
12441,20000.0,20000.0,12530.0,17910.0,4640
12446,20000.0,20000.0,12530.0,17910.0,4640
12451,20000.0,20000.0,12540.0,17930.0,4640
12456,20000.0,20000.0,12540.0,17930.0,4648
12461,20000.0,20000.0,12550.0,17930.0,4650
12466,20000.0,20000.0,12550.0,17950.0,4650
12471,20000.0,20000.0,12550.0,17950.0,4650
12476,20000.0,20000.0,12560.0,17970.0,4650
12481,20000.0,20000.0,12560.0,17970.0,4651
12486,20000.0,20000.0,12580.0,17970.0,4660
12491,20000.0,20000.0,12580.0,17983.0,4660
12496,20000.0,20000.0,12580.0,17983.0,4660
12501,20000.0,20000.0,12590.0,17995.0,4660
12506,20000.0,20000.0,12590.0,18000.0,4660
12511,20000.0,20000.0,12600.0,18000.0,4669
12516,20000.0,20000.0,12600.0,18020.0,4670
12521,20000.0,20000.0,12600.0,18020.0,4670
12526,20000.0,20000.0,12613.0,18040.0,4670
12531,20000.0,20000.0,12613.0,18040.0,4670
12536,20000.0,20000.0,12630.0,18040.0,4672
12541,20000.0,20000.0,12630.0,18052.0,4680
12546,20000.0,20000.0,12630.0,18052.0,4680
12551,20000.0,20000.0,12640.0,18070.0,4680
12556,20000.0,20000.0,12640.0,18070.0,4680
12561,20000.0,20000.0,12650.0,18070.0,4680
12566,20000.0,20000.0,12650.0,18090.0,4690
12571,20000.0,20000.0,12650.0,18090.0,4690
12576,20000.0,20000.0,12670.0,18110.0,4690
12581,20000.0,20000.0,12670.0,18110.0,4690
12586,20000.0,20000.0,12670.0,18110.0,4690
12591,20000.0,20000.0,12680.0,18130.0,4699
12596,20000.0,20000.0,12680.0,18130.0,4700
12601,20000.0,20000.0,12690.0,18148.0,4700
12606,20000.0,20000.0,12690.0,18148.0,4700
12611,20000.0,20000.0,12690.0,18160.0,4700
12616,20000.0,20000.0,12710.0,18160.0,4703
12621,20000.0,20000.0,12710.0,18160.0,4710
12626,20000.0,20000.0,12720.0,18180.0,4710
12631,20000.0,20000.0,12720.0,18180.0,4710
12636,20000.0,20000.0,12720.0,18200.0,4710
12641,20000.0,20000.0,12730.0,18200.0,4711
12646,20000.0,20000.0,12730.0,18200.0,4720
12651,20000.0,20000.0,12744.0,18220.0,4720
12656,20000.0,20000.0,12744.0,18220.0,4720
12661,20000.0,20000.0,12744.0,18220.0,4720
12666,20000.0,20000.0,12760.0,18240.0,4720
12671,20000.0,20000.0,12760.0,18240.0,4729
12676,20000.0,20000.0,12770.0,18250.0,4730
12681,20000.0,20000.0,12770.0,18250.0,4730
12686,20000.0,20000.0,12770.0,18250.0,4730
12691,20000.0,20000.0,12780.0,18270.0,4730
12696,20000.0,20000.0,12780.0,18270.0,4731
12701,20000.0,20000.0,12780.0,18290.0,4740
12706,20000.0,20000.0,12800.0,18290.0,4740
12711,20000.0,20000.0,12800.0,18310.0,4740
12716,20000.0,20000.0,12810.0,18310.0,4740
12721,20000.0,20000.0,12810.0,18310.0,4740
12726,20000.0,20000.0,12810.0,18320.0,4749
12731,20000.0,20000.0,12820.0,18320.0,4750
12736,20000.0,20000.0,12820.0,18340.0,4750
12741,20000.0,20000.0,12830.0,18340.0,4750
12746,20000.0,20000.0,12830.0,18340.0,4750
12751,20000.0,20000.0,12830.0,18360.0,4752
12756,20000.0,20000.0,12850.0,18360.0,4760
12761,20000.0,20000.0,12850.0,18380.0,4760
12766,20000.0,20000.0,12860.0,18380.0,4760
12771,20000.0,20000.0,12860.0,18380.0,4760
12776,20000.0,20000.0,12860.0,18400.0,4760
12781,20000.0,20000.0,12870.0,18400.0,4770
12786,20000.0,20000.0,12870.0,18400.0,4770
12791,20000.0,20000.0,12880.0,18420.0,4770
12796,20000.0,20000.0,12880.0,18420.0,4770
12801,20000.0,20000.0,12880.0,18430.0,4770
12806,20000.0,20000.0,12900.0,18430.0,4780
12811,20000.0,20000.0,12900.0,18430.0,4780
12816,20000.0,20000.0,12910.0,18450.0,4780
12821,20000.0,20000.0,12910.0,18450.0,4780
12826,20000.0,20000.0,12910.0,18470.0,4780
12831,20000.0,20000.0,12920.0,18470.0,4787
12836,20000.0,20000.0,12920.0,18490.0,4790
12841,20000.0,20000.0,12930.0,18490.0,4790
12846,20000.0,20000.0,12930.0,18490.0,4790
12851,20000.0,20000.0,12942.0,18510.0,4790
12856,20000.0,20000.0,12945.0,18510.0,4790
12861,20000.0,20000.0,12945.0,18510.0,4800
12866,20000.0,20000.0,12960.0,18530.0,4800
12871,20000.0,20000.0,12960.0,18530.0,4800
12876,20000.0,20000.0,12960.0,18540.0,4800
12881,20000.0,20000.0,12970.0,18540.0,4800
12886,20000.0,20000.0,12970.0,18560.0,4809
12891,20000.0,20000.0,12980.0,18560.0,4810
12896,20000.0,20000.0,12980.0,18560.0,4810
12901,20000.0,20000.0,12987.0,18580.0,4810
12906,20000.0,20000.0,12995.0,18580.0,4810
12911,20000.0,20000.0,12995.0,18592.0,4810
12916,20000.0,20000.0,13010.0,18592.0,4820
12921,20000.0,20000.0,13010.0,18592.0,4820
12926,20000.0,20000.0,13010.0,18610.0,4820
12931,20000.0,20000.0,13020.0,18610.0,4820
12936,20000.0,20000.0,13020.0,18630.0,4820
12941,20000.0,20000.0,13030.0,18630.0,4830
12946,20000.0,20000.0,13030.0,18650.0,4830
12951,20000.0,20000.0,13030.0,18650.0,4830
12956,20000.0,20000.0,13050.0,18650.0,4830
12961,20000.0,20000.0,13050.0,18670.0,4830
12966,20000.0,20000.0,13060.0,18670.0,4836
12971,20000.0,20000.0,13060.0,18670.0,4840
12976,20000.0,20000.0,13060.0,18688.0,4840
12981,20000.0,20000.0,13070.0,18688.0,4840
12986,20000.0,20000.0,13070.0,18688.0,4840
12991,20000.0,20000.0,13085.0,18708.0,4841
12996,20000.0,20000.0,13085.0,18708.0,4850
13001,20000.0,20000.0,13085.0,18720.0,4850
13006,20000.0,20000.0,13100.0,18720.0,4850
13011,20000.0,20000.0,13100.0,18740.0,4850
13016,20000.0,20000.0,13100.0,18740.0,4850
13021,20000.0,20000.0,13110.0,18740.0,4860
13026,20000.0,20000.0,13110.0,18760.0,4860
13031,20000.0,20000.0,13120.0,18760.0,4860
13036,20000.0,20000.0,13120.0,18780.0,4860
13041,20000.0,20000.0,13133.0,18780.0,4860
13046,20000.0,20000.0,13133.0,18780.0,4870
13051,20000.0,20000.0,13133.0,18800.0,4870
13056,20000.0,20000.0,13150.0,18800.0,4870
13061,20000.0,20000.0,13150.0,18811.0,4870
13066,20000.0,20000.0,13160.0,18811.0,4870
13071,20000.0,20000.0,13160.0,18811.0,4879
13076,20000.0,20000.0,13160.0,18830.0,4880
13081,20000.0,20000.0,13170.0,18830.0,4880
13086,20000.0,20000.0,13170.0,18830.0,4880
13091,20000.0,20000.0,13187.0,18850.0,4880
13096,20000.0,20000.0,13187.0,18850.0,4883
13101,20000.0,20000.0,13187.0,18870.0,4890
13106,20000.0,20000.0,13200.0,18870.0,4890
13111,20000.0,20000.0,13200.0,18890.0,4890
13116,20000.0,20000.0,13210.0,18890.0,4890
13121,20000.0,20000.0,13210.0,18890.0,4890
13126,20000.0,20000.0,13210.0,18910.0,4900
13131,20000.0,20000.0,13220.0,18910.0,4900
13136,20000.0,20000.0,13220.0,18910.0,4900
13141,20000.0,20000.0,13240.0,18920.0,4900
13146,20000.0,20000.0,13240.0,18920.0,4900
13151,20000.0,20000.0,13240.0,18940.0,4908
13156,20000.0,20000.0,13250.0,18940.0,4910
13161,20000.0,20000.0,13250.0,18940.0,4910
13166,20000.0,20000.0,13260.0,18960.0,4910
13171,20000.0,20000.0,13260.0,18960.0,4910
13176,20000.0,20000.0,13260.0,18980.0,4914
13181,20000.0,20000.0,13270.0,18980.0,4920
13186,20000.0,20000.0,13270.0,18980.0,4920
13191,20000.0,20000.0,13290.0,19000.0,4920
13196,20000.0,20000.0,13290.0,19000.0,4920
13201,20000.0,20000.0,13290.0,19016.0,4920
13206,20000.0,20000.0,13300.0,19016.0,4930
13211,20000.0,20000.0,13300.0,19017.0,4930
13216,20000.0,20000.0,13310.0,19030.0,4930
13221,20000.0,20000.0,13310.0,19030.0,4930
13226,20000.0,20000.0,13310.0,19050.0,4930
13231,20000.0,20000.0,13320.0,19050.0,4936
13236,20000.0,20000.0,13320.0,19050.0,4940
13241,20000.0,20000.0,13340.0,19070.0,4940
13246,20000.0,20000.0,13340.0,19070.0,4940
13251,20000.0,20000.0,13340.0,19090.0,4940
13256,20000.0,20000.0,13350.0,19090.0,4941
13261,20000.0,20000.0,13350.0,19100.0,4950
13266,20000.0,20000.0,13352.0,19100.0,4950
13271,20000.0,20000.0,13360.0,19100.0,4950
13276,20000.0,20000.0,13360.0,19120.0,4950
13281,20000.0,20000.0,13377.0,19120.0,4950
13286,20000.0,20000.0,13377.0,19140.0,4959
13291,20000.0,20000.0,13377.0,19140.0,4960
13296,20000.0,20000.0,13390.0,19140.0,4960
13301,20000.0,20000.0,13390.0,19157.0,4960
13306,20000.0,20000.0,13400.0,19157.0,4960
13311,20000.0,20000.0,13400.0,19173.0,4961
13316,20000.0,20000.0,13400.0,19173.0,4970
13321,20000.0,20000.0,13410.0,19190.0,4970
13326,20000.0,20000.0,13410.0,19190.0,4970
13331,20000.0,20000.0,13426.0,19190.0,4970
13336,20000.0,20000.0,13426.0,19210.0,4970
13341,20000.0,20000.0,13426.0,19210.0,4980
13346,20000.0,20000.0,13440.0,19228.0,4980
13351,20000.0,20000.0,13440.0,19228.0,4980
13356,20000.0,20000.0,13450.0,19228.0,4980
13361,20000.0,20000.0,13450.0,19240.0,4980
13366,20000.0,20000.0,13460.0,19240.0,4986
13371,20000.0,20000.0,13460.0,19260.0,4990
13376,20000.0,20000.0,13460.0,19260.0,4990
13381,20000.0,20000.0,13479.0,19280.0,4990
13386,20000.0,20000.0,13479.0,19280.0,4990
13391,20000.0,20000.0,13479.0,19280.0,4990
13396,20000.0,20000.0,13490.0,19300.0,5000
13401,20000.0,20000.0,13490.0,19300.0,5000
13406,20000.0,20000.0,13500.0,19310.0,5000
13411,20000.0,20000.0,13500.0,19310.0,5000
13416,20000.0,20000.0,13500.0,19310.0,5000
13421,20000.0,20000.0,13511.0,19330.0,5010
13426,20000.0,20000.0,13511.0,19330.0,5010
13431,20000.0,20000.0,13530.0,19350.0,5010
13436,20000.0,20000.0,13530.0,19350.0,5010
13441,20000.0,20000.0,13530.0,19350.0,5010
13446,20000.0,20000.0,13540.0,19370.0,5019
13451,20000.0,20000.0,13540.0,19370.0,5020
13456,20000.0,20000.0,13550.0,19387.0,5020
13461,20000.0,20000.0,13550.0,19387.0,5020
13466,20000.0,20000.0,13550.0,19387.0,5020
13471,20000.0,20000.0,13560.0,19400.0,5023
13476,20000.0,20000.0,13560.0,19400.0,5030
13481,20000.0,20000.0,13580.0,19420.0,5030
13486,20000.0,20000.0,13580.0,19420.0,5030
13491,20000.0,20000.0,13590.0,19420.0,5030
13496,20000.0,20000.0,13590.0,19440.0,5030
13501,20000.0,20000.0,13590.0,19440.0,5040
13506,20000.0,20000.0,13600.0,19460.0,5040
13511,20000.0,20000.0,13600.0,19460.0,5040
13516,20000.0,20000.0,13610.0,19460.0,5040
13521,20000.0,20000.0,13610.0,19480.0,5040
13526,20000.0,20000.0,13610.0,19480.0,5050
13531,20000.0,20000.0,13621.0,19494.0,5050
13536,20000.0,20000.0,13621.0,19497.0,5050
13541,20000.0,20000.0,13640.0,19497.0,5050
13546,20000.0,20000.0,13640.0,19510.0,5050
13551,20000.0,20000.0,13640.0,19510.0,5053
13556,20000.0,20000.0,13650.0,19530.0,5060
13561,20000.0,20000.0,13650.0,19530.0,5060
13566,20000.0,20000.0,13660.0,19530.0,5060
13571,20000.0,20000.0,13660.0,19550.0,5060
13576,20000.0,20000.0,13670.0,19550.0,5060
13581,20000.0,20000.0,13670.0,19570.0,5070
13586,20000.0,20000.0,13670.0,19570.0,5070
13591,20000.0,20000.0,13690.0,19570.0,5070
13596,20000.0,20000.0,13690.0,19590.0,5070
13601,20000.0,20000.0,13700.0,19590.0,5070
13606,20000.0,20000.0,13700.0,19590.0,5080
13611,20000.0,20000.0,13710.0,19610.0,5080
13616,20000.0,20000.0,13710.0,19610.0,5080
13621,20000.0,20000.0,13710.0,19621.0,5080
13626,20000.0,20000.0,13720.0,19621.0,5080
13631,20000.0,20000.0,13720.0,19621.0,5085
13636,20000.0,20000.0,13730.0,19640.0,5090
13641,20000.0,20000.0,13730.0,19640.0,5090
13646,20000.0,20000.0,13730.0,19660.0,5090
13651,20000.0,20000.0,13747.0,19660.0,5090
13656,20000.0,20000.0,13747.0,19660.0,5090
13661,20000.0,20000.0,13760.0,19680.0,5100
13666,20000.0,20000.0,13760.0,19680.0,5100
13671,20000.0,20000.0,13760.0,19700.0,5100
13676,20000.0,20000.0,13770.0,19700.0,5100
13681,20000.0,20000.0,13770.0,19700.0,5100
13686,20000.0,20000.0,13781.0,19715.0,5109
13691,20000.0,20000.0,13781.0,19715.0,5110
13696,20000.0,20000.0,13781.0,19730.0,5110
13701,20000.0,20000.0,13800.0,19730.0,5110
13706,20000.0,20000.0,13800.0,19730.0,5110
13711,20000.0,20000.0,13810.0,19750.0,5112
13716,20000.0,20000.0,13810.0,19750.0,5120
13721,20000.0,20000.0,13810.0,19770.0,5120
13726,20000.0,20000.0,13820.0,19770.0,5120
13731,20000.0,20000.0,13820.0,19770.0,5120
13736,20000.0,20000.0,13822.0,19790.0,5120
13741,20000.0,20000.0,13839.0,19790.0,5130
13746,20000.0,20000.0,13839.0,19810.0,5130
13751,20000.0,20000.0,13850.0,19810.0,5130
13756,20000.0,20000.0,13850.0,19810.0,5130
13761,20000.0,20000.0,13860.0,19820.0,5130
13766,20000.0,20000.0,13860.0,19820.0,5137
13771,20000.0,20000.0,13860.0,19840.0,5140
13776,20000.0,20000.0,13870.0,19840.0,5140
13781,20000.0,20000.0,13870.0,19840.0,5140
13786,20000.0,20000.0,13882.0,19860.0,5140
13791,20000.0,20000.0,13882.0,19860.0,5141
13796,20000.0,20000.0,13882.0,19860.0,5150
13801,20000.0,20000.0,13900.0,19880.0,5150
13806,20000.0,20000.0,13900.0,19880.0,5150
13811,20000.0,20000.0,13910.0,19900.0,5150
13816,20000.0,20000.0,13910.0,19900.0,5150
13821,20000.0,20000.0,13910.0,19908.0,5160
13826,20000.0,20000.0,13920.0,19917.0,5160
13831,20000.0,20000.0,13920.0,19917.0,5160
13836,20000.0,20000.0,13938.0,19934.0,5160
13841,20000.0,20000.0,13938.0,19934.0,5160
13846,20000.0,20000.0,13938.0,19934.0,5169
13851,20000.0,20000.0,13950.0,19950.0,5170
13856,20000.0,20000.0,13950.0,19950.0,5170
13861,20000.0,20000.0,13960.0,19970.0,5170
13866,20000.0,20000.0,13960.0,19970.0,5170
13871,20000.0,20000.0,13960.0,19970.0,5171
13876,20000.0,20000.0,13970.0,19990.0,5180
13881,20000.0,20000.0,13970.0,19990.0,5180
13886,20000.0,20000.0,13990.0,20000.0,5180
13891,20000.0,20000.0,13990.0,20000.0,5180
13896,20000.0,20000.0,13990.0,20000.0,5180
13901,20000.0,20000.0,14000.0,20000.0,5190
13906,20000.0,20000.0,14000.0,20000.0,5190
13911,20000.0,20000.0,14010.0,20000.0,5190
13916,20000.0,20000.0,14010.0,20000.0,5190
13921,20000.0,20000.0,14010.0,20000.0,5190
13926,20000.0,20000.0,14020.0,20000.0,5199
13931,20000.0,20000.0,14020.0,20000.0,5200
13936,20000.0,20000.0,14040.0,20000.0,5200
13941,20000.0,20000.0,14040.0,20000.0,5200
13946,20000.0,20000.0,14040.0,20000.0,5200
13951,20000.0,20000.0,14050.0,20000.0,5202
13956,20000.0,20000.0,14050.0,20000.0,5210
13961,20000.0,20000.0,14060.0,20000.0,5210
13966,20000.0,20000.0,14060.0,20000.0,5210
13971,20000.0,20000.0,14060.0,20000.0,5210
13976,20000.0,20000.0,14070.0,20000.0,5210
13981,20000.0,20000.0,14070.0,20000.0,5220
13986,20000.0,20000.0,14090.0,20000.0,5220
13991,20000.0,20000.0,14090.0,20000.0,5220
13996,20000.0,20000.0,14090.0,20000.0,5220
14001,20000.0,20000.0,14100.0,20000.0,5220
14006,20000.0,20000.0,14100.0,20000.0,5230
14011,20000.0,20000.0,14110.0,20000.0,5230
14016,20000.0,20000.0,14110.0,20000.0,5230
14021,20000.0,20000.0,14110.0,20000.0,5230
14026,20000.0,20000.0,14120.0,20000.0,5230
14031,20000.0,20000.0,14120.0,20000.0,5234
14036,20000.0,20000.0,14140.0,20000.0,5240
14041,20000.0,20000.0,14140.0,20000.0,5240
14046,20000.0,20000.0,14140.0,20000.0,5240
14051,20000.0,20000.0,14150.0,20000.0,5240
14056,20000.0,20000.0,14150.0,20000.0,5240
14061,20000.0,20000.0,14160.0,20000.0,5250
14066,20000.0,20000.0,14160.0,20000.0,5250
14071,20000.0,20000.0,14170.0,20000.0,5250
14076,20000.0,20000.0,14170.0,20000.0,5250
14081,20000.0,20000.0,14170.0,20000.0,5250
14086,20000.0,20000.0,14190.0,20000.0,5259
14091,20000.0,20000.0,14190.0,20000.0,5260
14096,20000.0,20000.0,14200.0,20000.0,5260
14101,20000.0,20000.0,14200.0,20000.0,5260
14106,20000.0,20000.0,14200.0,20000.0,5260
14111,20000.0,20000.0,14210.0,20000.0,5262
14116,20000.0,20000.0,14210.0,20000.0,5270
14121,20000.0,20000.0,14210.0,20000.0,5270
14126,20000.0,20000.0,14222.0,20000.0,5270
14131,20000.0,20000.0,14222.0,20000.0,5270
14136,20000.0,20000.0,14240.0,20000.0,5270
14141,20000.0,20000.0,14240.0,20000.0,5280
14146,20000.0,20000.0,14240.0,20000.0,5280
14151,20000.0,20000.0,14250.0,20000.0,5280
14156,20000.0,20000.0,14250.0,20000.0,5280
14161,20000.0,20000.0,14260.0,20000.0,5280
14166,20000.0,20000.0,14260.0,20000.0,5290
14171,20000.0,20000.0,14260.0,20000.0,5290
14176,20000.0,20000.0,14271.0,20000.0,5290
14181,20000.0,20000.0,14271.0,20000.0,5290
14186,20000.0,20000.0,14290.0,20000.0,5290
14191,20000.0,20000.0,14290.0,20000.0,5297
14196,20000.0,20000.0,14290.0,20000.0,5300
14201,20000.0,20000.0,14300.0,20000.0,5300
14206,20000.0,20000.0,14300.0,20000.0,5300
14211,20000.0,20000.0,14308.0,20000.0,5300
14216,20000.0,20000.0,14310.0,20000.0,5300
14221,20000.0,20000.0,14310.0,20000.0,5310
14226,20000.0,20000.0,14320.0,20000.0,5310
14231,20000.0,20000.0,14320.0,20000.0,5310
14236,20000.0,20000.0,14340.0,20000.0,5310
14241,20000.0,20000.0,14340.0,20000.0,5310
14246,20000.0,20000.0,14340.0,20000.0,5320
14251,20000.0,20000.0,14350.0,20000.0,5320
14256,20000.0,20000.0,14350.0,20000.0,5320
14261,20000.0,20000.0,14360.0,20000.0,5320
14266,20000.0,20000.0,14360.0,20000.0,5320
14271,20000.0,20000.0,14370.0,20000.0,5330
14276,20000.0,20000.0,14370.0,20000.0,5330
14281,20000.0,20000.0,14370.0,20000.0,5330
14286,20000.0,20000.0,14380.0,20000.0,5330
14291,20000.0,20000.0,14380.0,20000.0,5330
14296,20000.0,20000.0,14393.0,20000.0,5335
14301,20000.0,20000.0,14393.0,20000.0,5340
14306,20000.0,20000.0,14393.0,20000.0,5340
14311,20000.0,20000.0,14410.0,20000.0,5340
14316,20000.0,20000.0,14410.0,20000.0,5340
14321,20000.0,20000.0,14420.0,20000.0,5340
14326,20000.0,20000.0,14420.0,20000.0,5350
14331,20000.0,20000.0,14420.0,20000.0,5350
14336,20000.0,20000.0,14430.0,20000.0,5350
14341,20000.0,20000.0,14430.0,20000.0,5350
14346,20000.0,20000.0,14450.0,20000.0,5350
14351,20000.0,20000.0,14450.0,20000.0,5356
14356,20000.0,20000.0,14450.0,20000.0,5360
14361,20000.0,20000.0,14460.0,20000.0,5360
14366,20000.0,20000.0,14460.0,20000.0,5360
14371,20000.0,20000.0,14470.0,20000.0,5360
14376,20000.0,20000.0,14470.0,20000.0,5360
14381,20000.0,20000.0,14470.0,20000.0,5370
14386,20000.0,20000.0,14482.0,20000.0,5370
14391,20000.0,20000.0,14482.0,20000.0,5370
14396,20000.0,20000.0,14500.0,20000.0,5370
14401,20000.0,20000.0,14500.0,20000.0,5370
14406,20000.0,20000.0,14500.0,20000.0,5377
14411,20000.0,20000.0,14510.0,20000.0,5380
14416,20000.0,20000.0,14510.0,20000.0,5380
14421,20000.0,20000.0,14520.0,20000.0,5380
14426,20000.0,20000.0,14520.0,20000.0,5380
14431,20000.0,20000.0,14520.0,20000.0,5382
14436,20000.0,20000.0,14540.0,20000.0,5390
14441,20000.0,20000.0,14540.0,20000.0,5390
14446,20000.0,20000.0,14540.0,20000.0,5390
14451,20000.0,20000.0,14550.0,20000.0,5390
14456,20000.0,20000.0,14550.0,20000.0,5390
14461,20000.0,20000.0,14560.0,20000.0,5400
14466,20000.0,20000.0,14560.0,20000.0,5400
14471,20000.0,20000.0,14574.0,20000.0,5400
14476,20000.0,20000.0,14574.0,20000.0,5400
14481,20000.0,20000.0,14574.0,20000.0,5400
14486,20000.0,20000.0,14590.0,20000.0,5403
14491,20000.0,20000.0,14590.0,20000.0,5410
14496,20000.0,20000.0,14600.0,20000.0,5410
14501,20000.0,20000.0,14600.0,20000.0,5410
14506,20000.0,20000.0,14600.0,20000.0,5410
14511,20000.0,20000.0,14610.0,20000.0,5412
14516,20000.0,20000.0,14610.0,20000.0,5420
14521,20000.0,20000.0,14620.0,20000.0,5420
14526,20000.0,20000.0,14620.0,20000.0,5420
14531,20000.0,20000.0,14638.0,20000.0,5420
14536,20000.0,20000.0,14638.0,20000.0,5420
14541,20000.0,20000.0,14638.0,20000.0,5430
14546,20000.0,20000.0,14650.0,20000.0,5430
14551,20000.0,20000.0,14650.0,20000.0,5430
14556,20000.0,20000.0,14650.0,20000.0,5430
14561,20000.0,20000.0,14660.0,20000.0,5430
14566,20000.0,20000.0,14660.0,20000.0,5435
14571,20000.0,20000.0,14670.0,20000.0,5440
14576,20000.0,20000.0,14670.0,20000.0,5440
14581,20000.0,20000.0,14670.0,20000.0,5440
14586,20000.0,20000.0,14690.0,20000.0,5440
14591,20000.0,20000.0,14690.0,20000.0,5440
14596,20000.0,20000.0,14700.0,20000.0,5450
14601,20000.0,20000.0,14700.0,20000.0,5450
14606,20000.0,20000.0,14700.0,20000.0,5450
14611,20000.0,20000.0,14710.0,20000.0,5450
14616,20000.0,20000.0,14710.0,20000.0,5450
14621,20000.0,20000.0,14722.0,20000.0,5456
14626,20000.0,20000.0,14722.0,20000.0,5460
14631,20000.0,20000.0,14722.0,20000.0,5460
14636,20000.0,20000.0,14740.0,20000.0,5460
14641,20000.0,20000.0,14740.0,20000.0,5460
14646,20000.0,20000.0,14750.0,20000.0,5460
14651,20000.0,20000.0,14750.0,20000.0,5470
14656,20000.0,20000.0,14760.0,20000.0,5470
14661,20000.0,20000.0,14760.0,20000.0,5470
14666,20000.0,20000.0,14760.0,20000.0,5470
14671,20000.0,20000.0,14770.0,20000.0,5470
14676,20000.0,20000.0,14770.0,20000.0,5478
14681,20000.0,20000.0,14790.0,20000.0,5480
14686,20000.0,20000.0,14790.0,20000.0,5480
14691,20000.0,20000.0,14790.0,20000.0,5480
14696,20000.0,20000.0,14800.0,20000.0,5480
14701,20000.0,20000.0,14800.0,20000.0,5483
14706,20000.0,20000.0,14800.0,20000.0,5490
14711,20000.0,20000.0,14810.0,20000.0,5490
14716,20000.0,20000.0,14810.0,20000.0,5490
14721,20000.0,20000.0,14830.0,20000.0,5490
14726,20000.0,20000.0,14830.0,20000.0,5490
14731,20000.0,20000.0,14830.0,20000.0,5500
14736,20000.0,20000.0,14840.0,20000.0,5500
14741,20000.0,20000.0,14840.0,20000.0,5500
14746,20000.0,20000.0,14850.0,20000.0,5500
14751,20000.0,20000.0,14850.0,20000.0,5500
14756,20000.0,20000.0,14850.0,20000.0,5507
14761,20000.0,20000.0,14861.0,20000.0,5510
14766,20000.0,20000.0,14861.0,20000.0,5510
14771,20000.0,20000.0,14880.0,20000.0,5510
14776,20000.0,20000.0,14880.0,20000.0,5510
14781,20000.0,20000.0,14880.0,20000.0,5510
14786,20000.0,20000.0,14890.0,20000.0,5520
14791,20000.0,20000.0,14890.0,20000.0,5520
14796,20000.0,20000.0,14900.0,20000.0,5520
14801,20000.0,20000.0,14900.0,20000.0,5520
14806,20000.0,20000.0,14900.0,20000.0,5520
14811,20000.0,20000.0,14920.0,20000.0,5529
14816,20000.0,20000.0,14920.0,20000.0,5530
14821,20000.0,20000.0,14930.0,20000.0,5530
14826,20000.0,20000.0,14930.0,20000.0,5530
14831,20000.0,20000.0,14930.0,20000.0,5530
14836,20000.0,20000.0,14940.0,20000.0,5535
14841,20000.0,20000.0,14940.0,20000.0,5540
14846,20000.0,20000.0,14951.0,20000.0,5540
14851,20000.0,20000.0,14954.0,20000.0,5540
14856,20000.0,20000.0,14954.0,20000.0,5540
14861,20000.0,20000.0,14970.0,20000.0,5540
14866,20000.0,20000.0,14970.0,20000.0,5550
14871,20000.0,20000.0,14970.0,20000.0,5550
14876,20000.0,20000.0,14980.0,20000.0,5550
14881,20000.0,20000.0,14980.0,20000.0,5550
14886,20000.0,20000.0,14990.0,20000.0,5550
14891,20000.0,20000.0,14993.0,20000.0,5558
14896,20000.0,20000.0,14993.0,20000.0,5560
14901,20000.0,20000.0,15010.0,20000.0,5560
14906,20000.0,20000.0,15010.0,20000.0,5560
14911,20000.0,20000.0,15020.0,20000.0,5560
14916,20000.0,20000.0,15020.0,20000.0,5567
14921,20000.0,20000.0,15020.0,20000.0,5570
14926,20000.0,20000.0,15030.0,20000.0,5570
14931,20000.0,20000.0,15030.0,20000.0,5570
14936,20000.0,20000.0,15040.0,20000.0,5570
14941,20000.0,20000.0,15040.0,20000.0,5570
14946,20000.0,20000.0,15040.0,20000.0,5580
14951,20000.0,20000.0,15060.0,20000.0,5580
14956,20000.0,20000.0,15060.0,20000.0,5580
14961,20000.0,20000.0,15060.0,20000.0,5580
14966,20000.0,20000.0,15070.0,20000.0,5580
14971,20000.0,20000.0,15070.0,20000.0,5588
14976,20000.0,20000.0,15080.0,20000.0,5590
14981,20000.0,20000.0,15080.0,20000.0,5590
14986,20000.0,20000.0,15080.0,20000.0,5590
14991,20000.0,20000.0,15094.0,20000.0,5590
14996,20000.0,20000.0,15094.0,20000.0,5592
15001,20000.0,20000.0,15110.0,20000.0,5600
15006,20000.0,20000.0,15110.0,20000.0,5600
15011,20000.0,20000.0,15120.0,20000.0,5600
15016,20000.0,20000.0,15120.0,20000.0,5600
15021,20000.0,20000.0,15120.0,20000.0,5600
15026,20000.0,20000.0,15130.0,20000.0,5610
15031,20000.0,20000.0,15130.0,20000.0,5610
15036,20000.0,20000.0,15140.0,20000.0,5610
15041,20000.0,20000.0,15141.0,20000.0,5610
15046,20000.0,20000.0,15141.0,20000.0,5610
15051,20000.0,20000.0,15160.0,20000.0,5619
15056,20000.0,20000.0,15160.0,20000.0,5620
15061,20000.0,20000.0,15170.0,20000.0,5620
15066,20000.0,20000.0,15170.0,20000.0,5620
15071,20000.0,20000.0,15170.0,20000.0,5620
15076,20000.0,20000.0,15180.0,20000.0,5622
15081,20000.0,20000.0,15180.0,20000.0,5630
15086,20000.0,20000.0,15197.0,20000.0,5630
15091,20000.0,20000.0,15197.0,20000.0,5630
15096,20000.0,20000.0,15197.0,20000.0,5630
15101,20000.0,20000.0,15210.0,20000.0,5630
15106,20000.0,20000.0,15210.0,20000.0,5640
15111,20000.0,20000.0,15210.0,20000.0,5640
15116,20000.0,20000.0,15220.0,20000.0,5640
15121,20000.0,20000.0,15220.0,20000.0,5640
15126,20000.0,20000.0,15232.0,20000.0,5640
15131,20000.0,20000.0,15232.0,20000.0,5644
15136,20000.0,20000.0,15232.0,20000.0,5650
15141,20000.0,20000.0,15250.0,20000.0,5650
15146,20000.0,20000.0,15250.0,20000.0,5650
15151,20000.0,20000.0,15250.0,20000.0,5650
15156,20000.0,20000.0,15260.0,20000.0,5650
15161,20000.0,20000.0,15260.0,20000.0,5660
15166,20000.0,20000.0,15274.0,20000.0,5660
15171,20000.0,20000.0,15274.0,20000.0,5660
15176,20000.0,20000.0,15274.0,20000.0,5660
15181,20000.0,20000.0,15290.0,20000.0,5660
15186,20000.0,20000.0,15290.0,20000.0,5669
15191,20000.0,20000.0,15300.0,20000.0,5670
15196,20000.0,20000.0,15300.0,20000.0,5670
15201,20000.0,20000.0,15310.0,20000.0,5670
15206,20000.0,20000.0,15310.0,20000.0,5670
15211,20000.0,20000.0,15310.0,20000.0,5676
15216,20000.0,20000.0,15328.0,20000.0,5680
15221,20000.0,20000.0,15328.0,20000.0,5680
15226,20000.0,20000.0,15340.0,20000.0,5680
15231,20000.0,20000.0,15340.0,20000.0,5680
15236,20000.0,20000.0,15340.0,20000.0,5680
15241,20000.0,20000.0,15350.0,20000.0,5690
15246,20000.0,20000.0,15350.0,20000.0,5690
15251,20000.0,20000.0,15360.0,20000.0,5690
15256,20000.0,20000.0,15360.0,20000.0,5690
15261,20000.0,20000.0,15360.0,20000.0,5690
15266,20000.0,20000.0,15370.0,20000.0,5700
15271,20000.0,20000.0,15370.0,20000.0,5700
15276,20000.0,20000.0,15390.0,20000.0,5700
15281,20000.0,20000.0,15390.0,20000.0,5700
15286,20000.0,20000.0,15390.0,20000.0,5700
15291,20000.0,20000.0,15400.0,20000.0,5708
15296,20000.0,20000.0,15400.0,20000.0,5710
15301,20000.0,20000.0,15410.0,20000.0,5710
15306,20000.0,20000.0,15410.0,20000.0,5710
15311,20000.0,20000.0,15410.0,20000.0,5710
15316,20000.0,20000.0,15428.0,20000.0,5710
15321,20000.0,20000.0,15428.0,20000.0,5720
15326,20000.0,20000.0,15440.0,20000.0,5720
15331,20000.0,20000.0,15440.0,20000.0,5720
15336,20000.0,20000.0,15440.0,20000.0,5720
15341,20000.0,20000.0,15450.0,20000.0,5720
15346,20000.0,20000.0,15450.0,20000.0,5730
15351,20000.0,20000.0,15460.0,20000.0,5730
15356,20000.0,20000.0,15460.0,20000.0,5730
15361,20000.0,20000.0,15471.0,20000.0,5730
15366,20000.0,20000.0,15471.0,20000.0,5730
15371,20000.0,20000.0,15471.0,20000.0,5735
15376,20000.0,20000.0,15490.0,20000.0,5740
15381,20000.0,20000.0,15490.0,20000.0,5740
15386,20000.0,20000.0,15490.0,20000.0,5740
15391,20000.0,20000.0,15500.0,20000.0,5740
15396,20000.0,20000.0,15500.0,20000.0,5740
15401,20000.0,20000.0,15510.0,20000.0,5750
15406,20000.0,20000.0,15510.0,20000.0,5750
15411,20000.0,20000.0,15510.0,20000.0,5750
15416,20000.0,20000.0,15530.0,20000.0,5750
15421,20000.0,20000.0,15530.0,20000.0,5750
15426,20000.0,20000.0,15530.0,20000.0,5760
15431,20000.0,20000.0,15540.0,20000.0,5760
15436,20000.0,20000.0,15540.0,20000.0,5760
15441,20000.0,20000.0,15550.0,20000.0,5760
15446,20000.0,20000.0,15550.0,20000.0,5760
15451,20000.0,20000.0,15550.0,20000.0,5770
15456,20000.0,20000.0,15566.0,20000.0,5770
15461,20000.0,20000.0,15566.0,20000.0,5770
15466,20000.0,20000.0,15580.0,20000.0,5770
15471,20000.0,20000.0,15580.0,20000.0,5770
15476,20000.0,20000.0,15580.0,20000.0,5775
15481,20000.0,20000.0,15590.0,20000.0,5780
15486,20000.0,20000.0,15590.0,20000.0,5780
15491,20000.0,20000.0,15600.0,20000.0,5780
15496,20000.0,20000.0,15600.0,20000.0,5780
15501,20000.0,20000.0,15608.0,20000.0,5780
15506,20000.0,20000.0,15610.0,20000.0,5790
15511,20000.0,20000.0,15610.0,20000.0,5790
15516,20000.0,20000.0,15626.0,20000.0,5790
15521,20000.0,20000.0,15626.0,20000.0,5790
15526,20000.0,20000.0,15640.0,20000.0,5790
15531,20000.0,20000.0,15640.0,20000.0,5799
15536,20000.0,20000.0,15650.0,20000.0,5800
15541,20000.0,20000.0,15650.0,20000.0,5800
15546,20000.0,20000.0,15650.0,20000.0,5800
15551,20000.0,20000.0,15660.0,20000.0,5800
15556,20000.0,20000.0,15660.0,20000.0,5803
15561,20000.0,20000.0,15660.0,20000.0,5810
15566,20000.0,20000.0,15677.0,20000.0,5810
15571,20000.0,20000.0,15677.0,20000.0,5810
15576,20000.0,20000.0,15690.0,20000.0,5810
15581,20000.0,20000.0,15690.0,20000.0,5810
15586,20000.0,20000.0,15690.0,20000.0,5819
15591,20000.0,20000.0,15700.0,20000.0,5820
15596,20000.0,20000.0,15700.0,20000.0,5820
15601,20000.0,20000.0,15710.0,20000.0,5820
15606,20000.0,20000.0,15710.0,20000.0,5820
15611,20000.0,20000.0,15710.0,20000.0,5823
15616,20000.0,20000.0,15721.0,20000.0,5830
15621,20000.0,20000.0,15721.0,20000.0,5830
15626,20000.0,20000.0,15740.0,20000.0,5830
15631,20000.0,20000.0,15740.0,20000.0,5830
15636,20000.0,20000.0,15740.0,20000.0,5830
15641,20000.0,20000.0,15750.0,20000.0,5840
15646,20000.0,20000.0,15750.0,20000.0,5840
15651,20000.0,20000.0,15760.0,20000.0,5840
15656,20000.0,20000.0,15760.0,20000.0,5840
15661,20000.0,20000.0,15760.0,20000.0,5840
15666,20000.0,20000.0,15779.0,20000.0,5848
15671,20000.0,20000.0,15779.0,20000.0,5850
15676,20000.0,20000.0,15790.0,20000.0,5850
15681,20000.0,20000.0,15790.0,20000.0,5850
15686,20000.0,20000.0,15790.0,20000.0,5850
15691,20000.0,20000.0,15800.0,20000.0,5850
15696,20000.0,20000.0,15800.0,20000.0,5860
15701,20000.0,20000.0,15810.0,20000.0,5860
15706,20000.0,20000.0,15810.0,20000.0,5860
15711,20000.0,20000.0,15815.0,20000.0,5860
15716,20000.0,20000.0,15820.0,20000.0,5860
15721,20000.0,20000.0,15820.0,20000.0,5870
15726,20000.0,20000.0,15840.0,20000.0,5870
15731,20000.0,20000.0,15840.0,20000.0,5870
15736,20000.0,20000.0,15840.0,20000.0,5870
15741,20000.0,20000.0,15850.0,20000.0,5870
15746,20000.0,20000.0,15850.0,20000.0,5876
15751,20000.0,20000.0,15860.0,20000.0,5880
15756,20000.0,20000.0,15860.0,20000.0,5880
15761,20000.0,20000.0,15870.0,20000.0,5880
15766,20000.0,20000.0,15870.0,20000.0,5880
15771,20000.0,20000.0,15870.0,20000.0,5880
15776,20000.0,20000.0,15890.0,20000.0,5890
15781,20000.0,20000.0,15890.0,20000.0,5890
15786,20000.0,20000.0,15900.0,20000.0,5890
15791,20000.0,20000.0,15900.0,20000.0,5890
15796,20000.0,20000.0,15900.0,20000.0,5890
15801,20000.0,20000.0,15910.0,20000.0,5899
15806,20000.0,20000.0,15910.0,20000.0,5900
15811,20000.0,20000.0,15920.0,20000.0,5900
15816,20000.0,20000.0,15920.0,20000.0,5900
15821,20000.0,20000.0,15930.0,20000.0,5900
15826,20000.0,20000.0,15930.0,20000.0,5904
15831,20000.0,20000.0,15930.0,20000.0,5910
15836,20000.0,20000.0,15950.0,20000.0,5910
15841,20000.0,20000.0,15950.0,20000.0,5910
15846,20000.0,20000.0,15960.0,20000.0,5910
15851,20000.0,20000.0,15960.0,20000.0,5910
15856,20000.0,20000.0,15960.0,20000.0,5920
15861,20000.0,20000.0,15970.0,20000.0,5920
15866,20000.0,20000.0,15970.0,20000.0,5920
15871,20000.0,20000.0,15980.0,20000.0,5920
15876,20000.0,20000.0,15980.0,20000.0,5920
15881,20000.0,20000.0,15991.0,20000.0,5930
15886,20000.0,20000.0,15991.0,20000.0,5930
15891,20000.0,20000.0,15991.0,20000.0,5930
15896,20000.0,20000.0,16010.0,20000.0,5930
15901,20000.0,20000.0,16010.0,20000.0,5930
15906,20000.0,20000.0,16020.0,20000.0,5934
15911,20000.0,20000.0,16020.0,20000.0,5940
15916,20000.0,20000.0,16020.0,20000.0,5940
15921,20000.0,20000.0,16030.0,20000.0,5940
15926,20000.0,20000.0,16030.0,20000.0,5940
15931,20000.0,20000.0,16042.0,20000.0,5941
15936,20000.0,20000.0,16045.0,20000.0,5950
15941,20000.0,20000.0,16045.0,20000.0,5950
15946,20000.0,20000.0,16060.0,20000.0,5950
15951,20000.0,20000.0,16060.0,20000.0,5950
15956,20000.0,20000.0,16060.0,20000.0,5950
15961,20000.0,20000.0,16070.0,20000.0,5960
15966,20000.0,20000.0,16070.0,20000.0,5960
15971,20000.0,20000.0,16080.0,20000.0,5960
15976,20000.0,20000.0,16080.0,20000.0,5960
15981,20000.0,20000.0,16080.0,20000.0,5960
15986,20000.0,20000.0,16099.0,20000.0,5963
15991,20000.0,20000.0,16099.0,20000.0,5970
15996,20000.0,20000.0,16110.0,20000.0,5970
16001,20000.0,20000.0,16110.0,20000.0,5970
16006,20000.0,20000.0,16110.0,20000.0,5970
16011,20000.0,20000.0,16120.0,20000.0,5970
16016,20000.0,20000.0,16120.0,20000.0,5980
16021,20000.0,20000.0,16130.0,20000.0,5980
16026,20000.0,20000.0,16130.0,20000.0,5980
16031,20000.0,20000.0,16143.0,20000.0,5980
16036,20000.0,20000.0,16146.0,20000.0,5980
16041,20000.0,20000.0,16146.0,20000.0,5990
16046,20000.0,20000.0,16160.0,20000.0,5990
16051,20000.0,20000.0,16160.0,20000.0,5990
16056,20000.0,20000.0,16170.0,20000.0,5990
16061,20000.0,20000.0,16170.0,20000.0,5990
16066,20000.0,20000.0,16170.0,20000.0,5995
16071,20000.0,20000.0,16180.0,20000.0,6000
16076,20000.0,20000.0,16180.0,20000.0,6000
16081,20000.0,20000.0,16190.0,20000.0,6000
16086,20000.0,20000.0,16190.0,20000.0,6000
16091,20000.0,20000.0,16190.0,20000.0,6001
16096,20000.0,20000.0,16210.0,20000.0,6010
16101,20000.0,20000.0,16210.0,20000.0,6010
16106,20000.0,20000.0,16220.0,20000.0,6010
16111,20000.0,20000.0,16220.0,20000.0,6010
16116,20000.0,20000.0,16230.0,20000.0,6010
16121,20000.0,20000.0,16230.0,20000.0,6020
16126,20000.0,20000.0,16230.0,20000.0,6020
16131,20000.0,20000.0,16241.0,20000.0,6020
16136,20000.0,20000.0,16241.0,20000.0,6020
16141,20000.0,20000.0,16260.0,20000.0,6020
16146,20000.0,20000.0,16260.0,20000.0,6026
16151,20000.0,20000.0,16260.0,20000.0,6030
16156,20000.0,20000.0,16270.0,20000.0,6030
16161,20000.0,20000.0,16270.0,20000.0,6030
16166,20000.0,20000.0,16280.0,20000.0,6030
16171,20000.0,20000.0,16280.0,20000.0,6033
16176,20000.0,20000.0,16290.0,20000.0,6040
16181,20000.0,20000.0,16290.0,20000.0,6040
16186,20000.0,20000.0,16290.0,20000.0,6040
16191,20000.0,20000.0,16310.0,20000.0,6040
16196,20000.0,20000.0,16310.0,20000.0,6040
16201,20000.0,20000.0,16310.0,20000.0,6048
16206,20000.0,20000.0,16320.0,20000.0,6050
16211,20000.0,20000.0,16320.0,20000.0,6050
16216,20000.0,20000.0,16330.0,20000.0,6050
16221,20000.0,20000.0,16330.0,20000.0,6050
16226,20000.0,20000.0,16340.0,20000.0,6051
16231,20000.0,20000.0,16340.0,20000.0,6060
16236,20000.0,20000.0,16340.0,20000.0,6060
16241,20000.0,20000.0,16353.0,20000.0,6060
16246,20000.0,20000.0,16353.0,20000.0,6060
16251,20000.0,20000.0,16370.0,20000.0,6060
16256,20000.0,20000.0,16370.0,20000.0,6070
16261,20000.0,20000.0,16370.0,20000.0,6070
16266,20000.0,20000.0,16380.0,20000.0,6070
16271,20000.0,20000.0,16380.0,20000.0,6070
16276,20000.0,20000.0,16390.0,20000.0,6070
16281,20000.0,20000.0,16390.0,20000.0,6079
16286,20000.0,20000.0,16390.0,20000.0,6080
16291,20000.0,20000.0,16400.0,20000.0,6080
16296,20000.0,20000.0,16400.0,20000.0,6080
16301,20000.0,20000.0,16416.0,20000.0,6080
16306,20000.0,20000.0,16416.0,20000.0,6082
16311,20000.0,20000.0,16416.0,20000.0,6090
16316,20000.0,20000.0,16430.0,20000.0,6090
16321,20000.0,20000.0,16430.0,20000.0,6090
16326,20000.0,20000.0,16440.0,20000.0,6090
16331,20000.0,20000.0,16440.0,20000.0,6090
16336,20000.0,20000.0,16440.0,20000.0,6100
16341,20000.0,20000.0,16450.0,20000.0,6100
16346,20000.0,20000.0,16450.0,20000.0,6100
16351,20000.0,20000.0,16470.0,20000.0,6100
16356,20000.0,20000.0,16470.0,20000.0,6100
16361,20000.0,20000.0,16470.0,20000.0,6110
16366,20000.0,20000.0,16480.0,20000.0,6110
16371,20000.0,20000.0,16480.0,20000.0,6110
16376,20000.0,20000.0,16480.0,20000.0,6110
16381,20000.0,20000.0,16490.0,20000.0,6110
16386,20000.0,20000.0,16490.0,20000.0,6116
16391,20000.0,20000.0,16510.0,20000.0,6120
16396,20000.0,20000.0,16510.0,20000.0,6120
16401,20000.0,20000.0,16510.0,20000.0,6120
16406,20000.0,20000.0,16520.0,20000.0,6120
16411,20000.0,20000.0,16520.0,20000.0,6122
16416,20000.0,20000.0,16530.0,20000.0,6130
16421,20000.0,20000.0,16530.0,20000.0,6130
16426,20000.0,20000.0,16540.0,20000.0,6130
16431,20000.0,20000.0,16540.0,20000.0,6130
16436,20000.0,20000.0,16540.0,20000.0,6130
16441,20000.0,20000.0,16556.0,20000.0,6140
16446,20000.0,20000.0,16556.0,20000.0,6140
16451,20000.0,20000.0,16570.0,20000.0,6140
16456,20000.0,20000.0,16570.0,20000.0,6140
16461,20000.0,20000.0,16570.0,20000.0,6140
16466,20000.0,20000.0,16580.0,20000.0,6147
16471,20000.0,20000.0,16580.0,20000.0,6150
16476,20000.0,20000.0,16590.0,20000.0,6150
16481,20000.0,20000.0,16590.0,20000.0,6150
16486,20000.0,20000.0,16590.0,20000.0,6150
16491,20000.0,20000.0,16608.0,20000.0,6150
16496,20000.0,20000.0,16608.0,20000.0,6160
16501,20000.0,20000.0,16620.0,20000.0,6160
16506,20000.0,20000.0,16620.0,20000.0,6160
16511,20000.0,20000.0,16630.0,20000.0,6160
16516,20000.0,20000.0,16630.0,20000.0,6160
16521,20000.0,20000.0,16630.0,20000.0,6169
16526,20000.0,20000.0,16640.0,20000.0,6170
16531,20000.0,20000.0,16640.0,20000.0,6170
16536,20000.0,20000.0,16651.0,20000.0,6170
16541,20000.0,20000.0,16651.0,20000.0,6170
16546,20000.0,20000.0,16651.0,20000.0,6172
16551,20000.0,20000.0,16670.0,20000.0,6180
16556,20000.0,20000.0,16670.0,20000.0,6180
16561,20000.0,20000.0,16680.0,20000.0,6180
16566,20000.0,20000.0,16680.0,20000.0,6180
16571,20000.0,20000.0,16680.0,20000.0,6180
16576,20000.0,20000.0,16691.0,20000.0,6190
16581,20000.0,20000.0,16691.0,20000.0,6190
16586,20000.0,20000.0,16691.0,20000.0,6190
16591,20000.0,20000.0,16710.0,20000.0,6190
16596,20000.0,20000.0,16710.0,20000.0,6190
16601,20000.0,20000.0,16720.0,20000.0,6197
16606,20000.0,20000.0,16720.0,20000.0,6200
16611,20000.0,20000.0,16720.0,20000.0,6200
16616,20000.0,20000.0,16730.0,20000.0,6200
16621,20000.0,20000.0,16730.0,20000.0,6200
16626,20000.0,20000.0,16740.0,20000.0,6202
16631,20000.0,20000.0,16740.0,20000.0,6210
16636,20000.0,20000.0,16759.0,20000.0,6210
16641,20000.0,20000.0,16759.0,20000.0,6210
16646,20000.0,20000.0,16759.0,20000.0,6210
16651,20000.0,20000.0,16770.0,20000.0,6210
16656,20000.0,20000.0,16770.0,20000.0,6220
16661,20000.0,20000.0,16780.0,20000.0,6220
16666,20000.0,20000.0,16780.0,20000.0,6220
16671,20000.0,20000.0,16780.0,20000.0,6220
16676,20000.0,20000.0,16790.0,20000.0,6220
16681,20000.0,20000.0,16790.0,20000.0,6227
16686,20000.0,20000.0,16800.0,20000.0,6230
16691,20000.0,20000.0,16800.0,20000.0,6230
16696,20000.0,20000.0,16820.0,20000.0,6230
16701,20000.0,20000.0,16820.0,20000.0,6230
16706,20000.0,20000.0,16820.0,20000.0,6230
16711,20000.0,20000.0,16830.0,20000.0,6240
16716,20000.0,20000.0,16830.0,20000.0,6240
16721,20000.0,20000.0,16830.0,20000.0,6240
16726,20000.0,20000.0,16840.0,20000.0,6240
16731,20000.0,20000.0,16840.0,20000.0,6240
16736,20000.0,20000.0,16853.0,20000.0,6245
16741,20000.0,20000.0,16853.0,20000.0,6250
16746,20000.0,20000.0,16867.0,20000.0,6250
16751,20000.0,20000.0,16867.0,20000.0,6250
16756,20000.0,20000.0,16867.0,20000.0,6250
16761,20000.0,20000.0,16880.0,20000.0,6251
16766,20000.0,20000.0,16880.0,20000.0,6260
16771,20000.0,20000.0,16890.0,20000.0,6260
16776,20000.0,20000.0,16890.0,20000.0,6260
16781,20000.0,20000.0,16890.0,20000.0,6260
16786,20000.0,20000.0,16907.0,20000.0,6260
16791,20000.0,20000.0,16907.0,20000.0,6270
16796,20000.0,20000.0,16907.0,20000.0,6270
16801,20000.0,20000.0,16920.0,20000.0,6270
16806,20000.0,20000.0,16920.0,20000.0,6270
16811,20000.0,20000.0,16930.0,20000.0,6270
16816,20000.0,20000.0,16930.0,20000.0,6278
16821,20000.0,20000.0,16930.0,20000.0,6280
16826,20000.0,20000.0,16943.0,20000.0,6280
16831,20000.0,20000.0,16943.0,20000.0,6280
16836,20000.0,20000.0,16960.0,20000.0,6280
16841,20000.0,20000.0,16960.0,20000.0,6282
16846,20000.0,20000.0,16960.0,20000.0,6290
16851,20000.0,20000.0,16970.0,20000.0,6290
16856,20000.0,20000.0,16970.0,20000.0,6290
16861,20000.0,20000.0,16980.0,20000.0,6290
16866,20000.0,20000.0,16980.0,20000.0,6290
16871,20000.0,20000.0,16980.0,20000.0,6300
16876,20000.0,20000.0,16990.0,20000.0,6300
16881,20000.0,20000.0,16990.0,20000.0,6300
16886,20000.0,20000.0,17010.0,20000.0,6300
16891,20000.0,20000.0,17010.0,20000.0,6300
16896,20000.0,20000.0,17020.0,20000.0,6303
16901,20000.0,20000.0,17020.0,20000.0,6310
16906,20000.0,20000.0,17020.0,20000.0,6310
16911,20000.0,20000.0,17030.0,20000.0,6310
16916,20000.0,20000.0,17030.0,20000.0,6310
16921,20000.0,20000.0,17040.0,20000.0,6312
16926,20000.0,20000.0,17040.0,20000.0,6320
16931,20000.0,20000.0,17040.0,20000.0,6320
16936,20000.0,20000.0,17054.0,20000.0,6320
16941,20000.0,20000.0,17054.0,20000.0,6320
16946,20000.0,20000.0,17070.0,20000.0,6320
16951,20000.0,20000.0,17070.0,20000.0,6330
16956,20000.0,20000.0,17070.0,20000.0,6330
16961,20000.0,20000.0,17080.0,20000.0,6330
16966,20000.0,20000.0,17080.0,20000.0,6330
16971,20000.0,20000.0,17090.0,20000.0,6330
16976,20000.0,20000.0,17090.0,20000.0,6337
16981,20000.0,20000.0,17090.0,20000.0,6340
16986,20000.0,20000.0,17110.0,20000.0,6340
16991,20000.0,20000.0,17110.0,20000.0,6340
16996,20000.0,20000.0,17120.0,20000.0,6340
17001,20000.0,20000.0,17120.0,20000.0,6340
17006,20000.0,20000.0,17120.0,20000.0,6350
17011,20000.0,20000.0,17130.0,20000.0,6350
17016,20000.0,20000.0,17130.0,20000.0,6350
17021,20000.0,20000.0,17141.0,20000.0,6350
17026,20000.0,20000.0,17141.0,20000.0,6350
17031,20000.0,20000.0,17141.0,20000.0,6360
17036,20000.0,20000.0,17160.0,20000.0,6360
17041,20000.0,20000.0,17160.0,20000.0,6360
17046,20000.0,20000.0,17160.0,20000.0,6360
17051,20000.0,20000.0,17170.0,20000.0,6360
17056,20000.0,20000.0,17170.0,20000.0,6366
17061,20000.0,20000.0,17180.0,20000.0,6370
17066,20000.0,20000.0,17180.0,20000.0,6370
17071,20000.0,20000.0,17180.0,20000.0,6370
17076,20000.0,20000.0,17195.0,20000.0,6370
17081,20000.0,20000.0,17195.0,20000.0,6371
17086,20000.0,20000.0,17210.0,20000.0,6380
17091,20000.0,20000.0,17210.0,20000.0,6380
17096,20000.0,20000.0,17213.0,20000.0,6380
17101,20000.0,20000.0,17220.0,20000.0,6380
17106,20000.0,20000.0,17220.0,20000.0,6380
17111,20000.0,20000.0,17230.0,20000.0,6388
17116,20000.0,20000.0,17230.0,20000.0,6390
17121,20000.0,20000.0,17230.0,20000.0,6390
17126,20000.0,20000.0,17250.0,20000.0,6390
17131,20000.0,20000.0,17250.0,20000.0,6390
17136,20000.0,20000.0,17260.0,20000.0,6391
17141,20000.0,20000.0,17260.0,20000.0,6400
17146,20000.0,20000.0,17260.0,20000.0,6400
17151,20000.0,20000.0,17270.0,20000.0,6400
17156,20000.0,20000.0,17270.0,20000.0,6400
17161,20000.0,20000.0,17289.0,20000.0,6400
17166,20000.0,20000.0,17289.0,20000.0,6410
17171,20000.0,20000.0,17289.0,20000.0,6410
17176,20000.0,20000.0,17300.0,20000.0,6410
17181,20000.0,20000.0,17300.0,20000.0,6410
17186,20000.0,20000.0,17310.0,20000.0,6410
17191,20000.0,20000.0,17310.0,20000.0,6418
17196,20000.0,20000.0,17310.0,20000.0,6420
17201,20000.0,20000.0,17320.0,20000.0,6420
17206,20000.0,20000.0,17320.0,20000.0,6420
17211,20000.0,20000.0,17333.0,20000.0,6420
17216,20000.0,20000.0,17333.0,20000.0,6420
17221,20000.0,20000.0,17333.0,20000.0,6430
17226,20000.0,20000.0,17350.0,20000.0,6430
17231,20000.0,20000.0,17350.0,20000.0,6430
17236,20000.0,20000.0,17360.0,20000.0,6430
17241,20000.0,20000.0,17360.0,20000.0,6430
17246,20000.0,20000.0,17360.0,20000.0,6440
17251,20000.0,20000.0,17370.0,20000.0,6440
17256,20000.0,20000.0,17370.0,20000.0,6440
17261,20000.0,20000.0,17385.0,20000.0,6440
17266,20000.0,20000.0,17385.0,20000.0,6440
17271,20000.0,20000.0,17385.0,20000.0,6446
17276,20000.0,20000.0,17400.0,20000.0,6450
17281,20000.0,20000.0,17400.0,20000.0,6450
17286,20000.0,20000.0,17410.0,20000.0,6450
17291,20000.0,20000.0,17410.0,20000.0,6450
17296,20000.0,20000.0,17410.0,20000.0,6450
17301,20000.0,20000.0,17423.0,20000.0,6460
17306,20000.0,20000.0,17423.0,20000.0,6460
17311,20000.0,20000.0,17440.0,20000.0,6460
17316,20000.0,20000.0,17440.0,20000.0,6460
17321,20000.0,20000.0,17450.0,20000.0,6460
17326,20000.0,20000.0,17450.0,20000.0,6470
17331,20000.0,20000.0,17450.0,20000.0,6470
17336,20000.0,20000.0,17460.0,20000.0,6470
17341,20000.0,20000.0,17460.0,20000.0,6470
17346,20000.0,20000.0,17470.0,20000.0,6470
17351,20000.0,20000.0,17470.0,20000.0,6475
17356,20000.0,20000.0,17470.0,20000.0,6480
17361,20000.0,20000.0,17490.0,20000.0,6480
17366,20000.0,20000.0,17490.0,20000.0,6480
17371,20000.0,20000.0,17490.0,20000.0,6480
17376,20000.0,20000.0,17500.0,20000.0,6482
17381,20000.0,20000.0,17500.0,20000.0,6490
17386,20000.0,20000.0,17510.0,20000.0,6490
17391,20000.0,20000.0,17510.0,20000.0,6490
17396,20000.0,20000.0,17510.0,20000.0,6490
17401,20000.0,20000.0,17530.0,20000.0,6490
17406,20000.0,20000.0,17530.0,20000.0,6499
17411,20000.0,20000.0,17540.0,20000.0,6500
17416,20000.0,20000.0,17540.0,20000.0,6500
17421,20000.0,20000.0,17540.0,20000.0,6500
17426,20000.0,20000.0,17550.0,20000.0,6500
17431,20000.0,20000.0,17550.0,20000.0,6503
17436,20000.0,20000.0,17560.0,20000.0,6510
17441,20000.0,20000.0,17560.0,20000.0,6510
17446,20000.0,20000.0,17574.0,20000.0,6510
17451,20000.0,20000.0,17574.0,20000.0,6510
17456,20000.0,20000.0,17574.0,20000.0,6510
17461,20000.0,20000.0,17590.0,20000.0,6520
17466,20000.0,20000.0,17590.0,20000.0,6520
17471,20000.0,20000.0,17590.0,20000.0,6520
17476,20000.0,20000.0,17600.0,20000.0,6520
17481,20000.0,20000.0,17600.0,20000.0,6520
17486,20000.0,20000.0,17610.0,20000.0,6526
17491,20000.0,20000.0,17610.0,20000.0,6530
17496,20000.0,20000.0,17629.0,20000.0,6530
17501,20000.0,20000.0,17630.0,20000.0,6530
17506,20000.0,20000.0,17630.0,20000.0,6530
17511,20000.0,20000.0,17640.0,20000.0,6531
17516,20000.0,20000.0,17640.0,20000.0,6540
17521,20000.0,20000.0,17650.0,20000.0,6540
17526,20000.0,20000.0,17650.0,20000.0,6540
17531,20000.0,20000.0,17650.0,20000.0,6540
17536,20000.0,20000.0,17660.0,20000.0,6540
17541,20000.0,20000.0,17660.0,20000.0,6549
17546,20000.0,20000.0,17680.0,20000.0,6550
17551,20000.0,20000.0,17680.0,20000.0,6550
17556,20000.0,20000.0,17680.0,20000.0,6550
17561,20000.0,20000.0,17690.0,20000.0,6550
17566,20000.0,20000.0,17690.0,20000.0,6555
17571,20000.0,20000.0,17690.0,20000.0,6560
17576,20000.0,20000.0,17700.0,20000.0,6560
17581,20000.0,20000.0,17700.0,20000.0,6560
17586,20000.0,20000.0,17720.0,20000.0,6560
17591,20000.0,20000.0,17720.0,20000.0,6560
17596,20000.0,20000.0,17720.0,20000.0,6570
17601,20000.0,20000.0,17730.0,20000.0,6570
17606,20000.0,20000.0,17730.0,20000.0,6570
17611,20000.0,20000.0,17740.0,20000.0,6570
17616,20000.0,20000.0,17740.0,20000.0,6570
17621,20000.0,20000.0,17750.0,20000.0,6575
17626,20000.0,20000.0,17750.0,20000.0,6580
17631,20000.0,20000.0,17750.0,20000.0,6580
17636,20000.0,20000.0,17767.0,20000.0,6580
17641,20000.0,20000.0,17767.0,20000.0,6580
17646,20000.0,20000.0,17780.0,20000.0,6581
17651,20000.0,20000.0,17780.0,20000.0,6590
17656,20000.0,20000.0,17780.0,20000.0,6590
17661,20000.0,20000.0,17790.0,20000.0,6590
17666,20000.0,20000.0,17790.0,20000.0,6590
17671,20000.0,20000.0,17800.0,20000.0,6590
17676,20000.0,20000.0,17800.0,20000.0,6599
17681,20000.0,20000.0,17810.0,20000.0,6600
17686,20000.0,20000.0,17810.0,20000.0,6600
17691,20000.0,20000.0,17810.0,20000.0,6600
17696,20000.0,20000.0,17830.0,20000.0,6600
17701,20000.0,20000.0,17830.0,20000.0,6603
17706,20000.0,20000.0,17840.0,20000.0,6610
17711,20000.0,20000.0,17840.0,20000.0,6610
17716,20000.0,20000.0,17840.0,20000.0,6610
17721,20000.0,20000.0,17850.0,20000.0,6610
17726,20000.0,20000.0,17850.0,20000.0,6610
17731,20000.0,20000.0,17860.0,20000.0,6620
17736,20000.0,20000.0,17860.0,20000.0,6620
17741,20000.0,20000.0,17860.0,20000.0,6620
17746,20000.0,20000.0,17874.0,20000.0,6620
17751,20000.0,20000.0,17874.0,20000.0,6620
17756,20000.0,20000.0,17890.0,20000.0,6630
17761,20000.0,20000.0,17890.0,20000.0,6630
17766,20000.0,20000.0,17890.0,20000.0,6630
17771,20000.0,20000.0,17900.0,20000.0,6630
17776,20000.0,20000.0,17900.0,20000.0,6630
17781,20000.0,20000.0,17911.0,20000.0,6637
17786,20000.0,20000.0,17911.0,20000.0,6640
17791,20000.0,20000.0,17911.0,20000.0,6640
17796,20000.0,20000.0,17930.0,20000.0,6640
17801,20000.0,20000.0,17930.0,20000.0,6640
17806,20000.0,20000.0,17940.0,20000.0,6640
17811,20000.0,20000.0,17940.0,20000.0,6650
17816,20000.0,20000.0,17940.0,20000.0,6650
17821,20000.0,20000.0,17950.0,20000.0,6650
17826,20000.0,20000.0,17950.0,20000.0,6650
17831,20000.0,20000.0,17950.0,20000.0,6650
17836,20000.0,20000.0,17970.0,20000.0,6660
17841,20000.0,20000.0,17970.0,20000.0,6660
17846,20000.0,20000.0,17980.0,20000.0,6660
17851,20000.0,20000.0,17980.0,20000.0,6660
17856,20000.0,20000.0,17980.0,20000.0,6660
17861,20000.0,20000.0,17990.0,20000.0,6669
17866,20000.0,20000.0,17990.0,20000.0,6670
17871,20000.0,20000.0,18004.0,20000.0,6670
17876,20000.0,20000.0,18007.0,20000.0,6670
17881,20000.0,20000.0,18007.0,20000.0,6670
17886,20000.0,20000.0,18020.0,20000.0,6673
17891,20000.0,20000.0,18020.0,20000.0,6680
17896,20000.0,20000.0,18020.0,20000.0,6680
17901,20000.0,20000.0,18030.0,20000.0,6680
17906,20000.0,20000.0,18030.0,20000.0,6680
17911,20000.0,20000.0,18040.0,20000.0,6680
17916,20000.0,20000.0,18040.0,20000.0,6690
17921,20000.0,20000.0,18040.0,20000.0,6690
17926,20000.0,20000.0,18059.0,20000.0,6690
17931,20000.0,20000.0,18059.0,20000.0,6690
17936,20000.0,20000.0,18070.0,20000.0,6690
17941,20000.0,20000.0,18070.0,20000.0,6698
17946,20000.0,20000.0,18070.0,20000.0,6700
17951,20000.0,20000.0,18080.0,20000.0,6700
17956,20000.0,20000.0,18080.0,20000.0,6700
17961,20000.0,20000.0,18091.0,20000.0,6700
17966,20000.0,20000.0,18091.0,20000.0,6703
17971,20000.0,20000.0,18091.0,20000.0,6710
17976,20000.0,20000.0,18110.0,20000.0,6710
17981,20000.0,20000.0,18110.0,20000.0,6710
17986,20000.0,20000.0,18120.0,20000.0,6710
17991,20000.0,20000.0,18120.0,20000.0,6710
17996,20000.0,20000.0,18120.0,20000.0,6720
18001,20000.0,20000.0,18130.0,20000.0,6720
18006,20000.0,20000.0,18130.0,20000.0,6720
18011,20000.0,20000.0,18145.0,20000.0,6720
18016,20000.0,20000.0,18145.0,20000.0,6720
18021,20000.0,20000.0,18145.0,20000.0,6726
18026,20000.0,20000.0,18160.0,20000.0,6730
18031,20000.0,20000.0,18160.0,20000.0,6730
18036,20000.0,20000.0,18170.0,20000.0,6730
18041,20000.0,20000.0,18170.0,20000.0,6730
18046,20000.0,20000.0,18170.0,20000.0,6730
18051,20000.0,20000.0,18180.0,20000.0,6740
18056,20000.0,20000.0,18180.0,20000.0,6740
18061,20000.0,20000.0,18200.0,20000.0,6740
18066,20000.0,20000.0,18200.0,20000.0,6740
18071,20000.0,20000.0,18200.0,20000.0,6740
18076,20000.0,20000.0,18210.0,20000.0,6745
18081,20000.0,20000.0,18210.0,20000.0,6750
18086,20000.0,20000.0,18220.0,20000.0,6750
18091,20000.0,20000.0,18220.0,20000.0,6750
18096,20000.0,20000.0,18220.0,20000.0,6750
18101,20000.0,20000.0,18230.0,20000.0,6752
18106,20000.0,20000.0,18230.0,20000.0,6760
18111,20000.0,20000.0,18249.0,20000.0,6760
18116,20000.0,20000.0,18249.0,20000.0,6760
18121,20000.0,20000.0,18249.0,20000.0,6760
18126,20000.0,20000.0,18260.0,20000.0,6760
18131,20000.0,20000.0,18260.0,20000.0,6770
18136,20000.0,20000.0,18270.0,20000.0,6770
18141,20000.0,20000.0,18270.0,20000.0,6770
18146,20000.0,20000.0,18270.0,20000.0,6770
18151,20000.0,20000.0,18281.0,20000.0,6770
18156,20000.0,20000.0,18281.0,20000.0,6778
18161,20000.0,20000.0,18300.0,20000.0,6780
18166,20000.0,20000.0,18300.0,20000.0,6780
18171,20000.0,20000.0,18300.0,20000.0,6780
18176,20000.0,20000.0,18310.0,20000.0,6780
18181,20000.0,20000.0,18310.0,20000.0,6782
18186,20000.0,20000.0,18320.0,20000.0,6790
18191,20000.0,20000.0,18320.0,20000.0,6790
18196,20000.0,20000.0,18320.0,20000.0,6790
18201,20000.0,20000.0,18340.0,20000.0,6790
18206,20000.0,20000.0,18340.0,20000.0,6791
18211,20000.0,20000.0,18350.0,20000.0,6800
18216,20000.0,20000.0,18350.0,20000.0,6800
18221,20000.0,20000.0,18359.0,20000.0,6800
18226,20000.0,20000.0,18360.0,20000.0,6800
18231,20000.0,20000.0,18360.0,20000.0,6800
18236,20000.0,20000.0,18370.0,20000.0,6810
18241,20000.0,20000.0,18370.0,20000.0,6810
18246,20000.0,20000.0,18380.0,20000.0,6810
18251,20000.0,20000.0,18380.0,20000.0,6810
18256,20000.0,20000.0,18380.0,20000.0,6810
18261,20000.0,20000.0,18399.0,20000.0,6811
18266,20000.0,20000.0,18399.0,20000.0,6820
18271,20000.0,20000.0,18410.0,20000.0,6820
18276,20000.0,20000.0,18410.0,20000.0,6820
18281,20000.0,20000.0,18410.0,20000.0,6820
18286,20000.0,20000.0,18420.0,20000.0,6820
18291,20000.0,20000.0,18420.0,20000.0,6830
18296,20000.0,20000.0,18430.0,20000.0,6830
18301,20000.0,20000.0,18430.0,20000.0,6830
18306,20000.0,20000.0,18430.0,20000.0,6830
18311,20000.0,20000.0,18448.0,20000.0,6830
18316,20000.0,20000.0,18448.0,20000.0,6839
18321,20000.0,20000.0,18448.0,20000.0,6840
18326,20000.0,20000.0,18460.0,20000.0,6840
18331,20000.0,20000.0,18460.0,20000.0,6840
18336,20000.0,20000.0,18470.0,20000.0,6840
18341,20000.0,20000.0,18470.0,20000.0,6845
18346,20000.0,20000.0,18480.0,20000.0,6850
18351,20000.0,20000.0,18480.0,20000.0,6850
18356,20000.0,20000.0,18480.0,20000.0,6850
18361,20000.0,20000.0,18500.0,20000.0,6850
18366,20000.0,20000.0,18500.0,20000.0,6850
18371,20000.0,20000.0,18500.0,20000.0,6860
18376,20000.0,20000.0,18510.0,20000.0,6860
18381,20000.0,20000.0,18510.0,20000.0,6860
18386,20000.0,20000.0,18520.0,20000.0,6860
18391,20000.0,20000.0,18520.0,20000.0,6860
18396,20000.0,20000.0,18530.0,20000.0,6866
18401,20000.0,20000.0,18530.0,20000.0,6870
18406,20000.0,20000.0,18530.0,20000.0,6870
18411,20000.0,20000.0,18550.0,20000.0,6870
18416,20000.0,20000.0,18550.0,20000.0,6870
18421,20000.0,20000.0,18560.0,20000.0,6872
18426,20000.0,20000.0,18560.0,20000.0,6880
18431,20000.0,20000.0,18560.0,20000.0,6880
18436,20000.0,20000.0,18570.0,20000.0,6880
18441,20000.0,20000.0,18570.0,20000.0,6880
18446,20000.0,20000.0,18580.0,20000.0,6880
18451,20000.0,20000.0,18580.0,20000.0,6890
18456,20000.0,20000.0,18580.0,20000.0,6890
18461,20000.0,20000.0,18600.0,20000.0,6890
18466,20000.0,20000.0,18600.0,20000.0,6890
18471,20000.0,20000.0,18600.0,20000.0,6890
18476,20000.0,20000.0,18610.0,20000.0,6898
18481,20000.0,20000.0,18610.0,20000.0,6900
18486,20000.0,20000.0,18620.0,20000.0,6900
18491,20000.0,20000.0,18620.0,20000.0,6900
18496,20000.0,20000.0,18620.0,20000.0,6900
18501,20000.0,20000.0,18634.0,20000.0,6905
18506,20000.0,20000.0,18634.0,20000.0,6910
18511,20000.0,20000.0,18650.0,20000.0,6910
18516,20000.0,20000.0,18650.0,20000.0,6910
18521,20000.0,20000.0,18660.0,20000.0,6910
18526,20000.0,20000.0,18660.0,20000.0,6910
18531,20000.0,20000.0,18660.0,20000.0,6919
18536,20000.0,20000.0,18670.0,20000.0,6920
18541,20000.0,20000.0,18670.0,20000.0,6920
18546,20000.0,20000.0,18690.0,20000.0,6920
18551,20000.0,20000.0,18690.0,20000.0,6920
18556,20000.0,20000.0,18690.0,20000.0,6925
18561,20000.0,20000.0,18700.0,20000.0,6930
18566,20000.0,20000.0,18700.0,20000.0,6930
18571,20000.0,20000.0,18710.0,20000.0,6930
18576,20000.0,20000.0,18710.0,20000.0,6930
18581,20000.0,20000.0,18710.0,20000.0,6930
18586,20000.0,20000.0,18720.0,20000.0,6940
18591,20000.0,20000.0,18720.0,20000.0,6940
18596,20000.0,20000.0,18739.0,20000.0,6940
18601,20000.0,20000.0,18739.0,20000.0,6940
18606,20000.0,20000.0,18739.0,20000.0,6940
18611,20000.0,20000.0,18750.0,20000.0,6949
18616,20000.0,20000.0,18750.0,20000.0,6950
18621,20000.0,20000.0,18760.0,20000.0,6950
18626,20000.0,20000.0,18760.0,20000.0,6950
18631,20000.0,20000.0,18760.0,20000.0,6950
18636,20000.0,20000.0,18770.0,20000.0,6950
18641,20000.0,20000.0,18770.0,20000.0,6960
18646,20000.0,20000.0,18789.0,20000.0,6960
18651,20000.0,20000.0,18789.0,20000.0,6960
18656,20000.0,20000.0,18789.0,20000.0,6960
18661,20000.0,20000.0,18800.0,20000.0,6960
18666,20000.0,20000.0,18800.0,20000.0,6970
18671,20000.0,20000.0,18802.0,20000.0,6970
18676,20000.0,20000.0,18810.0,20000.0,6970
18681,20000.0,20000.0,18810.0,20000.0,6970
18686,20000.0,20000.0,18820.0,20000.0,6970
18691,20000.0,20000.0,18820.0,20000.0,6980
18696,20000.0,20000.0,18839.0,20000.0,6980
18701,20000.0,20000.0,18839.0,20000.0,6980
18706,20000.0,20000.0,18839.0,20000.0,6980
18711,20000.0,20000.0,18850.0,20000.0,6980
18716,20000.0,20000.0,18850.0,20000.0,6986
18721,20000.0,20000.0,18860.0,20000.0,6990
18726,20000.0,20000.0,18860.0,20000.0,6990
18731,20000.0,20000.0,18860.0,20000.0,6990
18736,20000.0,20000.0,18870.0,20000.0,6990
18741,20000.0,20000.0,18870.0,20000.0,6991
18746,20000.0,20000.0,18890.0,20000.0,7000
18751,20000.0,20000.0,18890.0,20000.0,7000
18756,20000.0,20000.0,18890.0,20000.0,7000
18761,20000.0,20000.0,18900.0,20000.0,7000
18766,20000.0,20000.0,18900.0,20000.0,7000
18771,20000.0,20000.0,18909.0,20000.0,7009
18776,20000.0,20000.0,18910.0,20000.0,7010
18781,20000.0,20000.0,18910.0,20000.0,7010
18786,20000.0,20000.0,18930.0,20000.0,7010
18791,20000.0,20000.0,18930.0,20000.0,7010
18796,20000.0,20000.0,18940.0,20000.0,7012
18801,20000.0,20000.0,18940.0,20000.0,7020
18806,20000.0,20000.0,18940.0,20000.0,7020
18811,20000.0,20000.0,18950.0,20000.0,7020
18816,20000.0,20000.0,18950.0,20000.0,7020
18821,20000.0,20000.0,18960.0,20000.0,7020
18826,20000.0,20000.0,18960.0,20000.0,7030
18831,20000.0,20000.0,18960.0,20000.0,7030
18836,20000.0,20000.0,18979.0,20000.0,7030
18841,20000.0,20000.0,18979.0,20000.0,7030
18846,20000.0,20000.0,18990.0,20000.0,7030
18851,20000.0,20000.0,18990.0,20000.0,7035
18856,20000.0,20000.0,18990.0,20000.0,7040
18861,20000.0,20000.0,19000.0,20000.0,7040
18866,20000.0,20000.0,19000.0,20000.0,7040
18871,20000.0,20000.0,19010.0,20000.0,7040
18876,20000.0,20000.0,19010.0,20000.0,7040
18881,20000.0,20000.0,19010.0,20000.0,7050
18886,20000.0,20000.0,19021.0,20000.0,7050
18891,20000.0,20000.0,19021.0,20000.0,7050
18896,20000.0,20000.0,19039.0,20000.0,7050
18901,20000.0,20000.0,19039.0,20000.0,7050
18906,20000.0,20000.0,19039.0,20000.0,7059
18911,20000.0,20000.0,19050.0,20000.0,7060
18916,20000.0,20000.0,19050.0,20000.0,7060
18921,20000.0,20000.0,19060.0,20000.0,7060
18926,20000.0,20000.0,19060.0,20000.0,7060
18931,20000.0,20000.0,19070.0,20000.0,7065
18936,20000.0,20000.0,19070.0,20000.0,7070
18941,20000.0,20000.0,19070.0,20000.0,7070
18946,20000.0,20000.0,19090.0,20000.0,7070
18951,20000.0,20000.0,19090.0,20000.0,7070
18956,20000.0,20000.0,19090.0,20000.0,7070
18961,20000.0,20000.0,19100.0,20000.0,7080
18966,20000.0,20000.0,19100.0,20000.0,7080
18971,20000.0,20000.0,19110.0,20000.0,7080
18976,20000.0,20000.0,19110.0,20000.0,7080
18981,20000.0,20000.0,19110.0,20000.0,7080
18986,20000.0,20000.0,19125.0,20000.0,7087
18991,20000.0,20000.0,19125.0,20000.0,7090
18996,20000.0,20000.0,19140.0,20000.0,7090
19001,20000.0,20000.0,19140.0,20000.0,7090
19006,20000.0,20000.0,19140.0,20000.0,7090
19011,20000.0,20000.0,19150.0,20000.0,7091
19016,20000.0,20000.0,19150.0,20000.0,7100
19021,20000.0,20000.0,19160.0,20000.0,7100
19026,20000.0,20000.0,19160.0,20000.0,7100
19031,20000.0,20000.0,19160.0,20000.0,7100
19036,20000.0,20000.0,19170.0,20000.0,7100
19041,20000.0,20000.0,19170.0,20000.0,7110
19046,20000.0,20000.0,19190.0,20000.0,7110
19051,20000.0,20000.0,19190.0,20000.0,7110
19056,20000.0,20000.0,19190.0,20000.0,7110
19061,20000.0,20000.0,19200.0,20000.0,7110
19066,20000.0,20000.0,19200.0,20000.0,7118
19071,20000.0,20000.0,19210.0,20000.0,7120
19076,20000.0,20000.0,19210.0,20000.0,7120
19081,20000.0,20000.0,19210.0,20000.0,7120
19086,20000.0,20000.0,19229.0,20000.0,7120
19091,20000.0,20000.0,19229.0,20000.0,7121
19096,20000.0,20000.0,19240.0,20000.0,7130
19101,20000.0,20000.0,19240.0,20000.0,7130
19106,20000.0,20000.0,19240.0,20000.0,7130
19111,20000.0,20000.0,19250.0,20000.0,7130
19116,20000.0,20000.0,19250.0,20000.0,7130
19121,20000.0,20000.0,19260.0,20000.0,7140
19126,20000.0,20000.0,19260.0,20000.0,7140
19131,20000.0,20000.0,19260.0,20000.0,7140
19136,20000.0,20000.0,19280.0,20000.0,7140
19141,20000.0,20000.0,19280.0,20000.0,7140
19146,20000.0,20000.0,19290.0,20000.0,7143
19151,20000.0,20000.0,19290.0,20000.0,7150
19156,20000.0,20000.0,19290.0,20000.0,7150
19161,20000.0,20000.0,19300.0,20000.0,7150
19166,20000.0,20000.0,19300.0,20000.0,7150
19171,20000.0,20000.0,19310.0,20000.0,7150
19176,20000.0,20000.0,19310.0,20000.0,7160
19181,20000.0,20000.0,19310.0,20000.0,7160
19186,20000.0,20000.0,19322.0,20000.0,7160
19191,20000.0,20000.0,19322.0,20000.0,7160
19196,20000.0,20000.0,19340.0,20000.0,7160
19201,20000.0,20000.0,19340.0,20000.0,7170
19206,20000.0,20000.0,19350.0,20000.0,7170
19211,20000.0,20000.0,19350.0,20000.0,7170
19216,20000.0,20000.0,19350.0,20000.0,7170
19221,20000.0,20000.0,19360.0,20000.0,7170
19226,20000.0,20000.0,19360.0,20000.0,7178
19231,20000.0,20000.0,19371.0,20000.0,7180
19236,20000.0,20000.0,19371.0,20000.0,7180
19241,20000.0,20000.0,19371.0,20000.0,7180
19246,20000.0,20000.0,19390.0,20000.0,7180
19251,20000.0,20000.0,19390.0,20000.0,7181
19256,20000.0,20000.0,19400.0,20000.0,7190
19261,20000.0,20000.0,19400.0,20000.0,7190
19266,20000.0,20000.0,19400.0,20000.0,7190
19271,20000.0,20000.0,19410.0,20000.0,7190
19276,20000.0,20000.0,19410.0,20000.0,7190
19281,20000.0,20000.0,19410.0,20000.0,7198
19286,20000.0,20000.0,19428.0,20000.0,7200
19291,20000.0,20000.0,19428.0,20000.0,7200
19296,20000.0,20000.0,19440.0,20000.0,7200
19301,20000.0,20000.0,19440.0,20000.0,7200
19306,20000.0,20000.0,19450.0,20000.0,7203
19311,20000.0,20000.0,19450.0,20000.0,7210
19316,20000.0,20000.0,19450.0,20000.0,7210
19321,20000.0,20000.0,19460.0,20000.0,7210
19326,20000.0,20000.0,19460.0,20000.0,7210
19331,20000.0,20000.0,19477.0,20000.0,7210
19336,20000.0,20000.0,19477.0,20000.0,7219
19341,20000.0,20000.0,19477.0,20000.0,7220
19346,20000.0,20000.0,19490.0,20000.0,7220
19351,20000.0,20000.0,19490.0,20000.0,7220
19356,20000.0,20000.0,19500.0,20000.0,7220
19361,20000.0,20000.0,19500.0,20000.0,7225
19366,20000.0,20000.0,19500.0,20000.0,7230
19371,20000.0,20000.0,19510.0,20000.0,7230
19376,20000.0,20000.0,19510.0,20000.0,7230
19381,20000.0,20000.0,19526.0,20000.0,7230
19386,20000.0,20000.0,19526.0,20000.0,7230
19391,20000.0,20000.0,19526.0,20000.0,7240
19396,20000.0,20000.0,19540.0,20000.0,7240
19401,20000.0,20000.0,19540.0,20000.0,7240
19406,20000.0,20000.0,19550.0,20000.0,7240
19411,20000.0,20000.0,19550.0,20000.0,7240
19416,20000.0,20000.0,19550.0,20000.0,7246
19421,20000.0,20000.0,19560.0,20000.0,7250
19426,20000.0,20000.0,19560.0,20000.0,7250
19431,20000.0,20000.0,19570.0,20000.0,7250
19436,20000.0,20000.0,19570.0,20000.0,7250
19441,20000.0,20000.0,19570.0,20000.0,7252
19446,20000.0,20000.0,19580.0,20000.0,7260
19451,20000.0,20000.0,19580.0,20000.0,7260
19456,20000.0,20000.0,19600.0,20000.0,7260
19461,20000.0,20000.0,19600.0,20000.0,7260
19466,20000.0,20000.0,19600.0,20000.0,7260
19471,20000.0,20000.0,19610.0,20000.0,7269
19476,20000.0,20000.0,19610.0,20000.0,7270
19481,20000.0,20000.0,19620.0,20000.0,7270
19486,20000.0,20000.0,19620.0,20000.0,7270
19491,20000.0,20000.0,19637.0,20000.0,7270
19496,20000.0,20000.0,19637.0,20000.0,7272
19501,20000.0,20000.0,19637.0,20000.0,7280
19506,20000.0,20000.0,19650.0,20000.0,7280
19511,20000.0,20000.0,19650.0,20000.0,7280
19516,20000.0,20000.0,19660.0,20000.0,7280
19521,20000.0,20000.0,19660.0,20000.0,7280
19526,20000.0,20000.0,19660.0,20000.0,7290
19531,20000.0,20000.0,19670.0,20000.0,7290
19536,20000.0,20000.0,19670.0,20000.0,7290
19541,20000.0,20000.0,19670.0,20000.0,7290
19546,20000.0,20000.0,19690.0,20000.0,7290
19551,20000.0,20000.0,19690.0,20000.0,7299
19556,20000.0,20000.0,19700.0,20000.0,7300
19561,20000.0,20000.0,19700.0,20000.0,7300
19566,20000.0,20000.0,19700.0,20000.0,7300
19571,20000.0,20000.0,19710.0,20000.0,7300
19576,20000.0,20000.0,19710.0,20000.0,7304
19581,20000.0,20000.0,19726.0,20000.0,7310
19586,20000.0,20000.0,19726.0,20000.0,7310
19591,20000.0,20000.0,19726.0,20000.0,7310
19596,20000.0,20000.0,19740.0,20000.0,7310
19601,20000.0,20000.0,19740.0,20000.0,7310
19606,20000.0,20000.0,19750.0,20000.0,7320
19611,20000.0,20000.0,19750.0,20000.0,7320
19616,20000.0,20000.0,19750.0,20000.0,7320
19621,20000.0,20000.0,19770.0,20000.0,7320
19626,20000.0,20000.0,19770.0,20000.0,7320
19631,20000.0,20000.0,19770.0,20000.0,7328
19636,20000.0,20000.0,19780.0,20000.0,7330
19641,20000.0,20000.0,19780.0,20000.0,7330
19646,20000.0,20000.0,19790.0,20000.0,7330
19651,20000.0,20000.0,19790.0,20000.0,7330
19656,20000.0,20000.0,19790.0,20000.0,7334
19661,20000.0,20000.0,19800.0,20000.0,7340
19666,20000.0,20000.0,19800.0,20000.0,7340
19671,20000.0,20000.0,19813.0,20000.0,7340
19676,20000.0,20000.0,19813.0,20000.0,7340
19681,20000.0,20000.0,19830.0,20000.0,7340
19686,20000.0,20000.0,19830.0,20000.0,7350
19691,20000.0,20000.0,19830.0,20000.0,7350
19696,20000.0,20000.0,19840.0,20000.0,7350
19701,20000.0,20000.0,19840.0,20000.0,7350
19706,20000.0,20000.0,19850.0,20000.0,7350
19711,20000.0,20000.0,19850.0,20000.0,7355
19716,20000.0,20000.0,19850.0,20000.0,7360
19721,20000.0,20000.0,19860.0,20000.0,7360
19726,20000.0,20000.0,19860.0,20000.0,7360
19731,20000.0,20000.0,19880.0,20000.0,7360
19736,20000.0,20000.0,19880.0,20000.0,7361
19741,20000.0,20000.0,19880.0,20000.0,7370
19746,20000.0,20000.0,19890.0,20000.0,7370
19751,20000.0,20000.0,19890.0,20000.0,7370
19756,20000.0,20000.0,19900.0,20000.0,7370
19761,20000.0,20000.0,19900.0,20000.0,7370
19766,20000.0,20000.0,19900.0,20000.0,7380
19771,20000.0,20000.0,19917.0,20000.0,7380
19776,20000.0,20000.0,19917.0,20000.0,7380
19781,20000.0,20000.0,19930.0,20000.0,7380
19786,20000.0,20000.0,19930.0,20000.0,7380
19791,20000.0,20000.0,19930.0,20000.0,7387
19796,20000.0,20000.0,19940.0,20000.0,7390
19801,20000.0,20000.0,19940.0,20000.0,7390
19806,20000.0,20000.0,19950.0,20000.0,7390
19811,20000.0,20000.0,19950.0,20000.0,7390
19816,20000.0,20000.0,19950.0,20000.0,7391
19821,20000.0,20000.0,19960.0,20000.0,7400
19826,20000.0,20000.0,19960.0,20000.0,7400
19831,20000.0,20000.0,19980.0,20000.0,7400
19836,20000.0,20000.0,19980.0,20000.0,7400
19841,20000.0,20000.0,19980.0,20000.0,7400
19846,20000.0,20000.0,19990.0,20000.0,7410
19851,20000.0,20000.0,19990.0,20000.0,7410
19856,20000.0,20000.0,20000.0,20000.0,7410
19861,20000.0,20000.0,20000.0,20000.0,7410
19866,20000.0,20000.0,20000.0,20000.0,7410
19871,20000.0,20000.0,20000.0,20000.0,7417
19876,20000.0,20000.0,20000.0,20000.0,7420
19881,20000.0,20000.0,20000.0,20000.0,7420
19886,20000.0,20000.0,20000.0,20000.0,7420
19891,20000.0,20000.0,20000.0,20000.0,7420
19896,20000.0,20000.0,20000.0,20000.0,7421
19901,20000.0,20000.0,20000.0,20000.0,7430
19906,20000.0,20000.0,20000.0,20000.0,7430
19911,20000.0,20000.0,20000.0,20000.0,7430
19916,20000.0,20000.0,20000.0,20000.0,7430
19921,20000.0,20000.0,20000.0,20000.0,7430
19926,20000.0,20000.0,20000.0,20000.0,7440
19931,20000.0,20000.0,20000.0,20000.0,7440
19936,20000.0,20000.0,20000.0,20000.0,7440
19941,20000.0,20000.0,20000.0,20000.0,7440
19946,20000.0,20000.0,20000.0,20000.0,7440
19951,20000.0,20000.0,20000.0,20000.0,7446
19956,20000.0,20000.0,20000.0,20000.0,7450
19961,20000.0,20000.0,20000.0,20000.0,7450
19966,20000.0,20000.0,20000.0,20000.0,7450
19971,20000.0,20000.0,20000.0,20000.0,7450
19976,20000.0,20000.0,20000.0,20000.0,7450
19981,20000.0,20000.0,20000.0,20000.0,7460
19986,20000.0,20000.0,20000.0,20000.0,7460
19991,20000.0,20000.0,20000.0,20000.0,7460
19996,20000.0,20000.0,20000.0,20000.0,7460
20001,20000.0,20000.0,20000.0,20000.0,7460
20006,20000.0,20000.0,20000.0,20000.0,7469
20011,20000.0,20000.0,20000.0,20000.0,7470
20016,20000.0,20000.0,20000.0,20000.0,7470
20021,20000.0,20000.0,20000.0,20000.0,7470
20026,20000.0,20000.0,20000.0,20000.0,7470
20031,20000.0,20000.0,20000.0,20000.0,7473
20036,20000.0,20000.0,20000.0,20000.0,7480
20041,20000.0,20000.0,20000.0,20000.0,7480
20046,20000.0,20000.0,20000.0,20000.0,7480
20051,20000.0,20000.0,20000.0,20000.0,7480
20056,20000.0,20000.0,20000.0,20000.0,7480
20061,20000.0,20000.0,20000.0,20000.0,7490
20066,20000.0,20000.0,20000.0,20000.0,7490
20071,20000.0,20000.0,20000.0,20000.0,7490
20076,20000.0,20000.0,20000.0,20000.0,7490
20081,20000.0,20000.0,20000.0,20000.0,7490
20086,20000.0,20000.0,20000.0,20000.0,7497
20091,20000.0,20000.0,20000.0,20000.0,7500
20096,20000.0,20000.0,20000.0,20000.0,7500
20101,20000.0,20000.0,20000.0,20000.0,7500
20106,20000.0,20000.0,20000.0,20000.0,7500
20111,20000.0,20000.0,20000.0,20000.0,7502
20116,20000.0,20000.0,20000.0,20000.0,7510
20121,20000.0,20000.0,20000.0,20000.0,7510
20126,20000.0,20000.0,20000.0,20000.0,7510
20131,20000.0,20000.0,20000.0,20000.0,7510
20136,20000.0,20000.0,20000.0,20000.0,7510
20141,20000.0,20000.0,20000.0,20000.0,7520
20146,20000.0,20000.0,20000.0,20000.0,7520
20151,20000.0,20000.0,20000.0,20000.0,7520
20156,20000.0,20000.0,20000.0,20000.0,7520
20161,20000.0,20000.0,20000.0,20000.0,7520
20166,20000.0,20000.0,20000.0,20000.0,7526
20171,20000.0,20000.0,20000.0,20000.0,7530
20176,20000.0,20000.0,20000.0,20000.0,7530
20181,20000.0,20000.0,20000.0,20000.0,7530
20186,20000.0,20000.0,20000.0,20000.0,7530
20191,20000.0,20000.0,20000.0,20000.0,7530
20196,20000.0,20000.0,20000.0,20000.0,7540
20201,20000.0,20000.0,20000.0,20000.0,7540
20206,20000.0,20000.0,20000.0,20000.0,7540
20211,20000.0,20000.0,20000.0,20000.0,7540
20216,20000.0,20000.0,20000.0,20000.0,7540
20221,20000.0,20000.0,20000.0,20000.0,7550
20226,20000.0,20000.0,20000.0,20000.0,7550
20231,20000.0,20000.0,20000.0,20000.0,7550
20236,20000.0,20000.0,20000.0,20000.0,7550
20241,20000.0,20000.0,20000.0,20000.0,7550
20246,20000.0,20000.0,20000.0,20000.0,7556
20251,20000.0,20000.0,20000.0,20000.0,7560
20256,20000.0,20000.0,20000.0,20000.0,7560
20261,20000.0,20000.0,20000.0,20000.0,7560
20266,20000.0,20000.0,20000.0,20000.0,7560
20271,20000.0,20000.0,20000.0,20000.0,7560
20276,20000.0,20000.0,20000.0,20000.0,7570
20281,20000.0,20000.0,20000.0,20000.0,7570
20286,20000.0,20000.0,20000.0,20000.0,7570
20291,20000.0,20000.0,20000.0,20000.0,7570
20296,20000.0,20000.0,20000.0,20000.0,7570
20301,20000.0,20000.0,20000.0,20000.0,7576
20306,20000.0,20000.0,20000.0,20000.0,7580
20311,20000.0,20000.0,20000.0,20000.0,7580
20316,20000.0,20000.0,20000.0,20000.0,7580
20321,20000.0,20000.0,20000.0,20000.0,7580
20326,20000.0,20000.0,20000.0,20000.0,7583
20331,20000.0,20000.0,20000.0,20000.0,7590
20336,20000.0,20000.0,20000.0,20000.0,7590
20341,20000.0,20000.0,20000.0,20000.0,7590
20346,20000.0,20000.0,20000.0,20000.0,7590
20351,20000.0,20000.0,20000.0,20000.0,7590
20356,20000.0,20000.0,20000.0,20000.0,7599
20361,20000.0,20000.0,20000.0,20000.0,7600
20366,20000.0,20000.0,20000.0,20000.0,7600
20371,20000.0,20000.0,20000.0,20000.0,7600
20376,20000.0,20000.0,20000.0,20000.0,7600
20381,20000.0,20000.0,20000.0,20000.0,7601
20386,20000.0,20000.0,20000.0,20000.0,7610
20391,20000.0,20000.0,20000.0,20000.0,7610
20396,20000.0,20000.0,20000.0,20000.0,7610
20401,20000.0,20000.0,20000.0,20000.0,7610
20406,20000.0,20000.0,20000.0,20000.0,7610
20411,20000.0,20000.0,20000.0,20000.0,7620
20416,20000.0,20000.0,20000.0,20000.0,7620
20421,20000.0,20000.0,20000.0,20000.0,7620
20426,20000.0,20000.0,20000.0,20000.0,7620
20431,20000.0,20000.0,20000.0,20000.0,7620
20436,20000.0,20000.0,20000.0,20000.0,7629
20441,20000.0,20000.0,20000.0,20000.0,7630
20446,20000.0,20000.0,20000.0,20000.0,7630
20451,20000.0,20000.0,20000.0,20000.0,7630
20456,20000.0,20000.0,20000.0,20000.0,7630
20461,20000.0,20000.0,20000.0,20000.0,7630
20466,20000.0,20000.0,20000.0,20000.0,7640
20471,20000.0,20000.0,20000.0,20000.0,7640
20476,20000.0,20000.0,20000.0,20000.0,7640
20481,20000.0,20000.0,20000.0,20000.0,7640
20486,20000.0,20000.0,20000.0,20000.0,7640
20491,20000.0,20000.0,20000.0,20000.0,7649
20496,20000.0,20000.0,20000.0,20000.0,7650
20501,20000.0,20000.0,20000.0,20000.0,7650
20506,20000.0,20000.0,20000.0,20000.0,7650
20511,20000.0,20000.0,20000.0,20000.0,7650
20516,20000.0,20000.0,20000.0,20000.0,7655
20521,20000.0,20000.0,20000.0,20000.0,7660
20526,20000.0,20000.0,20000.0,20000.0,7660
20531,20000.0,20000.0,20000.0,20000.0,7660
20536,20000.0,20000.0,20000.0,20000.0,7660
20541,20000.0,20000.0,20000.0,20000.0,7660
20546,20000.0,20000.0,20000.0,20000.0,7670
20551,20000.0,20000.0,20000.0,20000.0,7670
20556,20000.0,20000.0,20000.0,20000.0,7670
20561,20000.0,20000.0,20000.0,20000.0,7670
20566,20000.0,20000.0,20000.0,20000.0,7670
20571,20000.0,20000.0,20000.0,20000.0,7678
20576,20000.0,20000.0,20000.0,20000.0,7680
20581,20000.0,20000.0,20000.0,20000.0,7680
20586,20000.0,20000.0,20000.0,20000.0,7680
20591,20000.0,20000.0,20000.0,20000.0,7680
20596,20000.0,20000.0,20000.0,20000.0,7685
20601,20000.0,20000.0,20000.0,20000.0,7690
20606,20000.0,20000.0,20000.0,20000.0,7690
20611,20000.0,20000.0,20000.0,20000.0,7690
20616,20000.0,20000.0,20000.0,20000.0,7690
20621,20000.0,20000.0,20000.0,20000.0,7690
20626,20000.0,20000.0,20000.0,20000.0,7700
20631,20000.0,20000.0,20000.0,20000.0,7700
20636,20000.0,20000.0,20000.0,20000.0,7700
20641,20000.0,20000.0,20000.0,20000.0,7700
20646,20000.0,20000.0,20000.0,20000.0,7700
20651,20000.0,20000.0,20000.0,20000.0,7707
20656,20000.0,20000.0,20000.0,20000.0,7710
20661,20000.0,20000.0,20000.0,20000.0,7710
20666,20000.0,20000.0,20000.0,20000.0,7710
20671,20000.0,20000.0,20000.0,20000.0,7710
20676,20000.0,20000.0,20000.0,20000.0,7711
20681,20000.0,20000.0,20000.0,20000.0,7720
20686,20000.0,20000.0,20000.0,20000.0,7720
20691,20000.0,20000.0,20000.0,20000.0,7720
20696,20000.0,20000.0,20000.0,20000.0,7720
20701,20000.0,20000.0,20000.0,20000.0,7720
20706,20000.0,20000.0,20000.0,20000.0,7730
20711,20000.0,20000.0,20000.0,20000.0,7730
20716,20000.0,20000.0,20000.0,20000.0,7730
20721,20000.0,20000.0,20000.0,20000.0,7730
20726,20000.0,20000.0,20000.0,20000.0,7730
20731,20000.0,20000.0,20000.0,20000.0,7735
20736,20000.0,20000.0,20000.0,20000.0,7740
20741,20000.0,20000.0,20000.0,20000.0,7740
20746,20000.0,20000.0,20000.0,20000.0,7740
20751,20000.0,20000.0,20000.0,20000.0,7740
20756,20000.0,20000.0,20000.0,20000.0,7740
20761,20000.0,20000.0,20000.0,20000.0,7750
20766,20000.0,20000.0,20000.0,20000.0,7750
20771,20000.0,20000.0,20000.0,20000.0,7750
20776,20000.0,20000.0,20000.0,20000.0,7750
20781,20000.0,20000.0,20000.0,20000.0,7750
20786,20000.0,20000.0,20000.0,20000.0,7757
20791,20000.0,20000.0,20000.0,20000.0,7760
20796,20000.0,20000.0,20000.0,20000.0,7760
20801,20000.0,20000.0,20000.0,20000.0,7760
20806,20000.0,20000.0,20000.0,20000.0,7760
20811,20000.0,20000.0,20000.0,20000.0,7762
20816,20000.0,20000.0,20000.0,20000.0,7770
20821,20000.0,20000.0,20000.0,20000.0,7770
20826,20000.0,20000.0,20000.0,20000.0,7770
20831,20000.0,20000.0,20000.0,20000.0,7770
20836,20000.0,20000.0,20000.0,20000.0,7770
20841,20000.0,20000.0,20000.0,20000.0,7778
20846,20000.0,20000.0,20000.0,20000.0,7780
20851,20000.0,20000.0,20000.0,20000.0,7780
20856,20000.0,20000.0,20000.0,20000.0,7780
20861,20000.0,20000.0,20000.0,20000.0,7780
20866,20000.0,20000.0,20000.0,20000.0,7784
20871,20000.0,20000.0,20000.0,20000.0,7790
20876,20000.0,20000.0,20000.0,20000.0,7790
20881,20000.0,20000.0,20000.0,20000.0,7790
20886,20000.0,20000.0,20000.0,20000.0,7790
20891,20000.0,20000.0,20000.0,20000.0,7790
20896,20000.0,20000.0,20000.0,20000.0,7800
20901,20000.0,20000.0,20000.0,20000.0,7800
20906,20000.0,20000.0,20000.0,20000.0,7800
20911,20000.0,20000.0,20000.0,20000.0,7800
20916,20000.0,20000.0,20000.0,20000.0,7800
20921,20000.0,20000.0,20000.0,20000.0,7807
20926,20000.0,20000.0,20000.0,20000.0,7810
20931,20000.0,20000.0,20000.0,20000.0,7810
20936,20000.0,20000.0,20000.0,20000.0,7810
20941,20000.0,20000.0,20000.0,20000.0,7810
20946,20000.0,20000.0,20000.0,20000.0,7811
20951,20000.0,20000.0,20000.0,20000.0,7820
20956,20000.0,20000.0,20000.0,20000.0,7820
20961,20000.0,20000.0,20000.0,20000.0,7820
20966,20000.0,20000.0,20000.0,20000.0,7820
20971,20000.0,20000.0,20000.0,20000.0,7820
20976,20000.0,20000.0,20000.0,20000.0,7830
20981,20000.0,20000.0,20000.0,20000.0,7830
20986,20000.0,20000.0,20000.0,20000.0,7830
20991,20000.0,20000.0,20000.0,20000.0,7830
20996,20000.0,20000.0,20000.0,20000.0,7830
21001,20000.0,20000.0,20000.0,20000.0,7837
21006,20000.0,20000.0,20000.0,20000.0,7840
21011,20000.0,20000.0,20000.0,20000.0,7840
21016,20000.0,20000.0,20000.0,20000.0,7840
21021,20000.0,20000.0,20000.0,20000.0,7840
21026,20000.0,20000.0,20000.0,20000.0,7843
21031,20000.0,20000.0,20000.0,20000.0,7850
21036,20000.0,20000.0,20000.0,20000.0,7850
21041,20000.0,20000.0,20000.0,20000.0,7850
21046,20000.0,20000.0,20000.0,20000.0,7850
21051,20000.0,20000.0,20000.0,20000.0,7850
21056,20000.0,20000.0,20000.0,20000.0,7860
21061,20000.0,20000.0,20000.0,20000.0,7860
21066,20000.0,20000.0,20000.0,20000.0,7860
21071,20000.0,20000.0,20000.0,20000.0,7860
21076,20000.0,20000.0,20000.0,20000.0,7860
21081,20000.0,20000.0,20000.0,20000.0,7863
21086,20000.0,20000.0,20000.0,20000.0,7870
21091,20000.0,20000.0,20000.0,20000.0,7870
21096,20000.0,20000.0,20000.0,20000.0,7870
21101,20000.0,20000.0,20000.0,20000.0,7870
21106,20000.0,20000.0,20000.0,20000.0,7870
21111,20000.0,20000.0,20000.0,20000.0,7880
21116,20000.0,20000.0,20000.0,20000.0,7880
21121,20000.0,20000.0,20000.0,20000.0,7880
21126,20000.0,20000.0,20000.0,20000.0,7880
21131,20000.0,20000.0,20000.0,20000.0,7880
21136,20000.0,20000.0,20000.0,20000.0,7887
21141,20000.0,20000.0,20000.0,20000.0,7890
21146,20000.0,20000.0,20000.0,20000.0,7890
21151,20000.0,20000.0,20000.0,20000.0,7890
21156,20000.0,20000.0,20000.0,20000.0,7890
21161,20000.0,20000.0,20000.0,20000.0,7891
21166,20000.0,20000.0,20000.0,20000.0,7900
21171,20000.0,20000.0,20000.0,20000.0,7900
21176,20000.0,20000.0,20000.0,20000.0,7900
21181,20000.0,20000.0,20000.0,20000.0,7900
21186,20000.0,20000.0,20000.0,20000.0,7900
21191,20000.0,20000.0,20000.0,20000.0,7909
21196,20000.0,20000.0,20000.0,20000.0,7910
21201,20000.0,20000.0,20000.0,20000.0,7910
21206,20000.0,20000.0,20000.0,20000.0,7910
21211,20000.0,20000.0,20000.0,20000.0,7910
21216,20000.0,20000.0,20000.0,20000.0,7913
21221,20000.0,20000.0,20000.0,20000.0,7920
21226,20000.0,20000.0,20000.0,20000.0,7920
21231,20000.0,20000.0,20000.0,20000.0,7920
21236,20000.0,20000.0,20000.0,20000.0,7920
21241,20000.0,20000.0,20000.0,20000.0,7920
21246,20000.0,20000.0,20000.0,20000.0,7930
21251,20000.0,20000.0,20000.0,20000.0,7930
21256,20000.0,20000.0,20000.0,20000.0,7930
21261,20000.0,20000.0,20000.0,20000.0,7930
21266,20000.0,20000.0,20000.0,20000.0,7930
21271,20000.0,20000.0,20000.0,20000.0,7937
21276,20000.0,20000.0,20000.0,20000.0,7940
21281,20000.0,20000.0,20000.0,20000.0,7940
21286,20000.0,20000.0,20000.0,20000.0,7940
21291,20000.0,20000.0,20000.0,20000.0,7940
21296,20000.0,20000.0,20000.0,20000.0,7941
21301,20000.0,20000.0,20000.0,20000.0,7950
21306,20000.0,20000.0,20000.0,20000.0,7950
21311,20000.0,20000.0,20000.0,20000.0,7950
21316,20000.0,20000.0,20000.0,20000.0,7950
21321,20000.0,20000.0,20000.0,20000.0,7950
21326,20000.0,20000.0,20000.0,20000.0,7960
21331,20000.0,20000.0,20000.0,20000.0,7960
21336,20000.0,20000.0,20000.0,20000.0,7960
21341,20000.0,20000.0,20000.0,20000.0,7960
21346,20000.0,20000.0,20000.0,20000.0,7960
21351,20000.0,20000.0,20000.0,20000.0,7970
21356,20000.0,20000.0,20000.0,20000.0,7970
21361,20000.0,20000.0,20000.0,20000.0,7970
21366,20000.0,20000.0,20000.0,20000.0,7970
21371,20000.0,20000.0,20000.0,20000.0,7970
21376,20000.0,20000.0,20000.0,20000.0,7977
21381,20000.0,20000.0,20000.0,20000.0,7980
21386,20000.0,20000.0,20000.0,20000.0,7980
21391,20000.0,20000.0,20000.0,20000.0,7980
21396,20000.0,20000.0,20000.0,20000.0,7980
21401,20000.0,20000.0,20000.0,20000.0,7982
21406,20000.0,20000.0,20000.0,20000.0,7990
21411,20000.0,20000.0,20000.0,20000.0,7990
21416,20000.0,20000.0,20000.0,20000.0,7990
21421,20000.0,20000.0,20000.0,20000.0,7990
21426,20000.0,20000.0,20000.0,20000.0,7990
21431,20000.0,20000.0,20000.0,20000.0,8000
21436,20000.0,20000.0,20000.0,20000.0,8000
21441,20000.0,20000.0,20000.0,20000.0,8000
21446,20000.0,20000.0,20000.0,20000.0,8000
21451,20000.0,20000.0,20000.0,20000.0,8000
21456,20000.0,20000.0,20000.0,20000.0,8007
21461,20000.0,20000.0,20000.0,20000.0,8010
21466,20000.0,20000.0,20000.0,20000.0,8010
21471,20000.0,20000.0,20000.0,20000.0,8010
21476,20000.0,20000.0,20000.0,20000.0,8010
21481,20000.0,20000.0,20000.0,20000.0,8011
21486,20000.0,20000.0,20000.0,20000.0,8020
21491,20000.0,20000.0,20000.0,20000.0,8020
21496,20000.0,20000.0,20000.0,20000.0,8020
21501,20000.0,20000.0,20000.0,20000.0,8020
21506,20000.0,20000.0,20000.0,20000.0,8020
21511,20000.0,20000.0,20000.0,20000.0,8030
21516,20000.0,20000.0,20000.0,20000.0,8030
21521,20000.0,20000.0,20000.0,20000.0,8030
21526,20000.0,20000.0,20000.0,20000.0,8030
21531,20000.0,20000.0,20000.0,20000.0,8030
21536,20000.0,20000.0,20000.0,20000.0,8034
21541,20000.0,20000.0,20000.0,20000.0,8040
21546,20000.0,20000.0,20000.0,20000.0,8040
21551,20000.0,20000.0,20000.0,20000.0,8040
21556,20000.0,20000.0,20000.0,20000.0,8040
21561,20000.0,20000.0,20000.0,20000.0,8041
21566,20000.0,20000.0,20000.0,20000.0,8050
21571,20000.0,20000.0,20000.0,20000.0,8050
21576,20000.0,20000.0,20000.0,20000.0,8050
21581,20000.0,20000.0,20000.0,20000.0,8050
21586,20000.0,20000.0,20000.0,20000.0,8050
21591,20000.0,20000.0,20000.0,20000.0,8060
21596,20000.0,20000.0,20000.0,20000.0,8060
21601,20000.0,20000.0,20000.0,20000.0,8060
21606,20000.0,20000.0,20000.0,20000.0,8060
21611,20000.0,20000.0,20000.0,20000.0,8060
21616,20000.0,20000.0,20000.0,20000.0,8063
21621,20000.0,20000.0,20000.0,20000.0,8070
21626,20000.0,20000.0,20000.0,20000.0,8070
21631,20000.0,20000.0,20000.0,20000.0,8070
21636,20000.0,20000.0,20000.0,20000.0,8070
21641,20000.0,20000.0,20000.0,20000.0,8071
21646,20000.0,20000.0,20000.0,20000.0,8080
21651,20000.0,20000.0,20000.0,20000.0,8080
21656,20000.0,20000.0,20000.0,20000.0,8080
21661,20000.0,20000.0,20000.0,20000.0,8080
21666,20000.0,20000.0,20000.0,20000.0,8080
21671,20000.0,20000.0,20000.0,20000.0,8090
21676,20000.0,20000.0,20000.0,20000.0,8090
21681,20000.0,20000.0,20000.0,20000.0,8090
21686,20000.0,20000.0,20000.0,20000.0,8090
21691,20000.0,20000.0,20000.0,20000.0,8090
21696,20000.0,20000.0,20000.0,20000.0,8097
21701,20000.0,20000.0,20000.0,20000.0,8100
21706,20000.0,20000.0,20000.0,20000.0,8100
21711,20000.0,20000.0,20000.0,20000.0,8100
21716,20000.0,20000.0,20000.0,20000.0,8100
21721,20000.0,20000.0,20000.0,20000.0,8103
21726,20000.0,20000.0,20000.0,20000.0,8110
21731,20000.0,20000.0,20000.0,20000.0,8110
21736,20000.0,20000.0,20000.0,20000.0,8110
21741,20000.0,20000.0,20000.0,20000.0,8110
21746,20000.0,20000.0,20000.0,20000.0,8110
21751,20000.0,20000.0,20000.0,20000.0,8120
21756,20000.0,20000.0,20000.0,20000.0,8120
21761,20000.0,20000.0,20000.0,20000.0,8120
21766,20000.0,20000.0,20000.0,20000.0,8120
21771,20000.0,20000.0,20000.0,20000.0,8120
21776,20000.0,20000.0,20000.0,20000.0,8127
21781,20000.0,20000.0,20000.0,20000.0,8130
21786,20000.0,20000.0,20000.0,20000.0,8130
21791,20000.0,20000.0,20000.0,20000.0,8130
21796,20000.0,20000.0,20000.0,20000.0,8130
21801,20000.0,20000.0,20000.0,20000.0,8131
21806,20000.0,20000.0,20000.0,20000.0,8140
21811,20000.0,20000.0,20000.0,20000.0,8140
21816,20000.0,20000.0,20000.0,20000.0,8140
21821,20000.0,20000.0,20000.0,20000.0,8140
21826,20000.0,20000.0,20000.0,20000.0,8140
21831,20000.0,20000.0,20000.0,20000.0,8150
21836,20000.0,20000.0,20000.0,20000.0,8150
21841,20000.0,20000.0,20000.0,20000.0,8150
21846,20000.0,20000.0,20000.0,20000.0,8150
21851,20000.0,20000.0,20000.0,20000.0,8150
21856,20000.0,20000.0,20000.0,20000.0,8157
21861,20000.0,20000.0,20000.0,20000.0,8160
21866,20000.0,20000.0,20000.0,20000.0,8160
21871,20000.0,20000.0,20000.0,20000.0,8160
21876,20000.0,20000.0,20000.0,20000.0,8160
21881,20000.0,20000.0,20000.0,20000.0,8160
21886,20000.0,20000.0,20000.0,20000.0,8170
21891,20000.0,20000.0,20000.0,20000.0,8170
21896,20000.0,20000.0,20000.0,20000.0,8170
21901,20000.0,20000.0,20000.0,20000.0,8170
21906,20000.0,20000.0,20000.0,20000.0,8170
21911,20000.0,20000.0,20000.0,20000.0,8180
21916,20000.0,20000.0,20000.0,20000.0,8180
21921,20000.0,20000.0,20000.0,20000.0,8180
21926,20000.0,20000.0,20000.0,20000.0,8180
21931,20000.0,20000.0,20000.0,20000.0,8180
21936,20000.0,20000.0,20000.0,20000.0,8190
21941,20000.0,20000.0,20000.0,20000.0,8190
21946,20000.0,20000.0,20000.0,20000.0,8190
21951,20000.0,20000.0,20000.0,20000.0,8190
21956,20000.0,20000.0,20000.0,20000.0,8190
21961,20000.0,20000.0,20000.0,20000.0,8196
21966,20000.0,20000.0,20000.0,20000.0,8200
21971,20000.0,20000.0,20000.0,20000.0,8200
21976,20000.0,20000.0,20000.0,20000.0,8200
21981,20000.0,20000.0,20000.0,20000.0,8200
21986,20000.0,20000.0,20000.0,20000.0,8200
21991,20000.0,20000.0,20000.0,20000.0,8210
21996,20000.0,20000.0,20000.0,20000.0,8210
22001,20000.0,20000.0,20000.0,20000.0,8210
22006,20000.0,20000.0,20000.0,20000.0,8210
22011,20000.0,20000.0,20000.0,20000.0,8210
22016,20000.0,20000.0,20000.0,20000.0,8220
22021,20000.0,20000.0,20000.0,20000.0,8220
22026,20000.0,20000.0,20000.0,20000.0,8220
22031,20000.0,20000.0,20000.0,20000.0,8220
22036,20000.0,20000.0,20000.0,20000.0,8220
22041,20000.0,20000.0,20000.0,20000.0,8227
22046,20000.0,20000.0,20000.0,20000.0,8230
22051,20000.0,20000.0,20000.0,20000.0,8230
22056,20000.0,20000.0,20000.0,20000.0,8230
22061,20000.0,20000.0,20000.0,20000.0,8230
22066,20000.0,20000.0,20000.0,20000.0,8231
22071,20000.0,20000.0,20000.0,20000.0,8240
22076,20000.0,20000.0,20000.0,20000.0,8240
22081,20000.0,20000.0,20000.0,20000.0,8240
22086,20000.0,20000.0,20000.0,20000.0,8240
22091,20000.0,20000.0,20000.0,20000.0,8240
22096,20000.0,20000.0,20000.0,20000.0,8248
22101,20000.0,20000.0,20000.0,20000.0,8250
22106,20000.0,20000.0,20000.0,20000.0,8250
22111,20000.0,20000.0,20000.0,20000.0,8250
22116,20000.0,20000.0,20000.0,20000.0,8250
22121,20000.0,20000.0,20000.0,20000.0,8251
22126,20000.0,20000.0,20000.0,20000.0,8260
22131,20000.0,20000.0,20000.0,20000.0,8260
22136,20000.0,20000.0,20000.0,20000.0,8260
22141,20000.0,20000.0,20000.0,20000.0,8260
22146,20000.0,20000.0,20000.0,20000.0,8260
22151,20000.0,20000.0,20000.0,20000.0,8270
22156,20000.0,20000.0,20000.0,20000.0,8270
22161,20000.0,20000.0,20000.0,20000.0,8270
22166,20000.0,20000.0,20000.0,20000.0,8270
22171,20000.0,20000.0,20000.0,20000.0,8270
22176,20000.0,20000.0,20000.0,20000.0,8280
22181,20000.0,20000.0,20000.0,20000.0,8280
22186,20000.0,20000.0,20000.0,20000.0,8280
22191,20000.0,20000.0,20000.0,20000.0,8280
22196,20000.0,20000.0,20000.0,20000.0,8280
22201,20000.0,20000.0,20000.0,20000.0,8284
22206,20000.0,20000.0,20000.0,20000.0,8290
22211,20000.0,20000.0,20000.0,20000.0,8290
22216,20000.0,20000.0,20000.0,20000.0,8290
22221,20000.0,20000.0,20000.0,20000.0,8290
22226,20000.0,20000.0,20000.0,20000.0,8291
22231,20000.0,20000.0,20000.0,20000.0,8300
22236,20000.0,20000.0,20000.0,20000.0,8300
22241,20000.0,20000.0,20000.0,20000.0,8300
22246,20000.0,20000.0,20000.0,20000.0,8300
22251,20000.0,20000.0,20000.0,20000.0,8300
22256,20000.0,20000.0,20000.0,20000.0,8309
22261,20000.0,20000.0,20000.0,20000.0,8310
22266,20000.0,20000.0,20000.0,20000.0,8310
22271,20000.0,20000.0,20000.0,20000.0,8310
22276,20000.0,20000.0,20000.0,20000.0,8310
22281,20000.0,20000.0,20000.0,20000.0,8312
22286,20000.0,20000.0,20000.0,20000.0,8320
22291,20000.0,20000.0,20000.0,20000.0,8320
22296,20000.0,20000.0,20000.0,20000.0,8320
22301,20000.0,20000.0,20000.0,20000.0,8320
22306,20000.0,20000.0,20000.0,20000.0,8320
22311,20000.0,20000.0,20000.0,20000.0,8330
22316,20000.0,20000.0,20000.0,20000.0,8330
22321,20000.0,20000.0,20000.0,20000.0,8330
22326,20000.0,20000.0,20000.0,20000.0,8330
22331,20000.0,20000.0,20000.0,20000.0,8330
22336,20000.0,20000.0,20000.0,20000.0,8334
22341,20000.0,20000.0,20000.0,20000.0,8340
22346,20000.0,20000.0,20000.0,20000.0,8340
22351,20000.0,20000.0,20000.0,20000.0,8340
22356,20000.0,20000.0,20000.0,20000.0,8340
22361,20000.0,20000.0,20000.0,20000.0,8340
22366,20000.0,20000.0,20000.0,20000.0,8350
22371,20000.0,20000.0,20000.0,20000.0,8350
22376,20000.0,20000.0,20000.0,20000.0,8350
22381,20000.0,20000.0,20000.0,20000.0,8350
22386,20000.0,20000.0,20000.0,20000.0,8350
22391,20000.0,20000.0,20000.0,20000.0,8359
22396,20000.0,20000.0,20000.0,20000.0,8360
22401,20000.0,20000.0,20000.0,20000.0,8360
22406,20000.0,20000.0,20000.0,20000.0,8360
22411,20000.0,20000.0,20000.0,20000.0,8360
22416,20000.0,20000.0,20000.0,20000.0,8365
22421,20000.0,20000.0,20000.0,20000.0,8370
22426,20000.0,20000.0,20000.0,20000.0,8370
22431,20000.0,20000.0,20000.0,20000.0,8370
22436,20000.0,20000.0,20000.0,20000.0,8370
22441,20000.0,20000.0,20000.0,20000.0,8370
22446,20000.0,20000.0,20000.0,20000.0,8380
22451,20000.0,20000.0,20000.0,20000.0,8380
22456,20000.0,20000.0,20000.0,20000.0,8380
22461,20000.0,20000.0,20000.0,20000.0,8380
22466,20000.0,20000.0,20000.0,20000.0,8380
22471,20000.0,20000.0,20000.0,20000.0,8385
22476,20000.0,20000.0,20000.0,20000.0,8390
22481,20000.0,20000.0,20000.0,20000.0,8390
22486,20000.0,20000.0,20000.0,20000.0,8390
22491,20000.0,20000.0,20000.0,20000.0,8390
22496,20000.0,20000.0,20000.0,20000.0,8390
22501,20000.0,20000.0,20000.0,20000.0,8400
22506,20000.0,20000.0,20000.0,20000.0,8400
22511,20000.0,20000.0,20000.0,20000.0,8400
22516,20000.0,20000.0,20000.0,20000.0,8400
22521,20000.0,20000.0,20000.0,20000.0,8400
22526,20000.0,20000.0,20000.0,20000.0,8404
22531,20000.0,20000.0,20000.0,20000.0,8410
22536,20000.0,20000.0,20000.0,20000.0,8410
22541,20000.0,20000.0,20000.0,20000.0,8410
22546,20000.0,20000.0,20000.0,20000.0,8410
22551,20000.0,20000.0,20000.0,20000.0,8410
22556,20000.0,20000.0,20000.0,20000.0,8420
22561,20000.0,20000.0,20000.0,20000.0,8420
22566,20000.0,20000.0,20000.0,20000.0,8420
22571,20000.0,20000.0,20000.0,20000.0,8420
22576,20000.0,20000.0,20000.0,20000.0,8420
22581,20000.0,20000.0,20000.0,20000.0,8428
22586,20000.0,20000.0,20000.0,20000.0,8430
22591,20000.0,20000.0,20000.0,20000.0,8430
22596,20000.0,20000.0,20000.0,20000.0,8430
22601,20000.0,20000.0,20000.0,20000.0,8430
22606,20000.0,20000.0,20000.0,20000.0,8434
22611,20000.0,20000.0,20000.0,20000.0,8440
22616,20000.0,20000.0,20000.0,20000.0,8440
22621,20000.0,20000.0,20000.0,20000.0,8440
22626,20000.0,20000.0,20000.0,20000.0,8440
22631,20000.0,20000.0,20000.0,20000.0,8441
22636,20000.0,20000.0,20000.0,20000.0,8450
22641,20000.0,20000.0,20000.0,20000.0,8450
22646,20000.0,20000.0,20000.0,20000.0,8450
22651,20000.0,20000.0,20000.0,20000.0,8450
22656,20000.0,20000.0,20000.0,20000.0,8450
22661,20000.0,20000.0,20000.0,20000.0,8459
22666,20000.0,20000.0,20000.0,20000.0,8460
22671,20000.0,20000.0,20000.0,20000.0,8460
22676,20000.0,20000.0,20000.0,20000.0,8460
22681,20000.0,20000.0,20000.0,20000.0,8460
22686,20000.0,20000.0,20000.0,20000.0,8461
22691,20000.0,20000.0,20000.0,20000.0,8470
22696,20000.0,20000.0,20000.0,20000.0,8470
22701,20000.0,20000.0,20000.0,20000.0,8470
22706,20000.0,20000.0,20000.0,20000.0,8470
22711,20000.0,20000.0,20000.0,20000.0,8470
22716,20000.0,20000.0,20000.0,20000.0,8480
22721,20000.0,20000.0,20000.0,20000.0,8480
22726,20000.0,20000.0,20000.0,20000.0,8480
22731,20000.0,20000.0,20000.0,20000.0,8480
22736,20000.0,20000.0,20000.0,20000.0,8480
22741,20000.0,20000.0,20000.0,20000.0,8490
22746,20000.0,20000.0,20000.0,20000.0,8490
22751,20000.0,20000.0,20000.0,20000.0,8490
22756,20000.0,20000.0,20000.0,20000.0,8490
22761,20000.0,20000.0,20000.0,20000.0,8490
22766,20000.0,20000.0,20000.0,20000.0,8496
22771,20000.0,20000.0,20000.0,20000.0,8500
22776,20000.0,20000.0,20000.0,20000.0,8500
22781,20000.0,20000.0,20000.0,20000.0,8500
22786,20000.0,20000.0,20000.0,20000.0,8500
22791,20000.0,20000.0,20000.0,20000.0,8501
22796,20000.0,20000.0,20000.0,20000.0,8510
22801,20000.0,20000.0,20000.0,20000.0,8510
22806,20000.0,20000.0,20000.0,20000.0,8510
22811,20000.0,20000.0,20000.0,20000.0,8510
22816,20000.0,20000.0,20000.0,20000.0,8510
22821,20000.0,20000.0,20000.0,20000.0,8520
22826,20000.0,20000.0,20000.0,20000.0,8520
22831,20000.0,20000.0,20000.0,20000.0,8520
22836,20000.0,20000.0,20000.0,20000.0,8520
22841,20000.0,20000.0,20000.0,20000.0,8520
22846,20000.0,20000.0,20000.0,20000.0,8530
22851,20000.0,20000.0,20000.0,20000.0,8530
22856,20000.0,20000.0,20000.0,20000.0,8530
22861,20000.0,20000.0,20000.0,20000.0,8530
22866,20000.0,20000.0,20000.0,20000.0,8530
22871,20000.0,20000.0,20000.0,20000.0,8536
22876,20000.0,20000.0,20000.0,20000.0,8540
22881,20000.0,20000.0,20000.0,20000.0,8540
22886,20000.0,20000.0,20000.0,20000.0,8540
22891,20000.0,20000.0,20000.0,20000.0,8540
22896,20000.0,20000.0,20000.0,20000.0,8540
22901,20000.0,20000.0,20000.0,20000.0,8550
22906,20000.0,20000.0,20000.0,20000.0,8550
22911,20000.0,20000.0,20000.0,20000.0,8550
22916,20000.0,20000.0,20000.0,20000.0,8550
22921,20000.0,20000.0,20000.0,20000.0,8550
22926,20000.0,20000.0,20000.0,20000.0,8558
22931,20000.0,20000.0,20000.0,20000.0,8560
22936,20000.0,20000.0,20000.0,20000.0,8560
22941,20000.0,20000.0,20000.0,20000.0,8560
22946,20000.0,20000.0,20000.0,20000.0,8560
22951,20000.0,20000.0,20000.0,20000.0,8560
22956,20000.0,20000.0,20000.0,20000.0,8570
22961,20000.0,20000.0,20000.0,20000.0,8570
22966,20000.0,20000.0,20000.0,20000.0,8570
22971,20000.0,20000.0,20000.0,20000.0,8570
22976,20000.0,20000.0,20000.0,20000.0,8570
22981,20000.0,20000.0,20000.0,20000.0,8580
22986,20000.0,20000.0,20000.0,20000.0,8580
22991,20000.0,20000.0,20000.0,20000.0,8580
22996,20000.0,20000.0,20000.0,20000.0,8580
23001,20000.0,20000.0,20000.0,20000.0,8580
23006,20000.0,20000.0,20000.0,20000.0,8584
23011,20000.0,20000.0,20000.0,20000.0,8590
23016,20000.0,20000.0,20000.0,20000.0,8590
23021,20000.0,20000.0,20000.0,20000.0,8590
23026,20000.0,20000.0,20000.0,20000.0,8590
23031,20000.0,20000.0,20000.0,20000.0,8590
23036,20000.0,20000.0,20000.0,20000.0,8600
23041,20000.0,20000.0,20000.0,20000.0,8600
23046,20000.0,20000.0,20000.0,20000.0,8600
23051,20000.0,20000.0,20000.0,20000.0,8600
23056,20000.0,20000.0,20000.0,20000.0,8600
23061,20000.0,20000.0,20000.0,20000.0,8609
23066,20000.0,20000.0,20000.0,20000.0,8610
23071,20000.0,20000.0,20000.0,20000.0,8610
23076,20000.0,20000.0,20000.0,20000.0,8610
23081,20000.0,20000.0,20000.0,20000.0,8610
23086,20000.0,20000.0,20000.0,20000.0,8613
23091,20000.0,20000.0,20000.0,20000.0,8620
23096,20000.0,20000.0,20000.0,20000.0,8620
23101,20000.0,20000.0,20000.0,20000.0,8620
23106,20000.0,20000.0,20000.0,20000.0,8620
23111,20000.0,20000.0,20000.0,20000.0,8621
23116,20000.0,20000.0,20000.0,20000.0,8630
23121,20000.0,20000.0,20000.0,20000.0,8630
23126,20000.0,20000.0,20000.0,20000.0,8630
23131,20000.0,20000.0,20000.0,20000.0,8630
23136,20000.0,20000.0,20000.0,20000.0,8630
23141,20000.0,20000.0,20000.0,20000.0,8639
23146,20000.0,20000.0,20000.0,20000.0,8640
23151,20000.0,20000.0,20000.0,20000.0,8640
23156,20000.0,20000.0,20000.0,20000.0,8640
23161,20000.0,20000.0,20000.0,20000.0,8640
23166,20000.0,20000.0,20000.0,20000.0,8642
23171,20000.0,20000.0,20000.0,20000.0,8650
23176,20000.0,20000.0,20000.0,20000.0,8650
23181,20000.0,20000.0,20000.0,20000.0,8650
23186,20000.0,20000.0,20000.0,20000.0,8650
23191,20000.0,20000.0,20000.0,20000.0,8650
23196,20000.0,20000.0,20000.0,20000.0,8660
23201,20000.0,20000.0,20000.0,20000.0,8660
23206,20000.0,20000.0,20000.0,20000.0,8660
23211,20000.0,20000.0,20000.0,20000.0,8660
23216,20000.0,20000.0,20000.0,20000.0,8660
23221,20000.0,20000.0,20000.0,20000.0,8667
23226,20000.0,20000.0,20000.0,20000.0,8670
23231,20000.0,20000.0,20000.0,20000.0,8670
23236,20000.0,20000.0,20000.0,20000.0,8670
23241,20000.0,20000.0,20000.0,20000.0,8670
23246,20000.0,20000.0,20000.0,20000.0,8671
23251,20000.0,20000.0,20000.0,20000.0,8680
23256,20000.0,20000.0,20000.0,20000.0,8680
23261,20000.0,20000.0,20000.0,20000.0,8680
23266,20000.0,20000.0,20000.0,20000.0,8680
23271,20000.0,20000.0,20000.0,20000.0,8680
23276,20000.0,20000.0,20000.0,20000.0,8688
23281,20000.0,20000.0,20000.0,20000.0,8690
23286,20000.0,20000.0,20000.0,20000.0,8690
23291,20000.0,20000.0,20000.0,20000.0,8690
23296,20000.0,20000.0,20000.0,20000.0,8690
23301,20000.0,20000.0,20000.0,20000.0,8692
23306,20000.0,20000.0,20000.0,20000.0,8700
23311,20000.0,20000.0,20000.0,20000.0,8700
23316,20000.0,20000.0,20000.0,20000.0,8700
23321,20000.0,20000.0,20000.0,20000.0,8700
23326,20000.0,20000.0,20000.0,20000.0,8700
23331,20000.0,20000.0,20000.0,20000.0,8710
23336,20000.0,20000.0,20000.0,20000.0,8710
23341,20000.0,20000.0,20000.0,20000.0,8710
23346,20000.0,20000.0,20000.0,20000.0,8710
23351,20000.0,20000.0,20000.0,20000.0,8710
23356,20000.0,20000.0,20000.0,20000.0,8715
23361,20000.0,20000.0,20000.0,20000.0,8720
23366,20000.0,20000.0,20000.0,20000.0,8720
23371,20000.0,20000.0,20000.0,20000.0,8720
23376,20000.0,20000.0,20000.0,20000.0,8720
23381,20000.0,20000.0,20000.0,20000.0,8721
23386,20000.0,20000.0,20000.0,20000.0,8730
23391,20000.0,20000.0,20000.0,20000.0,8730
23396,20000.0,20000.0,20000.0,20000.0,8730
23401,20000.0,20000.0,20000.0,20000.0,8730
23406,20000.0,20000.0,20000.0,20000.0,8730
23411,20000.0,20000.0,20000.0,20000.0,8740
23416,20000.0,20000.0,20000.0,20000.0,8740
23421,20000.0,20000.0,20000.0,20000.0,8740
23426,20000.0,20000.0,20000.0,20000.0,8740
23431,20000.0,20000.0,20000.0,20000.0,8740
23436,20000.0,20000.0,20000.0,20000.0,8749
23441,20000.0,20000.0,20000.0,20000.0,8750
23446,20000.0,20000.0,20000.0,20000.0,8750
23451,20000.0,20000.0,20000.0,20000.0,8750
23456,20000.0,20000.0,20000.0,20000.0,8750
23461,20000.0,20000.0,20000.0,20000.0,8753
23466,20000.0,20000.0,20000.0,20000.0,8760
23471,20000.0,20000.0,20000.0,20000.0,8760
23476,20000.0,20000.0,20000.0,20000.0,8760
23481,20000.0,20000.0,20000.0,20000.0,8760
23486,20000.0,20000.0,20000.0,20000.0,8760
23491,20000.0,20000.0,20000.0,20000.0,8770
23496,20000.0,20000.0,20000.0,20000.0,8770
23501,20000.0,20000.0,20000.0,20000.0,8770
23506,20000.0,20000.0,20000.0,20000.0,8770
23511,20000.0,20000.0,20000.0,20000.0,8770
23516,20000.0,20000.0,20000.0,20000.0,8778
23521,20000.0,20000.0,20000.0,20000.0,8780
23526,20000.0,20000.0,20000.0,20000.0,8780
23531,20000.0,20000.0,20000.0,20000.0,8780
23536,20000.0,20000.0,20000.0,20000.0,8780
23541,20000.0,20000.0,20000.0,20000.0,8781
23546,20000.0,20000.0,20000.0,20000.0,8790
23551,20000.0,20000.0,20000.0,20000.0,8790
23556,20000.0,20000.0,20000.0,20000.0,8790
23561,20000.0,20000.0,20000.0,20000.0,8790
23566,20000.0,20000.0,20000.0,20000.0,8790
23571,20000.0,20000.0,20000.0,20000.0,8800
23576,20000.0,20000.0,20000.0,20000.0,8800
23581,20000.0,20000.0,20000.0,20000.0,8800
23586,20000.0,20000.0,20000.0,20000.0,8800
23591,20000.0,20000.0,20000.0,20000.0,8800
23596,20000.0,20000.0,20000.0,20000.0,8807
23601,20000.0,20000.0,20000.0,20000.0,8810
23606,20000.0,20000.0,20000.0,20000.0,8810
23611,20000.0,20000.0,20000.0,20000.0,8810
23616,20000.0,20000.0,20000.0,20000.0,8810
23621,20000.0,20000.0,20000.0,20000.0,8812
23626,20000.0,20000.0,20000.0,20000.0,8820
23631,20000.0,20000.0,20000.0,20000.0,8820
23636,20000.0,20000.0,20000.0,20000.0,8820
23641,20000.0,20000.0,20000.0,20000.0,8820
23646,20000.0,20000.0,20000.0,20000.0,8820
23651,20000.0,20000.0,20000.0,20000.0,8830
23656,20000.0,20000.0,20000.0,20000.0,8830
23661,20000.0,20000.0,20000.0,20000.0,8830
23666,20000.0,20000.0,20000.0,20000.0,8830
23671,20000.0,20000.0,20000.0,20000.0,8830
23676,20000.0,20000.0,20000.0,20000.0,8840
23681,20000.0,20000.0,20000.0,20000.0,8840
23686,20000.0,20000.0,20000.0,20000.0,8840
23691,20000.0,20000.0,20000.0,20000.0,8840
23696,20000.0,20000.0,20000.0,20000.0,8840
23701,20000.0,20000.0,20000.0,20000.0,8846
23706,20000.0,20000.0,20000.0,20000.0,8850
23711,20000.0,20000.0,20000.0,20000.0,8850
23716,20000.0,20000.0,20000.0,20000.0,8850
23721,20000.0,20000.0,20000.0,20000.0,8850
23726,20000.0,20000.0,20000.0,20000.0,8852
23731,20000.0,20000.0,20000.0,20000.0,8860
23736,20000.0,20000.0,20000.0,20000.0,8860
23741,20000.0,20000.0,20000.0,20000.0,8860
23746,20000.0,20000.0,20000.0,20000.0,8860
23751,20000.0,20000.0,20000.0,20000.0,8860
23756,20000.0,20000.0,20000.0,20000.0,8870
23761,20000.0,20000.0,20000.0,20000.0,8870
23766,20000.0,20000.0,20000.0,20000.0,8870
23771,20000.0,20000.0,20000.0,20000.0,8870
23776,20000.0,20000.0,20000.0,20000.0,8870
23781,20000.0,20000.0,20000.0,20000.0,8879
23786,20000.0,20000.0,20000.0,20000.0,8880
23791,20000.0,20000.0,20000.0,20000.0,8880
23796,20000.0,20000.0,20000.0,20000.0,8880
23801,20000.0,20000.0,20000.0,20000.0,8880
23806,20000.0,20000.0,20000.0,20000.0,8881
23811,20000.0,20000.0,20000.0,20000.0,8890
23816,20000.0,20000.0,20000.0,20000.0,8890
23821,20000.0,20000.0,20000.0,20000.0,8890
23826,20000.0,20000.0,20000.0,20000.0,8890
23831,20000.0,20000.0,20000.0,20000.0,8890
23836,20000.0,20000.0,20000.0,20000.0,8900
23841,20000.0,20000.0,20000.0,20000.0,8900
23846,20000.0,20000.0,20000.0,20000.0,8900
23851,20000.0,20000.0,20000.0,20000.0,8900
23856,20000.0,20000.0,20000.0,20000.0,8900
23861,20000.0,20000.0,20000.0,20000.0,8910
23866,20000.0,20000.0,20000.0,20000.0,8910
23871,20000.0,20000.0,20000.0,20000.0,8910
23876,20000.0,20000.0,20000.0,20000.0,8910
23881,20000.0,20000.0,20000.0,20000.0,8910
23886,20000.0,20000.0,20000.0,20000.0,8918
23891,20000.0,20000.0,20000.0,20000.0,8920
23896,20000.0,20000.0,20000.0,20000.0,8920
23901,20000.0,20000.0,20000.0,20000.0,8920
23906,20000.0,20000.0,20000.0,20000.0,8920
23911,20000.0,20000.0,20000.0,20000.0,8920
23916,20000.0,20000.0,20000.0,20000.0,8930
23921,20000.0,20000.0,20000.0,20000.0,8930
23926,20000.0,20000.0,20000.0,20000.0,8930
23931,20000.0,20000.0,20000.0,20000.0,8930
23936,20000.0,20000.0,20000.0,20000.0,8930
23941,20000.0,20000.0,20000.0,20000.0,8940
23946,20000.0,20000.0,20000.0,20000.0,8940
23951,20000.0,20000.0,20000.0,20000.0,8940
23956,20000.0,20000.0,20000.0,20000.0,8940
23961,20000.0,20000.0,20000.0,20000.0,8940
23966,20000.0,20000.0,20000.0,20000.0,8944
23971,20000.0,20000.0,20000.0,20000.0,8950
23976,20000.0,20000.0,20000.0,20000.0,8950
23981,20000.0,20000.0,20000.0,20000.0,8950
23986,20000.0,20000.0,20000.0,20000.0,8950
23991,20000.0,20000.0,20000.0,20000.0,8950
23996,20000.0,20000.0,20000.0,20000.0,8960
24001,20000.0,20000.0,20000.0,20000.0,8960
24006,20000.0,20000.0,20000.0,20000.0,8960
24011,20000.0,20000.0,20000.0,20000.0,8960
24016,20000.0,20000.0,20000.0,20000.0,8960
24021,20000.0,20000.0,20000.0,20000.0,8970
24026,20000.0,20000.0,20000.0,20000.0,8970
24031,20000.0,20000.0,20000.0,20000.0,8970
24036,20000.0,20000.0,20000.0,20000.0,8970
24041,20000.0,20000.0,20000.0,20000.0,8970
24046,20000.0,20000.0,20000.0,20000.0,8972
24051,20000.0,20000.0,20000.0,20000.0,8980
24056,20000.0,20000.0,20000.0,20000.0,8980
24061,20000.0,20000.0,20000.0,20000.0,8980
24066,20000.0,20000.0,20000.0,20000.0,8980
24071,20000.0,20000.0,20000.0,20000.0,8980
24076,20000.0,20000.0,20000.0,20000.0,8990
24081,20000.0,20000.0,20000.0,20000.0,8990
24086,20000.0,20000.0,20000.0,20000.0,8990
24091,20000.0,20000.0,20000.0,20000.0,8990
24096,20000.0,20000.0,20000.0,20000.0,8990
24101,20000.0,20000.0,20000.0,20000.0,8999
24106,20000.0,20000.0,20000.0,20000.0,9000
24111,20000.0,20000.0,20000.0,20000.0,9000
24116,20000.0,20000.0,20000.0,20000.0,9000
24121,20000.0,20000.0,20000.0,20000.0,9000
24126,20000.0,20000.0,20000.0,20000.0,9003
24131,20000.0,20000.0,20000.0,20000.0,9010
24136,20000.0,20000.0,20000.0,20000.0,9010
24141,20000.0,20000.0,20000.0,20000.0,9010
24146,20000.0,20000.0,20000.0,20000.0,9010
24151,20000.0,20000.0,20000.0,20000.0,9010
24156,20000.0,20000.0,20000.0,20000.0,9020
24161,20000.0,20000.0,20000.0,20000.0,9020
24166,20000.0,20000.0,20000.0,20000.0,9020
24171,20000.0,20000.0,20000.0,20000.0,9020
24176,20000.0,20000.0,20000.0,20000.0,9020
24181,20000.0,20000.0,20000.0,20000.0,9025
24186,20000.0,20000.0,20000.0,20000.0,9030
24191,20000.0,20000.0,20000.0,20000.0,9030
24196,20000.0,20000.0,20000.0,20000.0,9030
24201,20000.0,20000.0,20000.0,20000.0,9030
24206,20000.0,20000.0,20000.0,20000.0,9030
24211,20000.0,20000.0,20000.0,20000.0,9040
24216,20000.0,20000.0,20000.0,20000.0,9040
24221,20000.0,20000.0,20000.0,20000.0,9040
24226,20000.0,20000.0,20000.0,20000.0,9040
24231,20000.0,20000.0,20000.0,20000.0,9040
24236,20000.0,20000.0,20000.0,20000.0,9049
24241,20000.0,20000.0,20000.0,20000.0,9050
24246,20000.0,20000.0,20000.0,20000.0,9050
24251,20000.0,20000.0,20000.0,20000.0,9050
24256,20000.0,20000.0,20000.0,20000.0,9050
24261,20000.0,20000.0,20000.0,20000.0,9054
24266,20000.0,20000.0,20000.0,20000.0,9060
24271,20000.0,20000.0,20000.0,20000.0,9060
24276,20000.0,20000.0,20000.0,20000.0,9060
24281,20000.0,20000.0,20000.0,20000.0,9060
24286,20000.0,20000.0,20000.0,20000.0,9060
24291,20000.0,20000.0,20000.0,20000.0,9070
24296,20000.0,20000.0,20000.0,20000.0,9070
24301,20000.0,20000.0,20000.0,20000.0,9070
24306,20000.0,20000.0,20000.0,20000.0,9070
24311,20000.0,20000.0,20000.0,20000.0,9070
24316,20000.0,20000.0,20000.0,20000.0,9077
24321,20000.0,20000.0,20000.0,20000.0,9080
24326,20000.0,20000.0,20000.0,20000.0,9080
24331,20000.0,20000.0,20000.0,20000.0,9080
24336,20000.0,20000.0,20000.0,20000.0,9080
24341,20000.0,20000.0,20000.0,20000.0,9081
24346,20000.0,20000.0,20000.0,20000.0,9090
24351,20000.0,20000.0,20000.0,20000.0,9090
24356,20000.0,20000.0,20000.0,20000.0,9090
24361,20000.0,20000.0,20000.0,20000.0,9090
24366,20000.0,20000.0,20000.0,20000.0,9090
24371,20000.0,20000.0,20000.0,20000.0,9100
24376,20000.0,20000.0,20000.0,20000.0,9100
24381,20000.0,20000.0,20000.0,20000.0,9100
24386,20000.0,20000.0,20000.0,20000.0,9100
24391,20000.0,20000.0,20000.0,20000.0,9100
24396,20000.0,20000.0,20000.0,20000.0,9107
24401,20000.0,20000.0,20000.0,20000.0,9110
24406,20000.0,20000.0,20000.0,20000.0,9110
24411,20000.0,20000.0,20000.0,20000.0,9110
24416,20000.0,20000.0,20000.0,20000.0,9110
24421,20000.0,20000.0,20000.0,20000.0,9110
24426,20000.0,20000.0,20000.0,20000.0,9120
24431,20000.0,20000.0,20000.0,20000.0,9120
24436,20000.0,20000.0,20000.0,20000.0,9120
24441,20000.0,20000.0,20000.0,20000.0,9120
24446,20000.0,20000.0,20000.0,20000.0,9120
24451,20000.0,20000.0,20000.0,20000.0,9129
24456,20000.0,20000.0,20000.0,20000.0,9130
24461,20000.0,20000.0,20000.0,20000.0,9130
24466,20000.0,20000.0,20000.0,20000.0,9130
24471,20000.0,20000.0,20000.0,20000.0,9130
24476,20000.0,20000.0,20000.0,20000.0,9132
24481,20000.0,20000.0,20000.0,20000.0,9140
24486,20000.0,20000.0,20000.0,20000.0,9140
24491,20000.0,20000.0,20000.0,20000.0,9140
24496,20000.0,20000.0,20000.0,20000.0,9140
24501,20000.0,20000.0,20000.0,20000.0,9142
24506,20000.0,20000.0,20000.0,20000.0,9150
24511,20000.0,20000.0,20000.0,20000.0,9150
24516,20000.0,20000.0,20000.0,20000.0,9150
24521,20000.0,20000.0,20000.0,20000.0,9150
24526,20000.0,20000.0,20000.0,20000.0,9150
24531,20000.0,20000.0,20000.0,20000.0,9160
24536,20000.0,20000.0,20000.0,20000.0,9160
24541,20000.0,20000.0,20000.0,20000.0,9160
24546,20000.0,20000.0,20000.0,20000.0,9160
24551,20000.0,20000.0,20000.0,20000.0,9160
24556,20000.0,20000.0,20000.0,20000.0,9166
24561,20000.0,20000.0,20000.0,20000.0,9170
24566,20000.0,20000.0,20000.0,20000.0,9170
24571,20000.0,20000.0,20000.0,20000.0,9170
24576,20000.0,20000.0,20000.0,20000.0,9170
24581,20000.0,20000.0,20000.0,20000.0,9170
24586,20000.0,20000.0,20000.0,20000.0,9180
24591,20000.0,20000.0,20000.0,20000.0,9180
24596,20000.0,20000.0,20000.0,20000.0,9180
24601,20000.0,20000.0,20000.0,20000.0,9180
24606,20000.0,20000.0,20000.0,20000.0,9180
24611,20000.0,20000.0,20000.0,20000.0,9185
24616,20000.0,20000.0,20000.0,20000.0,9190
24621,20000.0,20000.0,20000.0,20000.0,9190
24626,20000.0,20000.0,20000.0,20000.0,9190
24631,20000.0,20000.0,20000.0,20000.0,9190
24636,20000.0,20000.0,20000.0,20000.0,9190
24641,20000.0,20000.0,20000.0,20000.0,9200
24646,20000.0,20000.0,20000.0,20000.0,9200
24651,20000.0,20000.0,20000.0,20000.0,9200
24656,20000.0,20000.0,20000.0,20000.0,9200
24661,20000.0,20000.0,20000.0,20000.0,9200
24666,20000.0,20000.0,20000.0,20000.0,9209
24671,20000.0,20000.0,20000.0,20000.0,9210
24676,20000.0,20000.0,20000.0,20000.0,9210
24681,20000.0,20000.0,20000.0,20000.0,9210
24686,20000.0,20000.0,20000.0,20000.0,9210
24691,20000.0,20000.0,20000.0,20000.0,9213
24696,20000.0,20000.0,20000.0,20000.0,9220
24701,20000.0,20000.0,20000.0,20000.0,9220
24706,20000.0,20000.0,20000.0,20000.0,9220
24711,20000.0,20000.0,20000.0,20000.0,9220
24716,20000.0,20000.0,20000.0,20000.0,9220
24721,20000.0,20000.0,20000.0,20000.0,9230
24726,20000.0,20000.0,20000.0,20000.0,9230
24731,20000.0,20000.0,20000.0,20000.0,9230
24736,20000.0,20000.0,20000.0,20000.0,9230
24741,20000.0,20000.0,20000.0,20000.0,9230
24746,20000.0,20000.0,20000.0,20000.0,9238
24751,20000.0,20000.0,20000.0,20000.0,9240
24756,20000.0,20000.0,20000.0,20000.0,9240
24761,20000.0,20000.0,20000.0,20000.0,9240
24766,20000.0,20000.0,20000.0,20000.0,9240
24771,20000.0,20000.0,20000.0,20000.0,9243
24776,20000.0,20000.0,20000.0,20000.0,9250
24781,20000.0,20000.0,20000.0,20000.0,9250
24786,20000.0,20000.0,20000.0,20000.0,9250
24791,20000.0,20000.0,20000.0,20000.0,9250
24796,20000.0,20000.0,20000.0,20000.0,9250
24801,20000.0,20000.0,20000.0,20000.0,9260
24806,20000.0,20000.0,20000.0,20000.0,9260
24811,20000.0,20000.0,20000.0,20000.0,9260
24816,20000.0,20000.0,20000.0,20000.0,9260
24821,20000.0,20000.0,20000.0,20000.0,9260
24826,20000.0,20000.0,20000.0,20000.0,9263
24831,20000.0,20000.0,20000.0,20000.0,9270
24836,20000.0,20000.0,20000.0,20000.0,9270
24841,20000.0,20000.0,20000.0,20000.0,9270
24846,20000.0,20000.0,20000.0,20000.0,9270
24851,20000.0,20000.0,20000.0,20000.0,9272
24856,20000.0,20000.0,20000.0,20000.0,9280
24861,20000.0,20000.0,20000.0,20000.0,9280
24866,20000.0,20000.0,20000.0,20000.0,9280
24871,20000.0,20000.0,20000.0,20000.0,9280
24876,20000.0,20000.0,20000.0,20000.0,9280
24881,20000.0,20000.0,20000.0,20000.0,9290
24886,20000.0,20000.0,20000.0,20000.0,9290
24891,20000.0,20000.0,20000.0,20000.0,9290
24896,20000.0,20000.0,20000.0,20000.0,9290
24901,20000.0,20000.0,20000.0,20000.0,9290
24906,20000.0,20000.0,20000.0,20000.0,9297
24911,20000.0,20000.0,20000.0,20000.0,9300
24916,20000.0,20000.0,20000.0,20000.0,9300
24921,20000.0,20000.0,20000.0,20000.0,9300
24926,20000.0,20000.0,20000.0,20000.0,9300
24931,20000.0,20000.0,20000.0,20000.0,9302
24936,20000.0,20000.0,20000.0,20000.0,9310
24941,20000.0,20000.0,20000.0,20000.0,9310
24946,20000.0,20000.0,20000.0,20000.0,9310
24951,20000.0,20000.0,20000.0,20000.0,9310
24956,20000.0,20000.0,20000.0,20000.0,9310
24961,20000.0,20000.0,20000.0,20000.0,9320
24966,20000.0,20000.0,20000.0,20000.0,9320
24971,20000.0,20000.0,20000.0,20000.0,9320
24976,20000.0,20000.0,20000.0,20000.0,9320
24981,20000.0,20000.0,20000.0,20000.0,9320
24986,20000.0,20000.0,20000.0,20000.0,9328
24991,20000.0,20000.0,20000.0,20000.0,9330
24996,20000.0,20000.0,20000.0,20000.0,9330
25001,20000.0,20000.0,20000.0,20000.0,9330
25006,20000.0,20000.0,20000.0,20000.0,9330
25011,20000.0,20000.0,20000.0,20000.0,9331
25016,20000.0,20000.0,20000.0,20000.0,9340
25021,20000.0,20000.0,20000.0,20000.0,9340
25026,20000.0,20000.0,20000.0,20000.0,9340
25031,20000.0,20000.0,20000.0,20000.0,9340
25036,20000.0,20000.0,20000.0,20000.0,9340
25041,20000.0,20000.0,20000.0,20000.0,9350
25046,20000.0,20000.0,20000.0,20000.0,9350
25051,20000.0,20000.0,20000.0,20000.0,9350
25056,20000.0,20000.0,20000.0,20000.0,9350
25061,20000.0,20000.0,20000.0,20000.0,9350
25066,20000.0,20000.0,20000.0,20000.0,9358
25071,20000.0,20000.0,20000.0,20000.0,9360
25076,20000.0,20000.0,20000.0,20000.0,9360
25081,20000.0,20000.0,20000.0,20000.0,9360
25086,20000.0,20000.0,20000.0,20000.0,9360
25091,20000.0,20000.0,20000.0,20000.0,9360
25096,20000.0,20000.0,20000.0,20000.0,9370
25101,20000.0,20000.0,20000.0,20000.0,9370
25106,20000.0,20000.0,20000.0,20000.0,9370
25111,20000.0,20000.0,20000.0,20000.0,9370
25116,20000.0,20000.0,20000.0,20000.0,9370
25121,20000.0,20000.0,20000.0,20000.0,9380
25126,20000.0,20000.0,20000.0,20000.0,9380
25131,20000.0,20000.0,20000.0,20000.0,9380
25136,20000.0,20000.0,20000.0,20000.0,9380
25141,20000.0,20000.0,20000.0,20000.0,9380
25146,20000.0,20000.0,20000.0,20000.0,9387
25151,20000.0,20000.0,20000.0,20000.0,9390
25156,20000.0,20000.0,20000.0,20000.0,9390
25161,20000.0,20000.0,20000.0,20000.0,9390
25166,20000.0,20000.0,20000.0,20000.0,9390
25171,20000.0,20000.0,20000.0,20000.0,9392
25176,20000.0,20000.0,20000.0,20000.0,9400
25181,20000.0,20000.0,20000.0,20000.0,9400
25186,20000.0,20000.0,20000.0,20000.0,9400
25191,20000.0,20000.0,20000.0,20000.0,9400
25196,20000.0,20000.0,20000.0,20000.0,9400
25201,20000.0,20000.0,20000.0,20000.0,9410
25206,20000.0,20000.0,20000.0,20000.0,9410
25211,20000.0,20000.0,20000.0,20000.0,9410
25216,20000.0,20000.0,20000.0,20000.0,9410
25221,20000.0,20000.0,20000.0,20000.0,9410
25226,20000.0,20000.0,20000.0,20000.0,9419
25231,20000.0,20000.0,20000.0,20000.0,9420
25236,20000.0,20000.0,20000.0,20000.0,9420
25241,20000.0,20000.0,20000.0,20000.0,9420
25246,20000.0,20000.0,20000.0,20000.0,9420
25251,20000.0,20000.0,20000.0,20000.0,9424
25256,20000.0,20000.0,20000.0,20000.0,9430
25261,20000.0,20000.0,20000.0,20000.0,9430
25266,20000.0,20000.0,20000.0,20000.0,9430
25271,20000.0,20000.0,20000.0,20000.0,9430
25276,20000.0,20000.0,20000.0,20000.0,9430
25281,20000.0,20000.0,20000.0,20000.0,9440
25286,20000.0,20000.0,20000.0,20000.0,9440
25291,20000.0,20000.0,20000.0,20000.0,9440
25296,20000.0,20000.0,20000.0,20000.0,9440
25301,20000.0,20000.0,20000.0,20000.0,9440
25306,20000.0,20000.0,20000.0,20000.0,9450
25311,20000.0,20000.0,20000.0,20000.0,9450
25316,20000.0,20000.0,20000.0,20000.0,9450
25321,20000.0,20000.0,20000.0,20000.0,9450
25326,20000.0,20000.0,20000.0,20000.0,9450
25331,20000.0,20000.0,20000.0,20000.0,9456
25336,20000.0,20000.0,20000.0,20000.0,9460
25341,20000.0,20000.0,20000.0,20000.0,9460
25346,20000.0,20000.0,20000.0,20000.0,9460
25351,20000.0,20000.0,20000.0,20000.0,9460
25356,20000.0,20000.0,20000.0,20000.0,9460
25361,20000.0,20000.0,20000.0,20000.0,9470
25366,20000.0,20000.0,20000.0,20000.0,9470
25371,20000.0,20000.0,20000.0,20000.0,9470
25376,20000.0,20000.0,20000.0,20000.0,9470
25381,20000.0,20000.0,20000.0,20000.0,9470
25386,20000.0,20000.0,20000.0,20000.0,9477
25391,20000.0,20000.0,20000.0,20000.0,9480
25396,20000.0,20000.0,20000.0,20000.0,9480
25401,20000.0,20000.0,20000.0,20000.0,9480
25406,20000.0,20000.0,20000.0,20000.0,9480
25411,20000.0,20000.0,20000.0,20000.0,9482
25416,20000.0,20000.0,20000.0,20000.0,9490
25421,20000.0,20000.0,20000.0,20000.0,9490
25426,20000.0,20000.0,20000.0,20000.0,9490
25431,20000.0,20000.0,20000.0,20000.0,9490
25436,20000.0,20000.0,20000.0,20000.0,9490
25441,20000.0,20000.0,20000.0,20000.0,9500
25446,20000.0,20000.0,20000.0,20000.0,9500
25451,20000.0,20000.0,20000.0,20000.0,9500
25456,20000.0,20000.0,20000.0,20000.0,9500
25461,20000.0,20000.0,20000.0,20000.0,9500
25466,20000.0,20000.0,20000.0,20000.0,9508
25471,20000.0,20000.0,20000.0,20000.0,9510
25476,20000.0,20000.0,20000.0,20000.0,9510
25481,20000.0,20000.0,20000.0,20000.0,9510
25486,20000.0,20000.0,20000.0,20000.0,9510
25491,20000.0,20000.0,20000.0,20000.0,9511
25496,20000.0,20000.0,20000.0,20000.0,9520
25501,20000.0,20000.0,20000.0,20000.0,9520
25506,20000.0,20000.0,20000.0,20000.0,9520
25511,20000.0,20000.0,20000.0,20000.0,9520
25516,20000.0,20000.0,20000.0,20000.0,9520
25521,20000.0,20000.0,20000.0,20000.0,9526
25526,20000.0,20000.0,20000.0,20000.0,9530
25531,20000.0,20000.0,20000.0,20000.0,9530
25536,20000.0,20000.0,20000.0,20000.0,9530
25541,20000.0,20000.0,20000.0,20000.0,9530
25546,20000.0,20000.0,20000.0,20000.0,9534
25551,20000.0,20000.0,20000.0,20000.0,9540
25556,20000.0,20000.0,20000.0,20000.0,9540
25561,20000.0,20000.0,20000.0,20000.0,9540
25566,20000.0,20000.0,20000.0,20000.0,9540
25571,20000.0,20000.0,20000.0,20000.0,9540
25576,20000.0,20000.0,20000.0,20000.0,9550
25581,20000.0,20000.0,20000.0,20000.0,9550
25586,20000.0,20000.0,20000.0,20000.0,9550
25591,20000.0,20000.0,20000.0,20000.0,9550
25596,20000.0,20000.0,20000.0,20000.0,9550
25601,20000.0,20000.0,20000.0,20000.0,9555
25606,20000.0,20000.0,20000.0,20000.0,9560
25611,20000.0,20000.0,20000.0,20000.0,9560
25616,20000.0,20000.0,20000.0,20000.0,9560
25621,20000.0,20000.0,20000.0,20000.0,9560
25626,20000.0,20000.0,20000.0,20000.0,9560
25631,20000.0,20000.0,20000.0,20000.0,9570
25636,20000.0,20000.0,20000.0,20000.0,9570
25641,20000.0,20000.0,20000.0,20000.0,9570
25646,20000.0,20000.0,20000.0,20000.0,9570
25651,20000.0,20000.0,20000.0,20000.0,9570
25656,20000.0,20000.0,20000.0,20000.0,9578
25661,20000.0,20000.0,20000.0,20000.0,9580
25666,20000.0,20000.0,20000.0,20000.0,9580
25671,20000.0,20000.0,20000.0,20000.0,9580
25676,20000.0,20000.0,20000.0,20000.0,9580
25681,20000.0,20000.0,20000.0,20000.0,9583
25686,20000.0,20000.0,20000.0,20000.0,9590
25691,20000.0,20000.0,20000.0,20000.0,9590
25696,20000.0,20000.0,20000.0,20000.0,9590
25701,20000.0,20000.0,20000.0,20000.0,9590
25706,20000.0,20000.0,20000.0,20000.0,9590
25711,20000.0,20000.0,20000.0,20000.0,9600
25716,20000.0,20000.0,20000.0,20000.0,9600
25721,20000.0,20000.0,20000.0,20000.0,9600
25726,20000.0,20000.0,20000.0,20000.0,9600
25731,20000.0,20000.0,20000.0,20000.0,9600
25736,20000.0,20000.0,20000.0,20000.0,9605
25741,20000.0,20000.0,20000.0,20000.0,9610
25746,20000.0,20000.0,20000.0,20000.0,9610
25751,20000.0,20000.0,20000.0,20000.0,9610
25756,20000.0,20000.0,20000.0,20000.0,9610
25761,20000.0,20000.0,20000.0,20000.0,9612
25766,20000.0,20000.0,20000.0,20000.0,9620
25771,20000.0,20000.0,20000.0,20000.0,9620
25776,20000.0,20000.0,20000.0,20000.0,9620
25781,20000.0,20000.0,20000.0,20000.0,9620
25786,20000.0,20000.0,20000.0,20000.0,9620
25791,20000.0,20000.0,20000.0,20000.0,9630
25796,20000.0,20000.0,20000.0,20000.0,9630
25801,20000.0,20000.0,20000.0,20000.0,9630
25806,20000.0,20000.0,20000.0,20000.0,9630
25811,20000.0,20000.0,20000.0,20000.0,9630
25816,20000.0,20000.0,20000.0,20000.0,9636
25821,20000.0,20000.0,20000.0,20000.0,9640
25826,20000.0,20000.0,20000.0,20000.0,9640
25831,20000.0,20000.0,20000.0,20000.0,9640
25836,20000.0,20000.0,20000.0,20000.0,9640
25841,20000.0,20000.0,20000.0,20000.0,9644
25846,20000.0,20000.0,20000.0,20000.0,9650
25851,20000.0,20000.0,20000.0,20000.0,9650
25856,20000.0,20000.0,20000.0,20000.0,9650
25861,20000.0,20000.0,20000.0,20000.0,9650
25866,20000.0,20000.0,20000.0,20000.0,9650
25871,20000.0,20000.0,20000.0,20000.0,9660
25876,20000.0,20000.0,20000.0,20000.0,9660
25881,20000.0,20000.0,20000.0,20000.0,9660
25886,20000.0,20000.0,20000.0,20000.0,9660
25891,20000.0,20000.0,20000.0,20000.0,9660
25896,20000.0,20000.0,20000.0,20000.0,9669
25901,20000.0,20000.0,20000.0,20000.0,9670
25906,20000.0,20000.0,20000.0,20000.0,9670
25911,20000.0,20000.0,20000.0,20000.0,9670
25916,20000.0,20000.0,20000.0,20000.0,9670
25921,20000.0,20000.0,20000.0,20000.0,9672
25926,20000.0,20000.0,20000.0,20000.0,9680
25931,20000.0,20000.0,20000.0,20000.0,9680
25936,20000.0,20000.0,20000.0,20000.0,9680
25941,20000.0,20000.0,20000.0,20000.0,9680
25946,20000.0,20000.0,20000.0,20000.0,9680
25951,20000.0,20000.0,20000.0,20000.0,9690
25956,20000.0,20000.0,20000.0,20000.0,9690
25961,20000.0,20000.0,20000.0,20000.0,9690
25966,20000.0,20000.0,20000.0,20000.0,9690
25971,20000.0,20000.0,20000.0,20000.0,9690
25976,20000.0,20000.0,20000.0,20000.0,9699
25981,20000.0,20000.0,20000.0,20000.0,9700
25986,20000.0,20000.0,20000.0,20000.0,9700
25991,20000.0,20000.0,20000.0,20000.0,9700
25996,20000.0,20000.0,20000.0,20000.0,9700
26001,20000.0,20000.0,20000.0,20000.0,9705
26006,20000.0,20000.0,20000.0,20000.0,9710
26011,20000.0,20000.0,20000.0,20000.0,9710
26016,20000.0,20000.0,20000.0,20000.0,9710
26021,20000.0,20000.0,20000.0,20000.0,9710
26026,20000.0,20000.0,20000.0,20000.0,9710
26031,20000.0,20000.0,20000.0,20000.0,9720
26036,20000.0,20000.0,20000.0,20000.0,9720
26041,20000.0,20000.0,20000.0,20000.0,9720
26046,20000.0,20000.0,20000.0,20000.0,9720
26051,20000.0,20000.0,20000.0,20000.0,9720
26056,20000.0,20000.0,20000.0,20000.0,9728
26061,20000.0,20000.0,20000.0,20000.0,9730
26066,20000.0,20000.0,20000.0,20000.0,9730
26071,20000.0,20000.0,20000.0,20000.0,9730
26076,20000.0,20000.0,20000.0,20000.0,9730
26081,20000.0,20000.0,20000.0,20000.0,9736
26086,20000.0,20000.0,20000.0,20000.0,9740
26091,20000.0,20000.0,20000.0,20000.0,9740
26096,20000.0,20000.0,20000.0,20000.0,9740
26101,20000.0,20000.0,20000.0,20000.0,9740
26106,20000.0,20000.0,20000.0,20000.0,9740
26111,20000.0,20000.0,20000.0,20000.0,9750
26116,20000.0,20000.0,20000.0,20000.0,9750
26121,20000.0,20000.0,20000.0,20000.0,9750
26126,20000.0,20000.0,20000.0,20000.0,9750
26131,20000.0,20000.0,20000.0,20000.0,9750
26136,20000.0,20000.0,20000.0,20000.0,9759
26141,20000.0,20000.0,20000.0,20000.0,9760
26146,20000.0,20000.0,20000.0,20000.0,9760
26151,20000.0,20000.0,20000.0,20000.0,9760
26156,20000.0,20000.0,20000.0,20000.0,9760
26161,20000.0,20000.0,20000.0,20000.0,9762
26166,20000.0,20000.0,20000.0,20000.0,9770
26171,20000.0,20000.0,20000.0,20000.0,9770
26176,20000.0,20000.0,20000.0,20000.0,9770
26181,20000.0,20000.0,20000.0,20000.0,9770
26186,20000.0,20000.0,20000.0,20000.0,9770
26191,20000.0,20000.0,20000.0,20000.0,9780
26196,20000.0,20000.0,20000.0,20000.0,9780
26201,20000.0,20000.0,20000.0,20000.0,9780
26206,20000.0,20000.0,20000.0,20000.0,9780
26211,20000.0,20000.0,20000.0,20000.0,9780
26216,20000.0,20000.0,20000.0,20000.0,9790
26221,20000.0,20000.0,20000.0,20000.0,9790
26226,20000.0,20000.0,20000.0,20000.0,9790
26231,20000.0,20000.0,20000.0,20000.0,9790
26236,20000.0,20000.0,20000.0,20000.0,9790
26241,20000.0,20000.0,20000.0,20000.0,9794
26246,20000.0,20000.0,20000.0,20000.0,9800
26251,20000.0,20000.0,20000.0,20000.0,9800
26256,20000.0,20000.0,20000.0,20000.0,9800
26261,20000.0,20000.0,20000.0,20000.0,9800
26266,20000.0,20000.0,20000.0,20000.0,9800
26271,20000.0,20000.0,20000.0,20000.0,9810
26276,20000.0,20000.0,20000.0,20000.0,9810
26281,20000.0,20000.0,20000.0,20000.0,9810
26286,20000.0,20000.0,20000.0,20000.0,9810
26291,20000.0,20000.0,20000.0,20000.0,9810
26296,20000.0,20000.0,20000.0,20000.0,9817
26301,20000.0,20000.0,20000.0,20000.0,9820
26306,20000.0,20000.0,20000.0,20000.0,9820
26311,20000.0,20000.0,20000.0,20000.0,9820
26316,20000.0,20000.0,20000.0,20000.0,9820
26321,20000.0,20000.0,20000.0,20000.0,9823
26326,20000.0,20000.0,20000.0,20000.0,9830
26331,20000.0,20000.0,20000.0,20000.0,9830
26336,20000.0,20000.0,20000.0,20000.0,9830
26341,20000.0,20000.0,20000.0,20000.0,9830
26346,20000.0,20000.0,20000.0,20000.0,9830
26351,20000.0,20000.0,20000.0,20000.0,9840
26356,20000.0,20000.0,20000.0,20000.0,9840
26361,20000.0,20000.0,20000.0,20000.0,9840
26366,20000.0,20000.0,20000.0,20000.0,9840
26371,20000.0,20000.0,20000.0,20000.0,9840
26376,20000.0,20000.0,20000.0,20000.0,9848
26381,20000.0,20000.0,20000.0,20000.0,9850
26386,20000.0,20000.0,20000.0,20000.0,9850
26391,20000.0,20000.0,20000.0,20000.0,9850
26396,20000.0,20000.0,20000.0,20000.0,9850
26401,20000.0,20000.0,20000.0,20000.0,9852
26406,20000.0,20000.0,20000.0,20000.0,9860
26411,20000.0,20000.0,20000.0,20000.0,9860
26416,20000.0,20000.0,20000.0,20000.0,9860
26421,20000.0,20000.0,20000.0,20000.0,9860
26426,20000.0,20000.0,20000.0,20000.0,9860
26431,20000.0,20000.0,20000.0,20000.0,9870
26436,20000.0,20000.0,20000.0,20000.0,9870
26441,20000.0,20000.0,20000.0,20000.0,9870
26446,20000.0,20000.0,20000.0,20000.0,9870
26451,20000.0,20000.0,20000.0,20000.0,9870
26456,20000.0,20000.0,20000.0,20000.0,9876
26461,20000.0,20000.0,20000.0,20000.0,9880
26466,20000.0,20000.0,20000.0,20000.0,9880
26471,20000.0,20000.0,20000.0,20000.0,9880
26476,20000.0,20000.0,20000.0,20000.0,9880
26481,20000.0,20000.0,20000.0,20000.0,9881
26486,20000.0,20000.0,20000.0,20000.0,9890
26491,20000.0,20000.0,20000.0,20000.0,9890
26496,20000.0,20000.0,20000.0,20000.0,9890
26501,20000.0,20000.0,20000.0,20000.0,9890
26506,20000.0,20000.0,20000.0,20000.0,9890
26511,20000.0,20000.0,20000.0,20000.0,9900
26516,20000.0,20000.0,20000.0,20000.0,9900
26521,20000.0,20000.0,20000.0,20000.0,9900
26526,20000.0,20000.0,20000.0,20000.0,9900
26531,20000.0,20000.0,20000.0,20000.0,9900
26536,20000.0,20000.0,20000.0,20000.0,9908
26541,20000.0,20000.0,20000.0,20000.0,9910
26546,20000.0,20000.0,20000.0,20000.0,9910
26551,20000.0,20000.0,20000.0,20000.0,9910
26556,20000.0,20000.0,20000.0,20000.0,9910
26561,20000.0,20000.0,20000.0,20000.0,9913
26566,20000.0,20000.0,20000.0,20000.0,9920
26571,20000.0,20000.0,20000.0,20000.0,9920
26576,20000.0,20000.0,20000.0,20000.0,9920
26581,20000.0,20000.0,20000.0,20000.0,9920
26586,20000.0,20000.0,20000.0,20000.0,9920
26591,20000.0,20000.0,20000.0,20000.0,9930
26596,20000.0,20000.0,20000.0,20000.0,9930
26601,20000.0,20000.0,20000.0,20000.0,9930
26606,20000.0,20000.0,20000.0,20000.0,9930
26611,20000.0,20000.0,20000.0,20000.0,9930
26616,20000.0,20000.0,20000.0,20000.0,9939
26621,20000.0,20000.0,20000.0,20000.0,9940
26626,20000.0,20000.0,20000.0,20000.0,9940
26631,20000.0,20000.0,20000.0,20000.0,9940
26636,20000.0,20000.0,20000.0,20000.0,9940
26641,20000.0,20000.0,20000.0,20000.0,9942
26646,20000.0,20000.0,20000.0,20000.0,9950
26651,20000.0,20000.0,20000.0,20000.0,9950
26656,20000.0,20000.0,20000.0,20000.0,9950
26661,20000.0,20000.0,20000.0,20000.0,9950
26666,20000.0,20000.0,20000.0,20000.0,9950
26671,20000.0,20000.0,20000.0,20000.0,9959
26676,20000.0,20000.0,20000.0,20000.0,9960
26681,20000.0,20000.0,20000.0,20000.0,9960
26686,20000.0,20000.0,20000.0,20000.0,9960
26691,20000.0,20000.0,20000.0,20000.0,9960
26696,20000.0,20000.0,20000.0,20000.0,9963
26701,20000.0,20000.0,20000.0,20000.0,9970
26706,20000.0,20000.0,20000.0,20000.0,9970
26711,20000.0,20000.0,20000.0,20000.0,9970
26716,20000.0,20000.0,20000.0,20000.0,9970
26721,20000.0,20000.0,20000.0,20000.0,9970
26726,20000.0,20000.0,20000.0,20000.0,9980
26731,20000.0,20000.0,20000.0,20000.0,9980
26736,20000.0,20000.0,20000.0,20000.0,9980
26741,20000.0,20000.0,20000.0,20000.0,9980
26746,20000.0,20000.0,20000.0,20000.0,9980
26751,20000.0,20000.0,20000.0,20000.0,9989
26756,20000.0,20000.0,20000.0,20000.0,9990
26761,20000.0,20000.0,20000.0,20000.0,9990
26766,20000.0,20000.0,20000.0,20000.0,9990
26771,20000.0,20000.0,20000.0,20000.0,9990
26776,20000.0,20000.0,20000.0,20000.0,9990
26781,20000.0,20000.0,20000.0,20000.0,10000
26786,20000.0,20000.0,20000.0,20000.0,10000
26791,20000.0,20000.0,20000.0,20000.0,10000
26796,20000.0,20000.0,20000.0,20000.0,10000
26801,20000.0,20000.0,20000.0,20000.0,10000
26806,20000.0,20000.0,20000.0,20000.0,10010
26811,20000.0,20000.0,20000.0,20000.0,10010
26816,20000.0,20000.0,20000.0,20000.0,10010
26821,20000.0,20000.0,20000.0,20000.0,10010
26826,20000.0,20000.0,20000.0,20000.0,10010
26831,20000.0,20000.0,20000.0,20000.0,10018
26836,20000.0,20000.0,20000.0,20000.0,10020
26841,20000.0,20000.0,20000.0,20000.0,10020
26846,20000.0,20000.0,20000.0,20000.0,10020
26851,20000.0,20000.0,20000.0,20000.0,10020
26856,20000.0,20000.0,20000.0,20000.0,10022
26861,20000.0,20000.0,20000.0,20000.0,10030
26866,20000.0,20000.0,20000.0,20000.0,10030
26871,20000.0,20000.0,20000.0,20000.0,10030
26876,20000.0,20000.0,20000.0,20000.0,10030
26881,20000.0,20000.0,20000.0,20000.0,10030
26886,20000.0,20000.0,20000.0,20000.0,10038
26891,20000.0,20000.0,20000.0,20000.0,10040
26896,20000.0,20000.0,20000.0,20000.0,10040
26901,20000.0,20000.0,20000.0,20000.0,10040
26906,20000.0,20000.0,20000.0,20000.0,10040
26911,20000.0,20000.0,20000.0,20000.0,10045
26916,20000.0,20000.0,20000.0,20000.0,10050
26921,20000.0,20000.0,20000.0,20000.0,10050
26926,20000.0,20000.0,20000.0,20000.0,10050
26931,20000.0,20000.0,20000.0,20000.0,10050
26936,20000.0,20000.0,20000.0,20000.0,10050
26941,20000.0,20000.0,20000.0,20000.0,10060
26946,20000.0,20000.0,20000.0,20000.0,10060
26951,20000.0,20000.0,20000.0,20000.0,10060
26956,20000.0,20000.0,20000.0,20000.0,10060
26961,20000.0,20000.0,20000.0,20000.0,10060
26966,20000.0,20000.0,20000.0,20000.0,10070
26971,20000.0,20000.0,20000.0,20000.0,10070
26976,20000.0,20000.0,20000.0,20000.0,10070
26981,20000.0,20000.0,20000.0,20000.0,10070
26986,20000.0,20000.0,20000.0,20000.0,10070
26991,20000.0,20000.0,20000.0,20000.0,10077
26996,20000.0,20000.0,20000.0,20000.0,10080
27001,20000.0,20000.0,20000.0,20000.0,10080
27006,20000.0,20000.0,20000.0,20000.0,10080
27011,20000.0,20000.0,20000.0,20000.0,10080
27016,20000.0,20000.0,20000.0,20000.0,10082
27021,20000.0,20000.0,20000.0,20000.0,10090
27026,20000.0,20000.0,20000.0,20000.0,10090
27031,20000.0,20000.0,20000.0,20000.0,10090
27036,20000.0,20000.0,20000.0,20000.0,10090
27041,20000.0,20000.0,20000.0,20000.0,10090
27046,20000.0,20000.0,20000.0,20000.0,10100
27051,20000.0,20000.0,20000.0,20000.0,10100
27056,20000.0,20000.0,20000.0,20000.0,10100
27061,20000.0,20000.0,20000.0,20000.0,10100
27066,20000.0,20000.0,20000.0,20000.0,10100
27071,20000.0,20000.0,20000.0,20000.0,10106
27076,20000.0,20000.0,20000.0,20000.0,10110
27081,20000.0,20000.0,20000.0,20000.0,10110
27086,20000.0,20000.0,20000.0,20000.0,10110
27091,20000.0,20000.0,20000.0,20000.0,10110
27096,20000.0,20000.0,20000.0,20000.0,10111
27101,20000.0,20000.0,20000.0,20000.0,10120
27106,20000.0,20000.0,20000.0,20000.0,10120
27111,20000.0,20000.0,20000.0,20000.0,10120
27116,20000.0,20000.0,20000.0,20000.0,10120
27121,20000.0,20000.0,20000.0,20000.0,10120
27126,20000.0,20000.0,20000.0,20000.0,10130
27131,20000.0,20000.0,20000.0,20000.0,10130
27136,20000.0,20000.0,20000.0,20000.0,10130
27141,20000.0,20000.0,20000.0,20000.0,10130
27146,20000.0,20000.0,20000.0,20000.0,10130
27151,20000.0,20000.0,20000.0,20000.0,10140
27156,20000.0,20000.0,20000.0,20000.0,10140
27161,20000.0,20000.0,20000.0,20000.0,10140
27166,20000.0,20000.0,20000.0,20000.0,10140
27171,20000.0,20000.0,20000.0,20000.0,10140
27176,20000.0,20000.0,20000.0,20000.0,10148
27181,20000.0,20000.0,20000.0,20000.0,10150
27186,20000.0,20000.0,20000.0,20000.0,10150
27191,20000.0,20000.0,20000.0,20000.0,10150
27196,20000.0,20000.0,20000.0,20000.0,10150
27201,20000.0,20000.0,20000.0,20000.0,10153
27206,20000.0,20000.0,20000.0,20000.0,10160
27211,20000.0,20000.0,20000.0,20000.0,10160
27216,20000.0,20000.0,20000.0,20000.0,10160
27221,20000.0,20000.0,20000.0,20000.0,10160
27226,20000.0,20000.0,20000.0,20000.0,10161
27231,20000.0,20000.0,20000.0,20000.0,10170
27236,20000.0,20000.0,20000.0,20000.0,10170
27241,20000.0,20000.0,20000.0,20000.0,10170
27246,20000.0,20000.0,20000.0,20000.0,10170
27251,20000.0,20000.0,20000.0,20000.0,10170
27256,20000.0,20000.0,20000.0,20000.0,10180
27261,20000.0,20000.0,20000.0,20000.0,10180
27266,20000.0,20000.0,20000.0,20000.0,10180
27271,20000.0,20000.0,20000.0,20000.0,10180
27276,20000.0,20000.0,20000.0,20000.0,10180
27281,20000.0,20000.0,20000.0,20000.0,10187
27286,20000.0,20000.0,20000.0,20000.0,10190
27291,20000.0,20000.0,20000.0,20000.0,10190
27296,20000.0,20000.0,20000.0,20000.0,10190
27301,20000.0,20000.0,20000.0,20000.0,10190
27306,20000.0,20000.0,20000.0,20000.0,10192
27311,20000.0,20000.0,20000.0,20000.0,10200
27316,20000.0,20000.0,20000.0,20000.0,10200
27321,20000.0,20000.0,20000.0,20000.0,10200
27326,20000.0,20000.0,20000.0,20000.0,10200
27331,20000.0,20000.0,20000.0,20000.0,10200
27336,20000.0,20000.0,20000.0,20000.0,10210
27341,20000.0,20000.0,20000.0,20000.0,10210
27346,20000.0,20000.0,20000.0,20000.0,10210
27351,20000.0,20000.0,20000.0,20000.0,10210
27356,20000.0,20000.0,20000.0,20000.0,10210
27361,20000.0,20000.0,20000.0,20000.0,10218
27366,20000.0,20000.0,20000.0,20000.0,10220
27371,20000.0,20000.0,20000.0,20000.0,10220
27376,20000.0,20000.0,20000.0,20000.0,10220
27381,20000.0,20000.0,20000.0,20000.0,10220
27386,20000.0,20000.0,20000.0,20000.0,10222
27391,20000.0,20000.0,20000.0,20000.0,10230
27396,20000.0,20000.0,20000.0,20000.0,10230
27401,20000.0,20000.0,20000.0,20000.0,10230
27406,20000.0,20000.0,20000.0,20000.0,10230
27411,20000.0,20000.0,20000.0,20000.0,10230
27416,20000.0,20000.0,20000.0,20000.0,10240
27421,20000.0,20000.0,20000.0,20000.0,10240
27426,20000.0,20000.0,20000.0,20000.0,10240
27431,20000.0,20000.0,20000.0,20000.0,10240
27436,20000.0,20000.0,20000.0,20000.0,10240
27441,20000.0,20000.0,20000.0,20000.0,10248
27446,20000.0,20000.0,20000.0,20000.0,10250
27451,20000.0,20000.0,20000.0,20000.0,10250
27456,20000.0,20000.0,20000.0,20000.0,10250
27461,20000.0,20000.0,20000.0,20000.0,10250
27466,20000.0,20000.0,20000.0,20000.0,10252
27471,20000.0,20000.0,20000.0,20000.0,10260
27476,20000.0,20000.0,20000.0,20000.0,10260
27481,20000.0,20000.0,20000.0,20000.0,10260
27486,20000.0,20000.0,20000.0,20000.0,10260
27491,20000.0,20000.0,20000.0,20000.0,10260
27496,20000.0,20000.0,20000.0,20000.0,10270
27501,20000.0,20000.0,20000.0,20000.0,10270
27506,20000.0,20000.0,20000.0,20000.0,10270
27511,20000.0,20000.0,20000.0,20000.0,10270
27516,20000.0,20000.0,20000.0,20000.0,10270
27521,20000.0,20000.0,20000.0,20000.0,10277
27526,20000.0,20000.0,20000.0,20000.0,10280
27531,20000.0,20000.0,20000.0,20000.0,10280
27536,20000.0,20000.0,20000.0,20000.0,10280
27541,20000.0,20000.0,20000.0,20000.0,10280
27546,20000.0,20000.0,20000.0,20000.0,10284
27551,20000.0,20000.0,20000.0,20000.0,10290
27556,20000.0,20000.0,20000.0,20000.0,10290
27561,20000.0,20000.0,20000.0,20000.0,10290
27566,20000.0,20000.0,20000.0,20000.0,10290
27571,20000.0,20000.0,20000.0,20000.0,10290
27576,20000.0,20000.0,20000.0,20000.0,10300
27581,20000.0,20000.0,20000.0,20000.0,10300
27586,20000.0,20000.0,20000.0,20000.0,10300
27591,20000.0,20000.0,20000.0,20000.0,10300
27596,20000.0,20000.0,20000.0,20000.0,10300
27601,20000.0,20000.0,20000.0,20000.0,10309
27606,20000.0,20000.0,20000.0,20000.0,10310
27611,20000.0,20000.0,20000.0,20000.0,10310
27616,20000.0,20000.0,20000.0,20000.0,10310
27621,20000.0,20000.0,20000.0,20000.0,10310
27626,20000.0,20000.0,20000.0,20000.0,10312
27631,20000.0,20000.0,20000.0,20000.0,10320
27636,20000.0,20000.0,20000.0,20000.0,10320
27641,20000.0,20000.0,20000.0,20000.0,10320
27646,20000.0,20000.0,20000.0,20000.0,10320
27651,20000.0,20000.0,20000.0,20000.0,10320
27656,20000.0,20000.0,20000.0,20000.0,10330
27661,20000.0,20000.0,20000.0,20000.0,10330
27666,20000.0,20000.0,20000.0,20000.0,10330
27671,20000.0,20000.0,20000.0,20000.0,10330
27676,20000.0,20000.0,20000.0,20000.0,10330
27681,20000.0,20000.0,20000.0,20000.0,10335
27686,20000.0,20000.0,20000.0,20000.0,10340
27691,20000.0,20000.0,20000.0,20000.0,10340
27696,20000.0,20000.0,20000.0,20000.0,10340
27701,20000.0,20000.0,20000.0,20000.0,10340
27706,20000.0,20000.0,20000.0,20000.0,10340
27711,20000.0,20000.0,20000.0,20000.0,10350
27716,20000.0,20000.0,20000.0,20000.0,10350
27721,20000.0,20000.0,20000.0,20000.0,10350
27726,20000.0,20000.0,20000.0,20000.0,10350
27731,20000.0,20000.0,20000.0,20000.0,10350
27736,20000.0,20000.0,20000.0,20000.0,10358
27741,20000.0,20000.0,20000.0,20000.0,10360
27746,20000.0,20000.0,20000.0,20000.0,10360
27751,20000.0,20000.0,20000.0,20000.0,10360
27756,20000.0,20000.0,20000.0,20000.0,10360
27761,20000.0,20000.0,20000.0,20000.0,10363
27766,20000.0,20000.0,20000.0,20000.0,10370
27771,20000.0,20000.0,20000.0,20000.0,10370
27776,20000.0,20000.0,20000.0,20000.0,10370
27781,20000.0,20000.0,20000.0,20000.0,10370
27786,20000.0,20000.0,20000.0,20000.0,10370
27791,20000.0,20000.0,20000.0,20000.0,10380
27796,20000.0,20000.0,20000.0,20000.0,10380
27801,20000.0,20000.0,20000.0,20000.0,10380
27806,20000.0,20000.0,20000.0,20000.0,10380
27811,20000.0,20000.0,20000.0,20000.0,10380
27816,20000.0,20000.0,20000.0,20000.0,10388
27821,20000.0,20000.0,20000.0,20000.0,10390
27826,20000.0,20000.0,20000.0,20000.0,10390
27831,20000.0,20000.0,20000.0,20000.0,10390
27836,20000.0,20000.0,20000.0,20000.0,10390
27841,20000.0,20000.0,20000.0,20000.0,10392
27846,20000.0,20000.0,20000.0,20000.0,10400
27851,20000.0,20000.0,20000.0,20000.0,10400
27856,20000.0,20000.0,20000.0,20000.0,10400
27861,20000.0,20000.0,20000.0,20000.0,10400
27866,20000.0,20000.0,20000.0,20000.0,10400
27871,20000.0,20000.0,20000.0,20000.0,10410
27876,20000.0,20000.0,20000.0,20000.0,10410
27881,20000.0,20000.0,20000.0,20000.0,10410
27886,20000.0,20000.0,20000.0,20000.0,10410
27891,20000.0,20000.0,20000.0,20000.0,10410
27896,20000.0,20000.0,20000.0,20000.0,10416
27901,20000.0,20000.0,20000.0,20000.0,10420
27906,20000.0,20000.0,20000.0,20000.0,10420
27911,20000.0,20000.0,20000.0,20000.0,10420
27916,20000.0,20000.0,20000.0,20000.0,10420
27921,20000.0,20000.0,20000.0,20000.0,10422
27926,20000.0,20000.0,20000.0,20000.0,10430
27931,20000.0,20000.0,20000.0,20000.0,10430
27936,20000.0,20000.0,20000.0,20000.0,10430
27941,20000.0,20000.0,20000.0,20000.0,10430
27946,20000.0,20000.0,20000.0,20000.0,10430
27951,20000.0,20000.0,20000.0,20000.0,10440
27956,20000.0,20000.0,20000.0,20000.0,10440
27961,20000.0,20000.0,20000.0,20000.0,10440
27966,20000.0,20000.0,20000.0,20000.0,10440
27971,20000.0,20000.0,20000.0,20000.0,10440
27976,20000.0,20000.0,20000.0,20000.0,10448
27981,20000.0,20000.0,20000.0,20000.0,10450
27986,20000.0,20000.0,20000.0,20000.0,10450
27991,20000.0,20000.0,20000.0,20000.0,10450
27996,20000.0,20000.0,20000.0,20000.0,10450
28001,20000.0,20000.0,20000.0,20000.0,10452
28006,20000.0,20000.0,20000.0,20000.0,10460
28011,20000.0,20000.0,20000.0,20000.0,10460
28016,20000.0,20000.0,20000.0,20000.0,10460
28021,20000.0,20000.0,20000.0,20000.0,10460
28026,20000.0,20000.0,20000.0,20000.0,10460
28031,20000.0,20000.0,20000.0,20000.0,10470
28036,20000.0,20000.0,20000.0,20000.0,10470
28041,20000.0,20000.0,20000.0,20000.0,10470
28046,20000.0,20000.0,20000.0,20000.0,10470
28051,20000.0,20000.0,20000.0,20000.0,10470
28056,20000.0,20000.0,20000.0,20000.0,10477
28061,20000.0,20000.0,20000.0,20000.0,10480
28066,20000.0,20000.0,20000.0,20000.0,10480
28071,20000.0,20000.0,20000.0,20000.0,10480
28076,20000.0,20000.0,20000.0,20000.0,10480
28081,20000.0,20000.0,20000.0,20000.0,10481
28086,20000.0,20000.0,20000.0,20000.0,10490
28091,20000.0,20000.0,20000.0,20000.0,10490
28096,20000.0,20000.0,20000.0,20000.0,10490
28101,20000.0,20000.0,20000.0,20000.0,10490
28106,20000.0,20000.0,20000.0,20000.0,10490
28111,20000.0,20000.0,20000.0,20000.0,10500
28116,20000.0,20000.0,20000.0,20000.0,10500
28121,20000.0,20000.0,20000.0,20000.0,10500
28126,20000.0,20000.0,20000.0,20000.0,10500
28131,20000.0,20000.0,20000.0,20000.0,10500
28136,20000.0,20000.0,20000.0,20000.0,10508
28141,20000.0,20000.0,20000.0,20000.0,10510
28146,20000.0,20000.0,20000.0,20000.0,10510
28151,20000.0,20000.0,20000.0,20000.0,10510
28156,20000.0,20000.0,20000.0,20000.0,10510
28161,20000.0,20000.0,20000.0,20000.0,10513
28166,20000.0,20000.0,20000.0,20000.0,10520
28171,20000.0,20000.0,20000.0,20000.0,10520
28176,20000.0,20000.0,20000.0,20000.0,10520
28181,20000.0,20000.0,20000.0,20000.0,10520
28186,20000.0,20000.0,20000.0,20000.0,10520
28191,20000.0,20000.0,20000.0,20000.0,10530
28196,20000.0,20000.0,20000.0,20000.0,10530
28201,20000.0,20000.0,20000.0,20000.0,10530
28206,20000.0,20000.0,20000.0,20000.0,10530
28211,20000.0,20000.0,20000.0,20000.0,10530
28216,20000.0,20000.0,20000.0,20000.0,10539
28221,20000.0,20000.0,20000.0,20000.0,10540
28226,20000.0,20000.0,20000.0,20000.0,10540
28231,20000.0,20000.0,20000.0,20000.0,10540
28236,20000.0,20000.0,20000.0,20000.0,10540
28241,20000.0,20000.0,20000.0,20000.0,10545
28246,20000.0,20000.0,20000.0,20000.0,10550
28251,20000.0,20000.0,20000.0,20000.0,10550
28256,20000.0,20000.0,20000.0,20000.0,10550
28261,20000.0,20000.0,20000.0,20000.0,10550
28266,20000.0,20000.0,20000.0,20000.0,10550
28271,20000.0,20000.0,20000.0,20000.0,10560
28276,20000.0,20000.0,20000.0,20000.0,10560
28281,20000.0,20000.0,20000.0,20000.0,10560
28286,20000.0,20000.0,20000.0,20000.0,10560
28291,20000.0,20000.0,20000.0,20000.0,10560
28296,20000.0,20000.0,20000.0,20000.0,10567
28301,20000.0,20000.0,20000.0,20000.0,10570
28306,20000.0,20000.0,20000.0,20000.0,10570
28311,20000.0,20000.0,20000.0,20000.0,10570
28316,20000.0,20000.0,20000.0,20000.0,10570
28321,20000.0,20000.0,20000.0,20000.0,10573
28326,20000.0,20000.0,20000.0,20000.0,10580
28331,20000.0,20000.0,20000.0,20000.0,10580
28336,20000.0,20000.0,20000.0,20000.0,10580
28341,20000.0,20000.0,20000.0,20000.0,10580
28346,20000.0,20000.0,20000.0,20000.0,10580
28351,20000.0,20000.0,20000.0,20000.0,10590
28356,20000.0,20000.0,20000.0,20000.0,10590
28361,20000.0,20000.0,20000.0,20000.0,10590
28366,20000.0,20000.0,20000.0,20000.0,10590
28371,20000.0,20000.0,20000.0,20000.0,10590
28376,20000.0,20000.0,20000.0,20000.0,10598
28381,20000.0,20000.0,20000.0,20000.0,10600
28386,20000.0,20000.0,20000.0,20000.0,10600
28391,20000.0,20000.0,20000.0,20000.0,10600
28396,20000.0,20000.0,20000.0,20000.0,10600
28401,20000.0,20000.0,20000.0,20000.0,10602
28406,20000.0,20000.0,20000.0,20000.0,10610
28411,20000.0,20000.0,20000.0,20000.0,10610
28416,20000.0,20000.0,20000.0,20000.0,10610
28421,20000.0,20000.0,20000.0,20000.0,10610
28426,20000.0,20000.0,20000.0,20000.0,10610
28431,20000.0,20000.0,20000.0,20000.0,10620
28436,20000.0,20000.0,20000.0,20000.0,10620
28441,20000.0,20000.0,20000.0,20000.0,10620
28446,20000.0,20000.0,20000.0,20000.0,10620
28451,20000.0,20000.0,20000.0,20000.0,10620
28456,20000.0,20000.0,20000.0,20000.0,10628
28461,20000.0,20000.0,20000.0,20000.0,10630
28466,20000.0,20000.0,20000.0,20000.0,10630
28471,20000.0,20000.0,20000.0,20000.0,10630
28476,20000.0,20000.0,20000.0,20000.0,10630
28481,20000.0,20000.0,20000.0,20000.0,10634
28486,20000.0,20000.0,20000.0,20000.0,10640
28491,20000.0,20000.0,20000.0,20000.0,10640
28496,20000.0,20000.0,20000.0,20000.0,10640
28501,20000.0,20000.0,20000.0,20000.0,10640
28506,20000.0,20000.0,20000.0,20000.0,10640
28511,20000.0,20000.0,20000.0,20000.0,10650
28516,20000.0,20000.0,20000.0,20000.0,10650
28521,20000.0,20000.0,20000.0,20000.0,10650
28526,20000.0,20000.0,20000.0,20000.0,10650
28531,20000.0,20000.0,20000.0,20000.0,10650
28536,20000.0,20000.0,20000.0,20000.0,10660
28541,20000.0,20000.0,20000.0,20000.0,10660
28546,20000.0,20000.0,20000.0,20000.0,10660
28551,20000.0,20000.0,20000.0,20000.0,10660
28556,20000.0,20000.0,20000.0,20000.0,10660
28561,20000.0,20000.0,20000.0,20000.0,10664
28566,20000.0,20000.0,20000.0,20000.0,10670
28571,20000.0,20000.0,20000.0,20000.0,10670
28576,20000.0,20000.0,20000.0,20000.0,10670
28581,20000.0,20000.0,20000.0,20000.0,10670
28586,20000.0,20000.0,20000.0,20000.0,10671
28591,20000.0,20000.0,20000.0,20000.0,10680
28596,20000.0,20000.0,20000.0,20000.0,10680
28601,20000.0,20000.0,20000.0,20000.0,10680
28606,20000.0,20000.0,20000.0,20000.0,10680
28611,20000.0,20000.0,20000.0,20000.0,10680
28616,20000.0,20000.0,20000.0,20000.0,10690
28621,20000.0,20000.0,20000.0,20000.0,10690
28626,20000.0,20000.0,20000.0,20000.0,10690
28631,20000.0,20000.0,20000.0,20000.0,10690
28636,20000.0,20000.0,20000.0,20000.0,10690
28641,20000.0,20000.0,20000.0,20000.0,10694
28646,20000.0,20000.0,20000.0,20000.0,10700
28651,20000.0,20000.0,20000.0,20000.0,10700
28656,20000.0,20000.0,20000.0,20000.0,10700
28661,20000.0,20000.0,20000.0,20000.0,10700
28666,20000.0,20000.0,20000.0,20000.0,10700
28671,20000.0,20000.0,20000.0,20000.0,10710
28676,20000.0,20000.0,20000.0,20000.0,10710
28681,20000.0,20000.0,20000.0,20000.0,10710
28686,20000.0,20000.0,20000.0,20000.0,10710
28691,20000.0,20000.0,20000.0,20000.0,10710
28696,20000.0,20000.0,20000.0,20000.0,10715
28701,20000.0,20000.0,20000.0,20000.0,10720
28706,20000.0,20000.0,20000.0,20000.0,10720
28711,20000.0,20000.0,20000.0,20000.0,10720
28716,20000.0,20000.0,20000.0,20000.0,10720
28721,20000.0,20000.0,20000.0,20000.0,10720
28726,20000.0,20000.0,20000.0,20000.0,10730
28731,20000.0,20000.0,20000.0,20000.0,10730
28736,20000.0,20000.0,20000.0,20000.0,10730
28741,20000.0,20000.0,20000.0,20000.0,10730
28746,20000.0,20000.0,20000.0,20000.0,10730
28751,20000.0,20000.0,20000.0,20000.0,10738
28756,20000.0,20000.0,20000.0,20000.0,10740
28761,20000.0,20000.0,20000.0,20000.0,10740
28766,20000.0,20000.0,20000.0,20000.0,10740
28771,20000.0,20000.0,20000.0,20000.0,10740
28776,20000.0,20000.0,20000.0,20000.0,10741
28781,20000.0,20000.0,20000.0,20000.0,10750
28786,20000.0,20000.0,20000.0,20000.0,10750
28791,20000.0,20000.0,20000.0,20000.0,10750
28796,20000.0,20000.0,20000.0,20000.0,10750
28801,20000.0,20000.0,20000.0,20000.0,10751
28806,20000.0,20000.0,20000.0,20000.0,10760
28811,20000.0,20000.0,20000.0,20000.0,10760
28816,20000.0,20000.0,20000.0,20000.0,10760
28821,20000.0,20000.0,20000.0,20000.0,10760
28826,20000.0,20000.0,20000.0,20000.0,10760
28831,20000.0,20000.0,20000.0,20000.0,10769
28836,20000.0,20000.0,20000.0,20000.0,10770
28841,20000.0,20000.0,20000.0,20000.0,10770
28846,20000.0,20000.0,20000.0,20000.0,10770
28851,20000.0,20000.0,20000.0,20000.0,10770
28856,20000.0,20000.0,20000.0,20000.0,10772
28861,20000.0,20000.0,20000.0,20000.0,10780
28866,20000.0,20000.0,20000.0,20000.0,10780
28871,20000.0,20000.0,20000.0,20000.0,10780
28876,20000.0,20000.0,20000.0,20000.0,10780
28881,20000.0,20000.0,20000.0,20000.0,10780
28886,20000.0,20000.0,20000.0,20000.0,10790
28891,20000.0,20000.0,20000.0,20000.0,10790
28896,20000.0,20000.0,20000.0,20000.0,10790
28901,20000.0,20000.0,20000.0,20000.0,10790
28906,20000.0,20000.0,20000.0,20000.0,10790
28911,20000.0,20000.0,20000.0,20000.0,10795
28916,20000.0,20000.0,20000.0,20000.0,10800
28921,20000.0,20000.0,20000.0,20000.0,10800
28926,20000.0,20000.0,20000.0,20000.0,10800
28931,20000.0,20000.0,20000.0,20000.0,10800
28936,20000.0,20000.0,20000.0,20000.0,10800
28941,20000.0,20000.0,20000.0,20000.0,10810
28946,20000.0,20000.0,20000.0,20000.0,10810
28951,20000.0,20000.0,20000.0,20000.0,10810
28956,20000.0,20000.0,20000.0,20000.0,10810
28961,20000.0,20000.0,20000.0,20000.0,10810
28966,20000.0,20000.0,20000.0,20000.0,10819
28971,20000.0,20000.0,20000.0,20000.0,10820
28976,20000.0,20000.0,20000.0,20000.0,10820
28981,20000.0,20000.0,20000.0,20000.0,10820
28986,20000.0,20000.0,20000.0,20000.0,10820
28991,20000.0,20000.0,20000.0,20000.0,10822
28996,20000.0,20000.0,20000.0,20000.0,10830
29001,20000.0,20000.0,20000.0,20000.0,10830
29006,20000.0,20000.0,20000.0,20000.0,10830
29011,20000.0,20000.0,20000.0,20000.0,10830
29016,20000.0,20000.0,20000.0,20000.0,10830
29021,20000.0,20000.0,20000.0,20000.0,10840
29026,20000.0,20000.0,20000.0,20000.0,10840
29031,20000.0,20000.0,20000.0,20000.0,10840
29036,20000.0,20000.0,20000.0,20000.0,10840
29041,20000.0,20000.0,20000.0,20000.0,10840
29046,20000.0,20000.0,20000.0,20000.0,10848
29051,20000.0,20000.0,20000.0,20000.0,10850
29056,20000.0,20000.0,20000.0,20000.0,10850
29061,20000.0,20000.0,20000.0,20000.0,10850
29066,20000.0,20000.0,20000.0,20000.0,10850
29071,20000.0,20000.0,20000.0,20000.0,10851
29076,20000.0,20000.0,20000.0,20000.0,10860
29081,20000.0,20000.0,20000.0,20000.0,10860
29086,20000.0,20000.0,20000.0,20000.0,10860
29091,20000.0,20000.0,20000.0,20000.0,10860
29096,20000.0,20000.0,20000.0,20000.0,10860
29101,20000.0,20000.0,20000.0,20000.0,10870
29106,20000.0,20000.0,20000.0,20000.0,10870
29111,20000.0,20000.0,20000.0,20000.0,10870
29116,20000.0,20000.0,20000.0,20000.0,10870
29121,20000.0,20000.0,20000.0,20000.0,10870
29126,20000.0,20000.0,20000.0,20000.0,10879
29131,20000.0,20000.0,20000.0,20000.0,10880
29136,20000.0,20000.0,20000.0,20000.0,10880
29141,20000.0,20000.0,20000.0,20000.0,10880
29146,20000.0,20000.0,20000.0,20000.0,10880
29151,20000.0,20000.0,20000.0,20000.0,10883
29156,20000.0,20000.0,20000.0,20000.0,10890
29161,20000.0,20000.0,20000.0,20000.0,10890
29166,20000.0,20000.0,20000.0,20000.0,10890
29171,20000.0,20000.0,20000.0,20000.0,10890
29176,20000.0,20000.0,20000.0,20000.0,10890
29181,20000.0,20000.0,20000.0,20000.0,10900
29186,20000.0,20000.0,20000.0,20000.0,10900
29191,20000.0,20000.0,20000.0,20000.0,10900
29196,20000.0,20000.0,20000.0,20000.0,10900
29201,20000.0,20000.0,20000.0,20000.0,10900
29206,20000.0,20000.0,20000.0,20000.0,10909
29211,20000.0,20000.0,20000.0,20000.0,10910
29216,20000.0,20000.0,20000.0,20000.0,10910
29221,20000.0,20000.0,20000.0,20000.0,10910
29226,20000.0,20000.0,20000.0,20000.0,10910
29231,20000.0,20000.0,20000.0,20000.0,10912
29236,20000.0,20000.0,20000.0,20000.0,10920
29241,20000.0,20000.0,20000.0,20000.0,10920
29246,20000.0,20000.0,20000.0,20000.0,10920
29251,20000.0,20000.0,20000.0,20000.0,10920
29256,20000.0,20000.0,20000.0,20000.0,10920
29261,20000.0,20000.0,20000.0,20000.0,10930
29266,20000.0,20000.0,20000.0,20000.0,10930
29271,20000.0,20000.0,20000.0,20000.0,10930
29276,20000.0,20000.0,20000.0,20000.0,10930
29281,20000.0,20000.0,20000.0,20000.0,10930
29286,20000.0,20000.0,20000.0,20000.0,10939
29291,20000.0,20000.0,20000.0,20000.0,10940
29296,20000.0,20000.0,20000.0,20000.0,10940
29301,20000.0,20000.0,20000.0,20000.0,10940
29306,20000.0,20000.0,20000.0,20000.0,10940
29311,20000.0,20000.0,20000.0,20000.0,10945
29316,20000.0,20000.0,20000.0,20000.0,10950
29321,20000.0,20000.0,20000.0,20000.0,10950
29326,20000.0,20000.0,20000.0,20000.0,10950
29331,20000.0,20000.0,20000.0,20000.0,10950
29336,20000.0,20000.0,20000.0,20000.0,10950
29341,20000.0,20000.0,20000.0,20000.0,10960
29346,20000.0,20000.0,20000.0,20000.0,10960
29351,20000.0,20000.0,20000.0,20000.0,10960
29356,20000.0,20000.0,20000.0,20000.0,10960
29361,20000.0,20000.0,20000.0,20000.0,10960
29366,20000.0,20000.0,20000.0,20000.0,10965
29371,20000.0,20000.0,20000.0,20000.0,10970
29376,20000.0,20000.0,20000.0,20000.0,10970
29381,20000.0,20000.0,20000.0,20000.0,10970
29386,20000.0,20000.0,20000.0,20000.0,10970
29391,20000.0,20000.0,20000.0,20000.0,10971
29396,20000.0,20000.0,20000.0,20000.0,10980
29401,20000.0,20000.0,20000.0,20000.0,10980
29406,20000.0,20000.0,20000.0,20000.0,10980
29411,20000.0,20000.0,20000.0,20000.0,10980
29416,20000.0,20000.0,20000.0,20000.0,10980
29421,20000.0,20000.0,20000.0,20000.0,10990
29426,20000.0,20000.0,20000.0,20000.0,10990
29431,20000.0,20000.0,20000.0,20000.0,10990
29436,20000.0,20000.0,20000.0,20000.0,10990
29441,20000.0,20000.0,20000.0,20000.0,10990
29446,20000.0,20000.0,20000.0,20000.0,10995
29451,20000.0,20000.0,20000.0,20000.0,11000
29456,20000.0,20000.0,20000.0,20000.0,11000
29461,20000.0,20000.0,20000.0,20000.0,11000
29466,20000.0,20000.0,20000.0,20000.0,11000
29471,20000.0,20000.0,20000.0,20000.0,11000
29476,20000.0,20000.0,20000.0,20000.0,11010
29481,20000.0,20000.0,20000.0,20000.0,11010
29486,20000.0,20000.0,20000.0,20000.0,11010
29491,20000.0,20000.0,20000.0,20000.0,11010
29496,20000.0,20000.0,20000.0,20000.0,11010
29501,20000.0,20000.0,20000.0,20000.0,11019
29506,20000.0,20000.0,20000.0,20000.0,11020
29511,20000.0,20000.0,20000.0,20000.0,11020
29516,20000.0,20000.0,20000.0,20000.0,11020
29521,20000.0,20000.0,20000.0,20000.0,11020
29526,20000.0,20000.0,20000.0,20000.0,11021
29531,20000.0,20000.0,20000.0,20000.0,11030
29536,20000.0,20000.0,20000.0,20000.0,11030
29541,20000.0,20000.0,20000.0,20000.0,11030
29546,20000.0,20000.0,20000.0,20000.0,11030
29551,20000.0,20000.0,20000.0,20000.0,11030
29556,20000.0,20000.0,20000.0,20000.0,11040
29561,20000.0,20000.0,20000.0,20000.0,11040
29566,20000.0,20000.0,20000.0,20000.0,11040
29571,20000.0,20000.0,20000.0,20000.0,11040
29576,20000.0,20000.0,20000.0,20000.0,11040
29581,20000.0,20000.0,20000.0,20000.0,11049
29586,20000.0,20000.0,20000.0,20000.0,11050
29591,20000.0,20000.0,20000.0,20000.0,11050
29596,20000.0,20000.0,20000.0,20000.0,11050
29601,20000.0,20000.0,20000.0,20000.0,11050
29606,20000.0,20000.0,20000.0,20000.0,11054
29611,20000.0,20000.0,20000.0,20000.0,11060
29616,20000.0,20000.0,20000.0,20000.0,11060
29621,20000.0,20000.0,20000.0,20000.0,11060
29626,20000.0,20000.0,20000.0,20000.0,11060
29631,20000.0,20000.0,20000.0,20000.0,11060
29636,20000.0,20000.0,20000.0,20000.0,11070
29641,20000.0,20000.0,20000.0,20000.0,11070
29646,20000.0,20000.0,20000.0,20000.0,11070
29651,20000.0,20000.0,20000.0,20000.0,11070
29656,20000.0,20000.0,20000.0,20000.0,11070
29661,20000.0,20000.0,20000.0,20000.0,11078
29666,20000.0,20000.0,20000.0,20000.0,11080
29671,20000.0,20000.0,20000.0,20000.0,11080
29676,20000.0,20000.0,20000.0,20000.0,11080
29681,20000.0,20000.0,20000.0,20000.0,11080
29686,20000.0,20000.0,20000.0,20000.0,11085
29691,20000.0,20000.0,20000.0,20000.0,11090
29696,20000.0,20000.0,20000.0,20000.0,11090
29701,20000.0,20000.0,20000.0,20000.0,11090
29706,20000.0,20000.0,20000.0,20000.0,11090
29711,20000.0,20000.0,20000.0,20000.0,11090
29716,20000.0,20000.0,20000.0,20000.0,11100
29721,20000.0,20000.0,20000.0,20000.0,11100
29726,20000.0,20000.0,20000.0,20000.0,11100
29731,20000.0,20000.0,20000.0,20000.0,11100
29736,20000.0,20000.0,20000.0,20000.0,11100
29741,20000.0,20000.0,20000.0,20000.0,11108
29746,20000.0,20000.0,20000.0,20000.0,11110
29751,20000.0,20000.0,20000.0,20000.0,11110
29756,20000.0,20000.0,20000.0,20000.0,11110
29761,20000.0,20000.0,20000.0,20000.0,11110
29766,20000.0,20000.0,20000.0,20000.0,11111
29771,20000.0,20000.0,20000.0,20000.0,11120
29776,20000.0,20000.0,20000.0,20000.0,11120
29781,20000.0,20000.0,20000.0,20000.0,11120
29786,20000.0,20000.0,20000.0,20000.0,11120
29791,20000.0,20000.0,20000.0,20000.0,11120
29796,20000.0,20000.0,20000.0,20000.0,11130
29801,20000.0,20000.0,20000.0,20000.0,11130
29806,20000.0,20000.0,20000.0,20000.0,11130
29811,20000.0,20000.0,20000.0,20000.0,11130
29816,20000.0,20000.0,20000.0,20000.0,11130
29821,20000.0,20000.0,20000.0,20000.0,11137
29826,20000.0,20000.0,20000.0,20000.0,11140
29831,20000.0,20000.0,20000.0,20000.0,11140
29836,20000.0,20000.0,20000.0,20000.0,11140
29841,20000.0,20000.0,20000.0,20000.0,11140
29846,20000.0,20000.0,20000.0,20000.0,11144
29851,20000.0,20000.0,20000.0,20000.0,11150
29856,20000.0,20000.0,20000.0,20000.0,11150
29861,20000.0,20000.0,20000.0,20000.0,11150
29866,20000.0,20000.0,20000.0,20000.0,11150
29871,20000.0,20000.0,20000.0,20000.0,11153
29876,20000.0,20000.0,20000.0,20000.0,11160
29881,20000.0,20000.0,20000.0,20000.0,11160
29886,20000.0,20000.0,20000.0,20000.0,11160
29891,20000.0,20000.0,20000.0,20000.0,11160
29896,20000.0,20000.0,20000.0,20000.0,11160
29901,20000.0,20000.0,20000.0,20000.0,11170
29906,20000.0,20000.0,20000.0,20000.0,11170
29911,20000.0,20000.0,20000.0,20000.0,11170
29916,20000.0,20000.0,20000.0,20000.0,11170
29921,20000.0,20000.0,20000.0,20000.0,11170
29926,20000.0,20000.0,20000.0,20000.0,11180
29931,20000.0,20000.0,20000.0,20000.0,11180
29936,20000.0,20000.0,20000.0,20000.0,11180
29941,20000.0,20000.0,20000.0,20000.0,11180
29946,20000.0,20000.0,20000.0,20000.0,11180
29951,20000.0,20000.0,20000.0,20000.0,11189
29956,20000.0,20000.0,20000.0,20000.0,11190
29961,20000.0,20000.0,20000.0,20000.0,11190
29966,20000.0,20000.0,20000.0,20000.0,11190
29971,20000.0,20000.0,20000.0,20000.0,11190
29976,20000.0,20000.0,20000.0,20000.0,11191
29981,20000.0,20000.0,20000.0,20000.0,11200
29986,20000.0,20000.0,20000.0,20000.0,11200
29991,20000.0,20000.0,20000.0,20000.0,11200
29996,20000.0,20000.0,20000.0,20000.0,11200
30001,20000.0,20000.0,20000.0,20000.0,11200
30006,20000.0,20000.0,20000.0,20000.0,11210
30011,20000.0,20000.0,20000.0,20000.0,11210
30016,20000.0,20000.0,20000.0,20000.0,11210
30021,20000.0,20000.0,20000.0,20000.0,11210
30026,20000.0,20000.0,20000.0,20000.0,11210
30031,20000.0,20000.0,20000.0,20000.0,11215
30036,20000.0,20000.0,20000.0,20000.0,11220
30041,20000.0,20000.0,20000.0,20000.0,11220
30046,20000.0,20000.0,20000.0,20000.0,11220
30051,20000.0,20000.0,20000.0,20000.0,11220
30056,20000.0,20000.0,20000.0,20000.0,11222
30061,20000.0,20000.0,20000.0,20000.0,11230
30066,20000.0,20000.0,20000.0,20000.0,11230
30071,20000.0,20000.0,20000.0,20000.0,11230
30076,20000.0,20000.0,20000.0,20000.0,11230
30081,20000.0,20000.0,20000.0,20000.0,11230
30086,20000.0,20000.0,20000.0,20000.0,11240
30091,20000.0,20000.0,20000.0,20000.0,11240
30096,20000.0,20000.0,20000.0,20000.0,11240
30101,20000.0,20000.0,20000.0,20000.0,11240
30106,20000.0,20000.0,20000.0,20000.0,11240
30111,20000.0,20000.0,20000.0,20000.0,11248
30116,20000.0,20000.0,20000.0,20000.0,11250
30121,20000.0,20000.0,20000.0,20000.0,11250
30126,20000.0,20000.0,20000.0,20000.0,11250
30131,20000.0,20000.0,20000.0,20000.0,11250
30136,20000.0,20000.0,20000.0,20000.0,11250
30141,20000.0,20000.0,20000.0,20000.0,11260
30146,20000.0,20000.0,20000.0,20000.0,11260
30151,20000.0,20000.0,20000.0,20000.0,11260
30156,20000.0,20000.0,20000.0,20000.0,11260
30161,20000.0,20000.0,20000.0,20000.0,11260
30166,20000.0,20000.0,20000.0,20000.0,11270
30171,20000.0,20000.0,20000.0,20000.0,11270
30176,20000.0,20000.0,20000.0,20000.0,11270
30181,20000.0,20000.0,20000.0,20000.0,11270
30186,20000.0,20000.0,20000.0,20000.0,11270
30191,20000.0,20000.0,20000.0,20000.0,11275
30196,20000.0,20000.0,20000.0,20000.0,11280
30201,20000.0,20000.0,20000.0,20000.0,11280
30206,20000.0,20000.0,20000.0,20000.0,11280
30211,20000.0,20000.0,20000.0,20000.0,11280
30216,20000.0,20000.0,20000.0,20000.0,11280
30221,20000.0,20000.0,20000.0,20000.0,11290
30226,20000.0,20000.0,20000.0,20000.0,11290
30231,20000.0,20000.0,20000.0,20000.0,11290
30236,20000.0,20000.0,20000.0,20000.0,11290
30241,20000.0,20000.0,20000.0,20000.0,11290
30246,20000.0,20000.0,20000.0,20000.0,11297
30251,20000.0,20000.0,20000.0,20000.0,11300
30256,20000.0,20000.0,20000.0,20000.0,11300
30261,20000.0,20000.0,20000.0,20000.0,11300
30266,20000.0,20000.0,20000.0,20000.0,11300
30271,20000.0,20000.0,20000.0,20000.0,11300
30276,20000.0,20000.0,20000.0,20000.0,11310
30281,20000.0,20000.0,20000.0,20000.0,11310
30286,20000.0,20000.0,20000.0,20000.0,11310
30291,20000.0,20000.0,20000.0,20000.0,11310
30296,20000.0,20000.0,20000.0,20000.0,11310
30301,20000.0,20000.0,20000.0,20000.0,11319
30306,20000.0,20000.0,20000.0,20000.0,11320
30311,20000.0,20000.0,20000.0,20000.0,11320
30316,20000.0,20000.0,20000.0,20000.0,11320
30321,20000.0,20000.0,20000.0,20000.0,11320
30326,20000.0,20000.0,20000.0,20000.0,11321
30331,20000.0,20000.0,20000.0,20000.0,11330
30336,20000.0,20000.0,20000.0,20000.0,11330
30341,20000.0,20000.0,20000.0,20000.0,11330
30346,20000.0,20000.0,20000.0,20000.0,11330
30351,20000.0,20000.0,20000.0,20000.0,11330
30356,20000.0,20000.0,20000.0,20000.0,11340
30361,20000.0,20000.0,20000.0,20000.0,11340
30366,20000.0,20000.0,20000.0,20000.0,11340
30371,20000.0,20000.0,20000.0,20000.0,11340
30376,20000.0,20000.0,20000.0,20000.0,11340
30381,20000.0,20000.0,20000.0,20000.0,11347
30386,20000.0,20000.0,20000.0,20000.0,11350
30391,20000.0,20000.0,20000.0,20000.0,11350
30396,20000.0,20000.0,20000.0,20000.0,11350
30401,20000.0,20000.0,20000.0,20000.0,11350
30406,20000.0,20000.0,20000.0,20000.0,11350
30411,20000.0,20000.0,20000.0,20000.0,11360
30416,20000.0,20000.0,20000.0,20000.0,11360
30421,20000.0,20000.0,20000.0,20000.0,11360
30426,20000.0,20000.0,20000.0,20000.0,11360
30431,20000.0,20000.0,20000.0,20000.0,11360
30436,20000.0,20000.0,20000.0,20000.0,11369
30441,20000.0,20000.0,20000.0,20000.0,11370
30446,20000.0,20000.0,20000.0,20000.0,11370
30451,20000.0,20000.0,20000.0,20000.0,11370
30456,20000.0,20000.0,20000.0,20000.0,11370
30461,20000.0,20000.0,20000.0,20000.0,11372
30466,20000.0,20000.0,20000.0,20000.0,11380
30471,20000.0,20000.0,20000.0,20000.0,11380
30476,20000.0,20000.0,20000.0,20000.0,11380
30481,20000.0,20000.0,20000.0,20000.0,11380
30486,20000.0,20000.0,20000.0,20000.0,11380
30491,20000.0,20000.0,20000.0,20000.0,11390
30496,20000.0,20000.0,20000.0,20000.0,11390
30501,20000.0,20000.0,20000.0,20000.0,11390
30506,20000.0,20000.0,20000.0,20000.0,11390
30511,20000.0,20000.0,20000.0,20000.0,11390
30516,20000.0,20000.0,20000.0,20000.0,11398
30521,20000.0,20000.0,20000.0,20000.0,11400
30526,20000.0,20000.0,20000.0,20000.0,11400
30531,20000.0,20000.0,20000.0,20000.0,11400
30536,20000.0,20000.0,20000.0,20000.0,11400
30541,20000.0,20000.0,20000.0,20000.0,11405
30546,20000.0,20000.0,20000.0,20000.0,11410
30551,20000.0,20000.0,20000.0,20000.0,11410
30556,20000.0,20000.0,20000.0,20000.0,11410
30561,20000.0,20000.0,20000.0,20000.0,11410
30566,20000.0,20000.0,20000.0,20000.0,11410
30571,20000.0,20000.0,20000.0,20000.0,11420
30576,20000.0,20000.0,20000.0,20000.0,11420
30581,20000.0,20000.0,20000.0,20000.0,11420
30586,20000.0,20000.0,20000.0,20000.0,11420
30591,20000.0,20000.0,20000.0,20000.0,11420
30596,20000.0,20000.0,20000.0,20000.0,11430
30601,20000.0,20000.0,20000.0,20000.0,11430
30606,20000.0,20000.0,20000.0,20000.0,11430
30611,20000.0,20000.0,20000.0,20000.0,11430
30616,20000.0,20000.0,20000.0,20000.0,11430
30621,20000.0,20000.0,20000.0,20000.0,11436
30626,20000.0,20000.0,20000.0,20000.0,11440
30631,20000.0,20000.0,20000.0,20000.0,11440
30636,20000.0,20000.0,20000.0,20000.0,11440
30641,20000.0,20000.0,20000.0,20000.0,11440
30646,20000.0,20000.0,20000.0,20000.0,11442
30651,20000.0,20000.0,20000.0,20000.0,11450
30656,20000.0,20000.0,20000.0,20000.0,11450
30661,20000.0,20000.0,20000.0,20000.0,11450
30666,20000.0,20000.0,20000.0,20000.0,11450
30671,20000.0,20000.0,20000.0,20000.0,11450
30676,20000.0,20000.0,20000.0,20000.0,11460
30681,20000.0,20000.0,20000.0,20000.0,11460
30686,20000.0,20000.0,20000.0,20000.0,11460
30691,20000.0,20000.0,20000.0,20000.0,11460
30696,20000.0,20000.0,20000.0,20000.0,11460
30701,20000.0,20000.0,20000.0,20000.0,11467
30706,20000.0,20000.0,20000.0,20000.0,11470
30711,20000.0,20000.0,20000.0,20000.0,11470
30716,20000.0,20000.0,20000.0,20000.0,11470
30721,20000.0,20000.0,20000.0,20000.0,11470
30726,20000.0,20000.0,20000.0,20000.0,11471
30731,20000.0,20000.0,20000.0,20000.0,11480
30736,20000.0,20000.0,20000.0,20000.0,11480
30741,20000.0,20000.0,20000.0,20000.0,11480
30746,20000.0,20000.0,20000.0,20000.0,11480
30751,20000.0,20000.0,20000.0,20000.0,11480
30756,20000.0,20000.0,20000.0,20000.0,11490
30761,20000.0,20000.0,20000.0,20000.0,11490
30766,20000.0,20000.0,20000.0,20000.0,11490
30771,20000.0,20000.0,20000.0,20000.0,11490
30776,20000.0,20000.0,20000.0,20000.0,11490
30781,20000.0,20000.0,20000.0,20000.0,11494
30786,20000.0,20000.0,20000.0,20000.0,11500
30791,20000.0,20000.0,20000.0,20000.0,11500
30796,20000.0,20000.0,20000.0,20000.0,11500
30801,20000.0,20000.0,20000.0,20000.0,11500
30806,20000.0,20000.0,20000.0,20000.0,11500
30811,20000.0,20000.0,20000.0,20000.0,11510
30816,20000.0,20000.0,20000.0,20000.0,11510
30821,20000.0,20000.0,20000.0,20000.0,11510
30826,20000.0,20000.0,20000.0,20000.0,11510
30831,20000.0,20000.0,20000.0,20000.0,11510
30836,20000.0,20000.0,20000.0,20000.0,11520
30841,20000.0,20000.0,20000.0,20000.0,11520
30846,20000.0,20000.0,20000.0,20000.0,11520
30851,20000.0,20000.0,20000.0,20000.0,11520
30856,20000.0,20000.0,20000.0,20000.0,11520
30861,20000.0,20000.0,20000.0,20000.0,11527
30866,20000.0,20000.0,20000.0,20000.0,11530
30871,20000.0,20000.0,20000.0,20000.0,11530
30876,20000.0,20000.0,20000.0,20000.0,11530
30881,20000.0,20000.0,20000.0,20000.0,11530
30886,20000.0,20000.0,20000.0,20000.0,11530
30891,20000.0,20000.0,20000.0,20000.0,11540
30896,20000.0,20000.0,20000.0,20000.0,11540
30901,20000.0,20000.0,20000.0,20000.0,11540
30906,20000.0,20000.0,20000.0,20000.0,11540
30911,20000.0,20000.0,20000.0,20000.0,11540
30916,20000.0,20000.0,20000.0,20000.0,11550
30921,20000.0,20000.0,20000.0,20000.0,11550
30926,20000.0,20000.0,20000.0,20000.0,11550
30931,20000.0,20000.0,20000.0,20000.0,11550
30936,20000.0,20000.0,20000.0,20000.0,11550
30941,20000.0,20000.0,20000.0,20000.0,11556
30946,20000.0,20000.0,20000.0,20000.0,11560
30951,20000.0,20000.0,20000.0,20000.0,11560
30956,20000.0,20000.0,20000.0,20000.0,11560
30961,20000.0,20000.0,20000.0,20000.0,11560
30966,20000.0,20000.0,20000.0,20000.0,11562
30971,20000.0,20000.0,20000.0,20000.0,11570
30976,20000.0,20000.0,20000.0,20000.0,11570
30981,20000.0,20000.0,20000.0,20000.0,11570
30986,20000.0,20000.0,20000.0,20000.0,11570
30991,20000.0,20000.0,20000.0,20000.0,11570
30996,20000.0,20000.0,20000.0,20000.0,11580
31001,20000.0,20000.0,20000.0,20000.0,11580
31006,20000.0,20000.0,20000.0,20000.0,11580
31011,20000.0,20000.0,20000.0,20000.0,11580
31016,20000.0,20000.0,20000.0,20000.0,11580
31021,20000.0,20000.0,20000.0,20000.0,11585
31026,20000.0,20000.0,20000.0,20000.0,11590
31031,20000.0,20000.0,20000.0,20000.0,11590
31036,20000.0,20000.0,20000.0,20000.0,11590
31041,20000.0,20000.0,20000.0,20000.0,11590
31046,20000.0,20000.0,20000.0,20000.0,11590
31051,20000.0,20000.0,20000.0,20000.0,11600
31056,20000.0,20000.0,20000.0,20000.0,11600
31061,20000.0,20000.0,20000.0,20000.0,11600
31066,20000.0,20000.0,20000.0,20000.0,11600
31071,20000.0,20000.0,20000.0,20000.0,11600
31076,20000.0,20000.0,20000.0,20000.0,11609
31081,20000.0,20000.0,20000.0,20000.0,11610
31086,20000.0,20000.0,20000.0,20000.0,11610
31091,20000.0,20000.0,20000.0,20000.0,11610
31096,20000.0,20000.0,20000.0,20000.0,11610
31101,20000.0,20000.0,20000.0,20000.0,11613
31106,20000.0,20000.0,20000.0,20000.0,11620
31111,20000.0,20000.0,20000.0,20000.0,11620
31116,20000.0,20000.0,20000.0,20000.0,11620
31121,20000.0,20000.0,20000.0,20000.0,11620
31126,20000.0,20000.0,20000.0,20000.0,11620
31131,20000.0,20000.0,20000.0,20000.0,11630
31136,20000.0,20000.0,20000.0,20000.0,11630
31141,20000.0,20000.0,20000.0,20000.0,11630
31146,20000.0,20000.0,20000.0,20000.0,11630
31151,20000.0,20000.0,20000.0,20000.0,11630
31156,20000.0,20000.0,20000.0,20000.0,11638
31161,20000.0,20000.0,20000.0,20000.0,11640
31166,20000.0,20000.0,20000.0,20000.0,11640
31171,20000.0,20000.0,20000.0,20000.0,11640
31176,20000.0,20000.0,20000.0,20000.0,11640
31181,20000.0,20000.0,20000.0,20000.0,11641
31186,20000.0,20000.0,20000.0,20000.0,11650
31191,20000.0,20000.0,20000.0,20000.0,11650
31196,20000.0,20000.0,20000.0,20000.0,11650
31201,20000.0,20000.0,20000.0,20000.0,11650
31206,20000.0,20000.0,20000.0,20000.0,11650
31211,20000.0,20000.0,20000.0,20000.0,11660
31216,20000.0,20000.0,20000.0,20000.0,11660
31221,20000.0,20000.0,20000.0,20000.0,11660
31226,20000.0,20000.0,20000.0,20000.0,11660
31231,20000.0,20000.0,20000.0,20000.0,11660
31236,20000.0,20000.0,20000.0,20000.0,11669
31241,20000.0,20000.0,20000.0,20000.0,11670
31246,20000.0,20000.0,20000.0,20000.0,11670
31251,20000.0,20000.0,20000.0,20000.0,11670
31256,20000.0,20000.0,20000.0,20000.0,11670
31261,20000.0,20000.0,20000.0,20000.0,11674
31266,20000.0,20000.0,20000.0,20000.0,11680
31271,20000.0,20000.0,20000.0,20000.0,11680
31276,20000.0,20000.0,20000.0,20000.0,11680
31281,20000.0,20000.0,20000.0,20000.0,11680
31286,20000.0,20000.0,20000.0,20000.0,11680
31291,20000.0,20000.0,20000.0,20000.0,11690
31296,20000.0,20000.0,20000.0,20000.0,11690
31301,20000.0,20000.0,20000.0,20000.0,11690
31306,20000.0,20000.0,20000.0,20000.0,11690
31311,20000.0,20000.0,20000.0,20000.0,11690
31316,20000.0,20000.0,20000.0,20000.0,11696
31321,20000.0,20000.0,20000.0,20000.0,11700
31326,20000.0,20000.0,20000.0,20000.0,11700
31331,20000.0,20000.0,20000.0,20000.0,11700
31336,20000.0,20000.0,20000.0,20000.0,11700
31341,20000.0,20000.0,20000.0,20000.0,11700
31346,20000.0,20000.0,20000.0,20000.0,11710
31351,20000.0,20000.0,20000.0,20000.0,11710
31356,20000.0,20000.0,20000.0,20000.0,11710
31361,20000.0,20000.0,20000.0,20000.0,11710
31366,20000.0,20000.0,20000.0,20000.0,11710
31371,20000.0,20000.0,20000.0,20000.0,11717
31376,20000.0,20000.0,20000.0,20000.0,11720
31381,20000.0,20000.0,20000.0,20000.0,11720
31386,20000.0,20000.0,20000.0,20000.0,11720
31391,20000.0,20000.0,20000.0,20000.0,11720
31396,20000.0,20000.0,20000.0,20000.0,11721
31401,20000.0,20000.0,20000.0,20000.0,11730
31406,20000.0,20000.0,20000.0,20000.0,11730
31411,20000.0,20000.0,20000.0,20000.0,11730
31416,20000.0,20000.0,20000.0,20000.0,11730
31421,20000.0,20000.0,20000.0,20000.0,11730
31426,20000.0,20000.0,20000.0,20000.0,11740
31431,20000.0,20000.0,20000.0,20000.0,11740
31436,20000.0,20000.0,20000.0,20000.0,11740
31441,20000.0,20000.0,20000.0,20000.0,11740
31446,20000.0,20000.0,20000.0,20000.0,11740
31451,20000.0,20000.0,20000.0,20000.0,11744
31456,20000.0,20000.0,20000.0,20000.0,11750
31461,20000.0,20000.0,20000.0,20000.0,11750
31466,20000.0,20000.0,20000.0,20000.0,11750
31471,20000.0,20000.0,20000.0,20000.0,11750
31476,20000.0,20000.0,20000.0,20000.0,11751
31481,20000.0,20000.0,20000.0,20000.0,11760
31486,20000.0,20000.0,20000.0,20000.0,11760
31491,20000.0,20000.0,20000.0,20000.0,11760
31496,20000.0,20000.0,20000.0,20000.0,11760
31501,20000.0,20000.0,20000.0,20000.0,11760
31506,20000.0,20000.0,20000.0,20000.0,11770
31511,20000.0,20000.0,20000.0,20000.0,11770
31516,20000.0,20000.0,20000.0,20000.0,11770
31521,20000.0,20000.0,20000.0,20000.0,11770
31526,20000.0,20000.0,20000.0,20000.0,11770
31531,20000.0,20000.0,20000.0,20000.0,11778
31536,20000.0,20000.0,20000.0,20000.0,11780
31541,20000.0,20000.0,20000.0,20000.0,11780
31546,20000.0,20000.0,20000.0,20000.0,11780
31551,20000.0,20000.0,20000.0,20000.0,11780
31556,20000.0,20000.0,20000.0,20000.0,11784
31561,20000.0,20000.0,20000.0,20000.0,11790
31566,20000.0,20000.0,20000.0,20000.0,11790
31571,20000.0,20000.0,20000.0,20000.0,11790
31576,20000.0,20000.0,20000.0,20000.0,11790
31581,20000.0,20000.0,20000.0,20000.0,11790
31586,20000.0,20000.0,20000.0,20000.0,11800
31591,20000.0,20000.0,20000.0,20000.0,11800
31596,20000.0,20000.0,20000.0,20000.0,11800
31601,20000.0,20000.0,20000.0,20000.0,11800
31606,20000.0,20000.0,20000.0,20000.0,11800
31611,20000.0,20000.0,20000.0,20000.0,11806
31616,20000.0,20000.0,20000.0,20000.0,11810
31621,20000.0,20000.0,20000.0,20000.0,11810
31626,20000.0,20000.0,20000.0,20000.0,11810
31631,20000.0,20000.0,20000.0,20000.0,11810
31636,20000.0,20000.0,20000.0,20000.0,11812
31641,20000.0,20000.0,20000.0,20000.0,11820
31646,20000.0,20000.0,20000.0,20000.0,11820
31651,20000.0,20000.0,20000.0,20000.0,11820
31656,20000.0,20000.0,20000.0,20000.0,11820
31661,20000.0,20000.0,20000.0,20000.0,11820
31666,20000.0,20000.0,20000.0,20000.0,11830
31671,20000.0,20000.0,20000.0,20000.0,11830
31676,20000.0,20000.0,20000.0,20000.0,11830
31681,20000.0,20000.0,20000.0,20000.0,11830
31686,20000.0,20000.0,20000.0,20000.0,11830
31691,20000.0,20000.0,20000.0,20000.0,11837
31696,20000.0,20000.0,20000.0,20000.0,11840
31701,20000.0,20000.0,20000.0,20000.0,11840
31706,20000.0,20000.0,20000.0,20000.0,11840
31711,20000.0,20000.0,20000.0,20000.0,11840
31716,20000.0,20000.0,20000.0,20000.0,11843
31721,20000.0,20000.0,20000.0,20000.0,11850
31726,20000.0,20000.0,20000.0,20000.0,11850
31731,20000.0,20000.0,20000.0,20000.0,11850
31736,20000.0,20000.0,20000.0,20000.0,11850
31741,20000.0,20000.0,20000.0,20000.0,11850
31746,20000.0,20000.0,20000.0,20000.0,11856
31751,20000.0,20000.0,20000.0,20000.0,11860
31756,20000.0,20000.0,20000.0,20000.0,11860
31761,20000.0,20000.0,20000.0,20000.0,11860
31766,20000.0,20000.0,20000.0,20000.0,11860
31771,20000.0,20000.0,20000.0,20000.0,11861
31776,20000.0,20000.0,20000.0,20000.0,11870
31781,20000.0,20000.0,20000.0,20000.0,11870
31786,20000.0,20000.0,20000.0,20000.0,11870
31791,20000.0,20000.0,20000.0,20000.0,11870
31796,20000.0,20000.0,20000.0,20000.0,11870
31801,20000.0,20000.0,20000.0,20000.0,11880
31806,20000.0,20000.0,20000.0,20000.0,11880
31811,20000.0,20000.0,20000.0,20000.0,11880
31816,20000.0,20000.0,20000.0,20000.0,11880
31821,20000.0,20000.0,20000.0,20000.0,11880
31826,20000.0,20000.0,20000.0,20000.0,11887
31831,20000.0,20000.0,20000.0,20000.0,11890
31836,20000.0,20000.0,20000.0,20000.0,11890
31841,20000.0,20000.0,20000.0,20000.0,11890
31846,20000.0,20000.0,20000.0,20000.0,11890
31851,20000.0,20000.0,20000.0,20000.0,11892
31856,20000.0,20000.0,20000.0,20000.0,11900
31861,20000.0,20000.0,20000.0,20000.0,11900
31866,20000.0,20000.0,20000.0,20000.0,11900
31871,20000.0,20000.0,20000.0,20000.0,11900
31876,20000.0,20000.0,20000.0,20000.0,11900
31881,20000.0,20000.0,20000.0,20000.0,11910
31886,20000.0,20000.0,20000.0,20000.0,11910
31891,20000.0,20000.0,20000.0,20000.0,11910
31896,20000.0,20000.0,20000.0,20000.0,11910
31901,20000.0,20000.0,20000.0,20000.0,11910
31906,20000.0,20000.0,20000.0,20000.0,11917
31911,20000.0,20000.0,20000.0,20000.0,11920
31916,20000.0,20000.0,20000.0,20000.0,11920
31921,20000.0,20000.0,20000.0,20000.0,11920
31926,20000.0,20000.0,20000.0,20000.0,11920
31931,20000.0,20000.0,20000.0,20000.0,11921
31936,20000.0,20000.0,20000.0,20000.0,11930
31941,20000.0,20000.0,20000.0,20000.0,11930
31946,20000.0,20000.0,20000.0,20000.0,11930
31951,20000.0,20000.0,20000.0,20000.0,11930
31956,20000.0,20000.0,20000.0,20000.0,11930
31961,20000.0,20000.0,20000.0,20000.0,11939
31966,20000.0,20000.0,20000.0,20000.0,11940
31971,20000.0,20000.0,20000.0,20000.0,11940
31976,20000.0,20000.0,20000.0,20000.0,11940
31981,20000.0,20000.0,20000.0,20000.0,11940
31986,20000.0,20000.0,20000.0,20000.0,11943
31991,20000.0,20000.0,20000.0,20000.0,11950
31996,20000.0,20000.0,20000.0,20000.0,11950
32001,20000.0,20000.0,20000.0,20000.0,11950
32006,20000.0,20000.0,20000.0,20000.0,11950
32011,20000.0,20000.0,20000.0,20000.0,11950
32016,20000.0,20000.0,20000.0,20000.0,11960
32021,20000.0,20000.0,20000.0,20000.0,11960
32026,20000.0,20000.0,20000.0,20000.0,11960
32031,20000.0,20000.0,20000.0,20000.0,11960
32036,20000.0,20000.0,20000.0,20000.0,11960
32041,20000.0,20000.0,20000.0,20000.0,11970
32046,20000.0,20000.0,20000.0,20000.0,11970
32051,20000.0,20000.0,20000.0,20000.0,11970
32056,20000.0,20000.0,20000.0,20000.0,11970
32061,20000.0,20000.0,20000.0,20000.0,11970
32066,20000.0,20000.0,20000.0,20000.0,11973
32071,20000.0,20000.0,20000.0,20000.0,11980
32076,20000.0,20000.0,20000.0,20000.0,11980
32081,20000.0,20000.0,20000.0,20000.0,11980
32086,20000.0,20000.0,20000.0,20000.0,11980
32091,20000.0,20000.0,20000.0,20000.0,11981
32096,20000.0,20000.0,20000.0,20000.0,11990
32101,20000.0,20000.0,20000.0,20000.0,11990
32106,20000.0,20000.0,20000.0,20000.0,11990
32111,20000.0,20000.0,20000.0,20000.0,11990
32116,20000.0,20000.0,20000.0,20000.0,11990
32121,20000.0,20000.0,20000.0,20000.0,12000
32126,20000.0,20000.0,20000.0,20000.0,12000
32131,20000.0,20000.0,20000.0,20000.0,12000
32136,20000.0,20000.0,20000.0,20000.0,12000
32141,20000.0,20000.0,20000.0,20000.0,12000
32146,20000.0,20000.0,20000.0,20000.0,12009
32151,20000.0,20000.0,20000.0,20000.0,12010
32156,20000.0,20000.0,20000.0,20000.0,12010
32161,20000.0,20000.0,20000.0,20000.0,12010
32166,20000.0,20000.0,20000.0,20000.0,12010
32171,20000.0,20000.0,20000.0,20000.0,12013
32176,20000.0,20000.0,20000.0,20000.0,12020
32181,20000.0,20000.0,20000.0,20000.0,12020
32186,20000.0,20000.0,20000.0,20000.0,12020
32191,20000.0,20000.0,20000.0,20000.0,12020
32196,20000.0,20000.0,20000.0,20000.0,12020
32201,20000.0,20000.0,20000.0,20000.0,12030
32206,20000.0,20000.0,20000.0,20000.0,12030
32211,20000.0,20000.0,20000.0,20000.0,12030
32216,20000.0,20000.0,20000.0,20000.0,12030
32221,20000.0,20000.0,20000.0,20000.0,12030
32226,20000.0,20000.0,20000.0,20000.0,12038
32231,20000.0,20000.0,20000.0,20000.0,12040
32236,20000.0,20000.0,20000.0,20000.0,12040
32241,20000.0,20000.0,20000.0,20000.0,12040
32246,20000.0,20000.0,20000.0,20000.0,12040
32251,20000.0,20000.0,20000.0,20000.0,12044
32256,20000.0,20000.0,20000.0,20000.0,12050
32261,20000.0,20000.0,20000.0,20000.0,12050
32266,20000.0,20000.0,20000.0,20000.0,12050
32271,20000.0,20000.0,20000.0,20000.0,12050
32276,20000.0,20000.0,20000.0,20000.0,12050
32281,20000.0,20000.0,20000.0,20000.0,12060
32286,20000.0,20000.0,20000.0,20000.0,12060
32291,20000.0,20000.0,20000.0,20000.0,12060
32296,20000.0,20000.0,20000.0,20000.0,12060
32301,20000.0,20000.0,20000.0,20000.0,12060
32306,20000.0,20000.0,20000.0,20000.0,12069
32311,20000.0,20000.0,20000.0,20000.0,12070
32316,20000.0,20000.0,20000.0,20000.0,12070
32321,20000.0,20000.0,20000.0,20000.0,12070
32326,20000.0,20000.0,20000.0,20000.0,12070
32331,20000.0,20000.0,20000.0,20000.0,12072
32336,20000.0,20000.0,20000.0,20000.0,12080
32341,20000.0,20000.0,20000.0,20000.0,12080
32346,20000.0,20000.0,20000.0,20000.0,12080
32351,20000.0,20000.0,20000.0,20000.0,12080
32356,20000.0,20000.0,20000.0,20000.0,12080
32361,20000.0,20000.0,20000.0,20000.0,12090
32366,20000.0,20000.0,20000.0,20000.0,12090
32371,20000.0,20000.0,20000.0,20000.0,12090
32376,20000.0,20000.0,20000.0,20000.0,12090
32381,20000.0,20000.0,20000.0,20000.0,12090
32386,20000.0,20000.0,20000.0,20000.0,12098
32391,20000.0,20000.0,20000.0,20000.0,12100
32396,20000.0,20000.0,20000.0,20000.0,12100
32401,20000.0,20000.0,20000.0,20000.0,12100
32406,20000.0,20000.0,20000.0,20000.0,12100
32411,20000.0,20000.0,20000.0,20000.0,12103
32416,20000.0,20000.0,20000.0,20000.0,12110
32421,20000.0,20000.0,20000.0,20000.0,12110
32426,20000.0,20000.0,20000.0,20000.0,12110
32431,20000.0,20000.0,20000.0,20000.0,12110
32436,20000.0,20000.0,20000.0,20000.0,12110
32441,20000.0,20000.0,20000.0,20000.0,12120
32446,20000.0,20000.0,20000.0,20000.0,12120
32451,20000.0,20000.0,20000.0,20000.0,12120
32456,20000.0,20000.0,20000.0,20000.0,12120
32461,20000.0,20000.0,20000.0,20000.0,12120
32466,20000.0,20000.0,20000.0,20000.0,12127
32471,20000.0,20000.0,20000.0,20000.0,12130
32476,20000.0,20000.0,20000.0,20000.0,12130
32481,20000.0,20000.0,20000.0,20000.0,12130
32486,20000.0,20000.0,20000.0,20000.0,12130
32491,20000.0,20000.0,20000.0,20000.0,12131
32496,20000.0,20000.0,20000.0,20000.0,12140
32501,20000.0,20000.0,20000.0,20000.0,12140
32506,20000.0,20000.0,20000.0,20000.0,12140
32511,20000.0,20000.0,20000.0,20000.0,12140
32516,20000.0,20000.0,20000.0,20000.0,12140
32521,20000.0,20000.0,20000.0,20000.0,12150
32526,20000.0,20000.0,20000.0,20000.0,12150
32531,20000.0,20000.0,20000.0,20000.0,12150
32536,20000.0,20000.0,20000.0,20000.0,12150
32541,20000.0,20000.0,20000.0,20000.0,12150
32546,20000.0,20000.0,20000.0,20000.0,12159
32551,20000.0,20000.0,20000.0,20000.0,12160
32556,20000.0,20000.0,20000.0,20000.0,12160
32561,20000.0,20000.0,20000.0,20000.0,12160
32566,20000.0,20000.0,20000.0,20000.0,12160
32571,20000.0,20000.0,20000.0,20000.0,12163
32576,20000.0,20000.0,20000.0,20000.0,12170
32581,20000.0,20000.0,20000.0,20000.0,12170
32586,20000.0,20000.0,20000.0,20000.0,12170
32591,20000.0,20000.0,20000.0,20000.0,12170
32596,20000.0,20000.0,20000.0,20000.0,12170
32601,20000.0,20000.0,20000.0,20000.0,12180
32606,20000.0,20000.0,20000.0,20000.0,12180
32611,20000.0,20000.0,20000.0,20000.0,12180
32616,20000.0,20000.0,20000.0,20000.0,12180
32621,20000.0,20000.0,20000.0,20000.0,12180
32626,20000.0,20000.0,20000.0,20000.0,12184
32631,20000.0,20000.0,20000.0,20000.0,12190
32636,20000.0,20000.0,20000.0,20000.0,12190
32641,20000.0,20000.0,20000.0,20000.0,12190
32646,20000.0,20000.0,20000.0,20000.0,12190
32651,20000.0,20000.0,20000.0,20000.0,12190
32656,20000.0,20000.0,20000.0,20000.0,12200
32661,20000.0,20000.0,20000.0,20000.0,12200
32666,20000.0,20000.0,20000.0,20000.0,12200
32671,20000.0,20000.0,20000.0,20000.0,12200
32676,20000.0,20000.0,20000.0,20000.0,12200
32681,20000.0,20000.0,20000.0,20000.0,12209
32686,20000.0,20000.0,20000.0,20000.0,12210
32691,20000.0,20000.0,20000.0,20000.0,12210
32696,20000.0,20000.0,20000.0,20000.0,12210
32701,20000.0,20000.0,20000.0,20000.0,12210
32706,20000.0,20000.0,20000.0,20000.0,12211
32711,20000.0,20000.0,20000.0,20000.0,12220
32716,20000.0,20000.0,20000.0,20000.0,12220
32721,20000.0,20000.0,20000.0,20000.0,12220
32726,20000.0,20000.0,20000.0,20000.0,12220
32731,20000.0,20000.0,20000.0,20000.0,12220
32736,20000.0,20000.0,20000.0,20000.0,12230
32741,20000.0,20000.0,20000.0,20000.0,12230
32746,20000.0,20000.0,20000.0,20000.0,12230
32751,20000.0,20000.0,20000.0,20000.0,12230
32756,20000.0,20000.0,20000.0,20000.0,12230
32761,20000.0,20000.0,20000.0,20000.0,12234
32766,20000.0,20000.0,20000.0,20000.0,12240
32771,20000.0,20000.0,20000.0,20000.0,12240
32776,20000.0,20000.0,20000.0,20000.0,12240
32781,20000.0,20000.0,20000.0,20000.0,12240
32786,20000.0,20000.0,20000.0,20000.0,12241
32791,20000.0,20000.0,20000.0,20000.0,12250
32796,20000.0,20000.0,20000.0,20000.0,12250
32801,20000.0,20000.0,20000.0,20000.0,12250
32806,20000.0,20000.0,20000.0,20000.0,12250
32811,20000.0,20000.0,20000.0,20000.0,12250
32816,20000.0,20000.0,20000.0,20000.0,12259
32821,20000.0,20000.0,20000.0,20000.0,12260
32826,20000.0,20000.0,20000.0,20000.0,12260
32831,20000.0,20000.0,20000.0,20000.0,12260
32836,20000.0,20000.0,20000.0,20000.0,12260
32841,20000.0,20000.0,20000.0,20000.0,12265
32846,20000.0,20000.0,20000.0,20000.0,12270
32851,20000.0,20000.0,20000.0,20000.0,12270
32856,20000.0,20000.0,20000.0,20000.0,12270
32861,20000.0,20000.0,20000.0,20000.0,12270
32866,20000.0,20000.0,20000.0,20000.0,12270
32871,20000.0,20000.0,20000.0,20000.0,12280
32876,20000.0,20000.0,20000.0,20000.0,12280
32881,20000.0,20000.0,20000.0,20000.0,12280
32886,20000.0,20000.0,20000.0,20000.0,12280
32891,20000.0,20000.0,20000.0,20000.0,12280
32896,20000.0,20000.0,20000.0,20000.0,12290
32901,20000.0,20000.0,20000.0,20000.0,12290
32906,20000.0,20000.0,20000.0,20000.0,12290
32911,20000.0,20000.0,20000.0,20000.0,12290
32916,20000.0,20000.0,20000.0,20000.0,12290
32921,20000.0,20000.0,20000.0,20000.0,12299
32926,20000.0,20000.0,20000.0,20000.0,12300
32931,20000.0,20000.0,20000.0,20000.0,12300
32936,20000.0,20000.0,20000.0,20000.0,12300
32941,20000.0,20000.0,20000.0,20000.0,12300
32946,20000.0,20000.0,20000.0,20000.0,12301
32951,20000.0,20000.0,20000.0,20000.0,12310
32956,20000.0,20000.0,20000.0,20000.0,12310
32961,20000.0,20000.0,20000.0,20000.0,12310
32966,20000.0,20000.0,20000.0,20000.0,12310
32971,20000.0,20000.0,20000.0,20000.0,12310
32976,20000.0,20000.0,20000.0,20000.0,12320
32981,20000.0,20000.0,20000.0,20000.0,12320
32986,20000.0,20000.0,20000.0,20000.0,12320
32991,20000.0,20000.0,20000.0,20000.0,12320
32996,20000.0,20000.0,20000.0,20000.0,12320
33001,20000.0,20000.0,20000.0,20000.0,12328
33006,20000.0,20000.0,20000.0,20000.0,12330
33011,20000.0,20000.0,20000.0,20000.0,12330
33016,20000.0,20000.0,20000.0,20000.0,12330
33021,20000.0,20000.0,20000.0,20000.0,12330
33026,20000.0,20000.0,20000.0,20000.0,12334
33031,20000.0,20000.0,20000.0,20000.0,12340
33036,20000.0,20000.0,20000.0,20000.0,12340
33041,20000.0,20000.0,20000.0,20000.0,12340
33046,20000.0,20000.0,20000.0,20000.0,12340
33051,20000.0,20000.0,20000.0,20000.0,12340
33056,20000.0,20000.0,20000.0,20000.0,12350
33061,20000.0,20000.0,20000.0,20000.0,12350
33066,20000.0,20000.0,20000.0,20000.0,12350
33071,20000.0,20000.0,20000.0,20000.0,12350
33076,20000.0,20000.0,20000.0,20000.0,12350
33081,20000.0,20000.0,20000.0,20000.0,12356
33086,20000.0,20000.0,20000.0,20000.0,12360
33091,20000.0,20000.0,20000.0,20000.0,12360
33096,20000.0,20000.0,20000.0,20000.0,12360
33101,20000.0,20000.0,20000.0,20000.0,12360
33106,20000.0,20000.0,20000.0,20000.0,12360
33111,20000.0,20000.0,20000.0,20000.0,12370
33116,20000.0,20000.0,20000.0,20000.0,12370
33121,20000.0,20000.0,20000.0,20000.0,12370
33126,20000.0,20000.0,20000.0,20000.0,12370
33131,20000.0,20000.0,20000.0,20000.0,12370
33136,20000.0,20000.0,20000.0,20000.0,12379
33141,20000.0,20000.0,20000.0,20000.0,12380
33146,20000.0,20000.0,20000.0,20000.0,12380
33151,20000.0,20000.0,20000.0,20000.0,12380
33156,20000.0,20000.0,20000.0,20000.0,12380
33161,20000.0,20000.0,20000.0,20000.0,12386
33166,20000.0,20000.0,20000.0,20000.0,12390
33171,20000.0,20000.0,20000.0,20000.0,12390
33176,20000.0,20000.0,20000.0,20000.0,12390
33181,20000.0,20000.0,20000.0,20000.0,12390
33186,20000.0,20000.0,20000.0,20000.0,12392
33191,20000.0,20000.0,20000.0,20000.0,12400
33196,20000.0,20000.0,20000.0,20000.0,12400
33201,20000.0,20000.0,20000.0,20000.0,12400
33206,20000.0,20000.0,20000.0,20000.0,12400
33211,20000.0,20000.0,20000.0,20000.0,12400
33216,20000.0,20000.0,20000.0,20000.0,12410
33221,20000.0,20000.0,20000.0,20000.0,12410
33226,20000.0,20000.0,20000.0,20000.0,12410
33231,20000.0,20000.0,20000.0,20000.0,12410
33236,20000.0,20000.0,20000.0,20000.0,12410
33241,20000.0,20000.0,20000.0,20000.0,12419
33246,20000.0,20000.0,20000.0,20000.0,12420
33251,20000.0,20000.0,20000.0,20000.0,12420
33256,20000.0,20000.0,20000.0,20000.0,12420
33261,20000.0,20000.0,20000.0,20000.0,12420
33266,20000.0,20000.0,20000.0,20000.0,12422
33271,20000.0,20000.0,20000.0,20000.0,12430
33276,20000.0,20000.0,20000.0,20000.0,12430
33281,20000.0,20000.0,20000.0,20000.0,12430
33286,20000.0,20000.0,20000.0,20000.0,12430
33291,20000.0,20000.0,20000.0,20000.0,12430
33296,20000.0,20000.0,20000.0,20000.0,12440
33301,20000.0,20000.0,20000.0,20000.0,12440
33306,20000.0,20000.0,20000.0,20000.0,12440
33311,20000.0,20000.0,20000.0,20000.0,12440
33316,20000.0,20000.0,20000.0,20000.0,12440
33321,20000.0,20000.0,20000.0,20000.0,12449
33326,20000.0,20000.0,20000.0,20000.0,12450
33331,20000.0,20000.0,20000.0,20000.0,12450
33336,20000.0,20000.0,20000.0,20000.0,12450
33341,20000.0,20000.0,20000.0,20000.0,12450
33346,20000.0,20000.0,20000.0,20000.0,12451
33351,20000.0,20000.0,20000.0,20000.0,12460
33356,20000.0,20000.0,20000.0,20000.0,12460
33361,20000.0,20000.0,20000.0,20000.0,12460
33366,20000.0,20000.0,20000.0,20000.0,12460
33371,20000.0,20000.0,20000.0,20000.0,12460
33376,20000.0,20000.0,20000.0,20000.0,12470
33381,20000.0,20000.0,20000.0,20000.0,12470
33386,20000.0,20000.0,20000.0,20000.0,12470
33391,20000.0,20000.0,20000.0,20000.0,12470
33396,20000.0,20000.0,20000.0,20000.0,12470
33401,20000.0,20000.0,20000.0,20000.0,12474
33406,20000.0,20000.0,20000.0,20000.0,12480
33411,20000.0,20000.0,20000.0,20000.0,12480
33416,20000.0,20000.0,20000.0,20000.0,12480
33421,20000.0,20000.0,20000.0,20000.0,12480
33426,20000.0,20000.0,20000.0,20000.0,12480
33431,20000.0,20000.0,20000.0,20000.0,12490
33436,20000.0,20000.0,20000.0,20000.0,12490
33441,20000.0,20000.0,20000.0,20000.0,12490
33446,20000.0,20000.0,20000.0,20000.0,12490
33451,20000.0,20000.0,20000.0,20000.0,12490
33456,20000.0,20000.0,20000.0,20000.0,12500
33461,20000.0,20000.0,20000.0,20000.0,12500
33466,20000.0,20000.0,20000.0,20000.0,12500
33471,20000.0,20000.0,20000.0,20000.0,12500
33476,20000.0,20000.0,20000.0,20000.0,12500
33481,20000.0,20000.0,20000.0,20000.0,12507
33486,20000.0,20000.0,20000.0,20000.0,12510
33491,20000.0,20000.0,20000.0,20000.0,12510
33496,20000.0,20000.0,20000.0,20000.0,12510
33501,20000.0,20000.0,20000.0,20000.0,12510
33506,20000.0,20000.0,20000.0,20000.0,12510
33511,20000.0,20000.0,20000.0,20000.0,12520
33516,20000.0,20000.0,20000.0,20000.0,12520
33521,20000.0,20000.0,20000.0,20000.0,12520
33526,20000.0,20000.0,20000.0,20000.0,12520
33531,20000.0,20000.0,20000.0,20000.0,12520
33536,20000.0,20000.0,20000.0,20000.0,12529
33541,20000.0,20000.0,20000.0,20000.0,12530
33546,20000.0,20000.0,20000.0,20000.0,12530
33551,20000.0,20000.0,20000.0,20000.0,12530
33556,20000.0,20000.0,20000.0,20000.0,12530
33561,20000.0,20000.0,20000.0,20000.0,12533
33566,20000.0,20000.0,20000.0,20000.0,12540
33571,20000.0,20000.0,20000.0,20000.0,12540
33576,20000.0,20000.0,20000.0,20000.0,12540
33581,20000.0,20000.0,20000.0,20000.0,12540
33586,20000.0,20000.0,20000.0,20000.0,12540
33591,20000.0,20000.0,20000.0,20000.0,12550
33596,20000.0,20000.0,20000.0,20000.0,12550
33601,20000.0,20000.0,20000.0,20000.0,12550
33606,20000.0,20000.0,20000.0,20000.0,12550
33611,20000.0,20000.0,20000.0,20000.0,12550
33616,20000.0,20000.0,20000.0,20000.0,12559
33621,20000.0,20000.0,20000.0,20000.0,12560
33626,20000.0,20000.0,20000.0,20000.0,12560
33631,20000.0,20000.0,20000.0,20000.0,12560
33636,20000.0,20000.0,20000.0,20000.0,12560
33641,20000.0,20000.0,20000.0,20000.0,12562
33646,20000.0,20000.0,20000.0,20000.0,12570
33651,20000.0,20000.0,20000.0,20000.0,12570
33656,20000.0,20000.0,20000.0,20000.0,12570
33661,20000.0,20000.0,20000.0,20000.0,12570
33666,20000.0,20000.0,20000.0,20000.0,12570
33671,20000.0,20000.0,20000.0,20000.0,12580
33676,20000.0,20000.0,20000.0,20000.0,12580
33681,20000.0,20000.0,20000.0,20000.0,12580
33686,20000.0,20000.0,20000.0,20000.0,12580
33691,20000.0,20000.0,20000.0,20000.0,12580
33696,20000.0,20000.0,20000.0,20000.0,12589
33701,20000.0,20000.0,20000.0,20000.0,12590
33706,20000.0,20000.0,20000.0,20000.0,12590
33711,20000.0,20000.0,20000.0,20000.0,12590
33716,20000.0,20000.0,20000.0,20000.0,12590
33721,20000.0,20000.0,20000.0,20000.0,12594
33726,20000.0,20000.0,20000.0,20000.0,12600
33731,20000.0,20000.0,20000.0,20000.0,12600
33736,20000.0,20000.0,20000.0,20000.0,12600
33741,20000.0,20000.0,20000.0,20000.0,12600
33746,20000.0,20000.0,20000.0,20000.0,12600
33751,20000.0,20000.0,20000.0,20000.0,12610
33756,20000.0,20000.0,20000.0,20000.0,12610
33761,20000.0,20000.0,20000.0,20000.0,12610
33766,20000.0,20000.0,20000.0,20000.0,12610
33771,20000.0,20000.0,20000.0,20000.0,12610
33776,20000.0,20000.0,20000.0,20000.0,12619
33781,20000.0,20000.0,20000.0,20000.0,12620
33786,20000.0,20000.0,20000.0,20000.0,12620
33791,20000.0,20000.0,20000.0,20000.0,12620
33796,20000.0,20000.0,20000.0,20000.0,12620
33801,20000.0,20000.0,20000.0,20000.0,12622
33806,20000.0,20000.0,20000.0,20000.0,12630
33811,20000.0,20000.0,20000.0,20000.0,12630
33816,20000.0,20000.0,20000.0,20000.0,12630
33821,20000.0,20000.0,20000.0,20000.0,12630
33826,20000.0,20000.0,20000.0,20000.0,12630
33831,20000.0,20000.0,20000.0,20000.0,12640
33836,20000.0,20000.0,20000.0,20000.0,12640
33841,20000.0,20000.0,20000.0,20000.0,12640
33846,20000.0,20000.0,20000.0,20000.0,12640
33851,20000.0,20000.0,20000.0,20000.0,12640
33856,20000.0,20000.0,20000.0,20000.0,12650
33861,20000.0,20000.0,20000.0,20000.0,12650
33866,20000.0,20000.0,20000.0,20000.0,12650
33871,20000.0,20000.0,20000.0,20000.0,12650
33876,20000.0,20000.0,20000.0,20000.0,12650
33881,20000.0,20000.0,20000.0,20000.0,12659
33886,20000.0,20000.0,20000.0,20000.0,12660
33891,20000.0,20000.0,20000.0,20000.0,12660
33896,20000.0,20000.0,20000.0,20000.0,12660
33901,20000.0,20000.0,20000.0,20000.0,12660
33906,20000.0,20000.0,20000.0,20000.0,12663
33911,20000.0,20000.0,20000.0,20000.0,12670
33916,20000.0,20000.0,20000.0,20000.0,12670
33921,20000.0,20000.0,20000.0,20000.0,12670
33926,20000.0,20000.0,20000.0,20000.0,12670
33931,20000.0,20000.0,20000.0,20000.0,12670
33936,20000.0,20000.0,20000.0,20000.0,12680
33941,20000.0,20000.0,20000.0,20000.0,12680
33946,20000.0,20000.0,20000.0,20000.0,12680
33951,20000.0,20000.0,20000.0,20000.0,12680
33956,20000.0,20000.0,20000.0,20000.0,12680
33961,20000.0,20000.0,20000.0,20000.0,12685
33966,20000.0,20000.0,20000.0,20000.0,12690
33971,20000.0,20000.0,20000.0,20000.0,12690
33976,20000.0,20000.0,20000.0,20000.0,12690
33981,20000.0,20000.0,20000.0,20000.0,12690
33986,20000.0,20000.0,20000.0,20000.0,12693
33991,20000.0,20000.0,20000.0,20000.0,12700
33996,20000.0,20000.0,20000.0,20000.0,12700
34001,20000.0,20000.0,20000.0,20000.0,12700
34006,20000.0,20000.0,20000.0,20000.0,12700
34011,20000.0,20000.0,20000.0,20000.0,12700
34016,20000.0,20000.0,20000.0,20000.0,12710
34021,20000.0,20000.0,20000.0,20000.0,12710
34026,20000.0,20000.0,20000.0,20000.0,12710
34031,20000.0,20000.0,20000.0,20000.0,12710
34036,20000.0,20000.0,20000.0,20000.0,12710
34041,20000.0,20000.0,20000.0,20000.0,12719
34046,20000.0,20000.0,20000.0,20000.0,12720
34051,20000.0,20000.0,20000.0,20000.0,12720
34056,20000.0,20000.0,20000.0,20000.0,12720
34061,20000.0,20000.0,20000.0,20000.0,12720
34066,20000.0,20000.0,20000.0,20000.0,12724
34071,20000.0,20000.0,20000.0,20000.0,12730
34076,20000.0,20000.0,20000.0,20000.0,12730
34081,20000.0,20000.0,20000.0,20000.0,12730
34086,20000.0,20000.0,20000.0,20000.0,12730
34091,20000.0,20000.0,20000.0,20000.0,12730
34096,20000.0,20000.0,20000.0,20000.0,12740
34101,20000.0,20000.0,20000.0,20000.0,12740
34106,20000.0,20000.0,20000.0,20000.0,12740
34111,20000.0,20000.0,20000.0,20000.0,12740
34116,20000.0,20000.0,20000.0,20000.0,12740
34121,20000.0,20000.0,20000.0,20000.0,12750
34126,20000.0,20000.0,20000.0,20000.0,12750
34131,20000.0,20000.0,20000.0,20000.0,12750
34136,20000.0,20000.0,20000.0,20000.0,12750
34141,20000.0,20000.0,20000.0,20000.0,12750
34146,20000.0,20000.0,20000.0,20000.0,12757
34151,20000.0,20000.0,20000.0,20000.0,12760
34156,20000.0,20000.0,20000.0,20000.0,12760
34161,20000.0,20000.0,20000.0,20000.0,12760
34166,20000.0,20000.0,20000.0,20000.0,12760
34171,20000.0,20000.0,20000.0,20000.0,12760
34176,20000.0,20000.0,20000.0,20000.0,12770
34181,20000.0,20000.0,20000.0,20000.0,12770
34186,20000.0,20000.0,20000.0,20000.0,12770
34191,20000.0,20000.0,20000.0,20000.0,12770
34196,20000.0,20000.0,20000.0,20000.0,12770
34201,20000.0,20000.0,20000.0,20000.0,12778
34206,20000.0,20000.0,20000.0,20000.0,12780
34211,20000.0,20000.0,20000.0,20000.0,12780
34216,20000.0,20000.0,20000.0,20000.0,12780
34221,20000.0,20000.0,20000.0,20000.0,12780
34226,20000.0,20000.0,20000.0,20000.0,12782
34231,20000.0,20000.0,20000.0,20000.0,12790
34236,20000.0,20000.0,20000.0,20000.0,12790
34241,20000.0,20000.0,20000.0,20000.0,12790
34246,20000.0,20000.0,20000.0,20000.0,12790
34251,20000.0,20000.0,20000.0,20000.0,12790
34256,20000.0,20000.0,20000.0,20000.0,12800
34261,20000.0,20000.0,20000.0,20000.0,12800
34266,20000.0,20000.0,20000.0,20000.0,12800
34271,20000.0,20000.0,20000.0,20000.0,12800
34276,20000.0,20000.0,20000.0,20000.0,12800
34281,20000.0,20000.0,20000.0,20000.0,12809
34286,20000.0,20000.0,20000.0,20000.0,12810
34291,20000.0,20000.0,20000.0,20000.0,12810
34296,20000.0,20000.0,20000.0,20000.0,12810
34301,20000.0,20000.0,20000.0,20000.0,12810
34306,20000.0,20000.0,20000.0,20000.0,12815
34311,20000.0,20000.0,20000.0,20000.0,12820
34316,20000.0,20000.0,20000.0,20000.0,12820
34321,20000.0,20000.0,20000.0,20000.0,12820
34326,20000.0,20000.0,20000.0,20000.0,12820
34331,20000.0,20000.0,20000.0,20000.0,12822
34336,20000.0,20000.0,20000.0,20000.0,12830
34341,20000.0,20000.0,20000.0,20000.0,12830
34346,20000.0,20000.0,20000.0,20000.0,12830
34351,20000.0,20000.0,20000.0,20000.0,12830
34356,20000.0,20000.0,20000.0,20000.0,12830
34361,20000.0,20000.0,20000.0,20000.0,12840
34366,20000.0,20000.0,20000.0,20000.0,12840
34371,20000.0,20000.0,20000.0,20000.0,12840
34376,20000.0,20000.0,20000.0,20000.0,12840
34381,20000.0,20000.0,20000.0,20000.0,12840
34386,20000.0,20000.0,20000.0,20000.0,12850
34391,20000.0,20000.0,20000.0,20000.0,12850
34396,20000.0,20000.0,20000.0,20000.0,12850
34401,20000.0,20000.0,20000.0,20000.0,12850
34406,20000.0,20000.0,20000.0,20000.0,12850
34411,20000.0,20000.0,20000.0,20000.0,12858
34416,20000.0,20000.0,20000.0,20000.0,12860
34421,20000.0,20000.0,20000.0,20000.0,12860
34426,20000.0,20000.0,20000.0,20000.0,12860
34431,20000.0,20000.0,20000.0,20000.0,12860
34436,20000.0,20000.0,20000.0,20000.0,12860
34441,20000.0,20000.0,20000.0,20000.0,12870
34446,20000.0,20000.0,20000.0,20000.0,12870
34451,20000.0,20000.0,20000.0,20000.0,12870
34456,20000.0,20000.0,20000.0,20000.0,12870
34461,20000.0,20000.0,20000.0,20000.0,12870
34466,20000.0,20000.0,20000.0,20000.0,12880
34471,20000.0,20000.0,20000.0,20000.0,12880
34476,20000.0,20000.0,20000.0,20000.0,12880
34481,20000.0,20000.0,20000.0,20000.0,12880
34486,20000.0,20000.0,20000.0,20000.0,12880
34491,20000.0,20000.0,20000.0,20000.0,12890
34496,20000.0,20000.0,20000.0,20000.0,12890
34501,20000.0,20000.0,20000.0,20000.0,12890
34506,20000.0,20000.0,20000.0,20000.0,12890
34511,20000.0,20000.0,20000.0,20000.0,12890
34516,20000.0,20000.0,20000.0,20000.0,12896
34521,20000.0,20000.0,20000.0,20000.0,12900
34526,20000.0,20000.0,20000.0,20000.0,12900
34531,20000.0,20000.0,20000.0,20000.0,12900
34536,20000.0,20000.0,20000.0,20000.0,12900
34541,20000.0,20000.0,20000.0,20000.0,12900
34546,20000.0,20000.0,20000.0,20000.0,12910
34551,20000.0,20000.0,20000.0,20000.0,12910
34556,20000.0,20000.0,20000.0,20000.0,12910
34561,20000.0,20000.0,20000.0,20000.0,12910
34566,20000.0,20000.0,20000.0,20000.0,12910
34571,20000.0,20000.0,20000.0,20000.0,12920
34576,20000.0,20000.0,20000.0,20000.0,12920
34581,20000.0,20000.0,20000.0,20000.0,12920
34586,20000.0,20000.0,20000.0,20000.0,12920
34591,20000.0,20000.0,20000.0,20000.0,12920
34596,20000.0,20000.0,20000.0,20000.0,12925
34601,20000.0,20000.0,20000.0,20000.0,12930
34606,20000.0,20000.0,20000.0,20000.0,12930
34611,20000.0,20000.0,20000.0,20000.0,12930
34616,20000.0,20000.0,20000.0,20000.0,12930
34621,20000.0,20000.0,20000.0,20000.0,12930
34626,20000.0,20000.0,20000.0,20000.0,12940
34631,20000.0,20000.0,20000.0,20000.0,12940
34636,20000.0,20000.0,20000.0,20000.0,12940
34641,20000.0,20000.0,20000.0,20000.0,12940
34646,20000.0,20000.0,20000.0,20000.0,12940
34651,20000.0,20000.0,20000.0,20000.0,12948
34656,20000.0,20000.0,20000.0,20000.0,12950
34661,20000.0,20000.0,20000.0,20000.0,12950
34666,20000.0,20000.0,20000.0,20000.0,12950
34671,20000.0,20000.0,20000.0,20000.0,12950
34676,20000.0,20000.0,20000.0,20000.0,12951
34681,20000.0,20000.0,20000.0,20000.0,12960
34686,20000.0,20000.0,20000.0,20000.0,12960
34691,20000.0,20000.0,20000.0,20000.0,12960
34696,20000.0,20000.0,20000.0,20000.0,12960
34701,20000.0,20000.0,20000.0,20000.0,12960
34706,20000.0,20000.0,20000.0,20000.0,12970
34711,20000.0,20000.0,20000.0,20000.0,12970
34716,20000.0,20000.0,20000.0,20000.0,12970
34721,20000.0,20000.0,20000.0,20000.0,12970
34726,20000.0,20000.0,20000.0,20000.0,12970
34731,20000.0,20000.0,20000.0,20000.0,12978
34736,20000.0,20000.0,20000.0,20000.0,12980
34741,20000.0,20000.0,20000.0,20000.0,12980
34746,20000.0,20000.0,20000.0,20000.0,12980
34751,20000.0,20000.0,20000.0,20000.0,12980
34756,20000.0,20000.0,20000.0,20000.0,12982
34761,20000.0,20000.0,20000.0,20000.0,12990
34766,20000.0,20000.0,20000.0,20000.0,12990
34771,20000.0,20000.0,20000.0,20000.0,12990
34776,20000.0,20000.0,20000.0,20000.0,12990
34781,20000.0,20000.0,20000.0,20000.0,12991
34786,20000.0,20000.0,20000.0,20000.0,13000
34791,20000.0,20000.0,20000.0,20000.0,13000
34796,20000.0,20000.0,20000.0,20000.0,13000
34801,20000.0,20000.0,20000.0,20000.0,13000
34806,20000.0,20000.0,20000.0,20000.0,13000
34811,20000.0,20000.0,20000.0,20000.0,13010
34816,20000.0,20000.0,20000.0,20000.0,13010
34821,20000.0,20000.0,20000.0,20000.0,13010
34826,20000.0,20000.0,20000.0,20000.0,13010
34831,20000.0,20000.0,20000.0,20000.0,13010
34836,20000.0,20000.0,20000.0,20000.0,13019
34841,20000.0,20000.0,20000.0,20000.0,13020
34846,20000.0,20000.0,20000.0,20000.0,13020
34851,20000.0,20000.0,20000.0,20000.0,13020
34856,20000.0,20000.0,20000.0,20000.0,13020
34861,20000.0,20000.0,20000.0,20000.0,13023
34866,20000.0,20000.0,20000.0,20000.0,13030
34871,20000.0,20000.0,20000.0,20000.0,13030
34876,20000.0,20000.0,20000.0,20000.0,13030
34881,20000.0,20000.0,20000.0,20000.0,13030
34886,20000.0,20000.0,20000.0,20000.0,13030
34891,20000.0,20000.0,20000.0,20000.0,13040
34896,20000.0,20000.0,20000.0,20000.0,13040
34901,20000.0,20000.0,20000.0,20000.0,13040
34906,20000.0,20000.0,20000.0,20000.0,13040
34911,20000.0,20000.0,20000.0,20000.0,13040
34916,20000.0,20000.0,20000.0,20000.0,13048
34921,20000.0,20000.0,20000.0,20000.0,13050
34926,20000.0,20000.0,20000.0,20000.0,13050
34931,20000.0,20000.0,20000.0,20000.0,13050
34936,20000.0,20000.0,20000.0,20000.0,13050
34941,20000.0,20000.0,20000.0,20000.0,13050
34946,20000.0,20000.0,20000.0,20000.0,13060
34951,20000.0,20000.0,20000.0,20000.0,13060
34956,20000.0,20000.0,20000.0,20000.0,13060
34961,20000.0,20000.0,20000.0,20000.0,13060
34966,20000.0,20000.0,20000.0,20000.0,13060
34971,20000.0,20000.0,20000.0,20000.0,13070
34976,20000.0,20000.0,20000.0,20000.0,13070
34981,20000.0,20000.0,20000.0,20000.0,13070
34986,20000.0,20000.0,20000.0,20000.0,13070
34991,20000.0,20000.0,20000.0,20000.0,13070
34996,20000.0,20000.0,20000.0,20000.0,13078
35001,20000.0,20000.0,20000.0,20000.0,13080
35006,20000.0,20000.0,20000.0,20000.0,13080
35011,20000.0,20000.0,20000.0,20000.0,13080
35016,20000.0,20000.0,20000.0,20000.0,13080
35021,20000.0,20000.0,20000.0,20000.0,13081
35026,20000.0,20000.0,20000.0,20000.0,13090
35031,20000.0,20000.0,20000.0,20000.0,13090
35036,20000.0,20000.0,20000.0,20000.0,13090
35041,20000.0,20000.0,20000.0,20000.0,13090
35046,20000.0,20000.0,20000.0,20000.0,13090
35051,20000.0,20000.0,20000.0,20000.0,13100
35056,20000.0,20000.0,20000.0,20000.0,13100
35061,20000.0,20000.0,20000.0,20000.0,13100
35066,20000.0,20000.0,20000.0,20000.0,13100
35071,20000.0,20000.0,20000.0,20000.0,13100
35076,20000.0,20000.0,20000.0,20000.0,13104
35081,20000.0,20000.0,20000.0,20000.0,13110
35086,20000.0,20000.0,20000.0,20000.0,13110
35091,20000.0,20000.0,20000.0,20000.0,13110
35096,20000.0,20000.0,20000.0,20000.0,13110
35101,20000.0,20000.0,20000.0,20000.0,13110
35106,20000.0,20000.0,20000.0,20000.0,13120
35111,20000.0,20000.0,20000.0,20000.0,13120
35116,20000.0,20000.0,20000.0,20000.0,13120
35121,20000.0,20000.0,20000.0,20000.0,13120
35126,20000.0,20000.0,20000.0,20000.0,13120
35131,20000.0,20000.0,20000.0,20000.0,13130
35136,20000.0,20000.0,20000.0,20000.0,13130
35141,20000.0,20000.0,20000.0,20000.0,13130
35146,20000.0,20000.0,20000.0,20000.0,13130
35151,20000.0,20000.0,20000.0,20000.0,13130
35156,20000.0,20000.0,20000.0,20000.0,13136
35161,20000.0,20000.0,20000.0,20000.0,13140
35166,20000.0,20000.0,20000.0,20000.0,13140
35171,20000.0,20000.0,20000.0,20000.0,13140
35176,20000.0,20000.0,20000.0,20000.0,13140
35181,20000.0,20000.0,20000.0,20000.0,13141
35186,20000.0,20000.0,20000.0,20000.0,13150
35191,20000.0,20000.0,20000.0,20000.0,13150
35196,20000.0,20000.0,20000.0,20000.0,13150
35201,20000.0,20000.0,20000.0,20000.0,13150
35206,20000.0,20000.0,20000.0,20000.0,13150
35211,20000.0,20000.0,20000.0,20000.0,13159
35216,20000.0,20000.0,20000.0,20000.0,13160
35221,20000.0,20000.0,20000.0,20000.0,13160
35226,20000.0,20000.0,20000.0,20000.0,13160
35231,20000.0,20000.0,20000.0,20000.0,13160
35236,20000.0,20000.0,20000.0,20000.0,13164
35241,20000.0,20000.0,20000.0,20000.0,13170
35246,20000.0,20000.0,20000.0,20000.0,13170
35251,20000.0,20000.0,20000.0,20000.0,13170
35256,20000.0,20000.0,20000.0,20000.0,13170
35261,20000.0,20000.0,20000.0,20000.0,13170
35266,20000.0,20000.0,20000.0,20000.0,13180
35271,20000.0,20000.0,20000.0,20000.0,13180
35276,20000.0,20000.0,20000.0,20000.0,13180
35281,20000.0,20000.0,20000.0,20000.0,13180
35286,20000.0,20000.0,20000.0,20000.0,13180
35291,20000.0,20000.0,20000.0,20000.0,13188
35296,20000.0,20000.0,20000.0,20000.0,13190
35301,20000.0,20000.0,20000.0,20000.0,13190
35306,20000.0,20000.0,20000.0,20000.0,13190
35311,20000.0,20000.0,20000.0,20000.0,13190
35316,20000.0,20000.0,20000.0,20000.0,13192
35321,20000.0,20000.0,20000.0,20000.0,13200
35326,20000.0,20000.0,20000.0,20000.0,13200
35331,20000.0,20000.0,20000.0,20000.0,13200
35336,20000.0,20000.0,20000.0,20000.0,13200
35341,20000.0,20000.0,20000.0,20000.0,13200
35346,20000.0,20000.0,20000.0,20000.0,13210
35351,20000.0,20000.0,20000.0,20000.0,13210
35356,20000.0,20000.0,20000.0,20000.0,13210
35361,20000.0,20000.0,20000.0,20000.0,13210
35366,20000.0,20000.0,20000.0,20000.0,13210
35371,20000.0,20000.0,20000.0,20000.0,13219
35376,20000.0,20000.0,20000.0,20000.0,13220
35381,20000.0,20000.0,20000.0,20000.0,13220
35386,20000.0,20000.0,20000.0,20000.0,13220
35391,20000.0,20000.0,20000.0,20000.0,13220
35396,20000.0,20000.0,20000.0,20000.0,13223
35401,20000.0,20000.0,20000.0,20000.0,13230
35406,20000.0,20000.0,20000.0,20000.0,13230
35411,20000.0,20000.0,20000.0,20000.0,13230
35416,20000.0,20000.0,20000.0,20000.0,13230
35421,20000.0,20000.0,20000.0,20000.0,13230
35426,20000.0,20000.0,20000.0,20000.0,13240
35431,20000.0,20000.0,20000.0,20000.0,13240
35436,20000.0,20000.0,20000.0,20000.0,13240
35441,20000.0,20000.0,20000.0,20000.0,13240
35446,20000.0,20000.0,20000.0,20000.0,13240
35451,20000.0,20000.0,20000.0,20000.0,13247
35456,20000.0,20000.0,20000.0,20000.0,13250
35461,20000.0,20000.0,20000.0,20000.0,13250
35466,20000.0,20000.0,20000.0,20000.0,13250
35471,20000.0,20000.0,20000.0,20000.0,13250
35476,20000.0,20000.0,20000.0,20000.0,13251
35481,20000.0,20000.0,20000.0,20000.0,13260
35486,20000.0,20000.0,20000.0,20000.0,13260
35491,20000.0,20000.0,20000.0,20000.0,13260
35496,20000.0,20000.0,20000.0,20000.0,13260
35501,20000.0,20000.0,20000.0,20000.0,13260
35506,20000.0,20000.0,20000.0,20000.0,13270
35511,20000.0,20000.0,20000.0,20000.0,13270
35516,20000.0,20000.0,20000.0,20000.0,13270
35521,20000.0,20000.0,20000.0,20000.0,13270
35526,20000.0,20000.0,20000.0,20000.0,13270
35531,20000.0,20000.0,20000.0,20000.0,13274
35536,20000.0,20000.0,20000.0,20000.0,13280
35541,20000.0,20000.0,20000.0,20000.0,13280
35546,20000.0,20000.0,20000.0,20000.0,13280
35551,20000.0,20000.0,20000.0,20000.0,13280
35556,20000.0,20000.0,20000.0,20000.0,13281
35561,20000.0,20000.0,20000.0,20000.0,13290
35566,20000.0,20000.0,20000.0,20000.0,13290
35571,20000.0,20000.0,20000.0,20000.0,13290
35576,20000.0,20000.0,20000.0,20000.0,13290
35581,20000.0,20000.0,20000.0,20000.0,13290
35586,20000.0,20000.0,20000.0,20000.0,13300
35591,20000.0,20000.0,20000.0,20000.0,13300
35596,20000.0,20000.0,20000.0,20000.0,13300
35601,20000.0,20000.0,20000.0,20000.0,13300
35606,20000.0,20000.0,20000.0,20000.0,13300
35611,20000.0,20000.0,20000.0,20000.0,13306
35616,20000.0,20000.0,20000.0,20000.0,13310
35621,20000.0,20000.0,20000.0,20000.0,13310
35626,20000.0,20000.0,20000.0,20000.0,13310
35631,20000.0,20000.0,20000.0,20000.0,13310
35636,20000.0,20000.0,20000.0,20000.0,13310
35641,20000.0,20000.0,20000.0,20000.0,13320
35646,20000.0,20000.0,20000.0,20000.0,13320
35651,20000.0,20000.0,20000.0,20000.0,13320
35656,20000.0,20000.0,20000.0,20000.0,13320
35661,20000.0,20000.0,20000.0,20000.0,13320
35666,20000.0,20000.0,20000.0,20000.0,13329
35671,20000.0,20000.0,20000.0,20000.0,13330
35676,20000.0,20000.0,20000.0,20000.0,13330
35681,20000.0,20000.0,20000.0,20000.0,13330
35686,20000.0,20000.0,20000.0,20000.0,13330
35691,20000.0,20000.0,20000.0,20000.0,13330
35696,20000.0,20000.0,20000.0,20000.0,13340
35701,20000.0,20000.0,20000.0,20000.0,13340
35706,20000.0,20000.0,20000.0,20000.0,13340
35711,20000.0,20000.0,20000.0,20000.0,13340
35716,20000.0,20000.0,20000.0,20000.0,13340
35721,20000.0,20000.0,20000.0,20000.0,13350
35726,20000.0,20000.0,20000.0,20000.0,13350
35731,20000.0,20000.0,20000.0,20000.0,13350
35736,20000.0,20000.0,20000.0,20000.0,13350
35741,20000.0,20000.0,20000.0,20000.0,13350
35746,20000.0,20000.0,20000.0,20000.0,13357
35751,20000.0,20000.0,20000.0,20000.0,13360
35756,20000.0,20000.0,20000.0,20000.0,13360
35761,20000.0,20000.0,20000.0,20000.0,13360
35766,20000.0,20000.0,20000.0,20000.0,13360
35771,20000.0,20000.0,20000.0,20000.0,13361
35776,20000.0,20000.0,20000.0,20000.0,13370
35781,20000.0,20000.0,20000.0,20000.0,13370
35786,20000.0,20000.0,20000.0,20000.0,13370
35791,20000.0,20000.0,20000.0,20000.0,13370
35796,20000.0,20000.0,20000.0,20000.0,13370
35801,20000.0,20000.0,20000.0,20000.0,13379
35806,20000.0,20000.0,20000.0,20000.0,13380
35811,20000.0,20000.0,20000.0,20000.0,13380
35816,20000.0,20000.0,20000.0,20000.0,13380
35821,20000.0,20000.0,20000.0,20000.0,13380
35826,20000.0,20000.0,20000.0,20000.0,13382
35831,20000.0,20000.0,20000.0,20000.0,13390
35836,20000.0,20000.0,20000.0,20000.0,13390
35841,20000.0,20000.0,20000.0,20000.0,13390
35846,20000.0,20000.0,20000.0,20000.0,13390
35851,20000.0,20000.0,20000.0,20000.0,13390
35856,20000.0,20000.0,20000.0,20000.0,13400
35861,20000.0,20000.0,20000.0,20000.0,13400
35866,20000.0,20000.0,20000.0,20000.0,13400
35871,20000.0,20000.0,20000.0,20000.0,13400
35876,20000.0,20000.0,20000.0,20000.0,13400
35881,20000.0,20000.0,20000.0,20000.0,13409
35886,20000.0,20000.0,20000.0,20000.0,13410
35891,20000.0,20000.0,20000.0,20000.0,13410
35896,20000.0,20000.0,20000.0,20000.0,13410
35901,20000.0,20000.0,20000.0,20000.0,13410
35906,20000.0,20000.0,20000.0,20000.0,13413
35911,20000.0,20000.0,20000.0,20000.0,13420
35916,20000.0,20000.0,20000.0,20000.0,13420
35921,20000.0,20000.0,20000.0,20000.0,13420
35926,20000.0,20000.0,20000.0,20000.0,13420
35931,20000.0,20000.0,20000.0,20000.0,13420
35936,20000.0,20000.0,20000.0,20000.0,13430
35941,20000.0,20000.0,20000.0,20000.0,13430
35946,20000.0,20000.0,20000.0,20000.0,13430
35951,20000.0,20000.0,20000.0,20000.0,13430
35956,20000.0,20000.0,20000.0,20000.0,13430
35961,20000.0,20000.0,20000.0,20000.0,13440
35966,20000.0,20000.0,20000.0,20000.0,13440
35971,20000.0,20000.0,20000.0,20000.0,13440
35976,20000.0,20000.0,20000.0,20000.0,13440
35981,20000.0,20000.0,20000.0,20000.0,13440
35986,20000.0,20000.0,20000.0,20000.0,13448
35991,20000.0,20000.0,20000.0,20000.0,13450
35996,20000.0,20000.0,20000.0,20000.0,13450
36001,20000.0,20000.0,20000.0,20000.0,13450
36006,20000.0,20000.0,20000.0,20000.0,13450
36011,20000.0,20000.0,20000.0,20000.0,13453
36016,20000.0,20000.0,20000.0,20000.0,13460
36021,20000.0,20000.0,20000.0,20000.0,13460
36026,20000.0,20000.0,20000.0,20000.0,13460
36031,20000.0,20000.0,20000.0,20000.0,13460
36036,20000.0,20000.0,20000.0,20000.0,13460
36041,20000.0,20000.0,20000.0,20000.0,13470
36046,20000.0,20000.0,20000.0,20000.0,13470
36051,20000.0,20000.0,20000.0,20000.0,13470
36056,20000.0,20000.0,20000.0,20000.0,13470
36061,20000.0,20000.0,20000.0,20000.0,13470
36066,20000.0,20000.0,20000.0,20000.0,13479
36071,20000.0,20000.0,20000.0,20000.0,13480
36076,20000.0,20000.0,20000.0,20000.0,13480
36081,20000.0,20000.0,20000.0,20000.0,13480
36086,20000.0,20000.0,20000.0,20000.0,13480
36091,20000.0,20000.0,20000.0,20000.0,13483
36096,20000.0,20000.0,20000.0,20000.0,13490
36101,20000.0,20000.0,20000.0,20000.0,13490
36106,20000.0,20000.0,20000.0,20000.0,13490
36111,20000.0,20000.0,20000.0,20000.0,13490
36116,20000.0,20000.0,20000.0,20000.0,13490
36121,20000.0,20000.0,20000.0,20000.0,13500
36126,20000.0,20000.0,20000.0,20000.0,13500
36131,20000.0,20000.0,20000.0,20000.0,13500
36136,20000.0,20000.0,20000.0,20000.0,13500
36141,20000.0,20000.0,20000.0,20000.0,13500
36146,20000.0,20000.0,20000.0,20000.0,13508
36151,20000.0,20000.0,20000.0,20000.0,13510
36156,20000.0,20000.0,20000.0,20000.0,13510
36161,20000.0,20000.0,20000.0,20000.0,13510
36166,20000.0,20000.0,20000.0,20000.0,13510
36171,20000.0,20000.0,20000.0,20000.0,13513
36176,20000.0,20000.0,20000.0,20000.0,13520
36181,20000.0,20000.0,20000.0,20000.0,13520
36186,20000.0,20000.0,20000.0,20000.0,13520
36191,20000.0,20000.0,20000.0,20000.0,13520
36196,20000.0,20000.0,20000.0,20000.0,13520
36201,20000.0,20000.0,20000.0,20000.0,13530
36206,20000.0,20000.0,20000.0,20000.0,13530
36211,20000.0,20000.0,20000.0,20000.0,13530
36216,20000.0,20000.0,20000.0,20000.0,13530
36221,20000.0,20000.0,20000.0,20000.0,13530
36226,20000.0,20000.0,20000.0,20000.0,13540
36231,20000.0,20000.0,20000.0,20000.0,13540
36236,20000.0,20000.0,20000.0,20000.0,13540
36241,20000.0,20000.0,20000.0,20000.0,13540
36246,20000.0,20000.0,20000.0,20000.0,13540
36251,20000.0,20000.0,20000.0,20000.0,13543
36256,20000.0,20000.0,20000.0,20000.0,13550
36261,20000.0,20000.0,20000.0,20000.0,13550
36266,20000.0,20000.0,20000.0,20000.0,13550
36271,20000.0,20000.0,20000.0,20000.0,13550
36276,20000.0,20000.0,20000.0,20000.0,13550
36281,20000.0,20000.0,20000.0,20000.0,13560
36286,20000.0,20000.0,20000.0,20000.0,13560
36291,20000.0,20000.0,20000.0,20000.0,13560
36296,20000.0,20000.0,20000.0,20000.0,13560
36301,20000.0,20000.0,20000.0,20000.0,13560
36306,20000.0,20000.0,20000.0,20000.0,13568
36311,20000.0,20000.0,20000.0,20000.0,13570
36316,20000.0,20000.0,20000.0,20000.0,13570
36321,20000.0,20000.0,20000.0,20000.0,13570
36326,20000.0,20000.0,20000.0,20000.0,13570
36331,20000.0,20000.0,20000.0,20000.0,13573
36336,20000.0,20000.0,20000.0,20000.0,13580
36341,20000.0,20000.0,20000.0,20000.0,13580
36346,20000.0,20000.0,20000.0,20000.0,13580
36351,20000.0,20000.0,20000.0,20000.0,13580
36356,20000.0,20000.0,20000.0,20000.0,13580
36361,20000.0,20000.0,20000.0,20000.0,13590
36366,20000.0,20000.0,20000.0,20000.0,13590
36371,20000.0,20000.0,20000.0,20000.0,13590
36376,20000.0,20000.0,20000.0,20000.0,13590
36381,20000.0,20000.0,20000.0,20000.0,13590
36386,20000.0,20000.0,20000.0,20000.0,13596
36391,20000.0,20000.0,20000.0,20000.0,13600
36396,20000.0,20000.0,20000.0,20000.0,13600
36401,20000.0,20000.0,20000.0,20000.0,13600
36406,20000.0,20000.0,20000.0,20000.0,13600
36411,20000.0,20000.0,20000.0,20000.0,13600
36416,20000.0,20000.0,20000.0,20000.0,13610
36421,20000.0,20000.0,20000.0,20000.0,13610
36426,20000.0,20000.0,20000.0,20000.0,13610
36431,20000.0,20000.0,20000.0,20000.0,13610
36436,20000.0,20000.0,20000.0,20000.0,13610
36441,20000.0,20000.0,20000.0,20000.0,13617
36446,20000.0,20000.0,20000.0,20000.0,13620
36451,20000.0,20000.0,20000.0,20000.0,13620
36456,20000.0,20000.0,20000.0,20000.0,13620
36461,20000.0,20000.0,20000.0,20000.0,13620
36466,20000.0,20000.0,20000.0,20000.0,13621
36471,20000.0,20000.0,20000.0,20000.0,13630
36476,20000.0,20000.0,20000.0,20000.0,13630
36481,20000.0,20000.0,20000.0,20000.0,13630
36486,20000.0,20000.0,20000.0,20000.0,13630
36491,20000.0,20000.0,20000.0,20000.0,13630
36496,20000.0,20000.0,20000.0,20000.0,13638
36501,20000.0,20000.0,20000.0,20000.0,13640
36506,20000.0,20000.0,20000.0,20000.0,13640
36511,20000.0,20000.0,20000.0,20000.0,13640
36516,20000.0,20000.0,20000.0,20000.0,13640
36521,20000.0,20000.0,20000.0,20000.0,13643
36526,20000.0,20000.0,20000.0,20000.0,13650
36531,20000.0,20000.0,20000.0,20000.0,13650
36536,20000.0,20000.0,20000.0,20000.0,13650
36541,20000.0,20000.0,20000.0,20000.0,13650
36546,20000.0,20000.0,20000.0,20000.0,13650
36551,20000.0,20000.0,20000.0,20000.0,13660
36556,20000.0,20000.0,20000.0,20000.0,13660
36561,20000.0,20000.0,20000.0,20000.0,13660
36566,20000.0,20000.0,20000.0,20000.0,13660
36571,20000.0,20000.0,20000.0,20000.0,13660
36576,20000.0,20000.0,20000.0,20000.0,13670
36581,20000.0,20000.0,20000.0,20000.0,13670
36586,20000.0,20000.0,20000.0,20000.0,13670
36591,20000.0,20000.0,20000.0,20000.0,13670
36596,20000.0,20000.0,20000.0,20000.0,13670
36601,20000.0,20000.0,20000.0,20000.0,13674
36606,20000.0,20000.0,20000.0,20000.0,13680
36611,20000.0,20000.0,20000.0,20000.0,13680
36616,20000.0,20000.0,20000.0,20000.0,13680
36621,20000.0,20000.0,20000.0,20000.0,13680
36626,20000.0,20000.0,20000.0,20000.0,13681
36631,20000.0,20000.0,20000.0,20000.0,13690
36636,20000.0,20000.0,20000.0,20000.0,13690
36641,20000.0,20000.0,20000.0,20000.0,13690
36646,20000.0,20000.0,20000.0,20000.0,13690
36651,20000.0,20000.0,20000.0,20000.0,13690
36656,20000.0,20000.0,20000.0,20000.0,13700
36661,20000.0,20000.0,20000.0,20000.0,13700
36666,20000.0,20000.0,20000.0,20000.0,13700
36671,20000.0,20000.0,20000.0,20000.0,13700
36676,20000.0,20000.0,20000.0,20000.0,13700
36681,20000.0,20000.0,20000.0,20000.0,13710
36686,20000.0,20000.0,20000.0,20000.0,13710
36691,20000.0,20000.0,20000.0,20000.0,13710
36696,20000.0,20000.0,20000.0,20000.0,13710
36701,20000.0,20000.0,20000.0,20000.0,13710
36706,20000.0,20000.0,20000.0,20000.0,13714
36711,20000.0,20000.0,20000.0,20000.0,13720
36716,20000.0,20000.0,20000.0,20000.0,13720
36721,20000.0,20000.0,20000.0,20000.0,13720
36726,20000.0,20000.0,20000.0,20000.0,13720
36731,20000.0,20000.0,20000.0,20000.0,13720
36736,20000.0,20000.0,20000.0,20000.0,13730
36741,20000.0,20000.0,20000.0,20000.0,13730
36746,20000.0,20000.0,20000.0,20000.0,13730
36751,20000.0,20000.0,20000.0,20000.0,13730
36756,20000.0,20000.0,20000.0,20000.0,13730
36761,20000.0,20000.0,20000.0,20000.0,13737
36766,20000.0,20000.0,20000.0,20000.0,13740
36771,20000.0,20000.0,20000.0,20000.0,13740
36776,20000.0,20000.0,20000.0,20000.0,13740
36781,20000.0,20000.0,20000.0,20000.0,13740
36786,20000.0,20000.0,20000.0,20000.0,13742
36791,20000.0,20000.0,20000.0,20000.0,13750
36796,20000.0,20000.0,20000.0,20000.0,13750
36801,20000.0,20000.0,20000.0,20000.0,13750
36806,20000.0,20000.0,20000.0,20000.0,13750
36811,20000.0,20000.0,20000.0,20000.0,13750
36816,20000.0,20000.0,20000.0,20000.0,13760
36821,20000.0,20000.0,20000.0,20000.0,13760
36826,20000.0,20000.0,20000.0,20000.0,13760
36831,20000.0,20000.0,20000.0,20000.0,13760
36836,20000.0,20000.0,20000.0,20000.0,13760
36841,20000.0,20000.0,20000.0,20000.0,13768
36846,20000.0,20000.0,20000.0,20000.0,13770
36851,20000.0,20000.0,20000.0,20000.0,13770
36856,20000.0,20000.0,20000.0,20000.0,13770
36861,20000.0,20000.0,20000.0,20000.0,13770
36866,20000.0,20000.0,20000.0,20000.0,13773
36871,20000.0,20000.0,20000.0,20000.0,13780
36876,20000.0,20000.0,20000.0,20000.0,13780
36881,20000.0,20000.0,20000.0,20000.0,13780
36886,20000.0,20000.0,20000.0,20000.0,13780
36891,20000.0,20000.0,20000.0,20000.0,13780
36896,20000.0,20000.0,20000.0,20000.0,13790
36901,20000.0,20000.0,20000.0,20000.0,13790
36906,20000.0,20000.0,20000.0,20000.0,13790
36911,20000.0,20000.0,20000.0,20000.0,13790
36916,20000.0,20000.0,20000.0,20000.0,13790
36921,20000.0,20000.0,20000.0,20000.0,13796
36926,20000.0,20000.0,20000.0,20000.0,13800
36931,20000.0,20000.0,20000.0,20000.0,13800
36936,20000.0,20000.0,20000.0,20000.0,13800
36941,20000.0,20000.0,20000.0,20000.0,13800
36946,20000.0,20000.0,20000.0,20000.0,13800
36951,20000.0,20000.0,20000.0,20000.0,13810
36956,20000.0,20000.0,20000.0,20000.0,13810
36961,20000.0,20000.0,20000.0,20000.0,13810
36966,20000.0,20000.0,20000.0,20000.0,13810
36971,20000.0,20000.0,20000.0,20000.0,13810
36976,20000.0,20000.0,20000.0,20000.0,13820
36981,20000.0,20000.0,20000.0,20000.0,13820
36986,20000.0,20000.0,20000.0,20000.0,13820
36991,20000.0,20000.0,20000.0,20000.0,13820
36996,20000.0,20000.0,20000.0,20000.0,13820
37001,20000.0,20000.0,20000.0,20000.0,13827
37006,20000.0,20000.0,20000.0,20000.0,13830
37011,20000.0,20000.0,20000.0,20000.0,13830
37016,20000.0,20000.0,20000.0,20000.0,13830
37021,20000.0,20000.0,20000.0,20000.0,13830
37026,20000.0,20000.0,20000.0,20000.0,13831
37031,20000.0,20000.0,20000.0,20000.0,13840
37036,20000.0,20000.0,20000.0,20000.0,13840
37041,20000.0,20000.0,20000.0,20000.0,13840
37046,20000.0,20000.0,20000.0,20000.0,13840
37051,20000.0,20000.0,20000.0,20000.0,13840
37056,20000.0,20000.0,20000.0,20000.0,13850
37061,20000.0,20000.0,20000.0,20000.0,13850
37066,20000.0,20000.0,20000.0,20000.0,13850
37071,20000.0,20000.0,20000.0,20000.0,13850
37076,20000.0,20000.0,20000.0,20000.0,13850
37081,20000.0,20000.0,20000.0,20000.0,13859
37086,20000.0,20000.0,20000.0,20000.0,13860
37091,20000.0,20000.0,20000.0,20000.0,13860
37096,20000.0,20000.0,20000.0,20000.0,13860
37101,20000.0,20000.0,20000.0,20000.0,13860
37106,20000.0,20000.0,20000.0,20000.0,13863
37111,20000.0,20000.0,20000.0,20000.0,13870
37116,20000.0,20000.0,20000.0,20000.0,13870
37121,20000.0,20000.0,20000.0,20000.0,13870
37126,20000.0,20000.0,20000.0,20000.0,13870
37131,20000.0,20000.0,20000.0,20000.0,13870
37136,20000.0,20000.0,20000.0,20000.0,13880
37141,20000.0,20000.0,20000.0,20000.0,13880
37146,20000.0,20000.0,20000.0,20000.0,13880
37151,20000.0,20000.0,20000.0,20000.0,13880
37156,20000.0,20000.0,20000.0,20000.0,13880
37161,20000.0,20000.0,20000.0,20000.0,13890
37166,20000.0,20000.0,20000.0,20000.0,13890
37171,20000.0,20000.0,20000.0,20000.0,13890
37176,20000.0,20000.0,20000.0,20000.0,13890
37181,20000.0,20000.0,20000.0,20000.0,13890
37186,20000.0,20000.0,20000.0,20000.0,13894
37191,20000.0,20000.0,20000.0,20000.0,13900
37196,20000.0,20000.0,20000.0,20000.0,13900
37201,20000.0,20000.0,20000.0,20000.0,13900
37206,20000.0,20000.0,20000.0,20000.0,13900
37211,20000.0,20000.0,20000.0,20000.0,13901
37216,20000.0,20000.0,20000.0,20000.0,13910
37221,20000.0,20000.0,20000.0,20000.0,13910
37226,20000.0,20000.0,20000.0,20000.0,13910
37231,20000.0,20000.0,20000.0,20000.0,13910
37236,20000.0,20000.0,20000.0,20000.0,13910
37241,20000.0,20000.0,20000.0,20000.0,13920
37246,20000.0,20000.0,20000.0,20000.0,13920
37251,20000.0,20000.0,20000.0,20000.0,13920
37256,20000.0,20000.0,20000.0,20000.0,13920
37261,20000.0,20000.0,20000.0,20000.0,13920
37266,20000.0,20000.0,20000.0,20000.0,13927
37271,20000.0,20000.0,20000.0,20000.0,13930
37276,20000.0,20000.0,20000.0,20000.0,13930
37281,20000.0,20000.0,20000.0,20000.0,13930
37286,20000.0,20000.0,20000.0,20000.0,13930
37291,20000.0,20000.0,20000.0,20000.0,13930
37296,20000.0,20000.0,20000.0,20000.0,13940
37301,20000.0,20000.0,20000.0,20000.0,13940
37306,20000.0,20000.0,20000.0,20000.0,13940
37311,20000.0,20000.0,20000.0,20000.0,13940
37316,20000.0,20000.0,20000.0,20000.0,13940
37321,20000.0,20000.0,20000.0,20000.0,13950
37326,20000.0,20000.0,20000.0,20000.0,13950
37331,20000.0,20000.0,20000.0,20000.0,13950
37336,20000.0,20000.0,20000.0,20000.0,13950
37341,20000.0,20000.0,20000.0,20000.0,13950
37346,20000.0,20000.0,20000.0,20000.0,13952
37351,20000.0,20000.0,20000.0,20000.0,13960
37356,20000.0,20000.0,20000.0,20000.0,13960
37361,20000.0,20000.0,20000.0,20000.0,13960
37366,20000.0,20000.0,20000.0,20000.0,13960
37371,20000.0,20000.0,20000.0,20000.0,13960
37376,20000.0,20000.0,20000.0,20000.0,13970
37381,20000.0,20000.0,20000.0,20000.0,13970
37386,20000.0,20000.0,20000.0,20000.0,13970
37391,20000.0,20000.0,20000.0,20000.0,13970
37396,20000.0,20000.0,20000.0,20000.0,13970
37401,20000.0,20000.0,20000.0,20000.0,13978
37406,20000.0,20000.0,20000.0,20000.0,13980
37411,20000.0,20000.0,20000.0,20000.0,13980
37416,20000.0,20000.0,20000.0,20000.0,13980
37421,20000.0,20000.0,20000.0,20000.0,13980
37426,20000.0,20000.0,20000.0,20000.0,13985
37431,20000.0,20000.0,20000.0,20000.0,13990
37436,20000.0,20000.0,20000.0,20000.0,13990
37441,20000.0,20000.0,20000.0,20000.0,13990
37446,20000.0,20000.0,20000.0,20000.0,13990
37451,20000.0,20000.0,20000.0,20000.0,13990
37456,20000.0,20000.0,20000.0,20000.0,14000
37461,20000.0,20000.0,20000.0,20000.0,14000
37466,20000.0,20000.0,20000.0,20000.0,14000
37471,20000.0,20000.0,20000.0,20000.0,14000
37476,20000.0,20000.0,20000.0,20000.0,14000
37481,20000.0,20000.0,20000.0,20000.0,14010
37486,20000.0,20000.0,20000.0,20000.0,14010
37491,20000.0,20000.0,20000.0,20000.0,14010
37496,20000.0,20000.0,20000.0,20000.0,14010
37501,20000.0,20000.0,20000.0,20000.0,14010
37506,20000.0,20000.0,20000.0,20000.0,14012
37511,20000.0,20000.0,20000.0,20000.0,14020
37516,20000.0,20000.0,20000.0,20000.0,14020
37521,20000.0,20000.0,20000.0,20000.0,14020
37526,20000.0,20000.0,20000.0,20000.0,14020
37531,20000.0,20000.0,20000.0,20000.0,14020
37536,20000.0,20000.0,20000.0,20000.0,14030
37541,20000.0,20000.0,20000.0,20000.0,14030
37546,20000.0,20000.0,20000.0,20000.0,14030
37551,20000.0,20000.0,20000.0,20000.0,14030
37556,20000.0,20000.0,20000.0,20000.0,14030
37561,20000.0,20000.0,20000.0,20000.0,14040
37566,20000.0,20000.0,20000.0,20000.0,14040
37571,20000.0,20000.0,20000.0,20000.0,14040
37576,20000.0,20000.0,20000.0,20000.0,14040
37581,20000.0,20000.0,20000.0,20000.0,14040
37586,20000.0,20000.0,20000.0,20000.0,14048
37591,20000.0,20000.0,20000.0,20000.0,14050
37596,20000.0,20000.0,20000.0,20000.0,14050
37601,20000.0,20000.0,20000.0,20000.0,14050
37606,20000.0,20000.0,20000.0,20000.0,14050
37611,20000.0,20000.0,20000.0,20000.0,14052
37616,20000.0,20000.0,20000.0,20000.0,14060
37621,20000.0,20000.0,20000.0,20000.0,14060
37626,20000.0,20000.0,20000.0,20000.0,14060
37631,20000.0,20000.0,20000.0,20000.0,14060
37636,20000.0,20000.0,20000.0,20000.0,14060
37641,20000.0,20000.0,20000.0,20000.0,14069
37646,20000.0,20000.0,20000.0,20000.0,14070
37651,20000.0,20000.0,20000.0,20000.0,14070
37656,20000.0,20000.0,20000.0,20000.0,14070
37661,20000.0,20000.0,20000.0,20000.0,14070
37666,20000.0,20000.0,20000.0,20000.0,14071
37671,20000.0,20000.0,20000.0,20000.0,14080
37676,20000.0,20000.0,20000.0,20000.0,14080
37681,20000.0,20000.0,20000.0,20000.0,14080
37686,20000.0,20000.0,20000.0,20000.0,14080
37691,20000.0,20000.0,20000.0,20000.0,14080
37696,20000.0,20000.0,20000.0,20000.0,14090
37701,20000.0,20000.0,20000.0,20000.0,14090
37706,20000.0,20000.0,20000.0,20000.0,14090
37711,20000.0,20000.0,20000.0,20000.0,14090
37716,20000.0,20000.0,20000.0,20000.0,14090
37721,20000.0,20000.0,20000.0,20000.0,14099
37726,20000.0,20000.0,20000.0,20000.0,14100
37731,20000.0,20000.0,20000.0,20000.0,14100
37736,20000.0,20000.0,20000.0,20000.0,14100
37741,20000.0,20000.0,20000.0,20000.0,14100
37746,20000.0,20000.0,20000.0,20000.0,14105
37751,20000.0,20000.0,20000.0,20000.0,14110
37756,20000.0,20000.0,20000.0,20000.0,14110
37761,20000.0,20000.0,20000.0,20000.0,14110
37766,20000.0,20000.0,20000.0,20000.0,14110
37771,20000.0,20000.0,20000.0,20000.0,14110
37776,20000.0,20000.0,20000.0,20000.0,14120
37781,20000.0,20000.0,20000.0,20000.0,14120
37786,20000.0,20000.0,20000.0,20000.0,14120
37791,20000.0,20000.0,20000.0,20000.0,14120
37796,20000.0,20000.0,20000.0,20000.0,14120
37801,20000.0,20000.0,20000.0,20000.0,14129
37806,20000.0,20000.0,20000.0,20000.0,14130
37811,20000.0,20000.0,20000.0,20000.0,14130
37816,20000.0,20000.0,20000.0,20000.0,14130
37821,20000.0,20000.0,20000.0,20000.0,14130
37826,20000.0,20000.0,20000.0,20000.0,14131
37831,20000.0,20000.0,20000.0,20000.0,14140
37836,20000.0,20000.0,20000.0,20000.0,14140
37841,20000.0,20000.0,20000.0,20000.0,14140
37846,20000.0,20000.0,20000.0,20000.0,14140
37851,20000.0,20000.0,20000.0,20000.0,14140
37856,20000.0,20000.0,20000.0,20000.0,14149
37861,20000.0,20000.0,20000.0,20000.0,14150
37866,20000.0,20000.0,20000.0,20000.0,14150
37871,20000.0,20000.0,20000.0,20000.0,14150
37876,20000.0,20000.0,20000.0,20000.0,14150
37881,20000.0,20000.0,20000.0,20000.0,14155
37886,20000.0,20000.0,20000.0,20000.0,14160
37891,20000.0,20000.0,20000.0,20000.0,14160
37896,20000.0,20000.0,20000.0,20000.0,14160
37901,20000.0,20000.0,20000.0,20000.0,14160
37906,20000.0,20000.0,20000.0,20000.0,14160
37911,20000.0,20000.0,20000.0,20000.0,14170
37916,20000.0,20000.0,20000.0,20000.0,14170
37921,20000.0,20000.0,20000.0,20000.0,14170
37926,20000.0,20000.0,20000.0,20000.0,14170
37931,20000.0,20000.0,20000.0,20000.0,14170
37936,20000.0,20000.0,20000.0,20000.0,14179
37941,20000.0,20000.0,20000.0,20000.0,14180
37946,20000.0,20000.0,20000.0,20000.0,14180
37951,20000.0,20000.0,20000.0,20000.0,14180
37956,20000.0,20000.0,20000.0,20000.0,14180
37961,20000.0,20000.0,20000.0,20000.0,14187
37966,20000.0,20000.0,20000.0,20000.0,14190
37971,20000.0,20000.0,20000.0,20000.0,14190
37976,20000.0,20000.0,20000.0,20000.0,14190
37981,20000.0,20000.0,20000.0,20000.0,14190
37986,20000.0,20000.0,20000.0,20000.0,14190
37991,20000.0,20000.0,20000.0,20000.0,14200
37996,20000.0,20000.0,20000.0,20000.0,14200
38001,20000.0,20000.0,20000.0,20000.0,14200
38006,20000.0,20000.0,20000.0,20000.0,14200
38011,20000.0,20000.0,20000.0,20000.0,14200
38016,20000.0,20000.0,20000.0,20000.0,14210
38021,20000.0,20000.0,20000.0,20000.0,14210
38026,20000.0,20000.0,20000.0,20000.0,14210
38031,20000.0,20000.0,20000.0,20000.0,14210
38036,20000.0,20000.0,20000.0,20000.0,14210
38041,20000.0,20000.0,20000.0,20000.0,14218
38046,20000.0,20000.0,20000.0,20000.0,14220
38051,20000.0,20000.0,20000.0,20000.0,14220
38056,20000.0,20000.0,20000.0,20000.0,14220
38061,20000.0,20000.0,20000.0,20000.0,14220
38066,20000.0,20000.0,20000.0,20000.0,14224
38071,20000.0,20000.0,20000.0,20000.0,14230
38076,20000.0,20000.0,20000.0,20000.0,14230
38081,20000.0,20000.0,20000.0,20000.0,14230
38086,20000.0,20000.0,20000.0,20000.0,14230
38091,20000.0,20000.0,20000.0,20000.0,14231
38096,20000.0,20000.0,20000.0,20000.0,14240
38101,20000.0,20000.0,20000.0,20000.0,14240
38106,20000.0,20000.0,20000.0,20000.0,14240
38111,20000.0,20000.0,20000.0,20000.0,14240
38116,20000.0,20000.0,20000.0,20000.0,14240
38121,20000.0,20000.0,20000.0,20000.0,14250
38126,20000.0,20000.0,20000.0,20000.0,14250
38131,20000.0,20000.0,20000.0,20000.0,14250
38136,20000.0,20000.0,20000.0,20000.0,14250
38141,20000.0,20000.0,20000.0,20000.0,14250
38146,20000.0,20000.0,20000.0,20000.0,14253
38151,20000.0,20000.0,20000.0,20000.0,14260
38156,20000.0,20000.0,20000.0,20000.0,14260
38161,20000.0,20000.0,20000.0,20000.0,14260
38166,20000.0,20000.0,20000.0,20000.0,14260
38171,20000.0,20000.0,20000.0,20000.0,14261
38176,20000.0,20000.0,20000.0,20000.0,14270
38181,20000.0,20000.0,20000.0,20000.0,14270
38186,20000.0,20000.0,20000.0,20000.0,14270
38191,20000.0,20000.0,20000.0,20000.0,14270
38196,20000.0,20000.0,20000.0,20000.0,14270
38201,20000.0,20000.0,20000.0,20000.0,14279
38206,20000.0,20000.0,20000.0,20000.0,14280
38211,20000.0,20000.0,20000.0,20000.0,14280
38216,20000.0,20000.0,20000.0,20000.0,14280
38221,20000.0,20000.0,20000.0,20000.0,14280
38226,20000.0,20000.0,20000.0,20000.0,14284
38231,20000.0,20000.0,20000.0,20000.0,14290
38236,20000.0,20000.0,20000.0,20000.0,14290
38241,20000.0,20000.0,20000.0,20000.0,14290
38246,20000.0,20000.0,20000.0,20000.0,14290
38251,20000.0,20000.0,20000.0,20000.0,14290
38256,20000.0,20000.0,20000.0,20000.0,14300
38261,20000.0,20000.0,20000.0,20000.0,14300
38266,20000.0,20000.0,20000.0,20000.0,14300
38271,20000.0,20000.0,20000.0,20000.0,14300
38276,20000.0,20000.0,20000.0,20000.0,14300
38281,20000.0,20000.0,20000.0,20000.0,14309
38286,20000.0,20000.0,20000.0,20000.0,14310
38291,20000.0,20000.0,20000.0,20000.0,14310
38296,20000.0,20000.0,20000.0,20000.0,14310
38301,20000.0,20000.0,20000.0,20000.0,14310
38306,20000.0,20000.0,20000.0,20000.0,14312
38311,20000.0,20000.0,20000.0,20000.0,14320
38316,20000.0,20000.0,20000.0,20000.0,14320
38321,20000.0,20000.0,20000.0,20000.0,14320
38326,20000.0,20000.0,20000.0,20000.0,14320
38331,20000.0,20000.0,20000.0,20000.0,14320
38336,20000.0,20000.0,20000.0,20000.0,14330
38341,20000.0,20000.0,20000.0,20000.0,14330
38346,20000.0,20000.0,20000.0,20000.0,14330
38351,20000.0,20000.0,20000.0,20000.0,14330
38356,20000.0,20000.0,20000.0,20000.0,14330
38361,20000.0,20000.0,20000.0,20000.0,14340
38366,20000.0,20000.0,20000.0,20000.0,14340
38371,20000.0,20000.0,20000.0,20000.0,14340
38376,20000.0,20000.0,20000.0,20000.0,14340
38381,20000.0,20000.0,20000.0,20000.0,14340
38386,20000.0,20000.0,20000.0,20000.0,14344
38391,20000.0,20000.0,20000.0,20000.0,14350
38396,20000.0,20000.0,20000.0,20000.0,14350
38401,20000.0,20000.0,20000.0,20000.0,14350
38406,20000.0,20000.0,20000.0,20000.0,14350
38411,20000.0,20000.0,20000.0,20000.0,14350
38416,20000.0,20000.0,20000.0,20000.0,14360
38421,20000.0,20000.0,20000.0,20000.0,14360
38426,20000.0,20000.0,20000.0,20000.0,14360
38431,20000.0,20000.0,20000.0,20000.0,14360
38436,20000.0,20000.0,20000.0,20000.0,14360
38441,20000.0,20000.0,20000.0,20000.0,14367
38446,20000.0,20000.0,20000.0,20000.0,14370
38451,20000.0,20000.0,20000.0,20000.0,14370
38456,20000.0,20000.0,20000.0,20000.0,14370
38461,20000.0,20000.0,20000.0,20000.0,14370
38466,20000.0,20000.0,20000.0,20000.0,14371
38471,20000.0,20000.0,20000.0,20000.0,14380
38476,20000.0,20000.0,20000.0,20000.0,14380
38481,20000.0,20000.0,20000.0,20000.0,14380
38486,20000.0,20000.0,20000.0,20000.0,14380
38491,20000.0,20000.0,20000.0,20000.0,14380
38496,20000.0,20000.0,20000.0,20000.0,14390
38501,20000.0,20000.0,20000.0,20000.0,14390
38506,20000.0,20000.0,20000.0,20000.0,14390
38511,20000.0,20000.0,20000.0,20000.0,14390
38516,20000.0,20000.0,20000.0,20000.0,14390
38521,20000.0,20000.0,20000.0,20000.0,14392
38526,20000.0,20000.0,20000.0,20000.0,14400
38531,20000.0,20000.0,20000.0,20000.0,14400
38536,20000.0,20000.0,20000.0,20000.0,14400
38541,20000.0,20000.0,20000.0,20000.0,14400
38546,20000.0,20000.0,20000.0,20000.0,14400
38551,20000.0,20000.0,20000.0,20000.0,14410
38556,20000.0,20000.0,20000.0,20000.0,14410
38561,20000.0,20000.0,20000.0,20000.0,14410
38566,20000.0,20000.0,20000.0,20000.0,14410
38571,20000.0,20000.0,20000.0,20000.0,14410
38576,20000.0,20000.0,20000.0,20000.0,14420
38581,20000.0,20000.0,20000.0,20000.0,14420
38586,20000.0,20000.0,20000.0,20000.0,14420
38591,20000.0,20000.0,20000.0,20000.0,14420
38596,20000.0,20000.0,20000.0,20000.0,14420
38601,20000.0,20000.0,20000.0,20000.0,14421
38606,20000.0,20000.0,20000.0,20000.0,14430
38611,20000.0,20000.0,20000.0,20000.0,14430
38616,20000.0,20000.0,20000.0,20000.0,14430
38621,20000.0,20000.0,20000.0,20000.0,14430
38626,20000.0,20000.0,20000.0,20000.0,14431
38631,20000.0,20000.0,20000.0,20000.0,14440
38636,20000.0,20000.0,20000.0,20000.0,14440
38641,20000.0,20000.0,20000.0,20000.0,14440
38646,20000.0,20000.0,20000.0,20000.0,14440
38651,20000.0,20000.0,20000.0,20000.0,14440
38656,20000.0,20000.0,20000.0,20000.0,14449
38661,20000.0,20000.0,20000.0,20000.0,14450
38666,20000.0,20000.0,20000.0,20000.0,14450
38671,20000.0,20000.0,20000.0,20000.0,14450
38676,20000.0,20000.0,20000.0,20000.0,14450
38681,20000.0,20000.0,20000.0,20000.0,14450
38686,20000.0,20000.0,20000.0,20000.0,14460
38691,20000.0,20000.0,20000.0,20000.0,14460
38696,20000.0,20000.0,20000.0,20000.0,14460
38701,20000.0,20000.0,20000.0,20000.0,14460
38706,20000.0,20000.0,20000.0,20000.0,14460
38711,20000.0,20000.0,20000.0,20000.0,14469
38716,20000.0,20000.0,20000.0,20000.0,14470
38721,20000.0,20000.0,20000.0,20000.0,14470
38726,20000.0,20000.0,20000.0,20000.0,14470
38731,20000.0,20000.0,20000.0,20000.0,14470
38736,20000.0,20000.0,20000.0,20000.0,14475
38741,20000.0,20000.0,20000.0,20000.0,14480
38746,20000.0,20000.0,20000.0,20000.0,14480
38751,20000.0,20000.0,20000.0,20000.0,14480
38756,20000.0,20000.0,20000.0,20000.0,14480
38761,20000.0,20000.0,20000.0,20000.0,14481
38766,20000.0,20000.0,20000.0,20000.0,14490
38771,20000.0,20000.0,20000.0,20000.0,14490
38776,20000.0,20000.0,20000.0,20000.0,14490
38781,20000.0,20000.0,20000.0,20000.0,14490
38786,20000.0,20000.0,20000.0,20000.0,14490
38791,20000.0,20000.0,20000.0,20000.0,14499
38796,20000.0,20000.0,20000.0,20000.0,14500
38801,20000.0,20000.0,20000.0,20000.0,14500
38806,20000.0,20000.0,20000.0,20000.0,14500
38811,20000.0,20000.0,20000.0,20000.0,14500
38816,20000.0,20000.0,20000.0,20000.0,14505
38821,20000.0,20000.0,20000.0,20000.0,14510
38826,20000.0,20000.0,20000.0,20000.0,14510
38831,20000.0,20000.0,20000.0,20000.0,14510
38836,20000.0,20000.0,20000.0,20000.0,14510
38841,20000.0,20000.0,20000.0,20000.0,14510
38846,20000.0,20000.0,20000.0,20000.0,14520
38851,20000.0,20000.0,20000.0,20000.0,14520
38856,20000.0,20000.0,20000.0,20000.0,14520
38861,20000.0,20000.0,20000.0,20000.0,14520
38866,20000.0,20000.0,20000.0,20000.0,14520
38871,20000.0,20000.0,20000.0,20000.0,14529
38876,20000.0,20000.0,20000.0,20000.0,14530
38881,20000.0,20000.0,20000.0,20000.0,14530
38886,20000.0,20000.0,20000.0,20000.0,14530
38891,20000.0,20000.0,20000.0,20000.0,14530
38896,20000.0,20000.0,20000.0,20000.0,14533
38901,20000.0,20000.0,20000.0,20000.0,14540
38906,20000.0,20000.0,20000.0,20000.0,14540
38911,20000.0,20000.0,20000.0,20000.0,14540
38916,20000.0,20000.0,20000.0,20000.0,14540
38921,20000.0,20000.0,20000.0,20000.0,14540
38926,20000.0,20000.0,20000.0,20000.0,14550
38931,20000.0,20000.0,20000.0,20000.0,14550
38936,20000.0,20000.0,20000.0,20000.0,14550
38941,20000.0,20000.0,20000.0,20000.0,14550
38946,20000.0,20000.0,20000.0,20000.0,14550
38951,20000.0,20000.0,20000.0,20000.0,14557
38956,20000.0,20000.0,20000.0,20000.0,14560
38961,20000.0,20000.0,20000.0,20000.0,14560
38966,20000.0,20000.0,20000.0,20000.0,14560
38971,20000.0,20000.0,20000.0,20000.0,14560
38976,20000.0,20000.0,20000.0,20000.0,14560
38981,20000.0,20000.0,20000.0,20000.0,14570
38986,20000.0,20000.0,20000.0,20000.0,14570
38991,20000.0,20000.0,20000.0,20000.0,14570
38996,20000.0,20000.0,20000.0,20000.0,14570
39001,20000.0,20000.0,20000.0,20000.0,14570
39006,20000.0,20000.0,20000.0,20000.0,14578
39011,20000.0,20000.0,20000.0,20000.0,14580
39016,20000.0,20000.0,20000.0,20000.0,14580
39021,20000.0,20000.0,20000.0,20000.0,14580
39026,20000.0,20000.0,20000.0,20000.0,14580
39031,20000.0,20000.0,20000.0,20000.0,14583
39036,20000.0,20000.0,20000.0,20000.0,14590
39041,20000.0,20000.0,20000.0,20000.0,14590
39046,20000.0,20000.0,20000.0,20000.0,14590
39051,20000.0,20000.0,20000.0,20000.0,14590
39056,20000.0,20000.0,20000.0,20000.0,14590
39061,20000.0,20000.0,20000.0,20000.0,14600
39066,20000.0,20000.0,20000.0,20000.0,14600
39071,20000.0,20000.0,20000.0,20000.0,14600
39076,20000.0,20000.0,20000.0,20000.0,14600
39081,20000.0,20000.0,20000.0,20000.0,14600
39086,20000.0,20000.0,20000.0,20000.0,14609
39091,20000.0,20000.0,20000.0,20000.0,14610
39096,20000.0,20000.0,20000.0,20000.0,14610
39101,20000.0,20000.0,20000.0,20000.0,14610
39106,20000.0,20000.0,20000.0,20000.0,14610
39111,20000.0,20000.0,20000.0,20000.0,14615
39116,20000.0,20000.0,20000.0,20000.0,14620
39121,20000.0,20000.0,20000.0,20000.0,14620
39126,20000.0,20000.0,20000.0,20000.0,14620
39131,20000.0,20000.0,20000.0,20000.0,14620
39136,20000.0,20000.0,20000.0,20000.0,14620
39141,20000.0,20000.0,20000.0,20000.0,14630
39146,20000.0,20000.0,20000.0,20000.0,14630
39151,20000.0,20000.0,20000.0,20000.0,14630
39156,20000.0,20000.0,20000.0,20000.0,14630
39161,20000.0,20000.0,20000.0,20000.0,14630
39166,20000.0,20000.0,20000.0,20000.0,14635
39171,20000.0,20000.0,20000.0,20000.0,14640
39176,20000.0,20000.0,20000.0,20000.0,14640
39181,20000.0,20000.0,20000.0,20000.0,14640
39186,20000.0,20000.0,20000.0,20000.0,14640
39191,20000.0,20000.0,20000.0,20000.0,14640
39196,20000.0,20000.0,20000.0,20000.0,14650
39201,20000.0,20000.0,20000.0,20000.0,14650
39206,20000.0,20000.0,20000.0,20000.0,14650
39211,20000.0,20000.0,20000.0,20000.0,14650
39216,20000.0,20000.0,20000.0,20000.0,14650
39221,20000.0,20000.0,20000.0,20000.0,14658
39226,20000.0,20000.0,20000.0,20000.0,14660
39231,20000.0,20000.0,20000.0,20000.0,14660
39236,20000.0,20000.0,20000.0,20000.0,14660
39241,20000.0,20000.0,20000.0,20000.0,14660
39246,20000.0,20000.0,20000.0,20000.0,14660
39251,20000.0,20000.0,20000.0,20000.0,14670
39256,20000.0,20000.0,20000.0,20000.0,14670
39261,20000.0,20000.0,20000.0,20000.0,14670
39266,20000.0,20000.0,20000.0,20000.0,14670
39271,20000.0,20000.0,20000.0,20000.0,14670
39276,20000.0,20000.0,20000.0,20000.0,14680
39281,20000.0,20000.0,20000.0,20000.0,14680
39286,20000.0,20000.0,20000.0,20000.0,14680
39291,20000.0,20000.0,20000.0,20000.0,14680
39296,20000.0,20000.0,20000.0,20000.0,14680
39301,20000.0,20000.0,20000.0,20000.0,14686
39306,20000.0,20000.0,20000.0,20000.0,14690
39311,20000.0,20000.0,20000.0,20000.0,14690
39316,20000.0,20000.0,20000.0,20000.0,14690
39321,20000.0,20000.0,20000.0,20000.0,14690
39326,20000.0,20000.0,20000.0,20000.0,14690
39331,20000.0,20000.0,20000.0,20000.0,14700
39336,20000.0,20000.0,20000.0,20000.0,14700
39341,20000.0,20000.0,20000.0,20000.0,14700
39346,20000.0,20000.0,20000.0,20000.0,14700
39351,20000.0,20000.0,20000.0,20000.0,14700
39356,20000.0,20000.0,20000.0,20000.0,14710
39361,20000.0,20000.0,20000.0,20000.0,14710
39366,20000.0,20000.0,20000.0,20000.0,14710
39371,20000.0,20000.0,20000.0,20000.0,14710
39376,20000.0,20000.0,20000.0,20000.0,14710
39381,20000.0,20000.0,20000.0,20000.0,14717
39386,20000.0,20000.0,20000.0,20000.0,14720
39391,20000.0,20000.0,20000.0,20000.0,14720
39396,20000.0,20000.0,20000.0,20000.0,14720
39401,20000.0,20000.0,20000.0,20000.0,14720
39406,20000.0,20000.0,20000.0,20000.0,14720
39411,20000.0,20000.0,20000.0,20000.0,14730
39416,20000.0,20000.0,20000.0,20000.0,14730
39421,20000.0,20000.0,20000.0,20000.0,14730
39426,20000.0,20000.0,20000.0,20000.0,14730
39431,20000.0,20000.0,20000.0,20000.0,14730
39436,20000.0,20000.0,20000.0,20000.0,14734
39441,20000.0,20000.0,20000.0,20000.0,14740
39446,20000.0,20000.0,20000.0,20000.0,14740
39451,20000.0,20000.0,20000.0,20000.0,14740
39456,20000.0,20000.0,20000.0,20000.0,14740
39461,20000.0,20000.0,20000.0,20000.0,14740
39466,20000.0,20000.0,20000.0,20000.0,14750
39471,20000.0,20000.0,20000.0,20000.0,14750
39476,20000.0,20000.0,20000.0,20000.0,14750
39481,20000.0,20000.0,20000.0,20000.0,14750
39486,20000.0,20000.0,20000.0,20000.0,14750
39491,20000.0,20000.0,20000.0,20000.0,14760
39496,20000.0,20000.0,20000.0,20000.0,14760
39501,20000.0,20000.0,20000.0,20000.0,14760
39506,20000.0,20000.0,20000.0,20000.0,14760
39511,20000.0,20000.0,20000.0,20000.0,14760
39516,20000.0,20000.0,20000.0,20000.0,14766
39521,20000.0,20000.0,20000.0,20000.0,14770
39526,20000.0,20000.0,20000.0,20000.0,14770
39531,20000.0,20000.0,20000.0,20000.0,14770
39536,20000.0,20000.0,20000.0,20000.0,14770
39541,20000.0,20000.0,20000.0,20000.0,14771
39546,20000.0,20000.0,20000.0,20000.0,14780
39551,20000.0,20000.0,20000.0,20000.0,14780
39556,20000.0,20000.0,20000.0,20000.0,14780
39561,20000.0,20000.0,20000.0,20000.0,14780
39566,20000.0,20000.0,20000.0,20000.0,14780
39571,20000.0,20000.0,20000.0,20000.0,14788
39576,20000.0,20000.0,20000.0,20000.0,14790
39581,20000.0,20000.0,20000.0,20000.0,14790
39586,20000.0,20000.0,20000.0,20000.0,14790
39591,20000.0,20000.0,20000.0,20000.0,14790
39596,20000.0,20000.0,20000.0,20000.0,14790
39601,20000.0,20000.0,20000.0,20000.0,14800
39606,20000.0,20000.0,20000.0,20000.0,14800
39611,20000.0,20000.0,20000.0,20000.0,14800
39616,20000.0,20000.0,20000.0,20000.0,14800
39621,20000.0,20000.0,20000.0,20000.0,14800
39626,20000.0,20000.0,20000.0,20000.0,14810
39631,20000.0,20000.0,20000.0,20000.0,14810
39636,20000.0,20000.0,20000.0,20000.0,14810
39641,20000.0,20000.0,20000.0,20000.0,14810
39646,20000.0,20000.0,20000.0,20000.0,14810
39651,20000.0,20000.0,20000.0,20000.0,14816
39656,20000.0,20000.0,20000.0,20000.0,14820
39661,20000.0,20000.0,20000.0,20000.0,14820
39666,20000.0,20000.0,20000.0,20000.0,14820
39671,20000.0,20000.0,20000.0,20000.0,14820
39676,20000.0,20000.0,20000.0,20000.0,14820
39681,20000.0,20000.0,20000.0,20000.0,14830
39686,20000.0,20000.0,20000.0,20000.0,14830
39691,20000.0,20000.0,20000.0,20000.0,14830
39696,20000.0,20000.0,20000.0,20000.0,14830
39701,20000.0,20000.0,20000.0,20000.0,14830
39706,20000.0,20000.0,20000.0,20000.0,14840
39711,20000.0,20000.0,20000.0,20000.0,14840
39716,20000.0,20000.0,20000.0,20000.0,14840
39721,20000.0,20000.0,20000.0,20000.0,14840
39726,20000.0,20000.0,20000.0,20000.0,14840
39731,20000.0,20000.0,20000.0,20000.0,14844
39736,20000.0,20000.0,20000.0,20000.0,14850
39741,20000.0,20000.0,20000.0,20000.0,14850
39746,20000.0,20000.0,20000.0,20000.0,14850
39751,20000.0,20000.0,20000.0,20000.0,14850
39756,20000.0,20000.0,20000.0,20000.0,14850
39761,20000.0,20000.0,20000.0,20000.0,14860
39766,20000.0,20000.0,20000.0,20000.0,14860
39771,20000.0,20000.0,20000.0,20000.0,14860
39776,20000.0,20000.0,20000.0,20000.0,14860
39781,20000.0,20000.0,20000.0,20000.0,14860
39786,20000.0,20000.0,20000.0,20000.0,14867
39791,20000.0,20000.0,20000.0,20000.0,14870
39796,20000.0,20000.0,20000.0,20000.0,14870
39801,20000.0,20000.0,20000.0,20000.0,14870
39806,20000.0,20000.0,20000.0,20000.0,14870
39811,20000.0,20000.0,20000.0,20000.0,14872
39816,20000.0,20000.0,20000.0,20000.0,14880
39821,20000.0,20000.0,20000.0,20000.0,14880
39826,20000.0,20000.0,20000.0,20000.0,14880
39831,20000.0,20000.0,20000.0,20000.0,14880
39836,20000.0,20000.0,20000.0,20000.0,14880
39841,20000.0,20000.0,20000.0,20000.0,14890
39846,20000.0,20000.0,20000.0,20000.0,14890
39851,20000.0,20000.0,20000.0,20000.0,14890
39856,20000.0,20000.0,20000.0,20000.0,14890
39861,20000.0,20000.0,20000.0,20000.0,14890
39866,20000.0,20000.0,20000.0,20000.0,14898
39871,20000.0,20000.0,20000.0,20000.0,14900
39876,20000.0,20000.0,20000.0,20000.0,14900
39881,20000.0,20000.0,20000.0,20000.0,14900
39886,20000.0,20000.0,20000.0,20000.0,14900
39891,20000.0,20000.0,20000.0,20000.0,14902
39896,20000.0,20000.0,20000.0,20000.0,14910
39901,20000.0,20000.0,20000.0,20000.0,14910
39906,20000.0,20000.0,20000.0,20000.0,14910
39911,20000.0,20000.0,20000.0,20000.0,14910
39916,20000.0,20000.0,20000.0,20000.0,14911
39921,20000.0,20000.0,20000.0,20000.0,14920
39926,20000.0,20000.0,20000.0,20000.0,14920
39931,20000.0,20000.0,20000.0,20000.0,14920
39936,20000.0,20000.0,20000.0,20000.0,14920
39941,20000.0,20000.0,20000.0,20000.0,14920
39946,20000.0,20000.0,20000.0,20000.0,14930
39951,20000.0,20000.0,20000.0,20000.0,14930
39956,20000.0,20000.0,20000.0,20000.0,14930
39961,20000.0,20000.0,20000.0,20000.0,14930
39966,20000.0,20000.0,20000.0,20000.0,14930
39971,20000.0,20000.0,20000.0,20000.0,14936
39976,20000.0,20000.0,20000.0,20000.0,14940
39981,20000.0,20000.0,20000.0,20000.0,14940
39986,20000.0,20000.0,20000.0,20000.0,14940
39991,20000.0,20000.0,20000.0,20000.0,14940
39996,20000.0,20000.0,20000.0,20000.0,14940
40001,20000.0,20000.0,20000.0,20000.0,14950
40006,20000.0,20000.0,20000.0,20000.0,14950
40011,20000.0,20000.0,20000.0,20000.0,14950
40016,20000.0,20000.0,20000.0,20000.0,14950
40021,20000.0,20000.0,20000.0,20000.0,14950
40026,20000.0,20000.0,20000.0,20000.0,14960
40031,20000.0,20000.0,20000.0,20000.0,14960
40036,20000.0,20000.0,20000.0,20000.0,14960
40041,20000.0,20000.0,20000.0,20000.0,14960
40046,20000.0,20000.0,20000.0,20000.0,14960
40051,20000.0,20000.0,20000.0,20000.0,14966
40056,20000.0,20000.0,20000.0,20000.0,14970
40061,20000.0,20000.0,20000.0,20000.0,14970
40066,20000.0,20000.0,20000.0,20000.0,14970
40071,20000.0,20000.0,20000.0,20000.0,14970
40076,20000.0,20000.0,20000.0,20000.0,14970
40081,20000.0,20000.0,20000.0,20000.0,14980
40086,20000.0,20000.0,20000.0,20000.0,14980
40091,20000.0,20000.0,20000.0,20000.0,14980
40096,20000.0,20000.0,20000.0,20000.0,14980
40101,20000.0,20000.0,20000.0,20000.0,14980
40106,20000.0,20000.0,20000.0,20000.0,14989
40111,20000.0,20000.0,20000.0,20000.0,14990
40116,20000.0,20000.0,20000.0,20000.0,14990
40121,20000.0,20000.0,20000.0,20000.0,14990
40126,20000.0,20000.0,20000.0,20000.0,14990
40131,20000.0,20000.0,20000.0,20000.0,14994
40136,20000.0,20000.0,20000.0,20000.0,15000
40141,20000.0,20000.0,20000.0,20000.0,15000
40146,20000.0,20000.0,20000.0,20000.0,15000
40151,20000.0,20000.0,20000.0,20000.0,15000
40156,20000.0,20000.0,20000.0,20000.0,15001
40161,20000.0,20000.0,20000.0,20000.0,15010
40166,20000.0,20000.0,20000.0,20000.0,15010
40171,20000.0,20000.0,20000.0,20000.0,15010
40176,20000.0,20000.0,20000.0,20000.0,15010
40181,20000.0,20000.0,20000.0,20000.0,15010
40186,20000.0,20000.0,20000.0,20000.0,15020
40191,20000.0,20000.0,20000.0,20000.0,15020
40196,20000.0,20000.0,20000.0,20000.0,15020
40201,20000.0,20000.0,20000.0,20000.0,15020
40206,20000.0,20000.0,20000.0,20000.0,15020
40211,20000.0,20000.0,20000.0,20000.0,15024
40216,20000.0,20000.0,20000.0,20000.0,15030
40221,20000.0,20000.0,20000.0,20000.0,15030
40226,20000.0,20000.0,20000.0,20000.0,15030
40231,20000.0,20000.0,20000.0,20000.0,15030
40236,20000.0,20000.0,20000.0,20000.0,15030
40241,20000.0,20000.0,20000.0,20000.0,15040
40246,20000.0,20000.0,20000.0,20000.0,15040
40251,20000.0,20000.0,20000.0,20000.0,15040
40256,20000.0,20000.0,20000.0,20000.0,15040
40261,20000.0,20000.0,20000.0,20000.0,15040
40266,20000.0,20000.0,20000.0,20000.0,15050
40271,20000.0,20000.0,20000.0,20000.0,15050
40276,20000.0,20000.0,20000.0,20000.0,15050
40281,20000.0,20000.0,20000.0,20000.0,15050
40286,20000.0,20000.0,20000.0,20000.0,15050
40291,20000.0,20000.0,20000.0,20000.0,15055
40296,20000.0,20000.0,20000.0,20000.0,15060
40301,20000.0,20000.0,20000.0,20000.0,15060
40306,20000.0,20000.0,20000.0,20000.0,15060
40311,20000.0,20000.0,20000.0,20000.0,15060
40316,20000.0,20000.0,20000.0,20000.0,15061
40321,20000.0,20000.0,20000.0,20000.0,15070
40326,20000.0,20000.0,20000.0,20000.0,15070
40331,20000.0,20000.0,20000.0,20000.0,15070
40336,20000.0,20000.0,20000.0,20000.0,15070
40341,20000.0,20000.0,20000.0,20000.0,15070
40346,20000.0,20000.0,20000.0,20000.0,15080
40351,20000.0,20000.0,20000.0,20000.0,15080
40356,20000.0,20000.0,20000.0,20000.0,15080
40361,20000.0,20000.0,20000.0,20000.0,15080
40366,20000.0,20000.0,20000.0,20000.0,15080
40371,20000.0,20000.0,20000.0,20000.0,15087
40376,20000.0,20000.0,20000.0,20000.0,15090
40381,20000.0,20000.0,20000.0,20000.0,15090
40386,20000.0,20000.0,20000.0,20000.0,15090
40391,20000.0,20000.0,20000.0,20000.0,15090
40396,20000.0,20000.0,20000.0,20000.0,15090
40401,20000.0,20000.0,20000.0,20000.0,15100
40406,20000.0,20000.0,20000.0,20000.0,15100
40411,20000.0,20000.0,20000.0,20000.0,15100
40416,20000.0,20000.0,20000.0,20000.0,15100
40421,20000.0,20000.0,20000.0,20000.0,15100
40426,20000.0,20000.0,20000.0,20000.0,15110
40431,20000.0,20000.0,20000.0,20000.0,15110
40436,20000.0,20000.0,20000.0,20000.0,15110
40441,20000.0,20000.0,20000.0,20000.0,15110
40446,20000.0,20000.0,20000.0,20000.0,15110
40451,20000.0,20000.0,20000.0,20000.0,15113
40456,20000.0,20000.0,20000.0,20000.0,15120
40461,20000.0,20000.0,20000.0,20000.0,15120
40466,20000.0,20000.0,20000.0,20000.0,15120
40471,20000.0,20000.0,20000.0,20000.0,15120
40476,20000.0,20000.0,20000.0,20000.0,15120
40481,20000.0,20000.0,20000.0,20000.0,15130
40486,20000.0,20000.0,20000.0,20000.0,15130
40491,20000.0,20000.0,20000.0,20000.0,15130
40496,20000.0,20000.0,20000.0,20000.0,15130
40501,20000.0,20000.0,20000.0,20000.0,15130
40506,20000.0,20000.0,20000.0,20000.0,15140
40511,20000.0,20000.0,20000.0,20000.0,15140
40516,20000.0,20000.0,20000.0,20000.0,15140
40521,20000.0,20000.0,20000.0,20000.0,15140
40526,20000.0,20000.0,20000.0,20000.0,15140
40531,20000.0,20000.0,20000.0,20000.0,15144
40536,20000.0,20000.0,20000.0,20000.0,15150
40541,20000.0,20000.0,20000.0,20000.0,15150
40546,20000.0,20000.0,20000.0,20000.0,15150
40551,20000.0,20000.0,20000.0,20000.0,15150
40556,20000.0,20000.0,20000.0,20000.0,15151
40561,20000.0,20000.0,20000.0,20000.0,15160
40566,20000.0,20000.0,20000.0,20000.0,15160
40571,20000.0,20000.0,20000.0,20000.0,15160
40576,20000.0,20000.0,20000.0,20000.0,15160
40581,20000.0,20000.0,20000.0,20000.0,15160
40586,20000.0,20000.0,20000.0,20000.0,15170
40591,20000.0,20000.0,20000.0,20000.0,15170
40596,20000.0,20000.0,20000.0,20000.0,15170
40601,20000.0,20000.0,20000.0,20000.0,15170
40606,20000.0,20000.0,20000.0,20000.0,15170
40611,20000.0,20000.0,20000.0,20000.0,15177
40616,20000.0,20000.0,20000.0,20000.0,15180
40621,20000.0,20000.0,20000.0,20000.0,15180
40626,20000.0,20000.0,20000.0,20000.0,15180
40631,20000.0,20000.0,20000.0,20000.0,15180
40636,20000.0,20000.0,20000.0,20000.0,15180
40641,20000.0,20000.0,20000.0,20000.0,15190
40646,20000.0,20000.0,20000.0,20000.0,15190
40651,20000.0,20000.0,20000.0,20000.0,15190
40656,20000.0,20000.0,20000.0,20000.0,15190
40661,20000.0,20000.0,20000.0,20000.0,15190
40666,20000.0,20000.0,20000.0,20000.0,15198
40671,20000.0,20000.0,20000.0,20000.0,15200
40676,20000.0,20000.0,20000.0,20000.0,15200
40681,20000.0,20000.0,20000.0,20000.0,15200
40686,20000.0,20000.0,20000.0,20000.0,15200
40691,20000.0,20000.0,20000.0,20000.0,15200
40696,20000.0,20000.0,20000.0,20000.0,15210
40701,20000.0,20000.0,20000.0,20000.0,15210
40706,20000.0,20000.0,20000.0,20000.0,15210
40711,20000.0,20000.0,20000.0,20000.0,15210
40716,20000.0,20000.0,20000.0,20000.0,15210
40721,20000.0,20000.0,20000.0,20000.0,15220
40726,20000.0,20000.0,20000.0,20000.0,15220
40731,20000.0,20000.0,20000.0,20000.0,15220
40736,20000.0,20000.0,20000.0,20000.0,15220
40741,20000.0,20000.0,20000.0,20000.0,15220
40746,20000.0,20000.0,20000.0,20000.0,15226
40751,20000.0,20000.0,20000.0,20000.0,15230
40756,20000.0,20000.0,20000.0,20000.0,15230
40761,20000.0,20000.0,20000.0,20000.0,15230
40766,20000.0,20000.0,20000.0,20000.0,15230
40771,20000.0,20000.0,20000.0,20000.0,15230
40776,20000.0,20000.0,20000.0,20000.0,15240
40781,20000.0,20000.0,20000.0,20000.0,15240
40786,20000.0,20000.0,20000.0,20000.0,15240
40791,20000.0,20000.0,20000.0,20000.0,15240
40796,20000.0,20000.0,20000.0,20000.0,15240
40801,20000.0,20000.0,20000.0,20000.0,15250
40806,20000.0,20000.0,20000.0,20000.0,15250
40811,20000.0,20000.0,20000.0,20000.0,15250
40816,20000.0,20000.0,20000.0,20000.0,15250
40821,20000.0,20000.0,20000.0,20000.0,15250
40826,20000.0,20000.0,20000.0,20000.0,15257
40831,20000.0,20000.0,20000.0,20000.0,15260
40836,20000.0,20000.0,20000.0,20000.0,15260
40841,20000.0,20000.0,20000.0,20000.0,15260
40846,20000.0,20000.0,20000.0,20000.0,15260
40851,20000.0,20000.0,20000.0,20000.0,15260
40856,20000.0,20000.0,20000.0,20000.0,15270
40861,20000.0,20000.0,20000.0,20000.0,15270
40866,20000.0,20000.0,20000.0,20000.0,15270
40871,20000.0,20000.0,20000.0,20000.0,15270
40876,20000.0,20000.0,20000.0,20000.0,15270
40881,20000.0,20000.0,20000.0,20000.0,15278
40886,20000.0,20000.0,20000.0,20000.0,15280
40891,20000.0,20000.0,20000.0,20000.0,15280
40896,20000.0,20000.0,20000.0,20000.0,15280
40901,20000.0,20000.0,20000.0,20000.0,15280
40906,20000.0,20000.0,20000.0,20000.0,15283
40911,20000.0,20000.0,20000.0,20000.0,15290
40916,20000.0,20000.0,20000.0,20000.0,15290
40921,20000.0,20000.0,20000.0,20000.0,15290
40926,20000.0,20000.0,20000.0,20000.0,15290
40931,20000.0,20000.0,20000.0,20000.0,15290
40936,20000.0,20000.0,20000.0,20000.0,15300
40941,20000.0,20000.0,20000.0,20000.0,15300
40946,20000.0,20000.0,20000.0,20000.0,15300
40951,20000.0,20000.0,20000.0,20000.0,15300
40956,20000.0,20000.0,20000.0,20000.0,15300
40961,20000.0,20000.0,20000.0,20000.0,15304
40966,20000.0,20000.0,20000.0,20000.0,15310
40971,20000.0,20000.0,20000.0,20000.0,15310
40976,20000.0,20000.0,20000.0,20000.0,15310
40981,20000.0,20000.0,20000.0,20000.0,15310
40986,20000.0,20000.0,20000.0,20000.0,15310
40991,20000.0,20000.0,20000.0,20000.0,15320
40996,20000.0,20000.0,20000.0,20000.0,15320
41001,20000.0,20000.0,20000.0,20000.0,15320
41006,20000.0,20000.0,20000.0,20000.0,15320
41011,20000.0,20000.0,20000.0,20000.0,15320
41016,20000.0,20000.0,20000.0,20000.0,15327
41021,20000.0,20000.0,20000.0,20000.0,15330
41026,20000.0,20000.0,20000.0,20000.0,15330
41031,20000.0,20000.0,20000.0,20000.0,15330
41036,20000.0,20000.0,20000.0,20000.0,15330
41041,20000.0,20000.0,20000.0,20000.0,15331
41046,20000.0,20000.0,20000.0,20000.0,15340
41051,20000.0,20000.0,20000.0,20000.0,15340
41056,20000.0,20000.0,20000.0,20000.0,15340
41061,20000.0,20000.0,20000.0,20000.0,15340
41066,20000.0,20000.0,20000.0,20000.0,15340
41071,20000.0,20000.0,20000.0,20000.0,15349
41076,20000.0,20000.0,20000.0,20000.0,15350
41081,20000.0,20000.0,20000.0,20000.0,15350
41086,20000.0,20000.0,20000.0,20000.0,15350
41091,20000.0,20000.0,20000.0,20000.0,15350
41096,20000.0,20000.0,20000.0,20000.0,15356
41101,20000.0,20000.0,20000.0,20000.0,15360
41106,20000.0,20000.0,20000.0,20000.0,15360
41111,20000.0,20000.0,20000.0,20000.0,15360
41116,20000.0,20000.0,20000.0,20000.0,15360
41121,20000.0,20000.0,20000.0,20000.0,15360
41126,20000.0,20000.0,20000.0,20000.0,15370
41131,20000.0,20000.0,20000.0,20000.0,15370
41136,20000.0,20000.0,20000.0,20000.0,15370
41141,20000.0,20000.0,20000.0,20000.0,15370
41146,20000.0,20000.0,20000.0,20000.0,15370
41151,20000.0,20000.0,20000.0,20000.0,15379
41156,20000.0,20000.0,20000.0,20000.0,15380
41161,20000.0,20000.0,20000.0,20000.0,15380
41166,20000.0,20000.0,20000.0,20000.0,15380
41171,20000.0,20000.0,20000.0,20000.0,15380
41176,20000.0,20000.0,20000.0,20000.0,15382
41181,20000.0,20000.0,20000.0,20000.0,15390
41186,20000.0,20000.0,20000.0,20000.0,15390
41191,20000.0,20000.0,20000.0,20000.0,15390
41196,20000.0,20000.0,20000.0,20000.0,15390
41201,20000.0,20000.0,20000.0,20000.0,15390
41206,20000.0,20000.0,20000.0,20000.0,15400
41211,20000.0,20000.0,20000.0,20000.0,15400
41216,20000.0,20000.0,20000.0,20000.0,15400
41221,20000.0,20000.0,20000.0,20000.0,15400
41226,20000.0,20000.0,20000.0,20000.0,15400
41231,20000.0,20000.0,20000.0,20000.0,15409
41236,20000.0,20000.0,20000.0,20000.0,15410
41241,20000.0,20000.0,20000.0,20000.0,15410
41246,20000.0,20000.0,20000.0,20000.0,15410
41251,20000.0,20000.0,20000.0,20000.0,15410
41256,20000.0,20000.0,20000.0,20000.0,15412
41261,20000.0,20000.0,20000.0,20000.0,15420
41266,20000.0,20000.0,20000.0,20000.0,15420
41271,20000.0,20000.0,20000.0,20000.0,15420
41276,20000.0,20000.0,20000.0,20000.0,15420
41281,20000.0,20000.0,20000.0,20000.0,15420
41286,20000.0,20000.0,20000.0,20000.0,15430
41291,20000.0,20000.0,20000.0,20000.0,15430
41296,20000.0,20000.0,20000.0,20000.0,15430
41301,20000.0,20000.0,20000.0,20000.0,15430
41306,20000.0,20000.0,20000.0,20000.0,15430
41311,20000.0,20000.0,20000.0,20000.0,15437
41316,20000.0,20000.0,20000.0,20000.0,15440
41321,20000.0,20000.0,20000.0,20000.0,15440
41326,20000.0,20000.0,20000.0,20000.0,15440
41331,20000.0,20000.0,20000.0,20000.0,15440
41336,20000.0,20000.0,20000.0,20000.0,15440
41341,20000.0,20000.0,20000.0,20000.0,15450
41346,20000.0,20000.0,20000.0,20000.0,15450
41351,20000.0,20000.0,20000.0,20000.0,15450
41356,20000.0,20000.0,20000.0,20000.0,15450
41361,20000.0,20000.0,20000.0,20000.0,15450
41366,20000.0,20000.0,20000.0,20000.0,15460
41371,20000.0,20000.0,20000.0,20000.0,15460
41376,20000.0,20000.0,20000.0,20000.0,15460
41381,20000.0,20000.0,20000.0,20000.0,15460
41386,20000.0,20000.0,20000.0,20000.0,15460
41391,20000.0,20000.0,20000.0,20000.0,15465
41396,20000.0,20000.0,20000.0,20000.0,15470
41401,20000.0,20000.0,20000.0,20000.0,15470
41406,20000.0,20000.0,20000.0,20000.0,15470
41411,20000.0,20000.0,20000.0,20000.0,15470
41416,20000.0,20000.0,20000.0,20000.0,15470
41421,20000.0,20000.0,20000.0,20000.0,15480
41426,20000.0,20000.0,20000.0,20000.0,15480
41431,20000.0,20000.0,20000.0,20000.0,15480
41436,20000.0,20000.0,20000.0,20000.0,15480
41441,20000.0,20000.0,20000.0,20000.0,15480
41446,20000.0,20000.0,20000.0,20000.0,15490
41451,20000.0,20000.0,20000.0,20000.0,15490
41456,20000.0,20000.0,20000.0,20000.0,15490
41461,20000.0,20000.0,20000.0,20000.0,15490
41466,20000.0,20000.0,20000.0,20000.0,15490
41471,20000.0,20000.0,20000.0,20000.0,15492
41476,20000.0,20000.0,20000.0,20000.0,15500
41481,20000.0,20000.0,20000.0,20000.0,15500
41486,20000.0,20000.0,20000.0,20000.0,15500
41491,20000.0,20000.0,20000.0,20000.0,15500
41496,20000.0,20000.0,20000.0,20000.0,15500
41501,20000.0,20000.0,20000.0,20000.0,15510
41506,20000.0,20000.0,20000.0,20000.0,15510
41511,20000.0,20000.0,20000.0,20000.0,15510
41516,20000.0,20000.0,20000.0,20000.0,15510
41521,20000.0,20000.0,20000.0,20000.0,15510
41526,20000.0,20000.0,20000.0,20000.0,15517
41531,20000.0,20000.0,20000.0,20000.0,15520
41536,20000.0,20000.0,20000.0,20000.0,15520
41541,20000.0,20000.0,20000.0,20000.0,15520
41546,20000.0,20000.0,20000.0,20000.0,15520
41551,20000.0,20000.0,20000.0,20000.0,15523
41556,20000.0,20000.0,20000.0,20000.0,15530
41561,20000.0,20000.0,20000.0,20000.0,15530
41566,20000.0,20000.0,20000.0,20000.0,15530
41571,20000.0,20000.0,20000.0,20000.0,15530
41576,20000.0,20000.0,20000.0,20000.0,15530
41581,20000.0,20000.0,20000.0,20000.0,15540
41586,20000.0,20000.0,20000.0,20000.0,15540
41591,20000.0,20000.0,20000.0,20000.0,15540
41596,20000.0,20000.0,20000.0,20000.0,15540
41601,20000.0,20000.0,20000.0,20000.0,15540
41606,20000.0,20000.0,20000.0,20000.0,15549
41611,20000.0,20000.0,20000.0,20000.0,15550
41616,20000.0,20000.0,20000.0,20000.0,15550
41621,20000.0,20000.0,20000.0,20000.0,15550
41626,20000.0,20000.0,20000.0,20000.0,15550
41631,20000.0,20000.0,20000.0,20000.0,15553
41636,20000.0,20000.0,20000.0,20000.0,15560
41641,20000.0,20000.0,20000.0,20000.0,15560
41646,20000.0,20000.0,20000.0,20000.0,15560
41651,20000.0,20000.0,20000.0,20000.0,15560
41656,20000.0,20000.0,20000.0,20000.0,15560
41661,20000.0,20000.0,20000.0,20000.0,15570
41666,20000.0,20000.0,20000.0,20000.0,15570
41671,20000.0,20000.0,20000.0,20000.0,15570
41676,20000.0,20000.0,20000.0,20000.0,15570
41681,20000.0,20000.0,20000.0,20000.0,15570
41686,20000.0,20000.0,20000.0,20000.0,15574
41691,20000.0,20000.0,20000.0,20000.0,15580
41696,20000.0,20000.0,20000.0,20000.0,15580
41701,20000.0,20000.0,20000.0,20000.0,15580
41706,20000.0,20000.0,20000.0,20000.0,15580
41711,20000.0,20000.0,20000.0,20000.0,15580
41716,20000.0,20000.0,20000.0,20000.0,15590
41721,20000.0,20000.0,20000.0,20000.0,15590
41726,20000.0,20000.0,20000.0,20000.0,15590
41731,20000.0,20000.0,20000.0,20000.0,15590
41736,20000.0,20000.0,20000.0,20000.0,15590
41741,20000.0,20000.0,20000.0,20000.0,15597
41746,20000.0,20000.0,20000.0,20000.0,15600
41751,20000.0,20000.0,20000.0,20000.0,15600
41756,20000.0,20000.0,20000.0,20000.0,15600
41761,20000.0,20000.0,20000.0,20000.0,15600
41766,20000.0,20000.0,20000.0,20000.0,15604
41771,20000.0,20000.0,20000.0,20000.0,15610
41776,20000.0,20000.0,20000.0,20000.0,15610
41781,20000.0,20000.0,20000.0,20000.0,15610
41786,20000.0,20000.0,20000.0,20000.0,15610
41791,20000.0,20000.0,20000.0,20000.0,15610
41796,20000.0,20000.0,20000.0,20000.0,15620
41801,20000.0,20000.0,20000.0,20000.0,15620
41806,20000.0,20000.0,20000.0,20000.0,15620
41811,20000.0,20000.0,20000.0,20000.0,15620
41816,20000.0,20000.0,20000.0,20000.0,15620
41821,20000.0,20000.0,20000.0,20000.0,15629
41826,20000.0,20000.0,20000.0,20000.0,15630
41831,20000.0,20000.0,20000.0,20000.0,15630
41836,20000.0,20000.0,20000.0,20000.0,15630
41841,20000.0,20000.0,20000.0,20000.0,15630
41846,20000.0,20000.0,20000.0,20000.0,15632
41851,20000.0,20000.0,20000.0,20000.0,15640
41856,20000.0,20000.0,20000.0,20000.0,15640
41861,20000.0,20000.0,20000.0,20000.0,15640
41866,20000.0,20000.0,20000.0,20000.0,15640
41871,20000.0,20000.0,20000.0,20000.0,15640
41876,20000.0,20000.0,20000.0,20000.0,15650
41881,20000.0,20000.0,20000.0,20000.0,15650
41886,20000.0,20000.0,20000.0,20000.0,15650
41891,20000.0,20000.0,20000.0,20000.0,15650
41896,20000.0,20000.0,20000.0,20000.0,15650
41901,20000.0,20000.0,20000.0,20000.0,15652
41906,20000.0,20000.0,20000.0,20000.0,15660
41911,20000.0,20000.0,20000.0,20000.0,15660
41916,20000.0,20000.0,20000.0,20000.0,15660
41921,20000.0,20000.0,20000.0,20000.0,15660
41926,20000.0,20000.0,20000.0,20000.0,15660
41931,20000.0,20000.0,20000.0,20000.0,15670
41936,20000.0,20000.0,20000.0,20000.0,15670
41941,20000.0,20000.0,20000.0,20000.0,15670
41946,20000.0,20000.0,20000.0,20000.0,15670
41951,20000.0,20000.0,20000.0,20000.0,15670
41956,20000.0,20000.0,20000.0,20000.0,15680
41961,20000.0,20000.0,20000.0,20000.0,15680
41966,20000.0,20000.0,20000.0,20000.0,15680
41971,20000.0,20000.0,20000.0,20000.0,15680
41976,20000.0,20000.0,20000.0,20000.0,15680
41981,20000.0,20000.0,20000.0,20000.0,15685
41986,20000.0,20000.0,20000.0,20000.0,15690
41991,20000.0,20000.0,20000.0,20000.0,15690
41996,20000.0,20000.0,20000.0,20000.0,15690
42001,20000.0,20000.0,20000.0,20000.0,15690
42006,20000.0,20000.0,20000.0,20000.0,15690
42011,20000.0,20000.0,20000.0,20000.0,15700
42016,20000.0,20000.0,20000.0,20000.0,15700
42021,20000.0,20000.0,20000.0,20000.0,15700
42026,20000.0,20000.0,20000.0,20000.0,15700
42031,20000.0,20000.0,20000.0,20000.0,15700
42036,20000.0,20000.0,20000.0,20000.0,15710
42041,20000.0,20000.0,20000.0,20000.0,15710
42046,20000.0,20000.0,20000.0,20000.0,15710
42051,20000.0,20000.0,20000.0,20000.0,15710
42056,20000.0,20000.0,20000.0,20000.0,15710
42061,20000.0,20000.0,20000.0,20000.0,15717
42066,20000.0,20000.0,20000.0,20000.0,15720
42071,20000.0,20000.0,20000.0,20000.0,15720
42076,20000.0,20000.0,20000.0,20000.0,15720
42081,20000.0,20000.0,20000.0,20000.0,15720
42086,20000.0,20000.0,20000.0,20000.0,15720
42091,20000.0,20000.0,20000.0,20000.0,15730
42096,20000.0,20000.0,20000.0,20000.0,15730
42101,20000.0,20000.0,20000.0,20000.0,15730
42106,20000.0,20000.0,20000.0,20000.0,15730
42111,20000.0,20000.0,20000.0,20000.0,15730
42116,20000.0,20000.0,20000.0,20000.0,15739
42121,20000.0,20000.0,20000.0,20000.0,15740
42126,20000.0,20000.0,20000.0,20000.0,15740
42131,20000.0,20000.0,20000.0,20000.0,15740
42136,20000.0,20000.0,20000.0,20000.0,15740
42141,20000.0,20000.0,20000.0,20000.0,15742
42146,20000.0,20000.0,20000.0,20000.0,15750
42151,20000.0,20000.0,20000.0,20000.0,15750
42156,20000.0,20000.0,20000.0,20000.0,15750
42161,20000.0,20000.0,20000.0,20000.0,15750
42166,20000.0,20000.0,20000.0,20000.0,15750
42171,20000.0,20000.0,20000.0,20000.0,15760
42176,20000.0,20000.0,20000.0,20000.0,15760
42181,20000.0,20000.0,20000.0,20000.0,15760
42186,20000.0,20000.0,20000.0,20000.0,15760
42191,20000.0,20000.0,20000.0,20000.0,15760
42196,20000.0,20000.0,20000.0,20000.0,15767
42201,20000.0,20000.0,20000.0,20000.0,15770
42206,20000.0,20000.0,20000.0,20000.0,15770
42211,20000.0,20000.0,20000.0,20000.0,15770
42216,20000.0,20000.0,20000.0,20000.0,15770
42221,20000.0,20000.0,20000.0,20000.0,15771
42226,20000.0,20000.0,20000.0,20000.0,15780
42231,20000.0,20000.0,20000.0,20000.0,15780
42236,20000.0,20000.0,20000.0,20000.0,15780
42241,20000.0,20000.0,20000.0,20000.0,15780
42246,20000.0,20000.0,20000.0,20000.0,15780
42251,20000.0,20000.0,20000.0,20000.0,15790
42256,20000.0,20000.0,20000.0,20000.0,15790
42261,20000.0,20000.0,20000.0,20000.0,15790
42266,20000.0,20000.0,20000.0,20000.0,15790
42271,20000.0,20000.0,20000.0,20000.0,15790
42276,20000.0,20000.0,20000.0,20000.0,15800
42281,20000.0,20000.0,20000.0,20000.0,15800
42286,20000.0,20000.0,20000.0,20000.0,15800
42291,20000.0,20000.0,20000.0,20000.0,15800
42296,20000.0,20000.0,20000.0,20000.0,15800
42301,20000.0,20000.0,20000.0,20000.0,15805
42306,20000.0,20000.0,20000.0,20000.0,15810
42311,20000.0,20000.0,20000.0,20000.0,15810
42316,20000.0,20000.0,20000.0,20000.0,15810
42321,20000.0,20000.0,20000.0,20000.0,15810
42326,20000.0,20000.0,20000.0,20000.0,15813
42331,20000.0,20000.0,20000.0,20000.0,15820
42336,20000.0,20000.0,20000.0,20000.0,15820
42341,20000.0,20000.0,20000.0,20000.0,15820
42346,20000.0,20000.0,20000.0,20000.0,15820
42351,20000.0,20000.0,20000.0,20000.0,15820
42356,20000.0,20000.0,20000.0,20000.0,15829
42361,20000.0,20000.0,20000.0,20000.0,15830
42366,20000.0,20000.0,20000.0,20000.0,15830
42371,20000.0,20000.0,20000.0,20000.0,15830
42376,20000.0,20000.0,20000.0,20000.0,15830
42381,20000.0,20000.0,20000.0,20000.0,15833
42386,20000.0,20000.0,20000.0,20000.0,15840
42391,20000.0,20000.0,20000.0,20000.0,15840
42396,20000.0,20000.0,20000.0,20000.0,15840
42401,20000.0,20000.0,20000.0,20000.0,15840
42406,20000.0,20000.0,20000.0,20000.0,15840
42411,20000.0,20000.0,20000.0,20000.0,15850
42416,20000.0,20000.0,20000.0,20000.0,15850
42421,20000.0,20000.0,20000.0,20000.0,15850
42426,20000.0,20000.0,20000.0,20000.0,15850
42431,20000.0,20000.0,20000.0,20000.0,15850
42436,20000.0,20000.0,20000.0,20000.0,15853
42441,20000.0,20000.0,20000.0,20000.0,15860
42446,20000.0,20000.0,20000.0,20000.0,15860
42451,20000.0,20000.0,20000.0,20000.0,15860
42456,20000.0,20000.0,20000.0,20000.0,15860
42461,20000.0,20000.0,20000.0,20000.0,15860
42466,20000.0,20000.0,20000.0,20000.0,15870
42471,20000.0,20000.0,20000.0,20000.0,15870
42476,20000.0,20000.0,20000.0,20000.0,15870
42481,20000.0,20000.0,20000.0,20000.0,15870
42486,20000.0,20000.0,20000.0,20000.0,15870
42491,20000.0,20000.0,20000.0,20000.0,15876
42496,20000.0,20000.0,20000.0,20000.0,15880
42501,20000.0,20000.0,20000.0,20000.0,15880
42506,20000.0,20000.0,20000.0,20000.0,15880
42511,20000.0,20000.0,20000.0,20000.0,15880
42516,20000.0,20000.0,20000.0,20000.0,15882
42521,20000.0,20000.0,20000.0,20000.0,15890
42526,20000.0,20000.0,20000.0,20000.0,15890
42531,20000.0,20000.0,20000.0,20000.0,15890
42536,20000.0,20000.0,20000.0,20000.0,15890
42541,20000.0,20000.0,20000.0,20000.0,15890
42546,20000.0,20000.0,20000.0,20000.0,15899
42551,20000.0,20000.0,20000.0,20000.0,15900
42556,20000.0,20000.0,20000.0,20000.0,15900
42561,20000.0,20000.0,20000.0,20000.0,15900
42566,20000.0,20000.0,20000.0,20000.0,15900
42571,20000.0,20000.0,20000.0,20000.0,15904
42576,20000.0,20000.0,20000.0,20000.0,15910
42581,20000.0,20000.0,20000.0,20000.0,15910
42586,20000.0,20000.0,20000.0,20000.0,15910
42591,20000.0,20000.0,20000.0,20000.0,15910
42596,20000.0,20000.0,20000.0,20000.0,15910
42601,20000.0,20000.0,20000.0,20000.0,15920
42606,20000.0,20000.0,20000.0,20000.0,15920
42611,20000.0,20000.0,20000.0,20000.0,15920
42616,20000.0,20000.0,20000.0,20000.0,15920
42621,20000.0,20000.0,20000.0,20000.0,15920
42626,20000.0,20000.0,20000.0,20000.0,15929
42631,20000.0,20000.0,20000.0,20000.0,15930
42636,20000.0,20000.0,20000.0,20000.0,15930
42641,20000.0,20000.0,20000.0,20000.0,15930
42646,20000.0,20000.0,20000.0,20000.0,15930
42651,20000.0,20000.0,20000.0,20000.0,15930
42656,20000.0,20000.0,20000.0,20000.0,15940
42661,20000.0,20000.0,20000.0,20000.0,15940
42666,20000.0,20000.0,20000.0,20000.0,15940
42671,20000.0,20000.0,20000.0,20000.0,15940
42676,20000.0,20000.0,20000.0,20000.0,15940
42681,20000.0,20000.0,20000.0,20000.0,15950
42686,20000.0,20000.0,20000.0,20000.0,15950
42691,20000.0,20000.0,20000.0,20000.0,15950
42696,20000.0,20000.0,20000.0,20000.0,15950
42701,20000.0,20000.0,20000.0,20000.0,15950
42706,20000.0,20000.0,20000.0,20000.0,15958
42711,20000.0,20000.0,20000.0,20000.0,15960
42716,20000.0,20000.0,20000.0,20000.0,15960
42721,20000.0,20000.0,20000.0,20000.0,15960
42726,20000.0,20000.0,20000.0,20000.0,15960
42731,20000.0,20000.0,20000.0,20000.0,15964
42736,20000.0,20000.0,20000.0,20000.0,15970
42741,20000.0,20000.0,20000.0,20000.0,15970
42746,20000.0,20000.0,20000.0,20000.0,15970
42751,20000.0,20000.0,20000.0,20000.0,15970
42756,20000.0,20000.0,20000.0,20000.0,15970
42761,20000.0,20000.0,20000.0,20000.0,15980
42766,20000.0,20000.0,20000.0,20000.0,15980
42771,20000.0,20000.0,20000.0,20000.0,15980
42776,20000.0,20000.0,20000.0,20000.0,15980
42781,20000.0,20000.0,20000.0,20000.0,15980
42786,20000.0,20000.0,20000.0,20000.0,15986
42791,20000.0,20000.0,20000.0,20000.0,15990
42796,20000.0,20000.0,20000.0,20000.0,15990
42801,20000.0,20000.0,20000.0,20000.0,15990
42806,20000.0,20000.0,20000.0,20000.0,15990
42811,20000.0,20000.0,20000.0,20000.0,15994
42816,20000.0,20000.0,20000.0,20000.0,16000
42821,20000.0,20000.0,20000.0,20000.0,16000
42826,20000.0,20000.0,20000.0,20000.0,16000
42831,20000.0,20000.0,20000.0,20000.0,16000
42836,20000.0,20000.0,20000.0,20000.0,16000
42841,20000.0,20000.0,20000.0,20000.0,16010
42846,20000.0,20000.0,20000.0,20000.0,16010
42851,20000.0,20000.0,20000.0,20000.0,16010
42856,20000.0,20000.0,20000.0,20000.0,16010
42861,20000.0,20000.0,20000.0,20000.0,16010
42866,20000.0,20000.0,20000.0,20000.0,16019
42871,20000.0,20000.0,20000.0,20000.0,16020
42876,20000.0,20000.0,20000.0,20000.0,16020
42881,20000.0,20000.0,20000.0,20000.0,16020
42886,20000.0,20000.0,20000.0,20000.0,16020
42891,20000.0,20000.0,20000.0,20000.0,16025
42896,20000.0,20000.0,20000.0,20000.0,16030
42901,20000.0,20000.0,20000.0,20000.0,16030
42906,20000.0,20000.0,20000.0,20000.0,16030
42911,20000.0,20000.0,20000.0,20000.0,16030
42916,20000.0,20000.0,20000.0,20000.0,16030
42921,20000.0,20000.0,20000.0,20000.0,16040
42926,20000.0,20000.0,20000.0,20000.0,16040
42931,20000.0,20000.0,20000.0,20000.0,16040
42936,20000.0,20000.0,20000.0,20000.0,16040
42941,20000.0,20000.0,20000.0,20000.0,16040
42946,20000.0,20000.0,20000.0,20000.0,16047
42951,20000.0,20000.0,20000.0,20000.0,16050
42956,20000.0,20000.0,20000.0,20000.0,16050
42961,20000.0,20000.0,20000.0,20000.0,16050
42966,20000.0,20000.0,20000.0,20000.0,16050
42971,20000.0,20000.0,20000.0,20000.0,16055
42976,20000.0,20000.0,20000.0,20000.0,16060
42981,20000.0,20000.0,20000.0,20000.0,16060
42986,20000.0,20000.0,20000.0,20000.0,16060
42991,20000.0,20000.0,20000.0,20000.0,16060
42996,20000.0,20000.0,20000.0,20000.0,16060
43001,20000.0,20000.0,20000.0,20000.0,16070
43006,20000.0,20000.0,20000.0,20000.0,16070
43011,20000.0,20000.0,20000.0,20000.0,16070
43016,20000.0,20000.0,20000.0,20000.0,16070
43021,20000.0,20000.0,20000.0,20000.0,16070
43026,20000.0,20000.0,20000.0,20000.0,16076
43031,20000.0,20000.0,20000.0,20000.0,16080
43036,20000.0,20000.0,20000.0,20000.0,16080
43041,20000.0,20000.0,20000.0,20000.0,16080
43046,20000.0,20000.0,20000.0,20000.0,16080
43051,20000.0,20000.0,20000.0,20000.0,16081
43056,20000.0,20000.0,20000.0,20000.0,16090
43061,20000.0,20000.0,20000.0,20000.0,16090
43066,20000.0,20000.0,20000.0,20000.0,16090
43071,20000.0,20000.0,20000.0,20000.0,16090
43076,20000.0,20000.0,20000.0,20000.0,16090
43081,20000.0,20000.0,20000.0,20000.0,16100
43086,20000.0,20000.0,20000.0,20000.0,16100
43091,20000.0,20000.0,20000.0,20000.0,16100
43096,20000.0,20000.0,20000.0,20000.0,16100
43101,20000.0,20000.0,20000.0,20000.0,16100
43106,20000.0,20000.0,20000.0,20000.0,16103
43111,20000.0,20000.0,20000.0,20000.0,16110
43116,20000.0,20000.0,20000.0,20000.0,16110
43121,20000.0,20000.0,20000.0,20000.0,16110
43126,20000.0,20000.0,20000.0,20000.0,16110
43131,20000.0,20000.0,20000.0,20000.0,16111
43136,20000.0,20000.0,20000.0,20000.0,16120
43141,20000.0,20000.0,20000.0,20000.0,16120
43146,20000.0,20000.0,20000.0,20000.0,16120
43151,20000.0,20000.0,20000.0,20000.0,16120
43156,20000.0,20000.0,20000.0,20000.0,16120
43161,20000.0,20000.0,20000.0,20000.0,16130
43166,20000.0,20000.0,20000.0,20000.0,16130
43171,20000.0,20000.0,20000.0,20000.0,16130
43176,20000.0,20000.0,20000.0,20000.0,16130
43181,20000.0,20000.0,20000.0,20000.0,16130
43186,20000.0,20000.0,20000.0,20000.0,16140
43191,20000.0,20000.0,20000.0,20000.0,16140
43196,20000.0,20000.0,20000.0,20000.0,16140
43201,20000.0,20000.0,20000.0,20000.0,16140
43206,20000.0,20000.0,20000.0,20000.0,16140
43211,20000.0,20000.0,20000.0,20000.0,16144
43216,20000.0,20000.0,20000.0,20000.0,16150
43221,20000.0,20000.0,20000.0,20000.0,16150
43226,20000.0,20000.0,20000.0,20000.0,16150
43231,20000.0,20000.0,20000.0,20000.0,16150
43236,20000.0,20000.0,20000.0,20000.0,16150
43241,20000.0,20000.0,20000.0,20000.0,16160
43246,20000.0,20000.0,20000.0,20000.0,16160
43251,20000.0,20000.0,20000.0,20000.0,16160
43256,20000.0,20000.0,20000.0,20000.0,16160
43261,20000.0,20000.0,20000.0,20000.0,16160
43266,20000.0,20000.0,20000.0,20000.0,16169
43271,20000.0,20000.0,20000.0,20000.0,16170
43276,20000.0,20000.0,20000.0,20000.0,16170
43281,20000.0,20000.0,20000.0,20000.0,16170
43286,20000.0,20000.0,20000.0,20000.0,16170
43291,20000.0,20000.0,20000.0,20000.0,16171
43296,20000.0,20000.0,20000.0,20000.0,16180
43301,20000.0,20000.0,20000.0,20000.0,16180
43306,20000.0,20000.0,20000.0,20000.0,16180
43311,20000.0,20000.0,20000.0,20000.0,16180
43316,20000.0,20000.0,20000.0,20000.0,16180
43321,20000.0,20000.0,20000.0,20000.0,16190
43326,20000.0,20000.0,20000.0,20000.0,16190
43331,20000.0,20000.0,20000.0,20000.0,16190
43336,20000.0,20000.0,20000.0,20000.0,16190
43341,20000.0,20000.0,20000.0,20000.0,16190
43346,20000.0,20000.0,20000.0,20000.0,16197
43351,20000.0,20000.0,20000.0,20000.0,16200
43356,20000.0,20000.0,20000.0,20000.0,16200
43361,20000.0,20000.0,20000.0,20000.0,16200
43366,20000.0,20000.0,20000.0,20000.0,16200
43371,20000.0,20000.0,20000.0,20000.0,16201
43376,20000.0,20000.0,20000.0,20000.0,16210
43381,20000.0,20000.0,20000.0,20000.0,16210
43386,20000.0,20000.0,20000.0,20000.0,16210
43391,20000.0,20000.0,20000.0,20000.0,16210
43396,20000.0,20000.0,20000.0,20000.0,16210
43401,20000.0,20000.0,20000.0,20000.0,16218
43406,20000.0,20000.0,20000.0,20000.0,16220
43411,20000.0,20000.0,20000.0,20000.0,16220
43416,20000.0,20000.0,20000.0,20000.0,16220
43421,20000.0,20000.0,20000.0,20000.0,16220
43426,20000.0,20000.0,20000.0,20000.0,16223
43431,20000.0,20000.0,20000.0,20000.0,16230
43436,20000.0,20000.0,20000.0,20000.0,16230
43441,20000.0,20000.0,20000.0,20000.0,16230
43446,20000.0,20000.0,20000.0,20000.0,16230
43451,20000.0,20000.0,20000.0,20000.0,16230
43456,20000.0,20000.0,20000.0,20000.0,16240
43461,20000.0,20000.0,20000.0,20000.0,16240
43466,20000.0,20000.0,20000.0,20000.0,16240
43471,20000.0,20000.0,20000.0,20000.0,16240
43476,20000.0,20000.0,20000.0,20000.0,16240
43481,20000.0,20000.0,20000.0,20000.0,16247
43486,20000.0,20000.0,20000.0,20000.0,16250
43491,20000.0,20000.0,20000.0,20000.0,16250
43496,20000.0,20000.0,20000.0,20000.0,16250
43501,20000.0,20000.0,20000.0,20000.0,16250
43506,20000.0,20000.0,20000.0,20000.0,16254
43511,20000.0,20000.0,20000.0,20000.0,16260
43516,20000.0,20000.0,20000.0,20000.0,16260
43521,20000.0,20000.0,20000.0,20000.0,16260
43526,20000.0,20000.0,20000.0,20000.0,16260
43531,20000.0,20000.0,20000.0,20000.0,16260
43536,20000.0,20000.0,20000.0,20000.0,16270
43541,20000.0,20000.0,20000.0,20000.0,16270
43546,20000.0,20000.0,20000.0,20000.0,16270
43551,20000.0,20000.0,20000.0,20000.0,16270
43556,20000.0,20000.0,20000.0,20000.0,16270
43561,20000.0,20000.0,20000.0,20000.0,16278
43566,20000.0,20000.0,20000.0,20000.0,16280
43571,20000.0,20000.0,20000.0,20000.0,16280
43576,20000.0,20000.0,20000.0,20000.0,16280
43581,20000.0,20000.0,20000.0,20000.0,16280
43586,20000.0,20000.0,20000.0,20000.0,16281
43591,20000.0,20000.0,20000.0,20000.0,16290
43596,20000.0,20000.0,20000.0,20000.0,16290
43601,20000.0,20000.0,20000.0,20000.0,16290
43606,20000.0,20000.0,20000.0,20000.0,16290
43611,20000.0,20000.0,20000.0,20000.0,16290
43616,20000.0,20000.0,20000.0,20000.0,16298
43621,20000.0,20000.0,20000.0,20000.0,16300
43626,20000.0,20000.0,20000.0,20000.0,16300
43631,20000.0,20000.0,20000.0,20000.0,16300
43636,20000.0,20000.0,20000.0,20000.0,16300
43641,20000.0,20000.0,20000.0,20000.0,16303
43646,20000.0,20000.0,20000.0,20000.0,16310
43651,20000.0,20000.0,20000.0,20000.0,16310
43656,20000.0,20000.0,20000.0,20000.0,16310
43661,20000.0,20000.0,20000.0,20000.0,16310
43666,20000.0,20000.0,20000.0,20000.0,16310
43671,20000.0,20000.0,20000.0,20000.0,16320
43676,20000.0,20000.0,20000.0,20000.0,16320
43681,20000.0,20000.0,20000.0,20000.0,16320
43686,20000.0,20000.0,20000.0,20000.0,16320
43691,20000.0,20000.0,20000.0,20000.0,16320
43696,20000.0,20000.0,20000.0,20000.0,16329
43701,20000.0,20000.0,20000.0,20000.0,16330
43706,20000.0,20000.0,20000.0,20000.0,16330
43711,20000.0,20000.0,20000.0,20000.0,16330
43716,20000.0,20000.0,20000.0,20000.0,16330
43721,20000.0,20000.0,20000.0,20000.0,16334
43726,20000.0,20000.0,20000.0,20000.0,16340
43731,20000.0,20000.0,20000.0,20000.0,16340
43736,20000.0,20000.0,20000.0,20000.0,16340
43741,20000.0,20000.0,20000.0,20000.0,16340
43746,20000.0,20000.0,20000.0,20000.0,16340
43751,20000.0,20000.0,20000.0,20000.0,16350
43756,20000.0,20000.0,20000.0,20000.0,16350
43761,20000.0,20000.0,20000.0,20000.0,16350
43766,20000.0,20000.0,20000.0,20000.0,16350
43771,20000.0,20000.0,20000.0,20000.0,16350
43776,20000.0,20000.0,20000.0,20000.0,16359
43781,20000.0,20000.0,20000.0,20000.0,16360
43786,20000.0,20000.0,20000.0,20000.0,16360
43791,20000.0,20000.0,20000.0,20000.0,16360
43796,20000.0,20000.0,20000.0,20000.0,16360
43801,20000.0,20000.0,20000.0,20000.0,16363
43806,20000.0,20000.0,20000.0,20000.0,16370
43811,20000.0,20000.0,20000.0,20000.0,16370
43816,20000.0,20000.0,20000.0,20000.0,16370
43821,20000.0,20000.0,20000.0,20000.0,16370
43826,20000.0,20000.0,20000.0,20000.0,16370
43831,20000.0,20000.0,20000.0,20000.0,16380
43836,20000.0,20000.0,20000.0,20000.0,16380
43841,20000.0,20000.0,20000.0,20000.0,16380
43846,20000.0,20000.0,20000.0,20000.0,16380
43851,20000.0,20000.0,20000.0,20000.0,16380
43856,20000.0,20000.0,20000.0,20000.0,16388
43861,20000.0,20000.0,20000.0,20000.0,16390
43866,20000.0,20000.0,20000.0,20000.0,16390
43871,20000.0,20000.0,20000.0,20000.0,16390
43876,20000.0,20000.0,20000.0,20000.0,16390
43881,20000.0,20000.0,20000.0,20000.0,16392
43886,20000.0,20000.0,20000.0,20000.0,16400
43891,20000.0,20000.0,20000.0,20000.0,16400
43896,20000.0,20000.0,20000.0,20000.0,16400
43901,20000.0,20000.0,20000.0,20000.0,16400
43906,20000.0,20000.0,20000.0,20000.0,16400
43911,20000.0,20000.0,20000.0,20000.0,16410
43916,20000.0,20000.0,20000.0,20000.0,16410
43921,20000.0,20000.0,20000.0,20000.0,16410
43926,20000.0,20000.0,20000.0,20000.0,16410
43931,20000.0,20000.0,20000.0,20000.0,16410
43936,20000.0,20000.0,20000.0,20000.0,16418
43941,20000.0,20000.0,20000.0,20000.0,16420
43946,20000.0,20000.0,20000.0,20000.0,16420
43951,20000.0,20000.0,20000.0,20000.0,16420
43956,20000.0,20000.0,20000.0,20000.0,16420
43961,20000.0,20000.0,20000.0,20000.0,16421
43966,20000.0,20000.0,20000.0,20000.0,16430
43971,20000.0,20000.0,20000.0,20000.0,16430
43976,20000.0,20000.0,20000.0,20000.0,16430
43981,20000.0,20000.0,20000.0,20000.0,16430
43986,20000.0,20000.0,20000.0,20000.0,16430
43991,20000.0,20000.0,20000.0,20000.0,16438
43996,20000.0,20000.0,20000.0,20000.0,16440
44001,20000.0,20000.0,20000.0,20000.0,16440
44006,20000.0,20000.0,20000.0,20000.0,16440
44011,20000.0,20000.0,20000.0,20000.0,16440
44016,20000.0,20000.0,20000.0,20000.0,16442
44021,20000.0,20000.0,20000.0,20000.0,16450
44026,20000.0,20000.0,20000.0,20000.0,16450
44031,20000.0,20000.0,20000.0,20000.0,16450
44036,20000.0,20000.0,20000.0,20000.0,16450
44041,20000.0,20000.0,20000.0,20000.0,16450
44046,20000.0,20000.0,20000.0,20000.0,16460
44051,20000.0,20000.0,20000.0,20000.0,16460
44056,20000.0,20000.0,20000.0,20000.0,16460
44061,20000.0,20000.0,20000.0,20000.0,16460
44066,20000.0,20000.0,20000.0,20000.0,16460
44071,20000.0,20000.0,20000.0,20000.0,16469
44076,20000.0,20000.0,20000.0,20000.0,16470
44081,20000.0,20000.0,20000.0,20000.0,16470
44086,20000.0,20000.0,20000.0,20000.0,16470
44091,20000.0,20000.0,20000.0,20000.0,16470
44096,20000.0,20000.0,20000.0,20000.0,16472
44101,20000.0,20000.0,20000.0,20000.0,16480
44106,20000.0,20000.0,20000.0,20000.0,16480
44111,20000.0,20000.0,20000.0,20000.0,16480
44116,20000.0,20000.0,20000.0,20000.0,16480
44121,20000.0,20000.0,20000.0,20000.0,16480
44126,20000.0,20000.0,20000.0,20000.0,16490
44131,20000.0,20000.0,20000.0,20000.0,16490
44136,20000.0,20000.0,20000.0,20000.0,16490
44141,20000.0,20000.0,20000.0,20000.0,16490
44146,20000.0,20000.0,20000.0,20000.0,16490
44151,20000.0,20000.0,20000.0,20000.0,16500
44156,20000.0,20000.0,20000.0,20000.0,16500
44161,20000.0,20000.0,20000.0,20000.0,16500
44166,20000.0,20000.0,20000.0,20000.0,16500
44171,20000.0,20000.0,20000.0,20000.0,16500
44176,20000.0,20000.0,20000.0,20000.0,16501
44181,20000.0,20000.0,20000.0,20000.0,16510
44186,20000.0,20000.0,20000.0,20000.0,16510
44191,20000.0,20000.0,20000.0,20000.0,16510
44196,20000.0,20000.0,20000.0,20000.0,16510
44201,20000.0,20000.0,20000.0,20000.0,16510
44206,20000.0,20000.0,20000.0,20000.0,16520
44211,20000.0,20000.0,20000.0,20000.0,16520
44216,20000.0,20000.0,20000.0,20000.0,16520
44221,20000.0,20000.0,20000.0,20000.0,16520
44226,20000.0,20000.0,20000.0,20000.0,16520
44231,20000.0,20000.0,20000.0,20000.0,16528
44236,20000.0,20000.0,20000.0,20000.0,16530
44241,20000.0,20000.0,20000.0,20000.0,16530
44246,20000.0,20000.0,20000.0,20000.0,16530
44251,20000.0,20000.0,20000.0,20000.0,16530
44256,20000.0,20000.0,20000.0,20000.0,16530
44261,20000.0,20000.0,20000.0,20000.0,16540
44266,20000.0,20000.0,20000.0,20000.0,16540
44271,20000.0,20000.0,20000.0,20000.0,16540
44276,20000.0,20000.0,20000.0,20000.0,16540
44281,20000.0,20000.0,20000.0,20000.0,16540
44286,20000.0,20000.0,20000.0,20000.0,16550
44291,20000.0,20000.0,20000.0,20000.0,16550
44296,20000.0,20000.0,20000.0,20000.0,16550
44301,20000.0,20000.0,20000.0,20000.0,16550
44306,20000.0,20000.0,20000.0,20000.0,16550
44311,20000.0,20000.0,20000.0,20000.0,16560
44316,20000.0,20000.0,20000.0,20000.0,16560
44321,20000.0,20000.0,20000.0,20000.0,16560
44326,20000.0,20000.0,20000.0,20000.0,16560
44331,20000.0,20000.0,20000.0,20000.0,16560
44336,20000.0,20000.0,20000.0,20000.0,16564
44341,20000.0,20000.0,20000.0,20000.0,16570
44346,20000.0,20000.0,20000.0,20000.0,16570
44351,20000.0,20000.0,20000.0,20000.0,16570
44356,20000.0,20000.0,20000.0,20000.0,16570
44361,20000.0,20000.0,20000.0,20000.0,16571
44366,20000.0,20000.0,20000.0,20000.0,16580
44371,20000.0,20000.0,20000.0,20000.0,16580
44376,20000.0,20000.0,20000.0,20000.0,16580
44381,20000.0,20000.0,20000.0,20000.0,16580
44386,20000.0,20000.0,20000.0,20000.0,16580
44391,20000.0,20000.0,20000.0,20000.0,16588
44396,20000.0,20000.0,20000.0,20000.0,16590
44401,20000.0,20000.0,20000.0,20000.0,16590
44406,20000.0,20000.0,20000.0,20000.0,16590
44411,20000.0,20000.0,20000.0,20000.0,16590
44416,20000.0,20000.0,20000.0,20000.0,16590
44421,20000.0,20000.0,20000.0,20000.0,16600
44426,20000.0,20000.0,20000.0,20000.0,16600
44431,20000.0,20000.0,20000.0,20000.0,16600
44436,20000.0,20000.0,20000.0,20000.0,16600
44441,20000.0,20000.0,20000.0,20000.0,16600
44446,20000.0,20000.0,20000.0,20000.0,16607
44451,20000.0,20000.0,20000.0,20000.0,16610
44456,20000.0,20000.0,20000.0,20000.0,16610
44461,20000.0,20000.0,20000.0,20000.0,16610
44466,20000.0,20000.0,20000.0,20000.0,16610
44471,20000.0,20000.0,20000.0,20000.0,16613
44476,20000.0,20000.0,20000.0,20000.0,16620
44481,20000.0,20000.0,20000.0,20000.0,16620
44486,20000.0,20000.0,20000.0,20000.0,16620
44491,20000.0,20000.0,20000.0,20000.0,16620
44496,20000.0,20000.0,20000.0,20000.0,16620
44501,20000.0,20000.0,20000.0,20000.0,16630
44506,20000.0,20000.0,20000.0,20000.0,16630
44511,20000.0,20000.0,20000.0,20000.0,16630
44516,20000.0,20000.0,20000.0,20000.0,16630
44521,20000.0,20000.0,20000.0,20000.0,16630
44526,20000.0,20000.0,20000.0,20000.0,16639
44531,20000.0,20000.0,20000.0,20000.0,16640
44536,20000.0,20000.0,20000.0,20000.0,16640
44541,20000.0,20000.0,20000.0,20000.0,16640
44546,20000.0,20000.0,20000.0,20000.0,16640
44551,20000.0,20000.0,20000.0,20000.0,16642
44556,20000.0,20000.0,20000.0,20000.0,16650
44561,20000.0,20000.0,20000.0,20000.0,16650
44566,20000.0,20000.0,20000.0,20000.0,16650
44571,20000.0,20000.0,20000.0,20000.0,16650
44576,20000.0,20000.0,20000.0,20000.0,16650
44581,20000.0,20000.0,20000.0,20000.0,16660
44586,20000.0,20000.0,20000.0,20000.0,16660
44591,20000.0,20000.0,20000.0,20000.0,16660
44596,20000.0,20000.0,20000.0,20000.0,16660
44601,20000.0,20000.0,20000.0,20000.0,16660
44606,20000.0,20000.0,20000.0,20000.0,16670
44611,20000.0,20000.0,20000.0,20000.0,16670
44616,20000.0,20000.0,20000.0,20000.0,16670
44621,20000.0,20000.0,20000.0,20000.0,16670
44626,20000.0,20000.0,20000.0,20000.0,16670
44631,20000.0,20000.0,20000.0,20000.0,16679
44636,20000.0,20000.0,20000.0,20000.0,16680
44641,20000.0,20000.0,20000.0,20000.0,16680
44646,20000.0,20000.0,20000.0,20000.0,16680
44651,20000.0,20000.0,20000.0,20000.0,16680
44656,20000.0,20000.0,20000.0,20000.0,16680
44661,20000.0,20000.0,20000.0,20000.0,16690
44666,20000.0,20000.0,20000.0,20000.0,16690
44671,20000.0,20000.0,20000.0,20000.0,16690
44676,20000.0,20000.0,20000.0,20000.0,16690
44681,20000.0,20000.0,20000.0,20000.0,16690
44686,20000.0,20000.0,20000.0,20000.0,16699
44691,20000.0,20000.0,20000.0,20000.0,16700
44696,20000.0,20000.0,20000.0,20000.0,16700
44701,20000.0,20000.0,20000.0,20000.0,16700
44706,20000.0,20000.0,20000.0,20000.0,16700
44711,20000.0,20000.0,20000.0,20000.0,16703
44716,20000.0,20000.0,20000.0,20000.0,16710
44721,20000.0,20000.0,20000.0,20000.0,16710
44726,20000.0,20000.0,20000.0,20000.0,16710
44731,20000.0,20000.0,20000.0,20000.0,16710
44736,20000.0,20000.0,20000.0,20000.0,16710
44741,20000.0,20000.0,20000.0,20000.0,16720
44746,20000.0,20000.0,20000.0,20000.0,16720
44751,20000.0,20000.0,20000.0,20000.0,16720
44756,20000.0,20000.0,20000.0,20000.0,16720
44761,20000.0,20000.0,20000.0,20000.0,16720
44766,20000.0,20000.0,20000.0,20000.0,16729
44771,20000.0,20000.0,20000.0,20000.0,16730
44776,20000.0,20000.0,20000.0,20000.0,16730
44781,20000.0,20000.0,20000.0,20000.0,16730
44786,20000.0,20000.0,20000.0,20000.0,16730
44791,20000.0,20000.0,20000.0,20000.0,16734
44796,20000.0,20000.0,20000.0,20000.0,16740
44801,20000.0,20000.0,20000.0,20000.0,16740
44806,20000.0,20000.0,20000.0,20000.0,16740
44811,20000.0,20000.0,20000.0,20000.0,16740
44816,20000.0,20000.0,20000.0,20000.0,16740
44821,20000.0,20000.0,20000.0,20000.0,16750
44826,20000.0,20000.0,20000.0,20000.0,16750
44831,20000.0,20000.0,20000.0,20000.0,16750
44836,20000.0,20000.0,20000.0,20000.0,16750
44841,20000.0,20000.0,20000.0,20000.0,16750
44846,20000.0,20000.0,20000.0,20000.0,16760
44851,20000.0,20000.0,20000.0,20000.0,16760
44856,20000.0,20000.0,20000.0,20000.0,16760
44861,20000.0,20000.0,20000.0,20000.0,16760
44866,20000.0,20000.0,20000.0,20000.0,16760
44871,20000.0,20000.0,20000.0,20000.0,16764
44876,20000.0,20000.0,20000.0,20000.0,16770
44881,20000.0,20000.0,20000.0,20000.0,16770
44886,20000.0,20000.0,20000.0,20000.0,16770
44891,20000.0,20000.0,20000.0,20000.0,16770
44896,20000.0,20000.0,20000.0,20000.0,16771
44901,20000.0,20000.0,20000.0,20000.0,16780
44906,20000.0,20000.0,20000.0,20000.0,16780
44911,20000.0,20000.0,20000.0,20000.0,16780
44916,20000.0,20000.0,20000.0,20000.0,16780
44921,20000.0,20000.0,20000.0,20000.0,16780
44926,20000.0,20000.0,20000.0,20000.0,16790
44931,20000.0,20000.0,20000.0,20000.0,16790
44936,20000.0,20000.0,20000.0,20000.0,16790
44941,20000.0,20000.0,20000.0,20000.0,16790
44946,20000.0,20000.0,20000.0,20000.0,16790
44951,20000.0,20000.0,20000.0,20000.0,16799
44956,20000.0,20000.0,20000.0,20000.0,16800
44961,20000.0,20000.0,20000.0,20000.0,16800
44966,20000.0,20000.0,20000.0,20000.0,16800
44971,20000.0,20000.0,20000.0,20000.0,16800
44976,20000.0,20000.0,20000.0,20000.0,16806
44981,20000.0,20000.0,20000.0,20000.0,16810
44986,20000.0,20000.0,20000.0,20000.0,16810
44991,20000.0,20000.0,20000.0,20000.0,16810
44996,20000.0,20000.0,20000.0,20000.0,16810
45001,20000.0,20000.0,20000.0,20000.0,16810
45006,20000.0,20000.0,20000.0,20000.0,16820
45011,20000.0,20000.0,20000.0,20000.0,16820
45016,20000.0,20000.0,20000.0,20000.0,16820
45021,20000.0,20000.0,20000.0,20000.0,16820
45026,20000.0,20000.0,20000.0,20000.0,16820
45031,20000.0,20000.0,20000.0,20000.0,16829
45036,20000.0,20000.0,20000.0,20000.0,16830
45041,20000.0,20000.0,20000.0,20000.0,16830
45046,20000.0,20000.0,20000.0,20000.0,16830
45051,20000.0,20000.0,20000.0,20000.0,16830
45056,20000.0,20000.0,20000.0,20000.0,16833
45061,20000.0,20000.0,20000.0,20000.0,16840
45066,20000.0,20000.0,20000.0,20000.0,16840
45071,20000.0,20000.0,20000.0,20000.0,16840
45076,20000.0,20000.0,20000.0,20000.0,16840
45081,20000.0,20000.0,20000.0,20000.0,16840
45086,20000.0,20000.0,20000.0,20000.0,16850
45091,20000.0,20000.0,20000.0,20000.0,16850
45096,20000.0,20000.0,20000.0,20000.0,16850
45101,20000.0,20000.0,20000.0,20000.0,16850
45106,20000.0,20000.0,20000.0,20000.0,16850
45111,20000.0,20000.0,20000.0,20000.0,16860
45116,20000.0,20000.0,20000.0,20000.0,16860
45121,20000.0,20000.0,20000.0,20000.0,16860
45126,20000.0,20000.0,20000.0,20000.0,16860
45131,20000.0,20000.0,20000.0,20000.0,16860
45136,20000.0,20000.0,20000.0,20000.0,16864
45141,20000.0,20000.0,20000.0,20000.0,16870
45146,20000.0,20000.0,20000.0,20000.0,16870
45151,20000.0,20000.0,20000.0,20000.0,16870
45156,20000.0,20000.0,20000.0,20000.0,16870
45161,20000.0,20000.0,20000.0,20000.0,16870
45166,20000.0,20000.0,20000.0,20000.0,16880
45171,20000.0,20000.0,20000.0,20000.0,16880
45176,20000.0,20000.0,20000.0,20000.0,16880
45181,20000.0,20000.0,20000.0,20000.0,16880
45186,20000.0,20000.0,20000.0,20000.0,16880
45191,20000.0,20000.0,20000.0,20000.0,16885
45196,20000.0,20000.0,20000.0,20000.0,16890
45201,20000.0,20000.0,20000.0,20000.0,16890
45206,20000.0,20000.0,20000.0,20000.0,16890
45211,20000.0,20000.0,20000.0,20000.0,16890
45216,20000.0,20000.0,20000.0,20000.0,16892
45221,20000.0,20000.0,20000.0,20000.0,16900
45226,20000.0,20000.0,20000.0,20000.0,16900
45231,20000.0,20000.0,20000.0,20000.0,16900
45236,20000.0,20000.0,20000.0,20000.0,16900
45241,20000.0,20000.0,20000.0,20000.0,16900
45246,20000.0,20000.0,20000.0,20000.0,16910
45251,20000.0,20000.0,20000.0,20000.0,16910
45256,20000.0,20000.0,20000.0,20000.0,16910
45261,20000.0,20000.0,20000.0,20000.0,16910
45266,20000.0,20000.0,20000.0,20000.0,16910
45271,20000.0,20000.0,20000.0,20000.0,16917
45276,20000.0,20000.0,20000.0,20000.0,16920
45281,20000.0,20000.0,20000.0,20000.0,16920
45286,20000.0,20000.0,20000.0,20000.0,16920
45291,20000.0,20000.0,20000.0,20000.0,16920
45296,20000.0,20000.0,20000.0,20000.0,16921
45301,20000.0,20000.0,20000.0,20000.0,16930
45306,20000.0,20000.0,20000.0,20000.0,16930
45311,20000.0,20000.0,20000.0,20000.0,16930
45316,20000.0,20000.0,20000.0,20000.0,16930
45321,20000.0,20000.0,20000.0,20000.0,16930
45326,20000.0,20000.0,20000.0,20000.0,16940
45331,20000.0,20000.0,20000.0,20000.0,16940
45336,20000.0,20000.0,20000.0,20000.0,16940
45341,20000.0,20000.0,20000.0,20000.0,16940
45346,20000.0,20000.0,20000.0,20000.0,16940
45351,20000.0,20000.0,20000.0,20000.0,16944
45356,20000.0,20000.0,20000.0,20000.0,16950
45361,20000.0,20000.0,20000.0,20000.0,16950
45366,20000.0,20000.0,20000.0,20000.0,16950
45371,20000.0,20000.0,20000.0,20000.0,16950
45376,20000.0,20000.0,20000.0,20000.0,16950
45381,20000.0,20000.0,20000.0,20000.0,16960
45386,20000.0,20000.0,20000.0,20000.0,16960
45391,20000.0,20000.0,20000.0,20000.0,16960
45396,20000.0,20000.0,20000.0,20000.0,16960
45401,20000.0,20000.0,20000.0,20000.0,16960
45406,20000.0,20000.0,20000.0,20000.0,16970
45411,20000.0,20000.0,20000.0,20000.0,16970
45416,20000.0,20000.0,20000.0,20000.0,16970
45421,20000.0,20000.0,20000.0,20000.0,16970
45426,20000.0,20000.0,20000.0,20000.0,16970
45431,20000.0,20000.0,20000.0,20000.0,16975
45436,20000.0,20000.0,20000.0,20000.0,16980
45441,20000.0,20000.0,20000.0,20000.0,16980
45446,20000.0,20000.0,20000.0,20000.0,16980
45451,20000.0,20000.0,20000.0,20000.0,16980
45456,20000.0,20000.0,20000.0,20000.0,16980
45461,20000.0,20000.0,20000.0,20000.0,16990
45466,20000.0,20000.0,20000.0,20000.0,16990
45471,20000.0,20000.0,20000.0,20000.0,16990
45476,20000.0,20000.0,20000.0,20000.0,16990
45481,20000.0,20000.0,20000.0,20000.0,16990
45486,20000.0,20000.0,20000.0,20000.0,17000
45491,20000.0,20000.0,20000.0,20000.0,17000
45496,20000.0,20000.0,20000.0,20000.0,17000
45501,20000.0,20000.0,20000.0,20000.0,17000
45506,20000.0,20000.0,20000.0,20000.0,17000
45511,20000.0,20000.0,20000.0,20000.0,17005
45516,20000.0,20000.0,20000.0,20000.0,17010
45521,20000.0,20000.0,20000.0,20000.0,17010
45526,20000.0,20000.0,20000.0,20000.0,17010
45531,20000.0,20000.0,20000.0,20000.0,17010
45536,20000.0,20000.0,20000.0,20000.0,17010
45541,20000.0,20000.0,20000.0,20000.0,17020
45546,20000.0,20000.0,20000.0,20000.0,17020
45551,20000.0,20000.0,20000.0,20000.0,17020
45556,20000.0,20000.0,20000.0,20000.0,17020
45561,20000.0,20000.0,20000.0,20000.0,17020
45566,20000.0,20000.0,20000.0,20000.0,17030
45571,20000.0,20000.0,20000.0,20000.0,17030
45576,20000.0,20000.0,20000.0,20000.0,17030
45581,20000.0,20000.0,20000.0,20000.0,17030
45586,20000.0,20000.0,20000.0,20000.0,17030
45591,20000.0,20000.0,20000.0,20000.0,17037
45596,20000.0,20000.0,20000.0,20000.0,17040
45601,20000.0,20000.0,20000.0,20000.0,17040
45606,20000.0,20000.0,20000.0,20000.0,17040
45611,20000.0,20000.0,20000.0,20000.0,17040
45616,20000.0,20000.0,20000.0,20000.0,17041
45621,20000.0,20000.0,20000.0,20000.0,17050
45626,20000.0,20000.0,20000.0,20000.0,17050
45631,20000.0,20000.0,20000.0,20000.0,17050
45636,20000.0,20000.0,20000.0,20000.0,17050
45641,20000.0,20000.0,20000.0,20000.0,17050
45646,20000.0,20000.0,20000.0,20000.0,17060
45651,20000.0,20000.0,20000.0,20000.0,17060
45656,20000.0,20000.0,20000.0,20000.0,17060
45661,20000.0,20000.0,20000.0,20000.0,17060
45666,20000.0,20000.0,20000.0,20000.0,17060
45671,20000.0,20000.0,20000.0,20000.0,17065
45676,20000.0,20000.0,20000.0,20000.0,17070
45681,20000.0,20000.0,20000.0,20000.0,17070
45686,20000.0,20000.0,20000.0,20000.0,17070
45691,20000.0,20000.0,20000.0,20000.0,17070
45696,20000.0,20000.0,20000.0,20000.0,17071
45701,20000.0,20000.0,20000.0,20000.0,17080
45706,20000.0,20000.0,20000.0,20000.0,17080
45711,20000.0,20000.0,20000.0,20000.0,17080
45716,20000.0,20000.0,20000.0,20000.0,17080
45721,20000.0,20000.0,20000.0,20000.0,17080
45726,20000.0,20000.0,20000.0,20000.0,17090
45731,20000.0,20000.0,20000.0,20000.0,17090
45736,20000.0,20000.0,20000.0,20000.0,17090
45741,20000.0,20000.0,20000.0,20000.0,17090
45746,20000.0,20000.0,20000.0,20000.0,17090
45751,20000.0,20000.0,20000.0,20000.0,17100
45756,20000.0,20000.0,20000.0,20000.0,17100
45761,20000.0,20000.0,20000.0,20000.0,17100
45766,20000.0,20000.0,20000.0,20000.0,17100
45771,20000.0,20000.0,20000.0,20000.0,17100
45776,20000.0,20000.0,20000.0,20000.0,17104
45781,20000.0,20000.0,20000.0,20000.0,17110
45786,20000.0,20000.0,20000.0,20000.0,17110
45791,20000.0,20000.0,20000.0,20000.0,17110
45796,20000.0,20000.0,20000.0,20000.0,17110
45801,20000.0,20000.0,20000.0,20000.0,17110
45806,20000.0,20000.0,20000.0,20000.0,17120
45811,20000.0,20000.0,20000.0,20000.0,17120
45816,20000.0,20000.0,20000.0,20000.0,17120
45821,20000.0,20000.0,20000.0,20000.0,17120
45826,20000.0,20000.0,20000.0,20000.0,17120
45831,20000.0,20000.0,20000.0,20000.0,17127
45836,20000.0,20000.0,20000.0,20000.0,17130
45841,20000.0,20000.0,20000.0,20000.0,17130
45846,20000.0,20000.0,20000.0,20000.0,17130
45851,20000.0,20000.0,20000.0,20000.0,17130
45856,20000.0,20000.0,20000.0,20000.0,17130
45861,20000.0,20000.0,20000.0,20000.0,17140
45866,20000.0,20000.0,20000.0,20000.0,17140
45871,20000.0,20000.0,20000.0,20000.0,17140
45876,20000.0,20000.0,20000.0,20000.0,17140
45881,20000.0,20000.0,20000.0,20000.0,17140
45886,20000.0,20000.0,20000.0,20000.0,17150
45891,20000.0,20000.0,20000.0,20000.0,17150
45896,20000.0,20000.0,20000.0,20000.0,17150
45901,20000.0,20000.0,20000.0,20000.0,17150
45906,20000.0,20000.0,20000.0,20000.0,17150
45911,20000.0,20000.0,20000.0,20000.0,17156
45916,20000.0,20000.0,20000.0,20000.0,17160
45921,20000.0,20000.0,20000.0,20000.0,17160
45926,20000.0,20000.0,20000.0,20000.0,17160
45931,20000.0,20000.0,20000.0,20000.0,17160
45936,20000.0,20000.0,20000.0,20000.0,17162
45941,20000.0,20000.0,20000.0,20000.0,17170
45946,20000.0,20000.0,20000.0,20000.0,17170
45951,20000.0,20000.0,20000.0,20000.0,17170
45956,20000.0,20000.0,20000.0,20000.0,17170
45961,20000.0,20000.0,20000.0,20000.0,17170
45966,20000.0,20000.0,20000.0,20000.0,17180
45971,20000.0,20000.0,20000.0,20000.0,17180
45976,20000.0,20000.0,20000.0,20000.0,17180
45981,20000.0,20000.0,20000.0,20000.0,17180
45986,20000.0,20000.0,20000.0,20000.0,17180
45991,20000.0,20000.0,20000.0,20000.0,17187
45996,20000.0,20000.0,20000.0,20000.0,17190
46001,20000.0,20000.0,20000.0,20000.0,17190
46006,20000.0,20000.0,20000.0,20000.0,17190
46011,20000.0,20000.0,20000.0,20000.0,17190
46016,20000.0,20000.0,20000.0,20000.0,17190
46021,20000.0,20000.0,20000.0,20000.0,17200
46026,20000.0,20000.0,20000.0,20000.0,17200
46031,20000.0,20000.0,20000.0,20000.0,17200
46036,20000.0,20000.0,20000.0,20000.0,17200
46041,20000.0,20000.0,20000.0,20000.0,17200
46046,20000.0,20000.0,20000.0,20000.0,17210
46051,20000.0,20000.0,20000.0,20000.0,17210
46056,20000.0,20000.0,20000.0,20000.0,17210
46061,20000.0,20000.0,20000.0,20000.0,17210
46066,20000.0,20000.0,20000.0,20000.0,17210
46071,20000.0,20000.0,20000.0,20000.0,17219
46076,20000.0,20000.0,20000.0,20000.0,17220
46081,20000.0,20000.0,20000.0,20000.0,17220
46086,20000.0,20000.0,20000.0,20000.0,17220
46091,20000.0,20000.0,20000.0,20000.0,17220
46096,20000.0,20000.0,20000.0,20000.0,17221
46101,20000.0,20000.0,20000.0,20000.0,17230
46106,20000.0,20000.0,20000.0,20000.0,17230
46111,20000.0,20000.0,20000.0,20000.0,17230
46116,20000.0,20000.0,20000.0,20000.0,17230
46121,20000.0,20000.0,20000.0,20000.0,17230
46126,20000.0,20000.0,20000.0,20000.0,17240
46131,20000.0,20000.0,20000.0,20000.0,17240
46136,20000.0,20000.0,20000.0,20000.0,17240
46141,20000.0,20000.0,20000.0,20000.0,17240
46146,20000.0,20000.0,20000.0,20000.0,17240
46151,20000.0,20000.0,20000.0,20000.0,17247
46156,20000.0,20000.0,20000.0,20000.0,17250
46161,20000.0,20000.0,20000.0,20000.0,17250
46166,20000.0,20000.0,20000.0,20000.0,17250
46171,20000.0,20000.0,20000.0,20000.0,17250
46176,20000.0,20000.0,20000.0,20000.0,17251
46181,20000.0,20000.0,20000.0,20000.0,17260
46186,20000.0,20000.0,20000.0,20000.0,17260
46191,20000.0,20000.0,20000.0,20000.0,17260
46196,20000.0,20000.0,20000.0,20000.0,17260
46201,20000.0,20000.0,20000.0,20000.0,17260
46206,20000.0,20000.0,20000.0,20000.0,17269
46211,20000.0,20000.0,20000.0,20000.0,17270
46216,20000.0,20000.0,20000.0,20000.0,17270
46221,20000.0,20000.0,20000.0,20000.0,17270
46226,20000.0,20000.0,20000.0,20000.0,17270
46231,20000.0,20000.0,20000.0,20000.0,17272
46236,20000.0,20000.0,20000.0,20000.0,17280
46241,20000.0,20000.0,20000.0,20000.0,17280
46246,20000.0,20000.0,20000.0,20000.0,17280
46251,20000.0,20000.0,20000.0,20000.0,17280
46256,20000.0,20000.0,20000.0,20000.0,17280
46261,20000.0,20000.0,20000.0,20000.0,17290
46266,20000.0,20000.0,20000.0,20000.0,17290
46271,20000.0,20000.0,20000.0,20000.0,17290
46276,20000.0,20000.0,20000.0,20000.0,17290
46281,20000.0,20000.0,20000.0,20000.0,17290
46286,20000.0,20000.0,20000.0,20000.0,17300
46291,20000.0,20000.0,20000.0,20000.0,17300
46296,20000.0,20000.0,20000.0,20000.0,17300
46301,20000.0,20000.0,20000.0,20000.0,17300
46306,20000.0,20000.0,20000.0,20000.0,17300
46311,20000.0,20000.0,20000.0,20000.0,17306
46316,20000.0,20000.0,20000.0,20000.0,17310
46321,20000.0,20000.0,20000.0,20000.0,17310
46326,20000.0,20000.0,20000.0,20000.0,17310
46331,20000.0,20000.0,20000.0,20000.0,17310
46336,20000.0,20000.0,20000.0,20000.0,17310
46341,20000.0,20000.0,20000.0,20000.0,17320
46346,20000.0,20000.0,20000.0,20000.0,17320
46351,20000.0,20000.0,20000.0,20000.0,17320
46356,20000.0,20000.0,20000.0,20000.0,17320
46361,20000.0,20000.0,20000.0,20000.0,17320
46366,20000.0,20000.0,20000.0,20000.0,17330
46371,20000.0,20000.0,20000.0,20000.0,17330
46376,20000.0,20000.0,20000.0,20000.0,17330
46381,20000.0,20000.0,20000.0,20000.0,17330
46386,20000.0,20000.0,20000.0,20000.0,17330
46391,20000.0,20000.0,20000.0,20000.0,17339
46396,20000.0,20000.0,20000.0,20000.0,17340
46401,20000.0,20000.0,20000.0,20000.0,17340
46406,20000.0,20000.0,20000.0,20000.0,17340
46411,20000.0,20000.0,20000.0,20000.0,17340
46416,20000.0,20000.0,20000.0,20000.0,17340
46421,20000.0,20000.0,20000.0,20000.0,17350
46426,20000.0,20000.0,20000.0,20000.0,17350
46431,20000.0,20000.0,20000.0,20000.0,17350
46436,20000.0,20000.0,20000.0,20000.0,17350
46441,20000.0,20000.0,20000.0,20000.0,17350
46446,20000.0,20000.0,20000.0,20000.0,17360
46451,20000.0,20000.0,20000.0,20000.0,17360
46456,20000.0,20000.0,20000.0,20000.0,17360
46461,20000.0,20000.0,20000.0,20000.0,17360
46466,20000.0,20000.0,20000.0,20000.0,17360
46471,20000.0,20000.0,20000.0,20000.0,17368
46476,20000.0,20000.0,20000.0,20000.0,17370
46481,20000.0,20000.0,20000.0,20000.0,17370
46486,20000.0,20000.0,20000.0,20000.0,17370
46491,20000.0,20000.0,20000.0,20000.0,17370
46496,20000.0,20000.0,20000.0,20000.0,17373
46501,20000.0,20000.0,20000.0,20000.0,17380
46506,20000.0,20000.0,20000.0,20000.0,17380
46511,20000.0,20000.0,20000.0,20000.0,17380
46516,20000.0,20000.0,20000.0,20000.0,17380
46521,20000.0,20000.0,20000.0,20000.0,17380
46526,20000.0,20000.0,20000.0,20000.0,17390
46531,20000.0,20000.0,20000.0,20000.0,17390
46536,20000.0,20000.0,20000.0,20000.0,17390
46541,20000.0,20000.0,20000.0,20000.0,17390
46546,20000.0,20000.0,20000.0,20000.0,17390
46551,20000.0,20000.0,20000.0,20000.0,17397
46556,20000.0,20000.0,20000.0,20000.0,17400
46561,20000.0,20000.0,20000.0,20000.0,17400
46566,20000.0,20000.0,20000.0,20000.0,17400
46571,20000.0,20000.0,20000.0,20000.0,17400
46576,20000.0,20000.0,20000.0,20000.0,17401
46581,20000.0,20000.0,20000.0,20000.0,17410
46586,20000.0,20000.0,20000.0,20000.0,17410
46591,20000.0,20000.0,20000.0,20000.0,17410
46596,20000.0,20000.0,20000.0,20000.0,17410
46601,20000.0,20000.0,20000.0,20000.0,17410
46606,20000.0,20000.0,20000.0,20000.0,17420
46611,20000.0,20000.0,20000.0,20000.0,17420
46616,20000.0,20000.0,20000.0,20000.0,17420
46621,20000.0,20000.0,20000.0,20000.0,17420
46626,20000.0,20000.0,20000.0,20000.0,17420
46631,20000.0,20000.0,20000.0,20000.0,17424
46636,20000.0,20000.0,20000.0,20000.0,17430
46641,20000.0,20000.0,20000.0,20000.0,17430
46646,20000.0,20000.0,20000.0,20000.0,17430
46651,20000.0,20000.0,20000.0,20000.0,17430
46656,20000.0,20000.0,20000.0,20000.0,17432
46661,20000.0,20000.0,20000.0,20000.0,17440
46666,20000.0,20000.0,20000.0,20000.0,17440
46671,20000.0,20000.0,20000.0,20000.0,17440
46676,20000.0,20000.0,20000.0,20000.0,17440
46681,20000.0,20000.0,20000.0,20000.0,17440
46686,20000.0,20000.0,20000.0,20000.0,17450
46691,20000.0,20000.0,20000.0,20000.0,17450
46696,20000.0,20000.0,20000.0,20000.0,17450
46701,20000.0,20000.0,20000.0,20000.0,17450
46706,20000.0,20000.0,20000.0,20000.0,17450
46711,20000.0,20000.0,20000.0,20000.0,17454
46716,20000.0,20000.0,20000.0,20000.0,17460
46721,20000.0,20000.0,20000.0,20000.0,17460
46726,20000.0,20000.0,20000.0,20000.0,17460
46731,20000.0,20000.0,20000.0,20000.0,17460
46736,20000.0,20000.0,20000.0,20000.0,17460
46741,20000.0,20000.0,20000.0,20000.0,17470
46746,20000.0,20000.0,20000.0,20000.0,17470
46751,20000.0,20000.0,20000.0,20000.0,17470
46756,20000.0,20000.0,20000.0,20000.0,17470
46761,20000.0,20000.0,20000.0,20000.0,17470
46766,20000.0,20000.0,20000.0,20000.0,17479
46771,20000.0,20000.0,20000.0,20000.0,17480
46776,20000.0,20000.0,20000.0,20000.0,17480
46781,20000.0,20000.0,20000.0,20000.0,17480
46786,20000.0,20000.0,20000.0,20000.0,17480
46791,20000.0,20000.0,20000.0,20000.0,17484
46796,20000.0,20000.0,20000.0,20000.0,17490
46801,20000.0,20000.0,20000.0,20000.0,17490
46806,20000.0,20000.0,20000.0,20000.0,17490
46811,20000.0,20000.0,20000.0,20000.0,17490
46816,20000.0,20000.0,20000.0,20000.0,17493
46821,20000.0,20000.0,20000.0,20000.0,17500
46826,20000.0,20000.0,20000.0,20000.0,17500
46831,20000.0,20000.0,20000.0,20000.0,17500
46836,20000.0,20000.0,20000.0,20000.0,17500
46841,20000.0,20000.0,20000.0,20000.0,17500
46846,20000.0,20000.0,20000.0,20000.0,17510
46851,20000.0,20000.0,20000.0,20000.0,17510
46856,20000.0,20000.0,20000.0,20000.0,17510
46861,20000.0,20000.0,20000.0,20000.0,17510
46866,20000.0,20000.0,20000.0,20000.0,17510
46871,20000.0,20000.0,20000.0,20000.0,17513
46876,20000.0,20000.0,20000.0,20000.0,17520
46881,20000.0,20000.0,20000.0,20000.0,17520
46886,20000.0,20000.0,20000.0,20000.0,17520
46891,20000.0,20000.0,20000.0,20000.0,17520
46896,20000.0,20000.0,20000.0,20000.0,17520
46901,20000.0,20000.0,20000.0,20000.0,17530
46906,20000.0,20000.0,20000.0,20000.0,17530
46911,20000.0,20000.0,20000.0,20000.0,17530
46916,20000.0,20000.0,20000.0,20000.0,17530
46921,20000.0,20000.0,20000.0,20000.0,17530
46926,20000.0,20000.0,20000.0,20000.0,17538
46931,20000.0,20000.0,20000.0,20000.0,17540
46936,20000.0,20000.0,20000.0,20000.0,17540
46941,20000.0,20000.0,20000.0,20000.0,17540
46946,20000.0,20000.0,20000.0,20000.0,17540
46951,20000.0,20000.0,20000.0,20000.0,17543
46956,20000.0,20000.0,20000.0,20000.0,17550
46961,20000.0,20000.0,20000.0,20000.0,17550
46966,20000.0,20000.0,20000.0,20000.0,17550
46971,20000.0,20000.0,20000.0,20000.0,17550
46976,20000.0,20000.0,20000.0,20000.0,17550
46981,20000.0,20000.0,20000.0,20000.0,17560
46986,20000.0,20000.0,20000.0,20000.0,17560
46991,20000.0,20000.0,20000.0,20000.0,17560
46996,20000.0,20000.0,20000.0,20000.0,17560
47001,20000.0,20000.0,20000.0,20000.0,17560
47006,20000.0,20000.0,20000.0,20000.0,17568
47011,20000.0,20000.0,20000.0,20000.0,17570
47016,20000.0,20000.0,20000.0,20000.0,17570
47021,20000.0,20000.0,20000.0,20000.0,17570
47026,20000.0,20000.0,20000.0,20000.0,17570
47031,20000.0,20000.0,20000.0,20000.0,17572
47036,20000.0,20000.0,20000.0,20000.0,17580
47041,20000.0,20000.0,20000.0,20000.0,17580
47046,20000.0,20000.0,20000.0,20000.0,17580
47051,20000.0,20000.0,20000.0,20000.0,17580
47056,20000.0,20000.0,20000.0,20000.0,17580
47061,20000.0,20000.0,20000.0,20000.0,17589
47066,20000.0,20000.0,20000.0,20000.0,17590
47071,20000.0,20000.0,20000.0,20000.0,17590
47076,20000.0,20000.0,20000.0,20000.0,17590
47081,20000.0,20000.0,20000.0,20000.0,17590
47086,20000.0,20000.0,20000.0,20000.0,17593
47091,20000.0,20000.0,20000.0,20000.0,17600
47096,20000.0,20000.0,20000.0,20000.0,17600
47101,20000.0,20000.0,20000.0,20000.0,17600
47106,20000.0,20000.0,20000.0,20000.0,17600
47111,20000.0,20000.0,20000.0,20000.0,17600
47116,20000.0,20000.0,20000.0,20000.0,17610
47121,20000.0,20000.0,20000.0,20000.0,17610
47126,20000.0,20000.0,20000.0,20000.0,17610
47131,20000.0,20000.0,20000.0,20000.0,17610
47136,20000.0,20000.0,20000.0,20000.0,17610
47141,20000.0,20000.0,20000.0,20000.0,17618
47146,20000.0,20000.0,20000.0,20000.0,17620
47151,20000.0,20000.0,20000.0,20000.0,17620
47156,20000.0,20000.0,20000.0,20000.0,17620
47161,20000.0,20000.0,20000.0,20000.0,17620
47166,20000.0,20000.0,20000.0,20000.0,17620
47171,20000.0,20000.0,20000.0,20000.0,17630
47176,20000.0,20000.0,20000.0,20000.0,17630
47181,20000.0,20000.0,20000.0,20000.0,17630
47186,20000.0,20000.0,20000.0,20000.0,17630
47191,20000.0,20000.0,20000.0,20000.0,17630
47196,20000.0,20000.0,20000.0,20000.0,17637
47201,20000.0,20000.0,20000.0,20000.0,17640
47206,20000.0,20000.0,20000.0,20000.0,17640
47211,20000.0,20000.0,20000.0,20000.0,17640
47216,20000.0,20000.0,20000.0,20000.0,17640
47221,20000.0,20000.0,20000.0,20000.0,17641
47226,20000.0,20000.0,20000.0,20000.0,17650
47231,20000.0,20000.0,20000.0,20000.0,17650
47236,20000.0,20000.0,20000.0,20000.0,17650
47241,20000.0,20000.0,20000.0,20000.0,17650
47246,20000.0,20000.0,20000.0,20000.0,17650
47251,20000.0,20000.0,20000.0,20000.0,17660
47256,20000.0,20000.0,20000.0,20000.0,17660
47261,20000.0,20000.0,20000.0,20000.0,17660
47266,20000.0,20000.0,20000.0,20000.0,17660
47271,20000.0,20000.0,20000.0,20000.0,17660
47276,20000.0,20000.0,20000.0,20000.0,17668
47281,20000.0,20000.0,20000.0,20000.0,17670
47286,20000.0,20000.0,20000.0,20000.0,17670
47291,20000.0,20000.0,20000.0,20000.0,17670
47296,20000.0,20000.0,20000.0,20000.0,17670
47301,20000.0,20000.0,20000.0,20000.0,17670
47306,20000.0,20000.0,20000.0,20000.0,17680
47311,20000.0,20000.0,20000.0,20000.0,17680
47316,20000.0,20000.0,20000.0,20000.0,17680
47321,20000.0,20000.0,20000.0,20000.0,17680
47326,20000.0,20000.0,20000.0,20000.0,17680
47331,20000.0,20000.0,20000.0,20000.0,17690
47336,20000.0,20000.0,20000.0,20000.0,17690
47341,20000.0,20000.0,20000.0,20000.0,17690
47346,20000.0,20000.0,20000.0,20000.0,17690
47351,20000.0,20000.0,20000.0,20000.0,17690
47356,20000.0,20000.0,20000.0,20000.0,17699
47361,20000.0,20000.0,20000.0,20000.0,17700
47366,20000.0,20000.0,20000.0,20000.0,17700
47371,20000.0,20000.0,20000.0,20000.0,17700
47376,20000.0,20000.0,20000.0,20000.0,17700
47381,20000.0,20000.0,20000.0,20000.0,17702
47386,20000.0,20000.0,20000.0,20000.0,17710
47391,20000.0,20000.0,20000.0,20000.0,17710
47396,20000.0,20000.0,20000.0,20000.0,17710
47401,20000.0,20000.0,20000.0,20000.0,17710
47406,20000.0,20000.0,20000.0,20000.0,17710
47411,20000.0,20000.0,20000.0,20000.0,17719
47416,20000.0,20000.0,20000.0,20000.0,17720
47421,20000.0,20000.0,20000.0,20000.0,17720
47426,20000.0,20000.0,20000.0,20000.0,17720
47431,20000.0,20000.0,20000.0,20000.0,17720
47436,20000.0,20000.0,20000.0,20000.0,17727
47441,20000.0,20000.0,20000.0,20000.0,17730
47446,20000.0,20000.0,20000.0,20000.0,17730
47451,20000.0,20000.0,20000.0,20000.0,17730
47456,20000.0,20000.0,20000.0,20000.0,17730
47461,20000.0,20000.0,20000.0,20000.0,17730
47466,20000.0,20000.0,20000.0,20000.0,17740
47471,20000.0,20000.0,20000.0,20000.0,17740
47476,20000.0,20000.0,20000.0,20000.0,17740
47481,20000.0,20000.0,20000.0,20000.0,17740
47486,20000.0,20000.0,20000.0,20000.0,17740
47491,20000.0,20000.0,20000.0,20000.0,17746
47496,20000.0,20000.0,20000.0,20000.0,17750
47501,20000.0,20000.0,20000.0,20000.0,17750
47506,20000.0,20000.0,20000.0,20000.0,17750
47511,20000.0,20000.0,20000.0,20000.0,17750
47516,20000.0,20000.0,20000.0,20000.0,17751
47521,20000.0,20000.0,20000.0,20000.0,17760
47526,20000.0,20000.0,20000.0,20000.0,17760
47531,20000.0,20000.0,20000.0,20000.0,17760
47536,20000.0,20000.0,20000.0,20000.0,17760
47541,20000.0,20000.0,20000.0,20000.0,17760
47546,20000.0,20000.0,20000.0,20000.0,17770
47551,20000.0,20000.0,20000.0,20000.0,17770
47556,20000.0,20000.0,20000.0,20000.0,17770
47561,20000.0,20000.0,20000.0,20000.0,17770
47566,20000.0,20000.0,20000.0,20000.0,17770
47571,20000.0,20000.0,20000.0,20000.0,17779
47576,20000.0,20000.0,20000.0,20000.0,17780
47581,20000.0,20000.0,20000.0,20000.0,17780
47586,20000.0,20000.0,20000.0,20000.0,17780
47591,20000.0,20000.0,20000.0,20000.0,17780
47596,20000.0,20000.0,20000.0,20000.0,17786
47601,20000.0,20000.0,20000.0,20000.0,17790
47606,20000.0,20000.0,20000.0,20000.0,17790
47611,20000.0,20000.0,20000.0,20000.0,17790
47616,20000.0,20000.0,20000.0,20000.0,17790
47621,20000.0,20000.0,20000.0,20000.0,17791
47626,20000.0,20000.0,20000.0,20000.0,17800
47631,20000.0,20000.0,20000.0,20000.0,17800
47636,20000.0,20000.0,20000.0,20000.0,17800
47641,20000.0,20000.0,20000.0,20000.0,17800
47646,20000.0,20000.0,20000.0,20000.0,17800
47651,20000.0,20000.0,20000.0,20000.0,17810
47656,20000.0,20000.0,20000.0,20000.0,17810
47661,20000.0,20000.0,20000.0,20000.0,17810
47666,20000.0,20000.0,20000.0,20000.0,17810
47671,20000.0,20000.0,20000.0,20000.0,17810
47676,20000.0,20000.0,20000.0,20000.0,17815
47681,20000.0,20000.0,20000.0,20000.0,17820
47686,20000.0,20000.0,20000.0,20000.0,17820
47691,20000.0,20000.0,20000.0,20000.0,17820
47696,20000.0,20000.0,20000.0,20000.0,17820
47701,20000.0,20000.0,20000.0,20000.0,17822
47706,20000.0,20000.0,20000.0,20000.0,17830
47711,20000.0,20000.0,20000.0,20000.0,17830
47716,20000.0,20000.0,20000.0,20000.0,17830
47721,20000.0,20000.0,20000.0,20000.0,17830
47726,20000.0,20000.0,20000.0,20000.0,17830
47731,20000.0,20000.0,20000.0,20000.0,17839
47736,20000.0,20000.0,20000.0,20000.0,17840
47741,20000.0,20000.0,20000.0,20000.0,17840
47746,20000.0,20000.0,20000.0,20000.0,17840
47751,20000.0,20000.0,20000.0,20000.0,17840
47756,20000.0,20000.0,20000.0,20000.0,17843
47761,20000.0,20000.0,20000.0,20000.0,17850
47766,20000.0,20000.0,20000.0,20000.0,17850
47771,20000.0,20000.0,20000.0,20000.0,17850
47776,20000.0,20000.0,20000.0,20000.0,17850
47781,20000.0,20000.0,20000.0,20000.0,17852
47786,20000.0,20000.0,20000.0,20000.0,17860
47791,20000.0,20000.0,20000.0,20000.0,17860
47796,20000.0,20000.0,20000.0,20000.0,17860
47801,20000.0,20000.0,20000.0,20000.0,17860
47806,20000.0,20000.0,20000.0,20000.0,17860
47811,20000.0,20000.0,20000.0,20000.0,17870
47816,20000.0,20000.0,20000.0,20000.0,17870
47821,20000.0,20000.0,20000.0,20000.0,17870
47826,20000.0,20000.0,20000.0,20000.0,17870
47831,20000.0,20000.0,20000.0,20000.0,17870
47836,20000.0,20000.0,20000.0,20000.0,17873
47841,20000.0,20000.0,20000.0,20000.0,17880
47846,20000.0,20000.0,20000.0,20000.0,17880
47851,20000.0,20000.0,20000.0,20000.0,17880
47856,20000.0,20000.0,20000.0,20000.0,17880
47861,20000.0,20000.0,20000.0,20000.0,17880
47866,20000.0,20000.0,20000.0,20000.0,17890
47871,20000.0,20000.0,20000.0,20000.0,17890
47876,20000.0,20000.0,20000.0,20000.0,17890
47881,20000.0,20000.0,20000.0,20000.0,17890
47886,20000.0,20000.0,20000.0,20000.0,17890
47891,20000.0,20000.0,20000.0,20000.0,17900
47896,20000.0,20000.0,20000.0,20000.0,17900
47901,20000.0,20000.0,20000.0,20000.0,17900
47906,20000.0,20000.0,20000.0,20000.0,17900
47911,20000.0,20000.0,20000.0,20000.0,17900
47916,20000.0,20000.0,20000.0,20000.0,17909
47921,20000.0,20000.0,20000.0,20000.0,17910
47926,20000.0,20000.0,20000.0,20000.0,17910
47931,20000.0,20000.0,20000.0,20000.0,17910
47936,20000.0,20000.0,20000.0,20000.0,17910
47941,20000.0,20000.0,20000.0,20000.0,17911
47946,20000.0,20000.0,20000.0,20000.0,17920
47951,20000.0,20000.0,20000.0,20000.0,17920
47956,20000.0,20000.0,20000.0,20000.0,17920
47961,20000.0,20000.0,20000.0,20000.0,17920
47966,20000.0,20000.0,20000.0,20000.0,17920
47971,20000.0,20000.0,20000.0,20000.0,17930
47976,20000.0,20000.0,20000.0,20000.0,17930
47981,20000.0,20000.0,20000.0,20000.0,17930
47986,20000.0,20000.0,20000.0,20000.0,17930
47991,20000.0,20000.0,20000.0,20000.0,17930
47996,20000.0,20000.0,20000.0,20000.0,17938
48001,20000.0,20000.0,20000.0,20000.0,17940
48006,20000.0,20000.0,20000.0,20000.0,17940
48011,20000.0,20000.0,20000.0,20000.0,17940
48016,20000.0,20000.0,20000.0,20000.0,17940
48021,20000.0,20000.0,20000.0,20000.0,17942
48026,20000.0,20000.0,20000.0,20000.0,17950
48031,20000.0,20000.0,20000.0,20000.0,17950
48036,20000.0,20000.0,20000.0,20000.0,17950
48041,20000.0,20000.0,20000.0,20000.0,17950
48046,20000.0,20000.0,20000.0,20000.0,17950
48051,20000.0,20000.0,20000.0,20000.0,17960
48056,20000.0,20000.0,20000.0,20000.0,17960
48061,20000.0,20000.0,20000.0,20000.0,17960
48066,20000.0,20000.0,20000.0,20000.0,17960
48071,20000.0,20000.0,20000.0,20000.0,17960
48076,20000.0,20000.0,20000.0,20000.0,17967
48081,20000.0,20000.0,20000.0,20000.0,17970
48086,20000.0,20000.0,20000.0,20000.0,17970
48091,20000.0,20000.0,20000.0,20000.0,17970
48096,20000.0,20000.0,20000.0,20000.0,17970
48101,20000.0,20000.0,20000.0,20000.0,17971
48106,20000.0,20000.0,20000.0,20000.0,17980
48111,20000.0,20000.0,20000.0,20000.0,17980
48116,20000.0,20000.0,20000.0,20000.0,17980
48121,20000.0,20000.0,20000.0,20000.0,17980
48126,20000.0,20000.0,20000.0,20000.0,17980
48131,20000.0,20000.0,20000.0,20000.0,17990
48136,20000.0,20000.0,20000.0,20000.0,17990
48141,20000.0,20000.0,20000.0,20000.0,17990
48146,20000.0,20000.0,20000.0,20000.0,17990
48151,20000.0,20000.0,20000.0,20000.0,17990
48156,20000.0,20000.0,20000.0,20000.0,17998
48161,20000.0,20000.0,20000.0,20000.0,18000
48166,20000.0,20000.0,20000.0,20000.0,18000
48171,20000.0,20000.0,20000.0,20000.0,18000
48176,20000.0,20000.0,20000.0,20000.0,18000
48181,20000.0,20000.0,20000.0,20000.0,18005
48186,20000.0,20000.0,20000.0,20000.0,18010
48191,20000.0,20000.0,20000.0,20000.0,18010
48196,20000.0,20000.0,20000.0,20000.0,18010
48201,20000.0,20000.0,20000.0,20000.0,18010
48206,20000.0,20000.0,20000.0,20000.0,18010
48211,20000.0,20000.0,20000.0,20000.0,18020
48216,20000.0,20000.0,20000.0,20000.0,18020
48221,20000.0,20000.0,20000.0,20000.0,18020
48226,20000.0,20000.0,20000.0,20000.0,18020
48231,20000.0,20000.0,20000.0,20000.0,18020
48236,20000.0,20000.0,20000.0,20000.0,18029
48241,20000.0,20000.0,20000.0,20000.0,18030
48246,20000.0,20000.0,20000.0,20000.0,18030
48251,20000.0,20000.0,20000.0,20000.0,18030
48256,20000.0,20000.0,20000.0,20000.0,18030
48261,20000.0,20000.0,20000.0,20000.0,18032
48266,20000.0,20000.0,20000.0,20000.0,18040
48271,20000.0,20000.0,20000.0,20000.0,18040
48276,20000.0,20000.0,20000.0,20000.0,18040
48281,20000.0,20000.0,20000.0,20000.0,18040
48286,20000.0,20000.0,20000.0,20000.0,18040
48291,20000.0,20000.0,20000.0,20000.0,18050
48296,20000.0,20000.0,20000.0,20000.0,18050
48301,20000.0,20000.0,20000.0,20000.0,18050
48306,20000.0,20000.0,20000.0,20000.0,18050
48311,20000.0,20000.0,20000.0,20000.0,18050
48316,20000.0,20000.0,20000.0,20000.0,18060
48321,20000.0,20000.0,20000.0,20000.0,18060
48326,20000.0,20000.0,20000.0,20000.0,18060
48331,20000.0,20000.0,20000.0,20000.0,18060
48336,20000.0,20000.0,20000.0,20000.0,18060
48341,20000.0,20000.0,20000.0,20000.0,18068
48346,20000.0,20000.0,20000.0,20000.0,18070
48351,20000.0,20000.0,20000.0,20000.0,18070
48356,20000.0,20000.0,20000.0,20000.0,18070
48361,20000.0,20000.0,20000.0,20000.0,18070
48366,20000.0,20000.0,20000.0,20000.0,18071
48371,20000.0,20000.0,20000.0,20000.0,18080
48376,20000.0,20000.0,20000.0,20000.0,18080
48381,20000.0,20000.0,20000.0,20000.0,18080
48386,20000.0,20000.0,20000.0,20000.0,18080
48391,20000.0,20000.0,20000.0,20000.0,18080
48396,20000.0,20000.0,20000.0,20000.0,18089
48401,20000.0,20000.0,20000.0,20000.0,18090
48406,20000.0,20000.0,20000.0,20000.0,18090
48411,20000.0,20000.0,20000.0,20000.0,18090
48416,20000.0,20000.0,20000.0,20000.0,18090
48421,20000.0,20000.0,20000.0,20000.0,18095
48426,20000.0,20000.0,20000.0,20000.0,18100
48431,20000.0,20000.0,20000.0,20000.0,18100
48436,20000.0,20000.0,20000.0,20000.0,18100
48441,20000.0,20000.0,20000.0,20000.0,18100
48446,20000.0,20000.0,20000.0,20000.0,18100
48451,20000.0,20000.0,20000.0,20000.0,18110
48456,20000.0,20000.0,20000.0,20000.0,18110
48461,20000.0,20000.0,20000.0,20000.0,18110
48466,20000.0,20000.0,20000.0,20000.0,18110
48471,20000.0,20000.0,20000.0,20000.0,18110
48476,20000.0,20000.0,20000.0,20000.0,18119
48481,20000.0,20000.0,20000.0,20000.0,18120
48486,20000.0,20000.0,20000.0,20000.0,18120
48491,20000.0,20000.0,20000.0,20000.0,18120
48496,20000.0,20000.0,20000.0,20000.0,18120
48501,20000.0,20000.0,20000.0,20000.0,18123
48506,20000.0,20000.0,20000.0,20000.0,18130
48511,20000.0,20000.0,20000.0,20000.0,18130
48516,20000.0,20000.0,20000.0,20000.0,18130
48521,20000.0,20000.0,20000.0,20000.0,18130
48526,20000.0,20000.0,20000.0,20000.0,18131
48531,20000.0,20000.0,20000.0,20000.0,18140
48536,20000.0,20000.0,20000.0,20000.0,18140
48541,20000.0,20000.0,20000.0,20000.0,18140
48546,20000.0,20000.0,20000.0,20000.0,18140
48551,20000.0,20000.0,20000.0,20000.0,18140
48556,20000.0,20000.0,20000.0,20000.0,18150
48561,20000.0,20000.0,20000.0,20000.0,18150
48566,20000.0,20000.0,20000.0,20000.0,18150
48571,20000.0,20000.0,20000.0,20000.0,18150
48576,20000.0,20000.0,20000.0,20000.0,18150
48581,20000.0,20000.0,20000.0,20000.0,18155
48586,20000.0,20000.0,20000.0,20000.0,18160
48591,20000.0,20000.0,20000.0,20000.0,18160
48596,20000.0,20000.0,20000.0,20000.0,18160
48601,20000.0,20000.0,20000.0,20000.0,18160
48606,20000.0,20000.0,20000.0,20000.0,18160
48611,20000.0,20000.0,20000.0,20000.0,18170
48616,20000.0,20000.0,20000.0,20000.0,18170
48621,20000.0,20000.0,20000.0,20000.0,18170
48626,20000.0,20000.0,20000.0,20000.0,18170
48631,20000.0,20000.0,20000.0,20000.0,18170
48636,20000.0,20000.0,20000.0,20000.0,18173
48641,20000.0,20000.0,20000.0,20000.0,18180
48646,20000.0,20000.0,20000.0,20000.0,18180
48651,20000.0,20000.0,20000.0,20000.0,18180
48656,20000.0,20000.0,20000.0,20000.0,18180
48661,20000.0,20000.0,20000.0,20000.0,18180
48666,20000.0,20000.0,20000.0,20000.0,18190
48671,20000.0,20000.0,20000.0,20000.0,18190
48676,20000.0,20000.0,20000.0,20000.0,18190
48681,20000.0,20000.0,20000.0,20000.0,18190
48686,20000.0,20000.0,20000.0,20000.0,18190
48691,20000.0,20000.0,20000.0,20000.0,18200
48696,20000.0,20000.0,20000.0,20000.0,18200
48701,20000.0,20000.0,20000.0,20000.0,18200
48706,20000.0,20000.0,20000.0,20000.0,18200
48711,20000.0,20000.0,20000.0,20000.0,18200
48716,20000.0,20000.0,20000.0,20000.0,18207
48721,20000.0,20000.0,20000.0,20000.0,18210
48726,20000.0,20000.0,20000.0,20000.0,18210
48731,20000.0,20000.0,20000.0,20000.0,18210
48736,20000.0,20000.0,20000.0,20000.0,18210
48741,20000.0,20000.0,20000.0,20000.0,18213
48746,20000.0,20000.0,20000.0,20000.0,18220
48751,20000.0,20000.0,20000.0,20000.0,18220
48756,20000.0,20000.0,20000.0,20000.0,18220
48761,20000.0,20000.0,20000.0,20000.0,18220
48766,20000.0,20000.0,20000.0,20000.0,18220
48771,20000.0,20000.0,20000.0,20000.0,18230
48776,20000.0,20000.0,20000.0,20000.0,18230
48781,20000.0,20000.0,20000.0,20000.0,18230
48786,20000.0,20000.0,20000.0,20000.0,18230
48791,20000.0,20000.0,20000.0,20000.0,18230
48796,20000.0,20000.0,20000.0,20000.0,18239
48801,20000.0,20000.0,20000.0,20000.0,18240
48806,20000.0,20000.0,20000.0,20000.0,18240
48811,20000.0,20000.0,20000.0,20000.0,18240
48816,20000.0,20000.0,20000.0,20000.0,18240
48821,20000.0,20000.0,20000.0,20000.0,18241
48826,20000.0,20000.0,20000.0,20000.0,18250
48831,20000.0,20000.0,20000.0,20000.0,18250
48836,20000.0,20000.0,20000.0,20000.0,18250
48841,20000.0,20000.0,20000.0,20000.0,18250
48846,20000.0,20000.0,20000.0,20000.0,18250
48851,20000.0,20000.0,20000.0,20000.0,18260
48856,20000.0,20000.0,20000.0,20000.0,18260
48861,20000.0,20000.0,20000.0,20000.0,18260
48866,20000.0,20000.0,20000.0,20000.0,18260
48871,20000.0,20000.0,20000.0,20000.0,18260
48876,20000.0,20000.0,20000.0,20000.0,18269
48881,20000.0,20000.0,20000.0,20000.0,18270
48886,20000.0,20000.0,20000.0,20000.0,18270
48891,20000.0,20000.0,20000.0,20000.0,18270
48896,20000.0,20000.0,20000.0,20000.0,18270
48901,20000.0,20000.0,20000.0,20000.0,18272
48906,20000.0,20000.0,20000.0,20000.0,18280
48911,20000.0,20000.0,20000.0,20000.0,18280
48916,20000.0,20000.0,20000.0,20000.0,18280
48921,20000.0,20000.0,20000.0,20000.0,18280
48926,20000.0,20000.0,20000.0,20000.0,18281
48931,20000.0,20000.0,20000.0,20000.0,18290
48936,20000.0,20000.0,20000.0,20000.0,18290
48941,20000.0,20000.0,20000.0,20000.0,18290
48946,20000.0,20000.0,20000.0,20000.0,18290
48951,20000.0,20000.0,20000.0,20000.0,18290
48956,20000.0,20000.0,20000.0,20000.0,18300
48961,20000.0,20000.0,20000.0,20000.0,18300
48966,20000.0,20000.0,20000.0,20000.0,18300
48971,20000.0,20000.0,20000.0,20000.0,18300
48976,20000.0,20000.0,20000.0,20000.0,18300
48981,20000.0,20000.0,20000.0,20000.0,18308
48986,20000.0,20000.0,20000.0,20000.0,18310
48991,20000.0,20000.0,20000.0,20000.0,18310
48996,20000.0,20000.0,20000.0,20000.0,18310
49001,20000.0,20000.0,20000.0,20000.0,18310
49006,20000.0,20000.0,20000.0,20000.0,18311
49011,20000.0,20000.0,20000.0,20000.0,18320
49016,20000.0,20000.0,20000.0,20000.0,18320
49021,20000.0,20000.0,20000.0,20000.0,18320
49026,20000.0,20000.0,20000.0,20000.0,18320
49031,20000.0,20000.0,20000.0,20000.0,18320
49036,20000.0,20000.0,20000.0,20000.0,18330
49041,20000.0,20000.0,20000.0,20000.0,18330
49046,20000.0,20000.0,20000.0,20000.0,18330
49051,20000.0,20000.0,20000.0,20000.0,18330
49056,20000.0,20000.0,20000.0,20000.0,18330
49061,20000.0,20000.0,20000.0,20000.0,18340
49066,20000.0,20000.0,20000.0,20000.0,18340
49071,20000.0,20000.0,20000.0,20000.0,18340
49076,20000.0,20000.0,20000.0,20000.0,18340
49081,20000.0,20000.0,20000.0,20000.0,18340
49086,20000.0,20000.0,20000.0,20000.0,18346
49091,20000.0,20000.0,20000.0,20000.0,18350
49096,20000.0,20000.0,20000.0,20000.0,18350
49101,20000.0,20000.0,20000.0,20000.0,18350
49106,20000.0,20000.0,20000.0,20000.0,18350
49111,20000.0,20000.0,20000.0,20000.0,18351
49116,20000.0,20000.0,20000.0,20000.0,18360
49121,20000.0,20000.0,20000.0,20000.0,18360
49126,20000.0,20000.0,20000.0,20000.0,18360
49131,20000.0,20000.0,20000.0,20000.0,18360
49136,20000.0,20000.0,20000.0,20000.0,18360
49141,20000.0,20000.0,20000.0,20000.0,18370
49146,20000.0,20000.0,20000.0,20000.0,18370
49151,20000.0,20000.0,20000.0,20000.0,18370
49156,20000.0,20000.0,20000.0,20000.0,18370
49161,20000.0,20000.0,20000.0,20000.0,18370
49166,20000.0,20000.0,20000.0,20000.0,18376
49171,20000.0,20000.0,20000.0,20000.0,18380
49176,20000.0,20000.0,20000.0,20000.0,18380
49181,20000.0,20000.0,20000.0,20000.0,18380
49186,20000.0,20000.0,20000.0,20000.0,18380
49191,20000.0,20000.0,20000.0,20000.0,18381
49196,20000.0,20000.0,20000.0,20000.0,18390
49201,20000.0,20000.0,20000.0,20000.0,18390
49206,20000.0,20000.0,20000.0,20000.0,18390
49211,20000.0,20000.0,20000.0,20000.0,18390
49216,20000.0,20000.0,20000.0,20000.0,18390
49221,20000.0,20000.0,20000.0,20000.0,18400
49226,20000.0,20000.0,20000.0,20000.0,18400
49231,20000.0,20000.0,20000.0,20000.0,18400
49236,20000.0,20000.0,20000.0,20000.0,18400
49241,20000.0,20000.0,20000.0,20000.0,18400
49246,20000.0,20000.0,20000.0,20000.0,18407
49251,20000.0,20000.0,20000.0,20000.0,18410
49256,20000.0,20000.0,20000.0,20000.0,18410
49261,20000.0,20000.0,20000.0,20000.0,18410
49266,20000.0,20000.0,20000.0,20000.0,18410
49271,20000.0,20000.0,20000.0,20000.0,18410
49276,20000.0,20000.0,20000.0,20000.0,18420
49281,20000.0,20000.0,20000.0,20000.0,18420
49286,20000.0,20000.0,20000.0,20000.0,18420
49291,20000.0,20000.0,20000.0,20000.0,18420
49296,20000.0,20000.0,20000.0,20000.0,18420
49301,20000.0,20000.0,20000.0,20000.0,18430
49306,20000.0,20000.0,20000.0,20000.0,18430
49311,20000.0,20000.0,20000.0,20000.0,18430
49316,20000.0,20000.0,20000.0,20000.0,18430
49321,20000.0,20000.0,20000.0,20000.0,18430
49326,20000.0,20000.0,20000.0,20000.0,18438
49331,20000.0,20000.0,20000.0,20000.0,18440
49336,20000.0,20000.0,20000.0,20000.0,18440
49341,20000.0,20000.0,20000.0,20000.0,18440
49346,20000.0,20000.0,20000.0,20000.0,18440
49351,20000.0,20000.0,20000.0,20000.0,18440
49356,20000.0,20000.0,20000.0,20000.0,18450
49361,20000.0,20000.0,20000.0,20000.0,18450
49366,20000.0,20000.0,20000.0,20000.0,18450
49371,20000.0,20000.0,20000.0,20000.0,18450
49376,20000.0,20000.0,20000.0,20000.0,18450
49381,20000.0,20000.0,20000.0,20000.0,18460
49386,20000.0,20000.0,20000.0,20000.0,18460
49391,20000.0,20000.0,20000.0,20000.0,18460
49396,20000.0,20000.0,20000.0,20000.0,18460
49401,20000.0,20000.0,20000.0,20000.0,18460
49406,20000.0,20000.0,20000.0,20000.0,18468
49411,20000.0,20000.0,20000.0,20000.0,18470
49416,20000.0,20000.0,20000.0,20000.0,18470
49421,20000.0,20000.0,20000.0,20000.0,18470
49426,20000.0,20000.0,20000.0,20000.0,18470
49431,20000.0,20000.0,20000.0,20000.0,18472
49436,20000.0,20000.0,20000.0,20000.0,18480
49441,20000.0,20000.0,20000.0,20000.0,18480
49446,20000.0,20000.0,20000.0,20000.0,18480
49451,20000.0,20000.0,20000.0,20000.0,18480
49456,20000.0,20000.0,20000.0,20000.0,18480
49461,20000.0,20000.0,20000.0,20000.0,18490
49466,20000.0,20000.0,20000.0,20000.0,18490
49471,20000.0,20000.0,20000.0,20000.0,18490
49476,20000.0,20000.0,20000.0,20000.0,18490
49481,20000.0,20000.0,20000.0,20000.0,18490
49486,20000.0,20000.0,20000.0,20000.0,18494
49491,20000.0,20000.0,20000.0,20000.0,18500
49496,20000.0,20000.0,20000.0,20000.0,18500
49501,20000.0,20000.0,20000.0,20000.0,18500
49506,20000.0,20000.0,20000.0,20000.0,18500
49511,20000.0,20000.0,20000.0,20000.0,18500
49516,20000.0,20000.0,20000.0,20000.0,18510
49521,20000.0,20000.0,20000.0,20000.0,18510
49526,20000.0,20000.0,20000.0,20000.0,18510
49531,20000.0,20000.0,20000.0,20000.0,18510
49536,20000.0,20000.0,20000.0,20000.0,18510
49541,20000.0,20000.0,20000.0,20000.0,18517
49546,20000.0,20000.0,20000.0,20000.0,18520
49551,20000.0,20000.0,20000.0,20000.0,18520
49556,20000.0,20000.0,20000.0,20000.0,18520
49561,20000.0,20000.0,20000.0,20000.0,18520
49566,20000.0,20000.0,20000.0,20000.0,18520
49571,20000.0,20000.0,20000.0,20000.0,18530
49576,20000.0,20000.0,20000.0,20000.0,18530
49581,20000.0,20000.0,20000.0,20000.0,18530
49586,20000.0,20000.0,20000.0,20000.0,18530
49591,20000.0,20000.0,20000.0,20000.0,18530
49596,20000.0,20000.0,20000.0,20000.0,18540
49601,20000.0,20000.0,20000.0,20000.0,18540
49606,20000.0,20000.0,20000.0,20000.0,18540
49611,20000.0,20000.0,20000.0,20000.0,18540
49616,20000.0,20000.0,20000.0,20000.0,18540
49621,20000.0,20000.0,20000.0,20000.0,18544
49626,20000.0,20000.0,20000.0,20000.0,18550
49631,20000.0,20000.0,20000.0,20000.0,18550
49636,20000.0,20000.0,20000.0,20000.0,18550
49641,20000.0,20000.0,20000.0,20000.0,18550
49646,20000.0,20000.0,20000.0,20000.0,18550
49651,20000.0,20000.0,20000.0,20000.0,18560
49656,20000.0,20000.0,20000.0,20000.0,18560
49661,20000.0,20000.0,20000.0,20000.0,18560
49666,20000.0,20000.0,20000.0,20000.0,18560
49671,20000.0,20000.0,20000.0,20000.0,18560
49676,20000.0,20000.0,20000.0,20000.0,18569
49681,20000.0,20000.0,20000.0,20000.0,18570
49686,20000.0,20000.0,20000.0,20000.0,18570
49691,20000.0,20000.0,20000.0,20000.0,18570
49696,20000.0,20000.0,20000.0,20000.0,18570
49701,20000.0,20000.0,20000.0,20000.0,18574
49706,20000.0,20000.0,20000.0,20000.0,18580
49711,20000.0,20000.0,20000.0,20000.0,18580
49716,20000.0,20000.0,20000.0,20000.0,18580
49721,20000.0,20000.0,20000.0,20000.0,18580
49726,20000.0,20000.0,20000.0,20000.0,18581
49731,20000.0,20000.0,20000.0,20000.0,18590
49736,20000.0,20000.0,20000.0,20000.0,18590
49741,20000.0,20000.0,20000.0,20000.0,18590
49746,20000.0,20000.0,20000.0,20000.0,18590
49751,20000.0,20000.0,20000.0,20000.0,18590
49756,20000.0,20000.0,20000.0,20000.0,18597
49761,20000.0,20000.0,20000.0,20000.0,18600
49766,20000.0,20000.0,20000.0,20000.0,18600
49771,20000.0,20000.0,20000.0,20000.0,18600
49776,20000.0,20000.0,20000.0,20000.0,18600
49781,20000.0,20000.0,20000.0,20000.0,18602
49786,20000.0,20000.0,20000.0,20000.0,18610
49791,20000.0,20000.0,20000.0,20000.0,18610
49796,20000.0,20000.0,20000.0,20000.0,18610
49801,20000.0,20000.0,20000.0,20000.0,18610
49806,20000.0,20000.0,20000.0,20000.0,18610
49811,20000.0,20000.0,20000.0,20000.0,18620
49816,20000.0,20000.0,20000.0,20000.0,18620
49821,20000.0,20000.0,20000.0,20000.0,18620
49826,20000.0,20000.0,20000.0,20000.0,18620
49831,20000.0,20000.0,20000.0,20000.0,18620
49836,20000.0,20000.0,20000.0,20000.0,18630
49841,20000.0,20000.0,20000.0,20000.0,18630
49846,20000.0,20000.0,20000.0,20000.0,18630
49851,20000.0,20000.0,20000.0,20000.0,18630
49856,20000.0,20000.0,20000.0,20000.0,18630
49861,20000.0,20000.0,20000.0,20000.0,18639
49866,20000.0,20000.0,20000.0,20000.0,18640
49871,20000.0,20000.0,20000.0,20000.0,18640
49876,20000.0,20000.0,20000.0,20000.0,18640
49881,20000.0,20000.0,20000.0,20000.0,18640
49886,20000.0,20000.0,20000.0,20000.0,18642
49891,20000.0,20000.0,20000.0,20000.0,18650
49896,20000.0,20000.0,20000.0,20000.0,18650
49901,20000.0,20000.0,20000.0,20000.0,18650
49906,20000.0,20000.0,20000.0,20000.0,18650
49911,20000.0,20000.0,20000.0,20000.0,18650
49916,20000.0,20000.0,20000.0,20000.0,18660
49921,20000.0,20000.0,20000.0,20000.0,18660
49926,20000.0,20000.0,20000.0,20000.0,18660
49931,20000.0,20000.0,20000.0,20000.0,18660
49936,20000.0,20000.0,20000.0,20000.0,18660
49941,20000.0,20000.0,20000.0,20000.0,18666
49946,20000.0,20000.0,20000.0,20000.0,18670
49951,20000.0,20000.0,20000.0,20000.0,18670
49956,20000.0,20000.0,20000.0,20000.0,18670
49961,20000.0,20000.0,20000.0,20000.0,18670
49966,20000.0,20000.0,20000.0,20000.0,18670
49971,20000.0,20000.0,20000.0,20000.0,18680
49976,20000.0,20000.0,20000.0,20000.0,18680
49981,20000.0,20000.0,20000.0,20000.0,18680
49986,20000.0,20000.0,20000.0,20000.0,18680
49991,20000.0,20000.0,20000.0,20000.0,18680
49996,20000.0,20000.0,20000.0,20000.0,18689
50001,20000.0,20000.0,20000.0,20000.0,18690
50006,20000.0,20000.0,20000.0,20000.0,18690
50011,20000.0,20000.0,20000.0,20000.0,18690
50016,20000.0,20000.0,20000.0,20000.0,18690
50021,20000.0,20000.0,20000.0,20000.0,18690
50026,20000.0,20000.0,20000.0,20000.0,18700
50031,20000.0,20000.0,20000.0,20000.0,18700
50036,20000.0,20000.0,20000.0,20000.0,18700
50041,20000.0,20000.0,20000.0,20000.0,18700
50046,20000.0,20000.0,20000.0,20000.0,18700
50051,20000.0,20000.0,20000.0,20000.0,18710
50056,20000.0,20000.0,20000.0,20000.0,18710
50061,20000.0,20000.0,20000.0,20000.0,18710
50066,20000.0,20000.0,20000.0,20000.0,18710
50071,20000.0,20000.0,20000.0,20000.0,18710
50076,20000.0,20000.0,20000.0,20000.0,18717
50081,20000.0,20000.0,20000.0,20000.0,18720
50086,20000.0,20000.0,20000.0,20000.0,18720
50091,20000.0,20000.0,20000.0,20000.0,18720
50096,20000.0,20000.0,20000.0,20000.0,18720
50101,20000.0,20000.0,20000.0,20000.0,18724
50106,20000.0,20000.0,20000.0,20000.0,18730
50111,20000.0,20000.0,20000.0,20000.0,18730
50116,20000.0,20000.0,20000.0,20000.0,18730
50121,20000.0,20000.0,20000.0,20000.0,18730
50126,20000.0,20000.0,20000.0,20000.0,18731
50131,20000.0,20000.0,20000.0,20000.0,18740
50136,20000.0,20000.0,20000.0,20000.0,18740
50141,20000.0,20000.0,20000.0,20000.0,18740
50146,20000.0,20000.0,20000.0,20000.0,18740
50151,20000.0,20000.0,20000.0,20000.0,18740
50156,20000.0,20000.0,20000.0,20000.0,18750
50161,20000.0,20000.0,20000.0,20000.0,18750
50166,20000.0,20000.0,20000.0,20000.0,18750
50171,20000.0,20000.0,20000.0,20000.0,18750
50176,20000.0,20000.0,20000.0,20000.0,18750
50181,20000.0,20000.0,20000.0,20000.0,18759
50186,20000.0,20000.0,20000.0,20000.0,18760
50191,20000.0,20000.0,20000.0,20000.0,18760
50196,20000.0,20000.0,20000.0,20000.0,18760
50201,20000.0,20000.0,20000.0,20000.0,18760
50206,20000.0,20000.0,20000.0,20000.0,18760
50211,20000.0,20000.0,20000.0,20000.0,18770
50216,20000.0,20000.0,20000.0,20000.0,18770
50221,20000.0,20000.0,20000.0,20000.0,18770
50226,20000.0,20000.0,20000.0,20000.0,18770
50231,20000.0,20000.0,20000.0,20000.0,18770
50236,20000.0,20000.0,20000.0,20000.0,18780
50241,20000.0,20000.0,20000.0,20000.0,18780
50246,20000.0,20000.0,20000.0,20000.0,18780
50251,20000.0,20000.0,20000.0,20000.0,18780
50256,20000.0,20000.0,20000.0,20000.0,18780
50261,20000.0,20000.0,20000.0,20000.0,18786
50266,20000.0,20000.0,20000.0,20000.0,18790
50271,20000.0,20000.0,20000.0,20000.0,18790
50276,20000.0,20000.0,20000.0,20000.0,18790
50281,20000.0,20000.0,20000.0,20000.0,18790
50286,20000.0,20000.0,20000.0,20000.0,18791
50291,20000.0,20000.0,20000.0,20000.0,18800
50296,20000.0,20000.0,20000.0,20000.0,18800
50301,20000.0,20000.0,20000.0,20000.0,18800
50306,20000.0,20000.0,20000.0,20000.0,18800
50311,20000.0,20000.0,20000.0,20000.0,18800
50316,20000.0,20000.0,20000.0,20000.0,18809
50321,20000.0,20000.0,20000.0,20000.0,18810
50326,20000.0,20000.0,20000.0,20000.0,18810
50331,20000.0,20000.0,20000.0,20000.0,18810
50336,20000.0,20000.0,20000.0,20000.0,18810
50341,20000.0,20000.0,20000.0,20000.0,18815
50346,20000.0,20000.0,20000.0,20000.0,18820
50351,20000.0,20000.0,20000.0,20000.0,18820
50356,20000.0,20000.0,20000.0,20000.0,18820
50361,20000.0,20000.0,20000.0,20000.0,18820
50366,20000.0,20000.0,20000.0,20000.0,18823
50371,20000.0,20000.0,20000.0,20000.0,18830
50376,20000.0,20000.0,20000.0,20000.0,18830
50381,20000.0,20000.0,20000.0,20000.0,18830
50386,20000.0,20000.0,20000.0,20000.0,18830
50391,20000.0,20000.0,20000.0,20000.0,18830
50396,20000.0,20000.0,20000.0,20000.0,18840
50401,20000.0,20000.0,20000.0,20000.0,18840
50406,20000.0,20000.0,20000.0,20000.0,18840
50411,20000.0,20000.0,20000.0,20000.0,18840
50416,20000.0,20000.0,20000.0,20000.0,18840
50421,20000.0,20000.0,20000.0,20000.0,18848
50426,20000.0,20000.0,20000.0,20000.0,18850
50431,20000.0,20000.0,20000.0,20000.0,18850
50436,20000.0,20000.0,20000.0,20000.0,18850
50441,20000.0,20000.0,20000.0,20000.0,18850
50446,20000.0,20000.0,20000.0,20000.0,18850
50451,20000.0,20000.0,20000.0,20000.0,18860
50456,20000.0,20000.0,20000.0,20000.0,18860
50461,20000.0,20000.0,20000.0,20000.0,18860
50466,20000.0,20000.0,20000.0,20000.0,18860
50471,20000.0,20000.0,20000.0,20000.0,18860
50476,20000.0,20000.0,20000.0,20000.0,18870
50481,20000.0,20000.0,20000.0,20000.0,18870
50486,20000.0,20000.0,20000.0,20000.0,18870
50491,20000.0,20000.0,20000.0,20000.0,18870
50496,20000.0,20000.0,20000.0,20000.0,18870
50501,20000.0,20000.0,20000.0,20000.0,18878
50506,20000.0,20000.0,20000.0,20000.0,18880
50511,20000.0,20000.0,20000.0,20000.0,18880
50516,20000.0,20000.0,20000.0,20000.0,18880
50521,20000.0,20000.0,20000.0,20000.0,18880
50526,20000.0,20000.0,20000.0,20000.0,18882
50531,20000.0,20000.0,20000.0,20000.0,18890
50536,20000.0,20000.0,20000.0,20000.0,18890
50541,20000.0,20000.0,20000.0,20000.0,18890
50546,20000.0,20000.0,20000.0,20000.0,18890
50551,20000.0,20000.0,20000.0,20000.0,18890
50556,20000.0,20000.0,20000.0,20000.0,18900
50561,20000.0,20000.0,20000.0,20000.0,18900
50566,20000.0,20000.0,20000.0,20000.0,18900
50571,20000.0,20000.0,20000.0,20000.0,18900
50576,20000.0,20000.0,20000.0,20000.0,18900
50581,20000.0,20000.0,20000.0,20000.0,18902
50586,20000.0,20000.0,20000.0,20000.0,18910
50591,20000.0,20000.0,20000.0,20000.0,18910
50596,20000.0,20000.0,20000.0,20000.0,18910
50601,20000.0,20000.0,20000.0,20000.0,18910
50606,20000.0,20000.0,20000.0,20000.0,18910
50611,20000.0,20000.0,20000.0,20000.0,18920
50616,20000.0,20000.0,20000.0,20000.0,18920
50621,20000.0,20000.0,20000.0,20000.0,18920
50626,20000.0,20000.0,20000.0,20000.0,18920
50631,20000.0,20000.0,20000.0,20000.0,18920
50636,20000.0,20000.0,20000.0,20000.0,18929
50641,20000.0,20000.0,20000.0,20000.0,18930
50646,20000.0,20000.0,20000.0,20000.0,18930
50651,20000.0,20000.0,20000.0,20000.0,18930
50656,20000.0,20000.0,20000.0,20000.0,18930
50661,20000.0,20000.0,20000.0,20000.0,18936
50666,20000.0,20000.0,20000.0,20000.0,18940
50671,20000.0,20000.0,20000.0,20000.0,18940
50676,20000.0,20000.0,20000.0,20000.0,18940
50681,20000.0,20000.0,20000.0,20000.0,18940
50686,20000.0,20000.0,20000.0,20000.0,18940
50691,20000.0,20000.0,20000.0,20000.0,18950
50696,20000.0,20000.0,20000.0,20000.0,18950
50701,20000.0,20000.0,20000.0,20000.0,18950
50706,20000.0,20000.0,20000.0,20000.0,18950
50711,20000.0,20000.0,20000.0,20000.0,18950
50716,20000.0,20000.0,20000.0,20000.0,18958
50721,20000.0,20000.0,20000.0,20000.0,18960
50726,20000.0,20000.0,20000.0,20000.0,18960
50731,20000.0,20000.0,20000.0,20000.0,18960
50736,20000.0,20000.0,20000.0,20000.0,18960
50741,20000.0,20000.0,20000.0,20000.0,18962
50746,20000.0,20000.0,20000.0,20000.0,18970
50751,20000.0,20000.0,20000.0,20000.0,18970
50756,20000.0,20000.0,20000.0,20000.0,18970
50761,20000.0,20000.0,20000.0,20000.0,18970
50766,20000.0,20000.0,20000.0,20000.0,18970
50771,20000.0,20000.0,20000.0,20000.0,18980
50776,20000.0,20000.0,20000.0,20000.0,18980
50781,20000.0,20000.0,20000.0,20000.0,18980
50786,20000.0,20000.0,20000.0,20000.0,18980
50791,20000.0,20000.0,20000.0,20000.0,18980
50796,20000.0,20000.0,20000.0,20000.0,18990
50801,20000.0,20000.0,20000.0,20000.0,18990
50806,20000.0,20000.0,20000.0,20000.0,18990
50811,20000.0,20000.0,20000.0,20000.0,18990
50816,20000.0,20000.0,20000.0,20000.0,18990
50821,20000.0,20000.0,20000.0,20000.0,18998
50826,20000.0,20000.0,20000.0,20000.0,19000
50831,20000.0,20000.0,20000.0,20000.0,19000
50836,20000.0,20000.0,20000.0,20000.0,19000
50841,20000.0,20000.0,20000.0,20000.0,19000
50846,20000.0,20000.0,20000.0,20000.0,19001
50851,20000.0,20000.0,20000.0,20000.0,19010
50856,20000.0,20000.0,20000.0,20000.0,19010
50861,20000.0,20000.0,20000.0,20000.0,19010
50866,20000.0,20000.0,20000.0,20000.0,19010
50871,20000.0,20000.0,20000.0,20000.0,19010
50876,20000.0,20000.0,20000.0,20000.0,19020
50881,20000.0,20000.0,20000.0,20000.0,19020
50886,20000.0,20000.0,20000.0,20000.0,19020
50891,20000.0,20000.0,20000.0,20000.0,19020
50896,20000.0,20000.0,20000.0,20000.0,19020
50901,20000.0,20000.0,20000.0,20000.0,19027
50906,20000.0,20000.0,20000.0,20000.0,19030
50911,20000.0,20000.0,20000.0,20000.0,19030
50916,20000.0,20000.0,20000.0,20000.0,19030
50921,20000.0,20000.0,20000.0,20000.0,19030
50926,20000.0,20000.0,20000.0,20000.0,19031
50931,20000.0,20000.0,20000.0,20000.0,19040
50936,20000.0,20000.0,20000.0,20000.0,19040
50941,20000.0,20000.0,20000.0,20000.0,19040
50946,20000.0,20000.0,20000.0,20000.0,19040
50951,20000.0,20000.0,20000.0,20000.0,19041
50956,20000.0,20000.0,20000.0,20000.0,19050
50961,20000.0,20000.0,20000.0,20000.0,19050
50966,20000.0,20000.0,20000.0,20000.0,19050
50971,20000.0,20000.0,20000.0,20000.0,19050
50976,20000.0,20000.0,20000.0,20000.0,19050
50981,20000.0,20000.0,20000.0,20000.0,19056
50986,20000.0,20000.0,20000.0,20000.0,19060
50991,20000.0,20000.0,20000.0,20000.0,19060
50996,20000.0,20000.0,20000.0,20000.0,19060
51001,20000.0,20000.0,20000.0,20000.0,19060
51006,20000.0,20000.0,20000.0,20000.0,19062
51011,20000.0,20000.0,20000.0,20000.0,19070
51016,20000.0,20000.0,20000.0,20000.0,19070
51021,20000.0,20000.0,20000.0,20000.0,19070
51026,20000.0,20000.0,20000.0,20000.0,19070
51031,20000.0,20000.0,20000.0,20000.0,19070
51036,20000.0,20000.0,20000.0,20000.0,19080
51041,20000.0,20000.0,20000.0,20000.0,19080
51046,20000.0,20000.0,20000.0,20000.0,19080
51051,20000.0,20000.0,20000.0,20000.0,19080
51056,20000.0,20000.0,20000.0,20000.0,19080
51061,20000.0,20000.0,20000.0,20000.0,19084
51066,20000.0,20000.0,20000.0,20000.0,19090
51071,20000.0,20000.0,20000.0,20000.0,19090
51076,20000.0,20000.0,20000.0,20000.0,19090
51081,20000.0,20000.0,20000.0,20000.0,19090
51086,20000.0,20000.0,20000.0,20000.0,19090
51091,20000.0,20000.0,20000.0,20000.0,19100
51096,20000.0,20000.0,20000.0,20000.0,19100
51101,20000.0,20000.0,20000.0,20000.0,19100
51106,20000.0,20000.0,20000.0,20000.0,19100
51111,20000.0,20000.0,20000.0,20000.0,19100
51116,20000.0,20000.0,20000.0,20000.0,19110
51121,20000.0,20000.0,20000.0,20000.0,19110
51126,20000.0,20000.0,20000.0,20000.0,19110
51131,20000.0,20000.0,20000.0,20000.0,19110
51136,20000.0,20000.0,20000.0,20000.0,19110
51141,20000.0,20000.0,20000.0,20000.0,19115
51146,20000.0,20000.0,20000.0,20000.0,19120
51151,20000.0,20000.0,20000.0,20000.0,19120
51156,20000.0,20000.0,20000.0,20000.0,19120
51161,20000.0,20000.0,20000.0,20000.0,19120
51166,20000.0,20000.0,20000.0,20000.0,19120
51171,20000.0,20000.0,20000.0,20000.0,19130
51176,20000.0,20000.0,20000.0,20000.0,19130
51181,20000.0,20000.0,20000.0,20000.0,19130
51186,20000.0,20000.0,20000.0,20000.0,19130
51191,20000.0,20000.0,20000.0,20000.0,19130
51196,20000.0,20000.0,20000.0,20000.0,19139
51201,20000.0,20000.0,20000.0,20000.0,19140
51206,20000.0,20000.0,20000.0,20000.0,19140
51211,20000.0,20000.0,20000.0,20000.0,19140
51216,20000.0,20000.0,20000.0,20000.0,19140
51221,20000.0,20000.0,20000.0,20000.0,19145
51226,20000.0,20000.0,20000.0,20000.0,19150
51231,20000.0,20000.0,20000.0,20000.0,19150
51236,20000.0,20000.0,20000.0,20000.0,19150
51241,20000.0,20000.0,20000.0,20000.0,19150
51246,20000.0,20000.0,20000.0,20000.0,19150
51251,20000.0,20000.0,20000.0,20000.0,19160
51256,20000.0,20000.0,20000.0,20000.0,19160
51261,20000.0,20000.0,20000.0,20000.0,19160
51266,20000.0,20000.0,20000.0,20000.0,19160
51271,20000.0,20000.0,20000.0,20000.0,19160
51276,20000.0,20000.0,20000.0,20000.0,19170
51281,20000.0,20000.0,20000.0,20000.0,19170
51286,20000.0,20000.0,20000.0,20000.0,19170
51291,20000.0,20000.0,20000.0,20000.0,19170
51296,20000.0,20000.0,20000.0,20000.0,19170
51301,20000.0,20000.0,20000.0,20000.0,19174
51306,20000.0,20000.0,20000.0,20000.0,19180
51311,20000.0,20000.0,20000.0,20000.0,19180
51316,20000.0,20000.0,20000.0,20000.0,19180
51321,20000.0,20000.0,20000.0,20000.0,19180
51326,20000.0,20000.0,20000.0,20000.0,19180
51331,20000.0,20000.0,20000.0,20000.0,19190
51336,20000.0,20000.0,20000.0,20000.0,19190
51341,20000.0,20000.0,20000.0,20000.0,19190
51346,20000.0,20000.0,20000.0,20000.0,19190
51351,20000.0,20000.0,20000.0,20000.0,19190
51356,20000.0,20000.0,20000.0,20000.0,19197
51361,20000.0,20000.0,20000.0,20000.0,19200
51366,20000.0,20000.0,20000.0,20000.0,19200
51371,20000.0,20000.0,20000.0,20000.0,19200
51376,20000.0,20000.0,20000.0,20000.0,19200
51381,20000.0,20000.0,20000.0,20000.0,19202
51386,20000.0,20000.0,20000.0,20000.0,19210
51391,20000.0,20000.0,20000.0,20000.0,19210
51396,20000.0,20000.0,20000.0,20000.0,19210
51401,20000.0,20000.0,20000.0,20000.0,19210
51406,20000.0,20000.0,20000.0,20000.0,19210
51411,20000.0,20000.0,20000.0,20000.0,19220
51416,20000.0,20000.0,20000.0,20000.0,19220
51421,20000.0,20000.0,20000.0,20000.0,19220
51426,20000.0,20000.0,20000.0,20000.0,19220
51431,20000.0,20000.0,20000.0,20000.0,19220
51436,20000.0,20000.0,20000.0,20000.0,19227
51441,20000.0,20000.0,20000.0,20000.0,19230
51446,20000.0,20000.0,20000.0,20000.0,19230
51451,20000.0,20000.0,20000.0,20000.0,19230
51456,20000.0,20000.0,20000.0,20000.0,19230
51461,20000.0,20000.0,20000.0,20000.0,19232
51466,20000.0,20000.0,20000.0,20000.0,19240
51471,20000.0,20000.0,20000.0,20000.0,19240
51476,20000.0,20000.0,20000.0,20000.0,19240
51481,20000.0,20000.0,20000.0,20000.0,19240
51486,20000.0,20000.0,20000.0,20000.0,19240
51491,20000.0,20000.0,20000.0,20000.0,19248
51496,20000.0,20000.0,20000.0,20000.0,19250
51501,20000.0,20000.0,20000.0,20000.0,19250
51506,20000.0,20000.0,20000.0,20000.0,19250
51511,20000.0,20000.0,20000.0,20000.0,19250
51516,20000.0,20000.0,20000.0,20000.0,19253
51521,20000.0,20000.0,20000.0,20000.0,19260
51526,20000.0,20000.0,20000.0,20000.0,19260
51531,20000.0,20000.0,20000.0,20000.0,19260
51536,20000.0,20000.0,20000.0,20000.0,19260
51541,20000.0,20000.0,20000.0,20000.0,19260
51546,20000.0,20000.0,20000.0,20000.0,19270
51551,20000.0,20000.0,20000.0,20000.0,19270
51556,20000.0,20000.0,20000.0,20000.0,19270
51561,20000.0,20000.0,20000.0,20000.0,19270
51566,20000.0,20000.0,20000.0,20000.0,19270
51571,20000.0,20000.0,20000.0,20000.0,19276
51576,20000.0,20000.0,20000.0,20000.0,19280
51581,20000.0,20000.0,20000.0,20000.0,19280
51586,20000.0,20000.0,20000.0,20000.0,19280
51591,20000.0,20000.0,20000.0,20000.0,19280
51596,20000.0,20000.0,20000.0,20000.0,19281
51601,20000.0,20000.0,20000.0,20000.0,19290
51606,20000.0,20000.0,20000.0,20000.0,19290
51611,20000.0,20000.0,20000.0,20000.0,19290
51616,20000.0,20000.0,20000.0,20000.0,19290
51621,20000.0,20000.0,20000.0,20000.0,19290
51626,20000.0,20000.0,20000.0,20000.0,19299
51631,20000.0,20000.0,20000.0,20000.0,19300
51636,20000.0,20000.0,20000.0,20000.0,19300
51641,20000.0,20000.0,20000.0,20000.0,19300
51646,20000.0,20000.0,20000.0,20000.0,19300
51651,20000.0,20000.0,20000.0,20000.0,19304
51656,20000.0,20000.0,20000.0,20000.0,19310
51661,20000.0,20000.0,20000.0,20000.0,19310
51666,20000.0,20000.0,20000.0,20000.0,19310
51671,20000.0,20000.0,20000.0,20000.0,19310
51676,20000.0,20000.0,20000.0,20000.0,19310
51681,20000.0,20000.0,20000.0,20000.0,19320
51686,20000.0,20000.0,20000.0,20000.0,19320
51691,20000.0,20000.0,20000.0,20000.0,19320
51696,20000.0,20000.0,20000.0,20000.0,19320
51701,20000.0,20000.0,20000.0,20000.0,19320
51706,20000.0,20000.0,20000.0,20000.0,19327
51711,20000.0,20000.0,20000.0,20000.0,19330
51716,20000.0,20000.0,20000.0,20000.0,19330
51721,20000.0,20000.0,20000.0,20000.0,19330
51726,20000.0,20000.0,20000.0,20000.0,19330
51731,20000.0,20000.0,20000.0,20000.0,19331
51736,20000.0,20000.0,20000.0,20000.0,19340
51741,20000.0,20000.0,20000.0,20000.0,19340
51746,20000.0,20000.0,20000.0,20000.0,19340
51751,20000.0,20000.0,20000.0,20000.0,19340
51756,20000.0,20000.0,20000.0,20000.0,19340
51761,20000.0,20000.0,20000.0,20000.0,19350
51766,20000.0,20000.0,20000.0,20000.0,19350
51771,20000.0,20000.0,20000.0,20000.0,19350
51776,20000.0,20000.0,20000.0,20000.0,19350
51781,20000.0,20000.0,20000.0,20000.0,19350
51786,20000.0,20000.0,20000.0,20000.0,19358
51791,20000.0,20000.0,20000.0,20000.0,19360
51796,20000.0,20000.0,20000.0,20000.0,19360
51801,20000.0,20000.0,20000.0,20000.0,19360
51806,20000.0,20000.0,20000.0,20000.0,19360
51811,20000.0,20000.0,20000.0,20000.0,19360
51816,20000.0,20000.0,20000.0,20000.0,19370
51821,20000.0,20000.0,20000.0,20000.0,19370
51826,20000.0,20000.0,20000.0,20000.0,19370
51831,20000.0,20000.0,20000.0,20000.0,19370
51836,20000.0,20000.0,20000.0,20000.0,19370
51841,20000.0,20000.0,20000.0,20000.0,19378
51846,20000.0,20000.0,20000.0,20000.0,19380
51851,20000.0,20000.0,20000.0,20000.0,19380
51856,20000.0,20000.0,20000.0,20000.0,19380
51861,20000.0,20000.0,20000.0,20000.0,19380
51866,20000.0,20000.0,20000.0,20000.0,19381
51871,20000.0,20000.0,20000.0,20000.0,19390
51876,20000.0,20000.0,20000.0,20000.0,19390
51881,20000.0,20000.0,20000.0,20000.0,19390
51886,20000.0,20000.0,20000.0,20000.0,19390
51891,20000.0,20000.0,20000.0,20000.0,19390
51896,20000.0,20000.0,20000.0,20000.0,19398
51901,20000.0,20000.0,20000.0,20000.0,19400
51906,20000.0,20000.0,20000.0,20000.0,19400
51911,20000.0,20000.0,20000.0,20000.0,19400
51916,20000.0,20000.0,20000.0,20000.0,19400
51921,20000.0,20000.0,20000.0,20000.0,19401
51926,20000.0,20000.0,20000.0,20000.0,19410
51931,20000.0,20000.0,20000.0,20000.0,19410
51936,20000.0,20000.0,20000.0,20000.0,19410
51941,20000.0,20000.0,20000.0,20000.0,19410
51946,20000.0,20000.0,20000.0,20000.0,19410
51951,20000.0,20000.0,20000.0,20000.0,19420
51956,20000.0,20000.0,20000.0,20000.0,19420
51961,20000.0,20000.0,20000.0,20000.0,19420
51966,20000.0,20000.0,20000.0,20000.0,19420
51971,20000.0,20000.0,20000.0,20000.0,19420
51976,20000.0,20000.0,20000.0,20000.0,19430
51981,20000.0,20000.0,20000.0,20000.0,19430
51986,20000.0,20000.0,20000.0,20000.0,19430
51991,20000.0,20000.0,20000.0,20000.0,19430
51996,20000.0,20000.0,20000.0,20000.0,19430
52001,20000.0,20000.0,20000.0,20000.0,19436
52006,20000.0,20000.0,20000.0,20000.0,19440
52011,20000.0,20000.0,20000.0,20000.0,19440
52016,20000.0,20000.0,20000.0,20000.0,19440
52021,20000.0,20000.0,20000.0,20000.0,19440
52026,20000.0,20000.0,20000.0,20000.0,19442
52031,20000.0,20000.0,20000.0,20000.0,19450
52036,20000.0,20000.0,20000.0,20000.0,19450
52041,20000.0,20000.0,20000.0,20000.0,19450
52046,20000.0,20000.0,20000.0,20000.0,19450
52051,20000.0,20000.0,20000.0,20000.0,19450
52056,20000.0,20000.0,20000.0,20000.0,19456
52061,20000.0,20000.0,20000.0,20000.0,19460
52066,20000.0,20000.0,20000.0,20000.0,19460
52071,20000.0,20000.0,20000.0,20000.0,19460
52076,20000.0,20000.0,20000.0,20000.0,19460
52081,20000.0,20000.0,20000.0,20000.0,19463
52086,20000.0,20000.0,20000.0,20000.0,19470
52091,20000.0,20000.0,20000.0,20000.0,19470
52096,20000.0,20000.0,20000.0,20000.0,19470
52101,20000.0,20000.0,20000.0,20000.0,19470
52106,20000.0,20000.0,20000.0,20000.0,19470
52111,20000.0,20000.0,20000.0,20000.0,19480
52116,20000.0,20000.0,20000.0,20000.0,19480
52121,20000.0,20000.0,20000.0,20000.0,19480
52126,20000.0,20000.0,20000.0,20000.0,19480
52131,20000.0,20000.0,20000.0,20000.0,19480
52136,20000.0,20000.0,20000.0,20000.0,19490
52141,20000.0,20000.0,20000.0,20000.0,19490
52146,20000.0,20000.0,20000.0,20000.0,19490
52151,20000.0,20000.0,20000.0,20000.0,19490
52156,20000.0,20000.0,20000.0,20000.0,19490
52161,20000.0,20000.0,20000.0,20000.0,19495
52166,20000.0,20000.0,20000.0,20000.0,19500
52171,20000.0,20000.0,20000.0,20000.0,19500
52176,20000.0,20000.0,20000.0,20000.0,19500
52181,20000.0,20000.0,20000.0,20000.0,19500
52186,20000.0,20000.0,20000.0,20000.0,19500
52191,20000.0,20000.0,20000.0,20000.0,19510
52196,20000.0,20000.0,20000.0,20000.0,19510
52201,20000.0,20000.0,20000.0,20000.0,19510
52206,20000.0,20000.0,20000.0,20000.0,19510
52211,20000.0,20000.0,20000.0,20000.0,19510
52216,20000.0,20000.0,20000.0,20000.0,19520
52221,20000.0,20000.0,20000.0,20000.0,19520
52226,20000.0,20000.0,20000.0,20000.0,19520
52231,20000.0,20000.0,20000.0,20000.0,19520
52236,20000.0,20000.0,20000.0,20000.0,19520
52241,20000.0,20000.0,20000.0,20000.0,19521
52246,20000.0,20000.0,20000.0,20000.0,19530
52251,20000.0,20000.0,20000.0,20000.0,19530
52256,20000.0,20000.0,20000.0,20000.0,19530
52261,20000.0,20000.0,20000.0,20000.0,19530
52266,20000.0,20000.0,20000.0,20000.0,19530
52271,20000.0,20000.0,20000.0,20000.0,19540
52276,20000.0,20000.0,20000.0,20000.0,19540
52281,20000.0,20000.0,20000.0,20000.0,19540
52286,20000.0,20000.0,20000.0,20000.0,19540
52291,20000.0,20000.0,20000.0,20000.0,19540
52296,20000.0,20000.0,20000.0,20000.0,19550
52301,20000.0,20000.0,20000.0,20000.0,19550
52306,20000.0,20000.0,20000.0,20000.0,19550
52311,20000.0,20000.0,20000.0,20000.0,19550
52316,20000.0,20000.0,20000.0,20000.0,19550
52321,20000.0,20000.0,20000.0,20000.0,19554
52326,20000.0,20000.0,20000.0,20000.0,19560
52331,20000.0,20000.0,20000.0,20000.0,19560
52336,20000.0,20000.0,20000.0,20000.0,19560
52341,20000.0,20000.0,20000.0,20000.0,19560
52346,20000.0,20000.0,20000.0,20000.0,19560
52351,20000.0,20000.0,20000.0,20000.0,19570
52356,20000.0,20000.0,20000.0,20000.0,19570
52361,20000.0,20000.0,20000.0,20000.0,19570
52366,20000.0,20000.0,20000.0,20000.0,19570
52371,20000.0,20000.0,20000.0,20000.0,19570
52376,20000.0,20000.0,20000.0,20000.0,19580
52381,20000.0,20000.0,20000.0,20000.0,19580
52386,20000.0,20000.0,20000.0,20000.0,19580
52391,20000.0,20000.0,20000.0,20000.0,19580
52396,20000.0,20000.0,20000.0,20000.0,19580
52401,20000.0,20000.0,20000.0,20000.0,19586
52406,20000.0,20000.0,20000.0,20000.0,19590
52411,20000.0,20000.0,20000.0,20000.0,19590
52416,20000.0,20000.0,20000.0,20000.0,19590
52421,20000.0,20000.0,20000.0,20000.0,19590
52426,20000.0,20000.0,20000.0,20000.0,19590
52431,20000.0,20000.0,20000.0,20000.0,19600
52436,20000.0,20000.0,20000.0,20000.0,19600
52441,20000.0,20000.0,20000.0,20000.0,19600
52446,20000.0,20000.0,20000.0,20000.0,19600
52451,20000.0,20000.0,20000.0,20000.0,19600
52456,20000.0,20000.0,20000.0,20000.0,19610
52461,20000.0,20000.0,20000.0,20000.0,19610
52466,20000.0,20000.0,20000.0,20000.0,19610
52471,20000.0,20000.0,20000.0,20000.0,19610
52476,20000.0,20000.0,20000.0,20000.0,19610
52481,20000.0,20000.0,20000.0,20000.0,19619
52486,20000.0,20000.0,20000.0,20000.0,19620
52491,20000.0,20000.0,20000.0,20000.0,19620
52496,20000.0,20000.0,20000.0,20000.0,19620
52501,20000.0,20000.0,20000.0,20000.0,19620
52506,20000.0,20000.0,20000.0,20000.0,19622
52511,20000.0,20000.0,20000.0,20000.0,19630
52516,20000.0,20000.0,20000.0,20000.0,19630
52521,20000.0,20000.0,20000.0,20000.0,19630
52526,20000.0,20000.0,20000.0,20000.0,19630
52531,20000.0,20000.0,20000.0,20000.0,19630
52536,20000.0,20000.0,20000.0,20000.0,19640
52541,20000.0,20000.0,20000.0,20000.0,19640
52546,20000.0,20000.0,20000.0,20000.0,19640
52551,20000.0,20000.0,20000.0,20000.0,19640
52556,20000.0,20000.0,20000.0,20000.0,19640
52561,20000.0,20000.0,20000.0,20000.0,19641
52566,20000.0,20000.0,20000.0,20000.0,19650
52571,20000.0,20000.0,20000.0,20000.0,19650
52576,20000.0,20000.0,20000.0,20000.0,19650
52581,20000.0,20000.0,20000.0,20000.0,19650
52586,20000.0,20000.0,20000.0,20000.0,19651
52591,20000.0,20000.0,20000.0,20000.0,19660
52596,20000.0,20000.0,20000.0,20000.0,19660
52601,20000.0,20000.0,20000.0,20000.0,19660
52606,20000.0,20000.0,20000.0,20000.0,19660
52611,20000.0,20000.0,20000.0,20000.0,19660
52616,20000.0,20000.0,20000.0,20000.0,19670
52621,20000.0,20000.0,20000.0,20000.0,19670
52626,20000.0,20000.0,20000.0,20000.0,19670
52631,20000.0,20000.0,20000.0,20000.0,19670
52636,20000.0,20000.0,20000.0,20000.0,19670
52641,20000.0,20000.0,20000.0,20000.0,19680
52646,20000.0,20000.0,20000.0,20000.0,19680
52651,20000.0,20000.0,20000.0,20000.0,19680
52656,20000.0,20000.0,20000.0,20000.0,19680
52661,20000.0,20000.0,20000.0,20000.0,19680
52666,20000.0,20000.0,20000.0,20000.0,19690
52671,20000.0,20000.0,20000.0,20000.0,19690
52676,20000.0,20000.0,20000.0,20000.0,19690
52681,20000.0,20000.0,20000.0,20000.0,19690
52686,20000.0,20000.0,20000.0,20000.0,19690
52691,20000.0,20000.0,20000.0,20000.0,19696
52696,20000.0,20000.0,20000.0,20000.0,19700
52701,20000.0,20000.0,20000.0,20000.0,19700
52706,20000.0,20000.0,20000.0,20000.0,19700
52711,20000.0,20000.0,20000.0,20000.0,19700
52716,20000.0,20000.0,20000.0,20000.0,19701
52721,20000.0,20000.0,20000.0,20000.0,19710
52726,20000.0,20000.0,20000.0,20000.0,19710
52731,20000.0,20000.0,20000.0,20000.0,19710
52736,20000.0,20000.0,20000.0,20000.0,19710
52741,20000.0,20000.0,20000.0,20000.0,19710
52746,20000.0,20000.0,20000.0,20000.0,19719
52751,20000.0,20000.0,20000.0,20000.0,19720
52756,20000.0,20000.0,20000.0,20000.0,19720
52761,20000.0,20000.0,20000.0,20000.0,19720
52766,20000.0,20000.0,20000.0,20000.0,19720
52771,20000.0,20000.0,20000.0,20000.0,19725
52776,20000.0,20000.0,20000.0,20000.0,19730
52781,20000.0,20000.0,20000.0,20000.0,19730
52786,20000.0,20000.0,20000.0,20000.0,19730
52791,20000.0,20000.0,20000.0,20000.0,19730
52796,20000.0,20000.0,20000.0,20000.0,19731
52801,20000.0,20000.0,20000.0,20000.0,19740
52806,20000.0,20000.0,20000.0,20000.0,19740
52811,20000.0,20000.0,20000.0,20000.0,19740
52816,20000.0,20000.0,20000.0,20000.0,19740
52821,20000.0,20000.0,20000.0,20000.0,19740
52826,20000.0,20000.0,20000.0,20000.0,19749
52831,20000.0,20000.0,20000.0,20000.0,19750
52836,20000.0,20000.0,20000.0,20000.0,19750
52841,20000.0,20000.0,20000.0,20000.0,19750
52846,20000.0,20000.0,20000.0,20000.0,19750
52851,20000.0,20000.0,20000.0,20000.0,19755
52856,20000.0,20000.0,20000.0,20000.0,19760
52861,20000.0,20000.0,20000.0,20000.0,19760
52866,20000.0,20000.0,20000.0,20000.0,19760
52871,20000.0,20000.0,20000.0,20000.0,19760
52876,20000.0,20000.0,20000.0,20000.0,19760
52881,20000.0,20000.0,20000.0,20000.0,19770
52886,20000.0,20000.0,20000.0,20000.0,19770
52891,20000.0,20000.0,20000.0,20000.0,19770
52896,20000.0,20000.0,20000.0,20000.0,19770
52901,20000.0,20000.0,20000.0,20000.0,19770
52906,20000.0,20000.0,20000.0,20000.0,19777
52911,20000.0,20000.0,20000.0,20000.0,19780
52916,20000.0,20000.0,20000.0,20000.0,19780
52921,20000.0,20000.0,20000.0,20000.0,19780
52926,20000.0,20000.0,20000.0,20000.0,19780
52931,20000.0,20000.0,20000.0,20000.0,19781
52936,20000.0,20000.0,20000.0,20000.0,19790
52941,20000.0,20000.0,20000.0,20000.0,19790
52946,20000.0,20000.0,20000.0,20000.0,19790
52951,20000.0,20000.0,20000.0,20000.0,19790
52956,20000.0,20000.0,20000.0,20000.0,19790
52961,20000.0,20000.0,20000.0,20000.0,19800
52966,20000.0,20000.0,20000.0,20000.0,19800
52971,20000.0,20000.0,20000.0,20000.0,19800
52976,20000.0,20000.0,20000.0,20000.0,19800
52981,20000.0,20000.0,20000.0,20000.0,19800
52986,20000.0,20000.0,20000.0,20000.0,19806
52991,20000.0,20000.0,20000.0,20000.0,19810
52996,20000.0,20000.0,20000.0,20000.0,19810
53001,20000.0,20000.0,20000.0,20000.0,19810
53006,20000.0,20000.0,20000.0,20000.0,19810
53011,20000.0,20000.0,20000.0,20000.0,19810
53016,20000.0,20000.0,20000.0,20000.0,19820
53021,20000.0,20000.0,20000.0,20000.0,19820
53026,20000.0,20000.0,20000.0,20000.0,19820
53031,20000.0,20000.0,20000.0,20000.0,19820
53036,20000.0,20000.0,20000.0,20000.0,19820
53041,20000.0,20000.0,20000.0,20000.0,19828
53046,20000.0,20000.0,20000.0,20000.0,19830
53051,20000.0,20000.0,20000.0,20000.0,19830
53056,20000.0,20000.0,20000.0,20000.0,19830
53061,20000.0,20000.0,20000.0,20000.0,19830
53066,20000.0,20000.0,20000.0,20000.0,19833
53071,20000.0,20000.0,20000.0,20000.0,19840
53076,20000.0,20000.0,20000.0,20000.0,19840
53081,20000.0,20000.0,20000.0,20000.0,19840
53086,20000.0,20000.0,20000.0,20000.0,19840
53091,20000.0,20000.0,20000.0,20000.0,19840
53096,20000.0,20000.0,20000.0,20000.0,19850
53101,20000.0,20000.0,20000.0,20000.0,19850
53106,20000.0,20000.0,20000.0,20000.0,19850
53111,20000.0,20000.0,20000.0,20000.0,19850
53116,20000.0,20000.0,20000.0,20000.0,19850
53121,20000.0,20000.0,20000.0,20000.0,19858
53126,20000.0,20000.0,20000.0,20000.0,19860
53131,20000.0,20000.0,20000.0,20000.0,19860
53136,20000.0,20000.0,20000.0,20000.0,19860
53141,20000.0,20000.0,20000.0,20000.0,19860
53146,20000.0,20000.0,20000.0,20000.0,19862
53151,20000.0,20000.0,20000.0,20000.0,19870
53156,20000.0,20000.0,20000.0,20000.0,19870
53161,20000.0,20000.0,20000.0,20000.0,19870
53166,20000.0,20000.0,20000.0,20000.0,19870
53171,20000.0,20000.0,20000.0,20000.0,19870
53176,20000.0,20000.0,20000.0,20000.0,19880
53181,20000.0,20000.0,20000.0,20000.0,19880
53186,20000.0,20000.0,20000.0,20000.0,19880
53191,20000.0,20000.0,20000.0,20000.0,19880
53196,20000.0,20000.0,20000.0,20000.0,19880
53201,20000.0,20000.0,20000.0,20000.0,19886
53206,20000.0,20000.0,20000.0,20000.0,19890
53211,20000.0,20000.0,20000.0,20000.0,19890
53216,20000.0,20000.0,20000.0,20000.0,19890
53221,20000.0,20000.0,20000.0,20000.0,19890
53226,20000.0,20000.0,20000.0,20000.0,19891
53231,20000.0,20000.0,20000.0,20000.0,19900
53236,20000.0,20000.0,20000.0,20000.0,19900
53241,20000.0,20000.0,20000.0,20000.0,19900
53246,20000.0,20000.0,20000.0,20000.0,19900
53251,20000.0,20000.0,20000.0,20000.0,19900
53256,20000.0,20000.0,20000.0,20000.0,19910
53261,20000.0,20000.0,20000.0,20000.0,19910
53266,20000.0,20000.0,20000.0,20000.0,19910
53271,20000.0,20000.0,20000.0,20000.0,19910
53276,20000.0,20000.0,20000.0,20000.0,19910
53281,20000.0,20000.0,20000.0,20000.0,19916
53286,20000.0,20000.0,20000.0,20000.0,19920
53291,20000.0,20000.0,20000.0,20000.0,19920
53296,20000.0,20000.0,20000.0,20000.0,19920
53301,20000.0,20000.0,20000.0,20000.0,19920
53306,20000.0,20000.0,20000.0,20000.0,19922
53311,20000.0,20000.0,20000.0,20000.0,19930
53316,20000.0,20000.0,20000.0,20000.0,19930
53321,20000.0,20000.0,20000.0,20000.0,19930
53326,20000.0,20000.0,20000.0,20000.0,19930
53331,20000.0,20000.0,20000.0,20000.0,19930
53336,20000.0,20000.0,20000.0,20000.0,19940
53341,20000.0,20000.0,20000.0,20000.0,19940
53346,20000.0,20000.0,20000.0,20000.0,19940
53351,20000.0,20000.0,20000.0,20000.0,19940
53356,20000.0,20000.0,20000.0,20000.0,19940
53361,20000.0,20000.0,20000.0,20000.0,19947
53366,20000.0,20000.0,20000.0,20000.0,19950
53371,20000.0,20000.0,20000.0,20000.0,19950
53376,20000.0,20000.0,20000.0,20000.0,19950
53381,20000.0,20000.0,20000.0,20000.0,19950
53386,20000.0,20000.0,20000.0,20000.0,19950
53391,20000.0,20000.0,20000.0,20000.0,19960
53396,20000.0,20000.0,20000.0,20000.0,19960
53401,20000.0,20000.0,20000.0,20000.0,19960
53406,20000.0,20000.0,20000.0,20000.0,19960
53411,20000.0,20000.0,20000.0,20000.0,19960
53416,20000.0,20000.0,20000.0,20000.0,19970
53421,20000.0,20000.0,20000.0,20000.0,19970
53426,20000.0,20000.0,20000.0,20000.0,19970
53431,20000.0,20000.0,20000.0,20000.0,19970
53436,20000.0,20000.0,20000.0,20000.0,19970
53441,20000.0,20000.0,20000.0,20000.0,19978
53446,20000.0,20000.0,20000.0,20000.0,19980
53451,20000.0,20000.0,20000.0,20000.0,19980
53456,20000.0,20000.0,20000.0,20000.0,19980
53461,20000.0,20000.0,20000.0,20000.0,19980
53466,20000.0,20000.0,20000.0,20000.0,19981
53471,20000.0,20000.0,20000.0,20000.0,19990
53476,20000.0,20000.0,20000.0,20000.0,19990
53481,20000.0,20000.0,20000.0,20000.0,19990
53486,20000.0,20000.0,20000.0,20000.0,19990
53491,20000.0,20000.0,20000.0,20000.0,19990
53496,20000.0,20000.0,20000.0,20000.0,20000
