consensusTime,searchTime,onChainTime,seqId,roundId,comId
6.306863s,1.1269819s,4.5259936s,9,2,0
5.9142585s,1.2093032s,4.9290466s,4,2,0
7.0278057s,1.2977716s,3.8260027s,3,2,0
5.8258142s,1.0395959s,5.029513s,6,2,0
6.0341477s,1.3005996s,4.8305869s,8,2,0
5.5594696s,1.0293598s,5.3309759s,7,2,0
6.4703056s,1.0395959s,4.4300541s,5,2,0
5.8791087s,1.0623474s,5.0310937s,1,2,0
6.3884603s,1.4193522s,4.5254899s,2,2,0
6.3850693s,1.3092895s,4.5288809s,10,2,0
6.8048034s,1.0823483s,9.3617679s,17,4,0
6.854582s,1.4994089s,2.1136789s,28,4,0
6.7141545s,1.3654604s,9.4573374s,11,4,0
6.2578979s,1.1474148s,2.7187573s,27,4,0
5.6116832s,1.1018235s,10.5667746s,15,4,0
6.3662838s,1.3316028s,2.6150236s,30,4,0
6.5212287s,1.4074647s,9.6600461s,20,4,0
6.063113s,1.3247139s,2.9181944s,23,4,0
6.7321366s,1.194583s,9.4645808s,18,4,0
6.4751971s,1.4373125s,2.5215529s,24,4,0
6.6840048s,1.4604355s,2.3151023s,25,4,0
6.6452297s,1.2639546s,9.5610341s,13,4,0
6.0954891s,1.2427667s,2.9202299s,29,4,0
7.0578053s,1.3756629s,9.1604001s,14,4,0
6.6158302s,1.070835s,2.4171431s,21,4,0
5.7128948s,1.1723806s,3.3230915s,22,4,0
6.8840032s,1.0945846s,9.3639551s,16,4,0
5.9338294s,1.1855444s,3.1168057s,26,4,0
6.8960784s,1.4945295s,9.3579287s,12,4,0
7.1999674s,1.4818682s,9.0540397s,19,4,0
6.3460488s,1.4682087s,402.3972ms,42,5,0
6.1338077s,1.0238011s,7.5448033s,36,5,0
5.4295113s,1.2898167s,8.2490997s,33,5,0
5.9544893s,1.086493s,803.9374ms,46,5,0
6.7695404s,1.4397034s,0s,45,5,0
6.3542271s,1.3689504s,7.3433621s,32,5,0
6.3713246s,1.0043028s,404.074ms,44,5,0
5.9734431s,1.4453888s,804.5703ms,48,5,0
6.6813509s,1.139196s,100.6326ms,41,5,0
6.2915473s,1.2936346s,502.3453ms,47,5,0
6.5760885s,1.2572241s,7.1427111s,39,5,0
6.2935586s,1.494288s,503.0504ms,43,5,0
6.3818452s,1.0156344s,7.3429061s,38,5,0
6.6068316s,1.1468838s,7.1411319s,35,5,0
6.127821s,1.3193666s,704.8392ms,50,5,0
5.7097288s,1.207382s,8.0499204s,31,5,0
6.9221906s,1.4921874s,6.8393926s,40,5,0
6.6213411s,1.2014283s,7.1402421s,34,5,0
6.7234942s,1.3173973s,7.0422991s,37,5,0
6.9349378s,1.3037242s,0s,49,5,0
6.0892105s,1.0837224s,6.6398634s,56,7,0
6.0892105s,1.0495639s,6.6465899s,51,7,0
5.7233526s,1.2229304s,201.4587ms,67,7,0
6.8102775s,1.2051508s,5.9380651s,52,7,0
6.309683s,1.0345773s,6.4403558s,53,7,0
6.0098744s,1.0558438s,6.7401644s,57,7,0
6.5103972s,1.27168s,6.2396416s,55,7,0
5.8460812s,1.0168685s,100.042ms,62,7,0
6.3131685s,1.4096s,6.44543s,54,7,0
5.6393827s,1.3860335s,7.1437512s,60,7,0
6.6555409s,1.3581815s,6.1440606s,58,7,0
6.2693073s,1.0147683s,6.5396197s,59,7,0
6.2549801s,1.4436636s,0s,61,7,0
5.8897474s,1.2687171s,5.4337092s,80,9,0
5.5858766s,1.0307281s,5.7414267s,79,9,0
6.6902888s,1.0205294s,11.7810792s,65,9,0
6.8073201s,1.2507554s,4.5276973s,72,9,0
6.6118452s,1.2142246s,11.8735337s,68,9,0
6.9194156s,1.23328s,11.576878s,70,9,0
6.6311758s,1.364367s,11.8833379s,63,9,0
7.1440647s,1.3786999s,11.37145s,66,9,0
6.5401808s,1.0300515s,11.9753339s,64,9,0
5.947463s,1.140837s,5.4333653s,76,9,0
6.0610983s,1.3687421s,5.3371752s,74,9,0
6.0627135s,1.355187s,5.3378552s,71,9,0
6.4706152s,1.2507554s,4.9311718s,78,9,0
6.8738614s,1.0924082s,4.5279256s,77,9,0
6.2698606s,1.392497s,5.1319264s,73,9,0
5.9685722s,1.0906856s,5.4367435s,75,9,0
6.9839519s,1.4841277s,11.5734947s,69,9,0
6.1374323s,1.2260758s,5.1320382s,93,11,0
6.122029s,1.1109912s,11.8735816s,85,11,0
6.3230303s,1.3471305s,11.6725803s,82,11,0
6.7195336s,1.4849984s,11.276077s,88,11,0
6.3289593s,1.4036032s,11.6748146s,84,11,0
6.5345052s,1.1179783s,11.4793661s,89,11,0
6.4647837s,1.3557119s,4.8332892s,91,11,0
6.464473s,1.1665519s,4.8335999s,98,11,0
6.8736011s,1.249989s,4.4310418s,100,11,0
5.9561779s,1.1776195s,12.0828925s,81,11,0
6.4697795s,1.371795s,11.5707422s,83,11,0
6.6922944s,1.4141134s,4.6292598s,94,11,0
5.9863473s,1.1558831s,5.3352069s,92,11,0
6.371099s,1.0684005s,11.6768978s,87,11,0
5.5705007s,1.0425056s,12.4844068s,90,11,0
5.914211s,1.1022004s,5.4382124s,95,11,0
5.8154442s,1.3215251s,5.5369792s,99,11,0
6.8278239s,1.2509214s,4.5331715s,96,11,0
6.5064878s,1.4771172s,11.5746002s,86,11,0
6.2295601s,1.4899199s,5.1354418s,97,11,0
6.1495548s,1.1487773s,11.0674574s,103,13,0
6.4797859s,1.0666984s,3.6223051s,118,13,0
6.7873168s,1.3905078s,3.3258356s,120,13,0
6.8980849s,1.2333843s,3.2212418s,116,13,0
6.4646575s,1.2967321s,10.7695904s,101,13,0
6.4659383s,1.4635163s,10.7683096s,110,13,0
6.0946089s,1.0247319s,4.0289087s,111,13,0
7.0087468s,1.2734832s,3.1197593s,112,13,0
6.8158386s,1.3256838s,3.3217294s,115,13,0
6.9196346s,1.4595755s,3.2213568s,119,13,0
6.1232016s,1.0743806s,4.0271883s,113,13,0
6.3934048s,1.1114293s,10.8739337s,109,13,0
7.0086599s,1.3644682s,10.2634807s,105,13,0
6.3127529s,1.0648094s,10.9705615s,102,13,0
6.3127529s,1.3397179s,10.9705615s,104,13,0
7.1149212s,1.4706613s,10.1683932s,108,13,0
6.321737s,1.0108585s,10.9746349s,107,13,0
6.0322491s,1.395775s,11.2691277s,106,13,0
6.0607527s,1.1311033s,4.1276431s,114,13,0
6.272313s,1.2885592s,3.92312s,117,13,0
7.0405968s,1.4186969s,1.0074504s,134,15,0
6.2804841s,1.1522795s,8.9560681s,127,15,0
7.1848658s,1.3789029s,8.0516864s,130,15,0
6.9904748s,1.3470651s,8.2579944s,128,15,0
5.7851174s,1.2118013s,9.4633518s,125,15,0
6.0568753s,1.3376022s,2.0132522s,132,15,0
6.4607767s,1.1612465s,1.6111958s,136,15,0
6.1125098s,1.3507306s,9.1621429s,121,15,0
6.6878768s,1.4014867s,1.4095688s,137,15,0
5.9908347s,1.4453628s,2.1135148s,135,15,0
6.4339591s,1.4386296s,8.8573223s,122,15,0
6.1393502s,1.3445955s,9.1562329s,123,15,0
6.6020111s,1.2344852s,1.5119407s,140,15,0
6.1106618s,1.2817974s,2.0144505s,131,15,0
6.3119166s,1.253439s,1.8131957s,133,15,0
6.4187773s,1.4663805s,1.7128754s,138,15,0
5.8538433s,1.1715801s,9.465086s,126,15,0
6.558769s,1.0655712s,8.7601603s,124,15,0
6.7625065s,1.4998316s,8.5564228s,129,15,0
5.8300823s,1.2844424s,2.315796s,139,15,0
6.2974819s,1.0728262s,603.7993ms,155,16,0
6.0073686s,1.2085153s,7.647442s,143,16,0
6.5100516s,1.2960002s,401.5441ms,159,16,0
6.4118999s,1.1764442s,502.3308ms,158,16,0
6.7347529s,1.1683608s,6.9427206s,147,16,0
6.0282684s,1.3608935s,7.6492051s,150,16,0
6.0279293s,1.2320524s,7.6495442s,144,16,0
6.5361731s,1.2668707s,7.1460861s,145,16,0
6.3352395s,1.0921613s,7.3470197s,149,16,0
6.1290692s,1.1660219s,806.2227ms,154,16,0
6.6436621s,1.3798444s,7.0463354s,148,16,0
6.749292s,1.2846817s,6.9407055s,141,16,0
5.6433707s,1.0770511s,8.0466268s,146,16,0
6.8547915s,1.4830026s,100.0527ms,151,16,0
6.6626795s,1.4932988s,300.9637ms,157,16,0
6.8626596s,1.4350815s,100.6172ms,153,16,0
6.8706008s,1.2389086s,100.5317ms,160,16,0
6.2813699s,1.2779653s,7.4489642s,142,16,0
6.2788621s,1.0487651s,704.8578ms,156,16,0
7.1052383s,1.466553s,0s,152,16,0
6.7033988s,1.4625968s,5.6295791s,162,18,0
6.8214964s,1.4148838s,5.5340274s,163,18,0
6.6287817s,1.0446882s,5.7317557s,170,18,0
6.1280395s,1.4280449s,6.2375274s,169,18,0
6.947054s,1.2817174s,5.4316589s,168,18,0
6.5620849s,1.4938117s,5.8343964s,164,18,0
6.361036s,1.0977283s,6.0354453s,165,18,0
5.8652313s,1.1325548s,6.5360188s,166,18,0
6.574881s,1.2565123s,5.8345724s,167,18,0
6.3930968s,1.0629761s,6.0339544s,161,18,0
6.3618457s,1.0579138s,4.5283101s,184,20,0
6.4622321s,1.183687s,4.4279237s,186,20,0
6.606988s,1.3153966s,11.2711256s,179,20,0
5.4648297s,1.0190349s,5.4352412s,181,20,0
6.0188755s,1.2765903s,11.874406s,176,20,0
5.6804842s,1.1399063s,5.2343489s,188,20,0
6.3335335s,1.3603136s,11.5724592s,172,20,0
6.1326661s,1.3838012s,11.7733266s,171,20,0
6.8083944s,1.3376926s,4.1250381s,183,20,0
6.6538114s,1.2241406s,11.2694258s,175,20,0
6.4159192s,1.1213129s,4.5303263s,190,20,0
6.7627407s,1.4458308s,11.166763s,180,20,0
6.5219971s,1.4138424s,4.426611s,187,20,0
6.7241451s,1.211759s,4.224463s,185,20,0
6.2223263s,1.2976275s,4.7262818s,182,20,0
6.1589186s,1.3965941s,11.7729477s,173,20,0
6.7807447s,1.3265763s,11.1719746s,178,20,0
6.9832582s,1.4233533s,10.9694611s,174,20,0
6.240063s,1.1448776s,4.7308965s,189,20,0
6.281233s,1.1135143s,11.6729847s,177,20,0
6.3724599s,1.2506382s,10.7677455s,192,22,0
6.0653098s,1.4277364s,11.0748956s,191,22,0
6.6384024s,1.3603728s,3.3215914s,210,22,0
7.1826017s,1.4957966s,9.9645423s,196,22,0
6.0975442s,1.4324519s,11.0732492s,198,22,0
6.1961639s,1.4147009s,10.9746295s,194,22,0
6.9066835s,1.3918396s,10.2668353s,193,22,0
6.068101s,1.0895808s,3.924828s,208,22,0
6.1711103s,1.2187329s,3.8233225s,206,22,0
5.7768546s,1.1228281s,4.2223897s,205,22,0
6.7878437s,1.3454302s,3.222587s,207,22,0
7.0376146s,1.4357275s,10.1660085s,200,22,0
6.1972956s,1.3005433s,3.824386s,203,22,0
6.5028712s,1.4339005s,3.5188104s,204,22,0
6.2416196s,1.3225756s,10.969945s,197,22,0
6.5073734s,1.139708s,3.5249937s,201,22,0
6.6115792s,1.3537388s,3.4230165s,202,22,0
6.7600089s,1.0320634s,10.4695331s,195,22,0
6.2256356s,1.4095693s,3.8239619s,209,22,0
6.6675363s,1.0122945s,10.5684542s,199,22,0
6.1358106s,1.4849474s,8.3577714s,214,24,0
6.1801279s,1.4438432s,1.5092471s,228,24,0
6.1836708s,1.4885515s,1.5124471s,230,24,0
6.1836708s,1.4408862s,1.5124471s,224,24,0
6.4987141s,1.3116763s,1.2094109s,222,24,0
6.5877887s,1.4371362s,7.9562311s,212,24,0
6.1925829s,1.4082278s,8.3514369s,218,24,0
6.5042908s,1.0105792s,1.2086281s,225,24,0
6.8079235s,1.1510838s,905.6119ms,226,24,0
6.7983199s,1.4412795s,7.752613s,215,24,0
5.6916456s,1.1272661s,8.8592873s,213,24,0
6.2088256s,1.207323s,8.3472551s,220,24,0
6.3153595s,1.3153821s,1.4122366s,229,24,0
6.1122173s,1.1892126s,8.4543447s,219,24,0
6.2309562s,1.2076087s,1.5115291s,221,24,0
6.2359802s,1.4207847s,1.5091853s,223,24,0
6.6426522s,1.2036028s,1.1068718s,227,24,0
6.8342598s,1.2626821s,7.7525149s,216,24,0
6.3338513s,1.482646s,8.2529234s,217,24,0
6.1269927s,1.4192604s,8.459782s,211,24,0
6.0649442s,1.0536957s,8.1533256s,236,25,0
6.0697785s,1.1314311s,8.1484913s,231,25,0
6.0634152s,1.4415385s,8.1548546s,232,25,0
6.9812488s,1.0506391s,0s,245,25,0
5.7774546s,1.0145921s,8.4569677s,240,26,0
6.5972721s,1.4215644s,7.6483605s,238,26,0
6.4981812s,1.4732561s,7.7478827s,233,26,0
6.2968381s,1.3375631s,704.3464ms,244,26,0
6.7035527s,1.3599899s,300.8351ms,249,26,0
5.6103709s,1.0134748s,1.407369s,246,26,0
6.9264345s,1.0607487s,7.3481128s,235,26,0
6.7320498s,1.0995871s,301.3726ms,248,26,0
6.6360999s,1.2627416s,403.3941ms,247,26,0
6.2405761s,1.3978002s,806.0797ms,243,26,0
6.2416519s,1.3477214s,805.0039ms,241,26,0
7.2499559s,1.4845905s,7.0511167s,234,26,0
5.7466749s,1.0834884s,1.3091s,242,26,0
6.3523064s,1.4867286s,703.4685ms,250,26,0
6.0493844s,1.3606719s,8.2568595s,239,26,0
6.6588784s,1.4215644s,7.6473655s,237,26,0
6.1474389s,1.3015379s,5.6398828s,259,27,0
6.2817366s,1.1587096s,5.5399715s,258,27,0
7.0078286s,1.3845235s,4.8322366s,260,27,0
7.1187586s,1.4988363s,4.7307145s,254,27,0
5.9243265s,1.18796s,5.9409344s,255,27,0
6.3270039s,1.2481427s,5.5398683s,256,27,0
6.3318566s,1.2091657s,5.5350156s,257,27,0
6.6362853s,1.4549079s,5.2320183s,253,27,0
7.0449884s,1.4248513s,4.8311868s,251,27,0
6.5476312s,1.360063s,5.3343833s,252,27,0
6.140874s,1.3717597s,11.4804725s,268,29,0
6.1319247s,1.2844563s,4.628192s,275,29,0
6.5511023s,1.0208708s,11.0718906s,269,29,0
6.8622186s,1.4027604s,10.7681153s,262,29,0
6.0600697s,1.4313241s,11.5702642s,263,29,0
6.3396821s,1.3654763s,4.4277756s,280,29,0
5.6641125s,1.1817786s,11.9807623s,261,29,0
6.8781435s,1.1864108s,3.9252742s,276,29,0
5.6747374s,1.0576391s,5.1324034s,273,29,0
6.5923747s,1.4659859s,11.0798834s,265,29,0
6.2809926s,1.1779565s,4.5283893s,271,29,0
6.7886978s,1.1923687s,4.0262132s,272,29,0
5.8852077s,1.0773558s,4.9308765s,279,29,0
6.2055636s,1.0213501s,11.47472s,266,29,0
6.3192068s,1.094446s,11.3651193s,267,29,0
6.0128107s,1.2111078s,11.6715154s,264,29,0
6.1059536s,1.4785084s,4.7300809s,274,29,0
6.7120963s,1.2709569s,4.1284735s,277,29,0
6.8341491s,1.4828977s,10.8707585s,270,29,0
6.527423s,1.0367182s,4.3257008s,278,29,0
6.4142257s,1.2078665s,1.9111217s,296,31,0
6.0151648s,1.0483382s,9.2546642s,289,31,0
6.8345129s,1.2786706s,8.4506802s,281,31,0
6.4304007s,1.4117246s,8.8547924s,290,31,0
6.9349318s,1.4900257s,8.3502613s,286,31,0
6.7454035s,1.3606571s,1.6112357s,298,31,0
6.2389089s,1.0322453s,9.0552393s,283,31,0
5.9490818s,1.4277183s,9.3615568s,282,31,0
6.2493933s,1.1907297s,9.0616127s,288,31,0
5.8634587s,1.3413787s,2.5174187s,299,31,0
6.6672354s,1.060683s,8.6516296s,284,31,0
6.6661246s,1.1208144s,8.6527404s,287,31,0
6.6745148s,1.4298679s,1.7124868s,294,31,0
6.7742619s,1.0273107s,1.6127397s,291,31,0
6.4769605s,1.3678297s,1.9145156s,300,31,0
6.3812423s,1.2347688s,2.0115462s,297,31,0
5.7866996s,1.0008337s,2.6153431s,293,31,0
5.7866996s,1.1536564s,2.6153431s,295,31,0
6.0927462s,1.3512645s,2.3163439s,292,31,0
6.7939033s,1.3327027s,8.5525178s,285,31,0
6.0141281s,1.166115s,8.4565161s,305,33,0
6.6188192s,1.2868349s,7.851825s,306,33,0
6.620595s,1.1806076s,7.8500492s,302,33,0
5.5255753s,1.005533s,1.8125836s,311,33,0
6.0302023s,1.0969904s,1.3096738s,313,33,0
7.1408774s,1.4467942s,7.3426189s,308,33,0
5.8412381s,1.2368698s,1.5098459s,320,33,0
5.8417546s,1.1375966s,1.5093294s,317,33,0
6.5391176s,1.4467942s,7.9557988s,307,33,0
6.3481162s,1.271s,1.0089799s,312,33,0
6.6473389s,1.4488885s,7.8506346s,310,33,0
7.0585648s,1.2961382s,7.4487967s,304,33,0
6.2747779s,1.3489139s,1.1078509s,319,33,0
6.9799258s,1.474823s,7.5497182s,301,33,0
6.2017978s,1.2409533s,1.2082591s,315,33,0
6.5956681s,1.1152019s,7.9552662s,309,33,0
6.9045929s,1.4389185s,7.6463414s,303,33,0
5.5095002s,1.0234276s,1.9113532s,316,33,0
6.4164501s,1.2508763s,1.0072875s,318,33,0
6.4204387s,1.2730182s,1.0056994s,314,33,0
6.2303133s,1.2454371s,6.9442226s,325,34,0
6.838204s,1.4368309s,6.3363319s,329,34,0
5.4260122s,1.1918441s,703.9143ms,332,34,0
5.73221s,1.2787663s,7.4458497s,321,34,0
7.0458626s,1.4508942s,6.1385265s,327,34,0
6.1460535s,1.0418805s,0s,335,34,0
6.0437394s,1.3432539s,7.1505925s,323,34,0
5.9489916s,1.009023s,202.0753ms,336,34,0
6.5537475s,1.4441936s,6.6450443s,326,34,0
6.2704166s,1.2568831s,6.941029s,328,34,0
6.0650711s,1.155439s,7.1463745s,330,34,0
6.6754804s,1.3337386s,6.5406497s,324,34,0
6.8816244s,1.4961381s,6.3397004s,322,34,0
6.2054339s,1.1208608s,0s,338,34,0
6.2848337s,1.2196224s,0s,337,34,0
6.2872586s,1.2859392s,0s,331,34,0
6.3637073s,1.1983741s,0s,339,34,0
6.3739097s,1.4405847s,0s,334,34,0
6.5772975s,1.2606596s,0s,333,34,0
6.8027418s,1.2334573s,11.985144s,340,36,0
6.6619693s,1.2868766s,5.3385732s,343,36,0
5.9722813s,1.1027946s,6.0368071s,350,36,0
6.1950018s,1.3164591s,5.8353557s,345,36,0
6.595982s,1.2085255s,5.4343755s,342,36,0
5.9922661s,1.0854853s,6.0387998s,346,36,0
6.7076615s,1.3326577s,5.3345614s,349,36,0
6.7234316s,1.3769155s,5.3318767s,347,36,0
5.8151096s,1.4378601s,6.2401987s,341,36,0
5.9176308s,1.4236205s,6.1440947s,344,36,0
6.4280557s,1.3214479s,5.6449323s,348,36,0
5.522202s,1.3516052s,0s,359,36,0
6.0822828s,1.1164976s,11.5763602s,356,38,0
6.3890688s,1.2176283s,11.2706222s,360,38,0
7.2028215s,1.4316778s,3.8202384s,362,38,0
6.7963111s,1.3086402s,4.2267488s,367,38,0
6.593069s,1.3937232s,4.4299909s,361,38,0
7.3073602s,1.445104s,3.7234697s,366,38,0
6.3291836s,1.2756344s,11.3718425s,355,38,0
6.2186515s,1.2634126s,4.8358954s,368,38,0
5.9327986s,1.0803764s,11.7817623s,353,38,0
6.8281201s,1.2703094s,4.2271423s,363,38,0
6.551336s,1.3951218s,11.1737213s,352,38,0
6.4427697s,1.4892056s,4.6282594s,370,38,0
5.8444307s,1.2267361s,5.2310693s,369,38,0
6.6592985s,1.4459788s,11.0755s,358,38,0
6.4427697s,1.0193489s,4.6327303s,365,38,0
6.6520865s,1.3167162s,4.4260741s,364,38,0
6.168872s,1.4901202s,11.5685871s,351,38,0
6.1765885s,1.0754809s,11.5673271s,357,38,0
5.972457s,1.1637435s,11.7714586s,354,38,0
6.217043s,1.3231079s,4.1275629s,381,40,0
6.622271s,1.4093281s,3.7223349s,383,40,0
6.3250449s,1.150795s,4.025921s,382,40,0
6.9183836s,1.3737482s,10.3692353s,373,40,0
5.9320651s,1.4873049s,4.4290701s,386,40,0
5.9204103s,1.1334291s,11.3752807s,375,40,0
6.9339406s,1.0724517s,10.3712398s,380,40,0
5.8301613s,1.1666122s,11.4750191s,376,40,0
6.6500326s,1.4438949s,3.7250722s,389,40,0
6.0491526s,1.0165657s,4.3295162s,385,40,0
6.6585463s,1.3207336s,3.7238526s,384,40,0
6.2484715s,1.3111851s,11.0762095s,372,40,0
6.6665836s,1.4327408s,3.7264847s,388,40,0
6.3574985s,1.413826s,10.9701256s,377,40,0
6.7626224s,1.2609145s,10.5691796s,371,40,0
6.6665652s,1.1238207s,10.6698873s,379,40,0
6.8896788s,1.3207336s,3.5267193s,387,40,0
5.8733386s,1.190707s,11.4800521s,374,40,0
6.7784529s,1.492652s,10.5749378s,378,40,0
6.9994094s,1.2637312s,3.4237276s,390,40,0
6.4838065s,1.0510927s,9.459594s,398,42,0
6.6511869s,1.0398928s,2.4194124s,401,42,0
6.7919732s,1.4209337s,9.1584458s,391,42,0
6.598191s,1.3611642s,9.3626805s,395,42,0
6.5697242s,1.3138739s,2.5169432s,402,42,0
6.3739075s,1.4852108s,2.7164733s,408,42,0
5.978309s,1.4987848s,3.1222034s,410,42,0
6.328072s,1.0596684s,9.6609926s,396,42,0
6.6945615s,1.1236625s,2.4166871s,407,42,0
6.4385676s,1.4787979s,9.5650341s,393,42,0
6.2508159s,1.1235759s,9.7566562s,394,42,0
6.8161094s,1.2295601s,2.3176985s,403,42,0
5.9495804s,1.4316555s,10.0675501s,400,42,0
6.0579703s,1.0094936s,9.9657521s,392,42,0
5.6257197s,1.0894545s,3.5201867s,404,42,0
5.7335271s,1.3488017s,3.4219063s,405,42,0
6.877816s,1.4446984s,9.1558824s,399,42,0
6.469327s,1.2455636s,9.5643714s,397,42,0
7.1447292s,1.3615001s,2.0136146s,409,42,0
6.5418854s,1.2507853s,2.6164584s,406,42,0
6.3010157s,1.1148596s,202.3096ms,423,43,0
6.8822498s,1.2964675s,6.5424061s,419,43,0
5.9093982s,1.0264591s,603.0692ms,427,43,0
6.5092534s,1.2430379s,6.9390051s,416,43,0
5.3014719s,1.1396884s,8.1467866s,411,43,0
6.8159538s,1.3774706s,6.6365544s,412,43,0
6.8159538s,1.3338016s,6.6371886s,414,43,0
6.5177228s,1.2891452s,6.9421992s,417,43,0
6.9213306s,1.300718s,6.5385914s,415,43,0
5.5454783s,1.0767186s,1.0061602s,428,43,0
6.2357276s,1.2835088s,7.2443037s,413,43,0
6.4468232s,1.3010381s,7.0470512s,420,43,0
6.3728794s,1.4977657s,201.4019ms,425,43,0
6.5769363s,1.1919288s,0s,424,43,0
5.9750286s,1.2405073s,605.1361ms,426,43,0
5.9566339s,1.1724674s,7.550027s,418,43,0
6.1935144s,1.2499224s,402.4159ms,429,43,0
6.614247s,1.4937359s,0s,421,43,0
6.6624721s,1.3698169s,0s,430,43,0
6.6720994s,1.3909544s,0s,422,43,0
6.6563801s,1.1762262s,6.2386617s,437,45,0
6.6614515s,1.4815144s,6.2431483s,436,45,0
6.255008s,1.1887119s,0s,445,45,0
6.280541s,1.4779358s,6.6390177s,440,45,0
6.588031s,1.3986449s,6.3378431s,435,45,0
6.5864262s,1.3658s,6.3394479s,439,45,0
5.9644584s,1.2439415s,301.6197ms,448,45,0
5.4684114s,1.0857169s,805.0691ms,443,45,0
6.5952913s,1.0154301s,6.3470581s,431,45,0
6.0886262s,1.1639407s,201.1645ms,446,45,0
6.3272808s,1.3803199s,6.6456978s,434,45,0
6.1414559s,1.3369391s,6.8412015s,438,45,0
5.9427842s,1.473782s,7.0431471s,433,45,0
6.5448506s,1.0836483s,6.4407285s,432,45,0
6.4205721s,1.286429s,331µs,450,45,0
6.523462s,1.18s,0s,447,45,0
6.6880669s,1.0718444s,0s,441,45,0
6.0859714s,1.4666408s,5.8331088s,455,47,0
6.0813519s,1.302096s,5.8377283s,458,47,0
6.3795855s,1.2238321s,5.5394947s,459,47,0
6.0859714s,1.2665344s,5.8331088s,460,47,0
6.2793349s,1.0656589s,5.6397453s,456,47,0
5.9904751s,1.3798971s,5.9343466s,451,47,0
5.3940438s,1.0278485s,6.5445124s,452,47,0
6.4023627s,1.0175239s,5.5358359s,453,47,0
7.1397417s,1.4547063s,11.9737164s,444,47,0
6.4136651s,1.2467249s,5.5364533s,457,47,0
6.9349602s,1.177744s,5.0324546s,454,47,0
7.1628273s,1.2797204s,11.9712895s,449,47,0
6.9946459s,1.3423762s,12.1750024s,442,47,0
6.9433987s,1.260468s,2.8227616s,476,49,0
6.4449635s,1.4440023s,3.3211968s,475,49,0
7.0162124s,1.4315703s,9.7661603s,462,49,0
6.2214954s,1.343897s,10.5685645s,466,49,0
5.6435882s,1.2296459s,4.1302593s,479,49,0
6.424243s,1.3995366s,10.3723515s,463,49,0
6.5265877s,1.3686706s,10.2700068s,467,49,0
5.7503244s,1.1747784s,4.0300577s,471,49,0
6.5297189s,1.0146259s,10.27067s,464,49,0
6.0736534s,1.0248051s,3.7254959s,478,49,0
6.8466532s,1.4079073s,9.9687085s,469,49,0
6.1568883s,1.1582952s,10.6612465s,470,49,0
5.8840693s,1.0449432s,3.9248195s,474,49,0
6.6720049s,1.4506949s,10.1599043s,468,49,0
6.3004283s,1.4003502s,3.5250424s,473,49,0
6.2163726s,1.4947033s,3.6271958s,477,49,0
6.4935659s,1.1538105s,10.3662149s,465,49,0
5.9847697s,1.0357289s,10.8750111s,461,49,0
6.6246691s,1.3699622s,3.219445s,480,49,0
5.9235768s,1.0811196s,3.9286243s,472,49,0
6.8033272s,1.3477965s,1.6113794s,499,51,0
5.909011s,1.151498s,9.1598431s,490,51,0
7.1115213s,1.3167421s,1.3097362s,498,51,0
6.6144909s,1.2848596s,1.8119864s,492,51,0
6.321204s,1.0384959s,2.1144339s,493,51,0
6.9304095s,1.2467023s,1.511816s,495,51,0
6.6475966s,1.3158627s,8.4556273s,483,51,0
6.450816s,1.141246s,8.6555901s,481,51,0
6.1505404s,1.3376077s,2.3114282s,497,51,0
5.8465121s,1.2524855s,2.6154565s,496,51,0
6.1566483s,1.2840341s,8.9529169s,482,51,0
5.7557403s,1.2840341s,9.3596845s,484,51,0
6.5615946s,1.0050576s,8.5538302s,486,51,0
6.4628745s,1.2019905s,8.6562718s,488,51,0
5.9644418s,1.0935476s,9.1547045s,485,51,0
6.7669567s,1.4068246s,1.7116471s,500,51,0
6.191708s,1.4076348s,8.9579606s,487,51,0
5.7880896s,1.1018503s,9.361579s,489,51,0
6.7906421s,1.1985084s,1.7114299s,491,51,0
6.6927411s,1.4958794s,1.8139367s,494,51,0
7.1767819s,1.440648s,6.9434714s,507,53,0
6.1558901s,1.4445867s,804.9372ms,517,53,0
6.7007365s,1.315602s,7.4430078s,506,53,0
6.6668645s,1.1439082s,302.7186ms,514,53,0
6.1686817s,1.1065068s,806.2937ms,516,53,0
5.9667858s,1.0301835s,1.0081896s,511,53,0
5.8141002s,1.0843766s,8.3465054s,501,53,0
6.213633s,1.2689996s,7.9469726s,508,53,0
6.6834874s,1.1136495s,301.6931ms,515,53,0
6.7284272s,1.1242097s,7.4418933s,503,53,0
6.2262547s,1.4170533s,7.9457804s,502,53,0
7.0420028s,1.4446555s,7.1413782s,510,53,0
5.6014286s,1.0316703s,1.4077793s,512,53,0
6.6468845s,1.1728327s,7.5453899s,505,53,0
5.4055275s,1.1004841s,1.6096123s,520,53,0
6.7138798s,1.1764522s,301.5603ms,518,53,0
6.5568403s,1.2992206s,7.6466899s,504,53,0
5.9213306s,1.4229647s,1.1068135s,519,53,0
6.5622499s,1.0334734s,7.6484827s,509,53,0
6.7329906s,1.4965785s,301.7035ms,513,53,0
6.5481703s,1.3457501s,5.0282842s,522,54,0
6.2394707s,1.1262095s,5.3396152s,530,54,0
5.8539697s,1.0886134s,5.7400132s,529,54,0
6.5628854s,1.4148196s,5.0342442s,523,54,0
6.0609774s,1.2807474s,5.5361522s,521,54,0
6.0751422s,1.322847s,5.5366004s,526,54,0
5.9758237s,1.1968001s,5.6359189s,525,54,0
6.3793688s,1.1287866s,5.233026s,524,54,0
6.185531s,1.1747999s,5.4389537s,527,54,0
6.5066464s,1.0790699s,5.1338326s,528,54,0
6.6541249s,1.2899324s,5.1304848s,549,56,0
6.4415087s,1.1694417s,12.2810565s,540,56,0
6.7431445s,1.2619431s,11.9794207s,537,56,0
6.1736785s,1.037873s,5.6390554s,546,56,0
6.0494483s,1.3539042s,12.6778117s,538,56,0
6.3796972s,1.1178129s,5.4330367s,547,56,0
5.7837053s,1.0629466s,6.0357062s,541,56,0
6.2667239s,1.2352991s,12.4741128s,531,56,0
6.5995452s,1.1933102s,5.23123s,543,56,0
5.8948721s,1.1598606s,5.9359031s,550,56,0
6.4016187s,1.1814704s,5.4346817s,545,56,0
6.2735946s,1.0724462s,12.4799504s,539,56,0
6.7928296s,1.1664973s,11.9732212s,535,56,0
6.3181713s,1.1333105s,5.5337145s,544,56,0
6.8220535s,1.4179366s,5.0326965s,548,56,0
6.1004934s,1.1373162s,12.6791922s,533,56,0
6.9145261s,1.3413557s,11.8737302s,532,56,0
5.8370487s,1.1775688s,6.0366815s,542,56,0
5.7000914s,1.1188925s,13.0881649s,534,56,0
6.1146389s,1.0950766s,12.6770211s,536,56,0
5.1567996s,1.1558682s,0s,554,56,0
6.3275334s,1.3733286s,11.9776222s,551,58,0
6.1293816s,1.1043571s,12.175774s,555,58,0
6.349302s,1.4492334s,5.2335916s,569,58,0
6.7511892s,1.4589454s,4.8317044s,566,58,0
5.7359382s,1.1759652s,12.5770699s,552,58,0
6.4615317s,1.2303477s,5.1362923s,561,58,0
5.9670701s,1.4812211s,5.6348664s,570,58,0
6.3668435s,1.3824171s,11.9674258s,558,58,0
6.5935216s,1.4167517s,5.0294426s,565,58,0
6.4741066s,1.3777656s,11.8728597s,559,58,0
6.4725098s,1.3786669s,11.8744565s,556,58,0
6.3807524s,1.2664732s,11.9783021s,553,58,0
6.4013428s,1.3830774s,11.9726348s,557,58,0
6.4206606s,1.3987796s,5.235031s,567,58,0
6.2235022s,1.0127678s,5.4348855s,563,58,0
6.5263988s,1.4111233s,5.1354673s,562,58,0
6.4335223s,1.2141675s,5.2332236s,568,58,0
6.7240021s,1.069274s,11.6735807s,560,58,0
5.6378672s,1.0800553s,6.0384917s,564,58,0
5.8991359s,1.1740051s,12.0770785s,579,60,0
5.9535994s,1.1726234s,5.2344654s,590,60,0
6.157723s,1.1349084s,5.0329985s,581,60,0
6.1655597s,1.0012939s,5.030517s,585,60,0
6.3129409s,1.1426477s,11.6744092s,580,60,0
6.2652472s,1.346892s,4.9308295s,582,60,0
6.4686004s,1.1407767s,4.7332663s,583,60,0
6.1739355s,1.0528059s,5.0325956s,588,60,0
6.7828924s,1.3997867s,4.4299765s,584,60,0
6.3808273s,1.3596409s,4.8320416s,586,60,0
6.1319978s,1.2198491s,11.8789077s,578,60,0
5.78743s,1.2919837s,5.4352724s,587,60,0
6.4428985s,1.2543425s,11.5746694s,574,60,0
6.6562991s,1.4747349s,11.3710276s,576,60,0
6.3574512s,1.3235965s,11.6772138s,575,60,0
6.5744052s,1.0595443s,11.4712432s,571,60,0
5.876977s,1.4030421s,12.1774114s,573,60,0
6.7909023s,1.3018899s,11.2764505s,572,60,0
6.1890674s,1.4526978s,11.8782854s,577,60,0
6.1496754s,1.2298182s,5.1292383s,589,60,0
6.1593285s,1.1085006s,3.6226867s,602,62,0
6.5653951s,1.146279s,10.3675686s,592,62,0
6.0828699s,1.4949758s,3.726003s,609,62,0
6.2707278s,1.4472155s,10.6697225s,597,62,0
6.4789246s,1.2828767s,10.4686638s,595,62,0
6.5057035s,1.4126769s,3.3245386s,604,62,0
5.6058626s,1.0511532s,4.2285197s,607,62,0
6.4146299s,1.3838119s,3.4225934s,608,62,0
5.9099784s,1.3267297s,3.9272449s,610,62,0
5.8206739s,1.268563s,4.0252796s,606,62,0
5.9213639s,1.0364875s,3.9245896s,601,62,0
6.717589s,1.3885466s,10.2613494s,596,62,0
6.617376s,1.2840048s,10.3615624s,599,62,0
5.7087125s,1.0353838s,11.2702259s,593,62,0
7.1240908s,1.3846307s,9.8617305s,600,62,0
6.6187871s,1.2743028s,10.3670342s,598,62,0
6.2224318s,1.3615463s,10.7684163s,594,62,0
6.554096s,1.4675062s,3.3207805s,603,62,0
6.0294134s,1.0457893s,10.9695539s,591,62,0
6.5555051s,1.2925028s,3.3213859s,605,62,0
6.588981s,1.4439108s,1.1070962s,628,64,0
6.0937273s,1.2617322s,1.608849s,629,64,0
7.100317s,1.3872622s,604.1407ms,626,64,0
5.9986596s,1.3667971s,1.7072325s,630,64,0
5.8396994s,1.0187666s,8.9551678s,613,64,0
6.0093329s,1.1503595s,1.7112615s,622,64,0
6.7207245s,1.3996811s,1.0060843s,623,64,0
6.1717962s,1.1177372s,8.6476453s,619,64,0
6.0704824s,1.4685765s,8.7489591s,616,64,0
5.8318547s,1.0595945s,1.9114649s,627,64,0
7.0796166s,1.4990547s,7.7463411s,617,64,0
6.4974637s,1.1382489s,8.3476312s,620,64,0
6.3600876s,1.0648032s,1.410289s,625,64,0
7.0009911s,1.3556957s,7.8490021s,611,64,0
6.3983939s,1.2628364s,8.4519152s,614,64,0
6.2616822s,1.0948513s,1.5086944s,624,64,0
6.3618207s,1.4187933s,1.4088718s,621,64,0
6.0035421s,1.1245958s,8.8527488s,615,64,0
5.5010568s,1.0758492s,9.3612668s,612,64,0
6.4274573s,1.0723033s,8.4486133s,618,64,0
6.9919022s,1.2898932s,5.938021s,639,65,0
5.4808618s,1.0599881s,7.4490614s,640,65,0
7.0257565s,1.2957487s,5.9401467s,634,65,0
6.8350878s,1.4337621s,6.1402783s,631,65,0
6.4303906s,1.3340491s,6.5449755s,632,65,0
6.7468192s,1.4549775s,6.2326036s,638,65,0
6.2430858s,1.3256413s,6.736337s,635,65,0
6.9625461s,1.4796529s,6.035325s,636,65,0
6.063533s,1.2064877s,6.9452109s,633,65,0
5.7639368s,1.1598062s,7.245506s,637,65,0
5.8871739s,1.1999721s,100.7509ms,643,65,0
6.0252851s,1.2181941s,0s,648,65,0
6.0333106s,1.0761239s,0s,647,65,0
6.3609886s,1.2206033s,0s,650,65,0
6.3707074s,1.1936639s,0s,644,65,0
6.5998979s,1.3975699s,11.3712036s,642,67,0
5.9929481s,1.1595751s,5.2298496s,660,67,0
5.9948523s,1.120999s,5.2279454s,653,67,0
6.3949452s,1.2284078s,4.8278525s,658,67,0
5.8967255s,1.184552s,5.3337198s,652,67,0
6.4153942s,1.3801281s,11.5747951s,649,67,0
6.4265841s,1.0687452s,4.8302471s,657,67,0
6.5321865s,1.3387622s,11.481126s,645,67,0
6.7506877s,1.0339791s,11.270183s,641,67,0
7.0569169s,1.4816145s,4.2250638s,654,67,0
5.846032s,1.0893972s,5.4359487s,659,67,0
6.0599592s,1.3154724s,5.2290441s,651,67,0
6.2695691s,1.2209372s,5.0313567s,656,67,0
6.5809962s,1.2076708s,11.4785464s,646,67,0
6.0807578s,1.2386881s,5.2323215s,655,67,0
6.5104003s,1.2595403s,2.6173336s,674,69,0
5.9433919s,1.0335172s,10.0688365s,670,69,0
6.7556869s,1.2484188s,9.2586836s,664,69,0
6.2131782s,1.1518949s,2.9207573s,678,69,0
6.3195809s,1.3298183s,2.816825s,675,69,0
5.8575937s,1.3057361s,10.160115s,663,69,0
6.068727s,1.1938884s,9.9593286s,662,69,0
5.7597868s,1.1150945s,10.268653s,661,69,0
6.2704231s,1.0305128s,9.7580167s,665,69,0
5.8365802s,1.2513272s,3.3214968s,680,69,0
6.8813028s,1.4782947s,9.1634502s,666,69,0
6.3843281s,1.0346716s,9.6604249s,669,69,0
6.1461537s,1.1539713s,3.0200826s,679,69,0
5.7859057s,1.3919197s,10.2694739s,668,69,0
6.3607176s,1.2226002s,2.8194735s,673,69,0
5.9005081s,1.1706107s,10.1650506s,667,69,0
6.4701722s,1.1894917s,2.7204888s,671,69,0
6.399665s,1.4646794s,2.8173941s,672,69,0
5.9960516s,1.4946359s,3.2219389s,676,69,0
6.2009507s,1.175537s,3.0187815s,677,69,0
6.7078006s,1.1668182s,7.2548186s,684,71,0
6.2934451s,1.0543453s,503.3008ms,692,71,0
6.1025929s,1.1257462s,7.8600263s,682,71,0
6.2165082s,1.2939637s,7.7497169s,686,71,0
6.3114619s,1.1216798s,503.0918ms,696,71,0
6.4124229s,1.3376526s,402.4782ms,695,71,0
6.750507s,1.1037124s,7.2452442s,683,71,0
6.2480377s,1.4276457s,7.7477135s,681,71,0
7.1658733s,1.4707111s,6.8458438s,687,71,0
5.8406728s,1.1318137s,1.005171s,693,71,0
6.2608585s,1.4804329s,7.750494s,688,71,0
6.0519483s,1.4801251s,805.7537ms,699,71,0
6.0537469s,1.1867559s,807.6747ms,697,71,0
6.1566814s,1.3664394s,704.7402ms,700,71,0
5.6760037s,1.2122874s,8.3549739s,685,71,0
6.3776831s,1.3757569s,7.6532945s,690,71,0
5.8833768s,1.3056913s,8.1516114s,689,71,0
5.6802636s,1.0160165s,1.2075068s,691,71,0
6.2883648s,1.2203849s,603.255ms,698,71,0
5.8891486s,1.0618296s,1.0056072s,694,71,0
6.9806336s,1.3531564s,6.4418084s,708,72,0
6.2772191s,1.1796299s,7.1452229s,701,72,0
5.64599s,1.0046893s,806.5854ms,711,72,0
6.49252s,1.2611605s,6.9415241s,710,72,0
6.5091177s,1.3158416s,6.9412188s,707,72,0
6.1080289s,1.4182418s,7.3423076s,709,72,0
6.8166099s,1.4399536s,6.643956s,702,72,0
5.8307174s,1.0986732s,7.6471355s,705,72,0
5.7266793s,1.0421262s,7.7511736s,706,72,0
6.5033615s,1.4857996s,0s,718,72,0
6.1092395s,1.3284814s,402.3012ms,716,72,0
5.4488477s,1.2022008s,8.047698s,704,72,0
5.7480265s,1.0317237s,7.7485192s,703,72,0
6.5218882s,1.4936309s,0s,712,72,0
6.12071s,1.2211805s,401.5033ms,714,72,0
5.9281672s,1.1335751s,604.5998ms,713,72,0
6.2317761s,1.0335853s,300.9909ms,715,72,0
6.1308809s,1.3593239s,403.1093ms,717,72,0
6.7318302s,1.1858042s,0s,720,72,0
6.861982s,1.2252987s,0s,719,72,0
5.4719803s,1.2237143s,504.6227ms,734,74,0
6.8264571s,1.2508575s,6.1384933s,728,74,0
6.7275159s,1.3593141s,6.2374345s,724,74,0
6.027075s,1.1126411s,6.9410156s,730,74,0
5.5295043s,1.0223943s,7.4455792s,726,74,0
5.9993985s,1.2017649s,0s,737,74,0
6.7484963s,1.3730937s,6.2452052s,723,74,0
6.4581246s,1.0403633s,6.5432802s,721,74,0
6.1597017s,1.0104449s,6.8477399s,725,74,0
6.9762033s,1.4497076s,6.0347757s,729,74,0
6.6742329s,1.0441676s,6.3367461s,722,74,0
6.0399352s,1.1357174s,0s,740,74,0
6.2764666s,1.4673557s,6.7447668s,727,74,0
5.547499s,1.1576759s,505.0291ms,739,74,0
6.1979752s,1.4693516s,0s,735,74,0
6.2520609s,1.3884706s,0s,736,74,0
6.3636843s,1.3625126s,0s,738,74,0
6.5944893s,1.0663712s,12.4796278s,731,76,0
6.642716s,1.4085216s,5.8362189s,750,76,0
5.3662136s,1.1011704s,301.7924ms,756,76,0
6.0370447s,1.1395758s,6.4511688s,744,76,0
6.346466s,1.2202659s,6.1417475s,746,76,0
5.6963547s,1.1156647s,0s,759,76,0
6.2897379s,1.0897217s,6.2335802s,745,76,0
6.5398061s,1.4777737s,12.5786942s,733,76,0
5.8838954s,1.0969445s,6.6390624s,742,76,0
6.8124314s,1.1457552s,5.7392642s,749,76,0
5.7086877s,1.0826797s,6.8453329s,748,76,0
6.3139766s,1.1546742s,6.240044s,747,76,0
5.4433826s,1.0010497s,301.0219ms,758,76,0
6.4756557s,1.254594s,12.6787638s,732,76,0
6.3252262s,1.3870552s,6.2367871s,743,76,0
6.1307358s,1.0310026s,6.4437973s,741,76,0
5.8813744s,1.0518751s,0s,752,76,0
5.9220193s,1.2827596s,0s,757,76,0
6.9880865s,1.1424575s,12.073903s,751,78,0
6.2737885s,1.1209326s,12.788201s,753,78,0
6.7472786s,1.4673045s,5.3323713s,765,78,0
5.8456227s,1.1767149s,6.2424374s,763,78,0
6.0638163s,1.2103964s,6.0343054s,768,78,0
5.6855976s,1.26096s,6.4420512s,764,78,0
5.5871266s,1.1290985s,6.5405222s,769,78,0
7.1969127s,1.4937173s,4.9307361s,767,78,0
6.803482s,1.4582378s,5.3301259s,766,78,0
6.6462927s,1.2924213s,12.4812169s,755,78,0
6.2443487s,1.3735782s,12.8831609s,754,78,0
6.5530672s,1.3467115s,12.5827001s,760,78,0
6.7221736s,1.0932332s,5.4352808s,761,78,0
6.6193942s,1.3477119s,5.5380602s,762,78,0
5.5365013s,1.1031386s,6.6380218s,770,78,0
6.5714636s,1.3586672s,4.7333466s,789,80,0
6.8486211s,1.4117568s,11.4755426s,777,80,0
6.0346527s,1.0468381s,12.289511s,776,80,0
6.4804233s,1.1604421s,4.8297699s,786,80,0
6.0548868s,1.3628729s,12.2725136s,780,80,0
6.8554338s,1.3889377s,11.4719666s,773,80,0
6.2610683s,1.4836511s,12.0754085s,774,80,0
6.6619505s,1.3191696s,11.6740862s,772,80,0
6.6953489s,1.2819107s,4.6277349s,783,80,0
6.1959184s,1.2024351s,5.1336084s,790,80,0
6.1728665s,1.0229105s,12.1817098s,778,80,0
5.7760056s,1.3926074s,12.5785707s,771,80,0
6.6133087s,1.3257625s,4.7282102s,787,80,0
6.6908175s,1.3659916s,11.6731673s,775,80,0
6.6221509s,1.0260367s,4.7360305s,788,80,0
6.3323942s,1.4999628s,5.0300622s,784,80,0
6.6341409s,1.4749207s,4.7283155s,782,80,0
7.0172072s,1.2072657s,11.3708691s,779,80,0
6.6481883s,1.2827585s,4.7312789s,785,80,0
6.9619625s,1.4210093s,4.4306088s,781,80,0
5.9665134s,1.2752097s,11.8748866s,800,82,0
6.8774234s,1.2228609s,10.9715681s,796,82,0
7.0848727s,1.4110179s,10.7668568s,797,82,0
6.5472371s,1.4839335s,4.2257253s,802,82,0
5.5840268s,1.0747291s,12.2738083s,798,82,0
5.9542865s,1.2994692s,4.8329449s,804,82,0
6.5015224s,1.1584107s,11.374951s,794,82,0
6.7680372s,1.1805158s,4.0285464s,805,82,0
5.3696185s,1.1697314s,5.4349248s,810,82,0
6.0975934s,1.4227791s,4.7316823s,809,82,0
6.446793s,1.4986952s,11.4747152s,799,82,0
5.9466344s,1.2541164s,11.9748738s,792,82,0
6.0045682s,1.3447267s,4.8320673s,807,82,0
6.6121676s,1.3384187s,4.2297184s,806,82,0
5.651198s,1.1347998s,12.2779115s,791,82,0
5.9527844s,1.0396896s,11.9763251s,795,82,0
6.21826s,1.1185941s,4.6273556s,803,82,0
5.915913s,1.0913129s,4.9297026s,801,82,0
6.5193249s,1.0748635s,4.3270093s,808,82,0
6.9643959s,1.4928005s,10.9720654s,793,82,0
6.4759756s,1.1109248s,8.9658622s,818,84,0
5.8806241s,1.034938s,2.8183466s,830,84,0
6.382365s,1.3237558s,2.3166057s,823,84,0
6.190216s,1.3497529s,2.5139471s,828,84,0
6.3963395s,1.4843617s,2.3140448s,826,84,0
6.0971795s,1.4530262s,9.3577484s,815,84,0
5.7995083s,1.1756793s,9.6609902s,812,84,0
6.1004299s,1.0737168s,2.6183153s,821,84,0
6.2009227s,1.3066803s,2.5178225s,825,84,0
6.209445s,1.3197101s,2.5187225s,829,84,0
6.4144566s,1.1411932s,9.0616504s,814,84,0
6.5174019s,1.0559083s,8.964995s,813,84,0
6.3234264s,1.336056s,2.4147694s,824,84,0
6.7203927s,1.1026437s,8.7623467s,817,84,0
6.1435596s,1.2712474s,9.3590361s,816,84,0
5.4383878s,1.022149s,3.3196643s,827,84,0
6.7440938s,1.1537329s,8.7580521s,820,84,0
6.5482255s,1.3867657s,8.9625346s,811,84,0
5.8498605s,1.2566416s,9.6608996s,819,84,0
5.4508201s,1.1398637s,3.3231041s,822,84,0
6.1703626s,1.1976481s,9.4653608s,838,86,0
6.3235839s,1.2319136s,2.4148808s,844,86,0
6.1264012s,1.4436012s,2.6187585s,849,86,0
5.9305114s,1.0059574s,2.8168029s,843,86,0
6.4030837s,1.2425851s,9.2545162s,839,86,0
6.8434s,1.2249186s,1.9126977s,848,86,0
6.4995289s,1.4686931s,9.1584423s,836,86,0
6.9008184s,1.1768118s,8.7571528s,833,86,0
6.0078072s,1.2977149s,9.6651469s,835,86,0
6.9701513s,1.4786589s,1.8091482s,847,86,0
7.072144s,1.390626s,1.7129432s,842,86,0
6.6298619s,1.4778341s,9.0570988s,832,86,0
5.9292633s,1.1088265s,9.7601126s,834,86,0
6.5729514s,1.4018054s,2.2168711s,846,86,0
5.3730911s,1.0428817s,3.421309s,850,86,0
6.4805656s,1.0777448s,2.3138345s,841,86,0
6.6846318s,1.3462854s,2.1144431s,845,86,0
6.6480707s,1.2536472s,9.0584994s,840,86,0
6.3480556s,1.4360785s,9.3654411s,831,86,0
6.8578288s,1.2827494s,8.8556679s,837,86,0
6.3135569s,1.4270859s,1.8141841s,864,88,0
7.019771s,1.458232s,1.10797s,866,88,0
5.9963334s,1.3192703s,8.8574357s,851,88,0
6.6257678s,1.458232s,1.5106283s,870,88,0
6.7165555s,1.4381014s,8.1528755s,855,88,0
6.6459403s,1.2890515s,1.5096559s,869,88,0
5.3398743s,1.0272911s,2.818458s,868,88,0
6.7560425s,1.1128084s,1.4089411s,861,88,0
6.5353278s,1.4381014s,8.3540213s,857,88,0
7.1636126s,1.3172494s,1.0083635s,865,88,0
6.6458682s,1.3044423s,8.2508646s,856,88,0
6.2413382s,1.1740977s,8.6553946s,858,88,0
6.5702483s,1.0877648s,1.6091115s,863,88,0
6.0544836s,1.192784s,8.8572884s,852,88,0
5.8584443s,1.1103267s,9.0546222s,859,88,0
6.2885653s,1.4846233s,1.9101913s,867,88,0
6.5774101s,1.2788787s,8.3509679s,854,88,0
6.1741746s,1.1406505s,8.7542034s,860,88,0
5.9867383s,1.0147824s,8.9533648s,853,88,0
6.2104004s,1.458232s,2.0123297s,862,88,0
6.6020868s,1.2547184s,0s,882,89,0
6.0055962s,1.2688809s,606.9797ms,890,89,0
6.7159124s,1.25866s,6.840749s,874,89,0
6.2134746s,1.1808092s,7.3431868s,880,89,0
6.9250615s,1.4085812s,6.6409382s,877,89,0
6.6284784s,1.1615116s,0s,883,89,0
6.5244903s,1.2718359s,7.0497477s,879,89,0
5.8200876s,1.1205318s,7.7541504s,876,89,0
6.1233944s,1.1060971s,7.4508436s,873,89,0
6.6352794s,1.4288686s,0s,887,89,0
6.9411376s,1.4468444s,6.6438835s,872,89,0
6.5415041s,1.4267676s,7.0487148s,878,89,0
5.8464503s,1.0614522s,806.4593ms,884,89,0
6.3721958s,1.3055648s,7.2431767s,875,89,0
6.0751654s,1.4256212s,602.5124ms,886,89,0
5.9951628s,1.1796537s,704.3201ms,888,89,0
6.7986584s,1.4999671s,6.8434419s,871,89,0
6.2987806s,1.2736538s,401.628ms,881,89,0
6.8635156s,1.2728191s,0s,889,89,0
6.574241s,1.4980545s,5.6371672s,898,91,0
6.1795764s,1.1940027s,6.0366161s,892,91,0
6.8094484s,1.2335687s,5.4314859s,900,91,0
6.3073875s,1.2927227s,5.9390147s,897,91,0
5.8100025s,1.0334786s,6.4411814s,895,91,0
6.535048s,1.1535555s,5.738804s,893,91,0
7.135529s,1.2999413s,12.2814294s,885,91,0
6.3601958s,1.1915865s,5.9362556s,899,91,0
6.5649355s,1.2495649s,5.7354178s,896,91,0
6.3659325s,1.4706449s,5.9425401s,891,91,0
6.6716806s,1.1744445s,5.636792s,894,91,0
6.0093153s,1.1419274s,6.2377278s,916,93,0
6.6120715s,1.2296226s,5.6349716s,915,93,0
5.7213299s,1.0614422s,6.5354174s,917,93,0
6.1212007s,1.3029072s,12.9751759s,901,93,0
5.932775s,1.0624822s,6.3382208s,918,93,0
6.1318443s,1.1159139s,6.1391515s,913,93,0
6.0121269s,1.1205951s,13.0842497s,908,93,0
5.8288344s,1.0341989s,6.4421614s,911,93,0
6.0084427s,1.0608616s,13.0879339s,904,93,0
6.8253808s,1.3207115s,12.2832323s,906,93,0
6.7314395s,1.2145593s,12.3814216s,903,93,0
6.4301979s,1.3237247s,12.6868626s,902,93,0
6.7620386s,1.2714943s,5.5374011s,920,93,0
6.4456994s,1.2622284s,12.6827555s,909,93,0
6.1477872s,1.4442329s,12.9806677s,910,93,0
6.2809479s,1.3266981s,6.033453s,914,93,0
5.582291s,1.0255952s,6.7441057s,919,93,0
6.4024618s,1.4764433s,5.9348814s,912,93,0
5.9844401s,1.1462029s,13.1832088s,905,93,0
6.7917185s,1.442678s,12.3759304s,907,93,0
6.190492s,1.2016768s,11.1590406s,926,95,0
6.2910757s,1.3888304s,11.0584569s,925,95,0
6.360485s,1.1945385s,4.12245s,934,95,0
6.5637321s,1.2462684s,3.9230867s,931,95,0
6.1054706s,1.060686s,11.2595715s,928,95,0
6.2670014s,1.2673795s,4.2234283s,932,95,0
6.3702908s,1.3226812s,4.123697s,933,95,0
6.0195441s,1.3446826s,11.3626067s,927,95,0
6.5935398s,1.2165257s,3.9206767s,940,95,0
6.8416697s,1.489647s,10.5589923s,929,95,0
6.9107931s,1.44234s,3.6212558s,936,95,0
6.8484313s,1.2267467s,10.5628172s,922,95,0
6.3232113s,1.3620289s,4.2228446s,939,95,0
6.2247937s,1.2901774s,4.3260802s,938,95,0
6.7310991s,1.3897185s,3.823415s,937,95,0
6.7360309s,1.0416387s,3.8228955s,935,95,0
6.8763716s,1.3324623s,10.5593423s,921,95,0
6.8624463s,1.360947s,10.5755089s,924,95,0
6.7728855s,1.1913899s,10.6650697s,923,95,0
6.3817527s,1.216791s,11.0590432s,930,95,0
5.367436s,1.2556199s,9.9596995s,947,97,0
6.3155991s,1.0015922s,2.2133431s,958,97,0
6.1807825s,1.3515725s,9.153122s,949,97,0
6.0163045s,1.0035848s,2.5152425s,951,97,0
6.2258238s,1.4813327s,2.3133906s,960,97,0
6.8023575s,1.2581298s,8.5569703s,943,97,0
6.2092936s,1.3945469s,9.1524659s,948,97,0
6.5031019s,1.2763038s,8.8586576s,941,97,0
5.7486355s,1.1303823s,2.8139664s,954,97,0
6.2534797s,1.0049056s,2.3105432s,956,97,0
5.717062s,1.4193184s,9.6543404s,942,97,0
5.6604988s,1.2414146s,2.9156052s,953,97,0
6.9770547s,1.3565886s,1.6086447s,957,97,0
6.7776234s,1.498665s,1.8105242s,952,97,0
5.9417399s,1.0076591s,9.4558308s,950,97,0
6.3409071s,1.2744106s,9.0566636s,945,97,0
6.6992982s,1.3286339s,1.9115591s,959,97,0
6.4590752s,1.0235172s,8.9583872s,946,97,0
6.1063111s,1.1216424s,2.5148254s,955,97,0
6.369578s,1.4734982s,9.053916s,944,97,0
6.4388304s,1.0877157s,8.6533445s,966,99,0
6.100262s,1.2757962s,2.2109502s,978,99,0
6.5037829s,1.4364241s,1.8093048s,976,99,0
6.3179293s,1.1115151s,2.0110621s,973,99,0
6.92287s,1.3188376s,1.4080323s,980,99,0
6.6604046s,1.180053s,8.4527665s,967,99,0
6.575147s,1.3712172s,8.5519876s,969,99,0
5.4314485s,1.1158106s,2.9151442s,972,99,0
6.7809627s,1.2265573s,8.3529975s,963,99,0
6.0899296s,1.0208573s,9.0463238s,964,99,0
6.6463538s,1.1158106s,1.7089369s,977,99,0
6.0440217s,1.18664s,2.311269s,971,99,0
6.0832258s,1.2095364s,9.0530276s,970,99,0
6.6946058s,1.3296381s,8.4420404s,961,99,0
6.249423s,1.0953518s,2.1122766s,974,99,0
6.1978423s,1.1414376s,8.9481095s,962,99,0
6.257335s,1.1628336s,2.1108242s,979,99,0
5.5985957s,1.4184325s,9.5609576s,965,99,0
6.6096561s,1.1971613s,8.5515283s,968,99,0
6.9770842s,1.4228316s,1.4070262s,975,99,0
6.5261301s,1.0033791s,6.1401698s,983,100,0
6.7378821s,1.3624851s,5.9341491s,988,100,0
6.7378821s,1.102451s,5.9341491s,981,100,0
6.0577089s,1.028764s,6.6362586s,985,100,0
5.6607482s,1.1746528s,7.040456s,987,100,0
6.670641s,1.2597829s,6.0326307s,990,100,0
5.7906235s,1.2864716s,0s,995,100,0
5.9726253s,1.4286103s,6.7376613s,982,100,0
6.7787553s,1.4015064s,5.9333414s,984,100,0
6.9054262s,1.3102361s,5.8284949s,989,100,0
5.5298792s,1.2565922s,302.4038ms,997,100,0
6.9178658s,1.2684565s,5.8343536s,986,100,0
5.8483356s,1.0032733s,0s,994,100,0
6.1532713s,1.1804578s,0s,991,100,0
6.5713416s,1.3665187s,5.1291238s,1007,102,0
5.7627395s,1.0907976s,5.9377259s,1006,102,0
5.3721168s,1.3786394s,6.3399858s,1004,102,0
6.3804353s,1.1427563s,12.1824343s,996,102,0
6.3978216s,1.4216779s,12.1743279s,999,102,0
6.6983608s,1.1419007s,11.8737887s,998,102,0
6.1027037s,1.1609706s,5.6353928s,1002,102,0
5.8042264s,1.0498219s,5.9389059s,1009,102,0
6.6156152s,1.4226807s,11.9700794s,993,102,0
6.8194345s,1.2077698s,4.9315678s,1005,102,0
6.6200053s,1.204497s,11.9725003s,992,102,0
6.921848s,1.1358216s,4.8312854s,1003,102,0
6.6266479s,1.3584349s,5.1283643s,1010,102,0
6.4263019s,1.1629164s,5.3331089s,1008,102,0
6.9289829s,1.4684494s,4.8304279s,1001,102,0
6.8393722s,1.1252945s,11.7746539s,1000,102,0
6.273438s,1.4533402s,4.0216392s,1022,104,0
6.1903786s,1.0775494s,11.1606846s,1014,104,0
6.9962241s,1.4295185s,10.3618355s,1015,104,0
6.7829666s,1.3858314s,3.519107s,1027,104,0
6.8999564s,1.1877253s,3.4195805s,1028,104,0
6.7000571s,1.1384935s,3.6219822s,1024,104,0
6.7215296s,1.3937039s,10.666136s,1020,104,0
6.9117836s,1.458919s,3.419896s,1029,104,0
6.4150786s,1.2247414s,10.972587s,1012,104,0
6.8169005s,1.4941304s,3.5228856s,1021,104,0
6.8216637s,1.4332645s,3.5199217s,1025,104,0
6.3363933s,1.0879012s,4.0233436s,1026,104,0
6.9399815s,1.359395s,3.4197554s,1030,104,0
6.4489292s,1.1069703s,10.9667937s,1019,104,0
7.055986s,1.4484077s,10.3637858s,1016,104,0
6.4612861s,1.2606526s,10.9584857s,1017,104,0
6.1584419s,1.4827147s,11.2613299s,1011,104,0
6.3578311s,1.3233508s,11.0619407s,1018,104,0
5.9588812s,1.4515543s,11.4608906s,1013,104,0
6.0542113s,1.1160214s,4.3279086s,1023,104,0
6.1129721s,1.1866674s,2.3152738s,1045,106,0
6.3244011s,1.3572538s,9.0547994s,1038,106,0
6.4188603s,1.097825s,2.0157135s,1042,106,0
5.9181234s,1.4246823s,2.5169443s,1050,106,0
6.9446267s,1.270209s,8.4468944s,1035,106,0
6.8533545s,1.28111s,8.5560804s,1036,106,0
6.0531759s,1.1125314s,2.4134078s,1044,106,0
6.153455s,1.1216815s,2.3131287s,1043,106,0
5.9576057s,1.0994387s,9.4674703s,1033,106,0
6.6669736s,1.0764279s,8.7581024s,1037,106,0
6.0737s,1.0268074s,2.4167549s,1041,106,0
6.4784312s,1.1274243s,8.9601716s,1039,106,0
6.0805154s,1.393353s,2.4139688s,1049,106,0
5.7798709s,1.0204092s,9.6620052s,1040,106,0
6.682926s,1.4676859s,8.7589501s,1034,106,0
6.2879703s,1.0987661s,2.2137465s,1048,106,0
6.7936716s,1.1137795s,1.7121195s,1046,106,0
6.3939779s,1.291648s,2.1152132s,1047,106,0
6.1982064s,1.2134535s,9.2605137s,1032,106,0
6.4109741s,1.3271062s,9.054328s,1031,106,0
6.6090757s,1.4112901s,1.6107967s,1067,108,0
6.1135729s,1.1766679s,2.1113465s,1068,108,0
6.1547477s,1.1749886s,8.8552321s,1059,108,0
6.3132766s,1.2588656s,1.9116428s,1063,108,0
5.7227412s,1.1401212s,2.5137424s,1069,108,0
6.3259955s,1.304044s,1.9104881s,1062,108,0
6.7850604s,1.3586681s,8.2497102s,1056,108,0
6.6381074s,1.1088695s,1.6116028s,1061,108,0
5.9780678s,1.0909959s,9.0567028s,1051,108,0
6.0411687s,1.037648s,2.2131704s,1066,108,0
6.6853646s,1.3968709s,8.3560923s,1057,108,0
6.9529551s,1.2315283s,1.3078786s,1070,108,0
5.9015507s,1.2634071s,9.1554995s,1058,108,0
6.1048725s,1.445407s,8.9574491s,1060,108,0
6.3206575s,1.4354193s,8.7470568s,1055,108,0
6.2137709s,1.4300515s,8.8539434s,1054,108,0
6.8749705s,1.3453581s,1.4100352s,1065,108,0
6.3786982s,1.3377651s,1.9098146s,1064,108,0
6.424193s,1.2111916s,8.6583811s,1052,108,0
5.7190954s,1.1480838s,9.3634787s,1053,108,0
5.9664198s,1.107724s,805.5628ms,1082,109,0
6.7719826s,1.2872026s,0s,1085,109,0
6.7222654s,1.2776735s,7.0386953s,1074,109,0
6.0845795s,1.2038696s,702.7787ms,1081,109,0
6.4266186s,1.301384s,7.3451975s,1077,109,0
6.6464354s,1.2731641s,7.1400004s,1073,109,0
6.020763s,1.0887657s,804.0633ms,1086,109,0
6.8645063s,1.3135008s,6.9396794s,1079,109,0
6.4629988s,1.2312686s,7.3411869s,1075,109,0
6.6361292s,1.4978646s,201.0771ms,1083,109,0
6.9730949s,1.2497189s,6.843315s,1078,109,0
6.7483151s,1.0618055s,100.6427ms,1090,109,0
6.776789s,1.3312125s,7.0474104s,1076,109,0
6.7559613s,1.4654532s,100.6603ms,1089,109,0
6.0941537s,1.2225861s,7.7481858s,1071,109,0
5.6936943s,1.2548594s,8.1486452s,1072,109,0
6.3954126s,1.472075s,7.4469269s,1080,109,0
6.8783573s,1.3423757s,0s,1087,109,0
7.1400089s,1.2922524s,0s,1084,109,0
6.5181946s,1.3317539s,6.6402066s,1095,111,0
6.2272788s,1.4033383s,6.942069s,1096,111,0
6.7237679s,1.469959s,6.4455799s,1098,111,0
6.3405571s,1.4636086s,6.839452s,1091,111,0
7.3057924s,1.4453728s,13.1800091s,1088,111,0
6.2135234s,1.2947386s,0s,1107,111,0
6.1168731s,1.255344s,100.2037ms,1105,111,0
5.7583824s,1.1595611s,7.4445865s,1092,111,0
6.975677s,1.3462613s,6.237846s,1097,111,0
5.8486875s,1.0886766s,401.8848ms,1108,111,0
6.4947339s,1.3977728s,6.7421611s,1093,111,0
6.8044605s,1.4735906s,6.4395429s,1099,111,0
6.1679256s,1.4103803s,100.4008ms,1101,111,0
6.210216s,1.1736148s,7.043257s,1094,111,0
6.2136779s,1.2885657s,7.043948s,1100,111,0
6.3755801s,1.3472613s,0s,1102,111,0
6.4414651s,1.0203572s,0s,1103,111,0
6.5095137s,1.1591752s,0s,1110,111,0
6.8055126s,1.2684786s,11.1717548s,1104,113,0
6.8398991s,1.3675748s,3.8238716s,1117,113,0
7.3382106s,1.4517661s,10.6664878s,1106,113,0
6.337897s,1.0514367s,4.3282863s,1119,113,0
6.8465182s,1.4812434s,11.1625952s,1109,113,0
6.9624514s,1.4202555s,3.7215995s,1114,113,0
6.3576833s,1.4868267s,4.3263676s,1113,113,0
6.0593939s,1.4387528s,4.6324154s,1116,113,0
6.2608992s,1.3216137s,4.4309101s,1120,113,0
5.9642574s,1.3225225s,4.7275519s,1112,113,0
6.7745564s,1.2784266s,3.9215212s,1115,113,0
7.0005429s,1.2442953s,3.723881s,1118,113,0
6.8002025s,1.3356258s,3.9242214s,1111,113,0
6.4751653s,1.0004775s,9.7569612s,1128,115,0
6.2338307s,1.0837156s,3.3185156s,1136,115,0
6.3790565s,1.3974088s,9.8556405s,1126,115,0
6.6793055s,1.3222736s,9.5553915s,1125,115,0
6.3448337s,1.4916504s,3.220874s,1132,115,0
6.6609933s,1.2585137s,2.9160826s,1137,115,0
6.8636653s,1.406222s,2.7185096s,1138,115,0
6.6092687s,1.1945368s,9.6578671s,1121,115,0
6.6092687s,1.3036421s,9.6578671s,1122,115,0
5.7124946s,1.1975926s,10.5612235s,1130,115,0
6.1793322s,1.1896033s,3.4233906s,1131,115,0
6.7872774s,1.075315s,2.8166715s,1140,115,0
6.5349551s,1.1638893s,9.7663078s,1127,115,0
6.7075651s,1.4776797s,2.9204393s,1134,115,0
6.0403991s,1.384612s,10.267686s,1124,115,0
6.6123413s,1.0978038s,3.0196161s,1139,115,0
7.0165537s,1.3625759s,2.6203192s,1133,115,0
5.9166106s,1.1718141s,3.7210174s,1135,115,0
6.256809s,1.1734829s,10.0634136s,1123,115,0
5.5560193s,1.0985112s,10.7642033s,1129,115,0
6.6011949s,1.4106887s,2.5143674s,1160,117,0
5.6965344s,1.0047831s,3.4190279s,1154,117,0
6.1045385s,1.4960423s,3.0162144s,1159,117,0
6.6096903s,1.1655211s,2.518279s,1153,117,0
6.7383556s,1.1903955s,9.2635769s,1150,117,0
5.8380041s,1.174355s,10.1673225s,1146,117,0
5.9167136s,1.1327215s,3.2218528s,1156,117,0
6.4301858s,1.3646733s,2.7194994s,1151,117,0
6.2705364s,1.103015s,9.757131s,1148,117,0
6.4651599s,1.0147283s,9.5625075s,1141,117,0
6.8739632s,1.4407328s,9.1537042s,1149,117,0
6.3758294s,1.0554272s,9.6587727s,1144,117,0
7.0526525s,1.3555961s,2.1154222s,1155,117,0
6.6557348s,1.4960423s,2.5164576s,1152,117,0
5.8911183s,1.3897554s,10.1618107s,1145,117,0
6.0605218s,1.2569371s,3.118444s,1157,117,0
6.2909857s,1.2172513s,9.7619433s,1147,117,0
6.1959426s,1.2282789s,9.8639214s,1142,117,0
6.5151096s,1.2957907s,9.5622401s,1143,117,0
6.2894478s,1.2235081s,2.9189934s,1158,117,0
6.3489583s,1.1305554s,7.4480196s,1162,118,0
6.2536505s,1.2785131s,7.55113s,1163,118,0
6.2315722s,1.4215733s,502.3079ms,1173,118,0
6.1307414s,1.1988502s,603.1387ms,1174,118,0
7.0715233s,1.3411292s,6.741666s,1164,118,0
6.2681214s,1.0184238s,7.5450679s,1170,118,0
6.1467536s,1.2597717s,603.566ms,1172,118,0
5.8516752s,1.217593s,905.0834ms,1176,118,0
5.9848099s,1.0254027s,7.8478407s,1161,118,0
5.9053087s,1.239918s,7.9526386s,1168,118,0
6.1828249s,1.1038173s,603.5991ms,1180,118,0
6.0157255s,1.1443515s,7.8496612s,1166,118,0
6.718451s,1.4904594s,7.1469357s,1165,118,0
7.0260111s,1.4888468s,6.8428385s,1167,118,0
6.7022163s,1.1015977s,100.8666ms,1179,118,0
5.9972759s,1.028933s,806.8628ms,1178,118,0
5.6013171s,1.2002361s,1.2094912s,1177,118,0
6.4381303s,1.0316538s,7.4442013s,1169,118,0
6.8555461s,1.4065772s,0s,1171,118,0
6.938097s,1.3794063s,0s,1175,118,0
5.844612s,1.2450681s,804.8965ms,1200,120,0
6.1402454s,1.1327534s,7.3493208s,1185,120,0
6.1322576s,1.0789548s,7.3607787s,1190,120,0
6.1483919s,1.2658393s,7.3446444s,1186,120,0
6.6629466s,1.380986s,6.837432s,1183,120,0
6.6708597s,1.2528557s,0s,1193,120,0
6.1799249s,1.358978s,501.9333ms,1199,121,0
6.3729737s,1.3428929s,7.1442989s,1188,121,0
5.9662409s,1.3271429s,7.5510317s,1187,121,0
6.2865184s,1.0376351s,402.3368ms,1198,121,0
6.6026844s,1.046893s,101.5053ms,1192,121,0
6.0018828s,1.1757963s,703.0535ms,1195,121,0
6.3080424s,1.2627364s,402.1802ms,1194,121,0
6.3096988s,1.4117641s,402.8377ms,1191,121,0
6.7084492s,1.2362238s,6.8450985s,1181,121,0
6.0086851s,1.3578231s,7.5466299s,1189,121,0
5.909375s,1.0745816s,7.6480337s,1182,121,0
6.5291771s,1.3620927s,200.7544ms,1197,121,0
6.3349333s,1.4204995s,402.5482ms,1196,121,0
6.8312333s,1.2464753s,6.7433603s,1184,121,0
6.2017441s,1.1495645s,7.0496964s,1209,122,0
5.8206886s,1.173878s,401.7974ms,1214,122,0
6.2245821s,1.1788808s,0s,1220,122,0
7.0300769s,1.3267483s,6.2397599s,1208,122,0
5.8314233s,1.1089728s,7.4456769s,1203,122,0
6.2362587s,1.0377823s,7.0408415s,1210,122,0
6.0316056s,1.0386787s,7.2454946s,1204,122,0
6.536398s,1.373217s,6.7407022s,1206,122,0
5.7477802s,1.2818462s,502.9712ms,1216,122,0
5.8453272s,1.4728248s,7.4428237s,1202,122,0
5.8384719s,1.1035898s,7.449679s,1205,122,0
5.7606547s,1.1124412s,503.1974ms,1217,122,0
5.6771564s,1.0801551s,602.2049ms,1212,122,0
5.8680598s,1.1118047s,7.4418699s,1201,122,0
6.1911059s,1.0636341s,101.1719ms,1219,122,0
6.4828053s,1.3639003s,6.848567s,1207,122,0
6.418749s,1.0516122s,0s,1211,122,0
6.433902s,1.0358006s,0s,1218,122,0
6.6319013s,1.1677853s,0s,1215,122,0
6.5250077s,1.3785378s,5.5344133s,1225,124,0
6.7456981s,1.006443s,12.0734747s,1213,124,0
6.0321s,1.2283904s,6.0413747s,1222,124,0
6.4460475s,1.3814577s,5.6372777s,1229,124,0
6.5553371s,1.3095054s,5.5384009s,1223,124,0
6.6713595s,1.2207777s,5.4377609s,1224,124,0
6.0886964s,1.186933s,6.038766s,1221,124,0
6.3922267s,1.0900156s,5.7414709s,1230,124,0
6.1070166s,1.2507623s,6.0345905s,1226,124,0
5.8051015s,1.0164036s,6.3365056s,1227,124,0
7.2138884s,1.3167171s,4.9332014s,1228,124,0
6.3646563s,1.2936756s,5.3302044s,1243,126,0
6.1004146s,1.275886s,12.3775951s,1235,126,0
6.0100002s,1.1717944s,12.4761716s,1234,126,0
6.4973498s,1.442385s,5.2280383s,1244,126,0
6.5140731s,1.3365621s,5.2267387s,1249,126,0
6.6114682s,1.0105744s,5.1293436s,1248,126,0
6.6526101s,1.3776074s,11.8738343s,1233,126,0
6.0173566s,1.4216203s,5.733562s,1245,126,0
6.1529677s,1.2930207s,12.3766528s,1237,126,0
7.2307797s,1.469927s,4.5241223s,1247,126,0
6.7607793s,1.347628s,11.7733381s,1239,126,0
5.4599221s,1.1092218s,13.078808s,1240,126,0
6.7716055s,1.3136252s,11.772926s,1231,126,0
6.7767512s,1.2224906s,11.7746735s,1232,126,0
6.0746215s,1.0157532s,12.4768032s,1236,126,0
6.1830047s,1.3661093s,12.3699489s,1238,126,0
6.9510977s,1.3769176s,4.8251047s,1250,126,0
5.846637s,1.3068301s,5.9333621s,1241,126,0
6.1526279s,1.2513765s,5.6311305s,1242,126,0
6.652713s,1.0192568s,5.1310454s,1246,126,0
6.8800839s,1.3695466s,3.5235691s,1270,128,0
6.9875713s,1.4736451s,10.5632495s,1254,128,0
6.1790357s,1.2683687s,11.3717851s,1253,128,0
6.2026519s,1.032971s,4.2257257s,1265,128,0
6.2860799s,1.4443866s,11.2700077s,1251,128,0
6.7151919s,1.2652606s,3.7224988s,1262,128,0
5.9286899s,1.0664546s,4.5291373s,1268,128,0
6.6164787s,1.4537833s,10.9690585s,1259,128,0
7.12771s,1.1878551s,10.4614297s,1256,128,0
6.8400275s,1.2565332s,3.6214022s,1267,128,0
6.0391457s,1.032971s,4.4275329s,1261,128,0
6.2433896s,1.0914031s,4.223289s,1264,128,0
6.9306747s,1.2429527s,10.6661455s,1257,128,0
6.5493903s,1.1364139s,3.9197199s,1266,128,0
6.63749s,1.3686803s,10.9638165s,1255,128,0
6.1378666s,1.0954634s,11.4634399s,1258,128,0
6.4415151s,1.1434418s,11.1597914s,1260,128,0
5.8584477s,1.1273808s,4.625175s,1269,128,0
6.7447793s,1.0374333s,10.8735035s,1252,128,0
6.1700498s,1.4239163s,4.3258368s,1263,128,0
6.7099982s,1.219222s,1.7087594s,1288,130,0
5.3140555s,1.0826213s,3.1188097s,1286,130,0
6.1844437s,1.2333688s,9.0584378s,1279,130,0
6.2306228s,1.4156976s,2.213531s,1290,130,0
6.8349539s,1.4902697s,1.6091999s,1284,130,0
6.8010616s,1.3544179s,8.4528389s,1280,130,0
6.2948182s,1.4335407s,8.9590823s,1278,130,0
6.2052902s,1.4279634s,9.0537254s,1276,130,0
5.9450521s,1.0008922s,2.5129019s,1285,130,0
6.5184366s,1.1746197s,8.7551382s,1273,130,0
6.3202473s,1.3278628s,8.9533275s,1274,130,0
6.1599311s,1.1160202s,2.3125821s,1289,130,0
5.9198966s,1.29952s,9.3542089s,1272,130,0
6.2320152s,1.3305341s,9.0517638s,1271,130,0
6.0733922s,1.0572539s,2.4116661s,1282,130,0
6.5770302s,1.4005552s,1.9106618s,1283,130,0
6.7525498s,1.1365041s,8.5471634s,1275,130,0
6.8958284s,1.4935646s,1.6080825s,1281,130,0
6.6534347s,1.1902092s,8.6515378s,1277,130,0
7.0024266s,1.4484819s,1.5092777s,1287,130,0
6.9218762s,1.1638578s,6.8446362s,1292,132,0
5.7430593s,1.0968021s,1.1058997s,1305,132,0
6.6497139s,1.0213679s,201.666ms,1304,132,0
6.3325664s,1.275634s,7.4463683s,1298,132,0
5.9697158s,1.118469s,905.3185ms,1309,132,0
6.0757194s,1.104523s,805.4301ms,1308,132,0
6.0576822s,1.1833418s,7.748795s,1295,132,0
6.7855628s,1.1906858s,100.1287ms,1310,132,0
6.2656823s,1.0726103s,7.5455357s,1293,132,0
5.8890546s,1.1787838s,1.0064548s,1302,132,0
6.8780408s,1.4347506s,6.9438582s,1291,132,0
5.4699142s,1.3866691s,8.3519848s,1294,132,0
6.1057537s,1.0608676s,804.69ms,1307,132,0
6.3074509s,1.3010434s,602.9928ms,1301,132,0
5.3048387s,1.1955596s,1.610586s,1303,132,0
6.2947763s,1.3156657s,7.5444888s,1299,132,0
6.3131972s,1.4970607s,604.1917ms,1306,132,0
6.5046079s,1.1919288s,7.3433194s,1296,132,0
6.7091188s,1.3096165s,7.144725s,1297,132,0
6.9100841s,1.2564932s,6.9437597s,1300,132,0
6.7943216s,1.3609123s,6.4464284s,1316,133,0
6.1069874s,1.1757173s,7.140499s,1314,133,0
6.7131601s,1.1459266s,6.5460155s,1315,133,0
5.8736444s,1.1761051s,502.5348ms,1325,133,0
6.2173602s,1.4936895s,7.0478297s,1319,133,0
6.3990725s,1.2006646s,0s,1322,133,0
6.6425337s,1.0954611s,6.6398701s,1311,133,0
6.3437841s,1.2885494s,6.9467309s,1313,133,0
6.6445354s,1.1206522s,6.6459796s,1317,133,0
5.7088695s,1.2319181s,705.4533ms,1327,133,0
6.3184923s,1.4269351s,100.4358ms,1328,133,0
6.1648939s,1.0364659s,7.1451646s,1320,133,0
6.0281564s,1.1507825s,402.0552ms,1326,133,0
6.473998s,1.4195245s,6.83921s,1312,133,0
5.8326114s,1.0452737s,603.9557ms,1323,133,0
6.882259s,1.1637548s,6.4385913s,1318,133,0
6.5943256s,1.1908689s,0s,1324,133,0
6.5960688s,1.1172501s,0s,1321,133,0
6.604678s,1.2576486s,0s,1329,133,0
6.3301961s,1.127035s,4.6299799s,1333,135,0
6.435321s,1.3417641s,4.5291996s,1336,135,0
7.102684s,1.2295339s,10.9648992s,1330,135,0
6.149979s,1.0375116s,4.8261223s,1332,135,0
6.3612075s,1.090547s,4.6240555s,1338,135,0
6.1618896s,1.4305598s,4.8283301s,1339,135,0
6.5010945s,1.1936196s,4.5292425s,1335,135,0
6.6036188s,1.1775257s,4.4267182s,1340,135,0
6.2052573s,1.1915902s,4.8268512s,1331,135,0
6.3133379s,1.0922249s,4.7266014s,1337,135,0
6.4283069s,1.4688964s,4.6289465s,1334,135,0
5.9147362s,1.3120089s,4.1249532s,1352,137,0
6.7180041s,1.4087617s,10.3719338s,1343,137,0
5.9264198s,1.1970666s,11.1635181s,1341,137,0
6.631983s,1.4784173s,10.4668899s,1347,137,0
6.4434527s,1.0210135s,10.6604715s,1342,137,0
7.0428263s,1.2337268s,10.0605122s,1346,137,0
6.8480323s,1.3249633s,10.2637171s,1349,137,0
6.0526968s,1.0285775s,11.0630426s,1344,137,0
6.2525861s,1.2117618s,3.8240294s,1355,137,0
5.5490524s,1.2244005s,4.528903s,1360,137,0
6.6653964s,1.4867787s,3.4172904s,1353,137,0
6.5656818s,1.3529013s,3.517005s,1358,137,0
5.8684737s,1.0061299s,4.2263714s,1351,137,0
5.9737314s,1.117634s,4.1211137s,1354,137,0
6.0750497s,1.0515512s,11.070919s,1350,137,0
6.3835767s,1.2630039s,3.7252976s,1359,137,0
6.0905685s,1.1987199s,4.025391s,1357,137,0
6.4166733s,1.2581903s,3.7197965s,1356,137,0
6.3105309s,1.4554466s,10.8687652s,1348,137,0
5.7041631s,1.0846107s,11.475133s,1345,137,0
6.0554554s,1.0545738s,9.158316s,1367,139,0
6.5933399s,1.3726749s,1.608362s,1374,139,0
6.1569164s,1.2845735s,9.0586152s,1370,139,0
6.001968s,1.1879698s,2.2102035s,1379,139,0
5.6968424s,1.0628359s,2.5153291s,1372,139,0
5.3963803s,1.1951501s,2.8157912s,1377,139,0
6.6777903s,1.0523953s,8.5553855s,1362,139,0
6.1780574s,1.4981775s,9.0583893s,1363,139,0
5.979803s,1.1166935s,9.2593678s,1366,139,0
5.8919733s,1.4494276s,9.3628958s,1368,139,0
6.7386684s,1.3753188s,1.5102009s,1373,139,0
5.8032105s,1.0467447s,9.4617334s,1365,139,0
7.0138297s,1.3876432s,8.2564667s,1361,139,0
6.1520316s,1.1987745s,2.1104886s,1371,139,0
6.1233116s,1.2650922s,9.1595539s,1369,139,0
6.0667082s,1.0930978s,2.212559s,1378,139,0
6.1660837s,1.3394693s,2.1131835s,1376,139,0
6.6430191s,1.028992s,8.6584678s,1364,139,0
6.6770911s,1.0772003s,1.6105661s,1380,139,0
6.1781461s,1.222549s,2.1123044s,1375,139,0
7.2237152s,1.2796181s,6.6423825s,1387,140,0
6.5535518s,1.4396774s,101.0749ms,1399,140,0
6.7392503s,1.1015474s,7.1413656s,1384,140,0
6.4605237s,1.1398177s,7.4430742s,1382,140,0
6.2565713s,1.4801724s,7.6470266s,1385,140,0
6.6823279s,1.0281155s,0s,1392,140,0
5.9918977s,1.2366787s,703.6913ms,1400,140,0
6.4987151s,1.2073249s,200.7563ms,1393,140,0
6.6061098s,1.2670104s,100.4211ms,1396,140,0
6.3190351s,1.2247675s,402.7062ms,1395,140,0
5.9919601s,1.0287393s,7.9549208s,1386,140,0
6.6008759s,1.3926264s,7.346005s,1388,140,0
6.0989077s,1.4520846s,7.8479732s,1381,140,0
7.1057965s,1.226268s,6.8410844s,1390,140,0
5.8187756s,1.0841428s,905.8364ms,1398,140,0
5.9118285s,1.0824098s,8.0416333s,1389,140,0
6.414628s,1.2110259s,7.5432293s,1383,140,0
6.2314728s,1.1445723s,502.6693ms,1391,140,0
6.8650552s,1.4204801s,0s,1397,140,0
6.7035515s,1.3745748s,4.8354563s,1403,142,0
6.5150757s,1.1797436s,5.0301509s,1409,142,0
6.014894s,1.2733814s,5.5303326s,1407,142,0
5.8274869s,1.176659s,5.7309851s,1404,142,0
7.1692257s,1.397177s,11.5758647s,1394,142,0
5.945564s,1.3869635s,5.6373995s,1410,142,0
5.9492961s,1.0449955s,5.636276s,1401,142,0
6.3558091s,1.2600798s,5.2324267s,1402,142,0
5.8575912s,1.0115292s,5.7363843s,1406,142,0
6.5908986s,1.4287586s,5.029349s,1405,142,0
6.9928384s,1.199493s,4.6274092s,1408,142,0
6.446379s,1.3161945s,10.6666475s,1411,144,0
6.2769295s,1.4794108s,3.9288696s,1426,144,0
6.0447511s,1.2184529s,11.07343s,1418,144,0
6.1492594s,1.2515594s,10.9689217s,1416,144,0
6.1847675s,1.1548549s,4.0261862s,1425,144,0
5.4522651s,1.1944874s,11.6710697s,1417,144,0
6.6015938s,1.4001737s,3.6198085s,1430,144,0
5.3729041s,1.1902003s,11.7659893s,1413,144,0
6.609336s,1.1370295s,3.62233s,1422,144,0
6.3842168s,1.4650102s,10.7707841s,1420,144,0
6.5858542s,1.2515594s,10.5691467s,1419,144,0
6.0246978s,1.427544s,4.2312409s,1424,144,0
6.6286413s,1.4878348s,3.6272974s,1428,144,0
6.7334743s,1.4395832s,3.5224644s,1423,144,0
6.9066952s,1.1751177s,10.2709085s,1414,144,0
6.5037246s,1.4308756s,10.6738791s,1412,144,0
6.5111607s,1.244757s,10.666443s,1415,144,0
6.5559106s,1.1076953s,3.7249798s,1427,144,0
6.3651114s,1.3191299s,3.9250248s,1429,144,0
6.3688738s,1.3416093s,3.9246941s,1421,144,0
7.1202577s,1.3375291s,2.215022s,1442,146,0
6.4207553s,1.2524659s,2.9164562s,1446,146,0
6.3541705s,1.4776185s,9.8542372s,1440,146,0
6.5545365s,1.4524572s,9.6538712s,1436,146,0
6.4441569s,1.3946851s,9.7642508s,1439,146,0
6.8548946s,1.2078613s,9.3535131s,1432,146,0
5.9482486s,1.4975414s,10.2601591s,1438,146,0
5.9463993s,1.4856601s,10.2620084s,1434,146,0
6.3281059s,1.2946255s,3.0209175s,1448,146,0
6.862396s,1.3185776s,9.3596935s,1433,146,0
6.0743115s,1.1459299s,10.1603127s,1435,146,0
6.0501123s,1.192243s,3.3221159s,1449,146,0
6.577255s,1.4425072s,9.6573692s,1431,146,0
6.2828977s,1.0377343s,9.9629053s,1437,146,0
6.3723574s,1.324942s,3.0218836s,1441,146,0
6.7877594s,1.4500495s,2.6166521s,1447,146,0
6.1832076s,1.2189403s,3.2212039s,1443,146,0
7.2903301s,1.4500495s,2.1140814s,1445,146,0
6.5027595s,1.3387332s,2.9165508s,1444,146,0
7.0112488s,1.361745s,2.4175705s,1450,146,0
6.3857584s,1.4144639s,2.214485s,1466,148,0
6.3886895s,1.0590186s,2.2169222s,1467,148,0
6.5234518s,1.1905987s,8.8559518s,1457,148,0
5.5163457s,1.0635738s,9.8630579s,1459,148,0
6.1184768s,1.0993858s,9.2609268s,1460,148,0
7.2043099s,1.3895919s,1.4097296s,1464,148,0
5.9325498s,1.0155231s,9.4655369s,1458,148,0
5.1257855s,1.0965625s,3.5245211s,1468,148,0
5.7308964s,1.3258674s,2.9194102s,1462,148,0
6.3685421s,1.2630295s,9.0562312s,1455,148,0
6.7391424s,1.0360718s,1.911839s,1465,148,0
6.7737919s,1.4014887s,8.6545438s,1451,148,0
6.1441633s,1.2505427s,2.5185134s,1470,148,0
5.4775706s,1.0635738s,9.9606414s,1454,148,0
5.9791508s,1.23967s,9.4627248s,1453,148,0
5.9840929s,1.3473464s,9.4612039s,1452,148,0
6.6657095s,1.1389983s,2.0137492s,1463,148,0
6.6673233s,1.3407201s,2.0149254s,1461,148,0
6.0964846s,1.3208203s,9.359556s,1456,148,0
6.7804148s,1.1816653s,1.9130717s,1469,148,0
5.6127197s,1.1052778s,8.9559758s,1473,150,0
7.0317422s,1.3765408s,7.5451586s,1477,150,0
6.8308671s,1.4384261s,7.7460337s,1478,150,0
6.1353394s,1.304752s,1.4094534s,1485,150,0
6.8369685s,1.0021995s,7.7443584s,1480,150,0
6.5489667s,1.4849724s,1.0068531s,1481,150,0
5.9344342s,1.425491s,8.6562901s,1476,150,0
7.0588182s,1.3931955s,503.6564ms,1484,150,0
6.3580507s,1.4164387s,1.2068501s,1482,150,0
6.2469242s,1.1617168s,8.3556473s,1475,150,0
6.8675674s,1.4721855s,7.742425s,1479,150,0
6.7693408s,1.1430652s,7.8406516s,1471,150,0
6.783799s,1.2024351s,804.5758ms,1490,150,0
5.9688117s,1.032365s,8.6516711s,1474,150,0
6.2879955s,1.4820315s,1.3102994s,1487,150,0
6.8014657s,1.13676s,805.5379ms,1489,150,0
6.1978169s,1.3522229s,1.4129473s,1488,150,0
6.3075433s,1.0622128s,1.3082758s,1483,150,0
6.7149297s,1.2937851s,905.7702ms,1486,150,0
6.2926353s,1.240818s,8.3635818s,1472,150,0
6.2421224s,1.1637353s,5.6305885s,1497,151,0
6.2436439s,1.4116807s,5.6363454s,1493,151,0
6.4439719s,1.0866767s,5.4360174s,1500,151,0
5.9541359s,1.0828291s,5.9307569s,1491,151,0
6.5625753s,1.2165398s,5.3319961s,1496,151,0
6.7630536s,1.2924096s,5.1315178s,1498,151,0
7.2861758s,1.4618941s,4.6295561s,1492,151,0
6.3858956s,1.4198915s,5.5350023s,1494,151,0
6.5976968s,1.396662s,5.3273335s,1499,151,0
6.7060563s,1.2210718s,5.227879s,1495,151,0
6.6530937s,1.3472775s,10.7679139s,1502,153,0
6.1568653s,1.1593392s,11.2721982s,1508,153,0
6.5829615s,1.1103918s,10.8676869s,1510,153,0
5.8840189s,1.1567736s,11.5757208s,1509,153,0
6.4098681s,1.3140766s,4.3313793s,1518,153,0
6.6134433s,1.1145654s,4.1278041s,1516,153,0
5.9132867s,1.3008066s,4.8310741s,1519,153,0
6.6172585s,1.1544008s,4.1271023s,1520,153,0
6.2129445s,1.3245415s,4.5314163s,1514,153,0
5.2049923s,1.0488983s,12.2783429s,1501,153,0
6.5157226s,1.4183301s,10.9734549s,1504,153,0
6.6144188s,1.2834233s,10.8747587s,1506,153,0
5.1329983s,1.388347s,5.6318309s,1515,153,0
6.7307108s,1.3013265s,10.7648292s,1503,153,0
6.7408937s,1.1213493s,4.0239355s,1517,153,0
6.5240769s,1.4445932s,10.9714631s,1507,153,0
6.233264s,1.4183301s,11.2693771s,1505,153,0
6.143067s,1.2397666s,4.6288633s,1512,153,0
6.0443317s,1.1991968s,4.7302465s,1513,153,0
6.2477436s,1.1634612s,4.5282328s,1511,153,0
5.7655148s,1.3676692s,3.5215539s,1531,155,0
6.1664162s,1.2470352s,3.1203494s,1540,155,0
6.0792538s,1.4376058s,3.2180727s,1539,155,0
6.2090666s,1.2831633s,10.0605208s,1523,155,0
6.4098017s,1.1371883s,9.8634784s,1530,155,0
6.4999305s,1.0887813s,2.8161733s,1535,155,0
6.6091714s,1.4466173s,2.7163384s,1533,155,0
7.2130655s,1.4962519s,2.1124443s,1534,155,0
6.6417438s,1.4702618s,9.6612917s,1525,155,0
6.2405745s,1.0981026s,10.062461s,1528,155,0
6.6251429s,1.38266s,2.7144086s,1532,155,0
6.4517744s,1.0898215s,9.8626625s,1527,155,0
6.3331254s,1.1038178s,3.0212236s,1536,155,0
6.4594704s,1.4873873s,9.8634659s,1521,155,0
6.9641159s,1.2405063s,9.3588204s,1524,155,0
6.1776071s,1.0898215s,10.1557271s,1526,155,0
6.4795394s,1.0379913s,9.8537948s,1529,155,0
6.8555428s,1.1007638s,2.5156854s,1537,155,0
5.753092s,1.0608922s,3.6209629s,1538,155,0
6.5890989s,1.2155904s,9.759085s,1522,155,0
7.2446815s,1.3955997s,7.9590327s,1541,157,0
7.0555137s,1.4026044s,903.519ms,1554,157,0
6.4499942s,1.0263894s,8.75372s,1546,157,0
6.8533032s,1.2745056s,8.350411s,1547,157,0
5.8605747s,1.3279981s,2.1140835s,1551,157,0
6.3707282s,1.0666642s,1.609517s,1557,157,0
5.9766073s,1.0046469s,2.0104049s,1560,157,0
6.0789854s,1.386715s,1.9117337s,1555,157,0
5.8876869s,1.0286238s,2.113822s,1552,157,0
6.2981818s,1.3790374s,8.9564912s,1549,157,0
5.9920016s,1.2112602s,9.2626714s,1544,157,0
6.7073857s,1.2887003s,1.3079278s,1558,157,0
6.305823s,1.0862127s,8.9591413s,1548,157,0
6.5105513s,1.2981758s,8.754413s,1545,157,0
6.3339523s,1.1791106s,8.9474329s,1543,157,0
6.4252737s,1.4207149s,8.8561115s,1550,157,0
6.3327809s,1.3294839s,8.9486043s,1542,157,0
6.9439639s,1.2581632s,1.1065561s,1559,157,0
6.7427729s,1.1309513s,1.3077471s,1553,157,0
6.7438564s,1.2017344s,1.3093165s,1556,157,0
6.7001276s,1.317765s,6.0392664s,1564,158,0
5.7114042s,1.0194982s,200.6142ms,1580,158,0
6.2283017s,1.0524873s,6.5405072s,1569,158,0
6.5368243s,1.4449689s,6.2348551s,1566,158,0
6.8390197s,1.4565967s,5.9322941s,1563,158,0
5.7377269s,1.0385214s,201.3994ms,1571,158,0
6.5405233s,1.3316439s,6.2427753s,1570,158,0
6.6497959s,1.4724671s,6.1436952s,1562,158,0
6.4521755s,1.4821759s,6.3446756s,1567,158,0
6.0564878s,1.3648756s,6.7475276s,1565,158,0
6.668332s,1.110873s,6.1381626s,1568,158,0
5.9718966s,1.3482913s,0s,1577,158,0
6.0708764s,1.2455377s,6.7404055s,1561,158,0
6.0761099s,1.0242755s,0s,1576,158,0
6.5736505s,1.1176855s,4.4239966s,1582,160,0
5.9695366s,1.2428237s,5.0281105s,1587,160,0
7.0737218s,1.3880092s,3.9239253s,1584,160,0
5.369842s,1.018186s,5.6326495s,1586,160,0
6.3929897s,1.0605615s,11.4705762s,1572,160,0
6.6767387s,1.2692329s,4.3257528s,1590,160,0
6.4054592s,1.3361601s,11.46705s,1578,160,0
6.8024845s,1.2841431s,11.0700247s,1573,160,0
6.8077487s,1.3392076s,11.0647605s,1579,160,0
6.2864512s,1.1944226s,4.7314825s,1589,160,0
6.291973s,1.2927026s,4.7298865s,1583,160,0
6.4175525s,1.0485005s,4.6284122s,1581,160,0
6.8261237s,1.0166267s,4.223808s,1588,160,0
6.6465886s,1.3878945s,11.2663993s,1574,160,0
6.8610744s,1.2119324s,11.0706438s,1575,160,0
5.9484914s,1.1624426s,5.128159s,1585,160,0
6.7695917s,1.4526924s,3.5193087s,1605,162,0
6.0443741s,1.2726871s,11.4715578s,1598,162,0
6.4435486s,1.1577774s,11.0723833s,1596,162,0
6.6805079s,1.179498s,3.6210359s,1602,162,0
5.9522266s,1.0542295s,11.5763487s,1600,162,0
6.8822061s,1.2746683s,3.4193377s,1609,162,0
6.0609953s,1.2356548s,11.4686833s,1592,162,0
6.181999s,1.2547668s,4.1267065s,1607,162,0
6.2971311s,1.1369174s,4.0185914s,1606,162,0
6.502763s,1.3826406s,3.826063s,1610,162,0
6.3938284s,1.3547204s,11.166996s,1597,162,0
6.8138155s,1.4167964s,3.5199774s,1603,162,0
6.8988498s,1.3357618s,10.6670689s,1593,162,0
6.5197881s,1.3544346s,3.8227179s,1608,162,0
6.9045179s,1.1975216s,10.6650196s,1591,162,0
6.9384568s,1.3428991s,3.4173713s,1601,162,0
6.4375506s,1.0607378s,3.9182775s,1604,162,0
7.2270315s,1.4544381s,10.3639992s,1594,162,0
6.1282492s,1.0657909s,11.468138s,1599,162,0
6.2251518s,1.2016374s,11.3712354s,1595,162,0
6.2130456s,1.1576841s,8.7535731s,1616,164,0
7.054744s,1.4136895s,1.0056168s,1627,164,0
6.7262634s,1.2544714s,8.2520335s,1615,164,0
6.7610717s,1.2349169s,1.3084487s,1628,164,0
6.2625652s,1.3987598s,1.8099962s,1623,164,0
6.7388094s,1.4834676s,8.2509128s,1611,164,0
6.6458135s,1.4414971s,8.3503154s,1617,164,0
7.1842638s,1.2137394s,905.4236ms,1626,164,0
5.9968381s,1.1353372s,2.1129402s,1625,164,0
6.669244s,1.4904589s,8.3544164s,1612,164,0
6.0974035s,1.2519746s,2.0123748s,1621,164,0
6.8053845s,1.1488967s,1.3093914s,1630,164,0
5.8715889s,1.1394214s,9.1610048s,1618,164,0
6.2086616s,1.4289563s,1.9106781s,1622,164,0
6.6144032s,1.1575773s,1.5072768s,1629,164,0
5.9769913s,1.4374479s,9.0585708s,1619,164,0
5.8096835s,1.0468909s,2.3119965s,1624,164,0
6.3090873s,1.3935115s,8.746969s,1614,164,0
6.9138821s,1.36258s,8.1421742s,1620,164,0
6.0987123s,1.3935115s,8.957344s,1613,164,0
6.4403356s,1.1650045s,5.7351933s,1632,165,0
6.7413168s,1.3061472s,5.4342121s,1631,165,0
6.5545165s,1.3176886s,5.6340646s,1640,165,0
6.2564456s,1.1074046s,5.9401699s,1637,165,0
6.8599988s,1.2187074s,5.3366167s,1634,165,0
6.5666338s,1.008219s,5.6329224s,1636,165,0
6.7819821s,1.1896032s,5.4318997s,1638,165,0
6.3816307s,1.0486085s,5.8338378s,1639,165,0
6.5908837s,1.315016s,5.6368533s,1633,165,0
6.0046774s,1.2138386s,6.2363045s,1635,165,0
5.4429299s,1.1666442s,0s,1641,165,0
5.7426624s,1.180677s,0s,1645,165,0
6.4783904s,1.0845422s,3.8256619s,1657,167,0
6.3167488s,1.185497s,10.8704026s,1649,167,0
6.5247202s,1.0345464s,10.6761522s,1644,167,0
6.2312687s,1.3376647s,10.9696037s,1642,167,0
6.6426791s,1.3845375s,10.5748315s,1648,167,0
6.517336s,1.0585777s,3.8247102s,1652,167,0
5.9571711s,1.2890155s,11.2733362s,1650,167,0
6.3618021s,1.0037341s,10.8687052s,1643,167,0
6.3304243s,1.461452s,4.0247464s,1659,167,0
5.6299817s,1.0857761s,4.7289787s,1654,167,0
7.0379265s,1.2375759s,3.3210339s,1658,167,0
7.040883s,1.4138095s,3.3214597s,1655,167,0
6.880473s,1.4636122s,10.3663413s,1647,167,0
6.4444672s,1.1257521s,3.9235948s,1651,167,0
6.7964773s,1.3569086s,10.4630014s,1646,167,0
6.9543247s,1.4978278s,3.424681s,1656,167,0
6.3554517s,1.1398344s,4.0295799s,1660,167,0
6.1705692s,1.4127388s,4.2278392s,1653,167,0
6.0105411s,1.177459s,9.753138s,1665,169,0
7.0617045s,1.4526883s,1.810457s,1672,169,0
6.0169068s,1.1925829s,9.7598664s,1668,169,0
6.2689053s,1.0575574s,2.6165975s,1677,169,0
6.2706748s,1.0019851s,2.6168187s,1673,169,0
6.3302132s,1.4091207s,9.4558483s,1670,169,0
6.0780382s,1.2728651s,2.8183904s,1674,169,0
6.0916415s,1.0002875s,2.8181256s,1680,169,0
6.3592092s,1.4688082s,9.4536836s,1667,169,0
6.921588s,1.4616165s,2.0128447s,1671,169,0
6.0164457s,1.0647073s,2.917987s,1676,169,0
6.2823302s,1.0556588s,9.5544597s,1666,169,0
6.3303744s,1.3094651s,2.6165348s,1675,169,0
5.8289724s,1.455116s,3.1179368s,1679,169,0
6.8934299s,1.3616025s,8.9514739s,1664,169,0
6.8905056s,1.0948729s,8.9543982s,1661,169,0
6.5873342s,1.4869383s,9.2575696s,1662,169,0
5.6813579s,1.0453283s,10.1635459s,1669,169,0
6.2442919s,1.4745373s,2.7195421s,1678,169,0
6.408865s,1.2669951s,9.451256s,1663,169,0
6.459875s,1.213713s,1.5107575s,1692,171,0
6.3620951s,1.4831309s,8.7510943s,1682,171,0
6.4658233s,1.2995859s,8.6498016s,1681,171,0
6.4667442s,1.0050455s,1.5076193s,1691,171,0
5.9682384s,1.3835573s,2.0111331s,1693,171,0
6.9698907s,1.1113864s,8.1527336s,1688,171,0
6.9698907s,1.3165221s,8.1527336s,1683,171,0
6.6761185s,1.11832s,1.3061289s,1696,171,0
6.2754123s,1.2587027s,8.8559537s,1689,171,0
6.6865598s,1.4134573s,8.45046s,1684,171,0
6.2810547s,1.2457357s,8.8559651s,1686,171,0
5.7889129s,1.1997573s,2.2117638s,1697,171,0
6.200734s,1.2361146s,1.8102421s,1694,171,0
6.3139312s,1.2764992s,1.7090347s,1699,171,0
6.2172658s,1.3236638s,8.9547312s,1690,171,0
6.3329263s,1.0263734s,1.7108338s,1698,171,0
6.0376842s,1.11832s,2.0090555s,1695,171,0
6.3382375s,1.0495983s,1.7085022s,1700,171,0
7.1412614s,1.3977275s,8.0553059s,1687,171,0
6.7534604s,1.4536683s,8.4562185s,1685,171,0
6.2055999s,1.1693974s,7.2459945s,1705,172,0
5.8286115s,1.0602258s,703.0708ms,1718,172,0
6.7194622s,1.3024685s,6.7426113s,1706,172,0
6.9232227s,1.3865896s,6.5388508s,1704,172,0
6.5421513s,1.1948159s,0s,1713,172,0
6.2415292s,1.1588042s,301.0277ms,1714,172,0
6.5283235s,1.3098517s,6.9425396s,1701,172,0
6.0246664s,1.1359276s,7.4461967s,1709,172,0
6.0594898s,1.3445301s,501.8198ms,1720,172,0
6.3738195s,1.0419507s,200.6224ms,1712,172,0
6.3601983s,1.1978781s,7.1432267s,1710,172,0
6.4699144s,1.3424468s,7.0418313s,1702,172,0
6.071472s,1.0851814s,7.4497569s,1703,172,0
5.6829298s,1.0010067s,7.84068s,1707,172,0
6.284675s,1.1155672s,7.2389348s,1708,172,0
6.5108121s,1.261775s,100.4342ms,1711,172,0
6.4189982s,1.3395438s,201.3348ms,1715,172,0
6.690792s,1.1437358s,0s,1719,172,0
6.7928819s,1.3515983s,0s,1716,172,0
6.5942642s,1.1624792s,6.0365837s,1724,174,0
5.5035629s,1.0496103s,403.8028ms,1731,174,0
6.017028s,1.2027158s,6.636366s,1723,174,0
6.5153459s,1.2854419s,6.1380481s,1721,174,0
6.2193265s,1.1664939s,6.4398408s,1726,174,0
6.7291579s,1.4624996s,5.9393072s,1722,174,0
5.844222s,1.4937791s,100.5131ms,1738,174,0
6.1368856s,1.0473908s,6.5416712s,1730,174,0
7.1362922s,1.3864401s,12.6791702s,1717,174,0
5.9435092s,1.0035951s,6.743884s,1728,174,0
5.8599157s,1.0764373s,100.6839ms,1737,174,0
5.8635355s,1.1896803s,100.8807ms,1735,174,0
6.3637073s,1.0436502s,6.340098s,1725,174,0
6.5677522s,1.3527874s,6.1395008s,1729,174,0
6.0694942s,1.2212815s,6.6377588s,1727,174,0
6.0864861s,1.3110761s,0s,1734,174,0
6.2969506s,1.4855007s,0s,1732,174,0
6.0561383s,1.1699412s,4.4253527s,1742,176,0
6.5622652s,1.3816834s,3.9209081s,1748,176,0
6.363373s,1.390036s,4.1226003s,1747,176,0
6.5927867s,1.2356362s,3.9244142s,1741,176,0
6.886478s,1.4972489s,10.5652924s,1736,176,0
6.3031399s,1.0469602s,4.2242336s,1745,176,0
6.1045313s,1.0375987s,4.4250359s,1743,176,0
6.7965981s,1.3724797s,10.6588004s,1739,176,0
6.1168045s,1.1934438s,4.421508s,1746,176,0
6.2276107s,1.0133861s,4.3222436s,1744,176,0
6.52989s,1.3882818s,4.0199643s,1749,176,0
6.9240861s,1.2001619s,10.5655223s,1733,176,0
6.9527782s,1.0469602s,3.6182415s,1750,176,0
6.4289527s,1.4378408s,11.0688285s,1740,176,0
7.187722s,1.4805017s,9.8569797s,1757,178,0
5.7343038s,1.0556749s,4.1226759s,1766,178,0
6.5420775s,1.0674097s,3.3191422s,1763,178,0
6.3953719s,1.4005848s,10.6631046s,1751,178,0
6.7595894s,1.4076674s,3.1203889s,1769,178,0
6.5656202s,1.0754934s,3.3183935s,1770,178,0
6.0698133s,1.4992903s,3.8221597s,1765,178,0
6.3208837s,1.1157856s,10.7604451s,1758,178,0
6.3208837s,1.0435019s,10.7604451s,1753,178,0
5.6257691s,1.0294373s,11.4634119s,1760,178,0
6.1850538s,1.233124s,3.7201445s,1764,178,0
6.4414919s,1.2917518s,10.6613126s,1755,178,0
6.2988176s,1.0926052s,3.6185902s,1767,178,0
6.4611865s,1.2927854s,10.658796s,1752,178,0
6.2122483s,1.4275974s,3.7248236s,1761,178,0
6.6685426s,1.407348s,10.4603175s,1754,178,0
6.2679574s,1.0875297s,10.8632608s,1759,178,0
6.2695078s,1.2393746s,10.8617104s,1756,178,0
6.2274s,1.3781228s,3.719457s,1762,178,0
5.8274746s,1.1062058s,4.1245558s,1768,178,0
6.0936162s,1.3436296s,1.9139335s,1781,180,0
5.950278s,1.0837216s,9.0534105s,1776,180,0
6.4051508s,1.4634626s,1.6082379s,1782,180,0
6.7694736s,1.4958048s,8.2490698s,1771,180,0
5.671464s,1.0927033s,9.3524486s,1779,180,0
6.9912373s,1.4365659s,8.0435716s,1777,180,0
6.5977983s,1.1965156s,8.4449363s,1780,180,0
5.7392064s,1.4056765s,2.313671s,1783,180,0
6.1973337s,1.0503561s,8.8492424s,1775,180,0
6.0470508s,1.0706616s,2.0127609s,1787,180,0
6.608849s,1.2083775s,8.4453555s,1778,180,0
6.3665689s,1.3108497s,1.7091531s,1790,180,0
6.9289274s,1.1535944s,8.1444843s,1774,180,0
5.7252225s,1.0143459s,9.3481892s,1773,180,0
5.5677151s,1.0072361s,2.5138851s,1786,180,0
6.4291856s,1.4816005s,8.6442261s,1772,180,0
6.2779515s,1.2134072s,1.8131514s,1789,180,0
6.0918096s,1.1285263s,2.0096681s,1785,180,0
6.3942737s,1.222435s,1.707204s,1788,180,0
6.3942737s,1.2043206s,1.707204s,1784,180,0
6.0240865s,1.2293384s,9.0545536s,1800,182,0
6.4322753s,1.3907891s,8.6528264s,1798,182,0
6.2410738s,1.2385074s,8.8513673s,1799,182,0
5.8390436s,1.0355054s,9.2533975s,1793,182,0
6.4310824s,1.268581s,1.9091277s,1804,182,0
6.752231s,1.4946009s,8.3439212s,1794,182,0
6.1470863s,1.2122342s,8.9490659s,1795,182,0
6.1368642s,1.2328118s,2.2134942s,1803,182,0
5.7453856s,1.1079108s,2.6159761s,1801,182,0
6.4648727s,1.4842439s,1.9112765s,1810,182,0
6.0595583s,1.2769705s,2.3165909s,1802,182,0
5.2528565s,1.1619028s,3.1232927s,1809,182,0
7.0695144s,1.3356365s,1.3086866s,1806,182,0
6.6852082s,1.245656s,8.4494858s,1791,182,0
6.4710699s,1.3918898s,1.9113931s,1808,182,0
6.4843075s,1.1405915s,8.6503865s,1797,182,0
5.968209s,1.1548689s,2.414254s,1807,182,0
6.6748013s,1.0426618s,1.7112982s,1805,182,0
5.5850663s,1.0031814s,9.5590415s,1796,182,0
6.3968882s,1.3456773s,8.7528435s,1792,182,0
6.2719632s,1.0907141s,6.538314s,1814,183,0
5.8690374s,1.420581s,6.9412398s,1819,183,0
6.7857989s,1.3014803s,6.0381052s,1817,183,0
6.7224955s,1.3285053s,6.1370999s,1815,183,0
5.7740409s,1.0195454s,301.3351ms,1822,183,0
6.6340084s,1.4504332s,6.2361412s,1813,183,0
6.739773s,1.1946973s,6.1379819s,1812,183,0
6.091956s,1.102629s,0s,1825,183,0
6.5455127s,1.2633563s,6.33746s,1820,183,0
5.8527178s,1.2858787s,7.04115s,1818,183,0
6.4597588s,1.1817599s,6.438839s,1816,183,0
5.8629629s,1.149592s,7.0393516s,1811,183,0
6.3568078s,1.2929535s,0s,1827,183,0
6.3678158s,1.3456756s,0s,1824,183,0
6.4124402s,1.0857562s,0s,1829,183,0
6.4545638s,1.1788757s,0s,1830,183,0
5.7805791s,1.0313453s,5.3329357s,1835,185,0
6.2846118s,1.2416741s,4.8348357s,1837,185,0
6.7478257s,1.3969483s,11.4784305s,1823,185,0
5.9093023s,1.188003s,5.233637s,1831,185,0
6.8802701s,1.0817454s,11.3704309s,1828,185,0
7.085216s,1.4959506s,11.1688356s,1826,185,0
6.6307838s,1.268715s,4.5275191s,1834,185,0
5.8346392s,1.1309799s,5.3322492s,1832,185,0
5.7294559s,1.1344701s,5.4374325s,1839,185,0
7.0985924s,1.4137891s,11.171948s,1821,185,0
6.6592079s,1.2522517s,4.524106s,1833,185,0
6.2542373s,1.0635011s,4.9290766s,1836,185,0
6.1689375s,1.163895s,5.0340848s,1840,185,0
6.6766257s,1.3482717s,4.527918s,1838,185,0
6.2959826s,1.3806736s,9.7649175s,1844,187,0
5.8141447s,1.1226987s,10.2617132s,1845,187,0
5.8324935s,1.0037553s,3.2213448s,1853,187,0
7.0284808s,1.3365395s,9.057383s,1847,187,0
7.0513216s,1.4036384s,2.0113128s,1860,187,0
6.4502664s,1.3686887s,2.6145025s,1854,187,0
6.5525407s,1.0525547s,2.5142819s,1856,187,0
6.5365559s,1.1624383s,9.5650977s,1843,187,0
6.7617536s,1.4100807s,2.31498s,1857,187,0
6.7680672s,1.4066233s,2.3135394s,1858,187,0
5.3533046s,1.0528185s,10.762942s,1841,187,0
6.5581033s,1.2305953s,9.5581433s,1849,187,0
6.8806215s,1.3696435s,2.2109197s,1859,187,0
6.5676576s,1.154494s,9.5618679s,1850,187,0
6.9738301s,1.2816761s,9.1556954s,1848,187,0
6.068508s,1.1913729s,10.0610175s,1842,187,0
6.0891467s,1.1164504s,3.0196808s,1852,187,0
6.6991374s,1.2347251s,2.4137478s,1851,187,0
7.0021337s,1.1928507s,2.1131817s,1855,187,0
5.5832897s,1.134711s,10.5664337s,1846,187,0
7.004664s,1.4364005s,1.7101573s,1879,189,0
5.6969683s,1.1048429s,3.0204172s,1875,189,0
6.2035622s,1.1341781s,9.4583263s,1864,189,0
7.0162294s,1.4036887s,1.7111119s,1876,189,0
6.6198657s,1.1105891s,9.05402s,1866,189,0
6.3186655s,1.0206912s,9.3552202s,1868,189,0
6.4177844s,1.0195146s,9.2561013s,1863,189,0
6.530802s,1.4963892s,9.1523288s,1870,189,0
6.7328868s,1.2699374s,8.950244s,1869,189,0
6.7299264s,1.3046342s,8.9532044s,1865,189,0
5.8367202s,1.3974758s,2.9173127s,1872,189,0
6.9415237s,1.137468s,8.7569432s,1867,189,0
6.7478096s,1.4055737s,2.0132326s,1873,189,0
6.4536015s,1.2342879s,2.313609s,1871,189,0
6.7525959s,1.4894766s,8.9628855s,1861,189,0
6.0616495s,1.0880319s,2.7170738s,1880,189,0
6.1687192s,1.2484284s,2.6162654s,1877,189,0
6.0725152s,1.120731s,2.7179627s,1874,189,0
6.6831152s,1.3588088s,9.0520601s,1862,189,0
6.9857601s,1.2592975s,1.8102276s,1878,189,0
6.4358079s,1.1298723s,7.1451067s,1885,190,0
6.6659139s,1.4857903s,101.1966ms,1899,190,0
5.8708344s,1.0117156s,905.3409ms,1896,190,0
5.9547561s,1.1797853s,7.6455637s,1887,190,0
6.4814277s,1.2662702s,301.1893ms,1891,190,0
5.6810789s,1.1005603s,1.1046235s,1900,190,0
6.4666816s,1.2613712s,7.1431998s,1881,190,0
6.3032224s,1.0927323s,502.4059ms,1892,190,0
6.4864147s,1.1335264s,7.1451163s,1883,190,0
6.8151504s,1.0249779s,0s,1895,190,0
6.5963383s,1.3323155s,7.0381992s,1890,190,0
5.987853s,1.1995581s,7.6466845s,1889,190,0
5.9989858s,1.1084948s,7.6406847s,1886,190,0
6.031388s,1.1051141s,804.3995ms,1894,190,0
5.9111961s,1.0113884s,7.7456705s,1882,190,0
6.8193871s,1.3194169s,6.8417504s,1888,190,0
6.6409956s,1.1368612s,200.7548ms,1898,190,0
6.617668s,1.353373s,7.0434695s,1884,190,0
6.1488468s,1.356283s,701.9787ms,1893,190,0
6.931077s,1.2681157s,0s,1897,190,0
5.5311527s,1.1074033s,6.538136s,1910,192,0
7.0425397s,1.4306382s,5.0370287s,1908,192,0
6.546966s,1.3759907s,5.5369987s,1902,192,0
6.5557315s,1.0508777s,5.5369477s,1906,192,0
5.9675909s,1.0144879s,6.1421384s,1901,192,0
6.3777376s,1.3705025s,5.7351221s,1904,192,0
6.598907s,1.36193s,5.5318342s,1903,192,0
6.2990615s,1.4065885s,5.8365102s,1905,192,0
6.8080069s,1.1827085s,5.3371441s,1909,192,0
6.2255374s,1.2838812s,5.9347451s,1907,192,0
6.7213247s,1.2068441s,10.6684968s,1913,194,0
6.7246601s,1.423607s,10.6651614s,1920,194,0
6.234734s,1.338528s,4.2259435s,1926,194,0
6.9474927s,1.2788694s,10.461998s,1919,194,0
6.2405688s,1.259443s,4.2270343s,1929,194,0
6.4502192s,1.0494449s,4.0241273s,1922,194,0
6.0528589s,1.2761467s,11.3700426s,1911,194,0
5.8475769s,1.0009571s,4.6278319s,1924,194,0
6.1637229s,1.1308761s,11.2638988s,1918,194,0
5.6671543s,1.0440797s,4.8262675s,1921,194,0
6.6787499s,1.3581634s,3.8178472s,1923,194,0
5.97912s,1.2072615s,11.4649698s,1917,194,0
6.3765407s,1.0764367s,4.1200564s,1928,194,0
6.0859998s,1.0924692s,11.3673044s,1915,194,0
6.3889033s,1.4865199s,11.0644009s,1912,194,0
6.696877s,1.1658277s,10.766514s,1916,194,0
6.9092237s,1.4253884s,10.5600999s,1914,194,0
6.2968951s,1.147537s,4.2249358s,1925,194,0
6.1977497s,1.0421623s,4.3244143s,1930,194,0
5.8955428s,1.176348s,4.6266212s,1927,194,0
6.2531614s,1.4287703s,2.0130648s,1945,196,0
6.9684028s,1.4971472s,8.3488036s,1938,196,0
5.9682662s,1.3269453s,2.3164997s,1950,196,0
6.1728149s,1.2266497s,9.1542795s,1933,196,0
5.3776144s,1.039719s,9.9592629s,1932,196,0
5.9797413s,1.1556446s,9.357136s,1936,196,0
6.4880886s,1.3331159s,1.8118222s,1947,196,0
7.0044745s,1.215772s,8.3484576s,1939,196,0
5.2931665s,1.0236833s,3.0174371s,1943,196,0
6.6096064s,1.2105656s,8.7529333s,1937,196,0
6.6094087s,1.2577523s,1.7108025s,1946,196,0
6.5165294s,1.0229703s,1.8101501s,1944,196,0
6.4161003s,1.3930249s,1.9105792s,1942,196,0
6.5197681s,1.267835s,8.8568911s,1934,196,0
6.9259612s,1.2598337s,1.410547s,1941,196,0
5.9297133s,1.4149261s,9.454348s,1935,196,0
6.8381936s,1.4303953s,8.5494704s,1940,196,0
7.0423285s,1.3031784s,8.3480841s,1931,196,0
6.14121s,1.0005629s,2.2113118s,1948,196,0
6.6459554s,1.2176366s,1.7113731s,1949,196,0
5.9092856s,1.1958089s,6.742122s,1959,197,0
6.315259s,1.4305988s,6.3380643s,1957,197,0
5.7063402s,1.0561361s,201.1433ms,1962,197,0
5.8204822s,1.1186204s,6.8464667s,1954,197,0
6.7473421s,1.1403385s,5.9377852s,1952,197,0
5.8468646s,1.0268131s,6.8411741s,1956,197,0
6.1495741s,1.2918766s,6.5417946s,1951,197,0
6.4672685s,1.4374692s,6.2407931s,1953,197,0
6.2865291s,1.1874726s,6.4363297s,1960,197,0
6.2993447s,1.3081966s,6.4383987s,1958,197,0
6.3947784s,1.0568812s,6.342965s,1955,197,0
6.1768602s,1.1155372s,0s,1961,197,0
6.2284153s,1.3234265s,0s,1967,197,0
6.2885358s,1.1075779s,0s,1968,197,0
6.9023694s,1.3956311s,10.5652309s,1966,199,0
6.905993s,1.2684647s,10.5651232s,1963,199,0
6.5493592s,1.3308611s,4.0209588s,1975,199,0
5.9456471s,1.4655596s,4.6246709s,1979,199,0
6.1590986s,1.3950906s,4.426125s,1974,199,0
6.8288762s,1.4354998s,10.6644559s,1969,199,0
7.0783648s,1.4851416s,3.5209657s,1978,199,0
6.540974s,1.1967443s,10.970311s,1965,199,0
6.3853427s,1.041386s,4.2232023s,1976,199,0
5.8889237s,1.2349408s,4.727472s,1971,199,0
6.7631751s,1.3020888s,10.7622561s,1970,199,0
6.2937987s,1.0015307s,4.3256395s,1972,199,0
6.900512s,1.2108029s,3.7223455s,1980,199,0
6.7077595s,1.4297721s,3.9243052s,1973,199,0
6.8898501s,1.3924225s,10.6624026s,1964,199,0
6.7262495s,1.135677s,3.9200102s,1977,199,0
6.6921334s,1.1589717s,2.3104423s,1994,201,0
7.0459636s,1.374318s,9.0509186s,1990,201,0
6.1016781s,1.2184432s,2.9160904s,1996,201,0
6.5567341s,1.0194337s,9.5640929s,1981,201,0
5.964827s,1.4158793s,10.156s,1989,201,0
6.3682175s,1.3048138s,9.7584997s,1984,201,0
6.4300146s,1.1814186s,2.6166164s,1993,201,0
6.6358371s,1.3845572s,2.4159105s,1992,201,0
7.0943065s,1.3878066s,9.0564939s,1983,201,0
5.4879064s,1.2329102s,10.6644816s,1988,201,0
6.6488573s,1.3954019s,2.4159801s,1991,201,0
5.9516905s,1.2562817s,3.1203775s,2000,201,0
6.0001348s,1.306259s,10.167561s,1982,201,0
5.9047493s,1.2024967s,10.2629465s,1986,201,0
6.2613328s,1.3795277s,2.8173703s,1995,201,0
6.2178213s,1.3636457s,9.9580823s,1985,201,0
6.0631765s,1.2722532s,3.0184206s,1999,201,0
5.9716485s,1.2449382s,3.1204905s,1997,201,0
6.7831177s,1.4645899s,2.314857s,1998,201,0
6.1347179s,1.2071987s,10.0598934s,1987,201,0
6.6608504s,1.1934653s,1.5066195s,2020,203,0
5.8581472s,1.3009223s,2.3113695s,2014,203,0
6.2658474s,1.0475844s,1.9093569s,2019,203,0
6.2457713s,1.1335085s,8.3531126s,2010,203,0
6.3748388s,1.0625528s,8.2481892s,2001,203,0
6.3735761s,1.3871334s,8.2494519s,2005,203,0
5.8025096s,1.3818549s,2.4138257s,2016,203,0
5.5840517s,1.0387382s,9.0486406s,2003,203,0
5.9843235s,1.0295566s,8.6483688s,2002,203,0
6.0065476s,1.2829263s,2.2111986s,2015,203,0
6.5142802s,1.3528447s,1.7080366s,2018,203,0
5.7887834s,1.3285957s,8.8498561s,2004,203,0
5.8025487s,1.102838s,8.856353s,2008,203,0
6.4149461s,1.4812763s,8.2490218s,2007,203,0
6.2227504s,1.1844415s,8.4462259s,2009,203,0
6.7478879s,1.4197732s,1.5082138s,2013,203,0
6.0444038s,1.2276986s,2.2116979s,2012,203,0
6.2506503s,1.4304013s,2.0084433s,2011,203,0
5.5259303s,1.1325014s,9.1545686s,2006,203,0
7.0604286s,1.2513061s,1.206594s,2017,203,0
5.5865377s,1.0805272s,906.5408ms,2039,204,0
6.0962507s,1.3065513s,403.929ms,2035,204,0
5.2963875s,1.0718328s,1.2070838s,2036,204,0
6.5326292s,1.161569s,0s,2033,204,0
5.9048216s,1.0863599s,7.4496271s,2029,204,0
6.8132849s,1.1156137s,6.5425269s,2021,204,0
6.6228642s,1.2889631s,6.7379252s,2028,204,0
6.5194392s,1.3724512s,6.8418818s,2023,204,0
6.2412955s,1.2276775s,301.8213ms,2031,204,0
6.8176726s,1.3684097s,6.5431168s,2026,204,0
6.5299415s,1.4363303s,6.8415236s,2022,204,0
5.9279834s,1.0375213s,7.4429501s,2027,204,0
6.6290256s,1.0316914s,6.7419079s,2025,204,0
6.3327505s,1.3502237s,7.0421505s,2030,204,0
6.6452478s,1.4236204s,6.7386979s,2024,204,0
5.970051s,1.437026s,604.3918ms,2038,204,0
5.9748533s,1.0197734s,602.7984ms,2037,204,0
6.3828328s,1.4976531s,202.7907ms,2040,204,0
6.6994486s,1.2462862s,0s,2032,204,0
6.7376183s,1.1657462s,0s,2034,204,0
6.0237772s,1.1661899s,6.1347097s,2046,206,0
6.9339884s,1.4687483s,5.2293724s,2047,206,0
6.5329802s,1.431349s,5.6303806s,2050,206,0
5.6423836s,1.0044208s,6.5379058s,2042,206,0
6.7757435s,1.1007095s,5.4291004s,2045,206,0
6.17102s,1.2376589s,6.0338239s,2041,206,0
6.3795814s,1.0546692s,5.8307091s,2048,206,0
6.3852012s,1.04481s,5.8343397s,2043,206,0
6.901718s,1.2260407s,5.3304464s,2044,206,0
6.4038579s,1.227838s,5.834568s,2049,206,0
5.676498s,1.3697066s,0s,2058,206,0
6.378137s,1.4623217s,10.5657164s,2054,208,0
6.2558144s,1.4231293s,3.5203603s,2061,208,0
5.9621106s,1.4410817s,3.8229573s,2068,208,0
6.4732137s,1.2559366s,3.3166694s,2066,208,0
6.6725157s,1.3907376s,3.1173674s,2065,208,0
6.3017504s,1.3434154s,10.6592389s,2053,208,0
6.9810194s,1.2547149s,2.8173934s,2070,208,0
5.8028582s,1.1947867s,11.1666608s,2051,208,0
6.6826759s,1.4858812s,3.1174601s,2063,208,0
6.4216936s,1.463987s,10.5617433s,2056,208,0
6.7967185s,1.3237164s,3.0156122s,2069,208,0
6.5029162s,1.2791555s,3.3193725s,2067,208,0
6.6377637s,1.1676841s,10.3580558s,2059,208,0
6.140677s,1.0506896s,10.8691018s,2055,208,0
6.625735s,1.4309494s,3.2160513s,2064,208,0
6.8622889s,1.1565298s,10.160322s,2057,208,0
5.432506s,1.0568696s,4.4194646s,2062,208,0
7.1711062s,1.4414721s,9.8519706s,2060,208,0
6.7730933s,1.0924155s,10.2600959s,2052,208,0
6.5179291s,1.0837199s,1.2065896s,2090,210,0
6.6222353s,1.3683204s,1.1075587s,2087,210,0
6.6017785s,1.3530706s,8.0484155s,2073,210,0
6.1240582s,1.1834441s,1.6095965s,2084,210,0
6.6306591s,1.3174419s,1.1065458s,2086,210,0
5.926385s,1.0368564s,1.8108199s,2088,210,0
6.917798s,1.4245115s,7.743762s,2076,210,0
6.7226439s,1.2377383s,7.9484099s,2078,210,0
6.6275817s,1.0806221s,8.0463385s,2074,210,0
5.9389243s,1.0796483s,8.7464001s,2072,210,0
6.0442263s,1.3634936s,8.6527053s,2077,210,0
5.6498619s,1.2043957s,9.0470697s,2075,210,0
6.1780333s,1.3683204s,1.6083547s,2081,210,0
6.5831893s,1.3914473s,1.2071569s,2085,210,0
5.6786563s,1.1276473s,2.1140563s,2083,210,0
6.387095s,1.4614592s,1.4074776s,2089,210,0
6.287618s,1.2325098s,1.5094871s,2082,210,0
5.9675754s,1.0424004s,8.7477983s,2080,210,0
6.2694879s,1.3090727s,8.4458858s,2071,210,0
6.0729132s,1.001663s,8.6491856s,2079,210,0
6.4362793s,1.2538153s,6.2355601s,2092,211,0
6.536805s,1.0157318s,6.1350344s,2091,211,0
5.7322366s,1.1635797s,6.9396028s,2098,211,0
5.8378537s,1.1046093s,6.8427152s,2096,211,0
6.5554874s,1.4676562s,6.1355784s,2097,211,0
5.5906013s,1.1874126s,7.1404369s,2100,211,0
6.0976643s,1.2196911s,6.6397681s,2094,211,0
5.8066648s,1.4274868s,200.5268ms,2109,211,0
5.9089711s,1.3593086s,100.3023ms,2102,211,0
6.3032516s,1.0083993s,6.4391404s,2099,211,0
5.8246697s,1.1191581s,201.9515ms,2105,211,0
6.5190551s,1.2326942s,6.239812s,2095,211,0
6.7311597s,1.4605456s,6.0346773s,2093,211,0
6.2093764s,1.3525686s,0s,2108,211,0
6.2378338s,1.4772623s,0s,2106,211,0
6.0468075s,1.3924796s,5.0347188s,2118,213,0
6.0545885s,1.2116643s,5.0341366s,2114,213,0
6.9652078s,1.0952662s,4.1273924s,2116,213,0
5.9727601s,1.2737666s,5.132457s,2119,213,0
6.7793603s,1.3283464s,4.3258568s,2115,213,0
6.0822581s,1.0205601s,5.0313189s,2117,213,0
6.1880313s,1.3310337s,4.9301098s,2112,213,0
6.5494751s,1.2624552s,11.4688465s,2103,213,0
6.8017936s,1.3706215s,4.3315518s,2113,213,0
6.557902s,1.2167343s,11.4725461s,2101,213,0
6.5019725s,1.4247132s,4.6318382s,2120,213,0
6.56325s,1.4348317s,11.4711954s,2107,213,0
6.56325s,1.4573366s,11.4711954s,2104,213,0
6.4373252s,1.464863s,4.7308802s,2111,213,0
6.8966051s,1.3954211s,11.1721173s,2110,213,0
6.1922s,1.4834308s,4.2244806s,2134,215,0
6.3185501s,1.4866089s,10.9663746s,2126,215,0
6.6195175s,1.1782533s,10.6654072s,2129,215,0
5.5164347s,1.0997664s,11.76849s,2130,215,0
6.8035636s,1.4594147s,3.621332s,2139,215,0
6.2252193s,1.1352605s,11.0664276s,2121,215,0
6.6134476s,1.3426069s,3.8212833s,2132,215,0
6.2125805s,1.4812905s,4.2244413s,2140,215,0
6.7428864s,1.0926793s,10.5648826s,2123,215,0
6.5467115s,1.3093704s,10.7659068s,2122,215,0
5.5221252s,1.0040968s,4.9284307s,2137,215,0
6.8632192s,1.391087s,10.4615167s,2124,215,0
6.6407107s,1.1058076s,3.8204644s,2135,215,0
6.2650382s,1.3177708s,11.0667285s,2128,215,0
5.8788958s,1.220612s,11.4728673s,2127,215,0
5.9678858s,1.0990022s,4.5234126s,2138,215,0
6.5739363s,1.363846s,3.9206751s,2136,215,0
5.687241s,1.3107475s,11.6709312s,2125,215,0
6.6768762s,1.2878046s,3.8210263s,2133,215,0
5.8755115s,1.1607258s,4.6251862s,2131,215,0
6.7065071s,1.0676775s,3.7221722s,2157,217,0
6.7082427s,1.073441s,3.7204366s,2155,217,0
5.7903684s,1.3047257s,11.4715112s,2142,217,0
5.7928433s,1.0342708s,11.4750994s,2148,217,0
5.9999512s,1.3324441s,11.2679915s,2145,217,0
5.8087909s,1.0215672s,4.6274375s,2154,217,0
6.10325s,1.1460863s,11.1697236s,2144,217,0
6.7130556s,1.4142639s,10.5698431s,2143,217,0
5.930757s,1.064288s,4.5241124s,2159,217,0
6.2340075s,1.4465078s,4.2208619s,2152,217,0
6.8328849s,1.3745202s,10.4625174s,2149,217,0
6.4559062s,1.3446276s,4.0250826s,2160,217,0
6.7664743s,1.1597348s,3.7200626s,2153,217,0
5.9596545s,1.0743476s,11.3727188s,2150,217,0
7.0805236s,1.2708508s,3.4252835s,2158,217,0
5.8856654s,1.1863763s,4.6243085s,2156,217,0
6.0849678s,1.3782047s,11.2582064s,2147,217,0
6.3866451s,1.351675s,10.9565291s,2146,217,0
6.686296s,1.1365661s,3.8236779s,2151,217,0
6.5759014s,1.4565115s,10.7672728s,2141,217,0
6.5436057s,1.2450191s,9.7616032s,2167,219,0
5.7439209s,1.1088562s,10.564265s,2168,219,0
6.3495752s,1.1645473s,9.9638895s,2162,219,0
6.3190779s,1.3005639s,3.2207058s,2171,219,0
6.8288982s,1.3965648s,2.7153323s,2175,219,0
6.1666316s,1.2616175s,10.162928s,2164,219,0
6.3728173s,1.2450191s,9.9567423s,2169,219,0
6.027322s,1.2437296s,3.5215933s,2173,219,0
5.8656428s,1.2672783s,10.4644314s,2170,219,0
6.3359815s,1.1677571s,3.2213698s,2176,219,0
6.7806443s,1.1829396s,9.5573513s,2163,219,0
6.9511653s,1.2648231s,2.6139838s,2174,219,0
6.451568s,1.2606436s,3.1197976s,2178,219,0
6.2966735s,1.3796958s,10.0635828s,2165,219,0
6.5623399s,1.2819773s,3.0187202s,2180,219,0
6.3699083s,1.116655s,3.2170724s,2172,219,0
5.868472s,1.0875413s,3.7213199s,2177,219,0
6.6116996s,1.2932322s,9.7587366s,2161,219,0
5.7196976s,1.0916514s,10.6644366s,2166,219,0
5.7874956s,1.1831358s,3.8223682s,2179,219,0
6.0549464s,1.1088554s,9.7523547s,2186,221,0
5.9604242s,1.1224449s,2.6166485s,2197,221,0
5.3587777s,1.0217993s,10.4588462s,2184,221,0
6.7761412s,1.248961s,9.0495071s,2190,221,0
6.584663s,1.2924009s,2.0123297s,2200,221,0
6.0847533s,1.1217004s,2.5155188s,2193,221,0
6.3831383s,1.08182s,9.4559791s,2181,221,0
6.2802518s,1.21076s,9.5588656s,2187,221,0
6.2937003s,1.0653917s,2.312229s,2194,221,0
6.8196837s,1.296573s,1.8107536s,2191,221,0
6.0233143s,1.302409s,2.6148914s,2196,221,0
6.6282013s,1.4756436s,9.2529793s,2188,221,0
6.126389s,1.1716882s,9.7547916s,2183,221,0
6.5346988s,1.2598946s,2.113259s,2198,221,0
6.234193s,1.3696104s,2.41666s,2199,221,0
6.6402071s,1.1355819s,2.0111578s,2195,221,0
7.2384972s,1.397704s,8.651713s,2185,221,0
5.843343s,1.143474s,2.8156314s,2192,221,0
6.1447557s,1.2881583s,9.7565174s,2182,221,0
5.9439668s,1.4436389s,9.9573063s,2189,221,0
6.7933844s,1.3813508s,2.0127536s,2217,223,0
5.4448835s,1.2475597s,9.9610637s,2209,223,0
6.4573189s,1.2282755s,8.9558265s,2205,223,0
6.3731934s,1.4753769s,9.0536235s,2206,223,0
6.1188091s,1.4835224s,2.7172594s,2214,223,0
5.9891693s,1.1173177s,9.4541432s,2204,223,0
6.5939304s,1.1987106s,8.8553059s,2208,223,0
5.689107s,1.0357947s,9.7601293s,2207,223,0
6.053784s,1.1939495s,2.8209664s,2220,223,0
6.0619559s,1.1516659s,2.8157615s,2219,223,0
6.0604141s,1.1198922s,2.8173033s,2213,223,0
6.4676356s,1.3175158s,2.4141548s,2212,223,0
6.0686844s,1.0187842s,2.8173111s,2216,223,0
7.0839547s,1.4765487s,1.8097339s,2218,223,0
6.5325026s,1.4724358s,8.9551164s,2201,223,0
5.8360833s,1.2669402s,9.6597136s,2203,223,0
6.0872379s,1.3167175s,2.8146286s,2215,223,0
6.537597s,1.2684832s,8.9581999s,2210,223,0
6.1874243s,1.3149845s,2.7144422s,2211,223,0
6.2376202s,1.0318172s,9.2587271s,2202,223,0
6.816792s,1.1451607s,804.7616ms,2240,225,0
6.7197813s,1.3922829s,904.9482ms,2237,225,0
6.2303927s,1.0517465s,8.253178s,2223,225,0
6.631814s,1.4584896s,1.0052728s,2239,225,0
7.0346894s,1.3823772s,602.7896ms,2233,225,0
6.4427322s,1.1380833s,8.0482618s,2229,225,0
6.8531253s,1.4868241s,7.6492471s,2225,225,0
6.4541291s,1.3115935s,1.2063104s,2236,225,0
6.7665947s,1.4403527s,7.7531443s,2226,225,0
6.9629533s,1.2594991s,705.1524ms,2238,225,0
5.969131s,1.0375913s,8.554258s,2227,225,0
6.2783342s,1.4850103s,8.2540398s,2228,225,0
6.9790693s,1.1834399s,704.8153ms,2235,225,0
6.4847171s,1.0174952s,1.2052801s,2234,225,0
5.9802476s,1.1152954s,1.7097496s,2232,225,0
6.0875901s,1.0616971s,1.610012s,2231,225,0
6.1084035s,1.1496511s,8.4505065s,2221,225,0
6.719064s,1.3775822s,7.8523643s,2222,225,0
6.0167127s,1.3345355s,8.5547156s,2224,225,0
6.3225765s,1.4636946s,8.2507792s,2230,225,0
5.9703564s,1.1130698s,1.1056405s,2260,226,0
6.7741558s,1.4870186s,301.8411ms,2256,226,0
5.9736396s,1.0626691s,1.1053611s,2255,226,0
6.5491383s,1.4747772s,7.5500494s,2249,226,0
6.382926s,1.2326711s,702.7971ms,2257,226,0
6.1611873s,1.1844032s,7.942369s,2248,226,0
6.3613902s,1.021922s,7.7421661s,2250,226,0
7.1076119s,1.4976513s,0s,2251,226,0
6.1804885s,1.4396237s,7.9460087s,2243,227,0
6.016693s,1.4998676s,1.1061793s,2258,227,0
6.8891752s,1.4189925s,7.2499943s,2246,227,0
6.3946296s,1.3091193s,7.7445399s,2247,227,0
6.3361334s,1.2858303s,804.4619ms,2253,227,0
6.5105906s,1.0234084s,7.6451319s,2241,227,0
7.0134646s,1.3342642s,7.1435714s,2244,227,0
6.13815s,1.2429228s,1.0054214s,2252,227,0
6.1527169s,1.2824715s,1.006676s,2254,227,0
6.5630328s,1.4698805s,603.0869ms,2259,227,0
6.1344663s,1.248584s,8.0519228s,2242,227,0
5.9397801s,1.0900396s,8.246609s,2245,227,0
6.1893073s,1.0194707s,301.3144ms,2278,228,0
6.3082748s,1.0836022s,201.0115ms,2272,228,0
6.2183258s,1.2401807s,301.333ms,2274,228,0
7.0540017s,1.4894975s,6.6362523s,2265,228,0
6.3511869s,1.0348362s,7.3390671s,2269,228,0
6.3476121s,1.2815643s,7.3426419s,2270,228,0
6.2539968s,1.1598474s,7.4406203s,2263,228,0
7.1569299s,1.3166931s,6.5376872s,2267,228,0
6.440458s,1.0970226s,100.6101ms,2273,228,0
6.1645951s,1.0796369s,7.5456576s,2264,228,0
6.4607071s,1.0503819s,7.2495456s,2268,228,0
6.4525536s,1.2603821s,100.7692ms,2271,228,0
6.1527646s,1.084472s,401.2027ms,2280,228,0
6.5557952s,1.1718602s,0s,2275,228,0
5.8761853s,1.2095553s,7.8485286s,2262,228,0
6.1819345s,1.3965794s,7.5526353s,2266,228,0
6.191094s,1.0808164s,7.548637s,2261,228,0
6.5922217s,1.002801s,0s,2276,228,0
6.8380761s,1.3028245s,0s,2277,228,0
6.9715827s,1.3895922s,0s,2279,228,0
5.6843055s,1.0147023s,100.6381ms,2294,230,0
6.3463063s,1.4448585s,6.3360096s,2281,230,0
5.0493616s,1.2239147s,7.6490181s,2288,230,0
6.4826918s,1.1291624s,6.2379686s,2287,230,0
6.1809566s,1.055968s,6.5397038s,2286,230,0
6.8900017s,1.1564425s,5.8362581s,2282,230,0
5.8990661s,1.0010064s,6.8401032s,2283,230,0
6.7051151s,1.4884032s,6.0340542s,2285,230,0
6.1157558s,1.0154269s,6.6429897s,2284,230,0
6.2214205s,1.3865127s,6.537325s,2290,230,0
5.7781649s,1.0646174s,100.2183ms,2297,230,0
5.5763645s,1.0305999s,302.0187ms,2291,230,0
6.2279468s,1.0907159s,6.5409595s,2289,230,0
5.9203029s,1.0678237s,0s,2292,230,0
5.999313s,1.181702s,0s,2298,230,0
6.1299945s,1.164588s,4.7296802s,2306,232,0
6.5346698s,1.3758813s,4.3250049s,2301,232,0
6.0324818s,1.3720052s,4.8287077s,2308,232,0
6.5364833s,1.4065033s,4.3247062s,2303,232,0
7.1563548s,1.3857715s,10.8709671s,2299,232,0
6.269324s,1.2305931s,4.6267507s,2304,232,0
5.8657887s,1.0356132s,5.030286s,2307,232,0
6.6046813s,1.3513431s,11.4648281s,2295,232,0
6.998466s,1.4134186s,3.9231206s,2310,232,0
6.51119s,1.0602386s,11.5734857s,2293,232,0
6.4271948s,1.1588627s,11.6652123s,2296,232,0
6.7142389s,1.0297766s,4.2243237s,2309,232,0
6.6340102s,1.0139311s,11.4662194s,2300,232,0
6.5220288s,1.3664738s,4.4240307s,2305,232,0
5.8235443s,1.3315614s,5.1244205s,2302,232,0
6.6514248s,1.3059965s,2.5135354s,2322,234,0
5.9536446s,1.0187334s,3.2193365s,2326,234,0
6.3193522s,1.2440138s,9.8608121s,2311,234,0
5.4513861s,1.1916056s,3.721595s,2321,234,0
6.3661877s,1.2464137s,2.8167365s,2325,234,0
6.2321779s,1.055252s,9.9579295s,2315,234,0
6.6273814s,1.3901617s,9.562726s,2317,234,0
6.4675899s,1.3286272s,2.7153343s,2327,234,0
6.0716325s,1.3865294s,3.118679s,2324,234,0
6.2801745s,1.2595666s,2.9166639s,2328,234,0
6.4796404s,1.4468694s,2.7177075s,2329,234,0
5.7461714s,1.0302359s,10.4661827s,2313,234,0
6.1927355s,1.1057095s,3.0201806s,2330,234,0
5.8669608s,1.1207656s,10.3587754s,2318,234,0
6.3677147s,1.0681669s,9.8580215s,2320,234,0
6.0761621s,1.3576579s,10.1622181s,2319,234,0
6.88764s,1.4393207s,9.3595835s,2316,234,0
6.8374348s,1.1292518s,2.4154797s,2323,234,0
5.6016898s,1.3083637s,10.6596128s,2312,234,0
7.0071832s,1.4649409s,9.2541194s,2314,234,0
6.9094776s,1.3871034s,8.1525503s,2336,236,0
6.5106163s,1.3262752s,8.555779s,2331,236,0
6.212474s,1.463418s,8.8575399s,2333,236,0
6.1121908s,1.324627s,8.9578231s,2337,236,0
6.2193498s,1.0394737s,1.8125719s,2343,236,0
6.125974s,1.4640549s,1.9132483s,2344,236,0
6.7294299s,1.2669657s,1.3097924s,2347,236,0
7.0476772s,1.3364132s,8.058659s,2338,236,0
5.9423104s,1.1745119s,9.1640258s,2335,236,0
6.5524369s,1.4852102s,1.5099222s,2350,236,0
6.1520286s,1.4754004s,1.9138302s,2349,236,0
6.7578801s,1.2545956s,8.3556559s,2332,236,0
6.3588127s,1.2067089s,8.7584909s,2334,236,0
6.7705888s,1.2376939s,1.3070211s,2345,236,0
6.3693575s,1.2883256s,1.7082524s,2348,236,0
6.4761207s,1.2989441s,1.6103836s,2341,236,0
6.5791748s,1.1465652s,1.5088385s,2346,236,0
6.5824435s,1.1895431s,8.5573148s,2339,236,0
6.3831632s,1.2716865s,1.7106751s,2342,236,0
6.0836642s,1.1563862s,9.0621844s,2340,236,0
6.6317462s,1.4536245s,100.1363ms,2365,237,0
6.0168408s,1.3464952s,7.5463316s,2352,237,0
6.8254072s,1.2087368s,6.740014s,2355,237,0
6.4778921s,1.0955426s,301.6361ms,2361,237,0
6.5611505s,1.3195709s,7.044119s,2351,237,0
6.1764467s,1.2685304s,605.4121ms,2366,237,0
5.7622173s,1.2737809s,7.8512377s,2356,237,0
6.4891874s,1.2362117s,302.6248ms,2364,237,0
6.1770742s,1.3606384s,7.4453926s,2353,237,0
6.3853294s,1.1435662s,7.243286s,2359,237,0
6.2995152s,1.1105913s,503.3589ms,2370,237,0
5.6998198s,1.1976452s,1.1044157s,2368,237,0
5.9014469s,1.2316299s,902.7886ms,2362,237,0
6.3921903s,1.030906s,7.2428388s,2360,237,0
6.0867295s,1.1839134s,7.5482996s,2354,237,0
6.7109695s,1.3935078s,100.3864ms,2367,237,0
6.5993829s,1.0164447s,7.0389723s,2357,237,0
6.0975679s,1.0274431s,7.5444289s,2358,237,0
6.718557s,1.3272036s,100.5054ms,2369,237,0
6.8926136s,1.3417653s,0s,2363,237,0
6.3358889s,1.2815931s,0s,2388,239,0
6.5354098s,1.1956587s,6.7473048s,2376,239,0
6.9423113s,1.4117127s,6.3420492s,2378,239,0
6.8496412s,1.3903345s,6.4449238s,2375,239,0
6.2502367s,1.4506969s,7.0476132s,2379,239,0
6.4606332s,1.1927794s,6.842855s,2374,239,0
6.0641457s,1.2215816s,7.2461213s,2380,239,0
6.6747699s,1.1429398s,6.644387s,2377,239,0
6.2821342s,1.0755977s,7.0457207s,2373,239,0
5.8931936s,1.3274215s,7.4488885s,2371,239,0
5.6224848s,1.0054167s,7.7488037s,2372,239,0
6.2345134s,1.1863108s,202.3885ms,2385,239,0
6.5177976s,1.0796971s,0s,2387,239,0
6.5441326s,1.0868514s,0s,2382,239,0
6.6560663s,1.3926673s,0s,2389,239,0
6.6832798s,1.1693652s,0s,2386,239,0
6.6913701s,1.1628636s,0s,2381,239,0
6.777107s,1.0480444s,0s,2384,239,0
6.8696362s,1.1047724s,12.3750051s,2383,241,0
6.7518277s,1.0708762s,5.6331872s,2396,241,0
6.9587215s,1.3746486s,5.4296723s,2397,241,0
6.9622381s,1.392669s,5.4350367s,2392,241,0
7.1747621s,1.3697279s,5.2306226s,2395,241,0
6.3869384s,1.1538293s,6.0375532s,2400,241,0
5.695185s,1.172595s,6.7357346s,2394,241,0
6.8050268s,1.305512s,5.6369028s,2398,241,0
6.0028259s,1.0217933s,6.4391037s,2399,241,0
6.8104406s,1.2372588s,5.631801s,2391,241,0
7.0292454s,1.2544846s,5.4337934s,2393,241,0
6.8604392s,1.2613669s,12.4753199s,2390,241,0
5.4328889s,1.2904904s,0s,2406,241,0
5.4705795s,1.1515001s,0s,2402,241,0
6.15154s,1.3467302s,10.3649687s,2408,243,0
6.2490246s,1.4008937s,10.2674841s,2401,243,0
5.7659366s,1.1745615s,10.7703339s,2404,243,0
6.2876897s,1.3005973s,3.5210114s,2415,243,0
6.2891874s,1.3906048s,3.5206821s,2412,243,0
6.2846713s,1.2026138s,10.2635492s,2403,243,0
7.3049681s,1.4706435s,2.5171251s,2420,243,0
6.1016653s,1.1605967s,3.7227744s,2413,243,0
6.6084265s,1.3957836s,3.2204392s,2418,243,0
6.5081689s,1.1899241s,3.3206968s,2414,243,0
6.4980684s,1.4976147s,10.0637163s,2409,243,0
6.3939226s,1.4842497s,10.1678621s,2410,243,0
6.8135867s,1.3766299s,3.0172058s,2419,243,0
6.1214626s,1.1760303s,3.7226729s,2417,243,0
5.8232867s,1.1652498s,4.0274393s,2416,243,0
6.3181716s,1.4265946s,10.2678809s,2405,243,0
6.7309922s,1.0024055s,9.8621625s,2407,243,0
6.4431229s,1.1316338s,3.4215473s,2411,243,0
6.0835992s,1.3799255s,9.6558465s,2425,245,0
6.6861512s,1.2091568s,1.9126822s,2431,245,0
6.0824948s,1.1961508s,2.5163386s,2438,245,0
6.3065955s,1.0061381s,9.4560642s,2428,245,0
6.7063756s,1.1817967s,1.909003s,2433,245,0
6.8104354s,1.4195449s,1.8104799s,2434,245,0
6.0272541s,1.2869746s,9.7593385s,2427,245,0
5.5213588s,1.0377175s,3.1197148s,2435,245,0
6.1276403s,1.0968416s,2.5157551s,2439,245,0
5.9336456s,1.1587861s,9.8589689s,2422,245,0
6.7349208s,1.0901759s,1.9104126s,2437,245,0
6.4454925s,1.4793928s,9.3494148s,2429,245,0
7.1472811s,1.4359479s,8.6476262s,2424,245,0
6.2458034s,1.3093107s,9.5608757s,2426,245,0
6.7571719s,1.0969658s,9.0520489s,2430,245,0
6.6522958s,1.3591273s,2.0096439s,2440,245,0
7.060888s,1.4574573s,8.7522109s,2421,245,0
5.7483779s,1.2087381s,2.9174399s,2432,245,0
6.3559408s,1.3574624s,2.3138394s,2436,245,0
6.6769653s,1.3666913s,9.1586378s,2423,245,0
5.45456s,1.1377883s,2.7170974s,2455,247,0
6.2234491s,1.0954878s,8.8553426s,2447,247,0
6.0216302s,1.2116481s,9.0571615s,2442,247,0
6.267687s,1.3402558s,1.9123987s,2456,247,0
6.1753056s,1.0418635s,2.0111852s,2452,247,0
6.3620337s,1.1341054s,8.7468674s,2441,247,0
6.1604181s,1.4179921s,8.948483s,2444,247,0
6.6556045s,1.2922558s,8.4532966s,2448,247,0
6.4066041s,1.1717861s,1.8116771s,2460,247,0
5.4115982s,1.078298s,2.8162468s,2457,247,0
6.0821399s,1.2354355s,9.0597122s,2446,247,0
6.1246524s,1.1667619s,2.113555s,2459,247,0
5.9252594s,1.1107972s,2.3149874s,2454,247,0
6.3933278s,1.4960114s,8.7555233s,2443,247,0
6.4986848s,1.3877524s,8.6501663s,2445,247,0
5.8289298s,1.3045906s,2.4174392s,2458,247,0
6.9066428s,1.1586694s,8.2468605s,2450,247,0
5.8321759s,1.2428602s,2.4141931s,2453,247,0
6.510573s,1.2736054s,8.6535861s,2449,247,0
6.5506726s,1.1823647s,1.7128731s,2451,247,0
6.3844935s,1.3046792s,8.0511175s,2462,249,0
6.8908799s,1.311835s,7.5447311s,2461,249,0
7.4489258s,1.4977657s,100.2794ms,2471,249,0
6.3427178s,1.04443s,1.2072958s,2476,249,0
5.6363369s,1.3886504s,1.9136767s,2479,249,0
6.8474891s,1.4728682s,703.708ms,2480,249,0
7.051941s,1.3586055s,503.2508ms,2473,249,0
6.25215s,1.465117s,1.3059397s,2474,249,0
6.2077417s,1.4217356s,8.2513228s,2469,249,0
6.1159517s,1.4346048s,8.3542194s,2466,249,0
6.8789047s,1.3310663s,705.3436ms,2477,249,0
6.4207125s,1.2912831s,8.055225s,2467,249,0
5.7881331s,1.2294703s,1.8104139s,2472,249,0
6.0977603s,1.4760303s,1.5076563s,2478,249,0
6.755166s,1.3706345s,7.7456079s,2465,249,0
6.5688773s,1.1696819s,7.9478385s,2464,249,0
6.6660704s,1.0955008s,7.8506454s,2468,249,0
6.5286884s,1.3618179s,1.1046225s,2475,249,0
6.5798729s,1.2766568s,7.9443179s,2470,249,0
6.6806358s,1.3225233s,7.843555s,2463,249,0
6.1313335s,1.0472455s,6.8438913s,2488,250,0
6.2348648s,1.2282844s,100.8222ms,2496,250,0
6.0383582s,1.0158636s,6.9494214s,2485,250,0
6.6483009s,1.1583705s,6.3405834s,2483,250,0
6.5650626s,1.4085359s,6.4358657s,2490,250,0
5.7648416s,1.2415227s,7.2429237s,2489,250,0
6.1728706s,1.0307555s,6.8406488s,2481,250,0
6.1993708s,1.1263494s,201.2568ms,2494,250,0
6.304352s,1.2507605s,100.1265ms,2495,250,0
6.5244439s,1.0367729s,6.536893s,2482,250,0
6.0174406s,1.1089119s,7.0438963s,2487,250,0
6.42267s,1.1367862s,6.6386669s,2484,250,0
6.0168397s,1.2282844s,403.4343ms,2493,250,0
6.5305745s,1.211597s,6.5380004s,2486,250,0
6.55493s,1.2162351s,0s,2500,250,0
6.7332132s,1.2262672s,0s,2492,250,0
6.7907385s,1.1105289s,0s,2498,250,0
7.0009926s,1.2998965s,10.8658464s,2499,252,0
6.6771178s,1.360924s,4.1224612s,2502,252,0
6.9233011s,1.2767894s,10.965099s,2491,252,0
6.2088384s,1.0422949s,4.6282066s,2506,252,0
6.216597s,1.4209135s,4.6255547s,2503,252,0
6.9258081s,1.3778374s,3.9205944s,2501,252,0
6.1284766s,1.1545168s,4.7265761s,2505,252,0
6.0365661s,1.0470287s,4.820908s,2504,252,0
7.0667696s,1.4148246s,10.8579645s,2497,252,0
6.4585457s,1.3444394s,4.423395s,2507,252,0
5.8485948s,1.1607714s,5.0333459s,2508,252,0
6.8667045s,1.4312923s,4.0209921s,2509,252,0
5.5622137s,1.1622852s,5.3262895s,2510,252,0
6.0212792s,1.3437124s,10.3640102s,2514,254,0
6.1644515s,1.4869004s,3.1175835s,2528,254,0
6.4369626s,1.2676235s,9.9585751s,2517,254,0
6.6837074s,1.1825397s,2.6121028s,2524,254,0
5.6758869s,1.1574139s,3.6199233s,2522,254,0
6.2801797s,1.2464094s,3.0156305s,2530,254,0
6.6552067s,1.3566755s,9.758455s,2511,254,0
6.3591633s,1.4248627s,10.0625847s,2513,254,0
6.1990278s,1.4835679s,3.1163814s,2521,254,0
6.1645159s,1.1884901s,10.2615886s,2515,254,0
6.2871634s,1.0928542s,10.163198s,2512,254,0
6.7255265s,1.2927076s,2.6141396s,2529,254,0
6.4248205s,1.0674024s,2.9148456s,2527,254,0
6.499078s,1.1626809s,9.9588859s,2520,254,0
5.623422s,1.1936185s,3.7238466s,2525,254,0
6.5033417s,1.4067177s,9.9602119s,2519,254,0
6.2395634s,1.4934227s,3.1209819s,2523,254,0
7.1106953s,1.4326741s,9.3605453s,2518,254,0
6.9144574s,1.2786909s,9.5619902s,2516,254,0
6.9558269s,1.3173816s,2.4137641s,2526,254,0
6.1837049s,1.03161s,2.6145643s,2549,256,0
6.297379s,1.4974707s,2.5145736s,2548,256,0
6.3998885s,1.2426361s,2.4120641s,2541,256,0
6.8058314s,1.100816s,2.0125833s,2544,256,0
6.071711s,1.077515s,9.9607287s,2531,256,0
6.3276234s,1.1344639s,2.5141646s,2545,256,0
6.5903265s,1.2667434s,9.452262s,2534,256,0
7.0941206s,1.3019566s,8.9546085s,2532,256,0
7.2008005s,1.3461344s,8.8503473s,2537,256,0
6.0346764s,1.1213002s,2.8156709s,2543,256,0
6.4961819s,1.0405197s,9.5549659s,2538,256,0
6.6508396s,1.1625929s,2.2133168s,2550,256,0
5.5469849s,1.2539101s,3.3199999s,2542,256,0
6.052884s,1.155738s,2.8141008s,2547,256,0
5.7086716s,1.1509012s,10.3594594s,2539,256,0
6.4128075s,1.17855s,9.6553235s,2536,256,0
6.2126295s,1.1281416s,9.8555015s,2540,256,0
6.2074664s,1.3977285s,9.8606646s,2535,256,0
5.8764754s,1.3143755s,3.0176257s,2546,256,0
6.6411459s,1.1822188s,9.4563151s,2533,256,0
6.9560758s,1.1745649s,7.2435728s,2557,258,0
5.8638269s,1.0197521s,8.346867s,2559,258,0
6.3242576s,1.3934559s,904.7075ms,2563,258,0
5.8246129s,1.2076887s,1.408068s,2569,258,0
7.033341s,1.3586733s,201.374ms,2561,258,0
5.7802287s,1.0003527s,8.451084s,2554,258,0
5.7379149s,1.310616s,1.5082826s,2565,258,0
6.9897579s,1.3264666s,7.2466624s,2556,258,0
6.6478853s,1.2903524s,602.7975ms,2568,258,0
6.494411s,1.1745649s,7.7464946s,2560,258,0
6.6468317s,1.3363312s,603.8511ms,2562,258,0
6.4980386s,1.1786777s,7.7458595s,2555,258,0
6.6545689s,1.2394944s,603.1137ms,2566,258,0
6.405478s,1.2035395s,7.8493382s,2552,258,0
5.8583357s,1.1131249s,1.4062577s,2570,258,0
6.3620916s,1.4617437s,904.5197ms,2567,258,0
6.8655454s,1.27242s,402.787ms,2564,258,0
6.5170287s,1.1624231s,7.7483993s,2558,258,0
5.6268188s,1.2581318s,8.6491093s,2553,258,0
6.4447761s,1.1786777s,7.8430026s,2551,258,0
6.5276041s,1.1906275s,5.8317396s,2578,259,0
6.1232166s,1.0794405s,6.2361271s,2579,259,0
6.6436517s,1.4379211s,5.7328443s,2575,259,0
5.950664s,1.1870188s,6.440562s,2571,259,0
6.6606796s,1.0575504s,5.7337136s,2573,259,0
6.7705439s,1.3409484s,5.6367592s,2580,259,0
6.7741259s,1.3576119s,5.6355637s,2574,259,0
6.1916152s,1.3178378s,6.2355018s,2577,259,0
6.7014032s,1.2452946s,5.7368652s,2572,259,0
7.0065537s,1.336645s,5.4369054s,2576,259,0
5.7910967s,1.2767249s,0s,2581,259,0
6.1039939s,1.3767173s,5.4268942s,2591,261,0
6.1401281s,1.0339129s,12.4709403s,2583,261,0
7.059825s,1.4794584s,11.5643907s,2584,261,0
6.8387571s,1.3683984s,4.7252849s,2595,261,0
6.1556276s,1.179899s,12.4694853s,2588,261,0
5.9587364s,1.0339129s,12.6731432s,2589,261,0
6.2412447s,1.3168124s,5.3304612s,2594,261,0
6.5730577s,1.0065081s,12.0637002s,2590,261,0
6.1753428s,1.0865557s,12.4766958s,2582,261,0
6.2627515s,1.3725679s,5.3291134s,2598,261,0
6.0771437s,1.0766647s,12.5748949s,2585,261,0
5.7621595s,1.1144319s,5.8344121s,2596,261,0
6.2713125s,1.3988833s,5.3285325s,2593,261,0
5.993423s,1.4581763s,12.6682397s,2586,261,0
5.7740491s,1.4285803s,5.8340278s,2592,261,0
5.9968623s,1.2628394s,12.6713883s,2587,261,0
6.5888034s,1.2124638s,5.0276328s,2599,261,0
6.1846217s,1.3481762s,5.4318145s,2600,261,0
6.391829s,1.2395459s,5.2246072s,2597,261,0
5.6294933s,1.1164401s,4.7262107s,2612,263,0
5.8158691s,1.0233851s,11.1633832s,2602,263,0
6.6198945s,1.4762401s,10.3593578s,2605,263,0
6.5475894s,1.3504129s,3.8187673s,2618,263,0
6.3279332s,1.3484984s,10.658318s,2607,263,0
6.2395097s,1.0206856s,10.7660801s,2601,263,0
6.249548s,1.3656526s,10.765858s,2604,263,0
6.5752519s,1.2057788s,10.4567438s,2609,263,0
5.9916761s,1.0057213s,4.4236315s,2613,263,0
5.9735916s,1.1692514s,11.0636068s,2606,263,0
6.4982769s,1.4976985s,3.9207482s,2611,263,0
6.3993753s,1.0733447s,4.022849s,2614,263,0
6.6055252s,1.2637398s,3.8191952s,2617,263,0
6.5923864s,1.0654685s,10.4546829s,2603,263,0
5.7841091s,1.2673681s,11.2629602s,2608,263,0
5.5879308s,1.1955495s,11.4591385s,2610,263,0
6.5134236s,1.4685533s,3.9200596s,2616,263,0
7.1293596s,1.3570307s,3.3163583s,2615,263,0
6.1276895s,1.2825808s,4.323504s,2619,263,0
6.2298912s,1.3019498s,4.2213023s,2620,263,0
6.8408602s,1.3266228s,1.7091868s,2634,265,0
6.8648307s,1.4162091s,8.5519779s,2625,265,0
6.0422071s,1.0209891s,2.5153627s,2637,265,0
6.6539451s,1.3715717s,1.9084881s,2640,265,0
5.771699s,1.0906909s,9.6555649s,2623,265,0
6.5642407s,1.0847977s,2.0095532s,2636,265,0
6.6651054s,1.422205s,1.9086885s,2639,265,0
5.963426s,1.4102361s,2.6147114s,2631,265,0
5.487434s,1.0685036s,9.9571473s,2629,265,0
6.971656s,1.3510977s,1.6087788s,2638,265,0
6.4754722s,1.3123014s,2.1107701s,2635,265,0
6.6135225s,1.3903874s,8.8525112s,2627,265,0
6.6263027s,1.2407455s,8.8568627s,2621,265,0
6.91033s,1.2258054s,1.7116728s,2633,265,0
6.1435314s,1.3236594s,9.3525482s,2624,265,0
5.6435867s,1.1704531s,9.8524929s,2626,265,0
5.5147915s,1.1026657s,3.1164574s,2632,265,0
5.9536229s,1.082599s,9.5526951s,2622,265,0
6.1581619s,1.2192961s,9.3532392s,2630,265,0
6.6616221s,1.4173295s,8.849779s,2628,265,0
6.5233456s,1.2731831s,7.0482589s,2650,266,0
5.8762703s,1.3885079s,604.3942ms,2660,266,0
5.2863079s,1.0554357s,1.2075479s,2654,266,0
7.0486297s,1.4817871s,6.5428983s,2643,266,0
6.300211s,1.1209018s,201.0421ms,2658,266,0
6.0512975s,1.134191s,7.5467162s,2644,266,0
5.9548686s,1.3004329s,7.6431451s,2642,266,0
6.1056603s,1.2716657s,403.6512ms,2651,266,0
6.2621803s,1.1608566s,7.3403699s,2648,266,0
6.9609147s,1.4351929s,6.6416355s,2649,266,0
6.0084558s,1.3173741s,503.1544ms,2653,266,0
6.2568817s,1.3281625s,7.3456685s,2646,266,0
6.6671874s,1.4966103s,6.9440129s,2641,266,0
7.09094s,1.3294335s,6.541362s,2645,266,0
6.2945137s,1.1527142s,7.3419222s,2647,266,0
6.0606786s,1.1604674s,503.5671ms,2659,266,0
6.264009s,1.0575629s,301.0775ms,2656,266,0
6.5741673s,1.1536503s,0s,2652,266,0
6.6445985s,1.3127977s,0s,2655,266,0
6.9577223s,1.2496191s,0s,2657,266,0
6.2412455s,1.2149069s,6.6485786s,2669,268,0
5.7373966s,1.2268416s,201.6961ms,2680,268,0
6.9550127s,1.466401s,5.9397418s,2664,268,0
5.3368077s,1.0877723s,603.9405ms,2672,268,0
6.0580036s,1.0849692s,6.8412926s,2663,268,0
6.3597237s,1.2716627s,6.5395725s,2668,268,0
6.3714461s,1.140524s,6.5357291s,2666,268,0
5.3657377s,1.0145982s,7.5414375s,2670,268,0
4.9807381s,1.0269317s,7.9438648s,2665,268,0
6.503619s,1.0355238s,6.4399621s,2667,268,0
5.8995355s,1.095688s,7.0440456s,2661,268,0
6.9216224s,1.2626711s,6.0340007s,2662,268,0
6.2274747s,1.2039017s,0s,2673,268,0
6.3834246s,1.0072259s,0s,2675,268,0
6.4222462s,1.0516019s,0s,2676,268,0
6.629173s,1.347326s,11.6750938s,2674,270,0
6.7366618s,1.0415367s,11.5700023s,2679,270,0
6.3651012s,1.0296114s,4.8298881s,2681,270,0
6.0616537s,1.3811553s,5.1333356s,2686,270,0
6.8786417s,1.4695796s,4.3258829s,2690,270,0
6.7781864s,1.1916557s,4.4267373s,2687,270,0
6.7544052s,1.4925962s,11.5733748s,2677,270,0
6.9901003s,1.3382445s,4.2254149s,2683,270,0
6.868486s,1.4698056s,11.4741605s,2678,270,0
7.0995413s,1.3796312s,4.1267006s,2689,270,0
6.3030918s,1.1126973s,4.9328079s,2685,270,0
6.1171029s,1.0977368s,5.1328494s,2688,270,0
6.2260338s,1.4165965s,5.0318067s,2682,270,0
7.0353815s,1.3934668s,4.2258445s,2684,270,0
7.119039s,1.4487112s,11.2699369s,2671,270,0
5.8024156s,1.4164073s,11.1647061s,2691,272,0
6.0114464s,1.0377191s,10.9616854s,2698,272,0
6.7144178s,1.3613071s,10.258714s,2697,272,0
7.0248143s,1.1034315s,9.956858s,2695,272,0
6.1157197s,1.1465495s,10.8659526s,2696,272,0
6.1366664s,1.1142477s,3.8201916s,2709,272,0
6.3312873s,1.2785711s,10.6589256s,2699,272,0
6.0474879s,1.0484692s,3.9213582s,2710,272,0
6.7522547s,1.4490156s,3.2165914s,2701,272,0
6.058277s,1.4206346s,3.9202479s,2704,272,0
6.0647235s,1.3322951s,3.9205249s,2708,272,0
6.1490416s,1.3144148s,10.8650821s,2692,272,0
6.9745237s,1.4466659s,3.0179852s,2703,272,0
6.6597667s,1.1695682s,10.3599898s,2700,272,0
6.0576673s,1.0555637s,10.9620892s,2693,272,0
6.1963873s,1.1135901s,3.818525s,2702,272,0
6.3829482s,1.4605989s,10.6567784s,2694,272,0
6.5032386s,1.0846723s,3.5202893s,2705,272,0
7.0062507s,1.2765745s,3.0172772s,2707,272,0
6.2033081s,1.2276239s,3.8264007s,2706,272,0
6.1246216s,1.162206s,2.0147782s,2729,274,0
6.6554865s,1.2762662s,8.4545629s,2718,274,0
6.3345848s,1.4175639s,1.8131088s,2722,274,0
6.7659019s,1.060475s,8.3485414s,2717,274,0
6.9641436s,1.1177417s,8.1502997s,2719,274,0
5.857304s,1.3389809s,9.2571393s,2715,274,0
5.941602s,1.4547178s,2.2120184s,2724,274,0
6.3656791s,1.4903864s,8.75267s,2716,274,0
6.6681296s,1.1491215s,8.4502195s,2711,274,0
6.5440215s,1.2006401s,1.6095989s,2721,274,0
5.7662579s,1.0706371s,9.3602732s,2714,274,0
6.757328s,1.1946491s,1.410381s,2723,274,0
6.363117s,1.216742s,1.8083487s,2725,274,0
6.2695226s,1.2340477s,1.911403s,2727,274,0
6.090534s,1.23677s,2.1126938s,2728,274,0
5.6907204s,1.0155523s,2.5145287s,2730,274,0
6.5257178s,1.0695111s,8.6541461s,2713,274,0
6.630642s,1.4070434s,8.5549699s,2712,274,0
6.3340825s,1.4098307s,8.8515294s,2720,274,0
6.9171749s,1.3313247s,1.307997s,2726,274,0
6.4216106s,1.3345305s,805.4975ms,2744,276,0
6.4259765s,1.444554s,804.0281ms,2748,276,0
6.9234801s,1.4744208s,7.2476763s,2736,276,0
6.2230741s,1.2824472s,7.9518072s,2731,276,0
6.3505077s,1.2003855s,905.9744ms,2746,276,0
6.1325719s,1.1264074s,8.0473903s,2738,276,0
6.6382764s,1.2675898s,7.5520066s,2733,276,0
6.6598892s,1.136775s,7.5471789s,2732,276,0
6.3528553s,1.4523225s,7.8542128s,2737,276,0
5.6525537s,1.4135163s,8.5545144s,2740,276,0
6.2803874s,1.1271866s,1.0065932s,2750,276,0
6.0815453s,1.4602812s,1.2089538s,2745,276,0
6.7882816s,1.3736309s,503.6171ms,2741,276,0
6.3633516s,1.425871s,7.8520272s,2734,276,0
5.8685033s,1.0382446s,8.3548709s,2735,276,0
6.782851s,1.3264335s,7.4437946s,2739,276,0
6.9136164s,1.3507967s,402.0288ms,2743,276,0
5.507856s,1.0196146s,1.8083056s,2749,276,0
6.3105365s,1.1934531s,1.0056251s,2747,276,0
6.6146644s,1.3495368s,703.6832ms,2742,276,0
5.8504888s,1.0452646s,6.2381382s,2757,277,0
6.5542403s,1.4463188s,5.5370894s,2760,277,0
5.8558784s,1.1853743s,6.2411143s,2753,277,0
6.6872889s,1.3955635s,5.4399063s,2758,277,0
7.1033454s,1.4788517s,5.0288989s,2752,277,0
6.1970097s,1.4023073s,5.9352346s,2759,277,0
6.8199038s,1.4193513s,5.3317165s,2754,277,0
6.8373338s,1.4274415s,5.3307971s,2751,277,0
6.7415371s,1.4687325s,5.4327133s,2756,277,0
6.4374852s,1.4143454s,5.7367652s,2755,277,0
6.3661869s,1.253553s,11.1726162s,2763,279,0
5.7129281s,1.0577466s,4.7284405s,2779,279,0
6.924959s,1.3979161s,3.518754s,2773,279,0
6.123897s,1.4777109s,4.3229581s,2777,279,0
6.7869864s,1.3405946s,10.7618682s,2765,279,0
6.223855s,1.201765s,4.2230001s,2771,279,0
6.8984734s,1.1508642s,10.6682821s,2770,279,0
7.1019995s,1.3655674s,10.4661778s,2767,279,0
5.1394779s,1.2585965s,5.3324373s,2775,279,0
6.9127849s,1.4774698s,10.6644975s,2764,279,0
6.2593519s,1.2711156s,4.226444s,2778,279,0
5.9579262s,1.0607255s,4.5278697s,2780,279,0
6.3206814s,1.3733261s,11.2729199s,2761,279,0
6.2699772s,1.4457485s,4.2254053s,2774,279,0
5.9315739s,1.4960645s,11.6697954s,2768,279,0
7.0919073s,1.4006386s,3.420604s,2776,279,0
6.1405121s,1.3323123s,11.4761893s,2769,279,0
6.4457239s,1.3857916s,11.1709775s,2762,279,0
6.0408926s,1.3475665s,11.5758088s,2766,279,0
6.599115s,1.4204721s,3.9206804s,2772,279,0
5.7571874s,1.3042649s,3.7193444s,2794,281,0
6.5618479s,1.167636s,2.9146839s,2799,281,0
6.8934577s,1.2362422s,9.6554805s,2781,281,0
6.4980756s,1.0336024s,10.0632133s,2789,281,0
6.3748047s,1.0800033s,3.1170691s,2792,281,0
6.2940449s,1.2642783s,3.2138981s,2795,281,0
5.9913939s,1.2455983s,3.5165491s,2800,281,0
6.5029769s,1.4915284s,3.0142392s,2798,281,0
5.7162273s,1.2487077s,3.8246817s,2791,281,0
6.6335391s,1.1275594s,2.9170835s,2796,281,0
6.265254s,1.4185285s,10.3608317s,2787,281,0
6.2731424s,1.1565735s,10.3534553s,2782,281,0
5.6678809s,1.1503907s,10.9587168s,2790,281,0
6.2703381s,1.3673219s,10.3562596s,2788,281,0
7.0724064s,1.3171501s,9.5541913s,2784,281,0
6.5806585s,1.178088s,10.0553038s,2783,281,0
6.6508029s,1.0996273s,2.912753s,2797,281,0
6.4489589s,1.3028834s,3.114597s,2793,281,0
6.8871302s,1.4233794s,9.7549407s,2786,281,0
6.0849155s,1.3901585s,10.5571554s,2785,281,0
5.5315082s,1.2084737s,9.4600904s,2809,283,0
6.220543s,1.0045641s,1.6087283s,2811,283,0
5.8504198s,1.092306s,9.151757s,2808,283,0
6.6305107s,1.3985988s,1.2066384s,2818,283,0
6.3547768s,1.2848487s,8.657204s,2805,283,0
7.1650277s,1.4845846s,7.8469531s,2801,283,0
6.9589176s,1.2984725s,8.0530632s,2806,283,0
6.2650179s,1.1937704s,8.7498679s,2807,283,0
5.9407165s,1.2125901s,1.9091416s,2815,283,0
6.746883s,1.3272786s,1.1065512s,2814,283,0
6.4582539s,1.028333s,1.4071632s,2817,283,0
6.1553121s,1.0215872s,1.710105s,2819,283,0
5.8571576s,1.4296744s,2.0107364s,2820,283,0
5.8786307s,1.2454127s,9.154291s,2802,283,0
6.46386s,1.048986s,1.4067345s,2812,283,0
6.8836479s,1.3155587s,1.0067342s,2813,283,0
6.3905102s,1.2132718s,8.6648996s,2803,283,0
6.8074062s,1.2021325s,8.2558119s,2804,283,0
6.7955471s,1.3033112s,1.1055598s,2816,283,0
6.7220043s,1.3267365s,8.3481248s,2810,283,0
6.5150444s,1.3025871s,6.635157s,2827,284,0
6.5055988s,1.3455749s,6.6446026s,2824,284,0
5.9985867s,1.0933787s,201.0694ms,2836,284,0
6.2205364s,1.054457s,0s,2838,284,0
6.841452s,1.1268683s,6.3356133s,2823,284,0
6.1378353s,1.4696768s,100.4499ms,2837,284,0
6.9505453s,1.2522435s,6.2382852s,2828,284,0
6.2578067s,1.1620151s,0s,2834,284,0
6.0733652s,1.2771232s,7.1438295s,2826,284,0
6.2719487s,1.3536603s,0s,2832,284,0
6.4818434s,1.0145425s,6.7406506s,2822,284,0
5.4736764s,1.007771s,7.7488176s,2821,284,0
6.7800865s,1.1505321s,6.4424075s,2829,284,0
6.2758641s,1.2749441s,0s,2839,284,0
6.2896385s,1.3617737s,6.9462088s,2825,284,0
5.8936246s,1.1627602s,7.3448524s,2830,284,0
6.3330242s,1.4486862s,0s,2840,284,0
6.3789037s,1.1250786s,0s,2831,284,0
6.4865027s,1.3233174s,0s,2835,284,0
5.8593727s,1.181711s,6.8437615s,2850,286,0
6.0660472s,1.2976617s,6.6418301s,2843,286,0
6.2717283s,1.1936168s,6.4369589s,2849,286,0
6.7827126s,1.1778985s,5.938336s,2844,286,0
6.1025569s,1.0245047s,6.6422777s,2848,286,0
7.1175378s,1.29465s,5.6325417s,2841,286,0
5.5428597s,1.0540222s,100.6931ms,2853,286,0
6.6210245s,1.1000528s,6.1418s,2845,286,0
6.9272188s,1.3248492s,12.7794101s,2833,286,0
5.6430279s,1.2084082s,7.1501535s,2846,286,0
6.6600007s,1.4546199s,6.1374584s,2842,286,0
5.451722s,1.1695947s,7.346086s,2847,286,0
5.7041366s,1.0294561s,0s,2852,286,0
5.8031789s,1.0449589s,0s,2856,286,0
6.1215887s,1.0194926s,4.0252973s,2862,288,0
6.8289742s,1.2503811s,3.3218362s,2866,288,0
6.6782746s,1.4887s,10.5590047s,2859,288,0
6.2731209s,1.4585725s,10.9641584s,2854,288,0
7.0811245s,1.4666261s,10.1615836s,2860,288,0
5.9400366s,1.0798025s,4.2249163s,2863,288,0
6.7422894s,1.4175846s,3.4226635s,2868,288,0
6.4560501s,1.4823302s,3.7250894s,2870,288,0
6.0538103s,1.4655065s,4.1273292s,2869,288,0
6.601921s,1.464102s,10.6690304s,2857,288,0
6.0686821s,1.1203879s,4.1224588s,2865,288,0
6.3153829s,1.3031759s,10.9625932s,2851,288,0
6.4849775s,1.4744639s,3.7191617s,2861,288,0
6.5333555s,1.1946662s,10.7686166s,2858,288,0
5.8082134s,1.1234016s,4.4256802s,2864,288,0
6.4503411s,1.0941763s,10.8652183s,2855,288,0
6.8171836s,1.0236556s,3.4210377s,2867,288,0
6.3029799s,1.189758s,10.3644763s,2876,290,0
6.9081716s,1.4360692s,9.7592846s,2875,290,0
7.0561179s,1.1826685s,2.6138922s,2885,290,0
6.5550361s,1.4778083s,3.1152801s,2883,290,0
6.1089649s,1.1948179s,10.5666023s,2872,290,0
6.1053722s,1.359456s,10.570195s,2873,290,0
6.1226431s,1.3288423s,10.5627155s,2874,290,0
6.748798s,1.1965079s,9.9596082s,2878,290,0
6.2959586s,1.4654831s,3.4211679s,2882,290,0
6.0945163s,1.1087412s,3.6226102s,2887,290,0
6.3998957s,1.2171282s,3.3188973s,2886,290,0
5.3540505s,1.2256272s,11.3740715s,2871,290,0
6.7752324s,1.2479013s,9.9544373s,2880,290,0
6.51579s,1.0555876s,3.2198956s,2889,290,0
6.6134487s,1.335936s,3.1222369s,2890,290,0
6.3182688s,1.1832384s,3.4226967s,2881,290,0
6.6293943s,1.4896976s,3.1165016s,2884,290,0
5.9294044s,1.0726337s,3.8203211s,2888,290,0
6.1835866s,1.4776758s,10.5716944s,2877,290,0
7.0006496s,1.388633s,9.7577985s,2879,290,0
6.2848808s,1.3944639s,804.8864ms,2908,291,0
6.7939982s,1.2814983s,302.3206ms,2904,291,0
6.5928041s,1.1304942s,503.5147ms,2907,291,0
6.4999875s,1.3627145s,604.4392ms,2902,291,0
5.9870544s,1.0001785s,8.2490505s,2898,291,0
6.9886517s,1.4668283s,7.2474532s,2895,291,0
6.7929549s,1.373838s,7.4471227s,2896,291,0
6.2238299s,1.0654303s,905.98ms,2909,291,0
6.4266625s,1.1834776s,704.8175ms,2905,291,0
6.6210982s,1.0127621s,7.642793s,2893,291,0
6.2169483s,1.4404206s,8.0469429s,2900,291,0
7.0248018s,1.2578505s,7.2390894s,2891,291,0
7.1185414s,1.4966252s,7.1453498s,2894,291,0
7.1298504s,1.4537122s,7.14039s,2897,291,0
5.8413947s,1.1672563s,1.3104216s,2906,291,0
6.1519559s,1.2870145s,8.1496807s,2899,291,0
6.0609218s,1.24763s,1.1102596s,2901,291,0
6.1532028s,1.3766208s,8.1512625s,2892,291,0
6.5773774s,1.2405679s,604.6605ms,2910,291,0
7.1848541s,1.4047712s,0s,2903,291,0
5.77593s,1.0198083s,5.8368898s,2912,293,0
5.6894135s,1.3286864s,5.9374544s,2911,293,0
5.4883214s,1.0056942s,6.1385465s,2916,293,0
6.8165717s,1.4139187s,4.8290967s,2919,293,0
6.2188232s,1.3793583s,5.4337967s,2914,293,0
6.8460077s,1.4265714s,4.8300981s,2915,293,0
6.3414939s,1.1703564s,5.3346119s,2917,293,0
5.2326022s,1.2595648s,6.4435036s,2920,293,0
5.952591s,1.2235947s,5.7396656s,2913,293,0
6.766061s,1.3183264s,4.9316481s,2918,293,0
6.1782751s,1.1119545s,11.1665611s,2923,295,0
5.778746s,1.0832417s,11.5716719s,2922,295,0
6.2878479s,1.1978442s,4.3289413s,2933,295,0
5.9918799s,1.2524132s,4.6283738s,2935,295,0
6.3984193s,1.1235532s,4.2311986s,2937,295,0
6.2927126s,1.3013812s,11.0713504s,2929,295,0
6.603723s,1.2743652s,4.0274706s,2931,295,0
6.1078836s,1.2745037s,11.2736607s,2925,295,0
6.0109739s,1.2608711s,11.3705704s,2930,295,0
6.7344451s,1.2364806s,10.661948s,2928,295,0
5.7321807s,1.0314308s,11.6726706s,2926,295,0
6.1452415s,1.2869333s,11.266914s,2921,295,0
6.1520127s,1.1148559s,4.529505s,2939,295,0
5.5580522s,1.2395095s,5.1279964s,2932,295,0
6.6614143s,1.4486459s,4.0246343s,2936,295,0
5.9522812s,1.1107387s,11.4690985s,2924,295,0
6.5716833s,1.18756s,4.1224943s,2940,295,0
6.1622579s,1.435694s,11.2663648s,2927,295,0
6.2701533s,1.1967562s,4.4240243s,2934,295,0
6.5783979s,1.3997505s,4.1230471s,2938,295,0
5.8051284s,1.0357687s,2.7169098s,2956,297,0
6.3167761s,1.0778305s,2.2126882s,2955,297,0
6.3560156s,1.044862s,9.4569996s,2946,297,0
6.3653722s,1.0501933s,9.4568512s,2950,297,0
6.3671813s,1.2064964s,9.4550421s,2941,297,0
6.3688461s,1.2151459s,9.4553824s,2949,297,0
7.278829s,1.4594884s,8.5476013s,2945,297,0
6.0754929s,1.2726847s,9.7630874s,2948,297,0
6.4836532s,1.3015501s,9.3560612s,2947,297,0
6.9580576s,1.2935615s,1.6093698s,2954,297,0
6.3914053s,1.1136576s,9.4573014s,2943,297,0
6.2549018s,1.1548938s,2.3149759s,2960,297,0
6.193067s,1.0296005s,9.6594178s,2942,297,0
6.5678384s,1.1842328s,2.0114345s,2952,297,0
6.36972s,1.3634626s,2.2111061s,2951,297,0
6.4759185s,1.3527035s,2.1132011s,2958,297,0
6.1785172s,1.3155656s,2.411691s,2953,297,0
6.9860458s,1.4392224s,1.608095s,2959,297,0
7.0858123s,1.2145514s,1.5083285s,2957,297,0
6.3206787s,1.1503845s,9.5565779s,2944,297,0
6.7055887s,1.0196674s,8.2524405s,2970,299,0
6.3600257s,1.3077672s,1.307848s,2973,299,0
6.4632153s,1.0847469s,1.2067385s,2974,299,0
6.1146331s,1.3437513s,8.8488328s,2962,299,0
6.7773524s,1.4575982s,904.8145ms,2975,299,0
6.0746457s,1.0858005s,1.6079452s,2979,299,0
5.7232972s,1.369554s,9.2574601s,2964,299,0
6.2373882s,1.0410253s,8.7558227s,2965,299,0
6.2008241s,1.1613542s,1.506886s,2976,299,0
6.6113983s,1.4094209s,1.1052147s,2980,299,0
6.4218435s,1.2098149s,1.3072819s,2971,299,0
6.3749488s,1.3048857s,8.6568351s,2967,299,0
7.2901555s,1.4984841s,7.7433626s,2963,299,0
6.3867105s,1.3145731s,8.6468076s,2968,299,0
7.043984s,1.4458718s,703.9795ms,2972,299,0
6.4881277s,1.3556789s,8.5499913s,2966,299,0
5.8430649s,1.0037056s,1.9131s,2978,299,0
6.59975s,1.3716811s,8.4531724s,2969,299,0
6.4017403s,1.22062s,8.6528573s,2961,299,0
6.9599872s,1.4348702s,804.4549ms,2977,299,0
5.949757s,1.4241464s,201.0508ms,2995,300,0
5.9515113s,1.0967154s,201.3578ms,2994,300,0
6.5042109s,1.2519492s,6.6407864s,2986,300,0
6.9129109s,1.099706s,6.2372465s,2988,300,0
6.6140729s,1.1876967s,6.5360845s,2981,300,0
6.5169871s,1.1203983s,6.6411383s,2984,300,0
6.1843286s,1.2559145s,0s,2991,300,0
6.6279522s,1.3417304s,6.5421738s,2987,300,0
6.9305876s,1.3334405s,6.2395384s,2982,300,0
6.2035566s,1.1356701s,0s,2998,300,0
6.2109234s,1.4443059s,0s,2999,300,0
6.8639653s,1.1116095s,6.3397317s,2990,300,0
5.7656303s,1.0335945s,7.4417464s,2985,300,0
6.9851648s,1.4848155s,6.2333185s,2989,300,0
5.9758304s,1.3594823s,7.2430443s,2983,300,0
6.4385397s,1.1299451s,0s,3000,300,0
6.5808515s,1.4405826s,0s,2996,300,0
6.5688855s,1.3293502s,6.1417171s,3005,302,0
6.170018s,1.2697002s,6.5437219s,3008,302,0
6.7792952s,1.3405122s,5.9382115s,3010,302,0
6.6608214s,1.4918015s,13.182061s,2993,302,0
6.6916025s,1.4327255s,6.0389763s,3001,302,0
7.0050951s,1.2034644s,5.7322617s,3003,302,0
5.9968561s,1.4154733s,6.7405007s,3007,302,0
6.1161307s,1.323761s,6.6378299s,3009,302,0
6.9281823s,1.4895902s,5.8381606s,3002,302,0
7.0118594s,1.2448716s,12.8782355s,2997,302,0
5.5729805s,1.1956452s,201.8452ms,3012,302,0
6.0378678s,1.001824s,6.7435382s,3006,302,0
6.8448538s,1.0674687s,5.9365522s,3004,302,0
7.1187171s,1.2944608s,12.781406s,2992,302,0
6.4656047s,1.3931756s,11.8749976s,3011,304,0
5.8811875s,1.1376069s,5.1310446s,3021,304,0
6.2905074s,1.4276958s,4.7273685s,3028,304,0
6.3928604s,1.1750451s,4.6266261s,3025,304,0
6.7044678s,1.324881s,4.3246991s,3029,304,0
6.7963505s,1.4489535s,11.5731615s,3019,304,0
6.8958718s,1.3165021s,11.4736402s,3014,304,0
6.3930754s,1.1084865s,11.9764366s,3016,304,0
6.7009745s,1.4350408s,11.6685375s,3020,304,0
5.7106132s,1.4457589s,5.3331676s,3024,304,0
6.5429827s,1.3195461s,4.524098s,3023,304,0
6.2389016s,1.3305952s,4.8281791s,3030,304,0
5.9435436s,1.0551599s,5.1297336s,3027,304,0
7.3315187s,1.4460593s,11.0736784s,3013,304,0
6.2298371s,1.0057139s,12.1772047s,3017,304,0
6.6336897s,1.0303684s,11.7733521s,3018,304,0
6.5551651s,1.0217172s,4.5276249s,3022,304,0
6.2580795s,1.145636s,4.8291863s,3026,304,0
6.6509012s,1.3723407s,11.7682845s,3015,304,0
5.8788545s,1.2308803s,4.428414s,3041,306,0
6.3907501s,1.3799588s,3.9259023s,3047,306,0
6.6104031s,1.2860845s,10.6657324s,3040,306,0
6.0914708s,1.1315516s,4.2282238s,3043,306,0
6.7169589s,1.3564572s,10.5645754s,3033,306,0
5.7974695s,1.0305401s,4.5245817s,3049,306,0
6.4094716s,1.3729599s,3.922729s,3042,306,0
6.9407712s,1.2567644s,10.3625709s,3037,306,0
6.2352352s,1.3677917s,11.0681069s,3035,306,0
6.8268641s,1.054654s,3.5244115s,3045,306,0
6.6464843s,1.2225519s,10.6668113s,3031,306,0
6.2480563s,1.4679146s,11.0678548s,3032,306,0
6.4386452s,1.4034483s,3.9230601s,3046,306,0
5.9383405s,1.4877426s,4.429534s,3048,306,0
6.455434s,1.3616041s,10.8719236s,3036,306,0
6.9594831s,1.3593312s,10.3678745s,3034,306,0
6.0655591s,1.3603499s,11.2652655s,3038,306,0
6.3568151s,1.261709s,4.0220498s,3050,306,0
6.5590766s,1.2405713s,3.8244248s,3044,306,0
6.1854026s,1.126885s,11.1672785s,3039,306,0
6.6819211s,1.276644s,9.1563548s,3057,308,0
6.799788s,1.0471384s,9.0600574s,3052,308,0
6.4049895s,1.2716087s,9.4586423s,3056,308,0
6.4083102s,1.4158066s,9.4641452s,3060,308,0
6.3205164s,1.3695639s,9.558298s,3058,308,0
6.8244165s,1.4067604s,9.0648062s,3053,308,0
6.8321867s,1.3976114s,9.057036s,3055,308,0
6.1403143s,1.4645523s,2.9182443s,3062,308,0
5.7385725s,1.0212898s,3.3226454s,3068,308,0
5.7379256s,1.1969411s,3.3232923s,3064,308,0
6.2459264s,1.1192606s,2.8167267s,3063,308,0
6.5358889s,1.4940244s,9.3636774s,3059,308,0
5.7484251s,1.3068325s,3.3203661s,3066,308,0
6.1561747s,1.1404845s,2.9200469s,3069,308,0
6.3603229s,1.3078233s,9.5518437s,3054,308,0
6.4657053s,1.0236074s,2.6142746s,3067,308,0
5.8609224s,1.1044124s,10.0598833s,3051,308,0
5.7727644s,1.2081592s,3.3235571s,3065,308,0
6.1816504s,1.1473368s,2.9195349s,3070,308,0
6.4861772s,1.3424534s,2.61812s,3061,308,0
6.2766365s,1.3045466s,9.3574063s,3072,310,0
6.5646806s,1.4660476s,2.0130986s,3087,310,0
6.4723464s,1.4515532s,2.1137032s,3082,310,0
6.784269s,1.490788s,8.8580442s,3073,310,0
6.5748155s,1.2693215s,2.0112341s,3085,310,0
5.975391s,1.3969504s,2.6147136s,3089,310,0
6.3828319s,1.4809269s,2.2128012s,3084,310,0
5.6957761s,1.1920124s,2.9174799s,3090,310,0
6.0153221s,1.0322449s,9.6570149s,3076,310,0
6.6025184s,1.0169474s,2.013555s,3086,310,0
7.0144634s,1.4515532s,1.6097677s,3083,310,0
6.8311503s,1.4519707s,8.8629157s,3071,310,0
6.5412149s,1.0823423s,9.1576206s,3080,310,0
6.4520857s,1.4587065s,9.2467498s,3079,310,0
7.0559399s,1.2629433s,8.6425719s,3074,310,0
6.9499833s,1.4658652s,8.7488522s,3077,310,0
6.0396384s,1.2807627s,9.6591971s,3078,310,0
5.9506465s,1.188691s,9.7578882s,3075,310,0
6.1510302s,1.0895839s,2.5137185s,3081,310,0
6.8580735s,1.493656s,1.8111636s,3088,310,0
6.4676388s,1.3972035s,7.6457196s,3095,312,0
6.1597175s,1.1943841s,1.0075627s,3101,312,0
6.3718611s,1.3127098s,7.7530332s,3098,312,0
6.179354s,1.2414227s,7.9489045s,3093,312,0
6.7818172s,1.4361686s,402.5528ms,3102,312,0
5.987813s,1.276719s,8.1489119s,3094,312,0
6.8003472s,1.4347496s,7.3436525s,3099,312,0
6.6986238s,1.1727645s,7.4453759s,3092,312,0
6.9058998s,1.430698s,7.2446055s,3097,312,0
6.0962114s,1.0725881s,1.1065761s,3109,312,0
5.30577s,1.0059473s,8.8551185s,3091,312,0
6.0206344s,1.102711s,8.1491465s,3100,312,0
6.3123721s,1.2927738s,905.0539ms,3110,312,0
6.5236756s,1.3379744s,704.491ms,3106,312,0
6.3224484s,1.4677423s,905.7182ms,3107,312,0
6.6285219s,1.1778853s,603.595ms,3108,312,0
6.1265552s,1.3625619s,1.1080277s,3105,312,0
6.334039s,1.3937447s,906.0614ms,3103,312,0
6.3437581s,1.0062939s,904.9172ms,3104,312,0
6.9523549s,1.2328078s,7.2486753s,3096,312,0
7.1927144s,1.3865948s,5.4341132s,3112,313,0
6.2879571s,1.2726585s,6.339216s,3119,313,0
5.896329s,1.3964818s,6.739816s,3114,313,0
6.0928852s,1.1856024s,6.5432598s,3120,313,0
6.7229181s,1.4044838s,5.9357759s,3116,313,0
6.6302953s,1.2347656s,6.0409758s,3113,313,0
6.1320035s,1.0237685s,6.5398199s,3115,313,0
6.2461802s,1.2835651s,6.4374572s,3117,313,0
6.1453881s,1.0817372s,6.5382493s,3111,313,0
6.1643903s,1.4925216s,6.5429892s,3118,313,0
5.8022506s,1.1289258s,0s,3123,313,0
5.94744s,1.4068045s,5.4377223s,3135,315,0
6.2969136s,1.4703103s,11.9751245s,3122,315,0
6.1775326s,1.3384687s,5.2305237s,3133,315,0
6.0014664s,1.387736s,12.273532s,3130,315,0
6.7193385s,1.4155744s,11.5728554s,3129,315,0
7.0105844s,1.3016302s,4.4276062s,3140,315,0
6.7116212s,1.128762s,4.7268867s,3139,315,0
6.2475204s,1.2717037s,12.0739843s,3124,315,0
5.5255392s,1.0497923s,5.9339597s,3136,315,0
6.331456s,1.1446089s,5.1280429s,3131,315,0
6.7353951s,1.2893612s,4.7302238s,3138,315,0
6.6534137s,1.4776272s,11.6758177s,3121,315,0
6.4663326s,1.3630587s,11.8696814s,3126,315,0
6.3687322s,1.3242752s,11.9672818s,3127,315,0
6.8639818s,1.476875s,11.4720322s,3128,315,0
6.5682653s,1.0327876s,11.7677487s,3125,315,0
6.6461499s,1.1718398s,4.827577s,3137,315,0
6.5509724s,1.4891196s,4.9275143s,3134,315,0
6.5509724s,1.4495962s,4.9296806s,3132,315,0
7.1902363s,1.4809586s,8.7588973s,3143,317,0
5.3766443s,1.0048152s,10.5724893s,3145,317,0
6.091369s,1.0487892s,9.8577646s,3141,317,0
6.7603109s,1.4906917s,2.0123193s,3156,317,0
6.1607884s,1.1478742s,2.6118418s,3152,317,0
5.7002068s,1.1017685s,10.2629804s,3147,317,0
6.4655709s,1.492956s,2.3136443s,3151,317,0
6.8709552s,1.3748054s,1.9114899s,3158,317,0
6.9182558s,1.4566911s,9.0602172s,3148,317,0
5.874581s,1.1135684s,2.9176384s,3154,317,0
6.6288385s,1.3814809s,9.3569939s,3146,317,0
6.7847767s,1.3325776s,2.0104987s,3155,317,0
6.8346974s,1.1923607s,9.1619063s,3150,317,0
5.9864485s,1.1418112s,2.8195982s,3157,317,0
6.7441374s,1.1945898s,9.2585185s,3144,317,0
6.7096586s,1.4086393s,2.1135262s,3153,317,0
6.1573976s,1.4245416s,9.8633668s,3149,317,0
7.1251676s,1.3061136s,1.7104837s,3159,317,0
6.3249335s,1.0175785s,2.5167032s,3160,317,0
5.7647943s,1.0614479s,10.2673994s,3142,317,0
6.1355367s,1.308269s,1.5096194s,3172,319,0
5.8036764s,1.2586901s,8.5513355s,3166,319,0
6.7098558s,1.4153189s,7.6451561s,3164,319,0
6.2417864s,1.3154104s,1.4095332s,3179,319,0
6.6175321s,1.3436865s,7.7503925s,3162,319,0
6.4193992s,1.4183968s,7.9485254s,3170,319,0
5.6132056s,1.0780769s,8.754719s,3167,319,0
6.4595532s,1.1519968s,1.2061253s,3177,319,0
6.5266157s,1.2615061s,7.8489186s,3163,319,0
6.3621297s,1.1445397s,1.3084422s,3173,319,0
6.8740113s,1.064763s,806.0607ms,3178,319,0
6.979098s,1.4399343s,705.4408ms,3174,319,0
6.2947183s,1.4616861s,1.4083407s,3176,319,0
6.2599885s,1.0116945s,8.1529263s,3169,319,0
6.4771991s,1.0418453s,7.9514217s,3161,319,0
6.2808409s,1.0666178s,8.1494723s,3168,319,0
5.6786995s,1.0815449s,8.7565344s,3165,319,0
6.5175404s,1.1022479s,1.2078377s,3175,319,0
6.6204328s,1.209488s,1.1078014s,3180,319,0
7.0338908s,1.4888217s,704.0886ms,3171,319,0
7.0150135s,1.2416521s,5.340045s,3184,320,0
6.9148081s,1.4828563s,5.4402504s,3182,320,0
6.2241727s,1.2606098s,6.1374472s,3186,320,0
6.7254527s,1.458585s,5.6361672s,3181,320,0
6.4430627s,1.1276779s,5.9411925s,3189,320,0
6.9547743s,1.4164975s,5.4366052s,3185,320,0
6.4512374s,1.1132592s,5.9401421s,3187,320,0
6.157626s,1.0332747s,6.2419488s,3183,320,0
7.1789765s,1.3490738s,5.2376058s,3190,320,0
7.1134271s,1.4037959s,5.3315775s,3188,320,0
6.2009785s,1.0174527s,12.0772321s,3198,322,0
6.1041543s,1.3042107s,12.1740563s,3194,322,0
7.0532504s,1.2196489s,4.2271042s,3202,322,0
6.7586595s,1.2292393s,4.529107s,3204,322,0
6.3662994s,1.0866874s,4.9264484s,3203,322,0
6.7696148s,1.2767269s,4.523133s,3207,322,0
6.5687639s,1.3537175s,4.7309952s,3208,322,0
6.1705304s,1.3623426s,5.1307063s,3206,322,0
6.0351297s,1.3307323s,12.2747023s,3197,322,0
6.0773517s,1.3266299s,5.2328437s,3205,322,0
6.1332372s,1.2583207s,12.1770921s,3195,322,0
6.6408447s,1.367557s,11.6694846s,3196,322,0
6.2924923s,1.3495169s,5.0281085s,3201,322,0
5.753446s,1.0438609s,12.5749797s,3191,322,0
5.9558606s,1.127563s,12.3725651s,3200,322,0
6.1671794s,1.1653706s,12.1697177s,3199,322,0
6.308088s,1.2510898s,5.0306494s,3209,322,0
6.7777363s,1.3387066s,11.5643166s,3193,322,0
6.2281521s,1.2852855s,5.1318174s,3210,322,0
6.9992887s,1.3566207s,11.3730967s,3192,322,0
6.653661s,1.1409241s,10.8669806s,3211,324,0
6.8520813s,1.3575849s,10.6685603s,3216,324,0
6.5548021s,1.3407558s,10.9658395s,3217,324,0
5.5641334s,1.1130546s,4.5279098s,3225,324,0
6.5811329s,1.2085669s,3.5224561s,3228,324,0
7.0906568s,1.45773s,3.0173342s,3223,324,0
6.7755958s,1.4125857s,10.7662267s,3220,324,0
6.4792782s,1.3525056s,11.0670521s,3215,324,0
6.1975161s,1.2827806s,3.9235711s,3230,324,0
6.1003949s,1.0609632s,4.0206923s,3221,324,0
6.9178892s,1.3794454s,3.2153989s,3224,324,0
6.3083915s,1.251647s,11.2624994s,3214,324,0
6.5051098s,1.3054772s,11.0657811s,3218,324,0
6.8257136s,1.356263s,3.3182798s,3222,324,0
7.4296153s,1.490492s,10.1592935s,3212,324,0
6.3257043s,1.0744859s,11.2654817s,3219,324,0
6.2275195s,1.2834019s,11.3715728s,3213,324,0
5.8515127s,1.0217796s,4.3264763s,3227,324,0
6.9636947s,1.4377331s,3.21727s,3226,324,0
6.057877s,1.0342286s,4.1230877s,3229,324,0
5.7054797s,1.026727s,8.6496455s,3232,326,0
6.192472s,1.2057385s,1.2068623s,3241,326,0
6.2116328s,1.1232597s,8.1529395s,3239,326,0
5.7963746s,1.0846279s,1.6091361s,3244,326,0
5.820972s,1.0149251s,8.5478321s,3233,326,0
6.4225198s,1.1572277s,7.9462843s,3235,326,0
6.4238387s,1.3650443s,1.0050262s,3247,326,0
6.0343313s,1.0254221s,1.4098679s,3243,326,0
6.8607495s,1.3320217s,7.5452449s,3234,326,0
6.9594268s,1.4441235s,7.4462354s,3237,326,0
6.3620471s,1.3117967s,8.0486461s,3238,326,0
5.7385176s,1.1084947s,1.7124166s,3249,326,0
6.6610504s,1.4183107s,804.3191ms,3246,326,0
6.6673577s,1.4859412s,804.7448ms,3242,326,0
6.8685541s,1.4264353s,603.5484ms,3250,326,0
6.2860288s,1.0894633s,8.1498256s,3240,326,0
5.78189s,1.1636929s,8.6539644s,3231,326,0
6.2824819s,1.2426094s,8.1537129s,3236,326,0
6.3854845s,1.1562393s,1.1054573s,3248,326,0
6.3854845s,1.1317218s,1.1054573s,3245,326,0
6.4980304s,1.1387748s,5.7311665s,3259,327,0
6.102584s,1.1318758s,6.1387683s,3257,327,0
6.7142975s,1.4884446s,5.5357305s,3255,327,0
6.8166659s,1.2796701s,5.4345237s,3251,327,0
6.3187271s,1.347701s,5.9403788s,3252,327,0
6.330618s,1.347701s,5.9330497s,3260,327,0
5.6337697s,1.1025741s,6.6426677s,3253,327,0
6.0553435s,1.0012658s,6.2363283s,3258,327,0
6.2655081s,1.1477163s,6.029322s,3254,327,0
6.7679967s,1.4879409s,5.5268334s,3256,327,0
5.8747466s,1.3650351s,0s,3270,327,0
6.6492333s,1.1622696s,5.3318419s,3274,329,0
6.4538308s,1.2113893s,5.5298133s,3280,329,0
6.356596s,1.4907583s,5.6315149s,3278,329,0
6.4627836s,1.1834116s,5.5366498s,3273,329,0
6.4950794s,1.0442955s,12.2697615s,3261,329,0
6.3852927s,1.4443404s,12.3795482s,3264,329,0
6.3962783s,1.3960825s,5.635104s,3275,329,0
6.2206404s,1.2049512s,12.5792564s,3268,329,0
5.9286721s,1.0747186s,12.8797773s,3269,329,0
6.4137179s,1.2729597s,5.6339246s,3272,329,0
6.4276856s,1.4251481s,12.3807638s,3262,329,0
6.0165672s,1.0280304s,6.0379258s,3271,329,0
6.3346333s,1.1422636s,12.4806666s,3265,329,0
7.1220297s,1.1834116s,4.9321248s,3279,329,0
6.7243603s,1.4175215s,5.3301327s,3276,329,0
6.7243603s,1.1579472s,5.3301327s,3277,329,0
6.7608069s,1.3547247s,12.0701953s,3266,329,0
5.950026s,1.3699121s,12.8809762s,3263,329,0
6.0653609s,1.4289903s,12.7729255s,3267,329,0
6.8616958s,1.4091005s,2.9164516s,3292,331,0
6.2342795s,1.2657507s,10.5664587s,3288,331,0
6.8698743s,1.49271s,2.9182476s,3291,331,0
5.8651663s,1.3818672s,3.9229556s,3294,331,0
6.8424942s,1.1674813s,9.9596633s,3290,331,0
5.8781167s,1.102642s,3.9222269s,3295,331,0
6.2607935s,1.4335759s,10.561393s,3287,331,0
6.5643223s,1.3942921s,10.2578642s,3281,331,0
6.5562406s,1.0274809s,10.2659459s,3283,331,0
6.0666163s,1.2867676s,10.7683565s,3284,331,0
5.8999842s,1.3772886s,3.9223723s,3300,331,0
6.1122903s,1.4285235s,3.7192756s,3299,331,0
6.413337s,1.2203799s,3.4182289s,3296,331,0
6.1861772s,1.1435674s,10.6683154s,3285,331,0
6.789341s,1.0871983s,10.0651516s,3289,331,0
6.2225482s,1.3573792s,3.621034s,3297,331,0
6.0211443s,1.0598469s,3.8224379s,3293,331,0
6.4014195s,1.0616494s,10.4629228s,3282,331,0
7.0126163s,1.3377035s,9.8600778s,3286,331,0
6.4423085s,1.4988241s,3.4202746s,3298,331,0
6.1254176s,1.4263804s,2.3141633s,3311,333,0
6.9294446s,1.4833369s,1.5101363s,3319,333,0
6.6640759s,1.2545153s,8.6570863s,3305,333,0
6.8758397s,1.1148377s,8.4560371s,3306,333,0
6.2475193s,1.1313111s,2.2135615s,3313,333,0
6.7921375s,1.0530715s,8.5572088s,3302,333,0
6.4955661s,1.2846479s,8.8537802s,3303,333,0
6.3976092s,1.0447162s,8.9603375s,3308,333,0
6.8738926s,1.3406157s,1.612515s,3314,333,0
6.6194112s,1.1344071s,8.7521042s,3309,333,0
6.2866667s,1.278385s,2.2130381s,3316,333,0
6.5919007s,1.0523528s,1.9106897s,3320,333,0
6.0246851s,1.0081604s,9.3599612s,3304,333,0
6.1281248s,1.2366876s,9.2590783s,3310,333,0
6.5332765s,1.3216609s,8.8539266s,3307,333,0
6.6391083s,1.1947628s,8.7497788s,3301,333,0
6.8042681s,1.3345287s,1.7109843s,3312,333,0
6.2033017s,1.0777706s,2.3157344s,3315,333,0
6.1083381s,1.2353588s,2.4145966s,3318,333,0
6.7127585s,1.3536096s,1.8128986s,3317,333,0
6.5027934s,1.278602s,1.2082385s,3337,335,0
6.2164856s,1.1885126s,8.2521197s,3327,335,0
5.8236196s,1.0022219s,1.9083909s,3331,335,0
6.9390244s,1.3354257s,805.8012ms,3332,335,0
6.7489581s,1.472398s,7.7478846s,3329,335,0
6.1443473s,1.2448934s,8.3524954s,3322,335,0
6.6550067s,1.2543557s,7.8490436s,3330,335,0
6.2514967s,1.4403081s,8.2525536s,3321,335,0
6.8511882s,1.4727029s,905.5668ms,3338,335,0
6.5523397s,1.4614645s,1.2060067s,3340,335,0
6.559721s,1.2793151s,7.9516486s,3328,335,0
6.4632965s,1.4974239s,8.0508149s,3324,335,0
6.2613132s,1.4304303s,1.509763s,3339,335,0
6.370494s,1.0887506s,1.4083357s,3334,335,0
6.3805319s,1.312634s,8.1511378s,3323,335,0
6.8822231s,1.2853459s,904.7023ms,3336,335,0
6.7882569s,1.2388381s,1.004358s,3333,335,0
5.4799094s,1.3046049s,9.0616636s,3326,335,0
5.7881014s,1.1235802s,8.7572993s,3325,335,0
6.3916787s,1.2538507s,1.4077249s,3335,335,0
6.1193656s,1.1140055s,6.5411148s,3350,336,0
5.8239397s,1.0620303s,6.8404051s,3345,336,0
6.9262765s,1.3789045s,5.7380683s,3346,336,0
5.9296592s,1.0317112s,6.7402236s,3341,336,0
6.1631665s,1.0287055s,6.5359858s,3343,336,0
5.9642156s,1.2086351s,6.7377553s,3342,336,0
5.8652389s,1.3934598s,6.8370385s,3344,336,0
6.0892412s,1.0246934s,6.6431203s,3348,336,0
6.5026073s,1.470549s,6.2352001s,3347,336,0
5.7042179s,1.092674s,7.0407741s,3349,336,0
5.9485568s,1.4240341s,0s,3359,336,0
6.0580323s,1.1641525s,0s,3360,336,0
6.095672s,1.0032977s,0s,3358,336,0
6.133565s,1.005092s,0s,3357,336,0
6.1603712s,1.0467896s,0s,3356,336,0
6.6157334s,1.0823268s,11.4688383s,3355,338,0
6.4740738s,1.3324587s,4.9307013s,3364,338,0
5.9845058s,1.0828195s,5.4329207s,3362,338,0
6.2968274s,1.4256659s,5.1345041s,3361,338,0
6.2500925s,1.3901829s,11.8674351s,3354,338,0
6.7080955s,1.4028778s,4.7268418s,3369,338,0
6.5683517s,1.1604864s,11.5682207s,3353,338,0
6.2262666s,1.2862829s,5.2282396s,3366,338,0
5.826744s,1.0956425s,5.6277622s,3368,338,0
5.934449s,1.1787733s,5.5337852s,3367,338,0
6.6825903s,1.1075417s,11.4682342s,3352,338,0
6.4308362s,1.1396116s,5.0379071s,3365,338,0
6.3391889s,1.3434652s,5.1335236s,3370,338,0
6.4984574s,1.1128541s,11.6713614s,3351,338,0
6.4659423s,1.3559265s,5.0326467s,3363,338,0
6.5325957s,1.2596882s,11.5745836s,3374,340,0
6.9507746s,1.3819917s,11.1674961s,3371,340,0
6.4459298s,1.2945259s,11.6723409s,3377,340,0
6.9680704s,1.4551975s,4.0265606s,3387,340,0
5.9632643s,1.2586998s,5.0313667s,3383,340,0
6.8768888s,1.3237119s,4.1211854s,3386,340,0
5.7730137s,1.2507816s,5.2282452s,3390,340,0
5.7954304s,1.2507816s,5.2305496s,3389,340,0
5.895748s,1.0014625s,5.130232s,3384,340,0
6.5856132s,1.3536533s,11.5747826s,3373,340,0
6.0859902s,1.4758603s,12.0776898s,3376,340,0
6.9975207s,1.2615734s,11.1672404s,3380,340,0
5.9954445s,1.2448844s,12.1693166s,3372,340,0
6.5254365s,1.2516677s,4.5288115s,3381,340,0
6.227159s,1.2828051s,4.8320324s,3385,340,0
7.1264041s,1.4162265s,11.0629168s,3379,340,0
5.9378374s,1.1925238s,5.1250794s,3382,340,0
6.037121s,1.3273713s,5.0257958s,3388,340,0
5.706836s,1.006773s,12.4824849s,3375,340,0
7.0242877s,1.4713091s,11.1650332s,3378,340,0
6.6461033s,1.3528262s,10.9649907s,3400,342,0
6.2478967s,1.3473909s,11.3655696s,3391,342,0
6.5790336s,1.2227283s,4.1239706s,3402,342,0
6.788778s,1.4939592s,3.9220873s,3406,342,0
6.1871358s,1.1621461s,4.528699s,3404,342,0
6.5923596s,1.4317549s,4.1251225s,3408,342,0
5.9651467s,1.265742s,11.6717563s,3392,342,0
5.6611088s,1.069654s,11.9757942s,3399,342,0
6.605813s,1.0707449s,4.1227771s,3405,342,0
6.0718523s,1.0937931s,11.5730731s,3398,342,0
6.1201092s,1.3402028s,4.6257249s,3403,342,0
5.5170839s,1.0969536s,5.2287502s,3401,342,0
6.8309399s,1.3314165s,3.9221814s,3410,342,0
6.4013579s,1.3910082s,11.2712178s,3393,342,0
6.9119191s,1.4355521s,10.7606566s,3396,342,0
6.9119191s,1.3484207s,10.7606566s,3394,342,0
6.2382537s,1.3022239s,4.5239089s,3409,342,0
6.5079885s,1.1164667s,11.1689853s,3397,342,0
6.7293332s,1.2346941s,10.9628347s,3395,342,0
5.8501484s,1.2357407s,4.9301004s,3407,342,0
6.585137s,1.047659s,10.0598967s,3415,344,0
5.6214154s,1.1349225s,3.8236686s,3424,344,0
7.1341191s,1.4048505s,2.3153687s,3427,344,0
7.2088956s,1.3186955s,9.458475s,3418,344,0
6.5417526s,1.3033615s,2.9167224s,3421,344,0
6.5473234s,1.4263617s,2.9145957s,3423,344,0
6.0080624s,1.0575482s,10.6627523s,3417,344,0
6.3134998s,1.4227881s,10.3573149s,3419,344,0
6.4437974s,1.0512904s,3.0181217s,3429,344,0
6.117656s,1.1224287s,10.5660193s,3416,344,0
6.4580049s,1.2044202s,3.0184734s,3422,344,0
5.1558687s,1.0068504s,4.3245728s,3428,344,0
6.1639571s,1.1546917s,3.3187672s,3430,344,0
7.0410902s,1.4677272s,9.6568396s,3412,344,0
6.5882153s,1.1842503s,2.9177376s,3425,344,0
6.2885755s,1.3327549s,3.219617s,3426,344,0
6.7632271s,1.4123025s,9.9556563s,3411,344,0
6.1557961s,1.2964607s,10.5630873s,3420,344,0
6.5571171s,1.3107347s,10.1617663s,3413,344,0
6.576594s,1.2617658s,10.1629657s,3414,344,0
6.5316621s,1.3176794s,704.2706ms,3450,346,0
6.3568808s,1.2761489s,7.8473422s,3437,346,0
6.8569373s,1.256149s,7.3472857s,3433,346,0
6.9594817s,1.4829221s,7.2447413s,3439,346,0
6.6520781s,1.2258301s,603.3841ms,3446,346,0
6.7591082s,1.3206888s,502.3671ms,3441,346,0
6.6578123s,1.4005203s,603.663ms,3448,346,0
6.5850295s,1.2892454s,7.6478604s,3431,346,0
6.7721141s,1.2131395s,503.0469ms,3449,346,0
6.885285s,1.1404997s,402.112ms,3442,346,0
6.3075539s,1.336586s,7.9482541s,3436,346,0
6.5923421s,1.2064742s,705.0989ms,3444,346,0
6.8248117s,1.1385297s,7.4439075s,3434,346,0
6.821565s,1.4106219s,7.4471542s,3435,346,0
6.0073297s,1.2064742s,1.3073334s,3447,346,0
6.7259073s,1.3469383s,7.5494278s,3440,346,0
6.2118289s,1.4847957s,1.104878s,3445,346,0
6.53212s,1.1138797s,7.7507065s,3438,346,0
6.646788s,1.3202154s,7.6459909s,3432,346,0
5.4238697s,1.0558609s,1.91041s,3443,346,0
6.4448701s,1.0186095s,5.7384453s,3455,347,0
5.6554431s,1.2547884s,6.5426603s,3453,347,0
6.6789708s,1.4645974s,5.5413178s,3460,347,0
6.9990829s,1.3357836s,5.2352339s,3456,347,0
5.9997022s,1.4764275s,6.2411877s,3452,347,0
6.8122979s,1.4736838s,5.4343424s,3459,347,0
6.4207954s,1.3409992s,5.8338235s,3457,347,0
6.0277572s,1.4583054s,6.2380744s,3458,347,0
6.846708s,1.1608976s,5.4297516s,3451,347,0
5.9382594s,1.0655435s,6.3382002s,3454,347,0
6.5157404s,1.2707791s,12.2778223s,3462,349,0
6.5271979s,1.3907971s,12.276572s,3468,349,0
6.4312497s,1.0253099s,12.3725202s,3461,349,0
6.1839863s,1.0148968s,5.7422265s,3475,349,0
5.7833928s,1.0321148s,6.14282s,3471,349,0
6.5412876s,1.0974747s,12.279101s,3463,349,0
6.0904542s,1.0126704s,5.8395839s,3474,349,0
6.7977239s,1.3625356s,5.1332955s,3472,349,0
6.1974683s,1.221637s,5.7405554s,3480,349,0
6.4699933s,1.1968288s,12.3780828s,3470,349,0
6.1222946s,1.170586s,5.8339405s,3479,349,0
6.5358432s,1.0744232s,5.4340457s,3473,349,0
6.5339362s,1.1292564s,5.4359527s,3477,349,0
6.283595s,1.187159s,12.5822783s,3466,349,0
6.4903445s,1.1244261s,12.3755288s,3465,349,0
6.8941758s,1.4928671s,11.9716975s,3467,349,0
6.7980724s,1.0695742s,12.0731976s,3469,349,0
6.4434867s,1.0585994s,5.5336075s,3476,349,0
6.452466s,1.4359052s,5.5368893s,3478,349,0
6.7102475s,1.1897458s,12.179314s,3464,349,0
6.7357527s,1.2885475s,2.7174721s,3499,351,0
6.1349151s,1.3201091s,3.3220192s,3494,351,0
6.8472984s,1.3275603s,2.6124963s,3492,351,0
7.0864906s,1.3159792s,9.4597947s,3483,351,0
6.0457315s,1.1058137s,3.4202746s,3497,351,0
6.4496428s,1.2154336s,3.0163633s,3495,351,0
6.8962123s,1.2497679s,9.6628006s,3487,351,0
5.9238382s,1.0449627s,10.6573992s,3490,351,0
5.978229s,1.1975639s,3.5165178s,3500,351,0
6.1193754s,1.2364354s,10.4623622s,3488,351,0
6.5255361s,1.0828972s,10.0562015s,3481,351,0
6.4946978s,1.3064722s,3.0203774s,3493,351,0
6.3042604s,1.1354026s,3.2192142s,3496,351,0
6.1052711s,1.1484221s,3.4182035s,3491,351,0
6.7557901s,1.0107852s,9.8612422s,3484,351,0
6.2525136s,1.304389s,10.3645187s,3489,351,0
6.4590987s,1.1492779s,10.1607537s,3485,351,0
6.1682861s,1.0262418s,10.4613386s,3486,351,0
6.671341s,1.4589828s,9.9582837s,3482,351,0
5.7231453s,1.0487432s,3.8199888s,3498,351,0
6.2483219s,1.1077763s,7.8456051s,3502,352,0
6.5451156s,1.1827615s,7.5488114s,3510,352,0
7.0533667s,1.1839179s,7.0405603s,3507,352,0
6.053147s,1.0175951s,8.0476833s,3508,352,0
6.1524376s,1.0466807s,7.9483927s,3509,352,0
6.4436663s,1.0583983s,603.7973ms,3514,352,0
6.8625793s,1.2666997s,7.2413972s,3504,352,0
5.962042s,1.0357856s,8.1494742s,3501,352,0
6.4763756s,1.4115323s,7.6444096s,3505,352,0
5.7664807s,1.0406496s,1.3070568s,3520,352,0
6.775402s,1.2394749s,301.3384ms,3511,352,0
6.286679s,1.180809s,7.8488583s,3503,352,0
6.1883795s,1.0655191s,906.0035ms,3517,352,0
6.4923113s,1.1675913s,602.8995ms,3519,352,0
6.4978995s,1.0631532s,604.6704ms,3518,352,0
6.6146121s,1.3916378s,503.1644ms,3516,352,0
6.0147186s,1.4104749s,1.1051903s,3515,352,0
6.3200838s,1.3575399s,804.7382ms,3513,352,0
6.9296609s,1.180809s,7.249152s,3506,352,0
7.1785303s,1.4808085s,0s,3512,352,0
6.3502511s,1.2558076s,6.3417897s,3522,354,0
6.254318s,1.2287755s,6.4406039s,3526,354,0
6.2658432s,1.4786906s,6.4412254s,3525,354,0
5.9587869s,1.4949784s,6.7482817s,3529,354,0
6.081324s,1.2321049s,6.6429486s,3527,354,0
6.7035444s,1.2856225s,6.0406727s,3528,354,0
5.8089742s,1.3164293s,6.9400121s,3521,354,0
6.8142224s,1.3847151s,5.9347639s,3523,354,0
5.7130004s,1.0062511s,7.043842s,3524,354,0
5.7577342s,1.3975926s,200.9899ms,3535,354,0
5.8676955s,1.2020176s,101.0922ms,3533,354,0
6.5431202s,1.1305823s,6.2401908s,3530,354,0
5.9966051s,1.4664315s,0s,3534,354,0
6.1591931s,1.0038653s,0s,3531,354,0
6.3738276s,1.1567605s,0s,3538,354,0
6.8295418s,1.4456069s,11.569125s,3540,356,0
5.7938204s,1.2305741s,5.6368772s,3548,356,0
6.2000809s,1.0105717s,5.2306167s,3544,356,0
6.4092785s,1.2704837s,5.0299076s,3550,356,0
6.2186309s,1.2993146s,5.232303s,3541,356,0
6.4665071s,1.3265986s,11.9710587s,3536,356,0
6.1295201s,1.012538s,5.3307729s,3549,356,0
6.9772728s,1.3602883s,11.4711779s,3537,356,0
6.3793298s,1.3096002s,12.0691209s,3539,356,0
7.0459794s,1.2616885s,4.4251985s,3542,356,0
6.4534254s,1.1528992s,5.030156s,3547,356,0
6.5058975s,1.3468387s,11.9660682s,3532,356,0
6.4727567s,1.1067825s,5.0331822s,3543,356,0
6.1762619s,1.0431872s,5.3321483s,3545,356,0
7.1915425s,1.3678806s,4.3251015s,3546,356,0
5.9829897s,1.2627785s,9.6594436s,3557,358,0
6.1927737s,1.2985599s,9.4568119s,3552,358,0
6.0649934s,1.0229148s,3.0163085s,3562,358,0
6.4702254s,1.4153966s,2.6160149s,3561,358,0
5.7042769s,1.2185113s,9.9563608s,3553,358,0
6.0055768s,1.3251526s,9.6550609s,3554,358,0
6.4137288s,1.0365442s,9.2563005s,3555,358,0
6.3981331s,1.2906347s,2.7183167s,3563,358,0
6.1285036s,1.4385507s,9.5585999s,3559,358,0
6.4024561s,1.2254694s,2.7169132s,3570,358,0
5.6977058s,1.2672114s,3.4216635s,3565,358,0
6.4071s,1.1705116s,2.7146138s,3567,358,0
6.1319746s,1.2566245s,9.5588555s,3556,358,0
5.6023102s,1.1755892s,3.521726s,3566,358,0
6.3413562s,1.2529292s,9.3558429s,3558,358,0
6.5691163s,1.3744254s,9.1466094s,3551,358,0
6.2657699s,1.0047479s,9.4499558s,3560,358,0
6.5359817s,1.4453716s,2.6174509s,3568,358,0
5.6350099s,1.311667s,3.5233271s,3564,358,0
6.4532586s,1.4665841s,2.7177231s,3569,358,0
7.1357625s,1.2937673s,8.7575033s,3575,360,0
6.3240691s,1.4258322s,9.5691967s,3580,360,0
6.5378045s,1.2787427s,9.3647125s,3573,360,0
6.2382501s,1.0595793s,9.6642669s,3571,360,0
6.2560905s,1.4032306s,9.6579649s,3578,360,0
6.1746081s,1.0347905s,2.615612s,3583,360,0
5.7750827s,1.1727973s,3.0209805s,3584,360,0
5.97867s,1.4829915s,2.8173932s,3587,360,0
6.8790737s,1.2867522s,9.0567138s,3574,360,0
6.1784359s,1.2474426s,9.7573516s,3579,360,0
6.2836054s,1.2250022s,9.655858s,3576,360,0
6.2913832s,1.1608963s,2.5123177s,3585,360,0
6.1874547s,1.1616871s,2.6162462s,3589,360,0
6.2949733s,1.1407858s,2.5134927s,3590,360,0
6.2949733s,1.2633677s,2.5134927s,3581,360,0
6.4020553s,1.4537142s,2.412785s,3586,360,0
5.3799377s,1.1162201s,10.5706651s,3572,360,0
7.0122858s,1.2507716s,1.8110319s,3582,360,0
6.9008497s,1.3806146s,9.0626891s,3577,360,0
6.2180341s,1.0856134s,2.6136055s,3588,360,0
6.206615s,1.2534046s,703.9624ms,3608,362,0
6.6099065s,1.4329344s,301.9073ms,3605,362,0
5.9161399s,1.2616348s,1.0065902s,3606,362,0
6.2260605s,1.3016129s,7.4491848s,3591,362,0
6.5301166s,1.3497778s,402.3671ms,3601,362,0
6.7381223s,1.4329344s,201.4187ms,3609,362,0
6.7518481s,1.1267306s,6.9452962s,3593,362,0
5.1362915s,1.0429164s,8.5608528s,3600,362,0
6.7554689s,1.3007606s,201.4283ms,3604,362,0
6.4619845s,1.1126999s,7.2491731s,3599,362,0
6.2726957s,1.3187378s,7.4455536s,3596,362,0
6.1711346s,1.1723316s,7.5471147s,3597,362,0
6.6698149s,1.4823917s,301.634ms,3602,362,0
6.4799279s,1.1505394s,7.2463276s,3592,362,0
6.2849125s,1.3547318s,7.4499394s,3595,362,0
5.7914989s,1.1477762s,7.9442393s,3594,362,0
5.8852875s,1.2122744s,1.1052064s,3607,362,0
5.9871977s,1.0006529s,1.0059388s,3603,362,0
6.7947947s,1.3839659s,201.3787ms,3610,362,0
6.3190229s,1.1646798s,7.4389901s,3598,362,0
5.506816s,1.005018s,6.3366809s,3612,363,0
6.1135s,1.1515084s,5.7299969s,3618,363,0
6.7163194s,1.3784578s,5.1302062s,3616,363,0
5.7156134s,1.3557592s,6.1367632s,3619,363,0
6.3303164s,1.1437577s,5.5288892s,3613,363,0
5.9383574s,1.1678673s,5.9378738s,3617,363,0
5.9470575s,1.2834681s,5.9380895s,3620,363,0
6.5574673s,1.1616921s,5.3299812s,3615,363,0
6.5607946s,1.2986967s,5.3290465s,3611,363,0
6.4676551s,1.4739686s,5.4378743s,3614,363,0
6.7610572s,1.4675123s,3.5194567s,3634,365,0
6.0558009s,1.1408908s,4.224713s,3635,365,0
6.5632143s,1.402259s,3.7220743s,3636,365,0
5.8118695s,1.0342088s,11.1679722s,3628,365,0
6.0753432s,1.239439s,4.2230113s,3631,365,0
6.2814424s,1.4543567s,4.0216374s,3632,365,0
7.1917888s,1.3897049s,3.1189853s,3639,365,0
6.3548234s,1.0957899s,10.6614617s,3629,365,0
6.2549366s,1.1765026s,10.7613485s,3621,365,0
6.7055903s,1.0426482s,3.6222448s,3638,365,0
6.4758801s,1.1545415s,10.5579001s,3622,365,0
6.1685034s,1.0104821s,10.8652768s,3627,365,0
6.2326391s,1.0506406s,4.1237939s,3640,365,0
6.2358311s,1.2715233s,4.1206019s,3633,365,0
6.68845s,1.3544168s,10.356433s,3623,365,0
5.983765s,1.2018259s,11.061118s,3625,365,0
7.0519031s,1.382527s,3.3192535s,3637,365,0
6.3964155s,1.1696119s,10.6667543s,3630,365,0
5.7919019s,1.4757407s,11.2712679s,3626,365,0
5.8964469s,1.0016411s,11.1667229s,3624,365,0
5.8761955s,1.2818893s,10.2596852s,3643,367,0
6.4798523s,1.2752699s,9.6560284s,3648,367,0
6.6637232s,1.4418731s,2.6158713s,3655,367,0
5.668042s,1.0693573s,3.6181766s,3659,367,0
5.9677045s,1.1239579s,3.3185141s,3656,367,0
5.9838484s,1.3942573s,10.1586564s,3649,367,0
6.7943196s,1.0563398s,9.3565339s,3647,367,0
6.0832874s,1.0037259s,3.2193206s,3658,367,0
6.1885663s,1.1918464s,3.1186034s,3660,367,0
6.2940061s,1.1239579s,3.0181245s,3654,367,0
6.4119249s,1.1758462s,9.761365s,3641,367,0
6.4166199s,1.4097721s,9.75667s,3642,367,0
6.2006744s,1.4836135s,3.118816s,3652,367,0
6.3286288s,1.0738619s,9.8554212s,3650,367,0
6.2270615s,1.2993844s,9.9606039s,3646,367,0
6.6229044s,1.0832889s,2.7154955s,3657,367,0
6.6281012s,1.454822s,2.7168424s,3653,367,0
6.35177s,1.2193434s,9.8634973s,3645,367,0
6.8562862s,1.40437s,9.3589811s,3644,367,0
6.8596488s,1.2760009s,2.514635s,3651,367,0
6.1905192s,1.2378883s,2.5150337s,3679,369,0
6.5953685s,1.1657965s,2.1139024s,3680,369,0
5.9810959s,1.0374063s,9.2581922s,3669,369,0
6.4937879s,1.1163072s,8.7534093s,3668,369,0
6.1070912s,1.0406998s,2.6172232s,3673,369,0
6.51081s,1.1833255s,2.2153788s,3678,369,0
6.5139594s,1.1995425s,2.2147604s,3671,369,0
6.0963046s,1.1355522s,9.1587656s,3665,369,0
6.1975223s,1.1442403s,9.0575479s,3661,369,0
6.2072569s,1.3543309s,9.0547832s,3664,369,0
6.3270101s,1.3685132s,2.4167547s,3672,369,0
6.5224914s,1.4084648s,8.7532515s,3670,369,0
5.8209692s,1.2588121s,9.4547737s,3662,369,0
5.9506144s,1.1575906s,2.8178256s,3674,369,0
6.042309s,1.2191108s,9.2585058s,3667,369,0
6.4665791s,1.1097089s,2.3162642s,3675,369,0
6.8715304s,1.407448s,1.9132758s,3677,369,0
6.1513772s,1.2425559s,9.1596055s,3663,369,0
5.760839s,1.092069s,9.5585193s,3666,369,0
6.3812301s,1.2326505s,2.4152454s,3676,369,0
6.691374s,1.134016s,1.5102349s,3699,371,0
6.6049111s,1.3968087s,8.4551612s,3681,371,0
6.2084784s,1.2153967s,8.8566338s,3686,371,0
5.8981452s,1.0252284s,2.3135161s,3697,371,0
6.1041045s,1.2844817s,2.1131734s,3691,371,0
6.0210585s,1.2948988s,9.0535405s,3688,371,0
5.9365729s,1.2468836s,9.1544649s,3683,371,0
6.7442013s,1.4843972s,8.3552485s,3689,371,0
5.9429705s,1.0774848s,9.1579928s,3684,371,0
6.8548862s,1.3260201s,8.2505224s,3687,371,0
6.3442599s,1.2895529s,1.9097372s,3698,371,0
6.5451925s,1.0382446s,1.7088046s,3695,371,0
6.0580078s,1.3260201s,9.0581363s,3685,371,0
6.174966s,1.4572344s,8.9522219s,3682,371,0
6.161098s,1.4674824s,2.1112037s,3696,371,0
6.6647101s,1.4865042s,1.6075916s,3694,371,0
6.3853008s,1.2504256s,8.752925s,3690,371,0
6.1817257s,1.4493708s,2.1144358s,3692,371,0
6.489991s,1.1948431s,1.8083782s,3700,371,0
6.2883246s,1.0283116s,2.0100446s,3693,371,0
6.3563526s,1.2623634s,502.5254ms,3719,372,0
5.9557645s,1.1415817s,906.3672ms,3715,372,0
6.9311116s,1.4026129s,7.1436717s,3701,372,0
6.5629276s,1.2603239s,302.4687ms,3711,372,0
6.4627482s,1.2952496s,402.6481ms,3718,372,0
6.2299545s,1.4478192s,7.8520977s,3706,372,0
6.0698041s,1.1424088s,804.9852ms,3713,372,0
6.2770351s,1.0885353s,602.8537ms,3712,372,0
6.7788164s,1.4043224s,101.0724ms,3717,372,0
6.2366746s,1.1126035s,7.8526012s,3703,372,0
6.2835385s,1.1003383s,603.8651ms,3716,372,0
6.1477745s,1.252824s,7.9490161s,3702,372,0
6.068256s,1.1126035s,8.0513762s,3707,372,0
5.97374s,1.4595592s,8.1477572s,3709,372,0
6.2781941s,1.3668101s,7.8451075s,3705,372,0
6.4913359s,1.4693245s,7.6514223s,3710,372,0
7.209387s,1.3309836s,6.9471669s,3704,372,0
6.146108s,1.4884801s,806.906ms,3720,372,0
6.7169381s,1.4206131s,7.4454629s,3708,372,0
7.1611971s,1.3903528s,0s,3714,372,0
6.9877076s,1.4746265s,5.7324969s,3721,374,0
5.638272s,1.4284458s,100.9625ms,3735,374,0
6.1896118s,1.178547s,6.5378534s,3724,374,0
6.4095427s,1.2737294s,6.335381s,3728,374,0
6.2205871s,1.1767462s,6.5357154s,3727,374,0
4.9902311s,1.1038348s,805.1305ms,3733,374,0
6.5408794s,1.0444296s,6.2433039s,3725,374,0
6.351547s,1.4357886s,6.4390755s,3726,374,0
6.8588919s,1.1179133s,5.9337633s,3722,374,0
6.1521743s,1.4553805s,6.6404809s,3723,374,0
5.9635376s,1.1558135s,6.8408333s,3729,374,0
6.0639197s,1.0187521s,6.7404512s,3730,374,0
5.8648053s,1.0774513s,0s,3736,374,0
6.0154009s,1.1562873s,0s,3737,374,0
6.0984312s,1.4438298s,4.1229444s,3750,376,0
6.0010083s,1.079483s,4.2217028s,3742,376,0
6.8302691s,1.4507493s,10.3651555s,3738,376,0
6.00427s,1.341537s,4.2248037s,3744,376,0
5.7012586s,1.3193566s,4.5278151s,3747,376,0
6.2079498s,1.2207703s,4.0246115s,3743,376,0
6.4413035s,1.451748s,10.7691418s,3732,376,0
5.8102517s,1.0931155s,4.4285135s,3745,376,0
5.8251495s,1.025571s,4.4255505s,3748,376,0
5.9278115s,1.0166237s,4.3273619s,3749,376,0
6.9727135s,1.4015546s,10.2634532s,3731,376,0
5.3379932s,1.1121026s,4.92546s,3741,376,0
6.2714676s,1.373822s,10.9646991s,3734,376,0
6.8662962s,1.4428354s,10.3705913s,3740,376,0
6.9840881s,1.2187832s,3.3198207s,3746,376,0
6.526033s,1.4857743s,10.7621549s,3739,376,0
5.5925108s,1.0782552s,3.2220562s,3770,378,0
6.3455826s,1.4827027s,9.3591899s,3760,378,0
5.9041767s,1.3193797s,2.9206423s,3768,378,0
5.9560303s,1.2825774s,9.76333s,3759,378,0
6.7213986s,1.4868116s,2.1148768s,3761,378,0
6.2214089s,1.0064858s,2.6174615s,3763,378,0
5.7699012s,1.1547599s,9.965004s,3751,378,0
5.9865153s,1.1236542s,9.7553813s,3752,378,0
6.8892586s,1.2389943s,8.852638s,3757,378,0
6.6407308s,1.4132468s,2.213913s,3766,378,0
5.6959547s,1.2646834s,10.0634273s,3753,378,0
5.4017003s,1.1249912s,10.3587683s,3754,378,0
6.1541991s,1.0583663s,2.717367s,3765,378,0
6.5621878s,1.2093999s,2.3124006s,3764,378,0
6.0058942s,1.27765s,9.7623801s,3755,378,0
6.0661502s,1.4929997s,2.8174429s,3769,378,0
6.0692267s,1.3418946s,2.8177797s,3762,378,0
5.7164435s,1.0266194s,10.0636021s,3758,378,0
5.2234905s,1.06153s,10.560638s,3756,378,0
6.3818162s,1.2209337s,2.5162381s,3767,378,0
7.0358711s,1.4992815s,1.1073902s,3784,380,0
5.9312891s,1.4146632s,2.2141075s,3788,380,0
6.5159767s,1.1978178s,8.6535261s,3774,380,0
7.0192008s,1.3376014s,8.150302s,3779,380,0
5.7404141s,1.1155825s,2.4145187s,3786,380,0
5.7124112s,1.036098s,9.4623057s,3778,380,0
6.7651204s,1.4353797s,1.4102065s,3790,380,0
6.4392265s,1.1411128s,8.7621096s,3772,380,0
6.4719959s,1.184725s,1.711088s,3783,380,0
6.3713013s,1.0903313s,1.8117826s,3789,380,0
6.0664624s,1.33863s,9.1499285s,3773,380,0
6.0611513s,1.1517785s,9.1552396s,3777,380,0
6.5616261s,1.0101167s,8.6547648s,3771,380,0
6.5890132s,1.2736203s,1.6116132s,3781,380,0
6.5925481s,1.335497s,1.6114275s,3782,380,0
6.8755262s,1.2622782s,8.3555984s,3776,380,0
6.1059208s,1.3454312s,2.1113861s,3787,380,0
6.8812139s,1.4154111s,8.3558771s,3780,380,0
6.7853272s,1.2455369s,8.4545381s,3775,380,0
5.7239024s,1.0423176s,2.515275s,3785,380,0
6.492217s,1.3727217s,1.3090295s,3808,382,0
6.3661734s,1.4297866s,8.3613898s,3796,382,0
5.8772964s,1.0393128s,8.8536643s,3800,382,0
6.5881391s,1.0025691s,8.1513385s,3795,382,0
5.5142798s,1.244712s,2.3165393s,3806,382,0
6.6093644s,1.3551155s,8.1514599s,3791,382,0
6.3163389s,1.0736975s,8.4507937s,3794,382,0
6.2348516s,1.3615176s,1.6089788s,3804,382,0
6.3390744s,1.0196088s,1.5080799s,3809,382,0
6.64335s,1.1914932s,1.2082552s,3805,382,0
6.9233022s,1.2848977s,7.8516052s,3798,382,0
6.3489445s,1.3764858s,1.5102872s,3810,382,0
6.1534264s,1.1797444s,1.7078431s,3802,382,0
6.0343233s,1.1656026s,8.7502484s,3792,382,0
6.3347445s,1.4676978s,8.4498272s,3799,382,0
5.5473563s,1.1080194s,2.3139132s,3801,382,0
5.7570811s,1.0431591s,2.1120424s,3803,382,0
6.8555313s,1.3742731s,7.9481557s,3797,382,0
6.6566779s,1.0485026s,8.1543718s,3793,382,0
5.9788369s,1.3774698s,1.9127731s,3807,382,0
6.1316247s,1.4329438s,803.5039ms,3826,384,0
6.233563s,1.4684263s,704.3695ms,3828,384,0
6.904732s,1.1173816s,6.9422735s,3820,384,0
6.0040426s,1.2332501s,7.8516125s,3811,384,0
6.3254241s,1.3425635s,7.5455475s,3812,384,0
6.3616441s,1.1676001s,604.5955ms,3829,384,0
6.729079s,1.2958276s,7.1418926s,3814,384,0
5.6263035s,1.0395853s,8.2482875s,3813,384,0
6.5726616s,1.3256541s,401.4537ms,3824,384,0
6.8439538s,1.4854598s,7.0388891s,3815,384,0
6.5806005s,1.4726742s,401.9247ms,3821,384,0
6.1798604s,1.1257374s,804.4782ms,3830,384,0
5.8812875s,1.2471589s,1.1058283s,3823,384,0
6.8582675s,1.4011935s,7.0397266s,3818,384,0
6.573054s,1.1265933s,7.340017s,3817,384,0
6.0708535s,1.1076472s,7.8422175s,3816,384,0
6.509109s,1.0386567s,503.9507ms,3825,384,0
6.8936386s,1.3684268s,7.036334s,3819,384,0
6.8273576s,1.386944s,200.4137ms,3827,384,0
6.8302849s,1.4295964s,201.0933ms,3822,384,0
6.491033s,1.378712s,6.6447768s,3834,385,0
6.4105101s,1.2102073s,6.7441722s,3835,385,0
5.8311417s,1.1458894s,100.733ms,3849,385,0
7.2340393s,1.447885s,5.9368248s,3838,385,0
6.2239331s,1.179331s,6.946931s,3837,385,0
6.8349647s,1.4066623s,6.3409456s,3832,385,0
5.8347951s,1.3416494s,7.3415153s,3833,385,0
5.7342668s,1.2738969s,7.4437458s,3836,385,0
6.5492703s,1.4552174s,6.6412109s,3831,385,0
5.6491063s,1.0050911s,7.5471949s,3839,385,0
6.2860825s,1.1584362s,6.9425171s,3840,385,0
6.1133409s,1.1036321s,0s,3843,385,0
6.1920118s,1.233593s,0s,3847,385,0
6.2187857s,1.1237853s,0s,3848,385,0
6.2206755s,1.328647s,0s,3850,385,0
6.4683167s,1.3421855s,5.3359946s,3859,387,0
5.8712478s,1.4004775s,5.9357924s,3853,387,0
6.4824816s,1.1846389s,12.2779955s,3842,387,0
5.7720391s,1.2674002s,6.0443317s,3854,387,0
6.0950253s,1.4602225s,5.7378155s,3858,387,0
6.7145662s,1.2514287s,12.075238s,3841,387,0
6.5188515s,1.1397837s,12.2709527s,3846,387,0
6.7259049s,1.0458845s,12.0638993s,3845,387,0
6.6247206s,1.3522821s,5.2298273s,3856,387,0
6.5390662s,1.3944743s,5.3317663s,3855,387,0
6.9441063s,1.4559715s,11.8708325s,3844,387,0
6.3522458s,1.3072612s,5.5352265s,3851,387,0
6.7592176s,1.3627283s,5.1334754s,3860,387,0
6.1618098s,1.4602225s,5.7308832s,3852,387,0
5.9584392s,1.1215369s,5.9342538s,3857,387,0
6.3389776s,1.3520662s,10.5661849s,3863,389,0
5.8423261s,1.0699656s,11.0687781s,3862,389,0
6.7328996s,1.290863s,3.5239471s,3876,389,0
6.2341504s,1.4369645s,4.0226963s,3874,389,0
5.9374899s,1.4950261s,4.3252534s,3875,389,0
5.6557922s,1.1857143s,11.273755s,3865,389,0
6.459216s,1.312444s,10.4703312s,3869,389,0
6.6646842s,1.2995027s,10.2651771s,3866,389,0
5.9548645s,1.0496671s,4.3213482s,3879,389,0
5.6727992s,1.1964607s,11.2680977s,3861,389,0
5.9692764s,1.3352153s,10.9716205s,3867,389,0
6.26351s,1.0204277s,4.0210363s,3880,389,0
6.6671629s,1.1190457s,3.6231515s,3873,389,0
6.1695908s,1.0366847s,4.127064s,3878,389,0
5.9774786s,1.0883262s,4.3279179s,3871,389,0
6.0106052s,1.0679071s,10.9687994s,3864,389,0
6.0863129s,1.2378046s,4.2284075s,3877,389,0
6.5125594s,1.4935324s,10.4688001s,3870,389,0
7.1031736s,1.4534659s,3.222118s,3872,389,0
6.3228093s,1.3698292s,10.669149s,3868,389,0
6.4586261s,1.2598123s,3.220935s,3898,391,0
6.4683001s,1.263909s,3.2177496s,3899,391,0
6.7009621s,1.2772009s,10.0650013s,3882,391,0
5.6930309s,1.2219026s,11.0729325s,3887,391,0
6.4952628s,1.2867884s,10.2707006s,3883,391,0
7.2064176s,1.4509865s,2.513917s,3900,391,0
6.9058056s,1.2255452s,2.814529s,3895,391,0
6.0113403s,1.3329608s,3.7158797s,3893,391,0
6.407335s,1.263909s,3.319885s,3894,391,0
6.4440982s,1.0857681s,10.3640002s,3885,391,0
6.5175448s,1.050796s,3.2178257s,3892,391,0
7.0463129s,1.1994389s,9.7617855s,3886,391,0
6.8516848s,1.3818791s,9.9581733s,3881,391,0
6.5193884s,1.4230584s,3.2177418s,3896,391,0
6.4220364s,1.1593678s,3.3201279s,3891,391,0
7.0727279s,1.3116189s,9.7547457s,3889,391,0
6.064192s,1.2723474s,10.7632816s,3890,391,0
6.0345683s,1.0913619s,3.7201774s,3897,391,0
6.6764412s,1.4533996s,10.1624235s,3884,391,0
6.3813154s,1.4832905s,10.4627555s,3888,391,0
6.0792741s,1.2984222s,9.7582641s,3902,393,0
6.1430529s,1.2650825s,2.7154178s,3916,393,0
6.6848425s,1.467064s,9.1526957s,3908,393,0
5.3793579s,1.3923869s,10.4581803s,3905,393,0
6.5877327s,1.2877504s,9.2498055s,3909,393,0
6.8529409s,1.4334177s,2.0142858s,3914,393,0
6.2561272s,1.1958803s,2.6157235s,3913,393,0
5.553694s,1.1348653s,3.3205302s,3920,393,0
7.0709694s,1.3705811s,1.8107866s,3917,393,0
6.4852638s,1.0498265s,2.4118642s,3912,393,0
5.9061947s,1.4615818s,3.0156615s,3911,393,0
6.245892s,1.4574876s,9.6601665s,3901,393,0
6.2179379s,1.1768304s,2.7156285s,3915,393,0
6.2570549s,1.0564429s,9.6632442s,3907,393,0
6.4261533s,1.1237486s,2.5178044s,3918,393,0
5.9643351s,1.0812366s,9.9608195s,3910,393,0
6.6370575s,1.4276788s,2.3125327s,3919,393,0
6.4708575s,1.2516146s,9.4596999s,3904,393,0
6.5735565s,1.3902728s,9.3570009s,3906,393,0
6.9786642s,1.4597002s,8.9518932s,3903,393,0
6.466623s,1.1404908s,1.8115839s,3932,395,0
6.9567101s,1.2001405s,8.450851s,3925,395,0
6.1605527s,1.1296909s,9.2470084s,3926,395,0
6.6839515s,1.3904335s,1.6087481s,3933,395,0
6.0865996s,1.4427706s,2.2159039s,3940,395,0
6.1976308s,1.2726166s,2.1122132s,3939,395,0
6.9052953s,1.4478458s,1.408812s,3938,395,0
6.3981661s,1.477439s,9.0492869s,3921,395,0
6.5225351s,1.3864813s,1.8118303s,3936,395,0
6.7135365s,1.2401097s,8.7538193s,3923,395,0
7.1269822s,1.4272704s,8.3505713s,3930,395,0
6.9278146s,1.4343496s,8.553128s,3929,395,0
6.4418349s,1.3376641s,1.9121255s,3931,395,0
6.341005s,1.1060118s,2.0145993s,3935,395,0
6.0236985s,1.4332994s,9.4606471s,3922,395,0
6.53468s,1.1494106s,8.9546792s,3928,395,0
5.7293159s,1.1898576s,9.7600433s,3927,395,0
6.8590133s,1.4857351s,1.5084025s,3937,395,0
6.2414134s,1.110584s,9.2561936s,3924,395,0
6.1596307s,1.404836s,2.2146883s,3934,395,0
6.9171336s,1.4765496s,6.8392059s,3942,396,0
5.7079651s,1.4397446s,1.0063584s,3953,396,0
6.3196529s,1.0527358s,7.4443777s,3943,396,0
6.9242865s,1.4321886s,6.8460744s,3944,396,0
6.5245237s,1.4700138s,201.3219ms,3952,396,0
6.3239577s,1.4453469s,402.9194ms,3956,396,0
6.2248778s,1.3419742s,501.9993ms,3955,396,0
6.1269082s,1.373648s,606.869ms,3954,396,0
6.5377538s,1.0504863s,200.9716ms,3959,396,0
7.0497071s,1.1116104s,6.7403909s,3949,396,0
6.4425172s,1.1024569s,301.2008ms,3957,396,0
6.2488276s,1.1807857s,7.5495363s,3945,396,0
6.8644775s,1.2373782s,6.9409162s,3941,396,0
6.5703316s,1.359656s,200.6103ms,3960,396,0
6.1889614s,1.378541s,7.6440561s,3948,396,0
5.6837147s,1.2659483s,8.1496283s,3947,396,0
5.8810543s,1.4556506s,906.974ms,3951,396,0
6.496281s,1.3206209s,7.3433442s,3950,396,0
5.7973741s,1.3609309s,8.0513931s,3946,396,0
6.9612742s,1.1939727s,0s,3958,396,0
6.476269s,1.1219611s,5.7299287s,3962,398,0
6.9726376s,1.0877759s,5.2339877s,3970,398,0
6.4014217s,1.4735326s,5.835063s,3968,398,0
7.0081807s,1.2875725s,5.2334111s,3963,398,0
7.0131914s,1.2828198s,5.2330888s,3964,398,0
7.1369268s,1.2080322s,5.1319781s,3961,398,0
6.3342929s,1.1803122s,5.9357331s,3966,398,0
6.6437718s,1.2487788s,5.6340063s,3965,398,0
6.7438512s,1.2624526s,5.5339269s,3967,398,0
6.5464173s,1.1768823s,5.7338648s,3969,398,0
5.9377976s,1.4833413s,11.1713007s,3976,400,0
6.508955s,1.3594456s,3.8238305s,3988,400,0
6.3104741s,1.1942267s,4.0223114s,3985,400,0
6.8293308s,1.423779s,3.5205766s,3982,400,0
6.1679801s,1.2634633s,10.9664564s,3977,400,0
6.7803211s,1.3092834s,10.3657697s,3979,400,0
5.9745817s,1.0444977s,11.1715091s,3980,400,0
6.6454696s,1.3427989s,3.723024s,3986,400,0
6.5446822s,1.0393781s,3.8238114s,3989,400,0
6.3884405s,1.0766395s,10.76613s,3978,400,0
6.0577331s,1.0656503s,4.326184s,3984,400,0
6.6107031s,1.3069503s,10.5653843s,3972,400,0
6.4044858s,1.3315421s,10.7732351s,3971,400,0
6.3120644s,1.2926429s,10.866527s,3975,400,0
5.9830413s,1.1187708s,4.4300412s,3981,400,0
6.6904738s,1.3427989s,3.7226087s,3987,400,0
6.126795s,1.0410288s,11.0666086s,3974,400,0
6.4307844s,1.4102935s,10.7626192s,3973,400,0
5.9952549s,1.0849231s,4.4243407s,3990,400,0
6.4968903s,1.1225933s,3.9227053s,3983,400,0
6.1056274s,1.2120113s,2.8176288s,4010,402,0
6.2143091s,1.1966393s,2.7153203s,4006,402,0
5.8519027s,1.4933929s,9.8586157s,3999,402,0
6.4192084s,1.4826892s,2.5148278s,4003,402,0
5.3628191s,1.0177782s,10.3598333s,3995,402,0
6.3689483s,1.0303963s,9.3537041s,3997,402,0
6.3346404s,1.1478548s,2.615176s,4007,402,0
6.7764822s,1.1245638s,8.9550438s,3996,402,0
6.9453126s,1.4331032s,2.0129441s,4004,402,0
6.0509961s,1.258631s,2.9176558s,4005,402,0
6.4994514s,1.281737s,9.2527482s,3994,402,0
5.3548596s,1.054567s,3.6208578s,4001,402,0
6.3620219s,1.4478554s,2.6141517s,4009,402,0
6.3745951s,1.2758941s,2.617792s,4002,402,0
6.3141368s,1.3425206s,9.4586098s,3998,402,0
6.4188161s,1.4323329s,9.3552992s,3993,402,0
6.886492s,1.4523844s,2.1131575s,4008,402,0
6.3255154s,1.3086907s,9.4566168s,4000,402,0
6.7337002s,1.3262879s,9.0503779s,3992,402,0
6.2383157s,1.3062812s,9.5552938s,3991,402,0
5.3132181s,1.2114792s,8.2532519s,4014,403,0
5.9236537s,1.3082626s,7.6490957s,4018,403,0
6.2745313s,1.2005079s,200.6716ms,4028,403,0
5.9811847s,1.073728s,502.3342ms,4025,403,0
5.7369513s,1.3831568s,7.8472698s,4020,403,0
6.2980588s,1.2053969s,201.0579ms,4021,403,0
6.000698s,1.1635566s,503.7667ms,4024,403,0
6.7603291s,1.1217535s,6.8456619s,4011,403,0
6.0120902s,1.4797192s,502.8306ms,4022,403,0
6.5762034s,1.1415476s,7.0470015s,4016,403,0
6.2788319s,1.3831568s,7.344373s,4015,403,0
6.0284124s,1.2256706s,502.012ms,4027,403,0
6.1898456s,1.2814935s,7.4479937s,4017,403,0
5.8896503s,1.2649368s,7.748189s,4012,403,0
7.1007022s,1.3904513s,6.5418682s,4013,403,0
6.341815s,1.1394424s,200.398ms,4023,403,0
6.9126034s,1.3001508s,6.7410524s,4019,403,0
6.1548598s,1.2854971s,401.073ms,4029,403,0
6.6516016s,1.3485324s,0s,4026,403,0
6.7971127s,1.016566s,0s,4030,403,0
6.2430706s,1.4404965s,5.5343344s,4033,405,0
7.0497629s,1.2537231s,4.7276421s,4039,405,0
5.2737795s,1.031363s,6.5486885s,4038,405,0
6.8897083s,1.4656056s,4.9327597s,4037,405,0
6.601398s,1.4126869s,5.2304761s,4036,405,0
6.9184606s,1.4947716s,4.9310603s,4032,405,0
6.411805s,1.123519s,5.4377159s,4031,405,0
6.3174992s,1.4979124s,5.5415142s,4034,405,0
6.7289042s,1.2723324s,5.1321495s,4040,405,0
6.6260784s,1.3405936s,5.2343646s,4035,405,0
6.135398s,1.333349s,4.7308495s,4057,407,0
6.6921281s,1.4065767s,10.8662475s,4042,407,0
6.4425398s,1.1389011s,4.4321907s,4058,407,0
6.2519653s,1.4651129s,4.6282128s,4056,407,0
5.8122313s,1.2589046s,11.7745096s,4047,407,0
5.0610547s,1.1144487s,5.8351908s,4052,407,0
6.0773946s,1.0050305s,4.8321475s,4054,407,0
6.1850458s,1.2350044s,4.7244963s,4051,407,0
5.8459675s,1.0067711s,11.7717022s,4043,407,0
6.3502785s,1.2908573s,11.2673912s,4049,407,0
6.2495572s,1.2107776s,11.3681125s,4045,407,0
6.8076543s,1.2350044s,4.1241982s,4053,407,0
6.359635s,1.109728s,11.2698732s,4044,407,0
5.4572342s,1.4784139s,12.172274s,4048,407,0
6.2685353s,1.1024543s,11.3679516s,4050,407,0
6.7156738s,1.1286013s,4.228685s,4059,407,0
6.2179614s,1.3867248s,4.7298157s,4055,407,0
6.2780757s,1.1589064s,11.3689027s,4046,407,0
7.0281539s,1.3800606s,3.9266964s,4060,407,0
6.0809751s,1.1366302s,11.5724453s,4041,407,0
5.6247644s,1.1382815s,10.7676431s,4069,409,0
6.435526s,1.3759105s,9.9630886s,4065,409,0
6.0354454s,1.2883943s,3.5259657s,4073,409,0
6.8585694s,1.0625894s,9.563271s,4064,409,0
6.464525s,1.2944108s,9.9639039s,4062,409,0
6.5537563s,1.1196414s,3.018088s,4076,409,0
6.9535896s,1.3271236s,2.6182547s,4074,409,0
6.4681014s,1.0161207s,9.9672632s,4070,409,0
6.862338s,1.1403453s,2.7176429s,4072,409,0
6.5620279s,1.070987s,3.020316s,4080,409,0
5.7740975s,1.2389344s,10.6671888s,4063,409,0
5.7611847s,1.0972119s,3.824463s,4079,409,0
6.6825321s,1.4513946s,9.7653301s,4067,409,0
5.8837277s,1.0012743s,10.5679589s,4066,409,0
6.2774913s,1.4196739s,3.3204039s,4077,409,0
5.587736s,1.3353473s,4.0265803s,4075,409,0
6.2968687s,1.025465s,3.3188028s,4071,409,0
6.613598s,1.0955801s,9.8671556s,4061,409,0
6.8019972s,1.4992176s,2.819814s,4078,409,0
5.9144378s,1.0262117s,10.5663158s,4068,409,0
5.1431524s,1.1725741s,9.0527977s,4089,411,0
7.0570517s,1.3317313s,7.1388984s,4088,411,0
6.6366843s,1.2518346s,503.3489ms,4094,411,0
6.5604887s,1.4818315s,7.6422674s,4086,411,0
6.7486767s,1.4726843s,402.2254ms,4097,411,0
5.9475747s,1.0633505s,1.207756s,4095,411,0
5.6488094s,1.2011013s,1.5106452s,4096,411,0
6.7605888s,1.3325781s,402.0876ms,4099,411,0
6.7912806s,1.2198148s,7.4438608s,4084,411,0
6.799152s,1.2111101s,7.4404552s,4090,411,0
5.8939585s,1.1802309s,8.3456487s,4082,411,0
6.7841277s,1.1713416s,402.055ms,4098,411,0
5.9802613s,1.2653701s,1.2086222s,4100,411,0
6.3898463s,1.4234104s,804.1487ms,4093,411,0
6.6134551s,1.202679s,7.6459928s,4085,411,0
6.6134551s,1.136225s,7.6459928s,4083,411,0
6.2092106s,1.2245806s,1.0048895s,4091,411,0
6.0344131s,1.2044689s,8.2483295s,4087,411,0
5.8388407s,1.275354s,8.4497214s,4081,411,0
6.028728s,1.2823574s,1.2056302s,4092,411,0
6.7968197s,1.4317682s,5.5366184s,4103,412,0
6.5145908s,1.1267146s,5.8374677s,4109,412,0
5.5174808s,1.0314063s,6.8458833s,4108,412,0
6.3284089s,1.0946262s,6.039722s,4106,412,0
5.7226058s,1.4388661s,6.6455251s,4104,412,0
6.9456519s,1.3857609s,5.4366814s,4105,412,0
6.6543387s,1.418819s,5.7334759s,4107,412,0
6.3555606s,1.2396937s,6.0364663s,4110,412,0
5.2647716s,1.0377776s,7.1415381s,4101,412,0
6.6722245s,1.1205366s,5.7340852s,4102,412,0
5.7595568s,1.3437115s,0s,4113,412,0
5.7656697s,1.02032s,0s,4111,412,0
6.0843125s,1.2128527s,4.2298926s,4125,414,0
5.983776s,1.1173685s,4.3304291s,4124,414,0
6.5520458s,1.0559013s,10.4709401s,4112,414,0
6.2078235s,1.2225515s,4.1267934s,4123,414,0
6.6777535s,1.0357146s,10.3745485s,4119,414,0
6.0800313s,1.2924293s,10.9722707s,4116,414,0
6.2881926s,1.2454093s,10.7678733s,4120,414,0
6.0255999s,1.133482s,4.3270061s,4126,414,0
6.7049773s,1.4668096s,10.3631767s,4114,414,0
5.7470114s,1.267862s,4.6258871s,4127,414,0
6.5180618s,1.2676707s,10.5740869s,4115,414,0
7.0605668s,1.3709726s,3.326285s,4122,414,0
6.6227784s,1.1998246s,10.4711508s,4118,414,0
6.364518s,1.0905205s,4.0241143s,4128,414,0
6.663374s,1.0342287s,3.7252583s,4130,414,0
7.179807s,1.3656365s,3.2166012s,4129,414,0
5.9743628s,1.1265606s,4.4220454s,4121,414,0
5.9357093s,1.0036555s,11.1738883s,4117,414,0
6.1208687s,1.108867s,10.0649922s,4140,416,0
6.3580869s,1.1574681s,3.0226095s,4144,416,0
6.5595815s,1.1236187s,2.8211149s,4143,416,0
6.4260753s,1.3179853s,9.7661281s,4131,416,0
6.0337624s,1.2297192s,10.1652192s,4137,416,0
6.6720842s,1.3049099s,2.7204264s,4145,416,0
6.4430151s,1.0934844s,9.76341s,4135,416,0
5.8803441s,1.2801092s,3.5251477s,4149,416,0
5.6570174s,1.1535031s,10.5673075s,4132,416,0
6.5057981s,1.1314245s,2.9220211s,4146,416,0
5.7033361s,1.4429767s,3.7271269s,4142,416,0
5.9702015s,1.4489365s,10.2717685s,4133,416,0
6.7263788s,1.4725909s,2.7157624s,4150,416,0
6.688893s,1.3022859s,9.5647552s,4134,416,0
5.8821494s,1.1355465s,10.3714988s,4136,416,0
6.7309624s,1.3511801s,2.7163117s,4147,416,0
6.5916813s,1.4100134s,9.6727153s,4138,416,0
6.9415913s,1.2754787s,2.5165677s,4148,416,0
6.8109639s,1.4695536s,9.4630086s,4139,416,0
6.0391351s,1.160598s,3.422852s,4141,416,0
5.5918599s,1.2157806s,2.2130026s,4164,418,0
5.7755346s,1.3185563s,9.0596464s,4157,418,0
6.3079211s,1.1116747s,1.5085714s,4166,418,0
6.4889563s,1.1905051s,8.3544831s,4160,418,0
6.3965444s,1.0564248s,8.4547721s,4153,418,0
6.2008924s,1.0885255s,8.6504241s,4159,418,0
6.1284017s,1.3245966s,1.7093629s,4162,418,0
6.8315438s,1.2022782s,1.0062208s,4167,418,0
6.4353989s,1.198044s,1.4085783s,4169,418,0
6.5428695s,1.1845028s,1.3066191s,4165,418,0
7.0228822s,1.3291753s,7.8494886s,4151,418,0
5.6399641s,1.1213626s,2.2117408s,4170,418,0
5.9444712s,1.18196s,1.9120901s,4163,418,0
6.6317318s,1.2812228s,8.2498894s,4155,418,0
6.8552789s,1.308525s,1.0057838s,4161,418,0
6.3551781s,1.4606358s,1.5090679s,4168,418,0
5.7321918s,1.0585481s,9.1575944s,4152,418,0
6.1458395s,1.0767172s,8.7522954s,4158,418,0
6.5659553s,1.3706778s,8.3517019s,4154,418,0
6.0572502s,1.0436555s,8.860407s,4156,418,0
5.8219191s,1.2633715s,7.3465337s,4171,419,0
6.8308616s,1.4469128s,6.3399843s,4174,419,0
7.0363011s,1.4728713s,6.1345448s,4178,419,0
6.0530747s,1.4916287s,100.2629ms,4186,419,0
6.9545215s,1.4865861s,6.2434346s,4175,419,0
6.5623079s,1.3305678s,6.6413681s,4179,419,0
6.6722377s,1.2898773s,6.5423249s,4180,419,0
6.7768935s,1.1283515s,6.4376691s,4173,419,0
6.6808437s,1.3655683s,6.54067s,4176,419,0
6.4877566s,1.2528839s,6.7369401s,4177,419,0
6.1012876s,1.4297046s,100.1084ms,4188,419,0
5.6096087s,1.0259116s,603.9112ms,4181,419,0
5.9069663s,1.1459068s,7.346192s,4172,419,0
6.2557677s,1.1955622s,0s,4185,419,0
6.538355s,1.3787603s,0s,4182,419,0
6.6120845s,1.4955047s,0s,4183,419,0
6.9200832s,1.4666566s,12.7695347s,4189,421,0
6.718564s,1.0194703s,12.9710539s,4184,421,0
6.7299146s,1.1286139s,12.9681893s,4187,421,0
6.457766s,1.424384s,6.3383413s,4195,421,0
7.0748884s,1.3695653s,5.7303248s,4192,421,0
6.8612494s,1.4994388s,12.8742145s,4190,421,0
5.7800213s,1.0258905s,7.0447842s,4196,421,0
6.1869593s,1.3755483s,6.6400814s,4193,421,0
6.1992443s,1.0436851s,6.6407925s,4199,421,0
6.4053472s,1.1804562s,6.4346896s,4200,421,0
6.209488s,1.3795649s,6.6397918s,4197,421,0
6.7140942s,1.3704503s,6.1351856s,4194,421,0
5.5773116s,1.2746447s,201.6352ms,4209,421,0
5.9248926s,1.1464784s,6.9354374s,4191,421,0
5.9248926s,1.0536628s,6.9354374s,4198,421,0
5.8862386s,1.0205228s,0s,4201,421,0
6.5855677s,1.476656s,4.7284035s,4215,423,0
6.1877662s,1.1476698s,5.1317837s,4216,423,0
6.4166582s,1.4245915s,11.8721872s,4203,423,0
6.2075067s,1.0091685s,5.1308769s,4217,423,0
6.4351846s,1.2502637s,11.8810455s,4206,423,0
6.4285876s,1.4433207s,4.9288736s,4212,423,0
6.3292496s,1.0993744s,5.0341396s,4218,423,0
6.949057s,1.2123254s,11.3768527s,4210,423,0
6.7451078s,1.2985722s,11.5808019s,4207,423,0
6.6392541s,1.0959688s,4.7323964s,4214,423,0
5.8385322s,1.1692084s,5.5345451s,4211,423,0
6.9625205s,1.0778088s,11.3730773s,4208,423,0
6.2543256s,1.3748656s,12.0812722s,4204,423,0
6.6715434s,1.0027769s,11.6738024s,4202,423,0
6.7770495s,1.3758243s,4.6223909s,4220,423,0
6.3762046s,1.3252815s,5.0232358s,4219,423,0
6.7942282s,1.4483256s,11.5677327s,4205,423,0
6.6815503s,1.181587s,4.7295372s,4213,423,0
6.5518767s,1.4073579s,4.0243005s,4240,425,0
7.0554892s,1.197363s,3.520688s,4239,425,0
6.1690727s,1.0794001s,11.6652016s,4224,425,0
6.3699554s,1.0966058s,11.4643189s,4225,425,0
6.2717354s,1.0789997s,11.5737344s,4227,425,0
6.2845597s,1.2855784s,11.5609101s,4228,425,0
5.9741937s,1.4605254s,4.6262555s,4234,425,0
6.6026049s,1.2381505s,11.2588172s,4226,425,0
6.5892856s,1.3936579s,4.022293s,4235,425,0
6.0880819s,1.2836989s,4.5289054s,4238,425,0
6.3063817s,1.0411284s,11.5667458s,4229,425,0
6.8272163s,1.2588797s,11.0628862s,4221,425,0
6.423325s,1.1503836s,4.2211555s,4231,425,0
6.8413666s,1.2906373s,11.0631768s,4230,425,0
6.348406s,1.3612348s,11.5671328s,4222,425,0
5.6326648s,1.1311402s,5.0317753s,4232,425,0
7.2549634s,1.4387219s,10.6660538s,4223,425,0
6.0409711s,1.1347302s,4.6289592s,4236,425,0
6.0459644s,1.132503s,4.626869s,4237,425,0
6.547899s,1.166461s,4.1249344s,4233,425,0
6.0765794s,1.090307s,3.2182397s,4255,427,0
6.6892522s,1.4577776s,9.4627664s,4247,427,0
5.8759897s,1.2047142s,3.4230684s,4258,427,0
6.6908055s,1.120624s,2.6134674s,4259,427,0
5.9091588s,1.3243966s,10.2672105s,4246,427,0
6.4140631s,1.1144577s,9.7623062s,4249,427,0
6.1135175s,1.037781s,10.0628518s,4250,427,0
6.6207547s,1.4682302s,9.5556146s,4243,427,0
5.6015952s,1.4310588s,3.7230781s,4257,427,0
6.1050023s,1.2818887s,3.219671s,4260,427,0
6.4267721s,1.0630318s,9.7579265s,4241,427,0
6.6354301s,1.256455s,9.5565882s,4244,427,0
6.3189937s,1.060804s,3.0158251s,4253,427,0
6.5235749s,1.1180201s,2.8175667s,4251,427,0
6.8571995s,1.3299459s,9.3568253s,4248,427,0
6.4460767s,1.1926759s,2.9134764s,4256,427,0
6.5730729s,1.4930494s,9.6606028s,4245,427,0
5.7621274s,1.267862s,3.6198611s,4254,427,0
6.5808884s,1.420552s,9.6582996s,4242,427,0
6.1688986s,1.2933622s,3.2180201s,4252,427,0
5.8578027s,1.1400014s,2.2137268s,4277,429,0
5.7198703s,1.2196152s,9.0590984s,4265,429,0
6.4317578s,1.2788421s,8.3514558s,4267,429,0
6.481467s,1.2777324s,1.6089077s,4272,429,0
6.4366968s,1.1892245s,8.3521404s,4264,429,0
6.1888923s,1.2285849s,1.9105765s,4278,429,0
5.686533s,1.1295504s,2.4129358s,4276,429,0
6.6980097s,1.336425s,1.4082727s,4275,429,0
7.0037216s,1.2631049s,1.1055119s,4279,429,0
6.3510695s,1.0004509s,8.4514817s,4268,429,0
6.8059618s,1.3474575s,1.3079515s,4273,429,0
6.2595118s,1.1802316s,8.5504494s,4269,429,0
6.469395s,1.3807791s,8.3447003s,4261,429,0
5.8628853s,1.4008055s,8.95121s,4270,429,0
6.3710382s,1.0232038s,8.4469741s,4266,429,0
7.0227635s,1.3510741s,1.1071397s,4274,429,0
5.5760004s,1.2442447s,9.2563576s,4263,429,0
6.6933177s,1.3010772s,8.1504043s,4262,429,0
6.1419927s,1.2053942s,2.0132264s,4280,429,0
6.8533937s,1.2285849s,1.3091344s,4271,429,0
6.2295068s,1.3396866s,200.6765ms,4291,430,0
5.643016s,1.468049s,7.8486765s,4288,430,0
6.3366251s,1.0305852s,100.4008ms,4298,430,0
6.0361925s,1.0073143s,402.607ms,4293,430,0
7.057811s,1.3999649s,6.4387995s,4283,430,0
6.3473845s,1.2913038s,100.8511ms,4300,430,0
6.1515684s,1.0889992s,302.7187ms,4292,430,0
6.8703974s,1.4773124s,6.6433233s,4289,430,0
5.5581087s,1.1714529s,7.955612s,4281,430,0
6.6775849s,1.1422668s,6.8466677s,4287,430,0
6.3713194s,1.2929106s,100.5114ms,4297,430,0
5.5825405s,1.1764184s,905.7816ms,4295,430,0
6.6031958s,1.327645s,6.9453472s,4282,430,0
6.4005498s,1.3713655s,7.1479932s,4285,430,0
6.4975517s,1.2946088s,0s,4296,430,0
6.3128228s,1.3107106s,7.2440946s,4290,430,0
6.9173027s,1.1827128s,6.6466097s,4284,430,0
6.4188237s,1.0148447s,7.1450887s,4286,430,0
6.6708045s,1.1787174s,0s,4294,430,0
6.7207569s,1.4165532s,0s,4299,430,0
6.5214788s,1.4948835s,6.6406274s,4305,432,0
5.7143154s,1.4948835s,7.4477908s,4306,432,0
6.7250784s,1.0966598s,6.4370278s,4310,432,0
6.3300345s,1.3778855s,6.847735s,4302,432,0
6.2416844s,1.3056391s,6.9426586s,4303,432,0
6.5538609s,1.0897136s,6.642658s,4307,432,0
6.5650437s,1.430849s,6.6444046s,4309,432,0
6.9663434s,1.4933852s,6.2431049s,4308,432,0
6.5826599s,1.2945693s,6.637593s,4301,432,0
5.981264s,1.2307832s,7.2472136s,4304,432,0
5.6680244s,1.0335202s,603.3833ms,4316,432,0
5.266255s,1.1692587s,1.0051527s,4315,432,0
6.2730155s,1.4003813s,0s,4320,432,0
5.9796827s,1.1104443s,301.6047ms,4313,432,0
6.2860029s,1.137548s,0s,4312,432,0
5.9894502s,1.2703798s,301.472ms,4317,432,0
6.3512153s,1.298639s,0s,4319,432,0
6.4428839s,1.3318065s,0s,4318,432,0
6.536901s,1.3663488s,0s,4311,432,0
7.007524s,1.4676952s,5.1365417s,4326,434,0
6.5105265s,1.0790131s,5.6335392s,4324,434,0
6.6137289s,1.0353153s,5.5303368s,4325,434,0
6.5070707s,1.2900285s,5.636995s,4321,434,0
6.0106248s,1.1765479s,6.1392324s,4327,434,0
6.2128882s,1.3415087s,5.936969s,4328,434,0
6.6245068s,1.1720028s,5.529811s,4330,434,0
6.3280059s,1.3136769s,5.8345074s,4322,434,0
6.8362376s,1.1453029s,5.3334935s,4323,434,0
6.8358969s,1.284531s,5.3362027s,4329,434,0
7.117289s,1.3807824s,12.1751371s,4314,434,0
6.2081416s,1.2154135s,11.7748208s,4335,436,0
6.0937608s,1.3477249s,4.7298441s,4350,436,0
5.7937341s,1.233508s,5.0343048s,4348,436,0
5.9133859s,1.0974956s,12.0777113s,4337,436,0
5.9087999s,1.3335629s,4.9297101s,4345,436,0
7.1137691s,1.4556103s,3.7247409s,4343,436,0
6.1309799s,1.2316013s,11.8700512s,4339,436,0
6.6166476s,1.3187424s,4.2226105s,4344,436,0
5.7328867s,1.0969636s,12.2781848s,4336,436,0
6.4468204s,1.4261735s,11.5734374s,4340,436,0
7.161773s,1.460648s,10.8651325s,4331,436,0
5.7529565s,1.0355166s,12.273949s,4334,436,0
6.0546474s,1.2259461s,11.9722581s,4338,436,0
6.1433491s,1.2824956s,4.7302531s,4342,436,0
6.5760431s,1.4126291s,11.4723119s,4333,436,0
6.4734254s,1.083012s,4.4279217s,4341,436,0
6.2709099s,1.0804126s,4.6298064s,4349,436,0
6.8927028s,1.4635949s,11.1704173s,4332,436,0
6.1778695s,1.1916774s,4.7292097s,4347,436,0
6.5822297s,1.4975907s,4.3248495s,4346,436,0
6.8882234s,1.3196266s,10.0558174s,4352,438,0
6.7406974s,1.1946039s,3.3180365s,4366,438,0
5.9985647s,1.1551739s,10.9596676s,4355,438,0
5.9985647s,1.0133421s,10.9596676s,4353,438,0
6.708509s,1.1675096s,10.2559308s,4357,438,0
5.9655809s,1.4395808s,4.1236511s,4369,438,0
6.0159838s,1.0003282s,10.9629255s,4356,438,0
6.0811319s,1.2750012s,4.021039s,4365,438,0
6.5837709s,1.4817902s,3.5184s,4367,438,0
6.4854357s,1.371796s,3.6180514s,4361,438,0
6.0876639s,1.2365651s,4.0195112s,4363,438,0
6.7394126s,1.3459511s,10.2576452s,4351,438,0
5.1906503s,1.0497276s,4.9252543s,4362,438,0
5.3406437s,1.0150827s,11.6742416s,4354,438,0
6.4083744s,1.171009s,3.7198392s,4364,438,0
6.3552804s,1.3034403s,10.661889s,4359,438,0
5.8599186s,1.0565087s,11.1635537s,4360,438,0
6.5213546s,1.2474234s,3.6154607s,4370,438,0
6.2687712s,1.3806236s,10.7581347s,4358,438,0
6.5329705s,1.3423563s,3.6211395s,4368,438,0
5.8048871s,1.3098397s,10.9684695s,4372,440,0
6.269594s,1.3255073s,3.5201927s,4383,440,0
5.9074167s,1.0192574s,10.87028s,4375,440,0
6.2763123s,1.3025631s,3.5219988s,4386,440,0
6.6181984s,1.4182694s,10.1649875s,4371,440,0
6.2874917s,1.4088115s,3.5201375s,4381,440,0
6.0273387s,1.4583269s,10.7655704s,4373,440,0
6.6411321s,1.4433733s,10.1605872s,4377,440,0
5.995088s,1.0443221s,3.8217565s,4388,440,0
5.9377054s,1.0276943s,10.8640139s,4378,440,0
6.0192063s,1.1698282s,3.8224433s,4387,440,0
5.8579229s,1.0604646s,10.9741604s,4376,440,0
6.4753369s,1.138508s,10.3635666s,4374,440,0
7.1418421s,1.3187034s,2.7167436s,4384,440,0
6.9848748s,1.1835631s,9.8645974s,4380,440,0
6.2486229s,1.1146163s,3.6227245s,4390,440,0
6.9569925s,1.258291s,2.9190608s,4389,440,0
6.1973261s,1.0124639s,10.6665944s,4379,440,0
6.6634147s,1.4970988s,3.2190682s,4382,440,0
6.86866s,1.3768222s,3.0177558s,4385,440,0
6.3232608s,1.4555564s,906.0046ms,4409,442,0
6.2066035s,1.2737595s,8.0520194s,4400,442,0
7.0274602s,1.456708s,7.2435371s,4395,442,0
6.8273964s,1.3638943s,7.4436009s,4391,442,0
6.1206109s,1.370203s,8.1503864s,4398,442,0
6.1221969s,1.0073597s,8.1488004s,4393,442,0
6.9485954s,1.3427178s,301.7304ms,4406,442,0
6.6503028s,1.3607295s,603.1966ms,4403,442,0
6.5512509s,1.1736884s,704.7514ms,4410,442,0
5.7489976s,1.0289532s,1.5086409s,4405,442,0
6.7413255s,1.1393872s,7.5454352s,4399,442,0
6.6573344s,1.2566576s,605.2151ms,4407,442,0
6.3553848s,1.4603181s,907.1647ms,4404,442,0
6.8480818s,1.4138339s,7.4491119s,4392,442,0
6.1587373s,1.3578957s,8.1552707s,4396,442,0
6.3631949s,1.4989495s,7.9517277s,4397,442,0
6.8880633s,1.4115635s,401.8039ms,4402,442,0
6.0714461s,1.0002912s,8.2514348s,4394,442,0
6.7093862s,1.2163178s,603.8198ms,4401,442,0
6.7131192s,1.2367078s,602.7891ms,4408,442,0
6.5573354s,1.2859501s,6.9421292s,4416,443,0
6.7583648s,1.0046383s,6.7410998s,4412,443,0
5.7192132s,1.0286856s,907.5539ms,4425,443,0
6.0566309s,1.4234884s,7.4448686s,4415,443,0
6.332144s,1.3512374s,301.8723ms,4429,443,0
6.6704534s,1.2465259s,6.838961s,4418,443,0
6.8731592s,1.3397085s,6.6401552s,4413,443,0
6.3423352s,1.3338164s,301.1717ms,4426,443,0
6.6897536s,1.0219255s,6.8415414s,4420,443,0
6.2619702s,1.406719s,401.0001ms,4421,443,0
6.5981061s,1.1276614s,6.9464352s,4414,443,0
6.3993462s,1.1627175s,7.1457796s,4417,443,0
6.6725214s,1.1325037s,0s,4423,443,0
6.2726207s,1.2519253s,402.5624ms,4422,443,0
6.2871992s,1.2328804s,402.631ms,4430,443,0
5.6324273s,1.4415334s,7.9468975s,4411,443,0
6.236465s,1.3936367s,7.3428598s,4419,443,0
6.3059581s,1.3205705s,403.8737ms,4428,443,0
6.7927424s,1.4567766s,0s,4424,443,0
6.8188996s,1.4103224s,0s,4427,443,0
6.56217s,1.2626827s,6.5428876s,4435,445,0
6.4602888s,1.4547334s,6.6465558s,4432,445,0
6.5715575s,1.3529315s,6.540357s,4440,445,0
5.9666512s,1.2504961s,7.1452633s,4436,445,0
6.4006574s,1.2723289s,0s,4442,445,0
6.5787196s,1.216869s,6.5420796s,4437,445,0
6.4843246s,1.4558643s,6.6422166s,4439,445,0
6.6893794s,1.379895s,6.4435192s,4434,445,0
6.2894235s,1.3967057s,6.8512298s,4431,445,0
6.7170353s,1.4955447s,6.4394147s,4433,445,0
5.5408519s,1.0305239s,905.7365ms,4444,445,0
6.1317254s,1.1056127s,7.0406566s,4438,445,0
6.2646961s,1.4984162s,201.3652ms,4443,445,0
6.4688258s,1.0395083s,0s,4447,445,0
6.4978294s,1.352875s,0s,4445,445,0
6.6204212s,1.1366732s,0s,4450,445,0
6.6432803s,1.2779073s,0s,4449,445,0
6.6650076s,1.1236576s,0s,4441,445,0
6.2651531s,1.2500114s,6.8390867s,4455,447,0
5.8622695s,1.2637409s,7.2419703s,4452,447,0
6.7715809s,1.1479038s,6.339346s,4454,447,0
6.0740154s,1.146807s,7.0417073s,4457,447,0
6.3806675s,1.3038453s,6.7476353s,4458,447,0
6.4913313s,1.0081968s,6.6429583s,4451,447,0
6.6134301s,1.1357308s,6.5395605s,4460,447,0
6.1200486s,1.0121856s,7.0444295s,4453,447,0
6.9599712s,1.2917882s,13.1842192s,4448,447,0
7.3458156s,1.4912098s,5.832035s,4456,447,0
6.9772466s,1.2917882s,13.1785738s,4446,447,0
6.4457781s,1.0996304s,6.745933s,4459,447,0
5.9631732s,1.3292406s,0s,4468,447,0
6.1070331s,1.4414611s,0s,4465,447,0
6.8079961s,1.2257157s,3.2222618s,4472,449,0
6.3083624s,1.2838928s,3.7240455s,4475,449,0
6.0116435s,1.4897126s,4.0274447s,4473,449,0
6.6094733s,1.3838425s,10.5703389s,4467,449,0
6.7198993s,1.3498215s,3.3234431s,4474,449,0
6.4349476s,1.4123738s,10.76637s,4469,449,0
5.6323001s,1.034873s,4.4279087s,4471,449,0
6.8328625s,1.48655s,10.3684551s,4461,449,0
7.1411088s,1.2982458s,10.0602088s,4464,449,0
6.6382395s,1.4117524s,10.5630781s,4470,449,0
6.3431797s,1.2796036s,3.7227936s,4478,449,0
6.6441924s,1.2261114s,3.4217809s,4476,449,0
6.5521205s,1.384868s,3.5224106s,4480,449,0
6.3517494s,1.138864s,3.7227817s,4477,449,0
6.2582512s,1.2236862s,10.9713014s,4463,449,0
6.375751s,1.0898854s,3.7254294s,4479,449,0
6.677887s,1.2745068s,10.5644022s,4462,449,0
6.5895208s,1.3085166s,10.6708083s,4466,449,0
5.928207s,1.1678721s,1.7127637s,4499,451,0
7.136841s,1.3579716s,7.6482549s,4484,451,0
7.1385477s,1.4406433s,7.6529245s,4487,451,0
6.6394624s,1.0676388s,8.1520098s,4483,451,0
6.3368621s,1.342686s,8.4546101s,4485,451,0
7.1483105s,1.4815575s,505.1921ms,4497,451,0
6.3429434s,1.2305486s,8.4521061s,4482,451,0
6.1392865s,1.0823912s,8.655763s,4490,451,0
6.656208s,1.0116848s,8.1554509s,4488,451,0
6.1664959s,1.0842197s,1.5100809s,4496,451,0
6.2851314s,1.1886237s,1.4091053s,4491,451,0
5.8913418s,1.1948513s,1.8094269s,4492,451,0
5.4901941s,1.3807564s,2.2133139s,4498,451,0
6.5986081s,1.3396097s,1.1048999s,4494,451,0
6.4952613s,1.3388001s,1.2082467s,4493,451,0
6.3932443s,1.4293818s,8.4488114s,4481,451,0
6.9087517s,1.4731836s,806.0839ms,4495,451,0
5.701178s,1.1285929s,2.0136576s,4500,451,0
6.6084348s,1.3898906s,8.2576245s,4489,451,0
6.2190126s,1.0187892s,8.6470467s,4486,451,0
6.6499972s,1.4058576s,6.5467651s,4509,452,0
6.6662825s,1.2160689s,6.5375604s,4501,452,0
6.1589995s,1.1734695s,7.0448434s,4506,452,0
5.7119782s,1.1293886s,402.0535ms,4518,452,0
6.6701932s,1.4598404s,6.5417611s,4503,452,0
6.2778886s,1.2224465s,6.9373977s,4504,452,0
6.5779011s,1.0407052s,6.6373852s,4502,452,0
6.1835015s,1.3124729s,7.0404958s,4505,452,0
7.0935861s,1.4030228s,6.1380066s,4508,452,0
5.9379441s,1.1390463s,200.7287ms,4514,452,0
5.7873755s,1.3564518s,7.4485501s,4510,452,0
6.4059389s,1.4794461s,6.8442773s,4507,452,0
6.3440052s,1.2427856s,0s,4515,452,0
6.4503457s,1.1045997s,0s,4519,452,0
6.467027s,1.0103257s,0s,4513,452,0
6.1748746s,1.2664089s,5.9388569s,4521,454,0
6.7018459s,1.024549s,12.2650489s,4512,454,0
5.8824844s,1.0204316s,6.2357524s,4524,454,0
6.3949004s,1.398287s,5.730967s,4527,454,0
6.9982317s,1.3972465s,5.1276357s,4530,454,0
6.8156498s,1.4173572s,12.1599438s,4517,454,0
6.6097413s,1.0419219s,12.3658523s,4516,454,0
6.7116875s,1.4633606s,12.2642497s,4511,454,0
6.206763s,1.254797s,5.9359916s,4522,454,0
5.91507s,1.1485856s,6.2420013s,4526,454,0
6.1349258s,1.0952939s,6.0405768s,4525,454,0
6.0367233s,1.4023157s,6.1392277s,4523,454,0
6.8497262s,1.0738444s,12.1769906s,4520,454,0
6.341769s,1.166645s,5.837916s,4528,454,0
5.5650683s,1.0472432s,6.6430012s,4529,454,0
6.6389692s,1.2377236s,3.7246215s,4545,456,0
6.7405817s,1.2373266s,10.3670556s,4536,456,0
6.5493805s,1.3241885s,10.5604907s,4532,456,0
5.9451653s,1.3755766s,11.1647059s,4535,456,0
7.258618s,1.3888882s,3.1178125s,4543,456,0
6.0646624s,1.3483154s,4.3252834s,4549,456,0
6.2671395s,1.480376s,4.1267038s,4541,456,0
6.4725598s,1.108699s,10.6635931s,4531,456,0
6.5764138s,1.0208577s,3.8233861s,4550,456,0
6.0765032s,1.089672s,11.0691296s,4539,456,0
6.2904183s,1.1138454s,4.1268417s,4547,456,0
5.8941787s,1.3606473s,4.5292865s,4548,456,0
6.5993387s,1.1706323s,10.5701404s,4537,456,0
6.3259119s,1.3089548s,10.8602212s,4534,456,0
6.520651s,1.4488598s,3.9249004s,4542,456,0
5.4320648s,1.0818348s,5.0228076s,4544,456,0
6.1356914s,1.2726472s,11.0597627s,4540,456,0
5.7259371s,1.0015389s,4.7294269s,4546,456,0
6.1356914s,1.2285514s,11.0597627s,4538,456,0
6.7329177s,1.3263723s,10.463028s,4533,456,0
6.5159607s,1.3137109s,1.7117245s,4565,458,0
7.0207803s,1.2723692s,1.208166s,4566,458,0
6.8250516s,1.157581s,1.4092078s,4563,458,0
5.9377993s,1.1614669s,9.2617756s,4557,458,0
6.2318193s,1.3422908s,2.012089s,4569,458,0
6.5499681s,1.1426509s,8.6585978s,4551,458,0
6.4531108s,1.1426509s,8.7554551s,4554,458,0
6.9600671s,1.4075715s,8.257154s,4553,458,0
5.9489398s,1.1451551s,2.313591s,4562,458,0
5.6462101s,1.3030502s,2.6163207s,4561,458,0
6.0558864s,1.3384713s,2.2134636s,4570,458,0
6.2551383s,1.0384881s,2.0142117s,4564,458,0
6.1785413s,1.1199316s,2.1113824s,4567,458,0
6.1914472s,1.0906464s,9.0589376s,4556,458,0
6.0780683s,1.0081783s,2.2118554s,4568,458,0
6.5124124s,1.2717583s,8.7507302s,4552,458,0
6.1070771s,1.3435423s,9.1560655s,4559,458,0
6.0157974s,1.0105928s,9.2570126s,4558,458,0
6.2222924s,1.1026997s,9.0594032s,4555,458,0
6.0254295s,1.1660142s,9.2562661s,4560,458,0
6.0316833s,1.1628972s,1.3070462s,4588,460,0
6.5254757s,1.2388199s,7.6516597s,4579,460,0
6.3406348s,1.0907384s,1.0056519s,4582,460,0
6.838262s,1.2374973s,7.3511014s,4577,460,0
6.6448358s,1.2958423s,7.5515728s,4574,460,0
6.2446525s,1.4674024s,7.9517561s,4573,460,0
6.4584573s,1.2491586s,7.745256s,4572,460,0
6.3652733s,1.237201s,1.0043606s,4581,460,0
5.7607008s,1.1615331s,8.4556794s,4571,460,0
5.9716045s,1.4646892s,1.4085137s,4585,460,0
6.4773461s,1.1053201s,904.8275ms,4587,460,0
6.0740061s,1.3742218s,1.3081675s,4584,460,0
6.3832728s,1.2766799s,7.8462503s,4578,460,0
6.0886873s,1.2839792s,1.3068336s,4586,460,0
6.1884566s,1.3707509s,1.2070643s,4583,460,0
6.4917676s,1.0927162s,905.8414ms,4590,460,0
5.9096697s,1.120731s,1.5086931s,4589,460,0
6.2101419s,1.427501s,8.0529009s,4580,460,0
6.417861s,1.293365s,7.8487506s,4576,460,0
6.5211932s,1.3865534s,7.7454184s,4575,460,0
6.643183s,1.3278328s,6.5419842s,4591,461,0
5.2542779s,1.0538301s,7.9407258s,4593,461,0
5.843201s,1.08403s,7.3518027s,4596,461,0
6.0496729s,1.1075698s,7.1453308s,4594,461,0
6.2712733s,1.3056421s,301.8156ms,4608,461,0
5.7713098s,1.2715683s,804.1578ms,4601,461,0
6.5783275s,1.3997853s,0s,4604,461,0
6.3821147s,1.1528212s,6.8408414s,4592,461,0
6.2803387s,1.3720512s,300.9559ms,4602,461,0
6.589196s,1.4793267s,6.6422951s,4597,461,0
5.8879119s,1.0880369s,7.3472936s,4598,461,0
6.1938007s,1.0374431s,403.0755ms,4603,461,0
6.2982413s,1.3510407s,6.9467343s,4599,461,0
5.910356s,1.3197414s,704.3211ms,4609,461,0
6.5208957s,1.034727s,101.218ms,4606,461,0
6.6233095s,1.1126446s,6.647581s,4595,461,0
5.7248015s,1.0314709s,905.5698ms,4610,461,0
5.631559s,1.0388251s,7.6445884s,4600,461,0
6.7507268s,1.3228368s,0s,4605,461,0
6.9799858s,1.4585813s,0s,4607,461,0
6.271901s,1.1307501s,6.7450754s,4612,463,0
6.7802493s,1.2617551s,6.2399595s,4618,463,0
5.8840932s,1.2714007s,7.1459567s,4620,463,0
6.0996925s,1.0685756s,6.9425844s,4611,463,0
6.1094077s,1.2235574s,6.9454014s,4613,463,0
6.0291028s,1.1808533s,7.0485847s,4617,463,0
5.8152968s,1.098505s,201.3199ms,4629,463,0
6.4465448s,1.3339739s,6.6460955s,4615,463,0
6.8561533s,1.3026552s,6.2382198s,4614,463,0
5.3320776s,1.0155295s,702.3529ms,4622,463,0
7.0625938s,1.4275302s,6.0371124s,4616,463,0
5.9378581s,1.4986469s,100.3588ms,4621,463,0
6.0604424s,1.119831s,7.0452102s,4619,463,0
5.8454384s,1.086594s,200.9555ms,4627,463,0
6.0644451s,1.2472124s,0s,4624,463,0
6.1618926s,1.4134763s,0s,4623,463,0
6.4845137s,1.1524535s,4.1240701s,4634,465,0
6.814801s,1.379675s,10.7662181s,4626,465,0
6.7982192s,1.0195326s,3.8195868s,4633,465,0
5.8920886s,1.008101s,4.7257174s,4639,465,0
6.2957844s,1.1117483s,4.3220216s,4640,465,0
7.0026135s,1.3772556s,3.6229436s,4637,465,0
6.8322168s,1.2999087s,10.7653761s,4625,465,0
5.9103434s,1.1512627s,4.730059s,4635,465,0
6.7170694s,1.2205736s,3.923333s,4638,465,0
6.8388214s,1.2077557s,10.7704532s,4628,465,0
6.016704s,1.3698504s,4.6256121s,4631,465,0
6.528794s,1.1585843s,4.1253279s,4632,465,0
6.9669585s,1.4956315s,10.6749538s,4630,465,0
6.2514677s,1.2887608s,4.426866s,4636,465,0
6.6011281s,1.3924857s,9.6599783s,4641,467,0
6.8123138s,1.0664363s,9.4548667s,4642,467,0
6.7327559s,1.40685s,2.313039s,4651,467,0
6.3291525s,1.2095708s,2.7166424s,4652,467,0
6.2087139s,1.3125855s,10.0620345s,4648,467,0
6.2337804s,1.4446261s,2.8196553s,4660,467,0
6.4157569s,1.1375819s,9.8609107s,4647,467,0
7.2213856s,1.3885755s,9.0594189s,4645,467,0
5.3461858s,1.1724597s,3.7247935s,4653,467,0
6.6583902s,1.1897532s,2.4157401s,4654,467,0
6.5624326s,1.3465304s,2.5154556s,4657,467,0
6.6441815s,1.1141354s,9.6566795s,4643,467,0
5.8670336s,1.0809231s,3.2231059s,4658,467,0
6.0578408s,1.0254925s,10.267535s,4650,467,0
6.7647525s,1.3389822s,9.5667154s,4646,467,0
5.6934847s,1.1778336s,3.4201579s,4659,467,0
6.577753s,1.3313483s,9.7572752s,4644,467,0
6.5822596s,1.3965168s,9.7608108s,4649,467,0
6.9152475s,1.4966461s,2.2112914s,4655,467,0
6.2084547s,1.2864939s,2.9180842s,4656,467,0
5.9855576s,1.2487146s,401.3803ms,4676,468,0
6.5844483s,1.1957591s,6.9408669s,4668,468,0
6.6935628s,1.2534587s,6.8398311s,4666,468,0
6.0919489s,1.3533465s,7.4464864s,4669,468,0
6.0056705s,1.1733721s,402.2695ms,4680,468,0
6.3243341s,1.2836429s,101.3835ms,4675,468,0
6.5185582s,1.3015916s,7.0435348s,4667,468,0
6.0203111s,1.3213934s,7.5465908s,4664,468,0
6.4349181s,1.2171186s,0s,4678,468,0
7.1319838s,1.3954126s,6.4349181s,4662,468,0
6.1324901s,1.3911965s,7.4434986s,4670,468,0
6.4336857s,1.4269056s,7.142303s,4663,468,0
6.4468947s,1.0128111s,7.1443187s,4661,468,0
5.7615811s,1.1286863s,703.7135ms,4679,468,0
6.3665575s,1.3286004s,100.0167ms,4674,468,0
6.2613961s,1.4956068s,7.3436041s,4665,468,0
6.5671689s,1.2825977s,0s,4677,468,0
6.6170559s,1.2517628s,0s,4672,468,0
6.7747876s,1.4702573s,0s,4673,468,0
6.9693787s,1.3345672s,5.5352101s,4688,470,0
6.3720632s,1.4748587s,6.1372325s,4687,470,0
6.1939131s,1.28667s,6.3334806s,4690,470,0
5.4915471s,1.147694s,7.0481311s,4685,470,0
6.5033197s,1.166337s,6.0373799s,4682,470,0
5.7093157s,1.1605872s,6.8405149s,4684,470,0
6.5227263s,1.3884608s,6.0401998s,4683,470,0
6.6242687s,1.274727s,5.9421406s,4681,470,0
6.8852575s,1.2735391s,12.5741774s,4671,470,0
6.643515s,1.4823419s,5.9315551s,4686,470,0
6.0407067s,1.2424048s,6.5406207s,4689,470,0
6.3960132s,1.4306173s,4.6283646s,4702,472,0
5.6926602s,1.2836779s,5.3317176s,4701,472,0
6.6472438s,1.4792473s,11.4886383s,4692,472,0
6.2448002s,1.1195906s,11.8910819s,4696,472,0
6.8854871s,1.2073026s,11.2552453s,4694,472,0
6.4128056s,1.3795505s,4.6220726s,4704,472,0
6.4143338s,1.1564641s,4.6295397s,4709,472,0
6.1846107s,1.12064s,11.965117s,4698,472,0
6.2833143s,1.1005416s,11.8664134s,4691,472,0
6.7338247s,1.3693229s,4.3234075s,4710,472,0
6.7011132s,1.1195906s,11.4669956s,4700,472,0
6.3938134s,1.2812118s,11.7742954s,4693,472,0
6.134451s,1.4416754s,4.9278036s,4706,472,0
7.1058542s,1.4348288s,11.0699233s,4697,472,0
6.5093585s,1.369897s,11.6721648s,4695,472,0
6.6704421s,1.3127028s,4.4261106s,4707,472,0
6.2792506s,1.0114382s,4.8283785s,4703,472,0
6.6832237s,1.4893517s,4.4244054s,4708,472,0
5.5754987s,1.093652s,5.5353339s,4705,472,0
6.9471846s,1.3465575s,11.2695022s,4699,472,0
6.5991606s,1.3669319s,2.9176986s,4729,474,0
6.3982549s,1.3146725s,3.1186043s,4730,474,0
6.1529155s,1.3266344s,10.3624418s,4713,474,0
5.9430392s,1.1574047s,10.5723181s,4712,474,0
6.2173552s,1.4365751s,3.3213646s,4723,474,0
6.5367737s,1.4965194s,3.0162534s,4725,474,0
6.3358095s,1.1515236s,3.2175469s,4728,474,0
6.982909s,1.4954024s,9.5608662s,4714,474,0
6.4771981s,1.2654672s,10.0665771s,4717,474,0
6.9845188s,1.463848s,9.5604925s,4716,474,0
5.6395038s,1.0876461s,3.9234462s,4726,474,0
6.1442467s,1.4297526s,3.4193546s,4727,474,0
6.7477869s,1.2951264s,2.8158144s,4721,474,0
6.549407s,1.2184363s,3.0174776s,4722,474,0
6.8911785s,1.372545s,9.6617506s,4715,474,0
5.9930118s,1.1374055s,10.5698428s,4718,474,0
6.699865s,1.4936577s,9.8666179s,4719,474,0
6.0097855s,1.0515271s,10.5667262s,4711,474,0
6.7881543s,1.3526251s,2.8158388s,4724,474,0
6.9402237s,1.2124541s,9.6603723s,4720,474,0
5.5598088s,1.157212s,9.4592058s,4740,476,0
6.5742179s,1.485629s,8.4472856s,4735,476,0
7.115039s,1.4294052s,1.1067656s,4742,476,0
6.0822546s,1.2140237s,8.9534586s,4733,476,0
6.7250019s,1.320382s,1.5110124s,4744,476,0
6.7916908s,1.3807659s,8.2485035s,4738,476,0
6.028382s,1.2263255s,2.2152129s,4746,476,0
6.7996989s,1.3341156s,8.2470664s,4736,476,0
6.499489s,1.0425082s,8.5472763s,4739,476,0
6.4077029s,1.1367011s,8.6547217s,4732,476,0
6.3509596s,1.4196618s,1.9117661s,4750,476,0
6.2048663s,1.0654347s,8.8575583s,4731,476,0
6.1579303s,1.1924218s,2.1107683s,4743,476,0
6.8646846s,1.3085098s,1.4070642s,4748,476,0
6.5310146s,1.3731765s,8.5473215s,4734,476,0
6.0768839s,1.1884722s,2.2139897s,4741,476,0
6.8890886s,1.3024053s,1.4081389s,4745,476,0
5.8835974s,1.3651875s,2.4136301s,4749,476,0
6.4942348s,1.3809891s,1.809439s,4747,476,0
6.4528411s,1.0425082s,8.6570713s,4737,476,0
6.5665077s,1.1237916s,1.2080646s,4770,478,0
6.0703782s,1.2725932s,1.7119703s,4767,478,0
6.776031s,1.2557848s,1.0063175s,4763,478,0
6.7737882s,1.3804459s,7.8519447s,4759,478,0
6.0726441s,1.3995391s,8.5530888s,4751,478,0
6.6816369s,1.3336051s,1.1077479s,4768,478,0
5.8806567s,1.2250142s,8.7525259s,4752,478,0
5.9810919s,1.0378929s,8.6520907s,4754,478,0
6.4878912s,1.0785746s,8.1518249s,4760,478,0
6.1871421s,1.0447202s,8.4556766s,4756,478,0
6.7076551s,1.2463108s,1.1066808s,4766,478,0
5.8202265s,1.4709934s,8.8507529s,4755,478,0
6.1209577s,1.1518762s,1.7111854s,4761,478,0
6.6321415s,1.1254658s,1.2067836s,4764,478,0
6.935031s,1.4300279s,906.1533ms,4765,478,0
6.2328379s,1.2250142s,8.4535922s,4757,478,0
6.8388363s,1.4674845s,7.8495475s,4753,478,0
6.642859s,1.0245849s,1.2093313s,4769,478,0
6.4492942s,1.0765373s,1.4090092s,4762,478,0
6.440717s,1.3532559s,8.2564227s,4758,478,0
6.8580663s,1.1976448s,5.635014s,4779,479,0
6.4707681s,1.0702955s,6.040378s,4777,479,0
6.488582s,1.3391698s,6.0383s,4772,479,0
5.8915439s,1.1976448s,6.6450128s,4775,479,0
5.599018s,1.0059235s,6.9419251s,4778,479,0
5.806368s,1.0647291s,6.7394007s,4776,479,0
5.6983908s,1.2815563s,0s,4782,479,0
5.8161155s,1.1804679s,6.7444051s,4780,479,0
6.1222661s,1.0725302s,6.4382545s,4773,479,0
6.426056s,1.2135088s,6.1407394s,4774,479,0
6.2353711s,1.4795726s,6.3398041s,4771,479,0
5.8300569s,1.1488741s,0s,4781,479,0
6.0296138s,1.2159938s,0s,4784,479,0
6.0799889s,1.0255703s,0s,4790,479,0
6.4580974s,1.2036357s,11.5749067s,4787,481,0
6.222361s,1.0352711s,4.8305734s,4798,481,0
6.0266883s,1.2105828s,5.0320398s,4791,481,0
6.672905s,1.103407s,11.370216s,4785,481,0
6.9826583s,1.4578825s,11.075614s,4783,481,0
7.1510112s,1.4758105s,3.9278569s,4792,481,0
6.4559585s,1.4357287s,4.6313772s,4797,481,0
6.571243s,1.3918102s,4.5310583s,4794,481,0
6.7260431s,1.3327606s,11.3718159s,4786,481,0
6.6942605s,1.3879815s,4.4259139s,4796,481,0
6.2938048s,1.4132256s,4.8263696s,4799,481,0
5.7938878s,1.0975874s,5.3326166s,4800,481,0
6.2337684s,1.1905207s,11.8753943s,4789,481,0
5.4935205s,1.1416174s,5.6354172s,4793,481,0
6.3017997s,1.448665s,4.8326903s,4795,481,0
6.852101s,1.2481292s,11.2745938s,4788,481,0
6.6930475s,1.4171139s,3.1215929s,4820,483,0
6.4389095s,1.3902687s,10.6652485s,4803,483,0
6.2432125s,1.4365981s,10.8682412s,4804,483,0
6.4080821s,1.3593306s,3.4205753s,4811,483,0
6.6618556s,1.1885714s,10.4609903s,4810,483,0
7.2895176s,1.4423235s,9.8576065s,4807,483,0
6.4383332s,1.0748417s,3.4192733s,4814,483,0
5.9379584s,1.2797329s,3.9266217s,4812,483,0
6.1433487s,1.0435545s,3.7215781s,4817,483,0
6.4938686s,1.0854516s,10.6638872s,4801,483,0
6.0900998s,1.0057763s,11.067656s,4809,483,0
5.6958519s,1.0302675s,11.4638027s,4806,483,0
5.9492121s,1.3187633s,3.9224585s,4819,483,0
6.7523258s,1.2733688s,3.1193448s,4818,483,0
6.9577942s,1.242353s,2.9196037s,4813,483,0
5.9553728s,1.0375765s,3.9252297s,4815,483,0
5.4633326s,1.1536181s,4.4236519s,4816,483,0
7.020539s,1.3995492s,10.1705096s,4805,483,0
6.7315989s,1.3973491s,10.4650884s,4808,483,0
6.5349225s,1.3594294s,10.6617648s,4802,483,0
5.859866s,1.0636025s,10.3624839s,4827,485,0
6.1258769s,1.1590371s,2.9174496s,4837,485,0
7.1840107s,1.4548016s,9.0574911s,4822,485,0
6.3850739s,1.3707982s,9.8564279s,4821,485,0
6.0784957s,1.0653443s,10.1630061s,4830,485,0
6.2807368s,1.498111s,9.9612938s,4823,485,0
6.3760268s,1.29605s,9.8660038s,4829,485,0
6.3882003s,1.0653443s,9.8656295s,4828,485,0
6.9580075s,1.457692s,2.1127291s,4839,485,0
6.0532978s,1.0947212s,3.0174388s,4840,485,0
6.9628767s,1.3667935s,2.1125571s,4831,485,0
7.169145s,1.35025s,1.9133413s,4833,485,0
6.4684355s,1.021789s,2.6163103s,4838,485,0
6.374862s,1.1245635s,2.7179467s,4836,485,0
6.5225104s,1.4227898s,9.7608666s,4824,485,0
6.4307901s,1.460866s,9.869053s,4825,485,0
6.8031091s,1.3976068s,2.3141736s,4835,485,0
6.4463099s,1.0334257s,9.8632655s,4826,485,0
6.6100288s,1.037894s,2.5144915s,4834,485,0
6.7112755s,1.2391966s,2.4132448s,4832,485,0
6.7790998s,1.4738369s,1.8119908s,4851,487,0
6.4008666s,1.1751204s,9.0592697s,4848,487,0
6.7151472s,1.3074336s,8.7590192s,4844,487,0
6.5086051s,1.1440475s,2.1169321s,4852,487,0
6.4143845s,1.4187081s,2.2131132s,4856,487,0
6.4319217s,1.4145976s,9.0561199s,4849,487,0
6.0299877s,1.262385s,9.4580539s,4847,487,0
6.8185995s,1.2363301s,1.8114768s,4855,487,0
6.4205816s,1.2979984s,2.2160718s,4859,487,0
6.2513101s,1.4485088s,9.250896s,4845,487,0
6.1261924s,1.1612842s,2.5154698s,4858,487,0
6.6582151s,1.3301332s,8.8538825s,4841,487,0
6.859514s,1.2590612s,8.6525836s,4843,487,0
6.2566909s,1.0989845s,9.2617947s,4842,487,0
5.9620944s,1.0555615s,9.5586401s,4846,487,0
5.842731s,1.2438991s,2.8174596s,4857,487,0
6.1462292s,1.019568s,2.5139614s,4860,487,0
6.173289s,1.2834589s,9.3569381s,4850,487,0
6.5654911s,1.1669587s,2.1134542s,4854,487,0
6.6663966s,1.4229583s,2.0125487s,4853,487,0
5.3458003s,1.2988191s,7.7480485s,4864,488,0
6.5545553s,1.2237817s,6.543211s,4863,488,0
6.3723935s,1.314452s,6.7383578s,4868,488,0
6.9762548s,1.441812s,6.1344965s,4861,488,0
6.9705278s,1.4346349s,6.1402235s,4862,488,0
7.082579s,1.1876856s,6.0361253s,4870,488,0
6.2991001s,1.4855696s,6.8426004s,4866,488,0
6.5018058s,1.1604373s,6.6443341s,4865,488,0
6.3096402s,1.2616427s,6.8427939s,4867,488,0
6.5096522s,1.3633433s,6.6427819s,4869,488,0
6.1063717s,1.3778664s,0s,4874,488,0
6.2501136s,1.3155931s,0s,4877,488,0
6.2600096s,1.1186137s,0s,4878,488,0
6.2950855s,1.2744229s,0s,4879,488,0
6.3662724s,1.0316862s,0s,4871,488,0
6.4358087s,1.0932898s,0s,4880,488,0
5.8146547s,1.0743029s,200.5713ms,4891,490,0
5.8288577s,1.0602072s,6.9381815s,4888,490,0
6.8259294s,1.2734376s,12.7771586s,4873,490,0
6.7473137s,1.0278783s,6.0323594s,4882,490,0
6.5434381s,1.4567132s,6.236235s,4884,490,0
6.6431926s,1.4168809s,12.9722578s,4875,490,0
6.6431926s,1.0725431s,12.9722578s,4876,490,0
5.9507997s,1.1214774s,100.883ms,4899,490,0
6.666824s,1.1218655s,6.1331913s,4886,490,0
5.8747785s,1.0621487s,6.9394295s,4890,490,0
6.5887518s,1.2637661s,6.2287213s,4883,490,0
6.2815156s,1.1026473s,6.5359575s,4887,490,0
6.7784036s,1.2647625s,12.8737001s,4872,490,0
5.9792201s,1.0695786s,100.6553ms,4898,490,0
6.1927682s,1.3956299s,6.6380882s,4885,490,0
6.6035247s,1.0135174s,6.233617s,4889,490,0
5.9944301s,1.1164921s,6.8427116s,4881,490,0
6.1049639s,1.4875616s,0s,4896,490,0
6.1437936s,1.1356065s,0s,4897,490,0
6.1596389s,1.1893444s,0s,4894,490,0
6.4410563s,1.2448292s,0s,4900,490,0
6.443389s,1.3723536s,0s,4892,490,0
5.4281292s,1.2159115s,5.8333122s,4902,492,0
6.7057132s,1.1344921s,11.2619142s,4895,492,0
5.9526259s,1.3836811s,5.3303088s,4905,492,0
6.5158339s,1.2762568s,11.4732868s,4893,492,0
6.6526794s,1.2496483s,4.6302553s,4903,492,0
5.6590381s,1.2229555s,5.631015s,4904,492,0
6.8697293s,1.4617106s,4.4236702s,4908,492,0
6.3671006s,1.1668307s,4.9262989s,4901,492,0
6.5683999s,1.2737632s,4.7249996s,4906,492,0
5.3622685s,1.1585123s,5.9378363s,4909,492,0
5.564294s,1.0039151s,5.7358108s,4910,492,0
6.1215306s,1.4148292s,5.2303053s,4907,492,0
6.5130617s,1.3142749s,9.2535194s,4913,494,0
6.3122905s,1.3536796s,2.6159316s,4921,494,0
5.918876s,1.1152239s,3.018118s,4930,494,0
5.9202068s,1.0042069s,3.0202166s,4925,494,0
5.8201054s,1.006429s,9.9600917s,4918,494,0
6.7357904s,1.3340017s,2.2145631s,4927,494,0
6.4340596s,1.3217585s,9.3578958s,4920,494,0
6.838359s,1.3854625s,8.9535964s,4915,494,0
5.9379093s,1.0996875s,3.0173267s,4926,494,0
6.4404394s,1.0977229s,9.3531556s,4911,494,0
6.6479746s,1.3888162s,2.3138598s,4929,494,0
6.6479746s,1.1242627s,2.3138598s,4923,494,0
6.7529292s,1.4540978s,9.0562676s,4912,494,0
6.5624885s,1.1214313s,9.2572845s,4917,494,0
5.3561655s,1.0101849s,10.4636075s,4916,494,0
6.271671s,1.3993149s,9.5566485s,4919,494,0
6.577842s,1.0274848s,2.4146415s,4922,494,0
6.684314s,1.3959118s,2.3140528s,4928,494,0
6.6966914s,1.185825s,9.1552996s,4914,494,0
5.9000795s,1.0345674s,3.1196269s,4924,494,0
6.4553467s,1.0415673s,8.9555692s,4936,496,0
6.9632729s,1.2144336s,8.4557763s,4931,496,0
6.1029669s,1.07059s,2.1145863s,4944,496,0
5.9622638s,1.2794202s,9.4618226s,4937,496,0
6.4070431s,1.3415529s,1.8128276s,4950,496,0
6.1719694s,1.0718726s,9.2645647s,4934,496,0
6.274462s,1.3434605s,9.1620721s,4939,496,0
6.0128828s,1.1829485s,2.2194356s,4948,496,0
6.7272767s,1.1975999s,1.5116524s,4949,496,0
5.8832876s,1.3276587s,9.5646473s,4940,496,0
6.5914981s,1.3226306s,8.8594061s,4938,496,0
5.6958841s,1.0773268s,9.7595904s,4933,496,0
7.2035398s,1.4047017s,8.2519347s,4935,496,0
6.6394237s,1.2533512s,1.6118351s,4946,496,0
6.3474441s,1.327413s,1.9105073s,4947,496,0
6.4478867s,1.0398689s,1.8100647s,4945,496,0
6.6502066s,1.4874072s,1.6114198s,4943,496,0
6.3550523s,1.4115466s,1.9122605s,4941,496,0
6.6222443s,1.2518617s,8.8586699s,4932,496,0
7.0861632s,1.395463s,1.2098203s,4942,496,0
6.4123479s,1.2991983s,100.5677ms,4967,497,0
5.8123284s,1.1574771s,703.9003ms,4969,497,0
5.5114599s,1.0653098s,1.0067844s,4961,497,0
6.5647121s,1.02478s,6.8499264s,4955,497,0
6.5293066s,1.4470054s,0s,4964,497,0
6.530813s,1.4760293s,0s,4970,497,0
6.6826516s,1.4034598s,6.7448033s,4958,497,0
6.3908005s,1.2092331s,7.0428949s,4952,497,0
5.6889303s,1.18156s,7.7447651s,4959,497,0
5.4908481s,1.0509533s,7.9428473s,4960,497,0
6.8900187s,1.2515577s,6.5436767s,4956,497,0
6.806403s,1.4047445s,6.6402486s,4951,497,0
6.7208073s,1.1487729s,6.7418627s,4953,497,0
6.3171389s,1.4007248s,7.1455311s,4957,497,0
6.0704183s,1.0729522s,502.233ms,4966,497,0
6.5839511s,1.1219504s,0s,4965,497,0
5.9309931s,1.2973799s,7.5450495s,4954,497,0
6.0832971s,1.0228445s,502.7268ms,4968,497,0
7.0680323s,1.4961866s,11.3715954s,4963,499,0
6.1280067s,1.3663717s,4.9313435s,4975,499,0
7.4011675s,1.4583417s,11.066877s,4962,499,0
6.6420301s,1.3485317s,4.4312366s,4977,499,0
6.6502648s,1.2028031s,4.4295626s,4973,499,0
6.2474585s,1.134865s,4.8340722s,4974,499,0
6.7555331s,1.311763s,4.3279004s,4979,499,0
6.8562091s,1.3064303s,4.2272244s,4972,499,0
6.0766746s,1.1317293s,5.03878s,4978,499,0
5.9960644s,1.0029353s,5.133478s,4976,499,0
6.4030488s,1.3459582s,4.7281701s,4971,499,0
6.6059975s,1.3963166s,4.5287126s,4980,499,0
6.3653828s,1.469427s,10.6684358s,4987,501,0
6.3355421s,1.1552523s,4.0255106s,4999,501,0
6.6727659s,1.4517276s,10.3655687s,4983,501,0
5.6406686s,1.3227193s,4.7296273s,4993,501,0
6.4756206s,1.3744825s,10.5674412s,4989,501,0
6.0471667s,1.3330241s,4.3300438s,4992,501,0
6.5895653s,1.3348537s,10.4686893s,4982,501,0
6.297948s,1.3019532s,10.7676762s,4981,501,0
5.9961959s,1.0144627s,11.0694283s,4985,501,0
5.5637359s,1.0052042s,4.8291224s,4995,501,0
6.3224345s,1.0185009s,10.7647038s,4990,501,0
6.4302186s,1.0448592s,10.6645226s,4984,501,0
6.2284355s,1.0884184s,10.8663057s,4988,501,0
6.2002434s,1.4817253s,4.2278518s,4998,501,0
7.1037741s,1.3426778s,3.3243211s,5000,501,0
6.5372548s,1.3417389s,10.568793s,4986,501,0
6.7127439s,1.4608675s,3.7256355s,4996,501,0
6.320103s,1.1329585s,4.1263176s,4991,501,0
6.8228767s,1.2067747s,3.6235439s,4994,501,0
6.4207882s,1.1014066s,4.025979s,4997,501,0
6.5595826s,1.1328417s,8.1594569s,5006,503,0
6.1667475s,1.2597644s,8.5566664s,5007,503,0
6.2760623s,1.2935015s,8.4510978s,5004,503,0
6.2778017s,1.1101513s,8.4493584s,5009,503,0
6.7672124s,1.1978814s,1.4094207s,5017,503,0
5.8641244s,1.1019545s,2.3142064s,5011,503,0
6.2708547s,1.1967846s,1.9113709s,5012,503,0
5.9862314s,1.4025552s,8.7586943s,5005,503,0
6.5809497s,1.0457504s,1.6117574s,5020,503,0
6.7876346s,1.0770383s,1.4099421s,5014,503,0
6.5092837s,1.168428s,8.2535604s,5003,503,0
6.9942741s,1.126257s,1.2101742s,5013,503,0
6.2155072s,1.1445248s,8.5514308s,5008,503,0
6.413919s,1.257735s,8.353019s,5001,503,0
6.1136856s,1.2986609s,8.6532524s,5010,503,0
6.4011583s,1.4771355s,1.8120503s,5019,503,0
5.495188s,1.4230748s,2.7180206s,5015,503,0
7.1139813s,1.4543834s,1.1074769s,5018,503,0
6.2223754s,1.0975669s,8.5586654s,5002,503,0
6.4277988s,1.0832391s,1.8128473s,5016,503,0
6.1535821s,1.2325264s,1.5093508s,5031,505,0
6.238692s,1.4475852s,8.3542665s,5021,505,0
6.5651997s,1.3434516s,1.1056657s,5033,505,0
6.751346s,1.2562141s,7.8474413s,5029,505,0
6.2666575s,1.4522938s,1.4059724s,5038,505,0
6.1662795s,1.0766381s,1.5063504s,5040,505,0
5.955137s,1.0140171s,8.6454148s,5023,505,0
6.0604596s,1.2869269s,8.5516411s,5024,505,0
6.1638163s,1.0483885s,8.4527951s,5027,505,0
6.1685159s,1.3515113s,8.4521132s,5030,505,0
6.1716094s,1.2112424s,8.4515391s,5025,505,0
6.41506s,1.3706061s,1.3072973s,5034,505,0
6.919706s,1.4633773s,805.6442ms,5039,505,0
6.6256525s,1.2306065s,1.1052039s,5035,505,0
6.5072086s,1.4687444s,8.1515697s,5022,505,0
6.9279219s,1.3973524s,7.7443721s,5026,505,0
6.3397381s,1.219614s,1.4062884s,5032,505,0
6.4483549s,1.4419845s,1.3087091s,5037,505,0
6.6394746s,1.0769586s,8.0475568s,5028,505,0
5.546844s,1.02952s,2.2122655s,5036,505,0
6.6552971s,1.3927644s,6.0385874s,5042,506,0
6.8638415s,1.4125061s,5.8358596s,5050,506,0
5.5411013s,1.3772878s,300.777ms,5056,506,0
5.9860144s,1.2678074s,6.7317351s,5049,506,0
6.7860839s,1.4636647s,5.9316656s,5043,506,0
6.2913327s,1.0496806s,6.4406932s,5048,506,0
6.4022506s,1.3037204s,6.3372671s,5041,506,0
5.7830454s,1.2010647s,101.36ms,5052,506,0
5.9197306s,1.214666s,6.8363864s,5044,506,0
5.6174856s,1.1273398s,7.1386314s,5046,506,0
6.2256194s,1.4996603s,6.5390376s,5047,506,0
6.1227323s,1.1024466s,6.6419247s,5045,506,0
6.0180361s,1.3456337s,0s,5059,506,0
6.0748903s,1.3752682s,0s,5054,506,0
6.1050147s,1.4074159s,0s,5060,506,0
6.1776959s,1.210661s,0s,5053,506,0
6.2998266s,1.1588103s,0s,5058,506,0
6.9963574s,1.3019714s,4.2313481s,5069,508,0
5.7066909s,1.2914796s,5.5289024s,5068,508,0
6.3064371s,1.0285541s,4.9291562s,5064,508,0
6.81127s,1.2277961s,4.4243233s,5066,508,0
7.2178866s,1.4865566s,4.0220942s,5062,508,0
6.1147965s,1.3617014s,5.1332908s,5065,508,0
6.8512921s,1.130424s,11.2679713s,5055,508,0
6.7514702s,1.472191s,11.3719057s,5051,508,0
6.951301s,1.3955109s,4.3245696s,5067,508,0
6.5624261s,1.2715412s,11.5647366s,5057,508,0
5.6579596s,1.0360327s,5.6307076s,5063,508,0
6.8783099s,1.3513949s,4.4287068s,5070,508,0
6.3817814s,1.2749088s,4.9333354s,5061,508,0
6.4420168s,1.1423534s,9.8603973s,5074,510,0
4.6505457s,1.0974595s,11.6667855s,5079,510,0
6.7769488s,1.4800465s,2.6178876s,5089,510,0
6.5618399s,1.1865229s,9.7621753s,5077,510,0
6.5772311s,1.4884028s,2.8198239s,5083,510,0
6.3724987s,1.2168694s,9.960964s,5072,510,0
6.0703048s,1.3772744s,10.2631579s,5075,510,0
6.3758996s,1.3876785s,9.9587626s,5071,510,0
6.4147419s,1.4161206s,3.018367s,5088,510,0
6.916613s,1.3676605s,2.5164959s,5087,510,0
6.116617s,1.2784148s,3.3208123s,5082,510,0
5.7161237s,1.1195446s,3.7227932s,5081,510,0
6.1187517s,1.0596244s,3.3201652s,5085,510,0
6.6086413s,1.3184532s,9.7612227s,5076,510,0
6.9299579s,1.3510624s,2.5162905s,5090,510,0
6.3096577s,1.4728691s,10.0670503s,5073,510,0
6.7390825s,1.2407803s,2.7149805s,5086,510,0
6.5230319s,1.2606376s,9.8579913s,5078,510,0
6.3298826s,1.3271839s,3.1241804s,5084,510,0
6.9269602s,1.1265598s,9.454063s,5080,510,0
6.2476809s,1.0477618s,905.0198ms,5106,512,0
6.8522891s,1.1824072s,301.729ms,5110,512,0
6.5502641s,1.276753s,603.754ms,5109,512,0
6.551913s,1.1693279s,604.2591ms,5105,512,0
6.0653769s,1.2622636s,7.8418382s,5100,512,0
6.0711988s,1.051786s,7.8435064s,5094,512,0
6.5799656s,1.3178288s,7.3415535s,5097,512,0
6.3767357s,1.4139934s,7.5447834s,5096,512,0
5.7794971s,1.0846662s,8.1469104s,5095,512,0
6.8159204s,1.4204531s,402.542ms,5108,512,0
6.0188626s,1.208633s,7.9466811s,5098,512,0
6.7178095s,1.4494121s,503.0152ms,5103,512,0
6.2198487s,1.4346581s,7.745695s,5092,512,0
6.6289385s,1.2507491s,7.3430194s,5093,512,0
5.8175801s,1.4815058s,1.4096588s,5107,512,0
6.2286798s,1.1953307s,1.0041039s,5104,512,0
6.8308587s,1.3520449s,401.925ms,5101,512,0
6.744719s,1.4511683s,7.2413121s,5099,512,0
6.441919s,1.1783677s,805.3886ms,5102,512,0
6.5545183s,1.0096242s,7.4400346s,5091,512,0
6.4713261s,1.1566963s,5.2320402s,5120,513,0
5.9767898s,1.0527656s,5.7341444s,5111,513,0
5.8795675s,1.0247279s,5.8348759s,5113,513,0
6.2861247s,1.3536539s,5.4288157s,5112,513,0
6.2143136s,1.2824304s,5.5317196s,5119,513,0
6.0240432s,1.083591s,5.7332098s,5115,513,0
6.747796s,1.1633564s,5.0266766s,5116,513,0
6.9529548s,1.4791579s,4.8274636s,5118,513,0
7.061997s,1.3185095s,4.727049s,5117,513,0
6.2558445s,1.0588317s,5.5332015s,5114,513,0
6.1560451s,1.2840195s,5.3333104s,5139,515,0
6.4075727s,1.4071562s,11.5640211s,5127,515,0
6.6696895s,1.141508s,4.8247086s,5137,515,0
6.4231314s,1.4141836s,11.559843s,5125,515,0
5.7775904s,1.1542402s,5.7323318s,5140,515,0
6.6837292s,1.483702s,4.826193s,5136,515,0
5.7234977s,1.1774697s,12.2734169s,5122,515,0
6.1870323s,1.3926258s,5.331389s,5138,515,0
6.2395465s,1.0572291s,11.7643386s,5124,515,0
6.2952591s,1.118014s,5.228352s,5131,515,0
6.0939706s,1.0432537s,5.4296405s,5135,515,0
5.7990078s,1.2028073s,5.7308824s,5134,515,0
6.9091074s,1.3067126s,4.6258251s,5133,515,0
6.3613253s,1.4061076s,11.658848s,5123,515,0
7.0165513s,1.393312s,4.5213837s,5132,515,0
6.15976s,1.1924954s,11.8604133s,5121,515,0
6.0715782s,1.1596087s,11.9702601s,5130,515,0
5.7827417s,1.2088891s,12.2676717s,5129,515,0
6.4822383s,1.2755483s,11.5681751s,5128,515,0
6.089972s,1.1765606s,11.9790742s,5126,515,0
6.1874013s,1.156581s,10.4597565s,5148,517,0
6.1517569s,1.3601331s,3.3197819s,5158,517,0
6.3594263s,1.0827125s,3.1183004s,5157,517,0
6.4012841s,1.3164169s,10.263408s,5145,517,0
5.698747s,1.0134935s,10.9659451s,5142,517,0
6.5037058s,1.1462376s,10.1609863s,5147,517,0
5.9155115s,1.0052074s,10.7663993s,5146,517,0
6.2821231s,1.2454673s,3.2241687s,5151,517,0
5.7902859s,1.1505926s,3.7236409s,5153,517,0
5.9062852s,1.11732s,3.6230658s,5152,517,0
6.3431536s,1.4732985s,10.3651205s,5141,517,0
6.8210785s,1.1496523s,2.7169608s,5154,517,0
6.2253753s,1.2617097s,3.3200233s,5160,517,0
6.048677s,1.3891372s,10.6723406s,5149,517,0
6.3246233s,1.3217469s,3.2233281s,5159,517,0
6.1624752s,1.4339614s,10.5648923s,5144,517,0
5.9334757s,1.0673548s,3.6232141s,5156,517,0
6.338312s,1.298381s,3.2217951s,5155,517,0
7.1750378s,1.4540849s,9.5648861s,5150,517,0
5.7778283s,1.0127796s,10.9636423s,5143,517,0
5.6465388s,1.1274833s,1.6102232s,5180,519,0
6.6509563s,1.4020559s,7.6482004s,5163,519,0
5.5529366s,1.3744112s,1.7103377s,5177,519,0
6.1488736s,1.0419726s,8.1502831s,5164,519,0
6.1634198s,1.2868345s,8.1499243s,5170,519,0
6.1768984s,1.1574s,1.1078956s,5176,519,0
5.9730331s,1.2835338s,8.3476433s,5167,519,0
6.1964621s,1.0906197s,1.107462s,5174,519,0
6.2910358s,1.1813384s,8.0565587s,5165,519,0
6.3102784s,1.094557s,1.0050781s,5178,519,0
6.6140726s,1.3233188s,703.1574ms,5171,519,0
6.0148867s,1.0305266s,1.3086665s,5173,519,0
6.2206304s,1.3277751s,1.10658s,5175,519,0
6.0174923s,1.1086318s,8.3514678s,5168,519,0
6.1335224s,1.392568s,1.2068481s,5179,519,0
7.1414847s,1.484225s,201.6685ms,5172,519,0
6.8317303s,1.4920053s,7.5507983s,5162,519,0
7.0358824s,1.2546599s,7.3466462s,5169,519,0
6.0390438s,1.1974231s,8.3489146s,5166,519,0
5.6292628s,1.1622211s,8.7586956s,5161,519,0
6.5909773s,1.3396303s,7.0490603s,5181,520,0
6.4108738s,1.4294449s,100.1342ms,5196,520,0
5.6181886s,1.1592523s,906.4959ms,5199,520,0
6.3282278s,1.2835511s,201.7148ms,5191,520,0
6.2305691s,1.2935564s,7.4451051s,5188,520,0
6.1338403s,1.3632919s,7.5452019s,5187,520,0
7.1407643s,1.4887606s,6.5382779s,5189,520,0
6.2395428s,1.4198904s,7.4461296s,5183,520,0
5.3435451s,1.0927093s,1.2070039s,5192,520,0
6.2457322s,1.2647975s,7.4498067s,5184,520,0
6.0689865s,1.0696401s,502.1813ms,5200,520,0
6.9702761s,1.4738994s,6.7434202s,5185,520,0
6.9721082s,1.2609679s,6.7431672s,5190,520,0
6.5849647s,1.123381s,7.1407096s,5186,520,0
5.6772574s,1.4088646s,8.0484169s,5182,520,0
5.7851459s,1.1250204s,803.1157ms,5197,520,0
6.5900312s,1.3257796s,0s,5193,520,0
6.6248056s,1.1998314s,0s,5198,520,0
6.7182012s,1.066487s,0s,5194,520,0
6.8888988s,1.3108235s,0s,5195,520,0
6.0611215s,1.4938409s,5.234632s,5207,522,0
6.5748378s,1.0324146s,4.7279893s,5201,522,0
6.6820589s,1.4714862s,4.6259241s,5203,522,0
6.9885775s,1.224649s,4.3244741s,5205,522,0
5.987357s,1.1755473s,5.3294615s,5202,522,0
5.2920838s,1.0452654s,6.0323824s,5204,522,0
6.703225s,1.0825061s,4.6246452s,5208,522,0
6.0066626s,1.2423879s,5.3303432s,5206,522,0
6.712766s,1.4074533s,4.6242398s,5209,522,0
6.3421637s,1.3455173s,5.0315397s,5210,522,0
6.4510485s,1.2537825s,11.455657s,5217,524,0
5.8607784s,1.0882792s,12.0601734s,5216,524,0
6.2518549s,1.1963789s,5.0254802s,5229,524,0
5.9668549s,1.4046153s,11.960984s,5220,524,0
5.8535035s,1.0834028s,5.4278032s,5221,524,0
7.1625229s,1.4482156s,4.1257013s,5228,524,0
6.2864415s,1.1494017s,11.6603223s,5218,524,0
6.595649s,1.4034722s,11.3572848s,5215,524,0
6.0860902s,1.0566044s,5.2276993s,5227,524,0
6.1037634s,1.1210668s,11.8565583s,5214,524,0
5.9981695s,1.0745404s,5.3304044s,5222,524,0
5.9992942s,1.0712061s,5.3292797s,5226,524,0
6.0155884s,1.148054s,11.962759s,5212,524,0
6.111597s,1.4325718s,5.2261299s,5230,524,0
6.0242394s,1.2267821s,11.9631113s,5211,524,0
6.2169103s,1.1952725s,5.1295221s,5224,524,0
6.2317023s,1.1647087s,11.7612623s,5219,524,0
6.3227962s,1.4482156s,5.0236362s,5223,524,0
6.9238364s,1.4404649s,4.422596s,5225,524,0
6.6465322s,1.018145s,11.3551287s,5213,524,0
6.7950658s,1.2945606s,8.9500815s,5237,526,0
6.1869082s,1.2118008s,2.5151839s,5249,526,0
6.3996027s,1.0076501s,9.3610059s,5239,526,0
6.6003293s,1.4954877s,9.1602793s,5231,526,0
6.5093375s,1.1864593s,2.213119s,5247,526,0
6.7122881s,1.0486794s,2.0128493s,5248,526,0
6.4114259s,1.165843s,2.3137115s,5242,526,0
6.6252264s,1.2675774s,9.1557055s,5235,526,0
5.8244497s,1.3844404s,2.9182098s,5243,526,0
6.4311649s,1.4554759s,9.3593959s,5232,526,0
6.5353708s,1.38974s,9.2580762s,5238,526,0
6.8379671s,1.3956373s,1.9127625s,5246,526,0
6.5371187s,1.1897588s,2.2163541s,5241,526,0
6.5518343s,1.1196255s,9.2546271s,5233,526,0
6.344168s,1.4013242s,9.4622934s,5240,526,0
6.8493545s,1.4405202s,8.957441s,5234,526,0
7.0461694s,1.2995628s,8.760292s,5236,526,0
6.5531168s,1.4545175s,2.2144335s,5245,526,0
7.2782915s,1.4691594s,1.5103106s,5244,526,0
6.7770281s,1.4927039s,2.011574s,5250,526,0
6.647364s,1.0317098s,905.0838ms,5268,528,0
6.5021762s,1.2555721s,8.1456736s,5253,528,0
5.9597502s,1.2825813s,1.6090106s,5267,528,0
6.7300012s,1.1896307s,7.9459389s,5257,528,0
6.0338934s,1.2570437s,8.6485931s,5252,528,0
5.9854593s,1.162439s,1.61113s,5270,528,0
6.0426726s,1.3705925s,8.6486165s,5260,528,0
6.0905757s,1.4115834s,1.5083493s,5261,528,0
6.394933s,1.3396109s,1.2054921s,5263,528,0
6.3931924s,1.113999s,1.2072327s,5266,528,0
5.9936453s,1.0616659s,1.6121914s,5265,528,0
6.4605665s,1.3523084s,8.2468431s,5258,528,0
6.5647034s,1.1036485s,8.1459752s,5254,528,0
6.118155s,1.0342018s,1.5103329s,5262,528,0
6.8355556s,1.4951266s,806.0461ms,5269,528,0
5.9892811s,1.2882827s,8.7480255s,5256,528,0
6.3360637s,1.196738s,1.3088788s,5264,528,0
7.0923641s,1.4420591s,7.6449425s,5259,528,0
5.8893422s,1.0782745s,8.8497396s,5251,528,0
6.1975126s,1.1168207s,8.5443564s,5255,528,0
6.3060782s,1.0375301s,7.5488895s,5278,530,0
6.5728286s,1.2708103s,501.5133ms,5283,530,0
6.6168085s,1.0302603s,7.2453563s,5280,530,0
6.2809778s,1.4855204s,803.6748ms,5289,530,0
6.0184488s,1.1575647s,7.8519973s,5274,530,0
6.4898953s,1.479448s,602.0745ms,5285,530,0
6.6361912s,1.1019355s,7.2429892s,5279,530,0
6.738299s,1.2088331s,7.1426255s,5276,530,0
6.6032966s,1.2007368s,501.8ms,5287,530,0
5.4355329s,1.0958397s,8.4501895s,5273,530,0
5.9981219s,1.232451s,1.1069747s,5288,530,0
7.0078426s,1.3529434s,100.4632ms,5286,530,0
5.8493851s,1.0455289s,8.0528395s,5275,530,0
6.5577292s,1.0375301s,7.351475s,5277,530,0
6.2659696s,1.3344573s,7.6533937s,5272,530,0
6.1318492s,1.0694765s,1.0068883s,5284,530,0
6.7806258s,1.456747s,7.1486951s,5271,530,0
6.5459554s,1.4487772s,602.7397ms,5281,530,0
6.4522532s,1.456256s,703.2494ms,5282,530,0
6.8572879s,1.3614159s,301.5869ms,5290,530,0
6.8455003s,1.2706898s,5.9371127s,5297,531,0
6.457842s,1.2679586s,6.3406388s,5298,531,0
6.3593466s,1.4627251s,6.4391342s,5294,531,0
5.6664029s,1.2297096s,302.1993ms,5304,531,0
5.887191s,1.2663859s,6.9384622s,5296,531,0
5.9977352s,1.2515528s,6.8415294s,5292,531,0
6.6007736s,1.4846081s,6.238491s,5300,531,0
6.4088192s,1.0204626s,6.4382967s,5295,531,0
6.0284371s,1.3178125s,6.8387007s,5299,531,0
6.0267181s,1.2560393s,6.8404197s,5291,531,0
6.4327023s,1.0027701s,6.4381683s,5293,531,0
6.3131313s,1.0107101s,0s,5307,531,0
6.4288156s,1.3715279s,0s,5310,531,0
6.7901113s,1.2364625s,10.5688584s,5308,533,0
6.7667246s,1.363452s,3.5223442s,5317,533,0
6.6126402s,1.4868562s,10.7689633s,5302,533,0
6.587757s,1.4187655s,3.7234049s,5319,533,0
6.2905235s,1.0408896s,4.025694s,5318,533,0
6.6955438s,1.3575476s,3.6224965s,5315,533,0
6.1916373s,1.3679066s,4.126403s,5314,533,0
6.6356901s,1.3703566s,10.7729407s,5305,533,0
6.4442914s,1.1127192s,10.9657742s,5301,533,0
5.7109546s,1.0272943s,4.6248165s,5311,533,0
6.7597306s,1.1437395s,10.6637289s,5306,533,0
6.4299456s,1.1128604s,3.9255934s,5312,533,0
6.6360838s,1.2209546s,3.7223277s,5316,533,0
5.7361284s,1.078519s,4.630771s,5313,533,0
7.0742945s,1.2037534s,10.3668994s,5303,533,0
6.2465021s,1.1771033s,4.1274047s,5320,533,0
6.5820185s,1.3547011s,10.8691857s,5309,533,0
6.5298527s,1.082319s,2.0118026s,5340,535,0
6.7497075s,1.362763s,8.7509591s,5325,535,0
6.9590113s,1.3600114s,8.5492217s,5322,535,0
7.0402884s,1.4038847s,1.5089333s,5339,535,0
6.3527579s,1.2735218s,9.1554751s,5327,535,0
6.754428s,1.0926364s,1.8103213s,5334,535,0
6.1497432s,1.3098277s,2.4150061s,5331,535,0
5.9584972s,1.1746976s,2.6175959s,5338,535,0
6.3843104s,1.3488383s,9.1574676s,5323,535,0
5.7719002s,1.001307s,2.81782s,5337,535,0
6.280162s,1.4226272s,2.3139397s,5336,535,0
6.3811686s,1.2266441s,2.2129331s,5332,535,0
6.7089561s,1.0986381s,8.8517611s,5321,535,0
6.5166105s,1.0223001s,9.053575s,5328,535,0
6.5240122s,1.2880892s,9.055828s,5326,535,0
6.7126321s,1.2157212s,1.9115934s,5335,535,0
6.538267s,1.2406999s,9.0478135s,5330,535,0
6.6362671s,1.0786023s,8.9498134s,5324,535,0
6.116775s,1.1527596s,2.5156363s,5333,535,0
6.843194s,1.2973333s,8.7520762s,5329,535,0
6.2249612s,1.3084111s,7.037378s,5342,536,0
7.1276541s,1.4677149s,6.1346851s,5350,536,0
5.825506s,1.0490028s,7.4414923s,5344,536,0
6.0466009s,1.1924123s,101.4746ms,5355,536,0
6.0339712s,1.3477837s,7.2417584s,5345,536,0
6.4393285s,1.4208868s,6.8364011s,5349,536,0
6.6454606s,1.4658403s,6.6387835s,5346,536,0
6.1571971s,1.2065845s,0s,5357,536,0
6.3589656s,1.2195493s,6.941292s,5343,536,0
6.3621865s,1.2266198s,6.9380711s,5347,536,0
6.874981s,1.4774299s,6.4373564s,5348,536,0
6.9928854s,1.4366747s,6.3384041s,5341,536,0
6.2087207s,1.3234883s,0s,5353,536,0
5.8079963s,1.2648868s,402.3385ms,5354,536,0
6.3467249s,1.1805297s,0s,5358,536,0
6.4357122s,1.4272677s,0s,5360,536,0
6.4980955s,1.2837208s,0s,5359,536,0
6.505411s,1.182527s,0s,5352,536,0
6.0715424s,1.3802054s,5.5332368s,5364,538,0
5.9885831s,1.0319033s,5.6290571s,5365,538,0
6.3037975s,1.0407668s,5.3273619s,5367,538,0
6.619298s,1.1043511s,5.0282518s,5368,538,0
5.824109s,1.2224128s,5.8346949s,5363,538,0
6.7249245s,1.084604s,12.368345s,5351,538,0
7.4337997s,1.4905913s,11.6598769s,5356,538,0
6.041421s,1.1486418s,5.6325159s,5366,538,0
6.0431183s,1.2154423s,5.6327868s,5362,538,0
6.1496741s,1.0092718s,5.5265922s,5369,538,0
6.1544468s,1.4458016s,5.5320434s,5370,538,0
6.45726s,1.2124033s,5.2292302s,5361,538,0
6.0751327s,1.274906s,4.3287192s,5384,540,0
6.7911619s,1.2449672s,3.616261s,5381,540,0
6.7893921s,1.4981713s,3.6180308s,5385,540,0
6.3915971s,1.4054388s,4.0216502s,5382,540,0
6.5951953s,1.0964147s,3.818052s,5388,540,0
5.8979925s,1.1994685s,4.5277837s,5387,540,0
6.7089938s,1.420494s,3.7246097s,5389,540,0
6.678292s,1.2552105s,10.5632432s,5377,540,0
6.481459s,1.4595638s,10.7651508s,5371,540,0
6.384451s,1.3996472s,10.8621588s,5376,540,0
6.388038s,1.2237077s,10.8684124s,5379,540,0
5.7906681s,1.2646682s,11.4681363s,5374,540,0
6.290513s,1.2830522s,10.9682914s,5375,540,0
6.800225s,1.3214354s,10.4585794s,5380,540,0
6.6597037s,1.2586407s,3.8216886s,5390,540,0
6.1178596s,1.1486528s,11.1654702s,5373,540,0
6.011447s,1.2135898s,11.271403s,5372,540,0
6.5253689s,1.0077202s,10.7636045s,5378,540,0
5.8684558s,1.3658164s,4.6253515s,5383,540,0
6.3735201s,1.4125636s,4.1260272s,5386,540,0
6.1368062s,1.2605555s,3.8211656s,5404,542,0
6.5772785s,1.2094859s,10.261046s,5396,542,0
6.8753544s,1.4019698s,9.9629701s,5395,542,0
5.7392929s,1.0525829s,4.225735s,5407,542,0
6.0868317s,1.1116661s,10.7630735s,5391,542,0
6.7656293s,1.1595742s,3.2207695s,5408,542,0
6.5733997s,1.3773393s,3.4210816s,5406,542,0
6.7772276s,1.323172s,3.2172537s,5409,542,0
5.8739196s,1.0707409s,4.1259269s,5401,542,0
6.1122211s,1.1791018s,10.7629798s,5397,542,0
6.1318297s,1.3000762s,10.7580865s,5400,542,0
6.0278337s,1.3328829s,10.8620825s,5392,542,0
6.2061743s,1.3762619s,3.8222367s,5405,542,0
5.9032912s,1.3249926s,4.1251198s,5402,542,0
6.5456323s,1.1655444s,10.360039s,5393,542,0
6.4439567s,1.3475216s,10.4617146s,5399,542,0
6.8143181s,1.3903593s,3.2159988s,5403,542,0
5.9143507s,1.2052237s,4.1201756s,5410,542,0
6.2625924s,1.0906706s,10.6623014s,5398,542,0
5.9546951s,1.1536648s,10.9701987s,5394,542,0
6.2629085s,1.4859185s,9.7576746s,5418,544,0
6.7668978s,1.4817141s,9.2536853s,5416,544,0
6.17651s,1.1842189s,9.8598597s,5411,544,0
6.3590586s,1.2389566s,2.5137649s,5425,544,0
5.562478s,1.0164632s,3.3172009s,5427,544,0
6.3740552s,1.0574281s,2.513732s,5421,544,0
6.1841485s,1.1114443s,2.7179038s,5422,544,0
6.7171473s,1.2956246s,9.3551756s,5417,544,0
6.3980161s,1.1214631s,2.5170969s,5424,544,0
6.2189813s,1.1216783s,9.864855s,5420,544,0
5.7058927s,1.1374638s,3.218995s,5429,544,0
6.612986s,1.3690401s,2.3136368s,5426,544,0
6.6162098s,1.1214631s,2.3116998s,5428,544,0
6.3355758s,1.1592087s,9.7608073s,5414,544,0
6.3422552s,1.2428591s,9.7585701s,5412,544,0
6.4314924s,1.0002584s,2.513108s,5430,544,0
5.8298801s,1.3664378s,3.1179041s,5423,544,0
7.1649013s,1.4859185s,8.9481074s,5419,544,0
6.8607749s,1.4924206s,9.2526111s,5413,544,0
6.1595956s,1.1765259s,9.9534131s,5415,544,0
6.7332296s,1.2391894s,1.5103466s,5449,546,0
6.7351765s,1.2652406s,1.5107573s,5450,546,0
5.5350391s,1.2873056s,2.7170756s,5444,546,0
6.3397886s,1.4841777s,1.9123261s,5446,546,0
6.6500491s,1.2165762s,1.608844s,5447,546,0
5.7101788s,1.4447584s,9.4171144s,5433,546,0
6.5867861s,1.1943558s,8.5405071s,5435,546,0
5.8328032s,1.3744266s,9.29449s,5439,546,0
5.9915897s,1.074527s,9.1361894s,5434,546,0
6.3609921s,1.2964311s,1.9113936s,5441,546,0
6.856039s,1.4046172s,8.2717401s,5431,546,0
6.1624019s,1.0714601s,8.9722124s,5440,546,0
5.9636226s,1.0344618s,2.3149527s,5448,546,0
6.2256261s,1.2343374s,8.9089882s,5437,546,0
6.1345281s,1.0192443s,9.0000862s,5436,546,0
5.8868085s,1.1738724s,9.2478058s,5438,546,0
6.095854s,1.3037734s,9.0387603s,5432,546,0
6.3729868s,1.2677522s,1.9125027s,5443,546,0
5.793893s,1.1393897s,2.5125899s,5445,546,0
7.2020846s,1.4929503s,1.1069421s,5442,546,0
6.1427833s,1.1952543s,1.2065976s,5470,548,0
5.3110203s,1.2977671s,9.1584532s,5452,548,0
5.8210076s,1.1161699s,8.651978s,5451,548,0
5.7172235s,1.2917333s,8.7557621s,5459,548,0
6.635613s,1.3745829s,7.844403s,5460,548,0
6.7341684s,1.3775367s,7.7458476s,5453,548,0
6.1633031s,1.4075826s,1.2073075s,5468,548,0
6.1661621s,1.2604528s,1.2076157s,5461,548,0
6.2685299s,1.287511s,1.1052479s,5463,548,0
7.1740863s,1.4800974s,201.4881ms,5467,548,0
6.384105s,1.379288s,1.0040227s,5465,548,0
6.1959274s,1.3303207s,1.205449s,5466,548,0
5.9701442s,1.0123745s,8.5490794s,5454,548,0
6.3102438s,1.1458626s,1.1040111s,5469,548,0
6.1737295s,1.2407558s,8.3549875s,5457,548,0
6.0256527s,1.3147345s,1.4063269s,5464,548,0
6.6283582s,1.4064654s,803.6214ms,5462,548,0
6.5916311s,1.3764288s,7.9516715s,5455,548,0
6.8062901s,1.1933193s,7.7416977s,5458,548,0
7.111323s,1.3634561s,7.4414485s,5456,548,0
6.6275952s,1.4299177s,6.0348923s,5479,549,0
7.147946s,1.4264612s,5.5354384s,5472,549,0
6.5586559s,1.1617873s,6.1357699s,5478,549,0
6.464771s,1.245204s,6.2347379s,5477,549,0
6.5651865s,1.4968013s,6.1343224s,5471,549,0
6.474988s,1.1861389s,6.2381253s,5475,549,0
5.7739221s,1.0512398s,6.9396964s,5474,549,0
6.1772378s,1.3557161s,6.5363807s,5473,549,0
6.083813s,1.1273996s,6.6467866s,5476,549,0
6.3932693s,1.0949523s,6.3373303s,5480,549,0
5.7443633s,1.0817366s,0s,5486,549,0
6.8812437s,1.3825473s,12.0678175s,5484,551,0
6.3328806s,1.4829807s,5.7349369s,5498,551,0
6.3734021s,1.3832526s,12.5756591s,5488,551,0
6.2812678s,1.1098259s,12.6764745s,5482,551,0
6.2677641s,1.1322302s,5.8343978s,5492,551,0
6.5098517s,1.1098259s,12.4753057s,5483,551,0
6.5754835s,1.4518016s,5.530975s,5499,551,0
6.8797008s,1.3944107s,5.2296088s,5491,551,0
6.727331s,1.2704427s,12.2691415s,5489,551,0
6.5879037s,1.4255823s,5.5349838s,5493,551,0
6.2884173s,1.3557668s,5.8344702s,5494,551,0
6.6398869s,1.1494176s,12.3720903s,5490,551,0
6.0444909s,1.033641s,12.9783561s,5487,551,0
6.6083956s,1.4747444s,5.5363946s,5500,551,0
6.2522047s,1.1200644s,12.7746026s,5485,551,0
6.6576364s,1.3383554s,12.3691709s,5481,551,0
6.5202007s,1.3295105s,5.6323975s,5495,551,0
5.5133584s,1.0906749s,6.6397809s,5496,551,0
5.926117s,1.1213606s,6.2326076s,5497,551,0
6.5787818s,1.0245061s,11.7714496s,5508,553,0
6.5910209s,1.1261265s,11.7689151s,5504,553,0
6.6048093s,1.3393438s,11.7593479s,5509,553,0
6.4040411s,1.2805238s,11.9601161s,5505,553,0
6.2168279s,1.1775361s,12.1698748s,5503,553,0
6.9329157s,1.3406617s,4.7250482s,5515,553,0
6.7220409s,1.4971482s,11.6646618s,5507,553,0
6.327545s,1.4225144s,5.3304189s,5518,553,0
6.0239283s,1.242463s,5.6340356s,5512,553,0
6.522643s,1.3934777s,11.8678489s,5501,553,0
6.7281789s,1.1793713s,11.6640434s,5502,553,0
6.9408221s,1.3782215s,4.7285361s,5517,553,0
6.4336877s,1.0583544s,11.9676545s,5510,553,0
6.1526264s,1.2298553s,5.5278068s,5519,553,0
5.848978s,1.0060402s,5.8318041s,5513,553,0
6.5389034s,1.1785655s,11.8712643s,5506,553,0
5.8470837s,1.4148154s,5.8343452s,5520,553,0
6.2565458s,1.0322328s,5.427904s,5514,553,0
5.6659735s,1.2093683s,6.0342894s,5516,553,0
6.1711654s,1.1894214s,5.5290975s,5511,553,0
6.1355678s,1.1257118s,11.9713403s,5530,555,0
6.4490455s,1.4653743s,11.6708516s,5521,555,0
6.5986059s,1.2636623s,4.6264834s,5537,555,0
6.0954549s,1.3995372s,5.1296344s,5534,555,0
7.2009846s,1.4903971s,4.0241047s,5538,555,0
6.3620251s,1.0182036s,11.7705876s,5523,555,0
6.2068408s,1.2140059s,5.0317478s,5536,555,0
6.468116s,1.2757951s,11.6739729s,5525,555,0
6.4786325s,1.1026165s,11.6681989s,5527,555,0
6.6211071s,1.1676883s,4.6278269s,5539,555,0
7.1264656s,1.3843365s,4.1257121s,5535,555,0
6.0905756s,1.1319183s,12.0668351s,5529,555,0
6.0036308s,1.0339153s,12.1686547s,5528,555,0
6.9031844s,1.2204475s,11.2691011s,5524,555,0
5.9436312s,1.021565s,5.330352s,5533,555,0
6.9501849s,1.4748065s,4.3241513s,5532,555,0
6.2084227s,1.2222585s,11.9694138s,5526,555,0
6.6194893s,1.1763946s,11.5659329s,5522,555,0
6.8689346s,1.161171s,4.4245449s,5540,555,0
6.069509s,1.3947427s,5.2316578s,5531,555,0
7.2107137s,1.4715626s,3.420318s,5558,557,0
6.5166667s,1.2924426s,10.9715976s,5542,557,0
6.3216901s,1.2296538s,4.3260039s,5554,557,0
6.3310243s,1.2531729s,11.1628173s,5543,557,0
6.1228895s,1.173546s,4.5274686s,5552,557,0
6.1299013s,1.352818s,4.5232953s,5560,557,0
6.0296186s,1.0155131s,4.623578s,5551,557,0
6.8434835s,1.489445s,10.657337s,5549,557,0
6.0339033s,1.4798248s,4.6234337s,5556,557,0
6.5411831s,1.0134923s,4.1238473s,5557,557,0
5.6427964s,1.2755744s,5.0279247s,5553,557,0
5.4450137s,1.0896499s,12.0762031s,5546,557,0
6.1495282s,1.0826904s,11.3716886s,5541,557,0
6.8569334s,1.1266426s,3.8246055s,5559,557,0
6.5661132s,1.2700409s,4.1242746s,5555,557,0
6.2755968s,1.3769159s,11.2643956s,5545,557,0
6.6752136s,1.1286556s,10.8647788s,5548,557,0
6.3931488s,1.1617355s,11.1693957s,5544,557,0
6.4925595s,1.424492s,11.069985s,5547,557,0
5.9969502s,1.1903248s,11.5727113s,5550,557,0
5.4724992s,1.0689194s,3.623611s,5572,559,0
6.2768509s,1.151654s,2.8192593s,5576,559,0
6.7973319s,1.3721699s,9.3557257s,5564,559,0
6.1885723s,1.1441756s,2.9180741s,5577,559,0
6.0902667s,1.0516005s,3.0163797s,5580,559,0
5.9875014s,1.0279077s,3.119145s,5571,559,0
5.8024683s,1.2488726s,10.3646464s,5570,559,0
6.2043144s,1.3059674s,9.9628003s,5567,559,0
6.0922222s,1.265962s,3.0179451s,5574,559,0
6.545653s,1.4609456s,9.6552665s,5561,559,0
6.638056s,1.4218888s,2.5127117s,5579,559,0
6.4555429s,1.1145541s,9.7627549s,5562,559,0
6.9626162s,1.2386172s,9.2556816s,5569,559,0
7.0569474s,1.4239073s,9.1613504s,5563,559,0
6.7450474s,1.34818s,2.4168867s,5573,559,0
6.445996s,1.0057354s,2.7182763s,5578,559,0
6.2661308s,1.1266904s,9.9671725s,5565,559,0
6.5809713s,1.3857714s,9.652332s,5568,559,0
6.4617019s,1.3026645s,2.714654s,5575,559,0
6.6764315s,1.1916089s,9.5568718s,5566,559,0
6.1296578s,1.2197298s,2.4161706s,5593,561,0
6.6333604s,1.2176493s,1.912468s,5600,561,0
7.0329715s,1.4293484s,8.5500707s,5586,561,0
6.4271971s,1.3048457s,9.1558451s,5585,561,0
7.1478334s,1.4696503s,1.4099713s,5599,561,0
6.6486927s,1.4897489s,1.912295s,5597,561,0
6.6515045s,1.2608281s,8.9562508s,5589,561,0
6.1481586s,1.126711s,9.4595967s,5583,561,0
5.9538063s,1.1754027s,9.6596097s,5590,561,0
6.6705581s,1.3595868s,8.9494378s,5587,561,0
6.2873326s,1.3964962s,2.314565s,5591,561,0
6.1861777s,1.04763s,2.4157199s,5592,561,0
6.9930646s,1.4529536s,1.6099463s,5598,561,0
6.4811878s,1.4944862s,9.1591939s,5588,561,0
6.1967921s,1.3376905s,2.4149261s,5595,561,0
5.7931779s,1.1303977s,9.8598788s,5584,561,0
6.2972183s,1.196729s,9.3558384s,5582,561,0
6.4967272s,1.2526515s,9.1566464s,5581,561,0
6.2143892s,1.2343313s,2.4154256s,5594,561,0
7.0219033s,1.3345006s,1.6103111s,5596,561,0
6.6355086s,1.1332691s,301.7541ms,5616,563,0
6.0316709s,1.113661s,905.5918ms,5618,563,0
6.0631231s,1.4513632s,7.6473949s,5601,563,0
6.7732553s,1.2517206s,6.942685s,5610,563,0
6.5480036s,1.2605492s,402.8435ms,5612,563,0
6.2468283s,1.3551328s,704.0188ms,5614,563,0
6.1824688s,1.3074817s,7.5442745s,5606,563,0
6.0521915s,1.0346278s,904.3916ms,5620,563,0
5.8898378s,1.3729649s,7.84975s,5602,563,0
6.6672841s,1.4295613s,301.975ms,5611,563,0
6.7022446s,1.0117855s,7.0430524s,5604,563,0
6.0095654s,1.2980346s,7.7448741s,5605,563,0
6.3794368s,1.3551328s,604.1835ms,5617,563,0
6.2122081s,1.0146235s,7.5463206s,5603,563,0
6.6860382s,1.4697271s,302.1489ms,5619,563,0
5.8902417s,1.466847s,1.1062015s,5615,563,0
6.0319775s,1.1137625s,7.7477747s,5607,563,0
6.1349685s,1.4403687s,7.6447837s,5609,563,0
5.3113836s,1.0476531s,1.7102306s,5613,563,0
6.5604585s,1.0960785s,7.2416722s,5608,563,0
6.9784568s,1.3012398s,5.0320716s,5626,564,0
7.0760892s,1.2724631s,4.9344392s,5623,564,0
6.3817105s,1.2106116s,5.6307109s,5630,564,0
6.2841934s,1.1035691s,5.7331187s,5625,564,0
6.1943259s,1.0526757s,5.8309947s,5624,564,0
6.320696s,1.1005665s,5.7319099s,5621,564,0
5.9323231s,1.3322546s,6.133828s,5627,564,0
6.6377928s,1.2575273s,5.433105s,5628,564,0
6.4420375s,1.2575273s,5.6325414s,5629,564,0
6.470685s,1.0354127s,5.634158s,5622,564,0
6.6322557s,1.1277989s,3.9237395s,5646,566,0
5.4431177s,1.0274148s,12.0677868s,5633,566,0
6.9544293s,1.2845622s,10.5658337s,5637,566,0
6.4423454s,1.4766105s,4.1230083s,5642,566,0
6.055095s,1.3146243s,11.4669818s,5639,566,0
6.644764s,1.2195139s,3.9224035s,5648,566,0
5.8636899s,1.2640853s,11.6717256s,5635,566,0
6.153012s,1.1367825s,4.4274942s,5647,566,0
6.7649372s,1.2373617s,3.8212932s,5641,566,0
6.8902431s,1.1647629s,10.6625335s,5638,566,0
6.2825169s,1.2768614s,4.3265175s,5649,566,0
5.6799908s,1.0868004s,4.9290436s,5644,566,0
6.4936834s,1.2768614s,4.1249821s,5645,566,0
6.4155901s,1.0559345s,11.1689124s,5634,566,0
5.9228588s,1.2283938s,11.6716071s,5640,566,0
7.0164274s,1.371597s,3.6231292s,5643,566,0
6.4295576s,1.0632112s,11.1709362s,5631,566,0
6.4413151s,1.1075134s,11.1639357s,5632,566,0
6.7253797s,1.4988197s,3.9249618s,5650,566,0
5.9401084s,1.0682337s,11.6651424s,5636,566,0
6.4596215s,1.4463889s,1.7093076s,5663,568,0
6.0844642s,1.1347555s,9.2533946s,5653,568,0
6.3752162s,1.2273656s,1.8118137s,5670,568,0
6.2903595s,1.1420181s,9.0587764s,5658,568,0
6.3788832s,1.0252788s,1.8125473s,5668,568,0
6.205596s,1.3567092s,9.1556914s,5660,568,0
7.0988472s,1.4586356s,1.1058112s,5666,568,0
6.5950675s,1.1627936s,1.6095909s,5667,568,0
6.1104201s,1.146693s,9.2575198s,5652,568,0
6.8129135s,1.3084618s,1.4078282s,5664,568,0
6.8146082s,1.4882923s,1.407947s,5669,568,0
6.313559s,1.1415727s,1.9089962s,5662,568,0
6.8375345s,1.4457806s,8.5539015s,5659,568,0
5.3223607s,1.1026853s,2.9176818s,5665,568,0
6.3456747s,1.1859612s,9.0609449s,5654,568,0
5.2426569s,1.088295s,10.1639627s,5657,568,0
7.1599402s,1.3367576s,8.2537003s,5655,568,0
6.9703078s,1.2857274s,8.4518912s,5651,568,0
6.6593879s,1.4133117s,1.6067443s,5661,568,0
5.6670205s,1.2823031s,9.7590519s,5656,568,0
6.4386456s,1.4854122s,8.0432755s,5675,570,0
6.9411747s,1.4051108s,7.5407464s,5677,570,0
5.8335327s,1.0414319s,1.7086359s,5687,570,0
6.3380813s,1.2377708s,1.206364s,5684,570,0
6.3414026s,1.241578s,1.2068512s,5686,570,0
6.244438s,1.1696749s,8.2454359s,5671,570,0
6.0494824s,1.4256085s,1.5087724s,5683,570,0
5.753139s,1.1875462s,8.7536652s,5678,570,0
6.1645851s,1.1685969s,1.4079251s,5688,570,0
6.5697359s,1.2930417s,1.0040626s,5685,570,0
5.8694879s,1.070915s,1.7100963s,5682,570,0
6.9828804s,1.2329564s,602.6424ms,5690,570,0
6.086873s,1.4555826s,8.4499657s,5674,570,0
5.7988283s,1.1095126s,1.8108222s,5681,570,0
6.7164083s,1.0402043s,7.8520345s,5679,570,0
5.8186528s,1.0635692s,8.7530759s,5672,570,0
5.5217815s,1.186206s,9.0499472s,5680,570,0
6.9271894s,1.0806331s,7.6445393s,5676,570,0
6.7321525s,1.2635896s,904.2169ms,5689,570,0
6.7325302s,1.0937789s,7.8469514s,5673,570,0
5.7593457s,1.0876377s,402.1006ms,5708,571,0
6.2798285s,1.1346251s,6.9439837s,5691,571,0
6.2859777s,1.4064964s,6.9443425s,5693,571,0
6.1884231s,1.033361s,7.0467077s,5692,571,0
5.9882614s,1.3507436s,7.2468694s,5696,571,0
6.6142266s,1.3334734s,6.6381865s,5695,571,0
6.5189434s,1.1290781s,6.7408886s,5699,571,0
6.317374s,1.195794s,6.942458s,5698,571,0
6.4289143s,1.410791s,6.8385173s,5697,571,0
5.906789s,1.2156527s,301.5729ms,5705,571,0
5.8186734s,1.34296s,401.9384ms,5703,571,0
5.6309698s,1.4616246s,602.7976ms,5707,571,0
7.0581421s,1.2917174s,6.2350068s,5700,571,0
6.5717009s,1.3454289s,6.7389911s,5694,571,0
6.4315407s,1.1297646s,0s,5701,571,0
6.7846603s,1.2056098s,5.2342503s,5719,573,0
6.7883274s,1.364776s,5.2328812s,5712,573,0
5.9929951s,1.3468848s,6.03182s,5718,573,0
5.994626s,1.2428116s,6.0347339s,5711,573,0
6.874581s,1.4060644s,12.1677068s,5710,573,0
6.9915583s,1.4967708s,12.0661123s,5702,573,0
6.9343945s,1.2715951s,5.1317178s,5714,573,0
5.8366171s,1.1281942s,6.2345191s,5720,573,0
6.2456768s,1.0797104s,5.8341177s,5717,573,0
5.5440696s,1.3674903s,6.5386085s,5716,573,0
6.9034573s,1.2985091s,12.1707791s,5704,573,0
6.2496125s,1.1152408s,5.8361928s,5713,573,0
5.2467904s,1.2452187s,6.8414015s,5715,573,0
6.7063106s,1.2105828s,12.3738512s,5709,573,0
6.91769s,1.1066402s,12.1691166s,5706,573,0
5.4968975s,1.2243334s,0s,5723,573,0
7.1623556s,1.4805982s,11.5684145s,5727,575,0
5.6420081s,1.0886334s,5.9326808s,5734,575,0
6.3725286s,1.1254694s,12.3690591s,5722,575,0
6.3825892s,1.0262893s,12.3701853s,5725,575,0
6.5621717s,1.1733145s,5.0282472s,5732,575,0
6.2681196s,1.3948929s,5.3272109s,5739,575,0
7.1057444s,1.4828798s,11.6677155s,5724,575,0
6.3830337s,1.2593105s,5.2280706s,5735,575,0
6.4064728s,1.4303563s,12.3696998s,5721,575,0
6.8972531s,1.3586131s,4.7306624s,5740,575,0
6.213935s,1.1874998s,12.5763361s,5728,575,0
6.9024894s,1.4536507s,4.7268485s,5736,575,0
5.7987774s,1.1156577s,5.8313651s,5737,575,0
5.9135371s,1.4120099s,12.878961s,5726,575,0
6.8099623s,1.2654338s,4.8238297s,5731,575,0
6.3114425s,1.4015696s,5.3293309s,5738,575,0
6.7508891s,1.2026065s,12.0674773s,5729,575,0
6.4320357s,1.3193179s,5.229229s,5733,575,0
6.6528358s,1.1767006s,12.1707845s,5730,575,0
7.2405736s,1.4826721s,1.9113565s,5753,577,0
6.2371593s,1.4917817s,2.9175955s,5759,577,0
6.5410907s,1.4424239s,2.6159983s,5757,577,0
6.8695361s,1.1955992s,9.1577374s,5741,577,0
6.0819959s,1.4638857s,9.9607805s,5744,577,0
6.3631017s,1.291163s,2.8200907s,5752,577,0
6.7189633s,1.4314914s,9.3571036s,5745,577,0
6.8165148s,1.2046813s,9.2595521s,5746,577,0
5.9151694s,1.322474s,10.1608975s,5748,577,0
5.4153399s,1.3206956s,10.6673007s,5742,577,0
6.9011085s,1.4315479s,2.3113476s,5760,577,0
5.6930343s,1.0696517s,3.5194218s,5754,577,0
6.4286113s,1.4714788s,9.662809s,5749,577,0
5.8092027s,1.0007192s,3.4200576s,5755,577,0
6.6162646s,1.4755717s,2.6168361s,5756,577,0
7.3253564s,1.4997153s,1.9091093s,5751,577,0
6.7440383s,1.2654228s,9.3606119s,5747,577,0
5.7146911s,1.1824259s,3.5197746s,5758,577,0
6.2446233s,1.4676257s,9.8600269s,5750,577,0
6.1463997s,1.4703637s,9.9660643s,5743,577,0
6.3183683s,1.0348217s,7.6481053s,5765,579,0
5.986859s,1.3084944s,1.408795s,5778,579,0
5.9359882s,1.3374754s,8.0483344s,5769,579,0
6.3975653s,1.0817707s,1.008153s,5773,579,0
6.0096262s,1.0713993s,1.4112204s,5775,579,0
6.5158839s,1.3806715s,907.5538ms,5780,579,0
6.5628432s,1.1033481s,7.44484s,5770,579,0
5.9586095s,1.380477s,8.0490737s,5764,579,0
6.3660602s,1.3014947s,7.6421604s,5762,579,0
6.3271845s,1.372173s,1.1067156s,5779,579,0
6.1740297s,1.3173711s,7.846041s,5763,579,0
6.5792034s,1.4696067s,7.443249s,5761,579,0
6.233606s,1.2666045s,1.2061675s,5774,579,0
6.4383639s,1.4922379s,1.0047557s,5772,579,0
6.4383639s,1.1519235s,1.0047557s,5776,579,0
6.5826789s,1.3260259s,7.4500502s,5767,579,0
5.7402862s,1.3625155s,1.709764s,5777,579,0
6.4889363s,1.4308784s,7.5511197s,5766,579,0
6.1046856s,1.0197852s,7.9497209s,5768,579,0
6.9738718s,1.1206828s,503.2556ms,5771,579,0
6.0880005s,1.4424586s,6.2350326s,5782,580,0
6.4914963s,1.2430322s,5.8315368s,5781,580,0
7.0971459s,1.3085303s,5.2280467s,5787,580,0
7.3086797s,1.4719525s,5.0333947s,5783,580,0
6.4103958s,1.1956853s,5.9364259s,5784,580,0
6.7187658s,1.3736556s,5.6316098s,5788,580,0
6.3473584s,1.145576s,6.0338873s,5790,580,0
6.5635992s,1.08412s,5.8374377s,5789,580,0
6.0702923s,1.4385806s,6.3369056s,5786,580,0
6.4776261s,1.1911261s,5.9361689s,5785,580,0
5.6539587s,1.2397395s,10.7698905s,5792,582,0
5.8601334s,1.0187284s,10.5637158s,5793,582,0
6.2666809s,1.23865s,10.1644572s,5795,582,0
5.8755074s,1.2583532s,10.5596302s,5791,582,0
6.4152042s,1.001245s,3.2214462s,5801,582,0
6.7226958s,1.0250362s,2.9177274s,5806,582,0
6.7226958s,1.2912951s,2.9177274s,5809,582,0
6.7971961s,1.3172544s,9.6591876s,5798,582,0
6.8026155s,1.3547731s,9.6537682s,5800,582,0
6.6099692s,1.2800855s,9.8563115s,5796,582,0
6.8621854s,1.473578s,2.8157359s,5807,582,0
6.961793s,1.3356487s,2.717594s,5810,582,0
6.2223447s,1.0087733s,10.2621569s,5799,582,0
5.4625582s,1.1342629s,4.2233733s,5808,582,0
6.2295094s,1.4274955s,10.2626255s,5794,582,0
6.2748802s,1.4595544s,3.4202197s,5805,582,0
6.578867s,1.2003928s,3.1197304s,5803,582,0
6.2474829s,1.4616977s,10.265355s,5797,582,0
6.793838s,1.491479s,2.9183364s,5804,582,0
6.2937677s,1.1153135s,3.4184067s,5802,582,0
6.9480557s,1.4307605s,9.1499244s,5814,584,0
6.2455191s,1.3326497s,9.8599316s,5812,584,0
7.1631332s,1.4790373s,8.9497577s,5815,584,0
6.3328696s,1.4206178s,2.6162098s,5828,584,0
6.8696569s,1.1887127s,9.2494844s,5819,584,0
6.4437707s,1.3286265s,2.5162619s,5825,584,0
6.045048s,1.2085144s,2.9187326s,5822,584,0
6.6497499s,1.1306296s,2.3140307s,5826,584,0
6.374408s,1.3477762s,9.7587722s,5817,584,0
6.4566363s,1.1770942s,2.5162558s,5823,584,0
5.9945826s,1.2690516s,10.1602929s,5816,584,0
6.9025943s,1.2825415s,9.255471s,5811,584,0
6.9818798s,1.4748075s,2.0131138s,5829,584,0
5.6864197s,1.1746642s,3.3204156s,5830,584,0
6.3141718s,1.2621319s,9.8637256s,5818,584,0
6.6013466s,1.2431038s,2.4149441s,5824,584,0
6.3247007s,1.1739405s,9.8610214s,5820,584,0
6.8105299s,1.3793422s,2.2140502s,5827,584,0
6.4358002s,1.229644s,9.7558983s,5813,584,0
6.3141798s,1.2017604s,2.7137072s,5821,584,0
6.4126338s,1.0882894s,1.8109582s,5841,586,0
6.6185934s,1.0638023s,1.608753s,5847,586,0
6.4173606s,1.2667776s,1.8099858s,5845,586,0
6.5945309s,1.1575215s,8.3472742s,5835,586,0
6.3921821s,1.3345274s,8.549623s,5837,586,0
6.2241847s,1.3678056s,2.011893s,5842,586,0
6.7121273s,1.17787s,8.2481548s,5836,586,0
6.4381726s,1.3525637s,1.8099822s,5850,586,0
6.1192703s,1.2774407s,8.8570115s,5834,586,0
5.9528273s,1.1007012s,2.3113272s,5843,586,0
6.533573s,1.0147121s,8.4454625s,5838,586,0
6.1420625s,1.3894391s,8.8512294s,5833,586,0
6.3477599s,1.1223639s,8.645532s,5831,586,0
6.4419672s,1.4478844s,8.5513247s,5839,586,0
6.5839488s,1.4398796s,1.7088839s,5846,586,0
6.6975722s,1.2904227s,1.6085318s,5844,586,0
6.2755975s,1.2831681s,8.7492985s,5840,586,0
6.3753827s,1.0526139s,8.6495133s,5832,586,0
6.4094805s,1.2375888s,1.9124159s,5848,586,0
6.0074665s,1.312231s,2.3144299s,5849,586,0
5.730455s,1.4443846s,402.3852ms,5870,587,0
6.8782065s,1.4386069s,6.1402597s,5860,587,0
6.0825942s,1.014662s,6.9506756s,5858,587,0
6.3900873s,1.0966517s,6.6476203s,5855,587,0
6.7001228s,1.0461671s,6.3403697s,5856,587,0
6.1024864s,1.3394696s,6.9380061s,5859,587,0
6.8116019s,1.348319s,6.2377948s,5853,587,0
6.1711902s,1.1395455s,0s,5863,587,0
5.7118228s,1.1713091s,7.3464513s,5857,587,0
5.5903099s,1.1886819s,604.5267ms,5869,587,0
6.7406695s,1.4678589s,6.3410045s,5851,587,0
6.0443068s,1.4386069s,7.0455163s,5854,587,0
6.2494443s,1.3159991s,6.8438441s,5852,587,0
6.2636562s,1.3691003s,0s,5862,587,0
6.3015839s,1.1748396s,0s,5864,587,0
6.4147002s,1.3756s,0s,5867,587,0
6.423547s,1.4054036s,0s,5866,587,0
6.4671413s,1.4294209s,0s,5868,587,0
5.9374696s,1.347283s,4.8295194s,5877,589,0
6.7765251s,1.0498167s,4.0221906s,5875,589,0
6.7810184s,1.1474672s,4.023263s,5878,589,0
6.0798625s,1.2974393s,4.7322183s,5871,589,0
6.64593s,1.0755093s,10.8707718s,5865,589,0
6.0903568s,1.271407s,4.7287771s,5872,589,0
6.8123933s,1.3722222s,4.0205105s,5873,589,0
6.7062983s,1.1394195s,4.1269332s,5876,589,0
5.806184s,1.1871103s,5.0270475s,5880,589,0
5.9053333s,1.3045432s,4.9278982s,5879,589,0
6.2065439s,1.3534644s,4.6266876s,5874,589,0
6.7036103s,1.339956s,10.8642227s,5861,589,0
7.0933763s,1.4266216s,3.5204595s,5893,591,0
6.7934467s,1.4235948s,3.8234006s,5891,591,0
6.29272s,1.2734924s,4.3286133s,5897,591,0
6.3560811s,1.086345s,11.2662005s,5882,591,0
6.0623058s,1.0143908s,11.5599758s,5885,591,0
5.7500649s,1.3353607s,11.8722167s,5889,591,0
5.8003254s,1.1554818s,4.826906s,5900,591,0
6.3079836s,1.2891198s,4.3253089s,5892,591,0
6.1126948s,1.2116838s,4.5241679s,5894,591,0
6.9194053s,1.3185595s,3.7246505s,5898,591,0
6.8768426s,1.3476546s,10.7640371s,5884,591,0
6.9276865s,1.3033366s,3.7236735s,5899,591,0
6.9944353s,1.2233717s,10.6640672s,5890,591,0
5.5961151s,1.4727467s,12.0705165s,5881,591,0
5.9946718s,1.4295417s,11.6719598s,5883,591,0
6.9083136s,1.4524632s,10.7643498s,5888,591,0
6.3561529s,1.450394s,4.3265565s,5896,591,0
6.0693529s,1.2766768s,4.6253623s,5895,591,0
5.9332737s,1.3804648s,11.7653851s,5886,591,0
6.1219791s,1.1007453s,11.5762085s,5887,591,0
6.1471243s,1.302623s,2.5176371s,5916,593,0
5.7085922s,1.3877384s,9.8631303s,5905,593,0
6.6600324s,1.3342516s,2.0127258s,5920,593,0
6.1154922s,1.0505151s,9.4594963s,5908,593,0
6.054573s,1.4403293s,2.6181852s,5912,593,0
6.4600231s,1.4725192s,2.2152609s,5918,593,0
6.6270945s,1.0745003s,8.9552666s,5902,593,0
5.6638043s,1.3687654s,3.0204602s,5915,593,0
6.5370858s,1.0336322s,9.0558761s,5906,593,0
5.9445214s,1.0393429s,9.6567419s,5910,593,0
6.443914s,1.4172218s,9.1573493s,5904,593,0
6.1904904s,1.1107835s,2.5159907s,5911,593,0
5.6855017s,1.3124879s,3.0209794s,5913,593,0
6.475446s,1.1915015s,9.1616961s,5907,593,0
6.726716s,1.0048296s,2.0133531s,5919,593,0
6.4832223s,1.1502216s,9.1611786s,5903,593,0
6.0890811s,1.1827862s,9.558251s,5901,593,0
5.9311173s,1.155661s,2.816868s,5914,593,0
7.2417735s,1.457374s,1.5110783s,5917,593,0
6.9022303s,1.3617206s,8.7558163s,5909,593,0
6.688301s,1.0813398s,6.7418304s,5922,594,0
5.5018802s,1.0157376s,905.8024ms,5937,594,0
5.5916138s,1.0858795s,7.8438968s,5924,594,0
6.1145939s,1.0226309s,7.3435884s,5928,594,0
7.027828s,1.3179571s,6.4355061s,5923,594,0
5.8156931s,1.1081299s,7.647641s,5926,594,0
6.1183137s,1.1956284s,7.3450204s,5929,594,0
6.8251163s,1.3920037s,6.6382178s,5930,594,0
6.2359823s,1.1690098s,200.1084ms,5935,594,0
6.4438359s,1.3800052s,7.0392158s,5925,594,0
6.2561207s,1.4888027s,201.2538ms,5934,594,0
6.4628329s,1.014679s,0s,5940,594,0
5.970525s,1.180933s,503.1014ms,5933,594,0
6.6637654s,1.0148303s,6.8380607s,5921,594,0
6.8668792s,1.4611307s,6.6373772s,5927,594,0
6.5484408s,1.2297696s,0s,5938,594,0
6.7108767s,1.3224854s,0s,5939,594,0
6.7239115s,1.2195178s,0s,5932,594,0
6.649287s,1.0280357s,6.1337385s,5942,596,0
6.4576049s,1.4884448s,6.33392s,5941,596,0
6.2588944s,1.3244017s,6.5379682s,5943,596,0
5.8542907s,1.1546217s,302.3375ms,5954,596,0
6.4751844s,1.1480529s,6.3377977s,5944,596,0
5.6734356s,1.0337838s,7.1420979s,5946,596,0
5.7766515s,1.080136s,402.9547ms,5953,596,0
6.5070075s,1.4146018s,6.334027s,5948,596,0
6.9502087s,1.2611832s,13.1782819s,5931,596,0
6.5034489s,1.4283132s,6.3375856s,5949,596,0
6.3202763s,1.280362s,6.5324945s,5947,596,0
6.2133436s,1.269559s,0s,5957,596,0
6.4224599s,1.0527791s,6.4411733s,5950,596,0
5.6225454s,1.274727s,7.2410878s,5945,596,0
7.2867668s,1.458472s,12.8784839s,5936,596,0
6.2761343s,1.2853482s,0s,5960,596,0
6.2934124s,1.1912907s,0s,5956,596,0
6.3309493s,1.0017626s,0s,5955,596,0
6.4244033s,1.0456738s,0s,5952,596,0
6.0436637s,1.0262881s,5.2314347s,5962,598,0
6.583017s,1.1008805s,4.7269189s,5967,598,0
6.5815945s,1.1566286s,4.7283414s,5964,598,0
6.7814956s,1.4505333s,4.5284403s,5963,598,0
6.6308055s,1.3859173s,11.6672075s,5958,598,0
6.4905481s,1.2771611s,4.8281879s,5966,598,0
6.2950151s,1.1897943s,5.0305841s,5968,598,0
6.5029604s,1.1936868s,4.8270051s,5965,598,0
6.3087621s,1.2965675s,5.0327615s,5961,598,0
6.22677s,1.0196283s,5.1315863s,5970,598,0
6.7819252s,1.3737118s,11.5645082s,5951,598,0
5.7259647s,1.2797422s,5.633278s,5969,598,0
6.9880771s,1.274704s,11.3592427s,5959,598,0
5.8560608s,1.1579005s,10.5663108s,5978,600,0
6.3634467s,1.0481646s,3.5236202s,5988,600,0
6.1812514s,1.014264s,3.7228961s,5981,600,0
6.1812514s,1.2655544s,3.7228961s,5989,600,0
6.5860212s,1.3329905s,3.3242102s,5982,600,0
6.4917496s,1.1766834s,3.4216528s,5983,600,0
6.0891527s,1.0756414s,3.8242497s,5990,600,0
5.6913488s,1.1754743s,10.7677098s,5975,600,0
6.8017302s,1.3198485s,3.1206089s,5984,600,0
6.3055432s,1.474868s,10.1658967s,5974,600,0
7.0152246s,1.3274266s,2.9199652s,5985,600,0
6.3247945s,1.1515071s,3.6221257s,5987,600,0
6.0247125s,1.4516214s,10.4678639s,5971,600,0
6.3345179s,1.3896438s,10.1612836s,5980,600,0
5.6257385s,1.0105929s,4.3244068s,5986,600,0
6.1420208s,1.4017804s,10.3620211s,5973,600,0
6.5451222s,1.4228371s,9.9589197s,5976,600,0
6.2472224s,1.4767289s,10.2631858s,5979,600,0
6.2516417s,1.1384024s,10.2649809s,5977,600,0
6.2502418s,1.3555097s,10.2663808s,5972,600,0
6.3616168s,1.1158779s,9.5570005s,5999,602,0
5.6884111s,1.1606169s,3.020105s,6010,602,0
6.2023992s,1.3294556s,2.5125667s,6007,602,0
5.6670675s,1.2027344s,10.2618693s,5997,602,0
6.7091193s,1.2382086s,2.0097163s,6006,602,0
6.1194607s,1.3803264s,2.6120151s,6008,602,0
7.2101012s,1.4042571s,8.7485028s,5992,602,0
5.8043738s,1.1425828s,10.1584521s,5996,602,0
6.0414551s,1.1125436s,2.7161389s,6003,602,0
6.1126074s,1.063309s,9.8580458s,5993,602,0
5.7123832s,1.3257049s,10.2607662s,6000,602,0
5.6465835s,1.1362984s,3.1164647s,6004,602,0
5.9168733s,1.1663884s,10.0562761s,5998,602,0
6.148973s,1.2072534s,2.6140752s,6001,602,0
6.3410677s,1.0806758s,9.6553803s,5995,602,0
6.5738227s,1.421403s,2.2125241s,6005,602,0
5.9478316s,1.0662163s,10.0563306s,5991,602,0
6.8515612s,1.4295514s,9.152601s,5994,602,0
6.388819s,1.4625794s,2.412853s,6002,602,0
6.1887238s,1.3374013s,2.6139912s,6009,602,0
6.4041841s,1.158601s,8.4514864s,6012,604,0
6.0074975s,1.1875071s,8.8571087s,6015,604,0
6.2080223s,1.2204861s,1.8096569s,6030,604,0
5.5124634s,1.4134733s,2.5148177s,6029,604,0
6.024201s,1.3887488s,8.8556995s,6019,604,0
6.5267363s,1.4886104s,1.5085766s,6021,604,0
6.8488757s,1.4402259s,8.0500931s,6020,604,0
6.3478489s,1.3908546s,8.5511199s,6011,604,0
5.8444381s,1.2896019s,2.2132869s,6028,604,0
6.350281s,1.0444993s,1.7104103s,6024,604,0
5.549714s,1.0008672s,2.5144228s,6027,604,0
5.3624915s,1.2214861s,9.5539507s,6018,604,0
6.1687007s,1.2054353s,8.7477415s,6017,604,0
6.1585743s,1.1469613s,1.9108596s,6026,604,0
6.571988s,1.2604395s,8.3517351s,6013,604,0
5.8643178s,1.1418125s,2.2133036s,6023,604,0
6.1806343s,1.2269647s,8.751487s,6016,604,0
6.3748045s,1.282699s,1.7084411s,6022,604,0
6.687826s,1.0462068s,1.408308s,6025,604,0
6.7965472s,1.3033108s,8.1524586s,6014,604,0
6.6844281s,1.2403548s,1.4082442s,6043,606,0
6.1723303s,1.3578732s,8.7541886s,6038,606,0
6.370736s,1.13059s,8.5557829s,6037,606,0
5.6922343s,1.2834141s,2.4126905s,6048,606,0
6.083045s,1.1456856s,8.858745s,6036,606,0
6.4877198s,1.2839345s,8.4577733s,6031,606,0
6.5050061s,1.1359086s,8.4457043s,6035,606,0
6.0105337s,1.087825s,8.9527214s,6032,606,0
6.4183447s,1.000538s,1.7110638s,6049,606,0
6.3237377s,1.019774s,1.8102112s,6046,606,0
6.0242432s,1.3425077s,2.1123149s,6050,606,0
6.0266544s,1.1066871s,8.949192s,6040,606,0
6.8338466s,1.4828152s,8.1474806s,6039,606,0
6.7310085s,1.1581893s,8.2503187s,6033,606,0
6.6505688s,1.002937s,1.5073853s,6047,606,0
6.553748s,1.1422344s,1.6083903s,6045,606,0
6.5573311s,1.3603236s,1.6093429s,6044,606,0
6.2445973s,1.4266305s,8.7580779s,6034,606,0
6.9660128s,1.2845256s,1.207881s,6041,606,0
6.1737251s,1.2272168s,2.0112178s,6042,606,0
5.9861091s,1.3076502s,6.8457315s,6060,607,0
6.2073756s,1.2666703s,6.6332068s,6059,607,0
6.7085434s,1.0945791s,6.132039s,6056,607,0
5.910376s,1.0502762s,100.1348ms,6068,607,0
5.5280844s,1.4645318s,502.045ms,6070,607,0
5.8356126s,1.3093417s,200.6298ms,6063,607,0
6.8386581s,1.3488483s,6.0365623s,6054,607,0
6.3484966s,1.3036424s,6.5395585s,6058,607,0
5.8544537s,1.2274365s,7.0386618s,6052,607,0
6.7764364s,1.4216847s,6.1350962s,6051,607,0
6.7856237s,1.1179291s,6.1321297s,6055,607,0
6.076948s,1.4589033s,6.8408054s,6053,607,0
6.3854883s,1.30904s,6.5346102s,6057,607,0
6.2201965s,1.3320664s,0s,6067,607,0
6.269069s,1.2955504s,0s,6065,607,0
6.4686757s,1.4581779s,0s,6069,607,0
6.1052549s,1.2466975s,5.7327855s,6079,609,0
6.5123427s,1.0111825s,5.3343373s,6072,609,0
6.0166896s,1.0299554s,5.8299904s,6077,609,0
6.212647s,1.2667306s,5.634033s,6073,609,0
6.6630725s,1.3020119s,12.0682894s,6061,609,0
6.8840601s,1.0395866s,11.8727409s,6064,609,0
6.3425303s,1.1768808s,5.5317366s,6074,609,0
6.0426818s,1.2725667s,5.8315851s,6071,609,0
6.4620365s,1.1596385s,5.4318522s,6080,609,0
5.9695336s,1.4256978s,5.9366859s,6078,609,0
6.6840498s,1.1676579s,5.2287471s,6075,609,0
6.8329948s,1.4284446s,11.9676745s,6066,609,0
6.5282756s,1.3786152s,12.2723937s,6062,609,0
6.7974896s,1.0996575s,5.1314318s,6076,609,0
6.5514523s,1.1373082s,10.1567133s,6088,611,0
6.341601s,1.2675622s,3.419866s,6094,611,0
6.6585406s,1.0953892s,10.0545468s,6089,611,0
6.2556924s,1.1040188s,10.457395s,6090,611,0
6.0559231s,1.3915008s,10.6593101s,6082,611,0
6.549026s,1.1213168s,3.2195086s,6091,611,0
6.4642643s,1.2666511s,10.2569395s,6086,611,0
6.0653887s,1.4356234s,10.6615597s,6087,611,0
5.8633033s,1.2433319s,10.8636451s,6085,611,0
6.2640271s,1.4911529s,3.5174341s,6095,611,0
6.3634504s,1.0296071s,3.4180108s,6092,611,0
6.5698799s,1.1142009s,3.2191497s,6093,611,0
6.0753555s,1.2325447s,3.7197608s,6097,611,0
6.9905885s,1.4674622s,2.8169403s,6099,611,0
6.3948001s,1.22733s,10.3639238s,6083,611,0
6.0944368s,1.4157788s,3.7214566s,6100,611,0
6.1015375s,1.3036846s,3.7241622s,6096,611,0
6.6200281s,1.466742s,3.2167379s,6098,611,0
6.8481016s,1.4386562s,9.9548731s,6084,611,0
6.9463017s,1.3888963s,9.856673s,6081,611,0
6.0505125s,1.2376094s,8.3437219s,6106,613,0
6.5597959s,1.1766354s,7.8439853s,6105,613,0
5.8626272s,1.1808259s,8.5453595s,6110,613,0
6.5304204s,1.4674971s,905.8217ms,6116,613,0
6.98421s,1.0906059s,7.4404758s,6107,613,0
6.5857949s,1.0114875s,7.8388909s,6102,613,0
6.2427729s,1.0106391s,1.2068676s,6120,613,0
6.087744s,1.0476316s,8.3483757s,6103,613,0
6.3481841s,1.0706071s,1.1056101s,6111,613,0
5.8470003s,1.33047s,1.6084873s,6117,613,0
6.9567181s,1.3444042s,503.1331ms,6115,613,0
5.7981872s,1.0226433s,8.647328s,6101,613,0
6.3003167s,1.4333423s,8.1451985s,6108,613,0
6.2613271s,1.0716433s,1.2075077s,6112,613,0
6.5704016s,1.325362s,904.5843ms,6114,613,0
6.018253s,1.137475s,8.4488192s,6104,613,0
6.9854914s,1.3858772s,502.2803ms,6118,613,0
6.1286133s,1.2522109s,8.3483076s,6109,613,0
6.6913793s,1.2988791s,804.0164ms,6113,613,0
6.5926044s,1.1443484s,905.7157ms,6119,613,0
6.2427895s,1.2514108s,7.2425071s,6123,614,0
6.8482297s,1.1574058s,6.6408932s,6125,614,0
6.1518461s,1.2877057s,7.3435009s,6127,614,0
6.9583417s,1.42406s,6.5412351s,6124,614,0
6.5430081s,1.0154882s,0s,6133,614,0
6.2440017s,1.2055944s,302.0566ms,6137,614,0
6.1659837s,1.2244605s,401.1651ms,6139,614,0
5.8694123s,1.2212828s,703.9933ms,6131,614,0
6.3990638s,1.3351953s,7.1446833s,6122,614,0
6.4993719s,1.2557261s,7.0443752s,6128,614,0
6.4864716s,1.4314565s,100.6435ms,6134,614,0
6.089842s,1.1522711s,502.8298ms,6138,614,0
6.8223867s,1.3351953s,6.7435987s,6130,614,0
5.5195122s,1.325926s,8.0464732s,6121,614,0
6.9196405s,1.2086495s,6.6463449s,6126,614,0
5.7088433s,1.2907052s,903.5578ms,6132,614,0
5.9312948s,1.0746399s,7.6441141s,6129,614,0
6.6474295s,1.2202632s,0s,6136,614,0
6.7187032s,1.3761668s,0s,6140,614,0
5.9912s,1.3244565s,5.0296389s,6143,616,0
6.7036373s,1.3134752s,4.3276868s,6150,616,0
5.9161985s,1.4144692s,5.1300078s,6147,616,0
6.4151594s,1.278254s,4.6310469s,6149,616,0
6.4251212s,1.4658542s,4.6268594s,6145,616,0
7.131878s,1.4506414s,3.9229585s,6141,616,0
7.0366967s,1.3343592s,11.0667943s,6135,616,0
5.9419036s,1.3783199s,5.1278189s,6148,616,0
5.9419036s,1.1935836s,5.1278189s,6144,616,0
6.2476515s,1.3416904s,4.8306882s,6142,616,0
6.6577542s,1.2205199s,4.4266741s,6146,616,0
7.0818771s,1.3146876s,9.1583294s,6159,618,0
6.1840258s,1.4132193s,10.0608002s,6154,618,0
6.2840193s,1.4390132s,9.9608067s,6153,618,0
7.110993s,1.2317888s,9.1531604s,6156,618,0
5.312861s,1.0694381s,10.9674091s,6155,618,0
6.0553536s,1.3861669s,3.1173397s,6170,618,0
6.758473s,1.4436128s,2.4142203s,6161,618,0
6.3532748s,1.0434116s,2.8194185s,6164,618,0
6.4288562s,1.1134653s,9.8578346s,6158,618,0
6.5315049s,1.456326s,9.7584069s,6151,618,0
5.8316336s,1.1824397s,10.4624819s,6157,618,0
6.5397394s,1.162473s,9.7597656s,6152,618,0
6.2721299s,1.0477972s,2.9195011s,6169,618,0
6.8881252s,1.3028654s,2.3151303s,6166,618,0
6.5617039s,1.3617688s,9.7571204s,6160,618,0
6.0934911s,1.281456s,3.1204329s,6163,618,0
6.1947454s,1.2190126s,3.02088s,6168,618,0
6.198583s,1.0375241s,3.0177335s,6165,618,0
6.0012052s,1.0363401s,3.2189587s,6162,618,0
6.8096352s,1.4359836s,2.4156414s,6167,618,0
6.4034697s,1.2164114s,2.4157278s,6187,620,0
6.2661823s,1.0955549s,9.4541462s,6177,620,0
6.1114124s,1.1622448s,2.7144304s,6188,620,0
6.3672327s,1.3280332s,9.3576204s,6174,620,0
5.9059294s,1.0363557s,2.9199134s,6186,620,0
6.8742492s,1.315523s,8.8506039s,6180,620,0
6.083272s,1.0605695s,9.6574448s,6178,620,0
6.8990103s,1.3748368s,8.846766s,6173,620,0
5.9354739s,1.4702809s,2.9159532s,6190,620,0
5.6421549s,1.1035895s,3.2187743s,6182,620,0
6.563019s,1.2237251s,2.3125088s,6185,620,0
6.5246591s,1.2675627s,9.2524406s,6176,620,0
5.8179571s,1.2240818s,9.9591426s,6172,620,0
5.9652488s,1.0253422s,2.9155899s,6183,620,0
6.323s,1.1816173s,9.4575861s,6175,620,0
6.0702715s,1.0857439s,2.8155279s,6189,620,0
6.6324602s,1.3904271s,9.1523495s,6171,620,0
6.0405728s,1.3487483s,9.7535801s,6179,620,0
6.1829101s,1.0712973s,2.7143824s,6181,620,0
7.0934206s,1.3676375s,1.8115788s,6184,620,0
6.3674024s,1.2002367s,6.7372307s,6191,621,0
6.1808529s,1.428282s,6.9365868s,6193,621,0
5.8836065s,1.42291s,504.0241ms,6206,621,0
6.3996441s,1.1716947s,6.7427246s,6200,621,0
6.0086931s,1.3293089s,402.0985ms,6203,621,0
5.5066665s,1.1483484s,904.1251ms,6209,621,0
6.3117048s,1.2795142s,100.8975ms,6201,621,0
5.7169734s,1.1248256s,7.442323s,6197,621,0
5.9209589s,1.2285244s,7.2383375s,6194,621,0
6.5269398s,1.0077043s,6.6351574s,6192,621,0
6.7351851s,1.3551961s,6.4320028s,6199,621,0
5.9307267s,1.0851866s,7.2364612s,6196,621,0
6.037872s,1.2296937s,401.8566ms,6210,621,0
6.6425777s,1.4734914s,6.5361269s,6195,621,0
6.148981s,1.0376616s,7.0399179s,6198,621,0
6.4551155s,1.4853243s,0s,6204,621,0
6.4758396s,1.1867285s,0s,6208,621,0
6.4761955s,1.2638319s,0s,6207,621,0
6.6020942s,1.1250933s,0s,6205,621,0
6.8146877s,1.0429214s,0s,6202,621,0
6.5303472s,1.4585544s,6.3413045s,6212,623,0
6.244803s,1.0725078s,6.6425794s,6213,623,0
7.0577556s,1.4688037s,5.8356671s,6216,623,0
5.8593569s,1.2806441s,7.0419254s,6214,623,0
6.2723227s,1.4713109s,6.6417697s,6215,623,0
6.4863675s,1.0631151s,6.4384996s,6219,623,0
6.3865774s,1.4090475s,6.5410758s,6220,623,0
6.2985026s,1.2734241s,6.6411631s,6217,623,0
7.0066501s,1.0602096s,5.9372254s,6211,623,0
6.8150145s,1.3465201s,6.1437995s,6218,623,0
6.4771043s,1.348183s,5.8351527s,6231,625,0
6.4823907s,1.225293s,5.8348653s,6235,625,0
6.0886486s,1.0409959s,6.2363417s,6234,625,0
6.6779563s,1.2391929s,12.6760523s,6229,625,0
6.5735157s,1.3890487s,12.7804929s,6230,625,0
6.5718535s,1.3927077s,12.7821551s,6227,625,0
6.9042269s,1.1402789s,5.4360857s,6240,625,0
6.6848689s,1.4281158s,12.679581s,6228,625,0
6.7903858s,1.3034483s,12.5740641s,6224,625,0
6.6175604s,1.3347398s,12.7651814s,6223,625,0
6.8043496s,1.3570949s,12.5783922s,6225,625,0
6.734216s,1.2104175s,5.6319592s,6236,625,0
6.4434855s,1.0790707s,5.9296159s,6232,625,0
6.8411658s,1.1637634s,5.5319356s,6237,625,0
7.0227859s,1.2421934s,12.3731014s,6221,625,0
6.0417127s,1.1227987s,6.3313887s,6239,625,0
5.8415604s,1.0304235s,6.5348768s,6233,625,0
6.5373186s,1.1344765s,12.8793227s,6226,625,0
6.6650938s,1.4400415s,5.7356772s,6238,625,0
6.5485363s,1.2528212s,12.8837331s,6222,625,0
5.5753191s,1.3135335s,0s,6245,625,0
5.6675822s,1.2918191s,0s,6249,625,0
5.9080216s,1.0114511s,5.6378705s,6258,627,0
6.7186741s,1.4705721s,4.8292368s,6257,627,0
6.339604s,1.0313961s,12.2828252s,6241,627,0
6.3514369s,1.3412602s,12.2726691s,6250,627,0
5.9505458s,1.0938314s,12.6735602s,6244,627,0
6.3359319s,1.4127492s,5.2315752s,6252,627,0
7.0706755s,1.453332s,11.574261s,6243,627,0
6.0471637s,1.0576049s,5.5347052s,6256,627,0
6.7555412s,1.4254032s,4.8270948s,6251,627,0
6.654989s,1.3377106s,4.927647s,6260,627,0
6.6791558s,1.1778787s,4.9307302s,6255,627,0
6.5067464s,1.4414254s,12.1738151s,6247,627,0
6.6095075s,1.2844434s,12.071054s,6246,627,0
6.9988348s,1.1364772s,4.6296619s,6259,627,0
6.821937s,1.0876281s,11.8806482s,6242,627,0
6.1992165s,1.102541s,5.437318s,6254,627,0
6.7058578s,1.2795414s,4.9310037s,6253,627,0
6.9340188s,1.4585375s,11.7735182s,6248,627,0
5.8888798s,1.0531293s,4.8281476s,6276,629,0
6.4921503s,1.3882337s,11.264214s,6266,629,0
6.4053581s,1.0512557s,4.3263522s,6274,629,0
6.8058391s,1.2168935s,10.9595803s,6264,629,0
6.5058101s,1.0795462s,11.2596093s,6262,629,0
5.8179865s,1.2704607s,4.9299374s,6280,629,0
6.1090876s,1.3197303s,11.6706427s,6270,629,0
6.637939s,1.0815668s,4.1290247s,6275,629,0
7.0318064s,1.4040247s,10.7675003s,6268,629,0
6.0416409s,1.3843847s,4.726383s,6273,629,0
6.4475501s,1.1195058s,4.3245984s,6272,629,0
6.1341956s,1.4241659s,11.6701191s,6269,629,0
6.5370718s,1.2955389s,11.2712575s,6263,629,0
6.6545615s,1.2272916s,4.1219614s,6278,629,0
5.9449043s,1.175309s,11.8704921s,6267,629,0
5.8517838s,1.1152779s,4.9318062s,6271,629,0
6.0655946s,1.1947043s,4.7265983s,6277,629,0
6.4681689s,1.0648656s,4.324024s,6279,629,0
6.355087s,1.4226285s,11.4689123s,6265,629,0
6.8639874s,1.2522822s,10.9665732s,6261,629,0
6.6223485s,1.201192s,3.5227739s,6298,631,0
7.0353249s,1.3383875s,10.165635s,6282,631,0
6.4303964s,1.3842911s,10.7705635s,6281,631,0
6.3439595s,1.0417296s,10.8705489s,6286,631,0
7.0503536s,1.4896454s,10.1641548s,6288,631,0
6.0472104s,1.0275604s,11.1745424s,6289,631,0
6.1616018s,1.3974458s,11.0651944s,6285,631,0
5.9544122s,1.0266103s,4.2248491s,6295,631,0
6.5574906s,1.4268034s,3.6213016s,6291,631,0
6.2746106s,1.2875047s,10.9675432s,6290,631,0
6.0707575s,1.1106023s,11.1713963s,6284,631,0
5.6671406s,1.2628273s,4.5323707s,6296,631,0
6.8929916s,1.4912941s,10.3625753s,6283,631,0
6.2888437s,1.0735688s,3.9232176s,6299,631,0
6.3872449s,1.008483s,3.8248164s,6293,631,0
6.890258s,1.2904152s,3.3218033s,6297,631,0
6.2860394s,1.4015357s,3.9266457s,6300,631,0
6.5932965s,1.1464716s,3.6237973s,6294,631,0
6.9070192s,1.0915318s,10.3669922s,6287,631,0
6.6113375s,1.4015357s,3.620139s,6292,631,0
6.4747562s,1.4161238s,8.351811s,6301,633,0
6.7800511s,1.4405377s,8.0465161s,6307,633,0
6.3766913s,1.3822725s,8.4498759s,6308,633,0
5.3704866s,1.0649902s,2.6136878s,6318,633,0
6.2755354s,1.2303782s,1.708639s,6314,633,0
6.6009573s,1.0623889s,8.2457511s,6304,633,0
5.9877336s,1.1905779s,2.011293s,6313,633,0
6.2921801s,1.3587034s,1.7068465s,6311,633,0
6.5042606s,1.3887824s,1.5088656s,6315,633,0
5.5984769s,1.0944896s,2.4142921s,6320,633,0
5.924535s,1.2454554s,8.9537436s,6306,633,0
6.4249716s,1.2449517s,8.453307s,6309,633,0
6.1222546s,1.372869s,1.9101092s,6316,633,0
5.9215403s,1.1318905s,2.1108235s,6319,633,0
5.9278479s,1.2457114s,2.1097334s,6312,633,0
6.4410691s,1.0867287s,8.44803s,6305,633,0
5.6336689s,1.0004492s,9.2554302s,6303,633,0
6.8476818s,1.4664833s,8.0474472s,6302,633,0
5.9493693s,1.1136639s,8.9487447s,6310,633,0
6.6601328s,1.3370528s,1.4070932s,6317,633,0
6.203317s,1.3777069s,703.8701ms,6332,635,0
6.3121927s,1.154266s,603.829ms,6338,635,0
6.3810824s,1.1979327s,7.4496719s,6330,635,0
6.5850424s,1.1131775s,7.2457119s,6321,635,0
6.3896304s,1.4789636s,7.4424606s,6326,635,0
6.4864468s,1.4444896s,7.3456442s,6325,635,0
5.9888459s,1.1626967s,7.8476222s,6328,635,0
6.3181872s,1.0915132s,603.5483ms,6333,635,0
6.4020829s,1.2066808s,7.4469954s,6322,635,0
6.9147326s,1.2396124s,6.9405129s,6324,635,0
6.0380156s,1.365332s,904.7228ms,6339,635,0
6.3408947s,1.2026547s,602.3537ms,6340,635,0
6.7442958s,1.0023502s,201.1803ms,6331,635,0
6.3468833s,1.2853065s,604.3759ms,6336,635,0
5.9461256s,1.1906943s,1.0076602s,6337,635,0
6.1525519s,1.0842754s,804.832ms,6335,635,0
6.0210564s,1.2706957s,7.8535658s,6323,635,0
6.4381857s,1.4867021s,7.4474706s,6329,635,0
6.1691597s,1.4007483s,805.4151ms,6334,635,0
6.8453542s,1.1343211s,7.0463974s,6327,635,0
6.0431866s,1.2885659s,602.4922ms,6360,636,0
6.300546s,1.4666842s,7.4436806s,6348,636,0
6.1479197s,1.3416142s,503.598ms,6352,636,0
6.4549025s,1.3567697s,200.6334ms,6358,636,0
6.0026588s,1.1890982s,7.7516634s,6342,636,0
5.8581458s,1.4165659s,804.6933ms,6351,636,0
6.2208074s,1.2692493s,7.5478626s,6343,636,0
5.9292523s,1.2618542s,7.8440931s,6345,636,0
6.1289137s,1.2532759s,7.6444317s,6341,636,0
6.7318392s,1.388571s,7.0415062s,6346,636,0
6.4882233s,1.345857s,201.1807ms,6357,636,0
6.5468398s,1.4048508s,7.2460338s,6349,636,0
6.5129287s,1.2367951s,201.1644ms,6353,636,0
6.0109687s,1.083625s,704.7075ms,6359,636,0
6.1661767s,1.4222639s,7.6458755s,6344,636,0
6.7397558s,1.1446442s,0s,6354,636,0
7.094352s,1.2776251s,6.743743s,6350,636,0
5.8925196s,1.4607321s,7.9455754s,6347,636,0
6.7790893s,1.4318702s,0s,6355,636,0
6.8421534s,1.4108926s,0s,6356,636,0
5.1994357s,1.0393896s,6.441503s,6368,638,0
5.7099626s,1.1769174s,5.9362074s,6364,638,0
6.412375s,1.0766552s,5.233795s,6366,638,0
7.1229625s,1.4976104s,4.5265598s,6369,638,0
6.319266s,1.4413635s,5.3345219s,6361,638,0
6.9340454s,1.407966s,4.7313066s,6363,638,0
6.6333367s,1.4839002s,5.0324163s,6370,638,0
7.1632583s,1.4926514s,4.5292159s,6367,638,0
6.4782024s,1.4023158s,5.2293724s,6362,638,0
6.9938286s,1.3904547s,4.732418s,6365,638,0
6.5915954s,1.4017724s,2.9167687s,6383,640,0
6.3307506s,1.1138435s,9.9599462s,6374,640,0
6.706604s,1.2733616s,2.8161846s,6388,640,0
5.8042689s,1.014407s,3.7214905s,6382,640,0
6.5187585s,1.1266036s,3.019374s,6387,640,0
5.8269834s,1.2300699s,3.7189488s,6384,640,0
6.7317893s,1.2075745s,2.8141429s,6385,640,0
5.6266741s,1.4275358s,3.9216056s,6381,640,0
6.4637705s,1.1993124s,9.8611088s,6371,640,0
6.166949s,1.2011794s,10.1620585s,6378,640,0
6.2670379s,1.1638038s,10.0619696s,6373,640,0
6.467858s,1.47369s,9.8611495s,6372,640,0
5.9721763s,1.0577504s,10.3612057s,6375,640,0
6.7755633s,1.3084541s,9.5578187s,6376,640,0
6.481093s,1.2914316s,9.8551112s,6377,640,0
6.6047679s,1.341921s,9.7566376s,6380,640,0
6.9795066s,1.3976013s,2.6155667s,6390,640,0
6.1181142s,1.3728989s,10.2580248s,6379,640,0
6.5826098s,1.4645967s,3.0169296s,6386,640,0
5.8852285s,1.0307291s,3.719013s,6389,640,0
6.5543473s,1.4330242s,402.3335ms,6409,641,0
6.6037156s,1.4317434s,7.3421611s,6393,641,0
6.9072618s,1.2436404s,7.0392454s,6400,641,0
6.6568555s,1.2285254s,302.6107ms,6404,641,0
6.3078562s,1.328358s,7.6540275s,6398,641,0
5.9055498s,1.2542949s,8.0563339s,6392,641,0
6.1247184s,1.0007106s,7.8492091s,6399,641,0
6.8936842s,1.2066161s,100.8223ms,6401,641,0
6.7956016s,1.364828s,201.611ms,6407,641,0
6.3378205s,1.3655395s,7.6464331s,6394,641,0
6.0943514s,1.2219183s,905.3326ms,6408,641,0
7.0091156s,1.436697s,0s,6406,641,0
6.1534191s,1.4014343s,7.8449008s,6396,641,0
6.3120394s,1.355698s,704.6398ms,6410,641,0
6.5151879s,1.0371694s,502.9818ms,6403,641,0
6.362575s,1.2386332s,7.6483859s,6395,641,0
6.170661s,1.1111231s,7.8457729s,6391,641,0
6.234277s,1.3155792s,803.2579ms,6402,641,0
6.987041s,1.4467144s,7.0464712s,6397,641,0
7.0900814s,1.1317471s,0s,6405,641,0
6.3102713s,1.240315s,6.5417966s,6416,643,0
6.4145289s,1.4147019s,6.4393071s,6420,643,0
6.5204851s,1.2776518s,6.341687s,6419,643,0
6.4372089s,1.0565708s,6.4394943s,6414,643,0
5.9400192s,1.0264827s,6.9441946s,6417,643,0
7.1614074s,1.383586s,5.7361786s,6418,643,0
5.8615107s,1.3316335s,7.0462134s,6411,643,0
6.170975s,1.4227976s,6.7402195s,6412,643,0
6.0694823s,1.1778149s,6.8417122s,6413,643,0
7.0923914s,1.1406853s,5.8417676s,6415,643,0
5.8220844s,1.3603576s,0s,6425,643,0
6.1343408s,1.3414139s,0s,6424,643,0
6.3458349s,1.461237s,11.3702937s,6426,645,0
6.9407061s,1.3486761s,10.7754225s,6427,645,0
6.4015461s,1.2484118s,4.2245752s,6432,645,0
6.458691s,1.2138099s,11.2682123s,6422,645,0
6.1113629s,1.0813944s,4.525626s,6437,645,0
6.7735844s,1.482363s,10.9697829s,6421,645,0
6.5377022s,1.2117737s,4.1244623s,6433,645,0
5.6311002s,1.1937225s,5.0310643s,6434,645,0
7.0421383s,1.3187949s,3.6273381s,6435,645,0
7.0918616s,1.4308993s,10.6694764s,6423,645,0
6.7957164s,1.237493s,10.9699356s,6430,645,0
6.5540132s,1.2215031s,4.1243321s,6436,645,0
6.6998084s,1.4463852s,11.0762018s,6428,645,0
6.7593844s,1.3627732s,3.9265217s,6431,645,0
6.8182895s,1.4484295s,10.964383s,6429,645,0
4.9623104s,1.0571224s,5.7343254s,6440,645,0
6.4876387s,1.1571826s,4.2264821s,6439,645,0
6.3910811s,1.2357535s,4.3264492s,6438,645,0
6.2683594s,1.4398066s,4.121433s,6459,647,0
5.565398s,1.1365979s,4.8243944s,6457,647,0
6.0331024s,1.1014327s,11.1664513s,6441,647,0
5.6308272s,1.0718871s,11.5687265s,6450,647,0
6.6814228s,1.4652687s,3.7205289s,6456,647,0
6.3815374s,1.4615043s,4.0231199s,6458,647,0
6.9858672s,1.4749267s,3.4187901s,6452,647,0
6.6471723s,1.4659008s,10.5578753s,6444,647,0
6.1920097s,1.065762s,4.2271272s,6454,647,0
6.3712894s,1.4780923s,10.8673331s,6446,647,0
6.4785319s,1.3827437s,10.7615391s,6443,647,0
6.2786722s,1.3465009s,10.9613988s,6442,647,0
6.2814803s,1.4433908s,10.9626614s,6447,647,0
6.7282861s,1.0276203s,3.7176325s,6451,647,0
6.6256943s,1.4380147s,3.8202243s,6453,647,0
6.7898456s,1.4878532s,10.46301s,6445,647,0
6.7982231s,1.4210943s,10.4617303s,6449,647,0
6.3011559s,1.0065048s,10.961964s,6448,647,0
6.7432399s,1.2804456s,3.7216569s,6455,647,0
6.4519319s,1.4098456s,4.0232382s,6460,647,0
6.9717261s,1.2574631s,1.4068849s,6474,649,0
6.0102422s,1.121939s,9.449201s,6461,649,0
6.0680772s,1.0263448s,2.3145223s,6476,649,0
5.9692651s,1.148808s,2.4148175s,6473,649,0
6.4249102s,1.0376152s,9.0539476s,6465,649,0
6.4006296s,1.2512443s,2.0106788s,6471,649,0
5.7391657s,1.357838s,9.7563657s,6466,649,0
6.4152657s,1.4431747s,2.0099995s,6477,649,0
6.821423s,1.2906175s,1.6073849s,6479,649,0
6.2235278s,1.331245s,2.2122887s,6472,649,0
6.2672232s,1.0624755s,9.2509173s,6463,649,0
6.9759785s,1.3726049s,8.5445477s,6462,649,0
6.7343285s,1.1090019s,1.7100819s,6480,649,0
7.0805127s,1.4286131s,8.4514563s,6468,649,0
6.7834486s,1.362126s,8.7485204s,6469,649,0
5.8757535s,1.1645905s,9.6562155s,6470,649,0
6.9538793s,1.4597906s,1.5077808s,6475,649,0
5.9527033s,1.3106948s,2.5112681s,6478,649,0
5.9893988s,1.2144326s,9.5554048s,6467,649,0
5.9081221s,1.2265023s,9.6500795s,6464,649,0
6.111245s,1.101668s,8.7503654s,6486,651,0
6.8147612s,1.3284121s,8.0468492s,6484,651,0
5.7887499s,1.1733315s,2.2139138s,6497,651,0
6.192622s,1.0336004s,1.811473s,6500,651,0
6.7022326s,1.2993844s,1.3089304s,6494,651,0
6.1991633s,1.1434458s,1.8119997s,6491,651,0
6.1359823s,1.4384081s,8.7502764s,6489,651,0
6.4435775s,1.4875542s,8.4457008s,6483,651,0
6.5438561s,1.2586562s,8.3454222s,6490,651,0
6.2202714s,1.4851406s,1.8097217s,6493,651,0
6.1431265s,1.0509533s,8.7508286s,6482,651,0
6.1483442s,1.1255533s,8.75042s,6481,651,0
6.8269939s,1.1605929s,1.2078083s,6496,651,0
5.5528662s,1.06339s,9.345898s,6487,651,0
6.863962s,1.3226303s,8.0485207s,6488,651,0
6.1519306s,1.2011555s,1.9094905s,6499,651,0
5.5726369s,1.2958259s,9.3527462s,6485,651,0
6.1742385s,1.4484547s,1.911855s,6495,651,0
6.0738754s,1.2384034s,2.0122181s,6492,651,0
7.0831851s,1.4125033s,1.0058978s,6498,651,0
6.6637447s,1.4044323s,7.0413142s,6503,652,0
6.2713304s,1.1426751s,7.4425214s,6505,652,0
5.9848043s,1.1993938s,903.9392ms,6516,652,0
6.1729242s,1.0437259s,7.5473245s,6504,652,0
6.2741189s,1.2775279s,7.4461298s,6508,652,0
6.2757798s,1.2005471s,7.4444689s,6502,652,0
6.4832146s,1.0595097s,7.2434651s,6506,652,0
6.5851663s,1.1108555s,7.1427438s,6509,652,0
6.5213868s,1.3378429s,402.7995ms,6514,652,0
6.2294286s,1.3040293s,704.2652ms,6519,652,0
6.2282122s,1.1636081s,705.4816ms,6518,652,0
6.4313098s,1.1318052s,502.384ms,6515,652,0
6.8270635s,1.4652808s,6.9413704s,6510,652,0
5.7305327s,1.2884315s,1.2108377s,6513,652,0
6.3439496s,1.2387798s,601.7279ms,6517,652,0
6.958709s,1.4505305s,0s,6511,652,0
6.1420012s,1.0272052s,7.6468225s,6507,653,0
6.5593461s,1.2374134s,402.4141ms,6520,653,0
5.851645s,1.0875654s,7.9485572s,6501,653,0
6.2686647s,1.1286894s,704.474ms,6512,653,0
6.7529161s,1.0997129s,5.4333367s,6523,654,0
6.6012902s,1.1056435s,5.6284847s,6521,654,0
7.0020999s,1.107704s,5.227675s,6530,654,0
5.9031044s,1.3515144s,6.3359847s,6528,654,0
6.7106566s,1.2939087s,5.5284325s,6529,654,0
6.4207598s,1.2260604s,5.8302239s,6526,654,0
5.922487s,1.3759428s,6.3357387s,6525,654,0
6.1241057s,1.4179044s,6.13412s,6524,654,0
6.5255492s,1.1399053s,5.7326765s,6527,654,0
6.2343004s,1.2193128s,6.0333248s,6522,654,0
5.8890289s,1.1877067s,12.4774116s,6537,656,0
5.952003s,1.1862024s,5.731233s,6545,656,0
6.2997063s,1.0506097s,12.0721488s,6538,656,0
6.207932s,1.2607901s,12.1723686s,6531,656,0
6.0031869s,1.0185026s,12.3771137s,6540,656,0
5.8097871s,1.2657934s,12.5711478s,6533,656,0
5.7083643s,1.0177842s,12.6719363s,6535,656,0
6.5674378s,1.3149329s,5.1286754s,6546,656,0
5.7155848s,1.1376498s,12.6789848s,6539,656,0
6.5314971s,1.3406836s,11.8664944s,6532,656,0
6.2337511s,1.4925027s,12.1747391s,6536,656,0
7.0041496s,1.212296s,4.7304318s,6548,656,0
6.5051006s,1.0932032s,5.2303611s,6550,656,0
6.0040739s,1.3452718s,5.7313878s,6543,656,0
6.8041737s,1.3211657s,4.931288s,6549,656,0
6.5189605s,1.0104337s,5.2296716s,6544,656,0
6.5228477s,1.3116566s,5.2327022s,6547,656,0
6.2269886s,1.4628997s,5.5351695s,6542,656,0
6.6886191s,1.14355s,11.7691832s,6534,656,0
5.8419937s,1.0054472s,5.9353895s,6541,656,0
7.0684618s,1.4922175s,3.8253195s,6565,658,0
6.2631402s,1.1921764s,4.6306411s,6563,658,0
6.9347263s,1.1835266s,11.1739197s,6560,658,0
6.184543s,1.4475071s,4.7284574s,6570,658,0
5.6817993s,1.0416132s,5.2312011s,6568,658,0
6.2822662s,1.4486062s,4.6307342s,6567,658,0
6.993134s,1.4996512s,3.9226167s,6569,658,0
6.7925106s,1.4086453s,4.1232401s,6566,658,0
6.3557351s,1.0603435s,11.7735044s,6555,658,0
5.855714s,1.4099254s,12.2765801s,6559,658,0
6.7873346s,1.3045251s,11.3652312s,6556,658,0
6.0849547s,1.0266665s,12.0676111s,6552,658,0
5.712511s,1.2469801s,5.2303838s,6564,658,0
6.21746s,1.2014023s,4.7279901s,6562,658,0
6.6897029s,1.3846434s,11.4654182s,6553,658,0
6.2926096s,1.1306892s,11.8756296s,6554,658,0
6.1301978s,1.1546931s,4.8313423s,6561,658,0
6.4015422s,1.3416437s,11.7783961s,6551,658,0
7.2093482s,1.4236312s,10.9702673s,6557,658,0
6.8139434s,1.4586857s,11.3734997s,6558,658,0
6.6249287s,1.2913997s,9.7526886s,6573,660,0
6.926475s,1.1125085s,9.4511423s,6579,660,0
6.3194528s,1.2515348s,10.0581645s,6580,660,0
5.9172162s,1.240717s,3.4215693s,6581,660,0
5.721092s,1.0198131s,3.6208369s,6590,660,0
7.0468622s,1.4777756s,9.3579452s,6577,660,0
6.0391608s,1.2167759s,3.3216295s,6587,660,0
6.7623199s,1.3884438s,2.6152452s,6583,660,0
5.7557409s,1.359385s,3.6218242s,6586,660,0
6.6665199s,1.0810241s,2.7166931s,6589,660,0
6.0715554s,1.1641985s,10.3622405s,6574,660,0
6.8866049s,1.2544577s,9.558036s,6571,660,0
5.9776093s,1.2726572s,3.420538s,6588,660,0
6.5868766s,1.2336923s,2.8179785s,6584,660,0
6.2920142s,1.1246448s,10.162327s,6578,660,0
6.0880565s,1.4680509s,3.3194225s,6582,660,0
6.5953581s,1.0946902s,2.819592s,6585,660,0
5.9998492s,1.095018s,10.4642729s,6572,660,0
5.3951276s,1.0978906s,11.0689945s,6575,660,0
6.8066977s,1.2287951s,9.6590761s,6576,660,0
6.6210386s,1.2054414s,1.1078745s,6604,662,0
6.2182301s,1.0691006s,1.510683s,6601,662,0
6.0214415s,1.1602633s,1.712949s,6602,662,0
6.8547669s,1.1657496s,7.7460392s,6600,662,0
6.1599081s,1.3495098s,8.4498497s,6598,662,0
6.457019s,1.4283566s,1.307766s,6607,662,0
5.9814316s,1.0758182s,8.6471866s,6591,662,0
6.6712377s,1.4968515s,1.1062307s,6606,662,0
6.792198s,1.4098858s,7.8414806s,6593,662,0
5.8845954s,1.2448209s,8.7490832s,6599,662,0
6.7939292s,1.115468s,7.8457482s,6595,662,0
6.1922935s,1.437788s,8.4473839s,6597,662,0
6.4809729s,1.1815729s,1.3076372s,6605,662,0
5.9974375s,1.2232496s,8.6497147s,6594,662,0
6.1855777s,1.4756038s,1.6094795s,6608,662,0
6.8878808s,1.158633s,906.8162ms,6609,662,0
6.2880871s,1.0019172s,1.5096885s,6610,662,0
6.8010364s,1.379013s,1.0045466s,6603,662,0
6.7260556s,1.180748s,7.9460667s,6592,662,0
5.7262461s,1.2195253s,8.9490457s,6596,662,0
6.0424374s,1.4734728s,0s,6622,663,0
6.9684704s,1.4427725s,6.2396484s,6618,663,0
5.4390374s,1.1279839s,603.4ms,6627,663,0
5.8695995s,1.4351202s,7.3432029s,6619,663,0
6.586588s,1.1738339s,6.6392918s,6614,663,0
5.9879427s,1.4579303s,7.2433436s,6612,663,0
6.1871038s,1.1823724s,7.0441825s,6616,663,0
6.6971056s,1.3456719s,6.5404423s,6611,663,0
6.199623s,1.1257308s,7.0379249s,6615,663,0
6.0817776s,1.1044559s,0s,6629,663,0
6.6077191s,1.2130196s,6.643176s,6620,663,0
5.9859654s,1.2284441s,100.7555ms,6624,663,0
6.2487281s,1.4966584s,7.044657s,6613,663,0
6.1285763s,1.0544936s,0s,6621,663,0
7.1656814s,1.1890407s,6.1298766s,6617,663,0
6.2785392s,1.4340162s,4.8273555s,6638,665,0
6.5827026s,1.026769s,4.5266755s,6633,665,0
6.8991825s,1.3105428s,11.1687091s,6623,665,0
6.4010932s,1.2762661s,4.7311692s,6636,665,0
6.9196612s,1.3804867s,11.1670435s,6630,665,0
6.9280067s,1.2904639s,11.1709448s,6626,665,0
6.3217842s,1.3086484s,4.8280088s,6631,665,0
6.0347221s,1.418548s,5.1293063s,6634,665,0
6.441315s,1.103738s,4.730204s,6640,665,0
5.8440226s,1.4545861s,5.3290111s,6635,665,0
6.3446145s,1.2163825s,4.8284192s,6632,665,0
6.9510126s,1.2972746s,11.1730337s,6625,665,0
6.548907s,1.0077761s,4.6241267s,6637,665,0
6.0504893s,1.18679s,5.1330625s,6639,665,0
6.6722622s,1.3272251s,11.4654443s,6628,665,0
5.5346383s,1.0720907s,10.6650778s,6646,667,0
6.4745167s,1.0793139s,3.1172261s,6656,667,0
6.3814501s,1.3923503s,3.2170783s,6657,667,0
6.3814501s,1.1714975s,3.2170783s,6651,667,0
6.7858175s,1.0613342s,2.8153521s,6658,667,0
6.3558426s,1.2607616s,9.8618365s,6650,667,0
6.4628432s,1.2196487s,9.7578645s,6642,667,0
5.570478s,1.4734518s,10.6604159s,6645,667,0
6.4084075s,1.1644764s,3.2136229s,6660,667,0
6.7054892s,1.4908853s,2.9183722s,6652,667,0
6.3866819s,1.0277405s,9.8506546s,6644,667,0
6.4957196s,1.4390587s,9.7495279s,6649,667,0
6.2884223s,1.2337761s,9.9568252s,6648,667,0
6.5259164s,1.0498966s,3.1149746s,6653,667,0
6.4973587s,1.3567066s,9.7553858s,6643,667,0
6.0278401s,1.1576632s,3.6206765s,6659,667,0
6.1045002s,1.0103382s,10.1596847s,6641,667,0
6.6118535s,1.4663413s,9.6535976s,6647,667,0
5.7423094s,1.2432718s,3.9183899s,6655,667,0
7.253474s,1.4860604s,2.4113984s,6654,667,0
6.4518226s,1.1261431s,9.2614991s,6663,669,0
7.1171294s,1.4023944s,1.5140111s,6679,669,0
6.6186486s,1.230572s,2.0157206s,6671,669,0
6.1193187s,1.2198649s,2.5168954s,6674,669,0
6.5610776s,1.1749163s,9.1615403s,6668,669,0
6.8282294s,1.4228242s,1.8120202s,6680,669,0
6.0251935s,1.3068549s,2.620797s,6673,669,0
7.0864038s,1.3847895s,8.6578592s,6669,669,0
6.0855017s,1.0722699s,9.6587613s,6666,669,0
6.7539786s,1.2718422s,1.9133149s,6677,669,0
6.5148856s,1.3525272s,9.2505962s,6667,669,0
5.8106479s,1.3607023s,9.9544675s,6665,669,0
6.6156983s,1.4976238s,9.1497835s,6670,669,0
5.9081703s,1.0690892s,9.8573115s,6662,669,0
6.3764525s,1.139497s,2.3166664s,6678,669,0
6.6974651s,1.335149s,2.0130546s,6675,669,0
6.1367683s,1.4654174s,9.6623319s,6661,669,0
5.7309876s,1.0087199s,10.0681126s,6664,669,0
6.0969164s,1.3937415s,2.6184853s,6676,669,0
6.3022882s,1.3538452s,2.4169961s,6672,669,0
6.1166916s,1.1497674s,904.6489ms,6691,670,0
6.8259744s,1.3503977s,7.4444076s,6687,670,0
6.0296541s,1.12814s,8.2488112s,6690,670,0
6.1251704s,1.0815425s,905.4282ms,6700,670,0
6.0316402s,1.1673888s,1.005735s,6695,670,0
5.4438241s,1.2687995s,8.8524368s,6681,670,0
7.2490415s,1.4932373s,7.0472194s,6684,670,0
5.8492655s,1.0125027s,1.2060278s,6693,670,0
6.2541996s,1.1625007s,804.937ms,6692,670,0
6.7646989s,1.3127735s,7.5453928s,6683,670,0
6.6577982s,1.040562s,403.252ms,6698,670,0
6.5668903s,1.0925447s,7.7432014s,6682,670,0
7.0644741s,1.2000715s,0s,6694,670,0
6.5651996s,1.0179847s,7.7512696s,6685,671,0
6.1653771s,1.2144545s,8.1510921s,6686,671,0
5.6595492s,1.1432938s,8.6562878s,6689,671,0
6.3819904s,1.4224411s,702.8801ms,6697,671,0
6.4935414s,1.2873527s,603.7681ms,6699,671,0
7.1085142s,1.2126722s,7.2419198s,6688,671,0
7.0107478s,1.0564051s,100.8536ms,6696,671,0
6.8603583s,1.409614s,6.1358631s,6710,672,0
5.8241673s,1.0287062s,100.7781ms,6715,672,0
7.0717658s,1.410899s,5.9369701s,6701,672,0
5.9398067s,1.4075247s,0s,6714,672,0
6.6788508s,1.0631154s,6.3355364s,6703,672,0
6.0763785s,1.1353702s,6.9433483s,6708,672,0
5.7807064s,1.0185111s,7.2437025s,6707,672,0
6.1914388s,1.2106139s,6.8403022s,6704,672,0
6.6987768s,1.4597596s,6.3355578s,6709,672,0
6.3091685s,1.0200996s,6.737032s,6706,672,0
6.5103057s,1.3829176s,6.5358948s,6705,672,0
6.8380048s,1.3289733s,6.234125s,6702,672,0
6.0252553s,1.1146968s,0s,6712,672,0
6.0476378s,1.247666s,0s,6720,672,0
6.1805668s,1.4617806s,0s,6713,672,0
6.2131677s,1.0632261s,0s,6718,672,0
6.2808461s,1.2330079s,0s,6717,672,0
6.4230933s,1.2486742s,4.3259697s,6722,674,0
6.4216631s,1.1845722s,4.3273999s,6724,674,0
6.8940322s,1.3987671s,10.7608126s,6711,674,0
6.5871453s,1.383678s,11.0676995s,6719,674,0
6.6535044s,1.4683924s,4.1236759s,6727,674,0
6.4508723s,1.3827613s,4.326308s,6729,674,0
6.6554031s,1.3842712s,4.1255864s,6723,674,0
5.5493904s,1.2537759s,5.2315991s,6728,674,0
6.8140157s,1.2811724s,10.861006s,6716,674,0
6.860462s,1.3435674s,3.9246988s,6730,674,0
6.66212s,1.2806072s,4.1230408s,6726,674,0
6.2698746s,1.0814826s,4.5252107s,6721,674,0
5.9947985s,1.0264918s,4.8325575s,6725,674,0
6.1573324s,1.0498162s,11.2700447s,6736,676,0
6.3749985s,1.3577307s,3.8287783s,6748,676,0
6.9827166s,1.4355638s,3.2210602s,6747,676,0
6.7661888s,1.1469829s,10.6745432s,6731,676,0
6.4913649s,1.1404308s,3.7274963s,6743,676,0
5.7838442s,1.2701579s,4.435017s,6749,676,0
6.1689989s,1.0520486s,11.2734626s,6733,676,0
6.4711138s,1.4297458s,10.9713477s,6737,676,0
5.8750943s,1.2786978s,11.5774051s,6739,676,0
7.0072208s,1.4949478s,3.2216783s,6741,676,0
5.8799441s,1.0177639s,11.5725553s,6735,676,0
6.1892672s,1.1875767s,11.2728714s,6740,676,0
6.9348078s,1.3216807s,3.3256402s,6742,676,0
7.2230446s,1.4752862s,10.2638558s,6738,676,0
5.6358065s,1.3254733s,4.6316015s,6744,676,0
6.5212962s,1.3257062s,10.9697121s,6732,676,0
6.244698s,1.0595024s,4.0260319s,6750,676,0
6.1471673s,1.4584922s,4.1235626s,6746,676,0
6.1571536s,1.2905273s,4.1277726s,6745,676,0
6.6424376s,1.3369244s,10.8728619s,6734,676,0
5.5223415s,1.1172516s,9.8703312s,6753,678,0
5.7208471s,1.1472094s,9.6718256s,6754,678,0
5.5309334s,1.1273982s,9.869564s,6759,678,0
6.3294864s,1.048392s,2.1139328s,6766,678,0
6.133879s,1.4717361s,2.3140422s,6761,678,0
6.0624649s,1.2685045s,9.3573566s,6757,678,0
6.9619542s,1.2394699s,8.4578673s,6752,678,0
6.7640066s,1.3564628s,8.6558149s,6751,678,0
7.1587449s,1.430506s,1.3109163s,6763,678,0
6.5614144s,1.3874866s,1.9150154s,6769,678,0
6.5653448s,1.1274417s,1.9150723s,6762,678,0
6.6756572s,1.2113598s,1.8119029s,6765,678,0
6.491502s,1.16332s,8.9634263s,6758,678,0
5.8015409s,1.388953s,9.6591448s,6760,678,0
6.1870253s,1.4085134s,2.3117062s,6767,678,0
6.9103321s,1.3868152s,8.5503536s,6755,678,0
6.2909266s,1.278774s,2.21558s,6764,678,0
6.9123936s,1.4245743s,8.5600815s,6756,678,0
6.3969182s,1.1261579s,2.1136027s,6770,678,0
6.3994763s,1.2691704s,2.1164026s,6768,678,0
5.9220231s,1.051707s,1.1065495s,6784,680,0
6.2595612s,1.0293647s,7.5517439s,6778,680,0
6.5290711s,1.3225754s,503.2496ms,6786,680,0
6.7827325s,1.3996258s,7.0459674s,6779,680,0
5.9390545s,1.0153053s,1.1069129s,6783,680,0
6.8448099s,1.2880863s,201.1575ms,6789,680,0
6.1833769s,1.0057873s,7.6472273s,6771,680,0
6.5463579s,1.2225307s,504.0868ms,6781,680,0
6.2886583s,1.3615508s,7.5485067s,6774,680,0
5.7521966s,1.2802586s,1.3096061s,6790,680,0
5.7865711s,1.1008441s,8.0579641s,6775,680,0
5.9960298s,1.3336982s,7.8495582s,6777,680,0
6.0715438s,1.3116111s,1.0071726s,6785,680,0
5.916801s,1.0381513s,7.9493123s,6773,680,0
6.5898284s,1.2763073s,503.9097ms,6787,680,0
6.6906425s,1.0386469s,403.0956ms,6788,680,0
6.2305603s,1.0981988s,7.652775s,6772,680,0
6.135716s,1.3292086s,7.7539186s,6776,680,0
6.3325724s,1.3171539s,7.5570622s,6780,680,0
6.0172028s,1.4961093s,1.106622s,6782,680,0
6.6696341s,1.3875148s,6.5416858s,6793,681,0
6.7719622s,1.2036373s,6.4393577s,6800,681,0
6.0653795s,1.218677s,7.1459404s,6797,681,0
6.1845298s,1.1579716s,7.0473286s,6794,681,0
5.6899684s,1.0429377s,302.7933ms,6806,681,0
6.5890914s,1.2345239s,6.6458391s,6799,681,0
6.4274586s,1.3438459s,6.8419772s,6796,681,0
7.2383381s,1.4585267s,6.0408085s,6795,681,0
6.0315402s,1.284055s,7.2516465s,6791,681,0
6.3427347s,1.1504848s,6.9505974s,6798,681,0
5.8374679s,1.1579716s,7.4558642s,6792,681,0
6.1269251s,1.3999031s,0s,6804,681,0
6.344191s,1.3760327s,0s,6809,681,0
6.4079049s,1.1623706s,0s,6808,681,0
6.620341s,1.248134s,11.5754821s,6802,683,0
6.895082s,1.2164004s,4.5276291s,6815,683,0
6.7413359s,1.1135151s,11.4774335s,6810,683,0
6.8081963s,1.3024972s,4.6333002s,6819,683,0
6.0047694s,1.2635957s,5.4367271s,6818,683,0
6.2107876s,1.277583s,5.2346669s,6813,683,0
6.3179619s,1.1594616s,5.1362001s,6816,683,0
6.4655128s,1.1938093s,11.7743486s,6807,683,0
6.6646738s,1.2818454s,11.5748564s,6805,683,0
7.0435177s,1.2904265s,4.4285586s,6812,683,0
6.7754148s,1.3307016s,11.4813382s,6803,683,0
6.1469179s,1.4036333s,5.3326907s,6820,683,0
6.778451s,1.1402512s,11.4824517s,6801,683,0
6.5549431s,1.4956107s,4.9353286s,6817,683,0
6.4582446s,1.3895378s,5.0337453s,6811,683,0
5.9621474s,1.1777076s,5.5334029s,6814,683,0
6.0772562s,1.1958548s,3.829814s,6839,685,0
6.6921541s,1.2145498s,10.2720461s,6822,685,0
6.6959938s,1.1768147s,10.2709703s,6821,685,0
6.7009229s,1.4967479s,10.2660412s,6830,685,0
6.3989881s,1.3948379s,10.567976s,6823,685,0
5.4011109s,1.0757969s,11.5711385s,6829,685,0
6.5038254s,1.2742486s,3.4200516s,6838,685,0
6.5088771s,1.1504689s,10.4672994s,6825,685,0
6.9115015s,1.1362472s,10.064675s,6826,685,0
6.1054561s,1.072491s,3.8255065s,6840,685,0
5.9123635s,1.1477086s,4.0273229s,6831,685,0
6.9202015s,1.0625649s,3.0209861s,6836,685,0
6.5193683s,1.2894031s,3.4221381s,6834,685,0
6.4262627s,1.4827958s,3.5245633s,6833,685,0
5.5235194s,1.1719472s,4.430302s,6835,685,0
7.0483724s,1.4047661s,9.9722529s,6824,685,0
6.5560555s,1.3730975s,3.420899s,6832,685,0
6.3757481s,1.3540157s,10.6669811s,6828,685,0
5.5671855s,1.016752s,4.4271713s,6837,685,0
6.1803375s,1.1212144s,10.8705787s,6827,685,0
6.6228332s,1.3287905s,2.2141697s,6857,687,0
5.8740845s,1.0647928s,10.0646048s,6850,687,0
6.9355779s,1.1290955s,1.9096874s,6854,687,0
6.32915s,1.0293706s,2.5161153s,6860,687,0
5.586951s,1.0905997s,10.367454s,6849,687,0
7.0965191s,1.2243532s,8.8578859s,6846,687,0
5.7412899s,1.191813s,3.119459s,6859,687,0
6.4017991s,1.080322s,9.5603374s,6848,687,0
5.5488525s,1.1090883s,3.321428s,6852,687,0
6.2062975s,1.1745748s,9.7608971s,6842,687,0
6.3072936s,1.0107356s,9.659901s,6841,687,0
5.8078483s,1.0731248s,10.1705662s,6845,687,0
5.6685921s,1.135674s,3.21897s,6858,687,0
6.4699086s,1.105454s,2.4176535s,6855,687,0
6.5186131s,1.4446801s,9.4654681s,6844,687,0
6.0731412s,1.1563835s,2.8168757s,6851,687,0
6.276239s,1.1216982s,2.6182713s,6853,687,0
6.4264967s,1.314616s,9.5665622s,6843,687,0
6.7857072s,1.4016649s,2.1149619s,6856,687,0
6.1320779s,1.3186635s,9.8669595s,6847,687,0
6.4222521s,1.0606777s,7.4492991s,6862,688,0
6.4389165s,1.0097991s,403.8702ms,6871,688,0
5.93424s,1.0558783s,909.3507ms,6878,688,0
6.2387142s,1.0167571s,604.8765ms,6877,688,0
7.0403338s,1.1936589s,6.8446083s,6866,688,0
5.7327673s,1.194264s,1.1111761s,6874,688,0
5.628326s,1.1786502s,8.2566161s,6861,688,0
6.6454121s,1.4034923s,200.9331ms,6872,688,0
6.0454913s,1.126631s,7.8520292s,6865,688,0
6.3489543s,1.0947448s,7.5566006s,6863,688,0
6.7520922s,1.4423345s,7.1534627s,6870,688,0
6.0725326s,1.2163334s,804.7861ms,6875,688,0
6.2664178s,1.1856104s,7.6585913s,6868,688,0
5.3790055s,1.1895163s,1.5091491s,6876,688,0
6.8890156s,1.0776042s,7.0413723s,6864,688,0
6.0888871s,1.3612559s,804.9267ms,6879,688,0
6.2931318s,1.3517778s,7.6483873s,6867,688,0
6.2032055s,1.2759905s,7.7564617s,6869,688,0
6.5200357s,1.4191177s,400.8947ms,6880,688,0
7.1970225s,1.3998011s,0s,6873,688,0
6.1423768s,1.4337156s,0s,6895,690,0
6.8095894s,1.3797627s,6.1452426s,6883,690,0
6.5212045s,1.483603s,6.4385415s,6890,690,0
6.5228473s,1.4696544s,6.4368987s,6889,690,0
6.6314496s,1.4449499s,6.3433321s,6888,690,0
6.5419747s,1.4947559s,6.4411515s,6887,690,0
6.6407383s,1.0674325s,6.3423879s,6885,690,0
6.3592884s,1.1709061s,6.6458288s,6886,690,0
5.875226s,1.0396494s,7.1461328s,6881,690,0
5.990871s,1.3303324s,7.0432903s,6884,690,0
6.6905223s,1.29293s,6.343639s,6882,690,0
6.3645931s,1.0733393s,0s,6896,690,0
6.4085377s,1.4567625s,0s,6899,690,0
6.4607447s,1.4951641s,0s,6891,690,0
6.536074s,1.0394911s,0s,6900,690,0
6.734474s,1.3797355s,12.7831301s,6893,692,0
6.1383266s,1.2819243s,6.5438482s,6910,692,0
6.6425742s,1.4057328s,6.0396006s,6909,692,0
6.8394461s,1.1876546s,12.6886536s,6892,692,0
5.4433976s,1.0237502s,7.245256s,6908,692,0
6.7604446s,1.1546194s,5.9435826s,6902,692,0
6.7716074s,1.3583999s,5.9426709s,6906,692,0
5.752743s,1.0133149s,200.664ms,6920,692,0
6.6850532s,1.1818736s,12.8824133s,6894,692,0
5.764144s,1.0151048s,200.9859ms,6916,692,0
6.4946691s,1.4185812s,6.2444357s,6905,692,0
6.7969558s,1.0752518s,12.7827255s,6898,692,0
6.298039s,1.4034817s,6.4421962s,6907,692,0
5.794301s,1.0404959s,6.9459342s,6901,692,0
6.7066665s,1.0135242s,12.8841365s,6897,692,0
5.1030395s,1.1565427s,7.6541625s,6904,692,0
6.5299113s,1.3424988s,6.237838s,6903,692,0
6.0221996s,1.0192563s,0s,6918,692,0
6.0816436s,1.2036902s,0s,6919,692,0
6.1411597s,1.1905443s,0s,6913,692,0
6.3424953s,1.3669738s,0s,6915,692,0
6.33812s,1.3207622s,4.9318216s,6921,694,0
6.7440841s,1.2645247s,4.5299272s,6925,694,0
6.4414637s,1.3315631s,11.5787427s,6911,694,0
6.7461951s,1.3433827s,11.2802957s,6914,694,0
5.5419309s,1.1323452s,5.7383648s,6930,694,0
6.14734s,1.0324465s,5.1384878s,6928,694,0
6.4464123s,1.2331309s,11.5856106s,6912,694,0
6.2684749s,1.0644433s,5.0297779s,6926,694,0
6.4744523s,1.2168275s,4.8296947s,6922,694,0
5.6757278s,1.3671001s,5.6373177s,6929,694,0
5.9787914s,1.3928499s,5.3360576s,6923,694,0
6.4984387s,1.2497747s,4.8331506s,6927,694,0
6.5037877s,1.3173894s,11.5865854s,6917,694,0
6.3124683s,1.0173663s,5.0343533s,6924,694,0
6.5227928s,1.4936936s,10.4760037s,6936,696,0
6.5343742s,1.3025846s,10.4659887s,6932,696,0
6.5375053s,1.2058521s,10.4781169s,6933,696,0
6.0075855s,1.3617612s,4.4296347s,6943,696,0
6.1593264s,1.0194812s,10.8675307s,6939,696,0
6.8180084s,1.4608552s,3.6247723s,6950,696,0
6.8305336s,1.4809172s,3.6194867s,6941,696,0
5.8766891s,1.3878616s,11.1752451s,6934,696,0
6.3808282s,1.4606017s,10.671106s,6940,696,0
6.5840764s,1.3214051s,10.4741415s,6931,696,0
5.8953679s,1.2938992s,11.1729753s,6935,696,0
5.7875769s,1.2436978s,11.2807663s,6938,696,0
6.4585671s,1.0306566s,4.0277241s,6946,696,0
6.7655596s,1.4257887s,3.7233718s,6942,696,0
5.867975s,1.0230444s,4.6263273s,6944,696,0
5.8647449s,1.078255s,4.6295574s,6949,696,0
6.8740953s,1.2293774s,3.6230335s,6945,696,0
6.77487s,1.0230444s,3.7249591s,6947,696,0
6.2108231s,1.2272865s,10.8730824s,6937,696,0
6.8789256s,1.2848676s,3.6225937s,6948,696,0
6.6228028s,1.4755667s,8.2507852s,6952,698,0
6.726124s,1.4721929s,8.1528336s,6958,698,0
7.0293618s,1.4627372s,7.8528062s,6953,698,0
6.4434709s,1.1764759s,8.4511711s,6960,698,0
6.4471299s,1.075574s,8.4563446s,6951,698,0
6.1465389s,1.2367599s,8.7569356s,6959,698,0
6.1497345s,1.3651956s,8.7595464s,6956,698,0
6.8740355s,1.4389971s,1.007254s,6966,698,0
6.5737438s,1.4599276s,1.3087062s,6968,698,0
5.7566381s,1.0307038s,9.1605181s,6957,698,0
6.0739782s,1.4815779s,1.8138162s,6964,698,0
6.2835813s,1.026547s,1.6093921s,6961,698,0
6.167271s,1.3086121s,8.7579741s,6954,698,0
6.4891147s,1.1746846s,1.4097126s,6962,698,0
6.389694s,1.3828763s,1.5091333s,6970,698,0
6.6203091s,1.2376727s,1.3096519s,6969,698,0
6.5183502s,1.1957728s,1.4116108s,6963,698,0
6.6268845s,1.3527345s,1.3073852s,6967,698,0
6.6326064s,1.32153s,1.3065228s,6965,698,0
6.1073033s,1.3174437s,8.8611877s,6955,698,0
6.5032598s,1.2847821s,6.6486294s,6975,699,0
5.8994296s,1.3426449s,7.2562757s,6977,699,0
7.0209215s,1.1996181s,6.1453992s,6979,699,0
5.8287349s,1.0685869s,7.3443675s,6978,699,0
6.5288928s,1.0201646s,6.6442096s,6972,699,0
5.7391405s,1.3927694s,7.4459697s,6974,699,0
5.9652441s,1.195247s,202.1224ms,6983,699,0
6.952785s,1.483723s,6.2408029s,6973,699,0
6.0491169s,1.3809962s,7.1473183s,6976,699,0
6.3517359s,1.2916809s,6.8446993s,6971,699,0
5.9817835s,1.1264071s,202.0263ms,6986,699,0
5.6724842s,1.1327691s,7.5465941s,6980,699,0
6.3210515s,1.4446424s,0s,6990,699,0
6.3851915s,1.1115609s,0s,6984,699,0
6.3867569s,1.3467001s,0s,6988,699,0
6.4873141s,1.1094212s,0s,6982,699,0
6.5924227s,1.3455753s,0s,6981,699,0
6.7997979s,1.2948763s,6.0429283s,6992,701,0
5.8133041s,1.0416227s,7.0465684s,6995,701,0
6.6216044s,1.1787465s,6.2407969s,6999,701,0
6.7297544s,1.1331786s,6.1429855s,6991,701,0
5.6887216s,1.0373326s,100.6717ms,7009,701,0
6.8421691s,1.0905208s,12.9831824s,6985,701,0
5.834595s,1.0968261s,7.0483499s,7000,701,0
6.950432s,1.3467001s,12.8889781s,6987,701,0
6.8611912s,1.1363704s,6.0373456s,6994,701,0
7.0844037s,1.3885975s,5.8430724s,6996,701,0
6.9864517s,1.3315731s,5.9410244s,6998,701,0
6.3805932s,1.4674145s,6.5486537s,6993,701,0
5.6450948s,1.4565323s,201.1125ms,7007,701,0
6.8021929s,1.4213949s,13.0834481s,6989,701,0
6.0935424s,1.0673694s,6.8411441s,6997,701,0
5.9593248s,1.2530636s,0s,7008,701,0
6.0694175s,1.4796233s,0s,7002,701,0
6.1504874s,1.4586021s,0s,7010,701,0
6.2304694s,1.2137091s,0s,7006,701,0
6.4897828s,1.3716699s,4.5262869s,7013,703,0
6.000308s,1.096091s,5.0340335s,7020,703,0
6.3013355s,1.1616952s,4.733006s,7011,703,0
6.9076675s,1.2088775s,4.1282626s,7019,703,0
6.5116313s,1.2128687s,4.5281521s,7018,703,0
6.8531486s,1.3111267s,11.0718122s,7001,703,0
6.6199252s,1.4774135s,4.4290537s,7017,703,0
6.4609324s,1.4063621s,11.4714379s,7005,703,0
6.5356736s,1.186562s,4.5291473s,7015,703,0
5.5302642s,1.2056938s,5.5383962s,7012,703,0
6.6803747s,1.3708689s,11.2712277s,7004,703,0
6.8788159s,1.2595831s,11.0721281s,7003,703,0
6.2516009s,1.3028737s,4.83284s,7016,703,0
6.4560992s,1.2208402s,4.6334571s,7014,703,0
5.7576095s,1.057947s,4.734658s,7034,705,0
6.8641133s,1.1365634s,10.56893s,7030,705,0
5.7570935s,1.0580559s,11.6759498s,7028,705,0
5.8687942s,1.0958333s,4.6344947s,7037,705,0
6.98338s,1.3861147s,3.5234364s,7035,705,0
6.8834071s,1.3773735s,3.6234093s,7032,705,0
6.5711344s,1.3356412s,10.8756988s,7027,705,0
6.3826053s,1.0505199s,4.1285116s,7040,705,0
6.3828634s,1.4678857s,11.0713778s,7023,705,0
6.7982232s,1.4848561s,3.7261519s,7033,705,0
6.2950883s,1.2079036s,4.2292868s,7039,705,0
6.59821s,1.3276969s,3.9268603s,7038,705,0
7.0059534s,1.4150161s,3.5235536s,7031,705,0
6.4924005s,1.1797353s,10.976468s,7026,705,0
6.6021898s,1.3385932s,10.8705317s,7024,705,0
5.819128s,1.0497022s,11.6689643s,7021,705,0
5.927569s,1.3636234s,11.5765904s,7022,705,0
6.9351685s,1.4046387s,10.5689909s,7025,705,0
6.0351325s,1.1509455s,11.4777117s,7029,705,0
6.7551581s,1.4214194s,3.8254048s,7036,705,0
6.3307571s,1.2026151s,1.6129545s,7056,707,0
6.4634935s,1.0590942s,8.4567678s,7050,707,0
6.062793s,1.2931267s,8.8635046s,7048,707,0
6.9726268s,1.2620649s,7.9572277s,7043,707,0
6.3456864s,1.0075215s,1.6119969s,7051,707,0
6.5514248s,1.1216475s,1.4102312s,7060,707,0
6.7831602s,1.2733688s,8.1558359s,7042,707,0
6.7775606s,1.112182s,8.1614355s,7045,707,0
6.1550838s,1.0395289s,1.8112855s,7053,707,0
6.5643852s,1.4925373s,1.4078848s,7059,707,0
5.8615438s,1.4128429s,2.1156324s,7058,707,0
6.5959069s,1.3725867s,8.3577456s,7041,707,0
6.179032s,1.1332132s,1.8120526s,7052,707,0
6.3053414s,1.1659815s,8.65837s,7044,707,0
6.8126678s,1.4297152s,8.1582129s,7049,707,0
6.8114097s,1.4361224s,8.159471s,7046,707,0
6.4075743s,1.0696969s,8.5633064s,7047,707,0
6.3911454s,1.3767507s,1.6107643s,7057,707,0
5.7886634s,1.0694123s,2.2132463s,7054,707,0
6.7112039s,1.2638877s,1.3088408s,7055,707,0
5.8349323s,1.2935195s,7.0416677s,7068,708,0
5.7009582s,1.1806764s,0s,7080,708,0
6.0437542s,1.3056035s,6.8440643s,7063,708,0
5.606048s,1.1505811s,100.8536ms,7074,708,0
6.2703816s,1.4622779s,6.6398971s,7062,708,0
5.73031s,1.0567429s,0s,7072,708,0
6.1719344s,1.4885186s,6.747029s,7065,708,0
7.1861305s,1.4000812s,5.7347111s,7070,708,0
6.3824397s,1.2194982s,6.5467476s,7064,708,0
6.3843909s,1.2635102s,6.5500312s,7067,708,0
5.796976s,1.1696017s,7.1506105s,7069,708,0
6.4272033s,1.0746721s,6.5369718s,7061,708,0
5.9208863s,1.0243205s,7.0432888s,7066,708,0
5.6798431s,1.0277371s,100.7722ms,7073,708,0
5.9651333s,1.0288363s,0s,7071,708,0
5.9896533s,1.434489s,4.2303901s,7084,710,0
6.9046556s,1.3294327s,3.3184395s,7090,710,0
6.7061593s,1.4884066s,3.5207459s,7081,710,0
6.6081999s,1.3883402s,3.628267s,7083,710,0
6.8281148s,1.2116114s,10.3748729s,7076,710,0
6.0224765s,1.1790227s,4.2242874s,7085,710,0
5.9294534s,1.1790227s,4.3263062s,7086,710,0
6.5579805s,1.1539793s,10.6627951s,7075,710,0
6.6348293s,1.3644249s,3.6245645s,7082,710,0
6.6370677s,1.3943727s,3.6223261s,7087,710,0
6.6599373s,1.2149374s,10.5773511s,7077,710,0
6.965016s,1.4927779s,10.2728407s,7079,710,0
6.5797351s,1.274942s,10.6732805s,7078,710,0
6.4604185s,1.1109791s,3.8271768s,7088,710,0
6.6708429s,1.4022575s,3.6237155s,7089,710,0
6.1168587s,1.184662s,2.2129264s,7103,712,0
5.8139266s,1.0418396s,2.5158585s,7105,712,0
6.4163565s,1.3570988s,8.8588483s,7097,712,0
6.5186796s,1.3482909s,8.7609375s,7100,712,0
5.3163595s,1.1147977s,9.9632576s,7099,712,0
6.0343997s,1.1146824s,2.3120658s,7104,712,0
6.5436001s,1.184662s,1.8111153s,7110,712,0
5.9248758s,1.2329179s,9.3644659s,7094,712,0
6.9346263s,1.4752604s,8.3590516s,7091,712,0
6.6575012s,1.4950636s,1.7089991s,7101,712,0
6.138229s,1.2268345s,9.1628976s,7095,712,0
6.4556924s,1.4201409s,1.9108079s,7108,712,0
6.0495159s,1.0335125s,9.2609264s,7092,712,0
6.1634012s,1.2310838s,2.2158275s,7107,712,0
7.1735903s,1.2007101s,1.2086849s,7109,712,0
6.3546224s,1.1732367s,8.9660644s,7098,712,0
6.1743929s,1.1372044s,2.2139526s,7106,712,0
6.8656296s,1.3096992s,8.4644928s,7096,712,0
6.7927113s,1.3065202s,1.6099882s,7102,712,0
6.5815446s,1.3847372s,8.7592718s,7093,712,0
6.4111558s,1.1561948s,7.7408485s,7112,714,0
6.0964553s,1.2904901s,8.055549s,7114,714,0
7.0068424s,1.3448046s,7.1451619s,7118,714,0
6.1105842s,1.1561948s,8.0545698s,7119,714,0
6.2183776s,1.0390576s,7.9500077s,7115,714,0
5.1518399s,1.2239774s,2.0127286s,7128,714,0
5.7551549s,1.1145873s,1.4094136s,7123,714,0
6.0231565s,1.3897995s,8.1503679s,7116,714,0
5.2136159s,1.1006787s,8.9599085s,7113,714,0
6.4231577s,1.2022257s,7.7503667s,7117,714,0
6.3620876s,1.3954463s,806.5458ms,7122,714,0
6.024493s,1.0458217s,8.1547107s,7120,714,0
6.98456s,1.3078839s,201.6772ms,7130,714,0
6.9913126s,1.4711584s,200.9116ms,7121,714,0
6.3560106s,1.4428178s,7.843056s,7111,714,0
6.187699s,1.4128433s,1.0045252s,7125,714,0
7.0007671s,1.3396949s,201.1644ms,7124,714,0
6.2002439s,1.4567421s,1.0060559s,7129,714,0
6.503875s,1.2477718s,705.308ms,7126,714,0
6.2118211s,1.2296284s,1.0059206s,7127,714,0
5.6866733s,1.0496353s,7.6539564s,7135,715,0
6.389516s,1.3685868s,6.9511137s,7132,715,0
6.2868626s,1.13365s,7.0537671s,7134,715,0
6.7934448s,1.1775307s,6.5471849s,7139,715,0
5.7563044s,1.06884s,501.2583ms,7148,715,0
7.0169008s,1.3764904s,6.3420353s,7133,715,0
5.8662403s,1.1026465s,403.3467ms,7143,715,0
5.8225828s,1.0570152s,7.5467397s,7131,715,0
6.4270004s,1.3426615s,6.9463192s,7138,715,0
6.28529s,1.1316294s,0s,7142,715,0
5.9701293s,1.0056087s,7.447709s,7137,715,0
6.1310159s,1.4286283s,201.6586ms,7145,715,0
7.0890021s,1.4469873s,6.3356042s,7136,715,0
6.8921765s,1.2236926s,6.538897s,7140,715,0
6.3428695s,1.2065586s,0s,7144,715,0
6.3705014s,1.1414727s,0s,7146,715,0
6.6043722s,1.1926848s,0s,7147,715,0
6.7002702s,1.1765756s,0s,7150,715,0
6.5910602s,1.1937847s,5.132351s,7157,717,0
6.1908468s,1.1546187s,5.5349424s,7160,717,0
6.492886s,1.3086421s,5.2329032s,7153,717,0
7.3220067s,1.4337496s,4.4229383s,7156,717,0
6.3180373s,1.4977435s,5.438955s,7155,717,0
5.839045s,1.0438263s,5.9439161s,7154,717,0
7.0800634s,1.3216812s,11.7835077s,7149,717,0
6.0481557s,1.4255903s,5.7393084s,7158,717,0
6.0554343s,1.0206524s,5.7380457s,7159,717,0
5.9687205s,1.1286625s,5.8394587s,7152,717,0
5.8769635s,1.2545s,5.9355078s,7151,717,0
6.8213025s,1.3767716s,12.0796438s,7141,717,0
6.4408118s,1.4538074s,10.0672536s,7170,719,0
5.9406167s,1.1930772s,10.5737398s,7162,719,0
5.682403s,1.0155056s,4.2286401s,7176,719,0
6.3474304s,1.0135356s,10.1727754s,7166,719,0
6.6942356s,1.4046293s,3.2223727s,7172,719,0
7.3021844s,1.4966322s,2.6144239s,7177,719,0
6.5637286s,1.287715s,9.9698665s,7167,719,0
6.304474s,1.4129305s,3.623948s,7171,719,0
6.9121422s,1.3444285s,3.0192127s,7179,719,0
7.1180225s,1.2924663s,2.819084s,7173,719,0
6.1776381s,1.4606911s,10.3704083s,7164,719,0
7.1240495s,1.3372667s,2.815587s,7178,719,0
6.5815837s,1.4012414s,9.9672155s,7163,719,0
6.9303719s,1.3905868s,3.0164765s,7180,719,0
5.6937641s,1.038814s,10.8737079s,7161,719,0
5.9333615s,1.2841037s,4.0297047s,7175,719,0
6.5043883s,1.3217952s,10.0716132s,7168,719,0
6.6091627s,1.3767408s,9.9668388s,7169,719,0
6.3211025s,1.0826491s,10.2697876s,7165,719,0
6.4611947s,1.4170185s,3.5220818s,7174,719,0
6.9282817s,1.2260844s,1.5101597s,7192,721,0
6.0253823s,1.0183604s,2.4150841s,7193,721,0
6.0182461s,1.1189682s,9.4600937s,7189,721,0
7.0257772s,1.4511451s,8.4525626s,7188,721,0
5.7415738s,1.3299381s,2.720304s,7199,721,0
6.0290494s,1.2391022s,9.4586056s,7187,721,0
6.8306648s,1.3337872s,8.6569902s,7184,721,0
5.8304445s,1.3615579s,9.6631436s,7186,721,0
6.6618582s,1.4163522s,1.812947s,7196,721,0
5.6354271s,1.1327529s,9.8651553s,7183,721,0
6.5617119s,1.0352111s,1.9130933s,7200,721,0
6.563737s,1.2667506s,8.9611252s,7182,721,0
6.0819993s,1.2306875s,2.4175422s,7195,721,0
6.1914405s,1.1938352s,2.3163388s,7198,721,0
5.9937511s,1.1305782s,2.5181401s,7197,721,0
7.0043702s,1.4753652s,1.5118689s,7194,721,0
6.2877287s,1.3298015s,9.2653515s,7185,721,0
6.492422s,1.2585114s,9.0606582s,7190,721,0
6.2915334s,1.3820012s,9.2638272s,7181,721,0
6.7185973s,1.412329s,1.8135022s,7191,721,0
6.2529915s,1.3188938s,7.747108s,7209,723,0
5.3471718s,1.0000177s,8.6529277s,7207,723,0
6.0896554s,1.0458499s,1.3104362s,7212,723,0
5.8935133s,1.0157755s,1.5095717s,7213,723,0
6.5099103s,1.1696194s,905.3742ms,7217,723,0
7.0168541s,1.4246414s,402.598ms,7211,723,0
6.5176878s,1.415608s,906.2316ms,7220,723,0
6.0930162s,1.370121s,7.948211s,7204,723,0
5.4930666s,1.2442444s,8.55481s,7206,723,0
5.9932999s,1.0467402s,8.0545767s,7203,723,0
6.0369467s,1.1338962s,1.4086831s,7214,723,0
6.0094233s,1.2786244s,8.0607746s,7201,723,0
5.8124546s,1.1934605s,8.2616687s,7205,723,0
6.519536s,1.3019022s,7.5545873s,7208,723,0
6.6173078s,1.4207099s,7.4568155s,7202,723,0
6.0533359s,1.4258061s,1.4116082s,7218,723,0
6.0569102s,1.2407282s,1.410434s,7219,723,0
5.7541246s,1.2291028s,1.7132196s,7216,723,0
6.0619928s,1.309768s,1.4102234s,7215,723,0
6.5474553s,1.3087191s,7.5459173s,7210,723,0
5.6583572s,1.0815633s,0s,7232,724,0
6.3274716s,1.151821s,6.3352566s,7221,724,0
6.8323435s,1.2846412s,5.8429583s,7224,724,0
5.5896936s,1.0158959s,100.1222ms,7239,724,0
6.6472387s,1.029684s,6.0450387s,7223,724,0
6.6730783s,1.3895086s,6.0390638s,7230,724,0
5.9616165s,1.1795115s,6.7505256s,7229,724,0
5.9766564s,1.0120104s,6.7536115s,7228,724,0
6.3892868s,1.3420246s,6.342715s,7222,724,0
5.631928s,1.1096204s,101.3637ms,7234,724,0
6.9976951s,1.4024583s,5.7349361s,7227,724,0
6.1008245s,1.1508674s,6.6463753s,7225,724,0
6.2094078s,1.4547261s,6.539353s,7226,724,0
5.8269294s,1.1961492s,0s,7238,724,0
6.0515666s,1.2866348s,0s,7231,724,0
6.1534159s,1.2118974s,0s,7235,724,0
6.8536676s,1.1473536s,4.6329182s,7244,726,0
6.5500587s,1.4634133s,4.9365271s,7249,726,0
6.1533059s,1.0987272s,5.3364064s,7248,726,0
6.6670709s,1.1246285s,4.8327657s,7243,726,0
6.2682271s,1.3785079s,5.2381958s,7247,726,0
5.9738549s,1.1642594s,5.5390695s,7242,726,0
6.5999676s,1.1133231s,4.9325107s,7245,726,0
6.4518787s,1.2690643s,11.783586s,7233,726,0
6.3527526s,1.0621473s,11.8860761s,7240,726,0
6.8129644s,1.3384491s,4.7327566s,7241,726,0
6.5673148s,1.3596237s,11.6814935s,7236,726,0
6.7318235s,1.2776256s,4.8296127s,7250,726,0
6.697409s,1.4449442s,11.5735087s,7237,726,0
6.8442915s,1.249793s,4.7304231s,7246,726,0
6.8211341s,1.212537s,9.1580026s,7251,728,0
6.2276033s,1.2585026s,9.7636447s,7252,728,0
6.537143s,1.4607995s,9.4555111s,7259,728,0
6.7573917s,1.0636786s,2.4141283s,7269,728,0
5.863464s,1.2550267s,3.3218196s,7270,728,0
6.8752111s,1.1980225s,2.3147288s,7263,728,0
7.1792742s,1.414667s,2.0134214s,7267,728,0
6.1750914s,1.174793s,3.0205597s,7264,728,0
6.5663243s,1.0611331s,9.4566549s,7257,728,0
6.2625259s,1.1814078s,9.7604533s,7260,728,0
5.8608056s,1.3013624s,10.1621736s,7258,728,0
6.3158036s,1.4704311s,2.9150449s,7261,728,0
5.810971s,1.4499711s,3.4198775s,7265,728,0
6.4914629s,1.222069s,9.5664571s,7254,728,0
5.8898822s,1.222069s,10.1680378s,7253,728,0
5.5902644s,1.086051s,10.4750265s,7256,728,0
6.8290848s,1.1955367s,2.415072s,7262,728,0
6.2942085s,1.2905074s,9.7710824s,7255,728,0
6.8402716s,1.4788829s,2.4152575s,7268,728,0
5.6296316s,1.1594646s,3.6258975s,7266,728,0
6.4266529s,1.0233842s,9.057801s,7273,730,0
6.4254918s,1.1435894s,9.0589621s,7271,730,0
6.9514145s,1.4561182s,1.5093751s,7285,730,0
6.7307388s,1.0553572s,8.7576164s,7274,730,0
6.6564781s,1.2160606s,1.8114104s,7287,730,0
6.2656155s,1.1364783s,2.2138639s,7282,730,0
5.9553098s,1.2245118s,9.5612434s,7277,730,0
6.1780637s,1.290533s,2.3140449s,7283,730,0
6.481861s,1.3504323s,2.0153026s,7286,730,0
6.6666856s,1.2700336s,8.8582012s,7272,730,0
6.7023715s,1.4529003s,1.8119833s,7288,730,0
6.1849268s,1.4345726s,9.3573949s,7275,730,0
6.4853994s,1.4307583s,9.0569223s,7280,730,0
6.4939364s,1.2138035s,9.0611644s,7278,730,0
6.1215529s,1.489537s,2.4115122s,7290,730,0
6.117848s,1.3025131s,2.4152171s,7281,730,0
6.5210714s,1.3831316s,2.0119937s,7289,730,0
6.6061853s,1.4787238s,8.9604761s,7279,730,0
7.0248005s,1.1968058s,8.5540458s,7276,730,0
7.1473762s,1.4340826s,1.4095731s,7284,730,0
6.0632472s,1.2690311s,8.7614705s,7293,732,0
6.8001104s,1.3636072s,806.8317ms,7303,732,0
7.1882125s,1.3199125s,7.6503925s,7294,732,0
6.0173804s,1.4684237s,1.6075334s,7308,732,0
6.9002588s,1.1051444s,7.9542692s,7296,732,0
6.138916s,1.0359326s,1.5096195s,7310,732,0
6.5137089s,1.313325s,8.35812s,7299,732,0
5.7372738s,1.4647262s,1.9140895s,7306,732,0
6.6480677s,1.1299241s,1.008747s,7301,732,0
7.2204656s,1.470878s,7.6575024s,7300,732,0
6.91817s,1.2547144s,7.959798s,7295,732,0
6.7221627s,1.4661945s,8.1558053s,7291,732,0
6.8519794s,1.4045868s,805.523ms,7305,732,0
7.1557026s,1.483199s,504.5079ms,7309,732,0
6.0347015s,1.1306613s,8.8594891s,7292,732,0
6.6737245s,1.1213446s,1.0070546s,7302,732,0
6.2532947s,1.4353481s,8.6541366s,7297,732,0
5.878296s,1.1499351s,1.8123815s,7304,732,0
6.3885243s,1.1568115s,1.3079528s,7307,732,0
6.5617885s,1.1429379s,8.3576516s,7298,732,0
6.849601s,1.216044s,4.9285192s,7318,733,0
6.849601s,1.468748s,4.9285192s,7316,733,0
6.5505804s,1.1314338s,5.2334993s,7311,733,0
5.9506251s,1.3308912s,5.8406928s,7317,733,0
5.7571675s,1.1076745s,6.04307s,7319,733,0
5.760296s,1.1469734s,6.0467542s,7312,733,0
5.9773155s,1.1167135s,5.8367478s,7320,733,0
6.1113549s,1.1567317s,5.7379691s,7314,733,0
6.6176709s,1.4744834s,5.2316531s,7313,733,0
6.7348754s,1.2746982s,5.1330697s,7315,733,0
6.1988811s,1.1874908s,10.471034s,7328,735,0
6.4642341s,1.0959219s,3.6239777s,7331,735,0
6.4029371s,1.0419105s,10.2686801s,7321,735,0
6.3857475s,1.3306547s,3.7225865s,7334,735,0
6.0163781s,1.1804835s,10.6753613s,7323,735,0
6.3869845s,1.1743694s,3.7231019s,7339,735,0
6.8907258s,1.4215416s,3.2193606s,7337,735,0
6.6890396s,1.1839392s,3.4210468s,7335,735,0
6.5281976s,1.2132137s,10.171663s,7322,735,0
6.4343813s,1.1678823s,10.2715333s,7325,735,0
5.8964153s,1.0697968s,4.2303187s,7336,735,0
6.0162694s,1.0959219s,4.1245302s,7332,735,0
6.5687475s,1.2043538s,10.1640318s,7327,735,0
6.4720901s,1.1046464s,10.2661199s,7329,735,0
6.2311329s,1.0444863s,3.9236717s,7340,735,0
6.227671s,1.3358069s,3.9271336s,7338,735,0
6.5814381s,1.1725054s,10.1720789s,7326,735,0
6.5834054s,1.0397368s,10.1701116s,7330,735,0
6.3895396s,1.0441187s,10.3711909s,7324,735,0
5.2431643s,1.1868456s,4.9341608s,7333,735,0
7.1193778s,1.4669182s,1.308432s,7360,737,0
6.2233174s,1.0582562s,2.213611s,7352,737,0
5.9507984s,1.2876429s,9.6676385s,7347,737,0
6.9386886s,1.357695s,1.509158s,7356,737,0
6.5660179s,1.333355s,9.0660035s,7348,737,0
7.0777636s,1.386035s,8.5591566s,7344,737,0
7.1785136s,1.4383695s,8.4581001s,7345,737,0
6.4434224s,1.1989053s,2.0144848s,7353,737,0
6.3438867s,1.0866009s,2.115333s,7354,737,0
6.4794039s,1.4105547s,9.1616495s,7350,737,0
6.6610453s,1.3106234s,1.8116239s,7357,737,0
5.6868858s,1.204401s,9.9683568s,7341,737,0
5.7980565s,1.0820911s,9.8636751s,7349,737,0
6.410779s,1.3079779s,9.2644954s,7346,737,0
6.3088506s,1.1364537s,9.3664238s,7343,737,0
5.7887023s,1.3416411s,2.7183582s,7351,737,0
6.8014581s,1.0478811s,1.7103179s,7355,737,0
6.6021418s,1.421401s,1.9124864s,7358,737,0
7.1361478s,1.4904655s,8.5574934s,7342,737,0
6.401056s,1.1844896s,2.1135722s,7359,737,0
6.6157585s,1.2811077s,8.2580054s,7370,739,0
6.4315596s,1.1246504s,8.4590196s,7365,739,0
6.4741471s,1.3040722s,1.5096396s,7372,739,0
6.7785415s,1.3223824s,1.2098669s,7379,739,0
5.6728667s,1.4178183s,2.3179309s,7378,739,0
6.7547812s,1.1335895s,8.159573s,7362,739,0
6.5139249s,1.1607289s,1.5087881s,7373,739,0
6.5881347s,1.425324s,8.3531155s,7367,739,0
6.0783614s,1.2289187s,8.8628888s,7369,739,0
6.2183657s,1.1779792s,1.8129128s,7371,739,0
6.8950269s,1.3455562s,8.0566073s,7368,739,0
6.326408s,1.0976648s,1.7133751s,7376,739,0
6.326408s,1.291075s,1.7133751s,7375,739,0
5.8961323s,1.0587996s,9.0613725s,7361,739,0
6.5976341s,1.4839496s,8.3598707s,7364,739,0
6.2323311s,1.1208327s,1.8124778s,7380,739,0
6.8388059s,1.3040722s,1.2095938s,7377,739,0
6.3388552s,1.2761866s,1.7110578s,7374,739,0
6.9123372s,1.3633408s,8.0569125s,7363,739,0
6.9152077s,1.4542259s,8.054042s,7366,739,0
7.1416749s,1.4100736s,7.6479417s,7383,741,0
6.6423909s,1.0175901s,1.0055508s,7393,741,0
5.7376813s,1.0605919s,1.9102604s,7391,741,0
6.3422814s,1.1234098s,1.30965s,7396,741,0
5.8404996s,1.0625459s,1.8114318s,7395,741,0
6.6600654s,1.1575652s,1.0064006s,7400,741,0
6.7579125s,1.0866802s,8.0550635s,7387,741,0
6.9638757s,1.3842881s,7.8534932s,7388,741,0
6.4693577s,1.0054084s,8.3624382s,7386,741,0
6.1799958s,1.1021587s,8.6557977s,7385,741,0
6.6959083s,1.487303s,1.005546s,7399,741,0
6.5978488s,1.1773469s,8.2557081s,7384,741,0
5.8984123s,1.0404224s,8.9579924s,7390,741,0
6.3163088s,1.1804758s,1.4075241s,7392,741,0
5.9038625s,1.1203043s,8.9653158s,7389,741,0
6.2324425s,1.2746163s,1.5095639s,7394,741,0
7.1301198s,1.4786952s,7.7540865s,7382,741,0
6.2338499s,1.4349161s,1.5086815s,7398,741,0
6.8322778s,1.4676558s,8.0553099s,7381,741,0
6.5379649s,1.4658773s,1.2079479s,7397,741,0
6.8620081s,1.0330352s,705.2505ms,7415,743,0
6.1629737s,1.1076026s,1.4078351s,7414,743,0
6.0636439s,1.3155347s,1.5087149s,7417,743,0
6.1504366s,1.1214628s,8.2564308s,7401,743,0
6.3745084s,1.0785488s,1.2064947s,7418,743,0
5.76384s,1.167128s,8.664935s,7409,743,0
6.7950025s,1.1784596s,805.4335ms,7416,743,0
6.1968946s,1.0876283s,1.410823s,7412,743,0
6.7043719s,1.45276s,905.002ms,7413,743,0
5.883481s,1.1647074s,8.5542319s,7406,743,0
6.2843168s,1.2107097s,8.1533961s,7402,743,0
6.4815475s,1.4792942s,7.9561654s,7407,743,0
5.6049164s,1.0376251s,2.0144912s,7411,743,0
5.4931s,1.0354625s,8.9589671s,7408,743,0
7.1197631s,1.4146058s,503.965ms,7419,743,0
6.199116s,1.0378055s,8.2576463s,7410,743,0
6.7076809s,1.1841472s,7.754556s,7403,743,0
6.3156283s,1.0896129s,8.1550817s,7404,743,0
6.739683s,1.4841579s,906.1537ms,7420,743,0
6.8279115s,1.421464s,7.6531239s,7405,743,0
5.7911499s,1.2826753s,6.9424066s,7423,744,0
6.1002228s,1.3836938s,6.6435475s,7421,744,0
6.1075088s,1.2781249s,6.6469917s,7428,744,0
6.317486s,1.2188231s,6.4425744s,7430,744,0
6.4221595s,1.0764951s,6.3433656s,7427,744,0
6.0252907s,1.1332994s,6.7465941s,7426,744,0
5.8430072s,1.10271s,6.9508132s,7424,744,0
6.653989s,1.4089222s,6.1398314s,7429,744,0
6.1443651s,1.2087749s,0s,7436,744,0
6.4608482s,1.1731275s,6.3489645s,7425,744,0
5.9529099s,1.0084167s,202.441ms,7438,744,0
6.5642197s,1.2379132s,6.245593s,7422,744,0
6.1835329s,1.328579s,0s,7432,744,0
6.3871565s,1.2319608s,0s,7437,744,0
6.4277192s,1.08145s,0s,7439,744,0
6.7338731s,1.0596757s,12.575146s,7440,746,0
6.5992124s,1.4216671s,5.6371306s,7441,746,0
5.6056715s,1.2422192s,6.6430422s,7447,746,0
6.6544887s,1.1298111s,12.6805049s,7433,746,0
6.8569532s,1.2044808s,12.4847021s,7434,746,0
6.0109465s,1.2723738s,6.2444289s,7446,746,0
6.0157549s,1.1283776s,6.2425854s,7448,746,0
6.0216431s,1.2486737s,6.2396962s,7450,746,0
6.7783778s,1.2455546s,12.5782345s,7435,746,0
5.9412541s,1.1086994s,6.3390035s,7445,746,0
7.0862799s,1.4329866s,12.2802576s,7431,746,0
6.8492623s,1.36222s,5.4363394s,7449,746,0
5.8413121s,1.116767s,6.4442896s,7442,746,0
5.7504645s,1.236672s,6.5461132s,7444,746,0
6.3642741s,1.2104184s,5.9351238s,7443,746,0
7.0359132s,1.4937118s,10.976971s,7459,748,0
7.0340182s,1.3877072s,10.978866s,7455,748,0
6.755592s,1.1833793s,4.2276823s,7465,748,0
6.5627657s,1.1547512s,4.4319971s,7469,748,0
6.2487361s,1.2248931s,11.7819399s,7451,748,0
6.6611043s,1.4637617s,11.3789346s,7452,748,0
6.7657281s,1.4336583s,11.2872818s,7458,748,0
6.0637774s,1.2308623s,11.9892325s,7456,748,0
5.975149s,1.4625671s,5.0419477s,7470,748,0
6.2726196s,1.2659179s,11.7829488s,7457,748,0
5.8784462s,1.4306574s,5.141209s,7466,748,0
6.7009534s,1.222398s,4.3257416s,7468,748,0
6.4878642s,1.1286407s,11.5829959s,7454,748,0
5.7971393s,1.0006695s,5.2378076s,7464,748,0
6.0902997s,1.3034663s,11.9805604s,7460,748,0
6.909101s,1.3963429s,4.1258459s,7462,748,0
6.7101277s,1.3082082s,4.3260651s,7463,748,0
5.9051312s,1.1635967s,12.1811691s,7453,748,0
7.3376803s,1.4788339s,3.7225835s,7461,748,0
6.7392932s,1.2770342s,4.3301131s,7467,748,0
6.4922294s,1.0657166s,3.7195224s,7488,750,0
5.8309169s,1.038013s,11.3828338s,7479,750,0
6.4354576s,1.4004617s,10.7782931s,7476,750,0
6.0128461s,1.0616733s,4.2263276s,7490,750,0
6.2219573s,1.4998508s,4.0236828s,7482,750,0
6.5662374s,1.365135s,10.6679578s,7474,750,0
6.1238344s,1.3584719s,4.1272989s,7483,750,0
5.8705011s,1.0611553s,11.3727745s,7478,750,0
6.7313583s,1.3408054s,3.5250607s,7487,750,0
6.6773256s,1.0485137s,10.5718759s,7471,750,0
6.7365277s,1.3536205s,3.5241187s,7481,750,0
6.8388364s,1.1275348s,3.4233847s,7486,750,0
6.6398763s,1.2208331s,3.6269219s,7489,750,0
5.7826048s,1.0655814s,11.4777738s,7477,750,0
6.9885551s,1.4058639s,10.2718235s,7473,750,0
6.1876304s,1.1512212s,11.0727482s,7480,750,0
6.0830062s,1.2169919s,11.1778095s,7475,750,0
6.5617141s,1.048541s,3.7257154s,7485,750,0
6.1038553s,1.0365944s,11.1740875s,7472,750,0
6.3683668s,1.4600909s,3.9265545s,7484,750,0
5.9903571s,1.293745s,10.5713938s,7498,752,0
6.6933805s,1.4719568s,9.8683704s,7493,752,0
6.5949517s,1.4553207s,9.9667992s,7492,752,0
6.4692335s,1.0637377s,3.2225523s,7505,752,0
5.7087889s,1.0563853s,10.8708539s,7496,752,0
6.7947915s,1.4771071s,2.9176308s,7504,752,0
6.100504s,1.2922477s,3.621803s,7503,752,0
6.0356087s,1.0100746s,10.5748803s,7494,752,0
6.0112139s,1.0437743s,3.7249424s,7508,752,0
6.0149757s,1.1891997s,3.7251169s,7507,752,0
6.4624367s,1.4279847s,10.1653434s,7497,752,0
5.5566785s,1.0313601s,11.0781614s,7491,752,0
6.4330085s,1.007074s,3.3197278s,7506,752,0
6.8338229s,1.1325811s,2.9189134s,7502,752,0
6.5391294s,1.418097s,3.2171419s,7510,752,0
6.680132s,1.4522578s,9.9606471s,7500,752,0
6.8845078s,1.358473s,9.765331s,7499,752,0
6.4458309s,1.1672944s,3.3218456s,7501,752,0
6.7456833s,1.3946384s,3.0213841s,7509,752,0
6.5894561s,1.3404917s,10.0658144s,7495,752,0
6.6548527s,1.4280431s,2.4189861s,7526,754,0
6.1587953s,1.3177053s,2.918092s,7523,754,0
6.2611186s,1.1014503s,2.818491s,7529,754,0
6.7208038s,1.1947826s,9.4614848s,7513,754,0
6.6278957s,1.4836769s,9.5605349s,7519,754,0
6.7312762s,1.3342078s,9.4606611s,7520,754,0
6.7312762s,1.4815488s,9.4606611s,7517,754,0
6.6771287s,1.3793166s,2.4164212s,7522,754,0
6.1399188s,1.2136133s,10.0641062s,7516,754,0
6.0895011s,1.3978286s,3.0205696s,7521,754,0
6.6493001s,1.1206026s,9.5659779s,7514,754,0
6.2988477s,1.0935106s,2.8184216s,7527,754,0
6.9080596s,1.4165261s,2.2139463s,7528,754,0
5.6459385s,1.1012526s,10.5787464s,7512,754,0
6.2573887s,1.4828704s,9.9672962s,7511,754,0
6.9383284s,1.3522643s,2.2141747s,7524,754,0
6.0357731s,1.292494s,3.118692s,7525,754,0
7.1022135s,1.4314313s,9.1644346s,7518,754,0
5.793543s,1.4146349s,10.4731051s,7515,754,0
5.8449036s,1.0017131s,3.3190655s,7530,754,0
6.5589007s,1.3838559s,201.6896ms,7545,755,0
6.6552063s,1.4310074s,7.0483925s,7537,755,0
6.5774921s,1.4273584s,7.1403235s,7531,755,0
6.2784998s,1.1454094s,501.4189ms,7550,755,0
6.1803276s,1.1714039s,603.2819ms,7544,755,0
6.5839148s,1.4412792s,201.12ms,7548,755,0
6.6809202s,1.4005424s,7.0435357s,7538,755,0
5.7819166s,1.1315568s,7.9463325s,7540,755,0
6.7991153s,1.4683615s,0s,7549,755,0
6.2074435s,1.1091189s,7.542499s,7539,755,0
6.1060627s,1.1091189s,7.6438798s,7535,755,0
5.907464s,1.2079469s,904.5816ms,7541,755,0
6.209611s,1.4918543s,7.5438s,7536,755,0
6.7183288s,1.324592s,100.7444ms,7547,755,0
6.9378969s,1.2986307s,6.8399595s,7532,755,0
6.436047s,1.2613445s,7.3418094s,7534,755,0
6.8448473s,1.3056298s,0s,7542,755,0
6.7431131s,1.3783884s,7.0444448s,7533,755,0
6.8527723s,1.2079469s,0s,7543,755,0
6.9663594s,1.2665721s,0s,7546,755,0
6.502624s,1.16019s,5.8423948s,7559,757,0
6.0151058s,1.0909199s,6.3445091s,7556,757,0
6.3172742s,1.196514s,6.0423407s,7554,757,0
6.3321519s,1.1473783s,6.0474447s,7551,757,0
6.2343893s,1.0313523s,6.1452073s,7560,757,0
6.9486305s,1.373654s,5.4372105s,7558,757,0
6.8799856s,1.4432746s,5.536737s,7553,757,0
7.0860492s,1.4761736s,5.3324614s,7555,757,0
5.8820744s,1.0029257s,6.5413175s,7552,757,0
6.3823484s,1.1424453s,6.0410435s,7557,757,0
5.5267497s,1.1730596s,0s,7570,757,0
6.1895652s,1.2355465s,3.8247687s,7573,759,0
6.2633201s,1.3257668s,10.8646902s,7562,759,0
6.5576344s,1.2556703s,10.5703759s,7563,759,0
6.6099142s,1.100316s,3.4205695s,7575,759,0
6.3121645s,1.1201938s,3.7240396s,7574,759,0
6.6905225s,1.4804858s,10.4609749s,7569,759,0
6.1243277s,1.0206417s,3.9256154s,7571,759,0
6.0253435s,1.0146575s,4.0287011s,7578,759,0
6.432282s,1.3981611s,3.6228558s,7572,759,0
6.2961829s,1.3379739s,10.8731628s,7565,759,0
7.1119111s,1.4778388s,10.064785s,7561,759,0
6.5167846s,1.1515651s,10.665218s,7564,759,0
6.748989s,1.2832377s,3.3211025s,7579,759,0
6.2243365s,1.4728193s,10.9717129s,7566,759,0
6.3294139s,1.0580014s,10.8674562s,7568,759,0
5.872069s,1.2943562s,4.2276095s,7580,759,0
6.9493125s,1.4352425s,10.2673598s,7567,759,0
5.8769078s,1.1888949s,4.2278534s,7576,759,0
6.0815559s,1.0648689s,4.0287775s,7577,759,0
6.4766311s,1.2124969s,9.9713818s,7582,761,0
7.0879601s,1.4154221s,9.3617586s,7590,761,0
5.7841289s,1.3114201s,10.6708569s,7588,761,0
6.9554448s,1.2666064s,2.4156455s,7597,761,0
6.1579893s,1.3396775s,3.2165854s,7599,761,0
6.1057798s,1.0112125s,10.3623548s,7581,761,0
6.2115831s,1.4353613s,10.2565515s,7584,761,0
6.3676872s,1.0059922s,3.0192407s,7598,761,0
6.5826007s,1.2496166s,2.815356s,7593,761,0
6.485895s,1.3783716s,2.9155233s,7600,761,0
6.0982095s,1.0272969s,3.3197867s,7596,761,0
6.6059106s,1.2905323s,2.815086s,7592,761,0
6.7099444s,1.4805393s,2.7158126s,7595,761,0
6.6536101s,1.3559453s,9.8633443s,7586,761,0
6.3463249s,1.1017403s,10.1706295s,7585,761,0
5.7494978s,1.0206237s,10.7709969s,7589,761,0
6.4542231s,1.2645491s,10.0662716s,7583,761,0
6.2139739s,1.3136479s,3.2181742s,7594,761,0
6.9269647s,1.1494983s,2.5153359s,7591,761,0
6.7670653s,1.3559453s,9.7635819s,7587,761,0
6.7220092s,1.1374951s,7.3509061s,7602,763,0
6.8257496s,1.0256272s,7.2492874s,7606,763,0
6.746036s,1.3032816s,503.2514ms,7619,763,0
6.6352046s,1.4668145s,7.4543508s,7601,763,0
6.4349529s,1.2861853s,7.6546025s,7604,763,0
6.1360105s,1.1980414s,7.9556376s,7608,763,0
6.8656835s,1.4990554s,402.6688ms,7620,763,0
6.673212s,1.1584361s,604.4484ms,7614,763,0
5.6415225s,1.0503007s,8.4637004s,7609,763,0
6.2722796s,1.32869s,1.0071937s,7612,763,0
6.0451356s,1.0595699s,8.0641185s,7610,763,0
5.9813944s,1.1546625s,1.3078806s,7617,763,0
6.2834666s,1.2246763s,1.0058084s,7618,763,0
5.8755512s,1.2205443s,8.2594146s,7607,763,0
6.8080488s,1.0395899s,502.3013ms,7611,763,0
7.2132668s,1.4888584s,100.5058ms,7615,763,0
6.3910002s,1.4268813s,7.7518273s,7603,763,0
5.7038855s,1.2637023s,1.6131924s,7616,763,0
6.6133952s,1.29074s,7.5475359s,7605,763,0
6.3383204s,1.0163223s,1.0056803s,7613,763,0
6.0907877s,1.0394889s,6.5429937s,7629,764,0
5.5965043s,1.3349872s,302.0432ms,7633,764,0
5.7057395s,1.4836692s,6.9505823s,7627,764,0
6.2137052s,1.3463848s,6.4483248s,7628,764,0
6.4189248s,1.2606704s,6.2449032s,7626,764,0
6.6265073s,1.0462829s,6.0412826s,7623,764,0
6.3264755s,1.2618095s,6.3413144s,7625,764,0
6.6316394s,1.1804872s,6.0361505s,7622,764,0
6.7514124s,1.3774201s,5.9414775s,7621,764,0
6.5777159s,1.0344382s,6.1387478s,7624,764,0
6.5792149s,1.2855733s,6.1406278s,7630,764,0
6.0224361s,1.4715018s,0s,7639,764,0
6.1936902s,1.2961627s,0s,7637,764,0
6.4135516s,1.3007035s,12.7838644s,7634,766,0
5.7573498s,1.0665234s,6.5448987s,7648,766,0
6.2650764s,1.0675172s,6.0406495s,7649,766,0
6.3709529s,1.4786625s,5.9391389s,7644,766,0
6.5320967s,1.3907244s,12.6800262s,7636,766,0
5.6683337s,1.257833s,6.6442182s,7641,766,0
6.4767308s,1.3825945s,5.8393447s,7646,766,0
5.5851391s,1.1849441s,6.7452647s,7643,766,0
6.4516491s,1.4725679s,12.7840138s,7638,766,0
6.501822s,1.0212075s,5.8341219s,7650,766,0
6.6087332s,1.248644s,5.734079s,7647,766,0
6.6646362s,1.2043391s,12.588882s,7635,766,0
7.0184096s,1.4735156s,5.3330775s,7642,766,0
5.8240566s,1.0433014s,6.5397637s,7645,766,0
6.4912585s,1.1304395s,12.7843404s,7632,766,0
6.9000857s,1.1696244s,12.3808532s,7631,766,0
6.9020311s,1.4347466s,12.3789078s,7640,766,0
6.735927s,1.2134934s,11.6855831s,7653,768,0
6.7414778s,1.2441676s,11.682732s,7651,768,0
6.3073765s,1.4666867s,4.9374667s,7669,768,0
6.3458625s,1.2099961s,12.0819783s,7656,768,0
6.5375516s,1.3845152s,4.7279269s,7666,768,0
6.8620623s,1.0296379s,11.5827828s,7659,768,0
5.9576587s,1.3186019s,12.4871864s,7660,768,0
6.4705017s,1.2536719s,11.9831739s,7658,768,0
7.1793666s,1.4025896s,11.2839269s,7652,768,0
6.7566968s,1.4147217s,4.5318198s,7661,768,0
7.28169s,1.497516s,4.0253348s,7667,768,0
6.47869s,1.3961397s,4.8321304s,7662,768,0
6.3803257s,1.4051323s,4.9304947s,7665,768,0
6.8190147s,1.2392568s,11.676142s,7655,768,0
6.5905041s,1.2045402s,4.7321447s,7668,768,0
6.2206154s,1.1296983s,12.2853982s,7654,768,0
6.1941549s,1.4828657s,5.1338778s,7664,768,0
6.0952214s,1.1533239s,5.2348653s,7670,768,0
5.2913105s,1.0797903s,6.0441909s,7663,768,0
6.0315763s,1.1748079s,12.4848445s,7657,768,0
6.0507905s,1.1797215s,10.1684601s,7673,770,0
5.8173203s,1.0755463s,3.6281076s,7684,770,0
5.9580633s,1.1605202s,10.2710607s,7678,770,0
6.241306s,1.1949649s,3.2174465s,7682,770,0
6.7768355s,1.2514695s,9.4594246s,7677,770,0
6.6509016s,1.0797335s,2.8159209s,7690,770,0
5.6784818s,1.0037616s,10.5664736s,7672,770,0
5.8700834s,1.4495158s,3.6250708s,7689,770,0
5.90384s,1.2864742s,10.3728049s,7680,770,0
6.5185784s,1.3607717s,9.7596589s,7674,770,0
6.4896842s,1.3098136s,3.0177882s,7681,770,0
6.0198303s,1.1071733s,10.2651497s,7679,770,0
6.4924106s,1.211679s,3.0196113s,7687,770,0
5.4882524s,1.3405926s,4.0237695s,7685,770,0
6.3964631s,1.4508687s,3.1202853s,7686,770,0
6.4335398s,1.3107356s,9.8715779s,7671,770,0
6.7344625s,1.0656898s,9.5706552s,7675,770,0
6.209436s,1.3614532s,3.3208047s,7683,770,0
6.5449936s,1.0037616s,9.7658285s,7676,770,0
6.6162415s,1.0636533s,2.9239118s,7688,770,0
6.2489703s,1.1665116s,2.3146376s,7708,772,0
6.6695365s,1.4215491s,8.857055s,7697,772,0
5.970651s,1.2097956s,9.5621992s,7693,772,0
6.8741215s,1.346799s,8.6587287s,7694,772,0
6.4812918s,1.2388248s,9.0599725s,7696,772,0
6.2824249s,1.3856739s,9.2631521s,7698,772,0
6.7960824s,1.0794469s,1.8148412s,7704,772,0
6.1987826s,1.0585772s,9.3660635s,7692,772,0
6.1078667s,1.1288781s,9.4617792s,7700,772,0
6.1132216s,1.1778255s,9.4586134s,7695,772,0
6.4166131s,1.2823059s,2.2142017s,7705,772,0
5.8135584s,1.1599241s,2.8205258s,7709,772,0
6.7255435s,1.4441564s,1.9127656s,7702,772,0
6.4296612s,1.1859931s,2.2159405s,7706,772,0
6.0234137s,1.1418892s,9.5704475s,7699,772,0
6.8351203s,1.4746583s,1.8134733s,7710,772,0
6.4373983s,1.4783095s,2.2148212s,7701,772,0
6.5373026s,1.3917444s,2.1149169s,7703,772,0
6.9482595s,1.2086418s,8.6568217s,7691,772,0
6.6463294s,1.2413215s,2.0155258s,7707,772,0
6.3452183s,1.4566623s,1.1079958s,7729,774,0
6.3489571s,1.4467096s,1.1068581s,7724,774,0
6.4607277s,1.3627758s,1.0067428s,7730,774,0
6.7081901s,1.4956141s,7.6524799s,7711,774,0
6.2713854s,1.2716116s,1.2062675s,7722,774,0
5.8149894s,1.493407s,8.5649489s,7716,774,0
6.5403253s,1.1383343s,7.8471416s,7719,774,0
6.7460891s,1.0944082s,7.6450602s,7717,774,0
5.4981841s,1.1965382s,2.0105307s,7721,774,0
6.8485461s,1.1334756s,7.5539383s,7720,774,0
6.6495368s,1.1092951s,7.7529476s,7714,774,0
6.6600744s,1.3712144s,7.7514437s,7718,774,0
6.3205228s,1.3738104s,1.2090693s,7727,774,0
6.1198904s,1.3890817s,1.4097017s,7723,774,0
5.7224405s,1.098024s,1.814029s,7726,774,0
5.9276891s,1.437821s,1.6107525s,7725,774,0
6.5638742s,1.2188396s,7.8598321s,7715,774,0
6.7349963s,1.3209597s,805.1335ms,7728,774,0
6.2769244s,1.2213564s,8.1556595s,7712,774,0
6.8839319s,1.1559039s,7.5520294s,7713,774,0
6.3873726s,1.1408398s,6.44129s,7740,775,0
5.286712s,1.4931589s,7.5485728s,7734,775,0
6.3971206s,1.200779s,6.4430234s,7738,775,0
6.4040746s,1.4473492s,6.4460256s,7732,775,0
5.7728839s,1.1676895s,200.9367ms,7749,775,0
6.7117969s,1.4033865s,6.1396151s,7733,775,0
5.9260217s,1.0455458s,6.9486616s,7739,775,0
6.7422301s,1.0776415s,6.1411421s,7731,775,0
6.2405179s,1.0519107s,6.6471091s,7736,775,0
5.6210639s,1.2635782s,404.6896ms,7743,775,0
6.3570199s,1.2986231s,6.5486144s,7737,775,0
6.0329001s,1.3488237s,0s,7741,775,0
6.8755352s,1.4131036s,6.0417653s,7735,775,0
5.8395658s,1.1762939s,201.7932ms,7744,775,0
6.2105184s,1.3879216s,0s,7750,775,0
6.2866356s,1.3469058s,0s,7742,775,0
6.3167624s,1.0704306s,0s,7746,775,0
6.3351125s,1.2097425s,0s,7747,775,0
6.4094181s,1.4667814s,0s,7745,775,0
5.8769717s,1.2174631s,6.9446143s,7754,777,0
6.3866067s,1.1979539s,6.4405782s,7756,777,0
6.1969477s,1.0446377s,6.6433738s,7751,777,0
6.0028668s,1.284725s,6.8374547s,7752,777,0
7.0088241s,1.2356528s,5.8393777s,7760,777,0
7.1124842s,1.2804705s,5.7403572s,7753,777,0
7.1200632s,1.4047782s,5.7343199s,7757,777,0
6.3382502s,1.0768339s,6.5409307s,7759,777,0
5.4635739s,1.1538212s,302.0299ms,7762,777,0
6.517005s,1.4539637s,12.887166s,7748,777,0
6.6512964s,1.3675856s,6.2355058s,7758,777,0
6.5543793s,1.3439116s,6.3399237s,7755,777,0
6.0650118s,1.3642365s,0s,7765,777,0
6.112337s,1.1296026s,0s,7767,777,0
6.5524263s,1.2855674s,4.7352989s,7779,779,0
6.5638401s,1.4927281s,4.7329249s,7775,779,0
6.1624926s,1.1547003s,5.1342724s,7773,779,0
6.1644155s,1.1719435s,5.1323495s,7780,779,0
6.2129964s,1.177318s,12.0761014s,7770,779,0
6.5236315s,1.1296026s,11.7712824s,7769,779,0
6.5504341s,1.3149578s,11.7766967s,7761,779,0
6.3052817s,1.2539279s,5.0323197s,7776,779,0
6.2542653s,1.0288937s,12.0741212s,7764,779,0
6.1054096s,1.3143661s,5.2321918s,7778,779,0
6.3151242s,1.1907431s,5.0303545s,7772,779,0
6.2177817s,1.1907431s,5.1303895s,7777,779,0
6.57114s,1.214565s,11.7730854s,7763,779,0
7.1455126s,1.4683352s,4.2289813s,7774,779,0
5.834464s,1.1836096s,5.5400299s,7771,779,0
6.9888888s,1.084494s,11.3751345s,7768,779,0
6.2895422s,1.4498036s,12.079855s,7766,779,0
6.5910831s,1.2695535s,10.1610279s,7783,781,0
6.7010187s,1.1364295s,10.0684908s,7790,781,0
6.6256454s,1.454722s,3.0186976s,7797,781,0
6.6395255s,1.371383s,3.019953s,7799,781,0
6.4400096s,1.4838661s,3.2215521s,7792,781,0
6.5413369s,1.4145202s,3.1202248s,7791,781,0
7.1270855s,1.4346405s,9.6615617s,7785,781,0
5.8107791s,1.1948192s,10.9785102s,7784,781,0
6.0530746s,1.2966513s,3.6241815s,7796,781,0
6.7567987s,1.3956713s,2.9204574s,7800,781,0
6.7299736s,1.3566533s,10.074368s,7787,781,0
6.671682s,1.3694808s,3.01845s,7793,781,0
6.0478164s,1.1615672s,10.7694011s,7788,781,0
6.6746622s,1.371383s,3.0177834s,7794,781,0
5.8706054s,1.1243668s,3.8281982s,7795,781,0
6.8653391s,1.4002127s,9.9635246s,7789,781,0
6.2572386s,1.0321724s,10.5716251s,7781,781,0
6.6843444s,1.1694919s,3.0202158s,7798,781,0
6.6689434s,1.4756197s,10.16788s,7786,781,0
5.9743199s,1.2222375s,10.8695063s,7782,781,0
6.0322662s,1.2636106s,3.3244247s,7818,783,0
5.729212s,1.0196733s,3.6274789s,7819,783,0
6.4281436s,1.050896s,9.9713997s,7806,783,0
6.1331771s,1.2084641s,10.268616s,7808,783,0
6.0374868s,1.287326s,3.323407s,7817,783,0
7.0428524s,1.3452787s,9.3621091s,7802,783,0
6.7501832s,1.2398909s,2.6161596s,7811,783,0
6.9553999s,1.4585776s,9.463854s,7804,783,0
6.7575113s,1.403496s,9.6660298s,7807,783,0
5.6535592s,1.0901749s,10.7715125s,7810,783,0
5.6617393s,1.3344185s,3.7251204s,7816,783,0
6.2893935s,1.2277097s,10.1631927s,7803,783,0
6.1916985s,1.0811958s,3.2180353s,7820,783,0
6.3822387s,1.1975686s,10.0703475s,7801,783,0
6.1841581s,1.2727325s,10.2684281s,7805,783,0
6.4006502s,1.0313853s,3.0173337s,7813,783,0
6.1960199s,1.0575122s,10.2648164s,7809,783,0
5.698512s,1.1635755s,3.7234377s,7812,783,0
6.7067006s,1.434487s,2.7167224s,7814,783,0
6.7050371s,1.2398909s,2.7183859s,7815,783,0
7.0619009s,1.4389427s,1.3094468s,7837,785,0
6.1575237s,1.0602286s,2.2149993s,7836,785,0
5.9305341s,1.0777257s,9.6606779s,7823,785,0
6.2338109s,1.4116318s,9.363711s,7821,785,0
5.6304747s,1.1288149s,9.9670472s,7826,785,0
6.3347223s,1.1789813s,9.2627996s,7829,785,0
6.7448424s,1.4078829s,8.856232s,7828,785,0
6.2465063s,1.4255408s,9.362636s,7830,785,0
6.0999405s,1.2477364s,2.3186718s,7831,785,0
5.7013395s,1.1930038s,2.7194822s,7840,785,0
7.0657597s,1.176152s,8.556668s,7824,785,0
6.6164903s,1.4728653s,1.8128225s,7838,785,0
6.6182406s,1.2038158s,1.8137288s,7834,785,0
6.8705238s,1.185516s,8.7619854s,7827,785,0
6.7284717s,1.2623002s,1.7115238s,7832,785,0
6.2786769s,1.0327526s,9.3673383s,7822,785,0
6.7416385s,1.3047298s,1.7131565s,7835,785,0
5.9377083s,1.0040882s,2.5199598s,7839,785,0
6.2425738s,1.0104799s,2.2176501s,7833,785,0
7.1973485s,1.4255408s,8.4602239s,7825,785,0
6.5261365s,1.4447573s,603.2518ms,7859,787,0
6.6380433s,1.0557474s,503.3192ms,7855,787,0
6.7331889s,1.1477524s,7.3504353s,7850,787,0
6.9404754s,1.4393585s,7.1431488s,7847,787,0
6.04058s,1.163692s,8.0526553s,7845,787,0
6.0474231s,1.4389465s,8.0485707s,7849,787,0
6.7552601s,1.0673724s,402.7073ms,7851,787,0
6.1586839s,1.1786027s,1.0046844s,7856,787,0
6.9635169s,1.334909s,202.2844ms,7860,787,0
5.8517387s,1.2544309s,8.254538s,7841,787,0
6.2668694s,1.024779s,7.8501506s,7846,787,0
6.0711489s,1.4807799s,8.0503938s,7844,787,0
6.7953147s,1.0137801s,402.9402ms,7853,787,0
6.2938759s,1.3014297s,904.379ms,7854,787,0
6.7901987s,1.4935848s,7.3523941s,7842,787,0
6.2982718s,1.3596456s,7.8518275s,7848,787,0
6.7033009s,1.2186324s,7.4467984s,7843,787,0
6.1043047s,1.1417665s,1.1067311s,7858,787,0
5.7088915s,1.063341s,1.5087835s,7852,787,0
6.8258463s,1.3256982s,402.4253ms,7857,787,0
6.8377489s,1.4158637s,5.5379805s,7861,788,0
7.1509616s,1.4226496s,5.2321833s,7866,788,0
6.1629882s,1.1487754s,6.2391083s,7865,788,0
6.864442s,1.2064135s,5.5376545s,7869,788,0
5.8810586s,1.3684708s,6.5410629s,7862,788,0
6.295028s,1.3282499s,6.1363719s,7867,788,0
6.2143813s,1.1927313s,6.2377952s,7868,788,0
6.5235937s,1.101619s,5.9385966s,7870,788,0
6.2281038s,1.3155174s,6.2414104s,7864,788,0
6.5343828s,1.2326618s,5.9392117s,7863,788,0
5.7197018s,1.1056551s,0s,7872,788,0
5.8528501s,1.1239594s,3.7293779s,7883,790,0
6.3588564s,1.419574s,3.2248367s,7887,790,0
5.9663209s,1.2676128s,3.6244949s,7882,790,0
6.2370128s,1.2355265s,10.370207s,7871,790,0
6.7764129s,1.1507418s,2.8178808s,7889,790,0
6.3735504s,1.4393569s,3.2207433s,7881,790,0
5.265728s,1.0876676s,4.3285657s,7885,790,0
6.5480013s,1.2076596s,10.0663415s,7876,790,0
6.0494304s,1.2331662s,10.5707278s,7874,790,0
6.1889787s,1.3030145s,3.4223888s,7890,790,0
6.0928848s,1.3125616s,3.5239936s,7886,790,0
6.9656136s,1.3303773s,9.665626s,7875,790,0
6.0659159s,1.0537668s,10.5653237s,7877,790,0
6.30574s,1.1020551s,3.3215662s,7884,790,0
6.981349s,1.4833814s,9.6653527s,7873,790,0
6.5910891s,1.1316021s,10.0693305s,7880,790,0
6.7404746s,1.4983434s,2.9201201s,7888,790,0
7.0129261s,1.1885109s,9.6652369s,7879,790,0
5.9982815s,1.0302829s,10.6798815s,7878,790,0
6.3124563s,1.145108s,1.3099316s,7907,792,0
6.0706471s,1.0238134s,8.2576854s,7892,792,0
6.5167451s,1.0134284s,1.1088791s,7905,792,0
5.9818195s,1.3228106s,8.354117s,7893,792,0
6.5920577s,1.2086825s,7.7463693s,7898,792,0
6.4257128s,1.0480458s,1.208187s,7910,792,0
6.5291658s,1.3364624s,1.1079157s,7906,792,0
5.7884689s,1.4189824s,8.5599025s,7894,792,0
6.7059446s,1.3988636s,7.6519644s,7891,792,0
6.4437213s,1.3573755s,1.2082431s,7904,792,0
5.9425474s,1.4503716s,1.7136868s,7901,792,0
6.1168304s,1.1618674s,8.2554505s,7895,792,0
6.3199205s,1.4546201s,8.0556701s,7899,792,0
6.0581874s,1.2565189s,1.6140709s,7903,792,0
6.6348719s,1.4838356s,7.7511432s,7900,792,0
6.3736544s,1.0012708s,1.3106685s,7909,792,0
6.4744801s,1.1966687s,1.2098428s,7902,792,0
6.6946302s,1.221593s,1.0073034s,7908,792,0
6.3573505s,1.0815785s,8.0577798s,7897,792,0
6.2596565s,1.4817583s,8.1584092s,7896,792,0
5.915007s,1.0957748s,805.4432ms,7922,793,0
6.5343298s,1.0766858s,7.2485975s,7911,793,0
6.3380393s,1.0508187s,7.4484651s,7920,793,0
6.2321955s,1.3236246s,502.618ms,7927,793,0
6.9481785s,1.3884666s,6.8492353s,7913,793,0
5.8365892s,1.0295654s,906.1775ms,7925,793,0
7.0566936s,1.3331933s,6.7450928s,7912,793,0
6.0477141s,1.0117482s,7.7540723s,7917,793,0
6.3562797s,1.0929636s,7.4551001s,7914,793,0
6.6860896s,1.4185289s,100.6184ms,7929,793,0
6.0823823s,1.2337697s,705.645ms,7923,793,0
6.5870716s,1.3905709s,200.9557ms,7926,793,0
6.0858008s,1.2968596s,703.9704ms,7924,793,0
6.7088123s,1.3784637s,7.1453709s,7918,793,0
5.6032035s,1.0619578s,8.2567283s,7915,793,0
6.6043188s,1.0836497s,200.6118ms,7930,793,0
6.4149642s,1.0543129s,7.4470038s,7919,793,0
5.92246s,1.2362943s,7.9520569s,7916,793,0
6.2121103s,1.4445219s,605.3692ms,7928,793,0
6.8607583s,1.3306637s,0s,7921,793,0
6.3052651s,1.0643213s,5.139019s,7934,795,0
6.1101327s,1.1176892s,5.3356885s,7932,795,0
5.9164422s,1.4295683s,5.5349634s,7936,795,0
6.2184722s,1.4758581s,5.2359229s,7940,795,0
6.3268201s,1.2057697s,5.1343684s,7933,795,0
5.8303547s,1.1037275s,5.6396149s,7937,795,0
5.9581049s,1.0291641s,5.5350338s,7931,795,0
6.2607241s,1.413783s,5.233245s,7939,795,0
6.2748882s,1.0329476s,5.2367108s,7935,795,0
6.6948424s,1.305423s,4.8299163s,7938,795,0
6.3682763s,1.1547957s,3.8239929s,7952,797,0
6.8729935s,1.3667673s,3.3257478s,7954,797,0
6.6258448s,1.1955927s,10.3694502s,7941,797,0
6.074898s,1.1495754s,4.1263491s,7953,797,0
6.389473s,1.1443134s,3.8242368s,7959,797,0
6.7479929s,1.304169s,10.2667427s,7949,797,0
5.3868504s,1.1099464s,4.8338373s,7957,797,0
6.2533727s,1.1249455s,10.7796046s,7942,797,0
5.8108897s,1.1265967s,4.4280397s,7956,797,0
6.6195832s,1.2210071s,3.6250714s,7960,797,0
6.273394s,1.0117493s,10.770321s,7946,797,0
6.176875s,1.1159118s,10.8718503s,7947,797,0
6.5350634s,1.4832387s,3.7244871s,7958,797,0
6.0863175s,1.0908317s,10.9713039s,7943,797,0
5.3773622s,1.0327244s,11.6802592s,7944,797,0
6.7937302s,1.3646221s,10.2683788s,7950,797,0
6.0432186s,1.2352405s,4.2248425s,7955,797,0
6.6007153s,1.2499378s,10.4695714s,7945,797,0
6.1528827s,1.1921339s,4.1290416s,7951,797,0
6.6021591s,1.3646221s,10.4738131s,7948,797,0
6.3264422s,1.0953228s,2.1101387s,7973,799,0
6.3166737s,1.1874676s,8.9597453s,7961,799,0
6.4204423s,1.4747246s,8.8559767s,7965,799,0
6.8368541s,1.3915015s,8.4510867s,7964,799,0
6.637306s,1.148323s,1.8131245s,7980,799,0
6.9447766s,1.4999373s,1.5095585s,7978,799,0
6.045451s,1.1218984s,2.4150839s,7977,799,0
6.7539574s,1.4719715s,8.5608421s,7967,799,0
6.5598593s,1.1692379s,8.756772s,7969,799,0
6.0675793s,1.0054469s,2.4149161s,7975,799,0
5.9739015s,1.1630178s,2.5132038s,7976,799,0
6.2797697s,1.3969349s,2.2125615s,7972,799,0
6.4688017s,1.2820095s,8.8646785s,7962,799,0
6.6739622s,1.0794892s,8.659518s,7966,799,0
5.9653186s,1.0015192s,9.3681616s,7963,799,0
6.9982503s,1.1360566s,1.5093245s,7971,799,0
6.4867769s,1.2886204s,8.8633072s,7968,799,0
6.2077448s,1.0076368s,2.3148401s,7979,799,0
6.602995s,1.4696605s,8.7593456s,7970,799,0
6.2121385s,1.4296944s,2.3154987s,7974,799,0
6.7770541s,1.3556659s,1.4119741s,7998,801,0
6.5891263s,1.3314509s,8.4520629s,7986,801,0
6.1033256s,1.0784391s,8.9575665s,7983,801,0
6.5113978s,1.3356517s,8.5567248s,7987,801,0
5.9049187s,1.3648177s,2.3154174s,7997,801,0
6.3156308s,1.1816792s,1.9130194s,7999,801,0
6.3391421s,1.2369212s,8.7541723s,7989,801,0
6.0262891s,1.0856426s,2.2148643s,7992,801,0
6.852161s,1.4808707s,8.254329s,7984,801,0
6.852161s,1.3984833s,8.254329s,7982,801,0
6.3573991s,1.3723238s,8.7518752s,7990,801,0
6.4506653s,1.4612358s,1.810231s,7993,801,0
7.2636912s,1.4877537s,1.0090203s,7995,801,0
5.9666675s,1.3646288s,9.158205s,7981,801,0
6.7643692s,1.352312s,1.5115439s,7991,801,0
5.1587624s,1.151693s,3.1219781s,7996,801,0
5.9821352s,1.0428841s,9.1523118s,7988,801,0
6.872944s,1.4544276s,1.409342s,7994,801,0
5.7715315s,1.0242283s,9.3629155s,7985,801,0
6.3703954s,1.3797793s,1.9118906s,8000,801,0
6.5575078s,1.4523663s,100.5691ms,8014,803,0
6.0950929s,1.0422488s,7.6605539s,8005,803,0
6.1575733s,1.226271s,504.6535ms,8017,803,0
5.763984s,1.0288132s,903.3436ms,8020,803,0
6.5134824s,1.2914087s,7.2514151s,8001,803,0
7.0225356s,1.1305736s,6.7480484s,8010,803,0
5.878015s,1.4937283s,805.6202ms,8016,803,0
6.4282261s,1.3365694s,7.3542445s,8006,803,0
6.0350923s,1.0885581s,7.7554989s,8004,803,0
6.2905626s,1.388012s,402.4587ms,8018,803,0
6.34673s,1.2404415s,7.4528775s,8003,803,0
6.2535392s,1.1467687s,7.5494923s,8008,803,0
6.1717392s,1.1065179s,7.6565951s,8002,803,0
6.4319734s,1.3736692s,302.1979ms,8019,803,0
6.0295774s,1.2497446s,704.5939ms,8013,803,0
5.7291848s,1.2883706s,1.0063516s,8012,803,0
5.835233s,1.1395445s,907.2621ms,8011,803,0
5.7358073s,1.0963798s,1.0066878s,8015,803,0
7.0975699s,1.4949163s,6.7443679s,8009,803,0
6.2962137s,1.3896366s,7.5536985s,8007,803,0
7.0580975s,1.3694559s,5.8395585s,8021,804,0
5.8492779s,1.3794456s,7.0483781s,8022,804,0
5.5440079s,1.3202957s,7.3536481s,8025,804,0
5.9451174s,1.4161337s,6.9525386s,8030,804,0
6.0771215s,1.322666s,6.8472492s,8028,804,0
6.6827472s,1.1057051s,6.2440431s,8029,804,0
5.6986639s,1.0709418s,7.254378s,8023,804,0
6.4245685s,1.2442753s,6.5412746s,8027,804,0
6.129646s,1.3957557s,6.8456623s,8024,804,0
6.4392383s,1.4266023s,6.5426937s,8026,804,0
5.9910141s,1.101777s,0s,8035,804,0
5.9951381s,1.0775967s,0s,8031,804,0
6.020977s,1.1169288s,0s,8037,804,0
6.0259898s,1.2206334s,0s,8032,804,0
6.2119806s,1.1765262s,0s,8033,804,0
6.2805312s,1.4297481s,0s,8036,804,0
6.3955451s,1.4056404s,5.6402675s,8050,806,0
6.4076688s,1.2804022s,5.639231s,8043,806,0
6.5360758s,1.4113909s,12.2895522s,8038,806,0
6.4146341s,1.4849165s,5.6414512s,8047,806,0
6.1172057s,1.2644193s,5.9398196s,8048,806,0
6.3612812s,1.4113909s,12.4850113s,8039,806,0
6.0329533s,1.3756551s,6.0437965s,8042,806,0
6.7691773s,1.4657786s,12.0828175s,8040,806,0
6.8507602s,1.2006042s,5.2345162s,8041,806,0
5.9695463s,1.0123485s,6.1405765s,8046,806,0
6.1692777s,1.4446176s,5.9408451s,8045,806,0
6.3965294s,1.3061611s,12.489139s,8034,806,0
6.0835178s,1.1545966s,6.0395991s,8044,806,0
6.5934612s,1.2203667s,5.5338195s,8049,806,0
5.3858561s,1.1144136s,0s,8052,806,0
6.3923969s,1.2468238s,4.8318509s,8067,808,0
6.8023558s,1.3063733s,11.2777112s,8057,808,0
6.1943933s,1.1717208s,5.0336873s,8070,808,0
6.4239286s,1.1132402s,11.679298s,8055,808,0
5.9233371s,1.0931846s,12.1798895s,8060,808,0
5.9335022s,1.0445807s,5.3372314s,8065,808,0
6.3499586s,1.4756644s,11.7796059s,8056,808,0
6.8534603s,1.1053922s,11.2761042s,8053,808,0
6.4402329s,1.0321594s,4.838407s,8063,808,0
6.4497152s,1.3232041s,4.8341733s,8061,808,0
6.4580153s,1.4398246s,11.6816924s,8054,808,0
6.8558192s,1.2257836s,11.2838885s,8059,808,0
6.0481101s,1.1068014s,5.2370702s,8068,808,0
6.1548391s,1.2746087s,5.1345376s,8066,808,0
6.1568754s,1.4947758s,5.1325013s,8069,808,0
6.0516233s,1.0696944s,5.2377534s,8062,808,0
6.1701075s,1.0523355s,11.9750884s,8051,808,0
5.8637698s,1.201306s,5.4401184s,8064,808,0
5.7762535s,1.1353255s,12.3876588s,8058,808,0
6.2065915s,1.3274505s,4.5291396s,8087,810,0
6.2147345s,1.2175702s,4.5263144s,8081,810,0
5.4100143s,1.2069609s,5.3310346s,8088,810,0
5.7986687s,1.1156478s,11.9805886s,8071,810,0
6.1031839s,1.0422928s,11.6778543s,8076,810,0
6.9372162s,1.4937024s,3.8234248s,8089,810,0
6.9260874s,1.3993693s,10.8715095s,8077,810,0
7.0285344s,1.3587117s,10.7757807s,8074,810,0
7.1565223s,1.3448775s,3.6225199s,8085,810,0
6.3559057s,1.0082894s,4.4270103s,8083,810,0
6.6373334s,1.302801s,11.1813471s,8073,810,0
6.544218s,1.1802714s,11.2763558s,8080,810,0
6.1587053s,1.2906801s,4.6333341s,8090,810,0
6.7400255s,1.2855704s,11.0805483s,8072,810,0
5.8727231s,1.3466107s,4.9292595s,8084,810,0
6.9489232s,1.0974261s,10.8815938s,8075,810,0
6.0545091s,1.0287982s,11.7834589s,8078,810,0
6.0767249s,1.0256679s,4.7327087s,8082,810,0
6.0818346s,1.112665s,4.7292099s,8086,810,0
5.6761544s,1.1301493s,12.1863837s,8079,810,0
6.281924s,1.1152633s,10.1657476s,8096,812,0
6.9876031s,1.4210742s,9.4600685s,8098,812,0
6.9367928s,1.245397s,2.5156264s,8110,812,0
6.2306282s,1.0425396s,3.2198188s,8106,812,0
6.9965895s,1.4704098s,9.4568096s,8097,812,0
6.5925778s,1.1255029s,9.8608213s,8093,812,0
6.9438633s,1.4489519s,2.5154565s,8101,812,0
6.5974816s,1.4965895s,9.8618721s,8094,812,0
6.2006501s,1.2915887s,10.2657748s,8099,812,0
5.6663685s,1.1075074s,3.8205353s,8109,812,0
6.3760889s,1.3760251s,3.1176492s,8105,812,0
5.7825498s,1.0223419s,3.7235089s,8107,812,0
6.035092s,1.1714002s,10.4702459s,8091,812,0
6.2924595s,1.3736155s,3.2191032s,8104,812,0
5.9000886s,1.038399s,3.6206833s,8102,812,0
6.2489884s,1.4481496s,10.2728983s,8100,812,0
6.8089031s,1.4965861s,2.7188625s,8108,812,0
5.955176s,1.1195783s,10.5722243s,8095,812,0
6.5125312s,1.0444004s,3.0205202s,8103,812,0
6.6747766s,1.3613041s,9.8623295s,8092,812,0
6.3921077s,1.4404921s,7.4444393s,8113,813,0
6.4148744s,1.4788851s,302.703ms,8126,813,0
6.8074056s,1.3785036s,7.0430024s,8118,813,0
6.6164345s,1.0417236s,7.2476634s,8119,813,0
6.5152515s,1.3104922s,7.3488464s,8114,813,0
5.925965s,1.0269162s,806.2986ms,8123,813,0
7.1328306s,1.3079104s,6.7436442s,8117,813,0
5.7400672s,1.1610042s,1.0077049s,8128,813,0
6.549481s,1.1234669s,201.726ms,8130,813,0
6.1158513s,1.2936153s,7.7712405s,8112,813,0
5.6384006s,1.2915243s,8.2493407s,8115,813,0
6.2564393s,1.4961554s,502.8897ms,8122,813,0
5.4578349s,1.239501s,1.3087196s,8124,813,0
6.2505574s,1.064459s,7.6488277s,8111,813,0
6.6730909s,1.3729211s,101.2152ms,8129,813,0
6.2557542s,1.3119822s,7.6546702s,8120,813,0
7.0635267s,1.4364522s,6.8468977s,8116,813,0
6.7957599s,1.3355286s,0s,8125,813,0
6.8754155s,1.171881s,0s,8127,813,0
7.0449717s,1.4977448s,0s,8121,813,0
6.4947239s,1.2965296s,4.7323337s,8138,815,0
6.4016583s,1.1676397s,4.8344851s,8131,815,0
5.8992609s,1.2095956s,5.3394181s,8135,815,0
6.9124875s,1.3236778s,4.3303601s,8134,815,0
7.0182501s,1.4395563s,4.2285413s,8139,815,0
6.9357461s,1.2237112s,4.3347179s,8133,815,0
6.7414164s,1.3665451s,4.5323802s,8140,815,0
6.3415292s,1.1137675s,4.9359355s,8136,815,0
5.8774604s,1.2344782s,5.4356054s,8132,815,0
6.7922975s,1.4556606s,4.5283473s,8137,815,0
6.2919277s,1.3957774s,9.5580042s,8145,817,0
5.9554054s,1.2788343s,2.6182798s,8154,817,0
6.6688115s,1.3938235s,1.9120572s,8160,817,0
5.9050216s,1.1652508s,9.9679263s,8146,817,0
6.5726808s,1.1047239s,2.0111936s,8157,817,0
7.0767205s,1.4244744s,1.5100214s,8156,817,0
6.2741905s,1.24371s,2.3147258s,8151,817,0
6.6221228s,1.2965273s,9.255867s,8144,817,0
6.5891709s,1.3712981s,2.0136596s,8159,817,0
6.0897899s,1.2504835s,2.5151874s,8155,817,0
6.4439448s,1.1027043s,9.4626302s,8141,817,0
6.6536395s,1.0184785s,9.256566s,8149,817,0
6.5152888s,1.1047239s,2.1107022s,8153,817,0
6.3591109s,1.0057245s,9.5605322s,8147,817,0
6.2149591s,1.0705516s,2.4156105s,8158,817,0
6.6649558s,1.0840455s,9.2667805s,8148,817,0
5.9610109s,1.013507s,9.9707254s,8143,817,0
6.4346908s,1.3016499s,2.2149101s,8152,817,0
5.1775958s,1.0364906s,10.7659125s,8142,817,0
7.2890735s,1.3829044s,8.6544348s,8150,817,0
6.5712769s,1.1168332s,6.5442506s,8162,818,0
6.7791669s,1.4986937s,6.3363606s,8165,818,0
6.4810299s,1.3384814s,6.6394978s,8170,818,0
6.0767902s,1.0568326s,7.0437375s,8169,818,0
5.4788313s,1.1488344s,7.6513303s,8168,818,0
5.8381442s,1.0648661s,403.1868ms,8172,818,0
6.8888306s,1.3938278s,6.2464972s,8164,818,0
6.298818s,1.3346153s,6.8374483s,8167,818,0
6.0907673s,1.0363871s,7.045499s,8163,818,0
6.1927244s,1.2115465s,6.9435419s,8166,818,0
5.9552287s,1.2947728s,301.5007ms,8173,818,0
5.6663392s,1.0813952s,603.7355ms,8174,818,0
6.4414618s,1.2216335s,6.7467531s,8161,818,0
6.3057565s,1.4613114s,0s,8177,818,0
6.3125009s,1.0018965s,0s,8180,818,0
6.3837961s,1.2464823s,0s,8176,818,0
6.7699545s,1.4705094s,3.9276628s,8189,820,0
6.5848601s,1.438515s,4.1277142s,8186,820,0
6.1851842s,1.2366546s,4.5352608s,8184,820,0
6.7993424s,1.1825058s,3.9271774s,8183,820,0
6.7111316s,1.3111587s,4.0245629s,8182,820,0
6.4078845s,1.172422s,4.32781s,8187,820,0
6.311416s,1.3376514s,4.4269058s,8190,820,0
6.6157978s,1.0924195s,4.1268118s,8181,820,0
5.7096714s,1.2877978s,5.0329382s,8185,820,0
6.7048221s,1.3316087s,10.879509s,8171,820,0
6.8159853s,1.4901116s,10.7753727s,8178,820,0
6.8346984s,1.3042374s,3.9259747s,8188,820,0
6.8221938s,1.4794363s,10.7738368s,8175,820,0
6.8353575s,1.1396781s,10.7727243s,8179,820,0
6.8411019s,1.410526s,9.870612s,8191,822,0
6.1402927s,1.0537741s,10.5769187s,8197,822,0
5.7671226s,1.0206363s,4.0281699s,8203,822,0
6.4753274s,1.0558124s,3.3243853s,8206,822,0
5.9833586s,1.0355329s,3.8266207s,8202,822,0
5.981882s,1.254683s,10.7755264s,8196,822,0
6.4093625s,1.3897655s,3.4207713s,8204,822,0
6.5985109s,1.0505074s,10.1679282s,8198,822,0
7.0205251s,1.3815812s,2.8206931s,8209,822,0
6.4226486s,1.1867161s,3.4214623s,8208,822,0
6.5285692s,1.2534279s,3.3210136s,8201,822,0
6.5106144s,1.4767598s,10.2706509s,8193,822,0
5.8068063s,1.2524651s,10.9772903s,8199,822,0
5.7196532s,1.1578769s,11.0709936s,8195,822,0
6.4406013s,1.2049465s,3.4221888s,8210,822,0
6.3412127s,1.304771s,3.5233077s,8205,822,0
6.9312684s,1.2868298s,9.8690181s,8194,822,0
6.5365422s,1.2797976s,10.2637443s,8192,822,0
6.8330665s,1.3619086s,9.96722s,8200,822,0
7.0534594s,1.3942264s,2.8190128s,8207,822,0
5.7252766s,1.3007662s,10.1691979s,8215,824,0
6.4459818s,1.179369s,9.4632622s,8220,824,0
6.4495978s,1.0915397s,9.4630197s,8212,824,0
6.291848s,1.4903487s,2.615036s,8222,824,0
6.3940497s,1.4686701s,2.5157698s,8227,824,0
6.2595777s,1.1643131s,9.6645185s,8211,824,0
6.5091957s,1.3327865s,2.4139029s,8221,824,0
6.0812077s,1.1137592s,9.8662656s,8216,824,0
6.6898839s,1.3406906s,9.2575894s,8217,824,0
5.8877207s,1.2824197s,10.0677605s,8214,824,0
6.2300228s,1.2544832s,2.7154722s,8225,824,0
5.9285386s,1.273665s,3.0197972s,8230,824,0
6.4350593s,1.4995598s,2.5152604s,8223,824,0
6.0322542s,1.0787698s,2.9180655s,8228,824,0
7.0099862s,1.4906397s,8.9548341s,8218,824,0
6.6409346s,1.1625839s,2.31466s,8224,824,0
6.2462264s,1.0935194s,2.7166516s,8229,824,0
6.2074083s,1.3027162s,9.7719544s,8213,824,0
6.043588s,1.1878723s,2.9257885s,8226,824,0
6.2156479s,1.4584118s,9.7656757s,8219,824,0
6.7604457s,1.0785929s,1.9123726s,8241,826,0
5.8296379s,1.2516261s,9.7666767s,8237,826,0
6.4335867s,1.1197379s,9.1627279s,8240,826,0
6.5440431s,1.2778196s,9.0574727s,8233,826,0
6.9706471s,1.3157866s,1.7118887s,8247,826,0
6.2832898s,1.2228751s,2.4164357s,8248,826,0
6.2709282s,1.4683239s,9.3570802s,8234,826,0
6.1686887s,1.2177242s,9.4593197s,8232,826,0
6.0980396s,1.1982962s,2.6153912s,8242,826,0
6.8891197s,1.4893139s,8.7597194s,8238,826,0
6.5819259s,1.3065419s,9.0669132s,8235,826,0
5.6086342s,1.0592034s,3.1202212s,8243,826,0
6.9182331s,1.2158395s,1.8119363s,8245,826,0
5.4113893s,1.1995427s,3.3220177s,8244,826,0
6.4015677s,1.1658604s,9.2589184s,8236,826,0
6.4317194s,1.4178447s,2.3121038s,8250,826,0
6.2126228s,1.0109459s,9.4595349s,8239,826,0
6.8440679s,1.3493067s,1.9108533s,8249,826,0
6.9234963s,1.1952497s,8.7586695s,8231,826,0
6.6453588s,1.2263075s,2.1133107s,8246,826,0
6.0279172s,1.0032154s,302.515ms,8265,827,0
6.1931546s,1.2145198s,6.8466001s,8258,827,0
6.7093225s,1.3876969s,6.3398352s,8253,827,0
5.9019714s,1.2379821s,7.1471863s,8254,827,0
6.5216729s,1.4295467s,6.5414405s,8251,827,0
6.3174321s,1.3516317s,6.7456813s,8256,827,0
5.2557247s,1.206021s,7.8523417s,8252,827,0
6.2683474s,1.0380966s,6.8484271s,8259,827,0
5.765722s,1.0965815s,7.3510525s,8255,827,0
6.2703977s,1.0898518s,6.8463768s,8260,827,0
5.8702502s,1.1855039s,7.2510283s,8257,827,0
5.8194032s,1.0814427s,603.7871ms,8264,827,0
6.3232823s,1.4255728s,100.5421ms,8267,827,0
6.4764024s,1.1839454s,0s,8270,827,0
6.4936605s,1.0027221s,0s,8269,827,0
6.5449696s,1.1091945s,0s,8263,827,0
6.6678092s,1.4386908s,0s,8268,827,0
6.7785449s,1.0814427s,0s,8262,827,0
6.6885703s,1.2235084s,5.5344633s,8277,829,0
6.1919832s,1.230213s,6.0397148s,8274,829,0
6.2942761s,1.1123396s,5.9411588s,8279,829,0
6.3981155s,1.4443568s,5.8373194s,8275,829,0
6.5068277s,1.4247163s,5.736913s,8273,829,0
6.4138784s,1.3352903s,5.8376598s,8271,829,0
6.1087072s,1.3176214s,6.142831s,8278,829,0
6.8568003s,1.2719089s,12.5822481s,8266,829,0
6.0260914s,1.4058958s,6.2443505s,8272,829,0
7.1870083s,1.4713584s,12.2822883s,8261,829,0
5.8544801s,1.2806753s,6.451851s,8276,829,0
6.3615681s,1.2183284s,5.944763s,8280,829,0
5.8311485s,1.159294s,0s,8282,829,0
6.6114772s,1.2883318s,10.2643478s,8288,831,0
6.5771781s,1.2387692s,3.624111s,8294,831,0
6.0325963s,1.4555106s,10.8720381s,8283,831,0
6.9877169s,1.4425132s,3.2214053s,8293,831,0
6.6462002s,1.3415222s,10.2674855s,8286,831,0
6.2883977s,1.1487694s,3.9273731s,8298,831,0
6.2866042s,1.4997367s,3.9291666s,8292,831,0
6.2903673s,1.0232216s,3.925901s,8295,831,0
6.5481734s,1.2430661s,10.372395s,8287,831,0
5.7983433s,1.3849584s,4.4306609s,8297,831,0
6.3012033s,1.2396121s,3.9278009s,8296,831,0
6.4580773s,1.2366426s,10.4720259s,8289,831,0
6.660681s,1.3669591s,10.2694222s,8281,831,0
6.7166406s,1.1608184s,3.5215823s,8300,831,0
6.3738649s,1.2616468s,10.5769474s,8284,831,0
6.4376349s,1.0019802s,3.8242786s,8291,831,0
6.6979149s,1.2003774s,10.2670507s,8285,831,0
6.2989386s,1.2003774s,10.666027s,8290,831,0
6.042689s,1.1035107s,4.2263039s,8299,831,0
6.8925653s,1.2122113s,9.5680798s,8307,833,0
6.0641473s,1.1019977s,3.5222744s,8319,833,0
6.3186683s,1.0970699s,10.1739154s,8301,833,0
6.6308704s,1.028821s,9.8693711s,8309,833,0
7.0937576s,1.4409108s,2.5172164s,8314,833,0
6.7434632s,1.044582s,9.7636832s,8303,833,0
6.4946998s,1.0636795s,3.1198813s,8317,833,0
6.902169s,1.0798513s,2.7195611s,8318,833,0
5.9010669s,1.0030099s,3.722948s,8313,833,0
6.0442171s,1.1048568s,10.4723631s,8308,833,0
5.3439411s,1.0069789s,11.176149s,8305,833,0
6.4585042s,1.0801317s,10.0649424s,8302,833,0
6.3115201s,1.3990506s,3.3234231s,8312,833,0
6.7647308s,1.4547159s,9.7671869s,8306,833,0
6.5765646s,1.3927608s,9.9610478s,8304,833,0
6.4267981s,1.31929s,3.2214384s,8311,833,0
5.981898s,1.1795152s,10.5658066s,8310,833,0
6.1402444s,1.2144484s,3.5185492s,8315,833,0
5.637731s,1.0849863s,4.0254727s,8316,833,0
6.2473981s,1.130014s,3.4211622s,8320,833,0
5.9501199s,1.1535244s,2.4158122s,8334,835,0
5.550928s,1.1449309s,2.8185966s,8333,835,0
6.6890941s,1.2346856s,8.7598129s,8327,835,0
6.3955667s,1.3138038s,9.0563348s,8330,835,0
5.7954056s,1.028506s,9.6616758s,8325,835,0
6.0000585s,1.0660429s,9.4622745s,8324,835,0
6.2744495s,1.4466114s,2.1149156s,8331,835,0
6.1736314s,1.332798s,2.215396s,8339,835,0
6.6880124s,1.2923075s,1.7127266s,8332,835,0
6.3385768s,1.3577332s,9.1624114s,8323,835,0
7.1193977s,1.23363s,1.307731s,8340,835,0
6.0156877s,1.1458975s,2.4140715s,8337,835,0
6.0468813s,1.1802613s,9.4626613s,8329,835,0
6.626113s,1.1286855s,1.810117s,8335,835,0
6.5654683s,1.1229015s,8.9625233s,8321,835,0
6.1645927s,1.3295043s,9.3637892s,8326,835,0
7.0758596s,1.4714168s,8.4547945s,8328,835,0
5.7400563s,1.3225463s,2.7138904s,8338,835,0
6.5452753s,1.2737602s,1.9116631s,8336,835,0
6.3749236s,1.3745575s,9.1587222s,8322,835,0
6.9957102s,1.4947468s,7.4552459s,8350,837,0
6.296999s,1.3545018s,8.1539571s,8347,837,0
6.4562451s,1.1426124s,1.0085133s,8359,837,0
6.3132643s,1.4417642s,8.1566888s,8349,837,0
6.8196635s,1.1088251s,7.6502896s,8341,837,0
6.5697639s,1.1907812s,907.4736ms,8360,837,0
6.4222885s,1.3974684s,8.0561491s,8345,837,0
6.323455s,1.3478354s,8.1549826s,8348,837,0
6.8778683s,1.2316128s,604.8591ms,8355,837,0
6.9824623s,1.4973512s,502.5267ms,8357,837,0
6.1829273s,1.4732479s,1.3110969s,8352,837,0
6.0868265s,1.3928378s,1.4083552s,8356,837,0
6.4430058s,1.4707899s,8.057595s,8346,837,0
6.7026028s,1.1119804s,807.3769ms,8351,837,0
6.0074764s,1.2132591s,1.5085005s,8353,837,0
6.728602s,1.0344404s,805.369ms,8358,837,0
6.2268087s,1.3905373s,1.308601s,8354,837,0
6.2731525s,1.1688693s,8.2609866s,8344,837,0
5.8815341s,1.072668s,8.6561099s,8343,837,0
6.3897101s,1.2557964s,8.1519445s,8342,837,0
6.586284s,1.2835099s,5.9400556s,8369,838,0
6.6000252s,1.1646035s,5.9374185s,8368,838,0
5.594142s,1.0636547s,6.9470125s,8362,838,0
5.6905231s,1.1755573s,200.9753ms,8376,838,0
5.8041645s,1.0174875s,100.8516ms,8374,838,0
5.8112598s,1.2030256s,100.2813ms,8373,838,0
6.0344908s,1.0778514s,6.5432703s,8364,838,0
6.6572153s,1.2006445s,5.9359643s,8370,838,0
6.5577192s,1.388609s,6.0354604s,8367,838,0
6.4529597s,1.307753s,6.1402199s,8363,838,0
6.2539738s,1.1585253s,6.3392058s,8365,838,0
5.9579336s,1.2453842s,6.6418887s,8366,838,0
6.5756668s,1.3193993s,6.0389022s,8361,838,0
6.1558452s,1.2030256s,0s,8380,838,0
6.29664s,1.2327314s,0s,8377,838,0
6.9711616s,1.4706535s,10.7781606s,8379,840,0
6.9973505s,1.3207668s,10.7724675s,8375,840,0
6.4093211s,1.2517952s,11.3741464s,8371,840,0
6.0594749s,1.1438228s,4.730169s,8386,840,0
6.1662361s,1.48692s,4.6295553s,8387,840,0
6.1686443s,1.2214221s,4.6271471s,8384,840,0
6.2750113s,1.2246843s,4.5248856s,8381,840,0
5.6691107s,1.1556074s,5.1307862s,8382,840,0
6.1785154s,1.32555s,4.631574s,8388,840,0
6.6359886s,1.372244s,11.1714513s,8378,840,0
6.3891211s,1.3808142s,4.4264259s,8389,840,0
6.794999s,1.0669854s,4.020548s,8383,840,0
6.3022531s,1.2004833s,4.5316192s,8385,840,0
6.4508726s,1.4121703s,11.3803502s,8372,840,0
6.198778s,1.0617556s,4.6350943s,8390,840,0
6.1507496s,1.1034651s,2.3157588s,8402,842,0
6.1526007s,1.4576541s,2.3158023s,8408,842,0
6.2528336s,1.2604319s,2.2159039s,8405,842,0
5.9825857s,1.050364s,9.56436s,8393,842,0
5.782514s,1.1068495s,9.7680028s,8395,842,0
6.4677056s,1.162975s,2.0161023s,8403,842,0
6.2761744s,1.1262903s,2.2172474s,8409,842,0
6.2066285s,1.4424939s,9.3669158s,8391,842,0
6.4073318s,1.0320071s,9.1662125s,8398,842,0
6.8919329s,1.2838512s,1.6103879s,8410,842,0
6.526266s,1.1300387s,9.0583369s,8392,842,0
6.2329499s,1.2096908s,9.361898s,8400,842,0
6.9155333s,1.1501982s,1.6110505s,8406,842,0
7.1264958s,1.3062949s,1.4093156s,8404,842,0
6.4613424s,1.4396521s,9.1625938s,8397,842,0
6.230111s,1.3772944s,2.315617s,8407,842,0
5.7540139s,1.373447s,9.8699223s,8396,842,0
7.0773971s,1.3767989s,8.5549502s,8394,842,0
5.8674056s,1.1971975s,9.7649417s,8399,842,0
6.9489627s,1.4048627s,1.6094316s,8401,842,0
6.3620879s,1.0626644s,6.8452423s,8418,843,0
6.8690742s,1.1495879s,6.3419172s,8419,843,0
7.0762084s,1.4473796s,6.1427396s,8414,843,0
6.1443257s,1.2747969s,0s,8430,843,0
6.3782548s,1.2425706s,6.8475597s,8413,843,0
6.4825946s,1.4276433s,6.7447899s,8411,843,0
6.053405s,1.0986995s,100.8348ms,8423,843,0
5.9683004s,1.2907825s,201.8031ms,8422,843,0
6.5056058s,1.3787724s,6.7458648s,8417,843,0
6.4098255s,1.2515357s,6.8416451s,8412,843,0
6.1776353s,1.0290822s,0s,8425,843,0
6.7272204s,1.2221863s,6.5424184s,8416,843,0
6.5325159s,1.2981525s,6.7519806s,8420,843,0
6.1436992s,1.0598934s,7.1473693s,8415,843,0
6.3610058s,1.2121007s,0s,8429,843,0
6.4627787s,1.4378039s,0s,8427,843,0
6.5220193s,1.1840975s,0s,8428,843,0
6.2132462s,1.132643s,6.2351037s,8438,845,0
6.9193707s,1.3385269s,5.5289792s,8431,845,0
6.6102006s,1.486804s,5.8381493s,8439,845,0
6.6982814s,1.0986995s,12.7898974s,8421,845,0
5.8393266s,1.0906756s,6.6444606s,8437,845,0
7.0074649s,1.3501946s,12.4849545s,8426,845,0
6.3416902s,1.1009899s,6.1425527s,8440,845,0
6.1563926s,1.3947265s,6.3398431s,8434,845,0
6.7606045s,1.336747s,5.7356312s,8435,845,0
6.3600826s,1.1647115s,6.1417732s,8436,845,0
6.2624863s,1.0081223s,6.2427519s,8432,845,0
6.8360217s,1.0844461s,12.6843951s,8424,845,0
6.6880034s,1.3136932s,5.8444511s,8433,845,0
5.657317s,1.2053316s,0s,8446,845,0
5.7632375s,1.2247036s,0s,8450,845,0
6.9953388s,1.3366853s,3.9223273s,8452,847,0
6.0937633s,1.0573305s,4.8259376s,8458,847,0
6.2548483s,1.4287147s,11.6709931s,8445,847,0
6.3652986s,1.1925067s,11.5696462s,8441,847,0
6.2664516s,1.0711243s,11.6720161s,8449,847,0
5.6063329s,1.1771168s,5.3352159s,8453,847,0
6.5256395s,1.0054182s,4.4287065s,8454,847,0
7.0061405s,1.1125908s,10.9728361s,8443,847,0
6.2454748s,1.0811593s,4.7273613s,8456,847,0
6.1037546s,1.4513742s,11.8768257s,8442,847,0
6.4095549s,1.4513742s,11.5750369s,8444,847,0
6.3531987s,1.107122s,4.6297471s,8451,847,0
5.9483279s,1.3300847s,5.0346179s,8457,847,0
6.151201s,1.186537s,4.8317448s,8460,847,0
6.4182584s,1.3359461s,11.5763679s,8448,847,0
6.623666s,1.3084033s,11.3752737s,8447,847,0
7.1682229s,1.2726739s,3.8245763s,8455,847,0
6.7845967s,1.3392117s,4.2244572s,8459,847,0
5.9050091s,1.1040105s,2.6196662s,8479,849,0
6.4103673s,1.1375802s,2.114308s,8472,849,0
6.3189382s,1.1583699s,2.2164244s,8478,849,0
6.6353811s,1.3376351s,1.9128731s,8477,849,0
6.7784518s,1.4179686s,8.655138s,8468,849,0
5.9674321s,1.1435167s,9.4661577s,8469,849,0
6.4394001s,1.0474345s,2.1118599s,8480,849,0
6.8788989s,1.3213474s,8.5546909s,8463,849,0
6.8823298s,1.3989454s,8.5560129s,8470,849,0
5.7896538s,1.2782296s,9.6629749s,8464,849,0
7.0640122s,1.28371s,1.510233s,8476,849,0
6.4618745s,1.2874799s,2.1152406s,8473,849,0
6.1000162s,1.3694294s,9.3631228s,8465,849,0
6.5057775s,1.4655114s,8.961893s,8467,849,0
6.7159049s,1.1923571s,8.7599191s,8466,849,0
6.4814403s,1.3748777s,2.1149611s,8475,849,0
6.8849903s,1.4093784s,1.7123377s,8474,849,0
6.5227306s,1.0976847s,8.9601959s,8462,849,0
6.8959125s,1.4827739s,1.7122045s,8471,849,0
5.9206887s,1.1716209s,9.5697581s,8461,849,0
6.3107212s,1.25354s,7.054879s,8484,850,0
6.8162772s,1.4228535s,6.549323s,8483,850,0
6.1128633s,1.166062s,7.2527369s,8485,850,0
6.7374073s,1.1290033s,6.6431834s,8489,850,0
6.3782963s,1.2391812s,100.2028ms,8495,850,0
6.3493243s,1.170813s,7.0468492s,8481,850,0
6.4570704s,1.4047209s,6.9504491s,8490,850,0
6.2057702s,1.0435843s,301.3568ms,8492,850,0
6.2057702s,1.1280519s,301.3568ms,8498,850,0
6.1111671s,1.4139282s,404.3694ms,8497,850,0
6.2124934s,1.3725069s,302.6771ms,8494,850,0
6.1983145s,1.3151358s,7.246182s,8482,850,0
6.8064235s,1.166062s,6.6417902s,8486,850,0
6.9094727s,1.4710359s,6.5430728s,8487,850,0
6.5452475s,1.1976986s,0s,8491,850,0
6.7116713s,1.4823653s,6.745668s,8488,850,0
6.6747366s,1.3371837s,0s,8496,850,0
6.6813459s,1.208303s,0s,8499,850,0
6.8358632s,1.2863175s,0s,8493,850,0
6.8477651s,1.4708636s,0s,8500,850,0
6.3643267s,1.1324185s,6.5450046s,8507,852,0
6.0613125s,1.014551s,6.8480188s,8509,852,0
6.5752179s,1.0486184s,6.3391106s,8502,852,0
7.1844917s,1.4224175s,5.7347708s,8504,852,0
5.5777276s,1.3365182s,7.3500911s,8501,852,0
6.801044s,1.467455s,6.1402926s,8503,852,0
5.680927s,1.0656881s,100.5167ms,8520,852,0
6.4224253s,1.4576061s,6.5490765s,8505,852,0
6.4444735s,1.138008s,6.5407429s,8510,852,0
6.1495884s,1.4704252s,6.8440309s,8506,852,0
6.8509125s,1.2968815s,6.1427068s,8508,852,0
5.5085618s,1.0719229s,301.6913ms,8513,852,0
5.8809238s,1.3256842s,0s,8517,852,0
6.0286162s,1.0836436s,0s,8516,852,0
6.1635545s,1.4299807s,0s,8514,852,0
6.4195829s,1.0763341s,5.0308827s,8528,854,0
6.5545334s,1.2204032s,11.6827529s,8519,854,0
6.8335632s,1.3795603s,4.6266769s,8521,854,0
6.2773872s,1.2694357s,11.9801203s,8512,854,0
6.7835291s,1.0887846s,11.4751059s,8515,854,0
6.4844827s,1.3124624s,11.7788799s,8518,854,0
6.5702178s,1.2423815s,4.9262232s,8527,854,0
6.5814045s,1.1210142s,4.9292011s,8523,854,0
6.5814045s,1.1239903s,4.9346205s,8525,854,0
6.3912388s,1.3089978s,5.1381465s,8524,854,0
5.9960007s,1.3039095s,5.5356331s,8526,854,0
6.3000702s,1.4893206s,5.2315636s,8530,854,0
5.5999109s,1.1314264s,5.9396081s,8522,854,0
6.6427427s,1.0504867s,11.6856279s,8511,854,0
6.0081818s,1.0823413s,5.5395461s,8529,854,0
6.3695866s,1.3607295s,2.9176531s,8543,856,0
6.2686435s,1.27969s,3.0185962s,8541,856,0
6.2179421s,1.2406566s,10.2619106s,8533,856,0
6.8250933s,1.1149706s,9.662143s,8534,856,0
6.8031979s,1.4265679s,2.5150441s,8550,856,0
6.2059418s,1.395955s,3.1174318s,8542,856,0
6.8302296s,1.3352822s,9.6621383s,8531,856,0
6.3201031s,1.1744066s,3.0159788s,8549,856,0
6.2480638s,1.3075884s,10.2609323s,8537,856,0
6.7239633s,1.2917805s,2.6160385s,8547,856,0
7.0465777s,1.4716158s,9.4624184s,8540,856,0
6.4335516s,1.129942s,2.9155217s,8546,856,0
7.0625221s,1.4213616s,9.462112s,8535,856,0
6.7603092s,1.4499283s,9.7643249s,8539,856,0
7.1689943s,1.462372s,9.3556398s,8532,856,0
6.0455239s,1.1125153s,3.3179186s,8545,856,0
6.1474622s,1.0637506s,3.2188956s,8544,856,0
6.3789742s,1.2320581s,10.1613405s,8536,856,0
6.6608996s,1.3611896s,2.7160589s,8548,856,0
6.0864446s,1.4912013s,10.4672324s,8538,856,0
6.7716471s,1.3075771s,7.6435359s,8551,858,0
6.0652556s,1.203902s,1.209722s,8570,858,0
5.6591942s,1.08245s,8.7564208s,8557,858,0
6.2687849s,1.3307447s,8.1463981s,8555,858,0
6.67083s,1.4265222s,7.744785s,8556,858,0
6.9956458s,1.3876563s,7.4558603s,8559,858,0
6.8084301s,1.3322929s,502.8706ms,8567,858,0
6.4935107s,1.141345s,7.9579954s,8554,858,0
6.5137342s,1.2661637s,803.9826ms,8562,858,0
6.4140486s,1.309405s,904.0351ms,8569,858,0
6.205155s,1.1367515s,8.2564432s,8560,858,0
6.3205062s,1.1055336s,1.0060071s,8565,858,0
5.9164903s,1.1035099s,8.553852s,8553,858,0
5.9240855s,1.4886286s,1.4086726s,8564,858,0
6.5312752s,1.1713438s,807.3406ms,8561,858,0
6.8369161s,1.3863696s,503.669ms,8563,858,0
7.1402054s,1.3907974s,7.3458676s,8558,858,0
5.6403398s,1.069007s,1.7132315s,8568,858,0
6.4390064s,1.2557747s,8.0547703s,8552,858,0
5.9591701s,1.2883094s,1.4092951s,8566,858,0
5.1784217s,1.1368644s,7.5513282s,8580,859,0
5.9633103s,1.295406s,201.6045ms,8588,859,0
6.325443s,1.2064562s,6.4467354s,8577,859,0
6.535735s,1.130878s,6.2433791s,8571,859,0
6.3405238s,1.3685129s,6.4447511s,8578,859,0
6.544536s,1.3210773s,6.2439704s,8575,859,0
6.4486416s,1.4477841s,6.3416444s,8573,859,0
5.8142493s,1.2865666s,402.2039ms,8585,859,0
6.0182052s,1.1636415s,201.4161ms,8582,859,0
6.3598645s,1.1075163s,6.4395809s,8576,859,0
5.3266471s,1.1378901s,906.8545ms,8589,859,0
6.0714132s,1.0888274s,6.7392s,8572,859,0
5.6623297s,1.0436918s,7.1482835s,8579,859,0
6.1380326s,1.1043029s,100.3257ms,8583,859,0
6.5757317s,1.3675467s,6.2462523s,8574,859,0
6.2560764s,1.0014575s,0s,8587,859,0
6.4020775s,1.3468258s,0s,8584,859,0
7.1762772s,1.4912248s,11.476872s,8586,861,0
6.4487387s,1.0808824s,5.0357415s,8593,861,0
6.7879744s,1.3666628s,11.8796442s,8590,861,0
5.9562783s,1.1955943s,5.5388005s,8598,861,0
5.4710415s,1.1338846s,6.042143s,8596,861,0
6.5790179s,1.1896888s,4.9341666s,8597,861,0
5.8858042s,1.0238546s,5.6394159s,8595,861,0
6.8937853s,1.1014161s,4.6342908s,8592,861,0
6.1950671s,1.4543373s,5.3396472s,8594,861,0
6.3985438s,1.4915828s,5.1361705s,8591,861,0
5.7982062s,1.2754287s,5.7404499s,8600,861,0
6.8092196s,1.3182018s,4.732298s,8599,861,0
6.6563647s,1.465647s,12.0781165s,8581,861,0
5.6146715s,1.1187651s,11.1702991s,8601,863,0
6.8192143s,1.4096916s,9.969042s,8605,863,0
6.2218135s,1.3526088s,10.5684322s,8606,863,0
6.9464626s,1.4515676s,2.9196106s,8615,863,0
6.8280166s,1.1288321s,9.9679974s,8604,863,0
6.9299408s,1.2370062s,9.8660732s,8603,863,0
6.7448688s,1.1585092s,3.1212044s,8618,863,0
6.1418779s,1.1824903s,3.7241953s,8617,863,0
5.9319099s,1.1667537s,10.8670465s,8602,863,0
5.831737s,1.3750204s,10.9672194s,8608,863,0
6.1351785s,1.1275732s,10.6692931s,8607,863,0
6.8560955s,1.3256734s,3.0203572s,8613,863,0
5.9565209s,1.2279648s,10.8728767s,8610,863,0
6.9862618s,1.4393555s,2.9165704s,8616,863,0
5.8858281s,1.231624s,4.0253918s,8619,863,0
6.4737603s,1.1231198s,10.3725843s,8609,863,0
6.2991439s,1.388433s,3.6242029s,8612,863,0
6.2047963s,1.0083787s,3.72521s,8614,863,0
6.1068364s,1.2916707s,3.8263076s,8611,863,0
6.930866s,1.3893944s,3.0199235s,8620,863,0
6.2135904s,1.1052505s,9.2619486s,8629,865,0
6.5274498s,1.0673206s,8.952465s,8627,865,0
6.8897058s,1.1876788s,2.0120631s,8632,865,0
5.8885571s,1.0224397s,3.019105s,8639,865,0
6.391927s,1.3004375s,2.5157351s,8640,865,0
5.8969273s,1.0147604s,3.016878s,8634,865,0
5.5993261s,1.1888531s,3.3173855s,8638,865,0
6.0170844s,1.2615309s,2.9179174s,8633,865,0
6.0302424s,1.2027447s,2.917486s,8631,865,0
5.6312477s,1.2676505s,3.3211209s,8637,865,0
6.2686094s,1.0544466s,9.2650966s,8624,865,0
6.5697803s,1.486632s,8.9639257s,8628,865,0
6.5781459s,1.4475475s,8.960969s,8623,865,0
5.4726385s,1.1114709s,10.0664764s,8626,865,0
6.2812423s,1.0230073s,9.2578726s,8622,865,0
6.0771621s,1.1356786s,9.4623136s,8625,865,0
6.4453984s,1.3157286s,2.5159314s,8636,865,0
6.159579s,1.4877758s,2.8148487s,8635,865,0
6.1964672s,1.3091401s,9.3603908s,8621,865,0
6.0018781s,1.1675071s,9.5642118s,8630,865,0
6.7522983s,1.092006s,8.0500917s,8641,867,0
6.0243497s,1.3117428s,1.6122719s,8654,867,0
6.2325455s,1.3770193s,1.4097006s,8660,867,0
6.6376983s,1.2035819s,1.0048537s,8657,867,0
6.6654883s,1.3898233s,8.1532121s,8645,867,0
6.4643721s,1.127512s,8.3543283s,8642,867,0
6.739799s,1.3835173s,905.8762ms,8655,867,0
7.1755027s,1.4903712s,7.6491448s,8650,867,0
6.1744771s,1.3917071s,8.6556971s,8649,867,0
6.3443119s,1.1194966s,1.3097139s,8653,867,0
6.2929476s,1.063453s,8.5550462s,8643,867,0
7.0802761s,1.4627802s,604.247ms,8652,867,0
6.7080029s,1.3875084s,8.155428s,8648,867,0
6.8837064s,1.2307651s,806.1997ms,8651,867,0
6.5955266s,1.3258993s,1.1089877s,8656,867,0
7.1032473s,1.3228563s,604.3204ms,8658,867,0
6.1234675s,1.4203175s,8.7643859s,8644,867,0
6.7057824s,1.1697338s,1.0059226s,8659,867,0
6.8453685s,1.496699s,8.0503463s,8646,867,0
6.5451622s,1.1767423s,8.3505526s,8647,867,0
5.6587819s,1.0866448s,6.9484035s,8661,868,0
6.0676949s,1.0591813s,6.5394905s,8670,868,0
5.7365689s,1.203734s,0s,8679,868,0
6.8794368s,1.0274913s,5.740226s,8667,868,0
6.300445s,1.1112866s,6.3403732s,8663,868,0
6.8103994s,1.4095776s,5.8398208s,8664,868,0
6.13912s,1.2907566s,6.5485828s,8669,868,0
6.1457579s,1.2289422s,6.547864s,8666,868,0
6.0520025s,1.2954561s,6.6448964s,8668,868,0
6.4586182s,1.1188155s,6.2415859s,8662,868,0
5.8584744s,1.3184717s,6.8445773s,8665,868,0
5.9695693s,1.4125434s,0s,8674,868,0
5.9735476s,1.1485392s,0s,8676,868,0
6.0148151s,1.1729802s,0s,8673,868,0
6.3537031s,1.4914095s,3.9268178s,8689,870,0
6.0528552s,1.4727286s,4.2276657s,8687,870,0
6.2730437s,1.0542216s,11.0657583s,8675,870,0
6.6815647s,1.4368651s,10.6680993s,8680,870,0
5.8845832s,1.2117302s,4.4242856s,8681,870,0
6.2865486s,1.3331383s,4.0223202s,8685,870,0
6.393155s,1.4727286s,3.9223294s,8688,870,0
6.6018216s,1.3439703s,3.7219938s,8686,870,0
6.5017913s,1.0798603s,10.8663453s,8678,870,0
6.9055583s,1.0345523s,10.4685851s,8672,870,0
6.9169083s,1.3955649s,3.4197937s,8683,870,0
6.1202871s,1.4047019s,4.2244037s,8684,870,0
6.3219936s,1.4234129s,11.0730047s,8677,870,0
7.0417326s,1.4975111s,10.362966s,8671,870,0
6.3382303s,1.456879s,4.0254365s,8690,870,0
5.939089s,1.149152s,4.4277939s,8682,870,0
6.5248086s,1.3041726s,10.4652372s,8691,872,0
6.415079s,1.4567511s,3.2221576s,8709,872,0
6.1157747s,1.3784599s,3.5242196s,8702,872,0
6.4304839s,1.3142007s,10.56649s,8696,872,0
6.5267415s,1.1716465s,3.120515s,8707,872,0
7.2370278s,1.4855271s,2.415472s,8706,872,0
6.5453033s,1.2111747s,10.4738031s,8698,872,0
7.3524515s,1.4525645s,9.6666549s,8697,872,0
6.4534428s,1.4943873s,10.5685051s,8700,872,0
5.6448881s,1.1733647s,11.3770598s,8694,872,0
6.1493997s,1.24674s,10.8725482s,8699,872,0
5.7449774s,1.0550093s,3.9241613s,8710,872,0
6.4559615s,1.1914434s,3.2198601s,8701,872,0
6.5651674s,1.3183824s,10.4672218s,8693,872,0
6.1722699s,1.0190461s,3.5217546s,8708,872,0
6.5874737s,1.4521946s,3.1177953s,8705,872,0
7.0999787s,1.4291577s,9.9665695s,8692,872,0
5.7890832s,1.1904912s,3.9283979s,8704,872,0
6.4013143s,1.4123974s,3.3180209s,8703,872,0
6.0095981s,1.1851656s,11.0781969s,8695,872,0
6.427662s,1.3075458s,7.5496585s,8715,874,0
6.6386801s,1.1382746s,7.3461917s,8714,874,0
6.0515025s,1.0867405s,7.9526014s,8713,874,0
6.4576928s,1.4374592s,7.5469938s,8718,874,0
6.7598956s,1.1860021s,7.2452814s,8719,874,0
5.9395846s,1.110593s,1.3097904s,8725,874,0
6.2604991s,1.3165531s,7.7526532s,8720,874,0
6.4624254s,1.4796223s,7.5507269s,8711,874,0
6.2477331s,1.1604737s,1.0080816s,8728,874,0
6.6640994s,1.2594244s,603.1272ms,8724,874,0
6.4782694s,1.4952208s,7.5515512s,8712,874,0
6.3812716s,1.147437s,7.6516781s,8717,874,0
7.175868s,1.494886s,100.2889ms,8722,874,0
5.866252s,1.0096493s,1.4099049s,8729,874,0
6.5754621s,1.1619662s,704.222ms,8730,874,0
6.3759556s,1.4485583s,906.0482ms,8726,874,0
6.4963283s,1.277508s,7.55026s,8716,874,0
6.4864386s,1.003728s,804.794ms,8727,874,0
6.3876422s,1.0057567s,906.8903ms,8721,874,0
6.4918609s,1.3190074s,807.1896ms,8723,874,0
6.4461292s,1.4397024s,6.549809s,8734,875,0
6.3555565s,1.4325303s,6.6442341s,8736,875,0
6.2662614s,1.0242033s,6.7404861s,8738,875,0
6.025525s,1.4498626s,100.5164ms,8745,875,0
5.9236504s,1.1105194s,202.391ms,8744,875,0
5.8741366s,1.0628646s,7.1475148s,8732,875,0
6.886622s,1.3487186s,6.1420474s,8733,875,0
5.881261s,1.0027569s,7.1500095s,8737,875,0
6.0479935s,1.2355382s,100.2982ms,8746,875,0
6.7985031s,1.3655837s,6.2448207s,8739,875,0
5.999888s,1.0157947s,7.0489435s,8740,875,0
6.0074771s,1.1558745s,7.0446055s,8731,875,0
6.6217707s,1.3705668s,6.439349s,8735,875,0
6.1807717s,1.0518805s,0s,8750,875,0
5.8910621s,1.0855826s,302.9165ms,8741,875,0
6.2188596s,1.2593226s,0s,8742,875,0
6.2488571s,1.2016598s,0s,8747,875,0
6.3762923s,1.4466562s,3.9248485s,8753,877,0
6.2721098s,1.0727238s,4.029031s,8759,877,0
6.277227s,1.0515731s,4.0263926s,8758,877,0
6.8946917s,1.2585899s,3.4196662s,8752,877,0
6.9723092s,1.1573984s,10.4687201s,8748,877,0
5.2829694s,1.1007177s,5.0313885s,8754,877,0
6.4007731s,1.4706484s,3.9240657s,8757,877,0
6.1126118s,1.3365143s,4.227415s,8756,877,0
6.5262695s,1.4915989s,3.824331s,8755,877,0
6.029296s,1.086587s,4.3279327s,8760,877,0
6.0316766s,1.074804s,4.3281614s,8751,877,0
6.6222053s,1.4593454s,10.8754316s,8743,877,0
7.1266714s,1.3700755s,10.3766287s,8749,877,0
6.6601965s,1.4054522s,8.1532092s,8763,879,0
6.1946572s,1.4363825s,1.7121933s,8773,879,0
6.4022802s,1.4445003s,1.5094553s,8776,879,0
6.8111003s,1.2488593s,1.1062042s,8774,879,0
6.6144097s,1.3394965s,1.3075974s,8777,879,0
6.3239568s,1.2294605s,1.6094994s,8778,879,0
6.6995393s,1.3727512s,8.1540964s,8768,879,0
6.5987105s,1.3492491s,8.2549252s,8762,879,0
6.19746s,1.4332067s,8.6588198s,8765,879,0
6.945015s,1.4934196s,1.0047096s,8775,879,0
6.9065552s,1.4387792s,7.9538232s,8766,879,0
6.0505133s,1.0847946s,1.912697s,8771,879,0
5.7106729s,1.1745295s,9.1641986s,8769,879,0
6.3145649s,1.2097641s,8.5603066s,8761,879,0
6.6199156s,1.2624595s,8.2589092s,8767,879,0
5.8596643s,1.2212238s,2.1126053s,8780,879,0
5.9782995s,1.1321731s,2.0115754s,8772,879,0
5.9343138s,1.2024224s,8.9621163s,8764,879,0
6.6543033s,1.4608062s,8.2497399s,8770,879,0
6.6959789s,1.0965468s,1.307409s,8779,879,0
6.8006914s,1.3506834s,6.4426211s,8789,880,0
5.9404651s,1.2654039s,503.1617ms,8794,880,0
5.8436881s,1.1401169s,604.4622ms,8792,880,0
6.6307556s,1.2804135s,6.644976s,8786,880,0
6.1396797s,1.3986182s,7.1418332s,8782,880,0
6.2349089s,1.3894861s,7.046604s,8785,880,0
6.2416093s,1.2256245s,7.0443539s,8784,880,0
5.8388555s,1.0126968s,7.4471077s,8788,880,0
5.8437676s,1.4760497s,7.4469437s,8781,880,0
6.2929874s,1.3527751s,200.6824ms,8799,880,0
6.2959807s,1.3285699s,201.8983ms,8791,880,0
6.301704s,1.4916429s,201.0969ms,8796,880,0
5.8525513s,1.2378604s,7.4528597s,8787,880,0
6.4092488s,1.0787054s,100.2278ms,8798,880,0
5.6685053s,1.4249844s,7.6444633s,8783,880,0
6.5290714s,1.4522512s,0s,8793,880,0
6.2869546s,1.3733866s,7.0497038s,8790,880,0
6.665588s,1.0514247s,0s,8800,880,0
6.8592903s,1.4831093s,0s,8797,880,0
6.9238924s,1.4355118s,0s,8795,880,0
6.1119123s,1.2078566s,7.0491658s,8803,882,0
6.7200701s,1.4235726s,6.441008s,8804,882,0
6.2403798s,1.3237468s,201.0086ms,8816,882,0
5.928372s,1.1644269s,7.249449s,8806,882,0
6.1664228s,1.0971783s,301.8252ms,8814,882,0
6.3686592s,1.3770394s,100.8392ms,8812,882,0
6.2410822s,1.4638832s,6.9531863s,8802,882,0
6.3807446s,1.0643173s,100.0587ms,8815,882,0
6.5552437s,1.1328084s,6.6456297s,8807,882,0
6.5755661s,1.299918s,6.6433045s,8801,882,0
6.6766184s,1.2615752s,6.5422522s,8810,882,0
5.8954846s,1.2811639s,603.7464ms,8811,882,0
6.3033736s,1.2376274s,201.7633ms,8817,882,0
6.0799297s,1.3710335s,7.1484522s,8808,882,0
6.3788031s,1.3658601s,6.8495788s,8805,882,0
5.8814284s,1.2072571s,7.3493744s,8809,882,0
6.3241945s,1.3618229s,201.8903ms,8818,882,0
6.6961967s,1.1938725s,0s,8813,882,0
6.8683776s,1.34828s,0s,8820,882,0
6.9015252s,1.49379s,0s,8819,882,0
6.3122818s,1.1025801s,6.4449208s,8827,884,0
7.034119s,1.4285036s,5.7392727s,8828,884,0
6.3322076s,1.2788836s,6.4444256s,8824,884,0
5.9418196s,1.0185141s,6.84902s,8821,884,0
6.049594s,1.0614563s,6.7433674s,8822,884,0
6.4639492s,1.1081541s,6.3444836s,8830,884,0
5.7589818s,1.1328931s,7.049451s,8829,884,0
6.1765192s,1.2923275s,6.6477678s,8823,884,0
6.6802786s,1.4238862s,6.1445292s,8826,884,0
5.7984265s,1.1757887s,0s,8837,884,0
5.9911296s,1.1231639s,6.8414665s,8825,884,0
5.8287668s,1.0991221s,0s,8832,884,0
6.0457151s,1.449513s,0s,8836,884,0
6.1600861s,1.4632176s,0s,8840,884,0
6.3521016s,1.4894086s,11.387221s,8831,886,0
7.0638463s,1.4806034s,10.6775474s,8839,886,0
6.9569032s,1.4954481s,3.7275052s,8841,886,0
6.3738679s,1.3545078s,11.3747752s,8838,886,0
5.6492152s,1.3756686s,5.0351932s,8850,886,0
5.977102s,1.0137924s,4.7306534s,8844,886,0
6.400468s,1.1197514s,11.3722918s,8835,886,0
5.67654s,1.4608162s,5.0319851s,8848,886,0
6.8868906s,1.2610919s,3.8253407s,8843,886,0
6.4857179s,1.3515183s,4.2288428s,8846,886,0
6.6925808s,1.2835176s,4.0266789s,8845,886,0
5.9922257s,1.0617641s,4.7372179s,8847,886,0
6.4003867s,1.2576426s,4.3309785s,8849,886,0
6.2274771s,1.1436261s,11.5722577s,8834,886,0
6.3201319s,1.3315253s,4.4284937s,8842,886,0
6.9445988s,1.2692584s,10.8728099s,8833,886,0
6.6033848s,1.4175083s,2.6165197s,8861,888,0
6.1067184s,1.3556992s,3.1190897s,8862,888,0
6.5133829s,1.2256435s,2.7170885s,8870,888,0
6.5400985s,1.2135798s,9.7717488s,8851,888,0
6.341606s,1.3883674s,9.9724166s,8853,888,0
6.3228368s,1.4221697s,2.9192346s,8864,888,0
6.0444704s,1.0355532s,10.2753058s,8852,888,0
6.5607114s,1.4695444s,9.7633382s,8857,888,0
6.5574871s,1.4207908s,9.7665625s,8859,888,0
7.0418928s,1.232675s,2.2127375s,8865,888,0
6.4651497s,1.4716563s,9.8699526s,8855,888,0
7.0755427s,1.430229s,9.2595596s,8860,888,0
6.5412613s,1.0663475s,2.7182983s,8866,888,0
6.3420723s,1.0857484s,2.9200702s,8869,888,0
6.8844141s,1.0576399s,9.4655396s,8858,888,0
6.7863945s,1.3236761s,9.5655035s,8854,888,0
5.9563005s,1.0376026s,3.3245228s,8867,888,0
6.8846023s,1.3070429s,2.4158705s,8863,888,0
6.7264192s,1.4276835s,9.6585234s,8856,888,0
5.8859278s,1.3534522s,3.4234721s,8868,888,0
6.6976493s,1.4700441s,1.911915s,8881,890,0
6.0292969s,1.0650998s,9.6641516s,8878,890,0
6.0963518s,1.2794588s,2.5160152s,8885,890,0
5.9374931s,1.3143934s,9.7632909s,8873,890,0
6.7089036s,1.3547991s,1.9129831s,8888,890,0
6.3431646s,1.3374883s,9.3665779s,8875,890,0
7.1275792s,1.3208311s,1.5096429s,8883,890,0
6.8284796s,1.2906211s,1.8121129s,8882,890,0
6.7670353s,1.4410273s,8.9606943s,8871,890,0
6.9622542s,1.3174859s,8.7654754s,8877,890,0
6.5687202s,1.1008759s,9.1601564s,8879,890,0
7.0838842s,1.2931797s,8.6537745s,8872,890,0
6.0419267s,1.0172625s,2.6143615s,8884,890,0
6.6550967s,1.2541571s,2.0117193s,8887,890,0
6.2920419s,1.2067001s,9.4646614s,8880,890,0
6.599516s,1.4834611s,9.1605173s,8874,890,0
6.3613856s,1.4497191s,2.3147635s,8890,890,0
6.4637395s,1.1624788s,2.2166995s,8886,890,0
5.9097204s,1.3644005s,9.8693545s,8876,890,0
6.6836992s,1.0815576s,2.015184s,8889,890,0
6.4320767s,1.3678344s,0s,8901,891,0
6.0130508s,1.0021182s,7.1561292s,8892,891,0
6.7341603s,1.2098374s,6.4400909s,8891,891,0
6.4503448s,1.2796492s,0s,8907,891,0
5.9400807s,1.1811075s,7.2485576s,8898,891,0
5.6571483s,1.1536241s,804.4302ms,8908,891,0
5.9553914s,1.0676053s,7.2495934s,8895,891,0
5.753293s,1.2526732s,7.4516918s,8893,891,0
5.8704464s,1.3286753s,604.6944ms,8903,891,0
6.2782709s,1.2700852s,200.7027ms,8906,891,0
6.3756789s,1.0995076s,6.8446328s,8899,891,0
6.3856004s,1.1275176s,6.8441274s,8896,891,0
6.2842323s,1.0676053s,6.951122s,8900,891,0
5.6817847s,1.1134165s,7.5535696s,8897,891,0
6.3934416s,1.3042589s,6.8464323s,8894,891,0
6.5101116s,1.4736151s,0s,8902,891,0
6.6112952s,1.2362054s,0s,8905,891,0
6.7314239s,1.3905324s,0s,8909,891,0
6.7696131s,1.1898633s,0s,8904,891,0
6.2681331s,1.4594673s,4.8292205s,8919,893,0
6.6824462s,1.21434s,4.4295525s,8911,893,0
5.9825023s,1.2819502s,5.1343628s,8912,893,0
6.2966005s,1.4432911s,4.8302472s,8917,893,0
5.6234641s,1.0226715s,5.5382846s,8914,893,0
6.1252983s,1.0988796s,5.0364504s,8916,893,0
6.6349529s,1.2744619s,4.5263675s,8913,893,0
6.9566385s,1.3427293s,11.1729597s,8910,893,0
6.546099s,1.3185212s,4.6311921s,8918,893,0
5.9515063s,1.1959681s,5.2342093s,8920,893,0
7.155706s,1.4052681s,4.0300096s,8915,893,0
6.8383661s,1.3916539s,1.4104724s,8935,895,0
6.3350274s,1.1553267s,1.9138111s,8938,895,0
6.5621385s,1.1666818s,8.7575959s,8929,895,0
7.0687045s,1.4397947s,8.2558312s,8925,895,0
6.6463533s,1.0099492s,1.6119992s,8940,895,0
6.169245s,1.4582537s,9.1633835s,8924,895,0
6.3733343s,1.0472517s,8.9592942s,8928,895,0
5.7710672s,1.1641322s,9.564759s,8923,895,0
6.983636s,1.4099923s,8.3552441s,8921,895,0
5.5824566s,1.0792526s,9.7631409s,8922,895,0
5.4565135s,1.3489288s,2.8203795s,8939,895,0
6.262737s,1.4673642s,2.0162218s,8934,895,0
6.1018323s,1.0851886s,9.2584593s,8930,895,0
6.4023494s,1.2320416s,1.9132206s,8932,895,0
6.4095267s,1.2357551s,1.9123967s,8933,895,0
5.635735s,1.0198695s,9.7600504s,8926,895,0
5.9144187s,1.1165274s,2.4163394s,8937,895,0
6.2243548s,1.3437099s,2.1130305s,8936,895,0
6.3506074s,1.3768959s,9.0617789s,8927,895,0
5.9286009s,1.3194956s,2.4181386s,8931,895,0
6.7832449s,1.3799371s,302.1341ms,8960,897,0
5.8534931s,1.0936287s,8.0528781s,8941,897,0
6.5598395s,1.3930233s,7.3459877s,8948,897,0
6.2590223s,1.1998544s,7.6508287s,8949,897,0
6.1948068s,1.0676467s,905.3847ms,8951,897,0
6.0580632s,1.0853535s,7.8517878s,8943,897,0
6.3058239s,1.4026146s,805.1844ms,8953,897,0
6.6780651s,1.4007334s,7.2469255s,8944,897,0
6.6213676s,1.3263651s,502.0924ms,8957,897,0
6.3891042s,1.0794015s,7.5440153s,8942,897,0
5.7150921s,1.1486437s,1.4083679s,8952,897,0
6.0236944s,1.2495395s,1.1080303s,8959,897,0
6.7930859s,1.0977373s,7.1482983s,8946,897,0
6.4351369s,1.1074157s,704.1019ms,8954,897,0
6.8096595s,1.1869342s,7.1441309s,8950,897,0
5.9483963s,1.2203288s,1.2111626s,8956,897,0
6.2208843s,1.3855937s,7.7501862s,8945,897,0
5.924997s,1.4362991s,8.0460735s,8947,897,0
6.9627595s,1.4738902s,200.943ms,8955,897,0
5.8622261s,1.1986597s,1.3048249s,8958,897,0
6.4591827s,1.3835225s,7.3486442s,8963,898,0
6.5249231s,1.2159803s,402.6656ms,8977,898,0
6.3270224s,1.4126212s,604.011ms,8976,898,0
6.5310737s,1.4954686s,403.7638ms,8973,898,0
6.6674044s,1.142799s,7.1532988s,8970,898,0
6.940465s,1.2837416s,0s,8975,898,0
6.5392342s,1.1751404s,403.9811ms,8980,898,0
6.2370181s,1.4243283s,706.1972ms,8978,898,0
6.5832992s,1.2757692s,7.2481048s,8962,898,0
6.6735058s,1.17831s,7.1578982s,8965,898,0
6.8802382s,1.3743104s,6.9511658s,8961,898,0
6.5951891s,1.4128762s,7.2486075s,8964,898,0
5.7715431s,1.1393449s,1.2073614s,8971,898,0
6.4792886s,1.3659861s,503.9679ms,8974,898,0
5.820249s,1.2036478s,8.0540862s,8967,898,0
6.0210478s,1.4875224s,7.8532874s,8969,898,0
6.5999819s,1.4019571s,403.3801ms,8979,898,0
6.6457518s,1.2358626s,7.246542s,8966,898,0
5.8511494s,1.1692561s,8.0498902s,8968,898,0
7.2668892s,1.4484312s,0s,8972,898,0
6.221823s,1.1824525s,6.7481628s,8987,900,0
6.2200228s,1.0439815s,6.749963s,8982,900,0
6.5287993s,1.3925239s,6.4443742s,8984,900,0
5.6148075s,1.2456301s,403ms,8995,900,0
6.4370486s,1.2007917s,6.540244s,8988,900,0
6.7548337s,1.1643833s,6.2398581s,8989,900,0
6.956694s,1.4836612s,6.0379978s,8983,900,0
6.0550379s,1.2223697s,6.9507526s,8990,900,0
6.0547706s,1.298366s,0s,8997,900,0
6.4797669s,1.0050197s,6.5402165s,8981,900,0
6.3831308s,1.301858s,6.6427837s,8985,900,0
6.1038931s,1.1998307s,6.9486582s,8986,900,0
6.144905s,1.4445626s,0s,8998,900,0
6.3145958s,1.012727s,0s,9000,900,0
7.024093s,1.1272481s,5.3377843s,9009,902,0
6.018099s,1.2056726s,6.3437783s,9004,902,0
6.7769866s,1.2485377s,12.6916161s,8991,902,0
6.2249326s,1.3255506s,6.1387887s,9005,902,0
6.0444016s,1.2414016s,6.3380904s,9007,902,0
7.1067254s,1.3636677s,12.382492s,8999,902,0
6.6552773s,1.0256562s,5.7389405s,9006,902,0
6.6282608s,1.3072447s,12.8776598s,8993,902,0
6.5225783s,1.0770134s,12.9879516s,8996,902,0
6.6795506s,1.3938865s,5.7354485s,9001,902,0
6.5835959s,1.2966436s,5.835602s,9008,902,0
6.752693s,1.2269245s,12.7854954s,8994,902,0
6.6553058s,1.4356784s,12.8863303s,8992,902,0
6.1927912s,1.2839215s,6.2438652s,9003,902,0
6.2991148s,1.1053687s,6.1424382s,9002,902,0
6.7181154s,1.0917545s,5.7372276s,9010,902,0
5.7232776s,1.1901929s,0s,9020,902,0
5.7807216s,1.0565766s,0s,9014,902,0
5.8305467s,1.0715221s,0s,9011,902,0
6.4789778s,1.0754329s,3.721049s,9029,904,0
6.4842029s,1.2897665s,10.3677655s,9013,904,0
6.4937276s,1.4067026s,10.3673794s,9015,904,0
5.2901337s,1.2123188s,4.931301s,9026,904,0
6.3929586s,1.1517827s,3.8284761s,9021,904,0
6.1010733s,1.2345487s,4.1274873s,9027,904,0
6.0029942s,1.0056146s,10.8692201s,9018,904,0
6.4092806s,1.2045716s,3.82555s,9030,904,0
6.325015s,1.4665629s,3.9242113s,9022,904,0
6.8282278s,1.3537679s,3.4209985s,9023,904,0
6.0310364s,1.074408s,4.2294634s,9028,904,0
6.6323021s,1.3477973s,10.2712594s,9017,904,0
6.8493232s,1.3855544s,3.4249605s,9025,904,0
6.5462767s,1.089269s,3.728007s,9024,904,0
6.6396723s,1.0675927s,10.2742837s,9016,904,0
6.4515737s,1.4133098s,10.4660309s,9019,904,0
6.5531932s,1.484609s,10.3682402s,9012,904,0
6.121952s,1.0812344s,9.5640842s,9031,906,0
6.4294329s,1.4700141s,9.2607886s,9033,906,0
5.7239591s,1.2626769s,9.9662624s,9037,906,0
6.2309122s,1.1122691s,9.4645429s,9040,906,0
5.8232649s,1.4803626s,3.1203112s,9048,906,0
6.7653797s,1.0266265s,8.9551353s,9032,906,0
6.1521271s,1.2109358s,2.8175635s,9043,906,0
6.253586s,1.4005008s,2.7174124s,9045,906,0
5.8703034s,1.1294792s,9.8660747s,9039,906,0
6.3548405s,1.3895255s,2.6161579s,9047,906,0
6.6566662s,1.3968139s,2.3149966s,9050,906,0
5.9704992s,1.1625069s,9.7665433s,9038,906,0
6.0922078s,1.2739826s,9.6620301s,9035,906,0
5.7723468s,1.0829549s,3.2231822s,9049,906,0
5.2748114s,1.3140679s,3.7242709s,9041,906,0
5.8821805s,1.488118s,3.1203147s,9046,906,0
6.5114909s,1.1791375s,9.2605009s,9036,906,0
6.5939789s,1.1407464s,2.4141299s,9042,906,0
6.9005945s,1.1578169s,2.1142081s,9044,906,0
6.319035s,1.0091391s,9.4640672s,9034,906,0
6.1691781s,1.4107203s,1.1061968s,9067,908,0
5.8254373s,1.2027363s,7.9507191s,9056,908,0
6.5859086s,1.2736198s,705.6074ms,9064,908,0
6.139683s,1.2531805s,7.6527941s,9059,908,0
6.4970796s,1.1729727s,807.0411ms,9069,908,0
6.45153s,1.0776888s,7.3450725s,9055,908,0
5.647756s,1.4189091s,8.1582004s,9060,908,0
6.415049s,1.1926755s,905.5427ms,9066,908,0
5.858264s,1.4458421s,7.9530825s,9057,908,0
6.2607151s,1.3288042s,7.5506314s,9052,908,0
5.7585319s,1.0494465s,8.0580868s,9054,908,0
6.7240361s,1.3217252s,604.2262ms,9065,908,0
6.2687492s,1.150686s,7.5497606s,9058,908,0
6.8286625s,1.2759718s,503.8867ms,9068,908,0
5.7687776s,1.0600903s,8.0550753s,9053,908,0
6.2275764s,1.1795536s,1.1079201s,9070,908,0
6.5390166s,1.3794444s,806.0165ms,9062,908,0
6.4883564s,1.4299405s,7.3450331s,9051,908,0
6.8550108s,1.4637843s,503.2438ms,9061,908,0
6.2573993s,1.0881614s,1.1059221s,9063,908,0
5.52316s,1.0710149s,8.2569435s,9079,909,0
5.6733028s,1.3774199s,906.5917ms,9083,909,0
6.1886157s,1.1153622s,401.2841ms,9086,909,0
5.9405029s,1.3668331s,7.8535401s,9077,909,0
6.8518648s,1.4660286s,6.9461037s,9073,909,0
6.6021649s,1.4324535s,0s,9085,909,0
6.5167439s,1.0063638s,100.9497ms,9089,909,0
6.1719761s,1.3427001s,7.6514989s,9078,909,0
6.6240337s,1.371204s,0s,9081,909,0
6.5778448s,1.2796762s,7.2503321s,9076,909,0
6.3771621s,1.1519373s,7.4550202s,9075,909,0
6.2357806s,1.1469548s,401.4173ms,9084,909,0
6.4376885s,1.1048554s,201.5812ms,9087,909,0
6.6392697s,1.0729042s,0s,9082,909,0
6.4952425s,1.1806076s,7.3527729s,9072,909,0
6.6438722s,1.3904523s,0s,9090,909,0
6.542951s,1.2618911s,100.9212ms,9088,909,0
7.2036173s,1.4585889s,6.6457237s,9080,910,0
6.4156931s,1.1384548s,7.448593s,9074,910,0
6.0119876s,1.0164549s,7.8522985s,9071,910,0
6.3138237s,1.0747822s,6.6436919s,9094,911,0
6.1140822s,1.1685318s,6.8488992s,9095,911,0
5.9188161s,1.0266956s,101.2105ms,9101,911,0
6.234814s,1.3116283s,6.7523154s,9091,911,0
5.7331721s,1.0228791s,301.4267ms,9105,911,0
6.648189s,1.2912485s,6.3425635s,9093,911,0
6.9557908s,1.396847s,6.0406527s,9098,911,0
6.1507958s,1.3263855s,6.8489207s,9099,911,0
6.1593658s,1.1134561s,6.8451721s,9096,911,0
6.0599963s,1.1365809s,6.9445416s,9092,911,0
5.5486424s,1.0322528s,503.5529ms,9107,911,0
6.5883002s,1.2315609s,6.4452835s,9097,911,0
6.5987143s,1.050906s,6.4428927s,9100,911,0
6.1745721s,1.2055103s,0s,9110,911,0
6.306274s,1.0228791s,0s,9108,911,0
6.4360427s,1.1988424s,0s,9103,911,0
6.7524953s,1.195857s,10.7780658s,9104,913,0
6.2252845s,1.4251876s,4.4323517s,9117,913,0
6.2271474s,1.0449869s,4.4304888s,9119,913,0
6.890268s,1.3465365s,10.6724004s,9109,913,0
6.3443189s,1.1658108s,4.3337353s,9111,913,0
6.7496783s,1.345415s,3.9283759s,9112,913,0
5.9406169s,1.2232149s,4.7374373s,9120,913,0
5.8617211s,1.0335369s,4.8292341s,9118,913,0
6.808589s,1.0507521s,10.7773026s,9106,913,0
5.7668649s,1.2177546s,4.9370934s,9115,913,0
6.4819936s,1.2214893s,4.2277416s,9116,913,0
6.9904733s,1.3806313s,3.7262358s,9113,913,0
6.637862s,1.0893993s,10.9698255s,9102,913,0
6.2880161s,1.1773449s,4.428693s,9114,913,0
6.0974089s,1.3507636s,9.6662217s,9122,915,0
6.3095379s,1.4154371s,2.7167965s,9140,915,0
6.1037898s,1.1743856s,9.6624223s,9127,915,0
5.8067634s,1.1258703s,9.9626526s,9128,915,0
6.7179405s,1.2886796s,2.3145204s,9137,915,0
6.6132605s,1.4318479s,9.1614102s,9121,915,0
5.6225951s,1.0635612s,3.4199941s,9131,915,0
5.8225239s,1.3806098s,3.2200653s,9134,915,0
6.430776s,1.2237426s,2.6144524s,9136,915,0
5.9281986s,1.1954238s,3.1193561s,9132,915,0
6.6288389s,1.2779722s,9.1585935s,9129,915,0
6.6357089s,1.1897636s,9.157546s,9123,915,0
6.9416335s,1.4148051s,2.1147477s,9133,915,0
6.7392486s,1.3768968s,9.0592692s,9130,915,0
6.5448328s,1.1064823s,2.5138073s,9135,915,0
6.2428931s,1.3480928s,9.564511s,9124,915,0
6.6686937s,1.4187261s,2.4141017s,9139,915,0
6.173409s,1.2186944s,2.9191412s,9138,915,0
5.9598806s,1.3813301s,9.8725473s,9126,915,0
6.1649077s,1.1897636s,9.6708048s,9125,915,0
6.6018339s,1.0996905s,7.0447788s,9149,916,0
6.7039091s,1.3588417s,200.9486ms,9154,916,0
6.6043105s,1.0124777s,301.4082ms,9159,916,0
6.7092796s,1.2279772s,200.7426ms,9160,916,0
5.8041421s,1.254449s,1.1058801s,9158,916,0
6.4277944s,1.4435335s,7.2505005s,9143,916,0
6.633295s,1.115074s,7.0461694s,9144,916,0
6.6203031s,1.2687271s,302.3028ms,9155,916,0
6.133179s,1.1027002s,7.5522271s,9148,916,0
5.9432837s,1.2159116s,7.7530236s,9150,916,0
6.5388328s,1.2576789s,401.6028ms,9153,916,0
6.7621031s,1.0458579s,6.9519795s,9145,916,0
6.3476684s,1.2796669s,604.3111ms,9156,916,0
6.0525465s,1.0153515s,906.9458ms,9151,916,0
5.9699948s,1.1092318s,7.75312s,9146,916,0
5.853788s,1.221768s,1.1072237s,9152,916,0
6.1767018s,1.4946753s,7.5511973s,9147,916,0
6.5880964s,1.0313895s,7.1476008s,9142,916,0
6.6904268s,1.1475373s,7.0496161s,9141,916,0
7.2151701s,1.2558024s,0s,9157,916,0
6.258217s,1.0767548s,6.1390078s,9163,918,0
6.5764163s,1.255796s,5.842263s,9164,918,0
6.887002s,1.4267409s,5.5343509s,9167,918,0
6.1906186s,1.1115027s,6.2438172s,9165,918,0
6.999931s,1.3656014s,5.4419775s,9162,918,0
6.0175423s,1.315925s,6.436035s,9169,918,0
6.3248705s,1.2400577s,6.1428665s,9161,918,0
6.0419482s,1.2870312s,6.4416846s,9166,918,0
6.7443069s,1.0545584s,5.7393259s,9168,918,0
6.6523808s,1.2932563s,5.8362512s,9170,918,0
5.6058581s,1.2027338s,0s,9179,918,0
5.8164584s,1.2610455s,0s,9172,918,0
5.8766246s,1.2142335s,0s,9174,918,0
7.118412s,1.2203991s,9.8614304s,9180,920,0
6.4441047s,1.0502582s,3.4235712s,9181,920,0
6.3493559s,1.0909518s,3.519786s,9187,920,0
6.6338879s,1.0170016s,10.3631673s,9175,920,0
6.4259536s,1.2637751s,10.5711016s,9173,920,0
5.9263941s,1.0945601s,11.0706611s,9178,920,0
5.860291s,1.0393664s,4.0206519s,9184,920,0
6.0639801s,1.0047342s,3.8204738s,9190,920,0
5.9655813s,1.2496463s,3.9239605s,9189,920,0
6.1717287s,1.1043951s,3.7229418s,9188,920,0
6.8892392s,1.4627017s,3.0194286s,9182,920,0
6.2710748s,1.0401843s,10.7690087s,9171,920,0
5.7020661s,1.0034574s,4.2252988s,9186,920,0
6.0076623s,1.0094697s,3.9268166s,9183,920,0
6.1946372s,1.0730998s,10.8738679s,9176,920,0
6.2987285s,1.4613872s,10.7723699s,9177,920,0
6.4308188s,1.237386s,3.523876s,9185,920,0
6.677865s,1.3855226s,1.8133396s,9204,922,0
5.6474354s,1.1074655s,9.8742783s,9195,922,0
5.3938317s,1.0275249s,3.1226736s,9209,922,0
6.0018819s,1.1853879s,2.5160416s,9202,922,0
5.9011378s,1.0088658s,2.6167857s,9210,922,0
6.5867363s,1.4777532s,8.9589183s,9198,922,0
6.083123s,1.1868637s,9.4625316s,9199,922,0
6.8948695s,1.262078s,8.6542539s,9193,922,0
6.3897568s,1.2813456s,9.1593666s,9200,922,0
6.3184359s,1.0957035s,2.2146889s,9208,922,0
6.797797s,1.4754641s,8.7588381s,9192,922,0
6.2204789s,1.3287149s,2.3169872s,9207,922,0
7.019169s,1.4373232s,8.5583727s,9197,922,0
6.4442887s,1.0462989s,2.114084s,9201,922,0
6.8551687s,1.2238115s,1.7118224s,9206,922,0
7.1655239s,1.4613294s,1.4128978s,9203,922,0
6.1320263s,1.0874251s,9.4673736s,9194,922,0
6.7418142s,1.4305848s,8.8575857s,9196,922,0
6.8747857s,1.1906405s,1.7117741s,9205,922,0
5.9467452s,1.0135383s,9.6589836s,9191,922,0
6.3395763s,1.2575448s,6.6406005s,9215,923,0
6.2409363s,1.258987s,6.7445561s,9212,923,0
6.647051s,1.1323944s,6.3469674s,9214,923,0
6.046377s,1.0897283s,6.9476414s,9211,923,0
6.4660549s,1.2822901s,6.5427058s,9219,923,0
6.162484s,1.0766886s,6.8462767s,9218,923,0
5.231701s,1.1971658s,1.1069794s,9221,923,0
6.6700803s,1.2679231s,6.3424945s,9217,923,0
6.3424945s,1.1833933s,0s,9230,923,0
6.2529351s,1.4362471s,101.0961ms,9223,923,0
6.0595695s,1.0937341s,301.554ms,9227,923,0
5.7689249s,1.0291089s,606.2392ms,9226,923,0
5.9727515s,1.282561s,402.995ms,9228,923,0
6.5153954s,1.4425487s,6.5431639s,9220,923,0
5.9162525s,1.4999655s,7.1423068s,9213,923,0
6.5239737s,1.4143459s,6.5416918s,9216,923,0
6.0985399s,1.063206s,303.1107ms,9225,923,0
6.5513625s,1.2028384s,0s,9222,923,0
6.9114818s,1.449859s,4.5282295s,9232,925,0
6.0116154s,1.1337612s,5.4337571s,9240,925,0
6.0152079s,1.3778125s,5.4336021s,9236,925,0
6.6253657s,1.1228675s,4.8234443s,9237,925,0
5.7310998s,1.425631s,5.739299s,9235,925,0
6.897302s,1.4768447s,11.4773291s,9224,925,0
6.2532966s,1.2195714s,5.232692s,9238,925,0
6.3673072s,1.1696518s,5.1327513s,9233,925,0
5.7631056s,1.4830996s,5.7369529s,9234,925,0
6.8366564s,1.419496s,11.5665773s,9229,925,0
5.4804958s,1.1337612s,6.0357812s,9239,925,0
6.6920452s,1.1816301s,4.8291915s,9231,925,0
6.5575253s,1.2809076s,4.5298175s,9251,927,0
6.2593459s,1.1027512s,4.8333222s,9257,927,0
6.4631047s,1.4496654s,4.6324564s,9253,927,0
5.9643046s,1.071557s,11.7797487s,9246,927,0
5.768128s,1.0893729s,5.3319138s,9258,927,0
5.574522s,1.2839874s,12.181337s,9247,927,0
6.783635s,1.3664203s,4.3304938s,9259,927,0
6.3880449s,1.138632s,4.7296665s,9254,927,0
6.2862392s,1.2995806s,11.4777027s,9248,927,0
5.8053226s,1.2586478s,5.3387292s,9256,927,0
6.2068299s,1.1765733s,11.5812334s,9242,927,0
6.4133804s,1.3406401s,4.731352s,9252,927,0
6.6133269s,1.4370692s,11.1833515s,9249,927,0
6.2381996s,1.1844305s,11.573919s,9241,927,0
5.4366769s,1.1337377s,12.3789503s,9243,927,0
6.6399057s,1.3738545s,4.53171s,9260,927,0
6.6440115s,1.2225099s,11.1716157s,9244,927,0
6.3499148s,1.0461173s,11.4781446s,9245,927,0
6.5544347s,1.0460534s,4.6296132s,9255,927,0
6.2535747s,1.1099745s,11.5744847s,9250,927,0
6.7344325s,1.3894778s,8.966005s,9262,929,0
5.544447s,1.1145917s,10.1657636s,9261,929,0
6.8588926s,1.102451s,8.8597791s,9263,929,0
6.4862628s,1.0507137s,2.316732s,9271,929,0
5.8585103s,1.4326241s,9.8683808s,9267,929,0
5.6527831s,1.0075315s,10.074108s,9266,929,0
6.0927842s,1.0718813s,2.7175597s,9275,929,0
6.1934098s,1.0483732s,2.6169341s,9276,929,0
6.1692843s,1.4204682s,9.5668735s,9270,929,0
6.2031703s,1.0729392s,2.6165994s,9280,929,0
6.6131964s,1.1786195s,2.2149492s,9277,929,0
5.6102488s,1.2317043s,3.2200106s,9273,929,0
6.3892616s,1.2128945s,9.364233s,9265,929,0
5.7280715s,1.0331651s,3.1193167s,9278,929,0
6.7378272s,1.2630941s,2.1120857s,9274,929,0
6.3055297s,1.400089s,9.4641816s,9269,929,0
6.2111798s,1.0041185s,9.5614691s,9268,929,0
6.8397995s,1.1634512s,2.013051s,9279,929,0
6.9197984s,1.4052467s,8.8559039s,9264,929,0
5.9363058s,1.0093328s,2.9195981s,9272,929,0
6.8103445s,1.2785489s,906.8523ms,9299,931,0
6.5109676s,1.4690838s,1.2099465s,9295,931,0
6.5153292s,1.1173444s,1.2100217s,9292,931,0
6.0568473s,1.2400017s,8.8611983s,9282,931,0
6.0294413s,1.0916733s,1.7122889s,9297,931,0
6.5382807s,1.2346872s,1.2061998s,9300,931,0
6.6774489s,1.2029333s,8.2585541s,9281,931,0
6.1767267s,1.0211176s,8.7592763s,9284,931,0
7.1847467s,1.2902268s,7.7512563s,9290,931,0
6.6457876s,1.0944996s,1.108101s,9298,931,0
6.1867161s,1.1909685s,8.7595686s,9286,931,0
5.3501426s,1.4185865s,2.414797s,9294,931,0
6.0983445s,1.3231132s,8.858542s,9288,931,0
6.4055161s,1.479747s,8.561807s,9287,931,0
6.3331485s,1.3927823s,8.6581621s,9283,931,0
6.1317743s,1.1067733s,8.8603361s,9289,931,0
5.7977993s,1.0783722s,2.012042s,9291,931,0
6.0996512s,1.3511357s,1.7101901s,9293,931,0
6.2036596s,1.0626442s,1.6107237s,9296,931,0
6.6460948s,1.4335669s,8.3564282s,9285,931,0
6.3753464s,1.1998692s,6.446218s,9307,932,0
6.576476s,1.3928764s,6.2450884s,9303,932,0
5.7911618s,1.1986738s,200.9286ms,9317,932,0
5.7754339s,1.0805392s,7.0492846s,9302,932,0
6.0881507s,1.469658s,6.7464765s,9301,932,0
6.1130721s,1.3056233s,6.746809s,9305,932,0
6.0201672s,1.1355285s,6.8512631s,9310,932,0
6.2279451s,1.1194527s,6.6448943s,9304,932,0
6.831506s,1.2033471s,6.0408289s,9308,932,0
5.3383744s,1.3913161s,704.3282ms,9311,932,0
6.2323397s,1.4164268s,6.6423734s,9306,932,0
6.6548266s,1.3617324s,6.2374218s,9309,932,0
5.5726465s,1.0740458s,503.4764ms,9318,932,0
6.1752917s,1.2786119s,0s,9319,932,0
6.2694619s,1.4626769s,0s,9316,932,0
6.3883333s,1.4600631s,0s,9320,932,0
6.4042357s,1.2677232s,0s,9315,932,0
6.8836178s,1.2667886s,12.5812311s,9313,934,0
6.1521949s,1.1707314s,301.8469ms,9334,934,0
6.0557755s,1.0648661s,401.1596ms,9332,934,0
5.8454246s,1.3105048s,6.7451743s,9327,934,0
6.3636847s,1.3871625s,100.7033ms,9331,934,0
5.8694918s,1.1754054s,6.7434058s,9321,934,0
5.9742746s,1.2544666s,504.9592ms,9333,934,0
6.4858645s,1.1856265s,0s,9335,934,0
6.8141913s,1.2524871s,12.6905279s,9312,934,0
6.3952044s,1.4396624s,100.3671ms,9337,934,0
6.0850739s,1.0522494s,6.5441614s,9325,934,0
5.990749s,1.2956065s,6.6467713s,9328,934,0
5.6910253s,1.0680975s,6.9484892s,9330,934,0
5.8926993s,1.0076063s,6.7468152s,9322,934,0
5.7991591s,1.4644983s,6.8418536s,9323,934,0
6.1106503s,1.1776973s,401.8322ms,9340,934,0
6.8470886s,1.2594542s,12.6845871s,9314,934,0
6.0061481s,1.2576313s,6.6419098s,9326,934,0
5.905269s,1.4965299s,6.7427889s,9324,934,0
5.6173549s,1.0304411s,905.9167ms,9338,934,0
6.0304292s,1.1186852s,503.7218ms,9336,934,0
6.1336638s,1.4037794s,6.5436316s,9329,934,0
7.2351084s,1.4977198s,11.1715611s,9339,936,0
6.0462111s,1.4208869s,5.1385617s,9345,936,0
6.8536162s,1.2453104s,4.3311566s,9346,936,0
6.260874s,1.2833045s,4.9361998s,9342,936,0
6.3651155s,1.3338976s,4.839008s,9350,936,0
7.0759081s,1.3724869s,4.1319675s,9343,936,0
6.685405s,1.4493923s,4.5302501s,9349,936,0
6.287092s,1.3598613s,4.9329479s,9341,936,0
6.8019255s,1.3525561s,4.4303205s,9344,936,0
6.5207652s,1.2963569s,4.7331461s,9348,936,0
6.4257747s,1.2329084s,4.8326421s,9347,936,0
6.0989009s,1.2645693s,2.3135886s,9366,938,0
6.8972051s,1.3853755s,8.7544385s,9360,938,0
6.2157295s,1.3388081s,2.2166813s,9363,938,0
6.2170125s,1.4799353s,2.2153983s,9367,938,0
5.9111865s,1.2208651s,9.7634157s,9356,938,0
6.4411401s,1.3328105s,2.0130714s,9362,938,0
6.5489577s,1.086376s,1.9123232s,9365,938,0
7.2272919s,1.4898615s,8.4612809s,9354,938,0
6.7519308s,1.2718004s,1.7116301s,9369,938,0
6.7317533s,1.4284033s,8.9590995s,9355,938,0
6.8564786s,1.1996928s,1.6103216s,9364,938,0
6.1385383s,1.00885s,9.5627402s,9357,938,0
6.4409383s,1.4736304s,9.2603402s,9351,938,0
6.4499602s,1.1894899s,9.2594235s,9352,938,0
6.5576186s,1.2107393s,9.157055s,9358,938,0
6.6768208s,1.2550578s,1.8105609s,9368,938,0
5.9562221s,1.3713388s,9.7669067s,9353,938,0
6.0822454s,1.3877697s,2.4172877s,9370,938,0
5.7698206s,1.3638212s,9.958515s,9359,938,0
6.2907164s,1.334961s,2.2130686s,9361,938,0
5.7264426s,1.1924882s,8.1573835s,9379,939,0
6.7942575s,1.4135811s,100.5413ms,9382,939,0
5.9425853s,1.2488578s,7.9551257s,9377,939,0
6.5118334s,1.1654729s,401.9576ms,9388,939,0
6.6573281s,1.0805148s,7.2516901s,9373,939,0
5.8112651s,1.0971514s,1.1068014s,9384,939,0
5.758553s,1.2837606s,8.1596721s,9378,939,0
6.9741183s,1.2014672s,6.9455669s,9372,939,0
6.5213364s,1.4795387s,403.1216ms,9390,939,0
6.9952272s,1.4836728s,6.9468964s,9374,939,0
6.9485216s,1.2705875s,0s,9389,939,0
5.5422294s,1.2572671s,1.409781s,9387,939,0
6.7578893s,1.3658605s,202.7601ms,9386,939,0
6.1109617s,1.0095909s,7.8512539s,9376,939,0
6.3229049s,1.4249444s,7.649757s,9371,939,0
6.2749432s,1.0015021s,704.3646ms,9385,939,0
6.8801603s,1.4626728s,100.6476ms,9383,939,0
6.5271917s,1.0057866s,7.4502864s,9380,939,0
6.427592s,1.3937706s,7.5498861s,9375,939,0
7.0909811s,1.4057306s,0s,9381,939,0
6.0965835s,1.1695259s,7.1466945s,9400,941,0
6.1133336s,1.1881997s,7.1496992s,9396,941,0
6.5160391s,1.0525199s,6.7469937s,9391,941,0
6.315488s,1.2496411s,6.9475448s,9399,941,0
6.0222226s,1.3920544s,7.2495118s,9393,941,0
6.4281204s,1.4886595s,6.8463169s,9394,941,0
6.3950176s,1.4019522s,0s,9402,941,0
6.0391374s,1.2124863s,7.2460174s,9392,941,0
6.249012s,1.2403326s,7.0435404s,9398,941,0
6.4159236s,1.4516197s,0s,9409,941,0
6.2271653s,1.4905692s,201.421ms,9407,941,0
5.8240114s,1.0375851s,606.7499ms,9408,941,0
5.8333103s,1.2511211s,605.1297ms,9401,941,0
6.8872769s,1.449535s,6.4423428s,9395,941,0
6.0856409s,1.1950609s,7.244488s,9397,941,0
6.4533129s,1.0327413s,0s,9410,941,0
6.4725311s,1.4023781s,0s,9404,941,0
6.5628593s,1.2126597s,0s,9405,941,0
6.6133855s,1.15996s,5.9405022s,9419,943,0
6.6206121s,1.2627004s,5.9367468s,9413,943,0
6.615269s,1.1547956s,5.9420899s,9411,943,0
7.2431994s,1.495762s,12.5853873s,9406,943,0
7.1515388s,1.4484522s,12.6824852s,9403,943,0
6.851828s,1.4520319s,5.7389966s,9412,943,0
5.9541319s,1.1889407s,6.6450412s,9416,943,0
6.0591302s,1.1663441s,6.5468073s,9417,943,0
6.5707477s,1.0481551s,6.0439018s,9418,943,0
6.4995654s,1.2353291s,6.1406078s,9415,943,0
6.3946038s,1.4256669s,6.2455694s,9414,943,0
6.5067177s,1.4495106s,6.1403564s,9420,943,0
5.8322032s,1.1762905s,0s,9426,943,0
5.8708537s,1.0167013s,0s,9429,943,0
5.9988523s,1.1703948s,0s,9422,943,0
6.5924491s,1.3759801s,5.3388626s,9434,945,0
6.8169494s,1.4919552s,11.9769052s,9427,945,0
6.4100419s,1.2805211s,12.3838127s,9423,945,0
6.4056454s,1.2245227s,5.5320298s,9437,945,0
6.3223197s,1.2902778s,5.6410311s,9439,945,0
6.1323412s,1.3534708s,5.833069s,9435,945,0
6.2449865s,1.2317454s,12.5829666s,9421,945,0
7.14072s,1.4178798s,4.8343668s,9436,945,0
6.8625429s,1.3787343s,11.9796648s,9430,945,0
6.4544687s,1.3226451s,5.540725s,9432,945,0
6.366735s,1.2630089s,5.6333597s,9438,945,0
7.1731246s,1.3778181s,4.8269701s,9433,945,0
6.2905914s,1.0770734s,12.5756716s,9428,945,0
6.2941949s,1.0586676s,12.5775846s,9424,945,0
6.1794136s,1.3305335s,5.8411659s,9440,945,0
6.5045392s,1.1142536s,12.381475s,9425,945,0
6.28489s,1.2759547s,5.7385813s,9431,945,0
6.0991054s,1.2003182s,3.4245815s,9453,947,0
6.6049018s,1.2354268s,2.9229324s,9460,947,0
5.5026074s,1.3399439s,4.0269778s,9457,947,0
6.1897993s,1.4852864s,10.2755153s,9443,947,0
6.004704s,1.2065034s,10.4723091s,9449,947,0
6.1068484s,1.0724468s,10.3735627s,9441,947,0
6.1256376s,1.2399533s,3.4231754s,9456,947,0
6.931288s,1.309059s,9.5645742s,9444,947,0
6.2464567s,1.4283106s,3.3199293s,9459,947,0
7.0502444s,1.264406s,2.5161416s,9452,947,0
6.4608517s,1.0317259s,3.1177266s,9451,947,0
6.7624206s,1.4165346s,2.8161577s,9454,947,0
6.548661s,1.1236837s,9.9678192s,9447,947,0
6.2516955s,1.2757066s,10.2684158s,9448,947,0
6.8851103s,1.3164958s,2.7164187s,9455,947,0
6.2665407s,1.2396773s,10.2665864s,9445,947,0
5.9725962s,1.2002701s,10.5643714s,9446,947,0
6.690544s,1.1317795s,2.9197112s,9458,947,0
6.3758548s,1.2079141s,10.1698295s,9442,947,0
6.0808536s,1.1595282s,10.4705071s,9450,947,0
6.4794489s,1.1417275s,906.0912ms,9471,949,0
6.5666703s,1.4971798s,7.6528082s,9468,949,0
6.7691835s,1.1586374s,7.4536689s,9462,949,0
6.5045752s,1.059497s,906.3322ms,9474,949,0
5.8043712s,1.0618537s,1.6087919s,9475,949,0
6.7121398s,1.469033s,703.9571ms,9472,949,0
5.6154993s,1.0359808s,1.8115781s,9479,949,0
6.4258478s,1.1127505s,1.005751s,9480,949,0
6.6983029s,1.3791726s,7.5473023s,9464,949,0
6.0272348s,1.1885791s,1.4096772s,9476,949,0
6.0349428s,1.1313537s,1.4087504s,9478,949,0
6.8071012s,1.4064176s,7.448537s,9466,949,0
6.2372006s,1.1459066s,1.2084725s,9477,949,0
6.5060799s,1.1410438s,7.7543844s,9461,949,0
6.811945s,1.1058048s,7.4530039s,9467,949,0
6.4100136s,1.073577s,7.8594219s,9470,949,0
6.1236697s,1.3947682s,8.1516786s,9465,949,0
6.9624191s,1.4974895s,503.5875ms,9473,949,0
6.227398s,1.2687267s,8.0529736s,9469,949,0
6.6389496s,1.3517785s,7.650635s,9463,949,0
5.9359296s,1.1326448s,7.0387531s,9482,950,0
6.9401329s,1.4073638s,6.0345498s,9485,950,0
6.2612868s,1.3514913s,6.7385891s,9483,950,0
5.608499s,1.2756139s,202.2713ms,9493,950,0
6.881908s,1.4744947s,6.1350605s,9484,950,0
6.3819165s,1.1014822s,6.6434042s,9486,950,0
6.8887685s,1.2415758s,6.1418953s,9481,950,0
7.1941678s,1.359777s,5.8382061s,9487,950,0
5.6424315s,1.127614s,201.521ms,9498,950,0
6.4069843s,1.1605095s,6.6445505s,9490,950,0
6.2145609s,1.4378807s,6.8380781s,9488,950,0
6.1127004s,1.2849167s,6.9399386s,9489,950,0
5.9706505s,1.0548085s,0s,9496,950,0
5.9813107s,1.4102409s,0s,9497,950,0
6.0201549s,1.258308s,0s,9491,950,0
6.1453643s,1.2835337s,0s,9492,950,0
6.2558936s,1.0744874s,0s,9494,950,0
6.7334459s,1.3513914s,5.5303439s,9505,952,0
6.3523666s,1.4807194s,12.5847653s,9499,952,0
7.0429371s,1.1190282s,5.2331381s,9510,952,0
6.541015s,1.2236934s,5.7350602s,9509,952,0
6.7429821s,1.4274895s,5.5330931s,9508,952,0
6.663031s,1.4725208s,12.282555s,9500,952,0
6.4761832s,1.4579197s,12.4811506s,9495,952,0
6.9555656s,1.2525248s,5.3382538s,9503,952,0
6.0729867s,1.1152558s,6.2384013s,9507,952,0
6.2798916s,1.1166439s,6.0362858s,9501,952,0
6.285126s,1.4554815s,6.0372263s,9504,952,0
5.4882044s,1.1986292s,6.8432213s,9506,952,0
6.2014035s,1.3058542s,6.1422024s,9502,952,0
5.637215s,1.4274987s,0s,9511,952,0
6.4147385s,1.3820328s,10.5685391s,9517,954,0
6.1145327s,1.0478781s,3.924959s,9526,954,0
5.9171222s,1.1844707s,4.1260343s,9528,954,0
6.7243393s,1.1970426s,10.2720879s,9518,954,0
6.6251869s,1.4702574s,3.4198529s,9523,954,0
6.7404519s,1.4099078s,10.26189s,9514,954,0
5.838875s,1.0287259s,4.2251643s,9521,954,0
6.9532707s,1.443041s,10.0640393s,9512,954,0
6.1443791s,1.3666673s,3.9229619s,9524,954,0
6.6643859s,1.2082918s,10.3595932s,9515,954,0
6.8568725s,1.3265135s,3.221823s,9527,954,0
6.3570014s,1.0673124s,3.7236031s,9529,954,0
6.1585048s,1.0595554s,3.9254155s,9530,954,0
6.3712888s,1.0430235s,10.6703195s,9513,954,0
6.1778379s,1.2478972s,3.9229492s,9522,954,0
6.1870719s,1.2023602s,10.8700617s,9520,954,0
5.9943978s,1.0217924s,4.1296084s,9525,954,0
5.9053786s,1.1705861s,11.1744265s,9519,954,0
6.3109326s,1.4844392s,10.7688725s,9516,954,0
6.9742833s,1.3808274s,704.5785ms,9542,956,0
6.6731078s,1.0636612s,1.005754s,9541,956,0
5.9697671s,1.2727653s,8.6614474s,9536,956,0
6.2709709s,1.1236373s,8.3602436s,9538,956,0
6.8749802s,1.4667461s,7.7562343s,9534,956,0
6.5109431s,1.0305394s,1.2078231s,9549,956,0
6.2107847s,1.0088358s,1.509954s,9544,956,0
5.8135065s,1.1732244s,1.9100477s,9550,956,0
6.7151746s,1.2496396s,7.9491111s,9531,956,0
6.2062473s,1.210294s,8.4580384s,9539,956,0
6.1148153s,1.158998s,8.5522181s,9533,956,0
5.8212595s,1.1675481s,1.9106281s,9547,956,0
6.32682s,1.3598406s,8.3546598s,9535,956,0
6.4293353s,1.4549115s,8.2612715s,9540,956,0
5.843191s,1.445416s,1.9103276s,9548,956,0
6.9370882s,1.430977s,7.7535186s,9537,956,0
5.9547823s,1.2513228s,1.8112931s,9545,956,0
5.9564987s,1.1250911s,1.8120032s,9543,956,0
6.6575345s,1.2509172s,8.0516638s,9532,956,0
5.7657977s,1.0332386s,2.0101377s,9546,956,0
6.7782642s,1.3849169s,100.1734ms,9569,957,0
5.9525111s,1.2906673s,7.5512262s,9555,957,0
5.9810615s,1.2428073s,905.2239ms,9567,957,0
6.0944521s,1.3357524s,804.3083ms,9563,957,0
6.4740043s,1.0487094s,7.0524503s,9560,957,0
6.3828655s,1.1198905s,7.1460105s,9552,957,0
6.485663s,1.0768109s,7.0506286s,9557,957,0
6.4156565s,1.4167974s,503.8652ms,9564,957,0
6.2983141s,1.107325s,7.258014s,9556,957,0
6.1014641s,1.2589686s,7.454864s,9554,957,0
6.8419613s,1.2568505s,101.0982ms,9565,957,0
6.0152816s,1.0733355s,7.5502273s,9558,957,0
6.6224494s,1.1385086s,6.9430595s,9553,957,0
6.5431891s,1.2690561s,402.814ms,9570,957,0
6.646137s,1.0370406s,303.5725ms,9562,957,0
6.2284959s,1.4808529s,7.3485812s,9551,957,0
6.1298679s,1.4213598s,7.4472092s,9559,957,0
6.3598414s,1.1627826s,603.8964ms,9561,957,0
6.6633076s,1.2993437s,302.0113ms,9566,957,0
7.0261017s,1.4729844s,0s,9568,957,0
5.8886618s,1.0460126s,6.8455691s,9573,959,0
6.5896847s,1.2735417s,6.1445462s,9580,959,0
6.8078985s,1.1190885s,5.9335789s,9578,959,0
5.9109115s,1.2790852s,6.8443493s,9579,959,0
6.6168947s,1.3848062s,6.1390057s,9574,959,0
5.6569407s,1.1659387s,302.3359ms,9583,959,0
5.4859425s,1.0204848s,503.3924ms,9590,959,0
6.5636798s,1.2648428s,6.2370024s,9572,959,0
6.766915s,1.3376823s,6.0371793s,9575,959,0
6.766915s,1.2769089s,6.0371793s,9577,959,0
6.166937s,1.0658219s,6.6419173s,9576,959,0
6.3787736s,1.057803s,6.4395209s,9571,959,0
6.2505956s,1.3785091s,0s,9586,959,0
6.3163116s,1.2974608s,0s,9584,959,0
6.332109s,1.1819821s,0s,9588,959,0
6.7354524s,1.3794731s,5.3320983s,9598,961,0
6.6298416s,1.1931902s,12.1788796s,9582,961,0
5.932022s,1.0995191s,6.144479s,9594,961,0
5.9390095s,1.0987315s,6.140837s,9600,961,0
6.7322202s,1.0431916s,12.0850395s,9581,961,0
6.7544154s,1.3695496s,5.3324093s,9591,961,0
6.7654177s,1.3129079s,5.3322961s,9593,961,0
6.1774543s,1.1345339s,5.9326094s,9595,961,0
6.4634871s,1.4545653s,12.3787968s,9589,961,0
6.1810587s,1.3734262s,5.9394003s,9592,961,0
6.9911612s,1.2235417s,5.1317011s,9597,961,0
6.6949033s,1.1148209s,5.4362997s,9596,961,0
6.598083s,1.1378631s,12.2718013s,9587,961,0
6.7079716s,1.3410588s,5.4318746s,9599,961,0
6.6017393s,1.4995918s,12.2794014s,9585,961,0
5.5206816s,1.4699328s,0s,9604,961,0
6.6644895s,1.4015676s,2.8197562s,9618,963,0
6.3640184s,1.0673353s,3.1220153s,9615,963,0
5.9721166s,1.1038717s,10.5657798s,9602,963,0
6.6706361s,1.2976258s,2.8179773s,9612,963,0
5.7692447s,1.0727937s,3.727048s,9617,963,0
6.1847636s,1.441303s,3.3238284s,9614,963,0
6.4924619s,1.1962999s,10.0687691s,9608,963,0
5.8138838s,1.0872279s,3.7257972s,9613,963,0
5.3177311s,1.4436828s,4.2275526s,9616,963,0
6.2240697s,1.0380407s,10.370497s,9606,963,0
6.2240697s,1.2877146s,10.370497s,9609,963,0
6.2235943s,1.0242763s,3.3255588s,9620,963,0
6.3263521s,1.2066885s,10.2735553s,9601,963,0
6.4340099s,1.25359s,10.1701262s,9603,963,0
7.049283s,1.2099149s,9.5623305s,9607,963,0
6.0463696s,1.3100504s,10.5652439s,9610,963,0
6.2470304s,1.4904116s,10.3645831s,9605,963,0
6.4413706s,1.1941103s,3.1266315s,9619,963,0
6.6514998s,1.1048152s,2.9223467s,9611,963,0
5.5989981s,1.0167521s,3.1220182s,9637,965,0
6.6453706s,1.3279609s,8.7531044s,9629,965,0
6.0118433s,1.0133234s,2.7169628s,9633,965,0
6.420433s,1.1528479s,2.3146464s,9638,965,0
6.6543991s,1.2296377s,8.758139s,9627,965,0
6.4220589s,1.0574776s,2.31588s,9639,965,0
6.2619814s,1.3540147s,9.1579697s,9630,965,0
5.5282291s,1.194832s,3.2229924s,9635,965,0
6.6768578s,1.3540147s,8.7577468s,9621,965,0
6.0728509s,1.2785276s,9.3617537s,9624,965,0
5.5372797s,1.2674104s,3.2198662s,9640,965,0
6.8529165s,1.0574776s,1.9142775s,9636,965,0
6.8620372s,1.2817013s,1.9129905s,9634,965,0
5.8907426s,1.0755084s,9.5655913s,9622,965,0
6.1980718s,1.3447035s,9.2582621s,9628,965,0
5.964281s,1.1257456s,2.8207712s,9632,965,0
6.0025598s,1.3472542s,9.4599511s,9626,965,0
6.5083386s,1.2721215s,8.9577796s,9623,965,0
6.8978213s,1.4450264s,1.9122223s,9631,965,0
6.5289981s,1.3633822s,8.961553s,9625,965,0
6.629593s,1.4265197s,301.4353ms,9654,966,0
6.2286765s,1.1143352s,7.4553141s,9641,966,0
6.5321098s,1.0062389s,401.8429ms,9653,966,0
6.7529547s,1.3014951s,6.9469701s,9650,966,0
6.4454959s,1.4057881s,503.2735ms,9655,966,0
6.9517019s,1.4875381s,0s,9657,966,0
5.9466492s,1.2975743s,7.7634635s,9645,966,0
6.0620596s,1.2730832s,7.6480531s,9647,966,0
5.6512597s,1.158254s,8.058853s,9649,966,0
6.1678303s,1.3332802s,7.5490639s,9644,966,0
6.1625974s,1.0689615s,804.1873ms,9651,966,0
6.3720456s,1.127924s,7.3537211s,9648,966,0
5.7754997s,1.4683967s,7.9574028s,9642,966,0
6.2771303s,1.1318779s,704.8528ms,9656,966,0
6.8951077s,1.4778538s,100.5455ms,9658,966,0
6.695742s,1.3832977s,7.0532575s,9643,966,0
6.4067102s,1.0819246s,7.3472835s,9646,966,0
6.218564s,1.0298886s,803.0543ms,9660,966,0
6.2220174s,1.1454601s,804.8713ms,9652,966,0
7.0519861s,1.1994473s,0s,9659,966,0
6.1439182s,1.2517935s,6.0388164s,9663,968,0
6.6516394s,1.051467s,5.5378831s,9670,968,0
6.5616531s,1.1689137s,5.6365098s,9667,968,0
6.4746829s,1.2135648s,5.7415263s,9669,968,0
5.9719044s,1.3862314s,6.2460453s,9664,968,0
5.9719044s,1.1838155s,6.2460453s,9668,968,0
6.4865343s,1.2567528s,5.7382423s,9665,968,0
6.5895697s,1.4845364s,5.6385694s,9666,968,0
6.7144034s,1.4779058s,5.5365106s,9661,968,0
5.9285202s,1.1697159s,6.3447111s,9662,968,0
5.8053204s,1.2633476s,0s,9676,968,0
5.8466421s,1.170469s,0s,9677,968,0
5.9458615s,1.1387172s,0s,9673,968,0
6.0979202s,1.3948936s,11.4783498s,9679,970,0
6.91242s,1.4226713s,3.7212713s,9684,970,0
6.1285997s,1.117827s,11.4747765s,9680,970,0
6.3223031s,1.4285347s,4.325071s,9686,970,0
6.1335753s,1.3934602s,11.4738734s,9674,970,0
6.8418868s,1.3100228s,10.7721803s,9678,970,0
7.242642s,1.4758451s,3.4229464s,9690,970,0
6.9582182s,1.4006489s,10.6711629s,9671,970,0
6.3480038s,1.2830425s,4.3339737s,9689,970,0
6.2517435s,1.4241885s,4.430234s,9688,970,0
7.0629372s,1.1430912s,3.6225485s,9687,970,0
5.9583584s,1.0495148s,4.732037s,9682,970,0
6.5884973s,1.1887718s,11.0726781s,9675,970,0
6.4836209s,1.3718833s,4.2250813s,9681,970,0
6.1802775s,1.3477695s,4.5284247s,9683,970,0
6.3975437s,1.1827507s,11.2739245s,9672,970,0
6.4887741s,1.2856158s,4.2279555s,9685,970,0
5.9398123s,1.4745779s,3.6259076s,9701,972,0
6.7779518s,1.4759048s,9.5657199s,9693,972,0
6.4406631s,1.150522s,3.1250568s,9705,972,0
6.1694323s,1.1455074s,10.1742394s,9694,972,0
6.5549106s,1.1975596s,3.0197477s,9710,972,0
6.396296s,1.3050945s,9.9631157s,9697,972,0
5.7598801s,1.3195824s,3.8236166s,9706,972,0
5.6949814s,1.1673092s,10.668435s,9691,972,0
5.4941988s,1.2025304s,10.8692176s,9699,972,0
6.7049516s,1.1241139s,9.6686306s,9695,972,0
6.5831669s,1.1107208s,3.0207212s,9708,972,0
5.5253211s,1.1241139s,10.8740714s,9700,972,0
6.302937s,1.3498833s,3.3207971s,9703,972,0
5.4020397s,1.2398882s,4.2256849s,9709,972,0
5.8429895s,1.0351387s,10.5722397s,9692,972,0
5.9455677s,1.2086146s,10.4696615s,9698,972,0
6.6314369s,1.4636674s,3.0202491s,9707,972,0
6.6364558s,1.057668s,3.0185657s,9702,972,0
6.6716316s,1.4814873s,9.7671148s,9696,972,0
5.7330303s,1.0204723s,3.9277643s,9704,972,0
5.8984073s,1.0727774s,1.7112787s,9721,974,0
7.0054273s,1.1649354s,604.2587ms,9724,974,0
6.5329786s,1.2391347s,7.9537558s,9718,974,0
6.4378502s,1.1140509s,8.0515783s,9712,974,0
6.8118491s,1.2526772s,804.8805ms,9726,974,0
6.6165976s,1.1941934s,1.0054948s,9725,974,0
6.8267836s,1.441924s,804.3303ms,9728,974,0
5.8477603s,1.0167238s,8.6584829s,9716,974,0
6.7290697s,1.2549886s,907.3676ms,9722,974,0
6.1603582s,1.3086224s,8.3593811s,9714,974,0
6.0645133s,1.3639566s,8.4599364s,9715,974,0
6.8751293s,1.4950917s,7.6528674s,9713,974,0
5.9806354s,1.3845898s,8.5537967s,9719,974,0
5.6625671s,1.2398808s,2.0123147s,9727,974,0
6.0673786s,1.3921817s,1.6118963s,9729,974,0
6.6022106s,1.2803099s,7.9538065s,9711,974,0
6.4838659s,1.0564348s,1.208461s,9723,974,0
5.7150709s,1.0765135s,8.8561437s,9720,974,0
6.3860494s,1.3612491s,1.3100359s,9730,974,0
6.008077s,1.132664s,8.5631376s,9717,974,0
6.1608145s,1.3336009s,8.0527503s,9734,976,0
6.2642543s,1.1959304s,7.9562407s,9736,976,0
5.9641607s,1.0543325s,1.2075158s,9743,976,0
6.8724843s,1.156537s,302.1169ms,9741,976,0
6.2754553s,1.2744639s,7.9567994s,9739,976,0
6.3804746s,1.1978623s,7.8517801s,9735,976,0
6.7865909s,1.3382543s,402.3956ms,9744,976,0
6.0903914s,1.4729489s,8.1510518s,9732,976,0
6.492035s,1.3625808s,7.7494082s,9731,976,0
6.4972725s,1.1774061s,7.7520519s,9738,976,0
6.6040138s,1.0628496s,602.412ms,9748,976,0
6.9049894s,1.3066613s,301.4364ms,9746,976,0
6.3066689s,1.2866295s,905.8221ms,9750,976,0
6.7136299s,1.4847305s,502.8043ms,9742,976,0
6.3129211s,1.2094544s,7.9556789s,9740,976,0
7.0329116s,1.4124056s,201.561ms,9745,976,0
5.4214211s,1.0180861s,1.8130515s,9747,976,0
6.7406093s,1.3100375s,503.8492ms,9749,976,0
6.0421502s,1.0480697s,8.2561228s,9737,976,0
7.0484107s,1.2811948s,7.2498623s,9733,976,0
6.6517786s,1.4336496s,6.6487989s,9754,977,0
6.4608541s,1.3845264s,6.8449315s,9758,977,0
7.0716533s,1.3814959s,6.2423553s,9755,977,0
5.8683482s,1.3985718s,7.4484311s,9753,977,0
6.0123032s,1.2452388s,100.3797ms,9769,977,0
6.5885208s,1.1411005s,6.7406543s,9759,977,0
6.0181763s,1.4716849s,100.7885ms,9766,977,0
6.4007519s,1.2946976s,6.9463198s,9757,977,0
6.0990208s,1.3744605s,7.2480509s,9760,977,0
7.216082s,1.4174373s,6.137657s,9756,977,0
6.2119103s,1.0441158s,7.1480852s,9752,977,0
6.8153191s,1.4515968s,6.5446764s,9751,977,0
6.2154836s,1.0628745s,0s,9762,977,0
6.4030207s,1.303737s,0s,9765,977,0
6.5581221s,1.1934398s,0s,9768,977,0
6.4220775s,1.4237955s,6.2346325s,9775,979,0
6.850031s,1.4813084s,12.7870741s,9764,979,0
6.6519603s,1.2034366s,12.9931449s,9767,979,0
5.6301036s,1.0473091s,7.0479151s,9780,979,0
6.236183s,1.0948116s,6.4456639s,9774,979,0
6.9670865s,1.4695679s,12.6933276s,9763,979,0
6.6832655s,1.4946785s,12.9861162s,9770,979,0
6.661557s,1.1475178s,6.0457843s,9778,979,0
6.0638676s,1.3344926s,6.6454081s,9776,979,0
6.588204s,1.3753081s,13.0881582s,9761,979,0
5.8680882s,1.115312s,6.8480514s,9772,979,0
6.3771058s,1.4990918s,6.3390338s,9777,979,0
6.0910513s,1.3996076s,6.6465625s,9773,979,0
6.4031304s,1.324396s,6.3386698s,9771,979,0
6.5039224s,1.1102351s,6.2378778s,9779,979,0
6.087993s,1.4380634s,0s,9790,979,0
6.2286323s,1.471355s,0s,9784,979,0
6.258816s,1.2235541s,0s,9788,979,0
6.3671618s,1.3305427s,0s,9783,979,0
6.1320056s,1.2743682s,5.0338793s,9796,981,0
7.0395953s,1.4845131s,4.1296519s,9792,981,0
6.4403667s,1.4556293s,4.7327155s,9797,981,0
6.4422633s,1.3297485s,4.7328888s,9795,981,0
6.9448926s,1.3714297s,11.1786497s,9782,981,0
5.9477976s,1.1055128s,5.2358888s,9794,981,0
6.6534015s,1.3633372s,11.4779354s,9781,981,0
6.5583587s,1.3714297s,11.5758048s,9786,981,0
5.1487859s,1.1174326s,6.040485s,9800,981,0
6.6635739s,1.2564182s,11.476308s,9789,981,0
6.5791129s,1.1974143s,11.5797236s,9785,981,0
6.0765959s,1.4075325s,5.137348s,9798,981,0
6.7850165s,1.362639s,4.4321221s,9791,981,0
6.6888401s,1.3919258s,11.4756888s,9787,981,0
6.4997869s,1.4228106s,4.732289s,9793,981,0
6.1979851s,1.1531675s,5.039089s,9799,981,0
5.9914679s,1.2925169s,3.8203371s,9819,983,0
5.7899112s,1.2163271s,4.0235662s,9815,983,0
6.5548572s,1.115699s,9.9639376s,9802,983,0
6.3534949s,1.2017546s,10.1652999s,9806,983,0
6.4528138s,1.17142s,10.065981s,9809,983,0
5.7664194s,1.0556784s,10.7705668s,9803,983,0
6.3211546s,1.3014966s,3.5219915s,9818,983,0
6.4807235s,1.2520766s,10.0661687s,9807,983,0
5.9213118s,1.4680114s,3.9292996s,9817,983,0
6.5292266s,1.26148s,3.3223215s,9816,983,0
6.1858689s,1.3260219s,10.3655002s,9810,983,0
5.9785153s,1.3477228s,10.5728538s,9805,983,0
6.0387255s,1.1614425s,3.8245128s,9811,983,0
6.6962808s,1.4668641s,9.8632383s,9808,983,0
6.3389652s,1.1993027s,3.5242731s,9812,983,0
6.3528108s,1.3176516s,3.5215541s,9820,983,0
6.2110258s,1.216507s,10.3707861s,9804,983,0
6.3644946s,1.0196229s,3.5225981s,9813,983,0
6.2673083s,1.3119161s,3.6235533s,9814,983,0
6.2228617s,1.1665378s,10.3674672s,9801,983,0
6.5637977s,1.1793441s,9.3593421s,9821,985,0
6.0318755s,1.105264s,2.9179405s,9836,985,0
6.2635234s,1.1199496s,9.6596164s,9822,985,0
6.5456504s,1.2593159s,2.4139814s,9840,985,0
6.9733238s,1.4536316s,8.9596318s,9826,985,0
6.6699827s,1.3563071s,9.2635188s,9824,985,0
6.8762396s,1.151442s,9.0654277s,9828,985,0
5.951864s,1.0344424s,3.0203954s,9835,985,0
6.086514s,1.1035797s,9.8625639s,9827,985,0
6.290251s,1.0127746s,9.6644063s,9830,985,0
6.7738435s,1.3976563s,2.2128621s,9839,985,0
6.2976275s,1.2068604s,9.6624019s,9825,985,0
6.0985278s,1.1108595s,9.8615016s,9829,985,0
5.8755018s,1.02251s,3.1202716s,9831,985,0
6.8950224s,1.3846603s,2.1123364s,9834,985,0
5.9920345s,1.0144235s,3.0216777s,9837,985,0
6.6987231s,1.38254s,2.3181377s,9833,985,0
6.6054377s,1.0044406s,2.4150637s,9832,985,0
6.3058466s,1.4973772s,2.7178189s,9838,985,0
6.5392864s,1.0978214s,9.4643052s,9823,985,0
6.6237846s,1.0103382s,1.4098332s,9853,987,0
6.4857947s,1.3856272s,8.3589546s,9847,987,0
6.8010523s,1.2623889s,8.0511971s,9844,987,0
6.4388244s,1.174864s,1.6117346s,9859,987,0
6.8064772s,1.1464723s,8.0534081s,9841,987,0
6.2500983s,1.1575521s,1.812458s,9857,987,0
5.8154683s,1.1636042s,9.0589903s,9845,987,0
6.4698048s,1.4264427s,1.6122952s,9851,987,0
6.4734432s,1.2404884s,1.6132557s,9856,987,0
6.5423017s,1.1810255s,8.3582699s,9842,987,0
5.7402185s,1.1513892s,9.1630967s,9846,987,0
6.4886267s,1.2471567s,1.6105833s,9854,987,0
6.4534777s,1.1570107s,8.4549171s,9849,987,0
6.3933523s,1.4242021s,1.7125479s,9858,987,0
6.3997759s,1.292471s,1.7133419s,9860,987,0
7.3100934s,1.4112956s,805.126ms,9852,987,0
6.6770995s,1.0847985s,8.2509786s,9850,987,0
6.0738884s,1.2364904s,8.8609526s,9848,987,0
6.1749294s,1.4939437s,8.7599116s,9843,987,0
5.8138879s,1.2070763s,2.3151814s,9855,987,0
6.3740424s,1.1437561s,5.933569s,9866,988,0
6.3828862s,1.4226941s,5.9430207s,9865,988,0
5.8838983s,1.4868874s,6.4437557s,9864,988,0
6.3045353s,1.0522049s,6.0418965s,9870,988,0
7.1080503s,1.2955071s,5.2383815s,9861,988,0
6.9122217s,1.3834683s,5.443067s,9867,988,0
5.834017s,1.2585237s,6.5441955s,9868,988,0
6.339577s,1.0634356s,6.0417213s,9862,988,0
5.9387789s,1.1024258s,6.4470846s,9863,988,0
5.9440418s,1.305887s,6.4418217s,9869,988,0
5.5292652s,1.1871957s,0s,9876,988,0
5.651467s,1.438471s,0s,9872,988,0
5.8960394s,1.4804742s,10.6734819s,9877,990,0
5.391824s,1.0073155s,4.3263985s,9890,990,0
5.7105475s,1.3721233s,10.8696106s,9880,990,0
6.1154924s,1.1055371s,3.6227052s,9885,990,0
6.0193648s,1.1082772s,3.7232273s,9889,990,0
6.5249886s,1.3346768s,3.2221169s,9883,990,0
6.2254457s,1.0660748s,3.5242776s,9884,990,0
6.5296597s,1.4827125s,3.2214396s,9881,990,0
5.9405065s,1.3344751s,10.6725284s,9871,990,0
6.8351399s,1.3524236s,2.9159594s,9887,990,0
6.8619356s,1.2966861s,9.7630569s,9879,990,0
6.7481625s,1.0265731s,3.0183684s,9888,990,0
5.7579197s,1.2143399s,10.8797509s,9873,990,0
6.2642493s,1.2236175s,10.3749679s,9874,990,0
6.1789813s,1.331191s,10.4671666s,9875,990,0
5.8887561s,1.2973984s,10.7687296s,9878,990,0
6.1771618s,1.2737182s,3.6223076s,9882,990,0
6.9813152s,1.3796668s,2.8181542s,9886,990,0
6.4622737s,1.1100683s,9.5638805s,9897,992,0
6.4707013s,1.2733806s,9.5596281s,9899,992,0
6.4385875s,1.2045495s,2.6205007s,9901,992,0
6.9751307s,1.0354829s,9.0616929s,9891,992,0
7.1507541s,1.2290204s,1.9132746s,9909,992,0
6.1490659s,1.2400691s,2.9201957s,9905,992,0
6.5792841s,1.4069928s,9.4697017s,9900,992,0
6.3886128s,1.0812673s,9.6625263s,9892,992,0
6.500561s,1.3358751s,9.5660583s,9895,992,0
5.6751857s,1.0994319s,3.4211197s,9908,992,0
6.2802568s,1.3955905s,2.8184922s,9907,992,0
5.8173303s,1.0670431s,10.2579601s,9893,992,0
6.4862653s,1.4189218s,2.6138944s,9904,992,0
6.9025851s,1.4624418s,2.2150127s,9910,992,0
6.6329985s,1.0724694s,9.4630691s,9894,992,0
7.0068855s,1.3942569s,2.1140514s,9903,992,0
6.2059399s,1.3298416s,2.9179801s,9902,992,0
6.7192795s,1.0513544s,2.4171148s,9906,992,0
6.0477262s,1.1798358s,10.0671833s,9896,992,0
6.4542687s,1.3068252s,9.6652285s,9898,992,0
6.5539502s,1.2707105s,7.8467984s,9915,994,0
5.84958s,1.0357196s,8.5511686s,9914,994,0
6.5415672s,1.2575071s,1.3080444s,9930,994,0
7.0553118s,1.3436291s,805.9559ms,9929,994,0
5.6704753s,1.0887938s,8.7543322s,9917,994,0
6.1671832s,1.2366012s,1.7117378s,9923,994,0
6.2833229s,1.200678s,8.1495483s,9918,994,0
5.8697259s,1.0904728s,2.0128437s,9925,994,0
6.3755239s,1.2565685s,1.5107712s,9928,994,0
5.8744138s,1.2836992s,2.0141337s,9922,994,0
6.0942959s,1.2630911s,8.3513335s,9919,994,0
6.2952147s,1.14932s,8.1504147s,9920,994,0
6.3005197s,1.1286054s,8.1522854s,9911,994,0
6.510171s,1.3755579s,7.9517313s,9912,994,0
6.2000308s,1.2972981s,1.7124492s,9921,994,0
5.6968301s,1.151407s,2.2156499s,9927,994,0
6.0014236s,1.0493552s,1.9129778s,9924,994,0
6.3286669s,1.4213482s,8.1490107s,9913,994,0
6.5187196s,1.3844603s,1.4086755s,9926,994,0
6.1382187s,1.200678s,8.345776s,9916,994,0
6.0679688s,1.0928329s,6.1395663s,9936,995,0
6.8743657s,1.0215619s,5.3331694s,9938,995,0
6.1887761s,1.2106201s,6.0388827s,9940,995,0
6.1227811s,1.4695053s,6.1387442s,9939,995,0
6.7312472s,1.145379s,5.5347367s,9933,995,0
5.8269345s,1.1853921s,6.4390494s,9937,995,0
5.6264095s,1.152907s,6.6427433s,9931,995,0
6.4344357s,1.3067015s,5.8401544s,9935,995,0
6.544581s,1.4631574s,5.7382199s,9934,995,0
5.9481943s,1.4653778s,6.3417967s,9932,995,0
5.8009862s,1.0044488s,0s,9946,995,0
6.3511775s,1.3056954s,11.1725713s,9943,997,0
6.2582832s,1.4857092s,11.2719371s,9941,997,0
6.5590502s,1.48484s,10.9711701s,9944,997,0
5.7909739s,1.2473125s,5.0332542s,9960,997,0
5.7949033s,1.2298444s,5.0355547s,9952,997,0
6.6635003s,1.4993556s,10.8749011s,9947,997,0
6.1036347s,1.454006s,4.7322813s,9955,997,0
6.5115262s,1.4882937s,4.3260897s,9957,997,0
5.7116623s,1.0556726s,5.1358028s,9951,997,0
5.9914252s,1.2746281s,11.5763659s,9945,997,0
6.9402202s,1.2342842s,3.9244281s,9956,997,0
6.7049896s,1.0897963s,10.8684433s,9949,997,0
6.7461705s,1.4084853s,4.1225947s,9954,997,0
6.7066882s,1.4476315s,10.8751824s,9950,997,0
6.7079434s,1.2670606s,10.8739272s,9948,997,0
5.9484939s,1.2070754s,4.9327511s,9953,997,0
6.6165352s,1.3405279s,10.976648s,9942,997,0
6.5650352s,1.3895714s,4.3246708s,9958,997,0
6.3696433s,1.4434521s,4.5285095s,9959,997,0
6.1479555s,1.1243636s,2.012898s,9980,999,0
6.6627229s,1.4716478s,8.5603158s,9968,999,0
6.4647099s,1.3464216s,8.7613963s,9962,999,0
5.959456s,1.0535144s,9.2666502s,9967,999,0
6.475557s,1.1583506s,8.760366s,9965,999,0
5.6798287s,1.1406721s,9.5646244s,9969,999,0
6.2890328s,1.4597846s,8.9618419s,9970,999,0
6.4895643s,1.1917895s,1.7120149s,9971,999,0
6.5003885s,1.0595646s,8.7637601s,9964,999,0
6.9088059s,1.4785231s,8.3588034s,9966,999,0
6.7033756s,1.1108944s,1.5091153s,9979,999,0
6.2179833s,1.2773132s,9.057205s,9961,999,0
6.206593s,1.3798787s,2.0104234s,9977,999,0
6.3123806s,1.1128533s,1.9145872s,9973,999,0
6.525634s,1.3308s,1.7107703s,9978,999,0
6.4320799s,1.4039982s,1.8115913s,9976,999,0
7.0379476s,1.4374711s,1.2079857s,9975,999,0
6.2382538s,1.3587025s,2.0114694s,9974,999,0
6.5407853s,1.0283748s,1.7114607s,9972,999,0
7.0577191s,1.4574559s,8.2545902s,9963,999,0
6.5798018s,1.0685247s,8.0498551s,9983,1001,0
6.442327s,1.0256905s,1.2078275s,9998,1001,0
6.9852401s,1.2837124s,7.6536991s,9988,1001,0
6.7870404s,1.2695311s,7.8518988s,9981,1001,0
6.4497226s,1.1187107s,1.2072826s,9991,1001,0
6.2661151s,1.4562593s,1.4105523s,9997,1001,0
6.9144892s,1.1564605s,7.7520801s,9984,1001,0
6.2745346s,1.1255713s,1.4105657s,9996,1001,0
6.4135768s,1.4010388s,8.2591586s,9982,1001,0
6.886078s,1.457729s,805.4536ms,10000,1001,0
6.431211s,1.139383s,8.2532575s,9990,1001,0
5.8266225s,1.2326427s,8.867756s,9986,1001,0
6.3032801s,1.2479079s,1.4100098s,9994,1001,0
6.9458668s,1.1855861s,7.7526632s,9989,1001,0
6.7125283s,1.4898114s,1.0064317s,9993,1001,0
6.221768s,1.3834965s,1.5101913s,9992,1001,0
6.0229327s,1.2237692s,1.7116853s,9999,1001,0
6.2629182s,1.1676086s,8.4569399s,9985,1001,0
6.0303396s,1.0675898s,1.7121568s,9995,1001,0
6.7741826s,1.4675018s,7.9531687s,9987,1001,0
6.4390562s,1.0746093s,6.6478006s,10001,1002,0
6.1533891s,1.1566603s,6.9431602s,10003,1002,0
6.5621183s,1.2987187s,6.5421454s,10008,1002,0
5.8099206s,1.0443495s,100.2469ms,10015,1002,0
6.6723444s,1.0347457s,6.4363068s,10002,1002,0
5.9739598s,1.2404964s,7.1412349s,10005,1002,0
6.6885217s,1.3586398s,6.4414563s,10007,1002,0
7.1958597s,1.2127836s,5.9359402s,10009,1002,0
6.7200225s,1.4695126s,6.4432538s,10010,1002,0
6.4242597s,1.1269454s,6.7390166s,10006,1002,0
6.9332491s,1.3012371s,6.2393811s,10004,1002,0
6.0481185s,1.2999099s,0s,10012,1002,0
6.0781688s,1.2534983s,0s,10019,1002,0
6.2494761s,1.0185763s,0s,10011,1002,0
6.0547117s,1.0226464s,4.8239885s,10024,1004,0
5.6532889s,1.2403122s,5.2275224s,10028,1004,0
6.5244483s,1.2924565s,11.0618821s,10016,1004,0
6.633094s,1.1826462s,10.9596871s,10018,1004,0
6.0658614s,1.1005041s,4.8231174s,10021,1004,0
6.9725602s,1.3263406s,3.9164186s,10026,1004,0
6.1736845s,1.406226s,4.7229064s,10027,1004,0
5.875827s,1.0642376s,5.0285825s,10025,1004,0
6.6521979s,1.2039985s,10.9577307s,10013,1004,0
6.3978982s,1.153292s,4.5241364s,10029,1004,0
5.8985761s,1.102537s,5.0238192s,10030,1004,0
5.9156017s,1.2754799s,5.0252602s,10022,1004,0
6.527714s,1.1764351s,4.4207667s,10023,1004,0
6.4949957s,1.3274711s,11.160715s,10014,1004,0
6.7051812s,1.4984698s,10.9589173s,10017,1004,0
6.514733s,1.2097106s,11.1613592s,10020,1004,0
6.5590541s,1.3869152s,10.359112s,10040,1006,0
6.3059276s,1.4944551s,3.5211929s,10045,1006,0
6.4162015s,1.1313189s,3.4151022s,10044,1006,0
5.8719936s,1.2859156s,11.062954s,10033,1006,0
6.380487s,1.0233642s,10.5544606s,10038,1006,0
6.5910178s,1.3353895s,10.3596382s,10039,1006,0
6.5982258s,1.2825619s,10.3550618s,10034,1006,0
6.3325256s,1.1419084s,3.5171181s,10042,1006,0
6.1918653s,1.2066967s,10.7614223s,10036,1006,0
6.3357796s,1.1095722s,3.5175961s,10047,1006,0
6.4361749s,1.4614351s,3.4172008s,10049,1006,0
6.0369531s,1.0637076s,3.8212618s,10050,1006,0
7.1036439s,1.3972656s,9.8582149s,10032,1006,0
6.7561569s,1.4704522s,3.1190974s,10043,1006,0
6.9409813s,1.0563909s,10.055949s,10031,1006,0
6.5484354s,1.0557662s,10.4553286s,10037,1006,0
6.0842201s,1.4276005s,3.8186014s,10046,1006,0
5.5848958s,1.0993575s,4.3242471s,10048,1006,0
5.7877935s,1.1313189s,4.122889s,10041,1006,0
5.8537596s,1.1754312s,11.1648654s,10035,1006,0
5.98094s,1.0884126s,8.8585863s,10056,1008,0
6.2742084s,1.4046793s,1.7100809s,10067,1008,0
6.1893652s,1.4384827s,8.6555621s,10055,1008,0
7.0819737s,1.463453s,905.949ms,10066,1008,0
6.8969677s,1.3044147s,1.1073349s,10064,1008,0
6.1099477s,1.1220432s,8.7561762s,10058,1008,0
6.5156738s,1.1774385s,8.3513295s,10054,1008,0
6.6067251s,1.49794s,1.4061384s,10063,1008,0
6.1048433s,1.1318409s,1.9123363s,10061,1008,0
6.4238284s,1.2546026s,8.4534866s,10057,1008,0
5.811593s,1.2289744s,2.2112905s,10069,1008,0
6.0347362s,1.1447834s,8.8475313s,10059,1008,0
6.2246312s,1.2734779s,1.8084122s,10070,1008,0
6.1268016s,1.3931883s,1.9090135s,10065,1008,0
6.529675s,1.325246s,1.5105438s,10068,1008,0
6.1528168s,1.1693356s,8.7509511s,10053,1008,0
6.6359284s,1.1005724s,1.4084555s,10062,1008,0
6.248274s,1.0736862s,8.6580594s,10052,1008,0
6.859384s,1.0644166s,8.0483057s,10060,1008,0
6.473692s,1.4635261s,8.451156s,10051,1008,0
6.3178789s,1.2395504s,7.9436789s,10073,1010,0
5.7854396s,1.2657778s,1.5077911s,10090,1010,0
5.789098s,1.1637534s,1.5132909s,10086,1010,0
6.1007648s,1.4656005s,1.2084087s,10085,1010,0
6.2447443s,1.4558599s,8.0483434s,10075,1010,0
6.7204703s,1.0934222s,604.0875ms,10084,1010,0
6.3624891s,1.3515963s,7.9458959s,10071,1010,0
6.3624891s,1.4932148s,7.9462992s,10078,1010,0
5.8262244s,1.4816336s,1.5121792s,10082,1010,0
6.3330721s,1.1487765s,1.0087858s,10081,1010,0
6.1346857s,1.155734s,1.2071722s,10089,1010,0
6.9753519s,1.3587341s,7.3418579s,10072,1010,0
5.7333397s,1.3085667s,1.6085182s,10087,1010,0
6.1808988s,1.3964037s,8.1469849s,10077,1010,0
5.3724532s,1.0826898s,8.9554305s,10074,1010,0
6.5903268s,1.0771701s,7.7482965s,10076,1010,0
6.6610579s,1.207327s,703.02ms,10083,1010,0
6.1680049s,1.2693076s,1.2077356s,10088,1010,0
5.5019321s,1.1816192s,8.8530689s,10080,1010,0
6.3039671s,1.2687783s,8.0510339s,10079,1010,0
5.8622254s,1.071983s,6.6446111s,10092,1011,0
6.1708883s,1.2647241s,6.3381447s,10094,1011,0
6.5803141s,1.3828851s,5.9382624s,10096,1011,0
5.6879042s,1.2865501s,6.8448811s,10097,1011,0
5.9934302s,1.2797524s,6.5422927s,10093,1011,0
6.3118411s,1.090764s,6.236799s,10098,1011,0
6.6167066s,1.1565744s,5.9382422s,10099,1011,0
6.6264551s,1.2575766s,5.9383172s,10100,1011,0
5.5031416s,1.0294411s,302.6374ms,10105,1011,0
6.0414891s,1.0628361s,6.5484505s,10095,1011,0
6.7643663s,1.4409891s,5.8342314s,10091,1011,0
5.536742s,1.092366s,300.9441ms,10101,1011,0
5.9618674s,1.1440724s,0s,10102,1011,0
6.0778931s,1.378424s,0s,10108,1011,0
6.71646s,1.1475907s,3.6224174s,10114,1013,0
5.9120338s,1.3726802s,4.4295927s,10115,1013,0
6.4169315s,1.48581s,3.924695s,10119,1013,0
6.2136283s,1.1683956s,4.1279982s,10120,1013,0
6.5229308s,1.0739644s,3.8233477s,10118,1013,0
6.8509291s,1.2513895s,10.3670906s,10104,1013,0
6.5548574s,1.4995892s,10.6690816s,10106,1013,0
6.1518574s,1.0321072s,4.2282531s,10112,1013,0
6.6801666s,1.3566181s,10.5667053s,10107,1013,0
6.5719631s,1.3407375s,10.6749088s,10103,1013,0
6.3849889s,1.3756662s,10.8694126s,10110,1013,0
6.1855619s,1.4554744s,4.2260888s,10116,1013,0
6.7894285s,1.4462872s,3.6253249s,10117,1013,0
6.3059939s,1.2954984s,10.9663476s,10109,1013,0
6.5025991s,1.0909137s,3.9226522s,10113,1013,0
5.6042541s,1.1063061s,4.8260994s,10111,1013,0
6.9279126s,1.3814686s,8.9564524s,10130,1015,0
6.6284398s,1.4822162s,9.2601132s,10122,1015,0
6.499136s,1.3624876s,2.4165776s,10132,1015,0
6.6055034s,1.4293104s,2.3141895s,10138,1015,0
5.3288302s,1.1493105s,10.5769238s,10127,1015,0
5.737638s,1.0346379s,10.168116s,10121,1015,0
6.9263959s,1.3196388s,2.0148073s,10133,1015,0
6.8603011s,1.444662s,9.0577883s,10128,1015,0
5.7564692s,1.4253664s,10.164752s,10125,1015,0
6.7404929s,1.1304975s,2.2121829s,10140,1015,0
5.8643628s,1.2377047s,10.0661186s,10124,1015,0
6.9728394s,1.0510969s,8.957642s,10126,1015,0
6.4734058s,1.4138415s,9.4602584s,10129,1015,0
5.8446958s,1.1816225s,3.1189676s,10136,1015,0
6.7744777s,1.3604695s,2.2104408s,10139,1015,0
6.4721818s,1.3153654s,2.5127367s,10131,1015,0
6.7744777s,1.2025408s,2.2104408s,10135,1015,0
6.5768311s,1.4936876s,2.4137696s,10137,1015,0
5.8764021s,1.316736s,3.1181074s,10134,1015,0
6.2078561s,1.4557738s,9.7637498s,10123,1015,0
5.874847s,1.2585043s,904.3948ms,10154,1016,0
6.4893545s,1.0052675s,301.4494ms,10157,1016,0
6.0912447s,1.4513436s,702.5307ms,10159,1016,0
6.2140532s,1.1425883s,7.5504773s,10144,1016,0
6.2994028s,1.1287795s,501.4501ms,10153,1016,0
5.7976264s,1.3064631s,1.0067732s,10160,1016,0
6.3195803s,1.2315644s,7.4502331s,10145,1016,0
6.918976s,1.1267948s,6.8508374s,10150,1016,0
6.7098276s,1.4376752s,100.3411ms,10158,1016,0
6.5301413s,1.1215399s,7.2470763s,10141,1016,0
5.9367692s,1.4381741s,7.847835s,10148,1016,0
6.3171052s,1.021769s,502.0852ms,10151,1016,0
6.9654138s,1.3029203s,6.841598s,10146,1016,0
5.5574178s,1.1504671s,8.249594s,10143,1016,0
6.041772s,1.3247242s,807.1205ms,10155,1016,0
6.4448193s,1.3913584s,404.0732ms,10156,1016,0
5.868609s,1.1560972s,7.9470685s,10142,1016,0
6.6793705s,1.4765317s,7.1456365s,10149,1016,0
6.4841501s,1.2715477s,7.3455529s,10147,1016,0
7.0068754s,1.419509s,0s,10152,1016,0
6.9875091s,1.4441207s,4.635108s,10164,1018,0
6.8965672s,1.3997119s,4.7327713s,10169,1018,0
6.0988913s,1.0586764s,5.5351406s,10168,1018,0
6.4072519s,1.4525461s,5.2389255s,10167,1018,0
6.4253104s,1.3695434s,5.2337462s,10170,1018,0
6.6293777s,1.4299156s,5.0296789s,10162,1018,0
6.9492889s,1.2354839s,4.7301039s,10165,1018,0
5.9507506s,1.2036454s,5.7409476s,10163,1018,0
6.2641745s,1.1342869s,5.4403053s,10166,1018,0
6.4690974s,1.0929416s,5.2378166s,10161,1018,0
7.2260866s,1.4966001s,3.9203211s,10186,1020,0
5.6817669s,1.1865687s,12.3702083s,10173,1020,0
6.5844004s,1.1529839s,11.4675748s,10171,1020,0
6.0028779s,1.2067965s,12.0718743s,10177,1020,0
5.9394692s,1.3729205s,5.2297155s,10185,1020,0
6.9055675s,1.3935425s,11.1691847s,10176,1020,0
6.2379187s,1.094826s,4.9315789s,10183,1020,0
6.8999548s,1.1374293s,11.1751103s,10180,1020,0
6.1460042s,1.3279242s,5.0291388s,10184,1020,0
5.7507691s,1.1655324s,5.4305761s,10188,1020,0
6.4154868s,1.2486257s,11.6767578s,10175,1020,0
6.2563589s,1.3315976s,4.9303182s,10181,1020,0
6.617181s,1.3875758s,11.4750636s,10172,1020,0
6.2312305s,1.2814866s,11.8771979s,10179,1020,0
6.0737985s,1.1385824s,5.1314996s,10187,1020,0
6.5487534s,1.2262739s,11.5776977s,10178,1020,0
5.8889306s,1.2356511s,5.3389835s,10190,1020,0
6.5543388s,1.2945082s,11.5818944s,10174,1020,0
6.8027339s,1.0436574s,4.4286839s,10182,1020,0
6.3052869s,1.0406059s,4.9319172s,10189,1020,0
6.4879261s,1.0648032s,2.4152045s,10207,1022,0
6.4916684s,1.460793s,2.4143981s,10206,1022,0
6.2538317s,1.4767752s,9.2608853s,10199,1022,0
6.4611188s,1.3398603s,9.0535982s,10193,1022,0
6.4109072s,1.2705469s,2.5150937s,10209,1022,0
5.7642741s,1.2555168s,9.7691025s,10198,1022,0
6.2233646s,1.4236858s,2.7162201s,10204,1022,0
6.2768767s,1.2428176s,9.2612108s,10196,1022,0
6.5787066s,1.2771397s,8.9593809s,10191,1022,0
6.5937919s,1.3437493s,8.9545116s,10200,1022,0
5.7416053s,1.3536632s,3.2197667s,10210,1022,0
6.4473982s,1.2398292s,2.5170613s,10202,1022,0
6.4521541s,1.279523s,2.5146124s,10208,1022,0
6.654597s,1.4764644s,2.3151994s,10201,1022,0
6.5601992s,1.2509955s,2.4125095s,10205,1022,0
5.8215861s,1.0098283s,9.7620309s,10195,1022,0
6.1197379s,1.2198417s,9.4638791s,10192,1022,0
5.9176255s,1.1494898s,9.6659915s,10197,1022,0
6.0292905s,1.1425366s,9.5577129s,10194,1022,0
6.6801965s,1.3165716s,2.313015s,10203,1022,0
6.6144722s,1.0478018s,7.3489779s,10213,1024,0
6.9009526s,1.3387804s,301.893ms,10224,1024,0
6.1006969s,1.4967553s,1.1062346s,10227,1024,0
6.5087314s,1.3096488s,703.69ms,10222,1024,0
6.6081534s,1.3727267s,604.268ms,10230,1024,0
5.5316667s,1.1200567s,8.4529191s,10211,1024,0
6.5329761s,1.1773934s,7.4516097s,10212,1024,0
6.0199025s,1.3178553s,1.2069065s,10226,1024,0
6.8245299s,1.3750807s,403.3072ms,10228,1024,0
5.4346367s,1.203606s,8.5610571s,10215,1024,0
6.7560771s,1.4560361s,7.2462989s,10214,1024,0
6.7614774s,1.4496721s,7.2482121s,10217,1024,0
6.4620717s,1.1531926s,7.5500516s,10218,1024,0
6.6499897s,1.0465127s,603.0862ms,10223,1024,0
6.6744452s,1.1344003s,7.3498467s,10220,1024,0
6.5814139s,1.4360577s,7.448777s,10216,1024,0
6.162349s,1.2789856s,1.1063645s,10221,1024,0
6.7669531s,1.3146562s,502.8165ms,10229,1024,0
6.2821575s,1.3785217s,7.753974s,10219,1024,0
6.495377s,1.4504781s,805.7041ms,10225,1024,0
5.9412432s,1.3431043s,805.4076ms,10250,1025,0
6.5081615s,1.1257709s,6.8493917s,10238,1025,0
6.0156223s,1.1815986s,7.3520881s,10236,1025,0
6.5303571s,1.4236783s,6.8428341s,10237,1025,0
6.1325342s,1.0205638s,7.2445224s,10231,1025,0
6.1433257s,1.4198696s,7.2354887s,10239,1025,0
5.7322073s,1.2104448s,7.6466071s,10233,1025,0
6.4743464s,1.1093207s,301.6125ms,10247,1025,0
6.4775823s,1.2426028s,301.2632ms,10243,1025,0
5.9764636s,1.0368786s,803.9705ms,10244,1025,0
6.7879186s,1.4857426s,0s,10248,1025,0
6.1852532s,1.1377668s,604.5555ms,10245,1026,0
6.0477966s,1.4517187s,7.3536665s,10240,1026,0
5.7007329s,1.3123491s,1.1091543s,10242,1026,0
6.7103702s,1.2877945s,100.5814ms,10249,1026,0
6.2141921s,1.2483207s,603.8685ms,10246,1026,0
5.9267142s,1.2838025s,906.0467ms,10241,1026,0
5.6908343s,1.2145892s,7.7528669s,10234,1026,0
6.3033442s,1.1754869s,7.1421963s,10232,1026,0
6.6081468s,1.3363704s,6.8438782s,10235,1026,0
6.3568832s,1.056813s,5.1344765s,10257,1027,0
5.7696651s,1.1981117s,5.7349105s,10254,1027,0
6.0785001s,1.1891788s,5.4303702s,10253,1027,0
6.6838619s,1.2625695s,4.8338192s,10255,1027,0
5.8865304s,1.0985173s,5.6365161s,10260,1027,0
6.7889108s,1.232593s,4.7341357s,10259,1027,0
6.802103s,1.2227878s,4.7299855s,10252,1027,0
6.1996909s,1.2537726s,5.3389498s,10256,1027,0
6.7407408s,1.4380164s,4.8290493s,10258,1027,0
5.5332821s,1.2207597s,6.0439451s,10251,1027,0
6.312236s,1.2184743s,4.130366s,10273,1029,0
6.3237715s,1.4149666s,4.121958s,10278,1029,0
5.7196048s,1.0206218s,4.7261247s,10274,1029,0
6.838031s,1.3976501s,10.570952s,10265,1029,0
6.3396672s,1.2895349s,11.0737701s,10267,1029,0
6.6400551s,1.1977669s,3.824185s,10272,1029,0
6.9515206s,1.2254333s,10.4686921s,10269,1029,0
6.7564165s,1.2642236s,3.724347s,10275,1029,0
6.965106s,1.4545524s,3.5192581s,10276,1029,0
6.7765573s,1.4366436s,3.721935s,10271,1029,0
6.7817592s,1.4768317s,10.6728278s,10261,1029,0
6.4831685s,1.3056247s,4.0277831s,10279,1029,0
5.7897506s,1.1884458s,11.6786351s,10270,1029,0
6.5911124s,1.1468296s,10.8772733s,10263,1029,0
5.7934881s,1.0304661s,11.6753385s,10268,1029,0
6.7950364s,1.2875959s,3.7245546s,10277,1029,0
6.1917698s,1.153548s,4.3278212s,10280,1029,0
6.9083661s,1.2747765s,10.5701752s,10264,1029,0
6.2048563s,1.3928304s,11.2792592s,10262,1029,0
5.6020997s,1.1226816s,11.8820158s,10266,1029,0
6.5086172s,1.2948857s,2.3173752s,10300,1031,0
6.1084778s,1.2299312s,2.7207523s,10299,1031,0
6.6319769s,1.1816198s,2.2136712s,10296,1031,0
6.3333846s,1.0468959s,2.5169465s,10297,1031,0
6.7546212s,1.3486106s,8.959683s,10286,1031,0
6.8605397s,1.4656632s,8.8567082s,10283,1031,0
6.159111s,1.109645s,9.5581369s,10289,1031,0
5.5401274s,1.3460404s,3.3211831s,10291,1031,0
5.662679s,1.0409886s,10.0654869s,10290,1031,0
6.5694228s,1.3443894s,9.1587431s,10281,1031,0
6.2744968s,1.4104253s,9.4654162s,10287,1031,0
6.7635763s,1.199024s,2.115797s,10292,1031,0
6.2741973s,1.3777949s,2.6184241s,10295,1031,0
5.8745905s,1.0535556s,3.0210482s,10298,1031,0
6.2924555s,1.0176301s,9.4637229s,10282,1031,0
6.482574s,1.1048598s,2.4154695s,10293,1031,0
6.704135s,1.4801285s,9.0636169s,10285,1031,0
5.8004669s,1.2335392s,9.967285s,10284,1031,0
6.1028347s,1.1256208s,9.6649172s,10288,1031,0
6.5986356s,1.1279507s,2.3153831s,10294,1031,0
6.3403643s,1.2328145s,2.5168349s,10314,1033,0
6.702983s,1.4631324s,8.8607682s,10310,1033,0
5.7042348s,1.1589736s,9.863984s,10309,1033,0
6.4596035s,1.1413186s,2.4159831s,10319,1033,0
6.260406s,1.0305883s,2.6207458s,10316,1033,0
6.4753708s,1.3253301s,2.4135364s,10317,1033,0
6.3850793s,1.0008685s,2.5150796s,10312,1033,0
6.2476892s,1.1954725s,9.3590078s,10308,1033,0
6.5881095s,1.3980398s,2.3151232s,10311,1033,0
5.9473987s,1.4946269s,9.6628037s,10303,1033,0
6.2508524s,1.4982113s,9.3669543s,10307,1033,0
6.0019017s,1.0177707s,2.9185453s,10318,1033,0
6.6701038s,1.1801233s,8.961s,10305,1033,0
5.9660031s,1.4897035s,9.6651007s,10301,1033,0
6.374517s,1.2470914s,9.2602337s,10306,1033,0
5.6774489s,1.1171067s,9.9629272s,10304,1033,0
6.8245467s,1.4107782s,2.1128014s,10320,1033,0
6.2877258s,1.0584175s,9.3568262s,10302,1033,0
6.6292614s,1.315846s,2.3161872s,10315,1033,0
6.6343781s,1.1818151s,2.3121671s,10313,1033,0
6.6937382s,1.4936491s,8.4642527s,10324,1035,0
6.3921781s,1.4916761s,8.7658128s,10330,1035,0
5.3802486s,1.0490811s,9.7777423s,10323,1035,0
6.2015618s,1.0543029s,8.9642503s,10326,1035,0
6.5090541s,1.4097673s,8.656758s,10329,1035,0
6.1087784s,1.031001s,9.0582234s,10322,1035,0
6.3172168s,1.16214s,8.8584209s,10321,1035,0
6.0084093s,1.2053824s,2.3165227s,10336,1035,0
6.8311807s,1.4773858s,1.5099341s,10340,1035,0
6.8567255s,1.3463804s,8.3498777s,10328,1035,0
6.5403775s,1.2956628s,1.8126664s,10338,1035,0
6.0411075s,1.1071564s,2.314968s,10339,1035,0
6.7474937s,1.3393445s,1.6109632s,10333,1035,0
6.4471615s,1.4365341s,1.9112954s,10335,1035,0
6.9555417s,1.3971329s,1.4086408s,10337,1035,0
5.9485794s,1.0054398s,2.4194745s,10331,1035,0
7.2636681s,1.4377748s,1.1070677s,10332,1035,0
5.5651542s,1.0173509s,2.8208327s,10334,1035,0
6.2753199s,1.0972509s,8.9673925s,10325,1035,0
5.8821401s,1.4326561s,9.3643991s,10327,1035,0
6.5269405s,1.2813353s,7.6477693s,10347,1037,0
6.199217s,1.1247678s,905.5369ms,10353,1037,0
6.5454025s,1.0400661s,7.6541182s,10341,1037,0
6.8210931s,1.4496371s,302.2067ms,10358,1037,0
6.0463611s,1.1762425s,8.1531596s,10342,1037,0
6.9570983s,1.3985357s,7.2475058s,10345,1037,0
6.5570593s,1.2438804s,7.6545566s,10348,1037,0
6.0301568s,1.3439125s,1.1062414s,10355,1037,0
7.0762209s,1.4809463s,7.1465418s,10344,1037,0
5.742607s,1.1052687s,1.4094097s,10352,1037,0
6.8801572s,1.4346118s,7.3553485s,10343,1037,0
5.9827s,1.0386757s,8.2550005s,10346,1037,0
6.4601733s,1.391668s,705.7305ms,10357,1037,0
6.466548s,1.0141473s,704.1103ms,10360,1037,0
5.4928738s,1.0734656s,8.7582109s,10350,1037,0
6.4731005s,1.0555693s,704.1748ms,10351,1037,0
6.384561s,1.427259s,803.7649ms,10354,1037,0
6.384561s,1.3784583s,803.7649ms,10359,1037,0
6.5900449s,1.2151387s,603.437ms,10356,1037,0
5.6125727s,1.1034942s,8.6592516s,10349,1037,0
6.2766782s,1.3243035s,6.4457188s,10365,1038,0
6.1973455s,1.0370484s,6.5486962s,10362,1038,0
5.9241645s,1.2547002s,0s,10380,1038,0
6.322751s,1.4916625s,6.4362983s,10363,1038,0
6.8264449s,1.3953257s,5.945814s,10364,1038,0
5.4517521s,1.0845289s,503.4225ms,10372,1038,0
6.4388352s,1.1106926s,6.3445705s,10370,1038,0
6.2442707s,1.3822141s,6.5425459s,10366,1038,0
6.3415116s,1.0883281s,6.445305s,10368,1038,0
5.8431051s,1.0524051s,6.9490777s,10369,1038,0
5.5649508s,1.1657139s,402.2663ms,10373,1038,0
6.1640855s,1.3787741s,6.643409s,10367,1038,0
6.773435s,1.1895271s,6.042272s,10361,1038,0
6.015264s,1.0485672s,0s,10376,1038,0
6.162947s,1.4226871s,0s,10375,1038,0
6.3533054s,1.0195531s,0s,10378,1038,0
6.3887707s,1.0051619s,0s,10371,1038,0
6.2106991s,1.0627497s,4.7288445s,10387,1040,0
6.1155284s,1.18447s,4.8280789s,10385,1040,0
6.6871896s,1.0473795s,11.1757125s,10374,1040,0
6.6325869s,1.4502729s,4.3282756s,10390,1040,0
6.9080296s,1.4328308s,10.9756711s,10377,1040,0
6.6104139s,1.3845326s,11.2732868s,10379,1040,0
6.353587s,1.1291184s,4.6291371s,10388,1040,0
6.5677382s,1.4275863s,4.4272683s,10389,1040,0
6.2710799s,1.4990375s,4.7278284s,10383,1040,0
6.4842591s,1.3349443s,4.5295395s,10386,1040,0
6.4967377s,1.2576308s,4.5280772s,10381,1040,0
6.2947883s,1.2004473s,4.7300266s,10382,1040,0
6.4984977s,1.3845163s,4.5293121s,10384,1040,0
7.0284843s,1.3075478s,2.5162653s,10403,1042,0
6.3261783s,1.4740765s,3.2224799s,10410,1042,0
6.426902s,1.3944048s,3.1217562s,10401,1042,0
7.1856515s,1.3941367s,9.5611035s,10394,1042,0
6.3598332s,1.085531s,3.2195487s,10402,1042,0
6.1043955s,1.1593351s,10.6666386s,10400,1042,0
5.7034348s,1.0988298s,11.0690374s,10393,1042,0
5.7626562s,1.0947593s,3.8241645s,10408,1042,0
6.0034884s,1.1674462s,10.7689838s,10392,1042,0
6.7120007s,1.4630771s,10.0648388s,10391,1042,0
6.3101043s,1.0343348s,10.4712073s,10397,1042,0
6.8169002s,1.461031s,9.9644114s,10396,1042,0
6.6800351s,1.2608996s,2.9203411s,10409,1042,0
6.6837001s,1.4773583s,2.9184571s,10406,1042,0
6.5291041s,1.3917676s,10.265819s,10399,1042,0
5.3220621s,1.0006212s,11.472861s,10398,1042,0
6.1933082s,1.1296995s,3.4229088s,10407,1042,0
6.5019457s,1.0778706s,3.1194288s,10404,1042,0
7.0480099s,1.3117619s,9.7627768s,10395,1042,0
7.1125169s,1.3723616s,2.5170158s,10405,1042,0
6.578637s,1.1146583s,2.0119335s,10425,1044,0
6.5839836s,1.3847861s,2.0115736s,10428,1044,0
5.9220833s,1.0885555s,9.6634436s,10420,1044,0
6.2361217s,1.3940097s,9.3646106s,10418,1044,0
5.9341895s,1.1159208s,9.6665428s,10417,1044,0
6.34712s,1.1191676s,9.2617646s,10416,1044,0
6.2472347s,1.1294598s,9.3671205s,10414,1044,0
5.6527773s,1.3547587s,9.9615779s,10411,1044,0
5.9663968s,1.2138929s,9.6546075s,10419,1044,0
6.5257128s,1.0118051s,2.1133573s,10430,1044,0
6.9284957s,1.4095049s,1.7105744s,10422,1044,0
6.5292528s,1.0035399s,2.1132663s,10423,1044,0
6.68285s,1.4018755s,8.9539473s,10413,1044,0
6.3821388s,1.430364s,9.2546585s,10415,1044,0
6.9863372s,1.2979738s,8.6573891s,10412,1044,0
7.0463436s,1.4650931s,1.6110455s,10424,1044,0
5.843235s,1.2586492s,2.8177671s,10426,1044,0
6.1609671s,1.2930129s,2.515349s,10427,1044,0
6.5699551s,1.1527742s,2.1116249s,10429,1044,0
6.1729323s,1.0668741s,2.5151835s,10421,1044,0
5.9000948s,1.1188679s,8.3592062s,10440,1046,0
6.3054641s,1.1536223s,7.9560119s,10436,1046,0
6.2297509s,1.4407332s,1.3092288s,10443,1046,0
6.7244292s,1.1576527s,7.5522221s,10439,1046,0
6.4513165s,1.4132431s,1.1063676s,10449,1046,0
6.3512054s,1.0486729s,1.2068991s,10444,1046,0
5.7492974s,1.0725489s,1.8115255s,10448,1046,0
6.1441166s,1.0198469s,8.1541222s,10432,1046,0
6.3463442s,1.0680827s,7.9538587s,10434,1046,0
6.1691452s,1.3729109s,1.4099833s,10450,1046,0
6.4523s,1.2308712s,7.8537941s,10433,1046,0
5.9728839s,1.1341313s,1.6118792s,10441,1046,0
6.0756811s,1.0235197s,1.5120617s,10445,1046,0
6.7826733s,1.0947586s,806.3047ms,10442,1046,0
6.3610693s,1.033531s,7.9547783s,10431,1046,0
5.6652846s,1.3473191s,8.6607821s,10437,1046,0
6.0810032s,1.3587491s,8.2593508s,10438,1046,0
5.8067508s,1.0316027s,1.8114692s,10447,1046,0
6.4093581s,1.3776584s,1.2088619s,10446,1046,0
5.9986114s,1.2049513s,8.3458334s,10435,1046,0
6.6835831s,1.258598s,5.8373744s,10459,1047,0
5.4991507s,1.0575532s,302.4328ms,10470,1047,0
6.5950365s,1.3685651s,5.9343629s,10460,1047,0
5.5895148s,1.1076718s,6.9433721s,10458,1047,0
6.2954319s,1.4075639s,6.237455s,10456,1047,0
6.3963675s,1.442561s,6.1433247s,10452,1047,0
6.0098698s,1.2138256s,6.5413225s,10451,1047,0
6.3111084s,1.0263353s,6.2400839s,10453,1047,0
6.0158051s,1.0437288s,6.5403623s,10454,1047,0
6.7207274s,1.15544s,5.83544s,10457,1047,0
6.1300668s,1.2087964s,6.4473458s,10455,1047,0
6.0093378s,1.1365158s,0s,10464,1047,0
6.1120118s,1.3195139s,0s,10469,1047,0
6.1641629s,1.2294839s,0s,10462,1047,0
6.5217731s,1.0628455s,12.0814213s,10463,1049,0
5.8085074s,1.4947142s,5.9426847s,10472,1049,0
6.5410093s,1.3646795s,12.0794058s,10466,1049,0
5.9163432s,1.0976998s,5.8366504s,10480,1049,0
6.6356173s,1.3831166s,5.1285684s,10471,1049,0
6.8674215s,1.2520056s,11.7739733s,10468,1049,0
6.5638599s,1.3665553s,12.0775349s,10467,1049,0
7.1545872s,1.3936988s,4.6289222s,10476,1049,0
6.6567634s,1.046583s,5.1306608s,10473,1049,0
7.0581932s,1.4277347s,4.729231s,10475,1049,0
6.4715228s,1.0956835s,5.3286786s,10479,1049,0
6.2704446s,1.0848629s,5.5320464s,10474,1049,0
6.7046281s,1.197573s,11.9794385s,10461,1049,0
6.6048423s,1.3849762s,12.0822181s,10465,1049,0
6.6939935s,1.4416669s,5.1315918s,10477,1049,0
5.8903847s,1.0817573s,5.9406222s,10478,1049,0
5.8936347s,1.2356646s,4.1287397s,10494,1051,0
6.5158647s,1.0861773s,3.5200203s,10493,1051,0
6.2204183s,1.4577617s,10.5698308s,10488,1051,0
6.3142455s,1.2864683s,3.7216395s,10491,1051,0
5.7204791s,1.1470348s,4.3266499s,10499,1051,0
6.8296319s,1.3728742s,3.2191992s,10496,1051,0
6.2333818s,1.3157346s,10.5770976s,10486,1051,0
6.3411564s,1.0268892s,10.4743528s,10487,1051,0
6.7538962s,1.1016149s,10.0662286s,10482,1051,0
5.8440097s,1.2025547s,10.9761151s,10489,1051,0
6.0494053s,1.0693412s,10.7707195s,10481,1051,0
5.9429884s,1.0288706s,4.1263909s,10497,1051,0
6.4634914s,1.4674297s,10.3631891s,10484,1051,0
6.8543405s,1.3483609s,3.2210892s,10498,1051,0
6.466911s,1.3136598s,10.365274s,10490,1051,0
6.8646114s,1.351937s,3.2200168s,10495,1051,0
6.1651556s,1.2508985s,3.9238936s,10500,1051,0
6.169717s,1.2405615s,10.6736963s,10485,1051,0
5.7676912s,1.0236574s,4.3266017s,10492,1051,0
5.889695s,1.1125177s,10.980834s,10483,1051,0
5.9126161s,1.408982s,10.5738872s,10504,1053,0
6.7227758s,1.2304903s,9.7637275s,10510,1053,0
7.0513997s,1.2721013s,2.7170581s,10520,1053,0
6.3659733s,1.4236534s,3.422181s,10515,1053,0
5.9512664s,1.0725171s,10.5678119s,10509,1053,0
6.1869337s,1.3955767s,3.6227662s,10517,1053,0
6.1685896s,1.4657188s,10.3638861s,10503,1053,0
6.5685374s,1.2686994s,9.965206s,10508,1053,0
6.3722465s,1.3186811s,10.1680199s,10505,1053,0
6.2988153s,1.2316091s,3.5252245s,10512,1053,0
5.8025257s,1.1969329s,4.0314512s,10519,1053,0
6.4127769s,1.0986363s,3.4230074s,10513,1053,0
6.0173061s,1.1718012s,3.8229606s,10514,1053,0
6.5011803s,1.0600008s,10.0663157s,10501,1053,0
6.1209207s,1.2069017s,3.7237995s,10511,1053,0
7.0304142s,1.3365142s,2.8156741s,10518,1053,0
5.8028623s,1.2496004s,10.7760667s,10507,1053,0
6.4340123s,1.0148795s,3.4221409s,10516,1053,0
5.6083427s,1.0833509s,10.9705863s,10502,1053,0
6.0085991s,1.2971963s,10.5703299s,10506,1053,0
6.0403193s,1.042486s,9.2605134s,10528,1055,0
5.2904486s,1.3126734s,3.3182581s,10532,1055,0
6.0481415s,1.0191205s,9.2648169s,10530,1055,0
6.7063059s,1.3426214s,1.9130736s,10537,1055,0
6.5595376s,1.0247797s,8.7615243s,10521,1055,0
6.2112219s,1.303163s,2.4146893s,10535,1055,0
5.9568536s,1.0555318s,9.3642083s,10527,1055,0
6.7154085s,1.4116457s,1.9153611s,10540,1055,0
6.4822094s,1.0389677s,8.8553451s,10523,1055,0
6.1355044s,1.0983031s,2.5158197s,10539,1055,0
5.7898415s,1.2520557s,9.5673848s,10526,1055,0
6.6948057s,1.0191205s,8.6624206s,10525,1055,0
5.5472787s,1.1083595s,3.1214502s,10534,1055,0
6.0608524s,1.1083595s,2.6161482s,10538,1055,0
5.1546414s,1.0442743s,3.5260448s,10533,1055,0
6.1650799s,1.1251578s,2.5170109s,10531,1055,0
6.3223257s,1.0325538s,9.0579393s,10529,1055,0
6.4262856s,1.4261506s,8.9574489s,10524,1055,0
6.5346641s,1.1449175s,8.855028s,10522,1055,0
6.4809493s,1.1974976s,2.2135921s,10536,1055,0
6.4715936s,1.2911115s,7.2547272s,10541,1056,0
6.4826785s,1.480173s,7.2468309s,10543,1056,0
5.8557988s,1.0387372s,1.0063819s,10560,1056,0
6.5871175s,1.2000168s,7.1456608s,10544,1056,0
6.3882263s,1.178474s,7.3508856s,10549,1056,0
6.2876822s,1.0267401s,7.4514297s,10548,1056,0
5.7765757s,1.2430564s,1.1092077s,10552,1056,0
5.8939203s,1.2312611s,1.0048825s,10554,1056,0
6.1078161s,1.4363624s,803.8042ms,10559,1056,0
6.5131902s,1.4906246s,402.5534ms,10556,1056,0
5.5123372s,1.2445844s,1.4057984s,10553,1056,0
6.8514091s,1.4155252s,6.9425617s,10547,1056,0
5.8550005s,1.031564s,7.9534519s,10542,1056,0
6.740359s,1.4039474s,201.1322ms,10558,1056,0
6.1382836s,1.3794806s,804.6144ms,10551,1056,0
6.1599008s,1.0995803s,7.6560647s,10550,1056,0
5.5558609s,1.1386131s,8.2601046s,10545,1056,0
6.8690752s,1.1393966s,6.9468903s,10546,1056,0
6.9692264s,1.050478s,0s,10557,1056,0
7.2619396s,1.3745869s,0s,10555,1056,0
5.6912482s,1.010067s,7.4552868s,10564,1058,0
6.2152792s,1.11475s,6.9458331s,10570,1058,0
6.2184646s,1.1489273s,6.9426477s,10562,1058,0
6.7305011s,1.1448295s,6.4357652s,10569,1058,0
5.9280825s,1.2322791s,502.2562ms,10574,1058,0
6.1258366s,1.1825636s,7.0404297s,10561,1058,0
6.0311971s,1.0196539s,7.1463851s,10568,1058,0
6.4371748s,1.1027273s,6.7416334s,10566,1058,0
6.1412469s,1.1450566s,301.6337ms,10572,1058,0
6.7359276s,1.2339757s,6.4428806s,10567,1058,0
6.1376053s,1.2290098s,7.0524968s,10563,1058,0
5.8372965s,1.1907297s,7.3528056s,10565,1058,0
5.7663441s,1.335769s,705.3223ms,10580,1058,0
6.4716664s,1.4798747s,0s,10579,1058,0
6.0712035s,1.1807457s,402.6942ms,10573,1058,0
6.2797066s,1.3399923s,201.8424ms,10571,1058,0
6.3921979s,1.1512426s,100.3541ms,10578,1058,0
6.5022174s,1.0124049s,0s,10576,1058,0
6.3077677s,1.335769s,201.439ms,10577,1058,0
6.6855199s,1.4365371s,0s,10575,1058,0
6.9307007s,1.4534729s,5.7397992s,10585,1060,0
5.9267154s,1.0856337s,6.7430076s,10590,1060,0
6.1332743s,1.2358921s,6.542222s,10581,1060,0
6.3456221s,1.3043104s,6.3380906s,10587,1060,0
5.8448931s,1.0415586s,6.8465824s,10582,1060,0
6.3636112s,1.0562284s,6.3343405s,10588,1060,0
6.8676331s,1.351769s,5.8303186s,10586,1060,0
6.7685999s,1.4648598s,5.9386362s,10583,1060,0
5.9713336s,1.1667119s,6.7429838s,10589,1060,0
5.7194278s,1.319016s,100.7268ms,10595,1060,0
5.5058581s,1.0713398s,7.2464753s,10584,1060,0
5.8919535s,1.1826104s,0s,10591,1060,0
6.6545106s,1.2125512s,4.0244101s,10608,1062,0
6.5538835s,1.3267279s,4.1250372s,10609,1062,0
6.0576744s,1.3854791s,4.6252232s,10606,1062,0
6.6685765s,1.2099339s,4.0267055s,10604,1062,0
6.8136713s,1.1631701s,10.9714117s,10599,1062,0
6.2855592s,1.0397877s,4.4256896s,10605,1062,0
6.4905253s,1.2795846s,4.2259038s,10607,1062,0
6.426512s,1.3736037s,11.3687242s,10597,1062,0
6.4359407s,1.472255s,11.3733682s,10592,1062,0
6.4096337s,1.4606097s,4.3275814s,10603,1062,0
6.2114252s,1.3113236s,4.5305293s,10602,1062,0
7.2212854s,1.4310154s,3.5219773s,10610,1062,0
6.5462684s,1.379902s,11.2758689s,10593,1062,0
6.3497358s,1.3389365s,11.4735745s,10598,1062,0
6.725934s,1.4887806s,4.0236734s,10601,1062,0
6.5642144s,1.2734073s,11.2742025s,10594,1062,0
6.7693601s,1.2908173s,11.0723494s,10600,1062,0
7.0743083s,1.4009433s,10.7708704s,10596,1062,0
5.5619257s,1.4514181s,2.7186927s,10628,1064,0
5.8849445s,1.1116736s,9.5565795s,10613,1064,0
5.7797675s,1.2495707s,2.5161979s,10625,1064,0
6.3961854s,1.4186082s,1.9099121s,10621,1064,0
6.3037245s,1.4515313s,9.1632786s,10617,1064,0
6.2142121s,1.2549601s,9.2576874s,10615,1064,0
5.9155054s,1.3708203s,2.4136555s,10624,1064,0
6.7211427s,1.4305381s,1.6106499s,10627,1064,0
5.6159343s,1.052742s,2.7158583s,10626,1064,0
6.6380683s,1.495035s,8.8599491s,10619,1064,0
6.0341637s,1.2948062s,9.4638537s,10616,1064,0
6.8283126s,1.2853041s,1.5087992s,10630,1064,0
6.3347416s,1.190652s,2.0115146s,10629,1064,0
7.1576834s,1.3829465s,8.3554458s,10612,1064,0
6.6435047s,1.3924595s,1.7087189s,10623,1064,0
7.1609056s,1.3785086s,8.357609s,10614,1064,0
6.6617848s,1.1436611s,8.8596981s,10620,1064,0
5.9588214s,1.0255849s,9.5671212s,10611,1064,0
6.1561917s,1.2633382s,2.2128514s,10622,1064,0
6.2666834s,1.1561737s,9.2652285s,10618,1064,0
6.4193898s,1.0974053s,8.3668295s,10635,1066,0
6.2445836s,1.295301s,1.8137s,10646,1066,0
6.3258367s,1.0184398s,8.4603826s,10631,1066,0
6.7279357s,1.2509984s,8.0585996s,10640,1066,0
6.0427336s,1.2954239s,8.7554178s,10633,1066,0
6.3513165s,1.1655599s,8.4509435s,10634,1066,0
5.672898s,1.1131858s,2.4121881s,10650,1066,0
6.5603881s,1.3667354s,8.2526337s,10632,1066,0
6.9847131s,1.3103106s,1.1064948s,10648,1066,0
5.8890695s,1.0327818s,2.2128587s,10647,1066,0
5.7890587s,1.3475271s,2.3128695s,10649,1066,0
6.7955388s,1.4137349s,1.309753s,10643,1066,0
6.2970716s,1.1027472s,1.8106782s,10642,1066,0
6.4952438s,1.2215285s,1.612506s,10644,1066,0
6.6859331s,1.3749954s,8.1557898s,10638,1066,0
6.1855664s,1.0269734s,8.6561565s,10639,1066,0
6.0839673s,1.2903935s,8.7577556s,10637,1066,0
6.5099017s,1.3557375s,1.6108009s,10641,1066,0
6.3946346s,1.1595245s,8.4607622s,10636,1066,0
6.328839s,1.4844718s,1.8119312s,10645,1066,0
5.8424059s,1.0738865s,8.6582915s,10657,1068,0
6.5497265s,1.1086139s,7.9509709s,10660,1068,0
6.3462935s,1.0744071s,8.1544039s,10653,1068,0
6.6393855s,1.3806638s,1.3078592s,10670,1068,0
6.4505088s,1.142748s,8.0579412s,10656,1068,0
6.0510285s,1.439727s,8.4619499s,10651,1068,0
6.5591918s,1.1359895s,7.9537866s,10655,1068,0
6.0623189s,1.2538782s,8.4544179s,10654,1068,0
6.9518208s,1.2294881s,1.0070699s,10664,1068,0
5.8451069s,1.0337702s,2.1149594s,10661,1068,0
6.4575136s,1.4099403s,1.5098756s,10666,1068,0
6.5716242s,1.1324357s,1.4077217s,10667,1068,0
6.4756894s,1.1397376s,1.5094226s,10669,1068,0
6.9855642s,1.3040886s,1.0063922s,10668,1068,0
5.3914334s,1.3564923s,9.1645312s,10659,1068,0
5.4938373s,1.4061358s,2.5165355s,10662,1068,0
6.3192971s,1.2780276s,8.2568299s,10658,1068,0
6.4086437s,1.4080478s,1.6117797s,10665,1068,0
6.0291529s,1.3784298s,8.5543417s,10652,1068,0
6.9184119s,1.2936171s,1.1058909s,10663,1068,0
6.1913564s,1.3385988s,1.3083519s,10690,1070,0
6.0922093s,1.0965183s,1.4103157s,10682,1070,0
6.2126418s,1.261645s,8.3539815s,10676,1070,0
6.9228912s,1.3434844s,7.6464301s,10673,1070,0
6.3174452s,1.1249468s,8.2518761s,10675,1070,0
6.70497s,1.4606719s,805.4007ms,10687,1070,0
6.5160232s,1.1577353s,1.0054365s,10685,1070,0
6.3151111s,1.4325173s,1.2082245s,10684,1070,0
6.3368075s,1.2536244s,8.2553363s,10679,1070,0
6.5371345s,1.1738903s,1.007328s,10683,1070,0
7.0614656s,1.4178779s,7.551405s,10680,1070,0
6.8503952s,1.2799412s,704.1764ms,10689,1070,0
6.266617s,1.2304881s,8.3536205s,10678,1070,0
6.8801964s,1.2387841s,7.7613798s,10674,1070,0
6.2730957s,1.3242892s,1.3070149s,10688,1070,0
6.3761269s,1.1310186s,1.2054521s,10681,1070,0
6.5022309s,1.131596s,8.1515996s,10672,1070,0
6.8019871s,1.3376999s,7.8518434s,10671,1070,0
5.8958279s,1.3307926s,8.7580026s,10677,1070,0
6.0857511s,1.0732988s,1.5093261s,10686,1070,0
6.9816963s,1.2863346s,5.0280079s,10697,1071,0
6.4808147s,1.4664607s,5.5346619s,10699,1071,0
6.4845398s,1.4895866s,5.5309368s,10691,1071,0
6.8925029s,1.2911147s,5.12804s,10700,1071,0
6.706977s,1.3724198s,5.3389393s,10692,1071,0
6.5165425s,1.2325134s,5.5384961s,10695,1071,0
6.4440995s,1.2911147s,5.633012s,10694,1071,0
6.6518516s,1.4409856s,5.4353629s,10698,1071,0
6.8568514s,1.448513s,5.232792s,10693,1071,0
6.6678456s,1.3070103s,5.4356636s,10696,1071,0
6.4658759s,1.2731324s,11.8809034s,10704,1073,0
6.4473006s,1.3588226s,4.9353255s,10717,1073,0
6.3505808s,1.3106395s,5.0320453s,10718,1073,0
6.3622033s,1.1548909s,11.984576s,10707,1073,0
6.9530026s,1.3949263s,4.4296235s,10716,1073,0
5.6486547s,1.1426339s,5.7349428s,10720,1073,0
6.1775697s,1.1199172s,12.1854607s,10708,1073,0
5.6620426s,1.215015s,5.7415493s,10712,1073,0
6.5768298s,1.1795553s,4.8338507s,10715,1073,0
5.776862s,1.0626461s,5.6393548s,10714,1073,0
6.2832652s,1.2091004s,5.1381005s,10719,1073,0
6.3064029s,1.2150756s,12.0844907s,10706,1073,0
6.2980038s,1.3674779s,5.133497s,10711,1073,0
6.5950076s,1.243597s,4.8364932s,10713,1073,0
6.5309242s,1.4902241s,11.8790322s,10701,1073,0
6.3385257s,1.3952443s,12.0826386s,10705,1073,0
6.1420367s,1.1867996s,12.287651s,10710,1073,0
6.743621s,1.3819378s,11.6860667s,10703,1073,0
6.0531067s,1.0665986s,12.3892411s,10702,1073,0
6.9638114s,1.1493033s,11.4785364s,10709,1073,0
6.2748996s,1.1358436s,11.6683219s,10727,1075,0
6.5766466s,1.1004754s,11.3665749s,10729,1075,0
6.019453s,1.2897828s,4.9290304s,10739,1075,0
5.8718063s,1.0434236s,12.0714152s,10723,1075,0
6.9947381s,1.3083414s,10.9686546s,10721,1075,0
6.8991532s,1.4163586s,11.0706129s,10725,1075,0
6.8080594s,1.4847931s,11.1681097s,10722,1075,0
6.5048448s,1.1426513s,11.4713243s,10724,1075,0
6.4600303s,1.0101125s,4.5270218s,10737,1075,0
6.6173455s,1.4273193s,11.3733237s,10728,1075,0
6.0637806s,1.2706754s,4.9321505s,10732,1075,0
6.0306107s,1.2028048s,11.9711635s,10726,1075,0
6.5826421s,1.413507s,4.4266926s,10740,1075,0
6.1438073s,1.1892262s,11.8743628s,10730,1075,0
5.7891342s,1.278619s,5.2342978s,10735,1075,0
7.202245s,1.4412922s,3.8262783s,10736,1075,0
7.113205s,1.3551968s,3.927058s,10734,1075,0
6.5118764s,1.124619s,4.530765s,10733,1075,0
5.7106804s,1.0309165s,5.331961s,10738,1075,0
6.6180585s,1.2619078s,4.4245829s,10731,1075,0
6.761129s,1.3510308s,3.2204974s,10759,1077,0
6.2656899s,1.0297896s,3.7250975s,10751,1077,0
6.7703564s,1.3984363s,3.2211484s,10753,1077,0
6.5003094s,1.1938886s,10.3680393s,10745,1077,0
5.6992192s,1.007938s,11.1691295s,10744,1077,0
6.2825192s,1.0915746s,3.7226518s,10758,1077,0
6.4170542s,1.3178528s,10.4684886s,10747,1077,0
6.5127478s,1.468539s,10.372795s,10749,1077,0
6.7954071s,1.3875906s,3.2206846s,10752,1077,0
5.9259043s,1.1633214s,10.973996s,10746,1077,0
6.20931s,1.4224993s,3.8236063s,10760,1077,0
6.5399924s,1.2034134s,10.3757741s,10748,1077,0
6.4264439s,1.4616493s,3.6233061s,10755,1077,0
6.3264905s,1.0963483s,3.7232595s,10756,1077,0
6.4294953s,1.2975867s,3.6236904s,10757,1077,0
5.6570549s,1.0634939s,11.2787232s,10743,1077,0
6.4598613s,1.4762999s,10.4759168s,10742,1077,0
6.8768439s,1.2886243s,10.0655423s,10741,1077,0
6.0399894s,1.1184181s,4.0255529s,10754,1077,0
6.486401s,1.45651s,10.4676429s,10750,1077,0
6.2702176s,1.0667291s,2.6187088s,10772,1079,0
5.3765745s,1.2910105s,3.5231976s,10777,1079,0
6.1920192s,1.1927266s,2.7171622s,10778,1079,0
6.292219s,1.4245283s,2.6169624s,10780,1079,0
5.9931743s,1.1936424s,2.9226778s,10775,1079,0
5.9950717s,1.0667291s,2.9241751s,10776,1079,0
6.0081128s,1.0723844s,2.9209917s,10774,1079,0
6.6047254s,1.226474s,9.2592369s,10765,1079,0
6.1022402s,1.3636407s,9.7617221s,10763,1079,0
6.6140582s,1.1565401s,9.2631233s,10767,1079,0
6.1187154s,1.4586573s,9.7613599s,10766,1079,0
7.0371199s,1.2488602s,1.9148732s,10771,1079,0
6.1206436s,1.2210497s,9.7643718s,10769,1079,0
6.1206436s,1.2210497s,9.7643718s,10768,1079,0
6.9299853s,1.109763s,8.9577331s,10770,1079,0
6.3282269s,1.2336393s,9.5664153s,10761,1079,0
6.4329397s,1.4354196s,9.4664596s,10764,1079,0
6.2565586s,1.1871353s,2.716328s,10773,1079,0
6.6581673s,1.2773609s,2.3147193s,10779,1079,0
6.5485572s,1.4396562s,9.3599457s,10762,1079,0
5.8991379s,1.159315s,1.9130588s,10794,1081,0
6.6240235s,1.3072832s,8.5583298s,10787,1081,0
5.720196s,1.3757768s,9.4625898s,10785,1081,0
6.8180849s,1.3777358s,1.0056377s,10796,1081,0
5.9300847s,1.0776579s,9.2598934s,10783,1081,0
5.7178041s,1.2287475s,2.112616s,10795,1081,0
6.2216808s,1.1478462s,1.6104131s,10800,1081,0
6.3225131s,1.0876134s,1.5095808s,10799,1081,0
5.9358316s,1.2366714s,9.2699704s,10790,1081,0
7.3626323s,1.4260434s,7.8531882s,10789,1081,0
6.2572718s,1.1390044s,8.95897s,10786,1081,0
6.3574733s,1.1835087s,1.5093874s,10792,1081,0
6.0562256s,1.4216807s,1.8131441s,10797,1081,0
6.0796809s,1.3195524s,9.1576107s,10784,1081,0
7.0971365s,1.3459128s,8.1499171s,10781,1081,0
6.0776113s,1.4293818s,1.8100844s,10798,1081,0
6.8854815s,1.1185845s,1.0059064s,10793,1081,0
6.4935847s,1.04363s,8.7604355s,10782,1081,0
6.8868187s,1.2347283s,1.0080042s,10791,1081,0
6.0037795s,1.4300196s,9.2613532s,10788,1081,0
6.0922161s,1.1537265s,8.2599517s,10807,1083,0
5.991376s,1.0014273s,8.3607918s,10806,1083,0
6.5035363s,1.479652s,7.8527677s,10809,1083,0
6.6091877s,1.4029271s,7.7504468s,10804,1083,0
5.8230053s,1.1605507s,8.5545862s,10802,1083,0
5.931158s,1.0227265s,1.6110843s,10820,1083,0
5.8211705s,1.1758105s,8.556421s,10801,1083,0
6.6383278s,1.1766526s,906.9558ms,10813,1083,0
6.8344068s,1.4094689s,7.5524929s,10810,1083,0
6.7362795s,1.3426588s,7.6506202s,10808,1083,0
6.2448562s,1.3876209s,1.3066943s,10819,1083,0
6.8555849s,1.3426872s,704.8018ms,10811,1083,0
6.3532238s,1.2384916s,1.2092717s,10818,1083,0
6.7435806s,1.071617s,7.6563449s,10803,1083,0
6.6587265s,1.1405802s,905.8498ms,10814,1083,0
6.4635079s,1.1476999s,1.1055486s,10815,1083,0
6.3632608s,1.3738799s,1.2057957s,10817,1083,0
6.5764662s,1.0489396s,1.0066452s,10812,1083,0
6.7812211s,1.1916469s,804.8832ms,10816,1083,0
5.7671054s,1.0315333s,8.657615s,10805,1083,0
6.5515227s,1.4765597s,5.4360833s,10821,1084,0
5.4485364s,1.040551s,6.5406694s,10830,1084,0
6.6554624s,1.4880347s,5.3377822s,10828,1084,0
6.5726738s,1.0658456s,5.4343515s,10829,1084,0
6.4811403s,1.4455408s,5.536974s,10824,1084,0
6.3873739s,1.2672752s,5.6380773s,10825,1084,0
5.9985392s,1.132965s,6.0372862s,10826,1084,0
6.3208579s,1.0765276s,5.7356974s,10827,1084,0
6.7340037s,1.0626939s,5.3358626s,10822,1084,0
6.6357582s,1.4530245s,5.4375257s,10823,1084,0
6.9667301s,1.4252968s,9.9663161s,10835,1086,0
6.8732858s,1.4146565s,10.0688325s,10839,1086,0
5.9749428s,1.2359099s,10.9681951s,10832,1086,0
6.4739471s,1.0565435s,10.4691908s,10831,1086,0
6.5748544s,1.37489s,10.3682835s,10836,1086,0
5.8647012s,1.1686045s,4.0267053s,10850,1086,0
6.5774522s,1.4781501s,3.3189821s,10846,1086,0
7.0884489s,1.4962932s,2.8191907s,10844,1086,0
6.486472s,1.1738571s,3.42428s,10845,1086,0
6.2006541s,1.3972791s,3.7257885s,10842,1086,0
6.3051972s,1.2568248s,3.6243459s,10841,1086,0
6.4123611s,1.4837372s,10.5728407s,10837,1086,0
6.8173728s,1.4774016s,10.1771176s,10838,1086,0
6.528812s,1.0547354s,10.4769112s,10834,1086,0
5.7261851s,1.3955696s,4.2282225s,10849,1086,0
6.6403738s,1.490541s,10.3696925s,10840,1086,0
7.0556587s,1.441442s,9.9598623s,10833,1086,0
6.1364628s,1.43172s,3.8233995s,10848,1086,0
6.6430597s,1.4175116s,3.3216333s,10847,1086,0
6.6411779s,1.2655944s,3.3235151s,10843,1086,0
5.9474072s,1.044253s,1.7115543s,10870,1088,0
7.1551352s,1.3492122s,503.8263ms,10869,1088,0
6.9405568s,1.1637348s,7.954188s,10851,1088,0
6.559425s,1.3995212s,1.1074632s,10866,1088,0
6.3498823s,1.4510253s,8.5512506s,10857,1088,0
6.5529388s,1.3417717s,8.3481941s,10856,1088,0
6.4648273s,1.1708435s,1.2084115s,10868,1088,0
6.9831213s,1.4894974s,704.3974ms,10861,1088,0
5.9589814s,1.3802207s,8.9630462s,10858,1088,0
6.7667412s,1.4177285s,8.1552864s,10854,1088,0
6.9938609s,1.3757s,704.2328ms,10864,1088,0
6.3807732s,1.2629543s,8.5514833s,10859,1088,0
6.6854157s,1.2937137s,8.2520829s,10860,1088,0
6.6097301s,1.0067149s,1.1060364s,10867,1088,0
6.090268s,1.1747817s,8.8570766s,10853,1088,0
6.4957858s,1.4338705s,8.4515588s,10852,1088,0
6.5166799s,1.4434921s,1.2074055s,10863,1088,0
6.4207497s,1.2776425s,1.3083557s,10865,1088,0
6.3200726s,1.0911052s,1.4090328s,10862,1088,0
7.2310988s,1.4805215s,7.757728s,10855,1088,0
5.9920625s,1.4274042s,6.4439677s,10878,1089,0
5.7923174s,1.2206215s,6.6455528s,10877,1089,0
6.2979823s,1.4020765s,6.1398879s,10875,1089,0
6.0079042s,1.1547394s,6.4441952s,10876,1089,0
6.2211327s,1.0048515s,6.2458597s,10880,1089,0
5.8238754s,1.3978359s,0s,10883,1089,0
5.8308199s,1.4362942s,0s,10889,1089,0
6.668913s,1.115661s,5.8386067s,10874,1089,0
6.5768077s,1.3926251s,5.9358725s,10879,1089,0
6.5852063s,1.061685s,5.9384913s,10872,1089,0
6.2834857s,1.2395157s,6.2402119s,10871,1089,0
6.5869763s,1.3114376s,5.9367213s,10873,1089,0
5.8625796s,1.103655s,0s,10885,1089,0
6.0945575s,1.152174s,0s,10887,1089,0
6.2166304s,1.2951018s,0s,10890,1089,0
6.5859772s,1.1956815s,4.8349977s,10900,1091,0
5.9867544s,1.1923207s,5.4393605s,10895,1091,0
6.3974965s,1.1071227s,5.0333881s,10896,1091,0
6.4045449s,1.2026161s,5.0333108s,10897,1091,0
6.6547199s,1.3605586s,11.6804839s,10886,1091,0
6.7643438s,1.4435396s,11.5738106s,10881,1091,0
6.2196126s,1.1103254s,5.2386108s,10899,1091,0
6.5852864s,1.4719837s,11.7801672s,10884,1091,0
6.8931818s,1.45392s,11.4742118s,10888,1091,0
6.7930401s,1.2410381s,11.5743535s,10882,1091,0
6.6468294s,1.3020011s,4.8311547s,10891,1091,0
6.6650041s,1.2903536s,4.8282275s,10893,1091,0
6.4740956s,1.3529049s,5.0317761s,10894,1091,0
6.1790888s,1.1375262s,5.3355967s,10898,1091,0
6.5826648s,1.3228318s,4.9320207s,10892,1091,0
6.2163705s,1.1005981s,11.1731543s,10907,1093,0
6.719262s,1.3727117s,10.6734367s,10902,1093,0
6.8907993s,1.4576201s,3.5243822s,10918,1093,0
7.0934668s,1.4837498s,3.3217147s,10916,1093,0
6.6950839s,1.3998455s,3.7221874s,10911,1093,0
6.1402521s,1.0156514s,11.275992s,10903,1093,0
6.5480756s,1.1514503s,10.8752293s,10908,1093,0
6.5126685s,1.4880382s,3.9243703s,10917,1093,0
6.1109862s,1.2777462s,4.3260526s,10919,1093,0
6.8216118s,1.3296302s,3.6254573s,10920,1093,0
6.1689367s,1.0995512s,11.2678949s,10906,1093,0
6.3319845s,1.3797095s,4.1235985s,10913,1093,0
7.1481229s,1.4209981s,3.3222328s,10912,1093,0
6.086564s,1.3368216s,11.3734195s,10910,1093,0
5.9892067s,1.331677s,11.4707768s,10901,1093,0
6.987143s,1.3462907s,10.4728405s,10904,1093,0
5.8800907s,1.0134587s,11.5805665s,10909,1093,0
6.0465733s,1.3565647s,4.4276293s,10915,1093,0
6.2645844s,1.3815555s,4.2268636s,10914,1093,0
6.3046695s,1.4343376s,11.181966s,10905,1093,0
5.7771125s,1.0371027s,3.0183645s,10937,1095,0
6.7273916s,1.4397278s,9.0554366s,10925,1095,0
6.7028054s,1.4332671s,2.1136205s,10940,1095,0
6.8549405s,1.162042s,8.9629178s,10923,1095,0
6.8637576s,1.3370812s,8.9589904s,10924,1095,0
6.4339525s,1.4089922s,2.4148768s,10938,1095,0
6.1683157s,1.3539715s,9.6593537s,10927,1095,0
6.9771891s,1.381663s,8.8585437s,10922,1095,0
5.6391209s,1.0098105s,3.2210363s,10932,1095,0
6.1486391s,1.083797s,2.7159639s,10934,1095,0
6.754006s,1.2607968s,2.1145193s,10933,1095,0
6.2527382s,1.0489474s,2.6171788s,10931,1095,0
5.9845563s,1.0228689s,9.8642008s,10926,1095,0
6.356484s,1.4155097s,2.513433s,10936,1095,0
5.8588937s,1.0659522s,3.0175226s,10939,1095,0
6.8008977s,1.0794108s,9.0626014s,10921,1095,0
6.8067112s,1.3026213s,9.0567879s,10928,1095,0
5.4898083s,1.0076281s,10.3736908s,10929,1095,0
6.3037169s,1.0466091s,9.5597822s,10930,1095,0
6.3722604s,1.4633127s,2.5159225s,10935,1095,0
6.514846s,1.3425283s,7.5503152s,10941,1097,0
6.094927s,1.100386s,1.2083028s,10957,1097,0
6.2306395s,1.0997146s,7.8529347s,10943,1097,0
6.1336727s,1.096591s,7.9523041s,10948,1097,0
5.9112967s,1.0679526s,1.4083492s,10955,1097,0
6.2144901s,1.0248593s,1.1083971s,10958,1097,0
6.6499567s,1.046579s,7.4523678s,10949,1097,0
6.429544s,1.1409965s,906.4496ms,10952,1097,0
5.7478677s,1.0975741s,8.3607594s,10944,1097,0
6.3639673s,1.4296849s,7.7468615s,10946,1097,0
6.7663309s,1.0345569s,7.3444979s,10950,1097,0
5.5365608s,1.1909562s,1.810642s,10953,1097,0
6.756919s,1.4044813s,604.4601ms,10960,1097,0
6.8593088s,1.3368504s,503.2577ms,10956,1097,0
6.2560155s,1.2612238s,1.1089044s,10954,1097,0
6.0562304s,1.3077967s,1.3101462s,10959,1097,0
5.9816107s,1.0134992s,8.1552703s,10947,1097,0
6.3661669s,1.0048055s,1.0043832s,10951,1097,0
6.493614s,1.2282125s,7.6536958s,10942,1097,0
6.4996236s,1.2867206s,7.6505036s,10945,1097,0
6.0697943s,1.3126713s,6.142379s,10963,1098,0
6.089368s,1.3765684s,6.1416949s,10966,1098,0
6.2075502s,1.2365367s,6.0429775s,10964,1098,0
6.8201893s,1.1382702s,5.4364655s,10962,1098,0
5.6088323s,1.199701s,6.6478225s,10961,1098,0
6.1193906s,1.2209153s,6.1406581s,10967,1098,0
6.1213248s,1.0105252s,6.141873s,10965,1098,0
6.2475858s,1.3870353s,6.0410237s,10970,1098,0
6.0502217s,1.1910198s,6.2437057s,10968,1098,0
5.5603743s,1.0408688s,6.7509534s,10969,1098,0
5.518056s,1.0383158s,0s,10971,1098,0
6.6285338s,1.0213941s,11.2791648s,10977,1100,0
5.8913126s,1.0524937s,5.2337375s,10989,1100,0
6.0359734s,1.0659289s,11.8834489s,10972,1100,0
6.7421417s,1.3486942s,11.1772806s,10979,1100,0
6.4442541s,1.4763573s,11.4771738s,10974,1100,0
6.3688711s,1.1736976s,11.5712393s,10976,1100,0
7.0280353s,1.1474067s,4.1301165s,10987,1100,0
6.0214163s,1.1982861s,5.1367355s,10983,1100,0
6.334078s,1.2696112s,4.8323432s,10984,1100,0
6.7866757s,1.3948858s,11.1784663s,10975,1100,0
6.0507494s,1.0555567s,5.1367905s,10981,1100,0
6.1553144s,1.4667479s,5.0332402s,10990,1100,0
5.8531729s,1.3276626s,5.3353817s,10982,1100,0
6.8636176s,1.2014859s,4.3267443s,10988,1100,0
5.860373s,1.3128282s,5.3335244s,10986,1100,0
6.010957s,1.1096328s,11.9800304s,10978,1100,0
6.2151478s,1.4884115s,11.7788298s,10973,1100,0
6.5232853s,1.1393539s,11.483915s,10980,1100,0
5.4788549s,1.1586603s,5.7416697s,10985,1100,0
6.0711748s,1.1425662s,3.5246651s,11004,1102,0
5.9541377s,1.3436523s,10.3668377s,10997,1102,0
6.5637766s,1.497915s,9.7610476s,10998,1102,0
5.7817085s,1.053603s,3.8239312s,11006,1102,0
6.0864736s,1.1364309s,3.5230292s,11008,1102,0
6.0914282s,1.3228642s,3.5208389s,11001,1102,0
6.795447s,1.3154893s,2.8168201s,11005,1102,0
5.9666483s,1.3857832s,10.3684057s,10992,1102,0
6.1723901s,1.4486845s,10.1710299s,10999,1102,0
5.4946913s,1.4607224s,4.1312682s,11009,1102,0
6.3861086s,1.461938s,9.9659559s,10991,1102,0
6.2204541s,1.0262524s,3.4226495s,11010,1102,0
5.7062641s,1.3124734s,10.6740932s,11000,1102,0
6.1070708s,1.1227587s,10.2732865s,10994,1102,0
6.2167211s,1.0200245s,10.1636362s,10996,1102,0
7.1419903s,1.3757063s,2.5172193s,11003,1102,0
6.3376337s,1.1086906s,3.3215759s,11002,1102,0
7.0517934s,1.4630482s,2.6167996s,11007,1102,0
6.7211477s,1.384369s,9.6735399s,10995,1102,0
6.2400187s,1.3527321s,10.1639358s,10993,1102,0
6.7757228s,1.1066613s,9.3568763s,11016,1104,0
6.7757228s,1.3407761s,9.3568763s,11018,1104,0
6.4459626s,1.4036486s,2.915974s,11023,1104,0
5.7476922s,1.0249119s,3.6247043s,11028,1104,0
5.9917535s,1.4553588s,10.1677118s,11020,1104,0
6.1666645s,1.1488574s,3.2196421s,11024,1104,0
6.7712696s,1.1964975s,2.6162991s,11022,1104,0
6.6044682s,1.0706931s,9.5633718s,11019,1104,0
6.7074137s,1.4570164s,9.4608856s,11011,1104,0
6.0707354s,1.2626801s,3.3218411s,11026,1104,0
5.2734527s,1.0122536s,4.1213742s,11030,1104,0
6.1137983s,1.1034341s,10.0614628s,11012,1104,0
6.2185783s,1.0757754s,9.9638914s,11013,1104,0
6.6984089s,1.1977781s,2.7138855s,11027,1104,0
6.3989735s,1.3684035s,3.0173493s,11029,1104,0
6.0324371s,1.0600934s,10.1721679s,11017,1104,0
6.3349993s,1.3417498s,9.8696057s,11014,1104,0
6.3526002s,1.4276735s,9.8574391s,11015,1104,0
6.9225542s,1.3125908s,2.5162462s,11021,1104,0
5.8314685s,1.1987234s,3.6214404s,11025,1104,0
6.0990156s,1.4387887s,3.1200641s,11045,1106,0
5.7967825s,1.1014609s,3.4222972s,11044,1106,0
6.2205183s,1.355415s,3.0188831s,11049,1106,0
5.9202054s,1.158099s,3.319196s,11048,1106,0
6.6346745s,1.1762471s,2.6137889s,11046,1106,0
6.3365173s,1.1519575s,2.9171285s,11042,1106,0
6.2332358s,1.3838222s,3.02041s,11043,1106,0
6.6512913s,1.290517s,9.2601637s,11039,1106,0
6.1520074s,1.2823515s,9.7626483s,11032,1106,0
6.1543824s,1.1044368s,9.7602733s,11036,1106,0
6.6545078s,1.218614s,2.6135514s,11041,1106,0
5.7539986s,1.1257032s,3.5206754s,11047,1106,0
5.6636483s,1.1819351s,10.262317s,11038,1106,0
5.9667926s,1.1103852s,9.9657037s,11031,1106,0
5.8666837s,1.1529864s,10.0658126s,11033,1106,0
6.6681383s,1.4438178s,2.6165773s,11050,1106,0
6.1823598s,1.3407092s,9.7680197s,11034,1106,0
6.3888007s,1.2737797s,9.5641083s,11040,1106,0
6.3901461s,1.3598571s,9.5627629s,11037,1106,0
6.299425s,1.127994s,9.6615359s,11035,1106,0
6.2395257s,1.3375659s,8.5583747s,11054,1108,0
6.0390674s,1.4827515s,8.758833s,11058,1108,0
6.2263349s,1.4865385s,1.6099714s,11061,1108,0
6.1278951s,1.3826554s,1.7120093s,11062,1108,0
6.7353164s,1.4827477s,1.1048981s,11068,1108,0
6.9650197s,1.4425803s,7.8552329s,11051,1108,0
5.8449776s,1.0859423s,2.0149752s,11063,1108,0
6.4762527s,1.0667002s,8.3563146s,11059,1108,0
6.1745399s,1.3036713s,8.6580274s,11057,1108,0
6.9751078s,1.4501282s,906.509ms,11067,1108,0
6.3728336s,1.0942459s,1.5087832s,11065,1108,0
6.3102369s,1.1835862s,8.556701s,11060,1108,0
6.2964348s,1.1227604s,1.6095661s,11066,1108,0
6.3137675s,1.0782269s,1.6096341s,11070,1108,0
6.9408426s,1.4737208s,7.9502053s,11052,1108,0
6.7336742s,1.3176221s,8.1573737s,11053,1108,0
6.6202049s,1.1386109s,1.3073057s,11064,1108,0
6.2181132s,1.1985733s,1.7101182s,11069,1108,0
6.5398684s,1.2383228s,8.3560243s,11055,1108,0
6.742197s,1.0918446s,8.1536957s,11056,1108,0
5.8843202s,1.2750241s,7.5585145s,11076,1109,0
4.9188588s,1.0317787s,1.3079018s,11089,1109,0
6.8041179s,1.3991946s,6.6463072s,11080,1109,0
6.2287202s,1.3016673s,0s,11082,1109,0
6.133626s,1.0778297s,100.4153ms,11085,1109,0
7.2236645s,1.3275302s,6.242632s,11077,1109,0
6.5259278s,1.476754s,6.953047s,11075,1109,0
6.2307876s,1.3777681s,7.2477524s,11074,1109,0
6.2553103s,1.1238147s,0s,11090,1109,0
6.237511s,1.369583s,7.2497595s,11078,1109,0
6.9435673s,1.4449866s,6.5476543s,11073,1109,0
7.0529343s,1.4216051s,6.442638s,11079,1109,0
6.3506824s,1.0926693s,7.1501362s,11071,1109,0
5.9498716s,1.0145293s,7.550947s,11072,1109,0
5.6896356s,1.0563527s,602.7593ms,11086,1109,0
6.4636152s,1.2882736s,0s,11088,1109,0
6.5102026s,1.1414777s,0s,11087,1109,0
6.6959804s,1.280523s,0s,11083,1109,0
7.0282556s,1.2967646s,5.9373055s,11099,1111,0
6.8318547s,1.4234798s,6.142372s,11096,1111,0
5.8369176s,1.0854277s,7.141693s,11100,1111,0
6.8120377s,1.1162012s,13.0887608s,11084,1111,0
6.9212814s,1.3183637s,12.9795171s,11081,1111,0
5.960464s,1.1524856s,0s,11109,1111,0
6.4540723s,1.2766596s,6.5387665s,11092,1111,0
6.0612134s,1.2435907s,6.9413078s,11095,1111,0
5.662337s,1.0314526s,7.3445187s,11091,1111,0
6.5667662s,1.2715907s,6.4421322s,11094,1111,0
6.0731338s,1.2686442s,6.9405799s,11093,1111,0
6.0768413s,1.3638271s,6.9410026s,11097,1111,0
6.489619s,1.3525678s,6.5459366s,11098,1111,0
6.0594205s,1.406218s,0s,11105,1111,0
6.2357172s,1.1773837s,0s,11101,1111,0
6.5007919s,1.4046488s,5.7425025s,11112,1113,0
6.7122349s,1.223318s,5.5383323s,11116,1113,0
6.5597379s,1.2249501s,12.5893054s,11108,1113,0
5.7208781s,1.0198473s,6.5437754s,11120,1113,0
6.7341506s,1.0079815s,5.5344276s,11115,1113,0
6.2346353s,1.0226368s,6.0398719s,11111,1113,0
7.3411969s,1.4875285s,4.9333103s,11113,1113,0
6.0334751s,1.0435915s,6.2410321s,11117,1113,0
6.8980898s,1.3996194s,12.2795489s,11102,1113,0
6.5954084s,1.3972625s,12.5822303s,11104,1113,0
5.7435282s,1.1935831s,6.5393009s,11114,1113,0
6.4484454s,1.3609862s,5.8343837s,11118,1113,0
6.8156493s,1.2599325s,12.3817167s,11103,1113,0
6.7220867s,1.4351276s,12.4847106s,11110,1113,0
6.8349942s,1.3590304s,12.377133s,11106,1113,0
5.8787206s,1.1433582s,6.442922s,11119,1113,0
6.4349062s,1.4351276s,12.7894323s,11107,1113,0
6.3460853s,1.2644307s,11.4727884s,11122,1115,0
6.246171s,1.3531947s,11.5727027s,11129,1115,0
6.4774866s,1.3938362s,4.2315757s,11134,1115,0
6.6842296s,1.2767684s,4.02749s,11137,1115,0
6.0911157s,1.2545055s,4.628545s,11140,1115,0
6.1870948s,1.1286532s,4.5325659s,11133,1115,0
6.0603353s,1.2383101s,11.7801886s,11124,1115,0
6.9007908s,1.1064951s,3.8233759s,11136,1115,0
6.3742086s,1.3777447s,11.473959s,11127,1115,0
6.6104715s,1.1904979s,4.1279088s,11132,1115,0
5.9758862s,1.2685668s,11.8829277s,11130,1115,0
6.2895287s,1.0355246s,11.5783392s,11123,1115,0
6.6060103s,1.3687747s,11.2759409s,11128,1115,0
6.6415609s,1.4963346s,4.1285s,11131,1115,0
7.1498513s,1.1945193s,3.6212682s,11139,1115,0
6.6456581s,1.4649084s,4.1254614s,11138,1115,0
7.1163572s,1.3484069s,10.7711195s,11121,1115,0
6.9569321s,1.4103702s,3.8223362s,11135,1115,0
6.8241637s,1.0674143s,11.0714618s,11125,1115,0
6.4311382s,1.0646451s,11.4699951s,11126,1115,0
6.2898237s,1.1089938s,9.6674644s,11141,1117,0
6.6418863s,1.1495194s,2.1135715s,11156,1117,0
5.8908998s,1.350303s,10.0701514s,11150,1117,0
6.0409661s,1.020923s,2.7182548s,11153,1117,0
6.5476203s,1.1185876s,2.2138281s,11157,1117,0
7.2018303s,1.392057s,8.7651412s,11149,1117,0
6.4528811s,1.2125795s,2.3156239s,11151,1117,0
6.5023953s,1.0547871s,9.46794s,11148,1117,0
6.353821s,1.4590826s,2.4156073s,11152,1117,0
6.8595732s,1.21955s,1.9118132s,11154,1117,0
5.7988248s,1.0529549s,10.1743919s,11146,1117,0
5.8555536s,1.0862389s,2.9193386s,11158,1117,0
7.0115647s,1.3246697s,8.9651578s,11145,1117,0
6.8251115s,1.4360433s,9.1667826s,11144,1117,0
6.629704s,1.4578209s,9.3669542s,11147,1117,0
5.9799066s,1.1655174s,2.8187614s,11159,1117,0
6.1972615s,1.4636328s,2.6180473s,11155,1117,0
6.1552217s,1.1391457s,9.8715175s,11142,1117,0
5.9704274s,1.2468657s,10.0695941s,11143,1117,0
7.0346683s,1.2022776s,1.8112802s,11160,1117,0
6.2413458s,1.1267099s,8.5600027s,11170,1119,0
6.1727503s,1.487335s,1.5102267s,11172,1119,0
6.8831749s,1.3180341s,804.8887ms,11177,1119,0
6.181288s,1.1880531s,1.5098164s,11178,1119,0
5.5603444s,1.2635644s,9.2567855s,11161,1119,0
6.5736451s,1.2899414s,8.254372s,11168,1119,0
6.4782589s,1.3876567s,8.3527431s,11163,1119,0
6.6800119s,1.3555386s,8.1509901s,11165,1119,0
6.2078513s,1.0506969s,1.5083036s,11176,1119,0
6.0767107s,1.4160055s,8.7594265s,11169,1119,0
6.9128133s,1.157823s,806.3878ms,11179,1119,0
6.1922184s,1.4178743s,8.6588962s,11164,1119,0
6.5227582s,1.1415001s,1.2083741s,11180,1119,0
6.6265328s,1.215618s,1.1074728s,11173,1119,0
6.4251851s,1.0604622s,1.3088205s,11174,1119,0
6.3290466s,1.4360176s,1.4073952s,11175,1119,0
7.1194419s,1.4326843s,7.7483955s,11162,1119,0
6.7481493s,1.1659793s,1.0082687s,11171,1119,0
6.7348848s,1.2148517s,8.151155s,11166,1119,0
6.4398143s,1.3976181s,8.4594066s,11167,1119,0
6.9746241s,1.2275284s,6.7417904s,11187,1120,0
6.7366099s,1.267865s,0s,11196,1120,0
5.3675123s,1.0063356s,8.3538605s,11183,1121,0
6.1358102s,1.1016719s,602.755ms,11192,1121,0
6.983524s,1.3301671s,6.7513201s,11186,1121,0
6.5510467s,1.2196857s,200.594ms,11200,1121,0
6.2862916s,1.2538437s,7.4488731s,11185,1121,0
6.2513585s,1.3542777s,502.0512ms,11193,1121,0
6.4021837s,1.0320387s,7.3492071s,11190,1121,0
6.2115392s,1.2235718s,7.5435887s,11189,1121,0
6.6774595s,1.4105626s,100.2542ms,11194,1121,0
6.1757587s,1.1120968s,602.6493ms,11195,1121,0
6.6790091s,1.2466736s,100.014ms,11198,1121,0
6.2771973s,1.476928s,503.2497ms,11191,1121,0
6.8211949s,1.1293194s,6.9427761s,11188,1121,0
6.4853389s,1.1945683s,301.1053ms,11197,1121,0
6.3265976s,1.0915957s,7.4493918s,11182,1121,0
6.0359074s,1.0544942s,7.7494982s,11184,1121,0
6.44553s,1.3544931s,7.3543373s,11181,1121,0
5.9224774s,1.1098656s,904.5578ms,11199,1121,0
6.2567942s,1.2406976s,6.0409203s,11206,1122,0
5.2214974s,1.0929469s,100.2562ms,11218,1122,0
6.8745985s,1.3238399s,5.4319154s,11204,1122,0
6.1801872s,1.3479522s,6.1373038s,11208,1122,0
6.6807394s,1.4665529s,5.6367516s,11202,1122,0
6.9823248s,1.4895011s,5.3351662s,11201,1122,0
6.6847661s,1.4265069s,5.6389736s,11203,1122,0
6.3107461s,1.0448154s,6.039912s,11210,1122,0
6.7165602s,1.4818475s,5.6397778s,11207,1122,0
5.8144655s,1.185403s,6.5435185s,11205,1122,0
6.7315704s,1.1990242s,5.6379904s,11209,1122,0
5.6123331s,1.0963592s,0s,11214,1122,0
6.8010401s,1.463414s,4.4297589s,11230,1124,0
6.6308418s,1.3861849s,11.3749392s,11211,1124,0
5.9151618s,1.4932694s,5.3379151s,11229,1124,0
6.3441738s,1.141528s,11.6802896s,11220,1124,0
5.9242178s,1.1512646s,5.3332978s,11227,1124,0
6.13757s,1.2794698s,5.1344229s,11224,1124,0
5.961206s,1.0504346s,12.0821734s,11216,1124,0
6.3390387s,1.154854s,4.9329542s,11226,1124,0
6.7713865s,1.380613s,11.2735484s,11213,1124,0
6.372961s,1.1343478s,11.6777394s,11212,1124,0
6.3526609s,1.4622681s,4.9305829s,11221,1124,0
6.5542954s,1.4466597s,4.7289484s,11222,1124,0
5.8454074s,1.2539316s,5.4378364s,11223,1124,0
6.4609217s,1.1077952s,4.8283593s,11228,1124,0
6.6657873s,1.4796826s,4.6335938s,11225,1124,0
6.0965465s,1.256538s,11.983894s,11215,1124,0
6.7103968s,1.380613s,11.3772835s,11219,1124,0
6.1085988s,1.0400947s,11.9830515s,11217,1124,0
6.4522325s,1.393482s,2.3138544s,11247,1126,0
6.3605261s,1.1315419s,2.4161612s,11243,1126,0
6.4642437s,1.3710022s,2.3153647s,11250,1126,0
6.878345s,1.2520569s,9.2627964s,11232,1126,0
6.9990275s,1.4795101s,9.1626477s,11240,1126,0
6.6002931s,1.2058866s,9.5653895s,11238,1126,0
5.903523s,1.069565s,10.2686404s,11233,1126,0
6.3079991s,1.0488037s,9.8641643s,11231,1126,0
6.6186952s,1.3508753s,2.2154174s,11242,1126,0
6.424025s,1.3914631s,2.4139205s,11246,1126,0
6.5277166s,1.3718956s,9.6623931s,11235,1126,0
6.8320001s,1.1163404s,2.0097528s,11249,1126,0
6.8352256s,1.2585395s,2.012064s,11248,1126,0
6.6371293s,1.1694015s,9.5662949s,11236,1126,0
6.3350096s,1.2409202s,2.5162504s,11244,1126,0
6.4390899s,1.1751486s,2.4147572s,11241,1126,0
6.7434565s,1.1919768s,2.1134009s,11245,1126,0
6.144406s,1.1196988s,10.0682105s,11239,1126,0
6.3462197s,1.1899318s,9.8663968s,11234,1126,0
7.35162s,1.4536337s,8.8609965s,11237,1126,0
7.2892966s,1.4775027s,7.9520953s,11257,1128,0
6.3908627s,1.3734576s,8.8580592s,11256,1128,0
6.4909647s,1.38722s,8.7579572s,11253,1128,0
6.8972713s,1.433569s,8.3566145s,11252,1128,0
6.7015254s,1.4521163s,8.5560348s,11260,1128,0
5.9578628s,1.0255568s,2.014926s,11261,1128,0
6.3632842s,1.0155635s,1.6109257s,11262,1128,0
6.3150305s,1.1894901s,8.9574796s,11258,1128,0
6.3189019s,1.1289833s,8.9619636s,11255,1128,0
6.3238988s,1.4550406s,8.9608876s,11254,1128,0
6.0987081s,1.1964051s,1.9120647s,11264,1128,0
5.8996691s,1.2116087s,2.1166582s,11265,1128,0
6.8526248s,1.4521163s,8.4555685s,11259,1128,0
6.914581s,1.2605306s,1.1064139s,11267,1128,0
6.7627368s,1.0878076s,8.557437s,11251,1128,0
6.7226576s,1.3872274s,1.3103813s,11266,1128,0
6.2216896s,1.4644482s,1.8113493s,11268,1128,0
7.0388546s,1.3374347s,1.0059753s,11270,1128,0
6.5366961s,1.3456031s,1.5113049s,11263,1128,0
6.0314906s,1.2645453s,2.0165104s,11269,1128,0
6.5059335s,1.3604101s,1.2080618s,11281,1130,0
6.5059335s,1.1774497s,1.2080618s,11282,1130,0
6.1119403s,1.1651044s,1.6084988s,11289,1130,0
6.2375007s,1.2915909s,8.2546025s,11278,1130,0
5.4299779s,1.0409946s,9.0621253s,11279,1130,0
6.1224529s,1.2157761s,1.6127992s,11290,1130,0
5.9391293s,1.0113885s,8.5600105s,11275,1130,0
6.4482724s,1.1795498s,8.0530005s,11273,1130,0
6.2502379s,1.3445315s,8.2551865s,11276,1130,0
5.8608356s,1.2787924s,8.6526028s,11271,1130,0
6.7613568s,1.3387627s,7.7520816s,11280,1130,0
7.0522585s,1.3969188s,703.937ms,11286,1130,0
6.6512081s,1.1394888s,1.1083453s,11285,1130,0
6.3556098s,1.0988368s,1.4094731s,11288,1130,0
5.9758413s,1.0087213s,8.5584297s,11274,1130,0
6.1778511s,1.2635462s,8.3564199s,11277,1130,0
5.175288s,1.3023662s,2.6149896s,11287,1130,0
6.2907856s,1.322491s,8.2608488s,11272,1130,0
5.6802627s,1.0764003s,2.1132176s,11284,1130,0
5.6916031s,1.1989819s,2.1138461s,11283,1130,0
6.2060381s,1.1854891s,805.2965ms,11302,1132,0
6.0093599s,1.4568532s,8.0559318s,11297,1132,0
6.8274907s,1.1757157s,7.244886s,11295,1132,0
5.8237564s,1.4203832s,8.248947s,11298,1132,0
6.7301807s,1.2945397s,302.0894ms,11307,1132,0
6.3313622s,1.1474878s,704.6308ms,11303,1132,0
6.4296126s,1.3746605s,7.6497209s,11300,1132,0
6.4378281s,1.2745813s,605.2948ms,11310,1132,0
6.8414266s,1.4915416s,201.6963ms,11301,1132,0
7.0412482s,1.4203832s,7.0431229s,11296,1132,0
6.5477252s,1.3286684s,503.5017ms,11309,1132,0
6.1621313s,1.0682461s,904.2785ms,11306,1132,0
5.958257s,1.3474401s,1.1081528s,11304,1132,0
6.7648177s,1.016066s,7.3525872s,11294,1132,0
6.8659914s,1.1412741s,7.2535295s,11293,1132,0
6.1749249s,1.1391715s,906.8791ms,11305,1132,0
6.781527s,1.3948117s,7.3450697s,11292,1132,0
6.8817282s,1.3746605s,7.2448685s,11291,1132,0
6.8832026s,1.3746605s,7.2479168s,11299,1132,0
6.0863814s,1.1884345s,1.0068249s,11308,1132,0
6.3683418s,1.1686066s,5.3381532s,11315,1133,0
5.8819972s,1.0834558s,5.8417262s,11317,1133,0
6.4873398s,1.1892244s,5.2363836s,11319,1133,0
6.2154986s,1.0793827s,5.5352643s,11316,1133,0
6.3191049s,1.3217408s,5.4387076s,11318,1133,0
5.718871s,1.2355041s,6.0435045s,11314,1133,0
6.3445894s,1.0426968s,5.4360265s,11312,1133,0
6.6489205s,1.4066171s,5.1362756s,11311,1133,0
5.8485436s,1.1956592s,5.9366525s,11320,1133,0
6.5557569s,1.1333993s,5.2325329s,11313,1133,0
6.1770335s,1.1428277s,4.1295239s,11337,1135,0
5.7959901s,1.1757321s,4.532639s,11331,1135,0
6.4851785s,1.0412981s,10.9734137s,11329,1135,0
5.9802567s,1.2801144s,11.4783355s,11327,1135,0
6.787911s,1.248928s,10.6706812s,11325,1135,0
6.8974966s,1.0205584s,10.57677s,11321,1135,0
5.8161661s,1.0925738s,4.5312295s,11332,1135,0
6.1239957s,1.2703218s,4.2289778s,11339,1135,0
6.5295726s,1.0628214s,3.8267518s,11334,1135,0
6.217762s,1.0987903s,11.2733837s,11326,1135,0
6.1401552s,1.3581846s,4.2305705s,11336,1135,0
7.1299631s,1.2604929s,10.3726111s,11323,1135,0
5.7535951s,1.4045753s,4.6314725s,11335,1135,0
6.1579993s,1.0848186s,4.2270683s,11333,1135,0
5.8411987s,1.2912429s,11.6793276s,11324,1135,0
6.5659401s,1.0662429s,3.8265016s,11338,1135,0
6.7708901s,1.1705916s,3.6215516s,11340,1135,0
6.5530456s,1.1259218s,10.9737436s,11330,1135,0
6.7633129s,1.2017281s,10.7673322s,11322,1135,0
6.9651326s,1.1473306s,10.5655125s,11328,1135,0
6.7377349s,1.2684464s,8.6591293s,11344,1137,0
6.9339124s,1.2053411s,1.6109741s,11354,1137,0
6.1374557s,1.1899704s,2.4152189s,11358,1137,0
6.8560286s,1.2769034s,8.557036s,11345,1137,0
6.7476501s,1.1314398s,1.8122075s,11351,1137,0
5.9549073s,1.273399s,9.4638678s,11343,1137,0
6.2559334s,1.1962496s,2.3155266s,11357,1137,0
6.7617548s,1.4583653s,1.8133233s,11355,1137,0
6.3757971s,1.354458s,9.0573061s,11342,1137,0
6.3714158s,1.2207418s,9.0616874s,11341,1137,0
7.0721436s,1.2667204s,1.5082327s,11359,1137,0
5.9665796s,1.3254109s,2.6164231s,11356,1137,0
6.2700651s,1.1246454s,2.3157305s,11360,1137,0
6.3775101s,1.2684464s,9.0659066s,11349,1137,0
5.6811261s,1.363362s,2.9183277s,11352,1137,0
6.2964057s,1.2087289s,9.1674121s,11346,1137,0
5.8079093s,1.0378528s,9.6601554s,11350,1137,0
6.7292981s,1.1359224s,8.752178s,11347,1137,0
6.1135281s,1.36255s,2.5148036s,11353,1137,0
5.9254257s,1.1625122s,9.5589346s,11348,1137,0
6.7166595s,1.3677372s,7.3475339s,11367,1139,0
5.7141161s,1.1288057s,8.3556936s,11365,1139,0
6.4187185s,1.2415233s,7.6510912s,11370,1139,0
5.9867697s,1.0444453s,1.1087501s,11380,1139,0
5.7854162s,1.4146545s,1.3101036s,11373,1139,0
6.5955176s,1.4813897s,504.0803ms,11374,1139,0
6.7343898s,1.4558026s,7.3514476s,11363,1139,0
6.8093324s,1.3517291s,301.576ms,11375,1139,0
6.350776s,1.0766623s,7.7480572s,11366,1139,0
6.421779s,1.1392145s,704.8351ms,11372,1139,0
6.6309474s,1.3265957s,503.3966ms,11379,1139,0
6.3672287s,1.1243628s,7.7545214s,11368,1139,0
6.1318728s,1.0619804s,1.0077317s,11376,1139,0
6.3699297s,1.4993164s,7.7576113s,11369,1139,0
6.9854912s,1.4658083s,7.1465993s,11364,1139,0
5.8858671s,1.2108557s,8.2508873s,11361,1139,0
6.5464277s,1.472864s,604.8355ms,11371,1139,0
6.462656s,1.0478384s,704.539ms,11378,1139,0
5.4959335s,1.1314259s,8.6567527s,11362,1139,0
6.7699553s,1.3720311s,402.526ms,11377,1139,0
6.9615632s,1.4586302s,5.3338549s,11386,1140,0
5.6623925s,1.103693s,6.6407634s,11389,1140,0
6.1687882s,1.1495335s,6.1403439s,11390,1140,0
6.1669168s,1.4962733s,6.1422153s,11387,1140,0
6.0817961s,1.3439402s,6.2405861s,11384,1140,0
6.3782353s,1.3364224s,5.9441469s,11385,1140,0
6.0039822s,1.2095633s,6.3441693s,11383,1140,0
6.3088813s,1.4737546s,6.0460565s,11382,1140,0
6.0140387s,1.2395671s,6.3427539s,11381,1140,0
5.8198428s,1.4850579s,6.5439621s,11388,1140,0
5.1085513s,1.0776046s,301.9747ms,11395,1140,0
5.6363925s,1.0216726s,0s,11396,1140,0
5.7709515s,1.0298316s,0s,11391,1140,0
6.1227164s,1.1884945s,4.0268478s,11406,1142,0
6.1204511s,1.0438801s,4.0291131s,11410,1142,0
6.9864869s,1.4143341s,10.1653994s,11393,1142,0
6.7353442s,1.2646664s,3.4234105s,11402,1142,0
6.5369037s,1.0267105s,3.62546s,11405,1142,0
6.5433723s,1.3485731s,3.6220357s,11409,1142,0
7.0013538s,1.3256522s,10.1663763s,11392,1142,0
6.0397607s,1.2865134s,4.1256473s,11403,1142,0
6.410446s,1.329493s,10.7651856s,11397,1142,0
6.5676087s,1.4205587s,3.6252807s,11408,1142,0
6.6294653s,1.2372148s,10.568033s,11400,1142,0
6.5691407s,1.1326127s,3.6260355s,11401,1142,0
6.2344086s,1.4713539s,10.9720174s,11398,1142,0
6.0992464s,1.0826037s,4.1281483s,11407,1142,0
6.3615456s,1.3386774s,10.8696599s,11394,1142,0
6.7699421s,1.4635068s,10.4662781s,11399,1142,0
6.3146568s,1.4936598s,3.9275032s,11404,1142,0
6.4371235s,1.0680085s,2.6154786s,11424,1144,0
6.849006s,1.4501591s,9.056977s,11416,1144,0
5.6455027s,1.1471597s,10.2695446s,11417,1144,0
6.2588678s,1.3857568s,9.6611926s,11413,1144,0
6.5612794s,1.0837697s,9.358781s,11419,1144,0
6.5544354s,1.4787749s,2.516619s,11426,1144,0
6.2627526s,1.4855609s,2.8185786s,11425,1144,0
6.1607096s,1.235423s,2.9206216s,11429,1144,0
6.4729366s,1.4588269s,9.4614474s,11418,1144,0
5.9722136s,1.1624792s,9.9621704s,11415,1144,0
6.2850672s,1.0846549s,9.6596032s,11411,1144,0
6.1761154s,1.085494s,2.9199159s,11423,1144,0
5.6958698s,1.3797868s,3.4196095s,11428,1144,0
6.1990589s,1.2573094s,2.9164204s,11422,1144,0
6.9045337s,1.2434141s,2.2109456s,11427,1144,0
6.3093819s,1.294361s,9.6592958s,11412,1144,0
5.8126959s,1.0423557s,10.1666554s,11420,1144,0
6.2140364s,1.0097878s,9.7653149s,11414,1144,0
6.2262728s,1.2236332s,2.9193814s,11430,1144,0
6.1301176s,1.4446268s,3.0178144s,11421,1144,0
6.8666625s,1.4395738s,6.6370572s,11436,1145,0
5.8270169s,1.2102632s,402.9109ms,11448,1145,0
6.0778738s,1.3257202s,7.4462828s,11438,1145,0
7.2906178s,1.4079199s,6.2379529s,11437,1145,0
6.2382018s,1.1618115s,0s,11447,1145,0
6.0102073s,1.2055454s,7.5462131s,11433,1145,0
5.7681175s,1.0337136s,504.4224ms,11442,1145,0
6.5200889s,1.260296s,7.0469565s,11439,1145,0
6.5272719s,1.1033561s,7.0436501s,11435,1145,0
6.6347865s,1.0416121s,6.9457624s,11432,1145,0
6.2967109s,1.0929233s,0s,11444,1145,0
6.6478489s,1.1942893s,6.9470394s,11434,1145,0
6.4522304s,1.3612808s,7.1426579s,11440,1145,0
6.2031459s,1.3753229s,100.5791ms,11446,1145,0
6.2409347s,1.2455794s,7.3545141s,11431,1145,0
6.475998s,1.4066682s,0s,11441,1145,0
6.6450242s,1.4655128s,0s,11445,1145,0
6.687389s,1.3732778s,0s,11443,1145,0
7.3612831s,1.4546958s,3.221222s,11460,1147,0
5.9595304s,1.2070261s,4.6272081s,11451,1147,0
5.8645867s,1.0212208s,4.7286138s,11458,1147,0
5.5624453s,1.0800751s,5.0325793s,11459,1147,0
6.7872075s,1.0212208s,3.8253035s,11457,1147,0
6.4876802s,1.4890264s,4.127423s,11455,1147,0
6.5909971s,1.1378296s,4.0301647s,11456,1147,0
6.5988143s,1.0597959s,4.027856s,11452,1147,0
6.2287564s,1.4811397s,4.4288098s,11453,1147,0
5.928022s,1.1716374s,4.7295442s,11454,1147,0
6.948924s,1.2992194s,10.6701639s,11450,1147,0
6.7479171s,1.0929233s,10.8705201s,11449,1147,0
6.0625506s,1.2806622s,9.771187s,11470,1149,0
6.0670733s,1.208067s,9.7666643s,11462,1149,0
6.3953382s,1.3403929s,2.5142946s,11472,1149,0
6.2958307s,1.0524848s,2.6185579s,11473,1149,0
6.5775716s,1.0426177s,9.2718828s,11466,1149,0
6.2812869s,1.1141638s,9.5681675s,11463,1149,0
6.9100027s,1.4165219s,2.0145186s,11478,1149,0
6.2066369s,1.1896839s,2.7178844s,11476,1149,0
6.2931811s,1.2724148s,9.5637784s,11469,1149,0
6.415777s,1.4726912s,2.5165673s,11474,1149,0
6.419713s,1.2950204s,2.5161096s,11479,1149,0
5.6223444s,1.286573s,3.3232175s,11475,1149,0
6.911362s,1.3627329s,8.9637933s,11461,1149,0
6.0183531s,1.0186288s,9.8614241s,11464,1149,0
6.9268838s,1.2642807s,8.9528934s,11465,1149,0
5.6340752s,1.2707012s,3.3188182s,11471,1149,0
6.6430499s,1.0705011s,2.3155251s,11477,1149,0
5.3267205s,1.1008838s,10.5713503s,11468,1149,0
6.4487512s,1.0944042s,9.4560315s,11467,1149,0
6.4726999s,1.2593274s,2.5149354s,11480,1149,0
6.7020782s,1.4708454s,7.1534859s,11489,1151,0
6.3075488s,1.2739536s,7.5480153s,11481,1151,0
6.3530554s,1.3675843s,804.8464ms,11493,1151,0
6.5220446s,1.3865605s,7.3464472s,11487,1151,0
5.8180793s,1.1080822s,8.0504125s,11483,1151,0
5.919742s,1.0332324s,7.9567771s,11485,1151,0
6.1237421s,1.144822s,7.752777s,11490,1151,0
6.4287034s,1.2577779s,7.4498993s,11482,1151,0
5.9725313s,1.2258424s,1.2074918s,11491,1151,0
6.7789574s,1.3505602s,403.1249ms,11498,1151,0
6.1390788s,1.1976628s,7.7511082s,11486,1151,0
6.3912723s,1.2277872s,805.5881ms,11495,1151,0
6.3931661s,1.4204495s,806.8369ms,11494,1151,0
6.1996071s,1.3858194s,1.0033927s,11492,1151,0
6.1616642s,1.214515s,7.752671s,11484,1151,0
6.5101792s,1.3770155s,705.3236ms,11499,1151,0
5.9130063s,1.2237164s,1.3066648s,11496,1151,0
5.9821166s,1.0249542s,7.9496838s,11488,1151,0
6.829469s,1.0417912s,402.9505ms,11497,1151,0
6.02696s,1.028293s,1.2086045s,11500,1151,0
6.1914733s,1.0727475s,100.1882ms,11511,1152,0
5.9913295s,1.0620213s,303.3572ms,11513,1152,0
6.4914101s,1.004502s,6.9488176s,11503,1152,0
5.907994s,1.1195538s,7.5479993s,11501,1152,0
6.1143512s,1.1029908s,200.6983ms,11520,1152,0
6.2185209s,1.170607s,7.2468978s,11507,1152,0
5.7171992s,1.2430264s,602.6785ms,11519,1152,0
6.2259746s,1.2574176s,7.2492757s,11505,1152,0
5.9337314s,1.4176115s,402.5413ms,11517,1152,0
7.145541s,1.4695235s,6.3408725s,11510,1152,0
6.7363289s,1.3146926s,6.7500846s,11504,1152,0
5.8318704s,1.2078232s,7.6545431s,11508,1152,0
6.5381501s,1.2174517s,6.9487127s,11509,1152,0
6.8545376s,1.2062941s,6.6418649s,11502,1152,0
6.3635007s,1.2599323s,7.1478963s,11506,1152,0
6.2658402s,1.2774073s,100.0158ms,11514,1152,0
6.076354s,1.0674959s,302.2942ms,11516,1152,0
6.4080406s,1.2623783s,0s,11515,1152,0
6.682854s,1.336192s,0s,11518,1152,0
6.7418136s,1.2578909s,0s,11512,1152,0
5.2181844s,1.0504831s,0s,11531,1154,0
5.9653276s,1.2135161s,6.0369388s,11527,1154,0
6.7823286s,1.234951s,5.2322591s,11523,1154,0
6.1835883s,1.0140309s,5.8335194s,11528,1154,0
6.5880986s,1.4546022s,5.4290091s,11524,1154,0
6.3899324s,1.179597s,5.6337516s,11525,1154,0
6.1040999s,1.0855047s,5.9367861s,11521,1154,0
6.124633s,1.4723346s,5.9352963s,11522,1154,0
6.0264289s,1.4568079s,6.039565s,11530,1154,0
6.2305756s,1.4553838s,5.8398382s,11529,1154,0
5.7562261s,1.0376079s,6.3382358s,11526,1154,0
7.1461598s,1.3782839s,10.162732s,11535,1156,0
6.0455038s,1.0111717s,4.1264738s,11548,1156,0
6.256492s,1.1686784s,3.919722s,11550,1156,0
6.5552799s,1.0977551s,10.7670698s,11533,1156,0
6.5603993s,1.1991504s,10.7671553s,11536,1156,0
6.4693993s,1.1666923s,10.8697397s,11540,1156,0
6.4748851s,1.4556179s,3.7217036s,11544,1156,0
6.1863441s,1.3750316s,11.1678617s,11538,1156,0
6.8940113s,1.326403s,10.4601945s,11534,1156,0
6.0889049s,1.1183603s,11.2653009s,11532,1156,0
6.4888753s,1.4004365s,3.7278036s,11545,1156,0
6.7969338s,1.3056265s,10.5677269s,11539,1156,0
6.0930001s,1.4014833s,4.1270155s,11546,1156,0
6.4995031s,1.3483634s,3.7226231s,11543,1156,0
6.3021007s,1.2426618s,3.9235845s,11541,1156,0
6.2107538s,1.0066943s,11.1610912s,11537,1156,0
6.1033923s,1.2164927s,4.1222929s,11542,1156,0
7.2237012s,1.4724695s,3.0187567s,11549,1156,0
6.5201904s,1.3335376s,3.727696s,11547,1156,0
5.5928946s,1.0819447s,9.0625889s,11551,1158,0
6.1611249s,1.297551s,1.6099474s,11562,1158,0
6.5209333s,1.3914182s,8.1543783s,11557,1158,0
6.0196344s,1.0658118s,8.6556772s,11554,1158,0
5.7820152s,1.0444326s,2.0119632s,11563,1158,0
6.2247011s,1.0864903s,8.4542626s,11556,1158,0
6.0943338s,1.4448141s,1.7102139s,11568,1158,0
6.0979244s,1.0075189s,1.7114082s,11565,1158,0
6.6040504s,1.4743816s,1.2101615s,11564,1158,0
6.4517318s,1.0434783s,8.2490153s,11553,1158,0
6.2554957s,1.3701136s,8.4614336s,11552,1158,0
6.5243093s,1.4418005s,1.3082088s,11561,1158,0
6.0227455s,1.4529011s,1.8133583s,11570,1158,0
6.1648228s,1.1874336s,8.5624557s,11555,1158,0
5.2638663s,1.1088906s,9.462894s,11559,1158,0
5.9327275s,1.0317778s,1.9146397s,11567,1158,0
6.3799196s,1.4163444s,8.3518588s,11558,1158,0
6.7399816s,1.0279245s,1.1073856s,11566,1158,0
6.8844112s,1.2120544s,7.8500752s,11560,1158,0
6.0442663s,1.3936913s,1.8123439s,11569,1158,0
7.1390099s,1.2978377s,100.7621ms,11586,1160,0
6.5350042s,1.3425052s,704.7678ms,11584,1160,0
6.7393189s,1.2264519s,503.5189ms,11581,1160,0
6.7721888s,1.4468454s,7.2459407s,11578,1160,0
6.3665033s,1.2317244s,7.6516262s,11576,1160,0
5.8732573s,1.0484744s,8.1557562s,11574,1160,0
5.8845135s,1.0076422s,8.1484198s,11575,1160,0
6.6747518s,1.073965s,603.1474ms,11583,1160,0
6.5012502s,1.3198612s,7.5491734s,11579,1160,0
5.7710422s,1.2877811s,1.5078134s,11588,1160,0
6.2191092s,1.0246068s,7.8467813s,11571,1160,0
6.288223s,1.2193603s,1.0051431s,11585,1160,0
6.4219206s,1.4223002s,7.6503491s,11573,1160,0
6.4947486s,1.176222s,804.9967ms,11582,1160,0
6.2980397s,1.2450062s,1.0075934s,11590,1160,0
6.3090702s,1.0524268s,1.0049178s,11587,1160,0
5.8345909s,1.0948481s,8.2519215s,11577,1160,0
6.3126226s,1.1951824s,1.0049728s,11589,1160,0
6.3510892s,1.0481139s,7.7488834s,11572,1160,0
6.6589345s,1.4513618s,7.4497007s,11580,1160,0
6.8530186s,1.4992412s,6.6457119s,11594,1161,0
6.9649887s,1.2096795s,6.5396197s,11591,1161,0
6.4723877s,1.0216218s,7.0429179s,11600,1161,0
5.9531146s,1.2208694s,603.4162ms,11604,1161,0
6.2738193s,1.4201858s,7.2521801s,11599,1161,0
6.3706441s,1.037517s,201.0671ms,11610,1161,0
6.2890356s,1.4057181s,7.2494245s,11597,1161,0
6.5816544s,1.0868992s,0s,11605,1161,0
5.9801326s,1.4868274s,603.4965ms,11607,1161,0
6.3053533s,1.1525464s,7.246637s,11598,1161,0
6.1024476s,1.2966988s,7.4495427s,11595,1161,0
6.3924131s,1.3225912s,201.5795ms,11603,1161,0
6.0904305s,1.2279398s,503.5621ms,11609,1161,0
6.5244694s,1.1874711s,7.0439475s,11593,1161,0
5.6163973s,1.0258625s,7.9520196s,11596,1161,0
6.0015958s,1.1507691s,603.2043ms,11608,1161,0
6.34252s,1.3736564s,7.249328s,11592,1161,0
6.7142186s,1.2833178s,0s,11602,1161,0
6.7640991s,1.0444368s,0s,11601,1161,0
6.8059297s,1.3503667s,0s,11606,1161,0
6.5667592s,1.2158068s,5.6414867s,11616,1163,0
5.9709026s,1.0044577s,6.2456203s,11618,1163,0
5.9782022s,1.2484741s,6.2383207s,11615,1163,0
6.6868177s,1.4845906s,5.5391725s,11611,1163,0
6.6938635s,1.3618775s,5.5389377s,11617,1163,0
5.4343879s,1.2457017s,0s,11626,1163,0
6.811332s,1.1744958s,5.4394975s,11614,1163,0
6.3252156s,1.3445083s,5.9398885s,11619,1163,0
6.4385413s,1.3667466s,5.8392815s,11613,1163,0
6.3474645s,1.034572s,5.9420208s,11612,1163,0
5.447247s,1.154861s,6.8451677s,11620,1163,0
7.2446438s,1.4038994s,10.4681962s,11621,1165,0
6.7406924s,1.0378549s,10.9721476s,11629,1165,0
7.1512304s,1.3073648s,10.5685709s,11622,1165,0
6.2548394s,1.1025934s,4.2265212s,11637,1165,0
6.2780018s,1.0035668s,11.4730462s,11627,1165,0
6.8894498s,1.4854037s,3.6242285s,11640,1165,0
5.6953914s,1.4394446s,4.8285769s,11639,1165,0
5.8981377s,1.0749559s,4.6258306s,11633,1165,0
6.5954321s,1.2776603s,11.17318s,11625,1165,0
6.5013679s,1.1620847s,4.0280381s,11638,1165,0
6.3078687s,1.4604889s,11.4719568s,11628,1165,0
5.910545s,1.2832783s,4.6288305s,11635,1165,0
5.8101825s,1.0337591s,4.729193s,11631,1165,0
6.6099575s,1.1656421s,11.1740618s,11623,1165,0
6.0127871s,1.0995728s,11.7780786s,11624,1165,0
6.5206706s,1.1585801s,4.0255513s,11634,1165,0
6.719674s,1.2728963s,3.8265479s,11636,1165,0
5.8253708s,1.0131296s,4.7343503s,11632,1165,0
6.231747s,1.108473s,11.5743904s,11630,1165,0
7.0297659s,1.4334172s,2.1127324s,11660,1167,0
6.3207669s,1.3985547s,9.7701648s,11649,1167,0
6.9366037s,1.2767116s,9.154328s,11644,1167,0
6.3465526s,1.3557349s,2.8216489s,11651,1167,0
6.6620165s,1.3394759s,2.5148885s,11658,1167,0
6.6676381s,1.4134305s,2.5168284s,11659,1167,0
6.3685457s,1.0077424s,2.8191381s,11657,1167,0
6.3586035s,1.3316525s,9.765684s,11647,1167,0
6.3715519s,1.1578749s,2.8174854s,11654,1167,0
6.2741505s,1.2861953s,9.8540357s,11648,1167,0
5.6709729s,1.1965189s,3.5206096s,11652,1167,0
6.3735039s,1.4591993s,9.765502s,11643,1167,0
6.8883823s,1.2066718s,9.2604592s,11641,1167,0
5.6769069s,1.3464896s,10.4722874s,11646,1167,0
6.0797604s,1.0787919s,10.0694339s,11642,1167,0
6.6934171s,1.4984602s,9.4585676s,11650,1167,0
6.5127654s,1.492722s,2.7144137s,11653,1167,0
6.6152954s,1.1965189s,2.6175147s,11655,1167,0
6.311151s,1.2663183s,9.8622055s,11645,1167,0
6.7192015s,1.4494164s,2.5175513s,11656,1167,0
6.4781888s,1.314326s,8.3592584s,11663,1169,0
6.4678811s,1.1109456s,1.5095298s,11671,1169,0
6.7844701s,1.2160053s,8.0560704s,11661,1169,0
5.8870183s,1.1335226s,8.9535222s,11666,1169,0
6.1853268s,1.0692157s,8.6552137s,11668,1169,0
6.7020786s,1.4863168s,8.151549s,11664,1169,0
6.7861494s,1.1368253s,1.2074419s,11673,1169,0
6.7000854s,1.1893315s,1.3097521s,11674,1169,0
6.1083647s,1.4164409s,1.9128554s,11680,1169,0
6.1146484s,1.0417706s,1.9107199s,11677,1169,0
6.4342858s,1.4838075s,1.6091222s,11679,1169,0
6.8600363s,1.3575324s,8.0515122s,11662,1169,0
6.0558311s,1.3094555s,8.8588627s,11669,1169,0
6.6641143s,1.4172311s,8.2505795s,11670,1169,0
5.6563093s,1.3575324s,9.2583845s,11665,1169,0
6.7515401s,1.3314081s,1.3098266s,11678,1169,0
6.1733177s,1.1253048s,8.7532836s,11667,1169,0
5.7568248s,1.0943494s,2.3147078s,11672,1169,0
6.1613852s,1.2313496s,1.9133112s,11676,1169,0
6.2616516s,1.0685478s,1.8130448s,11675,1169,0
6.408203s,1.1667254s,303.3572ms,11699,1170,0
5.6116173s,1.1783712s,1.1104288s,11691,1170,0
6.4834306s,1.0806543s,6.7479461s,11686,1170,0
6.4228351s,1.246553s,302.1169ms,11694,1170,0
6.2917268s,1.2454885s,6.943639s,11684,1170,0
6.3942914s,1.0227116s,6.8451731s,11681,1170,0
6.3311355s,1.2227193s,401.9043ms,11697,1170,0
6.5060794s,1.3682807s,6.7427347s,11685,1170,0
6.2067274s,1.1616059s,7.044752s,11688,1170,0
6.7447094s,1.2123506s,0s,11693,1170,0
5.8050331s,1.1674529s,7.4464463s,11690,1170,0
6.7463728s,1.361115s,0s,11695,1170,0
6.7591187s,1.2394647s,0s,11696,1170,0
6.2205484s,1.2475408s,7.0487881s,11683,1170,0
6.3353394s,1.2598015s,6.9454821s,11682,1170,0
6.3798903s,1.0417309s,402.7278ms,11692,1170,0
6.3448096s,1.3238508s,6.9456794s,11689,1170,0
6.7950694s,1.1313168s,0s,11698,1170,0
6.3688875s,1.2387804s,6.9423063s,11687,1170,0
6.8886981s,1.1594337s,0s,11700,1170,0
6.2525623s,1.3516045s,5.9435169s,11705,1172,0
6.3946993s,1.408108s,5.841371s,11707,1172,0
6.1993097s,1.4653623s,6.0436883s,11703,1172,0
6.9206575s,1.3689313s,5.3310963s,11708,1172,0
6.3185441s,1.2329655s,5.9332097s,11710,1172,0
5.8173215s,1.2160544s,6.4428433s,11701,1172,0
6.7363727s,1.1016846s,5.5372125s,11702,1172,0
6.0295628s,1.0906485s,6.2440224s,11704,1172,0
6.4365851s,1.1347499s,5.8426781s,11706,1172,0
6.4378636s,1.4049734s,5.8439264s,11709,1172,0
5.6963473s,1.1953381s,0s,11718,1172,0
6.9128712s,1.4336273s,3.2187414s,11724,1174,0
6.3350517s,1.1118739s,10.8743183s,11711,1174,0
6.8257539s,1.2205345s,3.3201629s,11727,1174,0
6.0279582s,1.3455601s,4.1277102s,11726,1174,0
6.0651285s,1.1774925s,11.1731692s,11714,1174,0
6.9644735s,1.0119897s,10.2738242s,11716,1174,0
6.6707097s,1.3804829s,10.5697341s,11719,1174,0
5.8430953s,1.0625097s,4.3251924s,11722,1174,0
7.0743029s,1.306801s,10.1682877s,11720,1174,0
6.0460213s,1.1034413s,4.1268798s,11730,1174,0
6.8568112s,1.4103155s,3.322832s,11728,1174,0
6.5873743s,1.3839361s,10.6696819s,11712,1174,0
6.7611915s,1.2095996s,3.4243824s,11725,1174,0
5.9563424s,1.1480775s,4.2292315s,11721,1174,0
6.0953547s,1.2882195s,11.1696591s,11715,1174,0
6.2042076s,1.2125467s,11.0722782s,11713,1174,0
6.694857s,1.1143331s,3.524523s,11729,1174,0
5.9234603s,1.0394438s,11.3748397s,11717,1174,0
6.6049431s,1.456691s,3.6222123s,11723,1174,0
6.8147313s,1.3095518s,1.7097889s,11742,1176,0
6.1337706s,1.4610959s,2.4120107s,11749,1176,0
6.7415154s,1.3280312s,1.8108498s,11746,1176,0
7.1009305s,1.3903597s,8.5552569s,11735,1176,0
6.6464364s,1.0920275s,1.9108182s,11747,1176,0
6.4439558s,1.0892504s,2.1132988s,11748,1176,0
6.3137244s,1.346613s,9.3605412s,11734,1176,0
6.0171502s,1.2638163s,9.6627194s,11739,1176,0
5.7154104s,1.0122019s,9.9644592s,11737,1176,0
7.0274457s,1.3394579s,8.6618851s,11731,1176,0
6.5313042s,1.4452059s,9.161918s,11736,1176,0
5.926037s,1.1188862s,9.7671852s,11738,1176,0
5.8829855s,1.2905414s,2.7166924s,11750,1176,0
6.1419291s,1.1484655s,9.5606391s,11732,1176,0
5.7884698s,1.1565072s,2.8164612s,11745,1176,0
6.3920602s,1.2707724s,2.2128708s,11744,1176,0
5.8414159s,1.0778234s,9.8683378s,11740,1176,0
5.9932741s,1.0632405s,2.6155491s,11743,1176,0
5.8471842s,1.1004918s,9.8662679s,11733,1176,0
6.5028555s,1.1686959s,2.1126424s,11741,1176,0
6.3559845s,1.0510509s,7.2508934s,11757,1177,0
6.3617333s,1.4571552s,7.2466276s,11753,1177,0
6.397556s,1.0940545s,100.2335ms,11766,1177,0
6.0946726s,1.3644359s,403.1169ms,11761,1177,0
6.7009288s,1.3238785s,6.9436221s,11754,1177,0
6.2014211s,1.005927s,7.4465997s,11756,1177,0
6.8100481s,1.479762s,6.8428s,11758,1177,0
7.1136175s,1.4316554s,6.5414435s,11751,1177,0
6.7205962s,1.2190168s,6.9453311s,11759,1177,0
6.1548134s,1.1587087s,401.5468ms,11763,1177,0
6.1564346s,1.4895636s,401.3843ms,11767,1177,0
6.4338558s,1.3133675s,7.2486078s,11752,1177,0
6.3337367s,1.0510509s,7.3487269s,11755,1177,0
5.4682031s,1.3776704s,1.1066872s,11770,1177,0
6.2787119s,1.2124187s,300.5291ms,11765,1177,0
6.2442506s,1.3459339s,7.4489269s,11760,1177,0
6.5879267s,1.1667967s,0s,11768,1177,0
6.6070795s,1.4537983s,0s,11769,1177,0
6.847095s,1.4603986s,0s,11762,1177,0
7.0542638s,1.4628789s,11.8680587s,11764,1179,0
6.2389872s,1.4675102s,5.6403891s,11773,1179,0
6.0462363s,1.2324266s,5.8356064s,11771,1179,0
6.1490434s,1.055394s,5.7416305s,11774,1179,0
6.6868642s,1.3667232s,5.2287955s,11775,1179,0
6.7012318s,1.2373368s,5.2340085s,11772,1179,0
6.3044683s,1.4905896s,5.6343036s,11777,1179,0
7.2132002s,1.4424101s,4.7294044s,11779,1179,0
6.3107215s,1.1235493s,5.6384678s,11780,1179,0
6.7155841s,1.1784134s,5.2367616s,11778,1179,0
6.6226959s,1.3887401s,5.3296498s,11776,1179,0
6.6315576s,1.3276742s,10.5743432s,11786,1181,0
6.7430735s,1.2498619s,10.4655336s,11788,1181,0
6.0475503s,1.1551498s,11.1610568s,11781,1181,0
6.7449217s,1.1407466s,10.4636854s,11790,1181,0
6.8117822s,1.0647892s,3.6216962s,11797,1181,0
6.7241697s,1.296842s,3.7250663s,11798,1181,0
6.0494868s,1.4020854s,11.1748779s,11787,1181,0
6.5297688s,1.110679s,3.9263466s,11793,1181,0
5.7246296s,1.1275361s,4.7314858s,11792,1181,0
6.4638163s,1.1322934s,10.7711921s,11784,1181,0
6.7744388s,1.2631892s,10.4625867s,11783,1181,0
6.8434532s,1.4863778s,3.6234993s,11796,1181,0
5.738382s,1.0655758s,4.7302173s,11799,1181,0
5.4667404s,1.0364325s,11.7769876s,11782,1181,0
6.7569668s,1.3103953s,3.7206619s,11794,1181,0
6.3876059s,1.3433272s,10.8668817s,11789,1181,0
6.6593409s,1.4618068s,3.8246888s,11800,1181,0
6.4595006s,1.021511s,4.0245291s,11791,1181,0
6.3693267s,1.4360255s,4.1314147s,11795,1181,0
6.2153718s,1.2326946s,11.0791531s,11785,1181,0
6.6543404s,1.3575713s,9.4667942s,11808,1183,0
6.1605957s,1.3817689s,9.9660791s,11801,1183,0
6.8003184s,1.340582s,2.5181456s,11811,1183,0
5.7647391s,1.2381195s,10.371647s,11804,1183,0
6.7764484s,1.4921701s,9.3684774s,11809,1183,0
6.4115955s,1.4829692s,2.9193813s,11820,1183,0
6.9156997s,1.4606498s,2.4176888s,11816,1183,0
6.4956703s,1.0207059s,9.6663298s,11803,1183,0
6.4378473s,1.2869682s,2.919767s,11814,1183,0
6.2103347s,1.0789024s,9.9664563s,11806,1183,0
6.8173071s,1.0500577s,9.3594839s,11810,1183,0
6.2417479s,1.4227867s,3.1210984s,11817,1183,0
6.2503397s,1.3607315s,3.1175194s,11818,1183,0
5.751383s,1.0676362s,3.6199342s,11819,1183,0
5.6572205s,1.1670807s,3.7257605s,11815,1183,0
6.3421402s,1.2268798s,9.8581479s,11802,1183,0
5.9336426s,1.0017634s,10.2666455s,11807,1183,0
6.2450817s,1.0713857s,9.9671011s,11805,1183,0
6.1734169s,1.382375s,3.2214588s,11812,1183,0
6.6799384s,1.4265674s,2.7174154s,11813,1183,0
6.767132s,1.1125503s,9.0621245s,11825,1185,0
7.0271243s,1.3485891s,1.6087068s,11832,1185,0
6.4702237s,1.1862075s,9.3672805s,11822,1185,0
6.7315613s,1.4070999s,1.9112604s,11834,1185,0
6.6875416s,1.0603014s,9.1568186s,11821,1185,0
7.1968242s,1.3468784s,8.6568625s,11824,1185,0
6.6470228s,1.1652142s,2.0127423s,11831,1185,0
5.9401978s,1.0174705s,2.7195673s,11836,1185,0
5.7531753s,1.0006331s,2.9191219s,11840,1185,0
6.3584446s,1.2917317s,2.3149573s,11838,1185,0
6.1098498s,1.4067181s,9.764521s,11826,1185,0
6.6110091s,1.1920322s,9.2633617s,11827,1185,0
6.2247633s,1.0433211s,9.6637067s,11828,1185,0
6.174124s,1.2468451s,2.5175218s,11835,1185,0
6.3272346s,1.0902346s,9.5612354s,11823,1185,0
5.9757102s,1.4070999s,2.7189718s,11837,1185,0
7.0334364s,1.1904091s,8.8612166s,11830,1185,0
6.8930741s,1.4070999s,1.8103601s,11833,1185,0
6.3410116s,1.2363714s,9.5627349s,11829,1185,0
6.6116885s,1.4286721s,2.114159s,11839,1185,0
6.1912292s,1.0425066s,401.533ms,11852,1186,0
5.9197343s,1.1644764s,7.8488335s,11850,1186,0
6.3365908s,1.0349064s,7.4469483s,11847,1186,0
6.2105199s,1.1607249s,401.1738ms,11860,1186,0
5.8359392s,1.0916888s,7.9507092s,11842,1186,0
6.1181915s,1.0453529s,503.656ms,11856,1186,0
6.0186098s,1.0822512s,603.2377ms,11851,1186,0
6.2215894s,1.309522s,402.7119ms,11858,1186,0
6.3525198s,1.0999597s,7.4442812s,11849,1186,0
6.628831s,1.0556758s,0s,11857,1186,0
6.0576442s,1.1415254s,7.7457985s,11843,1186,0
6.1366464s,1.0482262s,504.089ms,11853,1186,0
7.1718454s,1.4101712s,6.6416975s,11844,1186,0
6.2659703s,1.0730446s,7.5475726s,11845,1186,0
6.6790488s,1.4284207s,7.1454068s,11841,1186,0
6.0810656s,1.1353747s,7.7481966s,11848,1186,0
6.5582596s,1.1302925s,100.5609ms,11854,1186,0
5.8667711s,1.3110042s,808.112ms,11855,1186,0
6.8085487s,1.296747s,7.0437165s,11846,1186,0
6.8738396s,1.4185906s,0s,11859,1186,0
5.8768073s,1.0574682s,6.9453898s,11862,1188,0
5.6821463s,1.0381897s,7.1447422s,11870,1188,0
6.2894519s,1.4768206s,6.542932s,11863,1188,0
7.2076025s,1.3899754s,5.6419195s,11867,1188,0
6.120924s,1.0305784s,6.7409431s,11861,1188,0
6.9365721s,1.3577205s,5.937334s,11869,1188,0
5.9380284s,1.2144889s,6.9400053s,11868,1188,0
6.8448539s,1.3814699s,6.0331798s,11866,1188,0
5.2749846s,1.0601202s,401.7726ms,11878,1188,0
6.7454277s,1.2089658s,6.1452168s,11864,1188,0
7.0585168s,1.3602037s,5.8376583s,11865,1188,0
5.9754464s,1.196322s,0s,11874,1188,0
5.9924752s,1.3232829s,0s,11871,1188,0
6.0388849s,1.2854673s,0s,11880,1188,0
6.0656823s,1.2974569s,0s,11873,1188,0
6.7743096s,1.4589065s,4.7307468s,11881,1190,0
6.1801913s,1.3788832s,5.3346884s,11882,1190,0
6.1069269s,1.4837479s,5.4350816s,11887,1190,0
6.3143856s,1.0145794s,11.7777683s,11879,1190,0
6.6218457s,1.3552934s,4.9325036s,11890,1190,0
5.8230593s,1.0444851s,5.7340494s,11886,1190,0
6.4239904s,1.2036596s,5.1331183s,11888,1190,0
6.3298484s,1.2156611s,11.7771799s,11872,1190,0
6.1366005s,1.0876847s,5.4364109s,11883,1190,0
6.8413315s,1.2845474s,4.7316799s,11885,1190,0
6.0357822s,1.080744s,5.5372292s,11889,1190,0
6.3381797s,1.1054646s,11.774847s,11875,1190,0
6.5374498s,1.4724205s,11.5755769s,11877,1190,0
6.336343s,1.3664072s,11.7766837s,11876,1190,0
7.0610793s,1.3235816s,4.5294482s,11884,1190,0
6.5174781s,1.4155933s,3.020858s,11909,1192,0
6.5476408s,1.3568345s,10.1756855s,11895,1192,0
6.1191517s,1.2578906s,3.4231449s,11901,1192,0
5.855008s,1.3013763s,10.8758945s,11896,1192,0
6.6681669s,1.0407496s,10.0726488s,11892,1192,0
7.1849902s,1.3013763s,9.560654s,11898,1192,0
6.5545182s,1.4487995s,3.023223s,11902,1192,0
6.3592802s,1.3209962s,3.2203843s,11907,1192,0
6.3592802s,1.3811923s,3.2203843s,11910,1192,0
6.7603265s,1.2908608s,2.8210665s,11908,1192,0
6.6654253s,1.3764777s,2.9206079s,11906,1192,0
6.6054882s,1.1959018s,10.1687898s,11899,1192,0
6.3053395s,1.3817157s,10.4689385s,11893,1192,0
6.0740079s,1.1907945s,3.5195412s,11905,1192,0
5.7775236s,1.1194063s,3.8262554s,11903,1192,0
5.528399s,1.0285102s,11.2730757s,11891,1192,0
7.0384273s,1.4527956s,9.7691025s,11900,1192,0
6.2008348s,1.1605624s,3.4224289s,11904,1192,0
6.3445505s,1.0088374s,10.4660114s,11894,1192,0
6.2394141s,1.464992s,10.5711478s,11897,1192,0
6.5777156s,1.2282694s,2.4139237s,11926,1194,0
6.4946829s,1.2940252s,9.367072s,11919,1194,0
6.4831628s,1.244403s,2.5150885s,11921,1194,0
6.6042166s,1.0434773s,9.2613994s,11920,1194,0
7.1034686s,1.4444211s,1.9123363s,11925,1194,0
5.6058154s,1.0974098s,10.2761521s,11914,1194,0
6.3017466s,1.4498477s,2.7167173s,11927,1194,0
6.8082458s,1.1291806s,2.2155443s,11929,1194,0
5.5106721s,1.2942954s,3.5218881s,11924,1194,0
5.6333384s,1.076205s,10.273339s,11916,1194,0
6.5502798s,1.4906609s,9.3601522s,11918,1194,0
6.6423229s,1.4036731s,2.4141422s,11930,1194,0
6.8635036s,1.4527841s,9.0653658s,11913,1194,0
5.8412695s,1.0643361s,3.2240963s,11928,1194,0
6.2497039s,1.4915318s,2.8176681s,11923,1194,0
6.1670946s,1.407656s,9.7673818s,11912,1194,0
6.4582323s,1.3034936s,2.6165582s,11922,1194,0
6.1694722s,1.0165323s,9.7688219s,11915,1194,0
6.478356s,1.1680028s,9.465682s,11917,1194,0
6.6825572s,1.2021849s,9.2655939s,11911,1194,0
6.728016s,1.3587425s,7.8469263s,11937,1196,0
6.432762s,1.2228058s,1.4088407s,11941,1196,0
6.5356267s,1.2703239s,1.31027s,11948,1196,0
6.7396486s,1.1651959s,7.8528271s,11933,1196,0
5.8323127s,1.1075739s,8.760163s,11939,1196,0
6.5483602s,1.2703239s,1.3099358s,11945,1196,0
6.5601372s,1.4119147s,8.0537737s,11935,1196,0
6.4789308s,1.4287664s,1.4081244s,11942,1196,0
5.9723032s,1.338508s,1.914752s,11943,1196,0
6.3806016s,1.0786508s,1.5104893s,11946,1196,0
5.981973s,1.1626184s,8.6539621s,11940,1196,0
6.1829362s,1.106557s,8.4529989s,11936,1196,0
6.2867849s,1.0582346s,8.3538592s,11938,1196,0
6.2903592s,1.3850042s,8.3502849s,11932,1196,0
6.7942308s,1.4455746s,1.1067647s,11950,1196,0
5.9022283s,1.0236863s,2.0113474s,11947,1196,0
5.8051701s,1.0513642s,8.8544122s,11934,1196,0
6.7148839s,1.2853614s,1.2093465s,11944,1196,0
6.0176166s,1.097661s,1.9126071s,11949,1196,0
6.619612s,1.1106298s,8.0502603s,11931,1196,0
6.4068614s,1.4909831s,6.6457273s,11960,1197,0
5.8668717s,1.1993533s,201.1488ms,11968,1197,0
6.2172087s,1.30479s,6.8439881s,11952,1197,0
5.2106886s,1.0410629s,7.8544405s,11951,1197,0
6.0839386s,1.4260216s,0s,11965,1197,0
6.3353711s,1.1898966s,6.7450935s,11959,1197,0
6.0057926s,1.4066279s,100.1469ms,11966,1197,0
6.1611489s,1.2753457s,6.9467709s,11956,1197,0
6.7700553s,1.3159978s,6.3395573s,11953,1197,0
6.1219069s,1.0137602s,0s,11970,1197,0
6.9877057s,1.471585s,6.138317s,11958,1197,0
6.2941231s,1.0017384s,6.845278s,11954,1197,0
6.6961701s,1.3290899s,6.443231s,11957,1197,0
5.8503928s,1.16951s,302.7648ms,11967,1197,0
6.9013074s,1.4238641s,6.2426249s,11955,1197,0
6.5207949s,1.3833745s,0s,11969,1197,0
6.3837189s,1.4906852s,3.9220252s,11977,1199,0
6.5125248s,1.4945963s,3.8248969s,11973,1199,0
6.6204059s,1.0115126s,3.7202122s,11979,1199,0
6.2197839s,1.1756807s,4.1260456s,11975,1199,0
6.8519846s,1.4083013s,10.767681s,11963,1199,0
6.6512619s,1.2162932s,10.9684037s,11962,1199,0
6.73229s,1.4368598s,3.6232346s,11974,1199,0
6.8601203s,1.0599701s,10.7650789s,11961,1199,0
7.2674414s,1.3888944s,10.3590419s,11964,1199,0
6.0430358s,1.2545587s,4.3252594s,11980,1199,0
6.2497656s,1.0941514s,4.1216861s,11971,1199,0
6.1483665s,1.032297s,4.2230852s,11978,1199,0
6.8587456s,1.2849522s,3.5208106s,11976,1199,0
6.3623447s,1.288313s,4.0225625s,11972,1199,0
6.9954425s,1.4409286s,9.7537963s,11987,1201,0
5.5909675s,1.2921628s,11.1598691s,11984,1201,0
6.2393261s,1.4722839s,3.516068s,11994,1201,0
6.5006009s,1.1919044s,10.2509148s,11986,1201,0
6.3417817s,1.1882723s,3.4142915s,11997,1201,0
6.5024344s,1.3052902s,10.2553149s,11990,1201,0
6.9612842s,1.3635554s,2.8112513s,11991,1201,0
6.5592405s,1.2231696s,3.213295s,11999,1201,0
5.8567832s,1.426601s,3.9157523s,11996,1201,0
6.4294563s,1.0357316s,10.3467848s,11982,1201,0
6.6298021s,1.3123233s,10.146439s,11989,1201,0
5.9373626s,1.375695s,10.8554704s,11988,1201,0
6.2840004s,1.3034201s,3.5178473s,11995,1201,0
6.4839338s,1.0192099s,3.3179139s,11998,1201,0
6.7489197s,1.3946933s,10.0513497s,11981,1201,0
6.0031942s,1.4775176s,3.8213878s,11992,1201,0
6.5678033s,1.2565444s,10.2547327s,11985,1201,0
5.6635854s,1.0586801s,11.1589506s,11983,1201,0
5.9078996s,1.1464397s,3.9226748s,12000,1201,0
6.121476s,1.0316146s,3.7175609s,11993,1201,0
6.264056s,1.1936308s,2.7201188s,12016,1203,0
6.5733565s,1.3246443s,2.4155292s,12017,1203,0
6.4453543s,1.0835501s,9.2600948s,12006,1203,0
6.4896731s,1.4337099s,2.5177348s,12011,1203,0
6.6673309s,1.2297118s,9.056924s,12007,1203,0
6.4702399s,1.3144362s,9.254015s,12009,1203,0
6.5767897s,1.3754485s,9.1610647s,12001,1203,0
6.0879842s,1.1966709s,9.6581351s,12010,1203,0
5.7859181s,1.4087642s,9.9602012s,12003,1203,0
6.6916343s,1.1310565s,9.054485s,12002,1203,0
6.1240012s,1.0756108s,2.9162606s,12020,1203,0
6.200828s,1.4355967s,9.5526089s,12004,1203,0
6.2331417s,1.363433s,2.8177202s,12019,1203,0
6.4394409s,1.2337171s,2.6167939s,12015,1203,0
6.7131751s,1.2313071s,9.0593971s,12008,1203,0
6.5483233s,1.4997501s,2.5174103s,12018,1203,0
5.9532045s,1.17152s,3.1207258s,12014,1203,0
6.3283064s,1.2143562s,9.4615095s,12005,1203,0
6.4610826s,1.1887435s,2.6155582s,12012,1203,0
6.4629459s,1.4006995s,2.6171034s,12013,1203,0
6.1344342s,1.3957082s,9.7589305s,12030,1205,0
6.3945003s,1.2899446s,2.6152707s,12036,1205,0
6.7094339s,1.0213688s,2.3110346s,12031,1205,0
6.8590092s,1.2106392s,9.0522599s,12029,1205,0
6.3100861s,1.0606431s,2.7151984s,12033,1205,0
6.4153293s,1.1323335s,2.6140064s,12037,1205,0
6.763527s,1.2242329s,9.1517933s,12026,1205,0
6.3232139s,1.4209965s,2.7150144s,12038,1205,0
6.2728309s,1.1229608s,9.6560166s,12021,1205,0
5.7711981s,1.1306037s,10.1576494s,12027,1205,0
6.8777782s,1.3068097s,9.0514891s,12023,1205,0
6.8859846s,1.2228907s,9.0511484s,12025,1205,0
6.183847s,1.3433817s,9.7570216s,12024,1205,0
6.8450649s,1.1597559s,2.2145854s,12034,1205,0
6.3940264s,1.0462959s,9.5537155s,12028,1205,0
5.5501187s,1.1933983s,3.5184197s,12035,1205,0
5.9562636s,1.0236625s,3.1170616s,12040,1205,0
6.0723312s,1.2233165s,3.0164037s,12032,1205,0
6.2802594s,1.479565s,2.8143809s,12039,1205,0
6.3278979s,1.3786528s,9.6561913s,12022,1205,0
5.9837567s,1.0956507s,904.8187ms,12055,1206,0
6.6874312s,1.1772938s,201.1442ms,12060,1206,0
6.3877384s,1.1325072s,503.033ms,12059,1206,0
6.8281888s,1.1091252s,7.1446268s,12045,1206,0
5.7389057s,1.0974716s,8.2515713s,12043,1206,0
6.4204999s,1.3594934s,502.6386ms,12056,1206,0
6.4269749s,1.0296276s,501.9099ms,12053,1206,0
6.227745s,1.2615016s,702.7897ms,12052,1206,0
6.6704305s,1.4426287s,7.3473176s,12050,1206,0
6.4441789s,1.3071277s,502.3945ms,12054,1206,0
6.7727676s,1.1551589s,7.2449805s,12049,1206,0
7.0707698s,1.4680652s,6.9469783s,12048,1206,0
6.3447012s,1.4993239s,603.4618ms,12057,1206,0
6.1714544s,1.161535s,7.8506757s,12042,1206,0
6.5844421s,1.2325184s,7.4487543s,12041,1206,0
5.4854379s,1.0765771s,8.557537s,12047,1206,0
6.281554s,1.3805737s,704.6115ms,12058,1206,0
6.6188193s,1.2409428s,7.4399506s,12044,1206,0
6.0133945s,1.0699539s,8.0453754s,12046,1206,0
7.2186819s,1.4467657s,0s,12051,1206,0
6.1855499s,1.0179252s,5.4296268s,12062,1208,0
6.4870234s,1.1219149s,5.1281533s,12063,1208,0
6.2916743s,1.354665s,5.3318959s,12069,1208,0
6.4002605s,1.4887915s,5.231974s,12061,1208,0
5.2994337s,1.2546626s,6.3371376s,12068,1208,0
6.7363263s,1.4527609s,4.9297278s,12070,1208,0
6.5417508s,1.4253975s,5.1339226s,12066,1208,0
6.2516085s,1.0911371s,5.4380282s,12065,1208,0
5.7619294s,1.0554214s,5.9400014s,12067,1208,0
7.0752464s,1.40458s,4.6331312s,12064,1208,0
5.8470518s,1.1056254s,12.3788469s,12080,1210,0
6.1583292s,1.4597988s,12.0731244s,12071,1210,0
6.2672125s,1.171583s,11.9759126s,12078,1210,0
6.3696568s,1.1353629s,11.8734683s,12079,1210,0
6.4727012s,1.1956218s,11.7770367s,12072,1210,0
6.5369313s,1.3465344s,5.0313972s,12083,1210,0
6.6430003s,1.336423s,4.9262594s,12089,1210,0
6.6817508s,1.2313969s,11.5692597s,12073,1210,0
6.6515869s,1.4227686s,4.9274596s,12087,1210,0
6.2897061s,1.0360248s,11.9710912s,12076,1210,0
6.0906989s,1.0076112s,12.1793466s,12077,1210,0
6.2559834s,1.1702471s,5.3323113s,12090,1210,0
6.8568138s,1.4765329s,4.7314809s,12081,1210,0
6.0617797s,1.2221152s,5.5374368s,12088,1210,0
6.6791295s,1.1563434s,4.9317194s,12082,1210,0
6.0183762s,1.4874206s,12.2742235s,12074,1210,0
6.6825987s,1.1316415s,4.9304071s,12085,1210,0
6.2850974s,1.2377106s,5.333004s,12086,1210,0
7.0930881s,1.311603s,4.5273806s,12084,1210,0
6.140389s,1.4678756s,12.1712256s,12075,1210,0
6.115171s,1.1387131s,4.2265922s,12101,1212,0
6.3252538s,1.3450907s,4.0231988s,12108,1212,0
6.1317087s,1.1485409s,4.2239995s,12102,1212,0
6.7973419s,1.4483877s,10.36991s,12098,1212,0
6.8480387s,1.1601746s,3.5218713s,12109,1212,0
6.4078205s,1.1447898s,10.769237s,12094,1212,0
6.4600556s,1.0566558s,3.9211013s,12107,1212,0
6.458762s,1.2046136s,3.9223949s,12103,1212,0
6.6717231s,1.4896996s,3.7221314s,12105,1212,0
6.732341s,1.3554244s,10.4604045s,12099,1212,0
6.5287788s,1.4341745s,10.6639667s,12092,1212,0
6.3312161s,1.0792388s,10.8666292s,12096,1212,0
6.1352046s,1.1735232s,11.0626407s,12095,1212,0
6.1384631s,1.0852737s,11.0659299s,12091,1212,0
6.3843297s,1.4013916s,4.0267306s,12104,1212,0
5.6374957s,1.110363s,11.5709065s,12100,1212,0
5.8026807s,1.2059147s,4.624813s,12110,1212,0
6.5675629s,1.4505271s,10.6616558s,12097,1212,0
6.459289s,1.4413307s,10.7699297s,12093,1212,0
6.2104666s,1.2274785s,4.2214102s,12106,1212,0
6.7527041s,1.3995208s,1.004237s,12127,1214,0
6.8085298s,1.27035s,8.1481712s,12117,1214,0
6.3535999s,1.1656275s,1.4071486s,12122,1214,0
6.6529787s,1.2372431s,1.1077698s,12124,1214,0
6.0534446s,1.0141327s,1.7100737s,12128,1214,0
7.0596702s,1.4355452s,704.2109ms,12125,1214,0
6.7589295s,1.4528395s,1.0049516s,12121,1214,0
6.0190684s,1.2087549s,8.9561741s,12116,1214,0
6.3247366s,1.2813022s,8.6519116s,12111,1214,0
6.248643s,1.1183152s,8.7474481s,12118,1214,0
6.6957921s,1.4576667s,1.1054572s,12123,1214,0
6.6019773s,1.0675928s,1.2062916s,12130,1214,0
6.8573958s,1.471482s,8.15221s,12119,1214,0
6.9649402s,1.261462s,8.046764s,12112,1214,0
6.3710953s,1.3403634s,8.6522604s,12120,1214,0
6.3859684s,1.1434609s,8.6528613s,12115,1214,0
6.1293447s,1.349634s,1.7097251s,12126,1214,0
6.5925754s,1.4688176s,8.4462543s,12114,1214,0
7.1993742s,1.373666s,7.8506493s,12113,1214,0
6.6473362s,1.0381462s,1.2065284s,12129,1214,0
6.2077542s,1.3314649s,5.8388279s,12138,1215,0
6.3289014s,1.1416545s,5.7381769s,12139,1215,0
6.2463019s,1.2968306s,5.8355252s,12133,1215,0
6.1700609s,1.3958409s,5.9322176s,12137,1215,0
5.769908s,1.1485083s,6.339399s,12132,1215,0
6.1769125s,1.1725779s,5.9409001s,12136,1215,0
6.5861229s,1.1851688s,5.5339065s,12135,1215,0
6.2855448s,1.4944953s,5.8344846s,12140,1215,0
6.9022048s,1.4564578s,5.2315946s,12131,1215,0
6.2933867s,1.413758s,5.8404127s,12134,1215,0
5.5407583s,1.1372071s,0s,12148,1215,0
6.5021474s,1.3646265s,10.3619988s,12142,1217,0
6.9081015s,1.0955175s,9.9575134s,12147,1217,0
7.1426364s,1.329543s,2.8186338s,12158,1217,0
6.4097746s,1.4076995s,10.4607266s,12149,1217,0
6.343107s,1.2483119s,3.623184s,12153,1217,0
6.971688s,1.3532311s,3.016199s,12156,1217,0
6.2285659s,1.4465786s,10.6689327s,12144,1217,0
6.5724575s,1.4702145s,3.4181832s,12159,1217,0
6.2370071s,1.0686605s,10.6617351s,12145,1217,0
6.0730534s,1.183772s,3.9222474s,12152,1217,0
5.8847632s,1.0859099s,4.12604s,12157,1217,0
6.7961562s,1.2907687s,3.2165916s,12155,1217,0
6.8636055s,1.337566s,10.0585837s,12146,1217,0
6.0925266s,1.3532311s,3.924674s,12160,1217,0
5.8713594s,1.4646096s,11.0708309s,12141,1217,0
6.8179211s,1.2138897s,3.2224137s,12154,1217,0
6.8208169s,1.2154553s,3.2206289s,12151,1217,0
6.4900768s,1.2208389s,10.4664401s,12143,1217,0
6.3954143s,1.019084s,10.5611026s,12150,1217,0
6.5763401s,1.1228471s,8.4459451s,12168,1219,0
6.6188142s,1.0861517s,1.61021s,12177,1219,0
5.7740571s,1.0998266s,9.2513587s,12162,1219,0
7.1248717s,1.4362388s,1.1067414s,12172,1219,0
6.0854201s,1.1402557s,8.9509667s,12169,1219,0
6.7963916s,1.3598269s,8.2478723s,12163,1219,0
6.4950232s,1.3066208s,8.5492407s,12170,1219,0
6.5400263s,1.4135872s,1.7097756s,12173,1219,0
5.9995954s,1.3248344s,9.052586s,12165,1219,0
6.8476914s,1.2625031s,1.4080984s,12174,1219,0
6.3502332s,1.3094354s,1.9097622s,12175,1219,0
5.7128161s,1.0407108s,9.3542677s,12166,1219,0
6.661576s,1.4196259s,1.6091162s,12180,1219,0
6.2636879s,1.4838137s,2.0112139s,12176,1219,0
6.5715438s,1.3404441s,1.7125547s,12171,1219,0
6.2832199s,1.3539463s,2.0103894s,12179,1219,0
5.7393141s,1.3154771s,9.3506868s,12164,1219,0
6.348163s,1.1776483s,8.7493102s,12161,1219,0
6.6939775s,1.4181277s,1.6086558s,12178,1219,0
6.1505208s,1.1733743s,8.9485041s,12167,1219,0
6.7331302s,1.0474943s,7.6439013s,12183,1220,0
6.3492213s,1.2904056s,804.5117ms,12192,1220,0
7.1548036s,1.4214401s,0s,12199,1220,0
6.9411776s,1.3228601s,7.4425056s,12186,1220,0
5.9548279s,1.2849451s,1.2055568s,12198,1220,0
6.2416142s,1.3434585s,8.1466586s,12181,1220,0
7.170579s,1.4137534s,0s,12191,1220,0
6.7711511s,1.3558015s,402.2812ms,12197,1221,0
6.5847593s,1.0167063s,604.1371ms,12193,1221,0
6.7716665s,1.1025357s,7.6471028s,12182,1221,0
6.7990154s,1.4540754s,402.2464ms,12195,1221,0
6.5002825s,1.1375763s,704.1893ms,12200,1221,0
6.6086391s,1.4022429s,603.7504ms,12194,1221,0
5.6900087s,1.1124371s,8.7577209s,12184,1221,0
5.9282833s,1.1824348s,1.3073711s,12196,1221,0
6.5089502s,1.281823s,7.9500027s,12187,1221,0
6.1062505s,1.021398s,8.3527024s,12188,1221,0
7.2232985s,1.3746226s,7.2392494s,12190,1221,0
6.8204597s,1.0866809s,7.6420882s,12189,1221,0
6.4128447s,1.4768465s,8.0497032s,12185,1221,0
6.3092123s,1.3583375s,302.5466ms,12218,1222,0
6.5136439s,1.4575769s,100.4292ms,12212,1222,0
6.2179001s,1.295535s,7.1415265s,12203,1222,0
6.0223662s,1.1492629s,7.3466741s,12205,1222,0
6.5243288s,1.3195898s,6.8447115s,12210,1222,0
6.0266681s,1.2086444s,604.2161ms,12216,1222,0
6.0346668s,1.1747143s,7.347075s,12201,1222,0
6.7425369s,1.3978406s,6.6392049s,12209,1222,0
6.1366697s,1.056036s,502.6785ms,12220,1222,0
6.1443587s,1.0552675s,7.2436913s,12206,1222,0
6.0614325s,1.0059843s,7.3447746s,12202,1222,0
6.3613842s,1.4613177s,301.9246ms,12213,1222,0
6.3630605s,1.4636719s,301.7452ms,12217,1222,0
6.2680415s,1.4303216s,402.8061ms,12211,1222,0
6.2699927s,1.2408259s,402.3252ms,12219,1222,0
6.6827448s,1.104726s,6.7429248s,12208,1222,0
5.6790933s,1.0775489s,7.7499658s,12204,1222,0
5.9944555s,1.0376595s,7.4405061s,12207,1222,0
6.7840884s,1.2855655s,0s,12215,1222,0
6.9904427s,1.222556s,0s,12214,1222,0
6.4766642s,1.3134605s,6.1393336s,12228,1224,0
6.2873147s,1.2784273s,6.3398344s,12225,1224,0
5.8908614s,1.2613264s,6.741357s,12229,1224,0
6.8024585s,1.1436301s,5.8351517s,12221,1224,0
7.1028224s,1.4658136s,5.5347878s,12230,1224,0
6.0243007s,1.2693977s,6.6463946s,12223,1224,0
6.0315667s,1.0891587s,6.6398046s,12226,1224,0
6.8399631s,1.3305972s,5.8360168s,12227,1224,0
6.5530266s,1.4124042s,6.1357839s,12224,1224,0
5.954392s,1.2307097s,6.7483442s,12222,1224,0
5.6144986s,1.0636517s,0s,12233,1224,0
6.2438748s,1.1684335s,4.5274322s,12241,1226,0
6.4533638s,1.4035154s,11.1734768s,12239,1226,0
6.5685232s,1.0567225s,4.2249376s,12249,1226,0
6.1625785s,1.3279974s,4.6308823s,12246,1226,0
6.6781047s,1.2872957s,10.9690933s,12235,1226,0
6.0770719s,1.229837s,11.5763457s,12234,1226,0
6.7814796s,1.3878365s,10.871938s,12232,1226,0
6.2738646s,1.3242659s,4.5299655s,12248,1226,0
6.3791449s,1.4956413s,4.4246852s,12247,1226,0
5.8803538s,1.2126831s,4.931721s,12243,1226,0
6.4871015s,1.4636386s,4.3317378s,12244,1226,0
6.5309377s,1.2667736s,11.1696482s,12231,1226,0
6.6353107s,1.3784489s,11.0652752s,12236,1226,0
6.427771s,1.0487342s,11.2728149s,12237,1226,0
6.5287824s,1.1233377s,4.3233034s,12242,1226,0
6.6367383s,1.0684941s,11.0690847s,12240,1226,0
6.1273614s,1.3835109s,4.7247244s,12250,1226,0
6.6277315s,1.1626151s,4.2243543s,12245,1226,0
6.8537372s,1.213456s,10.8634295s,12238,1226,0
6.3879624s,1.2164281s,10.4669216s,12252,1228,0
6.6024258s,1.1645699s,10.2565836s,12256,1228,0
6.39327s,1.0753407s,10.4657394s,12255,1228,0
6.2332781s,1.3291071s,4.0233055s,12268,1228,0
6.4351079s,1.3342626s,3.8214757s,12266,1228,0
6.7437734s,1.4087735s,3.5187098s,12270,1228,0
6.3446957s,1.318907s,3.9227791s,12264,1228,0
6.3155051s,1.1844724s,10.5672676s,12251,1228,0
6.1620827s,1.3841699s,4.1212574s,12265,1228,0
5.9637845s,1.2693711s,4.322715s,12263,1228,0
5.735492s,1.0236131s,11.1630785s,12258,1228,0
5.8318397s,1.2865164s,11.0667308s,12254,1228,0
5.9394513s,1.1450263s,10.963155s,12253,1228,0
6.9879714s,1.3106923s,3.3214866s,12267,1228,0
6.5519754s,1.2412076s,10.3640154s,12257,1228,0
6.4611997s,1.3825011s,10.4602461s,12260,1228,0
6.5051027s,1.4105311s,3.824404s,12269,1228,0
5.9734005s,1.1773348s,10.9621484s,12259,1228,0
6.7184109s,1.3643744s,3.6205398s,12262,1228,0
7.0200239s,1.4778748s,3.3189268s,12261,1228,0
6.3765685s,1.246451s,8.8589818s,12280,1230,0
6.1760874s,1.2535832s,9.0632686s,12272,1230,0
6.6872037s,1.1933864s,1.3105311s,12289,1230,0
6.2896867s,1.4126425s,1.7113213s,12286,1230,0
6.0851568s,1.1367885s,1.9158512s,12288,1230,0
6.3901455s,1.3296872s,1.6108625s,12285,1230,0
5.7905805s,1.1032352s,2.2145555s,12281,1230,0
6.4972902s,1.407438s,8.760513s,12274,1230,0
5.1996762s,1.1109705s,2.8191627s,12284,1230,0
6.613208s,1.4545135s,8.6584316s,12277,1230,0
6.2182836s,1.1854258s,9.0614559s,12276,1230,0
6.3279033s,1.4137306s,8.959176s,12279,1230,0
7.2436617s,1.4874343s,8.0550235s,12278,1230,0
6.2452663s,1.4575765s,9.0534189s,12275,1230,0
6.1470614s,1.1218822s,1.9116296s,12283,1230,0
5.9628194s,1.2248265s,2.114569s,12287,1230,0
6.5677934s,1.2312006s,1.512538s,12290,1230,0
6.5666012s,1.4012491s,8.7602119s,12271,1230,0
6.0742361s,1.3096909s,2.0145636s,12282,1230,0
6.2721299s,1.40954s,9.0603315s,12273,1230,0
6.743113s,1.4092943s,0s,12305,1231,0
7.0868485s,1.3910575s,6.7462361s,12298,1231,0
6.246183s,1.1594464s,503.0054ms,12304,1231,0
6.8858157s,1.0580712s,6.9507587s,12299,1231,0
6.7939867s,1.3315229s,7.0485794s,12300,1231,0
6.7990617s,1.4595161s,7.0435044s,12294,1231,0
6.9946782s,1.2770388s,6.8478879s,12295,1231,0
6.1559393s,1.4685061s,604.2421ms,12301,1231,0
7.0029442s,1.4898051s,6.8446232s,12293,1231,0
5.961148s,1.1720621s,804.443ms,12309,1231,0
6.7077612s,1.1552765s,7.1475245s,12292,1231,0
6.8306053s,1.453745s,7.0474227s,12296,1231,0
5.9972311s,1.0815129s,803.2342ms,12303,1231,0
6.3959925s,1.3787682s,404.4728ms,12307,1231,0
6.5986244s,1.2268278s,201.8409ms,12302,1231,0
6.3491136s,1.1667022s,7.5525757s,12291,1231,0
6.1610825s,1.0963984s,7.7466571s,12297,1231,0
6.4260038s,1.4525709s,401.2959ms,12306,1231,0
6.8539184s,1.1966911s,0s,12308,1231,0
7.0543033s,1.296293s,0s,12310,1231,0
6.5862692s,1.4218219s,4.8287278s,12313,1233,0
6.4793078s,1.4794276s,4.9356892s,12315,1233,0
6.194476s,1.3847195s,5.2375246s,12319,1233,0
7.0056988s,1.4436154s,4.4302685s,12316,1233,0
5.9190847s,1.0995982s,5.5336044s,12318,1233,0
6.5277031s,1.0118796s,4.9370627s,12320,1233,0
6.0481443s,1.2128856s,5.4287756s,12317,1233,0
5.8477393s,1.0078179s,5.6291806s,12311,1233,0
7.0675979s,1.253471s,4.4255175s,12314,1233,0
6.2661025s,1.2567331s,5.2329443s,12312,1233,0
6.1568563s,1.1764503s,4.530239s,12340,1235,0
6.4668046s,1.4517827s,4.2293585s,12331,1235,0
6.2719676s,1.1938566s,4.4272869s,12334,1235,0
5.8459021s,1.1447737s,11.8810576s,12330,1235,0
6.3631653s,1.2035046s,11.3758805s,12321,1235,0
5.9623949s,1.433567s,11.7766509s,12325,1235,0
5.8605366s,1.1457297s,11.8785092s,12322,1235,0
6.3784529s,1.4043668s,11.3748629s,12324,1235,0
5.2757119s,1.0016924s,12.4870992s,12329,1235,0
6.0140828s,1.2194638s,4.7333828s,12332,1235,0
6.4200135s,1.1852727s,4.3293423s,12339,1235,0
6.1254744s,1.0038426s,4.6305474s,12335,1235,0
6.4303878s,1.1333905s,4.3286999s,12336,1235,0
6.1175423s,1.2964685s,11.6752374s,12323,1235,0
6.6331285s,1.2918651s,4.1316159s,12337,1235,0
6.620053s,1.285665s,11.1727267s,12327,1235,0
7.0277052s,1.472628s,10.7711814s,12326,1235,0
6.5584209s,1.3129031s,4.2221561s,12333,1235,0
6.0248956s,1.3884349s,11.7833866s,12328,1235,0
6.054554s,1.2372308s,4.726023s,12338,1235,0
6.3191901s,1.2698426s,10.5609519s,12344,1237,0
6.4178396s,1.4313739s,10.4627532s,12341,1237,0
6.2212233s,1.1837184s,3.7204116s,12351,1237,0
6.7273853s,1.0302396s,3.217183s,12359,1237,0
6.324946s,1.3044037s,3.6196223s,12357,1237,0
6.3369837s,1.0506582s,3.6197582s,12354,1237,0
6.5326455s,1.1329847s,10.3716227s,12349,1237,0
6.0329505s,1.3936278s,10.8732262s,12347,1237,0
6.9389579s,1.3832835s,9.9672188s,12346,1237,0
6.5509402s,1.3539001s,3.4243647s,12360,1237,0
6.9531828s,1.3982563s,3.0221221s,12356,1237,0
6.4511053s,1.3865193s,10.4698148s,12348,1237,0
5.8569472s,1.4594221s,4.125015s,12358,1237,0
5.7721892s,1.0744821s,4.2270323s,12352,1237,0
6.4784478s,1.0027667s,10.4702005s,12350,1237,0
6.1732503s,1.2698426s,10.7762502s,12342,1237,0
5.8855847s,1.1366624s,4.1298416s,12355,1237,0
6.7938285s,1.471819s,10.1786427s,12343,1237,0
6.3952239s,1.1930652s,10.5772473s,12345,1237,0
6.5119441s,1.2526912s,3.5220569s,12353,1237,0
6.0765538s,1.230289s,1.7126198s,12380,1239,0
5.7759915s,1.1226968s,2.018327s,12377,1239,0
6.2900023s,1.182852s,8.5596156s,12367,1239,0
6.0828907s,1.4405944s,1.7135s,12375,1239,0
6.9898767s,1.3524286s,806.514ms,12372,1239,0
6.1895732s,1.1034546s,1.6085737s,12373,1239,0
5.7876721s,1.1490808s,2.0104748s,12378,1239,0
5.8988827s,1.2440536s,8.9545636s,12361,1239,0
6.101213s,1.2547743s,8.7602257s,12362,1239,0
5.4204827s,1.0595027s,9.4660552s,12364,1239,0
5.9169698s,1.1994854s,1.9142687s,12379,1239,0
6.6338473s,1.4942467s,8.2552979s,12363,1239,0
6.133001s,1.1764644s,8.7561442s,12365,1239,0
6.2349778s,1.2708501s,8.6602878s,12370,1239,0
6.5343531s,1.0548477s,1.3078976s,12371,1239,0
6.751372s,1.2695355s,8.1560664s,12366,1239,0
7.0547714s,1.3714744s,7.8551564s,12369,1239,0
5.9435017s,1.2848265s,1.9150349s,12374,1239,0
6.8594284s,1.498506s,8.0544076s,12368,1239,0
6.4495782s,1.1962523s,1.4102266s,12376,1239,0
5.8736904s,1.0695486s,8.1550978s,12388,1241,0
6.3756624s,1.3925573s,7.6531258s,12386,1241,0
6.0744152s,1.3191088s,905.3571ms,12399,1241,0
6.5800366s,1.4004861s,402.3191ms,12396,1241,0
6.0870272s,1.176235s,7.9485735s,12384,1241,0
6.783774s,1.0335676s,201.3543ms,12395,1241,0
5.9885969s,1.3103257s,1.0074336s,12393,1241,0
5.6930162s,1.4698208s,8.3534867s,12385,1241,0
6.8107013s,1.3780152s,201.8186ms,12394,1241,0
5.9042375s,1.1904729s,8.1621452s,12383,1241,0
6.4093332s,1.462287s,606.5771ms,12391,1241,0
6.6137377s,1.4453657s,402.6614ms,12397,1241,0
5.7070428s,1.0816948s,8.3593399s,12381,1241,0
6.6155135s,1.3204453s,402.0365ms,12400,1241,0
5.316206s,1.0725294s,8.7548359s,12387,1241,0
6.5243698s,1.4317123s,7.5466721s,12389,1241,0
6.6278377s,1.3579427s,7.4565884s,12382,1241,0
5.8307364s,1.1550082s,1.2081433s,12392,1241,0
7.0504724s,1.2999665s,7.0463141s,12390,1241,0
5.8579166s,1.3764176s,1.2079396s,12398,1241,0
6.0914362s,1.080471s,6.329736s,12407,1242,0
6.2855923s,1.2244531s,6.1355799s,12403,1242,0
6.1958997s,1.4865838s,6.2439069s,12409,1242,0
6.2987653s,1.1794376s,6.1447989s,12405,1242,0
6.4264375s,1.0675412s,6.0401378s,12402,1242,0
6.2298916s,1.3500274s,6.2422307s,12410,1242,0
6.9385338s,1.0142093s,5.5379557s,12408,1242,0
6.4385944s,1.1004473s,6.0412521s,12401,1242,0
6.3429662s,1.1053675s,6.1400609s,12406,1242,0
6.964823s,1.2946447s,5.5330776s,12404,1242,0
6.7560006s,1.346859s,11.2777333s,12416,1244,0
5.9140112s,1.0597387s,5.0350382s,12422,1244,0
6.2160841s,1.1864219s,4.7329653s,12426,1244,0
6.275872s,1.1123608s,11.7793031s,12417,1244,0
6.1733608s,1.483372s,11.8818143s,12412,1244,0
6.5799065s,1.266999s,11.4752686s,12420,1244,0
5.9823034s,1.3162904s,12.078133s,12413,1244,0
6.0811932s,1.1082749s,11.9792432s,12414,1244,0
6.3813988s,1.1280323s,11.6790376s,12418,1244,0
6.3394058s,1.4156888s,4.6317721s,12423,1244,0
6.1889923s,1.3994632s,11.8781734s,12419,1244,0
7.0959878s,1.3548858s,10.9749774s,12415,1244,0
6.945217s,1.3525598s,4.0323765s,12430,1244,0
6.6515439s,1.1970763s,4.328768s,12424,1244,0
6.3004164s,1.1865417s,11.7831022s,12411,1244,0
6.6740357s,1.3536115s,4.3262211s,12425,1244,0
6.1679476s,1.1026523s,4.8323092s,12427,1244,0
6.6771517s,1.1221325s,4.3322075s,12428,1244,0
6.7847946s,1.3172608s,4.2263614s,12429,1244,0
5.9851132s,1.2726259s,5.0326168s,12421,1244,0
6.4569756s,1.1524116s,8.8550454s,12440,1246,0
5.7694943s,1.1249389s,2.5146558s,12446,1246,0
5.9730765s,1.4171436s,2.3158418s,12448,1246,0
5.9829066s,1.0707764s,2.3153608s,12441,1246,0
6.5885021s,1.4155096s,1.7097653s,12444,1246,0
6.3963759s,1.0212145s,8.9585449s,12435,1246,0
6.1918454s,1.2047119s,2.1159212s,12450,1246,0
6.8033845s,1.1383482s,8.55832s,12436,1246,0
6.0042014s,1.2685368s,9.3608483s,12434,1246,0
6.7089767s,1.2900496s,1.608153s,12445,1246,0
5.8019597s,1.135264s,2.51517s,12443,1246,0
6.6267467s,1.3961526s,8.751935s,12433,1246,0
6.3221292s,1.468387s,9.0569632s,12437,1246,0
6.0212024s,1.1923413s,9.35789s,12439,1246,0
6.6254763s,1.2335184s,1.711482s,12449,1246,0
6.4335082s,1.0766642s,8.9587492s,12431,1246,0
5.8302323s,1.0824759s,2.5146484s,12442,1246,0
6.8409061s,1.2070591s,1.5093516s,12447,1246,0
7.0501409s,1.4497127s,8.3536598s,12432,1246,0
6.7505081s,1.216098s,8.6532926s,12438,1246,0
6.198161s,1.3694524s,805.906ms,12465,1248,0
6.4048019s,1.1246363s,604.1311ms,12467,1248,0
6.3204483s,1.4916077s,704.6705ms,12463,1248,0
6.5253391s,1.0423249s,503.6633ms,12462,1248,0
6.0205119s,1.4333139s,1.0084905s,12461,1248,0
6.7443916s,1.2306932s,7.3503892s,12452,1248,0
6.6485334s,1.2990321s,7.4482983s,12457,1248,0
6.34832s,1.1510706s,7.7485117s,12458,1248,0
6.1451473s,1.339548s,7.9520317s,12456,1248,0
7.0635684s,1.473116s,7.0511687s,12453,1248,0
5.8632373s,1.0366213s,8.2532229s,12454,1248,0
6.8687492s,1.2388966s,7.247711s,12460,1248,0
6.552462s,1.1634825s,502.7062ms,12469,1248,0
6.5740949s,1.071706s,7.5506748s,12459,1248,0
6.9756454s,1.4083024s,7.1491243s,12455,1248,0
6.6661433s,1.2308433s,402.8317ms,12468,1248,0
6.2728236s,1.4880673s,803.2232ms,12466,1248,0
6.3757809s,1.3309944s,705.3596ms,12470,1248,0
6.4811971s,1.1799573s,603.8709ms,12464,1248,0
5.8964917s,1.4058582s,8.2552793s,12451,1248,0
6.4203554s,1.1361081s,7.3520199s,12476,1250,0
6.3470406s,1.319503s,806.7612ms,12485,1250,0
5.7293482s,1.1566996s,8.052987s,12471,1250,0
6.3330358s,1.2103419s,7.4492994s,12474,1250,0
5.8725495s,1.1269674s,1.3090053s,12483,1250,0
6.9882032s,1.4447496s,201.8656ms,12488,1250,0
5.8816371s,1.1839536s,1.3084317s,12486,1250,0
6.0587546s,1.0888774s,7.7498877s,12479,1250,0
6.192135s,1.3096163s,1.0086075s,12484,1250,0
5.8650663s,1.07004s,7.9542497s,12477,1250,0
5.5907255s,1.0096442s,1.6112815s,12490,1250,0
5.6922835s,1.3209252s,1.5097235s,12481,1250,0
5.9935614s,1.1193638s,1.2084456s,12489,1250,0
5.5924865s,1.1547031s,1.6131725s,12482,1250,0
5.9011627s,1.1228993s,1.3102989s,12487,1250,0
5.5834156s,1.4526009s,8.2523919s,12480,1250,0
5.9891455s,1.2668605s,7.8624718s,12478,1250,0
6.2092212s,1.2014458s,7.653135s,12473,1250,0
6.6185735s,1.1034321s,7.2461877s,12475,1250,0
6.3128312s,1.0873123s,7.55193s,12472,1250,0
5.8988702s,1.0059221s,201.3372ms,12503,1251,0
6.2897035s,1.232468s,6.8499896s,12498,1251,0
6.8985685s,1.2454461s,6.2485557s,12495,1251,0
6.2988217s,1.1277688s,6.8483025s,12499,1251,0
6.2075969s,1.164539s,6.9454187s,12497,1251,0
5.930597s,1.1768448s,200.2068ms,12501,1251,0
6.1076723s,1.403322s,7.0487921s,12492,1251,0
6.1394861s,1.3354604s,0s,12505,1251,0
6.0185736s,1.4928588s,7.1509659s,12500,1251,0
7.0252875s,1.4505021s,6.144252s,12494,1251,0
6.3472392s,1.1187156s,6.8486556s,12496,1251,0
6.5598674s,1.2879582s,6.6385758s,12491,1251,0
6.16647s,1.1808265s,7.0466257s,12493,1251,0
6.2666396s,1.2846036s,0s,12506,1251,0
6.2755584s,1.3747478s,0s,12507,1251,0
6.3793776s,1.4866646s,0s,12509,1251,0
6.562582s,1.246834s,0s,12504,1251,0
6.1064042s,1.2407085s,5.7397044s,12512,1253,0
6.4139624s,1.1128606s,5.4360874s,12518,1253,0
6.8917777s,1.2654569s,11.9835848s,12508,1253,0
6.8044317s,1.384787s,12.0822475s,12510,1253,0
6.937033s,1.0655213s,4.9352215s,12515,1253,0
5.9375621s,1.2206411s,5.9346924s,12513,1253,0
7.0206868s,1.1482344s,11.8728226s,12502,1253,0
6.4454082s,1.4962948s,5.431092s,12520,1253,0
6.3479999s,1.3180233s,5.5419269s,12511,1253,0
6.3686077s,1.2428656s,5.5347488s,12514,1253,0
5.7640253s,1.0096183s,6.1393312s,12519,1253,0
5.3624473s,1.0149628s,6.5493108s,12516,1253,0
6.5832015s,1.389842s,5.3359631s,12517,1253,0
6.3266763s,1.2099136s,4.5295924s,12538,1255,0
6.5260937s,1.1261693s,4.330175s,12532,1255,0
5.6970553s,1.3707451s,11.8771254s,12528,1255,0
6.535774s,1.1193397s,4.3253019s,12533,1255,0
6.7131048s,1.3430353s,10.8693405s,12530,1255,0
6.4368789s,1.0286512s,4.4324616s,12535,1255,0
6.7076035s,1.4498147s,10.8748418s,12525,1255,0
6.7498484s,1.1077764s,4.1294871s,12531,1255,0
6.0118883s,1.3056713s,11.580552s,12529,1255,0
6.5530476s,1.0040046s,4.3287862s,12536,1255,0
6.3520132s,1.3789767s,4.5298206s,12534,1255,0
5.8502222s,1.131352s,5.0356229s,12537,1255,0
6.1688471s,1.1030031s,4.7272884s,12540,1255,0
6.1404029s,1.0784871s,11.4803736s,12526,1255,0
6.0569823s,1.372222s,11.5815622s,12522,1255,0
6.6653363s,1.1557049s,10.9774118s,12524,1255,0
6.4648675s,1.1406992s,11.1793892s,12521,1255,0
6.5779973s,1.1275359s,11.0713896s,12527,1255,0
6.2068589s,1.0884921s,4.732304s,12539,1255,0
6.0801285s,1.1076358s,11.5744045s,12523,1255,0
7.0156702s,1.3186851s,8.457882s,12549,1257,0
6.6180153s,1.1391126s,8.858296s,12548,1257,0
6.3144908s,1.4248343s,9.1618205s,12541,1257,0
6.3216435s,1.1725547s,9.1546678s,12542,1257,0
6.6255535s,1.1240633s,8.8538833s,12544,1257,0
5.6549244s,1.0240587s,2.8181592s,12558,1257,0
6.5645914s,1.0519519s,1.9118978s,12559,1257,0
7.0695839s,1.4358225s,1.4100272s,12557,1257,0
6.9613064s,1.3000268s,8.5491837s,12547,1257,0
6.1845366s,1.0748012s,2.3145037s,12555,1257,0
6.3870361s,1.0165873s,2.1155395s,12552,1257,0
6.1603s,1.2144213s,9.3656783s,12546,1257,0
6.3002751s,1.4045768s,2.212461s,12551,1257,0
5.9016308s,1.0869785s,2.6131262s,12556,1257,0
6.604341s,1.234852s,1.910416s,12560,1257,0
5.7724029s,1.4612975s,9.766191s,12550,1257,0
5.882549s,1.1705936s,9.6691055s,12545,1257,0
6.0189448s,1.2174078s,2.519436s,12553,1257,0
5.6021492s,1.0538177s,9.9647375s,12543,1257,0
7.0450219s,1.4571157s,1.5093538s,12554,1257,0
6.8161843s,1.0638955s,6.0402148s,12567,1258,0
6.0454189s,1.2755023s,0s,12575,1258,0
6.4212194s,1.4730476s,6.4450051s,12564,1258,0
5.8173437s,1.0593987s,7.0488808s,12561,1258,0
6.0400647s,1.0266733s,6.8401031s,12568,1258,0
6.5439645s,1.3626716s,6.3362033s,12565,1258,0
6.5635264s,1.4847918s,6.341813s,12569,1258,0
6.3708818s,1.4605929s,6.5394114s,12566,1258,0
6.5895312s,1.1578977s,6.3394038s,12570,1258,0
6.0161981s,1.1947092s,100.0729ms,12580,1258,0
6.7012411s,1.1426516s,6.2380956s,12563,1258,0
6.5052962s,1.0125615s,6.4373227s,12562,1258,0
6.1874307s,1.3996913s,0s,12573,1258,0
6.2184994s,1.2345289s,0s,12571,1258,0
6.3864603s,1.3136396s,0s,12576,1258,0
6.4177348s,1.4771183s,0s,12578,1258,0
6.4311814s,1.2838514s,0s,12577,1258,0
6.4798082s,1.2979852s,0s,12574,1258,0
5.9184668s,1.3383477s,6.0434836s,12581,1260,0
6.4350523s,1.4237675s,5.5392971s,12584,1260,0
6.7739474s,1.3087913s,11.9789705s,12572,1260,0
6.5714408s,1.2456482s,12.1814771s,12579,1260,0
5.9477406s,1.1273987s,6.03978s,12585,1260,0
6.0520657s,1.1350142s,5.9375273s,12583,1260,0
7.1602789s,1.4426618s,4.8308128s,12590,1260,0
6.5598292s,1.1674309s,5.4331649s,12588,1260,0
6.0689776s,1.0935163s,5.9376384s,12587,1260,0
6.6807458s,1.1866032s,5.3318363s,12589,1260,0
6.5065025s,1.4229367s,5.5367731s,12586,1260,0
6.6175575s,1.1153473s,5.4358724s,12582,1260,0
6.7704859s,1.2122987s,2.4157231s,12607,1262,0
6.3870379s,1.4235263s,9.8650891s,12594,1262,0
5.9727086s,1.1613186s,3.2202969s,12601,1262,0
6.7918198s,1.4989436s,2.4139454s,12606,1262,0
7.0116273s,1.3874141s,9.2563193s,12596,1262,0
6.3179705s,1.3905998s,9.9568509s,12598,1262,0
6.1119739s,1.0207871s,10.1628475s,12591,1262,0
6.5189174s,1.1126514s,9.7562107s,12599,1262,0
6.9035424s,1.3846892s,2.3160935s,12602,1262,0
6.4219451s,1.4921903s,9.8638502s,12600,1262,0
6.5224512s,1.3073165s,9.7633441s,12593,1262,0
6.828488s,1.0705644s,9.4600725s,12592,1262,0
6.4086129s,1.1484733s,2.8215859s,12604,1262,0
6.9220785s,1.1879724s,2.3159176s,12603,1262,0
5.9318776s,1.1197911s,10.3720921s,12595,1262,0
6.8264771s,1.4095175s,2.417777s,12605,1262,0
7.0621814s,1.4164338s,9.2563358s,12597,1262,0
6.5405431s,1.3905456s,2.7157927s,12608,1262,0
6.3407634s,1.1903115s,2.9155724s,12609,1262,0
6.1603168s,1.4703455s,3.1181562s,12610,1262,0
6.8063725s,1.1433472s,1.7135382s,12630,1264,0
6.9213184s,1.4293163s,1.6109243s,12627,1264,0
5.1855167s,1.1008769s,10.1606373s,12617,1264,0
6.5038554s,1.1159265s,8.8602594s,12611,1264,0
6.6195156s,1.474678s,8.7545465s,12618,1264,0
6.8139113s,1.2254856s,8.5601508s,12616,1264,0
5.9465039s,1.1932443s,2.6186282s,12629,1264,0
6.4639295s,1.1234622s,2.1136548s,12621,1264,0
6.4337408s,1.4883303s,8.9594032s,12614,1264,0
6.2331706s,1.1788822s,9.1599734s,12620,1264,0
6.6760519s,1.087377s,1.9111829s,12625,1264,0
6.3736079s,1.0685543s,2.2136269s,12622,1264,0
5.9510936s,1.0840104s,9.4593235s,12615,1264,0
5.8553726s,1.003804s,9.5591861s,12619,1264,0
6.8874818s,1.3665417s,1.7131656s,12624,1264,0
6.9964557s,1.3423312s,1.6127277s,12628,1264,0
5.9656465s,1.0430331s,9.4594456s,12612,1264,0
5.8939025s,1.0630768s,2.7172783s,12626,1264,0
5.6667975s,1.0046472s,9.7582946s,12613,1264,0
6.0006752s,1.0926491s,2.6173222s,12623,1264,0
6.6280887s,1.2274039s,6.644575s,12634,1265,0
6.3377658s,1.3475223s,6.9458776s,12639,1265,0
6.0466224s,1.3648749s,7.2471746s,12638,1265,0
6.35046s,1.4433418s,6.9497925s,12637,1265,0
6.2236934s,1.0024471s,302.2037ms,12643,1265,0
6.2605002s,1.386407s,7.0457015s,12632,1265,0
6.5281968s,1.2690273s,0s,12648,1265,0
5.7288475s,1.3312081s,803.5684ms,12646,1265,0
6.7780049s,1.3675822s,6.5414801s,12633,1265,0
5.9434558s,1.3179625s,604.4578ms,12641,1265,0
6.6866416s,1.2563642s,6.6397024s,12640,1265,0
6.6866416s,1.4363111s,6.6397024s,12631,1265,0
5.7834542s,1.218887s,7.552796s,12635,1265,0
5.7551569s,1.165802s,804.312ms,12649,1265,0
5.856709s,1.0930347s,704.1957ms,12647,1265,0
5.9593276s,1.27089s,602.9811ms,12650,1265,0
6.7205878s,1.3798706s,6.635044s,12636,1265,0
6.8390667s,1.2891427s,0s,12644,1265,0
6.897025s,1.336697s,0s,12645,1265,0
6.9019315s,1.445167s,0s,12642,1265,0
6.4735062s,1.2881722s,5.0331861s,12655,1267,0
6.5857148s,1.3564392s,4.9372504s,12659,1267,0
7.0169147s,1.4818716s,4.5302777s,12652,1267,0
6.4341144s,1.2071989s,5.1357714s,12657,1267,0
6.3374209s,1.3873392s,5.2324649s,12656,1267,0
5.8388481s,1.2525634s,5.7358053s,12658,1267,0
6.5552296s,1.2832174s,5.0351932s,12653,1267,0
6.0568259s,1.1576263s,5.5406331s,12651,1267,0
6.0603903s,1.0005816s,5.5370687s,12660,1267,0
6.3662461s,1.1725845s,5.2336314s,12654,1267,0
5.8140966s,1.2845161s,3.6253666s,12674,1269,0
7.0448583s,1.3599126s,9.565172s,12669,1269,0
6.443751s,1.4279235s,10.1724567s,12665,1269,0
7.163833s,1.4158711s,9.4554308s,12668,1269,0
6.0510018s,1.1387058s,10.568262s,12661,1269,0
6.2513757s,1.1526207s,10.3678881s,12667,1269,0
5.8598697s,1.0593921s,10.7708682s,12662,1269,0
6.7641252s,1.4243413s,9.8666127s,12666,1269,0
5.7518008s,1.4677637s,3.723879s,12672,1269,0
6.6601605s,1.4786657s,2.8184053s,12673,1269,0
5.8784089s,1.4787802s,10.771706s,12663,1269,0
6.9809292s,1.4615094s,2.5136325s,12675,1269,0
6.4786121s,1.1725185s,3.0159496s,12680,1269,0
5.7943183s,1.3074258s,10.8710592s,12664,1269,0
5.8814758s,1.1405827s,3.6196832s,12678,1269,0
6.083962s,1.009828s,3.4203528s,12677,1269,0
6.4065685s,1.0781543s,3.1238819s,12671,1269,0
6.6086128s,1.3944693s,2.9218376s,12679,1269,0
6.0289779s,1.459929s,10.6683532s,12670,1269,0
6.3149317s,1.1576373s,3.2219591s,12676,1269,0
6.2813984s,1.0771469s,8.7581389s,12687,1271,0
6.9995515s,1.1883932s,8.0540244s,12684,1271,0
6.1539837s,1.0822537s,1.9114678s,12699,1271,0
6.2582032s,1.0806558s,1.8128734s,12693,1271,0
5.9128358s,1.3928058s,9.1605277s,12681,1271,0
6.3741423s,1.2396121s,1.7111714s,12691,1271,0
6.52763s,1.1167937s,8.5572352s,12688,1271,0
5.6265342s,1.0144543s,9.4661616s,12690,1271,0
6.2903066s,1.2265327s,1.8123302s,12697,1271,0
5.791405s,1.0425147s,2.3166676s,12695,1271,0
6.1538562s,1.1228011s,8.9579335s,12685,1271,0
6.7039728s,1.1865161s,1.4095711s,12696,1271,0
6.0617735s,1.2697846s,9.0610325s,12689,1271,0
5.9622742s,1.0956559s,9.1645577s,12686,1271,0
5.1111328s,1.1408755s,3.0195426s,12700,1271,0
6.8212216s,1.3377584s,1.3094538s,12694,1271,0
5.9681797s,1.4306184s,9.1620472s,12682,1271,0
6.1172043s,1.3070961s,2.0134711s,12692,1271,0
5.917671s,1.2575092s,2.2142827s,12698,1271,0
6.0779512s,1.3535158s,9.0577826s,12683,1271,0
5.6448812s,1.0068744s,9.0593193s,12709,1273,0
6.8227134s,1.0174543s,1.1070166s,12711,1273,0
6.8369681s,1.4036121s,1.107708s,12715,1273,0
6.7738123s,1.3295418s,7.9492525s,12705,1273,0
6.3675055s,1.4076097s,8.3555593s,12701,1273,0
6.4471457s,1.1179523s,1.5105425s,12720,1273,0
5.5426884s,1.0626597s,2.4149998s,12719,1273,0
6.2507917s,1.4167283s,1.7094843s,12718,1273,0
6.2851529s,1.1141576s,8.45627s,12710,1273,0
6.1812947s,1.4957187s,8.5601282s,12706,1273,0
6.3907061s,1.2106051s,8.3532081s,12707,1273,0
6.5595078s,1.0020061s,1.4099359s,12713,1273,0
6.5122541s,1.4266368s,8.250035s,12704,1273,0
6.077201s,1.0044219s,1.9106176s,12712,1273,0
6.109922s,1.2106051s,8.6523671s,12703,1273,0
6.2823838s,1.3596261s,1.7099112s,12717,1273,0
6.487068s,1.2645371s,1.5088201s,12716,1273,0
6.1184339s,1.0996854s,8.6519247s,12708,1273,0
6.2228783s,1.1043574s,8.5519356s,12702,1273,0
5.8052344s,1.1907508s,2.2151408s,12714,1273,0
6.302999s,1.0896572s,0s,12731,1274,0
6.3147963s,1.3100741s,0s,12736,1274,0
6.4053001s,1.3324571s,6.5392659s,12727,1274,0
5.5188956s,1.0273408s,7.4429794s,12730,1274,0
6.3205528s,1.1538205s,6.6413222s,12723,1274,0
6.6179486s,1.3666865s,6.3439264s,12728,1274,0
5.5188956s,1.0372056s,7.4429794s,12724,1274,0
5.1227273s,1.0316918s,7.8460652s,12725,1274,0
6.3329331s,1.2008003s,6.6419919s,12726,1274,0
6.3360999s,1.3176997s,6.6424419s,12721,1274,0
5.7363804s,1.0855069s,7.247115s,12722,1274,0
5.8405834s,1.1385213s,7.1435962s,12729,1274,0
6.0689559s,1.0740462s,302.1178ms,12737,1274,0
6.4718045s,1.4006529s,0s,12739,1274,0
6.4718045s,1.1596417s,0s,12735,1274,0
6.5198885s,1.2959183s,0s,12732,1274,0
6.533928s,1.1275673s,0s,12740,1274,0
6.6115178s,1.0174563s,0s,12734,1274,0
6.7290844s,1.3215412s,0s,12733,1274,0
5.8327635s,1.1825804s,5.3328409s,12745,1276,0
5.5508065s,1.2963656s,5.6384865s,12742,1276,0
6.1576711s,1.0742538s,5.0351186s,12746,1276,0
5.7623126s,1.2285325s,5.4359787s,12747,1276,0
6.2899275s,1.4652094s,4.9312401s,12750,1276,0
5.8941215s,1.0855763s,5.3303468s,12744,1276,0
5.7962869s,1.0113631s,5.4408458s,12743,1276,0
6.0101108s,1.1232312s,5.2338007s,12741,1276,0
6.9158984s,1.1662611s,4.3280131s,12749,1276,0
6.6215793s,1.0295327s,4.6291704s,12748,1276,0
6.817356s,1.2486775s,11.264722s,12738,1276,0
5.8803417s,1.0943779s,10.363867s,12755,1278,0
6.486115s,1.3738789s,9.7623869s,12756,1278,0
6.896228s,1.2830532s,9.3603003s,12757,1278,0
6.394727s,1.3574214s,9.8618013s,12753,1278,0
5.9736387s,1.2926776s,3.0201554s,12766,1278,0
5.1730905s,1.0453371s,3.8248916s,12770,1278,0
6.1830114s,1.4020075s,2.8164155s,12763,1278,0
6.9887523s,1.4195144s,2.0137609s,12762,1278,0
6.2958229s,1.3204033s,2.7193619s,12768,1278,0
5.812799s,1.0497545s,10.469228s,12758,1278,0
7.2114507s,1.4429559s,1.8117463s,12769,1278,0
6.0079883s,1.282363s,3.0233786s,12764,1278,0
5.6265657s,1.2537283s,10.6741465s,12754,1278,0
6.1440253s,1.4956437s,10.1682139s,12751,1278,0
5.8446447s,1.155071s,10.4716992s,12760,1278,0
6.0511804s,1.1136428s,10.2651635s,12759,1278,0
7.2627342s,1.4669595s,9.0654814s,12752,1278,0
6.0541419s,1.3420509s,3.0156955s,12767,1278,0
6.6569317s,1.3090801s,2.4129057s,12765,1278,0
6.4629467s,1.0786853s,2.6172336s,12761,1278,0
6.4361255s,1.2238728s,403.7905ms,12782,1279,0
6.740046s,1.2203394s,101.6751ms,12785,1279,0
7.0982182s,1.2846508s,6.8464493s,12772,1279,0
6.7009626s,1.4894851s,7.2476781s,12780,1279,0
6.3972585s,1.4746833s,7.5513822s,12774,1279,0
6.2451932s,1.1017552s,604.7651ms,12786,1279,0
6.0734583s,1.0804058s,805.4041ms,12787,1279,0
6.7462398s,1.2663402s,7.2414144s,12775,1279,0
5.9313428s,1.0887806s,8.0563114s,12779,1279,0
5.9313428s,1.2558335s,8.0596133s,12776,1279,0
6.2468677s,1.1091271s,7.752036s,12778,1279,0
6.5550384s,1.3745676s,7.445023s,12777,1279,0
6.0509382s,1.0600787s,7.9491232s,12771,1279,0
6.6612537s,1.2631384s,7.3477721s,12773,1279,0
6.9194144s,1.3823515s,0s,12784,1279,0
6.1163494s,1.1807988s,804.5387ms,12781,1279,0
6.319185s,1.3847017s,605.4993ms,12783,1279,0
6.2246344s,1.154825s,703.2741ms,12790,1279,0
6.0253196s,1.0735704s,904.8105ms,12788,1279,0
7.1247559s,1.2360175s,0s,12789,1279,0
5.5411153s,1.1299199s,6.7432369s,12792,1281,0
6.1442839s,1.4233099s,6.1400683s,12797,1281,0
5.0047675s,1.2138463s,502.1054ms,12801,1281,0
6.4598572s,1.384794s,5.8382593s,12799,1281,0
6.7661234s,1.4790386s,5.5345375s,12793,1281,0
6.7850787s,1.0876247s,5.5351786s,12794,1281,0
6.0871444s,1.1286113s,6.2362559s,12791,1281,0
5.8968773s,1.0174306s,6.4434131s,12800,1281,0
6.0091204s,1.1877451s,6.3418551s,12795,1281,0
5.7212116s,1.0217531s,6.6401744s,12798,1281,0
6.6295795s,1.3923161s,5.7409837s,12796,1281,0
5.5994722s,1.1677391s,0s,12802,1281,0
5.7318455s,1.0865918s,5.2333477s,12819,1283,0
7.1495217s,1.4183188s,10.9748938s,12807,1283,0
6.4436915s,1.3425172s,4.5308263s,12812,1283,0
6.5476761s,1.0613299s,4.4298665s,12813,1283,0
7.1557508s,1.4616047s,3.8269379s,12816,1283,0
6.6547759s,1.1787902s,4.3338863s,12815,1283,0
6.2499241s,1.0284637s,11.8882598s,12810,1283,0
6.4642921s,1.0295753s,4.5284892s,12820,1283,0
6.7751809s,1.2077496s,11.3763123s,12809,1283,0
5.9686467s,1.0032062s,5.0333248s,12814,1283,0
6.1789947s,1.0726521s,11.9807099s,12803,1283,0
6.6819418s,1.4237066s,4.3282411s,12811,1283,0
6.6971868s,1.1966471s,11.4719467s,12808,1283,0
7.1123193s,1.4176194s,3.9295219s,12818,1283,0
6.9202312s,1.1891253s,11.2731431s,12806,1283,0
6.2145064s,1.1526308s,11.9788679s,12804,1283,0
6.2236486s,1.2184736s,4.837307s,12817,1283,0
6.4276063s,1.2417759s,11.7861147s,12805,1283,0
5.5150377s,1.0519178s,2.9173013s,12831,1285,0
6.3200813s,1.4322641s,2.1122577s,12832,1285,0
5.8182718s,1.0148536s,2.6183643s,12837,1285,0
6.624758s,1.0504327s,1.8126037s,12839,1285,0
6.4659946s,1.3784958s,8.7603642s,12827,1285,0
6.3845202s,1.3485415s,8.8523226s,12825,1285,0
6.7889971s,1.4983765s,8.4571197s,12822,1285,0
6.3954704s,1.1335212s,8.8534964s,12821,1285,0
6.1475868s,1.1264537s,2.3123829s,12834,1285,0
6.6952551s,1.015123s,8.5537117s,12830,1285,0
6.2681874s,1.2469303s,2.2160137s,12836,1285,0
6.880026s,1.4936366s,1.6096163s,12840,1285,0
5.6765572s,1.0667646s,2.8170753s,12838,1285,0
6.0293404s,1.4156253s,9.2574677s,12823,1285,0
6.0854281s,1.4838748s,2.4148739s,12833,1285,0
6.3318145s,1.1948084s,8.9606263s,12829,1285,0
6.0906934s,1.3355347s,2.4158421s,12835,1285,0
6.2458413s,1.422127s,9.0582093s,12826,1285,0
6.4495819s,1.0715759s,8.8587456s,12824,1285,0
6.6529869s,1.2675123s,8.6553406s,12828,1285,0
6.2428269s,1.0162207s,8.055648s,12845,1287,0
5.9450271s,1.3316419s,8.3561363s,12850,1287,0
5.5460908s,1.4789356s,8.7606415s,12844,1287,0
6.2576991s,1.3603631s,1.5120671s,12854,1287,0
6.3652843s,1.1687825s,1.4077915s,12852,1287,0
6.4845968s,1.314642s,1.3072011s,12855,1287,0
5.9862259s,1.0758778s,1.8118242s,12856,1287,0
6.484164s,1.0723662s,7.8572586s,12843,1287,0
6.078158s,1.1828259s,8.2632646s,12841,1287,0
5.99553s,1.420502s,1.8121769s,12858,1287,0
7.1105271s,1.4463236s,704.6898ms,12853,1287,0
6.4998415s,1.2299858s,7.8538585s,12847,1287,0
6.205772s,1.1399794s,1.6109619s,12860,1287,0
5.7017763s,1.0771631s,8.6576839s,12846,1287,0
6.507013s,1.4146125s,7.8524472s,12848,1287,0
5.9256006s,1.1944177s,1.9131151s,12859,1287,0
5.8293486s,1.4439558s,2.0126695s,12851,1287,0
6.5330324s,1.0667411s,7.8531558s,12849,1287,0
7.1462465s,1.4745187s,702.9756ms,12857,1287,0
6.5365066s,1.3400617s,7.8543708s,12842,1287,0
6.784735s,1.3295384s,0s,12880,1288,0
5.7802004s,1.3854335s,1.0067733s,12874,1289,0
6.4873492s,1.1977079s,301.6773ms,12875,1289,0
6.2616074s,1.0539513s,7.6500682s,12862,1289,0
6.3926715s,1.1977079s,401.4019ms,12878,1289,0
6.8784977s,1.4556495s,7.0424139s,12866,1289,0
6.9898794s,1.341453s,6.9428575s,12865,1289,0
6.2833842s,1.1899523s,7.6493527s,12861,1289,0
6.3883194s,1.0096686s,7.5510214s,12868,1289,0
6.1115719s,1.3256344s,706.5371ms,12873,1289,0
6.4154693s,1.1474428s,402.6397ms,12879,1289,0
6.3185779s,1.1665556s,502.8865ms,12876,1289,0
6.1281691s,1.1075011s,706.7226ms,12871,1289,0
6.1300584s,1.3136238s,705.4549ms,12877,1289,0
6.1126371s,1.0588651s,7.8485912s,12863,1289,0
6.7152398s,1.1365837s,7.2459885s,12869,1289,0
7.1212318s,1.4510321s,6.844872s,12867,1289,0
7.019099s,1.4084115s,6.9470048s,12864,1289,0
6.5527969s,1.4200614s,301.8255ms,12872,1289,0
6.0310998s,1.2545089s,7.9546303s,12870,1289,0
6.0897672s,1.2233815s,502.8808ms,12894,1290,0
6.529374s,1.2287648s,6.9447281s,12890,1290,0
6.8340983s,1.2650377s,6.645191s,12889,1290,0
6.3173793s,1.0835755s,301.5985ms,12897,1290,0
6.5536679s,1.1936647s,6.9419535s,12888,1290,0
5.8294806s,1.1672587s,804.9039ms,12896,1290,0
5.8532303s,1.0489434s,7.6524691s,12884,1290,0
5.5329402s,1.1440357s,1.1070128s,12895,1290,0
5.950632s,1.0025902s,7.5550674s,12882,1290,0
5.6497345s,1.1117863s,7.8559649s,12887,1290,0
5.9406298s,1.0707091s,705.0991ms,12891,1290,0
6.8653984s,1.4950442s,6.648141s,12886,1290,0
5.7506054s,1.0415396s,906.4841ms,12900,1290,0
6.4755189s,1.124914s,7.0509056s,12881,1290,0
5.8616482s,1.2203987s,805.671ms,12892,1290,0
6.4829726s,1.2068232s,7.0544343s,12883,1290,0
5.7703199s,1.2804455s,905.2689ms,12899,1290,0
6.706545s,1.1764225s,6.8442468s,12885,1290,0
6.8098821s,1.0867361s,0s,12898,1290,0
6.820101s,1.3451423s,0s,12893,1290,0
6.6219125s,1.4993226s,4.6309462s,12904,1292,0
5.7162005s,1.3787954s,5.5366582s,12908,1292,0
5.8157614s,1.1217547s,5.4370973s,12906,1292,0
6.2335025s,1.0962996s,5.0354931s,12910,1292,0
5.6295049s,1.3237315s,5.6394907s,12905,1292,0
6.5593069s,1.3073497s,4.7284197s,12903,1292,0
6.2624624s,1.3413779s,5.0330813s,12907,1292,0
6.7807882s,1.2836277s,4.5284932s,12902,1292,0
6.4801673s,1.1986335s,4.8352465s,12901,1292,0
5.494301s,1.0499925s,5.8424182s,12909,1292,0
6.0130849s,1.2024053s,3.6207316s,12926,1294,0
6.9175647s,1.1326092s,2.7162518s,12928,1294,0
6.8542431s,1.0908715s,9.7681818s,12916,1294,0
6.9706059s,1.4152603s,9.6613932s,12912,1294,0
6.8406638s,1.3296725s,2.8172941s,12924,1294,0
6.4387519s,1.234269s,3.2227569s,12930,1294,0
6.9832027s,1.4881871s,9.6651402s,12915,1294,0
5.7826197s,1.311052s,10.8764249s,12920,1294,0
6.4559312s,1.3615369s,3.2212754s,12923,1294,0
6.4581488s,1.424665s,3.2190578s,12925,1294,0
5.8506816s,1.0284666s,3.826525s,12929,1294,0
5.8872842s,1.096271s,10.7794355s,12911,1294,0
6.1892387s,1.4221114s,10.477481s,12913,1294,0
6.5962115s,1.1243919s,10.0705082s,12919,1294,0
5.8606878s,1.4946707s,3.8252585s,12922,1294,0
6.1822469s,1.4061914s,3.5222262s,12921,1294,0
6.9352715s,1.4256925s,9.7658706s,12917,1294,0
6.0299443s,1.143571s,10.6711978s,12914,1294,0
6.194707s,1.2945121s,3.5235624s,12927,1294,0
5.7288333s,1.0087511s,10.9723088s,12918,1294,0
5.4523013s,1.0454942s,9.8625629s,12937,1296,0
6.6605956s,1.2600008s,8.6598492s,12935,1296,0
6.7665945s,1.40768s,8.5610689s,12932,1296,0
6.5623047s,1.0216591s,2.0134522s,12949,1296,0
6.6640591s,1.4127147s,1.9139814s,12941,1296,0
5.5827544s,1.3367517s,9.7661229s,12940,1296,0
6.6709685s,1.0850461s,1.9143257s,12950,1296,0
6.4701144s,1.2589036s,2.1151798s,12945,1296,0
6.8750622s,1.2443454s,1.7117678s,12944,1296,0
6.5765018s,1.1410621s,2.0124513s,12946,1296,0
6.4829541s,1.2420174s,2.1122257s,12942,1296,0
6.5100593s,1.4102895s,8.8583226s,12933,1296,0
6.8028399s,1.3056572s,1.8115852s,12947,1296,0
6.3167119s,1.128302s,9.0682116s,12939,1296,0
6.6256441s,1.0454942s,8.7592794s,12936,1296,0
6.1189271s,1.0644109s,9.2659964s,12931,1296,0
6.3106225s,1.2625053s,2.3139828s,12948,1296,0
6.219364s,1.0973453s,2.4182095s,12943,1296,0
6.4421674s,1.25138s,8.9658388s,12934,1296,0
6.5584928s,1.3669286s,8.8569717s,12938,1296,0
5.8907497s,1.1078756s,303.0701ms,12970,1297,0
6.1488964s,1.0023515s,7.2518657s,12955,1297,0
6.0255373s,1.4397285s,201.4952ms,12963,1297,0
6.0275075s,1.3068467s,201.2398ms,12962,1297,0
5.8701428s,1.1856463s,7.5527201s,12959,1297,0
6.3775115s,1.1831438s,7.0453514s,12956,1297,0
7.1844786s,1.4890453s,6.2383843s,12960,1297,0
6.4837111s,1.3842773s,6.9439259s,12954,1297,0
6.2888841s,1.1260195s,7.1491789s,12957,1297,0
6.1550669s,1.31307s,100.5672ms,12964,1297,0
5.9932228s,1.2560021s,7.454894s,12952,1297,0
6.1980816s,1.3518311s,7.2500352s,12958,1297,0
6.3065922s,1.3674828s,7.1428568s,12951,1297,0
6.0692295s,1.2491975s,200.9288ms,12966,1297,0
6.5201621s,1.416454s,6.9475458s,12953,1297,0
6.3157238s,1.3927073s,0s,12965,1297,0
6.4306192s,1.1078756s,0s,12961,1297,0
6.4318067s,1.0690785s,0s,12967,1297,0
6.5785795s,1.0805738s,0s,12969,1297,0
6.1582114s,1.0565022s,5.5381569s,12971,1299,0
5.9607679s,1.1406075s,5.7385077s,12980,1299,0
6.2755776s,1.4502702s,5.4346059s,12975,1299,0
6.3801496s,1.3133706s,5.3360865s,12977,1299,0
5.3886386s,1.2649314s,6.3418919s,12972,1299,0
6.3967592s,1.3784569s,5.3337713s,12978,1299,0
6.4978775s,1.3985902s,5.232653s,12973,1299,0
6.5320583s,1.1502445s,5.2328761s,12974,1299,0
7.1008613s,1.3759226s,11.7737427s,12968,1299,0
6.5389737s,1.2089742s,5.234769s,12979,1299,0
6.6495517s,1.20134s,5.1344292s,12976,1299,0
6.8871923s,1.1258821s,10.9703284s,12982,1301,0
7.0047715s,1.3900438s,3.6225821s,12992,1301,0
5.6919799s,1.3077562s,12.1737862s,12987,1301,0
6.0881181s,1.1198233s,11.777648s,12988,1301,0
6.3942794s,1.017144s,11.4714867s,12981,1301,0
6.8136632s,1.4828681s,11.0704895s,12985,1301,0
6.7142292s,1.3672819s,11.1699235s,12986,1301,0
6.6260357s,1.0731617s,4.0278029s,12996,1301,0
6.0196295s,1.0832213s,4.6342091s,12997,1301,0
6.9340467s,1.4833959s,3.7280429s,12991,1301,0
7.2366937s,1.2973019s,10.6695357s,12983,1301,0
6.1450335s,1.2951405s,4.5274832s,12995,1301,0
6.0312418s,1.1692335s,11.8822868s,12984,1301,0
6.440427s,1.3163744s,11.4774812s,12990,1301,0
6.2657988s,1.1399076s,4.4290367s,12994,1301,0
6.9714728s,1.360597s,3.7233627s,12998,1301,0
6.2766772s,1.1327544s,4.4324203s,12999,1301,0
7.1753734s,1.4607238s,10.7704178s,12989,1301,0
6.1846805s,1.0555436s,4.530527s,13000,1301,0
6.0873303s,1.402923s,4.630153s,12993,1301,0
5.4591785s,1.2486192s,3.9251129s,13018,1303,0
6.0621473s,1.2526476s,3.3221441s,13013,1303,0
6.6721679s,1.3432733s,9.5641781s,13002,1303,0
6.5815697s,1.3334635s,2.8196562s,13011,1303,0
6.7860625s,1.389581s,2.6175064s,13020,1303,0
6.2854854s,1.3460138s,3.1211303s,13012,1303,0
5.5837405s,1.4163023s,3.8280115s,13019,1303,0
6.8150408s,1.1976104s,9.4611348s,13009,1303,0
6.1109739s,1.0064703s,10.1652017s,13004,1303,0
6.4075193s,1.1806833s,9.8693387s,13001,1303,0
6.7155545s,1.2825973s,9.5613035s,13003,1303,0
6.112659s,1.29013s,10.164199s,13006,1303,0
6.0131522s,1.2295992s,10.2637058s,13010,1303,0
6.9196606s,1.4514883s,2.5154534s,13016,1303,0
6.6262175s,1.2953571s,2.8201678s,13017,1303,0
6.3383496s,1.257885s,3.1194351s,13014,1303,0
6.847629s,1.084141s,9.4667833s,13007,1303,0
6.348444s,1.0156634s,9.9659683s,13008,1303,0
5.7444769s,1.1673384s,3.7241836s,13015,1303,0
6.1526815s,1.1663751s,10.1654627s,13005,1303,0
6.7151798s,1.3698373s,7.7547324s,13029,1305,0
6.947362s,1.4907059s,807.3704ms,13036,1305,0
5.5390828s,1.0253119s,2.2156496s,13039,1305,0
6.6682134s,1.494152s,1.1066254s,13032,1305,0
5.7312547s,1.2305545s,8.7624855s,13024,1305,0
5.8342029s,1.4375908s,8.6595373s,13025,1305,0
6.5722723s,1.2903547s,1.2084637s,13031,1305,0
6.2797531s,1.4566683s,1.5109106s,13038,1305,0
5.9507966s,1.3557029s,8.5623979s,13023,1305,0
6.7993176s,1.2772821s,1.0062369s,13037,1305,0
6.3609881s,1.3876916s,8.1597462s,13028,1305,0
6.9062007s,1.3626933s,906.1108ms,13034,1305,0
5.8701739s,1.1276939s,8.6594034s,13026,1305,0
6.4828618s,1.3168786s,8.0538014s,13021,1305,0
6.4144564s,1.3618416s,1.4120842s,13035,1305,0
6.1894921s,1.0955508s,8.3522283s,13030,1305,0
5.5230934s,1.0179246s,2.3161327s,13033,1305,0
6.2274783s,1.061762s,1.6117478s,13040,1305,0
6.3086441s,1.237202s,8.2510913s,13027,1305,0
6.1061252s,1.233027s,8.4536102s,13022,1305,0
5.6720851s,1.0327944s,7.1457485s,13043,1306,0
6.479185s,1.4440034s,6.3420324s,13044,1306,0
5.981574s,1.4176569s,6.8530514s,13047,1306,0
6.6010459s,1.4240297s,6.2443594s,13049,1306,0
6.1197827s,1.4316764s,6.7479796s,13042,1306,0
6.9284685s,1.172453s,5.9447723s,13041,1306,0
6.7324099s,1.3450123s,6.1408309s,13046,1306,0
6.3408517s,1.4240297s,6.5458594s,13050,1306,0
6.2562384s,1.3479736s,6.6435014s,13045,1306,0
6.1536249s,1.0045694s,6.7461149s,13048,1306,0
6.0182567s,1.0317103s,0s,13054,1306,0
6.0463387s,1.2783156s,0s,13059,1306,0
6.1548463s,1.4016654s,0s,13053,1306,0
6.1932279s,1.0035845s,0s,13051,1306,0
6.2097199s,1.0850541s,0s,13055,1306,0
6.3079984s,1.2856486s,0s,13052,1306,0
6.3107145s,1.0080062s,0s,13057,1306,0
5.8671752s,1.150799s,5.736897s,13063,1308,0
6.0851758s,1.2769412s,5.5385543s,13070,1308,0
6.6354021s,1.2269627s,11.7782347s,13058,1308,0
5.9969496s,1.0365812s,5.6363872s,13069,1308,0
6.9135563s,1.4216482s,4.7310073s,13068,1308,0
6.6144093s,1.408914s,5.0332178s,13065,1308,0
6.7813203s,1.3180427s,11.6800304s,13056,1308,0
6.9513064s,1.4742671s,4.7290227s,13064,1308,0
6.8554497s,1.0305227s,4.8284704s,13062,1308,0
6.159321s,1.0155038s,5.534164s,13066,1308,0
7.1645688s,1.3932292s,4.5289162s,13061,1308,0
6.3990049s,1.0334451s,12.0763272s,13060,1308,0
5.7613191s,1.2946411s,5.9354453s,13067,1308,0
5.9840649s,1.0055111s,10.7736709s,13076,1310,0
6.9675815s,1.302593s,2.91977s,13090,1310,0
6.4795464s,1.1945539s,3.4203535s,13086,1310,0
5.8761708s,1.2767485s,4.0237291s,13089,1310,0
6.5886494s,1.4794388s,3.3210629s,13083,1310,0
6.2896513s,1.1733609s,3.6211385s,13084,1310,0
5.5177356s,1.1137789s,11.2775792s,13073,1310,0
6.5349065s,1.0849514s,10.2647742s,13080,1310,0
6.1045075s,1.3825519s,3.8220363s,13088,1310,0
6.9194156s,1.4405527s,3.0167369s,13087,1310,0
6.2193141s,1.0193786s,3.72277s,13081,1310,0
6.5419861s,1.1777857s,10.2760926s,13078,1310,0
6.0464717s,1.4305721s,10.771607s,13077,1310,0
6.4474691s,1.2713183s,10.3709278s,13075,1310,0
6.5490099s,1.0624966s,10.269387s,13079,1310,0
6.552126s,1.2264482s,10.2703629s,13074,1310,0
6.8647924s,1.3665866s,9.964428s,13072,1310,0
6.8386465s,1.3274441s,3.118785s,13082,1310,0
6.4382498s,1.3611317s,3.5202121s,13085,1310,0
6.875672s,1.4714016s,9.9678293s,13071,1310,0
6.0750182s,1.3248112s,9.2640701s,13092,1312,0
5.6715372s,1.0986274s,9.6675511s,13091,1312,0
5.6814809s,1.1559917s,9.6599222s,13099,1312,0
5.6779232s,1.1213566s,9.6634799s,13094,1312,0
6.587623s,1.4823435s,8.7606709s,13096,1312,0
5.7454703s,1.001337s,3.0197721s,13104,1312,0
6.0536262s,1.1546072s,2.7159684s,13101,1312,0
5.799216s,1.0127637s,9.5580016s,13095,1312,0
6.0935645s,1.409862s,9.2636531s,13098,1312,0
6.9625996s,1.1406834s,1.8096913s,13106,1312,0
6.4609644s,1.4994847s,2.3188001s,13107,1312,0
6.2684095s,1.2691871s,2.5167327s,13102,1312,0
5.9098262s,1.011084s,9.462939s,13100,1312,0
6.1237935s,1.2453222s,9.2651835s,13093,1312,0
6.3503397s,1.4423612s,9.0588996s,13097,1312,0
6.5127045s,1.4459227s,2.314242s,13105,1312,0
7.0236404s,1.4845137s,1.8122888s,13108,1312,0
5.9184169s,1.1653066s,2.9198998s,13103,1312,0
6.9285613s,1.4891489s,1.9134671s,13110,1312,0
6.728891s,1.2424645s,2.1152809s,13109,1312,0
6.5943765s,1.324161s,8.055567s,13113,1314,0
5.5993315s,1.3765872s,2.4143238s,13123,1314,0
6.4070125s,1.2906352s,1.6116578s,13122,1314,0
6.306344s,1.1922947s,8.3600427s,13111,1314,0
6.6214043s,1.3501317s,1.4098743s,13124,1314,0
6.4139014s,1.4747169s,8.2588238s,13118,1314,0
6.3262886s,1.3531372s,1.7135422s,13125,1314,0
6.1189111s,1.4004841s,8.5592943s,13114,1314,0
6.7295251s,1.4047753s,1.3119713s,13129,1314,0
6.6290505s,1.0182249s,1.4124459s,13130,1314,0
6.3314807s,1.3290614s,8.3585312s,13112,1314,0
6.3332319s,1.0885953s,8.3597403s,13116,1314,0
6.6376816s,1.3409499s,8.0552906s,13115,1314,0
7.060177s,1.4483463s,1.0065002s,13127,1314,0
7.060177s,1.4801255s,1.0065002s,13121,1314,0
6.0576772s,1.2944764s,2.0145568s,13128,1314,0
6.1469943s,1.4136156s,8.5636143s,13119,1314,0
6.4719276s,1.3635952s,8.2548379s,13117,1314,0
6.3844553s,1.356812s,1.7117356s,13126,1314,0
6.2845061s,1.4305586s,8.4611354s,13120,1314,0
6.2392087s,1.0845082s,602.9571ms,13143,1315,0
6.5982138s,1.4507511s,7.4532992s,13135,1315,0
6.6062588s,1.3954165s,7.4486402s,13134,1315,0
7.2063257s,1.3867081s,6.8485733s,13140,1315,0
6.2555065s,1.0400411s,602.8157ms,13150,1315,0
5.647879s,1.2975153s,1.2104432s,13141,1315,0
5.9159573s,1.1039541s,8.1533628s,13133,1315,0
6.4146309s,1.3751648s,7.6546892s,13137,1315,0
6.3627963s,1.3165171s,506.8742ms,13146,1315,0
6.8329582s,1.1168698s,7.2477885s,13136,1315,0
6.6774085s,1.2975153s,202.0748ms,13147,1315,0
6.1733213s,1.1779539s,706.162ms,13149,1315,0
6.6416184s,1.1092252s,7.4537644s,13139,1315,0
6.3441434s,1.3374654s,7.7512394s,13138,1315,0
6.1900075s,1.4928076s,704.0784ms,13142,1315,0
6.9681929s,1.3536323s,7.1496124s,13132,1315,0
6.5190841s,1.281576s,402.9117ms,13144,1315,0
6.5190841s,1.3356517s,402.9117ms,13145,1315,0
6.2812101s,1.380426s,7.8576523s,13131,1315,0
7.1204445s,1.4797509s,0s,13148,1315,0
5.5480937s,1.1487747s,7.2457412s,13156,1317,0
6.4702342s,1.4502919s,6.3427195s,13158,1317,0
6.4774298s,1.4371295s,6.3424799s,13157,1317,0
6.676406s,1.0108891s,6.1435037s,13155,1317,0
6.0809036s,1.0855981s,6.7497153s,13153,1317,0
6.6969761s,1.2127384s,6.1336428s,13152,1317,0
6.5060416s,1.3916007s,6.3411024s,13154,1317,0
6.2110511s,1.2019879s,6.6430126s,13160,1317,0
7.1325962s,1.4646319s,5.7404949s,13159,1317,0
6.1279224s,1.4416772s,6.748739s,13151,1317,0
5.8304637s,1.0567729s,0s,13165,1317,0
5.9229016s,1.0385127s,0s,13161,1317,0
6.0430707s,1.1004727s,0s,13164,1317,0
6.0596283s,1.2058946s,0s,13168,1317,0
6.4602497s,1.3365679s,11.2745021s,13162,1319,0
5.9926763s,1.2359056s,4.7327678s,13179,1319,0
6.2982973s,1.1123101s,4.4285163s,13171,1319,0
6.4765098s,1.4266294s,11.2752844s,13163,1319,0
6.2125762s,1.3696812s,4.5296299s,13176,1319,0
6.1178361s,1.2359056s,4.631076s,13175,1319,0
7.1322059s,1.3405086s,3.6263621s,13173,1319,0
6.7454519s,1.2906666s,4.0286377s,13172,1319,0
7.0147959s,1.3481455s,10.778203s,13170,1319,0
6.92465s,1.3649779s,10.8711617s,13167,1319,0
5.7529191s,1.0276471s,5.0338245s,13178,1319,0
5.5536281s,1.0428642s,5.2364735s,13180,1319,0
6.4609625s,1.3803244s,4.3308996s,13174,1319,0
6.4293689s,1.2766662s,11.3772891s,13169,1319,0
6.1763262s,1.1838117s,4.6292879s,13177,1319,0
6.2487548s,1.1776183s,11.5775684s,13166,1319,0
7.2222608s,1.4367214s,2.2149761s,13194,1321,0
6.6361769s,1.3259382s,9.9665445s,13181,1321,0
6.3469075s,1.1533881s,10.2648129s,13188,1321,0
6.2491297s,1.1807321s,10.365234s,13182,1321,0
5.9278307s,1.2544814s,3.5228851s,13199,1321,0
7.1636479s,1.483968s,9.4549887s,13184,1321,0
6.3452537s,1.1208582s,3.1194617s,13192,1321,0
6.7728429s,1.3293779s,9.8665523s,13187,1321,0
6.0733258s,1.0939711s,10.5695493s,13183,1321,0
6.370767s,1.0577043s,3.1185367s,13197,1321,0
6.3743511s,1.2598191s,3.1201664s,13198,1321,0
6.2750007s,1.0089797s,3.2224951s,13196,1321,0
6.8948517s,1.0262681s,9.766292s,13190,1321,0
6.4117934s,1.3667033s,10.2607524s,13186,1321,0
6.713734s,1.3380668s,9.9588118s,13185,1321,0
5.7866512s,1.4307133s,3.7222467s,13193,1321,0
6.7975123s,1.4581878s,2.7159521s,13195,1321,0
6.7032749s,1.3505721s,2.8186178s,13191,1321,0
6.5249168s,1.3149463s,10.1641844s,13189,1321,0
6.9081759s,1.4136364s,2.6189797s,13200,1321,0
6.742441s,1.4182681s,7.8487898s,13203,1323,0
6.7464635s,1.3686449s,7.8490842s,13209,1323,0
7.1205092s,1.3740634s,604.3667ms,13212,1323,0
5.8199429s,1.148546s,1.912683s,13214,1323,0
6.1251221s,1.1256913s,1.611142s,13215,1323,0
6.3276759s,1.0526283s,1.4085882s,13219,1323,0
6.5302127s,1.1212818s,1.2087473s,13218,1323,0
6.329667s,1.2243141s,1.409293s,13217,1323,0
6.2375643s,1.0308673s,1.5101372s,13216,1323,0
6.5803741s,1.3720014s,8.053217s,13208,1323,0
6.8830607s,1.4580705s,7.7505304s,13205,1323,0
6.4817788s,1.2812705s,8.1540242s,13204,1323,0
6.4992692s,1.4256433s,8.1497692s,13207,1323,0
5.6964112s,1.3667149s,8.9550962s,13202,1323,0
5.4966074s,1.0847774s,9.1549s,13210,1323,0
5.7658637s,1.0773947s,2.0122245s,13211,1323,0
6.2742257s,1.4622334s,1.5084425s,13220,1323,0
6.8858266s,1.3785182s,905.5406ms,13213,1323,0
5.9249565s,1.393407s,8.7541382s,13206,1323,0
6.5343587s,1.0750696s,8.144736s,13201,1323,0
7.2321444s,1.4340541s,4.7334674s,13225,1324,0
6.6433262s,1.1492403s,5.3374382s,13230,1324,0
6.5467147s,1.3001268s,5.4362367s,13227,1324,0
5.9461559s,1.4935984s,6.0450274s,13222,1324,0
6.6572371s,1.4311787s,5.3394312s,13226,1324,0
6.8728118s,1.4096743s,5.1302522s,13221,1324,0
6.8691291s,1.3054767s,5.1339349s,13224,1324,0
6.4870026s,1.3079776s,5.5318567s,13229,1324,0
5.9917905s,1.1038251s,6.041158s,13228,1324,0
6.6936737s,1.2780429s,5.3392748s,13223,1324,0
5.8187393s,1.3530069s,11.7833247s,13236,1326,0
5.4198427s,1.1216126s,12.1822213s,13232,1326,0
6.5728209s,1.347433s,3.9274462s,13241,1326,0
6.0263495s,1.4923307s,11.5772586s,13233,1326,0
6.4804271s,1.0275164s,4.0272096s,13245,1326,0
6.184582s,1.4365033s,4.3249686s,13246,1326,0
6.1505652s,1.1617421s,11.4848636s,13235,1326,0
6.3634631s,1.4303471s,11.2731773s,13239,1326,0
6.4040491s,1.4572351s,4.1307944s,13249,1326,0
5.8110217s,1.1203182s,4.7308971s,13243,1326,0
5.9210293s,1.0308136s,4.6278122s,13250,1326,0
5.776449s,1.2736593s,11.8741894s,13231,1326,0
6.6861394s,1.3974554s,10.971347s,13234,1326,0
6.3332016s,1.36409s,4.2224879s,13247,1326,0
7.1014134s,1.2745532s,10.5734394s,13240,1326,0
5.8990708s,1.0933634s,11.7824366s,13238,1326,0
6.1559714s,1.4224277s,4.4289565s,13244,1326,0
6.4563645s,1.2927132s,4.1282539s,13242,1326,0
6.1570962s,1.0476935s,4.4289241s,13248,1326,0
6.5120689s,1.2474477s,11.1757483s,13237,1326,0
6.8133834s,1.2318307s,3.1217622s,13261,1328,0
6.2131835s,1.3948694s,3.7219621s,13262,1328,0
6.2569612s,1.4359503s,10.6714008s,13257,1328,0
6.33752s,1.407491s,3.627607s,13267,1328,0
6.977139s,1.2500979s,9.9711796s,13255,1328,0
6.1530431s,1.4355992s,3.8277688s,13264,1328,0
6.1913601s,1.0898128s,10.769565s,13253,1328,0
6.3950538s,1.2306729s,10.5661924s,13259,1328,0
6.8991398s,1.318354s,10.0675545s,13252,1328,0
6.4003182s,1.1255984s,10.5745069s,13260,1328,0
6.577094s,1.3891135s,3.4233963s,13266,1328,0
5.7054468s,1.192644s,11.2820361s,13254,1328,0
6.2200531s,1.1425845s,10.771674s,13258,1328,0
5.7846328s,1.0937287s,4.2313347s,13263,1328,0
6.4925821s,1.020516s,3.5233854s,13265,1328,0
5.8243887s,1.1979237s,11.1723513s,13251,1328,0
5.2922134s,1.2634907s,4.7330728s,13269,1328,0
5.9293495s,1.1778106s,11.0736238s,13256,1328,0
6.0003595s,1.0949574s,4.0252459s,13268,1328,0
6.3058374s,1.0852598s,3.7241615s,13270,1328,0
6.7295137s,1.2348924s,9.973157s,13277,1330,0
6.8402512s,1.4469121s,3.1202773s,13282,1330,0
7.0414584s,1.3424122s,2.9190701s,13289,1330,0
6.7485911s,1.2747691s,9.9712046s,13271,1330,0
5.9465153s,1.0466116s,10.7753691s,13278,1330,0
6.256248s,1.4695546s,10.4656364s,13276,1330,0
6.4584543s,1.3805267s,3.518833s,13290,1330,0
5.9566765s,1.0470067s,4.0254117s,13288,1330,0
6.465905s,1.0304326s,10.2714396s,13272,1330,0
6.6656984s,1.474502s,3.3226434s,13285,1330,0
5.7634314s,1.1447921s,4.2264371s,13287,1330,0
6.5774317s,1.1809388s,3.4264755s,13284,1330,0
6.0835776s,1.3245444s,3.9228111s,13283,1330,0
6.2870421s,1.0773796s,10.4683494s,13273,1330,0
6.9920645s,1.1866865s,3.0186378s,13286,1330,0
6.1884077s,1.3213959s,10.5732937s,13279,1330,0
6.2919246s,1.1130301s,10.4697768s,13274,1330,0
6.4945531s,1.043009s,10.2671483s,13280,1330,0
6.5042758s,1.0820388s,10.2657934s,13275,1330,0
5.7123505s,1.0688046s,4.3286255s,13281,1330,0
6.3666768s,1.471312s,9.2637214s,13298,1332,0
6.976344s,1.3134938s,8.6589609s,13296,1332,0
6.0461388s,1.0485064s,2.6187929s,13302,1332,0
6.3811663s,1.0210276s,9.263678s,13293,1332,0
6.6891593s,1.4475119s,8.9633456s,13294,1332,0
6.461816s,1.4804313s,2.2138703s,13304,1332,0
6.6793968s,1.2494678s,2.0142879s,13309,1332,0
5.3066842s,1.0597119s,10.3638191s,13292,1332,0
5.9049727s,1.018148s,9.7655306s,13297,1332,0
6.8885565s,1.1966355s,1.8092661s,13308,1332,0
5.7822919s,1.2393755s,2.9220778s,13303,1332,0
6.8987607s,1.4937605s,1.8129971s,13310,1332,0
6.2413339s,1.4748552s,9.4626567s,13300,1332,0
5.5340157s,1.1813594s,10.1699749s,13291,1332,0
6.0444768s,1.0637639s,9.6620646s,13299,1332,0
6.5152304s,1.4395734s,2.2161956s,13305,1332,0
6.9249376s,1.1436437s,1.8118414s,13306,1332,0
5.9511022s,1.0876432s,9.7624954s,13295,1332,0
6.7296116s,1.0485064s,2.0116386s,13307,1332,0
5.9243728s,1.1075257s,2.8168774s,13301,1332,0
6.2121743s,1.1637238s,1.0089267s,13327,1334,0
5.814564s,1.3789518s,1.411214s,13325,1334,0
6.7216156s,1.4188849s,504.1624ms,13321,1334,0
6.095427s,1.3063823s,8.1533125s,13313,1334,0
6.8301976s,1.2665569s,403.5818ms,13323,1334,0
5.226586s,1.0376348s,2.0118233s,13324,1334,0
6.9440454s,1.3370436s,301.3501ms,13322,1334,0
7.0211643s,1.3414917s,7.2498152s,13319,1334,0
6.2226005s,1.1485029s,8.0576707s,13315,1334,0
6.2584294s,1.3886368s,1.0055878s,13328,1334,0
5.5204419s,1.0388207s,8.7647396s,13317,1334,0
6.8444579s,1.0425229s,7.4494936s,13316,1334,0
6.5431269s,1.2531729s,7.7597062s,13311,1334,0
6.8547473s,1.3534254s,7.4507763s,13320,1334,0
5.7733229s,1.4337838s,1.5110364s,13326,1334,0
5.8834423s,1.282848s,1.409524s,13330,1334,0
6.4599243s,1.3445053s,7.8542063s,13318,1334,0
5.7663642s,1.0314947s,8.557139s,13314,1334,0
6.373836s,1.4820029s,7.9496672s,13312,1334,0
6.6123288s,1.052854s,705.0558ms,13329,1334,0
6.3235663s,1.4165509s,6.3465712s,13333,1335,0
5.9228093s,1.1029151s,6.7473282s,13338,1335,0
5.6424546s,1.2595638s,100.8892ms,13346,1335,0
6.940245s,1.3183625s,5.7440265s,13331,1335,0
6.153523s,1.3226572s,6.544886s,13332,1335,0
6.2849629s,1.1684483s,6.4436843s,13340,1335,0
6.5931375s,1.2390922s,6.1415694s,13339,1335,0
6.2904866s,1.2957326s,6.4442203s,13334,1335,0
6.5996403s,1.3563863s,6.1462592s,13337,1335,0
6.4015974s,1.2574989s,6.3447121s,13335,1335,0
6.4124692s,1.0299411s,6.3442503s,13336,1335,0
5.886189s,1.270139s,0s,13345,1335,0
5.9982482s,1.0750161s,0s,13347,1335,0
6.1388622s,1.001479s,0s,13344,1335,0
6.2512062s,1.3541206s,12.0774879s,13349,1337,0
6.6262205s,1.3436595s,4.4282031s,13357,1337,0
6.5689128s,1.2733791s,11.7747374s,13341,1337,0
5.529305s,1.1982856s,5.5360343s,13356,1337,0
6.6711743s,1.0541342s,11.6781131s,13348,1337,0
7.2783109s,1.4191471s,11.0784157s,13342,1337,0
6.4817264s,1.0238857s,11.8763882s,13350,1337,0
5.8565928s,1.1284847s,5.2293768s,13351,1337,0
5.6716295s,1.2370034s,5.4357881s,13358,1337,0
6.2799978s,1.0316969s,4.8309783s,13359,1337,0
6.3930655s,1.054283s,4.7298548s,13353,1337,0
6.7296707s,1.4412763s,11.6802131s,13343,1337,0
6.5050758s,1.1206893s,4.6322759s,13360,1337,0
7.1147163s,1.3436595s,4.0270925s,13355,1337,0
5.8064381s,1.2136973s,5.3362206s,13352,1337,0
6.714842s,1.228742s,4.4278167s,13354,1337,0
6.2261841s,1.2579413s,3.420795s,13374,1339,0
6.3258493s,1.2236873s,10.4741123s,13368,1339,0
5.8350996s,1.2787996s,3.8244712s,13376,1339,0
7.1424921s,1.4196743s,9.6602599s,13363,1339,0
5.5351439s,1.0244001s,11.2718962s,13370,1339,0
6.9415649s,1.3874771s,9.8654752s,13369,1339,0
6.1442155s,1.215323s,3.5247342s,13379,1339,0
6.5471997s,1.2228124s,10.2672309s,13362,1339,0
6.6596762s,1.0475281s,3.0173135s,13375,1339,0
6.5699583s,1.0767709s,3.1190625s,13372,1339,0
5.7741811s,1.1466884s,3.9302109s,13380,1339,0
6.3864517s,1.092777s,3.325248s,13373,1339,0
5.9800563s,1.1616408s,10.8760606s,13365,1339,0
6.1833031s,1.0656025s,10.6739906s,13367,1339,0
6.3934046s,1.1804908s,3.3207079s,13378,1339,0
6.9984065s,1.4865619s,2.715706s,13377,1339,0
6.2936023s,1.2072364s,10.5690944s,13361,1339,0
6.8999765s,1.4062962s,9.9627202s,13366,1339,0
6.3010787s,1.0015043s,10.568206s,13364,1339,0
5.919771s,1.0475281s,3.8244427s,13371,1339,0
5.7418142s,1.3347912s,1.713123s,13395,1341,0
5.944547s,1.259476s,1.5103902s,13393,1341,0
6.7892839s,1.0941842s,7.6532426s,13388,1341,0
6.8056409s,1.3655844s,7.6464719s,13385,1341,0
6.4703376s,1.3138971s,1.0070407s,13394,1341,0
6.0089036s,1.4174589s,8.456663s,13382,1341,0
5.7786402s,1.397322s,1.7121919s,13396,1341,0
6.2166679s,1.17492s,8.2503126s,13383,1341,0
6.1192436s,1.0537782s,8.35165s,13384,1341,0
6.3974119s,1.174819s,1.1073194s,13392,1341,0
5.5931896s,1.0456412s,1.9142898s,13391,1341,0
7.1102016s,1.2498797s,402.5536ms,13398,1341,0
6.638667s,1.3695832s,7.851555s,13387,1341,0
6.3089689s,1.0456412s,1.2071823s,13400,1341,0
6.5421262s,1.3486906s,7.9520569s,13381,1341,0
6.3120174s,1.1136845s,1.2074312s,13399,1341,0
6.8256742s,1.3079199s,704.0283ms,13397,1341,0
5.7581287s,1.0992992s,8.7565512s,13390,1341,0
6.8732394s,1.2520813s,7.6517222s,13389,1341,0
6.9747345s,1.4455103s,7.5502271s,13386,1341,0
5.6642513s,1.2805499s,7.7489858s,13410,1342,0
6.4696822s,1.3517648s,6.9435549s,13402,1342,0
6.9817768s,1.4206722s,6.4403392s,13401,1342,0
5.6020015s,1.0106897s,605.0264ms,13412,1342,0
6.8904352s,1.3816768s,6.5416848s,13405,1342,0
6.4848151s,1.4443838s,6.9473049s,13403,1342,0
6.0093514s,1.4999242s,200.6487ms,13420,1342,0
6.498604s,1.4147856s,6.9420518s,13408,1342,0
5.9982801s,1.1681932s,7.4480665s,13407,1342,0
6.1378789s,1.2383256s,100.4013ms,13411,1342,0
6.0360042s,1.2644829s,201.6789ms,13419,1342,0
7.2235117s,1.3522321s,6.2382802s,13404,1342,0
6.834956s,1.1377669s,6.6421278s,13409,1342,0
5.7502445s,1.0390437s,503.3276ms,13415,1342,0
6.1668961s,1.4520091s,101.0261ms,13413,1342,0
6.1470805s,1.3648545s,7.3478101s,13406,1342,0
6.3691191s,1.0876351s,0s,13414,1342,0
6.4477232s,1.0279265s,0s,13416,1342,0
6.4533238s,1.1946579s,0s,13417,1342,0
6.8203399s,1.370738s,5.739901s,13430,1344,0
6.0286899s,1.0993894s,6.5434105s,13425,1344,0
6.3342969s,1.0875565s,6.2431011s,13421,1344,0
7.0219625s,1.4454568s,12.5849934s,13418,1344,0
6.8468177s,1.4457356s,5.7378636s,13429,1344,0
5.6532903s,1.2080517s,6.9439319s,13426,1344,0
6.9596287s,1.4027405s,5.6375935s,13427,1344,0
6.0507306s,1.330738s,6.5464916s,13422,1344,0
6.4708239s,1.4457356s,6.1380587s,13424,1344,0
5.5589638s,1.1398252s,100.1454ms,13436,1344,0
6.1878638s,1.2848533s,6.4446378s,13428,1344,0
6.9029345s,1.0435114s,5.7406683s,13423,1344,0
5.7275392s,1.0255142s,0s,13438,1344,0
5.983641s,1.1053997s,0s,13440,1344,0
6.0593203s,1.4786972s,0s,13431,1344,0
6.0676742s,1.2807192s,0s,13435,1344,0
6.4322894s,1.4131585s,6.1368523s,13445,1346,0
5.6247834s,1.4387567s,6.9443583s,13447,1346,0
6.1289061s,1.1858424s,6.4402356s,13441,1346,0
6.2408764s,1.3685667s,6.3438048s,13450,1346,0
6.4963384s,1.4553813s,12.5923455s,13433,1346,0
6.4558386s,1.2568782s,6.1415463s,13448,1346,0
6.4586496s,1.3453765s,6.143307s,13443,1346,0
6.2379206s,1.2316684s,12.8706943s,13432,1346,0
6.1247093s,1.4747024s,12.9839056s,13434,1346,0
6.3297537s,1.1345152s,12.7788612s,13439,1346,0
6.6809922s,1.3965998s,5.9408578s,13442,1346,0
5.6417061s,1.0847557s,202.7487ms,13458,1346,0
6.7887349s,1.358262s,5.8471009s,13446,1346,0
6.7178959s,1.237944s,5.9387879s,13449,1346,0
6.4703005s,1.4215724s,12.6830258s,13437,1346,0
6.415766s,1.3515657s,6.2409178s,13444,1346,0
5.9976168s,1.1255773s,0s,13455,1346,0
6.0503102s,1.0855514s,0s,13453,1346,0
6.0650853s,1.434728s,0s,13459,1346,0
6.213238s,1.3864922s,0s,13457,1346,0
6.232066s,1.2835224s,0s,13454,1346,0
6.7832878s,1.4975334s,12.2784636s,13456,1348,0
6.9452556s,1.40601s,5.3327879s,13467,1348,0
6.5405475s,1.0787291s,5.7379161s,13462,1348,0
6.491692s,1.4613664s,12.5836579s,13460,1348,0
7.1727357s,1.2741106s,5.1367397s,13469,1348,0
6.7797913s,1.4782352s,5.5343694s,13470,1348,0
6.4248729s,1.4417579s,12.681962s,13451,1348,0
6.0915236s,1.229744s,6.2452616s,13463,1348,0
5.7983289s,1.1276402s,6.5418048s,13465,1348,0
6.7035984s,1.0168818s,5.6365353s,13461,1348,0
6.3117485s,1.3600746s,6.0331212s,13468,1348,0
6.7213396s,1.3326939s,5.6348918s,13464,1348,0
6.0118563s,1.0777194s,6.3443751s,13466,1348,0
6.7607829s,1.4566376s,12.3821522s,13452,1348,0
5.9409725s,1.083528s,11.5691424s,13475,1350,0
6.5531873s,1.2998596s,10.9653423s,13474,1350,0
5.9538692s,1.3476675s,11.5760115s,13477,1350,0
6.7629051s,1.2224262s,10.77579s,13480,1350,0
6.6314198s,1.2728404s,4.1280775s,13483,1350,0
6.1355779s,1.1936956s,4.6254139s,13490,1350,0
6.7824061s,1.2915531s,10.7683983s,13476,1350,0
6.4739355s,1.4268828s,11.0768689s,13479,1350,0
6.5467141s,1.077731s,4.2289881s,13485,1350,0
6.2845414s,1.1959785s,11.2768015s,13473,1350,0
5.9827996s,1.1189114s,11.5785433s,13478,1350,0
6.1493768s,1.3576698s,4.6326819s,13487,1350,0
6.5912909s,1.1870802s,10.976719s,13472,1350,0
6.4621454s,1.3909986s,4.3254032s,13482,1350,0
6.4751145s,1.3516355s,4.3312634s,13481,1350,0
5.8723975s,1.0163853s,4.9339804s,13486,1350,0
6.3116381s,1.1121888s,11.2771459s,13471,1350,0
5.9741415s,1.0199089s,4.8349564s,13484,1350,0
5.5764718s,1.0354596s,5.236277s,13488,1350,0
6.5919051s,1.0585013s,4.2280103s,13489,1350,0
7.1265136s,1.4305282s,1.9134999s,13509,1352,0
5.9622908s,1.0415575s,9.8580976s,13497,1352,0
6.5593317s,1.2128778s,9.2636801s,13498,1352,0
7.138806s,1.3923377s,1.9123547s,13504,1352,0
6.7712892s,1.4859431s,9.0573604s,13494,1352,0
6.2490522s,1.1053189s,2.8163487s,13510,1352,0
6.4727687s,1.1724037s,9.3698996s,13500,1352,0
6.5771269s,1.2085219s,9.2655414s,13496,1352,0
5.8508251s,1.2839442s,3.2224608s,13506,1352,0
6.4652038s,1.4746802s,2.614046s,13502,1352,0
5.9655975s,1.3815338s,3.1191527s,13505,1352,0
6.4706646s,1.3017602s,2.6164269s,13503,1352,0
6.6047536s,1.0690643s,9.2579381s,13499,1352,0
6.2799987s,1.3596945s,2.8164617s,13508,1352,0
6.5098459s,1.3108092s,9.3635377s,13493,1352,0
6.0194006s,1.0089118s,9.8626235s,13492,1352,0
6.5294173s,1.3866892s,9.3619399s,13495,1352,0
6.0066512s,1.1010317s,3.1207266s,13501,1352,0
6.1385045s,1.4405156s,9.763475s,13491,1352,0
6.6203822s,1.3376231s,2.5174161s,13507,1352,0
6.0205374s,1.248908s,2.6197792s,13524,1354,0
6.2010391s,1.2085453s,9.3686899s,13513,1354,0
6.8169416s,1.269576s,8.7550428s,13515,1354,0
6.9248671s,1.1188399s,8.657836s,13518,1354,0
6.0422588s,1.2216461s,2.61786s,13529,1354,0
6.1318087s,1.1638373s,9.4647056s,13514,1354,0
5.8412382s,1.0660014s,9.7596477s,13520,1354,0
6.8481924s,1.3410796s,8.7526935s,13519,1354,0
6.7420177s,1.4409724s,8.8588682s,13517,1354,0
6.2652974s,1.3011109s,2.4153037s,13526,1354,0
6.4729406s,1.3873461s,2.2149009s,13521,1354,0
5.8520102s,1.0660014s,9.76435s,13516,1354,0
5.7755162s,1.0570986s,2.9196633s,13522,1354,0
7.0845004s,1.4269159s,1.6106791s,13528,1354,0
6.5044708s,1.4213807s,2.2137073s,13525,1354,0
6.508327s,1.0929546s,2.2137201s,13530,1354,0
6.3087014s,1.132824s,2.4156831s,13523,1354,0
6.1869145s,1.1509148s,9.4623371s,13512,1354,0
6.1922861s,1.4409724s,9.4605732s,13511,1354,0
6.5146015s,1.3546395s,2.2154694s,13527,1354,0
5.9930315s,1.1877935s,7.3508578s,13539,1355,0
5.6927137s,1.1935492s,7.6535297s,13540,1355,0
6.106204s,1.1786708s,100.6184ms,13548,1355,0
6.2079472s,1.0329774s,0s,13542,1355,0
6.0066422s,1.4006837s,201.8858ms,13541,1355,0
6.3276738s,1.1750747s,7.0497266s,13532,1355,0
5.9295603s,1.1847963s,7.4478401s,13531,1355,0
6.6556361s,1.4885993s,6.7418716s,13535,1355,0
6.0315455s,1.4595132s,200.9925ms,13543,1355,0
6.1596565s,1.1183868s,7.2453756s,13537,1355,0
6.2634822s,1.4272647s,7.1427073s,13538,1355,0
7.1688724s,1.4979425s,6.2373171s,13534,1355,0
6.2430866s,1.1327872s,0s,13546,1355,0
7.0731993s,1.454764s,6.3417637s,13533,1355,0
6.0770881s,1.0958095s,7.3484862s,13536,1355,0
6.2745642s,1.159492s,0s,13544,1355,0
6.294917s,1.0784882s,0s,13550,1355,0
6.6053106s,1.4971983s,0s,13545,1355,0
6.6609671s,1.3851457s,0s,13549,1355,0
6.0005722s,1.3235502s,5.7369731s,13554,1357,0
6.5059784s,1.2877119s,5.2391116s,13560,1357,0
6.8099087s,1.0589297s,4.9351813s,13551,1357,0
6.5213267s,1.109984s,5.2307024s,13552,1357,0
6.4438178s,1.1389504s,5.3322332s,13556,1357,0
6.8292318s,1.4056744s,11.7766497s,13547,1357,0
6.0458867s,1.1554577s,5.7357582s,13553,1357,0
6.446737s,1.444658s,5.3349079s,13558,1357,0
6.0631277s,1.4072925s,5.7369091s,13555,1357,0
6.7866538s,1.3153393s,5.0362534s,13559,1357,0
6.3955234s,1.291798s,5.4372006s,13557,1357,0
7.074698s,1.3618733s,10.3737312s,13565,1359,0
5.9740765s,1.1296544s,11.478435s,13567,1359,0
6.2766105s,1.0662236s,11.175901s,13570,1359,0
6.1894007s,1.1914781s,11.2757398s,13569,1359,0
6.9928144s,1.2721857s,10.4723261s,13561,1359,0
6.4684448s,1.2236263s,3.9267474s,13578,1359,0
5.8934484s,1.3164031s,11.580808s,13564,1359,0
5.8788666s,1.4256229s,4.5343657s,13573,1359,0
6.3928859s,1.0835095s,4.0255408s,13572,1359,0
6.2196533s,1.0345069s,11.2734714s,13563,1359,0
6.9276021s,1.1649677s,10.5655226s,13562,1359,0
6.0012303s,1.0599969s,4.4290484s,13574,1359,0
6.5308227s,1.2634867s,10.9767605s,13568,1359,0
6.6090696s,1.1473167s,3.8276732s,13579,1359,0
6.3333696s,1.3308584s,11.1828846s,13566,1359,0
6.8134796s,1.3870159s,3.6280766s,13575,1359,0
6.8203031s,1.3895787s,3.6253959s,13580,1359,0
6.0206094s,1.0296232s,4.4286878s,13576,1359,0
6.1310463s,1.2417795s,4.3230791s,13577,1359,0
7.0368189s,1.1872958s,3.4173065s,13571,1359,0
6.0728386s,1.1457247s,2.7182741s,13600,1361,0
6.3878498s,1.2056483s,2.413028s,13599,1361,0
6.7488181s,1.4076797s,9.0606273s,13589,1361,0
5.8940868s,1.196725s,2.9171305s,13594,1361,0
6.0533368s,1.3934262s,9.7641547s,13587,1361,0
6.7024561s,1.2413957s,2.1141088s,13593,1361,0
6.605297s,1.2293223s,2.2149867s,13598,1361,0
6.1702032s,1.3034834s,9.656234s,13590,1361,0
6.2672274s,1.4086094s,9.5592098s,13581,1361,0
5.9097923s,1.3994417s,2.9201687s,13592,1361,0
6.5789912s,1.0403789s,9.2660192s,13588,1361,0
6.6841138s,1.3787516s,9.1662316s,13582,1361,0
5.933926s,1.0885553s,2.918446s,13597,1361,0
7.344594s,1.4805411s,1.5092884s,13596,1361,0
7.0005439s,1.2316941s,8.8590434s,13585,1361,0
6.599719s,1.2379308s,9.2650243s,13586,1361,0
6.5155159s,1.1003902s,9.3597228s,13584,1361,0
6.1151753s,1.3994973s,9.7670476s,13583,1361,0
5.9604722s,1.3695204s,2.9208241s,13591,1361,0
6.4720484s,1.4155944s,2.4142576s,13595,1361,0
6.004309s,1.3295508s,1.4098267s,13614,1363,0
5.4118174s,1.0168525s,2.0131664s,13613,1363,0
5.8168502s,1.0355481s,1.6119913s,13618,1363,0
6.2763653s,1.1394438s,8.1535642s,13603,1363,0
6.4784842s,1.3874631s,7.9514453s,13601,1363,0
6.0719744s,1.1057813s,8.3579551s,13609,1363,0
5.7703448s,1.3528126s,8.6595847s,13602,1363,0
6.6240663s,1.1205088s,805.844ms,13611,1363,0
6.2808737s,1.1830801s,8.1534456s,13608,1363,0
6.1418879s,1.1787929s,1.3091277s,13612,1363,0
7.0005975s,1.4195459s,7.4547993s,13610,1363,0
6.6191765s,1.0967417s,7.8507261s,13605,1363,0
5.8217341s,1.1937179s,8.6568004s,13607,1363,0
5.7700007s,1.0751453s,1.7113235s,13616,1363,0
6.1745271s,1.3063888s,1.310557s,13620,1363,0
5.3743715s,1.1151344s,2.1142434s,13619,1363,0
5.933145s,1.0967417s,8.5565579s,13606,1363,0
6.5842836s,1.4407223s,906.7969ms,13615,1363,0
5.6838174s,1.1553106s,1.8147277s,13617,1363,0
6.550894s,1.2884409s,7.9560749s,13604,1363,0
6.8591013s,1.4165279s,5.9402898s,13621,1364,0
5.4919329s,1.0131644s,200.8803ms,13634,1364,0
6.9627479s,1.2440631s,5.8386166s,13623,1364,0
5.8682634s,1.0248266s,6.9452959s,13626,1364,0
6.675528s,1.3553147s,6.1412162s,13630,1364,0
6.4857128s,1.3276132s,6.3415398s,13625,1364,0
6.6983747s,1.3974941s,6.1410452s,13622,1364,0
7.1085513s,1.4000137s,5.7373045s,13624,1364,0
6.7078856s,1.1810592s,6.1479319s,13628,1364,0
6.7276793s,1.362754s,6.1435015s,13629,1364,0
6.632276s,1.4437259s,6.2429847s,13627,1364,0
5.8964725s,1.0569895s,0s,13633,1364,0
5.9272618s,1.2834998s,0s,13632,1364,0
6.169033s,1.3473531s,0s,13638,1364,0
6.9420687s,1.3868688s,3.5219217s,13646,1366,0
6.5635936s,1.0493407s,11.0744381s,13635,1366,0
6.3420524s,1.2786054s,4.1258679s,13642,1366,0
7.1701114s,1.4939503s,10.4735938s,13631,1366,0
6.550323s,1.11978s,3.9258913s,13650,1366,0
5.5488385s,1.1452793s,4.9317146s,13647,1366,0
6.3573553s,1.1603555s,4.1255566s,13644,1366,0
6.2572553s,1.492588s,4.2256566s,13641,1366,0
7.1630205s,1.3528833s,3.3198914s,13649,1366,0
6.7857241s,1.3803077s,10.8695348s,13640,1366,0
6.2629297s,1.2053786s,4.2256441s,13648,1366,0
6.969872s,1.4085315s,3.5233271s,13643,1366,0
6.5939236s,1.1307334s,11.0741377s,13636,1366,0
6.3995786s,1.2960779s,11.2684827s,13639,1366,0
6.6065694s,1.3776176s,11.0718203s,13637,1366,0
6.3848144s,1.3050333s,4.1263896s,13645,1366,0
5.8484132s,1.0928008s,9.5662017s,13651,1368,0
5.830711s,1.0015464s,2.7196285s,13661,1368,0
6.5566725s,1.4707482s,8.8607379s,13653,1368,0
6.8638498s,1.2171548s,8.5570639s,13659,1368,0
6.1580586s,1.2414526s,9.2628551s,13660,1368,0
6.3409798s,1.0833182s,2.2156585s,13667,1368,0
6.358939s,1.2988907s,9.0644525s,13655,1368,0
6.3632328s,1.3155554s,9.0601587s,13654,1368,0
5.9411397s,1.4793538s,2.6188388s,13662,1368,0
6.776629s,1.045279s,8.6531234s,13656,1368,0
6.4562319s,1.4007833s,2.1127445s,13664,1368,0
5.4713375s,1.1126922s,3.1191983s,13668,1368,0
5.9826926s,1.4487462s,2.616217s,13666,1368,0
6.4979466s,1.1999027s,2.1127075s,13669,1368,0
6.1061784s,1.3042491s,2.5175862s,13663,1368,0
6.2308513s,1.2543457s,9.2652426s,13652,1368,0
6.3404419s,1.0547073s,9.1621489s,13657,1368,0
6.3443257s,1.0105055s,9.1603475s,13658,1368,0
5.9217146s,1.2777722s,2.7186832s,13670,1368,0
6.224293s,1.3664876s,2.4161048s,13665,1368,0
6.9966215s,1.2360671s,8.2562897s,13674,1370,0
6.4954762s,1.4614367s,8.757435s,13680,1370,0
6.1847758s,1.2756877s,9.0681354s,13676,1370,0
5.8947376s,1.3697933s,9.3616412s,13673,1370,0
7.1147994s,1.360761s,8.1532685s,13671,1370,0
7.0602208s,1.3135742s,1.1078692s,13690,1370,0
6.1213556s,1.2353419s,9.1618791s,13677,1370,0
6.5689655s,1.350681s,1.6122164s,13681,1370,0
6.5328289s,1.2178684s,8.7631524s,13675,1370,0
5.8660991s,1.1956957s,2.3150828s,13684,1370,0
6.6357675s,1.0832736s,8.6626509s,13679,1370,0
6.3833098s,1.1785734s,1.8135165s,13685,1370,0
6.7954225s,1.2732538s,1.4080806s,13687,1370,0
6.764184s,1.2341861s,8.5575896s,13678,1370,0
5.8986622s,1.0033146s,2.3130273s,13686,1370,0
6.1744291s,1.2136797s,9.1555436s,13672,1370,0
6.4120339s,1.488584s,1.8135647s,13689,1370,0
6.6184006s,1.1910879s,1.6124185s,13682,1370,0
6.0162307s,1.0048783s,2.2145884s,13688,1370,0
6.2218253s,1.4157718s,2.0116915s,13683,1370,0
6.6187212s,1.4497202s,6.5385004s,13696,1371,0
6.3342905s,1.4535422s,6.8486964s,13697,1371,0
6.2386905s,1.2857498s,6.9467438s,13691,1371,0
6.7456877s,1.2079982s,6.4409085s,13698,1371,0
7.0432644s,1.3933759s,6.1433318s,13700,1371,0
6.6473339s,1.065866s,6.5461511s,13695,1371,0
6.0596436s,1.0604846s,100.465ms,13703,1371,0
5.8513252s,1.0593971s,7.3541983s,13694,1371,0
6.9605364s,1.214869s,6.249169s,13692,1371,0
6.065449s,1.1045533s,100.992ms,13710,1371,0
5.976963s,1.3194085s,7.2529887s,13699,1371,0
6.4830145s,1.4647962s,6.7469372s,13693,1371,0
6.2300802s,1.0465961s,0s,13708,1371,0
6.2491638s,1.2466979s,0s,13709,1371,0
6.5352793s,1.1945191s,0s,13706,1371,0
6.5417667s,1.1957161s,0s,13702,1371,0
6.8631454s,1.3313103s,10.6728164s,13707,1373,0
6.88011s,1.4294199s,10.6684715s,13701,1373,0
6.6451023s,1.4497731s,4.0247356s,13716,1373,0
6.0433536s,1.1974935s,4.6323355s,13719,1373,0
5.64533s,1.1004179s,5.0303591s,13717,1373,0
6.6035644s,1.3565615s,10.9702256s,13705,1373,0
6.1748651s,1.2384671s,4.5320516s,13718,1373,0
5.673883s,1.059923s,5.0381584s,13713,1373,0
6.3836246s,1.4047279s,4.3298597s,13711,1373,0
5.6837878s,1.10759s,5.0331437s,13715,1373,0
6.83127s,1.4933747s,10.7678016s,13704,1373,0
6.5927585s,1.0283788s,4.1262031s,13712,1373,0
6.8134537s,1.3964645s,3.9241763s,13714,1373,0
6.3094706s,1.0385407s,4.4281594s,13720,1373,0
6.3614057s,1.1967014s,9.1701527s,13721,1375,0
6.368922s,1.1237573s,9.1626364s,13722,1375,0
6.1770689s,1.4807986s,9.3629855s,13727,1375,0
6.5985162s,1.2976013s,8.958703s,13723,1375,0
6.4246549s,1.1165745s,2.4195772s,13738,1375,0
6.0340896s,1.4760821s,2.8156406s,13736,1375,0
5.5072869s,1.1299182s,10.0739428s,13728,1375,0
6.7252383s,1.3488741s,8.8567018s,13724,1375,0
6.0194094s,1.0262168s,9.5625307s,13730,1375,0
5.8396962s,1.0744824s,3.0208514s,13734,1375,0
5.7387977s,1.1995693s,3.1217499s,13737,1375,0
5.3377893s,1.1065007s,3.5259232s,13732,1375,0
6.045123s,1.2009832s,2.8198133s,13735,1375,0
6.6325347s,1.4726904s,8.959252s,13725,1375,0
5.8455418s,1.2355542s,3.0210066s,13731,1375,0
6.6364082s,1.4008691s,8.9617712s,13729,1375,0
6.5639814s,1.320124s,2.313316s,13733,1375,0
6.7667927s,1.1416759s,2.1158598s,13739,1375,0
5.8487582s,1.1758255s,9.7697614s,13726,1375,0
6.884492s,1.4035s,2.0127562s,13740,1375,0
6.3274508s,1.1993051s,1.1084965s,13757,1377,0
6.015895s,1.3295594s,8.555177s,13747,1377,0
6.8248005s,1.4483061s,7.7482929s,13748,1377,0
5.9214796s,1.1099216s,8.6569691s,13743,1377,0
6.7311125s,1.4417456s,7.8473362s,13741,1377,0
6.4229348s,1.2746586s,8.1555139s,13745,1377,0
7.129881s,1.440328s,7.4485677s,13750,1377,0
6.6547746s,1.1349491s,7.9466055s,13744,1377,0
5.8662946s,1.0647738s,1.6124198s,13752,1377,0
6.5790984s,1.1807711s,905.2666ms,13751,1377,0
7.1900651s,1.2756855s,303.1973ms,13756,1377,0
6.3692056s,1.1168298s,8.2571482s,13746,1377,0
5.9766164s,1.3764896s,8.6582905s,13742,1377,0
6.0947276s,1.3804267s,1.4102983s,13760,1377,0
6.7098347s,1.296719s,804.7751ms,13758,1377,0
6.3123459s,1.0010546s,1.2084811s,13755,1377,0
6.5150928s,1.1316886s,1.0083827s,13759,1377,0
6.5954001s,1.3485991s,8.0579564s,13749,1377,0
6.9215122s,1.3216029s,605.3794ms,13753,1377,0
6.8298762s,1.4986291s,703.7734ms,13754,1377,0
6.5697281s,1.395841s,6.0387914s,13766,1378,0
5.5670226s,1.1106268s,7.0436291s,13764,1378,0
6.1844806s,1.0282696s,6.4461344s,13762,1378,0
6.9047396s,1.4278968s,5.7360717s,13765,1378,0
6.7023567s,1.226238s,5.9384546s,13768,1378,0
5.3937497s,1.127619s,7.2470616s,13761,1378,0
6.4067482s,1.2206058s,6.240852s,13767,1378,0
5.8105932s,1.3935919s,6.8464756s,13763,1378,0
6.3303023s,1.2753793s,6.3376272s,13769,1378,0
6.6366336s,1.4694739s,6.0383564s,13770,1378,0
5.8190359s,1.3506664s,0s,13779,1378,0
5.946164s,1.3336858s,0s,13771,1378,0
6.0113322s,1.1201106s,0s,13778,1378,0
6.1296613s,1.4415751s,0s,13776,1378,0
6.0640474s,1.4230318s,5.84327s,13783,1380,0
6.1683895s,1.4361705s,5.7389279s,13788,1380,0
6.2767783s,1.2027479s,5.6379492s,13789,1380,0
6.6165067s,1.2026377s,12.5883419s,13775,1380,0
6.2120264s,1.0556892s,12.9928222s,13780,1380,0
6.3218037s,1.4501019s,12.8848673s,13773,1380,0
6.1962846s,1.2112678s,5.7398879s,13787,1380,0
5.9054643s,1.313844s,6.0393572s,13784,1380,0
6.5571908s,1.2017391s,12.6797703s,13772,1380,0
6.3579451s,1.17149s,12.8890445s,13777,1380,0
6.2191683s,1.4025388s,5.7447585s,13790,1380,0
7.0415713s,1.4635196s,4.9329058s,13785,1380,0
5.628333s,1.1805834s,6.3461441s,13781,1380,0
6.0417537s,1.2067985s,5.9385961s,13786,1380,0
7.2854487s,1.4694295s,11.9831819s,13774,1380,0
6.764264s,1.12644s,5.2407887s,13782,1380,0
6.1354371s,1.24779s,3.5230598s,13804,1382,0
6.9518452s,1.4023672s,9.6616984s,13792,1382,0
6.4488067s,1.4394324s,3.2202464s,13808,1382,0
6.3518008s,1.4123486s,3.3204725s,13806,1382,0
6.0515656s,1.0158196s,3.6254696s,13809,1382,0
6.567986s,1.3106682s,10.0622148s,13794,1382,0
6.1698018s,1.1122897s,3.5222695s,13802,1382,0
6.3718175s,1.2761794s,3.3202538s,13810,1382,0
6.0700529s,1.1445959s,10.5773176s,13800,1382,0
6.0700529s,1.4226509s,10.5773176s,13791,1382,0
6.0866389s,1.4415424s,3.6256172s,13803,1382,0
6.907115s,1.3796079s,9.7684109s,13793,1382,0
5.9044629s,1.2777367s,10.7744854s,13799,1382,0
6.3044952s,1.2928215s,10.3744531s,13795,1382,0
6.3164796s,1.3144185s,10.3624687s,13796,1382,0
6.7071562s,1.3468378s,3.0199469s,13807,1382,0
6.2095976s,1.0191283s,3.5218971s,13801,1382,0
6.7220999s,1.2769456s,9.96124s,13797,1382,0
6.8188357s,1.4312621s,2.918104s,13805,1382,0
6.4278496s,1.1563344s,10.2645788s,13798,1382,0
6.3142624s,1.0238402s,9.0591976s,13816,1384,0
6.7107579s,1.2676658s,8.6632937s,13817,1384,0
6.6160761s,1.3054112s,8.7579755s,13819,1384,0
6.1099868s,1.2223107s,9.2640648s,13815,1384,0
6.232359s,1.0091702s,2.1137007s,13829,1384,0
7.0289477s,1.40362s,8.3556668s,13813,1384,0
6.831149s,1.4467481s,8.55392s,13811,1384,0
6.3280145s,1.1355556s,9.0570545s,13820,1384,0
6.2553533s,1.0020998s,2.1148409s,13823,1384,0
6.4578365s,1.0980011s,1.9129184s,13828,1384,0
5.7524379s,1.0430597s,9.6654842s,13818,1384,0
6.5769346s,1.0487443s,1.8127692s,13821,1384,0
6.586237s,1.1937384s,1.8119951s,13826,1384,0
6.8887709s,1.1339109s,1.5094612s,13824,1384,0
6.2712088s,1.0250854s,9.157486s,13814,1384,0
6.1708365s,1.2819724s,9.2578583s,13812,1384,0
6.3962356s,1.3021825s,2.0110619s,13827,1384,0
5.8895962s,1.0747585s,2.5177013s,13822,1384,0
6.8169281s,1.0786596s,1.609907s,13830,1384,0
6.620212s,1.282681s,1.811124s,13825,1384,0
6.7788924s,1.1864403s,202.2123ms,13841,1386,0
6.2850565s,1.0843878s,704.7463ms,13846,1386,0
6.619779s,1.4965616s,7.4517836s,13836,1386,0
6.3946407s,1.2526858s,604.4199ms,13844,1386,0
5.9960819s,1.2986525s,1.0069896s,13843,1386,0
6.1016291s,1.1424848s,904.9939ms,13842,1386,0
6.3113213s,1.0315605s,705.2568ms,13849,1386,0
6.2505185s,1.1108684s,7.8495914s,13833,1386,0
6.0444674s,1.4347679s,8.0556425s,13839,1386,0
5.6097631s,1.3463641s,1.408587s,13850,1386,0
6.3199844s,1.4620321s,704.2382ms,13847,1386,0
6.2190448s,1.2956261s,805.1778ms,13848,1386,0
5.4518367s,1.0722603s,8.6594147s,13835,1386,0
5.8671282s,1.429274s,8.2604638s,13832,1386,0
6.8714414s,1.0029026s,7.2561506s,13834,1386,0
6.2670014s,1.0461497s,7.8605906s,13837,1386,0
7.0817598s,1.4870231s,7.0471266s,13831,1386,0
6.9018866s,1.1877628s,7.2456506s,13840,1386,0
6.3631141s,1.2842826s,704.5476ms,13845,1386,0
6.3029748s,1.2298761s,7.8520632s,13838,1386,0
5.8776325s,1.0156991s,6.4480013s,13860,1387,0
7.0067296s,1.2775138s,5.3360271s,13859,1387,0
6.1995672s,1.0425609s,6.1431895s,13856,1387,0
6.6216517s,1.3704018s,5.7421388s,13855,1387,0
6.3271243s,1.152532s,6.0383668s,13857,1387,0
6.4384166s,1.1906612s,5.9409901s,13852,1387,0
6.0534824s,1.3463815s,6.3408036s,13858,1387,0
6.7625932s,1.1207783s,5.6363832s,13851,1387,0
6.6626554s,1.3478683s,5.736321s,13853,1387,0
6.1654449s,1.1798463s,6.2372481s,13854,1387,0
6.8440552s,1.471785s,10.2669423s,13867,1389,0
5.8883908s,1.4174174s,4.1247343s,13871,1389,0
5.9949577s,1.1006198s,4.0181674s,13872,1389,0
6.7502495s,1.1568707s,10.3617916s,13862,1389,0
6.3030709s,1.1460649s,3.7254183s,13880,1389,0
6.2635242s,1.0124889s,10.8653328s,13865,1389,0
6.1710301s,1.4135745s,10.9688094s,13861,1389,0
6.5722258s,1.3235515s,10.5676137s,13869,1389,0
6.027918s,1.0312828s,4.0218873s,13875,1389,0
6.6400589s,1.3146694s,3.4201684s,13878,1389,0
6.8945337s,1.3939717s,10.2646096s,13863,1389,0
6.2339362s,1.311937s,3.8262911s,13873,1389,0
6.0928205s,1.3923736s,11.0715319s,13868,1389,0
7.098916s,1.3319697s,10.0654364s,13866,1389,0
6.2962389s,1.4978238s,10.8762047s,13870,1389,0
6.6150475s,1.3096284s,10.5663107s,13864,1389,0
5.9624075s,1.0929903s,4.1243528s,13877,1389,0
6.1657313s,1.2592489s,3.9255397s,13874,1389,0
6.1797386s,1.2086579s,3.9242472s,13879,1389,0
6.3802842s,1.168424s,3.7237016s,13876,1389,0
6.7940196s,1.4174628s,1.9136285s,13899,1391,0
6.4198798s,1.355535s,9.0593045s,13887,1391,0
6.5977942s,1.3197196s,2.1145926s,13893,1391,0
6.6118761s,1.1614979s,2.1129344s,13897,1391,0
6.8149817s,1.3776147s,1.9141235s,13898,1391,0
6.7484695s,1.243563s,8.7559281s,13890,1391,0
6.3482853s,1.1609633s,9.1561123s,13886,1391,0
6.2206818s,1.2045815s,2.5155936s,13894,1391,0
6.7272053s,1.1439863s,2.0127852s,13895,1391,0
6.234474s,1.1839177s,2.5154301s,13900,1391,0
5.8661877s,1.4016774s,9.66274s,13882,1391,0
6.4723623s,1.0004824s,9.0565654s,13889,1391,0
6.7715362s,1.0798373s,8.7573915s,13883,1391,0
6.1425099s,1.3606597s,2.6171249s,13896,1391,0
5.9413175s,1.1881168s,2.8183173s,13892,1391,0
6.088079s,1.1965482s,9.461585s,13881,1391,0
6.3654011s,1.0237533s,2.4127267s,13891,1391,0
6.1016577s,1.0538296s,9.4640741s,13884,1391,0
6.5157566s,1.431099s,9.0588438s,13885,1391,0
6.0090355s,1.2925264s,9.5655649s,13888,1391,0
5.9701022s,1.0900862s,8.0542213s,13903,1392,0
6.3379404s,1.0833186s,806.7916ms,13912,1392,0
6.2773128s,1.1344351s,7.7538529s,13908,1392,0
6.8835188s,1.4814464s,7.1508416s,13901,1392,0
5.6794133s,1.037777s,8.3589795s,13904,1392,0
6.1482202s,1.2816772s,1.0066538s,13913,1392,0
6.3539077s,1.2730787s,805.0953ms,13911,1392,0
5.4538042s,1.1448424s,1.7124381s,13917,1392,0
7.06522s,1.4062s,101.0223ms,13920,1392,0
6.0692926s,1.174811s,1.1095604s,13916,1392,0
6.3200927s,1.4582359s,7.7568721s,13909,1392,0
6.1947735s,1.3415794s,1.0086238s,13915,1392,0
6.7475496s,1.4877467s,7.351141s,13907,1392,0
6.3102053s,1.0575488s,904.9665ms,13918,1392,0
6.3597586s,1.4916207s,7.7524416s,13902,1392,0
6.5590414s,1.405419s,7.5531588s,13910,1392,0
6.3636556s,1.4227757s,7.7485446s,13906,1392,0
6.0260469s,1.3854439s,1.2059655s,13919,1392,0
6.8705446s,1.1007185s,7.2463633s,13905,1392,0
7.2755636s,1.4633546s,0s,13914,1392,0
6.3615965s,1.4616719s,6.1389338s,13927,1394,0
6.480189s,1.3366044s,6.0384806s,13924,1394,0
6.7913145s,1.1427068s,5.7361125s,13925,1394,0
6.4955491s,1.3238235s,6.0367628s,13926,1394,0
7.3096035s,1.3831477s,5.2288908s,13921,1394,0
6.8057582s,1.1613137s,5.7381314s,13922,1394,0
6.5098847s,1.2188548s,6.0370956s,13923,1394,0
6.511824s,1.0594181s,6.0351563s,13930,1394,0
6.7278457s,1.3575574s,5.8333443s,13928,1394,0
6.0239281s,1.3929802s,6.5433361s,13929,1394,0
6.2927136s,1.4675467s,4.5265116s,13950,1396,0
6.4767271s,1.3873395s,11.1704933s,13938,1396,0
5.9982798s,1.3865314s,4.8303408s,13949,1396,0
6.5031988s,1.3603423s,4.3296513s,13944,1396,0
5.9055208s,1.148877s,4.9318817s,13941,1396,0
5.9883534s,1.1545629s,11.6747919s,13931,1396,0
5.8902256s,1.1892955s,11.7729197s,13934,1396,0
6.4038875s,1.1727731s,11.2699628s,13939,1396,0
5.6251912s,1.3731749s,5.2330125s,13943,1396,0
6.8190537s,1.3986073s,10.8715651s,13936,1396,0
6.8237918s,1.4562071s,10.8713517s,13935,1396,0
6.6490813s,1.071259s,4.2266364s,13948,1396,0
6.6328923s,1.3771338s,11.0710169s,13937,1396,0
6.0445651s,1.2076684s,11.6733631s,13940,1396,0
6.5464915s,1.0534232s,11.1714367s,13933,1396,0
5.9685364s,1.204669s,4.9289947s,13946,1396,0
6.5724096s,1.1454054s,4.3320707s,13945,1396,0
6.6690652s,1.2308451s,11.0642583s,13932,1396,0
6.4838765s,1.4475988s,4.4256552s,13947,1396,0
7.0911014s,1.4675467s,3.8214147s,13942,1396,0
6.1944933s,1.49857s,4.5257798s,13965,1398,0
6.4032847s,1.2180447s,10.9774293s,13955,1398,0
6.1166406s,1.4675484s,4.6338198s,13961,1398,0
6.0118424s,1.2749207s,11.3775325s,13957,1398,0
6.1205417s,1.0093798s,11.2707705s,13958,1398,0
6.4254774s,1.2295102s,4.3266192s,13966,1398,0
6.1355703s,1.392491s,4.6286851s,13963,1398,0
6.2365396s,1.285187s,11.1707372s,13956,1398,0
6.5412996s,1.1555028s,4.2270627s,13964,1398,0
5.9380047s,1.3573163s,11.4692721s,13954,1398,0
6.6382923s,1.2817358s,10.7689845s,13959,1398,0
6.6370364s,1.1358136s,10.7702404s,13960,1398,0
6.43439s,1.0105239s,10.9728868s,13953,1398,0
5.9420765s,1.1779238s,11.4773558s,13951,1398,0
6.1502147s,1.281455s,4.6303031s,13968,1398,0
5.8678751s,1.1407161s,4.9303312s,13969,1398,0
5.9701885s,1.1150582s,4.8295492s,13970,1398,0
6.4722255s,1.2847958s,10.9712119s,13952,1398,0
6.577589s,1.3400426s,4.2269339s,13962,1398,0
6.4916859s,1.1985673s,4.3254314s,13967,1398,0
6.148795s,1.0030658s,2.216215s,13983,1400,0
5.8472123s,1.0873348s,2.5177977s,13982,1400,0
6.0571043s,1.4553139s,2.3148465s,13986,1400,0
6.3620786s,1.3933563s,2.0149923s,13985,1400,0
6.0709205s,1.1843343s,2.3146392s,13990,1400,0
5.670893s,1.0276997s,2.7218556s,13988,1400,0
6.9909852s,1.2335538s,1.4098003s,13987,1400,0
5.8666512s,1.1037744s,9.6724736s,13972,1400,0
6.8944013s,1.1545352s,1.5107083s,13989,1400,0
6.900009s,1.3796011s,8.6603218s,13978,1400,0
6.9217542s,1.4174253s,1.5102427s,13984,1400,0
6.5125876s,1.1324774s,9.0598759s,13971,1400,0
6.8122238s,1.4974939s,8.7602397s,13973,1400,0
6.1188432s,1.131258s,2.315281s,13981,1400,0
6.7250533s,1.2447469s,8.8593851s,13977,1400,0
6.2283633s,1.2073128s,9.3647572s,13976,1400,0
6.3283297s,1.2996482s,9.2647908s,13980,1400,0
6.5284117s,1.0006339s,9.0647088s,13975,1400,0
6.2303189s,1.1848837s,9.3678084s,13979,1400,0
7.137648s,1.3744606s,8.463956s,13974,1400,0
6.2771848s,1.2284699s,7.2520991s,13996,1401,0
6.076296s,1.0820707s,7.4529879s,13992,1401,0
6.6719733s,1.3211968s,6.8573106s,13995,1401,0
6.324123s,1.2990872s,402.7858ms,14005,1401,0
6.7937119s,1.3928201s,6.7466515s,13991,1401,0
6.3353899s,1.2756525s,402.7705ms,14009,1401,0
6.7422435s,1.4304236s,0s,14002,1401,0
6.6448635s,1.2249063s,100.5285ms,14001,1401,0
6.8083519s,1.3726436s,6.7472947s,13993,1401,0
6.3219892s,1.4161152s,7.2462428s,13994,1401,0
6.2271647s,1.0584797s,7.3483386s,13998,1401,0
6.2343832s,1.2850314s,7.3510817s,13999,1401,0
6.4342395s,1.3596386s,7.1529043s,13997,1401,0
6.4813731s,1.0881157s,302.3175ms,14008,1401,0
6.4863533s,1.4717813s,302.7579ms,14010,1401,0
5.8884975s,1.1266371s,907.5385ms,14006,1401,0
6.3548675s,1.1046005s,7.2501382s,14000,1401,0
6.601038s,1.4978474s,200.2704ms,14007,1401,0
7.0553343s,1.4862374s,0s,14003,1401,0
7.1294749s,1.2929528s,0s,14004,1401,0
6.7590445s,1.2237147s,4.9309263s,14018,1403,0
6.5628347s,1.1305414s,5.1355306s,14019,1403,0
6.4855958s,1.2973311s,5.2342695s,14015,1403,0
6.0918349s,1.1766657s,5.6345499s,14016,1403,0
6.3097393s,1.168416s,5.4401857s,14013,1403,0
7.0168154s,1.355888s,4.7331096s,14020,1403,0
6.5278122s,1.0665168s,5.238375s,14017,1403,0
6.8315832s,1.1305414s,4.9359267s,14012,1403,0
5.5301918s,1.2907713s,6.2434957s,14014,1403,0
6.1487311s,1.2014966s,5.6397832s,14011,1403,0
6.6332575s,1.1151744s,3.625849s,14040,1405,0
7.0600174s,1.3395291s,10.266755s,14021,1405,0
5.9477873s,1.1996959s,11.3789851s,14022,1405,0
6.2554587s,1.454016s,11.0713137s,14025,1405,0
6.9616277s,1.4809109s,10.367737s,14026,1405,0
6.6535594s,1.1735639s,3.6235763s,14039,1405,0
7.0590211s,1.3417506s,3.2221848s,14037,1405,0
6.6699533s,1.2694471s,10.6749586s,14027,1405,0
6.5634985s,1.1865484s,3.7264291s,14034,1405,0
6.2587426s,1.1353244s,4.031185s,14032,1405,0
6.7785114s,1.425662s,10.5717979s,14028,1405,0
6.3644655s,1.3236676s,3.9271674s,14031,1405,0
6.7767194s,1.4547025s,3.5228636s,14038,1405,0
5.98752s,1.3902667s,11.3754957s,14030,1405,0
6.483526s,1.1817666s,3.8208123s,14036,1405,0
5.5108114s,1.0098115s,11.8742903s,14029,1405,0
6.3206411s,1.0128414s,4.0255494s,14033,1405,0
6.2268104s,1.454016s,11.1797618s,14023,1405,0
6.2193313s,1.2766239s,4.1268592s,14035,1405,0
6.3324183s,1.1876405s,11.0749333s,14024,1405,0
6.0274006s,1.0648313s,2.415332s,14055,1407,0
6.5303857s,1.130151s,1.9123469s,14056,1407,0
5.827s,1.0373908s,9.4575975s,14041,1407,0
6.4350279s,1.3793998s,2.0141253s,14052,1407,0
5.9339916s,1.2144457s,2.5161844s,14060,1407,0
6.8374481s,1.4059755s,8.4507139s,14048,1407,0
6.7395533s,1.3654667s,1.713807s,14054,1407,0
6.2343147s,1.0636927s,9.0643584s,14045,1407,0
6.7509369s,1.3478815s,8.5559964s,14042,1407,0
6.5589113s,1.1442226s,1.9141817s,14057,1407,0
6.2655566s,1.2360855s,2.2139699s,14058,1407,0
6.2691216s,1.0995082s,2.2139187s,14053,1407,0
5.6607148s,1.0857534s,9.6603115s,14050,1407,0
6.7897394s,1.1354334s,1.7108134s,14059,1407,0
6.5842607s,1.2034548s,8.7580815s,14047,1407,0
6.5914696s,1.1042893s,8.7577782s,14046,1407,0
6.7076927s,1.0914182s,1.8098783s,14051,1407,0
6.4053964s,1.0221805s,8.9532969s,14044,1407,0
6.1030639s,1.2265503s,9.2556294s,14049,1407,0
6.5091891s,1.3080564s,8.8576044s,14043,1407,0
6.3514427s,1.0536418s,8.7611488s,14069,1409,0
6.0004325s,1.1547195s,2.0135183s,14080,1409,0
6.6079165s,1.2557391s,1.4091467s,14072,1409,0
5.8659853s,1.0501852s,9.2688459s,14068,1409,0
6.2242272s,1.3611252s,1.8111866s,14078,1409,0
6.9781133s,1.176067s,8.1586269s,14064,1409,0
6.0270123s,1.3879394s,2.0122596s,14073,1409,0
6.935695s,1.4645632s,1.1075538s,14075,1409,0
6.3426082s,1.3857909s,1.7105705s,14079,1409,0
7.1013264s,1.3401628s,8.0531787s,14062,1409,0
6.7040299s,1.3156929s,8.4523276s,14061,1409,0
5.9992567s,1.1127512s,9.1571008s,14070,1409,0
7.1549509s,1.4947543s,905.7207ms,14071,1409,0
5.7466713s,1.3277241s,2.315927s,14076,1409,0
6.6570277s,1.2890991s,1.4084697s,14074,1409,0
6.3172886s,1.3999968s,8.8631819s,14067,1409,0
6.0170621s,1.1933322s,9.1630282s,14066,1409,0
6.4223066s,1.3725096s,8.7654469s,14063,1409,0
6.591253s,1.199769s,1.5112849s,14077,1409,0
5.843637s,1.20554s,9.3661932s,14065,1409,0
6.3586072s,1.3555716s,5.9422688s,14082,1410,0
5.8700612s,1.246378s,6.4412961s,14084,1410,0
6.0829482s,1.1713458s,6.2421681s,14087,1410,0
6.3879902s,1.3730011s,5.9371261s,14083,1410,0
6.8969774s,1.4861123s,5.4396013s,14081,1410,0
5.6962379s,1.1713458s,6.6472948s,14090,1410,0
6.6153765s,1.3343047s,5.7409242s,14086,1410,0
6.2145626s,1.4270065s,6.1447798s,14085,1410,0
7.3556473s,1.4808504s,5.0326398s,14088,1410,0
6.05472s,1.1951651s,6.3404179s,14089,1410,0
6.1970642s,1.3909432s,12.388953s,14097,1412,0
6.4024233s,1.2355895s,12.1835939s,14099,1412,0
6.3194976s,1.4175395s,5.7356939s,14102,1412,0
5.1724108s,1.1002492s,0s,14119,1412,0
5.9068496s,1.4466101s,12.6875684s,14096,1412,0
6.1197673s,1.1335132s,12.4883793s,14094,1412,0
5.8245496s,1.0458189s,12.783597s,14091,1412,0
6.5320157s,1.2693313s,12.0761309s,14098,1412,0
6.3267046s,1.3731518s,12.281442s,14100,1412,0
6.344673s,1.2559484s,5.7343217s,14103,1412,0
6.1458159s,1.0078999s,5.9388526s,14108,1412,0
5.947441s,1.0831813s,6.1415779s,14107,1412,0
6.2479654s,1.337315s,5.8410535s,14106,1412,0
6.2471833s,1.2176132s,12.3843855s,14092,1412,0
6.1641351s,1.1550975s,5.9348585s,14110,1412,0
6.3682598s,1.160476s,12.2775434s,14093,1412,0
5.6683741s,1.3474547s,12.9847618s,14095,1412,0
6.8839306s,1.3320839s,5.2366301s,14101,1412,0
5.6796539s,1.0013339s,6.4409068s,14104,1412,0
6.0011952s,1.3295617s,6.1416889s,14109,1412,0
6.8114235s,1.0152703s,5.3355099s,14105,1412,0
6.5154889s,1.3947921s,10.9720639s,14120,1414,0
6.1121327s,1.3470172s,11.3754201s,14115,1414,0
6.6618727s,1.0957865s,3.826559s,14128,1414,0
6.2363504s,1.4948027s,11.2800092s,14112,1414,0
6.5797053s,1.4976377s,3.9300614s,14125,1414,0
5.8603587s,1.009752s,11.6818802s,14111,1414,0
6.8720289s,1.1244033s,10.67021s,14118,1414,0
6.2153961s,1.1063999s,4.3305343s,14127,1414,0
6.6798273s,1.0856535s,10.8736514s,14113,1414,0
6.2245911s,1.4963817s,4.3293882s,14121,1414,0
6.0273703s,1.3373567s,4.5318539s,14130,1414,0
6.3348831s,1.0067679s,4.2281982s,14123,1414,0
6.0919536s,1.375512s,11.4777206s,14114,1414,0
6.73869s,1.3926581s,3.8243913s,14126,1414,0
5.9943435s,1.1276501s,11.5806926s,14117,1414,0
7.0065929s,1.4284454s,10.5712174s,14116,1414,0
6.2463244s,1.2127604s,4.3266693s,14129,1414,0
6.548096s,1.4637706s,4.0279158s,14124,1414,0
6.8506089s,1.481538s,3.7254029s,14122,1414,0
6.5004454s,1.0904093s,9.2584783s,14132,1416,0
5.7577412s,1.3189751s,2.8173851s,14142,1416,0
5.818078s,1.3993283s,9.9601845s,14140,1416,0
5.8742913s,1.2473023s,2.7193632s,14143,1416,0
5.9760523s,1.2918694s,2.6204951s,14145,1416,0
7.0283023s,1.4146532s,8.7598754s,14131,1416,0
6.3274809s,1.2876002s,9.4644874s,14139,1416,0
6.5920675s,1.3352522s,2.0133492s,14144,1416,0
6.7322949s,1.4343149s,9.062424s,14133,1416,0
6.2389392s,1.2277061s,9.5681961s,14135,1416,0
6.0068285s,1.306796s,2.6207354s,14147,1416,0
6.3534753s,1.3184429s,9.4664354s,14137,1416,0
6.26132s,1.1434614s,9.562844s,14138,1416,0
6.722969s,1.0667018s,1.9118928s,14150,1416,0
6.3252399s,1.4744851s,2.3189297s,14149,1416,0
6.1658456s,1.3245536s,9.6676262s,14136,1416,0
6.3270524s,1.0750113s,2.3186055s,14146,1416,0
7.1885352s,1.3135308s,8.6611035s,14134,1416,0
7.153574s,1.4689694s,1.5097085s,14148,1416,0
6.653248s,1.4357955s,2.0129849s,14141,1416,0
6.9394453s,1.4267553s,6.4439768s,14155,1417,0
6.3255976s,1.4303475s,100.5512ms,14170,1417,0
6.0257076s,1.0434587s,402.2165ms,14165,1417,0
6.9566286s,1.3723298s,6.444933s,14151,1417,0
5.1448691s,1.2070408s,1.3098922s,14163,1417,0
5.8513468s,1.0828385s,602.8339ms,14169,1417,0
6.3665712s,1.3099358s,7.0499957s,14159,1417,0
6.0694967s,1.0178764s,7.3486341s,14154,1417,0
6.0716892s,1.2466514s,402.2917ms,14164,1417,0
6.8780028s,1.3112116s,6.553308s,14157,1417,0
5.8902361s,1.2596373s,7.5544396s,14153,1417,0
6.6109214s,1.0110245s,6.8460322s,14160,1417,0
6.4990431s,1.0434587s,0s,14168,1417,0
6.5089092s,1.2656469s,6.9480444s,14156,1417,0
6.4144638s,1.3605455s,7.0438287s,14152,1417,0
6.7266532s,1.4564055s,6.7432312s,14158,1417,0
6.537656s,1.4822885s,0s,14167,1417,0
6.5840139s,1.2195345s,0s,14162,1417,0
6.7043496s,1.3633101s,0s,14161,1417,0
6.32959s,1.149825s,4.8300303s,14173,1419,0
6.6309991s,1.4754846s,4.5286212s,14175,1419,0
6.9669573s,1.3122937s,11.1701641s,14166,1419,0
6.1415804s,1.2301398s,5.0363304s,14179,1419,0
6.7540307s,1.3525753s,4.4281214s,14177,1419,0
6.3543631s,1.2258153s,4.8340989s,14174,1419,0
6.5560452s,1.1268032s,4.6324168s,14172,1419,0
6.1816744s,1.3364318s,5.0337396s,14178,1419,0
6.9144385s,1.2726924s,4.33047s,14171,1419,0
6.7100627s,1.4837352s,4.5348458s,14180,1419,0
5.9088358s,1.3040979s,5.3375666s,14176,1419,0
6.0186066s,1.1933231s,2.8167433s,14197,1421,0
6.3278661s,1.009246s,2.5171089s,14199,1421,0
6.9200919s,1.4550096s,8.8543414s,14183,1421,0
6.7447823s,1.2602464s,2.1139694s,14191,1421,0
6.8231288s,1.3280985s,8.9591748s,14185,1421,0
6.2442872s,1.1006113s,2.6171058s,14193,1421,0
6.1273536s,1.033839s,9.6577909s,14188,1421,0
6.96219s,1.3423509s,1.9124193s,14194,1421,0
5.5525096s,1.0225231s,3.3248904s,14195,1421,0
6.2313472s,1.2467838s,9.5700788s,14189,1421,0
5.7593976s,1.013587s,3.1219309s,14196,1421,0
6.3549075s,1.0215413s,9.4562359s,14181,1421,0
6.0486175s,1.2487875s,9.7629868s,14190,1421,0
6.6506751s,1.2185604s,9.1609292s,14186,1421,0
6.2760654s,1.2778778s,2.6175264s,14198,1421,0
6.055638s,1.154981s,9.765601s,14182,1421,0
6.3610156s,1.2819027s,9.46309s,14184,1421,0
6.1845939s,1.3939333s,2.7186011s,14192,1421,0
6.6611717s,1.2577425s,9.1629339s,14187,1421,0
6.290062s,1.0172889s,2.6184946s,14200,1421,0
5.4354504s,1.0351042s,9.9651998s,14207,1423,0
6.6516674s,1.1463092s,8.7586358s,14208,1423,0
6.2754567s,1.3227063s,2.3161797s,14213,1423,0
6.6591205s,1.436949s,8.7595603s,14206,1423,0
6.7690028s,1.4297948s,8.6533596s,14205,1423,0
5.9624522s,1.1867412s,9.4609657s,14204,1423,0
6.6981291s,1.1824723s,1.9104896s,14218,1423,0
6.2644609s,1.1624241s,9.1628246s,14201,1423,0
6.8037143s,1.2597537s,1.8122761s,14215,1423,0
6.1743159s,1.4846672s,9.2626902s,14202,1423,0
6.0747853s,1.1829299s,9.3622208s,14210,1423,0
6.4254152s,1.364522s,2.2131302s,14219,1423,0
6.4948735s,1.0984243s,8.9623387s,14209,1423,0
6.6270127s,1.476383s,2.0115327s,14212,1423,0
6.136137s,1.4248749s,2.5159639s,14216,1423,0
6.8180504s,1.2387402s,8.6578617s,14203,1423,0
7.2484405s,1.4097299s,1.4112465s,14217,1423,0
6.3437614s,1.3836571s,2.3159256s,14211,1423,0
6.746667s,1.4226112s,1.91302s,14220,1423,0
6.5548248s,1.2806428s,2.1145714s,14214,1423,0
5.6285384s,1.1424827s,7.8545368s,14223,1424,0
6.4375779s,1.013032s,7.0454973s,14225,1424,0
6.021171s,1.0354207s,505.4521ms,14238,1424,0
6.2557119s,1.2567954s,7.2496975s,14226,1424,0
6.5382995s,1.3439247s,0s,14235,1424,0
6.9744318s,1.1807465s,6.5390474s,14221,1424,0
6.5429713s,1.3128992s,0s,14233,1424,0
6.6778909s,1.4145585s,6.8438717s,14229,1424,0
5.7489375s,1.0938748s,804.939ms,14239,1424,0
5.9883918s,1.0530854s,7.5494171s,14227,1424,0
5.660688s,1.0846449s,907.0475ms,14237,1424,0
6.3700768s,1.1888353s,200.9526ms,14232,1424,0
6.4705386s,1.4666131s,100.4908ms,14231,1424,0
5.9001617s,1.2171382s,7.6507603s,14228,1424,0
6.2076235s,1.4296176s,7.3486655s,14224,1424,0
5.8800116s,1.1118306s,703.6792ms,14234,1424,0
6.07979s,1.2363303s,503.9008ms,14240,1424,0
6.7190734s,1.2894116s,6.8463961s,14222,1424,0
6.5180724s,1.29173s,7.0473971s,14230,1424,0
6.6683227s,1.1677919s,0s,14236,1424,0
6.0274424s,1.0478461s,7.2505208s,14242,1426,0
6.1689758s,1.1396739s,7.1454584s,14244,1426,0
7.1768876s,1.4296159s,6.1433568s,14246,1426,0
6.68614s,1.3974761s,6.6443379s,14250,1426,0
6.3936046s,1.078171s,6.9470125s,14241,1426,0
6.1697055s,1.0086671s,0s,14260,1426,0
6.3120566s,1.0768642s,7.0442061s,14243,1426,0
6.3051904s,1.1835248s,7.0510723s,14245,1426,0
6.6140695s,1.1728071s,6.7421932s,14249,1426,0
6.2180295s,1.0658265s,7.1473694s,14247,1426,0
5.6145533s,1.0088425s,7.7508456s,14248,1426,0
6.3247864s,1.1063409s,0s,14257,1426,0
6.3877816s,1.4367348s,0s,14259,1426,0
6.420144s,1.3070105s,0s,14253,1426,0
6.4653371s,1.4545653s,0s,14256,1426,0
6.4786227s,1.2326548s,0s,14258,1426,0
5.9719196s,1.1236963s,6.0412214s,14266,1428,0
6.6829043s,1.4023592s,5.3384498s,14270,1428,0
6.2863301s,1.2341793s,5.7418148s,14264,1428,0
6.8373676s,1.471772s,12.0849401s,14254,1428,0
6.8934213s,1.1814299s,5.137559s,14268,1428,0
6.5008453s,1.2031067s,5.5390273s,14267,1428,0
6.3058451s,1.4114023s,5.737981s,14269,1428,0
6.2133313s,1.2560118s,5.8367381s,14262,1428,0
7.0272782s,1.4145137s,5.0357103s,14261,1428,0
6.0276377s,1.4609653s,6.0429094s,14265,1428,0
6.8913274s,1.1484929s,12.0735354s,14255,1428,0
7.0391787s,1.2677372s,5.0343567s,14263,1428,0
6.8183306s,1.2077092s,12.1769132s,14252,1428,0
6.6212611s,1.2834394s,12.3786258s,14251,1428,0
5.455054s,1.0910103s,0s,14275,1428,0
6.1005255s,1.3208824s,5.2413058s,14284,1430,0
5.9007685s,1.3385778s,12.4798078s,14274,1430,0
6.5024846s,1.0228634s,4.8393467s,14283,1430,0
6.8196901s,1.1742807s,4.5269621s,14282,1430,0
6.2322714s,1.2422866s,5.1316s,14288,1430,0
6.6190884s,1.2863284s,11.783528s,14273,1430,0
5.7260761s,1.2667435s,12.6828077s,14271,1430,0
7.038745s,1.2526519s,11.376672s,14277,1430,0
6.5429481s,1.2487103s,11.8743008s,14276,1430,0
6.4448611s,1.2792059s,11.9723878s,14279,1430,0
6.6514534s,1.4428008s,11.778456s,14280,1430,0
6.8508326s,1.1439734s,11.5790768s,14272,1430,0
5.7734697s,1.3040816s,5.6339125s,14285,1430,0
5.9747345s,1.4727753s,5.4326477s,14281,1430,0
6.5717486s,1.2631661s,11.8780305s,14278,1430,0
6.5839145s,1.2859414s,4.8277074s,14290,1430,0
6.7963387s,1.0793972s,4.6276568s,14289,1430,0
6.4942269s,1.4916995s,4.9297686s,14286,1430,0
6.6900672s,1.2201969s,4.7339283s,14287,1430,0
6.7556228s,1.2257395s,2.9169477s,14304,1432,0
6.6551166s,1.3656115s,3.0181142s,14310,1432,0
5.5968746s,1.3333504s,11.1766472s,14300,1432,0
6.0050911s,1.0791419s,10.7731989s,14292,1432,0
6.0032212s,1.0309091s,10.7750688s,14293,1432,0
5.769374s,1.2808353s,3.9254365s,14306,1432,0
6.5888018s,1.1248273s,3.1214506s,14308,1432,0
5.9894874s,1.1843732s,3.7241664s,14307,1432,0
6.6999046s,1.3974698s,3.0210323s,14303,1432,0
6.4579649s,1.2792841s,10.3643479s,14295,1432,0
6.8637411s,1.471095s,9.9585717s,14291,1432,0
6.2238209s,1.2995484s,3.5227613s,14301,1432,0
6.2706102s,1.371857s,10.5742498s,14297,1432,0
6.2302684s,1.1533698s,3.5243271s,14302,1432,0
6.3314938s,1.0617532s,3.4231017s,14309,1432,0
5.6312076s,1.1827182s,4.1285862s,14305,1432,0
6.5861132s,1.471095s,10.2719584s,14299,1432,0
6.0823502s,1.2700318s,10.7757214s,14294,1432,0
7.0982778s,1.4424468s,9.7617665s,14296,1432,0
6.0836046s,1.4915958s,10.7764397s,14298,1432,0
6.9425084s,1.3918236s,7.6489068s,14318,1434,0
6.5390732s,1.3666456s,1.109384s,14330,1434,0
6.1434285s,1.2375098s,8.4521827s,14315,1434,0
6.4465844s,1.416719s,8.1551331s,14313,1434,0
5.8542049s,1.2693343s,1.8095149s,14321,1434,0
6.0655657s,1.1958372s,1.6104325s,14325,1434,0
5.6537941s,1.0864087s,8.9656164s,14312,1434,0
6.8711233s,1.1911744s,806.654ms,14329,1434,0
6.5650668s,1.4318145s,8.0582977s,14317,1434,0
6.5781516s,1.055969s,1.1070172s,14323,1434,0
6.5797724s,1.2823182s,1.1082967s,14327,1434,0
6.3796664s,1.3953125s,1.3105638s,14328,1434,0
5.7870231s,1.230681s,1.9113568s,14324,1434,0
5.8976815s,1.2374876s,1.8130987s,14322,1434,0
6.8033791s,1.0317932s,7.8559072s,14316,1434,0
6.3001777s,1.1872428s,8.3591086s,14320,1434,0
6.5067878s,1.2063957s,1.2095405s,14326,1434,0
6.1115921s,1.2415942s,8.5572203s,14319,1434,0
6.2108514s,1.1986218s,8.4576224s,14314,1434,0
6.6259494s,1.4490488s,8.0535398s,14311,1434,0
6.5942507s,1.1780322s,6.349898s,14336,1435,0
6.6077811s,1.2866226s,6.3415635s,14335,1435,0
6.8130882s,1.187483s,6.1466802s,14332,1435,0
5.8058044s,1.3022568s,7.153964s,14331,1435,0
6.2128464s,1.4439269s,6.7518407s,14337,1435,0
6.3227356s,1.2445283s,6.6439368s,14334,1435,0
5.9198613s,1.0082627s,7.0468111s,14333,1435,0
7.0341608s,1.2596724s,5.9385167s,14338,1435,0
6.5309644s,1.187483s,6.4417131s,14339,1435,0
6.1486364s,1.2465236s,6.8546518s,14340,1435,0
5.7683139s,1.0088872s,200.8089ms,14347,1435,0
5.9734449s,1.0566443s,0s,14350,1435,0
5.9766413s,1.0478371s,0s,14342,1435,0
6.0540698s,1.2562626s,0s,14349,1435,0
6.1104649s,1.4015023s,0s,14344,1435,0
6.2133379s,1.474214s,0s,14348,1435,0
6.9493776s,1.1252862s,4.3298683s,14351,1437,0
7.1599542s,1.3890318s,11.2792459s,14341,1437,0
6.7597523s,1.3525348s,4.528145s,14359,1437,0
6.4819862s,1.3667057s,11.9734168s,14345,1437,0
6.6708168s,1.3197238s,4.6316904s,14354,1437,0
6.8787715s,1.419269s,4.4308966s,14352,1437,0
6.5049032s,1.1073656s,11.9820521s,14343,1437,0
7.1068273s,1.3725736s,4.2273979s,14360,1437,0
6.398732s,1.2075659s,4.9354932s,14357,1437,0
6.9083282s,1.453281s,4.4290286s,14358,1437,0
6.1057269s,1.3756647s,5.2348395s,14355,1437,0
6.6172734s,1.3547439s,4.7264124s,14356,1437,0
6.6445846s,1.0971866s,11.8790484s,14346,1437,0
6.4329676s,1.3237468s,4.9307112s,14353,1437,0
6.350377s,1.265279s,10.5707485s,14362,1439,0
6.5219741s,1.4322357s,3.5257059s,14376,1439,0
6.0265545s,1.0159927s,4.0278058s,14371,1439,0
6.6572246s,1.2696039s,10.2705812s,14364,1439,0
6.3289182s,1.0585778s,3.7254421s,14373,1439,0
6.2400264s,1.0464727s,3.8252475s,14375,1439,0
6.8728595s,1.3737495s,10.0675225s,14363,1439,0
6.3420457s,1.3494244s,3.7248908s,14379,1439,0
6.0715796s,1.0685931s,10.8688024s,14365,1439,0
6.4790914s,1.1067176s,10.4705983s,14367,1439,0
6.3824686s,1.1808209s,10.5672211s,14361,1439,0
6.388898s,1.2614412s,10.5607917s,14368,1439,0
6.2656589s,1.3052042s,3.8228602s,14372,1439,0
6.4972456s,1.2397368s,10.4683424s,14370,1439,0
6.2704395s,1.0926077s,3.821703s,14374,1439,0
6.2042368s,1.2446947s,10.7752005s,14366,1439,0
6.8900291s,1.3213558s,3.2217724s,14380,1439,0
6.2877958s,1.3124668s,3.8257113s,14377,1439,0
6.1442819s,1.4316728s,10.8637916s,14369,1439,0
6.6126872s,1.4296811s,3.5245486s,14378,1439,0
6.5356933s,1.0315673s,2.011197s,14399,1441,0
6.5333401s,1.48492s,8.8580813s,14388,1441,0
6.8352216s,1.1723749s,8.5561998s,14382,1441,0
5.7461245s,1.3194034s,2.8167188s,14392,1441,0
6.3482555s,1.1177748s,2.2145878s,14395,1441,0
6.5536716s,1.3863803s,2.0091717s,14400,1441,0
6.2484707s,1.3485906s,9.157151s,14387,1441,0
6.5567546s,1.3183622s,8.8539672s,14381,1441,0
6.1532383s,1.4921426s,9.2574835s,14389,1441,0
5.955437s,1.0368637s,9.4683931s,14385,1441,0
6.3710769s,1.3175902s,2.2175316s,14398,1441,0
6.1737273s,1.2333626s,9.2611598s,14383,1441,0
6.684802s,1.3286945s,8.7537985s,14386,1441,0
5.8931601s,1.2065688s,2.7152337s,14397,1441,0
6.0984518s,1.2454214s,2.5178128s,14394,1441,0
6.0993035s,1.1784118s,9.36164s,14390,1441,0
6.5077057s,1.3044715s,8.9567551s,14384,1441,0
6.4185806s,1.1328893s,2.213863s,14393,1441,0
6.923473s,1.3479266s,1.7125571s,14396,1441,0
6.0247637s,1.1306247s,2.6182101s,14391,1441,0
5.6152711s,1.2886526s,2.4154636s,14418,1443,0
6.2277827s,1.1125977s,1.8108551s,14419,1443,0
6.1240932s,1.0798493s,9.1589516s,14404,1443,0
5.9317892s,1.0053701s,2.1147802s,14415,1443,0
5.5168155s,1.1337551s,9.7662293s,14409,1443,0
6.8287037s,1.2983588s,8.4543411s,14406,1443,0
7.2364754s,1.4423483s,8.0552813s,14407,1443,0
6.4453439s,1.3125137s,8.8601615s,14403,1443,0
6.2435536s,1.4838056s,9.0619518s,14402,1443,0
6.5482393s,1.421192s,8.763548s,14410,1443,0
5.8485447s,1.1356324s,9.4659988s,14408,1443,0
6.1661536s,1.0511995s,1.9119145s,14417,1443,0
6.9710314s,1.4957324s,1.1070367s,14413,1443,0
5.7620473s,1.02556s,2.3160208s,14411,1443,0
6.9759362s,1.492571s,1.1071589s,14420,1443,0
6.677937s,1.1331888s,1.4086684s,14416,1443,0
6.5819619s,1.0824728s,8.7536289s,14401,1443,0
5.9849683s,1.0204884s,2.1141471s,14414,1443,0
5.9919355s,1.1606208s,2.1133292s,14412,1443,0
5.883938s,1.0134391s,9.4653698s,14405,1443,0
6.3718118s,1.3588586s,403.313ms,14439,1444,0
6.1699311s,1.3074079s,605.1937ms,14432,1444,0
6.131608s,1.4656828s,7.247185s,14430,1444,0
6.0254062s,1.1827754s,7.3533868s,14422,1444,0
6.1897899s,1.0383114s,603.6274ms,14438,1444,0
6.1398331s,1.216805s,7.2479554s,14428,1444,0
6.5022475s,1.2751855s,303.0704ms,14433,1444,0
6.6045785s,1.3757553s,200.7394ms,14434,1444,0
6.55688s,1.0192895s,6.8458562s,14421,1444,0
6.5527807s,1.2789335s,6.8499555s,14424,1444,0
6.6120839s,1.3198311s,201.1404ms,14435,1444,0
5.7506638s,1.3894836s,7.6520724s,14427,1444,0
6.4325829s,1.1035463s,403.2513ms,14436,1444,0
6.3795574s,1.0901686s,7.0492868s,14425,1444,0
6.5895119s,1.4105033s,6.8457669s,14423,1444,0
5.9856405s,1.0584845s,7.4532823s,14429,1444,0
6.5514266s,1.3372152s,301.2714ms,14431,1444,0
6.2982679s,1.0953629s,7.1482454s,14426,1444,0
6.0578346s,1.1225717s,807.6076ms,14437,1444,0
6.9885061s,1.2686131s,0s,14440,1444,0
6.0992553s,1.4910304s,5.6382177s,14450,1446,0
6.1033133s,1.0976821s,5.6381379s,14447,1446,0
6.8215163s,1.3417011s,4.9301031s,14443,1446,0
6.4217786s,1.2877971s,5.3364326s,14442,1446,0
5.8419208s,1.1046253s,5.9368893s,14445,1446,0
6.4649765s,1.3899218s,5.3337747s,14441,1446,0
6.7643429s,1.2489597s,5.0344083s,14444,1446,0
6.3642415s,1.2325876s,5.4345097s,14449,1446,0
6.3748677s,1.4856826s,5.4342319s,14448,1446,0
6.382794s,1.4341909s,5.4372534s,14446,1446,0
6.6604072s,1.1925491s,3.0192547s,14469,1448,0
6.0464773s,1.2777141s,10.4666383s,14459,1448,0
6.8627125s,1.381267s,2.821322s,14467,1448,0
6.756331s,1.2405003s,9.7611572s,14451,1448,0
6.5821179s,1.2084814s,3.1220292s,14470,1448,0
6.3903972s,1.2122377s,3.3245567s,14466,1448,0
6.7063587s,1.4583004s,3.0185795s,14462,1448,0
6.5097989s,1.1453583s,3.2212405s,14468,1448,0
6.1123161s,1.3743431s,3.6224769s,14465,1448,0
6.4230749s,1.2163739s,3.3203752s,14463,1448,0
7.1286987s,1.47256s,2.6147514s,14461,1448,0
6.0187571s,1.4876399s,10.5667849s,14457,1448,0
6.8200591s,1.1325531s,9.7654829s,14453,1448,0
6.5251393s,1.2229s,10.0604027s,14458,1448,0
6.3233585s,1.4325352s,10.2621835s,14456,1448,0
6.4343141s,1.4211535s,3.3209852s,14464,1448,0
5.6224474s,1.3692955s,10.9719661s,14460,1448,0
6.4348853s,1.2209741s,10.1630688s,14454,1448,0
6.8334537s,1.3266296s,9.7645004s,14452,1448,0
6.4325771s,1.1589358s,10.165377s,14455,1448,0
6.8868293s,1.2536066s,1.1074022s,14486,1450,0
6.3845854s,1.2536066s,1.6120342s,14482,1450,0
6.69863s,1.0410312s,1.3104279s,14487,1450,0
6.6061077s,1.3804796s,1.4110958s,14488,1450,0
6.5255185s,1.4770656s,8.563516s,14478,1450,0
6.43342s,1.0052336s,8.6568072s,14473,1450,0
6.3280379s,1.4673094s,1.7106485s,14483,1450,0
6.6281794s,1.0173592s,1.410507s,14490,1450,0
6.4337433s,1.4493211s,1.6111553s,14485,1450,0
5.9416162s,1.2101953s,2.1129861s,14481,1450,0
7.0511795s,1.45944s,8.0609532s,14474,1450,0
5.8473478s,1.0787627s,9.2663388s,14472,1450,0
6.5491478s,1.1392106s,8.5654123s,14480,1450,0
5.4444381s,1.0816509s,9.670122s,14475,1450,0
6.0482518s,1.082497s,2.0147675s,14489,1450,0
6.4594607s,1.3598991s,8.6570022s,14477,1450,0
6.0532921s,1.2897769s,9.0631708s,14471,1450,0
6.1534103s,1.0772911s,1.9128844s,14484,1450,0
6.4667128s,1.1392106s,8.6540587s,14479,1450,0
5.5711934s,1.0455817s,9.5676782s,14476,1450,0
5.9878865s,1.0114569s,2.1132739s,14510,1452,0
6.0099927s,1.1024349s,2.1111786s,14503,1452,0
6.5974533s,1.4068145s,8.1471747s,14499,1452,0
6.493706s,1.3416624s,8.250922s,14492,1452,0
6.5145365s,1.2996927s,1.6096209s,14502,1452,0
6.1022844s,1.1090679s,8.6553539s,14495,1452,0
6.2234307s,1.056893s,1.9147458s,14505,1452,0
6.2080011s,1.0563614s,8.5582256s,14500,1452,0
6.645992s,1.269679s,1.5093073s,14509,1452,0
6.3214429s,1.1034236s,8.4569041s,14498,1452,0
6.6230477s,1.3965927s,8.1552993s,14494,1452,0
6.3474604s,1.3156455s,1.8102122s,14506,1452,0
6.8532149s,1.48546s,1.3078659s,14504,1452,0
5.5460606s,1.083668s,2.6196495s,14508,1452,0
6.2368561s,1.3533612s,8.5571075s,14497,1452,0
6.6663711s,1.1005965s,1.5109861s,14507,1452,0
6.5525891s,1.2050611s,8.2541493s,14493,1452,0
6.0569104s,1.045838s,8.7580861s,14491,1452,0
6.1583001s,1.4336284s,8.6566964s,14496,1452,0
7.0849062s,1.4811196s,1.1080765s,14501,1452,0
5.7646297s,1.2274862s,0s,14525,1453,0
6.2609433s,1.2054014s,6.3383925s,14520,1453,0
6.7684625s,1.1876507s,5.839276s,14519,1453,0
6.6860802s,1.1908823s,5.9428771s,14517,1453,0
6.5987443s,1.2177039s,6.0376326s,14518,1453,0
6.5991061s,1.0680455s,6.0379633s,14511,1453,0
6.6081315s,1.4417888s,6.0384924s,14515,1453,0
6.8119079s,1.3349758s,5.8382365s,14516,1453,0
5.8299921s,1.385338s,0s,14524,1453,0
6.1081212s,1.2706902s,6.5454642s,14512,1453,0
6.2117223s,1.1465809s,6.4453835s,14514,1453,0
6.8208894s,1.1737982s,5.84097s,14513,1453,0
6.0028071s,1.2545008s,0s,14530,1453,0
6.5278236s,1.2530345s,4.9297769s,14539,1455,0
5.8245493s,1.4505361s,5.6347505s,14532,1455,0
6.8000114s,1.4890116s,11.5764903s,14521,1455,0
6.1378595s,1.0758309s,5.3321844s,14538,1455,0
6.3345524s,1.4535093s,5.1354915s,14531,1455,0
5.7346739s,1.0446553s,5.73537s,14533,1455,0
6.9118031s,1.4481518s,11.4768767s,14522,1455,0
6.8303999s,1.0879392s,11.574978s,14529,1455,0
5.8612697s,1.4133788s,5.6428812s,14535,1455,0
6.3389984s,1.3517159s,12.0847165s,14527,1455,0
6.4504042s,1.4045969s,11.9749198s,14523,1455,0
6.1842886s,1.2788236s,5.3313884s,14534,1455,0
5.9941336s,1.0339546s,5.5378104s,14540,1455,0
6.4640771s,1.3310464s,11.9800506s,14526,1455,0
6.8086389s,1.2957715s,4.7308923s,14537,1455,0
6.1078661s,1.0951528s,5.4400829s,14536,1455,0
6.3791636s,1.3415547s,12.0809691s,14528,1455,0
6.0992093s,1.0886438s,3.3229082s,14554,1457,0
6.7099155s,1.3304239s,2.7163403s,14556,1457,0
5.9171867s,1.0699835s,3.5221693s,14558,1457,0
6.6547019s,1.3527811s,9.5592329s,14546,1457,0
6.4610782s,1.3354629s,9.7667698s,14544,1457,0
6.1374873s,1.3844873s,3.3259031s,14553,1457,0
5.3563227s,1.1216573s,10.8745048s,14541,1457,0
6.7674371s,1.3244789s,9.4633904s,14545,1457,0
6.4435901s,1.3172486s,3.020147s,14560,1457,0
5.6772518s,1.2975869s,10.5737296s,14548,1457,0
6.5643677s,1.0286384s,2.9205951s,14557,1457,0
5.9629752s,1.2812137s,3.5238644s,14555,1457,0
6.4959162s,1.2654094s,9.7621587s,14549,1457,0
6.3962485s,1.4194399s,9.8618264s,14543,1457,0
6.1771613s,1.3465627s,3.3214031s,14559,1457,0
6.7004516s,1.4334936s,9.5655499s,14542,1457,0
6.7850843s,1.3774204s,2.7181852s,14551,1457,0
6.4128756s,1.256462s,9.862967s,14550,1457,0
6.4235673s,1.3765632s,9.8631714s,14547,1457,0
5.9940967s,1.1286833s,3.5252049s,14552,1457,0
5.5205599s,1.1687768s,8.7640444s,14565,1459,0
6.5727618s,1.3289184s,706.5121ms,14576,1459,0
6.5901785s,1.1548919s,704.1065ms,14575,1459,0
6.552578s,1.3716635s,7.7552149s,14563,1459,0
6.3949945s,1.3382627s,906.1854ms,14573,1459,0
6.2006947s,1.117556s,1.1076406s,14574,1459,0
6.0158962s,1.3847415s,1.3103251s,14572,1459,0
6.4933394s,1.1625329s,7.8445994s,14567,1459,0
6.1269939s,1.2128393s,1.2103725s,14577,1459,0
6.0921675s,1.0634702s,8.2556967s,14566,1459,0
6.1287801s,1.4828771s,1.2094878s,14571,1459,0
7.0095963s,1.474895s,7.3464402s,14568,1459,0
6.3031739s,1.3359107s,8.0528626s,14570,1459,0
6.5140348s,1.3543453s,7.853638s,14561,1459,0
6.0491937s,1.1689448s,1.3088828s,14580,1459,0
5.3081854s,1.1132908s,9.0634441s,14562,1459,0
6.4222201s,1.4309111s,7.952186s,14564,1459,0
6.4222201s,1.0865475s,7.952186s,14569,1459,0
6.9638091s,1.3435104s,403.0188ms,14578,1459,0
6.8680173s,1.4144708s,502.8988ms,14579,1459,0
6.2675356s,1.3789222s,6.2410706s,14589,1460,0
6.370365s,1.3226907s,6.1382412s,14587,1460,0
6.6772093s,1.3877237s,5.8379214s,14588,1460,0
6.6837324s,1.3039653s,5.8371089s,14581,1460,0
6.1742901s,1.0837303s,6.3465512s,14582,1460,0
6.5932185s,1.2734068s,5.938607s,14584,1460,0
6.6053286s,1.447662s,5.9390038s,14583,1460,0
6.6228893s,1.2005593s,5.9401893s,14590,1460,0
6.441631s,1.005061s,6.138866s,14586,1460,0
7.1397209s,1.4401389s,5.4407761s,14585,1460,0
5.5443547s,1.1095171s,0s,14595,1460,0
5.6851019s,1.1057777s,0s,14600,1460,0
6.6064701s,1.1579059s,10.7682784s,14593,1462,0
6.7372668s,1.4606927s,3.4213498s,14610,1462,0
6.3364755s,1.3938203s,3.8221411s,14602,1462,0
7.2161319s,1.4842472s,10.1643524s,14596,1462,0
6.6509748s,1.4407556s,3.5216444s,14609,1462,0
6.4271557s,1.1906646s,10.9767164s,14594,1462,0
6.0275726s,1.2267325s,11.3762995s,14591,1462,0
6.0456813s,1.2457926s,11.3775407s,14597,1462,0
6.0854325s,1.1483193s,4.1227281s,14604,1462,0
7.1963302s,1.4827238s,3.0175867s,14606,1462,0
6.5642718s,1.036631s,10.8728516s,14592,1462,0
6.0965472s,1.0710317s,4.1244443s,14605,1462,0
6.3692369s,1.0078369s,11.0697299s,14599,1462,0
5.866551s,1.4278081s,11.5724158s,14598,1462,0
6.1071743s,1.0964634s,4.1273396s,14607,1462,0
6.2071778s,1.3908884s,4.0273361s,14608,1462,0
6.2143841s,1.2726738s,4.0258805s,14603,1462,0
7.1347068s,1.3565567s,3.1195489s,14601,1462,0
6.8158245s,1.262809s,1.108783s,14621,1464,0
5.9595488s,1.1686317s,9.2616332s,14615,1464,0
6.6623066s,1.1830543s,8.5588754s,14614,1464,0
6.5688676s,1.4704645s,8.6558866s,14617,1464,0
6.2718942s,1.3449625s,8.9576192s,14613,1464,0
6.9438786s,1.4044166s,1.0069379s,14630,1464,0
7.2965745s,1.4900499s,7.9508165s,14620,1464,0
5.9425582s,1.4515498s,2.0115689s,14623,1464,0
6.0990385s,1.0997706s,9.1590144s,14612,1464,0
6.4521702s,1.3817557s,1.5093082s,14628,1464,0
6.3537134s,1.1014055s,1.6114648s,14627,1464,0
6.5082039s,1.1148768s,8.7612357s,14616,1464,0
6.0055347s,1.3173778s,9.2639049s,14611,1464,0
6.4633883s,1.097775s,1.5128729s,14622,1464,0
6.6230656s,1.189523s,8.6589043s,14619,1464,0
6.3776164s,1.344911s,1.6126267s,14624,1464,0
6.6859381s,1.4133718s,1.3090015s,14625,1464,0
5.8915189s,1.4394394s,2.1171931s,14626,1464,0
5.6410595s,1.2597555s,9.664227s,14618,1464,0
5.9975928s,1.045987s,2.0152621s,14629,1464,0
5.2484681s,1.0472806s,9.3629251s,14634,1466,0
6.1933863s,1.2586597s,1.7112262s,14647,1466,0
5.9934795s,1.1163852s,1.9138166s,14649,1466,0
5.9701059s,1.1547819s,8.6652389s,14640,1466,0
6.4872044s,1.3774911s,8.1560875s,14633,1466,0
6.628232s,1.2711787s,1.3080838s,14644,1466,0
6.4269713s,1.4750213s,1.5093445s,14643,1466,0
6.1068261s,1.2217448s,8.5481666s,14638,1466,0
5.9334921s,1.1078866s,2.0122041s,14645,1466,0
6.7092965s,1.2548933s,7.9456962s,14632,1466,0
6.5121367s,1.3117s,8.1522446s,14635,1466,0
5.9132085s,1.0139196s,8.756839s,14636,1466,0
6.6616921s,1.4146385s,1.3077168s,14646,1466,0
6.3597528s,1.2931865s,1.6096561s,14642,1466,0
6.9672041s,1.1139815s,1.0062925s,14648,1466,0
5.6239161s,1.0465104s,9.0627086s,14631,1466,0
5.7613278s,1.1223095s,2.2160004s,14650,1466,0
6.3343849s,1.2127185s,8.3522398s,14637,1466,0
6.8771951s,1.3967461s,1.1056712s,14641,1466,0
6.54153s,1.0737792s,8.1553409s,14639,1466,0
6.735066s,1.3419707s,6.3422464s,14660,1467,0
6.2576968s,1.0274474s,6.8454292s,14659,1467,0
6.6632251s,1.4316606s,6.4399009s,14655,1467,0
5.9222215s,1.0285847s,201.2159ms,14663,1467,0
6.2630097s,1.1827476s,6.8486243s,14651,1467,0
5.6193002s,1.3005901s,504.1372ms,14664,1467,0
5.966873s,1.2262881s,7.1466097s,14657,1467,0
6.9881966s,1.38778s,6.1393167s,14658,1467,0
5.1753334s,1.0325649s,7.9521799s,14652,1467,0
6.3830098s,1.099709s,6.7445035s,14653,1467,0
6.718737s,1.0637434s,6.4362281s,14654,1467,0
6.2228864s,1.2057365s,6.9459753s,14656,1467,0
6.3513124s,1.2915794s,0s,14666,1467,0
6.3938651s,1.4615801s,0s,14662,1467,0
6.487243s,1.3444972s,0s,14667,1467,0
6.5372202s,1.0746377s,0s,14665,1467,0
6.5505015s,1.4945325s,0s,14668,1467,0
6.0664304s,1.0896976s,5.9384811s,14671,1469,0
5.9849318s,1.3122165s,6.0359247s,14676,1469,0
7.065096s,1.2725399s,12.188845s,14661,1469,0
6.4954136s,1.1525314s,5.5379568s,14678,1469,0
7.0096721s,1.4593513s,5.0236983s,14675,1469,0
6.60289s,1.464855s,5.4304804s,14672,1469,0
7.1259418s,1.3836041s,4.9322947s,14679,1469,0
5.9284062s,1.3670197s,6.1340327s,14673,1469,0
5.9210795s,1.0146877s,6.1413594s,14674,1469,0
7.0288788s,1.342734s,12.273786s,14669,1469,0
7.2202137s,1.4827054s,12.0824511s,14670,1469,0
6.6519753s,1.3248126s,5.4301189s,14677,1469,0
5.7605496s,1.1883858s,6.3382174s,14680,1469,0
6.1017172s,1.0479483s,4.2258464s,14694,1471,0
6.070148s,1.4412966s,11.3761284s,14681,1471,0
6.5060858s,1.0619842s,3.8249603s,14695,1471,0
5.8109687s,1.4906239s,4.5271115s,14693,1471,0
5.3867221s,1.0725637s,12.0795284s,14685,1471,0
5.4847046s,1.1929555s,11.9815459s,14684,1471,0
7.0288878s,1.2405121s,3.3222771s,14697,1471,0
7.107692s,1.4916773s,10.3679048s,14687,1471,0
6.836929s,1.3851017s,3.5231564s,14691,1471,0
6.3121649s,1.0869313s,11.1758052s,14688,1471,0
6.2122616s,1.3100325s,11.2757085s,14689,1471,0
7.1187128s,1.3335358s,10.3714722s,14683,1471,0
7.0590778s,1.4526492s,3.3234889s,14696,1471,0
6.5335605s,1.1965045s,10.9726151s,14690,1471,0
6.6384634s,1.1259542s,10.8677122s,14682,1471,0
5.7598663s,1.0619842s,4.6300853s,14699,1471,0
6.6690833s,1.3851017s,3.7259673s,14698,1471,0
5.6610819s,1.0041628s,4.7339687s,14692,1471,0
6.8749008s,1.3864093s,3.5235803s,14700,1471,0
6.2394591s,1.1086524s,11.2777348s,14686,1471,0
6.134619s,1.0621934s,2.0106628s,14713,1473,0
6.8774169s,1.490502s,8.1516522s,14710,1473,0
7.0491723s,1.0660075s,1.106963s,14718,1473,0
6.3556464s,1.169473s,1.8115239s,14714,1473,0
6.165405s,1.1748924s,2.0129095s,14717,1473,0
6.70692s,1.4403528s,8.3497937s,14701,1473,0
6.5710964s,1.1875166s,1.6082004s,14712,1473,0
6.1671581s,1.4289546s,2.0121387s,14720,1473,0
6.8803507s,1.1185143s,1.3083973s,14715,1473,0
6.1828579s,1.3775704s,2.0113493s,14716,1473,0
6.1206631s,1.1070383s,8.9566751s,14704,1473,0
6.4315815s,1.4224567s,8.6541725s,14709,1473,0
6.5061106s,1.0213476s,1.7091353s,14711,1473,0
6.3388688s,1.0894756s,8.753794s,14707,1473,0
6.4076237s,1.388272s,1.8130642s,14719,1473,0
6.3458685s,1.0578548s,8.7597271s,14706,1473,0
5.9444917s,1.1950019s,9.1611039s,14708,1473,0
6.0487573s,1.2013534s,9.0568383s,14702,1473,0
5.7527048s,1.1713542s,9.3560676s,14703,1473,0
6.0564575s,1.1187416s,9.0594086s,14705,1473,0
5.7365194s,1.0321515s,52m4.4611536s,14727,1474,0
6.4323678s,1.4027614s,52m3.6458827s,14729,1474,0
6.4293139s,1.4504481s,52m3.7683591s,14728,1474,0
5.9164545s,1.3148875s,52m4.2812185s,14725,1474,0
6.4440607s,1.488698s,52m3.6341898s,14726,1474,0
6.9103476s,1.4132251s,52m3.1679029s,14723,1474,0
6.0227808s,1.2159344s,52m4.0554697s,14730,1474,0
6.3494936s,1.150749s,52m3.8481794s,14721,1474,0
5.9706232s,1.1213317s,52m4.2270498s,14724,1474,0
6.068953s,1.0564397s,52m4.0092975s,14722,1474,0
6.3970538s,1.0278049s,806.3288ms,14745,1476,0
6.3984928s,1.2426461s,804.8898ms,14749,1476,0
6.2964942s,1.0560621s,906.8884ms,14747,1476,0
52m7.6070418s,52m3.1549153s,8.4445871s,14737,1476,0
52m8.6414973s,52m3.1549153s,7.4375513s,14731,1476,0
52m8.2388118s,52m3.1549153s,7.8402368s,14732,1476,0
6.0267865s,1.1085941s,1.2072276s,14746,1476,0
6.3305553s,1.2426461s,905.4313ms,14743,1476,0
6.1319414s,1.2426461s,1.1064005s,14744,1476,0
52m8.7457798s,52m3.1549153s,7.351056s,14736,1476,0
52m8.8478894s,52m3.1549153s,7.2489464s,14735,1476,0
52m7.7462013s,52m3.1549153s,8.3506345s,14738,1476,0
52m8.0385161s,52m3.1549153s,8.0583197s,14739,1476,0
5.8397847s,1.292577s,1.4088048s,14741,1476,0
6.148745s,1.238327s,1.1065855s,14748,1476,0
6.1525515s,1.179849s,1.1046261s,14750,1476,0
52m8.4632015s,52m3.1549153s,7.6422224s,14733,1476,0
6.4808598s,1.2707107s,804.5111ms,14742,1476,0
52m7.8885006s,52m3.1549153s,8.2480916s,14734,1476,0
52m7.8848678s,52m3.1549153s,8.2517244s,14740,1476,0
5.5868623s,1.1796098s,7.9407031s,14759,1477,0
6.0529783s,1.1864879s,703.6959ms,14764,1477,0
6.2884829s,1.0968019s,7.2390825s,14753,1477,0
5.4997469s,1.0096066s,8.0422132s,14755,1477,0
6.5063548s,1.0389009s,7.0356053s,14751,1477,0
5.7022694s,1.3517659s,7.8396907s,14752,1477,0
6.3152797s,1.4954936s,7.2327684s,14756,1477,0
6.377287s,1.4373617s,401.9201ms,14765,1477,0
6.4163971s,1.2143964s,7.1373325s,14758,1477,0
6.4850735s,1.4814527s,301.6949ms,14767,1477,0
6.2956363s,1.3445755s,503.0293ms,14762,1477,0
6.3957744s,1.2395287s,402.8912ms,14763,1477,0
6.4485578s,1.3603893s,7.1417982s,14757,1477,0
6.4242174s,1.3153913s,403.1875ms,14769,1477,0
6.5317473s,1.0644279s,301.5266ms,14770,1477,0
6.7708912s,1.054825s,6.8332739s,14760,1477,0
6.734699s,1.2616585s,101.0316ms,14761,1477,0
6.6391337s,1.1855896s,201.7918ms,14766,1477,0
5.9824751s,1.3627633s,7.6390969s,14754,1477,0
6.9469652s,1.1983428s,0s,14768,1477,0
7.1052423s,1.4745584s,4.3278064s,14773,1479,0
6.9052446s,1.2649173s,4.5317831s,14779,1479,0
6.6044614s,1.2946162s,4.8325663s,14778,1479,0
6.4058775s,1.1447107s,5.0327005s,14774,1479,0
6.5074373s,1.0685107s,4.9311407s,14771,1479,0
5.8092504s,1.283783s,5.6345187s,14775,1479,0
5.9158395s,1.0847749s,5.5333427s,14780,1479,0
6.6317515s,1.3504745s,4.8278282s,14776,1479,0
6.3365407s,1.1953039s,5.1301802s,14772,1479,0
7.1612727s,1.4060476s,4.3262195s,14777,1479,0
6.6417249s,1.1266565s,2.4104817s,14793,1481,0
5.2385218s,1.0140237s,3.8228253s,14798,1481,0
5.6484186s,1.0843914s,3.4150548s,14800,1481,0
6.7530961s,1.2028393s,2.3103773s,14795,1481,0
6.0035241s,1.0307856s,9.8538649s,14788,1481,0
5.2467411s,1.0863633s,3.8203707s,14792,1481,0
6.7133046s,1.0636711s,9.1571736s,14786,1481,0
6.627722s,1.5000912s,9.2490512s,14783,1481,0
5.9757499s,1.0686377s,3.1154698s,14794,1481,0
6.6890279s,1.3044742s,2.4102049s,14796,1481,0
6.5954911s,1.4619006s,2.5101115s,14799,1481,0
6.2406694s,1.0963106s,9.6614952s,14785,1481,0
6.5556534s,1.4658118s,9.3465112s,14784,1481,0
6.5641862s,1.4957693s,9.3500515s,14787,1481,0
6.71549s,1.2963958s,2.4121895s,14797,1481,0
6.1685931s,1.2829311s,9.7550525s,14790,1481,0
6.2270996s,1.3323567s,2.9114682s,14791,1481,0
6.7902772s,1.2148296s,9.1472735s,14782,1481,0
6.2831658s,1.2070119s,9.6543849s,14789,1481,0
6.7852773s,1.2239376s,9.1522734s,14781,1481,0
6.502882s,1.3029535s,1.7099874s,14820,1483,0
7.0077745s,1.2546489s,1.2066047s,14819,1483,0
6.6047352s,1.2394138s,8.5528484s,14810,1483,0
6.2994867s,1.1884502s,8.8580969s,14805,1483,0
6.4160894s,1.3570861s,1.8119435s,14818,1483,0
6.3176331s,1.0676857s,1.9124416s,14817,1483,0
6.4213194s,1.2926138s,1.810868s,14816,1483,0
6.2253927s,1.2524524s,8.9579504s,14801,1483,0
6.2341068s,1.159853s,2.0122592s,14811,1483,0
6.9393845s,1.3082733s,8.2512018s,14809,1483,0
6.1338988s,1.1791025s,9.0566875s,14806,1483,0
6.2523357s,1.2068406s,2.0106052s,14814,1483,0
6.0525976s,1.4033605s,9.1546482s,14807,1483,0
6.2710941s,1.1314653s,2.0117823s,14812,1483,0
6.5744584s,1.3845933s,8.6523816s,14803,1483,0
6.0751281s,1.1110791s,9.1517119s,14804,1483,0
6.6810296s,1.303754s,8.5458104s,14802,1483,0
6.4819599s,1.3907061s,1.8111901s,14813,1483,0
6.2857722s,1.1606796s,2.0129881s,14815,1483,0
6.5911989s,1.3666186s,8.6511393s,14808,1483,0
6.3020272s,1.4784744s,7.7484334s,14830,1484,0
5.80476s,1.0393197s,8.2509244s,14823,1484,0
6.7156557s,1.4154685s,7.3400287s,14828,1484,0
7.1125349s,1.4855897s,6.9431495s,14824,1484,0
6.44168s,1.1027076s,502.5984ms,14838,1484,0
6.92082s,1.4797824s,7.1406704s,14827,1484,0
6.0516004s,1.1599352s,904.5691ms,14837,1484,0
6.1617634s,1.2147436s,802.806ms,14832,1484,0
6.3497796s,1.1485516s,7.7459111s,14829,1484,0
6.4825317s,1.0767136s,501.7293ms,14840,1484,0
6.8858883s,1.2293742s,100.3766ms,14836,1484,0
5.7528951s,1.2110713s,8.347592s,14821,1484,0
6.9995327s,1.190647s,0s,14833,1484,0
6.6072502s,1.0805917s,401.6871ms,14839,1485,0
6.2050257s,1.2006159s,805.0462ms,14835,1485,0
6.5842307s,1.0689687s,7.5430851s,14825,1485,0
6.3831272s,1.064689s,7.7441886s,14826,1485,0
5.8129601s,1.0699584s,1.2078778s,14834,1485,0
6.4191086s,1.3976178s,604.5398ms,14831,1485,0
6.0874857s,1.3183184s,8.0517943s,14822,1485,0
5.4760481s,1.0382591s,6.3344857s,14850,1486,0
6.6845951s,1.3983077s,5.1259387s,14842,1486,0
5.993106s,1.2712856s,5.8264336s,14844,1486,0
6.5971284s,1.1756671s,5.2301857s,14847,1486,0
6.4320551s,1.4595937s,5.4267037s,14845,1486,0
6.2659353s,1.1434906s,5.6260748s,14843,1486,0
6.0672231s,1.375297s,5.8294315s,14849,1486,0
6.6741467s,1.1527316s,5.2254522s,14848,1486,0
5.6715758s,1.1459765s,6.233041s,14846,1486,0
6.4768959s,1.2883494s,5.4277209s,14841,1486,0
7.024105s,1.4464687s,4.2228701s,14865,1488,0
6.9294479s,1.1637283s,4.3224619s,14870,1488,0
6.8319146s,1.0244294s,11.2603836s,14860,1488,0
6.6582174s,1.1574726s,11.454474s,14852,1488,0
6.2553496s,1.2066134s,11.8573418s,14857,1488,0
6.2625969s,1.0075706s,5.0253106s,14869,1488,0
6.4585203s,1.2657066s,11.6637057s,14858,1488,0
5.8660222s,1.0575088s,5.4279806s,14868,1488,0
6.3785549s,1.0363782s,4.925233s,14866,1488,0
6.1844567s,1.0123438s,11.9638901s,14853,1488,0
6.8948346s,1.2607128s,4.4215976s,14862,1488,0
6.5933879s,1.1447268s,4.7230443s,14861,1488,0
6.2887548s,1.0576954s,11.865613s,14855,1488,0
6.4971461s,1.4987046s,4.8253071s,14867,1488,0
6.1861275s,1.1654886s,11.9682403s,14856,1488,0
6.6929053s,1.3463756s,11.4654517s,14854,1488,0
6.7005095s,1.4805256s,4.6259329s,14863,1488,0
7.1047287s,1.362657s,4.2217137s,14864,1488,0
6.3029974s,1.086689s,11.8614112s,14859,1488,0
6.1051288s,1.0841783s,12.0592798s,14851,1488,0
6.9059639s,1.1960133s,3.0158737s,14883,1490,0
6.1847139s,1.2323791s,10.5590115s,14879,1490,0
6.221313s,1.4344761s,3.7188466s,14884,1490,0
5.9946902s,1.2567203s,10.7580066s,14873,1490,0
5.5967693s,1.1763634s,11.1678416s,14880,1490,0
6.1016991s,1.276818s,10.6629118s,14872,1490,0
6.8125372s,1.2238591s,9.9565664s,14878,1490,0
6.7445643s,1.3426426s,3.2149417s,14888,1490,0
6.3508687s,1.4563069s,3.620513s,14890,1490,0
6.1318344s,1.1203156s,10.6618793s,14871,1490,0
6.2625447s,1.3833992s,3.7218034s,14889,1490,0
6.5411322s,1.3334323s,10.2650389s,14874,1490,0
6.6521698s,1.2433587s,10.1540013s,14875,1490,0
5.9721881s,1.0804712s,4.0214458s,14885,1490,0
6.0748151s,1.1821344s,3.9200731s,14886,1490,0
6.2762651s,1.3451847s,3.7202195s,14887,1490,0
5.9483979s,1.1325667s,10.8674881s,14876,1490,0
6.4605177s,1.163685s,10.3602198s,14877,1490,0
6.0925131s,1.2305296s,3.9220733s,14882,1490,0
6.3983876s,1.3638231s,3.6199215s,14881,1490,0
6.0142789s,1.3655206s,1.8093568s,14902,1492,0
5.8116713s,1.0328987s,2.0119644s,14903,1492,0
7.1223017s,1.2176146s,703.6328ms,14905,1492,0
6.3190379s,1.4733368s,1.5084702s,14907,1492,0
6.4233902s,1.0043911s,1.4060041s,14910,1492,0
5.6199023s,1.0495929s,2.2132162s,14908,1492,0
6.1586264s,1.1186402s,8.4475626s,14891,1492,0
6.062833s,1.0637856s,8.5531996s,14896,1492,0
6.7726373s,1.2737401s,7.8433953s,14895,1492,0
6.0647371s,1.2596072s,8.5512955s,14892,1492,0
5.9648889s,1.3708367s,8.6511437s,14899,1492,0
6.7433252s,1.2281928s,1.1052225s,14906,1492,0
6.380115s,1.3615622s,8.2444964s,14894,1492,0
6.9628697s,1.3434209s,904.153ms,14901,1492,0
6.0978878s,1.4437133s,8.545955s,14900,1492,0
6.6715307s,1.3186101s,1.2063738s,14904,1492,0
6.0128038s,1.0646365s,8.646511s,14893,1492,0
6.6165901s,1.0923614s,8.0462862s,14897,1492,0
6.4915523s,1.244569s,1.4062435s,14909,1492,0
5.5237998s,1.0853365s,9.1495396s,14898,1492,0
6.1368285s,1.3055584s,1.1061549s,14922,1494,0
6.9340817s,1.1926054s,7.2468688s,14918,1494,0
6.2418344s,1.3613134s,7.9459074s,14912,1494,0
6.3519232s,1.1423753s,905.3407ms,14925,1494,0
5.8423719s,1.1601849s,8.3503986s,14916,1494,0
6.8611698s,1.0833673s,402.1897ms,14924,1494,0
6.2605843s,1.0606009s,7.9388044s,14917,1494,0
6.5616869s,1.4753354s,7.6377018s,14911,1494,0
6.1598822s,1.0833673s,1.1068151s,14923,1494,0
6.968236s,1.1016389s,301.4359ms,14927,1494,0
6.1704152s,1.0866334s,8.0443374s,14919,1494,0
6.5901847s,1.4635617s,703.2866ms,14928,1494,0
6.3828521s,1.4217999s,7.848414s,14914,1494,0
6.8895924s,1.2489737s,7.3416737s,14915,1494,0
5.8915652s,1.086874s,1.4056192s,14926,1494,0
5.5925256s,1.0859675s,1.7080733s,14929,1494,0
6.4964101s,1.4199112s,7.7486915s,14913,1494,0
6.2125687s,1.4066962s,1.1052053s,14921,1494,0
6.620996s,1.0852917s,7.6509089s,14920,1494,0
6.839634s,1.3541163s,501.6813ms,14930,1494,0
5.2106928s,1.0494545s,8.7516791s,14932,1496,0
6.1201821s,1.0865774s,7.850578s,14934,1496,0
6.3710647s,1.2107999s,704.6087ms,14950,1496,0
6.5285889s,1.291038s,7.444886s,14940,1496,0
6.4331333s,1.3666964s,7.5473922s,14938,1496,0
5.5326366s,1.2616797s,8.4503671s,14931,1496,0
6.4397349s,1.4728191s,7.5432688s,14939,1496,0
5.774252s,1.3630704s,1.3109502s,14947,1496,0
6.8845241s,1.3789839s,200.6781ms,14944,1496,0
5.9589863s,1.4406552s,8.047246s,14933,1496,0
6.6186577s,1.1262815s,502.3911ms,14941,1496,0
6.5861609s,1.1612475s,7.4414746s,14935,1496,0
5.6807704s,1.1779434s,8.3468651s,14937,1496,0
7.0318071s,1.3996397s,100.8581ms,14943,1496,0
6.0292954s,1.2864492s,1.1072586s,14948,1496,0
6.8978015s,1.1248719s,7.136554s,14936,1496,0
6.6347752s,1.0154549s,502.5733ms,14946,1496,0
5.9311606s,1.2537556s,1.2074295s,14945,1496,0
6.3413113s,1.1446584s,804.683ms,14949,1496,0
6.7530425s,1.2595738s,401.4474ms,14942,1496,0
6.0095468s,1.306789s,6.3383572s,14956,1497,0
6.1299229s,1.3235918s,6.2400765s,14954,1497,0
5.6294343s,1.2697279s,6.7422676s,14960,1497,0
6.4359297s,1.0225219s,5.9392192s,14959,1497,0
6.1384605s,1.1611521s,6.2383602s,14952,1497,0
6.039221s,1.0187736s,6.3375997s,14957,1497,0
6.246542s,1.1997035s,6.1651051s,14958,1497,0
6.2553115s,1.1675723s,6.1563356s,14953,1497,0
6.8461433s,1.4947131s,5.5658569s,14951,1497,0
6.2525066s,1.298775s,6.1591405s,14955,1497,0
5.7524758s,1.0254397s,0s,14968,1497,0
5.7932845s,1.0039051s,0s,14967,1497,0
5.5258154s,1.0795064s,4.9281444s,14977,1499,0
6.4366895s,1.1174238s,4.0225064s,14975,1499,0
6.9628132s,1.3508513s,10.4631362s,14969,1499,0
6.2650132s,1.4357453s,11.1609362s,14965,1499,0
6.0464968s,1.0995726s,4.4215702s,14972,1499,0
6.3738897s,1.2866842s,11.0606358s,14963,1499,0
5.9491s,1.000411s,4.5226123s,14979,1499,0
6.7578845s,1.4634288s,3.7207273s,14980,1499,0
6.8681955s,1.0422919s,3.6219975s,14971,1499,0
5.9705504s,1.0587832s,4.5274282s,14976,1499,0
6.2935607s,1.2988703s,11.1691065s,14961,1499,0
6.706115s,1.067739s,10.7610177s,14966,1499,0
6.3015061s,1.2215652s,11.1656266s,14962,1499,0
7.2879172s,1.3853302s,3.2164023s,14973,1499,0
6.0941592s,1.2159784s,11.3729735s,14970,1499,0
6.4903067s,1.3004248s,4.0193868s,14974,1499,0
6.6909139s,1.3133239s,3.8187796s,14978,1499,0
6.4275416s,1.2625834s,11.0717776s,14964,1499,0
6.7370808s,1.4808858s,9.2500409s,14989,1501,0
6.4397093s,1.47936s,9.5474124s,14981,1501,0
5.5322828s,1.3234279s,10.4548389s,14984,1501,0
5.9492714s,1.32147s,10.0552754s,14987,1501,0
6.5580759s,1.1276751s,9.4521388s,14986,1501,0
6.1329217s,1.2924842s,2.7134247s,14995,1501,0
7.172097s,1.4923013s,8.8463464s,14985,1501,0
5.730058s,1.0367741s,3.1162884s,14999,1501,0
5.6388426s,1.0183888s,3.2138663s,14991,1501,0
6.3466493s,1.3766493s,2.5096401s,14992,1501,0
6.4437813s,1.2973246s,2.4125081s,14993,1501,0
6.5441961s,1.2447894s,2.3120933s,14996,1501,0
6.5505771s,1.0606046s,2.3103765s,14994,1501,0
6.4889579s,1.172864s,9.5571033s,14988,1501,0
6.0973593s,1.0603452s,9.9567629s,14983,1501,0
6.2761978s,1.0373562s,2.6117977s,14998,1501,0
6.5792305s,1.3452707s,2.3118865s,15000,1501,0
7.0833593s,1.4585881s,1.8094081s,14997,1501,0
5.9117312s,1.0758126s,10.1581494s,14990,1501,0
6.1183993s,1.3395661s,9.9560126s,14982,1501,0
6.4044443s,1.3747286s,1.3051303s,15015,1503,0
6.5157622s,1.3441492s,1.207964s,15019,1503,0
6.6284031s,1.2647535s,8.3500263s,15002,1503,0
6.6267046s,1.0697822s,8.3517248s,15004,1503,0
6.420195s,1.0916783s,1.3063904s,15018,1503,0
6.8413344s,1.3087281s,8.1485029s,15005,1503,0
6.4407906s,1.2639019s,8.5527101s,15003,1503,0
6.6435017s,1.2616903s,8.349999s,15007,1503,0
7.2547032s,1.4224006s,7.7480796s,15008,1503,0
6.747198s,1.0020101s,1.0048039s,15017,1503,0
6.1491061s,1.0398594s,1.6079687s,15012,1503,0
5.9623161s,1.0777706s,9.0494619s,15006,1503,0
6.8695439s,1.2445083s,8.1498128s,15009,1503,0
5.9636174s,1.1377567s,1.8089556s,15020,1503,0
6.0656177s,1.4451067s,1.708728s,15016,1503,0
6.3847239s,1.1087397s,8.6516052s,15010,1503,0
6.6804125s,1.21117s,8.3559166s,15001,1503,0
6.1908612s,1.0474433s,1.6082882s,15013,1503,0
5.8943522s,1.396548s,1.9077444s,15011,1503,0
6.3983998s,1.2179503s,1.407375s,15014,1503,0
5.6861898s,1.002718s,6.8357761s,15027,1504,0
5.8867508s,1.3242797s,6.6352151s,15026,1504,0
6.3966959s,1.1256684s,6.1336781s,15024,1504,0
6.702272s,1.3959023s,5.833308s,15021,1504,0
6.2167108s,1.1475083s,6.3386648s,15029,1504,0
7.0225163s,1.4457273s,5.5328593s,15023,1504,0
6.5297146s,1.2646389s,6.0354181s,15028,1504,0
6.1382028s,1.0380956s,6.4429955s,15025,1504,0
6.5448502s,1.3679475s,6.0375593s,15030,1504,0
6.7593887s,1.1297117s,5.8392021s,15022,1504,0
5.6469066s,1.4197918s,0s,15036,1504,0
5.8430194s,1.1517266s,0s,15031,1504,0
7.0767767s,1.4806309s,2.513443s,15047,1506,0
6.2679207s,1.0145014s,3.322299s,15044,1506,0
6.4592583s,1.2497755s,10.3640437s,15032,1506,0
6.0818152s,1.1372383s,3.5215367s,15046,1506,0
6.5709424s,1.086579s,10.2590585s,15034,1506,0
7.1929074s,1.2722767s,2.4150289s,15048,1506,0
6.093161s,1.1051666s,3.5207675s,15049,1506,0
6.4904753s,1.3045185s,10.3597857s,15039,1506,0
5.9896373s,1.1666147s,10.8606237s,15035,1506,0
6.6012716s,1.3986127s,10.2578359s,15038,1506,0
6.0237473s,1.0938836s,3.6236792s,15045,1506,0
7.226649s,1.4825967s,9.6533494s,15040,1506,0
6.1349099s,1.3624271s,3.5214042s,15042,1506,0
6.3450161s,1.2502362s,3.3176531s,15043,1506,0
6.6513533s,1.3769958s,3.0193528s,15041,1506,0
6.4349169s,1.3587623s,10.4643217s,15033,1506,0
6.7393914s,1.2118264s,10.1598472s,15037,1506,0
6.5676338s,1.3898025s,3.1171868s,15050,1506,0
5.825619s,1.1124327s,1.5095608s,15061,1508,0
6.436491s,1.3159394s,904.8666ms,15070,1508,0
6.974198s,1.2925034s,7.3418015s,15054,1508,0
6.3375924s,1.1554624s,1.0065567s,15063,1508,0
6.5462103s,1.3910787s,804.3135ms,15067,1508,0
5.542302s,1.3795506s,1.8082218s,15065,1508,0
5.9776404s,1.1460222s,8.3509108s,15052,1508,0
6.4504616s,1.0077769s,905.5583ms,15069,1508,0
6.7875131s,1.3851426s,7.5490973s,15059,1508,0
6.2863645s,1.0688467s,8.0524478s,15055,1508,0
6.7934339s,1.1270797s,7.5475841s,15057,1508,0
6.0010298s,1.3313367s,8.345115s,15053,1508,0
6.6681048s,1.1630449s,705.0521ms,15064,1508,0
5.900702s,1.3080325s,8.4498502s,15051,1508,0
6.7140725s,1.2309095s,7.645187s,15056,1508,0
6.5208534s,1.2713047s,7.8509456s,15058,1508,0
6.8054036s,1.3888912s,602.6915ms,15066,1508,0
6.3011462s,1.4391556s,1.1069489s,15062,1508,0
6.2094422s,1.2844027s,1.2068027s,15068,1508,0
6.8536741s,1.4398813s,7.5434559s,15060,1508,0
5.7530879s,1.0869368s,6.5308103s,15080,1509,0
6.8690168s,1.4257253s,5.4314916s,15078,1509,0
6.2851955s,1.4984452s,6.0325388s,15079,1509,0
6.0810863s,1.2068368s,6.236648s,15077,1509,0
6.314278s,1.1604068s,6.0302918s,15074,1509,0
6.314278s,1.098699s,6.0302918s,15076,1509,0
6.1190147s,1.0123909s,6.228293s,15075,1509,0
5.7188358s,1.2036984s,6.6374378s,15073,1509,0
5.9257541s,1.1311249s,6.437656s,15071,1509,0
6.0326191s,1.1545667s,6.3341576s,15072,1509,0
5.6325649s,1.1230564s,0s,15088,1509,0
5.858181s,1.3254412s,0s,15089,1509,0
6.6016674s,1.052427s,4.930325s,15094,1511,0
6.0474252s,1.1155417s,12.373184s,15085,1511,0
6.6099137s,1.3962113s,4.930307s,15099,1511,0
6.2622445s,1.3145704s,12.1724368s,15087,1511,0
6.4612693s,1.0114007s,11.973412s,15086,1511,0
6.3703746s,1.0783189s,12.0730529s,15082,1511,0
6.1689415s,1.0404519s,12.274486s,15090,1511,0
6.8886168s,1.4328903s,11.5611919s,15081,1511,0
6.1456934s,1.211145s,5.4285981s,15096,1511,0
6.7584075s,1.4716046s,4.8262685s,15097,1511,0
6.2679174s,1.1186309s,5.3269561s,15100,1511,0
5.0586416s,1.1577263s,6.5362319s,15098,1511,0
6.7257004s,1.4884005s,11.7692006s,15083,1511,0
6.5252276s,1.2785836s,11.9696734s,15084,1511,0
6.3795558s,1.4643509s,5.229517s,15095,1511,0
7.0927167s,1.4566911s,4.5299643s,15091,1511,0
6.1876258s,1.1028383s,5.4350552s,15093,1511,0
6.09173s,1.1293109s,5.5317238s,15092,1511,0
6.2486275s,1.0914934s,10.8639227s,15102,1513,0
6.749655s,1.4676104s,10.3628952s,15104,1513,0
5.8237129s,1.0446441s,4.2240587s,15113,1513,0
6.5560186s,1.0806427s,10.5711001s,15107,1513,0
7.0706197s,1.2884227s,10.0598228s,15106,1513,0
6.8702661s,1.3428351s,10.2621171s,15109,1513,0
6.1416962s,1.3609309s,3.9206896s,15114,1513,0
6.451177s,1.2734365s,3.625266s,15112,1513,0
5.7586491s,1.3151056s,4.3298392s,15117,1513,0
6.0872191s,1.1191088s,11.0737751s,15101,1513,0
6.4989281s,1.4058092s,10.663762s,15105,1513,0
6.6156093s,1.3115613s,10.5650631s,15110,1513,0
6.6171512s,1.4848341s,10.5712685s,15108,1513,0
5.7176511s,1.2194774s,11.4746539s,15103,1513,0
6.0946602s,1.2528405s,4.0270251s,15116,1513,0
6.7014928s,1.3663658s,3.4233474s,15120,1513,0
6.0062021s,1.2247572s,4.12235s,15115,1513,0
6.3146797s,1.1578397s,3.8204911s,15118,1513,0
6.3133411s,1.2149266s,3.8218297s,15111,1513,0
6.8184646s,1.0332508s,3.321431s,15119,1513,0
5.9291855s,1.1954925s,9.1525372s,15129,1515,0
6.8329771s,1.325412s,8.2487456s,15122,1515,0
6.341232s,1.1536647s,1.9132246s,15139,1515,0
6.6521375s,1.2839185s,1.6108286s,15131,1515,0
6.3457828s,1.4194724s,8.751427s,15127,1515,0
6.6546344s,1.1600221s,1.6095983s,15132,1515,0
6.1544477s,1.1987431s,2.1169102s,15138,1515,0
5.9501336s,1.2159353s,9.1542014s,15121,1515,0
6.1722564s,1.1456511s,2.1115735s,15133,1515,0
5.9761107s,1.0375826s,9.1490077s,15128,1515,0
6.182323s,1.1644439s,8.9545956s,15124,1515,0
6.3834827s,1.0950273s,8.7534359s,15123,1515,0
6.6956809s,1.3787728s,1.6102782s,15135,1515,0
6.4997022s,1.2147021s,1.8090007s,15134,1515,0
6.1975456s,1.1306535s,8.9544164s,15130,1515,0
5.9078344s,1.0562542s,2.4147084s,15136,1515,0
6.2009635s,1.4534764s,8.9545564s,15125,1515,0
6.3193558s,1.3273901s,2.0115024s,15137,1515,0
6.7191756s,1.3594882s,8.4460873s,15126,1515,0
6.5254309s,1.4426192s,1.8113462s,15140,1515,0
6.4675642s,1.4777572s,8.7566375s,15149,1517,0
6.4737804s,1.3708989s,8.7524462s,15142,1517,0
6.7839759s,1.366512s,8.4486856s,15147,1517,0
6.0169186s,1.3414736s,2.4154109s,15160,1517,0
6.0881136s,1.3185859s,9.1537974s,15143,1517,0
6.5328914s,1.1478091s,1.9123417s,15157,1517,0
6.8369385s,1.2173755s,1.6082946s,15158,1517,0
6.8045127s,1.3413757s,8.4510851s,15150,1517,0
6.8464457s,1.4080962s,1.6103069s,15155,1517,0
6.3087079s,1.3340375s,8.9574255s,15148,1517,0
6.2539696s,1.1904855s,2.2118163s,15151,1517,0
7.1630048s,1.3767822s,1.3092832s,15152,1517,0
6.5635884s,1.3185039s,1.911454s,15153,1517,0
6.2311727s,1.1114228s,9.0528808s,15145,1517,0
6.8695281s,1.4475198s,1.6100127s,15154,1517,0
6.4384616s,1.455428s,8.8568926s,15141,1517,0
6.1782617s,1.1904855s,2.316332s,15159,1517,0
6.3485326s,1.2914665s,8.954433s,15144,1517,0
6.4472182s,1.4402156s,8.8557474s,15146,1517,0
5.9937s,1.2965162s,2.5151741s,15156,1517,0
6.5174586s,1.0085684s,8.1425074s,15169,1519,0
6.6122088s,1.155805s,8.0477572s,15168,1519,0
6.4184529s,1.009504s,8.2497137s,15164,1519,0
7.290952s,1.3997419s,603.2478ms,15180,1519,0
6.7862991s,1.2543559s,1.106554s,15173,1519,0
6.5370825s,1.2062861s,8.1483392s,15166,1519,0
6.4008914s,1.3899571s,1.5073619s,15175,1519,0
6.4339751s,1.138698s,8.2518921s,15161,1519,0
6.3094256s,1.3482373s,1.6091277s,15179,1519,0
5.7053492s,1.1574588s,2.2132041s,15172,1519,0
6.4549623s,1.2246931s,8.2524602s,15163,1519,0
6.7654797s,1.4636202s,7.9452753s,15165,1519,0
6.7762672s,1.316536s,7.9418511s,15170,1519,0
6.2365296s,1.3011544s,1.7100899s,15171,1519,0
6.5449242s,1.408738s,1.4067767s,15174,1519,0
5.9863067s,1.0647269s,8.7518264s,15167,1519,0
6.3892217s,1.1055143s,8.3489114s,15162,1519,0
6.4600722s,1.2974945s,1.5071143s,15178,1519,0
6.4711106s,1.1597344s,1.5071918s,15176,1519,0
6.2697213s,1.0103023s,1.7085811s,15177,1519,0
6.831193s,1.0658072s,5.5321815s,15184,1520,0
5.9359579s,1.1966943s,6.4341162s,15183,1520,0
6.7446157s,1.1784223s,5.6285105s,15185,1520,0
6.4476565s,1.2935745s,5.9298287s,15181,1520,0
6.8720105s,1.4666166s,5.5262275s,15182,1520,0
6.3653127s,1.3654408s,6.0329253s,15186,1520,0
6.3703529s,1.1703991s,6.0278851s,15190,1520,0
6.5806953s,1.125697s,5.8275357s,15187,1520,0
6.6880447s,1.4965586s,5.7292135s,15189,1520,0
5.4023888s,1.1833655s,7.03676s,15188,1520,0
5.6679755s,1.0385105s,0s,15197,1520,0
5.9854218s,1.2333355s,11.065819s,15191,1522,0
6.0709828s,1.1136624s,4.2229671s,15205,1522,0
6.0695453s,1.1228534s,4.2244046s,15208,1522,0
6.1765614s,1.3585016s,4.1219032s,15207,1522,0
6.9837518s,1.3497168s,3.317432s,15201,1522,0
6.7097382s,1.1925179s,10.354785s,15198,1522,0
6.8888708s,1.4810994s,3.4183615s,15204,1522,0
6.7265681s,1.2856335s,10.3637101s,15194,1522,0
6.5123677s,1.1807599s,3.8221589s,15203,1522,0
6.1276606s,1.4414537s,10.9641569s,15193,1522,0
6.5365224s,1.0845384s,10.5629376s,15192,1522,0
6.2401016s,1.1357043s,10.8642004s,15200,1522,0
6.7572909s,1.2687628s,10.3625536s,15199,1522,0
6.0377678s,1.0101441s,4.3247858s,15202,1522,0
6.5598356s,1.1604486s,10.5654854s,15196,1522,0
6.4619316s,1.2735972s,10.6633894s,15195,1522,0
5.7431448s,1.1266714s,4.6252643s,15206,1522,0
6.7565311s,1.4650487s,3.6169444s,15209,1522,0
5.7511157s,1.1601895s,4.6327216s,15210,1522,0
6.3235044s,1.2495525s,1.4073468s,15228,1524,0
5.7288076s,1.0735222s,2.0103063s,15223,1524,0
6.3169189s,1.1185625s,8.4490046s,15217,1524,0
7.044604s,1.4668376s,703.7535ms,15227,1524,0
7.0229945s,1.4115453s,7.7511967s,15211,1524,0
5.9404163s,1.1897493s,1.8103567s,15224,1524,0
6.1472853s,1.1474062s,1.6092364s,15226,1524,0
6.0332904s,1.1515307s,8.7493352s,15220,1524,0
6.1392516s,1.3215426s,8.6475703s,15212,1524,0
5.9448959s,1.3045817s,8.8484154s,15215,1524,0
6.4497588s,1.3595687s,8.3435525s,15218,1524,0
6.5660615s,1.2466874s,1.2073706s,15221,1524,0
6.1600434s,1.2616195s,8.6441428s,15216,1524,0
6.4856837s,1.4704018s,1.305901s,15230,1524,0
6.9966183s,1.4778993s,803.9526ms,15222,1524,0
6.5786032s,1.0117114s,8.2466865s,15219,1524,0
6.9053175s,1.1514496s,904.5855ms,15229,1524,0
6.5903032s,1.3198066s,8.2508759s,15214,1524,0
5.5912918s,1.0584969s,9.2498873s,15213,1524,0
6.0119639s,1.1527422s,1.8081749s,15225,1524,0
6.4615403s,1.017506s,7.5476586s,15240,1525,0
6.3781371s,1.3349685s,502.6494ms,15249,1525,0
6.4848842s,1.0290632s,402.28ms,15244,1525,0
6.4698342s,1.2308726s,7.5502127s,15236,1525,0
6.3928152s,1.4170585s,503.4ms,15241,1525,0
6.5851644s,1.3246174s,7.4445819s,15239,1525,0
6.6867175s,1.2845846s,7.3510382s,15237,1525,0
6.4190247s,1.3519658s,502.6976ms,15243,1525,0
6.0025834s,1.0617433s,8.0504372s,15235,1525,0
5.8099911s,1.0699885s,8.2467688s,15233,1525,0
6.5245976s,1.4958527s,400.864ms,15245,1525,0
5.8227104s,1.312516s,8.2455583s,15238,1525,0
6.2261375s,1.0303874s,7.8472113s,15232,1525,0
7.1312983s,1.4514759s,6.9420505s,15231,1525,0
6.4413054s,1.1044356s,503.6924ms,15246,1525,0
5.7334455s,1.155953s,8.3451286s,15234,1525,0
6.1462993s,1.3506136s,806.2779ms,15248,1525,0
6.9881952s,1.2735245s,0s,15250,1525,0
7.1033894s,1.2923588s,0s,15247,1525,0
7.3180334s,1.4097286s,0s,15242,1525,0
6.3528818s,1.0821566s,6.3346492s,15256,1527,0
6.8654404s,1.491539s,5.8363684s,15259,1527,0
5.6580515s,1.0821566s,7.0437573s,15257,1527,0
5.4594916s,1.062475s,7.244564s,15252,1527,0
6.0804534s,1.2613325s,6.6363604s,15251,1527,0
5.6691449s,1.0877108s,201.4424ms,15269,1527,0
5.996046s,1.0192749s,6.7454425s,15253,1527,0
6.3123946s,1.2929127s,6.4384453s,15254,1527,0
6.8174402s,1.490507s,5.9333997s,15260,1527,0
6.318435s,1.3738687s,6.4355872s,15258,1527,0
6.5276557s,1.4526053s,6.2355305s,15255,1527,0
6.0103699s,1.1355294s,0s,15264,1527,0
6.053324s,1.0097747s,0s,15262,1527,0
6.1317591s,1.1195786s,0s,15267,1527,0
6.2183183s,1.4334551s,5.3291893s,15271,1529,0
5.8185374s,1.4734024s,5.7338775s,15273,1529,0
6.7665076s,1.1282254s,12.0754574s,15268,1529,0
7.2895501s,1.351664s,11.5636434s,15261,1529,0
6.1385273s,1.2048152s,5.4318346s,15279,1529,0
6.5538442s,1.1975391s,5.0298868s,15275,1529,0
6.7086501s,1.4376931s,12.1721276s,15266,1529,0
6.1611495s,1.0796961s,5.4300781s,15272,1529,0
6.4183557s,1.1477768s,12.4723544s,15263,1529,0
6.4200875s,1.3062849s,12.4706226s,15265,1529,0
6.5787865s,1.260819s,5.029801s,15278,1529,0
6.1842564s,1.0416657s,5.4320634s,15274,1529,0
6.2893675s,1.1388889s,5.3331691s,15280,1529,0
6.6937146s,1.3603469s,4.9325538s,15276,1529,0
6.9020338s,1.3493409s,4.7308945s,15277,1529,0
6.5482385s,1.3023214s,12.3742399s,15270,1529,0
6.3874143s,1.2589679s,3.8243738s,15300,1531,0
6.5885084s,1.114474s,10.6677513s,15288,1531,0
6.6970541s,1.1114489s,3.5233471s,15293,1531,0
6.3986472s,1.3014847s,3.821754s,15298,1531,0
6.1850398s,1.0486324s,11.0712199s,15284,1531,0
5.7009178s,1.0951101s,4.5269523s,15294,1531,0
5.7999619s,1.0712902s,11.4737814s,15281,1531,0
6.5199241s,1.1114489s,3.7257483s,15299,1531,0
6.9227812s,1.3659124s,10.3674733s,15286,1531,0
6.9345544s,1.4205927s,3.3221325s,15296,1531,0
6.7352303s,1.4724549s,3.5236331s,15292,1531,0
7.0358585s,1.4445786s,10.2588634s,15285,1531,0
6.4290055s,1.0407077s,10.8657164s,15290,1531,0
6.0369069s,1.2071379s,11.2648719s,15289,1531,0
6.8530169s,1.3830245s,3.41941s,15295,1531,0
6.2524879s,1.1057511s,4.0258836s,15297,1531,0
5.9487536s,1.3138912s,11.3700592s,15282,1531,0
6.1545617s,1.0898966s,11.1722343s,15283,1531,0
6.5792303s,1.3364371s,3.723617s,15291,1531,0
6.3712198s,1.0486324s,10.9689528s,15287,1531,0
6.4563591s,1.3324968s,2.415498s,15313,1533,0
6.0589267s,1.3475464s,2.8159673s,15316,1533,0
6.5616732s,1.0573583s,2.3156533s,15318,1533,0
6.5700622s,1.4895042s,2.3150955s,15320,1533,0
6.2830748s,1.0868567s,9.2527499s,15309,1533,0
5.8791099s,1.3396014s,9.6567148s,15303,1533,0
6.4774228s,1.0117904s,2.4143217s,15314,1533,0
6.3837209s,1.0009992s,2.5147462s,15319,1533,0
6.4978151s,1.4666391s,9.0519813s,15304,1533,0
6.1973804s,1.3907874s,9.3612287s,15310,1533,0
6.3995727s,1.0424352s,2.5132688s,15315,1533,0
6.402325s,1.0274597s,9.1582504s,15302,1533,0
5.603687s,1.0827015s,9.9609334s,15306,1533,0
6.6085634s,1.0586159s,2.3127389s,15312,1533,0
5.8155209s,1.0667797s,9.7600075s,15305,1533,0
5.8297419s,1.2532271s,9.757887s,15301,1533,0
7.2348588s,1.4534347s,1.7101966s,15317,1533,0
6.6477339s,1.0332803s,8.9567698s,15308,1533,0
6.1566598s,1.1543811s,9.4518779s,15307,1533,0
6.449544s,1.1012185s,2.5144317s,15311,1533,0
6.3168971s,1.0793903s,6.6351779s,15325,1534,0
5.9149316s,1.0275298s,7.0371434s,15324,1534,0
5.9122908s,1.2495193s,7.0397842s,15323,1534,0
6.4253488s,1.4154048s,6.5380753s,15326,1534,0
6.2780671s,1.4623521s,101.1827ms,15334,1534,0
5.676722s,1.2114281s,702.5278ms,15337,1534,0
6.5425105s,1.44074s,6.4314044s,15328,1534,0
5.7046993s,1.2693192s,703.8199ms,15339,1534,0
6.108732s,1.3356957s,302.5688ms,15331,1534,0
6.2154243s,1.4935636s,201.5455ms,15332,1534,0
6.3753363s,1.3836502s,6.637872s,15321,1534,0
6.5736381s,1.2286085s,6.4395702s,15329,1534,0
5.9312785s,1.0788337s,502.477ms,15340,1534,0
6.5841743s,1.4417839s,6.4370323s,15322,1534,0
6.4865262s,1.214705s,6.5371766s,15330,1534,0
6.0893388s,1.1854561s,6.9438828s,15327,1534,0
5.8589094s,1.2973362s,602.2994ms,15336,1534,0
6.6772067s,1.2945802s,0s,15338,1534,0
6.7576562s,1.3877069s,0s,15333,1534,0
6.8018688s,1.4733096s,0s,15335,1534,0
6.1139227s,1.3524938s,4.9244525s,15345,1536,0
6.0151906s,1.3039763s,5.0315076s,15346,1536,0
6.4237318s,1.0884712s,4.6229664s,15342,1536,0
6.924021s,1.4005162s,4.1226772s,15348,1536,0
6.1312164s,1.318384s,4.9294859s,15343,1536,0
5.758451s,1.101306s,5.3305596s,15350,1536,0
5.8574396s,1.4292604s,5.2311867s,15347,1536,0
6.36543s,1.1351252s,4.7269924s,15341,1536,0
6.0836349s,1.0978223s,5.0310865s,15349,1536,0
6.395291s,1.1523073s,4.7278696s,15344,1536,0
5.9798066s,1.158315s,4.5278091s,15367,1538,0
5.8789873s,1.1146542s,4.6286284s,15365,1538,0
6.8897364s,1.4038944s,3.6240511s,15361,1538,0
6.0854854s,1.006303s,11.6683236s,15360,1538,0
6.6970634s,1.1174373s,11.0646865s,15356,1538,0
6.5072644s,1.1174658s,4.0222653s,15369,1538,0
6.4042701s,1.2740365s,11.3641375s,15355,1538,0
6.1095954s,1.2044875s,4.4290131s,15368,1538,0
5.6075649s,1.0977261s,4.9310436s,15363,1538,0
6.7095112s,1.1857935s,11.0665358s,15358,1538,0
6.1154219s,1.1767443s,11.671481s,15354,1538,0
5.8242348s,1.22718s,11.9714349s,15351,1538,0
7.2337262s,1.400307s,10.5619435s,15359,1538,0
6.8525262s,1.3006861s,3.7247402s,15366,1538,0
6.0634684s,1.4530393s,4.5297825s,15362,1538,0
6.7707469s,1.3455178s,3.8240106s,15370,1538,0
6.867781s,1.3835861s,10.9622738s,15353,1538,0
6.0648707s,1.1826127s,11.7651841s,15357,1538,0
5.7685302s,1.2101514s,12.070037s,15352,1538,0
5.777429s,1.4806634s,4.827412s,15364,1538,0
5.9616201s,1.0323964s,4.4301057s,15388,1540,0
5.6725301s,1.4899165s,4.7256791s,15383,1540,0
6.004193s,1.1819149s,11.2680957s,15373,1540,0
6.5071579s,1.2530639s,10.7651308s,15372,1540,0
6.1817982s,1.3146651s,4.2248125s,15389,1540,0
6.8191304s,1.1684054s,10.4587228s,15376,1540,0
6.2219769s,1.4957963s,11.0631679s,15379,1540,0
6.4970389s,1.415695s,3.9224279s,15386,1540,0
6.2105784s,1.2153512s,4.2244962s,15384,1540,0
6.8185345s,1.2418076s,3.6183618s,15381,1540,0
6.4557562s,1.2212945s,10.8639112s,15375,1540,0
5.4529914s,1.0749042s,11.866676s,15380,1540,0
6.865678s,1.162566s,10.4619823s,15377,1540,0
6.1655048s,1.1163012s,11.1680294s,15371,1540,0
5.9425968s,1.1754934s,4.5292709s,15382,1540,0
6.3484157s,1.0633609s,4.1249774s,15387,1540,0
6.1564568s,1.1427537s,4.3212782s,15385,1540,0
6.0561051s,1.0155484s,4.4216299s,15390,1540,0
6.4799939s,1.3774535s,10.8634191s,15374,1540,0
6.3812758s,1.3203455s,10.9654296s,15378,1540,0
6.5942666s,1.3335192s,8.7470954s,15400,1542,0
6.3886515s,1.371003s,2.1129076s,15410,1542,0
6.6059051s,1.0988483s,8.74618s,15397,1542,0
6.8151011s,1.1586332s,1.7094993s,15403,1542,0
5.9129269s,1.3506134s,2.6149217s,15408,1542,0
6.3160774s,1.371534s,2.2117712s,15409,1542,0
6.2215026s,1.1388356s,9.1490181s,15399,1542,0
6.4223549s,1.2758172s,8.9481658s,15398,1542,0
6.7326216s,1.351688s,8.6540703s,15393,1542,0
6.5261331s,1.28767s,8.8605588s,15391,1542,0
6.8415329s,1.1824553s,8.5513787s,15394,1542,0
6.2557536s,1.2673787s,2.3157184s,15402,1542,0
6.7731482s,1.2609896s,8.6488823s,15396,1542,0
5.7672925s,1.1346941s,2.8158043s,15406,1542,0
5.8716716s,1.2997644s,2.7146866s,15401,1542,0
5.5711224s,1.0762443s,3.0178461s,15407,1542,0
6.6848565s,1.0061008s,8.7493074s,15392,1542,0
6.4801396s,1.4999329s,2.1113522s,15404,1542,0
6.0798816s,1.157444s,2.5126947s,15405,1542,0
6.7821729s,1.2236958s,8.6530755s,15395,1542,0
5.9353259s,1.0717382s,7.240571s,15416,1543,0
5.8213932s,1.0217923s,200.8576ms,15426,1543,0
6.238674s,1.3146108s,6.941516s,15413,1543,0
5.8335325s,1.3556741s,200.4429ms,15429,1543,0
7.1538676s,1.3495776s,6.0353996s,15414,1543,0
6.2546153s,1.3946662s,6.9455005s,15412,1543,0
5.9510776s,1.1303687s,100.1974ms,15428,1543,0
5.9882028s,1.2794858s,7.2394336s,15417,1543,0
6.2908718s,1.2893971s,6.9415925s,15419,1543,0
6.7959093s,1.1711674s,6.436555s,15420,1543,0
6.3954423s,1.2189157s,6.8375395s,15411,1543,0
5.7006144s,1.464533s,7.5373241s,15415,1543,0
6.4003989s,1.2213503s,6.8375396s,15418,1543,0
6.2631662s,1.3724369s,0s,15425,1543,0
6.3164649s,1.4853678s,0s,15427,1543,0
6.7632686s,1.4115989s,12.2692579s,15423,1545,0
5.6687001s,1.2807068s,6.0379984s,15437,1545,0
6.0792825s,1.0058918s,5.6342036s,15438,1545,0
6.6668285s,1.3294141s,12.3767097s,15430,1545,0
6.0850764s,1.430664s,5.6324041s,15440,1545,0
6.7846886s,1.3926253s,12.2783681s,15424,1545,0
6.6187789s,1.3982932s,5.1333152s,15435,1545,0
6.9174705s,1.4815994s,4.8346236s,15433,1545,0
6.6268286s,1.3713627s,5.1252655s,15432,1545,0
6.5253995s,1.3155504s,5.2266946s,15434,1545,0
5.7299049s,1.0204727s,6.0300563s,15439,1545,0
6.3326281s,1.2627072s,5.4273331s,15436,1545,0
6.3271306s,1.2479622s,5.4328306s,15431,1545,0
6.528181s,1.400497s,12.5721827s,15422,1545,0
7.3300521s,1.4846779s,11.7703116s,15421,1545,0
6.806308s,1.2627201s,3.2185273s,15454,1547,0
6.7101321s,1.0574566s,3.3184824s,15458,1547,0
7.011683s,1.3445106s,3.0165456s,15459,1547,0
5.8139325s,1.1652896s,11.1643548s,15441,1547,0
6.8224733s,1.2984597s,10.155814s,15447,1547,0
6.5123409s,1.3878468s,3.5207303s,15456,1547,0
6.6125949s,1.2644297s,3.4204763s,15460,1547,0
6.1157185s,1.3366235s,10.8630383s,15446,1547,0
5.9174206s,1.1231583s,11.0608667s,15448,1547,0
6.0210383s,1.1868046s,10.9607785s,15450,1547,0
5.6164847s,1.0555717s,4.4267838s,15452,1547,0
5.8273935s,1.2571355s,4.2239209s,15457,1547,0
5.9339721s,1.1995457s,11.0669361s,15442,1547,0
6.9452161s,1.1715224s,10.0567308s,15449,1547,0
6.5478544s,1.1766313s,10.4607688s,15443,1547,0
6.0576676s,1.0916789s,4.0256459s,15453,1547,0
6.6747457s,1.0975183s,3.4217633s,15455,1547,0
5.8792615s,1.3166258s,11.164988s,15444,1547,0
6.2854122s,1.1859733s,10.7636653s,15445,1547,0
6.2887756s,1.1448447s,3.8182423s,15451,1547,0
6.622502s,1.2692825s,1.9110363s,15477,1549,0
6.0198503s,1.2187123s,2.5158209s,15474,1549,0
6.5241022s,1.4674912s,2.0121223s,15471,1549,0
6.5265879s,1.0580387s,2.0120462s,15472,1549,0
6.5800049s,1.0952622s,8.9509775s,15470,1549,0
6.3254839s,1.2314012s,2.2131502s,15475,1549,0
6.9918194s,1.3317694s,8.5534087s,15465,1549,0
6.0384085s,1.0532774s,2.5144713s,15478,1549,0
6.3897522s,1.216601s,9.1571945s,15464,1549,0
5.3939016s,1.1554186s,10.160842s,15467,1549,0
6.3028982s,1.3957745s,9.2584514s,15461,1549,0
5.955372s,1.1640958s,2.6173831s,15479,1549,0
6.6660957s,1.3878236s,1.9107169s,15473,1549,0
6.316172s,1.0631223s,9.2590439s,15469,1549,0
5.9664848s,1.2763421s,2.6163828s,15480,1549,0
6.5307797s,1.2194852s,9.055902s,15463,1549,0
6.3389662s,1.1775398s,9.260462s,15468,1549,0
6.6466043s,1.4291038s,8.9605222s,15466,1549,0
6.4548926s,1.4617518s,9.1522339s,15462,1549,0
6.4041331s,1.204356s,2.2145532s,15476,1549,0
6.0263208s,1.2992628s,2.5131537s,15499,1551,0
6.1269888s,1.4365466s,2.4124857s,15492,1551,0
6.6294737s,1.2136102s,1.9100008s,15491,1551,0
6.8520259s,1.4832738s,8.551734s,15490,1551,0
6.8483871s,1.2644247s,1.7090683s,15496,1551,0
6.4603877s,1.3496426s,8.9531551s,15486,1551,0
6.7542252s,1.4118731s,1.8097306s,15497,1551,0
6.5526631s,1.3556043s,2.0112927s,15500,1551,0
6.1670006s,1.0286149s,9.2571852s,15487,1551,0
6.0683362s,1.1767613s,9.3558496s,15488,1551,0
6.0712404s,1.0711284s,9.3552413s,15484,1551,0
6.6782397s,1.1169417s,1.9099858s,15498,1551,0
6.3861592s,1.2032472s,9.0540922s,15485,1551,0
5.8784578s,1.1590874s,2.7184632s,15493,1551,0
6.4907777s,1.4328238s,2.112728s,15494,1551,0
6.1016694s,1.2898624s,9.3562097s,15481,1551,0
6.8140392s,1.3642343s,8.6517809s,15489,1551,0
5.8971886s,1.1784777s,2.7166056s,15495,1551,0
6.316527s,1.2587231s,9.1527617s,15483,1551,0
6.4227519s,1.471585s,9.0537711s,15482,1551,0
6.572896s,1.3096738s,8.0463493s,15509,1553,0
6.646133s,1.1803936s,1.3070525s,15518,1553,0
5.9453156s,1.1058041s,2.0110967s,15511,1553,0
6.4854385s,1.1202489s,8.149841s,15502,1553,0
6.3592243s,1.459071s,1.6099954s,15515,1553,0
6.6766239s,1.3158367s,1.3065156s,15517,1553,0
6.3860793s,1.1164614s,1.6098152s,15513,1553,0
6.1094956s,1.1400081s,8.5545429s,15505,1553,0
6.2878712s,1.3614589s,1.7101075s,15520,1553,0
6.5275799s,1.2584513s,8.1496847s,15504,1553,0
6.4344687s,1.0074438s,8.2427959s,15506,1553,0
6.3338482s,1.3026987s,8.3434164s,15503,1553,0
6.2093128s,1.2044762s,1.8096297s,15512,1553,0
6.3472422s,1.358467s,8.345229s,15501,1553,0
5.8170932s,1.0895415s,2.2133286s,15514,1553,0
5.5466265s,1.0534671s,9.1597243s,15507,1553,0
6.2572735s,1.3218344s,8.4490773s,15508,1553,0
6.3330378s,1.1822757s,1.7098606s,15516,1553,0
6.2349064s,1.1532902s,1.807992s,15519,1553,0
6.6660598s,1.459507s,8.0465561s,15510,1553,0
6.4073305s,1.2503512s,8.4441061s,15527,1555,0
5.5173731s,1.019706s,2.7124561s,15539,1555,0
6.6216074s,1.0494027s,8.2442266s,15525,1555,0
6.4364983s,1.3704676s,1.8103566s,15531,1555,0
6.2229201s,1.1868663s,8.6460645s,15522,1555,0
6.7416784s,1.2483149s,1.5095851s,15533,1555,0
6.4494109s,1.1823661s,1.8110433s,15536,1555,0
6.3623059s,1.3666328s,1.9108309s,15535,1555,0
5.9613771s,1.088232s,2.3161957s,15532,1555,0
5.9538558s,1.1923509s,8.952483s,15530,1555,0
5.8526961s,1.3543063s,9.0536427s,15524,1555,0
5.5600282s,1.3213548s,9.3522261s,15526,1555,0
5.564612s,1.0963558s,9.356144s,15521,1555,0
6.4910223s,1.0665503s,1.8123624s,15537,1555,0
6.7973725s,1.3656633s,1.5095751s,15540,1555,0
6.2953911s,1.0382826s,2.0120098s,15534,1555,0
5.8811203s,1.2725381s,9.0546608s,15523,1555,0
6.4896564s,1.1373575s,8.4520737s,15528,1555,0
6.2995573s,1.3892853s,8.6465799s,15529,1555,0
6.5154288s,1.1776256s,1.809101s,15538,1555,0
6.1502014s,1.2117081s,8.1493862s,15548,1557,0
6.1253463s,1.2199097s,1.2080559s,15555,1557,0
5.6267035s,1.0555833s,1.7104179s,15556,1557,0
6.3361571s,1.2143844s,1.0039566s,15552,1557,0
5.8713239s,1.2686227s,8.4489039s,15543,1557,0
6.3394637s,1.483575s,1.0032941s,15560,1557,0
6.9769083s,1.130496s,7.3433195s,15542,1557,0
6.3470496s,1.1605575s,1.0064517s,15551,1557,0
5.8810651s,1.0782036s,8.4509809s,15549,1557,0
6.4882191s,1.3912679s,7.8527278s,15544,1557,0
6.0580689s,1.058849s,1.3064179s,15559,1557,0
6.5922429s,1.4515531s,7.7497139s,15545,1557,0
6.5036739s,1.3561934s,7.8458209s,15550,1557,0
6.1952579s,1.1803507s,8.1542369s,15547,1557,0
6.065556s,1.1062742s,1.3064688s,15558,1557,0
6.1878616s,1.2392535s,1.2066838s,15557,1557,0
6.4256236s,1.0102665s,7.9463918s,15546,1557,0
6.5303987s,1.2824369s,7.8482084s,15541,1557,0
7.006998s,1.4506604s,403.0453ms,15554,1557,0
7.1143893s,1.4248669s,301.3844ms,15553,1557,0
5.5985776s,1.0435745s,301.4047ms,15579,1558,0
6.0901268s,1.1365326s,6.6415463s,15562,1558,0
5.8930198s,1.1464616s,6.8398396s,15564,1558,0
6.5991663s,1.4784968s,6.141196s,15568,1558,0
6.5093722s,1.2525925s,6.2372048s,15561,1558,0
5.8125112s,1.0626804s,6.9428763s,15567,1558,0
5.9202214s,1.0428891s,6.8387301s,15563,1558,0
6.2239934s,1.0636513s,6.5398591s,15565,1558,0
6.8311395s,1.3093484s,5.9358158s,15569,1558,0
6.5481232s,1.457803s,6.2361461s,15566,1558,0
6.4552148s,1.3620316s,6.336975s,15570,1558,0
6.0163789s,1.1038216s,0s,15580,1558,0
6.2494443s,1.3015152s,0s,15578,1558,0
6.3072494s,1.4822538s,0s,15577,1558,0
6.3446215s,1.0895337s,0s,15572,1558,0
6.5786509s,1.4987224s,10.7614381s,15576,1560,0
6.583584s,1.1575399s,10.756505s,15571,1560,0
6.3836258s,1.0757856s,10.9564632s,15575,1560,0
6.3887166s,1.3815828s,10.9655115s,15573,1560,0
6.5153599s,1.3214634s,10.8618784s,15574,1560,0
6.0689638s,1.2835986s,4.7243547s,15581,1560,0
6.5756497s,1.1435134s,4.2229775s,15589,1560,0
6.7767645s,1.3193308s,4.0221827s,15590,1560,0
5.7793594s,1.1917536s,5.0323896s,15583,1560,0
6.7892442s,1.1965032s,4.0225048s,15582,1560,0
6.4936406s,1.3766423s,4.3228036s,15588,1560,0
6.3213354s,1.0605719s,4.5269448s,15586,1560,0
5.9182705s,1.0313791s,4.9300097s,15585,1560,0
6.4220608s,1.2532472s,4.4266237s,15587,1560,0
6.3295043s,1.2015407s,4.5238996s,15584,1560,0
6.3820397s,1.0935083s,2.3132162s,15604,1562,0
5.6848024s,1.1574081s,3.0146721s,15607,1562,0
5.8855256s,1.3374363s,2.8139489s,15608,1562,0
6.2933289s,1.1650253s,2.4150217s,15601,1562,0
6.0489694s,1.0245266s,9.6596507s,15596,1562,0
6.6592585s,1.4071335s,9.0520872s,15592,1562,0
5.7831249s,1.1966151s,9.9553002s,15597,1562,0
6.4281501s,1.2404465s,2.3116983s,15609,1562,0
6.0800188s,1.0498203s,9.6584063s,15600,1562,0
5.7798909s,1.2697086s,9.9585342s,15599,1562,0
5.9357213s,1.294369s,2.8187576s,15602,1562,0
6.1414556s,1.4393801s,2.6150181s,15606,1562,0
6.4004004s,1.0475264s,9.3571174s,15593,1562,0
6.9985767s,1.3054319s,8.7589411s,15594,1562,0
6.5454742s,1.0952108s,2.2134669s,15605,1562,0
6.3109256s,1.0887577s,9.457579s,15595,1562,0
6.9164402s,1.3075217s,8.8520644s,15598,1562,0
6.5216457s,1.0255624s,9.25463s,15591,1562,0
6.0657125s,1.3296031s,2.7163867s,15610,1562,0
5.7703121s,1.098829s,3.017153s,15603,1562,0
6.9618441s,1.1791382s,1.1048486s,15628,1564,0
6.7351333s,1.0476263s,8.248339s,15620,1564,0
6.3710096s,1.3523853s,1.7074637s,15621,1564,0
6.4739907s,1.3835383s,1.6078254s,15629,1564,0
6.5845851s,1.4797012s,1.5095378s,15627,1564,0
6.3544447s,1.2588979s,8.648682s,15614,1564,0
6.6620898s,1.4475852s,8.3454398s,15616,1564,0
6.6655149s,1.3158881s,8.3420147s,15612,1564,0
6.0690142s,1.0735389s,8.9516185s,15611,1564,0
6.1724099s,1.3274373s,8.8542054s,15615,1564,0
6.8171454s,1.1070069s,1.3097188s,15623,1564,0
6.2813451s,1.2995886s,8.7514375s,15613,1564,0
6.8184206s,1.1410188s,1.309363s,15625,1564,0
6.6864814s,1.4325958s,8.3510925s,15618,1564,0
6.2236761s,1.1045644s,1.9117197s,15630,1564,0
6.8382002s,1.4684017s,1.30744s,15624,1564,0
6.904676s,1.4207199s,8.1491305s,15617,1564,0
6.5487947s,1.0298702s,1.6105648s,15622,1564,0
6.2490461s,1.2965507s,1.9103134s,15626,1564,0
6.8186779s,1.2724083s,8.2494637s,15619,1564,0
6.693423s,1.2493585s,8.0448935s,15631,1566,0
6.3631831s,1.3459704s,1.2047853s,15642,1566,0
6.5027257s,1.3747176s,8.2451646s,15632,1566,0
6.5673124s,1.3745287s,1.0063282s,15643,1566,0
6.3844538s,1.4291057s,1.206944s,15647,1566,0
6.0204675s,1.4315407s,8.7486579s,15635,1566,0
6.63245s,1.4792534s,8.145715s,15633,1566,0
6.9089811s,1.3636944s,703.3112ms,15648,1566,0
6.6101681s,1.2875112s,1.0048082s,15645,1566,0
6.2434117s,1.2904079s,8.5481637s,15634,1566,0
6.4513405s,1.4456118s,8.3460441s,15639,1566,0
6.7193136s,1.2775858s,903.5947ms,15646,1566,0
6.1592951s,1.0196587s,8.6528834s,15638,1566,0
5.7267704s,1.097191s,1.9119909s,15649,1566,0
7.1765991s,1.4746141s,7.6397127s,15640,1566,0
6.4366441s,1.0165278s,1.2065369s,15644,1566,0
6.5371728s,1.1213319s,1.1060082s,15641,1566,0
6.8424726s,1.019358s,805.0941ms,15650,1566,0
6.3785958s,1.3674064s,8.4475288s,15637,1566,0
6.3785958s,1.0548017s,8.4475288s,15636,1566,0
6.4751691s,1.1633771s,7.5441311s,15652,1568,0
5.702087s,1.2116127s,8.3507353s,15659,1568,0
6.6128047s,1.2139537s,704.3765ms,15663,1568,0
6.7133444s,1.3954019s,603.8368ms,15664,1568,0
6.3115554s,1.2415166s,1.0056258s,15665,1568,0
6.010601s,1.1214775s,1.3065802s,15670,1568,0
5.7177003s,1.0795427s,8.3542896s,15660,1568,0
6.2213201s,1.4347616s,7.8506698s,15651,1568,0
6.0174135s,1.0372869s,8.0545764s,15658,1568,0
6.3183395s,1.2415166s,1.0073123s,15662,1568,0
6.5278552s,1.4668608s,805.7773ms,15661,1568,0
6.2262381s,1.1946208s,1.1073944s,15667,1568,0
6.2390274s,1.3847668s,7.84632s,15656,1568,0
6.5479336s,1.3185084s,7.546s,15655,1568,0
6.7493411s,1.3874714s,7.3445925s,15653,1568,0
6.3509183s,1.0777492s,7.7477138s,15654,1568,0
6.2440201s,1.4052092s,1.1066018s,15666,1568,0
6.6488748s,1.2494581s,705.0955ms,15669,1568,0
6.0597208s,1.0925698s,8.0439862s,15657,1568,0
5.8514473s,1.3582392s,1.5068149s,15668,1568,0
6.4807398s,1.4425869s,200.8863ms,15689,1569,0
6.2284937s,1.4677895s,7.3432534s,15677,1569,0
6.0321962s,1.1254769s,7.5437472s,15671,1569,0
5.4271135s,1.04136s,8.1488299s,15679,1569,0
5.9983935s,1.2406543s,703.6259ms,15684,1569,0
6.8395328s,1.4143821s,6.7402119s,15675,1569,0
6.5480071s,1.2125106s,7.044848s,15680,1569,0
6.7538549s,1.2818354s,6.8390002s,15672,1569,0
6.5632676s,1.2355719s,7.0422829s,15673,1569,0
6.3243225s,1.0478072s,403.5027ms,15688,1569,0
6.4276018s,1.0645512s,301.6622ms,15686,1569,0
6.6319797s,1.0460154s,100.6106ms,15690,1569,0
6.7696468s,1.2308552s,6.8412493s,15678,1569,0
6.8773846s,1.4907787s,6.7440907s,15674,1569,0
5.9796417s,1.3326237s,7.6435564s,15676,1569,0
6.3624925s,1.0666336s,402.0715ms,15683,1569,0
6.2650623s,1.2579315s,503.6452ms,15682,1569,0
6.5714784s,1.2148458s,200.9413ms,15685,1569,0
6.8194667s,1.3714269s,0s,15681,1569,0
6.9758467s,1.1681636s,0s,15687,1569,0
6.4569185s,1.0987418s,6.9379711s,15693,1571,0
6.5617068s,1.0616044s,6.8430994s,15697,1571,0
5.8585967s,1.0348169s,7.5462095s,15700,1571,0
6.2629348s,1.3178175s,7.1446432s,15699,1571,0
5.7309202s,1.133811s,504.5622ms,15710,1571,0
7.1776371s,1.4626806s,6.2412535s,15695,1571,0
6.2458657s,1.07572s,0s,15709,1571,0
6.3816331s,1.217269s,7.0430739s,15698,1571,0
6.8866218s,1.2995887s,6.5464039s,15694,1571,0
6.6930865s,1.3026156s,6.7462262s,15692,1571,0
6.0640425s,1.3677126s,200.5814ms,15706,1571,0
6.6997598s,1.2914254s,6.7479164s,15691,1571,0
6.6349045s,1.1434142s,6.8425278s,15696,1571,0
6.4118838s,1.4496587s,0s,15708,1571,0
6.5400581s,1.4173169s,0s,15707,1571,0
6.6009853s,1.2758896s,0s,15704,1571,0
6.438184s,1.2216915s,4.2257087s,15716,1573,0
7.2355992s,1.4723198s,10.6681001s,15702,1573,0
6.6463348s,1.3067384s,4.0282494s,15714,1573,0
6.4587053s,1.3349076s,4.2318897s,15718,1573,0
6.5760997s,1.3903236s,4.1262634s,15719,1573,0
6.3773439s,1.1315637s,4.3287421s,15720,1573,0
6.6846723s,1.0635588s,4.0251683s,15715,1573,0
7.1843967s,1.4323554s,10.7649913s,15705,1573,0
6.0888516s,1.2724364s,4.6296974s,15713,1573,0
5.5950654s,1.042491s,5.1328405s,15711,1573,0
6.1145963s,1.1014706s,4.6279008s,15712,1573,0
7.1125525s,1.3386556s,10.8659418s,15701,1573,0
6.1217944s,1.1604621s,4.6278481s,15717,1573,0
6.9177542s,1.1456721s,11.0695655s,15703,1573,0
5.8520505s,1.3865696s,4.6309804s,15731,1575,0
6.705652s,1.1365963s,10.8649207s,15729,1575,0
6.2923993s,1.1005222s,11.2781734s,15726,1575,0
6.3639711s,1.3649658s,4.1264348s,15734,1575,0
6.2725287s,1.3500458s,4.2200174s,15738,1575,0
6.473929s,1.265352s,4.0226826s,15736,1575,0
6.3709788s,1.310498s,4.1256328s,15739,1575,0
5.822802s,1.0471066s,11.7748091s,15721,1575,0
6.298092s,1.4351413s,4.2250223s,15733,1575,0
6.2331967s,1.3837545s,11.3755864s,15722,1575,0
7.0060383s,1.1803803s,3.5208411s,15735,1575,0
6.1151828s,1.2876753s,4.4247211s,15732,1575,0
6.4521604s,1.3086842s,11.1762534s,15730,1575,0
6.0480274s,1.3427924s,11.5803864s,15727,1575,0
5.4151027s,1.1368377s,5.1295904s,15740,1575,0
5.3606151s,1.0876708s,12.2736206s,15724,1575,0
6.6658613s,1.2763792s,10.9683744s,15723,1575,0
6.4718672s,1.052695s,11.1676354s,15725,1575,0
7.0837207s,1.272899s,10.5586689s,15728,1575,0
5.9360185s,1.0318264s,4.6226504s,15737,1575,0
6.3676903s,1.3515954s,9.9622171s,15747,1577,0
5.968313s,1.4529189s,10.3691502s,15749,1577,0
6.483396s,1.4844573s,9.8610882s,15743,1577,0
6.0824894s,1.2380731s,10.2619948s,15746,1577,0
6.4379713s,1.0025218s,3.2191515s,15759,1577,0
6.436049s,1.0454531s,3.2243349s,15754,1577,0
6.695056s,1.3107983s,9.6663747s,15745,1577,0
6.0933609s,1.2562446s,10.2713694s,15750,1577,0
6.6018103s,1.4873203s,9.7661762s,15748,1577,0
5.9597131s,1.1547155s,3.7217115s,15753,1577,0
5.7594833s,1.0224582s,3.9235068s,15751,1577,0
5.963097s,1.2967804s,3.722864s,15758,1577,0
6.971543s,1.4525148s,2.7171043s,15755,1577,0
6.2676226s,1.3678336s,3.4225377s,15756,1577,0
6.7802838s,1.173686s,2.9170512s,15760,1577,0
6.632462s,1.0737022s,9.7619158s,15744,1577,0
6.8899931s,1.321037s,2.814738s,15757,1577,0
5.9421419s,1.2254943s,10.4647288s,15741,1577,0
6.0965345s,1.2958658s,3.6219776s,15752,1577,0
6.0487172s,1.1774584s,10.3695617s,15742,1577,0
6.0180447s,1.1084957s,9.7642558s,15768,1579,0
6.4520632s,1.1736971s,2.6175477s,15771,1579,0
6.4257237s,1.3245256s,9.35923s,15763,1579,0
6.1525618s,1.1015309s,2.9202664s,15772,1579,0
6.6332569s,1.2983515s,9.158418s,15766,1579,0
5.8259121s,1.1442298s,9.9657628s,15767,1579,0
5.728661s,1.1025759s,10.067703s,15770,1579,0
6.370406s,1.2056959s,2.7144948s,15779,1579,0
5.7440584s,1.0869707s,10.0624411s,15765,1579,0
6.6878837s,1.3582845s,2.4138441s,15775,1579,0
6.2897752s,1.0429683s,2.8172642s,15777,1579,0
6.9947566s,1.2206567s,2.1146856s,15780,1579,0
6.0640936s,1.2826657s,9.7606914s,15761,1579,0
6.0061365s,1.2562977s,3.1188313s,15776,1579,0
5.980664s,1.1935278s,9.8639121s,15762,1579,0
6.7297585s,1.4136335s,2.4149054s,15773,1579,0
6.6317544s,1.0038919s,2.5164392s,15774,1579,0
6.3308552s,1.4419648s,2.819406s,15778,1579,0
6.7153428s,1.438511s,9.1544884s,15764,1579,0
6.313032s,1.368805s,9.5567992s,15769,1579,0
6.0691036s,1.0794246s,9.0576626s,15785,1581,0
6.913084s,1.2747102s,1.3081557s,15795,1581,0
6.0103747s,1.1481447s,2.2136713s,15797,1581,0
5.6102978s,1.0027427s,2.617264s,15798,1581,0
6.575271s,1.1584471s,8.5597304s,15782,1581,0
6.22654s,1.3375873s,2.0132041s,15793,1581,0
6.1294196s,1.0287957s,2.1152345s,15799,1581,0
6.6049444s,1.3675853s,8.5515844s,15788,1581,0
6.9067947s,1.0367455s,8.2497341s,15790,1581,0
6.6144347s,1.2940948s,8.5562784s,15787,1581,0
6.4152125s,1.1692179s,8.7563403s,15784,1581,0
5.5498687s,1.2197545s,2.7186216s,15791,1581,0
6.7733573s,1.4359699s,1.5110609s,15796,1581,0
6.2734651s,1.3184431s,2.0132464s,15794,1581,0
6.3763888s,1.0463024s,1.9130211s,15792,1581,0
6.6893878s,1.2330223s,1.6074221s,15800,1581,0
6.446542s,1.0185927s,8.7577075s,15786,1581,0
5.8493997s,1.1157648s,9.3611946s,15781,1581,0
6.5587855s,1.1114377s,8.6553524s,15789,1581,0
6.1508388s,1.1819607s,9.0632991s,15783,1581,0
6.272905s,1.1235913s,302.0574ms,15813,1582,0
6.3031648s,1.3081557s,7.1487029s,15809,1582,0
6.5781735s,1.0655483s,0s,15816,1582,0
6.5097422s,1.2354832s,6.9435133s,15810,1582,0
6.4165654s,1.1228647s,7.0471722s,15808,1582,0
6.0880397s,1.1129584s,503.1035ms,15811,1582,0
5.8406003s,1.1783913s,7.6483209s,15804,1582,0
6.4138875s,1.3179167s,201.8008ms,15817,1582,0
6.6197147s,1.3758269s,0s,15812,1582,0
5.9552447s,1.0499322s,7.5465315s,15807,1582,0
6.1569864s,1.1368634s,7.3516781s,15805,1582,0
6.6667724s,1.4574006s,6.8442444s,15806,1582,0
6.8736942s,1.2941881s,6.644492s,15803,1582,0
6.4737243s,1.1997863s,7.0489547s,15802,1582,0
6.0789203s,1.2509464s,7.4487285s,15801,1582,0
6.3551283s,1.0201135s,301.5703ms,15818,1582,0
6.7051167s,1.2319716s,0s,15819,1582,0
6.9845162s,1.2011068s,0s,15820,1582,0
6.4859566s,1.3165246s,4.9304154s,15823,1584,0
6.2985895s,1.0971609s,5.1297519s,15821,1584,0
6.2042078s,1.1695639s,5.2339625s,15826,1584,0
6.2141261s,1.0814577s,5.2352925s,15824,1584,0
5.6166638s,1.1213648s,5.8348164s,15827,1584,0
6.3270864s,1.2827556s,5.1368482s,15828,1584,0
6.2284457s,1.3075946s,5.2354889s,15825,1584,0
6.5344438s,1.0971609s,4.9294908s,15822,1584,0
7.2155119s,1.4407375s,11.4745401s,15814,1584,0
7.2174955s,1.4857404s,11.4725565s,15815,1584,0
5.6397647s,1.1636675s,5.8391994s,15830,1584,0
6.3625783s,1.2039791s,5.1317163s,15829,1584,0
6.0119516s,1.4379317s,3.7243097s,15850,1586,0
6.0177143s,1.1168911s,3.7239522s,15849,1586,0
6.1964783s,1.2493884s,10.3645857s,15840,1586,0
6.5015433s,1.2600594s,10.0631849s,15832,1586,0
6.6351234s,1.109406s,3.1167612s,15848,1586,0
6.6388799s,1.2826807s,3.1189158s,15845,1586,0
6.4401729s,1.0244625s,3.3224745s,15844,1586,0
6.817571s,1.2284993s,9.7660529s,15838,1586,0
6.0177451s,1.4588611s,10.5691294s,15833,1586,0
5.448267s,1.055795s,4.3290847s,15841,1586,0
6.0559584s,1.3868548s,3.7237837s,15843,1586,0
5.826692s,1.2493884s,10.7709694s,15835,1586,0
6.7474239s,1.3090805s,9.8623279s,15836,1586,0
5.8686481s,1.1706937s,3.9260124s,15842,1586,0
6.3708217s,1.374464s,3.4238388s,15846,1586,0
6.4520249s,1.3943s,10.1643824s,15837,1586,0
6.5843129s,1.3153344s,3.2192331s,15847,1586,0
6.7634227s,1.4294436s,9.8664389s,15839,1586,0
6.0589978s,1.0996942s,10.5708638s,15831,1586,0
5.6596626s,1.1131594s,10.9760415s,15834,1586,0
6.0511269s,1.3335173s,2.5135036s,15865,1588,0
7.2591784s,1.4083184s,1.3089176s,15869,1588,0
6.3600437s,1.1997709s,2.2117819s,15863,1588,0
6.7619599s,1.4044767s,1.8098657s,15867,1588,0
6.2629734s,1.3323844s,2.3183563s,15864,1588,0
5.3650458s,1.213659s,3.2183811s,15870,1588,0
6.9012224s,1.4736366s,8.6600993s,15852,1588,0
6.9000178s,1.2953221s,8.6613039s,15855,1588,0
6.5845483s,1.2912789s,2.0128555s,15866,1588,0
6.1102696s,1.1982932s,9.4595852s,15859,1588,0
6.7079436s,1.2677054s,1.9130806s,15861,1588,0
6.2459787s,1.3365157s,9.3613608s,15856,1588,0
6.1249885s,1.1098411s,2.5144227s,15862,1588,0
6.2459787s,1.1257547s,9.3613608s,15857,1588,0
6.1506636s,1.3373843s,9.4604582s,15853,1588,0
6.44023s,1.2020922s,2.2145075s,15868,1588,0
6.7690223s,1.3609676s,8.8590369s,15851,1588,0
6.9679283s,1.2953221s,8.6601309s,15860,1588,0
6.3689741s,1.4514355s,9.2590851s,15858,1588,0
6.867839s,1.4107207s,8.7602202s,15854,1588,0
6.2167586s,1.3496752s,1.0087362s,15884,1589,0
6.2922925s,1.0237808s,7.9501238s,15875,1589,0
6.9989203s,1.3342185s,7.243496s,15877,1589,0
7.2348888s,1.2808527s,0s,15881,1589,0
6.5017276s,1.4417721s,7.7479646s,15880,1590,0
6.193894s,1.0516507s,8.0557982s,15872,1590,0
6.9403117s,1.1486227s,302.7563ms,15885,1590,0
6.8407457s,1.1711581s,403.0476ms,15882,1590,0
7.013357s,1.4211942s,7.2456927s,15873,1590,0
6.5470186s,1.4465041s,706.0181ms,15888,1590,0
5.7148004s,1.1655124s,8.5515933s,15874,1590,0
6.0209058s,1.0488078s,8.2557466s,15878,1590,0
6.5655392s,1.4617561s,702.6408ms,15886,1590,0
7.0754218s,1.3754746s,201.7469ms,15890,1590,0
5.9027533s,1.0237562s,1.4077776s,15887,1590,0
6.5711873s,1.3243389s,7.7527006s,15871,1590,0
6.4055452s,1.3785139s,904.9857ms,15889,1590,0
6.3742906s,1.147337s,7.950741s,15876,1590,0
6.5072787s,1.4259681s,804.3959ms,15883,1590,0
6.9877824s,1.4288394s,7.3494894s,15879,1590,0
5.3699975s,1.0834011s,6.141194s,15898,1591,0
6.3831444s,1.0866407s,5.1324769s,15897,1591,0
5.6836248s,1.0866407s,5.8353579s,15891,1591,0
6.9947842s,1.2997459s,4.5273127s,15896,1591,0
6.3093927s,1.4493274s,5.234246s,15895,1591,0
6.8366355s,1.4208599s,4.7304629s,15894,1591,0
6.9440074s,1.2967669s,4.6265009s,15900,1591,0
6.9411269s,1.1365116s,4.6293814s,15893,1591,0
6.5432716s,1.1502775s,5.0331982s,15892,1591,0
6.9517872s,1.3020122s,4.6279714s,15899,1591,0
6.8651579s,1.2897749s,2.7189529s,15913,1593,0
7.1766772s,1.3985472s,2.4140896s,15919,1593,0
6.3923586s,1.3034865s,10.0710219s,15903,1593,0
6.2098902s,1.0915639s,10.2655102s,15901,1593,0
6.6879012s,1.3957823s,2.9171246s,15920,1593,0
6.6891863s,1.168042s,2.9158395s,15911,1593,0
6.5932043s,1.3070396s,3.0170961s,15915,1593,0
6.29198s,1.4118704s,3.3218525s,15918,1593,0
5.4889655s,1.1184474s,4.1282125s,15917,1593,0
6.2244612s,1.3462072s,10.2686167s,15902,1593,0
7.2015157s,1.2943273s,2.4189485s,15914,1593,0
6.4325675s,1.4585726s,10.0698336s,15909,1593,0
6.0067191s,1.0305573s,3.6246278s,15912,1593,0
6.0155222s,1.2246749s,3.6190128s,15916,1593,0
6.8453813s,1.2886833s,9.6617674s,15910,1593,0
6.2622342s,1.2198879s,10.271999s,15904,1593,0
6.8721783s,1.3884758s,9.6620549s,15908,1593,0
6.3637456s,1.1456706s,10.171079s,15905,1593,0
6.7689816s,1.0724328s,9.7652516s,15907,1593,0
5.7716693s,1.0249065s,10.7647359s,15906,1593,0
7.014034s,1.2726403s,7.9482615s,15929,1595,0
6.6453353s,1.2508512s,1.3060423s,15936,1595,0
6.4518637s,1.2004849s,1.5080855s,15934,1595,0
6.6596553s,1.3460546s,1.307067s,15937,1595,0
6.4259469s,1.4788168s,8.5589728s,15922,1595,0
5.8248591s,1.1438258s,9.1643862s,15926,1595,0
6.7777688s,1.4833021s,1.2067144s,15939,1595,0
5.7780018s,1.1737722s,2.2141822s,15938,1595,0
6.2534283s,1.3395019s,8.7596211s,15923,1595,0
5.9884931s,1.0844s,2.0105223s,15932,1595,0
6.7916118s,1.4026023s,1.2074036s,15940,1595,0
6.5926513s,1.4213849s,1.4063641s,15931,1595,0
6.4678487s,1.1920768s,8.556605s,15927,1595,0
5.7687574s,1.0908549s,9.2584025s,15924,1595,0
6.9105166s,1.3542475s,1.1058672s,15933,1595,0
6.078129s,1.1863591s,8.9562109s,15925,1595,0
6.4778181s,1.0795815s,8.5565218s,15928,1595,0
6.1126855s,1.3160289s,1.9076204s,15935,1595,0
6.488767s,1.2580151s,8.556727s,15921,1595,0
5.8899893s,1.1900881s,9.1581464s,15930,1595,0
6.5425471s,1.118382s,7.3442027s,15944,1596,0
6.6431277s,1.3336669s,7.2436221s,15950,1596,0
6.601787s,1.4146568s,0s,15954,1596,0
6.6626388s,1.1272479s,7.2424898s,15943,1596,0
6.20514s,1.2192852s,402.0739ms,15951,1596,0
6.1699671s,1.2023074s,7.7424227s,15945,1596,0
6.5683938s,1.3037597s,7.343996s,15947,1596,0
5.7273616s,1.049284s,906.1098ms,15958,1596,0
6.2350634s,1.2175207s,403.276ms,15960,1596,0
7.2985932s,1.461046s,6.6383394s,15949,1596,0
5.838291s,1.1094985s,805.597ms,15953,1596,0
6.5507548s,1.2635308s,100.6399ms,15955,1596,0
6.9145048s,1.4066296s,7.0407035s,15948,1596,0
6.0551731s,1.0155304s,603.0638ms,15952,1596,0
6.3175223s,1.0562057s,7.6423487s,15942,1596,0
6.8155814s,1.3076172s,7.1442896s,15946,1596,0
6.7191247s,1.4714526s,7.2407463s,15941,1596,0
6.060705s,1.0653776s,601.7372ms,15959,1596,0
6.7612166s,1.360951s,0s,15957,1596,0
6.9180737s,1.2503943s,0s,15956,1596,0
6.1429429s,1.1096423s,5.5347636s,15969,1598,0
6.4482433s,1.007504s,5.2320182s,15964,1598,0
7.2595616s,1.3810429s,4.4286105s,15965,1598,0
6.4605172s,1.4975519s,5.2342024s,15961,1598,0
5.6581868s,1.0172546s,6.0384693s,15966,1598,0
6.3756141s,1.4295897s,5.3291934s,15968,1598,0
6.0678847s,1.2346655s,5.6369228s,15970,1598,0
6.3791244s,1.1783829s,5.3323579s,15963,1598,0
6.3809749s,1.3303625s,5.3331329s,15962,1598,0
6.9872365s,1.1817328s,4.7321445s,15967,1598,0
6.6276135s,1.0476492s,4.1234271s,15985,1600,0
6.5407366s,1.4177119s,4.2248848s,15990,1600,0
7.0750792s,1.3575565s,10.7684186s,15971,1600,0
6.6797898s,1.387597s,11.166071s,15973,1600,0
5.4737762s,1.1016299s,12.3773355s,15978,1600,0
6.3535788s,1.1318534s,4.4224537s,15984,1600,0
6.3872609s,1.0846976s,11.4666822s,15976,1600,0
6.8985994s,1.4933085s,10.9620971s,15980,1600,0
5.7606288s,1.0014674s,5.0297043s,15989,1600,0
6.4978687s,1.3787036s,11.3701925s,15974,1600,0
7.0712372s,1.2887911s,3.7242515s,15982,1600,0
6.4043571s,1.1114329s,11.4710652s,15975,1600,0
6.3797391s,1.0703623s,4.4239347s,15986,1600,0
6.5216898s,1.3899285s,11.3682377s,15977,1600,0
6.7909096s,1.1684908s,4.0239387s,15988,1600,0
6.4223705s,1.0473175s,11.4719093s,15979,1600,0
6.601613s,1.3076689s,4.2261896s,15983,1600,0
6.1017718s,1.2887911s,4.7291267s,15981,1600,0
6.2086539s,1.045308s,4.6291831s,15987,1600,0
6.639746s,1.2935819s,11.2731702s,15972,1600,0
6.4728937s,1.4728031s,9.4580138s,15996,1602,0
6.5060107s,1.2104334s,2.310458s,16004,1602,0
6.9167657s,1.4386578s,1.9081759s,16009,1602,0
6.5188979s,1.4404825s,2.3124267s,16010,1602,0
6.0339569s,1.4806735s,2.8140905s,16003,1602,0
7.1195214s,1.4204437s,8.8509891s,15992,1602,0
5.7146182s,1.2720558s,10.258895s,16000,1602,0
6.1181657s,1.3051252s,9.8587294s,15995,1602,0
6.0449998s,1.4846045s,2.8123739s,16006,1602,0
6.7357272s,1.1698906s,9.2520601s,15998,1602,0
5.6558316s,1.0476682s,3.2175507s,16008,1602,0
6.165365s,1.2215544s,2.7123312s,16005,1602,0
5.9667994s,1.126479s,2.9159377s,16007,1602,0
6.0468022s,1.0436555s,9.9606745s,15999,1602,0
7.0568261s,1.3768006s,8.9506506s,15993,1602,0
5.8548482s,1.1949256s,10.156339s,15994,1602,0
5.9866686s,1.39955s,2.913773s,16001,1602,0
5.9664756s,1.3972237s,10.0595533s,15997,1602,0
6.3935958s,1.0835135s,2.5129117s,16002,1602,0
6.7653785s,1.3565835s,9.2606504s,15991,1602,0
6.669556s,1.2819185s,6.5429918s,16017,1603,0
6.2769596s,1.3499103s,100.7381ms,16023,1603,0
6.1919704s,1.1994943s,7.0434031s,16015,1603,0
6.4983441s,1.4782518s,6.7434024s,16012,1603,0
5.7059787s,1.1506657s,7.5409084s,16013,1603,0
6.3094564s,1.357168s,6.9374307s,16018,1603,0
6.2094169s,1.1434867s,201.9852ms,16024,1603,0
6.4197623s,1.2853556s,0s,16021,1603,0
6.4213926s,1.3447904s,0s,16022,1603,0
6.6388771s,1.3863928s,6.6381273s,16020,1603,0
6.8468927s,1.3942381s,6.4384304s,16014,1603,0
5.9423371s,1.3803209s,7.342986s,16016,1603,0
6.84851s,1.3084421s,6.4398374s,16019,1603,0
6.1480898s,1.0125155s,301.9933ms,16029,1603,0
6.7631771s,1.1287444s,6.5425186s,16011,1603,0
6.6356519s,1.2276265s,0s,16028,1603,0
6.8485427s,1.4236726s,0s,16030,1603,0
6.4836528s,1.4005852s,4.8236706s,16038,1605,0
6.6960679s,1.3758539s,4.6253011s,16034,1605,0
6.9530878s,1.2605641s,11.3667007s,16026,1605,0
6.6097098s,1.2873797s,4.7241015s,16032,1605,0
6.9714311s,1.3695533s,11.3654124s,16025,1605,0
6.0277676s,1.4118103s,5.3255502s,16040,1605,0
6.2296159s,1.1853304s,5.128049s,16036,1605,0
6.9980997s,1.2937071s,11.3661645s,16027,1605,0
6.4557831s,1.2301686s,4.9258013s,16039,1605,0
6.7601067s,1.2594825s,4.6214777s,16031,1605,0
6.2586508s,1.3594376s,5.1276847s,16035,1605,0
6.3594822s,1.0375548s,5.0268533s,16037,1605,0
6.565058s,1.2606484s,4.8227699s,16033,1605,0
6.4343433s,1.2943031s,11.5627426s,16046,1607,0
6.2287763s,1.1204606s,11.7683096s,16043,1607,0
6.0129303s,1.0542506s,5.1344378s,16059,1607,0
5.743683s,1.1136503s,12.2703521s,16042,1607,0
6.1467001s,1.0782843s,11.867335s,16049,1607,0
6.2289623s,1.2556411s,4.9254002s,16055,1607,0
6.3572932s,1.1786438s,11.6603566s,16044,1607,0
6.7621392s,1.4975215s,11.2558909s,16041,1607,0
6.8628511s,1.1765398s,11.1547987s,16045,1607,0
6.3314682s,1.3082347s,4.8318965s,16060,1607,0
6.8520782s,1.1123417s,4.3220657s,16058,1607,0
6.7776468s,1.2267018s,11.2648444s,16050,1607,0
6.7617134s,1.2276482s,4.4255242s,16052,1607,0
6.2603884s,1.3556004s,4.9304738s,16056,1607,0
6.2883305s,1.2120339s,11.7680015s,16048,1607,0
6.8705822s,1.3093305s,4.3231574s,16054,1607,0
5.9645174s,1.1604075s,5.2292222s,16057,1607,0
5.3620386s,1.124198s,5.8407423s,16053,1607,0
5.5999132s,1.0753499s,12.4746753s,16047,1607,0
6.3916464s,1.0145672s,4.8289969s,16051,1607,0
6.5383492s,1.4300671s,10.4557392s,16069,1609,0
6.8395882s,1.4994398s,10.1545002s,16067,1609,0
6.257284s,1.3525362s,3.7226095s,16078,1609,0
5.7589642s,1.0278882s,4.2241531s,16075,1609,0
5.9492649s,1.1417959s,11.0648855s,16063,1609,0
6.1678817s,1.3796535s,3.8238716s,16079,1609,0
6.1535256s,1.1090011s,10.8690299s,16068,1609,0
6.3815746s,1.2630242s,3.6207033s,16074,1609,0
6.2645147s,1.1153403s,10.7607925s,16066,1609,0
6.2823353s,1.2287222s,3.7205748s,16072,1609,0
6.3782886s,1.4512562s,10.6605687s,16070,1609,0
6.8884867s,1.3202495s,10.1643923s,16062,1609,0
7.1157694s,1.4346318s,2.9173915s,16080,1609,0
6.0108018s,1.1993555s,4.0246689s,16077,1609,0
6.6240279s,1.3157316s,3.4222344s,16071,1609,0
6.3234752s,1.2266584s,3.7239831s,16073,1609,0
6.6061212s,1.4925053s,10.4652863s,16065,1609,0
6.7148604s,1.4994398s,10.3584724s,16061,1609,0
7.0218041s,1.1524645s,10.0515287s,16064,1609,0
6.5319715s,1.2956183s,3.5208286s,16076,1609,0
5.8352035s,1.09559s,9.5466866s,16089,1611,0
5.5764552s,1.1762578s,2.8126476s,16097,1611,0
6.7880315s,1.310224s,1.6071475s,16098,1611,0
7.1993918s,1.4471481s,1.2047382s,16099,1611,0
6.7078354s,1.0494769s,1.7057463s,16093,1611,0
6.7125468s,1.4314983s,1.7083131s,16091,1611,0
6.5115197s,1.1238603s,1.9093402s,16100,1611,0
6.5115197s,1.2525223s,1.9096574s,16095,1611,0
5.8825651s,1.0634385s,9.5460474s,16087,1611,0
6.1818305s,1.4589246s,9.246782s,16090,1611,0
5.6165072s,1.1635064s,2.8116278s,16092,1611,0
6.2884982s,1.4557055s,9.1401143s,16085,1611,0
6.7210693s,1.0663625s,1.7070657s,16094,1611,0
7.0004775s,1.4695303s,8.442964s,16083,1611,0
6.3445345s,1.2615845s,2.1077667s,16096,1611,0
6.714799s,1.3587512s,8.7435651s,16084,1611,0
6.2160699s,1.3857711s,9.2489084s,16086,1611,0
6.5261618s,1.2904441s,8.9425744s,16088,1611,0
6.4297658s,1.37953s,9.0432074s,16082,1611,0
6.936878s,1.428801s,8.5408744s,16081,1611,0
6.2226289s,1.385358s,1.4065859s,16115,1613,0
6.4270097s,1.2424737s,1.2067129s,16113,1613,0
7.0455828s,1.4633681s,7.6409841s,16103,1613,0
6.2450548s,1.4477453s,8.4432005s,16110,1613,0
6.5615788s,1.3905038s,8.1410147s,16106,1613,0
6.1576256s,1.1297539s,1.5067539s,16111,1613,0
6.9654254s,1.4954279s,703.7024ms,16120,1613,0
5.8709871s,1.1268099s,8.8441246s,16101,1613,0
7.1682207s,1.3736599s,502.3663ms,16112,1613,0
5.8743946s,1.4705731s,8.8473327s,16102,1613,0
6.2783724s,1.3016131s,8.4433549s,16105,1613,0
6.276624s,1.016535s,8.4451033s,16108,1613,0
5.8734138s,1.2594165s,1.8095136s,16118,1613,0
6.8840674s,1.3466083s,803.9941ms,16119,1613,0
6.0864989s,1.3394486s,8.6475465s,16109,1613,0
5.9976874s,1.0237455s,8.7455329s,16107,1613,0
6.6091929s,1.3084029s,8.1412338s,16104,1613,0
6.5128384s,1.0792536s,1.2063612s,16117,1613,0
6.4186206s,1.2872146s,1.3057089s,16114,1613,0
6.318521s,1.0185302s,1.4058085s,16116,1613,0
5.9626833s,1.3574968s,6.5316899s,16125,1614,0
6.2632309s,1.2953291s,6.2311423s,16124,1614,0
6.760607s,1.4827611s,5.7337662s,16122,1614,0
5.7456768s,1.0957446s,0s,16138,1614,0
6.5812591s,1.1464123s,5.9305619s,16128,1614,0
5.5514242s,1.1913985s,201.3595ms,16140,1614,0
6.0790608s,1.1652936s,6.4382625s,16126,1614,0
6.1880394s,1.4486397s,6.3344879s,16121,1614,0
6.296013s,1.0993788s,6.2359442s,16127,1614,0
6.6150315s,1.4434296s,5.9378313s,16130,1614,0
6.7129923s,1.2963388s,5.8398705s,16123,1614,0
6.2328703s,1.3186736s,6.335438s,16129,1614,0
6.3130836s,1.4219843s,12.6791627s,16139,1616,0
6.4221118s,1.4546336s,12.5763234s,16134,1616,0
6.4923576s,1.1667126s,5.6333819s,16149,1616,0
6.7573404s,1.4105178s,12.2761448s,16135,1616,0
6.8646477s,1.3163391s,12.1714139s,16137,1616,0
6.5342203s,1.1843138s,5.6291456s,16150,1616,0
5.830788s,1.1124005s,6.3325779s,16144,1616,0
6.2332905s,1.465369s,5.9338197s,16142,1616,0
6.2385894s,1.2115348s,5.9319013s,16141,1616,0
6.7419298s,1.3784625s,5.4285609s,16143,1616,0
6.2401382s,1.2014904s,5.934162s,16146,1616,0
6.8726957s,1.3988575s,12.1782287s,16131,1616,0
7.1511129s,1.3704471s,5.0305496s,16147,1616,0
6.6545891s,1.439545s,5.5288013s,16145,1616,0
5.9490151s,1.0445794s,6.2343753s,16148,1616,0
6.4861257s,1.157402s,12.5699604s,16133,1616,0
6.3928463s,1.2325464s,12.6743737s,16136,1616,0
6.2935011s,1.0962705s,12.7788708s,16132,1616,0
6.2661086s,1.1787733s,5.6341729s,16168,1618,0
6.6013557s,1.312692s,11.9682905s,16159,1618,0
6.6745674s,1.4136147s,5.2298706s,16169,1618,0
5.9764385s,1.2144699s,5.9308648s,16166,1618,0
6.3042781s,1.0126078s,12.2728736s,16154,1618,0
6.687529s,1.0905208s,5.2301385s,16165,1618,0
6.4151792s,1.3902868s,12.1768941s,16151,1618,0
6.228423s,1.4331789s,12.3744222s,16160,1618,0
6.2336174s,1.2213673s,12.3692278s,16153,1618,0
6.8091342s,1.4376019s,5.1285028s,16164,1618,0
6.2365738s,1.1070907s,12.374631s,16155,1618,0
6.4431888s,1.4576629s,12.1693742s,16152,1618,0
6.2194586s,1.2875101s,5.7341123s,16162,1618,0
6.8293918s,1.2506155s,5.1295716s,16161,1618,0
6.6579782s,1.1755687s,11.9661934s,16157,1618,0
6.5350488s,1.1787733s,5.4345202s,16170,1618,0
5.8543624s,1.405379s,12.7804148s,16156,1618,0
6.6426486s,1.4720728s,5.3312627s,16167,1618,0
6.9404658s,1.2375404s,5.0334455s,16163,1618,0
6.6652082s,1.3963542s,11.9739113s,16158,1618,0
6.599487s,1.3452306s,4.6272602s,16183,1620,0
6.5357583s,1.1293469s,11.7743084s,16177,1620,0
6.7424869s,1.3942786s,11.5675798s,16171,1620,0
7.1117729s,1.4875188s,4.124173s,16184,1620,0
5.8116541s,1.0165691s,5.4290794s,16189,1620,0
6.0154385s,1.2686255s,5.2309379s,16185,1620,0
6.4651409s,1.1890931s,11.8676921s,16176,1620,0
6.3217696s,1.278749s,4.9277439s,16181,1620,0
6.3631908s,1.0232994s,11.9696422s,16178,1620,0
6.8668364s,1.2177824s,11.4659966s,16173,1620,0
6.7386222s,1.2364064s,4.524162s,16190,1620,0
6.8755064s,1.1387481s,11.4705973s,16172,1620,0
6.2761885s,1.4584417s,12.0699152s,16175,1620,0
6.2794671s,1.4282356s,12.0747005s,16180,1620,0
7.0833195s,1.2577706s,11.2708481s,16174,1620,0
6.7467318s,1.2425473s,4.5281052s,16182,1620,0
5.7417533s,1.0432403s,5.5330837s,16186,1620,0
6.2010345s,1.4394711s,12.1711477s,16179,1620,0
6.2635023s,1.0732076s,5.0253604s,16188,1620,0
6.8880706s,1.2461021s,4.4289344s,16187,1620,0
7.2146539s,1.4287592s,8.5529058s,16194,1622,0
6.1743625s,1.3065422s,2.3120538s,16209,1622,0
6.007389s,1.0673458s,9.7601707s,16195,1622,0
6.6217616s,1.4956365s,9.1536709s,16200,1622,0
6.8958456s,1.3933657s,1.6080648s,16208,1622,0
5.6284514s,1.0014786s,10.1592093s,16198,1622,0
6.4372404s,1.0247145s,9.3573716s,16193,1622,0
6.0009086s,1.2770472s,2.51256s,16203,1622,0
6.8058467s,1.4217025s,1.7098302s,16210,1622,0
6.5434655s,1.125505s,9.2553933s,16196,1622,0
6.4456072s,1.3983299s,9.3532516s,16197,1622,0
6.6136292s,1.2872393s,1.9104023s,16204,1622,0
6.045817s,1.2061146s,9.7610441s,16192,1622,0
5.9184298s,1.0134315s,2.6156389s,16207,1622,0
6.8664059s,1.3996634s,8.9511504s,16199,1622,0
6.4320458s,1.3444483s,2.1122739s,16202,1622,0
5.9386031s,1.0190106s,2.6132699s,16201,1622,0
7.28006s,1.4359204s,8.5529564s,16191,1622,0
6.5482984s,1.1393166s,2.0100982s,16205,1622,0
6.2520379s,1.3173926s,2.3139294s,16206,1622,0
6.1957105s,1.2005819s,8.4507291s,16219,1624,0
6.1177914s,1.0416557s,1.8096853s,16225,1624,0
6.5203537s,1.3425803s,8.1487192s,16215,1624,0
6.6240215s,1.3575444s,8.0450514s,16213,1624,0
6.72594s,1.3137368s,7.9476861s,16212,1624,0
5.928661s,1.0546169s,8.7487918s,16216,1624,0
6.5457391s,1.4324924s,1.407775s,16221,1624,0
6.5491381s,1.3003543s,1.4077741s,16227,1624,0
7.1525584s,1.2903567s,804.3538ms,16223,1624,0
6.2417397s,1.1511341s,8.4510435s,16217,1624,0
6.4683115s,1.3323871s,1.5093484s,16228,1624,0
6.3706149s,1.3614376s,1.6117821s,16222,1624,0
6.674869s,1.4293632s,8.0416972s,16220,1624,0
5.7824476s,1.2448043s,2.2119593s,16230,1624,0
5.8882027s,1.0286089s,2.1097356s,16224,1624,0
6.4793816s,1.3414513s,8.2444967s,16218,1624,0
5.9717938s,1.2515079s,8.7520845s,16214,1624,0
5.8916701s,1.3060672s,2.1145056s,16226,1624,0
5.8827821s,1.0207742s,8.8506765s,16211,1624,0
6.4005469s,1.3804927s,1.6106658s,16229,1624,0
6.0087642s,1.2176361s,6.8384678s,16235,1625,0
6.5159739s,1.3047026s,6.3312581s,16238,1625,0
6.5146229s,1.0644386s,6.3326091s,16234,1625,0
6.1181304s,1.2559424s,6.7305724s,16231,1625,0
6.9207699s,1.474508s,5.9279329s,16240,1625,0
6.633722s,1.295704s,6.232719s,16237,1625,0
5.7337338s,1.01446s,7.1375621s,16236,1625,0
6.448029s,1.4964795s,6.4333313s,16239,1625,0
6.5465207s,1.4695784s,6.3348396s,16233,1625,0
5.3664879s,1.3484973s,603.5457ms,16250,1625,0
6.2574321s,1.1739186s,6.6351005s,16232,1625,0
6.2532416s,1.115835s,0s,16243,1625,0
6.2955601s,1.2098144s,0s,16244,1625,0
6.7907191s,1.4913533s,12.6771344s,16248,1627,0
6.7907191s,1.4494722s,12.6771344s,16247,1627,0
6.8098673s,1.3833177s,12.678933s,16241,1627,0
7.0057043s,1.359815s,12.483096s,16245,1627,0
7.0499919s,1.4683307s,5.4355506s,16254,1627,0
6.4474324s,1.3732491s,6.0381101s,16258,1627,0
6.3511626s,1.1682406s,6.1395632s,16251,1627,0
6.7560233s,1.4442551s,5.7394264s,16253,1627,0
6.8586562s,1.4936044s,5.6367935s,16257,1627,0
6.4274795s,1.1456374s,13.0818601s,16246,1627,0
6.943837s,1.1075759s,12.5757903s,16242,1627,0
6.4740702s,1.3812656s,6.0398528s,16256,1627,0
6.6492838s,1.2676582s,12.8754994s,16249,1627,0
6.5852428s,1.3561952s,5.9338361s,16260,1627,0
6.2893313s,1.1585214s,6.2361006s,16252,1627,0
6.592038s,1.3043407s,5.9333939s,16255,1627,0
6.4019954s,1.3495542s,6.1324789s,16259,1627,0
5.8012394s,1.0173484s,0s,16262,1627,0
5.8909494s,1.3170445s,0s,16269,1627,0
6.4796918s,1.0645091s,5.3302517s,16273,1629,0
6.0950143s,1.4074567s,12.6767179s,16265,1629,0
6.0921182s,1.0825416s,12.679614s,16268,1629,0
6.2787191s,1.3742952s,5.5323347s,16271,1629,0
6.3010734s,1.2222475s,12.4747465s,16264,1629,0
6.4859819s,1.1705839s,5.3324786s,16278,1629,0
6.0054079s,1.2565474s,12.7778728s,16266,1629,0
6.6099019s,1.0786101s,12.1733788s,16267,1629,0
6.6983842s,1.3806548s,5.1326739s,16277,1629,0
6.1003218s,1.1550379s,5.7327271s,16274,1629,0
6.4992267s,1.1092839s,5.3338222s,16275,1629,0
6.1360574s,1.4740153s,12.6723165s,16261,1629,0
5.3175299s,1.3825313s,6.5420652s,16279,1629,0
5.8322473s,1.182284s,6.0371252s,16272,1629,0
6.4325335s,1.0178421s,5.436839s,16280,1629,0
6.9617887s,1.4655984s,11.8749412s,16263,1629,0
5.9700726s,1.0344458s,12.8749155s,16270,1629,0
7.0574304s,1.4814874s,4.8301772s,16276,1629,0
6.7456875s,1.1404622s,2.6128635s,16297,1631,0
6.2219088s,1.098361s,10.1601366s,16290,1631,0
6.3233464s,1.3403193s,10.0595037s,16288,1631,0
5.6502881s,1.2114105s,3.7237178s,16299,1631,0
6.2353527s,1.3893716s,10.1613079s,16284,1631,0
6.7762202s,1.3279384s,2.6143244s,16294,1631,0
6.4766865s,1.4971832s,2.91608s,16291,1631,0
6.4826033s,1.093663s,2.9150589s,16293,1631,0
6.484006s,1.3369033s,2.91688s,16300,1631,0
5.9841299s,1.477739s,3.4187732s,16298,1631,0
6.1641475s,1.0155825s,10.2613237s,16282,1631,0
6.5075727s,1.2129816s,2.9150024s,16292,1631,0
5.8725544s,1.3226979s,10.5650405s,16287,1631,0
6.0921408s,1.0717929s,10.358795s,16286,1631,0
6.2208952s,1.4686686s,3.2182884s,16295,1631,0
6.8273432s,1.280484s,2.6156612s,16296,1631,0
6.2991151s,1.077641s,10.1625947s,16283,1631,0
6.6033164s,1.3517483s,9.8583934s,16281,1631,0
6.3062418s,1.4665846s,10.1614669s,16289,1631,0
7.0150198s,1.4182912s,9.4526889s,16285,1631,0
6.1346901s,1.252499s,2.0140322s,16316,1633,0
6.6380756s,1.4955857s,8.1490485s,16305,1633,0
6.340628s,1.2613648s,8.4508528s,16306,1633,0
5.4482087s,1.1353615s,2.7194494s,16319,1633,0
6.4518816s,1.4460421s,8.3541783s,16304,1633,0
6.2535761s,1.1016013s,8.5524838s,16301,1633,0
6.5517179s,1.4373282s,8.254342s,16309,1633,0
5.7520685s,1.1304881s,9.0572952s,16308,1633,0
6.471811s,1.2296329s,1.7110008s,16320,1633,0
6.4673866s,1.1452333s,8.353827s,16307,1633,0
5.9719438s,1.0590042s,2.210868s,16314,1633,0
5.9802823s,1.2214595s,8.8491491s,16310,1633,0
5.7792013s,1.080569s,9.0502301s,16302,1633,0
6.280489s,1.4740242s,1.9105406s,16312,1633,0
6.3037099s,1.0380737s,8.546239s,16303,1633,0
6.8103982s,1.0590042s,1.4095495s,16315,1633,0
6.5207333s,1.3355644s,1.7099638s,16313,1633,0
6.7204514s,1.130674s,1.5102457s,16318,1633,0
6.2197024s,1.1546244s,2.0132787s,16317,1633,0
6.5341041s,1.4458235s,1.7113005s,16311,1633,0
6.4627974s,1.1957074s,7.645558s,16327,1635,0
6.59037s,1.0324632s,603.293ms,16339,1635,0
6.5915331s,1.4432791s,604.0653ms,16332,1635,0
5.9888353s,1.2772795s,1.2067631s,16335,1635,0
6.8992404s,1.1360297s,301.8288ms,16333,1635,0
6.2945983s,1.4127696s,906.4709ms,16331,1635,0
6.4802707s,1.1157774s,7.6517123s,16322,1635,0
6.7891241s,1.212377s,7.3464685s,16326,1635,0
6.3138941s,1.4227405s,906.4611ms,16338,1635,0
6.9026582s,1.3733425s,7.2380871s,16324,1635,0
5.8211091s,1.1097101s,1.407118s,16337,1635,0
7.0267912s,1.3859927s,201.4359ms,16340,1635,0
6.9178924s,1.3854409s,7.241798s,16325,1635,0
6.4265773s,1.0827159s,7.7425192s,16330,1635,0
6.3526873s,1.1455608s,904.1074ms,16334,1635,0
6.2313469s,1.2245472s,7.9433402s,16329,1635,0
6.6409273s,1.0213526s,7.548032s,16323,1635,0
5.841995s,1.1745925s,8.3484816s,16321,1635,0
6.552483s,1.055118s,7.6445486s,16328,1635,0
5.7683782s,1.3104841s,1.510761s,16336,1635,0
5.8045903s,1.0976341s,502.2861ms,16352,1636,0
6.0124227s,1.0867945s,302.2791ms,16357,1636,0
5.716664s,1.1697907s,602.7738ms,16356,1636,0
6.2191136s,1.39069s,100.3242ms,16355,1636,0
5.5162181s,1.0364596s,805.2499ms,16360,1636,0
5.9862585s,1.1427767s,7.143999s,16345,1636,0
6.7987202s,1.4167136s,6.3379435s,16350,1636,0
6.5973901s,1.2626578s,6.5392736s,16343,1636,0
6.4003686s,1.2780224s,6.744111s,16346,1636,0
6.3085182s,1.4595697s,6.8412421s,16341,1636,0
6.7149266s,1.0657768s,6.4417013s,16342,1636,0
6.0135826s,1.0708153s,7.1441897s,16347,1636,0
6.3200374s,1.2554956s,6.8377349s,16348,1636,0
6.7217114s,1.3254224s,6.4360609s,16349,1636,0
6.1280094s,1.4676849s,7.0420204s,16344,1636,0
6.0857066s,1.1276928s,302.5146ms,16354,1636,0
6.1968614s,1.3225989s,200.9185ms,16359,1636,0
6.5041865s,1.1988206s,0s,16351,1636,0
6.5496614s,1.4454604s,0s,16358,1636,0
6.6319865s,1.3955668s,0s,16353,1636,0
5.6329026s,1.0632943s,7.0420144s,16369,1638,0
6.7319463s,1.0210042s,5.9429707s,16364,1638,0
6.4381515s,1.2747621s,6.2385696s,16366,1638,0
6.5449753s,1.0238499s,6.1365529s,16370,1638,0
6.2537256s,1.0069607s,6.4396913s,16368,1638,0
6.0666124s,1.0036134s,6.6362699s,16363,1638,0
5.9714238s,1.1666633s,0s,16376,1638,0
5.5866532s,1.3254743s,402.153ms,16377,1638,0
6.4839599s,1.442389s,6.2388399s,16362,1638,0
6.1916094s,1.4504521s,6.544745s,16365,1638,0
6.5170021s,1.499582s,6.2416125s,16367,1638,0
6.7287349s,1.4031239s,6.0330271s,16361,1638,0
5.9358741s,1.2058173s,100.8283ms,16374,1638,0
6.0964611s,1.0003001s,0s,16375,1638,0
6.2745001s,1.0443979s,0s,16371,1638,0
7.0442653s,1.3386592s,5.7311393s,16387,1640,0
6.638925s,1.183485s,6.1364796s,16384,1640,0
6.8050307s,1.3285131s,12.7754046s,16372,1640,0
6.7459516s,1.3529771s,6.0353471s,16388,1640,0
6.6160229s,1.0246579s,12.9812987s,16373,1640,0
5.9589382s,1.3757659s,6.8414993s,16383,1640,0
7.2826482s,1.3757659s,5.5329666s,16390,1640,0
5.6747193s,1.1037578s,7.1442604s,16382,1640,0
5.7960566s,1.1864714s,7.0382898s,16386,1640,0
7.1024436s,1.4797587s,5.7354884s,16389,1640,0
6.4670099s,1.3339361s,13.1773916s,16378,1640,0
7.007115s,1.2642864s,5.8322558s,16385,1640,0
5.9043602s,1.0815317s,6.9421244s,16381,1640,0
6.4859099s,1.2237507s,13.1822303s,16380,1640,0
6.6008564s,1.4753504s,13.0737779s,16379,1640,0
5.7294872s,1.1225166s,0s,16399,1640,0
5.7408684s,1.3533349s,0s,16398,1640,0
6.6707967s,1.3600519s,4.6280125s,16403,1642,0
6.870363s,1.1435763s,4.4284462s,16410,1642,0
6.1795164s,1.299639s,5.1316263s,16402,1642,0
6.2336438s,1.0590231s,12.0703649s,16395,1642,0
6.56667s,1.2546368s,11.7698703s,16400,1642,0
6.8229656s,1.4353326s,4.5244176s,16407,1642,0
6.4191445s,1.2405619s,4.9282387s,16404,1642,0
6.2227758s,1.0114956s,5.1292142s,16406,1642,0
6.5807496s,1.1477724s,11.7686467s,16391,1642,0
6.9346462s,1.4705146s,4.4284057s,16401,1642,0
6.9903601s,1.3856012s,11.3640984s,16394,1642,0
6.2395589s,1.0395141s,5.1319995s,16408,1642,0
6.4459445s,1.3737402s,4.9271755s,16405,1642,0
5.5390903s,1.1125515s,5.8340297s,16409,1642,0
6.5031017s,1.3280295s,11.8657421s,16393,1642,0
6.6026469s,1.1327073s,11.7661969s,16397,1642,0
6.9026412s,1.2707444s,11.466577s,16392,1642,0
6.0138719s,1.0746902s,12.36948s,16396,1642,0
6.1777054s,1.3737886s,11.6657743s,16412,1644,0
6.474093s,1.3969112s,11.3693867s,16416,1644,0
5.9812021s,1.2506572s,11.8752682s,16411,1644,0
6.1919453s,1.1072922s,11.6745514s,16419,1644,0
6.3856671s,1.4404067s,4.4252729s,16426,1644,0
6.6976982s,1.4330462s,4.1261215s,16422,1644,0
6.5012468s,1.3233135s,4.3225729s,16429,1644,0
6.2137752s,1.2196433s,11.6733958s,16414,1644,0
6.3002721s,1.1129033s,4.5266402s,16421,1644,0
5.8182769s,1.0564508s,12.0719867s,16415,1644,0
6.9064715s,1.1814107s,3.9246194s,16424,1644,0
5.7269198s,1.0256312s,12.1714824s,16418,1644,0
6.1108212s,1.1988984s,4.7301012s,16427,1644,0
6.519767s,1.2048131s,4.3233771s,16423,1644,0
6.3176385s,1.0548611s,4.5255056s,16428,1644,0
5.9144474s,1.1407312s,4.9286967s,16430,1644,0
6.1445409s,1.1464825s,11.7717955s,16417,1644,0
6.5317824s,1.1846437s,4.3212027s,16425,1644,0
6.6514319s,1.4435492s,11.2696499s,16413,1644,0
7.062908s,1.1703714s,10.8696964s,16420,1644,0
6.7462219s,1.1375709s,3.5228726s,16443,1646,0
6.7800723s,1.1862017s,10.2690945s,16437,1646,0
5.9818574s,1.1398635s,11.0673094s,16434,1646,0
6.5513908s,1.1646738s,3.7209987s,16450,1646,0
6.8539086s,1.2397398s,3.4184809s,16446,1646,0
6.0926668s,1.4309167s,10.9688264s,16438,1646,0
5.8037446s,1.2967676s,11.2677466s,16439,1646,0
6.6149851s,1.1024881s,10.4609237s,16432,1646,0
6.4867147s,1.1766816s,3.8215511s,16444,1646,0
6.183609s,1.0557548s,4.1246568s,16441,1646,0
6.4987793s,1.3333801s,3.8275944s,16448,1646,0
5.5349237s,1.0849232s,11.5720912s,16440,1646,0
6.1032196s,1.2744785s,4.223723s,16449,1646,0
6.4448339s,1.48592s,10.6681543s,16435,1646,0
7.0225658s,1.3943115s,3.3207563s,16445,1646,0
6.4216716s,1.1115248s,3.9216505s,16442,1646,0
5.9226465s,1.0378706s,4.4279034s,16447,1646,0
6.771529s,1.2435235s,10.3662979s,16431,1646,0
6.1674471s,1.4525656s,10.9703798s,16436,1646,0
5.7659447s,1.0828178s,11.3718822s,16433,1646,0
5.6287859s,1.0746149s,4.02275s,16470,1648,0
5.2591076s,1.2196773s,11.3711324s,16458,1648,0
5.427884s,1.3079368s,4.2236519s,16468,1648,0
5.8704863s,1.1244859s,10.7650409s,16457,1648,0
6.9787041s,1.2277254s,9.6568231s,16459,1648,0
5.7734159s,1.1559642s,10.8621113s,16453,1648,0
6.8824926s,1.30925s,9.7631508s,16460,1648,0
6.2879826s,1.1995249s,10.3620339s,16451,1648,0
5.9465533s,1.1007165s,3.7247591s,16462,1648,0
6.1646538s,1.3267174s,3.5226151s,16461,1648,0
6.6657732s,1.0306908s,3.0214957s,16463,1648,0
6.8140237s,1.1390576s,9.8559571s,16452,1648,0
6.4119781s,1.0708092s,10.2580027s,16456,1648,0
6.9744737s,1.2895709s,2.716803s,16465,1648,0
6.3881343s,1.2819858s,3.3235675s,16464,1648,0
6.2005159s,1.197356s,3.5241815s,16469,1648,0
5.9383914s,1.1696812s,10.7650101s,16455,1648,0
6.5125324s,1.465722s,3.2187214s,16467,1648,0
6.5528656s,1.273266s,10.1614188s,16454,1648,0
6.2149886s,1.4677843s,3.5205917s,16466,1648,0
6.198101s,1.4843808s,1.9142995s,16489,1650,0
5.3161069s,1.0865327s,9.7549872s,16473,1650,0
5.8309768s,1.177853s,2.3131478s,16484,1650,0
6.4284403s,1.1433881s,8.6522391s,16476,1650,0
6.3281622s,1.3356093s,8.7525172s,16478,1650,0
6.9382404s,1.3054867s,1.2081314s,16486,1650,0
6.9365548s,1.1535074s,8.148202s,16480,1650,0
5.9386513s,1.0888456s,2.2125864s,16485,1650,0
5.9426057s,1.1870085s,9.1509614s,16471,1650,0
5.1388823s,1.0180078s,3.01813s,16490,1650,0
6.750834s,1.1897824s,1.410255s,16483,1650,0
6.0503555s,1.4753861s,2.1132204s,16488,1650,0
6.0457332s,1.1544214s,9.0578563s,16479,1650,0
6.5588379s,1.37179s,8.5476718s,16472,1650,0
5.8679713s,1.1177609s,2.3181097s,16481,1650,0
6.7810661s,1.3798015s,1.4079181s,16487,1650,0
6.1794556s,1.1558809s,2.0121261s,16482,1650,0
5.9797287s,1.1664989s,9.1558973s,16475,1650,0
6.5790788s,1.1217473s,8.5565472s,16477,1650,0
5.686471s,1.0328522s,9.4556807s,16474,1650,0
6.0662205s,1.2899906s,7.0488788s,16493,1651,0
6.176666s,1.0644515s,201.2106ms,16510,1651,0
6.4007322s,1.1485791s,6.7388929s,16495,1651,0
5.9998232s,1.4625625s,7.141207s,16492,1651,0
5.9056874s,1.0065788s,502.5596ms,16501,1651,0
6.121628s,1.0748031s,301.1813ms,16509,1651,0
6.2146053s,1.3976171s,6.9473233s,16500,1651,0
6.6214201s,1.3538118s,6.5405085s,16494,1651,0
6.0278648s,1.0744885s,7.1411463s,16497,1651,0
6.1251706s,1.4227235s,7.0438405s,16498,1651,0
6.2316258s,1.4857849s,6.9373853s,16496,1651,0
6.7372227s,1.2317145s,6.4367044s,16499,1651,0
6.4406188s,1.0184627s,6.7432714s,16491,1651,0
6.4758032s,1.3057571s,0s,16508,1651,0
6.640527s,1.0986691s,0s,16507,1651,0
6.6567605s,1.0654891s,0s,16505,1651,0
6.673842s,1.2127267s,0s,16504,1651,0
6.7142894s,1.4246843s,0s,16502,1651,0
6.7171144s,1.4587699s,5.5324802s,16512,1653,0
6.1145006s,1.1176747s,6.1407322s,16515,1653,0
6.1309753s,1.183413s,6.1379079s,16513,1653,0
6.963618s,1.3574985s,12.2708052s,16506,1653,0
6.1438467s,1.2143194s,6.1357377s,16514,1653,0
7.0490252s,1.1655306s,5.2305592s,16516,1653,0
6.8740405s,1.2854686s,12.3738759s,16503,1653,0
6.2648186s,1.4875943s,6.0379764s,16520,1653,0
5.5691907s,1.0475658s,6.7390565s,16519,1653,0
6.0803651s,1.3415553s,6.2352799s,16517,1653,0
6.2877708s,1.2057867s,6.0348687s,16518,1653,0
7.1050515s,1.4204537s,5.227199s,16511,1653,0
5.5500851s,1.2966339s,0s,16527,1653,0
6.8107526s,1.3354907s,11.7748322s,16530,1655,0
6.3937331s,1.1566571s,5.333923s,16540,1655,0
6.2993044s,1.3327692s,5.4324264s,16536,1655,0
6.5021789s,1.468587s,5.2335687s,16534,1655,0
6.6049522s,1.1009737s,5.1330407s,16533,1655,0
6.6178702s,1.4543082s,5.1302245s,16537,1655,0
5.6399648s,1.0333736s,12.9783158s,16526,1655,0
6.5282069s,1.3114302s,5.2363131s,16538,1655,0
6.3571703s,1.3077144s,12.2731024s,16523,1655,0
5.8531985s,1.3395167s,12.7770742s,16524,1655,0
6.5374077s,1.3327692s,5.2332903s,16532,1655,0
6.8638225s,1.3414852s,11.7730592s,16525,1655,0
6.4599499s,1.3146024s,12.1769318s,16528,1655,0
5.8424769s,1.0978066s,5.9377927s,16535,1655,0
6.1699614s,1.0145675s,12.4741307s,16529,1655,0
5.9498436s,1.0434675s,5.8301033s,16539,1655,0
6.4534113s,1.2996906s,5.3290555s,16531,1655,0
6.493109s,1.1023483s,12.1753864s,16522,1655,0
6.6027552s,1.0207579s,12.0704823s,16521,1655,0
6.4588734s,1.2232149s,4.2255618s,16559,1657,0
6.4635995s,1.1926369s,4.2261026s,16553,1657,0
6.200931s,1.0743287s,11.3686248s,16547,1657,0
6.4729852s,1.290735s,4.2262508s,16552,1657,0
6.5078264s,1.2903562s,11.0690564s,16550,1657,0
6.6841508s,1.3296144s,4.0222433s,16556,1657,0
6.5191172s,1.231115s,11.0674321s,16542,1657,0
5.7272059s,1.3598656s,11.8630063s,16546,1657,0
7.0033868s,1.2503907s,3.7215245s,16558,1657,0
6.4393149s,1.1919269s,11.1673801s,16544,1657,0
6.4393149s,1.3214972s,11.1673801s,16545,1657,0
6.5393147s,1.4117798s,11.0673803s,16543,1657,0
6.6117245s,1.1137695s,4.1242056s,16560,1657,0
6.2194007s,1.2714951s,4.5279417s,16551,1657,0
6.6629344s,1.1633382s,10.9621663s,16541,1657,0
6.2585209s,1.1854329s,11.3665798s,16548,1657,0
6.6332633s,1.2623206s,4.1264682s,16557,1657,0
6.8742221s,1.3415252s,10.7644199s,16549,1657,0
6.337465s,1.0686504s,4.4269549s,16554,1657,0
5.9386231s,1.2206491s,4.8328327s,16555,1657,0
6.9847876s,1.4987249s,8.8542756s,16561,1659,0
6.1847991s,1.3303086s,9.6573075s,16566,1659,0
6.8280409s,1.0027197s,1.9139517s,16573,1659,0
7.100114s,1.2648765s,8.7465787s,16568,1659,0
5.5944773s,1.2446924s,10.2587653s,16565,1659,0
6.0078747s,1.2544454s,9.8579677s,16570,1659,0
6.4584453s,1.3026823s,2.3121294s,16579,1659,0
6.9599955s,1.4909657s,1.8100864s,16575,1659,0
6.9286654s,1.174775s,8.9477562s,16567,1659,0
6.2719365s,1.3657024s,2.5126451s,16576,1659,0
6.5763961s,1.0167899s,2.2148673s,16571,1659,0
5.9267607s,1.1875769s,9.9659522s,16569,1659,0
5.7397566s,1.1138982s,10.1636017s,16562,1659,0
6.1943965s,1.4324808s,2.6154252s,16577,1659,0
6.6966138s,1.4145869s,2.1132079s,16580,1659,0
6.9037281s,1.2296522s,1.9111415s,16574,1659,0
6.3557184s,1.2466936s,9.5592652s,16563,1659,0
6.4609593s,1.2544454s,9.4619036s,16564,1659,0
6.714576s,1.221702s,2.1126399s,16578,1659,0
6.5127153s,1.3762042s,2.3145006s,16572,1659,0
6.8073114s,1.4668828s,1.7074454s,16594,1661,0
6.1037158s,1.1407035s,2.411041s,16595,1661,0
5.8999809s,1.1598439s,9.4511591s,16587,1661,0
5.7963878s,1.0677991s,9.5542174s,16588,1661,0
6.208667s,1.3470925s,9.1529414s,16586,1661,0
6.0088966s,1.2306972s,9.3527118s,16582,1661,0
6.9273205s,1.440576s,1.6083012s,16597,1661,0
6.6174513s,1.3088467s,8.7540188s,16585,1661,0
6.2273669s,1.4804264s,2.3143697s,16598,1661,0
6.6345858s,1.2523332s,8.7494567s,16589,1661,0
6.8358484s,1.4657323s,8.5481941s,16590,1661,0
6.3406342s,1.1524079s,2.2130858s,16593,1661,0
5.7367463s,1.2085745s,2.8169737s,16592,1661,0
5.8405404s,1.3616018s,2.7176378s,16596,1661,0
5.968255s,1.059711s,2.614452s,16599,1661,0
5.968255s,1.2777946s,2.614452s,16600,1661,0
5.8683095s,1.2385777s,9.5536116s,16581,1661,0
5.771883s,1.037561s,9.6556705s,16583,1661,0
5.7789728s,1.3140988s,9.6581678s,16584,1661,0
6.1004095s,1.0652689s,2.5106606s,16591,1661,0
6.3273071s,1.2598659s,6.9437444s,16601,1662,0
6.0860904s,1.4148218s,100.5141ms,16614,1662,0
6.5431379s,1.2656962s,6.742606s,16607,1662,0
5.9430693s,1.1199818s,7.3426746s,16605,1662,0
6.4533852s,1.0087699s,6.8388302s,16609,1662,0
6.2107626s,1.3860034s,0s,16612,1662,0
6.358004s,1.011775s,6.9412348s,16608,1662,0
6.8723784s,1.2434353s,6.4390028s,16604,1662,0
6.2389511s,1.0299674s,0s,16616,1662,0
6.5892607s,1.2925883s,6.7373174s,16603,1662,0
6.4854915s,1.4407121s,6.843031s,16602,1662,0
7.087627s,1.2809457s,6.2408955s,16606,1662,0
5.9458173s,1.2123031s,301.5977ms,16615,1662,0
6.2541353s,1.3888498s,0s,16611,1662,0
5.7618948s,1.2407496s,502.8801ms,16613,1662,0
6.7111184s,1.496503s,6.6412835s,16610,1662,0
6.4447975s,1.4106988s,0s,16619,1662,0
6.6023164s,1.424438s,0s,16617,1662,0
6.7132678s,1.2525224s,10.9680263s,16620,1664,0
6.5622634s,1.3479909s,4.1223592s,16626,1664,0
5.559396s,1.203463s,5.1252266s,16628,1664,0
6.0622916s,1.1258242s,4.625114s,16625,1664,0
6.0989093s,1.3801577s,4.6283691s,16622,1664,0
6.9215325s,1.3801577s,3.8225468s,16624,1664,0
6.9261047s,1.3735806s,3.8196569s,16623,1664,0
6.4274746s,1.4859881s,4.3231038s,16621,1664,0
6.4290635s,1.4045105s,4.324487s,16627,1664,0
7.0032555s,1.2237576s,10.7616947s,16618,1664,0
6.3346859s,1.4284955s,4.4263242s,16629,1664,0
6.5361451s,1.4035877s,4.224865s,16630,1664,0
6.1179864s,1.1155671s,2.315425s,16642,1666,0
6.5468673s,1.2149053s,8.7566462s,16638,1666,0
6.2518074s,1.2503333s,9.0570494s,16632,1666,0
5.8590389s,1.1352402s,9.4526601s,16634,1666,0
6.0354824s,1.331805s,2.4142517s,16641,1666,0
6.8668802s,1.1685664s,8.4549793s,16636,1666,0
6.665012s,1.3304376s,8.6568475s,16640,1666,0
6.7662507s,1.4404997s,8.5559363s,16633,1666,0
6.3666891s,1.164298s,8.9554979s,16637,1666,0
6.4735533s,1.0967298s,8.8565187s,16639,1666,0
6.3802075s,1.4425321s,8.9586008s,16631,1666,0
6.7588164s,1.3705514s,1.7127777s,16646,1666,0
6.6627657s,1.1087392s,1.8111568s,16643,1666,0
5.4625595s,1.0332853s,3.019842s,16644,1666,0
5.9787941s,1.0236738s,2.5136221s,16648,1666,0
6.986876s,1.3934396s,1.5091536s,16645,1666,0
5.9101447s,1.0318193s,9.4575774s,16635,1666,0
6.9909829s,1.4076566s,1.509525s,16650,1666,0
6.5131248s,1.4609226s,2.0129039s,16647,1666,0
6.8178709s,1.1788456s,1.710085s,16649,1666,0
5.7771723s,1.0503235s,8.7563274s,16659,1668,0
5.3742011s,1.0267088s,9.1592986s,16658,1668,0
6.5997606s,1.3299232s,1.0068833s,16667,1668,0
6.8961836s,1.4479964s,7.6421335s,16651,1668,0
6.6899493s,1.3864315s,7.8483678s,16657,1668,0
6.6128179s,1.0797812s,1.0064406s,16664,1668,0
6.1108806s,1.3937071s,1.510646s,16661,1668,0
5.9986603s,1.2872538s,8.5518142s,16656,1668,0
6.2215407s,1.4917928s,1.4086736s,16663,1668,0
6.7258468s,1.1100346s,906.152ms,16669,1668,0
6.8321192s,1.4917928s,805.1554ms,16670,1668,0
5.8195063s,1.1185815s,8.7492133s,16654,1668,0
6.9265237s,1.1602532s,7.6418638s,16652,1668,0
6.1308056s,1.457693s,1.5114304s,16668,1668,0
6.6496258s,1.0698794s,1.0056898s,16662,1668,0
6.2396968s,1.3782388s,8.3489626s,16655,1668,0
6.9637611s,1.4559573s,703.7539ms,16665,1668,0
6.8534592s,1.4694524s,7.7409116s,16653,1668,0
6.0597408s,1.2465891s,1.6077742s,16666,1668,0
5.9632035s,1.1087924s,8.651882s,16660,1668,0
6.2709091s,1.3548273s,5.7346094s,16673,1669,0
6.7874374s,1.3232711s,5.2338002s,16675,1669,0
5.9943998s,1.0217953s,6.0349216s,16678,1669,0
7.0017597s,1.2517734s,5.03411s,16679,1669,0
5.9216712s,1.0448957s,6.1367698s,16674,1669,0
6.6284096s,1.4747839s,5.4300314s,16671,1669,0
7.03962s,1.2767062s,5.0292059s,16672,1669,0
6.9462615s,1.2776342s,5.132726s,16680,1669,0
6.4483128s,1.3224072s,5.6338193s,16676,1669,0
6.2500006s,1.0589074s,5.8321315s,16677,1669,0
5.8781422s,1.4701897s,4.7240361s,16695,1671,0
6.4510021s,1.1454818s,10.8657925s,16689,1671,0
6.7830616s,1.2370022s,3.8216013s,16698,1671,0
6.6657413s,1.3048818s,10.6598408s,16686,1671,0
6.0070023s,1.4786157s,4.627174s,16692,1671,0
6.0070023s,1.1575464s,4.627174s,16694,1671,0
6.3845304s,1.4934252s,10.9654446s,16688,1671,0
6.393167s,1.3705923s,10.9582654s,16682,1671,0
6.3913855s,1.4173521s,10.9600469s,16685,1671,0
5.8179724s,1.0875488s,4.8311396s,16699,1671,0
6.933059s,1.2063308s,3.7222518s,16691,1671,0
6.7118077s,1.2047131s,10.658053s,16683,1671,0
5.9335877s,1.1447252s,4.7241413s,16696,1671,0
6.5423673s,1.1937237s,4.1256367s,16693,1671,0
6.0482739s,1.1855542s,4.623839s,16697,1671,0
6.123649s,1.0348284s,11.261798s,16681,1671,0
6.0326237s,1.1615803s,11.3583008s,16687,1671,0
5.6378005s,1.1346696s,11.7622418s,16690,1671,0
6.3394179s,1.2063047s,11.0606244s,16684,1671,0
5.6655512s,1.0777858s,5.0278814s,16700,1671,0
6.4890313s,1.2026004s,9.1570427s,16701,1673,0
5.9454358s,1.4166941s,2.8173095s,16713,1673,0
6.2689725s,1.2227022s,2.5136776s,16712,1673,0
6.2745827s,1.3200176s,2.513093s,16715,1673,0
7.0794849s,1.4129531s,1.7081908s,16720,1673,0
6.3182012s,1.4981997s,9.3528032s,16704,1673,0
6.722882s,1.4733406s,8.9538491s,16707,1673,0
6.5806594s,1.4997277s,2.212743s,16719,1673,0
7.1920135s,1.4091288s,1.607405s,16717,1673,0
5.7888867s,1.2196999s,3.0148024s,16718,1673,0
6.2366363s,1.3057339s,9.461266s,16709,1673,0
6.7477412s,1.2455043s,8.9556254s,16706,1673,0
6.2530287s,1.4665915s,9.4540776s,16703,1673,0
5.9062116s,1.103767s,2.917566s,16716,1673,0
6.8523224s,1.3773821s,8.8547839s,16705,1673,0
6.4589591s,1.4617411s,9.2531499s,16710,1673,0
6.7706658s,1.4817782s,8.9459898s,16702,1673,0
6.233664s,1.1191742s,2.6157156s,16711,1673,0
7.0425826s,1.3060213s,1.8094498s,16714,1673,0
6.8833287s,1.0205947s,8.8535815s,16708,1673,0
6.6150652s,1.3696855s,201.5061ms,16732,1674,0
6.5516489s,1.0325347s,6.9403924s,16726,1674,0
6.6518574s,1.2132311s,6.8401839s,16728,1674,0
6.2474804s,1.1434609s,7.2445609s,16723,1674,0
6.6745957s,1.0972584s,6.8374546s,16730,1674,0
6.7426857s,1.1665005s,100.3589ms,16738,1674,0
6.0774621s,1.1468125s,7.4447815s,16724,1674,0
5.8808396s,1.0566708s,7.6444683s,16729,1674,0
4.9424141s,1.0698197s,1.9096622s,16736,1674,0
5.6828797s,1.3067526s,7.8458218s,16722,1674,0
6.1532333s,1.088271s,703.5157ms,16735,1674,0
6.3002334s,1.3054726s,7.23643s,16721,1674,0
5.9832183s,1.0727622s,905.3283ms,16733,1674,0
6.3242413s,1.413697s,7.2413296s,16727,1674,0
6.5342028s,1.4856693s,7.0390675s,16725,1674,0
5.8947775s,1.1390362s,1.0047016s,16739,1674,0
6.4051963s,1.4184522s,503.4585ms,16731,1674,0
6.6091624s,1.4241063s,301.1825ms,16740,1674,0
6.9103449s,1.0535337s,0s,16737,1674,0
6.610673s,1.1528284s,302.0234ms,16734,1675,0
6.063425s,1.0324141s,5.7323951s,16741,1676,0
6.264645s,1.4845164s,5.5311751s,16750,1676,0
6.9713271s,1.342543s,4.8283795s,16744,1676,0
6.272012s,1.4365056s,5.532165s,16749,1676,0
6.2709154s,1.0807389s,5.5332616s,16745,1676,0
5.872031s,1.2005663s,5.93735s,16743,1676,0
6.1005018s,1.2445381s,5.7386004s,16748,1676,0
6.2249185s,1.2496207s,5.6293197s,16742,1676,0
6.429742s,1.1384407s,5.4330367s,16747,1676,0
6.7467148s,1.2283101s,5.1290147s,16746,1676,0
6.752698s,1.4366725s,3.5192997s,16763,1678,0
5.4636578s,1.0015413s,11.8690303s,16759,1678,0
6.1709985s,1.4624127s,11.1639296s,16752,1678,0
7.1590301s,1.4676265s,3.1167513s,16768,1678,0
6.4625881s,1.1353376s,3.8163336s,16764,1678,0
5.5783195s,1.0376908s,11.765078s,16755,1678,0
6.1618912s,1.2282627s,4.1223596s,16765,1678,0
6.3851825s,1.075558s,10.9666262s,16751,1678,0
6.3851825s,1.137772s,10.9666262s,16756,1678,0
5.6707636s,1.1085244s,4.6261371s,16761,1678,0
6.6906171s,1.13584s,10.6654303s,16757,1678,0
6.2190306s,1.4157855s,11.1642335s,16758,1678,0
6.5106129s,1.194145s,3.8212985s,16762,1678,0
6.6264359s,1.3966283s,3.7200051s,16766,1678,0
6.5437124s,1.1555302s,10.8653154s,16754,1678,0
5.7348934s,1.0464923s,11.6741344s,16753,1678,0
7.033568s,1.4039507s,3.317699s,16767,1678,0
5.7286767s,1.0655188s,4.624324s,16769,1678,0
6.2355394s,1.208766s,4.1213235s,16770,1678,0
7.0591467s,1.2961423s,10.3568629s,16760,1678,0
6.1358765s,1.4007297s,2.2114635s,16787,1680,0
7.0539699s,1.4599506s,8.3476445s,16777,1680,0
6.5560645s,1.1688525s,8.8543505s,16780,1680,0
6.4469346s,1.1217157s,1.909206s,16784,1680,0
6.4647185s,1.357627s,8.9542965s,16779,1680,0
5.7738184s,1.2179562s,9.6566063s,16778,1680,0
6.0611878s,1.1838811s,2.3149625s,16789,1680,0
6.3838154s,1.0497594s,2.0112464s,16790,1680,0
6.7978486s,1.0204738s,8.6532834s,16776,1680,0
6.2984878s,1.1999606s,9.1574723s,16772,1680,0
6.8948829s,1.4010548s,1.5073599s,16786,1680,0
6.5936454s,1.3585505s,1.8111529s,16782,1680,0
5.4960429s,1.2263439s,9.9636946s,16774,1680,0
5.501204s,1.0875871s,2.9172643s,16783,1680,0
6.1183706s,1.4274264s,9.3575297s,16773,1680,0
6.0149407s,1.1005295s,2.4130264s,16781,1680,0
5.717525s,1.4574476s,2.7140819s,16785,1680,0
6.8471082s,1.3142162s,8.6486798s,16775,1680,0
6.1296817s,1.4465446s,2.3118319s,16788,1680,0
6.3413221s,1.179044s,9.1544659s,16771,1680,0
6.6041561s,1.1965731s,8.2454097s,16799,1682,0
5.9972173s,1.1091206s,1.7103773s,16803,1682,0
6.8079339s,1.3814425s,905.5919ms,16810,1682,0
6.8173713s,1.0287249s,8.0424996s,16800,1682,0
6.8148233s,1.4268397s,904.697ms,16802,1682,0
6.217012s,1.0812045s,1.5065938s,16808,1682,0
5.915565s,1.1103754s,8.9516314s,16794,1682,0
6.5318165s,1.2983609s,1.2047606s,16806,1682,0
7.1435906s,1.487626s,7.7462976s,16796,1682,0
6.3426806s,1.3304412s,1.407358s,16804,1682,0
5.9477233s,1.0827281s,1.8112338s,16807,1682,0
6.4509796s,1.4793499s,1.3079775s,16805,1682,0
6.9558038s,1.3675334s,7.9481069s,16795,1682,0
6.4525583s,1.2834544s,8.4513524s,16793,1682,0
6.4732516s,1.3723196s,1.3062351s,16809,1682,0
5.9749407s,1.2595411s,1.8096714s,16801,1682,0
6.4846356s,1.1998594s,8.4448601s,16792,1682,0
6.5887668s,1.4083863s,8.3440638s,16798,1682,0
6.586999s,1.4232648s,8.3458316s,16797,1682,0
6.4909604s,1.1683486s,8.4438594s,16791,1682,0
6.3700585s,1.3454306s,6.143224s,16815,1683,0
6.7842331s,1.1967714s,5.7339617s,16812,1683,0
5.3849425s,1.1376108s,7.1480102s,16819,1683,0
6.3052157s,1.2871821s,6.2397111s,16817,1683,0
5.7069895s,1.3634572s,6.8442046s,16816,1683,0
5.8214385s,1.1035722s,6.7432408s,16813,1683,0
5.9298766s,1.4324763s,6.6348027s,16818,1683,0
6.3348621s,1.3365811s,6.2395011s,16820,1683,0
6.4417321s,1.3289703s,6.136496s,16811,1683,0
5.1346491s,1.0342889s,7.4503083s,16814,1683,0
5.888534s,1.4002813s,0s,16821,1683,0
6.0486374s,1.1857224s,0s,16826,1683,0
6.0646567s,1.3083123s,0s,16829,1683,0
6.8389583s,1.3213207s,3.3197267s,16840,1685,0
6.7432721s,1.3155168s,3.4180201s,16839,1685,0
6.3415246s,1.0874743s,3.8197676s,16832,1685,0
7.3140907s,1.4218887s,10.1612922s,16822,1685,0
5.7387099s,1.0315668s,4.4258908s,16836,1685,0
5.5432037s,1.1204636s,4.6283157s,16833,1685,0
6.5501497s,1.461534s,3.6243445s,16837,1685,0
6.4587094s,1.0824631s,3.720985s,16838,1685,0
6.3679061s,1.3185293s,3.8237946s,16831,1685,0
6.2421402s,1.2216538s,11.2651844s,16830,1685,0
5.8775882s,1.3367956s,4.3205792s,16834,1685,0
7.154861s,1.4485773s,10.358466s,16828,1685,0
6.8881073s,1.2628049s,3.3184058s,16835,1685,0
6.9680123s,1.2857041s,10.5552356s,16827,1685,0
6.7726552s,1.0283443s,10.7653972s,16824,1685,0
6.677704s,1.1710435s,10.8603484s,16823,1685,0
6.5800214s,1.4833219s,10.9655275s,16825,1685,0
7.246186s,1.4293218s,7.7414708s,16850,1687,0
6.1354446s,1.2761591s,1.6086636s,16859,1687,0
6.6558997s,1.1896603s,8.3525504s,16846,1687,0
6.5769268s,1.1621596s,8.4494355s,16841,1687,0
6.583755s,1.3725152s,1.2068983s,16851,1687,0
5.9821992s,1.3268022s,1.8104631s,16858,1687,0
6.6880324s,1.1948075s,1.1072208s,16857,1687,0
5.785473s,1.2467041s,2.0146324s,16852,1687,0
6.193851s,1.3886067s,8.8524404s,16849,1687,0
6.7944487s,1.4017863s,1.0061794s,16854,1687,0
6.0943544s,1.3835288s,8.954499s,16842,1687,0
5.8934986s,1.347183s,1.911413s,16853,1687,0
6.9009152s,1.2601964s,904.5918ms,16860,1687,0
6.4103841s,1.3328492s,8.6486947s,16843,1687,0
6.8061398s,1.2217863s,8.252939s,16844,1687,0
6.2133859s,1.3247757s,8.8502565s,16847,1687,0
6.5165208s,1.2909797s,1.3065827s,16856,1687,0
6.0347823s,1.0727556s,9.04495s,16848,1687,0
7.0431357s,1.3266329s,8.0365966s,16845,1687,0
7.0326437s,1.2808104s,803.5415ms,16855,1687,0
6.4283331s,1.0889347s,805.185ms,16877,1689,0
6.4808549s,1.0068781s,7.3485931s,16866,1689,0
6.5876853s,1.1521747s,7.2463921s,16869,1689,0
6.745232s,1.3385773s,502.2062ms,16878,1689,0
5.9002572s,1.3592267s,7.9421719s,16861,1689,0
6.5936414s,1.1597404s,7.2487877s,16868,1689,0
5.996061s,1.0440717s,7.8463681s,16863,1689,0
6.5002077s,1.277173s,7.3422214s,16862,1689,0
6.2567345s,1.2387325s,1.004658s,16875,1689,0
6.5664417s,1.4157043s,704.1335ms,16872,1689,0
6.3264925s,1.3115561s,7.5500282s,16867,1689,0
6.4339044s,1.2347715s,7.4447744s,16864,1689,0
5.8756165s,1.0219283s,1.4094209s,16879,1689,0
6.2928705s,1.4992281s,1.0056583s,16873,1689,0
6.4053108s,1.420585s,906.1478ms,16876,1689,0
6.9085176s,1.4259542s,402.941ms,16880,1689,0
6.408324s,1.097402s,905.2523ms,16874,1689,0
6.1528157s,1.2735068s,7.7568954s,16870,1689,0
6.5700314s,1.46051s,7.34377s,16865,1689,0
6.0156151s,1.2860279s,1.3075174s,16871,1689,0
6.3897129s,1.4978648s,5.2339615s,16883,1690,0
5.9995856s,1.0167346s,5.63231s,16884,1690,0
6.0108711s,1.3565185s,5.6375676s,16882,1690,0
6.5417709s,1.1815347s,5.1293937s,16885,1690,0
6.2530327s,1.0253779s,5.4346419s,16886,1690,0
6.8630761s,1.2593754s,4.8288216s,16881,1690,0
6.0608848s,1.3976251s,5.6327724s,16889,1690,0
6.3681196s,1.429408s,5.3296845s,16888,1690,0
6.6742796s,1.3187718s,5.0294512s,16890,1690,0
5.9714882s,1.0406803s,5.7374425s,16887,1690,0
6.0637171s,1.2071617s,3.8214642s,16908,1692,0
6.3674471s,1.2088621s,3.5177342s,16904,1692,0
6.1723464s,1.1667009s,3.717494s,16907,1692,0
6.5708009s,1.0958941s,3.3190395s,16905,1692,0
6.3147925s,1.092557s,10.76291s,16897,1692,0
5.8207336s,1.3702801s,11.2676802s,16898,1692,0
6.5286177s,1.3869029s,10.5597961s,16899,1692,0
6.4264711s,1.134032s,10.6619427s,16893,1692,0
6.5957779s,1.0897402s,3.3200493s,16906,1692,0
6.6349655s,1.3397574s,10.462471s,16895,1692,0
5.6963875s,1.0534499s,4.2269043s,16902,1692,0
6.2441463s,1.3313801s,10.8618955s,16891,1692,0
6.1137065s,1.0875913s,3.8226573s,16901,1692,0
5.9437352s,1.2508996s,11.1724498s,16900,1692,0
6.8543532s,1.4267043s,10.2618318s,16892,1692,0
6.4281063s,1.183479s,3.5198383s,16903,1692,0
7.1794208s,1.4522702s,9.9665195s,16896,1692,0
6.0402799s,1.1957105s,3.9258392s,16910,1692,0
6.6599673s,1.3914149s,3.3145191s,16909,1692,0
6.2972517s,1.0712313s,10.8639782s,16894,1692,0
6.6810498s,1.2489805s,9.459862s,16919,1694,0
6.8591006s,1.2155333s,2.1105826s,16923,1694,0
5.4528727s,1.2124609s,3.5216967s,16927,1694,0
6.5886496s,1.0736342s,9.5611439s,16911,1694,0
6.0938621s,1.4445739s,10.0587033s,16916,1694,0
6.4681665s,1.0544723s,2.5143276s,16922,1694,0
5.7798766s,1.0427467s,3.2177961s,16925,1694,0
5.9853201s,1.1365324s,3.0164527s,16928,1694,0
6.0873096s,1.4871378s,2.9144632s,16921,1694,0
6.7257863s,1.4868744s,9.4578973s,16920,1694,0
6.4302884s,1.3106001s,9.7598615s,16914,1694,0
6.007321s,1.2723585s,3.0166476s,16926,1694,0
5.7126829s,1.0534649s,3.3177284s,16929,1694,0
6.0383866s,1.0804062s,10.1676487s,16917,1694,0
6.3495456s,1.1630094s,9.8623987s,16918,1694,0
6.5283074s,1.275709s,2.5141275s,16930,1694,0
7.1748625s,1.3485224s,9.049348s,16915,1694,0
6.8747045s,1.3526392s,9.3498676s,16913,1694,0
5.7629607s,1.3362036s,10.4616114s,16912,1694,0
6.8468674s,1.2278071s,2.2134667s,16924,1694,0
6.4730032s,1.1766492s,8.6428214s,16935,1696,0
6.1719995s,1.336537s,8.9438251s,16931,1696,0
6.6752601s,1.3442438s,8.4427325s,16936,1696,0
6.7896718s,1.4614758s,8.3454155s,16940,1696,0
6.2861056s,1.4423919s,8.8489817s,16937,1696,0
5.8820126s,1.1783967s,9.2533821s,16939,1696,0
6.8408155s,1.2460181s,1.507507s,16949,1696,0
6.5492058s,1.1765497s,1.8102722s,16947,1696,0
6.5047577s,1.3408159s,8.6459742s,16932,1696,0
6.1640851s,1.2520753s,2.2110319s,16950,1696,0
6.3301119s,1.0846727s,8.8477244s,16938,1696,0
5.9281981s,1.0272513s,9.2496382s,16933,1696,0
6.2762197s,1.0434802s,2.1119448s,16948,1696,0
6.6805451s,1.3743211s,1.7090627s,16946,1696,0
6.1815529s,1.3481768s,2.2099948s,16941,1696,0
6.4396887s,1.0786967s,8.7462726s,16934,1696,0
6.1955811s,1.3481768s,2.2119951s,16942,1696,0
6.3992856s,1.4764877s,2.010415s,16943,1696,0
6.1062646s,1.0305546s,2.3111132s,16945,1696,0
6.9171163s,1.1015939s,1.5076149s,16944,1696,0
6.0530481s,1.2212458s,6.7394995s,16956,1697,0
5.973571s,1.174579s,6.8361034s,16954,1697,0
6.0778588s,1.4496157s,0s,16966,1697,0
6.1061553s,1.2628101s,6.7380187s,16957,1697,0
6.3189179s,1.1475618s,6.5336527s,16955,1697,0
5.6261803s,1.2193845s,7.241271s,16959,1697,0
6.733261s,1.3916352s,6.1341903s,16952,1697,0
5.8391837s,1.0448981s,7.0410219s,16951,1697,0
5.8494186s,1.0283229s,7.032213s,16958,1697,0
6.451878s,1.1685279s,6.4297536s,16953,1697,0
6.453731s,1.0406633s,6.4279006s,16960,1697,0
6.1669482s,1.0296528s,0s,16962,1697,0
6.3703961s,1.0761502s,0s,16965,1697,0
6.4083035s,1.0564212s,0s,16964,1697,0
6.5271469s,1.3157609s,0s,16963,1697,0
6.5804843s,1.2613551s,11.1623727s,16967,1699,0
5.9531045s,1.056451s,5.1340443s,16978,1699,0
6.6577208s,1.1796716s,4.429428s,16979,1699,0
6.0815575s,1.3806312s,5.0326498s,16972,1699,0
6.6259614s,1.1205868s,11.16317s,16969,1699,0
6.8937083s,1.1876346s,4.2220359s,16975,1699,0
5.0805604s,1.0613524s,6.0351838s,16976,1699,0
6.3959723s,1.0243593s,4.7299657s,16974,1699,0
6.6355164s,1.448845s,11.1638088s,16970,1699,0
6.1016263s,1.214789s,5.0311078s,16980,1699,0
6.1118879s,1.3045662s,5.0261426s,16973,1699,0
5.7158274s,1.0236439s,5.431732s,16971,1699,0
6.8289184s,1.2543093s,4.3232237s,16977,1699,0
6.6644143s,1.4872767s,11.161115s,16968,1699,0
6.6733872s,1.4587518s,11.1595681s,16961,1699,0
6.8887413s,1.4812198s,3.4209131s,16999,1701,0
6.3897564s,1.386346s,3.9220188s,16991,1701,0
6.4975057s,1.4001829s,3.8218906s,16992,1701,0
6.7282887s,1.1946823s,10.3617667s,16988,1701,0
6.6306787s,1.3426451s,10.4636935s,16987,1701,0
6.4074573s,1.246922s,3.9216079s,16996,1701,0
6.2229214s,1.2532481s,4.1268504s,16993,1701,0
5.624425s,1.3878224s,4.7286607s,16994,1701,0
5.7313036s,1.0129331s,4.6244032s,16998,1701,0
6.1674072s,1.2594555s,10.9589587s,16981,1701,0
6.4349169s,1.117402s,3.9207899s,16995,1701,0
6.2734682s,1.0298153s,10.8597599s,16983,1701,0
6.7706591s,1.4584709s,10.362569s,16985,1701,0
6.2734682s,1.2545658s,10.8597599s,16989,1701,0
6.8429221s,1.2697435s,3.5196469s,16997,1701,0
6.2752683s,1.2916751s,10.8591076s,16982,1701,0
6.3826445s,1.334325s,10.7624616s,16986,1701,0
6.5847284s,1.0356853s,10.5684871s,16990,1701,0
6.4680463s,1.4736953s,3.9236369s,17000,1701,0
6.515318s,1.4844361s,10.6583299s,16984,1701,0
5.8943162s,1.3548715s,10.7585767s,17004,1703,0
5.9790469s,1.1194154s,3.6179458s,17019,1703,0
6.3912138s,1.4042193s,3.2192563s,17020,1703,0
5.9036653s,1.0827079s,10.762705s,17010,1703,0
6.5945249s,1.0822475s,3.0187132s,17017,1703,0
6.5082191s,1.4966237s,3.1155793s,17015,1703,0
6.8254568s,1.4708158s,9.8598235s,17007,1703,0
6.9328255s,1.0646917s,9.7541833s,17009,1703,0
6.431498s,1.0339227s,10.2555108s,17002,1703,0
6.9550896s,1.2919882s,9.752875s,17006,1703,0
7.0559002s,1.494673s,9.6520644s,17008,1703,0
6.3370785s,1.4105443s,3.3165985s,17012,1703,0
6.5471446s,1.2647211s,3.1155027s,17013,1703,0
6.8654662s,1.4588468s,9.8572201s,17001,1703,0
5.7583959s,1.2028924s,10.9642904s,17005,1703,0
6.6577447s,1.2804377s,3.0115804s,17011,1703,0
6.6622787s,1.1635755s,3.0189357s,17016,1703,0
6.5760211s,1.0926517s,10.1610935s,17003,1703,0
6.9685899s,1.0664412s,2.716705s,17014,1703,0
6.7710563s,1.4749558s,2.9157825s,17018,1703,0
6.535448s,1.2295353s,9.2511448s,17024,1705,0
6.5986877s,1.2319435s,1.8092644s,17039,1705,0
6.3425324s,1.4263615s,9.4544316s,17030,1705,0
5.9038924s,1.4874377s,2.5132122s,17038,1705,0
6.5109968s,1.1995883s,1.9092696s,17040,1705,0
7.0582854s,1.1666594s,8.7504264s,17023,1705,0
6.3576581s,1.2715346s,9.4510537s,17027,1705,0
6.962079s,1.0856356s,8.8466328s,17028,1705,0
6.9684268s,1.1824161s,8.8475974s,17022,1705,0
5.9249843s,1.239355s,2.5137288s,17033,1705,0
6.5346384s,1.2201627s,1.9102148s,17035,1705,0
7.3834646s,1.4786802s,8.4508294s,17026,1705,0
6.5472334s,1.3775221s,1.9098757s,17034,1705,0
5.8537722s,1.1737617s,2.6137394s,17031,1705,0
5.8554272s,1.0303674s,2.6142436s,17037,1705,0
6.7129665s,1.118581s,9.1519837s,17029,1705,0
6.3756979s,1.3305811s,2.1122319s,17036,1705,0
6.679857s,1.286772s,1.8113641s,17032,1705,0
6.1144646s,1.0374707s,9.7626209s,17021,1705,0
5.9271081s,1.2329324s,9.9561531s,17025,1705,0
6.1253091s,1.1751528s,7.1420328s,17045,1706,0
6.4558578s,1.058841s,0s,17056,1706,0
6.5339638s,1.4767085s,6.7390463s,17047,1706,0
6.7399683s,1.4643821s,6.5372415s,17048,1706,0
6.2389167s,1.2398626s,7.0398951s,17041,1706,0
6.0414237s,1.0695721s,7.2406274s,17049,1706,0
6.3796441s,1.0758617s,100.6477ms,17054,1706,0
5.9892614s,1.4985627s,502.4536ms,17060,1706,0
6.1931171s,1.072325s,301.9141ms,17051,1706,0
5.8934516s,1.1497413s,603.4188ms,17058,1706,0
5.7977001s,1.1201816s,704.0932ms,17053,1706,0
5.9782487s,1.0278201s,7.3411944s,17044,1706,0
6.5092801s,1.4944818s,0s,17059,1706,0
6.0889105s,1.1278291s,7.2418373s,17042,1706,0
6.1167369s,1.3633871s,403.4624ms,17052,1706,0
5.9251453s,1.1079776s,604.914ms,17057,1706,0
6.8138261s,1.4894085s,6.5321138s,17043,1706,0
6.2124091s,1.212868s,7.1364547s,17046,1706,0
6.0045863s,1.4022734s,7.3442775s,17050,1706,0
6.8135348s,1.1476906s,4.425118s,17070,1708,0
6.3299323s,1.0757327s,4.9263826s,17065,1708,0
6.9510493s,1.4465942s,11.2614966s,17055,1708,0
6.3368201s,1.0444838s,4.9257418s,17069,1708,0
6.1501138s,1.3115622s,5.1261422s,17061,1708,0
6.9522965s,1.1674625s,4.3239595s,17062,1708,0
5.9492771s,1.0205475s,5.3269789s,17067,1708,0
6.2519543s,1.2276119s,5.0243017s,17068,1708,0
5.7516956s,1.0975796s,5.5286734s,17066,1708,0
6.5717757s,1.0175359s,4.7247198s,17064,1708,0
6.7902208s,1.2473705s,4.5261366s,17063,1708,0
5.883161s,1.0762423s,4.6212536s,17088,1710,0
6.579684s,1.1153916s,10.7520895s,17078,1710,0
6.2761885s,1.1464563s,11.055585s,17074,1710,0
6.7980898s,1.1326127s,3.7196521s,17084,1710,0
6.2905065s,1.1243716s,11.0614053s,17080,1710,0
6.0046673s,1.0931589s,11.3609681s,17072,1710,0
6.1176594s,1.2565465s,4.422609s,17081,1710,0
6.1190353s,1.3302914s,4.423111s,17085,1710,0
6.3321171s,1.3754344s,4.222138s,17090,1710,0
6.7247724s,1.217323s,10.6568416s,17073,1710,0
6.8269882s,1.2916286s,10.5546258s,17075,1710,0
6.4353494s,1.4112074s,4.1204528s,17089,1710,0
6.5393333s,1.0967484s,4.0196403s,17086,1710,0
6.9448071s,1.2915474s,3.6192287s,17082,1710,0
5.9418713s,1.0052678s,4.624073s,17087,1710,0
6.0349858s,1.0337024s,11.3615945s,17077,1710,0
6.5462477s,1.3516862s,10.8569764s,17076,1710,0
6.4583734s,1.38987s,4.119443s,17083,1710,0
5.6458157s,1.3239675s,11.7703467s,17071,1710,0
6.7568267s,1.23821s,10.6593357s,17079,1710,0
6.169191s,1.0945832s,3.2170608s,17107,1712,0
6.4730653s,1.336694s,2.9131865s,17101,1712,0
6.5816356s,1.3884839s,2.8160407s,17103,1712,0
6.3475555s,1.1682228s,10.0569865s,17095,1712,0
6.0477731s,1.2606923s,10.3567689s,17092,1712,0
6.7565679s,1.4692676s,9.6479741s,17100,1712,0
6.0586217s,1.2723912s,10.3530399s,17093,1712,0
5.6596472s,1.2774113s,10.75759s,17097,1712,0
6.1960181s,1.2046313s,3.217863s,17108,1712,0
6.6110798s,1.0493584s,2.8129876s,17102,1712,0
5.8062194s,1.0892918s,3.619374s,17110,1712,0
6.1839702s,1.4824787s,10.2505332s,17099,1712,0
6.3132882s,1.3422353s,3.1176696s,17105,1712,0
6.4361613s,1.1596595s,3.0140022s,17104,1712,0
6.3376324s,1.4245338s,3.1158055s,17109,1712,0
5.8000432s,1.0955808s,10.6610173s,17098,1712,0
7.0060793s,1.3266751s,9.4549812s,17096,1712,0
6.5404854s,1.2023832s,2.9144958s,17106,1712,0
6.7200807s,1.4336572s,9.7536335s,17091,1712,0
6.5237747s,1.0265378s,9.9579122s,17094,1712,0
6.9132659s,1.3865486s,1.5072508s,17126,1714,0
6.3786762s,1.0486916s,8.945601s,17118,1714,0
6.2821526s,1.212084s,9.0448197s,17113,1714,0
5.4816782s,1.1016543s,9.8523474s,17112,1714,0
6.4928092s,1.1016543s,8.8431041s,17114,1714,0
6.8951116s,1.3955367s,8.4408017s,17115,1714,0
6.0972005s,1.0697032s,9.2445039s,17111,1714,0
6.5026438s,1.4624418s,8.8413368s,17120,1714,0
6.8452063s,1.4894033s,1.6078313s,17123,1714,0
6.6109645s,1.1974747s,8.7469337s,17117,1714,0
6.0545455s,1.2248293s,2.4098729s,17122,1714,0
6.2556446s,1.1965208s,2.2087738s,17127,1714,0
6.0545455s,1.081178s,2.4098729s,17130,1714,0
6.5219756s,1.1374135s,8.8475652s,17119,1714,0
6.6733529s,1.3304179s,1.8104547s,17128,1714,0
6.5393596s,1.4794442s,8.8455623s,17116,1714,0
6.8834854s,1.044793s,1.6097923s,17129,1714,0
6.8862586s,1.1026532s,1.6085509s,17124,1714,0
6.1821906s,1.2695625s,2.3126189s,17125,1714,0
6.0002394s,1.1005206s,2.5145337s,17121,1714,0
6.231227s,1.3027579s,1.7098488s,17147,1716,0
6.29226s,1.3351918s,8.5568505s,17138,1716,0
5.8307099s,1.2550617s,2.1136319s,17144,1716,0
6.9080347s,1.0595892s,7.9464377s,17140,1716,0
6.3040028s,1.3543422s,8.550806s,17139,1716,0
6.3059584s,1.1293734s,8.5488504s,17137,1716,0
6.9527s,1.3584405s,1.0055549s,17142,1716,0
6.0197206s,1.0193986s,8.8519611s,17134,1716,0
6.9584073s,1.3893543s,1.0052397s,17149,1716,0
6.8681378s,1.2505974s,1.1059456s,17141,1716,0
5.8641986s,1.4281135s,2.1138905s,17146,1716,0
5.8678457s,1.4986067s,2.1107779s,17148,1716,0
5.8388186s,1.1444743s,9.0478397s,17133,1716,0
6.8462134s,1.4515957s,8.0472784s,17136,1716,0
6.1485417s,1.3266297s,8.7516247s,17132,1716,0
6.1022928s,1.1012738s,1.9103578s,17143,1716,0
6.1678175s,1.3513352s,8.7534582s,17135,1716,0
6.6159039s,1.4914978s,1.4068354s,17150,1716,0
6.7195163s,1.4461221s,1.3064981s,17145,1716,0
6.2852126s,1.3753672s,8.6521105s,17131,1716,0
5.6305147s,1.0765047s,7.2519138s,17153,1717,0
6.0337859s,1.2619724s,0s,17164,1717,0
6.8481799s,1.3095408s,6.0360338s,17152,1717,0
6.5389503s,1.4943568s,6.3452634s,17155,1717,0
6.8454244s,1.1374614s,6.0387893s,17151,1717,0
6.1432106s,1.3954837s,6.7410031s,17160,1717,0
6.2529806s,1.0026824s,6.6417299s,17156,1717,0
6.3648325s,1.1395953s,6.5389359s,17158,1717,0
6.0684475s,1.0156761s,6.8353209s,17159,1717,0
6.7917233s,1.2089486s,6.1374219s,17154,1717,0
5.6995578s,1.0043454s,402.8777ms,17168,1717,0
5.9142777s,1.1446135s,201.6747ms,17167,1717,0
6.5218161s,1.0730318s,6.4427789s,17157,1717,0
6.1187879s,1.4883058s,0s,17166,1717,0
6.1416778s,1.2008606s,0s,17163,1717,0
6.3014293s,1.3152823s,0s,17169,1717,0
6.4954536s,1.1559122s,0s,17161,1717,0
7.1011081s,1.4862695s,3.7190517s,17176,1719,0
6.7291065s,1.4683951s,4.1235235s,17171,1719,0
6.1351516s,1.0593024s,4.7279517s,17178,1719,0
7.0118019s,1.3642329s,10.8631033s,17170,1719,0
6.7175129s,1.333718s,11.1609326s,17165,1719,0
7.1493446s,1.4886539s,3.717299s,17175,1719,0
6.745589s,1.3088975s,4.1210546s,17173,1719,0
7.0523731s,1.2815582s,3.8190398s,17180,1719,0
6.1525737s,1.2132501s,4.726415s,17177,1719,0
6.9644958s,1.3205283s,3.9226671s,17172,1719,0
6.5495759s,1.0268083s,11.3651024s,17162,1719,0
6.0749263s,1.1756085s,4.8279501s,17179,1719,0
6.6860676s,1.2218084s,4.2211377s,17174,1719,0
5.5580318s,1.1334494s,10.5656602s,17181,1721,0
6.8659503s,1.3057042s,9.2577417s,17182,1721,0
6.2200424s,1.2876954s,2.814037s,17193,1721,0
6.0163744s,1.1626642s,3.017705s,17192,1721,0
6.2874759s,1.2762977s,9.8613744s,17185,1721,0
7.094474s,1.4396948s,9.0543763s,17189,1721,0
6.8487193s,1.1644128s,2.2157338s,17196,1721,0
5.6518462s,1.0654797s,3.4192898s,17199,1721,0
6.708032s,1.4942835s,9.4634406s,17186,1721,0
6.6732736s,1.1717747s,2.4133228s,17198,1721,0
6.6158224s,1.0544372s,9.565248s,17187,1721,0
6.981571s,1.476678s,2.1138787s,17200,1721,0
6.585988s,1.3964928s,2.5121229s,17194,1721,0
6.7388134s,1.0706586s,9.4537715s,17183,1721,0
6.0873964s,1.2365175s,3.0179788s,17195,1721,0
7.304495s,1.4997858s,1.8110491s,17197,1721,0
6.9522834s,1.4842169s,9.2577347s,17184,1721,0
6.1008116s,1.0703335s,3.0168409s,17191,1721,0
6.6603214s,1.2943329s,9.5564897s,17188,1721,0
6.9648182s,1.3373794s,9.2519929s,17190,1721,0
6.5893503s,1.2835272s,7.5463941s,17210,1723,0
5.8873308s,1.3315474s,8.2500139s,17207,1723,0
6.11271s,1.0388995s,1.4066903s,17217,1723,0
6.621648s,1.0185555s,904.8213ms,17219,1723,0
6.121434s,1.0299339s,1.4072063s,17211,1723,0
6.0080116s,1.4876851s,8.1518329s,17201,1723,0
6.4159009s,1.323581s,7.7468039s,17202,1723,0
6.6249578s,1.2234076s,7.5435675s,17204,1723,0
6.5464417s,1.0062257s,1.0047944s,17216,1723,0
6.0259336s,1.1719676s,8.1563133s,17209,1723,0
6.3570624s,1.39408s,1.205175s,17215,1723,0
6.2411542s,1.1144432s,7.9491128s,17203,1723,0
6.5717752s,1.1758296s,1.004408s,17220,1723,0
6.1785123s,1.4657128s,1.40631s,17213,1723,0
6.0587728s,1.0879276s,8.1510073s,17206,1723,0
5.9829694s,1.0936064s,1.6069443s,17218,1723,0
6.2690643s,1.0882327s,7.9500835s,17205,1723,0
6.279334s,1.0642594s,7.9423686s,17208,1723,0
6.1974972s,1.0376898s,1.4074359s,17214,1723,0
5.8994932s,1.1631481s,1.7093678s,17212,1723,0
6.5523703s,1.0496888s,5.9330414s,17226,1724,0
6.0602344s,1.2325165s,6.4333397s,17221,1724,0
5.819942s,1.3242999s,100.7199ms,17234,1724,0
5.5259642s,1.1175806s,402.9354ms,17237,1724,0
6.5854104s,1.2704182s,5.9294841s,17228,1724,0
6.0855111s,1.2645398s,6.4325524s,17223,1724,0
5.9361557s,1.1011811s,0s,17236,1724,0
5.9016636s,1.418598s,6.6333306s,17229,1724,0
5.4506092s,1.1175806s,503.87ms,17235,1724,0
6.004051s,1.1475281s,6.5371844s,17227,1724,0
6.1055662s,1.2695441s,6.4356692s,17225,1724,0
6.0111088s,1.1225023s,6.5373802s,17224,1724,0
5.5746187s,1.3251982s,402.0893ms,17240,1724,0
6.5329591s,1.4029099s,6.0297438s,17230,1724,0
5.9434971s,1.0885589s,6.6335509s,17222,1724,0
6.0502908s,1.3666333s,0s,17233,1724,0
6.1029259s,1.2615838s,0s,17232,1724,0
6.3928448s,1.3336496s,5.6331173s,17248,1726,0
6.7016382s,1.4587467s,5.3338554s,17241,1726,0
5.6951977s,1.0436405s,6.3402959s,17249,1726,0
6.0983588s,1.4406899s,5.9371348s,17243,1726,0
5.9096271s,1.0005351s,6.1336096s,17247,1726,0
6.4189492s,1.0537272s,5.6334629s,17246,1726,0
6.5212713s,1.1759144s,5.5311408s,17244,1726,0
7.0048682s,1.3638314s,12.0711977s,17238,1726,0
6.4084546s,1.141715s,12.6752522s,17231,1726,0
5.8425533s,1.1080446s,6.2362853s,17250,1726,0
6.412166s,1.2744176s,12.6715408s,17239,1726,0
6.851616s,1.4795816s,5.2335445s,17242,1726,0
5.7737425s,1.4587467s,6.3356153s,17245,1726,0
6.6111023s,1.0155256s,11.165011s,17256,1728,0
6.3174805s,1.295113s,11.4586328s,17257,1728,0
6.9531569s,1.3934349s,3.9187861s,17269,1728,0
6.7210253s,1.1294658s,11.0612924s,17255,1728,0
6.2209887s,1.2756259s,11.5636887s,17253,1728,0
6.7636823s,1.251419s,4.1199233s,17264,1728,0
6.2665305s,1.0484609s,4.6250546s,17265,1728,0
6.3418307s,1.159691s,11.4626292s,17259,1728,0
7.1005172s,1.3097348s,3.8205984s,17270,1728,0
6.3719941s,1.0022473s,11.4630937s,17254,1728,0
6.2706702s,1.3177382s,11.5644176s,17260,1728,0
5.9801824s,1.1754981s,11.8701264s,17252,1728,0
6.7205726s,1.454093s,4.2240993s,17268,1728,0
5.716974s,1.2463744s,5.2307875s,17267,1728,0
6.1942678s,1.3969415s,11.672204s,17258,1728,0
5.8267159s,1.2685685s,5.1328583s,17263,1728,0
6.2354338s,1.4675161s,4.7281314s,17266,1728,0
6.9068976s,1.2064719s,10.9635652s,17251,1728,0
5.8295432s,1.4325683s,5.134022s,17262,1728,0
6.1341177s,1.4947013s,4.8294475s,17261,1728,0
5.7179719s,1.4972076s,4.224785s,17285,1730,0
6.5879068s,1.257256s,10.0547166s,17275,1730,0
6.7298915s,1.3536364s,3.2146429s,17281,1730,0
6.5371927s,1.1341759s,3.4171774s,17290,1730,0
6.4414443s,1.3600359s,3.5204063s,17284,1730,0
6.6049198s,1.150451s,10.0593351s,17274,1730,0
6.6460682s,1.3348834s,3.3200977s,17289,1730,0
6.3420517s,1.0987234s,3.6241142s,17283,1730,0
6.6976858s,1.3257239s,9.9665691s,17277,1730,0
6.3078558s,1.209722s,10.3643602s,17273,1730,0
6.4585244s,1.0475368s,3.5194582s,17286,1730,0
6.7744564s,1.3656819s,3.21799s,17287,1730,0
6.2322065s,1.0154964s,10.4618825s,17280,1730,0
6.0326938s,1.0483566s,10.6670375s,17271,1730,0
6.1395787s,1.1797762s,10.5674355s,17272,1730,0
6.0951391s,1.3374472s,3.9219787s,17288,1730,0
6.6995928s,1.4026647s,3.3188441s,17282,1730,0
5.3585081s,1.2412925s,11.3721069s,17279,1730,0
6.3672257s,1.1780131s,10.3633893s,17278,1730,0
6.3771978s,1.3887643s,10.3574955s,17276,1730,0
6.0133563s,1.3763677s,3.318824s,17306,1732,0
6.0190202s,1.4148565s,3.3189227s,17308,1732,0
6.1169747s,1.0726301s,9.9592361s,17294,1732,0
5.6168884s,1.4299105s,10.4634658s,17295,1732,0
6.6366328s,1.3938518s,2.7143023s,17305,1732,0
6.730523s,1.2689696s,9.3509351s,17299,1732,0
6.6351131s,1.3483078s,9.4612638s,17297,1732,0
6.5449634s,1.3634623s,9.554584s,17298,1732,0
6.5482489s,1.0756997s,9.5512985s,17291,1732,0
6.0469215s,1.2409283s,10.0567198s,17296,1732,0
6.4608085s,1.1546471s,2.9165223s,17310,1732,0
6.3526152s,1.190312s,9.7587927s,17300,1732,0
5.164482s,1.3071927s,4.2241033s,17304,1732,0
6.3820957s,1.2604743s,3.0151605s,17303,1732,0
6.4789737s,1.4004966s,2.9182825s,17302,1732,0
6.4856522s,1.4533814s,2.9160804s,17309,1732,0
5.7923906s,1.1495444s,3.6174656s,17301,1732,0
6.3975686s,1.2236962s,9.7585747s,17292,1732,0
6.4022526s,1.4299105s,9.7566522s,17293,1732,0
6.2119283s,1.1283464s,3.2164535s,17307,1732,0
6.906481s,1.3469492s,2.0120709s,17321,1734,0
6.0086885s,1.3396368s,10.1625606s,17314,1734,0
5.206579s,1.0093012s,3.7219246s,17323,1734,0
6.5180997s,1.0093012s,2.4127349s,17328,1734,0
6.1203936s,1.3886585s,10.0668484s,17316,1734,0
7.0282992s,1.4084209s,9.1619153s,17311,1734,0
5.7319677s,1.3533154s,10.4602983s,17319,1734,0
5.8275911s,1.1129017s,3.1168284s,17329,1734,0
6.9386416s,1.415177s,2.0098535s,17324,1734,0
6.6394727s,1.262284s,9.5609597s,17312,1734,0
7.2484993s,1.4406053s,8.9519331s,17318,1734,0
6.141077s,1.0695658s,2.8150384s,17326,1734,0
6.751357s,1.2265035s,9.4548354s,17317,1734,0
6.1516968s,1.019314s,2.815237s,17325,1734,0
6.7742146s,1.3364753s,2.2142776s,17327,1734,0
5.4703156s,1.2920297s,3.5190898s,17330,1734,0
6.6813002s,1.2605477s,9.5589083s,17320,1734,0
5.9786652s,1.2027765s,10.2615433s,17313,1734,0
6.2887558s,1.3274275s,9.9552486s,17315,1734,0
6.5903389s,1.2639937s,2.4147259s,17322,1734,0
6.5217496s,1.0099413s,804.3324ms,17348,1736,0
6.6233665s,1.0127594s,704.384ms,17350,1736,0
6.6836252s,1.0205714s,7.439339s,17332,1736,0
6.37989s,1.4564193s,7.7430742s,17334,1736,0
6.7940171s,1.4766324s,7.3400858s,17340,1736,0
6.8395609s,1.4612656s,502.9794ms,17345,1736,0
6.4033473s,1.2772382s,7.7434295s,17331,1736,0
6.6093796s,1.4457096s,7.5445164s,17339,1736,0
6.3055391s,1.2979658s,7.8483569s,17338,1736,0
6.7072546s,1.4048485s,7.4470346s,17333,1736,0
6.3727832s,1.469576s,1.0062383s,17344,1736,0
6.3304577s,1.4395836s,7.8472143s,17336,1736,0
5.936133s,1.0763498s,8.2469084s,17337,1736,0
6.1890019s,1.2705795s,1.2094252s,17347,1736,0
6.6012569s,1.3877545s,804.5049ms,17341,1736,0
5.7940553s,1.0584744s,1.6117065s,17346,1736,0
6.8073527s,1.0138194s,602.6287ms,17342,1736,0
6.6045607s,1.4103573s,805.4207ms,17343,1736,0
5.6078033s,1.2755169s,1.8101496s,17349,1736,0
6.666979s,1.4103212s,7.544991s,17335,1736,0
6.7615793s,1.4677044s,5.5315648s,17353,1737,0
6.363939s,1.0648221s,5.9319008s,17357,1737,0
6.6772075s,1.2845303s,5.6371228s,17356,1737,0
6.781132s,1.1056768s,5.5331983s,17355,1737,0
5.8741175s,1.2377767s,6.4402128s,17360,1737,0
6.1803726s,1.0674947s,6.1368505s,17351,1737,0
5.9149381s,1.2276053s,6.4437099s,17352,1737,0
7.1209504s,1.2718411s,5.2376976s,17354,1737,0
6.4258416s,1.0674947s,5.9328064s,17358,1737,0
5.7235107s,1.2605868s,6.6409298s,17359,1737,0
6.6736331s,1.1045734s,10.7627105s,17362,1739,0
6.6736331s,1.4134069s,10.7627105s,17369,1739,0
5.7629719s,1.0104036s,4.6276332s,17380,1739,0
6.3736813s,1.1331858s,4.0246867s,17376,1739,0
6.4918058s,1.185462s,10.9615471s,17361,1739,0
6.4814262s,1.3678437s,3.9199593s,17374,1739,0
6.1781406s,1.2847593s,4.2232449s,17378,1739,0
6.9856804s,1.2345732s,3.4157051s,17372,1739,0
5.8931499s,1.3886706s,11.5671941s,17368,1739,0
6.1961418s,1.1612863s,11.2642022s,17366,1739,0
6.2093782s,1.2505843s,11.2580172s,17363,1739,0
6.7158454s,1.4677173s,10.7634796s,17367,1739,0
6.6102374s,1.4814106s,3.8210608s,17373,1739,0
7.0120217s,1.3358093s,3.4192765s,17371,1739,0
6.7237151s,1.4513426s,10.7615938s,17364,1739,0
6.4123536s,1.4987775s,4.0252332s,17375,1739,0
6.5199004s,1.0547975s,3.9179947s,17379,1739,0
7.0515111s,1.2892213s,10.4638586s,17370,1739,0
6.1495593s,1.2204393s,11.3658104s,17365,1739,0
6.95983s,1.4245264s,3.5166157s,17377,1739,0
5.914598s,1.2314845s,3.4199186s,17395,1741,0
6.023683s,1.2995669s,10.3566274s,17389,1741,0
6.6327242s,1.0106837s,9.7560095s,17382,1741,0
7.0411741s,1.4606955s,9.349541s,17384,1741,0
6.3365432s,1.3034438s,10.0541719s,17390,1741,0
6.2425168s,1.1786556s,10.1588622s,17385,1741,0
6.7467473s,1.3811254s,2.6134576s,17397,1741,0
5.9430518s,1.1634589s,3.4187172s,17393,1741,0
5.942889s,1.4104609s,3.41888s,17399,1741,0
6.8554105s,1.3495919s,9.554307s,17387,1741,0
6.5594869s,1.188864s,9.8551306s,17381,1741,0
6.3679476s,1.2761348s,3.0173082s,17400,1741,0
5.9703296s,1.0027147s,10.4561003s,17388,1741,0
6.8756143s,1.2840759s,9.5527417s,17383,1741,0
6.9918623s,1.4848043s,2.4131765s,17392,1741,0
6.5906715s,1.2852252s,2.8143673s,17396,1741,0
6.6992835s,1.0144835s,2.7133022s,17391,1741,0
6.4051776s,1.485326s,3.0123385s,17398,1741,0
6.0066818s,1.161043s,10.4520084s,17386,1741,0
5.6093728s,1.3217814s,3.8179252s,17394,1741,0
6.1113617s,1.2338967s,1.9111972s,17411,1743,0
6.2672042s,1.1234036s,8.7464817s,17410,1743,0
5.9557887s,1.1665207s,9.0578972s,17404,1743,0
6.4184949s,1.0886999s,1.6094474s,17414,1743,0
6.720844s,1.4974332s,1.3087425s,17415,1743,0
6.1722866s,1.3622171s,8.8526578s,17402,1743,0
5.4185905s,1.3612559s,2.6167754s,17418,1743,0
6.5844615s,1.1604292s,8.4488573s,17408,1743,0
6.0860344s,1.1635081s,8.9472844s,17407,1743,0
6.9898872s,1.4450398s,8.0434316s,17406,1743,0
6.583206s,1.1334421s,8.4501128s,17403,1743,0
6.8909657s,1.2604878s,8.1423531s,17409,1743,0
6.8486518s,1.3285462s,1.2068502s,17413,1743,0
6.9607127s,1.4197858s,1.1079429s,17416,1743,0
5.756965s,1.0159685s,2.3127795s,17419,1743,0
6.3175661s,1.0666744s,8.7461674s,17401,1743,0
6.5839296s,1.4683783s,1.5095843s,17420,1743,0
6.0454134s,1.3871404s,9.0494355s,17405,1743,0
6.0030069s,1.2481909s,2.1110348s,17412,1743,0
6.6080486s,1.4247426s,1.5088805s,17417,1743,0
6.7216357s,1.1275462s,7.7484446s,17427,1745,0
5.9077325s,1.1377707s,1.4095255s,17439,1745,0
5.5354561s,1.1189646s,8.9591894s,17425,1745,0
6.8505971s,1.3486073s,7.6440484s,17428,1745,0
6.5472626s,1.4314826s,7.9473829s,17422,1745,0
6.3550164s,1.4444455s,8.1478821s,17424,1745,0
6.1326195s,1.1177289s,1.206896s,17434,1745,0
6.4350858s,1.1148655s,904.4297ms,17432,1745,0
6.1351436s,1.2905812s,1.206555s,17438,1745,0
7.163383s,1.44169s,7.3444783s,17421,1745,0
6.3463505s,1.1023193s,1.0054937s,17440,1745,0
5.7440208s,1.0541031s,1.6088562s,17431,1745,0
5.860225s,1.0174996s,8.656035s,17430,1745,0
6.3664563s,1.4155134s,8.1523962s,17426,1745,0
7.0598733s,1.4033681s,301.5226ms,17435,1745,0
5.9576588s,1.4082393s,1.4050825s,17437,1745,0
6.3888031s,1.1131336s,8.1495222s,17429,1745,0
6.0777635s,1.3451335s,1.3055378s,17436,1745,0
7.0822678s,1.4934473s,302.3356ms,17433,1745,0
6.0952102s,1.0726919s,8.4527762s,17423,1745,0
6.2219252s,1.2243272s,301.956ms,17455,1746,0
6.6320856s,1.4734429s,7.1402061s,17441,1746,0
6.525858s,1.1603463s,0s,17458,1746,0
6.6395409s,1.029659s,7.1387682s,17442,1747,0
5.8346973s,1.0151622s,703.5442ms,17452,1747,0
7.2464337s,1.3516151s,6.5382415s,17443,1747,0
6.4395654s,1.287978s,100.7398ms,17451,1747,0
6.449998s,1.015397s,7.3468368s,17450,1747,0
6.5512304s,1.4303527s,7.2456044s,17447,1747,0
6.2516057s,1.1867009s,302.0324ms,17459,1747,0
6.0613692s,1.3016397s,7.7430026s,17445,1747,0
6.0670928s,1.35651s,504.219ms,17454,1747,0
6.4716774s,1.0826145s,101.2334ms,17457,1747,0
6.272226s,1.0642027s,301.3627ms,17460,1747,0
6.180574s,1.2484076s,401.6268ms,17453,1747,0
6.5976138s,1.3323276s,7.2413365s,17446,1747,0
6.7994589s,1.0801251s,7.0431661s,17448,1747,0
6.3946583s,1.2612865s,201.533ms,17456,1747,0
6.3079278s,1.1146136s,7.5405735s,17444,1747,0
6.2065337s,1.0255606s,7.6419676s,17449,1747,0
5.5640089s,1.224082s,6.7410666s,17469,1748,0
6.2875467s,1.2534658s,6.0345491s,17464,1748,0
7.398966s,1.4893641s,4.9279789s,17467,1748,0
6.9986672s,1.298894s,5.3355373s,17470,1748,0
6.5077706s,1.0874262s,5.8374195s,17466,1748,0
6.3176255s,1.3693561s,6.0427515s,17468,1748,0
6.7254542s,1.3827486s,5.6349228s,17465,1748,0
6.9390761s,1.1552589s,5.4370271s,17463,1748,0
6.4424777s,1.3618255s,5.9386556s,17462,1748,0
6.3593164s,1.0661117s,6.0428666s,17461,1748,0
6.4354483s,1.0760477s,11.5682647s,17475,1750,0
7.0243874s,1.4214241s,4.1240404s,17484,1750,0
6.4410356s,1.0255751s,4.7249444s,17487,1750,0
6.5404556s,1.2523336s,4.6255244s,17485,1750,0
6.8648206s,1.3140474s,11.1710081s,17472,1750,0
5.8593386s,1.4295236s,12.1764901s,17480,1750,0
5.8460293s,1.4813137s,5.3274169s,17482,1750,0
6.2703626s,1.2025993s,11.7679042s,17474,1750,0
6.3569185s,1.4393112s,4.8251794s,17488,1750,0
5.9859633s,1.4583859s,12.0657082s,17476,1750,0
5.9642014s,1.1053651s,5.2271299s,17486,1750,0
6.6696863s,1.1504097s,4.5257689s,17481,1750,0
6.3089706s,1.3929793s,11.7711735s,17479,1750,0
6.5097617s,1.0669989s,11.5703824s,17471,1750,0
5.8140409s,1.1438965s,12.2732312s,17478,1750,0
6.3190309s,1.030384s,11.7710728s,17473,1750,0
5.6956996s,1.3104107s,5.5327086s,17490,1750,0
6.3322011s,1.2979923s,11.7638712s,17477,1750,0
6.7088466s,1.2743362s,4.5224051s,17489,1750,0
5.9010162s,1.0625934s,5.3302355s,17483,1750,0
6.2608644s,1.0266064s,11.2760074s,17493,1752,0
6.866913s,1.4018095s,10.6699588s,17494,1752,0
6.3736227s,1.0416784s,11.1684564s,17491,1752,0
6.9772877s,1.3557808s,10.5647914s,17496,1752,0
6.6113603s,1.0592944s,3.8228011s,17502,1752,0
6.5849702s,1.3216334s,10.9708025s,17499,1752,0
6.6145297s,1.0495054s,3.8221051s,17510,1752,0
6.6230711s,1.2582826s,3.8243284s,17509,1752,0
6.7270723s,1.2694889s,3.7203272s,17505,1752,0
6.2026718s,1.1764956s,11.3690676s,17497,1752,0
7.1429765s,1.4836613s,3.3155544s,17503,1752,0
7.1216113s,1.4900777s,10.4616648s,17498,1752,0
5.7387401s,1.0354953s,4.7282042s,17508,1752,0
6.7209187s,1.2236149s,10.8671611s,17500,1752,0
5.9474078s,1.3617888s,4.5274427s,17501,1752,0
6.6561854s,1.3607943s,3.8220458s,17504,1752,0
6.1425761s,1.1567405s,11.4728464s,17492,1752,0
6.0638428s,1.3385054s,4.4299684s,17507,1752,0
5.9405813s,1.3366195s,11.6748412s,17495,1752,0
6.6704237s,1.3727823s,3.8233875s,17506,1752,0
6.7675231s,1.3519673s,1.6079015s,17522,1754,0
6.7593984s,1.0354528s,8.5559799s,17513,1754,0
6.1767037s,1.2343035s,2.2135765s,17528,1754,0
6.8814829s,1.1845383s,1.5087973s,17529,1754,0
6.5860458s,1.4555193s,8.753484s,17515,1754,0
6.7899265s,1.4477814s,8.5496033s,17517,1754,0
5.8893622s,1.473755s,9.4543853s,17512,1754,0
6.3020762s,1.4276238s,2.1124231s,17521,1754,0
5.1859397s,1.0078438s,10.1624813s,17520,1754,0
5.5988499s,1.0227491s,2.8177615s,17525,1754,0
5.5946488s,1.0167793s,9.7551566s,17518,1754,0
6.5089851s,1.3786921s,1.9120587s,17524,1754,0
5.7121105s,1.0333473s,2.7136067s,17530,1754,0
6.8198696s,1.3874863s,1.6105925s,17523,1754,0
6.4108987s,1.4827178s,8.9581484s,17516,1754,0
6.1253832s,1.0534955s,2.3145505s,17526,1754,0
6.5243872s,1.3441314s,8.8524925s,17511,1754,0
6.4407793s,1.2261934s,2.0123557s,17527,1754,0
6.9318096s,1.4070937s,8.453135s,17514,1754,0
6.8313731s,1.1689032s,8.5535715s,17519,1754,0
5.6473743s,1.1342583s,502.4731ms,17545,1755,0
6.9502525s,1.3244997s,6.4450661s,17531,1755,0
6.7574727s,1.3762619s,6.6430118s,17538,1755,0
5.7715841s,1.214655s,402.5812ms,17550,1755,0
6.8774157s,1.4196552s,6.5412084s,17540,1755,0
6.1881134s,1.0924772s,0s,17544,1755,0
5.9903611s,1.0486278s,7.4410308s,17533,1755,0
6.7858693s,1.0563849s,6.6455226s,17534,1755,0
6.3928308s,1.3373314s,7.0483943s,17539,1755,0
6.0942948s,1.0798423s,7.3469303s,17535,1755,0
6.411951s,1.475315s,7.0372868s,17532,1755,0
5.7207774s,1.139715s,502.9569ms,17549,1755,0
6.3145612s,1.3400075s,7.1488607s,17537,1755,0
5.928872s,1.0587874s,300.4767ms,17541,1755,0
7.2386349s,1.4825218s,6.2380507s,17536,1755,0
6.3007359s,1.0985567s,0s,17546,1755,0
6.5164113s,1.4395986s,0s,17543,1755,0
6.5488795s,1.0638148s,0s,17548,1755,0
5.6918146s,1.1536175s,7.3490489s,17553,1757,0
6.3128452s,1.1799004s,6.7394869s,17555,1757,0
6.1192217s,1.2207282s,0s,17570,1757,0
6.7478115s,1.4672391s,13.0853402s,17542,1757,0
6.5452634s,1.4446004s,6.5408539s,17554,1757,0
5.8341571s,1.1833396s,302.3748ms,17565,1757,0
6.6485642s,1.07297s,13.1917746s,17547,1757,0
6.9541044s,1.2757934s,6.1384229s,17551,1757,0
5.7435589s,1.0983519s,7.3489684s,17556,1757,0
6.0446497s,1.2956727s,7.0478776s,17560,1757,0
6.2520089s,1.1514461s,6.8428228s,17552,1757,0
6.1607399s,1.3605545s,6.945514s,17559,1757,0
6.7854575s,1.3128695s,6.3399821s,17557,1757,0
5.6864209s,1.0039658s,7.4434632s,17558,1757,0
6.2405795s,1.2791853s,0s,17569,1757,0
6.2510524s,1.1004472s,0s,17567,1757,0
6.2960494s,1.3040695s,0s,17566,1757,0
6.3838777s,1.0799204s,0s,17563,1757,0
6.4889243s,1.259171s,0s,17568,1757,0
6.6060252s,1.0686146s,11.869023s,17564,1759,0
6.2196663s,1.4798729s,5.23015s,17580,1759,0
7.031272s,1.3534727s,11.470177s,17562,1759,0
6.8414354s,1.0448047s,4.631285s,17578,1759,0
5.9459074s,1.034644s,5.5320116s,17577,1759,0
6.4508306s,1.274743s,5.0277533s,17571,1759,0
5.8587606s,1.0368901s,5.6296448s,17576,1759,0
6.8503615s,1.1306115s,11.6693159s,17561,1759,0
6.4615984s,1.2487623s,5.026807s,17574,1759,0
6.563241s,1.4786495s,4.9274831s,17572,1759,0
6.8738126s,1.3451349s,4.6276715s,17575,1759,0
5.7731425s,1.094401s,5.737888s,17579,1759,0
6.4822297s,1.4154606s,5.0288008s,17573,1759,0
5.8281207s,1.292587s,11.7708767s,17589,1761,0
5.9031359s,1.19748s,4.8294334s,17592,1761,0
6.2296052s,1.0023808s,11.3693922s,17590,1761,0
6.3208451s,1.3735449s,4.4281416s,17593,1761,0
6.2256609s,1.3653502s,4.5278074s,17596,1761,0
6.8661928s,1.3596476s,10.7666144s,17587,1761,0
6.5585995s,1.3974852s,11.0742077s,17582,1761,0
6.3647778s,1.4094756s,11.2680294s,17586,1761,0
6.7507478s,1.224521s,4.0239772s,17597,1761,0
5.87709s,1.3714731s,11.7704721s,17584,1761,0
6.1786145s,1.4725621s,11.4694902s,17588,1761,0
6.7767353s,1.4964844s,10.8713694s,17583,1761,0
5.759928s,1.0677191s,5.0314702s,17598,1761,0
6.0635871s,1.0014008s,4.7315368s,17600,1761,0
6.2942206s,1.0906172s,11.371772s,17581,1761,0
6.6832565s,1.494429s,4.1205215s,17591,1761,0
6.7839656s,1.3478428s,4.0198124s,17599,1761,0
6.1122926s,1.1622176s,11.5677207s,17585,1761,0
6.0821614s,1.0191617s,4.7314238s,17595,1761,0
7.2951918s,1.4444202s,3.521556s,17594,1761,0
6.2989433s,1.3343923s,1.812066s,17613,1763,0
6.187577s,1.1103077s,8.7614319s,17603,1763,0
6.8086707s,1.407432s,1.3083634s,17618,1763,0
5.3191882s,1.0957252s,2.8196866s,17615,1763,0
6.5279607s,1.1134718s,8.4481162s,17609,1763,0
6.233331s,1.113215s,1.9114745s,17620,1763,0
5.9272637s,1.2744061s,9.053765s,17606,1763,0
6.8336061s,1.2345439s,8.1474226s,17601,1763,0
5.8350688s,1.106202s,2.3118497s,17616,1763,0
6.1414553s,1.3604658s,2.0132727s,17617,1763,0
6.3408193s,1.199424s,1.8139087s,17611,1763,0
6.6428536s,1.4941513s,8.348057s,17602,1763,0
5.7554523s,1.1193131s,2.4144861s,17619,1763,0
6.2661046s,1.0674844s,8.7530108s,17610,1763,0
5.756681s,1.2133116s,9.2624344s,17607,1763,0
6.4581741s,1.4007489s,8.5609413s,17608,1763,0
6.5678321s,1.3397288s,8.4512833s,17604,1763,0
6.3759425s,1.2436534s,1.8110155s,17612,1763,0
6.8825856s,1.2844595s,1.308146s,17614,1763,0
6.4805317s,1.2880016s,8.5527483s,17605,1763,0
6.4271732s,1.3553086s,7.1390696s,17624,1764,0
6.5268661s,1.2821982s,7.0393767s,17630,1764,0
5.895325s,1.2912818s,703.8912ms,17632,1764,0
6.3339759s,1.1044749s,7.2371773s,17629,1764,0
6.2012114s,1.137778s,402.442ms,17639,1764,0
6.2045028s,1.392381s,402.3382ms,17633,1764,0
6.3420072s,1.3837279s,7.2380737s,17622,1764,0
6.7578753s,1.3398017s,6.8385115s,17623,1764,0
6.1568017s,1.2082153s,7.442429s,17627,1764,0
6.9697106s,1.473455s,6.6377895s,17628,1764,0
6.0722188s,1.2954321s,7.5364686s,17621,1764,0
6.1707322s,1.1416538s,7.4379552s,17625,1764,0
6.544598s,1.0505531s,100.644ms,17631,1764,0
6.0592726s,1.0164535s,602.5872ms,17638,1764,0
6.2686488s,1.2065486s,400.7035ms,17634,1764,0
5.5756401s,1.0025619s,1.1057079s,17635,1764,0
5.6827122s,1.0872998s,1.0071069s,17636,1764,0
6.7236452s,1.3510518s,6.942893s,17626,1764,0
6.6968276s,1.4935732s,0s,17640,1764,0
6.806746s,1.0713818s,0s,17637,1764,0
6.3000092s,1.337426s,6.4323791s,17643,1766,0
6.0988169s,1.363528s,6.6335714s,17650,1766,0
6.4965804s,1.1497628s,6.2358079s,17648,1766,0
6.5090134s,1.4265429s,6.2356952s,17647,1766,0
5.9094915s,1.0645821s,6.8403028s,17644,1766,0
5.9384044s,1.3554269s,302.3765ms,17660,1766,0
6.254822s,1.3025868s,0s,17658,1766,0
6.3266547s,1.1215647s,6.4405332s,17646,1766,0
6.1579436s,1.3036389s,100.2309ms,17657,1766,0
5.658115s,1.2363819s,603.5449ms,17652,1766,0
6.4436277s,1.3036486s,6.3310515s,17649,1766,0
6.4534678s,1.3815307s,6.3367379s,17645,1766,0
5.8780334s,1.4057615s,403.1589ms,17659,1766,0
6.4566156s,1.4904785s,6.3367001s,17641,1766,0
6.4610696s,1.4994307s,6.3381313s,17642,1766,0
6.0958601s,1.0094031s,201.1948ms,17653,1766,0
6.3773643s,1.0726747s,0s,17654,1766,0
6.4778813s,1.2574762s,0s,17656,1766,0
6.4796249s,1.3338732s,0s,17655,1766,0
6.5832584s,1.0870385s,4.8236301s,17666,1768,0
5.5795053s,1.360398s,5.8273832s,17665,1768,0
6.5924114s,1.3812606s,4.8309042s,17670,1768,0
7.1072713s,1.464731s,4.3247726s,17661,1768,0
6.9085069s,1.3807246s,4.523537s,17669,1768,0
6.4096535s,1.104173s,5.0274532s,17663,1768,0
6.7715242s,1.4404359s,11.464325s,17651,1768,0
6.7466061s,1.2134441s,4.7245577s,17667,1768,0
5.851432s,1.2391579s,5.6260116s,17664,1768,0
6.5572929s,1.0575332s,4.9227713s,17662,1768,0
6.2602785s,1.4592197s,5.2278065s,17668,1768,0
5.7801804s,1.0116097s,4.7273738s,17685,1770,0
6.8840812s,1.3877116s,10.5616952s,17673,1770,0
6.6952351s,1.423289s,3.8219332s,17681,1770,0
6.4014405s,1.338527s,4.1216621s,17688,1770,0
5.5973866s,1.2492384s,4.925716s,17686,1770,0
6.7113667s,1.2712334s,10.7548274s,17676,1770,0
5.9162606s,1.2991619s,11.5588983s,17675,1770,0
5.8211081s,1.004451s,11.660618s,17672,1770,0
5.9265782s,1.0133631s,4.6233995s,17682,1770,0
6.9331061s,1.308142s,10.5532766s,17678,1770,0
6.1292521s,1.2463063s,11.3571306s,17674,1770,0
6.5348017s,1.1516367s,4.0184749s,17684,1770,0
5.8339406s,1.0694589s,11.6545243s,17680,1770,0
5.5280201s,1.1777649s,5.0273387s,17690,1770,0
6.2367054s,1.358607s,11.2517595s,17671,1770,0
5.8337069s,1.1192934s,4.7216519s,17689,1770,0
6.7520002s,1.1032724s,10.761039s,17679,1770,0
6.6658555s,1.3378762s,3.9225354s,17683,1770,0
6.0633139s,1.1686242s,11.4628246s,17677,1770,0
5.669065s,1.0432966s,4.9265848s,17687,1770,0
6.0756565s,1.159231s,9.7524526s,17696,1772,0
6.6933278s,1.3912948s,2.4142584s,17704,1772,0
6.0808962s,1.2894126s,9.7569604s,17694,1772,0
6.5950333s,1.0872389s,2.5154538s,17701,1772,0
6.502919s,1.3157488s,9.3550769s,17691,1772,0
6.7157102s,1.0095602s,2.4165049s,17710,1772,0
6.2224563s,1.2955664s,9.6604534s,17699,1772,0
6.7292505s,1.1992792s,9.1536592s,17695,1772,0
6.8384507s,1.354897s,2.3166333s,17702,1772,0
6.2390731s,1.0386359s,2.9168191s,17709,1772,0
6.5358623s,1.4224646s,9.3582168s,17692,1772,0
6.1483275s,1.4120138s,3.0154812s,17708,1772,0
6.4352112s,1.297229s,9.4588679s,17700,1772,0
5.8355404s,1.0822131s,10.0585387s,17697,1772,0
6.25038s,1.3626925s,2.9160162s,17707,1772,0
6.6586045s,1.0095602s,2.5163104s,17703,1772,0
6.5521173s,1.3946914s,9.353068s,17693,1772,0
6.0657846s,1.2873076s,3.1194343s,17705,1772,0
6.6721403s,1.2213425s,9.2519358s,17698,1772,0
6.2776586s,1.4147402s,2.9161471s,17706,1772,0
6.7978773s,1.4083294s,1.6116682s,17729,1774,0
6.2034422s,1.2542635s,2.2136083s,17723,1774,0
6.6052631s,1.1396922s,1.8117874s,17721,1774,0
6.3812813s,1.4068806s,8.5459012s,17716,1774,0
5.9075924s,1.3305723s,2.5138839s,17724,1774,0
6.3960989s,1.116285s,8.551151s,17712,1774,0
6.7348772s,1.4485389s,1.7089505s,17722,1774,0
7.1396987s,1.4444173s,1.307206s,17728,1774,0
6.4071387s,1.0637351s,8.5508181s,17713,1774,0
6.3057619s,1.3074931s,8.6521949s,17711,1774,0
6.5097473s,1.2624837s,8.4511941s,17717,1774,0
6.1165954s,1.1399684s,8.849961s,17719,1774,0
6.2189489s,1.4583195s,8.7476075s,17714,1774,0
5.9211314s,1.1788271s,9.0500995s,17720,1774,0
5.6317613s,1.1384402s,9.3531552s,17715,1774,0
6.5655293s,1.0725133s,1.9113486s,17725,1774,0
6.2367877s,1.0670403s,8.7510591s,17718,1774,0
6.2650596s,1.1064474s,2.2130399s,17726,1774,0
5.6665786s,1.0153489s,2.8179928s,17727,1774,0
6.7865978s,1.4362875s,1.7100632s,17730,1774,0
6.8233047s,1.3213386s,7.5425075s,17740,1776,0
6.5378378s,1.2485548s,1.0046697s,17748,1776,0
5.8385285s,1.0465829s,1.7093764s,17744,1776,0
6.0302021s,1.0465423s,8.3511754s,17732,1776,0
6.2324275s,1.427622s,8.14895s,17735,1776,0
6.4352296s,1.1370453s,7.9461479s,17733,1776,0
5.6584635s,1.0286787s,1.9107692s,17745,1776,0
6.4623374s,1.1433645s,1.1068953s,17743,1776,0
6.6660812s,1.355678s,903.664ms,17749,1776,0
6.2661836s,1.2626386s,1.3074793s,17741,1776,0
6.1500717s,1.2314702s,8.2490938s,17737,1776,0
6.4016476s,1.2826544s,1.2040229s,17747,1776,0
6.1794554s,1.1162355s,8.2495198s,17736,1776,0
6.3021624s,1.1814408s,1.3067442s,17746,1776,0
6.4074723s,1.4123121s,1.2071719s,17750,1776,0
5.6939325s,1.06836s,8.7534653s,17734,1776,0
6.016968s,1.3916726s,1.6097951s,17742,1776,0
6.299741s,1.3786624s,8.1529385s,17738,1776,0
6.0094941s,1.2003481s,8.4465555s,17731,1776,0
6.8147633s,1.2452753s,7.6412863s,17739,1776,0
6.300081s,1.0174681s,6.6375433s,17756,1777,0
6.8340425s,1.2966464s,6.1344438s,17759,1777,0
6.5298464s,1.4896521s,6.4383297s,17758,1777,0
6.33139s,1.1348673s,6.6370963s,17751,1777,0
6.2389886s,1.0306902s,6.7374979s,17755,1777,0
6.4398842s,1.2451061s,6.5366023s,17760,1777,0
6.3548862s,1.1585248s,6.6318131s,17757,1777,0
6.260963s,1.1318299s,6.7338858s,17754,1777,0
7.1662844s,1.2624633s,5.8285644s,17753,1777,0
6.5691727s,1.2206687s,6.4404592s,17752,1777,0
5.8713667s,1.1766139s,0s,17764,1777,0
5.8796591s,1.1087853s,0s,17766,1777,0
6.0387706s,1.1703095s,0s,17765,1777,0
6.0650776s,1.2925231s,0s,17769,1777,0
6.123003s,1.2645455s,0s,17763,1777,0
6.1388432s,1.3544227s,0s,17768,1777,0
6.2165931s,1.0214831s,0s,17762,1777,0
6.2357764s,1.0554974s,0s,17767,1777,0
6.2387571s,1.0225507s,0s,17761,1777,0
5.5441219s,1.2612498s,7.5440551s,17777,1779,0
6.4785847s,1.293151s,6.6407236s,17779,1779,0
6.0854595s,1.0733653s,7.0412926s,17774,1779,0
6.3890962s,1.3471774s,6.7397754s,17773,1779,0
5.8920569s,1.2514879s,7.2412961s,17776,1779,0
5.9945074s,1.2044156s,7.1411975s,17778,1779,0
6.3021258s,1.4683198s,6.8377177s,17780,1779,0
5.9050449s,1.1548229s,7.2383032s,17772,1779,0
6.0035497s,1.1969958s,501.6006ms,17788,1779,0
6.4082096s,1.1309602s,100.9527ms,17786,1779,0
6.5188143s,1.432555s,6.6399759s,17771,1779,0
5.9244259s,1.1727886s,603.6732ms,17781,1779,0
6.6369929s,1.1067872s,6.5358707s,17775,1779,0
6.3339068s,1.4258902s,201.5665ms,17787,1779,0
6.3384316s,1.4214039s,13.1777057s,17770,1779,0
6.1388607s,1.253672s,402.3253ms,17783,1779,0
6.6040532s,1.3674201s,0s,17782,1779,0
6.626261s,1.232931s,0s,17789,1779,0
6.6854406s,1.4052452s,0s,17784,1779,0
6.7391351s,1.3416278s,0s,17785,1779,0
6.8749781s,1.4315943s,0s,17790,1779,0
6.2949303s,1.2900891s,5.3301784s,17794,1781,0
6.7119535s,1.4801769s,4.9302818s,17796,1781,0
5.8386627s,1.1226653s,5.83495s,17793,1781,0
6.3436979s,1.3075365s,5.3299148s,17795,1781,0
6.6452429s,1.4924617s,5.0283698s,17800,1781,0
5.6458506s,1.027738s,6.0376179s,17791,1781,0
5.9546042s,1.0128251s,5.7314252s,17792,1781,0
6.7626416s,1.1371471s,4.9295244s,17798,1781,0
6.7639214s,1.0477118s,4.9311s,17797,1781,0
6.1642954s,1.0317136s,5.5358662s,17799,1781,0
6.2283967s,1.3234119s,11.7748313s,17810,1783,0
6.842535s,1.3567494s,3.9258785s,17819,1783,0
7.2398879s,1.4474925s,10.7687672s,17804,1783,0
7.0451379s,1.4488282s,10.9688399s,17806,1783,0
6.6564317s,1.0833302s,4.1212151s,17814,1783,0
7.0584509s,1.4427606s,3.7191959s,17813,1783,0
6.6566933s,1.3253122s,11.3657624s,17801,1783,0
6.5642102s,1.3741157s,4.2237171s,17818,1783,0
6.3659001s,1.0459023s,4.4272476s,17811,1783,0
6.8782054s,1.1088305s,11.173032s,17807,1783,0
6.3857711s,1.3225106s,4.429373s,17815,1783,0
6.0859837s,1.3550271s,4.7291604s,17820,1783,0
6.5907462s,1.1046696s,11.4682944s,17805,1783,0
5.8901525s,1.0863198s,12.1754255s,17808,1783,0
6.8973261s,1.2932479s,11.1682519s,17802,1783,0
6.5038009s,1.3022454s,11.5733255s,17809,1783,0
6.0068737s,1.1001548s,4.8300111s,17816,1783,0
6.8057831s,1.3452542s,11.2717444s,17803,1783,0
5.7060203s,1.335178s,5.1308645s,17812,1783,0
6.8241385s,1.019413s,4.0272685s,17817,1783,0
6.3998304s,1.1387743s,4.1212876s,17837,1785,0
6.006882s,1.066976s,11.3717849s,17826,1785,0
6.0103514s,1.3181499s,11.3683155s,17825,1785,0
6.5301584s,1.1764593s,10.8650966s,17829,1785,0
6.0379482s,1.0656511s,11.3673369s,17821,1785,0
6.828356s,1.2719712s,3.7228583s,17836,1785,0
6.8441268s,1.022426s,10.5611583s,17827,1785,0
5.9317399s,1.0951404s,4.6236383s,17833,1785,0
5.728754s,1.0494272s,4.8266242s,17831,1785,0
5.8315506s,1.0505581s,4.7238276s,17838,1785,0
6.8372019s,1.0114474s,3.7181763s,17835,1785,0
6.4481336s,1.3603424s,10.9711621s,17824,1785,0
6.8540708s,1.3276858s,10.5652249s,17828,1785,0
6.4492866s,1.3523625s,4.1242141s,17832,1785,0
6.4632335s,1.296931s,10.964338s,17823,1785,0
6.2616306s,1.3181499s,11.1659409s,17830,1785,0
5.8699762s,1.2044458s,11.5720863s,17822,1785,0
6.7638671s,1.473128s,3.8241246s,17839,1785,0
6.8667996s,1.2511045s,3.7211921s,17834,1785,0
6.7671251s,1.0940507s,3.8208666s,17840,1785,0
6.3428303s,1.2481585s,9.3651883s,17843,1787,0
6.2107023s,1.2977109s,2.4127607s,17855,1787,0
6.5120301s,1.071513s,2.1114329s,17853,1787,0
6.0189927s,1.0917076s,2.618707s,17857,1787,0
6.6724215s,1.2785299s,9.0563935s,17844,1787,0
6.2755941s,1.4035555s,9.4603937s,17846,1787,0
7.0888797s,1.4164681s,8.6529372s,17841,1787,0
6.5834683s,1.3922497s,9.1583486s,17845,1787,0
6.5865092s,1.3286626s,9.1556276s,17842,1787,0
5.5389738s,1.352462s,3.1177866s,17860,1787,0
6.1473916s,1.0486912s,2.5130088s,17856,1787,0
5.8512831s,1.2198345s,2.813339s,17858,1787,0
7.0613092s,1.3066822s,1.6085808s,17854,1787,0
5.9067996s,1.2303796s,9.858731s,17850,1787,0
5.8080997s,1.0953613s,9.9595438s,17847,1787,0
6.3683131s,1.3001404s,2.3124561s,17851,1787,0
6.3683131s,1.1957668s,2.3124561s,17859,1787,0
7.0772017s,1.4340036s,1.6083783s,17852,1787,0
6.4174078s,1.4342617s,9.3616588s,17848,1787,0
6.8418784s,1.3206368s,8.9524901s,17849,1787,0
6.476462s,1.1764938s,100.756ms,17871,1788,0
6.4784757s,1.4173265s,100.7668ms,17875,1788,0
6.11748s,1.3896646s,7.3465881s,17861,1788,0
5.7290254s,1.1347106s,7.7452029s,17863,1788,0
6.2005972s,1.2491921s,403.6231ms,17876,1788,0
6.2420605s,1.2595465s,7.2439507s,17865,1788,0
5.9033908s,1.3254718s,704.8247ms,17872,1788,0
6.5494073s,1.0799443s,6.9420127s,17864,1788,0
6.3455868s,1.4098008s,7.1458332s,17868,1788,0
6.2098404s,1.0972262s,401.4379ms,17877,1788,0
6.41955s,1.3552637s,201.7428ms,17873,1788,0
5.5621068s,1.2288985s,7.9458571s,17869,1788,0
6.5717243s,1.0986515s,6.9385623s,17866,1788,0
5.7748452s,1.305434s,7.7489989s,17862,1788,0
6.880571s,1.4754324s,6.6432731s,17870,1788,0
6.4522235s,1.370417s,201.6117ms,17874,1788,0
6.3598011s,1.3263808s,301.5921ms,17879,1788,0
6.5632477s,1.1124464s,100.5894ms,17878,1788,0
5.9986273s,1.2389134s,7.5488833s,17867,1788,0
6.8245649s,1.2353927s,0s,17880,1788,0
5.7270608s,1.4618132s,6.3384108s,17883,1790,0
6.834175s,1.0808356s,5.2312966s,17890,1790,0
7.0526163s,1.359104s,5.0325534s,17889,1790,0
5.8613627s,1.0589961s,6.2390807s,17885,1790,0
6.4753867s,1.4465447s,5.638439s,17887,1790,0
6.186263s,1.4403528s,5.9366916s,17882,1790,0
7.0921702s,1.4551745s,5.0307844s,17884,1790,0
6.3953898s,1.4765551s,5.7369876s,17888,1790,0
5.4928923s,1.0079075s,6.6425876s,17881,1790,0
5.9099207s,1.35554s,6.2407584s,17886,1790,0
6.5422146s,1.0224531s,11.4755302s,17894,1792,0
6.6633189s,1.2274913s,4.430062s,17905,1792,0
6.5695531s,1.2817298s,4.5274873s,17903,1792,0
6.0716038s,1.2403211s,5.0283134s,17906,1792,0
6.5582629s,1.0583703s,11.4750285s,17892,1792,0
6.4872322s,1.2645584s,4.6294727s,17904,1792,0
5.9648997s,1.1764944s,12.0813697s,17896,1792,0
6.2814711s,1.0533949s,11.7687175s,17891,1792,0
6.6795231s,1.240495s,11.3706655s,17893,1792,0
6.7887109s,1.3123319s,11.2707833s,17900,1792,0
7.0186961s,1.4005965s,4.1272269s,17909,1792,0
6.5136143s,1.4565979s,4.6326186s,17902,1792,0
6.0955933s,1.2362449s,11.9750035s,17899,1792,0
7.0299906s,1.4543827s,4.1251605s,17910,1792,0
7.1327944s,1.4505779s,4.0261683s,17908,1792,0
6.2273356s,1.3036894s,4.9316271s,17901,1792,0
6.9239918s,1.1055592s,11.1708696s,17898,1792,0
6.4270484s,1.1105115s,11.6722546s,17897,1792,0
5.6170966s,1.0911166s,12.481885s,17895,1792,0
5.6364768s,1.2898738s,5.5384623s,17907,1792,0
6.3305756s,1.2433729s,8.9557081s,17912,1794,0
6.3276572s,1.3012852s,1.9104073s,17927,1794,0
6.4377921s,1.2207936s,1.8091992s,17921,1794,0
6.6395369s,1.2418182s,1.6099429s,17924,1794,0
6.3398352s,1.2965738s,1.9112011s,17929,1794,0
7.0479129s,1.3000633s,8.2513426s,17913,1794,0
6.7414797s,1.0240593s,1.5095566s,17922,1794,0
6.1454s,1.233509s,9.1538555s,17911,1794,0
6.0482433s,1.0927378s,9.257418s,17918,1794,0
6.2547514s,1.4158185s,2.0113401s,17928,1794,0
5.4546531s,1.1244673s,9.8596576s,17915,1794,0
6.8711584s,1.1926862s,1.4087237s,17925,1794,0
6.4762235s,1.0714838s,8.8575983s,17916,1794,0
6.0808975s,1.4920537s,9.2558456s,17919,1794,0
6.3914651s,1.4294712s,8.9568904s,17914,1794,0
6.9981909s,1.2725406s,8.3554664s,17917,1794,0
5.3902474s,1.0949121s,2.9185627s,17923,1794,0
6.0942105s,1.3196651s,9.2648442s,17920,1794,0
6.201253s,1.4138105s,2.1095825s,17930,1794,0
6.9071814s,1.2795267s,1.4094465s,17926,1794,0
5.980129s,1.2762812s,2.2116582s,17943,1796,0
6.4082145s,1.2105632s,8.5022373s,17939,1796,0
6.8095458s,1.2323795s,1.4061741s,17941,1796,0
6.4088204s,1.103334s,1.8088876s,17944,1796,0
6.8126975s,1.382486s,1.4075341s,17948,1796,0
6.6178538s,1.3122849s,1.6076408s,17947,1796,0
5.8695591s,1.1492184s,9.062576s,17938,1796,0
6.332102s,1.024637s,8.6000331s,17935,1796,0
6.4663124s,1.1762804s,8.4658227s,17932,1796,0
5.5541276s,1.0204547s,9.3780075s,17940,1796,0
6.0515149s,1.1921006s,8.8806202s,17937,1796,0
6.4423866s,1.2004127s,1.8078182s,17950,1796,0
6.3469823s,1.1460011s,1.9068208s,17942,1796,0
6.5565652s,1.2912118s,1.7093852s,17945,1796,0
6.3796474s,1.182928s,8.5840549s,17933,1796,0
6.6956384s,1.2922762s,8.2680639s,17931,1796,0
6.4744551s,1.2754164s,8.4892472s,17936,1796,0
6.0792019s,1.1363302s,8.8845004s,17934,1796,0
6.3620651s,1.4745312s,1.90889s,17946,1796,0
6.1672657s,1.3025055s,2.1088723s,17949,1796,0
5.8761059s,1.3716566s,803.8667ms,17962,1797,0
5.7813363s,1.3333429s,905.7205ms,17970,1797,0
6.6887584s,1.1262405s,0s,17965,1797,0
6.6301719s,1.2364475s,6.9377789s,17955,1797,0
5.4891915s,1.1315885s,1.2072618s,17967,1797,0
6.5380516s,1.1504978s,7.040889s,17952,1797,0
6.0390201s,1.0704037s,7.5455191s,17957,1797,0
6.5089045s,1.0662482s,200.8648ms,17966,1797,0
6.0078464s,1.1413313s,704.8652ms,17968,1797,0
5.9557282s,1.3755627s,7.6409953s,17956,1797,0
6.2580149s,1.2647693s,7.3387086s,17951,1797,0
6.3716864s,1.0505043s,7.2420145s,17958,1797,0
6.8774869s,1.2894304s,6.736214s,17954,1797,0
6.0314638s,1.3316043s,704.3482ms,17961,1797,0
6.5804844s,1.464635s,7.0380787s,17953,1797,0
6.3470912s,1.2122205s,401.269ms,17964,1797,0
6.6562507s,1.1307361s,100.3713ms,17963,1797,0
5.8989893s,1.1067152s,7.7434712s,17959,1797,0
5.8989893s,1.302585s,7.7434712s,17960,1797,0
7.0142933s,1.1603802s,0s,17969,1797,0
6.7147513s,1.3866269s,5.4327009s,17971,1799,0
6.4178237s,1.3165115s,5.7355763s,17979,1799,0
5.8182001s,1.0604763s,6.3410281s,17978,1799,0
6.026846s,1.202405s,6.1366151s,17973,1799,0
6.7470876s,1.2997114s,5.4361251s,17976,1799,0
5.6629735s,1.2096279s,6.5397138s,17980,1799,0
5.3555511s,1.1196898s,100.0486ms,17983,1799,0
5.6739846s,1.0394809s,6.5380265s,17975,1799,0
6.5897017s,1.2523995s,5.6321381s,17972,1799,0
5.2805267s,1.2677603s,201.0214ms,17986,1799,0
6.4040602s,1.3087277s,5.8353696s,17974,1799,0
6.6037691s,1.3901417s,5.6356607s,17977,1799,0
5.6993342s,1.3102962s,0s,17985,1799,0
7.1789212s,1.4192332s,4.1257078s,18000,1801,0
6.2795878s,1.30728s,5.0298604s,17997,1801,0
6.7532373s,1.0495705s,11.6738556s,17987,1801,0
6.955715s,1.4053115s,11.4713779s,17984,1801,0
6.5127466s,1.3175855s,4.8330783s,17999,1801,0
6.4909551s,1.0447615s,11.9717352s,17989,1801,0
6.7873242s,1.3254286s,11.6753661s,17988,1801,0
5.7201114s,1.2575553s,5.6355146s,17998,1801,0
6.2994969s,1.1827659s,12.1754861s,17981,1801,0
7.1102603s,1.3656414s,11.3665665s,17982,1801,0
6.3338761s,1.1966302s,5.0326904s,17991,1801,0
6.3355322s,1.255427s,5.0310343s,17993,1801,0
6.8445552s,1.3512833s,4.5262608s,17992,1801,0
6.3155638s,1.1847858s,12.1655125s,17990,1801,0
7.0539557s,1.3116202s,4.3233455s,17996,1801,0
6.0498344s,1.4822861s,5.3311213s,17994,1801,0
6.7711699s,1.4564262s,4.6256107s,17995,1801,0
6.7029331s,1.1412494s,9.4562034s,18002,1803,0
6.1086455s,1.1767742s,3.3203724s,18013,1803,0
6.5086081s,1.347761s,9.6541333s,18009,1803,0
6.5104492s,1.1334391s,9.6564815s,18008,1803,0
6.2235258s,1.2034392s,9.9477684s,18010,1803,0
6.2268025s,1.0114468s,3.218074s,18019,1803,0
7.1333532s,1.3696468s,2.3138387s,18015,1803,0
6.7337235s,1.4513985s,9.4539186s,18006,1803,0
6.2353917s,1.4098603s,3.2185269s,18014,1803,0
6.5361566s,1.2435871s,2.917762s,18018,1803,0
6.343805s,1.2780465s,9.8559562s,18005,1803,0
6.5532991s,1.0558035s,2.9157122s,18020,1803,0
5.9553593s,1.2704369s,10.2652103s,18001,1803,0
6.9732189s,1.3453584s,2.5136272s,18012,1803,0
6.6729581s,1.3870737s,2.8149607s,18017,1803,0
6.1651349s,1.3107089s,10.0565074s,18003,1803,0
5.6725356s,1.2932626s,10.5618013s,18004,1803,0
6.7886168s,1.3974449s,2.714064s,18016,1803,0
6.3901905s,1.1115701s,3.1186066s,18011,1803,0
6.3866402s,1.394414s,9.8623105s,18007,1803,0
6.7573683s,1.0998128s,7.1451359s,18022,1805,0
6.670313s,1.0574126s,7.242261s,18023,1805,0
6.5560572s,1.0764359s,602.9605ms,18040,1805,0
6.3725008s,1.1494316s,7.5466151s,18024,1805,0
5.5582042s,1.1859237s,1.6073115s,18034,1805,0
6.4874451s,1.4889868s,7.4452884s,18021,1805,0
6.1924578s,1.3955947s,7.7451583s,18027,1805,0
6.498628s,1.4452883s,7.4437576s,18025,1805,0
6.1051997s,1.4001362s,7.8427384s,18030,1805,0
6.1900054s,1.2284544s,1.0041204s,18037,1805,0
6.5289599s,1.3503114s,7.4440745s,18028,1805,0
6.2163817s,1.0520875s,1.0038636s,18039,1805,0
6.4171835s,1.1285579s,803.0618ms,18038,1805,0
5.9354884s,1.2344742s,8.0471163s,18029,1805,0
6.4232203s,1.1932375s,802.5712ms,18036,1805,0
5.9213765s,1.0106215s,1.3065023s,18032,1805,0
6.1252436s,1.1008574s,1.1047245s,18033,1805,0
6.4265802s,1.2930127s,803.3879ms,18031,1805,0
6.4463952s,1.3907759s,7.5432361s,18026,1805,0
6.2302265s,1.198228s,1.0050273s,18035,1805,0
6.8405174s,1.4537728s,5.7339311s,18043,1806,0
6.6428817s,1.203846s,5.9339632s,18048,1806,0
5.6361978s,1.0068875s,6.9406471s,18050,1806,0
6.4623934s,1.4310278s,6.1384697s,18042,1806,0
5.9671625s,1.2015231s,6.6388024s,18045,1806,0
6.4864274s,1.4819327s,6.1330632s,18041,1806,0
7.0026547s,1.3777544s,5.6330929s,18044,1806,0
6.4210394s,1.4948132s,6.2378987s,18049,1806,0
5.6230086s,1.0276347s,7.0392389s,18047,1806,0
6.8299944s,1.0679649s,5.8339654s,18046,1806,0
5.6939648s,1.1689547s,0s,18051,1806,0
5.931502s,1.0612649s,0s,18052,1806,0
6.3130774s,1.1914272s,11.6705803s,18055,1808,0
6.1908607s,1.2878604s,5.0302227s,18064,1808,0
6.3210978s,1.3296497s,4.9269664s,18066,1808,0
6.0257426s,1.3116548s,5.2301295s,18068,1808,0
6.4277331s,1.1328803s,4.828139s,18063,1808,0
6.7622729s,1.1168245s,11.263568s,18058,1808,0
5.7414193s,1.0553707s,5.5327418s,18061,1808,0
6.4685968s,1.1791389s,11.5751782s,18056,1808,0
6.4701775s,1.4520178s,11.5729766s,18060,1808,0
5.3501584s,1.3296497s,5.9310423s,18062,1808,0
6.5691418s,1.401536s,11.4746332s,18054,1808,0
6.1790843s,1.3461687s,11.8646907s,18053,1808,0
6.5852234s,1.2745829s,11.465688s,18057,1808,0
6.8705515s,1.2662711s,4.4270627s,18070,1808,0
6.5734032s,1.2878604s,4.724211s,18065,1808,0
6.8805589s,1.4517046s,4.4251512s,18067,1808,0
6.679731s,1.0385657s,4.6259791s,18069,1808,0
6.6115744s,1.3703072s,11.4690599s,18059,1808,0
6.5659432s,1.1797476s,4.6279043s,18083,1810,0
6.2644671s,1.1916459s,11.5681343s,18076,1810,0
5.7643059s,1.18882s,5.4353147s,18089,1810,0
6.0695367s,1.0757376s,11.7681703s,18078,1810,0
6.2790913s,1.0145326s,4.9277341s,18086,1810,0
5.9909993s,1.0894996s,11.8689662s,18079,1810,0
6.5913429s,1.4353026s,11.2681884s,18080,1810,0
5.6916129s,1.1685386s,12.1683526s,18072,1810,0
6.494234s,1.1810694s,11.3657315s,18071,1810,0
6.1023665s,1.4136416s,11.7657169s,18077,1810,0
5.8008056s,1.0956506s,5.434297s,18090,1810,0
6.4085744s,1.0564489s,4.8285578s,18084,1810,0
6.4154675s,1.2408978s,11.4655226s,18073,1810,0
5.9238607s,1.0564489s,5.33829s,18082,1810,0
6.7403535s,1.0998942s,4.5297196s,18088,1810,0
6.6329808s,1.3355143s,11.2700731s,18074,1810,0
6.9464369s,1.4629592s,4.3242731s,18081,1810,0
6.1515718s,1.2094921s,5.1304042s,18085,1810,0
6.6582876s,1.2403986s,4.6268783s,18087,1810,0
5.7481709s,1.0394171s,12.1699758s,18075,1810,0
6.0648362s,1.2893636s,9.5532096s,18096,1812,0
5.8654329s,1.4374135s,9.7614112s,18095,1812,0
6.971962s,1.2967304s,8.6548821s,18097,1812,0
5.8067983s,1.0484223s,2.8146891s,18105,1812,0
6.4835663s,1.1555904s,9.1531498s,18092,1812,0
6.3817443s,1.1805572s,9.2549718s,18100,1812,0
6.1273629s,1.2971066s,2.5162082s,18106,1812,0
6.7001026s,1.4538529s,8.9545439s,18099,1812,0
6.9357012s,1.4272688s,1.7094178s,18102,1812,0
6.6035468s,1.2136573s,9.0546173s,18091,1812,0
7.0095275s,1.0953189s,8.6518805s,18094,1812,0
6.0380232s,1.2515952s,2.6138573s,18110,1812,0
6.041094s,1.1811002s,2.6184164s,18107,1812,0
6.8152312s,1.4233557s,8.8553831s,18093,1812,0
6.357023s,1.4703012s,2.3109924s,18103,1812,0
6.762892s,1.1758661s,1.9111223s,18108,1812,0
6.0612637s,1.0204369s,2.6144263s,18109,1812,0
6.3710634s,1.3745331s,2.3136905s,18101,1812,0
6.1405038s,1.015399s,9.5586413s,18098,1812,0
6.7789752s,1.1904622s,1.9106424s,18104,1812,0
6.6020839s,1.0932356s,1.1086009s,18128,1814,0
6.40594s,1.2568243s,1.3086417s,18124,1814,0
6.0016244s,1.0325423s,8.5452444s,18113,1814,0
6.4159383s,1.4807595s,1.3079879s,18121,1814,0
6.6117982s,1.1105478s,7.946624s,18115,1814,0
6.7162051s,1.1807987s,7.8464399s,18120,1814,0
6.831562s,1.4403147s,7.7436142s,18118,1814,0
5.5311046s,1.2695313s,2.2125096s,18126,1814,0
6.0415399s,1.2715455s,1.7096004s,18127,1814,0
5.8393601s,1.0065654s,8.7506484s,18116,1814,0
6.0389838s,1.4953098s,8.5510247s,18112,1814,0
6.3584986s,1.3014981s,1.409907s,18129,1814,0
6.2537455s,1.4303764s,8.3482774s,18114,1814,0
6.0589999s,1.032253s,1.711461s,18123,1814,0
6.9698209s,1.3930912s,804.5465ms,18125,1814,0
6.3668612s,1.3515292s,1.4098968s,18130,1814,0
6.4596578s,1.3068403s,8.1501311s,18117,1814,0
6.5623011s,1.2513226s,8.0481024s,18111,1814,0
6.3803025s,1.267524s,1.4072306s,18122,1814,0
6.6856489s,1.4983761s,7.9478753s,18119,1814,0
6.1950209s,1.2604057s,6.8442462s,18131,1815,0
6.6169392s,1.4635755s,6.4367317s,18140,1815,0
6.717075s,1.1285336s,6.3365959s,18138,1815,0
5.757214s,1.2246996s,402.0838ms,18148,1815,0
6.8294193s,1.3256396s,6.2448132s,18135,1815,0
5.6798904s,1.1907367s,503.8544ms,18146,1815,0
6.5491995s,1.4560351s,6.5367398s,18139,1815,0
6.1931606s,1.1083779s,0s,18149,1815,0
6.196639s,1.3069044s,0s,18145,1815,0
6.3532837s,1.2006374s,6.7377284s,18134,1815,0
6.0088306s,1.1714488s,201.6864ms,18147,1815,0
5.7692378s,1.1507971s,7.3435072s,18136,1815,0
6.4726682s,1.3156409s,6.6400768s,18132,1815,0
5.8254758s,1.49178s,402.9289ms,18144,1815,0
6.8943731s,1.4017628s,6.2329392s,18137,1815,0
5.8872039s,1.1277004s,7.2416147s,18133,1815,0
6.3919998s,1.076365s,0s,18150,1815,0
6.5426747s,1.2445254s,0s,18143,1815,0
5.7931562s,1.0172028s,5.0293126s,18154,1817,0
6.6991781s,1.4327916s,4.1280554s,18155,1817,0
7.0153673s,1.2132796s,3.8257153s,18160,1817,0
6.6482838s,1.255408s,11.1731789s,18142,1817,0
7.0282111s,1.4547366s,3.823841s,18158,1817,0
5.8220274s,1.0596283s,5.0357799s,18153,1817,0
6.7342025s,1.2414923s,4.127169s,18151,1817,0
6.9726657s,1.4755174s,10.8642814s,18141,1817,0
7.0478094s,1.4499s,3.826117s,18156,1817,0
6.4555024s,1.1418782s,4.4275912s,18157,1817,0
6.1574486s,1.0947904s,4.7303709s,18159,1817,0
6.6648408s,1.4547366s,4.2248883s,18152,1817,0
6.0672595s,1.0505551s,3.115438s,18176,1819,0
6.0655699s,1.2845031s,3.1171276s,18174,1819,0
5.8784175s,1.2413809s,10.4634506s,18162,1819,0
6.29789s,1.4191292s,10.0603878s,18163,1819,0
6.0899548s,1.1414192s,3.1169148s,18179,1819,0
6.4029836s,1.2828374s,9.9610999s,18169,1819,0
5.8982622s,1.2428253s,10.4658213s,18166,1819,0
6.3121312s,1.4248522s,10.0569264s,18161,1819,0
6.3020166s,1.3937839s,2.9156485s,18180,1819,0
5.5064482s,1.3409082s,10.8626094s,18167,1819,0
6.7188883s,1.4831981s,9.6553587s,18164,1819,0
6.1222849s,1.2667227s,3.1162436s,18171,1819,0
5.8292548s,1.0257535s,3.4192406s,18178,1819,0
7.1510731s,1.4223158s,9.2523073s,18170,1819,0
5.8475319s,1.2444577s,3.4221441s,18175,1819,0
5.951052s,1.2281915s,3.3199121s,18172,1819,0
6.5614141s,1.4174317s,9.8625874s,18168,1819,0
5.9561409s,1.0386814s,3.3189763s,18177,1819,0
6.4630117s,1.187512s,2.8152626s,18173,1819,0
6.0673459s,1.2100814s,10.3635734s,18165,1819,0
6.1770572s,1.2823847s,8.9507034s,18184,1821,0
5.8699372s,1.2373925s,9.2588292s,18187,1821,0
6.398106s,1.3083728s,1.6094798s,18198,1821,0
6.7839714s,1.4549658s,8.3492086s,18185,1821,0
6.2851118s,1.1755064s,8.8547878s,18181,1821,0
6.1172379s,1.2195336s,1.9097869s,18200,1821,0
6.1157426s,1.2235747s,1.9112822s,18199,1821,0
5.7905656s,1.1074637s,9.3626642s,18183,1821,0
6.1259893s,1.1835472s,1.9119682s,18195,1821,0
6.9352623s,1.1658822s,1.107202s,18197,1821,0
5.9363619s,1.3823934s,2.1101411s,18191,1821,0
7.1236231s,1.4467042s,8.0471334s,18182,1821,0
6.9394692s,1.4075872s,1.1076642s,18194,1821,0
5.8271103s,1.1103943s,9.3611632s,18188,1821,0
6.4393057s,1.3575161s,8.7521618s,18189,1821,0
6.1373044s,1.2798198s,9.0541631s,18190,1821,0
6.167928s,1.2302994s,1.9114185s,18193,1821,0
5.8694961s,1.088464s,2.2143583s,18196,1821,0
5.8765096s,1.233409s,2.2158907s,18192,1821,0
6.7673798s,1.3414126s,8.4489503s,18186,1821,0
5.5678624s,1.0243805s,9.0562641s,18208,1823,0
7.1015412s,1.387849s,604.375ms,18215,1823,0
6.3089462s,1.4943755s,1.409339s,18213,1823,0
6.3851548s,1.3941806s,8.2513407s,18207,1823,0
6.0928809s,1.1698402s,8.5512323s,18210,1823,0
6.0213989s,1.0306923s,1.7105677s,18219,1823,0
6.4975108s,1.2514406s,8.1526661s,18209,1823,0
6.3008233s,1.3794351s,8.3493536s,18202,1823,0
5.631406s,1.1259912s,2.1135647s,18220,1823,0
5.9322771s,1.2358792s,1.8126936s,18217,1823,0
6.9179048s,1.3217449s,7.7515302s,18204,1823,0
6.246424s,1.4439473s,1.5115751s,18218,1823,0
6.3350324s,1.442776s,8.3505889s,18201,1823,0
6.3603202s,1.2327139s,1.4101817s,18212,1823,0
7.071367s,1.3012949s,704.7951ms,18216,1823,0
6.0494159s,1.140494s,8.6545521s,18206,1823,0
6.0776538s,1.4014824s,1.7134959s,18214,1823,0
6.5834615s,1.1331302s,1.2081126s,18211,1823,0
6.0675095s,1.2104247s,8.6522287s,18203,1823,0
5.9611166s,1.1183552s,8.7586216s,18205,1823,0
5.8291713s,1.4033529s,1.3072506s,18240,1825,0
7.073487s,1.4074213s,7.1473818s,18229,1825,0
6.1763384s,1.4803311s,8.0493417s,18224,1825,0
7.0833649s,1.3861633s,7.1423152s,18223,1825,0
6.7437242s,1.4712455s,403.4392ms,18237,1825,0
6.0866064s,1.1493793s,8.1455346s,18225,1825,0
6.4931394s,1.4734264s,7.7491422s,18228,1825,0
6.9651286s,1.3112908s,201.4286ms,18238,1825,0
5.9680548s,1.4481602s,1.2076887s,18231,1825,0
6.8180874s,1.2163958s,7.4486138s,18221,1825,0
5.7770708s,1.027474s,1.4071437s,18233,1825,0
6.425908s,1.413439s,7.8446011s,18222,1825,0
6.5857754s,1.464188s,604.6063ms,18234,1825,0
6.790285s,1.2538655s,402.1024ms,18239,1825,0
6.7939077s,1.2013932s,402.4764ms,18236,1825,0
6.6361127s,1.4557495s,7.6450032s,18230,1825,0
6.000228s,1.3987375s,1.2061179s,18235,1825,0
6.3050171s,1.084385s,904.6302ms,18232,1825,0
6.5542514s,1.2503247s,7.7526694s,18226,1825,0
6.7564678s,1.2503247s,7.550453s,18227,1825,0
5.6447407s,1.1149244s,6.5384727s,18249,1826,0
6.1556095s,1.2181679s,6.0344033s,18250,1826,0
6.9679057s,1.2181679s,5.2320889s,18248,1826,0
6.6874581s,1.1487681s,5.5345414s,18243,1826,0
6.4895964s,1.2713287s,5.7324031s,18246,1826,0
6.4005067s,1.2881134s,5.842061s,18245,1826,0
6.9104469s,1.3036112s,5.33341s,18242,1826,0
7.0113809s,1.2696017s,5.232476s,18244,1826,0
6.3153014s,1.4483811s,5.9388719s,18247,1826,0
6.6405291s,1.2439417s,5.6374611s,18241,1826,0
6.1266591s,1.4848906s,10.8674919s,18252,1828,0
6.1576541s,1.4672972s,3.9281131s,18270,1828,0
6.3627792s,1.0587679s,3.7247635s,18262,1828,0
5.8368135s,1.157524s,11.1667543s,18251,1828,0
7.0816514s,1.3691936s,3.0182222s,18261,1828,0
6.7799539s,1.4552713s,3.3199197s,18265,1828,0
6.6845151s,1.4939413s,3.4236665s,18266,1828,0
5.8618187s,1.3997652s,11.1702619s,18257,1828,0
6.2711539s,1.4556485s,10.7666219s,18259,1828,0
6.0083629s,1.3785677s,4.1254274s,18263,1828,0
6.5885726s,1.4556485s,10.4627033s,18260,1828,0
6.7960489s,1.2857539s,10.2637482s,18258,1828,0
6.3910786s,1.3231772s,10.6687185s,18253,1828,0
6.1327173s,1.3735433s,4.0275218s,18268,1828,0
6.9138639s,1.4674757s,10.1619263s,18256,1828,0
6.1410712s,1.0291918s,4.0208551s,18269,1828,0
6.3034069s,1.2602088s,10.7723833s,18254,1828,0
6.2384272s,1.3233017s,3.9234991s,18267,1828,0
6.1016073s,1.1097885s,10.9741829s,18255,1828,0
6.7451735s,1.331452s,3.4185515s,18264,1828,0
6.3499696s,1.2077187s,1.9106937s,18282,1830,0
6.162847s,1.4773766s,2.1135173s,18281,1830,0
5.7222345s,1.0383706s,9.2570698s,18279,1830,0
6.4668061s,1.2266123s,1.8110624s,18289,1830,0
7.1738313s,1.3583958s,1.1069993s,18288,1830,0
5.4707234s,1.0669897s,2.816099s,18283,1830,0
6.650716s,1.3995067s,8.3457192s,18280,1830,0
6.1475464s,1.2976179s,8.8488888s,18273,1830,0
6.4922822s,1.1361413s,1.8110749s,18284,1830,0
6.6959154s,1.2927827s,1.6112203s,18290,1830,0
7.1152749s,1.4994018s,1.2069659s,18286,1830,0
5.9779268s,1.4817034s,9.0567313s,18271,1830,0
6.2833551s,1.2335009s,8.7545308s,18275,1830,0
5.5872912s,1.1365762s,9.458812s,18277,1830,0
6.5965262s,1.4296646s,8.449577s,18276,1830,0
6.4985352s,1.3006352s,8.5488355s,18274,1830,0
6.0315798s,1.0305386s,2.3128509s,18285,1830,0
6.7000783s,1.2115451s,8.3472924s,18278,1830,0
6.3335655s,1.0825103s,2.0108652s,18287,1830,0
6.7024661s,1.2078149s,8.3491338s,18272,1830,0
5.9921297s,1.0345449s,404.3342ms,18301,1831,0
6.168086s,1.3766884s,7.0458054s,18296,1831,0
6.7911869s,1.4255354s,6.4424827s,18299,1831,0
6.6942691s,1.3507241s,6.5394005s,18295,1831,0
6.8128845s,1.3835558s,6.44693s,18294,1831,0
6.6166255s,1.2765242s,6.6449412s,18293,1831,0
6.5201148s,1.0513332s,6.7414519s,18297,1831,0
6.455622s,1.4081846s,0s,18308,1831,0
6.1223919s,1.3330896s,7.1482368s,18291,1831,0
6.3344561s,1.049707s,6.9452343s,18300,1831,0
5.4638062s,1.3934244s,1.006848s,18304,1831,0
6.0674898s,1.0482521s,403.1644ms,18305,1831,0
6.2742124s,1.1843288s,201.3768ms,18309,1831,0
6.4427413s,1.072547s,6.8480366s,18292,1831,0
6.4475491s,1.2435558s,6.8454925s,18298,1831,0
6.3887739s,1.1572963s,100.1116ms,18303,1831,0
6.087959s,1.3437834s,402.6169ms,18310,1831,0
6.6552724s,1.416254s,0s,18307,1831,0
6.7039859s,1.4073284s,0s,18302,1831,0
6.7158408s,1.4249884s,0s,18306,1831,0
6.0928317s,1.0708716s,5.5355671s,18316,1833,0
6.1049189s,1.4258579s,5.5347734s,18313,1833,0
6.2161591s,1.3594068s,5.4354078s,18314,1833,0
5.9254824s,1.3657035s,5.73244s,18317,1833,0
6.5267561s,1.3119009s,5.1311663s,18319,1833,0
6.4299614s,1.103511s,5.2353797s,18318,1833,0
5.641823s,1.0978153s,6.0390503s,18320,1833,0
6.5515912s,1.0779098s,5.1297494s,18315,1833,0
6.1577228s,1.2756122s,5.5343905s,18311,1833,0
6.4789313s,1.3385752s,5.2342553s,18312,1833,0
6.3026838s,1.4495315s,4.6295944s,18339,1835,0
6.1991484s,1.2294916s,11.363632s,18321,1835,0
6.5902406s,1.0731295s,10.9725398s,18322,1835,0
6.2059903s,1.4834341s,11.3617733s,18323,1835,0
6.4258153s,1.0195691s,4.524423s,18338,1835,0
7.1317988s,1.3863096s,3.8252787s,18340,1835,0
6.6169577s,1.117055s,10.9722083s,18330,1835,0
6.3559096s,1.0358334s,4.6312625s,18335,1835,0
6.3595013s,1.2780491s,4.6308686s,18333,1835,0
5.9571337s,1.2780491s,5.0332362s,18336,1835,0
6.1345698s,1.1004198s,11.4733254s,18324,1835,0
6.2605861s,1.344656s,4.7331904s,18331,1835,0
6.5430561s,1.0944466s,11.0700158s,18327,1835,0
6.37698s,1.3973927s,4.6297179s,18332,1835,0
5.7530712s,1.46393s,11.8734585s,18325,1835,0
6.3603196s,1.460455s,11.2712119s,18326,1835,0
6.3712033s,1.2324569s,11.2684969s,18329,1835,0
6.5729046s,1.3245154s,11.0667956s,18328,1835,0
6.196327s,1.1342476s,4.8258479s,18334,1835,0
6.9021687s,1.2868124s,4.1234608s,18337,1835,0
7.0078211s,1.2428973s,2.3141299s,18355,1837,0
6.2063687s,1.1763924s,3.118545s,18356,1837,0
6.6139851s,1.2448939s,2.7148559s,18358,1837,0
6.1201038s,1.2433979s,10.0601977s,18346,1837,0
6.4134519s,1.4635298s,9.7668496s,18347,1837,0
5.8137782s,1.0630621s,3.5217276s,18353,1837,0
6.6263s,1.2026645s,9.5581826s,18341,1837,0
6.8311333s,1.4186366s,9.3537126s,18345,1837,0
5.3146853s,1.0884974s,4.0208205s,18359,1837,0
6.4277599s,1.3432207s,9.7662292s,18344,1837,0
6.4386518s,1.370813s,2.9160246s,18357,1837,0
6.8488086s,1.2790452s,9.3567084s,18349,1837,0
6.4421357s,1.0126326s,2.9165242s,18352,1837,0
5.7399975s,1.333805s,3.622471s,18360,1837,0
6.4572634s,1.1131917s,9.7674775s,18350,1837,0
6.0526167s,1.0956594s,10.1721242s,18342,1837,0
5.7644363s,1.125472s,3.6234309s,18354,1837,0
6.6804291s,1.4445081s,9.5601322s,18348,1837,0
6.7867541s,1.297277s,2.6156807s,18351,1837,0
6.4952432s,1.013711s,9.7607057s,18343,1837,0
6.8789697s,1.3454713s,1.906877s,18380,1839,0
6.1772997s,1.2827912s,2.6147736s,18375,1839,0
6.7856705s,1.3224431s,2.0111288s,18373,1839,0
6.485842s,1.0004985s,2.313229s,18377,1839,0
6.2884923s,1.4368914s,9.156198s,18364,1839,0
6.3967473s,1.2618724s,9.0553668s,18367,1839,0
6.0059528s,1.2724027s,9.4515764s,18366,1839,0
6.3041469s,1.0779639s,9.1533823s,18362,1839,0
6.1059177s,1.1925908s,9.3516115s,18369,1839,0
6.3151786s,1.4445207s,9.148684s,18368,1839,0
6.3177181s,1.0603104s,2.5106436s,18376,1839,0
7.1356117s,1.2453802s,1.7084958s,18379,1839,0
5.9339608s,1.1565716s,9.5545103s,18370,1839,0
6.6397335s,1.2423488s,8.8487376s,18363,1839,0
6.4387429s,1.2846476s,2.4099947s,18371,1839,0
6.446697s,1.4139067s,9.0514356s,18361,1839,0
5.9483401s,1.3655707s,2.9157918s,18372,1839,0
6.2532386s,1.4842782s,2.6133626s,18374,1839,0
6.4581035s,1.1777191s,9.0489862s,18365,1839,0
6.3630327s,1.4094227s,2.5116454s,18378,1839,0
6.5691562s,1.2355793s,7.5405498s,18387,1841,0
6.9748047s,1.4843008s,7.1378734s,18381,1841,0
6.7844215s,1.2902049s,7.3389416s,18385,1841,0
6.4498364s,1.1978534s,704.9679ms,18400,1841,0
6.2571673s,1.392868s,906.0716ms,18396,1841,0
6.0990099s,1.0364656s,8.0423426s,18386,1841,0
6.5002446s,1.3416219s,7.6407831s,18390,1841,0
6.1021726s,1.2064102s,8.0433216s,18389,1841,0
6.5704475s,1.4707017s,603.7413ms,18399,1841,0
6.5885034s,1.0226633s,603.835ms,18395,1841,0
6.0867578s,1.3048082s,1.1079986s,18391,1841,0
5.9245744s,1.110399s,8.2449867s,18383,1841,0
6.4918566s,1.4843167s,703.6292ms,18398,1841,0
6.9925292s,1.0337538s,202.2272ms,18394,1841,0
5.9269116s,1.0056443s,8.2479487s,18388,1841,0
6.2045866s,1.2117422s,1.0052263s,18392,1841,0
6.2402802s,1.0463433s,7.9460999s,18384,1841,0
6.2076047s,1.2582457s,1.0066203s,18393,1841,0
6.8223857s,1.4580505s,401.6103ms,18397,1841,0
6.2607448s,1.062798s,7.9436803s,18382,1841,0
5.7061421s,1.0343163s,7.7471247s,18406,1842,0
6.3326961s,1.2186287s,301.8629ms,18418,1842,0
6.2180938s,1.1963309s,7.2393478s,18404,1842,0
6.8223979s,1.1519056s,6.640676s,18403,1842,0
5.716883s,1.0916978s,7.7506794s,18409,1842,0
6.4463987s,1.114622s,200.973ms,18413,1842,0
6.1532481s,1.0168845s,503.7476ms,18414,1842,0
6.4574604s,1.3255761s,201.6485ms,18419,1842,0
6.4370336s,1.375416s,7.0444732s,18402,1842,0
6.1662557s,1.1545819s,502.7709ms,18411,1842,0
6.5759244s,1.2692501s,6.9460144s,18401,1842,0
6.6853749s,1.1322613s,6.8382213s,18410,1842,0
5.8985301s,1.2693283s,804.2202ms,18415,1842,0
6.2839776s,1.307629s,7.2460915s,18408,1842,0
6.0052872s,1.0497282s,704.5098ms,18420,1842,0
6.7114047s,1.470602s,0s,18416,1842,0
6.1973293s,1.2047071s,7.3422353s,18407,1842,0
6.2141197s,1.114622s,503.047ms,18417,1842,0
6.2022003s,1.0146237s,7.3409644s,18405,1842,0
6.794217s,1.2052604s,0s,18412,1842,0
6.8405853s,1.4594234s,4.8291122s,18425,1844,0
6.948753s,1.4995658s,4.7255061s,18427,1844,0
6.6479555s,1.3397885s,5.0263036s,18428,1844,0
6.2460285s,1.106492s,5.4332178s,18421,1844,0
5.5619612s,1.0408481s,6.1382421s,18429,1844,0
6.8844373s,1.382571s,4.8341303s,18426,1844,0
6.0848551s,1.4377415s,5.6337125s,18424,1844,0
5.9846165s,1.4866401s,5.7339511s,18430,1844,0
5.9200796s,1.05852s,5.8388749s,18423,1844,0
6.8281961s,1.3067816s,4.9345708s,18422,1844,0
6.293023s,1.2514327s,4.7269913s,18448,1846,0
6.0203313s,1.1226694s,11.6742909s,18436,1846,0
6.3128784s,1.2702617s,4.7256309s,18443,1846,0
6.6400555s,1.2466638s,11.0646547s,18439,1846,0
6.9239433s,1.2788536s,4.1215035s,18446,1846,0
6.0556336s,1.0567253s,11.6722677s,18437,1846,0
6.0341215s,1.08459s,5.033037s,18444,1846,0
6.5580791s,1.1526331s,11.1698222s,18440,1846,0
6.6427065s,1.4132613s,4.4281998s,18450,1846,0
6.6607428s,1.2676603s,11.0709063s,18435,1846,0
7.2518646s,1.4822639s,3.8216302s,18449,1846,0
6.4780761s,1.4532909s,11.26504s,18434,1846,0
6.284092s,1.0266871s,11.4666549s,18438,1846,0
6.3614191s,1.2478015s,4.728585s,18447,1846,0
6.0678814s,1.2389478s,5.0286378s,18445,1846,0
6.1720999s,1.0924998s,4.9334904s,18442,1846,0
6.2905639s,1.4492352s,11.4757692s,18433,1846,0
6.5914981s,1.1395907s,4.5234237s,18441,1846,0
5.7061668s,1.1724381s,12.0694978s,18432,1846,0
6.3073306s,1.2035224s,11.468334s,18431,1846,0
6.58216s,1.3550115s,3.117064s,18466,1848,0
5.7356336s,1.3085363s,10.8658486s,18460,1848,0
6.0381941s,1.3540573s,10.5632881s,18459,1848,0
6.4409535s,1.0093523s,10.1605287s,18458,1848,0
6.238516s,1.016364s,10.3629662s,18456,1848,0
5.8933542s,1.0443381s,3.8197549s,18461,1848,0
6.6037333s,1.0588242s,3.1179625s,18465,1848,0
6.4568376s,1.1262179s,10.1623907s,18455,1848,0
6.0607286s,1.0311782s,10.5654765s,18454,1848,0
6.1578338s,1.0968095s,10.4683713s,18457,1848,0
6.5681645s,1.2074107s,10.0612323s,18451,1848,0
6.8934754s,1.4081424s,9.7556573s,18453,1848,0
6.7406267s,1.1347911s,3.0182875s,18470,1848,0
6.6499648s,1.0325164s,3.1185926s,18468,1848,0
6.1486104s,1.2775149s,3.6227149s,18462,1848,0
6.3493857s,1.4397823s,3.4219396s,18463,1848,0
6.7612956s,1.3623811s,3.0196784s,18464,1848,0
6.3603654s,1.4893283s,3.4206086s,18469,1848,0
5.811743s,1.0072752s,10.8708757s,18452,1848,0
6.5728645s,1.2894717s,3.2187756s,18467,1848,0
6.1973469s,1.1519004s,8.1497882s,18477,1850,0
5.8975322s,1.3513845s,8.4496029s,18474,1850,0
6.4133116s,1.0705802s,7.9421396s,18475,1850,0
6.8197126s,1.0022344s,7.5421091s,18473,1850,0
5.9145427s,1.3883404s,8.447279s,18476,1850,0
6.5507547s,1.4618463s,1.0059723s,18485,1850,0
6.6581312s,1.3742028s,905.9554ms,18486,1850,0
6.364289s,1.4308536s,1.2078727s,18490,1850,0
7.1734663s,1.290562s,402.1634ms,18483,1850,0
6.0721256s,1.0442755s,1.5094261s,18487,1850,0
6.7856417s,1.2745698s,805.4245ms,18482,1850,0
6.3767763s,1.2733383s,8.0375133s,18480,1850,0
5.7839863s,1.0775146s,1.8105907s,18481,1850,0
5.9727411s,1.4027004s,8.4418802s,18471,1850,0
6.270181s,1.0144018s,8.1444403s,18478,1850,0
5.9895054s,1.2725822s,1.6075435s,18484,1850,0
6.5943946s,1.2745698s,1.00607s,18488,1850,0
5.6959028s,1.2423932s,1.9132653s,18489,1850,0
6.3957193s,1.3696731s,8.0425109s,18472,1850,0
6.1904514s,1.2185974s,8.2477788s,18479,1850,0
6.5940749s,1.3846953s,6.8375741s,18498,1851,0
6.0077712s,1.0256829s,7.4398397s,18499,1851,0
6.609721s,1.0534317s,0s,18509,1851,0
6.1182928s,1.4245516s,7.3370342s,18500,1851,0
6.1141511s,1.1815468s,501.7209ms,18503,1851,0
6.6280557s,1.09355s,6.8364063s,18493,1851,0
6.4344494s,1.2234347s,201.8311ms,18506,1851,0
5.8335387s,1.3177158s,805.7608ms,18505,1851,0
6.839455s,1.3548372s,6.6392995s,18491,1851,0
6.5399303s,1.3019623s,100.0141ms,18501,1851,0
6.5439204s,1.2298164s,6.9397486s,18497,1851,0
6.6624465s,1.0465239s,0s,18504,1851,0
5.8643423s,1.1266907s,804.7015ms,18507,1851,0
5.6776573s,1.0759284s,7.8385968s,18495,1851,0
6.6887567s,1.3334023s,6.8383144s,18496,1851,0
6.5880313s,1.2985661s,6.9390398s,18494,1851,0
6.3848008s,1.0246179s,7.1422703s,18492,1851,0
6.8163927s,1.311798s,0s,18502,1851,0
6.8749149s,1.4905693s,0s,18510,1851,0
6.8825603s,1.3137246s,0s,18508,1851,0
6.6572764s,1.3909449s,6.7345161s,18512,1853,0
6.3573172s,1.3667402s,100.1513ms,18523,1853,0
5.9676106s,1.1644561s,502.7474ms,18528,1853,0
6.7739225s,1.4445953s,6.6392335s,18518,1853,0
6.5717852s,1.4658114s,6.8413708s,18519,1853,0
6.8756769s,1.3653935s,6.5374791s,18511,1853,0
6.2775109s,1.3093016s,201.3211ms,18522,1853,0
6.4868192s,1.1766942s,6.9419736s,18517,1853,0
6.5050518s,1.4961325s,6.9371527s,18514,1853,0
6.0100426s,1.070581s,7.4395245s,18516,1853,0
5.7130869s,1.1225228s,7.7458218s,18513,1853,0
6.4240222s,1.1842039s,100.5625ms,18526,1853,0
6.5282948s,1.3751922s,6.9344584s,18515,1853,0
6.4362743s,1.3065598s,100.3169ms,18521,1853,0
6.934324s,1.2057976s,6.5365912s,18520,1853,0
5.9463041s,1.3484374s,603.4644ms,18530,1853,0
6.3542686s,1.3377962s,201.3843ms,18529,1853,0
6.6757981s,1.2306778s,0s,18527,1853,0
6.7353712s,1.1722502s,0s,18525,1853,0
6.7370441s,1.3935934s,0s,18524,1853,0
5.9038968s,1.0268162s,6.0335205s,18531,1855,0
6.4176648s,1.313426s,5.5265636s,18533,1855,0
6.2241105s,1.342792s,5.7295759s,18536,1855,0
5.821568s,1.0608121s,6.1321184s,18534,1855,0
5.5373546s,1.4947244s,6.4352522s,18537,1855,0
6.44894s,1.3387071s,5.5306939s,18539,1855,0
6.8665842s,1.0367903s,5.1304379s,18540,1855,0
6.085304s,1.1255927s,5.9330607s,18538,1855,0
6.3895665s,1.4324138s,5.636112s,18535,1855,0
5.7882738s,1.0277724s,6.2374047s,18532,1855,0
6.2147515s,1.424395s,10.2594937s,18550,1857,0
6.5240923s,1.4934452s,9.9506604s,18548,1857,0
6.637101s,1.4737948s,9.8511915s,18549,1857,0
6.6832955s,1.2844687s,2.7167811s,18556,1857,0
6.197531s,1.0319079s,3.2179746s,18551,1857,0
6.4660855s,1.2236882s,10.0563062s,18544,1857,0
6.3716908s,1.2374553s,10.1562929s,18542,1857,0
6.0163177s,1.3116235s,3.4173299s,18560,1857,0
6.1161068s,1.282465s,3.3175408s,18559,1857,0
7.1266138s,1.4307042s,2.3109707s,18558,1857,0
6.3294376s,1.3185995s,3.1141218s,18557,1857,0
6.8931635s,1.2982709s,9.6518932s,18547,1857,0
6.9331797s,1.2606606s,2.5122306s,18555,1857,0
6.7376021s,1.3041937s,2.712111s,18552,1857,0
6.7977691s,1.4644019s,9.7570711s,18543,1857,0
6.1940054s,1.1373655s,10.3608348s,18546,1857,0
6.8063496s,1.1355501s,9.7501743s,18541,1857,0
7.1014973s,1.3855204s,9.4550266s,18545,1857,0
6.2463177s,1.1456534s,3.2159674s,18553,1857,0
6.6534104s,1.0177005s,2.8147327s,18554,1857,0
6.73539s,1.3554914s,502.5662ms,18571,1859,0
6.8579681s,1.3804509s,7.2391743s,18564,1859,0
6.2582285s,1.4705941s,1.0058924s,18574,1859,0
5.9834694s,1.0912004s,8.1424642s,18561,1859,0
5.7667494s,1.4177854s,1.5063211s,18580,1859,0
6.6886508s,1.3443736s,7.4423878s,18563,1859,0
5.8740131s,1.3907285s,1.4065317s,18578,1859,0
5.9744141s,1.4186111s,1.3061307s,18576,1859,0
6.3003198s,1.459381s,7.8406954s,18569,1859,0
5.3933389s,1.0385697s,8.7476763s,18562,1859,0
6.6039007s,1.4724s,7.5420981s,18567,1859,0
5.4029487s,1.158358s,8.7468741s,18565,1859,0
5.9060309s,1.3986563s,8.2437919s,18566,1859,0
6.4959659s,1.4197312s,804.8789ms,18577,1859,0
6.219089s,1.3150895s,7.94643s,18570,1859,0
6.512986s,1.2845319s,803.7817ms,18575,1859,0
5.9088827s,1.1135708s,1.407885s,18573,1859,0
6.7387829s,1.2413371s,7.4412336s,18568,1859,0
6.8225765s,1.1035256s,502.9979ms,18579,1859,0
5.7249864s,1.2749828s,1.6076163s,18572,1859,0
6.285544s,1.4524287s,6.236735s,18585,1860,0
6.6905885s,1.2627401s,5.8327149s,18589,1860,0
6.2917855s,1.1824385s,6.2354767s,18590,1860,0
7.001444s,1.1527634s,5.5275219s,18586,1860,0
6.9243159s,1.286079s,5.6268938s,18587,1860,0
6.320946s,1.2177607s,6.2302637s,18582,1860,0
6.9477048s,1.3974259s,5.6278449s,18583,1860,0
6.7468911s,1.2603481s,5.8286586s,18588,1860,0
5.9559643s,1.2202693s,6.6349654s,18581,1860,0
6.4584119s,1.3634497s,6.1325178s,18584,1860,0
5.7355013s,1.1534198s,0s,18599,1860,0
5.8428054s,1.4504068s,0s,18600,1860,0
6.0204293s,1.1018916s,12.9769413s,18597,1862,0
6.6476582s,1.0411455s,5.5371698s,18606,1862,0
6.3595266s,1.2595852s,5.8307395s,18605,1862,0
6.5424467s,1.2762965s,12.4701842s,18593,1862,0
7.1806174s,1.3876411s,5.0285648s,18602,1862,0
6.2781735s,1.2517954s,5.9370599s,18601,1862,0
6.7586818s,1.0855965s,12.2690942s,18596,1862,0
6.5606558s,1.1556537s,12.4671202s,18591,1862,0
6.8993935s,1.1315911s,5.3270667s,18607,1862,0
5.6030604s,1.0184354s,6.642006s,18609,1862,0
6.6861122s,1.2483848s,12.3714968s,18595,1862,0
6.4207819s,1.3614329s,5.8356709s,18603,1862,0
6.596973s,1.3595517s,12.4766848s,18598,1862,0
6.5320132s,1.2249151s,5.7330789s,18604,1862,0
6.6005614s,1.2906792s,12.4821996s,18592,1862,0
6.8125426s,1.2405619s,12.2763735s,18594,1862,0
5.9413515s,1.0454827s,6.3380109s,18610,1862,0
6.7475258s,1.1797557s,5.5338757s,18608,1862,0
6.7537728s,1.1284205s,9.5620414s,18618,1864,0
6.8483409s,1.4534856s,2.716467s,18626,1864,0
6.5514985s,1.4095468s,3.0183211s,18624,1864,0
5.7621315s,1.0724495s,10.5685947s,18620,1864,0
5.5724012s,1.40784s,10.7718623s,18612,1864,0
6.4930544s,1.0653449s,9.8608291s,18616,1864,0
7.0920393s,1.36837s,2.5118538s,18625,1864,0
6.4012613s,1.4265889s,9.9564046s,18613,1864,0
6.0870127s,1.0708359s,3.5200602s,18627,1864,0
6.3926172s,1.30581s,3.2215678s,18621,1864,0
6.5982426s,1.1253615s,3.0216095s,18622,1864,0
6.0121952s,1.0408547s,10.3690264s,18615,1864,0
6.3274645s,1.1554271s,10.0657981s,18611,1864,0
6.5367872s,1.4734363s,9.8630203s,18619,1864,0
6.2359167s,1.0356471s,10.1638908s,18614,1864,0
6.425288s,1.4307597s,3.2207467s,18628,1864,0
6.6454872s,1.4866016s,9.7570802s,18617,1864,0
6.6306369s,1.4016266s,3.0181577s,18629,1864,0
6.8365504s,1.4886025s,2.8161826s,18630,1864,0
6.1353551s,1.022712s,3.5212771s,18623,1864,0
6.6056016s,1.3716401s,302.7322ms,18646,1866,0
6.3058069s,1.0118877s,7.5514932s,18640,1866,0
6.6225525s,1.4982866s,302.2454ms,18650,1866,0
6.9133324s,1.2682889s,6.9480431s,18635,1866,0
6.6151902s,1.1081965s,7.2525769s,18633,1866,0
6.5369454s,1.1348243s,402.1513ms,18648,1866,0
5.9229159s,1.1755188s,7.9568271s,18632,1866,0
6.9325022s,1.0455589s,6.9472408s,18636,1866,0
6.8505805s,1.3585549s,100.682ms,18649,1866,0
6.0487432s,1.0291699s,906.7759ms,18641,1866,0
5.5402596s,1.1886162s,8.3510693s,18631,1866,0
5.7598233s,1.4029756s,1.2070815s,18643,1866,0
6.6709949s,1.2908008s,302.2043ms,18642,1866,0
6.6609062s,1.1892356s,7.2447952s,18638,1866,0
5.9594075s,1.0179145s,7.9497313s,18637,1866,0
5.4654423s,1.2431827s,1.5111943s,18644,1866,0
6.6736988s,1.2408179s,7.2420195s,18639,1866,0
5.881032s,1.0364373s,8.0493989s,18634,1866,0
6.3974341s,1.0291699s,603.605ms,18645,1866,0
6.5008782s,1.0100462s,503.8713ms,18647,1866,0
6.7968815s,1.2496375s,6.5421425s,18655,1867,0
6.1471462s,1.3453306s,402.748ms,18668,1867,0
6.398327s,1.0490654s,6.9500341s,18659,1867,0
6.7140406s,1.4653853s,6.64689s,18651,1867,0
6.61122s,1.4067697s,6.7497106s,18657,1867,0
5.8286125s,1.2527437s,7.5484294s,18654,1867,0
6.2828611s,1.2534866s,302.7721ms,18663,1867,0
6.191028s,1.0788638s,404.2705ms,18665,1867,0
5.6370488s,1.009663s,7.7551312s,18660,1867,0
6.5004985s,1.1563965s,101.0227ms,18670,1867,0
6.3690117s,1.0509041s,7.0432297s,18658,1867,0
6.3140531s,1.0149756s,301.3068ms,18667,1867,0
6.0796497s,1.0425608s,7.3405111s,18653,1867,0
6.2250063s,1.1048106s,402.5598ms,18669,1867,0
6.3337028s,1.2594374s,303.0352ms,18666,1867,0
5.9897781s,1.2235545s,7.4458583s,18656,1867,0
6.5929929s,1.270552s,6.8426435s,18652,1867,0
6.753093s,1.2375939s,0s,18662,1867,0
6.7962468s,1.430248s,0s,18664,1867,0
6.8163622s,1.0683965s,0s,18661,1867,0
6.9837304s,1.4085703s,6.4394802s,18678,1869,0
6.4732045s,1.0264572s,6.9500061s,18674,1869,0
6.348278s,1.4674453s,100.7913ms,18687,1869,0
6.0885304s,1.0208644s,7.34617s,18672,1869,0
5.9506253s,1.225808s,503.6656ms,18689,1869,0
6.6960172s,1.3228549s,6.7439896s,18671,1869,0
5.9589213s,1.4392768s,502.8539ms,18683,1869,0
6.2148562s,1.161683s,7.2478084s,18679,1869,0
6.9226667s,1.4618851s,6.5437518s,18675,1869,0
6.3829197s,1.1125679s,100.1835ms,18685,1869,0
6.1930191s,1.3118133s,302.8181ms,18690,1869,0
6.5340075s,1.3143962s,6.9460426s,18677,1869,0
6.7436376s,1.3047444s,6.7402956s,18676,1869,0
6.3472986s,1.3773249s,7.1454134s,18680,1869,0
6.2159901s,1.1766088s,301.2356ms,18684,1869,0
6.9646417s,1.2636593s,6.5389562s,18673,1869,0
6.5956175s,1.1545311s,0s,18682,1869,0
6.6882366s,1.2155555s,0s,18686,1869,0
6.7750916s,1.258511s,6.0389304s,18693,1871,0
6.6747862s,1.1899862s,6.1392358s,18698,1871,0
5.8825574s,1.2015923s,6.9406942s,18692,1871,0
5.7869344s,1.083546s,200.796ms,18708,1871,0
5.6912126s,1.0476285s,301.6899ms,18705,1871,0
5.7955934s,1.1973784s,201.8492ms,18702,1871,0
6.0021304s,1.0555306s,6.8427442s,18696,1871,0
6.9667634s,1.4491003s,12.8762323s,18681,1871,0
6.8172982s,1.2543334s,6.0371874s,18695,1871,0
6.019567s,1.0264819s,0s,18703,1871,0
5.5280588s,1.0107031s,7.3398882s,18699,1871,0
6.8441303s,1.2885145s,6.0338598s,18700,1871,0
6.4368746s,1.1448624s,6.4411155s,18691,1871,0
5.8343636s,1.4261735s,7.0436265s,18694,1871,0
6.9965771s,1.4993714s,12.8782943s,18688,1871,0
6.7563106s,1.4867709s,6.1355761s,18697,1871,0
6.298324s,1.3601877s,0s,18701,1871,0
6.3894s,1.1890508s,0s,18707,1871,0
6.3907489s,1.3507635s,0s,18704,1871,0
6.4216248s,1.2805677s,0s,18706,1871,0
6.5969895s,1.2477998s,5.332037s,18716,1873,0
5.788523s,1.0967795s,6.1405035s,18720,1873,0
6.4034153s,1.3724593s,5.5302391s,18718,1873,0
6.2072655s,1.1884391s,5.7367671s,18713,1873,0
6.3142065s,1.0415163s,5.6370124s,18717,1873,0
6.5315723s,1.3289756s,12.0682072s,18709,1873,0
6.3195179s,1.1154657s,5.6356s,18715,1873,0
6.6462744s,1.413233s,11.9748003s,18710,1873,0
6.9451644s,1.4663048s,5.0352095s,18711,1873,0
6.7488341s,1.3995555s,5.2361302s,18714,1873,0
7.1537414s,1.4533053s,4.8312229s,18712,1873,0
6.1796106s,1.1087757s,5.8382495s,18719,1873,0
5.6147303s,1.0883794s,10.8678897s,18721,1875,0
6.4269264s,1.2582858s,10.0653975s,18724,1875,0
6.031739s,1.1979368s,10.4656356s,18726,1875,0
6.6846042s,1.3953503s,3.1200978s,18733,1875,0
6.457636s,1.4105215s,10.0605026s,18723,1875,0
5.9874259s,1.0414186s,3.8237295s,18739,1875,0
5.9874259s,1.438594s,3.8237295s,18736,1875,0
6.192381s,1.4713471s,3.623594s,18735,1875,0
6.597211s,1.2322811s,3.2221367s,18734,1875,0
5.5117338s,1.0353178s,4.3233509s,18738,1875,0
6.720549s,1.2712753s,3.1191377s,18737,1875,0
6.9292332s,1.4107341s,2.9186799s,18731,1875,0
6.3963989s,1.0083628s,10.1662292s,18728,1875,0
6.0327497s,1.2112974s,3.8240848s,18732,1875,0
7.140442s,1.4724177s,2.7178093s,18740,1875,0
6.5045047s,1.4392795s,10.064468s,18722,1875,0
6.2062239s,1.0095814s,10.3682018s,18727,1875,0
6.7107214s,1.3022296s,9.8637043s,18730,1875,0
6.6141218s,1.1144533s,9.9603039s,18725,1875,0
6.1109264s,1.2104755s,10.4634993s,18729,1875,0
6.6902617s,1.2066571s,2.6137164s,18753,1877,0
5.6962017s,1.156632s,10.0580238s,18742,1877,0
6.3009409s,1.1130756s,9.4532846s,18748,1877,0
5.5017888s,1.0346372s,10.2615393s,18743,1877,0
6.3272829s,1.4116809s,3.0161147s,18752,1877,0
6.4234798s,1.4197618s,9.3507572s,18749,1877,0
6.3271787s,1.2583248s,9.4470583s,18744,1877,0
6.6408218s,1.2903555s,2.7149297s,18755,1877,0
6.3334177s,1.1614636s,9.453213s,18747,1877,0
7.2522143s,1.4955224s,2.1109366s,18757,1877,0
6.0478222s,1.0826987s,3.3179524s,18759,1877,0
6.555114s,1.4993161s,2.8136039s,18756,1877,0
6.1470766s,1.4178715s,9.6556287s,18746,1877,0
6.7703661s,1.14662s,2.6131747s,18758,1877,0
6.0511738s,1.4142077s,9.7558468s,18750,1877,0
6.2712482s,1.3484087s,3.1138457s,18754,1877,0
5.7707753s,1.4822382s,3.61818s,18760,1877,0
6.0631014s,1.1486654s,9.75305s,18741,1877,0
5.962811s,1.1698037s,9.8533404s,18745,1877,0
5.9842059s,1.0798584s,3.4173784s,18751,1877,0
6.8188051s,1.3734397s,7.4465134s,18764,1879,0
6.6073174s,1.375345s,804.3921ms,18772,1879,0
6.4051749s,1.3107051s,1.0065346s,18777,1879,0
5.6353633s,1.1804736s,8.6500653s,18770,1879,0
6.4209726s,1.1924702s,1.0068071s,18776,1879,0
5.950223s,1.1216818s,8.3481057s,18763,1879,0
5.950223s,1.395531s,8.3481057s,18769,1879,0
6.5402686s,1.3844063s,903.6308ms,18775,1879,0
6.5402686s,1.4642363s,903.6308ms,18780,1879,0
6.558661s,1.3256887s,7.7496639s,18761,1879,0
6.8620619s,1.2124519s,7.4485919s,18762,1879,0
6.3563253s,1.2244593s,1.1078062s,18773,1879,0
6.0636459s,1.1399388s,1.4105066s,18779,1879,0
6.7781444s,1.2834917s,704.1533ms,18778,1879,0
6.5952532s,1.2412955s,7.7494123s,18766,1879,0
5.8908897s,1.2774554s,8.4569888s,18765,1879,0
6.3789053s,1.32424s,1.1092164s,18774,1879,0
6.8926939s,1.4006282s,603.2056ms,18771,1879,0
6.8134762s,1.3376668s,7.5447911s,18767,1879,0
6.5110406s,1.0816662s,7.8472267s,18768,1879,0
5.5190136s,1.0802455s,8.5558216s,18785,1881,0
6.5062439s,1.2634119s,603.6867ms,18794,1881,0
6.2093522s,1.1877774s,905.2461ms,18791,1881,0
6.7172013s,1.2634119s,402.4839ms,18796,1881,0
5.9402373s,1.2819091s,8.1538577s,18786,1881,0
6.6310135s,1.4850481s,501.907ms,18792,1881,0
6.9656165s,1.4647239s,7.1445541s,18789,1881,0
6.5648078s,1.0627497s,7.5500878s,18782,1881,0
6.7737833s,1.4217648s,7.3432528s,18787,1881,0
6.1731852s,1.414627s,7.9478527s,18781,1881,0
6.2518181s,1.2006609s,904.1671ms,18800,1881,0
6.4808605s,1.3096129s,7.6435172s,18790,1881,0
6.5548349s,1.2845741s,603.0944ms,18793,1881,0
5.9733812s,1.0997256s,8.1509965s,18788,1881,0
5.8781548s,1.0262381s,8.2563231s,18784,1881,0
6.5862034s,1.2854956s,7.5494387s,18783,1881,0
6.5756484s,1.1786333s,604.3112ms,18795,1881,0
5.8765257s,1.0922387s,1.306377s,18797,1881,0
6.1789246s,1.4175621s,1.0059334s,18799,1881,0
5.5793526s,1.1914395s,1.6100178s,18798,1881,0
6.2725368s,1.1327391s,5.6355354s,18810,1882,0
6.195448s,1.0679286s,5.7328933s,18803,1882,0
6.2079386s,1.1819331s,5.7384377s,18801,1882,0
6.7140026s,1.3344608s,5.2359609s,18804,1882,0
6.5272251s,1.2333638s,5.4388528s,18805,1882,0
6.4610105s,1.313959s,5.5326355s,18807,1882,0
6.0587142s,1.4884316s,5.9349318s,18802,1882,0
6.5551597s,1.1052224s,5.438844s,18806,1882,0
6.4544121s,1.4187159s,5.5392339s,18808,1882,0
6.1626771s,1.0528836s,5.835115s,18809,1882,0
5.3298439s,1.106715s,0s,18819,1882,0
6.0778397s,1.393137s,11.6696122s,18813,1884,0
5.7964693s,1.0380012s,5.2327089s,18825,1884,0
6.8072388s,1.2393814s,4.2263709s,18824,1884,0
6.7114161s,1.3167465s,4.3237948s,18822,1884,0
6.5978549s,1.0191533s,11.1773481s,18814,1884,0
6.3229054s,1.0502482s,4.7293562s,18821,1884,0
6.2253719s,1.4555368s,4.8276682s,18826,1884,0
6.3119113s,1.1400841s,11.4737968s,18817,1884,0
6.643254s,1.3855025s,4.4262583s,18830,1884,0
6.7261322s,1.2293046s,11.0695123s,18818,1884,0
6.353906s,1.343618s,4.7328222s,18828,1884,0
6.4521743s,1.3252906s,4.6345539s,18829,1884,0
5.7540856s,1.0204992s,12.0721331s,18811,1884,0
6.557676s,1.4316678s,11.2685427s,18812,1884,0
7.0715986s,1.3184976s,4.0284879s,18823,1884,0
6.3617331s,1.2476779s,11.466195s,18816,1884,0
6.5646486s,1.0406817s,11.2632795s,18820,1884,0
6.2633241s,1.4355186s,11.5731119s,18815,1884,0
5.8847974s,1.0434023s,5.2316401s,18827,1884,0
6.2628044s,1.4137934s,3.5221196s,18846,1886,0
5.566478s,1.0158373s,4.2233738s,18842,1886,0
5.9437474s,1.0420952s,10.8659892s,18832,1886,0
5.9997265s,1.2006624s,3.8231124s,18841,1886,0
6.6754239s,1.3215072s,10.1669096s,18833,1886,0
6.7148973s,1.4403327s,3.1169191s,18845,1886,0
6.6862635s,1.3428007s,10.1650475s,18831,1886,0
6.4175506s,1.1897471s,3.4179915s,18847,1886,0
5.6949889s,1.1907501s,11.1707307s,18835,1886,0
6.0088333s,1.3506198s,10.866264s,18836,1886,0
7.0194946s,1.3874546s,9.8623096s,18839,1886,0
6.2234941s,1.1463574s,10.6654262s,18838,1886,0
5.8212518s,1.4213559s,11.0676685s,18840,1886,0
6.7252759s,1.1854774s,10.1636444s,18837,1886,0
6.2463711s,1.0394017s,3.6230546s,18850,1886,0
6.5545668s,1.1406299s,3.3219386s,18843,1886,0
5.9533729s,1.0331002s,3.9263992s,18848,1886,0
6.4563937s,1.0158373s,3.4233784s,18849,1886,0
6.8606034s,1.4774791s,3.0191687s,18844,1886,0
6.9368394s,1.2378735s,9.9641795s,18834,1886,0
6.6186932s,1.3162809s,8.8559881s,18856,1888,0
6.099856s,1.0345553s,2.6138771s,18862,1888,0
6.1999738s,1.116271s,2.5137593s,18870,1888,0
6.347805s,1.4955053s,9.1527507s,18854,1888,0
6.5494786s,1.4266215s,8.9510771s,18851,1888,0
6.5223199s,1.2264694s,2.210621s,18866,1888,0
6.2536153s,1.2556811s,9.2488123s,18860,1888,0
6.1255681s,1.4225679s,2.6120367s,18869,1888,0
6.2279581s,1.0141699s,2.5122123s,18863,1888,0
6.7694867s,1.4062685s,8.7545533s,18858,1888,0
6.1463631s,1.0104768s,2.6160654s,18865,1888,0
5.6862407s,1.0108584s,9.862393s,18852,1888,0
6.4668524s,1.0252171s,2.3148403s,18861,1888,0
6.1661821s,1.3493044s,2.6155106s,18864,1888,0
6.4949631s,1.2803924s,9.0562163s,18853,1888,0
6.4709012s,1.1330488s,2.3141935s,18868,1888,0
6.5789234s,1.000283s,2.211159s,18867,1888,0
6.2132496s,1.1024943s,9.3519866s,18855,1888,0
6.3131392s,1.4505057s,9.252097s,18857,1888,0
6.606348s,1.3285907s,8.9588882s,18859,1888,0
6.4060986s,1.3850722s,703.578ms,18885,1890,0
6.2021651s,1.0558404s,7.9520955s,18877,1890,0
6.621495s,1.4464098s,502.6076ms,18887,1890,0
6.5223347s,1.0063512s,603.5029ms,18886,1890,0
6.3384291s,1.0226861s,804.588ms,18889,1890,0
7.0376251s,1.4644959s,7.1430171s,18874,1890,0
6.8355742s,1.3684576s,7.345068s,18880,1890,0
5.9410313s,1.2593867s,1.2059395s,18883,1890,0
5.9410313s,1.302929s,1.2059395s,18884,1890,0
5.7510062s,1.0784245s,8.4519668s,18873,1890,0
6.3616412s,1.4993247s,804.0247ms,18881,1890,0
6.2581247s,1.0758791s,7.9470061s,18878,1890,0
5.7597641s,1.2115955s,1.407349s,18882,1890,0
5.9573318s,1.4221205s,8.2498196s,18879,1890,0
6.6669218s,1.0798407s,502.6045ms,18888,1890,0
6.4752446s,1.173155s,703.3182ms,18890,1890,0
5.860361s,1.319879s,8.3558269s,18875,1890,0
5.8697479s,1.3646884s,8.3488187s,18871,1890,0
6.2779998s,1.0666274s,7.9470086s,18872,1890,0
5.7747309s,1.228731s,8.4502775s,18876,1890,0
7.0866478s,1.4180405s,6.6449816s,18899,1891,0
6.3791932s,1.0801941s,7.3524362s,18894,1891,0
6.0444253s,1.2007944s,604.5328ms,18910,1891,0
6.5601626s,1.4232886s,101.5989ms,18901,1891,0
6.6674201s,1.4516852s,0s,18905,1891,0
5.6044284s,1.0006417s,8.1523018s,18892,1891,0
6.4757769s,1.2623874s,201.2124ms,18907,1891,0
6.3779565s,1.4565114s,302.3763ms,18908,1891,0
6.9250818s,1.4913649s,6.8447726s,18897,1891,0
5.9236482s,1.4613107s,7.8524683s,18900,1891,0
6.2348528s,1.1990738s,7.5459861s,18898,1891,0
7.0385668s,1.269613s,6.7418747s,18891,1891,0
6.1945404s,1.195794s,502.8059ms,18906,1891,0
5.7426839s,1.1883798s,8.0494745s,18895,1891,0
6.4116988s,1.2899799s,302.0456ms,18909,1891,0
6.2537243s,1.385104s,7.5498581s,18893,1891,0
6.6172824s,1.2884373s,100.1675ms,18904,1891,0
5.7563401s,1.0597096s,8.0569443s,18896,1891,0
6.8553078s,1.2723545s,0s,18903,1891,0
7.0216261s,1.4044603s,0s,18902,1891,0
6.3199678s,1.0240212s,5.5309669s,18920,1893,0
6.221521s,1.217398s,5.6294137s,18911,1893,0
6.6267475s,1.2006137s,5.229539s,18912,1893,0
6.9490293s,1.2871177s,4.9319747s,18916,1893,0
6.3516588s,1.4007386s,5.5332034s,18913,1893,0
6.2615963s,1.4196022s,5.6290149s,18919,1893,0
5.9511033s,1.4025s,5.9395079s,18914,1893,0
6.0648464s,1.2742284s,5.832913s,18915,1893,0
6.7835032s,1.454867s,5.1306678s,18918,1893,0
6.1760382s,1.3491675s,5.7381328s,18917,1893,0
5.7243313s,1.1506133s,10.9701707s,18928,1895,0
6.6308576s,1.2585689s,10.0636444s,18925,1895,0
5.8476142s,1.2271948s,4.2254979s,18935,1895,0
5.9458416s,1.2456681s,4.1272705s,18938,1895,0
6.5568709s,1.4395515s,3.5218383s,18931,1895,0
6.4598128s,1.306457s,3.6208898s,18940,1895,0
6.1519574s,1.1715741s,10.5648597s,18922,1895,0
6.1817472s,1.1766198s,3.9230734s,18939,1895,0
5.8723926s,1.350933s,10.8663753s,18927,1895,0
6.5789455s,1.2847676s,10.1598224s,18923,1895,0
6.4905545s,1.038666s,10.2608936s,18921,1895,0
6.6085395s,1.1919433s,3.5205274s,18934,1895,0
6.4940701s,1.2828058s,10.2676687s,18926,1895,0
6.2967587s,1.0184668s,10.4649801s,18930,1895,0
6.3941962s,1.0916323s,10.3675426s,18929,1895,0
6.1134378s,1.0275785s,4.026228s,18932,1895,0
6.4111113s,1.0926026s,10.3654791s,18924,1895,0
6.5257146s,1.1680852s,3.6200182s,18936,1895,0
6.2271397s,1.4162844s,3.9247355s,18937,1895,0
6.3370757s,1.2304282s,3.8238883s,18933,1895,0
6.1586959s,1.126685s,10.8555628s,18944,1897,0
6.7515983s,1.2713588s,10.2626604s,18948,1897,0
6.0357095s,1.0772671s,3.8234892s,18954,1897,0
7.1546625s,1.3323044s,9.8595962s,18942,1897,0
6.8484281s,1.0138388s,3.0197598s,18955,1897,0
6.3518186s,1.2180552s,3.5228532s,18952,1897,0
5.5491949s,1.2443394s,4.3260924s,18959,1897,0
6.3690837s,1.1284571s,10.6695618s,18946,1897,0
6.5661702s,1.0735909s,10.4724753s,18941,1897,0
6.3723218s,1.0144262s,10.6663237s,18950,1897,0
6.1692119s,1.2682702s,10.8694336s,18949,1897,0
6.4691787s,1.0790251s,3.4187079s,18957,1897,0
5.7683061s,1.1750283s,4.1230724s,18956,1897,0
6.3904668s,1.3678868s,3.5211221s,18951,1897,0
6.2137748s,1.4054869s,10.8615486s,18947,1897,0
6.706349s,1.1387154s,3.2213283s,18953,1897,0
6.1061081s,1.3128289s,3.8241171s,18960,1897,0
5.914142s,1.289477s,4.0225553s,18958,1897,0
6.2352688s,1.3173998s,10.8691202s,18943,1897,0
6.4391699s,1.0154999s,10.6673878s,18945,1897,0
5.8117805s,1.0826199s,3.1155437s,18977,1899,0
6.111955s,1.129436s,2.8153692s,18971,1899,0
6.1150543s,1.2295931s,2.8133483s,18975,1899,0
5.8724841s,1.1216396s,10.1562775s,18961,1899,0
6.3870571s,1.4686448s,9.6530858s,18964,1899,0
6.5380451s,1.2038233s,2.4128328s,18980,1899,0
6.5924871s,1.0166399s,9.4571623s,18968,1899,0
6.6978402s,1.0892785s,9.3518092s,18966,1899,0
7.0956052s,1.3020676s,8.9540442s,18967,1899,0
6.5416849s,1.2884203s,2.4143097s,18976,1899,0
5.9966896s,1.2976999s,10.0587868s,18965,1899,0
6.7071092s,1.3291707s,9.351606s,18963,1899,0
6.0069836s,1.2588677s,10.0590722s,18962,1899,0
6.1570008s,1.1314842s,2.8173016s,18973,1899,0
6.8633505s,1.4312925s,2.1125428s,18972,1899,0
6.4200822s,1.2168257s,9.6557602s,18970,1899,0
6.4708849s,1.1806793s,2.5122022s,18974,1899,0
6.2753049s,1.2453263s,2.7148854s,18979,1899,0
6.7841519s,1.4656149s,2.210873s,18978,1899,0
6.6594952s,1.1044323s,9.4564283s,18969,1899,0
7.2514361s,1.4934397s,6.9432592s,18987,1901,0
6.2514252s,1.3930502s,7.9459906s,18990,1901,0
6.6489333s,1.1636222s,301.5759ms,19000,1901,0
6.2584447s,1.3435527s,7.9527466s,18986,1901,0
6.4598705s,1.3823633s,503.2835ms,18995,1901,0
6.1760208s,1.3047828s,8.0504704s,18982,1901,0
6.5830262s,1.1918136s,7.6470603s,18988,1901,0
6.2743883s,1.2616568s,704.8706ms,18992,1901,0
6.39035s,1.4854209s,7.8454514s,18984,1901,0
6.2852019s,1.3695773s,7.9505995s,18981,1901,0
5.7809193s,1.0034166s,1.2070687s,18997,1901,0
6.0814259s,1.3935537s,906.5621ms,18996,1901,0
6.606644s,1.209066s,7.6439373s,18989,1901,0
5.9929209s,1.0395354s,1.0065755s,18998,1901,0
6.4035966s,1.4493235s,603.0302ms,18993,1901,0
6.5087706s,1.0569222s,503.4138ms,18991,1901,0
6.5193591s,1.3655596s,503.675ms,18999,1901,0
6.6335223s,1.2574149s,7.650779s,18983,1901,0
6.6315119s,1.1996201s,402.1873ms,18994,1901,0
6.1365177s,1.0062033s,8.1504739s,18985,1901,0
6.4682721s,1.074729s,5.9407948s,19003,1902,0
6.5710469s,1.2316775s,5.83802s,19007,1902,0
6.0771742s,1.4056221s,6.3372705s,19005,1902,0
5.5315393s,1.0183174s,301.8015ms,19011,1902,0
6.5842355s,1.4067002s,5.8393345s,19002,1902,0
6.3128179s,1.4336933s,6.1352898s,19006,1902,0
6.2153281s,1.3368031s,6.2397259s,19004,1902,0
6.2189826s,1.0917849s,6.2397574s,19001,1902,0
6.0197544s,1.4437889s,6.4389856s,19008,1902,0
6.421778s,1.0390295s,6.0392698s,19009,1902,0
6.5391381s,1.4894072s,5.9340533s,19010,1902,0
5.9016729s,1.3713287s,0s,19012,1902,0
5.7079405s,1.0343614s,202.4499ms,19016,1902,0
5.9665253s,1.2657374s,0s,19015,1902,0
6.0650747s,1.4826135s,0s,19018,1902,0
6.1103685s,1.2276708s,0s,19014,1902,0
5.903998s,1.2665522s,5.2272935s,19030,1904,0
5.7241301s,1.2406076s,5.4286785s,19023,1904,0
6.024219s,1.2115602s,5.1285896s,19026,1904,0
6.5425105s,1.3130151s,4.6280751s,19027,1904,0
7.0123436s,1.4988688s,11.1742689s,19013,1904,0
6.6204515s,1.0343614s,11.5782695s,19017,1904,0
6.261296s,1.144791s,4.9296628s,19024,1904,0
6.5320495s,1.2699009s,11.6753222s,19019,1904,0
6.5721136s,1.4976102s,4.6259919s,19021,1904,0
6.9538507s,1.2071458s,11.2683686s,19020,1904,0
6.1801858s,1.2806287s,5.0296899s,19025,1904,0
5.7791331s,1.2830406s,5.4365181s,19022,1904,0
6.2961901s,1.1636577s,4.9304726s,19028,1904,0
6.601094s,1.4296548s,4.6287695s,19029,1904,0
6.5797418s,1.4839067s,11.4725105s,19037,1906,0
5.5750376s,1.280727s,12.4772147s,19040,1906,0
5.8822346s,1.1817479s,12.1700177s,19035,1906,0
5.9836069s,1.0244309s,5.3302793s,19043,1906,0
6.3882718s,1.3693571s,4.9300005s,19045,1906,0
5.9843576s,1.1914985s,12.0745534s,19039,1906,0
6.6912359s,1.4650104s,4.6304142s,19048,1906,0
5.5909084s,1.3653089s,12.4753716s,19031,1906,0
6.1866166s,1.0632612s,11.8796634s,19034,1906,0
6.2013471s,1.3792987s,5.1325865s,19050,1906,0
6.505156s,1.4955867s,4.8287776s,19042,1906,0
6.5073016s,1.4020044s,4.8308459s,19047,1906,0
6.1102951s,1.2237172s,5.2328646s,19044,1906,0
6.0129487s,1.2694374s,12.0716143s,19033,1906,0
6.3214316s,1.3825768s,5.0322358s,19046,1906,0
6.2235889s,1.0891252s,5.1352451s,19041,1906,0
5.9232478s,1.4905389s,12.1775943s,19038,1906,0
6.7406387s,1.0688179s,11.3663845s,19036,1906,0
6.5472865s,1.2985424s,4.8301294s,19049,1906,0
5.443418s,1.0302489s,12.6746366s,19032,1906,0
6.3143861s,1.4898063s,3.6182862s,19063,1908,0
6.1352007s,1.4913036s,10.9646812s,19060,1908,0
6.1196143s,1.0876875s,3.8227242s,19065,1908,0
6.8290178s,1.3066107s,3.1173279s,19068,1908,0
6.5285301s,1.4374189s,3.4178156s,19067,1908,0
6.3668612s,1.0684218s,10.764446s,19052,1908,0
6.3614949s,1.3034426s,10.7698123s,19055,1908,0
7.1672096s,1.4291819s,9.9640976s,19051,1908,0
6.4504623s,1.2329998s,3.5200573s,19062,1908,0
6.6566203s,1.1836047s,3.3174399s,19070,1908,0
6.3585459s,1.0267331s,3.6216891s,19061,1908,0
7.0668935s,1.3076681s,2.9166173s,19066,1908,0
6.2828423s,1.4976455s,10.8678781s,19054,1908,0
6.1670195s,1.2067255s,3.821859s,19069,1908,0
5.5946224s,1.0743449s,11.5725846s,19056,1908,0
6.801259s,1.0608656s,10.365948s,19057,1908,0
5.6959553s,1.1829195s,11.4712517s,19058,1908,0
6.8108672s,1.4461463s,10.3618795s,19059,1908,0
6.9113625s,1.334793s,10.2613842s,19053,1908,0
7.0934614s,1.2976415s,2.9165095s,19064,1908,0
7.0257514s,1.2752414s,7.2499705s,19079,1910,0
6.5555129s,1.4773326s,705.3358ms,19082,1910,0
6.7578803s,1.095147s,502.9684ms,19086,1910,0
6.847766s,1.4585188s,7.4432674s,19074,1910,0
7.0772302s,1.4946779s,201.0487ms,19090,1910,0
6.5744871s,1.4975101s,706.4121ms,19088,1910,0
6.6673052s,1.3230697s,7.647536s,19072,1910,0
6.4666139s,1.1983638s,7.8482273s,19078,1910,0
6.5724663s,1.1468355s,7.7430698s,19076,1910,0
6.7973866s,1.4017071s,503.0742ms,19087,1910,0
5.7944743s,1.2159164s,1.5084893s,19084,1910,0
6.6827252s,1.347718s,7.6477146s,19075,1910,0
6.0983011s,1.3865273s,1.2073524s,19085,1910,0
6.214234s,1.3381266s,1.1065418s,19081,1910,0
5.9926376s,1.0412416s,8.3542828s,19080,1910,0
5.8915598s,1.1794451s,8.4553606s,19071,1910,0
6.4150756s,1.3275756s,905.7002ms,19083,1910,0
6.3214529s,1.3630927s,1.0048874s,19089,1910,0
6.5048778s,1.3396852s,7.8506288s,19073,1910,0
6.3112053s,1.0366865s,8.0443013s,19077,1910,0
6.9687299s,1.2679263s,5.0262199s,19092,1911,0
6.5701608s,1.2586265s,5.4285756s,19096,1911,0
6.2956932s,1.1105894s,5.7260798s,19094,1911,0
6.7204455s,1.3507722s,5.3253333s,19097,1911,0
6.3186267s,1.2924353s,5.7319147s,19091,1911,0
5.6161201s,1.1045143s,6.4344213s,19095,1911,0
6.7351109s,1.1157125s,5.3285203s,19100,1911,0
6.5418015s,1.2072468s,5.529288s,19093,1911,0
6.751928s,1.439499s,5.3300232s,19098,1911,0
6.4550178s,1.2614637s,5.6320196s,19099,1911,0
6.1942191s,1.2054181s,3.7175122s,19117,1913,0
6.9014622s,1.4765954s,3.0168476s,19119,1913,0
5.7992839s,1.1001398s,11.4661607s,19110,1913,0
6.0035918s,1.4592813s,3.9230438s,19114,1913,0
6.2066796s,1.1268065s,3.7220736s,19120,1913,0
5.8034383s,1.15939s,4.1253149s,19112,1913,0
6.7245782s,1.4531429s,10.5628278s,19103,1913,0
6.7223609s,1.2214032s,3.2220151s,19113,1913,0
6.5390528s,1.1456588s,10.7580664s,19107,1913,0
5.9307476s,1.1604253s,11.3663716s,19106,1913,0
7.3468166s,1.4602716s,9.9586898s,19104,1913,0
5.1380323s,1.3036369s,4.8336255s,19116,1913,0
6.6609132s,1.2724035s,10.6647464s,19108,1913,0
6.8622024s,1.4043495s,10.4634572s,19102,1913,0
5.5652621s,1.1862847s,11.763086s,19105,1913,0
6.165908s,1.0263268s,11.1624401s,19109,1913,0
6.0606375s,1.1001398s,11.2677106s,19101,1913,0
5.7533041s,1.0275669s,4.2279092s,19118,1913,0
6.6629373s,1.0053199s,3.3195595s,19111,1913,0
6.1942191s,1.1654552s,3.8180301s,19115,1913,0
6.760681s,1.1629399s,1.6087896s,19134,1915,0
6.3842286s,1.3214233s,8.8590487s,19121,1915,0
6.7850533s,1.1805072s,1.611311s,19138,1915,0
5.6086728s,1.1094478s,9.6614722s,19130,1915,0
6.3856008s,1.2064748s,2.0127808s,19140,1915,0
6.7907564s,1.4833241s,1.6091985s,19136,1915,0
5.9192304s,1.153647s,9.3621621s,19129,1915,0
6.6229496s,1.3191955s,8.6584429s,19127,1915,0
7.0028329s,1.3685936s,1.4094113s,19131,1915,0
6.436227s,1.1208477s,8.8517529s,19123,1915,0
6.3125008s,1.2536155s,2.1135435s,19132,1915,0
6.6502931s,1.1997571s,8.6533842s,19125,1915,0
6.6203179s,1.4562745s,1.811596s,19137,1915,0
6.2252745s,1.1388859s,2.2091016s,19139,1915,0
6.4319103s,1.3745468s,2.0109168s,19135,1915,0
6.0326386s,1.2091097s,2.4147414s,19133,1915,0
6.0698107s,1.24754s,9.251702s,19124,1915,0
6.8717634s,1.4913473s,8.4497493s,19128,1915,0
6.0748229s,1.4724416s,9.252795s,19126,1915,0
6.4806222s,1.2135604s,8.8499858s,19122,1915,0
6.3146883s,1.2887608s,6.6404757s,19141,1916,0
6.1190212s,1.3303733s,6.8405289s,19142,1916,0
6.2281634s,1.0231959s,100.187ms,19157,1916,0
6.6311997s,1.1766493s,6.3347198s,19150,1916,0
6.3440663s,1.2806195s,6.6361248s,19149,1916,0
6.5494325s,1.3526126s,6.4380798s,19148,1916,0
6.5494325s,1.0115553s,6.4380798s,19144,1916,0
6.2754559s,1.1887543s,100.1559ms,19153,1916,0
5.6649174s,1.0995432s,7.3418941s,19145,1916,0
6.0747856s,1.173592s,302.1908ms,19160,1916,0
5.8786827s,1.1997498s,7.1459584s,19146,1916,0
5.7909121s,1.2806195s,7.2398674s,19147,1916,0
5.7863024s,1.1399177s,7.2444771s,19143,1916,0
6.0981034s,1.0027126s,301.4764ms,19159,1916,0
6.453368s,1.0105084s,0s,19151,1916,0
6.5236874s,1.2521745s,0s,19155,1916,0
6.5565101s,1.0645314s,0s,19154,1916,0
5.9328643s,1.151647s,6.2356497s,19161,1918,0
7.0292691s,1.405317s,12.1717828s,19152,1918,0
5.9379551s,1.4906779s,6.2375866s,19170,1918,0
6.1404513s,1.270505s,6.0375808s,19166,1918,0
6.4542626s,1.3985316s,5.7360434s,19164,1918,0
6.8546997s,1.2410167s,12.3737518s,19158,1918,0
5.5614268s,1.0628091s,6.6377556s,19168,1918,0
6.6701134s,1.2893581s,5.5313016s,19162,1918,0
6.3781118s,1.165453s,5.8348703s,19167,1918,0
6.8764927s,1.3985644s,12.3762822s,19156,1918,0
6.0933749s,1.4716209s,6.1387332s,19163,1918,0
5.4664567s,1.4389839s,100.7349ms,19176,1918,0
6.5064914s,1.2614088s,5.7387671s,19169,1918,0
6.1153485s,1.056321s,6.1344674s,19165,1918,0
5.8467629s,1.0049465s,0s,19180,1918,0
5.913262s,1.3974137s,0s,19172,1918,0
6.5344378s,1.349348s,10.2598573s,19179,1920,0
6.0322259s,1.1864533s,10.7662323s,19171,1920,0
6.007437s,1.3784534s,4.1270595s,19187,1920,0
5.8205019s,1.0868148s,4.3266164s,19184,1920,0
7.0277625s,1.4465202s,3.1193558s,19183,1920,0
6.7324478s,1.3298738s,3.418993s,19182,1920,0
6.1671007s,1.4673849s,10.6619636s,19177,1920,0
6.7375359s,1.3425827s,3.4191454s,19188,1920,0
6.4362336s,1.3085341s,3.7204477s,19186,1920,0
6.6772104s,1.4466457s,10.1615581s,19173,1920,0
6.5796208s,1.2014086s,10.2591477s,19178,1920,0
6.438826s,1.3437936s,3.722319s,19185,1920,0
6.4820717s,1.1917253s,10.3594689s,19175,1920,0
6.2528496s,1.2971477s,3.9192122s,19190,1920,0
5.2601548s,1.0265023s,4.9274135s,19181,1920,0
6.1157351s,1.4328669s,10.7596788s,19174,1920,0
5.7842794s,1.2926399s,4.4274345s,19189,1920,0
6.5792221s,1.4568028s,1.9106863s,19209,1922,0
6.0785315s,1.1282958s,2.4151256s,19202,1922,0
6.3874321s,1.0842199s,2.1121033s,19205,1922,0
6.9496979s,1.3819502s,8.5508403s,19191,1922,0
5.946826s,1.4212213s,9.5537122s,19199,1922,0
6.8952274s,1.3534807s,1.6095675s,19207,1922,0
6.6494197s,1.4332298s,8.852723s,19200,1922,0
5.5463653s,1.1932942s,9.9645342s,19197,1922,0
6.1001157s,1.2031101s,2.4158153s,19203,1922,0
6.1054718s,1.0906278s,2.4162469s,19208,1922,0
5.7683798s,1.0684129s,9.7593155s,19194,1922,0
6.3852777s,1.1114852s,9.1561876s,19193,1922,0
6.3842381s,1.077266s,9.1572272s,19198,1922,0
6.2891098s,1.1028202s,9.2572836s,19192,1922,0
6.7422367s,1.1310554s,1.810274s,19201,1922,0
6.9973478s,1.3370272s,8.5562862s,19196,1922,0
5.352938s,1.2606321s,3.2166561s,19206,1922,0
6.0178145s,1.1078091s,9.555572s,19195,1922,0
7.0706041s,1.4586161s,1.5084988s,19210,1922,0
6.3673039s,1.2872097s,2.2135925s,19204,1922,0
5.9111511s,1.0903495s,201.2139ms,19226,1923,0
6.2531467s,1.3955051s,6.7429563s,19219,1923,0
6.1244503s,1.050671s,0s,19225,1923,0
6.4705725s,1.3314905s,6.5365011s,19215,1923,0
5.7285056s,1.0066595s,403.2874ms,19221,1923,0
5.7677108s,1.2296721s,7.2462361s,19220,1923,0
6.8752806s,1.3850618s,6.1386663s,19212,1923,0
5.7430284s,1.1511632s,401.5121ms,19224,1923,0
6.7935047s,1.4758903s,6.2383903s,19211,1923,0
6.1914002s,1.1934577s,6.8439475s,19213,1923,0
6.1650622s,1.2815961s,0s,19223,1923,0
6.3080312s,1.2091525s,6.7424872s,19216,1923,0
5.9126442s,1.4430741s,7.1477489s,19214,1923,0
5.7275609s,1.1602402s,7.3485309s,19217,1923,0
6.6419967s,1.1617829s,6.4374761s,19218,1923,0
6.4098626s,1.2614291s,0s,19230,1923,0
6.5151691s,1.4217831s,0s,19229,1923,0
6.5657849s,1.2142605s,0s,19227,1923,0
6.5676553s,1.2664531s,4.3263333s,19232,1925,0
6.3734864s,1.4624351s,4.5257865s,19235,1925,0
6.0894771s,1.1785118s,4.8270693s,19236,1925,0
5.7995946s,1.001553s,5.1257949s,19231,1925,0
6.8194705s,1.1626022s,4.1235185s,19240,1925,0
6.3388996s,1.1187112s,4.6259035s,19234,1925,0
6.4404981s,1.213253s,4.5257904s,19237,1925,0
6.5415764s,1.1872319s,4.4247121s,19239,1925,0
6.5415764s,1.3346479s,4.4247121s,19238,1925,0
6.9016064s,1.2323966s,10.9714848s,19228,1925,0
6.146136s,1.3633085s,4.8271817s,19233,1925,0
6.7088174s,1.4689687s,11.1661067s,19222,1925,0
6.7322574s,1.1925704s,1.6088218s,19257,1927,0
6.1288693s,1.3515198s,2.2122099s,19255,1927,0
6.5419226s,1.4453366s,9.1540112s,19247,1927,0
5.8470074s,1.1472164s,9.8536708s,19244,1927,0
6.7487557s,1.2416838s,8.9519225s,19249,1927,0
7.3512561s,1.442734s,8.3494221s,19248,1927,0
5.8432101s,1.0577255s,2.515748s,19256,1927,0
5.8432101s,1.004128s,2.515748s,19253,1927,0
6.8643128s,1.4036747s,8.858073s,19246,1927,0
6.1645478s,1.0445376s,2.212737s,19258,1927,0
6.8851381s,1.4106131s,8.850687s,19250,1927,0
5.7807188s,1.1636426s,2.6167115s,19260,1927,0
6.2936792s,1.0286009s,9.455792s,19241,1927,0
6.5046165s,1.3383208s,9.253799s,19243,1927,0
6.299308s,1.3287066s,2.1140806s,19251,1927,0
6.9082712s,1.2678255s,1.5084306s,19254,1927,0
6.3134074s,1.0378591s,9.4578583s,19245,1927,0
6.7194415s,1.4233393s,9.0537952s,19242,1927,0
5.7087116s,1.0555061s,2.7166057s,19259,1927,0
6.1260166s,1.3929322s,2.3110093s,19252,1927,0
6.3697649s,1.3555419s,7.9520221s,19270,1929,0
6.3189392s,1.334224s,1.205609s,19276,1929,0
6.122645s,1.2869214s,1.4082454s,19271,1929,0
6.5848661s,1.4223333s,7.752446s,19261,1929,0
6.1968607s,1.4135094s,8.1486454s,19268,1929,0
6.7367736s,1.1893239s,804.2435ms,19272,1929,0
6.7367736s,1.2203788s,804.2435ms,19275,1929,0
6.2001712s,1.0970772s,8.1564381s,19264,1929,0
6.8064217s,1.2084937s,7.5501876s,19269,1929,0
6.5480331s,1.1161356s,1.0058057s,19280,1929,0
6.0446239s,1.1010283s,1.5107979s,19274,1929,0
5.8097642s,1.2762419s,8.5550775s,19267,1929,0
6.9637341s,1.4625815s,603.2182ms,19278,1929,0
6.4339506s,1.0970772s,7.9506721s,19266,1929,0
6.3355624s,1.3352915s,8.0513166s,19262,1929,0
6.0917889s,1.1983812s,1.5074458s,19273,1929,0
6.0982465s,1.3104622s,1.5080441s,19279,1929,0
6.2000339s,1.1523547s,1.4078114s,19277,1929,0
6.7703029s,1.3215389s,7.646058s,19265,1929,0
6.3685567s,1.0423728s,8.0478042s,19263,1929,0
6.0739938s,1.113524s,402.2267ms,19300,1930,0
6.6511344s,1.0696438s,6.8390639s,19290,1930,0
6.0554252s,1.2383815s,7.4458073s,19281,1930,0
5.5564022s,1.148687s,7.9448303s,19286,1930,0
6.0570418s,1.148687s,7.4441907s,19288,1930,0
6.5059925s,1.4602416s,0s,19298,1930,0
6.2691476s,1.1067289s,7.244807s,19282,1930,0
6.5220072s,1.1945731s,0s,19291,1930,0
5.4900168s,1.0587836s,8.0468501s,19283,1930,0
6.5292586s,1.2205754s,0s,19292,1930,0
6.0953336s,1.4583561s,7.4415333s,19287,1930,0
6.1393463s,1.038137s,401.1672ms,19296,1930,0
7.0072511s,1.3328228s,6.5442003s,19285,1930,0
5.8405628s,1.3396358s,703.899ms,19297,1930,0
6.5510208s,1.1384098s,0s,19295,1930,0
6.2109924s,1.1288265s,7.3483087s,19284,1930,0
6.521259s,1.4567756s,7.0441473s,19289,1930,0
6.7660283s,1.258383s,0s,19294,1930,0
6.8474373s,1.4147712s,0s,19293,1930,0
6.9363738s,1.4550918s,0s,19299,1930,0
6.1073589s,1.2593874s,5.4302816s,19307,1932,0
6.1102828s,1.0007185s,5.4322557s,19310,1932,0
6.7243665s,1.2675097s,4.8281718s,19308,1932,0
6.0278699s,1.2695305s,5.5302686s,19309,1932,0
6.0553185s,1.346693s,5.52903s,19302,1932,0
6.5676205s,1.3112511s,5.027056s,19301,1932,0
6.4753568s,1.4316375s,5.127606s,19304,1932,0
6.173516s,1.2468147s,5.4294468s,19305,1932,0
6.8859523s,1.1146316s,4.7257609s,19306,1932,0
6.5060309s,1.3367785s,5.1279591s,19303,1932,0
5.9164348s,1.1995778s,11.2738539s,19315,1934,0
6.376692s,1.0123862s,3.9248287s,19326,1934,0
6.2819366s,1.1420301s,4.0243731s,19327,1934,0
5.8333664s,1.0280935s,11.3717021s,19311,1934,0
6.2425713s,1.1022482s,10.9624972s,19319,1934,0
5.9880091s,1.0730543s,4.325196s,19321,1934,0
6.6983503s,1.13109s,3.6188375s,19324,1934,0
5.8476904s,1.2444841s,11.3649539s,19320,1934,0
6.8575549s,1.2228157s,10.3651211s,19318,1934,0
6.5126389s,1.3816423s,3.8233141s,19323,1934,0
6.5701168s,1.2495228s,10.6709296s,19316,1934,0
6.5717252s,1.3608385s,10.6696901s,19312,1934,0
6.0279625s,1.2494605s,4.3224687s,19325,1934,0
6.2902739s,1.0935s,10.9625217s,19313,1934,0
6.8954565s,1.0057114s,10.3573391s,19314,1934,0
6.3396974s,1.0041983s,4.0220919s,19330,1934,0
6.1392883s,1.0405982s,4.222501s,19329,1934,0
6.4533773s,1.3596656s,3.9208212s,19322,1934,0
6.5070798s,1.2183068s,10.7625752s,19317,1934,0
6.4642164s,1.3715573s,3.9252705s,19328,1934,0
6.5906311s,1.2563314s,1.7092254s,19350,1936,0
5.9964484s,1.26317s,2.3137272s,19345,1936,0
6.5154501s,1.3552903s,8.7509114s,19339,1936,0
6.5241126s,1.1856102s,8.745174s,19340,1936,0
6.6120833s,1.4756957s,1.7092102s,19347,1936,0
6.8264657s,1.3673723s,8.4517846s,19334,1936,0
6.1364391s,1.0044132s,9.1574518s,19335,1936,0
6.1364391s,1.3092458s,9.1574518s,19332,1936,0
6.8445985s,1.3603315s,8.4507443s,19338,1936,0
6.4396191s,1.2746954s,1.9077306s,19342,1936,0
6.9479931s,1.0638738s,8.3543653s,19336,1936,0
6.142119s,1.3157001s,2.213426s,19349,1936,0
6.4612705s,1.0976825s,8.8528919s,19333,1936,0
6.6606336s,1.3090006s,1.7096514s,19343,1936,0
6.1574858s,1.2003936s,2.2127992s,19344,1936,0
6.160993s,1.0955544s,2.2158923s,19341,1936,0
5.7686121s,1.2236261s,2.6153719s,19348,1936,0
6.575013s,1.3555317s,1.8118363s,19346,1936,0
6.6860382s,1.396415s,8.6510612s,19331,1936,0
6.8915766s,1.4319053s,8.4455228s,19337,1936,0
6.1917356s,1.465248s,8.9570757s,19356,1938,0
6.0040559s,1.2562181s,9.1529488s,19351,1938,0
7.060125s,1.3540589s,1.0062343s,19366,1938,0
6.9624131s,1.3471418s,1.105932s,19363,1938,0
6.0573254s,1.2070851s,2.0110197s,19364,1938,0
6.564203s,1.3357895s,1.5082766s,19368,1938,0
5.7101994s,1.1714615s,9.4614981s,19354,1938,0
6.0171009s,1.251601s,9.1587799s,19353,1938,0
6.6300084s,1.3954069s,8.553767s,19359,1938,0
5.6335796s,1.0988232s,9.5539229s,19360,1938,0
6.7951075s,1.2296535s,1.3073971s,19369,1938,0
6.443521s,1.0485665s,8.7555712s,19357,1938,0
6.4562768s,1.375441s,8.753412s,19352,1938,0
6.2097282s,1.3977996s,1.9108072s,19361,1938,0
6.0114957s,1.2560994s,2.1108955s,19367,1938,0
6.3159703s,1.0518649s,1.812221s,19365,1938,0
5.718137s,1.1703715s,2.4140786s,19370,1938,0
6.2230218s,1.4350216s,1.9113444s,19362,1938,0
5.9744144s,1.0153066s,9.2593245s,19358,1938,0
7.092535s,1.3284659s,8.1542768s,19355,1938,0
6.4941843s,1.3721502s,6.4397464s,19372,1939,0
6.2995769s,1.0123546s,6.6438129s,19377,1939,0
6.4022348s,1.4193956s,6.5417952s,19373,1939,0
6.2109286s,1.1788782s,6.7426578s,19374,1939,0
6.0286479s,1.0641245s,6.9379585s,19376,1939,0
6.8358019s,1.0495096s,6.1374738s,19380,1939,0
6.6413002s,1.367631s,6.3380023s,19378,1939,0
6.4365785s,1.2783222s,6.5431421s,19371,1939,0
5.7468255s,1.1253908s,402.2731ms,19390,1939,0
6.0488391s,1.0419327s,100.2595ms,19386,1939,0
6.1569826s,1.4056162s,6.8418061s,19379,1939,0
5.8599182s,1.0291132s,302.0324ms,19383,1939,0
6.0620107s,1.0070642s,6.9448641s,19375,1939,0
5.8846878s,1.1387762s,301.0798ms,19385,1939,0
6.2712535s,1.3903841s,0s,19389,1939,0
6.2731711s,1.0111892s,0s,19384,1939,0
6.5787698s,1.4235321s,0s,19382,1939,0
6.022357s,1.2408065s,4.7270532s,19395,1941,0
6.1252292s,1.1745178s,4.624181s,19392,1941,0
5.3240896s,1.161683s,5.4309009s,19398,1941,0
6.6319372s,1.4574574s,4.1230533s,19400,1941,0
6.8369304s,1.2254629s,10.7604157s,19381,1941,0
6.1457858s,1.3436155s,4.6248804s,19391,1941,0
6.2553113s,1.1575444s,4.523751s,19397,1941,0
6.0564373s,1.0107908s,4.722625s,19394,1941,0
6.7712114s,1.4760142s,10.8643885s,19388,1941,0
6.176087s,1.1855728s,4.624778s,19399,1941,0
6.6846491s,1.1624313s,10.9544684s,19387,1941,0
6.1138254s,1.2113507s,4.7256085s,19396,1941,0
6.3222786s,1.1323911s,4.5238267s,19393,1941,0
6.9160845s,1.4756488s,3.3157246s,19414,1943,0
6.7278772s,1.094743s,10.3603022s,19410,1943,0
6.4158444s,1.3210477s,3.8243746s,19411,1943,0
6.3380976s,1.2825616s,10.7618641s,19407,1943,0
6.4267143s,1.3776658s,3.8245313s,19416,1943,0
6.4434152s,1.2166976s,10.6642007s,19401,1943,0
6.8394363s,1.2239026s,3.4175959s,19413,1943,0
6.85607s,1.4231798s,10.2647806s,19406,1943,0
6.045011s,1.2434657s,4.2220032s,19419,1943,0
6.2590302s,1.0416062s,10.8643543s,19402,1943,0
5.9520485s,1.4310343s,11.171336s,19405,1943,0
6.4725776s,1.0433683s,10.6643412s,19404,1943,0
5.9630891s,1.4549415s,4.322508s,19418,1943,0
6.3667098s,1.4448775s,3.9213521s,19412,1943,0
5.5735662s,1.0618139s,11.570866s,19408,1943,0
5.8716525s,1.1303929s,4.4251898s,19415,1943,0
5.880414s,1.1354618s,11.2727986s,19409,1943,0
7.0839348s,1.3906011s,3.2177722s,19417,1943,0
6.2939949s,1.3067655s,10.8708528s,19403,1943,0
6.289603s,1.1156728s,4.0216505s,19420,1943,0
6.5325079s,1.1792238s,9.3559144s,19425,1945,0
6.2330796s,1.0201579s,2.8170589s,19433,1945,0
6.8403049s,1.3547567s,2.2127662s,19435,1945,0
6.4421157s,1.3447778s,2.6148247s,19439,1945,0
6.8511493s,1.3398664s,9.0606216s,19430,1945,0
6.5754345s,1.4225897s,9.3522362s,19421,1945,0
6.361878s,1.0058457s,2.7146434s,19440,1945,0
6.4797397s,1.1899204s,9.4598212s,19422,1945,0
6.2838975s,1.3481071s,9.6573889s,19428,1945,0
6.0765568s,1.3766226s,3.0161447s,19436,1945,0
6.2886628s,1.1560429s,9.6583681s,19423,1945,0
6.6931581s,1.1394696s,9.2538728s,19426,1945,0
6.7027901s,1.2898218s,9.2550146s,19427,1945,0
5.9926186s,1.370673s,3.1213015s,19431,1945,0
6.3005464s,1.2495618s,2.8166341s,19438,1945,0
6.0139425s,1.1879989s,9.9576184s,19424,1945,0
6.2055259s,1.3914728s,2.9157952s,19437,1945,0
6.4054684s,1.3323844s,2.7158527s,19432,1945,0
6.7243409s,1.0733229s,9.2562579s,19429,1945,0
6.1192811s,1.3675994s,3.0144991s,19434,1945,0
6.6426491s,1.3048754s,1.91014s,19458,1947,0
6.6043628s,1.4803908s,8.555275s,19443,1947,0
5.9435255s,1.3525263s,2.6147942s,19453,1947,0
6.5490078s,1.3844271s,2.0112313s,19451,1947,0
6.3108216s,1.1629661s,8.8578741s,19450,1947,0
5.612727s,1.0616662s,9.5591999s,19445,1947,0
6.3558043s,1.3606531s,2.2117598s,19460,1947,0
6.4393561s,1.2706273s,8.7444255s,19441,1947,0
6.8730561s,1.0944629s,1.7106326s,19457,1947,0
5.9684519s,1.1995735s,2.6175569s,19452,1947,0
6.1488183s,1.4604311s,9.053671s,19444,1947,0
6.0542701s,1.342236s,9.1586685s,19448,1947,0
6.3669986s,1.1409591s,8.85532s,19442,1947,0
6.4054683s,1.3186222s,2.214107s,19456,1947,0
6.8116995s,1.4568696s,1.8103705s,19454,1947,0
6.1076445s,1.447405s,2.5144255s,19455,1947,0
5.9059153s,1.2026459s,2.7161547s,19459,1947,0
6.4800826s,1.3984828s,8.7617979s,19449,1947,0
6.4870959s,1.0274995s,8.7571746s,19447,1947,0
6.2953109s,1.2562277s,8.950977s,19446,1947,0
6.0360861s,1.0295345s,7.9515589s,19464,1948,0
6.5153134s,1.2383204s,403.2223ms,19479,1948,0
5.8112229s,1.449124s,1.1082098s,19474,1948,0
5.9670907s,1.099565s,8.0456616s,19469,1948,0
6.424701s,1.2014597s,506.7114ms,19478,1948,0
6.3277149s,1.3699942s,604.393ms,19476,1948,0
5.7702041s,1.2256541s,8.2555179s,19463,1948,0
6.1755625s,1.0125003s,7.8501595s,19462,1948,0
6.2342002s,1.2410194s,703.3936ms,19472,1948,0
7.0891208s,1.4161524s,6.9453909s,19465,1948,0
6.1958368s,1.065494s,7.8499203s,19461,1948,0
5.7029912s,1.32835s,8.353178s,19468,1948,0
6.174809s,1.3499183s,804.3069ms,19480,1948,0
6.9805423s,1.260506s,0s,19471,1948,0
5.4198772s,1.0607219s,8.6558833s,19467,1948,0
5.8200631s,1.2845811s,8.2556974s,19470,1948,0
5.8231015s,1.0702652s,8.252659s,19466,1948,0
7.0041625s,1.2764355s,0s,19473,1948,0
7.1182257s,1.4668998s,0s,19477,1948,0
7.257096s,1.4807001s,0s,19475,1948,0
6.4565201s,1.2297087s,6.4426406s,19482,1950,0
6.6655089s,1.3597501s,6.2403569s,19481,1950,0
6.6716509s,1.4658889s,6.2371377s,19486,1950,0
6.7744358s,1.0525638s,6.1379258s,19487,1950,0
6.9792716s,1.1268232s,5.941424s,19489,1950,0
5.7747433s,1.1757296s,7.1474466s,19488,1950,0
6.7822734s,1.3441334s,6.1399165s,19490,1950,0
6.4893911s,1.3104679s,6.4403809s,19484,1950,0
6.2078237s,1.492784s,6.7481398s,19483,1950,0
6.0298358s,1.0931573s,6.9472518s,19485,1950,0
6.0572076s,1.3292105s,0s,19494,1950,0
6.1273855s,1.1743655s,0s,19493,1950,0
6.1444156s,1.0405054s,0s,19491,1950,0
6.1802561s,1.4624208s,0s,19499,1950,0
6.2749599s,1.3033434s,0s,19497,1950,0
6.2800728s,1.0775827s,0s,19496,1950,0
6.3160417s,1.4398766s,0s,19498,1950,0
6.6601081s,1.2363973s,10.5663475s,19492,1952,0
6.6554018s,1.4255498s,3.9235607s,19503,1952,0
6.7599451s,1.421428s,3.822495s,19509,1952,0
5.8600204s,1.0964866s,4.7291454s,19508,1952,0
6.4706745s,1.4947602s,4.1240499s,19506,1952,0
6.5728749s,1.2267338s,4.0261444s,19501,1952,0
5.5703551s,1.1036071s,5.0283607s,19507,1952,0
7.1819065s,1.4646825s,3.4214758s,19502,1952,0
6.4993942s,1.4966371s,10.7690082s,19500,1952,0
6.3862506s,1.1385438s,4.2269018s,19510,1952,0
6.5840695s,1.2154874s,4.0290829s,19505,1952,0
6.7066881s,1.0303734s,3.9268792s,19504,1952,0
6.4329201s,1.4093367s,10.8671994s,19495,1952,0
6.8092039s,1.2678206s,8.45097s,19520,1954,0
6.5104616s,1.2994225s,8.7516801s,19517,1954,0
6.341066s,1.4959134s,2.1115527s,19524,1954,0
6.010693s,1.2203156s,9.2609026s,19518,1954,0
6.7547816s,1.0522754s,1.7102168s,19528,1954,0
5.8606096s,1.0073167s,2.617042s,19527,1954,0
6.6693211s,1.1794608s,1.8119102s,19521,1954,0
6.2404961s,1.1617243s,9.0527085s,19515,1954,0
6.3719586s,1.4959134s,2.111723s,19523,1954,0
5.8691848s,1.1158976s,2.6156353s,19526,1954,0
6.577179s,1.1297896s,1.910685s,19529,1954,0
5.943813s,1.0267435s,9.3569298s,19519,1954,0
6.6558874s,1.3495756s,8.657135s,19516,1954,0
5.8935844s,1.4385365s,2.6127457s,19525,1954,0
6.2721112s,1.4496527s,9.0537176s,19512,1954,0
6.5121626s,1.0125959s,2.0117947s,19522,1954,0
6.4841982s,1.1114792s,8.8528301s,19511,1954,0
5.5862372s,1.0853388s,9.7556349s,19514,1954,0
6.1955916s,1.1054751s,9.1550325s,19513,1954,0
5.6271582s,1.0053957s,2.9166177s,19530,1954,0
6.7047461s,1.2686852s,1.2066006s,19549,1956,0
6.5103792s,1.0578664s,1.4073528s,19550,1956,0
6.7146606s,1.1795717s,7.9456052s,19533,1956,0
6.1118937s,1.2319932s,8.5483721s,19535,1956,0
6.7148224s,1.449579s,1.2066584s,19546,1956,0
6.6147826s,1.364872s,8.0477494s,19531,1956,0
6.0262928s,1.3784752s,1.9097344s,19545,1956,0
6.0351714s,1.4187681s,8.6452455s,19540,1956,0
6.7410512s,1.463653s,7.947997s,19536,1956,0
6.0417871s,1.0906923s,1.9114532s,19547,1956,0
6.4445906s,1.050108s,8.2518077s,19539,1956,0
6.6503244s,1.3432407s,1.3074421s,19542,1956,0
6.7536588s,1.423349s,1.2077676s,19543,1956,0
6.1671374s,1.2436592s,1.8095002s,19544,1956,0
5.5656077s,1.3136461s,9.1520811s,19537,1956,0
5.7799227s,1.1534584s,8.955233s,19534,1956,0
6.1864881s,1.2175734s,8.5536058s,19538,1956,0
6.4922744s,1.2656017s,1.5095055s,19541,1956,0
6.0936612s,1.1546041s,8.6498053s,19532,1956,0
6.3950179s,1.4985485s,1.6092145s,19548,1956,0
6.6388796s,1.4834272s,8.0490382s,19557,1958,0
6.3183591s,1.0136308s,1.2062136s,19567,1958,0
6.653921s,1.3265635s,8.0465161s,19556,1958,0
5.9325826s,1.1421802s,1.6101312s,19569,1958,0
7.1641881s,1.4203575s,7.5498056s,19560,1958,0
6.4624009s,1.4257863s,8.2515928s,19559,1958,0
6.6729819s,1.2511801s,8.0491059s,19555,1958,0
6.1834134s,1.4406584s,8.5474891s,19558,1958,0
5.9830602s,1.1036146s,8.7478423s,19552,1958,0
6.1606748s,1.0504173s,1.4070997s,19570,1958,0
5.3595005s,1.0387537s,2.2139335s,19566,1958,0
6.3920465s,1.4583743s,8.3487381s,19553,1958,0
6.1754369s,1.2906482s,1.4084782s,19565,1958,0
6.4113162s,1.37274s,8.347027s,19554,1958,0
5.9880535s,1.032627s,1.608175s,19563,1958,0
6.5138536s,1.2174962s,8.2502521s,19551,1958,0
5.7885987s,1.0277645s,1.8113189s,19564,1958,0
6.294699s,1.2662478s,1.308025s,19562,1958,0
6.5070024s,1.3071585s,1.1054242s,19568,1958,0
6.216496s,1.2294818s,1.4080571s,19561,1958,0
6.2016744s,1.0982729s,7.8530658s,19571,1960,0
6.7643908s,1.4364658s,200.7555ms,19588,1960,0
5.4662496s,1.0515177s,1.50897s,19590,1960,0
6.1191305s,1.4617563s,7.9465071s,19573,1960,0
5.570331s,1.189592s,1.4063702s,19585,1960,0
5.619027s,1.1813695s,8.4480922s,19578,1960,0
6.7327735s,1.2437992s,7.3449567s,19574,1960,0
6.7402536s,1.4978461s,7.3445136s,19576,1960,0
6.6980222s,1.4037333s,301.2736ms,19586,1960,0
6.8473554s,1.4187717s,7.2458774s,19580,1960,0
6.3455407s,1.2983951s,7.7476921s,19579,1960,0
6.1110072s,1.2304727s,904.7989ms,19589,1960,0
6.0103275s,1.1364944s,1.0054786s,19584,1960,0
5.9590267s,1.1314607s,8.1510121s,19575,1960,0
5.9648437s,1.1643427s,8.1485649s,19577,1960,0
6.2235253s,1.0703257s,806.2909ms,19583,1960,0
6.4283031s,1.2815524s,603.6468ms,19582,1960,0
6.4300504s,1.1547061s,603.406ms,19581,1960,0
6.0356805s,1.0133087s,1.0052443s,19587,1960,0
7.0900266s,1.2645387s,7.0413162s,19572,1960,0
6.3029844s,1.1083246s,100.083ms,19607,1961,0
6.310235s,1.1616484s,7.0431586s,19597,1961,0
6.6173386s,1.0974005s,6.7413547s,19596,1961,0
6.520133s,1.456764s,6.8440302s,19592,1961,0
5.9206731s,1.2033164s,7.4470543s,19595,1961,0
5.9224443s,1.128719s,503.2756ms,19601,1961,0
5.9283707s,1.2347725s,7.4501368s,19594,1961,0
6.2414895s,1.1616484s,7.1434746s,19598,1961,0
6.9472001s,1.4673021s,6.4423369s,19599,1961,0
6.2516893s,1.2772107s,7.1392149s,19591,1961,0
6.3537138s,1.3022031s,100.5803ms,19604,1961,0
6.479132s,1.3396199s,0s,19603,1961,0
6.8976689s,1.3405918s,6.5353744s,19593,1961,0
6.4920771s,1.3798783s,0s,19606,1961,0
5.8954648s,1.22379s,7.5446065s,19600,1961,0
6.4949835s,1.1234439s,0s,19605,1961,0
6.5082407s,1.3671855s,0s,19602,1961,0
6.5386097s,1.4015109s,0s,19610,1961,0
6.6826233s,1.0095439s,0s,19608,1961,0
6.8419065s,1.1888283s,0s,19609,1961,0
6.664549s,1.201517s,5.2292456s,19611,1963,0
7.0676435s,1.3397586s,4.8261511s,19614,1963,0
6.5858176s,1.105302s,5.3349298s,19612,1963,0
6.5982413s,1.2255772s,5.3287385s,19620,1963,0
6.499073s,1.3329505s,5.4322521s,19618,1963,0
6.3992693s,1.2984779s,5.5337088s,19616,1963,0
6.1997302s,1.4227646s,5.7380783s,19615,1963,0
6.8132784s,1.1457511s,5.1318775s,19619,1963,0
6.0171424s,1.4160408s,5.9365045s,19617,1963,0
6.020719s,1.4837715s,5.9403586s,19613,1963,0
5.2286772s,1.0340978s,0s,19629,1963,0
6.0915332s,1.2846814s,4.8272791s,19632,1965,0
5.8109522s,1.1226253s,11.9665451s,19627,1965,0
5.8127074s,1.1027743s,11.970238s,19630,1965,0
6.6100992s,1.225347s,4.3266838s,19640,1965,0
6.4252321s,1.2344374s,11.3702359s,19628,1965,0
6.2111035s,1.0646592s,4.7297105s,19634,1965,0
6.3112515s,1.491017s,4.6292193s,19633,1965,0
6.7337653s,1.1183513s,11.0657337s,19622,1965,0
6.9246277s,1.46465s,4.0244822s,19635,1965,0
6.7242015s,1.198659s,4.2249084s,19637,1965,0
6.0352006s,1.4990509s,4.9286147s,19639,1965,0
6.858685s,1.0746875s,10.9664901s,19626,1965,0
5.860725s,1.3885779s,11.9648925s,19625,1965,0
6.6631296s,1.2603083s,11.1658097s,19623,1965,0
5.743995s,1.199557s,5.2323066s,19638,1965,0
6.0613729s,1.2578983s,4.9298594s,19636,1965,0
6.5895721s,1.0885953s,11.2635361s,19624,1965,0
5.8907904s,1.2344374s,11.9749123s,19621,1965,0
6.8907229s,1.2878173s,4.126696s,19631,1965,0
6.5198711s,1.1938957s,3.8205054s,19653,1967,0
6.1170738s,1.3037237s,4.2233027s,19651,1967,0
6.0987683s,1.2387767s,11.2661422s,19649,1967,0
5.8182006s,1.1907385s,4.5269213s,19657,1967,0
6.325084s,1.0429355s,4.0232151s,19659,1967,0
6.0096467s,1.1392757s,11.3681242s,19650,1967,0
7.0241495s,1.3916951s,10.3572413s,19642,1967,0
6.0426414s,1.1192873s,4.3208399s,19660,1967,0
6.7239303s,1.3423862s,10.664085s,19641,1967,0
6.3358408s,1.3517263s,11.0616725s,19648,1967,0
6.7626167s,1.3073846s,3.6209215s,19658,1967,0
6.4520858s,1.1124592s,10.9628406s,19647,1967,0
6.1489988s,1.3186986s,11.2659276s,19645,1967,0
6.2745097s,1.0254114s,4.1250006s,19655,1967,0
5.6757015s,1.1435341s,4.7271466s,19656,1967,0
6.7691997s,1.317822s,10.6581824s,19646,1967,0
6.1769532s,1.3168907s,11.2647231s,19644,1967,0
6.6898104s,1.3959723s,10.7576634s,19643,1967,0
6.5009941s,1.2465186s,3.9219457s,19652,1967,0
6.8118063s,1.4474077s,3.6226975s,19654,1967,0
6.1104546s,1.0994512s,9.2531717s,19663,1969,0
6.3912677s,1.2516529s,2.1127831s,19672,1969,0
6.4923057s,1.3229713s,2.0117451s,19675,1969,0
6.7947993s,1.4054061s,1.7116502s,19671,1969,0
6.4940167s,1.3362376s,2.0124328s,19679,1969,0
5.7924963s,1.2632132s,2.718732s,19676,1969,0
6.5022211s,1.2627047s,2.0110693s,19677,1969,0
6.1267382s,1.2585878s,9.2593862s,19667,1969,0
6.6368173s,1.2918637s,8.7524612s,19666,1969,0
6.3500003s,1.2048219s,9.0528458s,19669,1969,0
5.944757s,1.0670202s,9.4580891s,19661,1969,0
6.8619384s,1.0275011s,8.5523675s,19670,1969,0
6.5324894s,1.229399s,2.0104803s,19678,1969,0
6.566691s,1.290645s,8.8548274s,19665,1969,0
6.872834s,1.4624121s,8.5520585s,19662,1969,0
6.4518381s,1.4495407s,2.1134013s,19674,1969,0
6.2553709s,1.278579s,2.3134571s,19680,1969,0
6.4037221s,1.2318847s,9.0525693s,19668,1969,0
6.5046785s,1.3050353s,8.9516129s,19664,1969,0
6.7766289s,1.4113037s,1.8125041s,19673,1969,0
5.8828865s,1.0143818s,7.7477761s,19686,1971,0
6.5905356s,1.272412s,7.0430483s,19681,1971,0
6.1868297s,1.4707055s,7.4467542s,19690,1971,0
6.7984057s,1.4835776s,6.8409456s,19685,1971,0
6.8989124s,1.3749104s,6.7404389s,19683,1971,0
6.5013494s,1.3373063s,7.1414684s,19687,1971,0
6.6465727s,1.3065671s,100.9631ms,19700,1971,0
6.5489531s,1.2663857s,201.543ms,19695,1971,0
5.6982002s,1.2160639s,7.9530031s,19688,1971,0
6.0093392s,1.0324244s,7.6418641s,19684,1971,0
5.9499445s,1.1874685s,805.2199ms,19693,1971,0
6.4569108s,1.2363499s,301.2632ms,19692,1971,0
5.6224978s,1.4436956s,8.0508758s,19682,1971,0
6.3739089s,1.2523227s,403.1804ms,19699,1971,0
6.6834626s,1.4966137s,101.0272ms,19698,1971,0
5.5800941s,1.0096196s,1.2086549s,19696,1971,0
5.6874708s,1.2363499s,1.1066765s,19694,1971,0
6.1638726s,1.2101039s,7.5434076s,19689,1971,0
5.905753s,1.4627203s,906.7251ms,19697,1971,0
6.2106424s,1.2323619s,603.2466ms,19691,1971,0
6.741288s,1.4607258s,5.7368373s,19710,1972,0
5.4385064s,1.1119003s,7.0396189s,19708,1972,0
6.1412951s,1.24567s,6.3368302s,19701,1972,0
6.6441341s,1.4561674s,5.8339912s,19707,1972,0
6.1460184s,1.2954263s,6.3387439s,19702,1972,0
6.6698075s,1.4527699s,5.8361577s,19709,1972,0
6.6795587s,1.4886616s,5.8399293s,19704,1972,0
6.3837543s,1.4511222s,6.1406881s,19706,1972,0
6.298965s,1.1487866s,6.2374795s,19705,1972,0
5.4230852s,1.0702697s,401.4727ms,19714,1972,0
6.6374407s,1.1462426s,5.9357679s,19703,1972,0
5.9496181s,1.0207366s,0s,19711,1972,0
5.9974908s,1.1806613s,0s,19718,1972,0
6.1321372s,1.3165467s,0s,19719,1972,0
6.2191933s,1.4317633s,0s,19713,1972,0
6.5150039s,1.392588s,12.3699236s,19715,1974,0
6.49502s,1.141976s,5.2265716s,19730,1974,0
6.7145546s,1.1053378s,5.0244203s,19722,1974,0
6.4412195s,1.332935s,12.4669151s,19717,1974,0
5.9202039s,1.0652467s,5.8334757s,19723,1974,0
6.6254379s,1.2897178s,5.1282417s,19729,1974,0
6.4326514s,1.4833995s,5.3276556s,19728,1974,0
6.4542395s,1.3399485s,12.4697977s,19720,1974,0
6.6344101s,1.4728426s,5.1262912s,19726,1974,0
7.1633359s,1.3604158s,11.7685351s,19712,1974,0
6.1412397s,1.0792308s,5.6308072s,19721,1974,0
7.0562406s,1.3163062s,4.7279994s,19727,1974,0
6.4802413s,1.332935s,12.4685315s,19716,1974,0
6.9789122s,1.4226034s,4.824518s,19725,1974,0
6.7790249s,1.0733291s,5.0247156s,19724,1974,0
6.8160563s,1.3937177s,3.2142808s,19741,1976,0
6.9386443s,1.3916794s,10.1633857s,19740,1976,0
7.0318287s,1.1706049s,3.0151405s,19746,1976,0
7.0563992s,1.3616171s,10.0581563s,19737,1976,0
5.6257574s,1.0102983s,4.4253428s,19749,1976,0
5.6436786s,1.0436111s,11.4708769s,19731,1976,0
6.2323678s,1.1467046s,3.8217388s,19745,1976,0
7.1402464s,1.3921227s,2.9155135s,19747,1976,0
7.0634553s,1.4523681s,10.0595813s,19738,1976,0
6.7827707s,1.1615956s,10.356459s,19732,1976,0
5.9593481s,1.2455492s,4.1225838s,19743,1976,0
6.5611275s,1.2856323s,3.5208044s,19750,1976,0
6.482248s,1.0160384s,10.6676414s,19739,1976,0
6.0082975s,1.3295046s,11.1666144s,19736,1976,0
6.6956164s,1.1943439s,3.4193809s,19742,1976,0
6.5193011s,1.0224569s,10.6601392s,19733,1976,0
6.2949954s,1.4858085s,3.8209896s,19748,1976,0
7.2110801s,1.4223167s,2.9152306s,19744,1976,0
6.2274267s,1.2807277s,10.9651022s,19734,1976,0
6.8332847s,1.0696198s,10.3595552s,19735,1976,0
6.0276883s,1.0602361s,8.7567467s,19756,1978,0
6.3409976s,1.4309411s,8.4602107s,19757,1978,0
6.6546009s,1.2114347s,8.1489631s,19760,1978,0
6.054292s,1.0181597s,8.7541466s,19753,1978,0
6.3145617s,1.1201498s,1.6099974s,19766,1978,0
6.3218947s,1.0593104s,1.6088539s,19770,1978,0
6.4237935s,1.3117702s,1.5105853s,19765,1978,0
6.1780478s,1.3085796s,8.6542688s,19755,1978,0
5.7790806s,1.0310161s,9.053236s,19752,1978,0
6.9378678s,1.4947435s,1.0070023s,19761,1978,0
6.8918205s,1.4596025s,7.9527376s,19751,1978,0
6.1558912s,1.2564525s,1.8129928s,19768,1978,0
6.6631675s,1.1802641s,1.3063526s,19762,1978,0
6.2624575s,1.1601954s,1.7105253s,19767,1978,0
6.0653636s,1.2918357s,1.9119876s,19769,1978,0
6.5149289s,1.0994724s,8.3542428s,19759,1978,0
6.1684552s,1.3487362s,1.811096s,19764,1978,0
6.1185586s,1.1940724s,8.7528131s,19758,1978,0
6.2727359s,1.0111076s,1.7106329s,19763,1978,0
6.0210908s,1.3687371s,8.8540985s,19754,1978,0
6.8416193s,1.3218849s,705.0717ms,19788,1980,0
6.9140498s,1.164629s,7.5505886s,19772,1980,0
6.1139421s,1.1552536s,8.3506963s,19774,1980,0
6.2246558s,1.2756679s,8.2499739s,19777,1980,0
6.2528661s,1.2231458s,1.3077138s,19785,1980,0
6.5284118s,1.3077145s,7.948164s,19775,1980,0
6.4558367s,1.2973993s,1.1066893s,19786,1980,0
6.4353851s,1.4145711s,8.0492658s,19771,1980,0
5.5640008s,1.0023752s,2.0154721s,19782,1980,0
6.6771472s,1.449787s,904.7507ms,19787,1980,0
6.855712s,1.4213661s,7.6439444s,19779,1980,0
5.9766689s,1.1966605s,1.6109203s,19784,1980,0
6.4813873s,1.0302928s,1.1062019s,19781,1980,0
6.7978643s,1.3130001s,805.711ms,19789,1980,0
6.9023501s,1.4307212s,704.4812ms,19783,1980,0
5.8735168s,1.2082887s,8.6529415s,19778,1980,0
6.6757716s,1.0912011s,7.8506867s,19780,1980,0
5.8823321s,1.4094593s,8.6558371s,19773,1980,0
6.5011984s,1.0621251s,8.0502291s,19776,1980,0
6.1290752s,1.3193043s,1.5083025s,19790,1980,0
6.9475632s,1.1876146s,6.8373333s,19799,1981,0
6.7367806s,1.1562996s,100.5527ms,19804,1981,0
6.3574471s,1.1700004s,7.4423499s,19800,1981,0
6.7595509s,1.1190001s,101.3102ms,19809,1981,0
6.4632733s,1.03714s,402.8818ms,19810,1981,0
6.1649513s,1.1233694s,704.7869ms,19806,1981,0
6.7795899s,1.4698179s,7.0426025s,19798,1981,0
6.7814659s,1.344837s,7.0425555s,19791,1981,0
6.0828616s,1.088581s,7.7464646s,19795,1981,0
6.7841387s,1.4905704s,100.5083ms,19802,1981,0
6.2812903s,1.2464543s,603.3567ms,19803,1981,0
6.5948581s,1.4395498s,302.5331ms,19807,1981,0
6.0946515s,1.1547778s,7.7517472s,19794,1981,0
6.2988683s,1.3239193s,7.5475304s,19797,1981,0
5.8980505s,1.1570047s,7.9535831s,19792,1981,0
6.0017389s,1.4339821s,7.8498947s,19796,1981,0
6.0003312s,1.2935465s,7.8513024s,19793,1981,0
6.7137653s,1.4705527s,200.2667ms,19808,1981,0
6.7199697s,1.1732768s,201.1827ms,19805,1981,0
6.957227s,1.3404125s,0s,19801,1981,0
6.2671574s,1.1884655s,5.332768s,19813,1983,0
5.9729039s,1.2785639s,5.635334s,19816,1983,0
6.2803716s,1.2263119s,5.3304515s,19820,1983,0
6.2010856s,1.0493006s,5.4335883s,19817,1983,0
6.7194822s,1.2455564s,4.9292261s,19811,1983,0
5.920218s,1.0445486s,5.7337284s,19814,1983,0
6.6279315s,1.4314099s,5.0334424s,19818,1983,0
6.1317006s,1.0567963s,5.5378458s,19819,1983,0
5.8447823s,1.10871s,5.835886s,19812,1983,0
6.148924s,1.124696s,5.5385444s,19815,1983,0
6.6105623s,1.3181176s,10.6642028s,19822,1985,0
6.4137697s,1.1339964s,10.8620482s,19821,1985,0
6.4656442s,1.1749527s,3.9249383s,19835,1985,0
5.7659376s,1.1250512s,4.6293006s,19838,1985,0
6.3711535s,1.4073085s,4.0240847s,19840,1985,0
6.8787322s,1.0448029s,3.5203535s,19832,1985,0
6.4354445s,1.0785297s,10.8691428s,19825,1985,0
5.4316903s,1.0014111s,11.872897s,19830,1985,0
6.1814274s,1.2550088s,4.2260475s,19839,1985,0
6.0918385s,1.1728177s,4.3253135s,19837,1985,0
6.1993891s,1.0143781s,4.2297541s,19834,1985,0
6.1573397s,1.1307727s,11.1713743s,19823,1985,0
6.1573397s,1.1224048s,11.1713743s,19828,1985,0
6.2684113s,1.0364951s,11.0637346s,19826,1985,0
6.3765796s,1.4072703s,10.9691561s,19827,1985,0
6.285597s,1.249894s,11.0618577s,19829,1985,0
5.6245417s,1.1636715s,4.8243827s,19836,1985,0
5.826867s,1.1689566s,4.6220574s,19833,1985,0
6.8985303s,1.2475305s,10.4543185s,19824,1985,0
6.4460895s,1.4177975s,4.0243122s,19831,1985,0
6.5776632s,1.2576312s,10.2608037s,19849,1987,0
5.7702088s,1.0971305s,11.0682581s,19847,1987,0
6.7788607s,1.3563584s,10.0596062s,19842,1987,0
5.5437438s,1.1648112s,4.5238216s,19851,1987,0
6.4562446s,1.3010733s,3.6208277s,19853,1987,0
6.6707726s,1.175512s,3.4195366s,19854,1987,0
6.5117089s,1.242948s,10.3618024s,19846,1987,0
6.1788443s,1.1558438s,3.9187595s,19859,1987,0
7.1854365s,1.4209029s,2.9189269s,19855,1987,0
6.3158087s,1.02076s,10.5695305s,19850,1987,0
6.2360601s,1.1606035s,10.664058s,19841,1987,0
5.7966043s,1.169981s,4.3264402s,19852,1987,0
6.5048365s,1.1357571s,3.6197174s,19856,1987,0
5.1440975s,1.1677854s,11.7695795s,19843,1987,0
5.9106102s,1.0774088s,4.2242061s,19860,1987,0
6.8240326s,1.2627035s,3.3167176s,19858,1987,0
6.420052s,1.0594215s,3.7206982s,19857,1987,0
6.1657508s,1.4126208s,10.7637368s,19848,1987,0
6.2680498s,1.4422991s,10.6665382s,19844,1987,0
6.5739722s,1.2555968s,10.3614055s,19845,1987,0
6.3496299s,1.298016s,10.1641773s,19865,1989,0
6.158746s,1.282512s,10.362766s,19867,1989,0
6.5701709s,1.0455601s,3.1181692s,19879,1989,0
6.7692429s,1.3405398s,9.7603248s,19866,1989,0
6.1694149s,1.3472464s,10.3617006s,19864,1989,0
5.5681763s,1.1298163s,10.9656898s,19870,1989,0
6.4841435s,1.0438462s,3.217091s,19877,1989,0
6.383023s,1.1419715s,3.3182115s,19875,1989,0
6.3936384s,1.2630657s,3.3190278s,19872,1989,0
6.1881618s,1.4115234s,10.3607451s,19861,1989,0
6.6994781s,1.4165829s,9.8494288s,19868,1989,0
6.6050734s,1.3178859s,3.1195999s,19874,1989,0
6.0030934s,1.3383514s,3.7215799s,19878,1989,0
5.9062306s,1.0443127s,3.8239583s,19880,1989,0
6.4315397s,1.0193904s,3.317017s,19871,1989,0
6.8349187s,1.4337941s,9.7511173s,19869,1989,0
6.5343194s,1.4837842s,3.2167979s,19873,1989,0
6.3373271s,1.4486416s,3.4188941s,19876,1989,0
6.1366834s,1.3405398s,10.4629315s,19862,1989,0
6.238283s,1.3472464s,10.3613319s,19863,1989,0
5.3996274s,1.1725734s,3.1151398s,19897,1991,0
6.4051884s,1.4365054s,2.1149411s,19894,1991,0
6.1117051s,1.0012306s,2.4133063s,19896,1991,0
5.522571s,1.1092799s,3.0136945s,19893,1991,0
6.2237349s,1.2432104s,9.4579795s,19888,1991,0
6.0257256s,1.2447595s,9.6559888s,19890,1991,0
7.1341331s,1.300175s,8.5489987s,19887,1991,0
6.7420787s,1.4745904s,1.8097888s,19895,1991,0
6.1466647s,1.1413534s,2.41247s,19898,1991,0
6.0359644s,1.0592404s,9.6573034s,19882,1991,0
5.8450464s,1.2756711s,2.7140883s,19892,1991,0
5.8371521s,1.1263988s,9.8621549s,19885,1991,0
6.2441384s,1.0592404s,9.4605617s,19889,1991,0
6.7568108s,1.3364442s,8.9499713s,19881,1991,0
6.8548537s,1.3834887s,8.8519284s,19884,1991,0
7.1648562s,1.4566662s,1.4077928s,19891,1991,0
6.0602888s,1.0165843s,9.6574434s,19886,1991,0
6.8681024s,1.3706853s,8.8536428s,19883,1991,0
6.3847747s,1.1617766s,2.2124657s,19900,1991,0
5.9843579s,1.0385131s,2.6138071s,19899,1991,0
6.1022982s,1.362674s,7.04609s,19908,1992,0
6.1666703s,1.0926334s,0s,19915,1992,0
6.3140283s,1.0771951s,6.8410878s,19903,1992,0
6.6202491s,1.2334772s,6.5397652s,19902,1992,0
6.0905605s,1.042904s,100.3927ms,19911,1992,0
6.4346344s,1.4877669s,6.7390598s,19901,1992,0
6.2430358s,1.2815535s,6.9457152s,19905,1992,0
6.263924s,1.0328773s,6.942208s,19909,1992,0
6.8739903s,1.3331491s,6.338461s,19906,1992,0
6.4752212s,1.0597931s,6.7424876s,19910,1992,0
6.876012s,1.4207756s,6.3416968s,19904,1992,0
6.9817179s,1.3001964s,6.2363s,19907,1992,0
6.2595318s,1.2426563s,0s,19920,1992,0
6.2700311s,1.4796799s,0s,19913,1992,0
6.3838071s,1.2509386s,0s,19918,1992,0
6.4308041s,1.1427468s,0s,19919,1992,0
6.6401968s,1.4176421s,0s,19917,1992,0
6.5963573s,1.4047593s,6.1373893s,19924,1994,0
6.9019546s,1.3786121s,12.7699716s,19914,1994,0
6.4089531s,1.2070179s,6.3345191s,19930,1994,0
6.1050206s,1.1228225s,6.6384516s,19926,1994,0
6.3116441s,1.2555585s,6.4318281s,19928,1994,0
6.8195518s,1.1125028s,5.9347328s,19921,1994,0
6.9303224s,1.3664981s,5.833733s,19923,1994,0
5.9210376s,1.2260954s,6.8430178s,19929,1994,0
5.322913s,1.3294826s,7.4432862s,19927,1994,0
6.9407772s,1.3326695s,5.8333857s,19922,1994,0
6.9295779s,1.4970402s,12.7748761s,19916,1994,0
7.044207s,1.2482145s,5.7337272s,19925,1994,0
6.8685985s,1.4415308s,12.8733188s,19912,1994,0
5.7951559s,1.2005129s,0s,19931,1994,0
5.8788883s,1.3438966s,0s,19940,1994,0
5.9339081s,1.1362851s,0s,19937,1994,0
6.117397s,1.3946701s,0s,19935,1994,0
6.7149368s,1.3344868s,5.5279057s,19947,1996,0
6.9130091s,1.073822s,12.4766467s,19939,1996,0
6.6132265s,1.4458417s,12.7782738s,19936,1996,0
7.1397524s,1.3563729s,12.2740097s,19938,1996,0
6.5406887s,1.2233584s,5.7356434s,19945,1996,0
6.4478345s,1.3156334s,5.8333457s,19949,1996,0
6.047618s,1.0161671s,6.2335622s,19943,1996,0
6.7530438s,1.038734s,5.5302834s,19944,1996,0
5.9581216s,1.1915302s,6.3369281s,19946,1996,0
6.5545663s,1.3845095s,12.882052s,19933,1996,0
6.4845584s,1.3963803s,12.9683714s,19932,1996,0
6.9864902s,1.3438966s,12.4664396s,19934,1996,0
5.8735448s,1.1636522s,6.4396326s,19950,1996,0
5.3780914s,1.1231384s,6.9432236s,19941,1996,0
5.5783687s,1.3304812s,6.7429463s,19948,1996,0
7.3065748s,1.4964777s,5.0298279s,19942,1996,0
6.6415857s,1.3105362s,10.0579295s,19958,1998,0
6.9824451s,1.3155182s,2.9149339s,19964,1998,0
6.2520092s,1.4156185s,10.4679479s,19951,1998,0
6.7667986s,1.196477s,9.9591102s,19957,1998,0
6.0794716s,1.3084654s,10.6610988s,19954,1998,0
6.4040434s,1.1525835s,3.5210608s,19970,1998,0
6.2818278s,1.3165016s,10.4625499s,19955,1998,0
6.6147613s,1.1837923s,3.3198559s,19968,1998,0
6.8196353s,1.3582917s,3.1165851s,19963,1998,0
6.5937154s,1.4557382s,10.1597152s,19956,1998,0
5.614502s,1.1916221s,4.3234624s,19969,1998,0
6.6262623s,1.4412069s,3.3148753s,19961,1998,0
6.4973937s,1.3234369s,10.2608755s,19953,1998,0
7.0323509s,1.0891415s,2.9152769s,19962,1998,0
5.6307527s,1.1966087s,4.324842s,19965,1998,0
6.8439s,1.2205048s,3.1147437s,19967,1998,0
6.8154662s,1.1667679s,9.959961s,19952,1998,0
6.7505384s,1.2674773s,3.2183946s,19966,1998,0
6.4235305s,1.0584862s,10.3629259s,19959,1998,0
6.2237005s,1.252262s,10.5647384s,19960,1998,0
6.6241024s,1.1528402s,1.6094639s,19981,2000,0
6.3018391s,1.2393676s,8.9507638s,19972,2000,0
5.5204777s,1.4230995s,2.7151455s,19989,2000,0
6.6151037s,1.4070295s,8.6476207s,19974,2000,0
7.0165118s,1.1248339s,8.2462126s,19975,2000,0
6.1335363s,1.4936228s,2.1122084s,19988,2000,0
6.0149211s,1.1842782s,9.2536415s,19973,2000,0
6.342134s,1.0205832s,1.9120349s,19990,2000,0
6.2468442s,1.4230995s,2.0122574s,19984,2000,0
6.1275382s,1.0925048s,9.1548364s,19976,2000,0
6.7271522s,1.273753s,8.5552224s,19978,2000,0
6.1275382s,1.3080073s,9.1548364s,19971,2000,0
6.8361328s,1.2393676s,8.4496671s,19979,2000,0
6.9705154s,1.4752175s,8.3448492s,19977,2000,0
6.6038757s,1.3365231s,1.7090975s,19985,2000,0
6.3027001s,1.3445903s,2.0102731s,19983,2000,0
5.9013572s,1.2682288s,2.416901s,19986,2000,0
5.9825078s,1.0393464s,9.3547887s,19980,2000,0
6.6133791s,1.0261805s,1.7092557s,19987,2000,0
5.8127693s,1.1405638s,2.5159858s,19982,2000,0
6.5955737s,1.4506001s,703.8716ms,20002,2002,0
6.769258s,1.2718913s,7.4482176s,19993,2002,0
6.0862073s,1.1954981s,8.1422352s,19996,2002,0
6.7816563s,1.4384325s,7.4467862s,19998,2002,0
5.9775543s,1.177943s,8.2508882s,19997,2002,0
6.0795704s,1.0916598s,8.1493137s,19991,2002,0
6.3087705s,1.4202165s,1.0051651s,20007,2002,0
6.1008973s,1.2505066s,8.1428157s,19992,2002,0
6.0200514s,1.2386042s,1.3062364s,20003,2002,0
7.0379851s,1.3755078s,302.4722ms,20008,2002,0
6.7163364s,1.3064384s,7.5438929s,19995,2002,0
6.9180303s,1.488492s,7.3442324s,19994,2002,0
6.2419674s,1.1115326s,1.1055524s,20009,2002,0
6.4579884s,1.1443467s,905.0149ms,20006,2002,0
6.2334269s,1.4964211s,8.0476067s,20000,2002,0
6.0616412s,1.3164864s,1.3082182s,20004,2002,0
6.2675985s,1.1981222s,1.1050142s,20010,2002,0
5.8489934s,1.0823919s,8.4517684s,19999,2002,0
6.3818473s,1.2035549s,1.0061896s,20001,2002,0
6.1842207s,1.1107583s,1.208021s,20005,2002,0
