comId,time,q_len,handled_num
0,1,500,0
0,6,1000,0
0,11,1500,0
0,16,2000,0
0,21,2500,0
0,26,3000,0
0,31,3490,10
0,36,3990,10
0,41,4490,10
0,46,4990,10
0,51,5490,10
0,56,5982,18
0,61,6480,20
0,66,6980,20
0,71,7480,20
0,76,7980,20
0,81,8477,23
0,86,8970,30
0,91,9470,30
0,96,9970,30
0,101,10470,30
0,106,10970,30
0,111,11460,40
0,116,11960,40
0,121,12460,40
0,126,12960,40
0,131,13460,40
0,136,13954,46
0,141,14450,50
0,146,14950,50
0,151,15450,50
0,156,15950,50
0,161,16449,51
0,166,16940,60
0,171,17440,60
0,176,17940,60
0,181,18440,60
0,186,18940,60
0,191,19433,67
0,196,19930,70
0,201,19930,70
0,206,19930,70
0,211,19930,70
0,216,19930,70
0,221,19920,80
0,226,19920,80
0,231,19920,80
0,236,19920,80
0,241,19920,80
0,246,19912,88
0,251,19910,90
0,256,19910,90
0,261,19910,90
0,266,19910,90
0,271,19908,92
0,276,19900,100
0,281,19900,100
0,286,19900,100
0,291,19900,100
0,296,19900,100
0,301,19890,110
0,306,19890,110
0,311,19890,110
0,316,19890,110
0,321,19890,110
0,326,19884,116
0,331,19880,120
0,336,19880,120
0,341,19880,120
0,346,19880,120
0,351,19880,120
0,356,19870,130
0,361,19870,130
0,366,19870,130
0,371,19870,130
0,376,19870,130
0,381,19860,140
0,386,19860,140
0,391,19860,140
0,396,19860,140
0,401,19860,140
0,406,19854,146
0,411,19850,150
0,416,19850,150
0,421,19850,150
0,426,19850,150
0,431,19850,150
0,436,19840,160
0,441,19840,160
0,446,19840,160
0,451,19840,160
0,456,19840,160
0,461,19836,164
0,466,19830,170
0,471,19830,170
0,476,19830,170
0,481,19830,170
0,486,19830,170
0,491,19820,180
0,496,19820,180
0,501,19820,180
0,506,19820,180
0,511,19820,180
0,516,19812,188
0,521,19810,190
0,526,19810,190
0,531,19810,190
0,536,19810,190
0,541,19810,190
0,546,19800,200
0,551,19800,200
0,556,19800,200
0,561,19800,200
0,566,19800,200
0,571,19791,209
0,576,19790,210
0,581,19790,210
0,586,19790,210
0,591,19790,210
0,596,19787,213
0,601,19780,220
0,606,19780,220
0,611,19780,220
0,616,19780,220
0,621,19780,220
0,626,19770,230
0,631,19770,230
0,636,19770,230
0,641,19770,230
0,646,19770,230
0,651,19766,234
0,656,19760,240
0,661,19760,240
0,666,19760,240
0,671,19760,240
0,676,19760,240
0,681,19750,250
0,686,19750,250
0,691,19750,250
0,696,19750,250
0,701,19750,250
0,706,19741,259
0,711,19740,260
0,716,19740,260
0,721,19740,260
0,726,19740,260
0,731,19737,263
0,736,19730,270
0,741,19730,270
0,746,19730,270
0,751,19730,270
0,756,19730,270
0,761,19720,280
0,766,19720,280
0,771,19720,280
0,776,19720,280
0,781,19720,280
0,786,19710,290
0,791,19710,290
0,796,19710,290
0,801,19710,290
0,806,19710,290
0,811,19703,297
0,816,19700,300
0,821,19700,300
0,826,19700,300
0,831,19700,300
0,836,19698,302
0,841,19690,310
0,846,19690,310
0,851,19690,310
0,856,19690,310
0,861,19690,310
0,866,19680,320
0,871,19680,320
0,876,19680,320
0,881,19680,320
0,886,19680,320
0,891,19674,326
0,896,19670,330
0,901,19670,330
0,906,19670,330
0,911,19670,330
0,916,19670,330
0,921,19660,340
0,926,19660,340
0,931,19660,340
0,936,19660,340
0,941,19660,340
0,946,19651,349
0,951,19650,350
0,956,19650,350
0,961,19650,350
0,966,19650,350
0,971,19648,352
0,976,19640,360
0,981,19640,360
0,986,19640,360
0,991,19640,360
0,996,19640,360
0,1001,19630,370
0,1006,19630,370
0,1011,19630,370
0,1016,19630,370
0,1021,19630,370
0,1026,19621,379
0,1031,19620,380
0,1036,19620,380
0,1041,19620,380
0,1046,19620,380
0,1051,19616,384
0,1056,19610,390
0,1061,19610,390
0,1066,19610,390
0,1071,19610,390
0,1076,19610,390
0,1081,19600,400
0,1086,19600,400
0,1091,19600,400
0,1096,19600,400
0,1101,19600,400
0,1106,19593,407
0,1111,19590,410
0,1116,19590,410
0,1121,19590,410
0,1126,19590,410
0,1131,19590,410
0,1136,19580,420
0,1141,19580,420
0,1146,19580,420
0,1151,19580,420
0,1156,19580,420
0,1161,19570,430
0,1166,19570,430
0,1171,19570,430
0,1176,19570,430
0,1181,19570,430
0,1186,19567,433
0,1191,19560,440
0,1196,19560,440
0,1201,19560,440
0,1206,19560,440
0,1211,19559,441
0,1216,19550,450
0,1221,19550,450
0,1226,19550,450
0,1231,19550,450
0,1236,19550,450
0,1241,19542,458
0,1246,19540,460
0,1251,19540,460
0,1256,19540,460
0,1261,19540,460
0,1266,19539,461
0,1271,19530,470
0,1276,19530,470
0,1281,19530,470
0,1286,19530,470
0,1291,19530,470
0,1296,19520,480
0,1301,19520,480
0,1306,19520,480
0,1311,19520,480
0,1316,19520,480
0,1321,19513,487
0,1326,19510,490
0,1331,19510,490
0,1336,19510,490
0,1341,19510,490
0,1346,19507,493
0,1351,19500,500
0,1356,19500,500
0,1361,19500,500
0,1366,19500,500
0,1371,19500,500
0,1376,19490,510
0,1381,19490,510
0,1386,19490,510
0,1391,19490,510
0,1396,19490,510
0,1401,19482,518
0,1406,19480,520
0,1411,19480,520
0,1416,19480,520
0,1421,19480,520
0,1426,19478,522
0,1431,19470,530
0,1436,19470,530
0,1441,19470,530
0,1446,19470,530
0,1451,19470,530
0,1456,19460,540
0,1461,19460,540
0,1466,19460,540
0,1471,19460,540
0,1476,19460,540
0,1481,19452,548
0,1486,19450,550
0,1491,19450,550
0,1496,19450,550
0,1501,19450,550
0,1506,19450,550
0,1511,19440,560
0,1516,19440,560
0,1521,19440,560
0,1526,19440,560
0,1531,19440,560
0,1536,19432,568
0,1541,19430,570
0,1546,19430,570
0,1551,19430,570
0,1556,19430,570
0,1561,19428,572
0,1566,19420,580
0,1571,19420,580
0,1576,19420,580
0,1581,19420,580
0,1586,19420,580
0,1591,19411,589
0,1596,19410,590
0,1601,19410,590
0,1606,19410,590
0,1611,19410,590
0,1616,19406,594
0,1621,19400,600
0,1626,19400,600
0,1631,19400,600
0,1636,19400,600
0,1641,19398,602
0,1646,19390,610
0,1651,19390,610
0,1656,19390,610
0,1661,19390,610
0,1666,19390,610
0,1671,19381,619
0,1676,19380,620
0,1681,19380,620
0,1686,19380,620
0,1691,19380,620
0,1696,19378,622
0,1701,19370,630
0,1706,19370,630
0,1711,19370,630
0,1716,19370,630
0,1721,19370,630
0,1726,19360,640
0,1731,19360,640
0,1736,19360,640
0,1741,19360,640
0,1746,19360,640
0,1751,19351,649
0,1756,19350,650
0,1761,19350,650
0,1766,19350,650
0,1771,19350,650
0,1776,19348,652
0,1781,19340,660
0,1786,19340,660
0,1791,19340,660
0,1796,19340,660
0,1801,19340,660
0,1806,19330,670
0,1811,19330,670
0,1816,19330,670
0,1821,19330,670
0,1826,19330,670
0,1831,19321,679
0,1836,19320,680
0,1841,19320,680
0,1846,19320,680
0,1851,19320,680
0,1856,19319,681
0,1861,19310,690
0,1866,19310,690
0,1871,19310,690
0,1876,19310,690
0,1881,19310,690
0,1886,19300,700
0,1891,19300,700
0,1896,19300,700
0,1901,19300,700
0,1906,19300,700
0,1911,19296,704
0,1916,19290,710
0,1921,19290,710
0,1926,19290,710
0,1931,19290,710
0,1936,19290,710
0,1941,19280,720
0,1946,19280,720
0,1951,19280,720
0,1956,19280,720
0,1961,19280,720
0,1966,19271,729
0,1971,19270,730
0,1976,19270,730
0,1981,19270,730
0,1986,19270,730
0,1991,19268,732
0,1996,19260,740
0,2001,19260,740
0,2006,19260,740
0,2011,19260,740
0,2016,19260,740
0,2021,19250,750
0,2026,19250,750
0,2031,19250,750
0,2036,19250,750
0,2041,19250,750
0,2046,19243,757
0,2051,19240,760
0,2056,19240,760
0,2061,19240,760
0,2066,19240,760
0,2071,19240,760
0,2076,19230,770
0,2081,19230,770
0,2086,19230,770
0,2091,19230,770
0,2096,19230,770
0,2101,19223,777
0,2106,19220,780
0,2111,19220,780
0,2116,19220,780
0,2121,19220,780
0,2126,19220,780
0,2131,19210,790
0,2136,19210,790
0,2141,19210,790
0,2146,19210,790
0,2151,19210,790
0,2156,19200,800
0,2161,19200,800
0,2166,19200,800
0,2171,19200,800
0,2176,19200,800
0,2181,19195,805
0,2186,19190,810
0,2191,19190,810
0,2196,19190,810
0,2201,19190,810
0,2206,19190,810
0,2211,19180,820
0,2216,19180,820
0,2221,19180,820
0,2226,19180,820
0,2231,19180,820
0,2236,19170,830
0,2241,19170,830
0,2246,19170,830
0,2251,19170,830
0,2256,19170,830
0,2261,19165,835
0,2266,19160,840
0,2271,19160,840
0,2276,19160,840
0,2281,19160,840
0,2286,19160,840
0,2291,19150,850
0,2296,19150,850
0,2301,19150,850
0,2306,19150,850
0,2311,19150,850
0,2316,19141,859
0,2321,19140,860
0,2326,19140,860
0,2331,19140,860
0,2336,19140,860
0,2341,19139,861
0,2346,19130,870
0,2351,19130,870
0,2356,19130,870
0,2361,19130,870
0,2366,19130,870
0,2371,19120,880
0,2376,19120,880
0,2381,19120,880
0,2386,19120,880
0,2391,19120,880
0,2396,19115,885
0,2401,19110,890
0,2406,19110,890
0,2411,19110,890
0,2416,19110,890
0,2421,19110,890
0,2426,19100,900
0,2431,19100,900
0,2436,19100,900
0,2441,19100,900
0,2446,19100,900
0,2451,19090,910
0,2456,19090,910
0,2461,19090,910
0,2466,19090,910
0,2471,19090,910
0,2476,19085,915
0,2481,19080,920
0,2486,19080,920
0,2491,19080,920
0,2496,19080,920
0,2501,19079,921
0,2506,19070,930
0,2511,19070,930
0,2516,19070,930
0,2521,19070,930
0,2526,19070,930
0,2531,19060,940
0,2536,19060,940
0,2541,19060,940
0,2546,19060,940
0,2551,19060,940
0,2556,19051,949
0,2561,19050,950
0,2566,19050,950
0,2571,19050,950
0,2576,19050,950
0,2581,19049,951
0,2586,19040,960
0,2591,19040,960
0,2596,19040,960
0,2601,19040,960
0,2606,19040,960
0,2611,19030,970
0,2616,19030,970
0,2621,19030,970
0,2626,19030,970
0,2631,19030,970
0,2636,19026,974
0,2641,19020,980
0,2646,19020,980
0,2651,19020,980
0,2656,19020,980
0,2661,19020,980
0,2666,19010,990
0,2671,19010,990
0,2676,19010,990
0,2681,19010,990
0,2686,19010,990
0,2691,19003,997
0,2696,19000,1000
0,2701,19000,1000
0,2706,19000,1000
0,2711,19000,1000
0,2716,19000,1000
0,2721,18990,1010
0,2726,18990,1010
0,2731,18990,1010
0,2736,18990,1010
0,2741,18990,1010
0,2746,18984,1016
0,2751,18980,1020
0,2756,18980,1020
0,2761,18980,1020
0,2766,18980,1020
0,2771,18979,1021
0,2776,18970,1030
0,2781,18970,1030
0,2786,18970,1030
0,2791,18970,1030
0,2796,18970,1030
0,2801,18960,1040
0,2806,18960,1040
0,2811,18960,1040
0,2816,18960,1040
0,2821,18960,1040
0,2826,18951,1049
0,2831,18950,1050
0,2836,18950,1050
0,2841,18950,1050
0,2846,18950,1050
0,2851,18948,1052
0,2856,18940,1060
0,2861,18940,1060
0,2866,18940,1060
0,2871,18940,1060
0,2876,18940,1060
0,2881,18930,1070
0,2886,18930,1070
0,2891,18930,1070
0,2896,18930,1070
0,2901,18930,1070
0,2906,18921,1079
0,2911,18920,1080
0,2916,18920,1080
0,2921,18920,1080
0,2926,18920,1080
0,2931,18918,1082
0,2936,18910,1090
0,2941,18910,1090
0,2946,18910,1090
0,2951,18910,1090
0,2956,18910,1090
0,2961,18900,1100
0,2966,18900,1100
0,2971,18900,1100
0,2976,18900,1100
0,2981,18900,1100
0,2986,18893,1107
0,2991,18890,1110
0,2996,18890,1110
0,3001,18890,1110
0,3006,18890,1110
0,3011,18888,1112
0,3016,18880,1120
0,3021,18880,1120
0,3026,18880,1120
0,3031,18880,1120
0,3036,18880,1120
0,3041,18870,1130
0,3046,18870,1130
0,3051,18870,1130
0,3056,18870,1130
0,3061,18870,1130
0,3066,18860,1140
0,3071,18860,1140
0,3076,18860,1140
0,3081,18860,1140
0,3086,18860,1140
0,3091,18857,1143
0,3096,18850,1150
0,3101,18850,1150
0,3106,18850,1150
0,3111,18850,1150
0,3116,18848,1152
0,3121,18840,1160
0,3126,18840,1160
0,3131,18840,1160
0,3136,18840,1160
0,3141,18840,1160
0,3146,18830,1170
0,3151,18830,1170
0,3156,18830,1170
0,3161,18830,1170
0,3166,18830,1170
0,3171,18821,1179
0,3176,18820,1180
0,3181,18820,1180
0,3186,18820,1180
0,3191,18820,1180
0,3196,18817,1183
0,3201,18810,1190
0,3206,18810,1190
0,3211,18810,1190
0,3216,18810,1190
0,3221,18810,1190
0,3226,18800,1200
0,3231,18800,1200
0,3236,18800,1200
0,3241,18800,1200
0,3246,18800,1200
0,3251,18797,1203
0,3256,18790,1210
0,3261,18790,1210
0,3266,18790,1210
0,3271,18790,1210
0,3276,18787,1213
0,3281,18780,1220
0,3286,18780,1220
0,3291,18780,1220
0,3296,18780,1220
0,3301,18780,1220
0,3306,18770,1230
0,3311,18770,1230
0,3316,18770,1230
0,3321,18770,1230
0,3326,18770,1230
0,3331,18763,1237
0,3336,18760,1240
0,3341,18760,1240
0,3346,18760,1240
0,3351,18760,1240
0,3356,18758,1242
0,3361,18750,1250
0,3366,18750,1250
0,3371,18750,1250
0,3376,18750,1250
0,3381,18750,1250
0,3386,18740,1260
0,3391,18740,1260
0,3396,18740,1260
0,3401,18740,1260
0,3406,18740,1260
0,3411,18732,1268
0,3416,18730,1270
0,3421,18730,1270
0,3426,18730,1270
0,3431,18730,1270
0,3436,18729,1271
0,3441,18720,1280
0,3446,18720,1280
0,3451,18720,1280
0,3456,18720,1280
0,3461,18720,1280
0,3466,18710,1290
0,3471,18710,1290
0,3476,18710,1290
0,3481,18710,1290
0,3486,18710,1290
0,3491,18702,1298
0,3496,18700,1300
0,3501,18700,1300
0,3506,18700,1300
0,3511,18700,1300
0,3516,18700,1300
0,3521,18690,1310
0,3526,18690,1310
0,3531,18690,1310
0,3536,18690,1310
0,3541,18690,1310
0,3546,18680,1320
0,3551,18680,1320
0,3556,18680,1320
0,3561,18680,1320
0,3566,18680,1320
0,3571,18671,1329
0,3576,18670,1330
0,3581,18670,1330
0,3586,18670,1330
0,3591,18670,1330
0,3596,18669,1331
0,3601,18660,1340
0,3606,18660,1340
0,3611,18660,1340
0,3616,18660,1340
0,3621,18660,1340
0,3626,18650,1350
0,3631,18650,1350
0,3636,18650,1350
0,3641,18650,1350
0,3646,18650,1350
0,3651,18641,1359
0,3656,18640,1360
0,3661,18640,1360
0,3666,18640,1360
0,3671,18640,1360
0,3676,18637,1363
0,3681,18630,1370
0,3686,18630,1370
0,3691,18630,1370
0,3696,18630,1370
0,3701,18630,1370
0,3706,18620,1380
0,3711,18620,1380
0,3716,18620,1380
0,3721,18620,1380
0,3726,18620,1380
0,3731,18612,1388
0,3736,18610,1390
0,3741,18610,1390
0,3746,18610,1390
0,3751,18610,1390
0,3756,18609,1391
0,3761,18600,1400
0,3766,18600,1400
0,3771,18600,1400
0,3776,18600,1400
0,3781,18600,1400
0,3786,18592,1408
0,3791,18590,1410
0,3796,18590,1410
0,3801,18590,1410
0,3806,18590,1410
0,3811,18585,1415
0,3816,18580,1420
0,3821,18580,1420
0,3826,18580,1420
0,3831,18580,1420
0,3836,18580,1420
0,3841,18570,1430
0,3846,18570,1430
0,3851,18570,1430
0,3856,18570,1430
0,3861,18570,1430
0,3866,18560,1440
0,3871,18560,1440
0,3876,18560,1440
0,3881,18560,1440
0,3886,18560,1440
0,3891,18555,1445
0,3896,18550,1450
0,3901,18550,1450
0,3906,18550,1450
0,3911,18550,1450
0,3916,18550,1450
0,3921,18540,1460
0,3926,18540,1460
0,3931,18540,1460
0,3936,18540,1460
0,3941,18540,1460
0,3946,18530,1470
0,3951,18530,1470
0,3956,18530,1470
0,3961,18530,1470
0,3966,18530,1470
0,3971,18524,1476
0,3976,18520,1480
0,3981,18520,1480
0,3986,18520,1480
0,3991,18520,1480
0,3996,18520,1480
0,4001,18510,1490
0,4006,18510,1490
0,4011,18510,1490
0,4016,18510,1490
0,4021,18510,1490
0,4026,18500,1500
0,4031,18500,1500
0,4036,18500,1500
0,4041,18500,1500
0,4046,18500,1500
0,4051,18494,1506
0,4056,18490,1510
0,4061,18490,1510
0,4066,18490,1510
0,4071,18490,1510
0,4076,18489,1511
0,4081,18480,1520
0,4086,18480,1520
0,4091,18480,1520
0,4096,18480,1520
0,4101,18480,1520
0,4106,18470,1530
0,4111,18470,1530
0,4116,18470,1530
0,4121,18470,1530
0,4126,18470,1530
0,4131,18464,1536
0,4136,18460,1540
0,4141,18460,1540
0,4146,18460,1540
0,4151,18460,1540
0,4156,18459,1541
0,4161,18450,1550
0,4166,18450,1550
0,4171,18450,1550
0,4176,18450,1550
0,4181,18450,1550
0,4186,18440,1560
0,4191,18440,1560
0,4196,18440,1560
0,4201,18440,1560
0,4206,18440,1560
0,4211,18435,1565
0,4216,18430,1570
0,4221,18430,1570
0,4226,18430,1570
0,4231,18430,1570
0,4236,18430,1570
0,4241,18420,1580
0,4246,18420,1580
0,4251,18420,1580
0,4256,18420,1580
0,4261,18420,1580
0,4266,18410,1590
0,4271,18410,1590
0,4276,18410,1590
0,4281,18410,1590
0,4286,18410,1590
0,4291,18404,1596
0,4296,18400,1600
0,4301,18400,1600
0,4306,18400,1600
0,4311,18400,1600
0,4316,18400,1600
0,4321,18390,1610
0,4326,18390,1610
0,4331,18390,1610
0,4336,18390,1610
0,4341,18390,1610
0,4346,18380,1620
0,4351,18380,1620
0,4356,18380,1620
0,4361,18380,1620
0,4366,18380,1620
0,4371,18373,1627
0,4376,18370,1630
0,4381,18370,1630
0,4386,18370,1630
0,4391,18370,1630
0,4396,18366,1634
0,4401,18360,1640
0,4406,18360,1640
0,4411,18360,1640
0,4416,18360,1640
0,4421,18360,1640
0,4426,18350,1650
0,4431,18350,1650
0,4436,18350,1650
0,4441,18350,1650
0,4446,18350,1650
0,4451,18343,1657
0,4456,18340,1660
0,4461,18340,1660
0,4466,18340,1660
0,4471,18340,1660
0,4476,18337,1663
0,4481,18330,1670
0,4486,18330,1670
0,4491,18330,1670
0,4496,18330,1670
0,4501,18330,1670
0,4506,18321,1679
0,4511,18320,1680
0,4516,18320,1680
0,4521,18320,1680
0,4526,18320,1680
0,4531,18316,1684
0,4536,18310,1690
0,4541,18310,1690
0,4546,18310,1690
0,4551,18310,1690
0,4556,18310,1690
0,4561,18300,1700
0,4566,18300,1700
0,4571,18300,1700
0,4576,18300,1700
0,4581,18300,1700
0,4586,18290,1710
0,4591,18290,1710
0,4596,18290,1710
0,4601,18290,1710
0,4606,18290,1710
0,4611,18283,1717
0,4616,18280,1720
0,4621,18280,1720
0,4626,18280,1720
0,4631,18280,1720
0,4636,18280,1720
0,4641,18270,1730
0,4646,18270,1730
0,4651,18270,1730
0,4656,18270,1730
0,4661,18270,1730
0,4666,18262,1738
0,4671,18260,1740
0,4676,18260,1740
0,4681,18260,1740
0,4686,18260,1740
0,4691,18256,1744
0,4696,18250,1750
0,4701,18250,1750
0,4706,18250,1750
0,4711,18250,1750
0,4716,18250,1750
0,4721,18240,1760
0,4726,18240,1760
0,4731,18240,1760
0,4736,18240,1760
0,4741,18240,1760
0,4746,18234,1766
0,4751,18230,1770
0,4756,18230,1770
0,4761,18230,1770
0,4766,18230,1770
0,4771,18227,1773
0,4776,18220,1780
0,4781,18220,1780
0,4786,18220,1780
0,4791,18220,1780
0,4796,18220,1780
0,4801,18210,1790
0,4806,18210,1790
0,4811,18210,1790
0,4816,18210,1790
0,4821,18210,1790
0,4826,18204,1796
0,4831,18200,1800
0,4836,18200,1800
0,4841,18200,1800
0,4846,18200,1800
0,4851,18200,1800
0,4856,18190,1810
0,4861,18190,1810
0,4866,18190,1810
0,4871,18190,1810
0,4876,18190,1810
0,4881,18181,1819
0,4886,18180,1820
0,4891,18180,1820
0,4896,18180,1820
0,4901,18180,1820
0,4906,18176,1824
0,4911,18170,1830
0,4916,18170,1830
0,4921,18170,1830
0,4926,18170,1830
0,4931,18170,1830
0,4936,18160,1840
0,4941,18160,1840
0,4946,18160,1840
0,4951,18160,1840
0,4956,18160,1840
0,4961,18151,1849
0,4966,18150,1850
0,4971,18150,1850
0,4976,18150,1850
0,4981,18150,1850
0,4986,18149,1851
0,4991,18140,1860
0,4996,18140,1860
0,5001,18140,1860
0,5006,18140,1860
0,5011,18140,1860
0,5016,18131,1869
0,5021,18130,1870
0,5026,18130,1870
0,5031,18130,1870
0,5036,18130,1870
0,5041,18128,1872
0,5046,18120,1880
0,5051,18120,1880
0,5056,18120,1880
0,5061,18120,1880
0,5066,18120,1880
0,5071,18111,1889
0,5076,18110,1890
0,5081,18110,1890
0,5086,18110,1890
0,5091,18110,1890
0,5096,18106,1894
0,5101,18100,1900
0,5106,18100,1900
0,5111,18100,1900
0,5116,18100,1900
0,5121,18100,1900
0,5126,18090,1910
0,5131,18090,1910
0,5136,18090,1910
0,5141,18090,1910
0,5146,18090,1910
0,5151,18081,1919
0,5156,18080,1920
0,5161,18080,1920
0,5166,18080,1920
0,5171,18080,1920
0,5176,18079,1921
0,5181,18070,1930
0,5186,18070,1930
0,5191,18070,1930
0,5196,18070,1930
0,5201,18070,1930
0,5206,18060,1940
0,5211,18060,1940
0,5216,18060,1940
0,5221,18060,1940
0,5226,18060,1940
0,5231,18053,1947
0,5236,18050,1950
0,5241,18050,1950
0,5246,18050,1950
0,5251,18050,1950
0,5256,18050,1950
0,5261,18040,1960
0,5266,18040,1960
0,5271,18040,1960
0,5276,18040,1960
0,5281,18040,1960
0,5286,18032,1968
0,5291,18030,1970
0,5296,18030,1970
0,5301,18030,1970
0,5306,18030,1970
0,5311,18030,1970
0,5316,18020,1980
0,5321,18020,1980
0,5326,18020,1980
0,5331,18020,1980
0,5336,18020,1980
0,5341,18010,1990
0,5346,18010,1990
0,5351,18010,1990
0,5356,18010,1990
0,5361,18010,1990
0,5366,18002,1998
0,5371,18000,2000
0,5376,18000,2000
0,5381,18000,2000
0,5386,18000,2000
0,5391,17996,2004
0,5396,17990,2010
0,5401,17990,2010
0,5406,17990,2010
0,5411,17990,2010
0,5416,17990,2010
0,5421,17980,2020
0,5426,17980,2020
0,5431,17980,2020
0,5436,17980,2020
0,5441,17980,2020
0,5446,17971,2029
0,5451,17970,2030
0,5456,17970,2030
0,5461,17970,2030
0,5466,17970,2030
0,5471,17969,2031
0,5476,17960,2040
0,5481,17960,2040
0,5486,17960,2040
0,5491,17960,2040
0,5496,17960,2040
0,5501,17950,2050
0,5506,17950,2050
0,5511,17950,2050
0,5516,17950,2050
0,5521,17950,2050
0,5526,17940,2060
0,5531,17940,2060
0,5536,17940,2060
0,5541,17940,2060
0,5546,17940,2060
0,5551,17934,2066
0,5556,17930,2070
0,5561,17930,2070
0,5566,17930,2070
0,5571,17930,2070
0,5576,17930,2070
0,5581,17920,2080
0,5586,17920,2080
0,5591,17920,2080
0,5596,17920,2080
0,5601,17920,2080
0,5606,17913,2087
0,5611,17910,2090
0,5616,17910,2090
0,5621,17910,2090
0,5626,17910,2090
0,5631,17908,2092
0,5636,17900,2100
0,5641,17900,2100
0,5646,17900,2100
0,5651,17900,2100
0,5656,17900,2100
0,5661,17890,2110
0,5666,17890,2110
0,5671,17890,2110
0,5676,17890,2110
0,5681,17890,2110
0,5686,17880,2120
0,5691,17880,2120
0,5696,17880,2120
0,5701,17880,2120
0,5706,17880,2120
0,5711,17873,2127
0,5716,17870,2130
0,5721,17870,2130
0,5726,17870,2130
0,5731,17870,2130
0,5736,17869,2131
0,5741,17860,2140
0,5746,17860,2140
0,5751,17860,2140
0,5756,17860,2140
0,5761,17860,2140
0,5766,17850,2150
0,5771,17850,2150
0,5776,17850,2150
0,5781,17850,2150
0,5786,17850,2150
0,5791,17844,2156
0,5796,17840,2160
0,5801,17840,2160
0,5806,17840,2160
0,5811,17840,2160
0,5816,17838,2162
0,5821,17830,2170
0,5826,17830,2170
0,5831,17830,2170
0,5836,17830,2170
0,5841,17830,2170
0,5846,17820,2180
0,5851,17820,2180
0,5856,17820,2180
0,5861,17820,2180
0,5866,17820,2180
0,5871,17812,2188
0,5876,17810,2190
0,5881,17810,2190
0,5886,17810,2190
0,5891,17810,2190
0,5896,17810,2190
0,5901,17800,2200
0,5906,17800,2200
0,5911,17800,2200
0,5916,17800,2200
0,5921,17800,2200
0,5926,17790,2210
0,5931,17790,2210
0,5936,17790,2210
0,5941,17790,2210
0,5946,17790,2210
0,5951,17782,2218
0,5956,17780,2220
0,5961,17780,2220
0,5966,17780,2220
0,5971,17780,2220
0,5976,17780,2220
0,5981,17770,2230
0,5986,17770,2230
0,5991,17770,2230
0,5996,17770,2230
0,6001,17770,2230
0,6006,17760,2240
0,6011,17760,2240
0,6016,17760,2240
0,6021,17760,2240
0,6026,17760,2240
0,6031,17751,2249
0,6036,17750,2250
0,6041,17750,2250
0,6046,17750,2250
0,6051,17750,2250
0,6056,17749,2251
0,6061,17740,2260
0,6066,17740,2260
0,6071,17740,2260
0,6076,17740,2260
0,6081,17740,2260
0,6086,17730,2270
0,6091,17730,2270
0,6096,17730,2270
0,6101,17730,2270
0,6106,17730,2270
0,6111,17721,2279
0,6116,17720,2280
0,6121,17720,2280
0,6126,17720,2280
0,6131,17720,2280
0,6136,17716,2284
0,6141,17710,2290
0,6146,17710,2290
0,6151,17710,2290
0,6156,17710,2290
0,6161,17705,2295
0,6166,17700,2300
0,6171,17700,2300
0,6176,17700,2300
0,6181,17700,2300
0,6186,17700,2300
0,6191,17690,2310
0,6196,17690,2310
0,6201,17690,2310
0,6206,17690,2310
0,6211,17690,2310
0,6216,17683,2317
0,6221,17680,2320
0,6226,17680,2320
0,6231,17680,2320
0,6236,17680,2320
0,6241,17680,2320
0,6246,17670,2330
0,6251,17670,2330
0,6256,17670,2330
0,6261,17670,2330
0,6266,17670,2330
0,6271,17660,2340
0,6276,17660,2340
0,6281,17660,2340
0,6286,17660,2340
0,6291,17660,2340
0,6296,17656,2344
0,6301,17650,2350
0,6306,17650,2350
0,6311,17650,2350
0,6316,17650,2350
0,6321,17650,2350
0,6326,17640,2360
0,6331,17640,2360
0,6336,17640,2360
0,6341,17640,2360
0,6346,17640,2360
0,6351,17632,2368
0,6356,17630,2370
0,6361,17630,2370
0,6366,17630,2370
0,6371,17630,2370
0,6376,17626,2374
0,6381,17620,2380
0,6386,17620,2380
0,6391,17620,2380
0,6396,17620,2380
0,6401,17620,2380
0,6406,17611,2389
0,6411,17610,2390
0,6416,17610,2390
0,6421,17610,2390
0,6426,17610,2390
0,6431,17607,2393
0,6436,17600,2400
0,6441,17600,2400
0,6446,17600,2400
0,6451,17600,2400
0,6456,17600,2400
0,6461,17590,2410
0,6466,17590,2410
0,6471,17590,2410
0,6476,17590,2410
0,6481,17590,2410
0,6486,17582,2418
0,6491,17580,2420
0,6496,17580,2420
0,6501,17580,2420
0,6506,17580,2420
0,6511,17577,2423
0,6516,17570,2430
0,6521,17570,2430
0,6526,17570,2430
0,6531,17570,2430
0,6536,17570,2430
0,6541,17560,2440
0,6546,17560,2440
0,6551,17560,2440
0,6556,17560,2440
0,6561,17560,2440
0,6566,17550,2450
0,6571,17550,2450
0,6576,17550,2450
0,6581,17550,2450
0,6586,17550,2450
0,6591,17544,2456
0,6596,17540,2460
0,6601,17540,2460
0,6606,17540,2460
0,6611,17540,2460
0,6616,17540,2460
0,6621,17530,2470
0,6626,17530,2470
0,6631,17530,2470
0,6636,17530,2470
0,6641,17530,2470
0,6646,17520,2480
0,6651,17520,2480
0,6656,17520,2480
0,6661,17520,2480
0,6666,17520,2480
0,6671,17513,2487
0,6676,17510,2490
0,6681,17510,2490
0,6686,17510,2490
0,6691,17510,2490
0,6696,17507,2493
0,6701,17500,2500
0,6706,17500,2500
0,6711,17500,2500
0,6716,17500,2500
0,6721,17500,2500
0,6726,17490,2510
0,6731,17490,2510
0,6736,17490,2510
0,6741,17490,2510
0,6746,17490,2510
0,6751,17480,2520
0,6756,17480,2520
0,6761,17480,2520
0,6766,17480,2520
0,6771,17480,2520
0,6776,17474,2526
0,6781,17470,2530
0,6786,17470,2530
0,6791,17470,2530
0,6796,17470,2530
0,6801,17470,2530
0,6806,17460,2540
0,6811,17460,2540
0,6816,17460,2540
0,6821,17460,2540
0,6826,17460,2540
0,6831,17452,2548
0,6836,17450,2550
0,6841,17450,2550
0,6846,17450,2550
0,6851,17450,2550
0,6856,17448,2552
0,6861,17440,2560
0,6866,17440,2560
0,6871,17440,2560
0,6876,17440,2560
0,6881,17440,2560
0,6886,17430,2570
0,6891,17430,2570
0,6896,17430,2570
0,6901,17430,2570
0,6906,17430,2570
0,6911,17421,2579
0,6916,17420,2580
0,6921,17420,2580
0,6926,17420,2580
0,6931,17420,2580
0,6936,17417,2583
0,6941,17410,2590
0,6946,17410,2590
0,6951,17410,2590
0,6956,17410,2590
0,6961,17410,2590
0,6966,17400,2600
0,6971,17400,2600
0,6976,17400,2600
0,6981,17400,2600
0,6986,17400,2600
0,6991,17393,2607
0,6996,17390,2610
0,7001,17390,2610
0,7006,17390,2610
0,7011,17390,2610
0,7016,17388,2612
0,7021,17380,2620
0,7026,17380,2620
0,7031,17380,2620
0,7036,17380,2620
0,7041,17380,2620
0,7046,17371,2629
0,7051,17370,2630
0,7056,17370,2630
0,7061,17370,2630
0,7066,17370,2630
0,7071,17367,2633
0,7076,17360,2640
0,7081,17360,2640
0,7086,17360,2640
0,7091,17360,2640
0,7096,17360,2640
0,7101,17350,2650
0,7106,17350,2650
0,7111,17350,2650
0,7116,17350,2650
0,7121,17350,2650
0,7126,17340,2660
0,7131,17340,2660
0,7136,17340,2660
0,7141,17340,2660
0,7146,17340,2660
0,7151,17333,2667
0,7156,17330,2670
0,7161,17330,2670
0,7166,17330,2670
0,7171,17330,2670
0,7176,17330,2670
0,7181,17320,2680
0,7186,17320,2680
0,7191,17320,2680
0,7196,17320,2680
0,7201,17320,2680
0,7206,17312,2688
0,7211,17310,2690
0,7216,17310,2690
0,7221,17310,2690
0,7226,17310,2690
0,7231,17308,2692
0,7236,17300,2700
0,7241,17300,2700
0,7246,17300,2700
0,7251,17300,2700
0,7256,17300,2700
0,7261,17290,2710
0,7266,17290,2710
0,7271,17290,2710
0,7276,17290,2710
0,7281,17290,2710
0,7286,17284,2716
0,7291,17280,2720
0,7296,17280,2720
0,7301,17280,2720
0,7306,17280,2720
0,7311,17277,2723
0,7316,17270,2730
0,7321,17270,2730
0,7326,17270,2730
0,7331,17270,2730
0,7336,17270,2730
0,7341,17260,2740
0,7346,17260,2740
0,7351,17260,2740
0,7356,17260,2740
0,7361,17260,2740
0,7366,17251,2749
0,7371,17250,2750
0,7376,17250,2750
0,7381,17250,2750
0,7386,17250,2750
0,7391,17249,2751
0,7396,17240,2760
0,7401,17240,2760
0,7406,17240,2760
0,7411,17240,2760
0,7416,17239,2761
0,7421,17230,2770
0,7426,17230,2770
0,7431,17230,2770
0,7436,17230,2770
0,7441,17230,2770
0,7446,17220,2780
0,7451,17220,2780
0,7456,17220,2780
0,7461,17220,2780
0,7466,17220,2780
0,7471,17214,2786
0,7476,17210,2790
0,7481,17210,2790
0,7486,17210,2790
0,7491,17210,2790
0,7496,17210,2790
0,7501,17200,2800
0,7506,17200,2800
0,7511,17200,2800
0,7516,17200,2800
0,7521,17200,2800
0,7526,17191,2809
0,7531,17190,2810
0,7536,17190,2810
0,7541,17190,2810
0,7546,17190,2810
0,7551,17189,2811
0,7556,17180,2820
0,7561,17180,2820
0,7566,17180,2820
0,7571,17180,2820
0,7576,17180,2820
0,7581,17170,2830
0,7586,17170,2830
0,7591,17170,2830
0,7596,17170,2830
0,7601,17170,2830
0,7606,17164,2836
0,7611,17160,2840
0,7616,17160,2840
0,7621,17160,2840
0,7626,17160,2840
0,7631,17156,2844
0,7636,17150,2850
0,7641,17150,2850
0,7646,17150,2850
0,7651,17150,2850
0,7656,17150,2850
0,7661,17140,2860
0,7666,17140,2860
0,7671,17140,2860
0,7676,17140,2860
0,7681,17140,2860
0,7686,17132,2868
0,7691,17130,2870
0,7696,17130,2870
0,7701,17130,2870
0,7706,17130,2870
0,7711,17129,2871
0,7716,17120,2880
0,7721,17120,2880
0,7726,17120,2880
0,7731,17120,2880
0,7736,17120,2880
0,7741,17110,2890
0,7746,17110,2890
0,7751,17110,2890
0,7756,17110,2890
0,7761,17110,2890
0,7766,17102,2898
0,7771,17100,2900
0,7776,17100,2900
0,7781,17100,2900
0,7786,17100,2900
0,7791,17098,2902
0,7796,17090,2910
0,7801,17090,2910
0,7806,17090,2910
0,7811,17090,2910
0,7816,17090,2910
0,7821,17080,2920
0,7826,17080,2920
0,7831,17080,2920
0,7836,17080,2920
0,7841,17080,2920
0,7846,17075,2925
0,7851,17070,2930
0,7856,17070,2930
0,7861,17070,2930
0,7866,17070,2930
0,7871,17069,2931
0,7876,17060,2940
0,7881,17060,2940
0,7886,17060,2940
0,7891,17060,2940
0,7896,17060,2940
0,7901,17053,2947
0,7906,17050,2950
0,7911,17050,2950
0,7916,17050,2950
0,7921,17050,2950
0,7926,17049,2951
0,7931,17040,2960
0,7936,17040,2960
0,7941,17040,2960
0,7946,17040,2960
0,7951,17040,2960
0,7956,17030,2970
0,7961,17030,2970
0,7966,17030,2970
0,7971,17030,2970
0,7976,17030,2970
0,7981,17020,2980
0,7986,17020,2980
0,7991,17020,2980
0,7996,17020,2980
0,8001,17020,2980
0,8006,17012,2988
0,8011,17010,2990
0,8016,17010,2990
0,8021,17010,2990
0,8026,17010,2990
0,8031,17010,2990
0,8036,17000,3000
0,8041,17000,3000
0,8046,17000,3000
0,8051,17000,3000
0,8056,17000,3000
0,8061,16992,3008
0,8066,16990,3010
0,8071,16990,3010
0,8076,16990,3010
0,8081,16990,3010
0,8086,16986,3014
0,8091,16980,3020
0,8096,16980,3020
0,8101,16980,3020
0,8106,16980,3020
0,8111,16980,3020
0,8116,16970,3030
0,8121,16970,3030
0,8126,16970,3030
0,8131,16970,3030
0,8136,16970,3030
0,8141,16966,3034
0,8146,16960,3040
0,8151,16960,3040
0,8156,16960,3040
0,8161,16960,3040
0,8166,16959,3041
0,8171,16950,3050
0,8176,16950,3050
0,8181,16950,3050
0,8186,16950,3050
0,8191,16950,3050
0,8196,16940,3060
0,8201,16940,3060
0,8206,16940,3060
0,8211,16940,3060
0,8216,16940,3060
0,8221,16936,3064
0,8226,16930,3070
0,8231,16930,3070
0,8236,16930,3070
0,8241,16930,3070
0,8246,16929,3071
0,8251,16920,3080
0,8256,16920,3080
0,8261,16920,3080
0,8266,16920,3080
0,8271,16920,3080
0,8276,16910,3090
0,8281,16910,3090
0,8286,16910,3090
0,8291,16910,3090
0,8296,16910,3090
0,8301,16906,3094
0,8306,16900,3100
0,8311,16900,3100
0,8316,16900,3100
0,8321,16900,3100
0,8326,16900,3100
0,8331,16890,3110
0,8336,16890,3110
0,8341,16890,3110
0,8346,16890,3110
0,8351,16890,3110
0,8356,16880,3120
0,8361,16880,3120
0,8366,16880,3120
0,8371,16880,3120
0,8376,16880,3120
0,8381,16875,3125
0,8386,16870,3130
0,8391,16870,3130
0,8396,16870,3130
0,8401,16870,3130
0,8406,16870,3130
0,8411,16860,3140
0,8416,16860,3140
0,8421,16860,3140
0,8426,16860,3140
0,8431,16860,3140
0,8436,16850,3150
0,8441,16850,3150
0,8446,16850,3150
0,8451,16850,3150
0,8456,16850,3150
0,8461,16846,3154
0,8466,16840,3160
0,8471,16840,3160
0,8476,16840,3160
0,8481,16840,3160
0,8486,16840,3160
0,8491,16830,3170
0,8496,16830,3170
0,8501,16830,3170
0,8506,16830,3170
0,8511,16830,3170
0,8516,16822,3178
0,8521,16820,3180
0,8526,16820,3180
0,8531,16820,3180
0,8536,16820,3180
0,8541,16819,3181
0,8546,16810,3190
0,8551,16810,3190
0,8556,16810,3190
0,8561,16810,3190
0,8566,16810,3190
0,8571,16800,3200
0,8576,16800,3200
0,8581,16800,3200
0,8586,16800,3200
0,8591,16800,3200
0,8596,16793,3207
0,8601,16790,3210
0,8606,16790,3210
0,8611,16790,3210
0,8616,16790,3210
0,8621,16788,3212
0,8626,16780,3220
0,8631,16780,3220
0,8636,16780,3220
0,8641,16780,3220
0,8646,16780,3220
0,8651,16770,3230
0,8656,16770,3230
0,8661,16770,3230
0,8666,16770,3230
0,8671,16770,3230
0,8676,16762,3238
0,8681,16760,3240
0,8686,16760,3240
0,8691,16760,3240
0,8696,16760,3240
0,8701,16759,3241
0,8706,16750,3250
0,8711,16750,3250
0,8716,16750,3250
0,8721,16750,3250
0,8726,16750,3250
0,8731,16740,3260
0,8736,16740,3260
0,8741,16740,3260
0,8746,16740,3260
0,8751,16740,3260
0,8756,16730,3270
0,8761,16730,3270
0,8766,16730,3270
0,8771,16730,3270
0,8776,16730,3270
0,8781,16722,3278
0,8786,16720,3280
0,8791,16720,3280
0,8796,16720,3280
0,8801,16720,3280
0,8806,16720,3280
0,8811,16710,3290
0,8816,16710,3290
0,8821,16710,3290
0,8826,16710,3290
0,8831,16710,3290
0,8836,16700,3300
0,8841,16700,3300
0,8846,16700,3300
0,8851,16700,3300
0,8856,16700,3300
0,8861,16696,3304
0,8866,16690,3310
0,8871,16690,3310
0,8876,16690,3310
0,8881,16690,3310
0,8886,16690,3310
0,8891,16680,3320
0,8896,16680,3320
0,8901,16680,3320
0,8906,16680,3320
0,8911,16680,3320
0,8916,16676,3324
0,8921,16670,3330
0,8926,16670,3330
0,8931,16670,3330
0,8936,16670,3330
0,8941,16670,3330
0,8946,16660,3340
0,8951,16660,3340
0,8956,16660,3340
0,8961,16660,3340
0,8966,16660,3340
0,8971,16654,3346
0,8976,16650,3350
0,8981,16650,3350
0,8986,16650,3350
0,8991,16650,3350
0,8996,16650,3350
0,9001,16640,3360
0,9006,16640,3360
0,9011,16640,3360
0,9016,16640,3360
0,9021,16640,3360
0,9026,16632,3368
0,9031,16630,3370
0,9036,16630,3370
0,9041,16630,3370
0,9046,16630,3370
0,9051,16628,3372
0,9056,16620,3380
0,9061,16620,3380
0,9066,16620,3380
0,9071,16620,3380
0,9076,16620,3380
0,9081,16610,3390
0,9086,16610,3390
0,9091,16610,3390
0,9096,16610,3390
0,9101,16610,3390
0,9106,16602,3398
0,9111,16600,3400
0,9116,16600,3400
0,9121,16600,3400
0,9126,16600,3400
0,9131,16600,3400
0,9136,16590,3410
0,9141,16590,3410
0,9146,16590,3410
0,9151,16590,3410
0,9156,16590,3410
0,9161,16581,3419
0,9166,16580,3420
0,9171,16580,3420
0,9176,16580,3420
0,9181,16580,3420
0,9186,16576,3424
0,9191,16570,3430
0,9196,16570,3430
0,9201,16570,3430
0,9206,16570,3430
0,9211,16570,3430
0,9216,16560,3440
0,9221,16560,3440
0,9226,16560,3440
0,9231,16560,3440
0,9236,16560,3440
0,9241,16552,3448
0,9246,16550,3450
0,9251,16550,3450
0,9256,16550,3450
0,9261,16550,3450
0,9266,16550,3450
0,9271,16540,3460
0,9276,16540,3460
0,9281,16540,3460
0,9286,16540,3460
0,9291,16540,3460
0,9296,16530,3470
0,9301,16530,3470
0,9306,16530,3470
0,9311,16530,3470
0,9316,16530,3470
0,9321,16524,3476
0,9326,16520,3480
0,9331,16520,3480
0,9336,16520,3480
0,9341,16520,3480
0,9346,16519,3481
0,9351,16510,3490
0,9356,16510,3490
0,9361,16510,3490
0,9366,16510,3490
0,9371,16510,3490
0,9376,16500,3500
0,9381,16500,3500
0,9386,16500,3500
0,9391,16500,3500
0,9396,16500,3500
0,9401,16494,3506
0,9406,16490,3510
0,9411,16490,3510
0,9416,16490,3510
0,9421,16490,3510
0,9426,16490,3510
0,9431,16480,3520
0,9436,16480,3520
0,9441,16480,3520
0,9446,16480,3520
0,9451,16480,3520
0,9456,16471,3529
0,9461,16470,3530
0,9466,16470,3530
0,9471,16470,3530
0,9476,16470,3530
0,9481,16466,3534
0,9486,16460,3540
0,9491,16460,3540
0,9496,16460,3540
0,9501,16460,3540
0,9506,16460,3540
0,9511,16450,3550
0,9516,16450,3550
0,9521,16450,3550
0,9526,16450,3550
0,9531,16450,3550
0,9536,16442,3558
0,9541,16440,3560
0,9546,16440,3560
0,9551,16440,3560
0,9556,16440,3560
0,9561,16439,3561
0,9566,16430,3570
0,9571,16430,3570
0,9576,16430,3570
0,9581,16430,3570
0,9586,16430,3570
0,9591,16421,3579
0,9596,16420,3580
0,9601,16420,3580
0,9606,16420,3580
0,9611,16420,3580
0,9616,16420,3580
0,9621,16410,3590
0,9626,16410,3590
0,9631,16410,3590
0,9636,16410,3590
0,9641,16410,3590
0,9646,16400,3600
0,9651,16400,3600
0,9656,16400,3600
0,9661,16400,3600
0,9666,16400,3600
0,9671,16392,3608
0,9676,16390,3610
0,9681,16390,3610
0,9686,16390,3610
0,9691,16390,3610
0,9696,16389,3611
0,9701,16380,3620
0,9706,16380,3620
0,9711,16380,3620
0,9716,16380,3620
0,9721,16380,3620
0,9726,16370,3630
0,9731,16370,3630
0,9736,16370,3630
0,9741,16370,3630
0,9746,16370,3630
0,9751,16361,3639
0,9756,16360,3640
0,9761,16360,3640
0,9766,16360,3640
0,9771,16360,3640
0,9776,16354,3646
0,9781,16350,3650
0,9786,16350,3650
0,9791,16350,3650
0,9796,16350,3650
0,9801,16350,3650
0,9806,16340,3660
0,9811,16340,3660
0,9816,16340,3660
0,9821,16340,3660
0,9826,16340,3660
0,9831,16332,3668
0,9836,16330,3670
0,9841,16330,3670
0,9846,16330,3670
0,9851,16330,3670
0,9856,16326,3674
0,9861,16320,3680
0,9866,16320,3680
0,9871,16320,3680
0,9876,16320,3680
0,9881,16320,3680
0,9886,16310,3690
0,9891,16310,3690
0,9896,16310,3690
0,9901,16310,3690
0,9906,16310,3690
0,9911,16305,3695
0,9916,16300,3700
0,9921,16300,3700
0,9926,16300,3700
0,9931,16300,3700
0,9936,16296,3704
0,9941,16290,3710
0,9946,16290,3710
0,9951,16290,3710
0,9956,16290,3710
0,9961,16290,3710
0,9966,16280,3720
0,9971,16280,3720
0,9976,16280,3720
0,9981,16280,3720
0,9986,16280,3720
0,9991,16275,3725
0,9996,16270,3730
0,10001,16270,3730
0,10006,16270,3730
0,10011,16270,3730
0,10016,16270,3730
0,10021,16260,3740
0,10026,16260,3740
0,10031,16260,3740
0,10036,16260,3740
0,10041,16260,3740
0,10046,16254,3746
0,10051,16250,3750
0,10056,16250,3750
0,10061,16250,3750
0,10066,16250,3750
0,10071,16248,3752
0,10076,16240,3760
0,10081,16240,3760
0,10086,16240,3760
0,10091,16240,3760
0,10096,16240,3760
0,10101,16230,3770
0,10106,16230,3770
0,10111,16230,3770
0,10116,16230,3770
0,10121,16230,3770
0,10126,16221,3779
0,10131,16220,3780
0,10136,16220,3780
0,10141,16220,3780
0,10146,16220,3780
0,10151,16218,3782
0,10156,16210,3790
0,10161,16210,3790
0,10166,16210,3790
0,10171,16210,3790
0,10176,16210,3790
0,10181,16201,3799
0,10186,16200,3800
0,10191,16200,3800
0,10196,16200,3800
0,10201,16200,3800
0,10206,16194,3806
0,10211,16190,3810
0,10216,16190,3810
0,10221,16190,3810
0,10226,16190,3810
0,10231,16190,3810
0,10236,16180,3820
0,10241,16180,3820
0,10246,16180,3820
0,10251,16180,3820
0,10256,16180,3820
0,10261,16170,3830
0,10266,16170,3830
0,10271,16170,3830
0,10276,16170,3830
0,10281,16170,3830
0,10286,16161,3839
0,10291,16160,3840
0,10296,16160,3840
0,10301,16160,3840
0,10306,16160,3840
0,10311,16157,3843
0,10316,16150,3850
0,10321,16150,3850
0,10326,16150,3850
0,10331,16150,3850
0,10336,16150,3850
0,10341,16140,3860
0,10346,16140,3860
0,10351,16140,3860
0,10356,16140,3860
0,10361,16140,3860
0,10366,16130,3870
0,10371,16130,3870
0,10376,16130,3870
0,10381,16130,3870
0,10386,16130,3870
0,10391,16126,3874
0,10396,16120,3880
0,10401,16120,3880
0,10406,16120,3880
0,10411,16120,3880
0,10416,16120,3880
0,10421,16110,3890
0,10426,16110,3890
0,10431,16110,3890
0,10436,16110,3890
0,10441,16110,3890
0,10446,16103,3897
0,10451,16100,3900
0,10456,16100,3900
0,10461,16100,3900
0,10466,16100,3900
0,10471,16096,3904
0,10476,16090,3910
0,10481,16090,3910
0,10486,16090,3910
0,10491,16090,3910
0,10496,16090,3910
0,10501,16080,3920
0,10506,16080,3920
0,10511,16080,3920
0,10516,16080,3920
0,10521,16080,3920
0,10526,16070,3930
0,10531,16070,3930
0,10536,16070,3930
0,10541,16070,3930
0,10546,16070,3930
0,10551,16066,3934
0,10556,16060,3940
0,10561,16060,3940
0,10566,16060,3940
0,10571,16060,3940
0,10576,16060,3940
0,10581,16050,3950
0,10586,16050,3950
0,10591,16050,3950
0,10596,16050,3950
0,10601,16050,3950
0,10606,16042,3958
0,10611,16040,3960
0,10616,16040,3960
0,10621,16040,3960
0,10626,16040,3960
0,10631,16040,3960
0,10636,16030,3970
0,10641,16030,3970
0,10646,16030,3970
0,10651,16030,3970
0,10656,16030,3970
0,10661,16020,3980
0,10666,16020,3980
0,10671,16020,3980
0,10676,16020,3980
0,10681,16020,3980
0,10686,16011,3989
0,10691,16010,3990
0,10696,16010,3990
0,10701,16010,3990
0,10706,16010,3990
0,10711,16008,3992
0,10716,16000,4000
0,10721,16000,4000
0,10726,16000,4000
0,10731,16000,4000
0,10736,16000,4000
0,10741,15990,4010
0,10746,15990,4010
0,10751,15990,4010
0,10756,15990,4010
0,10761,15990,4010
0,10766,15983,4017
0,10771,15980,4020
0,10776,15980,4020
0,10781,15980,4020
0,10786,15980,4020
0,10791,15978,4022
0,10796,15970,4030
0,10801,15970,4030
0,10806,15970,4030
0,10811,15970,4030
0,10816,15970,4030
0,10821,15960,4040
0,10826,15960,4040
0,10831,15960,4040
0,10836,15960,4040
0,10841,15960,4040
0,10846,15952,4048
0,10851,15950,4050
0,10856,15950,4050
0,10861,15950,4050
0,10866,15950,4050
0,10871,15946,4054
0,10876,15940,4060
0,10881,15940,4060
0,10886,15940,4060
0,10891,15940,4060
0,10896,15940,4060
0,10901,15930,4070
0,10906,15930,4070
0,10911,15930,4070
0,10916,15930,4070
0,10921,15930,4070
0,10926,15923,4077
0,10931,15920,4080
0,10936,15920,4080
0,10941,15920,4080
0,10946,15920,4080
0,10951,15919,4081
0,10956,15910,4090
0,10961,15910,4090
0,10966,15910,4090
0,10971,15910,4090
0,10976,15910,4090
0,10981,15900,4100
0,10986,15900,4100
0,10991,15900,4100
0,10996,15900,4100
0,11001,15900,4100
0,11006,15893,4107
0,11011,15890,4110
0,11016,15890,4110
0,11021,15890,4110
0,11026,15890,4110
0,11031,15889,4111
0,11036,15880,4120
0,11041,15880,4120
0,11046,15880,4120
0,11051,15880,4120
0,11056,15880,4120
0,11061,15870,4130
0,11066,15870,4130
0,11071,15870,4130
0,11076,15870,4130
0,11081,15870,4130
0,11086,15863,4137
0,11091,15860,4140
0,11096,15860,4140
0,11101,15860,4140
0,11106,15860,4140
0,11111,15860,4140
0,11116,15850,4150
0,11121,15850,4150
0,11126,15850,4150
0,11131,15850,4150
0,11136,15850,4150
0,11141,15840,4160
0,11146,15840,4160
0,11151,15840,4160
0,11156,15840,4160
0,11161,15840,4160
0,11166,15833,4167
0,11171,15830,4170
0,11176,15830,4170
0,11181,15830,4170
0,11186,15830,4170
0,11191,15830,4170
0,11196,15820,4180
0,11201,15820,4180
0,11206,15820,4180
0,11211,15820,4180
0,11216,15820,4180
0,11221,15810,4190
0,11226,15810,4190
0,11231,15810,4190
0,11236,15810,4190
0,11241,15810,4190
0,11246,15803,4197
0,11251,15800,4200
0,11256,15800,4200
0,11261,15800,4200
0,11266,15800,4200
0,11271,15799,4201
0,11276,15790,4210
0,11281,15790,4210
0,11286,15790,4210
0,11291,15790,4210
0,11296,15790,4210
0,11301,15780,4220
0,11306,15780,4220
0,11311,15780,4220
0,11316,15780,4220
0,11321,15780,4220
0,11326,15774,4226
0,11331,15770,4230
0,11336,15770,4230
0,11341,15770,4230
0,11346,15770,4230
0,11351,15770,4230
0,11356,15760,4240
0,11361,15760,4240
0,11366,15760,4240
0,11371,15760,4240
0,11376,15760,4240
0,11381,15752,4248
0,11386,15750,4250
0,11391,15750,4250
0,11396,15750,4250
0,11401,15750,4250
0,11406,15750,4250
0,11411,15740,4260
0,11416,15740,4260
0,11421,15740,4260
0,11426,15740,4260
0,11431,15740,4260
0,11436,15730,4270
0,11441,15730,4270
0,11446,15730,4270
0,11451,15730,4270
0,11456,15730,4270
0,11461,15724,4276
0,11466,15720,4280
0,11471,15720,4280
0,11476,15720,4280
0,11481,15720,4280
0,11486,15720,4280
0,11491,15710,4290
0,11496,15710,4290
0,11501,15710,4290
0,11506,15710,4290
0,11511,15710,4290
0,11516,15700,4300
0,11521,15700,4300
0,11526,15700,4300
0,11531,15700,4300
0,11536,15700,4300
0,11541,15693,4307
0,11546,15690,4310
0,11551,15690,4310
0,11556,15690,4310
0,11561,15690,4310
0,11566,15689,4311
0,11571,15680,4320
0,11576,15680,4320
0,11581,15680,4320
0,11586,15680,4320
0,11591,15680,4320
0,11596,15672,4328
0,11601,15670,4330
0,11606,15670,4330
0,11611,15670,4330
0,11616,15670,4330
0,11621,15668,4332
0,11626,15660,4340
0,11631,15660,4340
0,11636,15660,4340
0,11641,15660,4340
0,11646,15660,4340
0,11651,15650,4350
0,11656,15650,4350
0,11661,15650,4350
0,11666,15650,4350
0,11671,15650,4350
0,11676,15641,4359
0,11681,15640,4360
0,11686,15640,4360
0,11691,15640,4360
0,11696,15640,4360
0,11701,15640,4360
0,11706,15630,4370
0,11711,15630,4370
0,11716,15630,4370
0,11721,15630,4370
0,11726,15630,4370
0,11731,15620,4380
0,11736,15620,4380
0,11741,15620,4380
0,11746,15620,4380
0,11751,15620,4380
0,11756,15612,4388
0,11761,15610,4390
0,11766,15610,4390
0,11771,15610,4390
0,11776,15610,4390
0,11781,15609,4391
0,11786,15600,4400
0,11791,15600,4400
0,11796,15600,4400
0,11801,15600,4400
0,11806,15600,4400
0,11811,15590,4410
0,11816,15590,4410
0,11821,15590,4410
0,11826,15590,4410
0,11831,15590,4410
0,11836,15583,4417
0,11841,15580,4420
0,11846,15580,4420
0,11851,15580,4420
0,11856,15580,4420
0,11861,15579,4421
0,11866,15570,4430
0,11871,15570,4430
0,11876,15570,4430
0,11881,15570,4430
0,11886,15570,4430
0,11891,15561,4439
0,11896,15560,4440
0,11901,15560,4440
0,11906,15560,4440
0,11911,15560,4440
0,11916,15555,4445
0,11921,15550,4450
0,11926,15550,4450
0,11931,15550,4450
0,11936,15550,4450
0,11941,15550,4450
0,11946,15540,4460
0,11951,15540,4460
0,11956,15540,4460
0,11961,15540,4460
0,11966,15540,4460
0,11971,15532,4468
0,11976,15530,4470
0,11981,15530,4470
0,11986,15530,4470
0,11991,15530,4470
0,11996,15527,4473
0,12001,15520,4480
0,12006,15520,4480
0,12011,15520,4480
0,12016,15520,4480
0,12021,15520,4480
0,12026,15510,4490
0,12031,15510,4490
0,12036,15510,4490
0,12041,15510,4490
0,12046,15510,4490
0,12051,15501,4499
0,12056,15500,4500
0,12061,15500,4500
0,12066,15500,4500
0,12071,15500,4500
0,12076,15496,4504
0,12081,15490,4510
0,12086,15490,4510
0,12091,15490,4510
0,12096,15490,4510
0,12101,15490,4510
0,12106,15480,4520
0,12111,15480,4520
0,12116,15480,4520
0,12121,15480,4520
0,12126,15480,4520
0,12131,15473,4527
0,12136,15470,4530
0,12141,15470,4530
0,12146,15470,4530
0,12151,15470,4530
0,12156,15470,4530
0,12161,15460,4540
0,12166,15460,4540
0,12171,15460,4540
0,12176,15460,4540
0,12181,15460,4540
0,12186,15451,4549
0,12191,15450,4550
0,12196,15450,4550
0,12201,15450,4550
0,12206,15450,4550
0,12211,15448,4552
0,12216,15440,4560
0,12221,15440,4560
0,12226,15440,4560
0,12231,15440,4560
0,12236,15440,4560
0,12241,15430,4570
0,12246,15430,4570
0,12251,15430,4570
0,12256,15430,4570
0,12261,15430,4570
0,12266,15424,4576
0,12271,15420,4580
0,12276,15420,4580
0,12281,15420,4580
0,12286,15420,4580
0,12291,15420,4580
0,12296,15410,4590
0,12301,15410,4590
0,12306,15410,4590
0,12311,15410,4590
0,12316,15410,4590
0,12321,15401,4599
0,12326,15400,4600
0,12331,15400,4600
0,12336,15400,4600
0,12341,15400,4600
0,12346,15399,4601
0,12351,15390,4610
0,12356,15390,4610
0,12361,15390,4610
0,12366,15390,4610
0,12371,15390,4610
0,12376,15380,4620
0,12381,15380,4620
0,12386,15380,4620
0,12391,15380,4620
0,12396,15380,4620
0,12401,15376,4624
0,12406,15370,4630
0,12411,15370,4630
0,12416,15370,4630
0,12421,15370,4630
0,12426,15370,4630
0,12431,15360,4640
0,12436,15360,4640
0,12441,15360,4640
0,12446,15360,4640
0,12451,15360,4640
0,12456,15352,4648
0,12461,15350,4650
0,12466,15350,4650
0,12471,15350,4650
0,12476,15350,4650
0,12481,15349,4651
0,12486,15340,4660
0,12491,15340,4660
0,12496,15340,4660
0,12501,15340,4660
0,12506,15340,4660
0,12511,15331,4669
0,12516,15330,4670
0,12521,15330,4670
0,12526,15330,4670
0,12531,15330,4670
0,12536,15328,4672
0,12541,15320,4680
0,12546,15320,4680
0,12551,15320,4680
0,12556,15320,4680
0,12561,15320,4680
0,12566,15310,4690
0,12571,15310,4690
0,12576,15310,4690
0,12581,15310,4690
0,12586,15310,4690
0,12591,15301,4699
0,12596,15300,4700
0,12601,15300,4700
0,12606,15300,4700
0,12611,15300,4700
0,12616,15297,4703
0,12621,15290,4710
0,12626,15290,4710
0,12631,15290,4710
0,12636,15290,4710
0,12641,15289,4711
0,12646,15280,4720
0,12651,15280,4720
0,12656,15280,4720
0,12661,15280,4720
0,12666,15280,4720
0,12671,15271,4729
0,12676,15270,4730
0,12681,15270,4730
0,12686,15270,4730
0,12691,15270,4730
0,12696,15269,4731
0,12701,15260,4740
0,12706,15260,4740
0,12711,15260,4740
0,12716,15260,4740
0,12721,15260,4740
0,12726,15251,4749
0,12731,15250,4750
0,12736,15250,4750
0,12741,15250,4750
0,12746,15250,4750
0,12751,15248,4752
0,12756,15240,4760
0,12761,15240,4760
0,12766,15240,4760
0,12771,15240,4760
0,12776,15240,4760
0,12781,15230,4770
0,12786,15230,4770
0,12791,15230,4770
0,12796,15230,4770
0,12801,15230,4770
0,12806,15220,4780
0,12811,15220,4780
0,12816,15220,4780
0,12821,15220,4780
0,12826,15220,4780
0,12831,15213,4787
0,12836,15210,4790
0,12841,15210,4790
0,12846,15210,4790
0,12851,15210,4790
0,12856,15210,4790
0,12861,15200,4800
0,12866,15200,4800
0,12871,15200,4800
0,12876,15200,4800
0,12881,15200,4800
0,12886,15191,4809
0,12891,15190,4810
0,12896,15190,4810
0,12901,15190,4810
0,12906,15190,4810
0,12911,15190,4810
0,12916,15180,4820
0,12921,15180,4820
0,12926,15180,4820
0,12931,15180,4820
0,12936,15180,4820
0,12941,15170,4830
0,12946,15170,4830
0,12951,15170,4830
0,12956,15170,4830
0,12961,15170,4830
0,12966,15164,4836
0,12971,15160,4840
0,12976,15160,4840
0,12981,15160,4840
0,12986,15160,4840
0,12991,15159,4841
0,12996,15150,4850
0,13001,15150,4850
0,13006,15150,4850
0,13011,15150,4850
0,13016,15150,4850
0,13021,15140,4860
0,13026,15140,4860
0,13031,15140,4860
0,13036,15140,4860
0,13041,15140,4860
0,13046,15130,4870
0,13051,15130,4870
0,13056,15130,4870
0,13061,15130,4870
0,13066,15130,4870
0,13071,15121,4879
0,13076,15120,4880
0,13081,15120,4880
0,13086,15120,4880
0,13091,15120,4880
0,13096,15117,4883
0,13101,15110,4890
0,13106,15110,4890
0,13111,15110,4890
0,13116,15110,4890
0,13121,15110,4890
0,13126,15100,4900
0,13131,15100,4900
0,13136,15100,4900
0,13141,15100,4900
0,13146,15100,4900
0,13151,15092,4908
0,13156,15090,4910
0,13161,15090,4910
0,13166,15090,4910
0,13171,15090,4910
0,13176,15086,4914
0,13181,15080,4920
0,13186,15080,4920
0,13191,15080,4920
0,13196,15080,4920
0,13201,15080,4920
0,13206,15070,4930
0,13211,15070,4930
0,13216,15070,4930
0,13221,15070,4930
0,13226,15070,4930
0,13231,15064,4936
0,13236,15060,4940
0,13241,15060,4940
0,13246,15060,4940
0,13251,15060,4940
0,13256,15059,4941
0,13261,15050,4950
0,13266,15050,4950
0,13271,15050,4950
0,13276,15050,4950
0,13281,15050,4950
0,13286,15041,4959
0,13291,15040,4960
0,13296,15040,4960
0,13301,15040,4960
0,13306,15040,4960
0,13311,15039,4961
0,13316,15030,4970
0,13321,15030,4970
0,13326,15030,4970
0,13331,15030,4970
0,13336,15030,4970
0,13341,15020,4980
0,13346,15020,4980
0,13351,15020,4980
0,13356,15020,4980
0,13361,15020,4980
0,13366,15014,4986
0,13371,15010,4990
0,13376,15010,4990
0,13381,15010,4990
0,13386,15010,4990
0,13391,15010,4990
0,13396,15000,5000
0,13401,15000,5000
0,13406,15000,5000
0,13411,15000,5000
0,13416,15000,5000
0,13421,14990,5010
0,13426,14990,5010
0,13431,14990,5010
0,13436,14990,5010
0,13441,14990,5010
0,13446,14981,5019
0,13451,14980,5020
0,13456,14980,5020
0,13461,14980,5020
0,13466,14980,5020
0,13471,14977,5023
0,13476,14970,5030
0,13481,14970,5030
0,13486,14970,5030
0,13491,14970,5030
0,13496,14970,5030
0,13501,14960,5040
0,13506,14960,5040
0,13511,14960,5040
0,13516,14960,5040
0,13521,14960,5040
0,13526,14950,5050
0,13531,14950,5050
0,13536,14950,5050
0,13541,14950,5050
0,13546,14950,5050
0,13551,14947,5053
0,13556,14940,5060
0,13561,14940,5060
0,13566,14940,5060
0,13571,14940,5060
0,13576,14940,5060
0,13581,14930,5070
0,13586,14930,5070
0,13591,14930,5070
0,13596,14930,5070
0,13601,14930,5070
0,13606,14920,5080
0,13611,14920,5080
0,13616,14920,5080
0,13621,14920,5080
0,13626,14920,5080
0,13631,14915,5085
0,13636,14910,5090
0,13641,14910,5090
0,13646,14910,5090
0,13651,14910,5090
0,13656,14910,5090
0,13661,14900,5100
0,13666,14900,5100
0,13671,14900,5100
0,13676,14900,5100
0,13681,14900,5100
0,13686,14891,5109
0,13691,14890,5110
0,13696,14890,5110
0,13701,14890,5110
0,13706,14890,5110
0,13711,14888,5112
0,13716,14880,5120
0,13721,14880,5120
0,13726,14880,5120
0,13731,14880,5120
0,13736,14880,5120
0,13741,14870,5130
0,13746,14870,5130
0,13751,14870,5130
0,13756,14870,5130
0,13761,14870,5130
0,13766,14863,5137
0,13771,14860,5140
0,13776,14860,5140
0,13781,14860,5140
0,13786,14860,5140
0,13791,14859,5141
0,13796,14850,5150
0,13801,14850,5150
0,13806,14850,5150
0,13811,14850,5150
0,13816,14850,5150
0,13821,14840,5160
0,13826,14840,5160
0,13831,14840,5160
0,13836,14840,5160
0,13841,14840,5160
0,13846,14831,5169
0,13851,14830,5170
0,13856,14830,5170
0,13861,14830,5170
0,13866,14830,5170
0,13871,14829,5171
0,13876,14820,5180
0,13881,14820,5180
0,13886,14820,5180
0,13891,14820,5180
0,13896,14820,5180
0,13901,14810,5190
0,13906,14810,5190
0,13911,14810,5190
0,13916,14810,5190
0,13921,14810,5190
0,13926,14801,5199
0,13931,14800,5200
0,13936,14800,5200
0,13941,14800,5200
0,13946,14800,5200
0,13951,14798,5202
0,13956,14790,5210
0,13961,14790,5210
0,13966,14790,5210
0,13971,14790,5210
0,13976,14790,5210
0,13981,14780,5220
0,13986,14780,5220
0,13991,14780,5220
0,13996,14780,5220
0,14001,14780,5220
0,14006,14770,5230
0,14011,14770,5230
0,14016,14770,5230
0,14021,14770,5230
0,14026,14770,5230
0,14031,14766,5234
0,14036,14760,5240
0,14041,14760,5240
0,14046,14760,5240
0,14051,14760,5240
0,14056,14760,5240
0,14061,14750,5250
0,14066,14750,5250
0,14071,14750,5250
0,14076,14750,5250
0,14081,14750,5250
0,14086,14741,5259
0,14091,14740,5260
0,14096,14740,5260
0,14101,14740,5260
0,14106,14740,5260
0,14111,14738,5262
0,14116,14730,5270
0,14121,14730,5270
0,14126,14730,5270
0,14131,14730,5270
0,14136,14730,5270
0,14141,14720,5280
0,14146,14720,5280
0,14151,14720,5280
0,14156,14720,5280
0,14161,14720,5280
0,14166,14710,5290
0,14171,14710,5290
0,14176,14710,5290
0,14181,14710,5290
0,14186,14710,5290
0,14191,14703,5297
0,14196,14700,5300
0,14201,14700,5300
0,14206,14700,5300
0,14211,14700,5300
0,14216,14700,5300
0,14221,14690,5310
0,14226,14690,5310
0,14231,14690,5310
0,14236,14690,5310
0,14241,14690,5310
0,14246,14680,5320
0,14251,14680,5320
0,14256,14680,5320
0,14261,14680,5320
0,14266,14680,5320
0,14271,14670,5330
0,14276,14670,5330
0,14281,14670,5330
0,14286,14670,5330
0,14291,14670,5330
0,14296,14665,5335
0,14301,14660,5340
0,14306,14660,5340
0,14311,14660,5340
0,14316,14660,5340
0,14321,14660,5340
0,14326,14650,5350
0,14331,14650,5350
0,14336,14650,5350
0,14341,14650,5350
0,14346,14650,5350
0,14351,14644,5356
0,14356,14640,5360
0,14361,14640,5360
0,14366,14640,5360
0,14371,14640,5360
0,14376,14640,5360
0,14381,14630,5370
0,14386,14630,5370
0,14391,14630,5370
0,14396,14630,5370
0,14401,14630,5370
0,14406,14623,5377
0,14411,14620,5380
0,14416,14620,5380
0,14421,14620,5380
0,14426,14620,5380
0,14431,14618,5382
0,14436,14610,5390
0,14441,14610,5390
0,14446,14610,5390
0,14451,14610,5390
0,14456,14610,5390
0,14461,14600,5400
0,14466,14600,5400
0,14471,14600,5400
0,14476,14600,5400
0,14481,14600,5400
0,14486,14597,5403
0,14491,14590,5410
0,14496,14590,5410
0,14501,14590,5410
0,14506,14590,5410
0,14511,14588,5412
0,14516,14580,5420
0,14521,14580,5420
0,14526,14580,5420
0,14531,14580,5420
0,14536,14580,5420
0,14541,14570,5430
0,14546,14570,5430
0,14551,14570,5430
0,14556,14570,5430
0,14561,14570,5430
0,14566,14565,5435
0,14571,14560,5440
0,14576,14560,5440
0,14581,14560,5440
0,14586,14560,5440
0,14591,14560,5440
0,14596,14550,5450
0,14601,14550,5450
0,14606,14550,5450
0,14611,14550,5450
0,14616,14550,5450
0,14621,14544,5456
0,14626,14540,5460
0,14631,14540,5460
0,14636,14540,5460
0,14641,14540,5460
0,14646,14540,5460
0,14651,14530,5470
0,14656,14530,5470
0,14661,14530,5470
0,14666,14530,5470
0,14671,14530,5470
0,14676,14522,5478
0,14681,14520,5480
0,14686,14520,5480
0,14691,14520,5480
0,14696,14520,5480
0,14701,14517,5483
0,14706,14510,5490
0,14711,14510,5490
0,14716,14510,5490
0,14721,14510,5490
0,14726,14510,5490
0,14731,14500,5500
0,14736,14500,5500
0,14741,14500,5500
0,14746,14500,5500
0,14751,14500,5500
0,14756,14493,5507
0,14761,14490,5510
0,14766,14490,5510
0,14771,14490,5510
0,14776,14490,5510
0,14781,14490,5510
0,14786,14480,5520
0,14791,14480,5520
0,14796,14480,5520
0,14801,14480,5520
0,14806,14480,5520
0,14811,14471,5529
0,14816,14470,5530
0,14821,14470,5530
0,14826,14470,5530
0,14831,14470,5530
0,14836,14465,5535
0,14841,14460,5540
0,14846,14460,5540
0,14851,14460,5540
0,14856,14460,5540
0,14861,14460,5540
0,14866,14450,5550
0,14871,14450,5550
0,14876,14450,5550
0,14881,14450,5550
0,14886,14450,5550
0,14891,14442,5558
0,14896,14440,5560
0,14901,14440,5560
0,14906,14440,5560
0,14911,14440,5560
0,14916,14433,5567
0,14921,14430,5570
0,14926,14430,5570
0,14931,14430,5570
0,14936,14430,5570
0,14941,14430,5570
0,14946,14420,5580
0,14951,14420,5580
0,14956,14420,5580
0,14961,14420,5580
0,14966,14420,5580
0,14971,14412,5588
0,14976,14410,5590
0,14981,14410,5590
0,14986,14410,5590
0,14991,14410,5590
0,14996,14408,5592
0,15001,14400,5600
0,15006,14400,5600
0,15011,14400,5600
0,15016,14400,5600
0,15021,14400,5600
0,15026,14390,5610
0,15031,14390,5610
0,15036,14390,5610
0,15041,14390,5610
0,15046,14390,5610
0,15051,14381,5619
0,15056,14380,5620
0,15061,14380,5620
0,15066,14380,5620
0,15071,14380,5620
0,15076,14378,5622
0,15081,14370,5630
0,15086,14370,5630
0,15091,14370,5630
0,15096,14370,5630
0,15101,14370,5630
0,15106,14360,5640
0,15111,14360,5640
0,15116,14360,5640
0,15121,14360,5640
0,15126,14360,5640
0,15131,14356,5644
0,15136,14350,5650
0,15141,14350,5650
0,15146,14350,5650
0,15151,14350,5650
0,15156,14350,5650
0,15161,14340,5660
0,15166,14340,5660
0,15171,14340,5660
0,15176,14340,5660
0,15181,14340,5660
0,15186,14331,5669
0,15191,14330,5670
0,15196,14330,5670
0,15201,14330,5670
0,15206,14330,5670
0,15211,14324,5676
0,15216,14320,5680
0,15221,14320,5680
0,15226,14320,5680
0,15231,14320,5680
0,15236,14320,5680
0,15241,14310,5690
0,15246,14310,5690
0,15251,14310,5690
0,15256,14310,5690
0,15261,14310,5690
0,15266,14300,5700
0,15271,14300,5700
0,15276,14300,5700
0,15281,14300,5700
0,15286,14300,5700
0,15291,14292,5708
0,15296,14290,5710
0,15301,14290,5710
0,15306,14290,5710
0,15311,14290,5710
0,15316,14290,5710
0,15321,14280,5720
0,15326,14280,5720
0,15331,14280,5720
0,15336,14280,5720
0,15341,14280,5720
0,15346,14270,5730
0,15351,14270,5730
0,15356,14270,5730
0,15361,14270,5730
0,15366,14270,5730
0,15371,14265,5735
0,15376,14260,5740
0,15381,14260,5740
0,15386,14260,5740
0,15391,14260,5740
0,15396,14260,5740
0,15401,14250,5750
0,15406,14250,5750
0,15411,14250,5750
0,15416,14250,5750
0,15421,14250,5750
0,15426,14240,5760
0,15431,14240,5760
0,15436,14240,5760
0,15441,14240,5760
0,15446,14240,5760
0,15451,14230,5770
0,15456,14230,5770
0,15461,14230,5770
0,15466,14230,5770
0,15471,14230,5770
0,15476,14225,5775
0,15481,14220,5780
0,15486,14220,5780
0,15491,14220,5780
0,15496,14220,5780
0,15501,14220,5780
0,15506,14210,5790
0,15511,14210,5790
0,15516,14210,5790
0,15521,14210,5790
0,15526,14210,5790
0,15531,14201,5799
0,15536,14200,5800
0,15541,14200,5800
0,15546,14200,5800
0,15551,14200,5800
0,15556,14197,5803
0,15561,14190,5810
0,15566,14190,5810
0,15571,14190,5810
0,15576,14190,5810
0,15581,14190,5810
0,15586,14181,5819
0,15591,14180,5820
0,15596,14180,5820
0,15601,14180,5820
0,15606,14180,5820
0,15611,14177,5823
0,15616,14170,5830
0,15621,14170,5830
0,15626,14170,5830
0,15631,14170,5830
0,15636,14170,5830
0,15641,14160,5840
0,15646,14160,5840
0,15651,14160,5840
0,15656,14160,5840
0,15661,14160,5840
0,15666,14152,5848
0,15671,14150,5850
0,15676,14150,5850
0,15681,14150,5850
0,15686,14150,5850
0,15691,14150,5850
0,15696,14140,5860
0,15701,14140,5860
0,15706,14140,5860
0,15711,14140,5860
0,15716,14140,5860
0,15721,14130,5870
0,15726,14130,5870
0,15731,14130,5870
0,15736,14130,5870
0,15741,14130,5870
0,15746,14124,5876
0,15751,14120,5880
0,15756,14120,5880
0,15761,14120,5880
0,15766,14120,5880
0,15771,14120,5880
0,15776,14110,5890
0,15781,14110,5890
0,15786,14110,5890
0,15791,14110,5890
0,15796,14110,5890
0,15801,14101,5899
0,15806,14100,5900
0,15811,14100,5900
0,15816,14100,5900
0,15821,14100,5900
0,15826,14096,5904
0,15831,14090,5910
0,15836,14090,5910
0,15841,14090,5910
0,15846,14090,5910
0,15851,14090,5910
0,15856,14080,5920
0,15861,14080,5920
0,15866,14080,5920
0,15871,14080,5920
0,15876,14080,5920
0,15881,14070,5930
0,15886,14070,5930
0,15891,14070,5930
0,15896,14070,5930
0,15901,14070,5930
0,15906,14066,5934
0,15911,14060,5940
0,15916,14060,5940
0,15921,14060,5940
0,15926,14060,5940
0,15931,14059,5941
0,15936,14050,5950
0,15941,14050,5950
0,15946,14050,5950
0,15951,14050,5950
0,15956,14050,5950
0,15961,14040,5960
0,15966,14040,5960
0,15971,14040,5960
0,15976,14040,5960
0,15981,14040,5960
0,15986,14037,5963
0,15991,14030,5970
0,15996,14030,5970
0,16001,14030,5970
0,16006,14030,5970
0,16011,14030,5970
0,16016,14020,5980
0,16021,14020,5980
0,16026,14020,5980
0,16031,14020,5980
0,16036,14020,5980
0,16041,14010,5990
0,16046,14010,5990
0,16051,14010,5990
0,16056,14010,5990
0,16061,14010,5990
0,16066,14005,5995
0,16071,14000,6000
0,16076,14000,6000
0,16081,14000,6000
0,16086,14000,6000
0,16091,13999,6001
0,16096,13990,6010
0,16101,13990,6010
0,16106,13990,6010
0,16111,13990,6010
0,16116,13990,6010
0,16121,13980,6020
0,16126,13980,6020
0,16131,13980,6020
0,16136,13980,6020
0,16141,13980,6020
0,16146,13974,6026
0,16151,13970,6030
0,16156,13970,6030
0,16161,13970,6030
0,16166,13970,6030
0,16171,13967,6033
0,16176,13960,6040
0,16181,13960,6040
0,16186,13960,6040
0,16191,13960,6040
0,16196,13960,6040
0,16201,13952,6048
0,16206,13950,6050
0,16211,13950,6050
0,16216,13950,6050
0,16221,13950,6050
0,16226,13949,6051
0,16231,13940,6060
0,16236,13940,6060
0,16241,13940,6060
0,16246,13940,6060
0,16251,13940,6060
0,16256,13930,6070
0,16261,13930,6070
0,16266,13930,6070
0,16271,13930,6070
0,16276,13930,6070
0,16281,13921,6079
0,16286,13920,6080
0,16291,13920,6080
0,16296,13920,6080
0,16301,13920,6080
0,16306,13918,6082
0,16311,13910,6090
0,16316,13910,6090
0,16321,13910,6090
0,16326,13910,6090
0,16331,13910,6090
0,16336,13900,6100
0,16341,13900,6100
0,16346,13900,6100
0,16351,13900,6100
0,16356,13900,6100
0,16361,13890,6110
0,16366,13890,6110
0,16371,13890,6110
0,16376,13890,6110
0,16381,13890,6110
0,16386,13884,6116
0,16391,13880,6120
0,16396,13880,6120
0,16401,13880,6120
0,16406,13880,6120
0,16411,13878,6122
0,16416,13870,6130
0,16421,13870,6130
0,16426,13870,6130
0,16431,13870,6130
0,16436,13870,6130
0,16441,13860,6140
0,16446,13860,6140
0,16451,13860,6140
0,16456,13860,6140
0,16461,13860,6140
0,16466,13853,6147
0,16471,13850,6150
0,16476,13850,6150
0,16481,13850,6150
0,16486,13850,6150
0,16491,13850,6150
0,16496,13840,6160
0,16501,13840,6160
0,16506,13840,6160
0,16511,13840,6160
0,16516,13840,6160
0,16521,13831,6169
0,16526,13830,6170
0,16531,13830,6170
0,16536,13830,6170
0,16541,13830,6170
0,16546,13828,6172
0,16551,13820,6180
0,16556,13820,6180
0,16561,13820,6180
0,16566,13820,6180
0,16571,13820,6180
0,16576,13810,6190
0,16581,13810,6190
0,16586,13810,6190
0,16591,13810,6190
0,16596,13810,6190
0,16601,13803,6197
0,16606,13800,6200
0,16611,13800,6200
0,16616,13800,6200
0,16621,13800,6200
0,16626,13798,6202
0,16631,13790,6210
0,16636,13790,6210
0,16641,13790,6210
0,16646,13790,6210
0,16651,13790,6210
0,16656,13780,6220
0,16661,13780,6220
0,16666,13780,6220
0,16671,13780,6220
0,16676,13780,6220
0,16681,13773,6227
0,16686,13770,6230
0,16691,13770,6230
0,16696,13770,6230
0,16701,13770,6230
0,16706,13770,6230
0,16711,13760,6240
0,16716,13760,6240
0,16721,13760,6240
0,16726,13760,6240
0,16731,13760,6240
0,16736,13755,6245
0,16741,13750,6250
0,16746,13750,6250
0,16751,13750,6250
0,16756,13750,6250
0,16761,13749,6251
0,16766,13740,6260
0,16771,13740,6260
0,16776,13740,6260
0,16781,13740,6260
0,16786,13740,6260
0,16791,13730,6270
0,16796,13730,6270
0,16801,13730,6270
0,16806,13730,6270
0,16811,13730,6270
0,16816,13722,6278
0,16821,13720,6280
0,16826,13720,6280
0,16831,13720,6280
0,16836,13720,6280
0,16841,13718,6282
0,16846,13710,6290
0,16851,13710,6290
0,16856,13710,6290
0,16861,13710,6290
0,16866,13710,6290
0,16871,13700,6300
0,16876,13700,6300
0,16881,13700,6300
0,16886,13700,6300
0,16891,13700,6300
0,16896,13697,6303
0,16901,13690,6310
0,16906,13690,6310
0,16911,13690,6310
0,16916,13690,6310
0,16921,13688,6312
0,16926,13680,6320
0,16931,13680,6320
0,16936,13680,6320
0,16941,13680,6320
0,16946,13680,6320
0,16951,13670,6330
0,16956,13670,6330
0,16961,13670,6330
0,16966,13670,6330
0,16971,13670,6330
0,16976,13663,6337
0,16981,13660,6340
0,16986,13660,6340
0,16991,13660,6340
0,16996,13660,6340
0,17001,13660,6340
0,17006,13650,6350
0,17011,13650,6350
0,17016,13650,6350
0,17021,13650,6350
0,17026,13650,6350
0,17031,13640,6360
0,17036,13640,6360
0,17041,13640,6360
0,17046,13640,6360
0,17051,13640,6360
0,17056,13634,6366
0,17061,13630,6370
0,17066,13630,6370
0,17071,13630,6370
0,17076,13630,6370
0,17081,13629,6371
0,17086,13620,6380
0,17091,13620,6380
0,17096,13620,6380
0,17101,13620,6380
0,17106,13620,6380
0,17111,13612,6388
0,17116,13610,6390
0,17121,13610,6390
0,17126,13610,6390
0,17131,13610,6390
0,17136,13609,6391
0,17141,13600,6400
0,17146,13600,6400
0,17151,13600,6400
0,17156,13600,6400
0,17161,13600,6400
0,17166,13590,6410
0,17171,13590,6410
0,17176,13590,6410
0,17181,13590,6410
0,17186,13590,6410
0,17191,13582,6418
0,17196,13580,6420
0,17201,13580,6420
0,17206,13580,6420
0,17211,13580,6420
0,17216,13580,6420
0,17221,13570,6430
0,17226,13570,6430
0,17231,13570,6430
0,17236,13570,6430
0,17241,13570,6430
0,17246,13560,6440
0,17251,13560,6440
0,17256,13560,6440
0,17261,13560,6440
0,17266,13560,6440
0,17271,13554,6446
0,17276,13550,6450
0,17281,13550,6450
0,17286,13550,6450
0,17291,13550,6450
0,17296,13550,6450
0,17301,13540,6460
0,17306,13540,6460
0,17311,13540,6460
0,17316,13540,6460
0,17321,13540,6460
0,17326,13530,6470
0,17331,13530,6470
0,17336,13530,6470
0,17341,13530,6470
0,17346,13530,6470
0,17351,13525,6475
0,17356,13520,6480
0,17361,13520,6480
0,17366,13520,6480
0,17371,13520,6480
0,17376,13518,6482
0,17381,13510,6490
0,17386,13510,6490
0,17391,13510,6490
0,17396,13510,6490
0,17401,13510,6490
0,17406,13501,6499
0,17411,13500,6500
0,17416,13500,6500
0,17421,13500,6500
0,17426,13500,6500
0,17431,13497,6503
0,17436,13490,6510
0,17441,13490,6510
0,17446,13490,6510
0,17451,13490,6510
0,17456,13490,6510
0,17461,13480,6520
0,17466,13480,6520
0,17471,13480,6520
0,17476,13480,6520
0,17481,13480,6520
0,17486,13474,6526
0,17491,13470,6530
0,17496,13470,6530
0,17501,13470,6530
0,17506,13470,6530
0,17511,13469,6531
0,17516,13460,6540
0,17521,13460,6540
0,17526,13460,6540
0,17531,13460,6540
0,17536,13460,6540
0,17541,13451,6549
0,17546,13450,6550
0,17551,13450,6550
0,17556,13450,6550
0,17561,13450,6550
0,17566,13445,6555
0,17571,13440,6560
0,17576,13440,6560
0,17581,13440,6560
0,17586,13440,6560
0,17591,13440,6560
0,17596,13430,6570
0,17601,13430,6570
0,17606,13430,6570
0,17611,13430,6570
0,17616,13430,6570
0,17621,13425,6575
0,17626,13420,6580
0,17631,13420,6580
0,17636,13420,6580
0,17641,13420,6580
0,17646,13419,6581
0,17651,13410,6590
0,17656,13410,6590
0,17661,13410,6590
0,17666,13410,6590
0,17671,13410,6590
0,17676,13401,6599
0,17681,13400,6600
0,17686,13400,6600
0,17691,13400,6600
0,17696,13400,6600
0,17701,13397,6603
0,17706,13390,6610
0,17711,13390,6610
0,17716,13390,6610
0,17721,13390,6610
0,17726,13390,6610
0,17731,13380,6620
0,17736,13380,6620
0,17741,13380,6620
0,17746,13380,6620
0,17751,13380,6620
0,17756,13370,6630
0,17761,13370,6630
0,17766,13370,6630
0,17771,13370,6630
0,17776,13370,6630
0,17781,13363,6637
0,17786,13360,6640
0,17791,13360,6640
0,17796,13360,6640
0,17801,13360,6640
0,17806,13360,6640
0,17811,13350,6650
0,17816,13350,6650
0,17821,13350,6650
0,17826,13350,6650
0,17831,13350,6650
0,17836,13340,6660
0,17841,13340,6660
0,17846,13340,6660
0,17851,13340,6660
0,17856,13340,6660
0,17861,13331,6669
0,17866,13330,6670
0,17871,13330,6670
0,17876,13330,6670
0,17881,13330,6670
0,17886,13327,6673
0,17891,13320,6680
0,17896,13320,6680
0,17901,13320,6680
0,17906,13320,6680
0,17911,13320,6680
0,17916,13310,6690
0,17921,13310,6690
0,17926,13310,6690
0,17931,13310,6690
0,17936,13310,6690
0,17941,13302,6698
0,17946,13300,6700
0,17951,13300,6700
0,17956,13300,6700
0,17961,13300,6700
0,17966,13297,6703
0,17971,13290,6710
0,17976,13290,6710
0,17981,13290,6710
0,17986,13290,6710
0,17991,13290,6710
0,17996,13280,6720
0,18001,13280,6720
0,18006,13280,6720
0,18011,13280,6720
0,18016,13280,6720
0,18021,13274,6726
0,18026,13270,6730
0,18031,13270,6730
0,18036,13270,6730
0,18041,13270,6730
0,18046,13270,6730
0,18051,13260,6740
0,18056,13260,6740
0,18061,13260,6740
0,18066,13260,6740
0,18071,13260,6740
0,18076,13255,6745
0,18081,13250,6750
0,18086,13250,6750
0,18091,13250,6750
0,18096,13250,6750
0,18101,13248,6752
0,18106,13240,6760
0,18111,13240,6760
0,18116,13240,6760
0,18121,13240,6760
0,18126,13240,6760
0,18131,13230,6770
0,18136,13230,6770
0,18141,13230,6770
0,18146,13230,6770
0,18151,13230,6770
0,18156,13222,6778
0,18161,13220,6780
0,18166,13220,6780
0,18171,13220,6780
0,18176,13220,6780
0,18181,13218,6782
0,18186,13210,6790
0,18191,13210,6790
0,18196,13210,6790
0,18201,13210,6790
0,18206,13209,6791
0,18211,13200,6800
0,18216,13200,6800
0,18221,13200,6800
0,18226,13200,6800
0,18231,13200,6800
0,18236,13190,6810
0,18241,13190,6810
0,18246,13190,6810
0,18251,13190,6810
0,18256,13190,6810
0,18261,13189,6811
0,18266,13180,6820
0,18271,13180,6820
0,18276,13180,6820
0,18281,13180,6820
0,18286,13180,6820
0,18291,13170,6830
0,18296,13170,6830
0,18301,13170,6830
0,18306,13170,6830
0,18311,13170,6830
0,18316,13161,6839
0,18321,13160,6840
0,18326,13160,6840
0,18331,13160,6840
0,18336,13160,6840
0,18341,13155,6845
0,18346,13150,6850
0,18351,13150,6850
0,18356,13150,6850
0,18361,13150,6850
0,18366,13150,6850
0,18371,13140,6860
0,18376,13140,6860
0,18381,13140,6860
0,18386,13140,6860
0,18391,13140,6860
0,18396,13134,6866
0,18401,13130,6870
0,18406,13130,6870
0,18411,13130,6870
0,18416,13130,6870
0,18421,13128,6872
0,18426,13120,6880
0,18431,13120,6880
0,18436,13120,6880
0,18441,13120,6880
0,18446,13120,6880
0,18451,13110,6890
0,18456,13110,6890
0,18461,13110,6890
0,18466,13110,6890
0,18471,13110,6890
0,18476,13102,6898
0,18481,13100,6900
0,18486,13100,6900
0,18491,13100,6900
0,18496,13100,6900
0,18501,13095,6905
0,18506,13090,6910
0,18511,13090,6910
0,18516,13090,6910
0,18521,13090,6910
0,18526,13090,6910
0,18531,13081,6919
0,18536,13080,6920
0,18541,13080,6920
0,18546,13080,6920
0,18551,13080,6920
0,18556,13075,6925
0,18561,13070,6930
0,18566,13070,6930
0,18571,13070,6930
0,18576,13070,6930
0,18581,13070,6930
0,18586,13060,6940
0,18591,13060,6940
0,18596,13060,6940
0,18601,13060,6940
0,18606,13060,6940
0,18611,13051,6949
0,18616,13050,6950
0,18621,13050,6950
0,18626,13050,6950
0,18631,13050,6950
0,18636,13050,6950
0,18641,13040,6960
0,18646,13040,6960
0,18651,13040,6960
0,18656,13040,6960
0,18661,13040,6960
0,18666,13030,6970
0,18671,13030,6970
0,18676,13030,6970
0,18681,13030,6970
0,18686,13030,6970
0,18691,13020,6980
0,18696,13020,6980
0,18701,13020,6980
0,18706,13020,6980
0,18711,13020,6980
0,18716,13014,6986
0,18721,13010,6990
0,18726,13010,6990
0,18731,13010,6990
0,18736,13010,6990
0,18741,13009,6991
0,18746,13000,7000
0,18751,13000,7000
0,18756,13000,7000
0,18761,13000,7000
0,18766,13000,7000
0,18771,12991,7009
0,18776,12990,7010
0,18781,12990,7010
0,18786,12990,7010
0,18791,12990,7010
0,18796,12988,7012
0,18801,12980,7020
0,18806,12980,7020
0,18811,12980,7020
0,18816,12980,7020
0,18821,12980,7020
0,18826,12970,7030
0,18831,12970,7030
0,18836,12970,7030
0,18841,12970,7030
0,18846,12970,7030
0,18851,12965,7035
0,18856,12960,7040
0,18861,12960,7040
0,18866,12960,7040
0,18871,12960,7040
0,18876,12960,7040
0,18881,12950,7050
0,18886,12950,7050
0,18891,12950,7050
0,18896,12950,7050
0,18901,12950,7050
0,18906,12941,7059
0,18911,12940,7060
0,18916,12940,7060
0,18921,12940,7060
0,18926,12940,7060
0,18931,12935,7065
0,18936,12930,7070
0,18941,12930,7070
0,18946,12930,7070
0,18951,12930,7070
0,18956,12930,7070
0,18961,12920,7080
0,18966,12920,7080
0,18971,12920,7080
0,18976,12920,7080
0,18981,12920,7080
0,18986,12913,7087
0,18991,12910,7090
0,18996,12910,7090
0,19001,12910,7090
0,19006,12910,7090
0,19011,12909,7091
0,19016,12900,7100
0,19021,12900,7100
0,19026,12900,7100
0,19031,12900,7100
0,19036,12900,7100
0,19041,12890,7110
0,19046,12890,7110
0,19051,12890,7110
0,19056,12890,7110
0,19061,12890,7110
0,19066,12882,7118
0,19071,12880,7120
0,19076,12880,7120
0,19081,12880,7120
0,19086,12880,7120
0,19091,12879,7121
0,19096,12870,7130
0,19101,12870,7130
0,19106,12870,7130
0,19111,12870,7130
0,19116,12870,7130
0,19121,12860,7140
0,19126,12860,7140
0,19131,12860,7140
0,19136,12860,7140
0,19141,12860,7140
0,19146,12857,7143
0,19151,12850,7150
0,19156,12850,7150
0,19161,12850,7150
0,19166,12850,7150
0,19171,12850,7150
0,19176,12840,7160
0,19181,12840,7160
0,19186,12840,7160
0,19191,12840,7160
0,19196,12840,7160
0,19201,12830,7170
0,19206,12830,7170
0,19211,12830,7170
0,19216,12830,7170
0,19221,12830,7170
0,19226,12822,7178
0,19231,12820,7180
0,19236,12820,7180
0,19241,12820,7180
0,19246,12820,7180
0,19251,12819,7181
0,19256,12810,7190
0,19261,12810,7190
0,19266,12810,7190
0,19271,12810,7190
0,19276,12810,7190
0,19281,12802,7198
0,19286,12800,7200
0,19291,12800,7200
0,19296,12800,7200
0,19301,12800,7200
0,19306,12797,7203
0,19311,12790,7210
0,19316,12790,7210
0,19321,12790,7210
0,19326,12790,7210
0,19331,12790,7210
0,19336,12781,7219
0,19341,12780,7220
0,19346,12780,7220
0,19351,12780,7220
0,19356,12780,7220
0,19361,12775,7225
0,19366,12770,7230
0,19371,12770,7230
0,19376,12770,7230
0,19381,12770,7230
0,19386,12770,7230
0,19391,12760,7240
0,19396,12760,7240
0,19401,12760,7240
0,19406,12760,7240
0,19411,12760,7240
0,19416,12754,7246
0,19421,12750,7250
0,19426,12750,7250
0,19431,12750,7250
0,19436,12750,7250
0,19441,12748,7252
0,19446,12740,7260
0,19451,12740,7260
0,19456,12740,7260
0,19461,12740,7260
0,19466,12740,7260
0,19471,12731,7269
0,19476,12730,7270
0,19481,12730,7270
0,19486,12730,7270
0,19491,12730,7270
0,19496,12728,7272
0,19501,12720,7280
0,19506,12720,7280
0,19511,12720,7280
0,19516,12720,7280
0,19521,12720,7280
0,19526,12710,7290
0,19531,12710,7290
0,19536,12710,7290
0,19541,12710,7290
0,19546,12710,7290
0,19551,12701,7299
0,19556,12700,7300
0,19561,12700,7300
0,19566,12700,7300
0,19571,12700,7300
0,19576,12696,7304
0,19581,12690,7310
0,19586,12690,7310
0,19591,12690,7310
0,19596,12690,7310
0,19601,12690,7310
0,19606,12680,7320
0,19611,12680,7320
0,19616,12680,7320
0,19621,12680,7320
0,19626,12680,7320
0,19631,12672,7328
0,19636,12670,7330
0,19641,12670,7330
0,19646,12670,7330
0,19651,12670,7330
0,19656,12666,7334
0,19661,12660,7340
0,19666,12660,7340
0,19671,12660,7340
0,19676,12660,7340
0,19681,12660,7340
0,19686,12650,7350
0,19691,12650,7350
0,19696,12650,7350
0,19701,12650,7350
0,19706,12650,7350
0,19711,12645,7355
0,19716,12640,7360
0,19721,12640,7360
0,19726,12640,7360
0,19731,12640,7360
0,19736,12639,7361
0,19741,12630,7370
0,19746,12630,7370
0,19751,12630,7370
0,19756,12630,7370
0,19761,12630,7370
0,19766,12620,7380
0,19771,12620,7380
0,19776,12620,7380
0,19781,12620,7380
0,19786,12620,7380
0,19791,12613,7387
0,19796,12610,7390
0,19801,12610,7390
0,19806,12610,7390
0,19811,12610,7390
0,19816,12609,7391
0,19821,12600,7400
0,19826,12600,7400
0,19831,12600,7400
0,19836,12600,7400
0,19841,12600,7400
0,19846,12590,7410
0,19851,12590,7410
0,19856,12590,7410
0,19861,12590,7410
0,19866,12590,7410
0,19871,12583,7417
0,19876,12580,7420
0,19881,12580,7420
0,19886,12580,7420
0,19891,12580,7420
0,19896,12579,7421
0,19901,12570,7430
0,19906,12570,7430
0,19911,12570,7430
0,19916,12570,7430
0,19921,12570,7430
0,19926,12560,7440
0,19931,12560,7440
0,19936,12560,7440
0,19941,12560,7440
0,19946,12560,7440
0,19951,12554,7446
0,19956,12550,7450
0,19961,12550,7450
0,19966,12550,7450
0,19971,12550,7450
0,19976,12550,7450
0,19981,12540,7460
0,19986,12540,7460
0,19991,12540,7460
0,19996,12540,7460
0,20001,12540,7460
0,20006,12531,7469
0,20011,12530,7470
0,20016,12530,7470
0,20021,12530,7470
0,20026,12530,7470
0,20031,12527,7473
0,20036,12520,7480
0,20041,12520,7480
0,20046,12520,7480
0,20051,12520,7480
0,20056,12520,7480
0,20061,12510,7490
0,20066,12510,7490
0,20071,12510,7490
0,20076,12510,7490
0,20081,12510,7490
0,20086,12503,7497
0,20091,12500,7500
0,20096,12500,7500
0,20101,12500,7500
0,20106,12500,7500
0,20111,12498,7502
0,20116,12490,7510
0,20121,12490,7510
0,20126,12490,7510
0,20131,12490,7510
0,20136,12490,7510
0,20141,12480,7520
0,20146,12480,7520
0,20151,12480,7520
0,20156,12480,7520
0,20161,12480,7520
0,20166,12474,7526
0,20171,12470,7530
0,20176,12470,7530
0,20181,12470,7530
0,20186,12470,7530
0,20191,12470,7530
0,20196,12460,7540
0,20201,12460,7540
0,20206,12460,7540
0,20211,12460,7540
0,20216,12460,7540
0,20221,12450,7550
0,20226,12450,7550
0,20231,12450,7550
0,20236,12450,7550
0,20241,12450,7550
0,20246,12444,7556
0,20251,12440,7560
0,20256,12440,7560
0,20261,12440,7560
0,20266,12440,7560
0,20271,12440,7560
0,20276,12430,7570
0,20281,12430,7570
0,20286,12430,7570
0,20291,12430,7570
0,20296,12430,7570
0,20301,12424,7576
0,20306,12420,7580
0,20311,12420,7580
0,20316,12420,7580
0,20321,12420,7580
0,20326,12417,7583
0,20331,12410,7590
0,20336,12410,7590
0,20341,12410,7590
0,20346,12410,7590
0,20351,12410,7590
0,20356,12401,7599
0,20361,12400,7600
0,20366,12400,7600
0,20371,12400,7600
0,20376,12400,7600
0,20381,12399,7601
0,20386,12390,7610
0,20391,12390,7610
0,20396,12390,7610
0,20401,12390,7610
0,20406,12390,7610
0,20411,12380,7620
0,20416,12380,7620
0,20421,12380,7620
0,20426,12380,7620
0,20431,12380,7620
0,20436,12371,7629
0,20441,12370,7630
0,20446,12370,7630
0,20451,12370,7630
0,20456,12370,7630
0,20461,12370,7630
0,20466,12360,7640
0,20471,12360,7640
0,20476,12360,7640
0,20481,12360,7640
0,20486,12360,7640
0,20491,12351,7649
0,20496,12350,7650
0,20501,12350,7650
0,20506,12350,7650
0,20511,12350,7650
0,20516,12345,7655
0,20521,12340,7660
0,20526,12340,7660
0,20531,12340,7660
0,20536,12340,7660
0,20541,12340,7660
0,20546,12330,7670
0,20551,12330,7670
0,20556,12330,7670
0,20561,12330,7670
0,20566,12330,7670
0,20571,12322,7678
0,20576,12320,7680
0,20581,12320,7680
0,20586,12320,7680
0,20591,12320,7680
0,20596,12315,7685
0,20601,12310,7690
0,20606,12310,7690
0,20611,12310,7690
0,20616,12310,7690
0,20621,12310,7690
0,20626,12300,7700
0,20631,12300,7700
0,20636,12300,7700
0,20641,12300,7700
0,20646,12300,7700
0,20651,12293,7707
0,20656,12290,7710
0,20661,12290,7710
0,20666,12290,7710
0,20671,12290,7710
0,20676,12289,7711
0,20681,12280,7720
0,20686,12280,7720
0,20691,12280,7720
0,20696,12280,7720
0,20701,12280,7720
0,20706,12270,7730
0,20711,12270,7730
0,20716,12270,7730
0,20721,12270,7730
0,20726,12270,7730
0,20731,12265,7735
0,20736,12260,7740
0,20741,12260,7740
0,20746,12260,7740
0,20751,12260,7740
0,20756,12260,7740
0,20761,12250,7750
0,20766,12250,7750
0,20771,12250,7750
0,20776,12250,7750
0,20781,12250,7750
0,20786,12243,7757
0,20791,12240,7760
0,20796,12240,7760
0,20801,12240,7760
0,20806,12240,7760
0,20811,12238,7762
0,20816,12230,7770
0,20821,12230,7770
0,20826,12230,7770
0,20831,12230,7770
0,20836,12230,7770
0,20841,12222,7778
0,20846,12220,7780
0,20851,12220,7780
0,20856,12220,7780
0,20861,12220,7780
0,20866,12216,7784
0,20871,12210,7790
0,20876,12210,7790
0,20881,12210,7790
0,20886,12210,7790
0,20891,12210,7790
0,20896,12200,7800
0,20901,12200,7800
0,20906,12200,7800
0,20911,12200,7800
0,20916,12200,7800
0,20921,12193,7807
0,20926,12190,7810
0,20931,12190,7810
0,20936,12190,7810
0,20941,12190,7810
0,20946,12189,7811
0,20951,12180,7820
0,20956,12180,7820
0,20961,12180,7820
0,20966,12180,7820
0,20971,12180,7820
0,20976,12170,7830
0,20981,12170,7830
0,20986,12170,7830
0,20991,12170,7830
0,20996,12170,7830
0,21001,12163,7837
0,21006,12160,7840
0,21011,12160,7840
0,21016,12160,7840
0,21021,12160,7840
0,21026,12157,7843
0,21031,12150,7850
0,21036,12150,7850
0,21041,12150,7850
0,21046,12150,7850
0,21051,12150,7850
0,21056,12140,7860
0,21061,12140,7860
0,21066,12140,7860
0,21071,12140,7860
0,21076,12140,7860
0,21081,12137,7863
0,21086,12130,7870
0,21091,12130,7870
0,21096,12130,7870
0,21101,12130,7870
0,21106,12130,7870
0,21111,12120,7880
0,21116,12120,7880
0,21121,12120,7880
0,21126,12120,7880
0,21131,12120,7880
0,21136,12113,7887
0,21141,12110,7890
0,21146,12110,7890
0,21151,12110,7890
0,21156,12110,7890
0,21161,12109,7891
0,21166,12100,7900
0,21171,12100,7900
0,21176,12100,7900
0,21181,12100,7900
0,21186,12100,7900
0,21191,12091,7909
0,21196,12090,7910
0,21201,12090,7910
0,21206,12090,7910
0,21211,12090,7910
0,21216,12087,7913
0,21221,12080,7920
0,21226,12080,7920
0,21231,12080,7920
0,21236,12080,7920
0,21241,12080,7920
0,21246,12070,7930
0,21251,12070,7930
0,21256,12070,7930
0,21261,12070,7930
0,21266,12070,7930
0,21271,12063,7937
0,21276,12060,7940
0,21281,12060,7940
0,21286,12060,7940
0,21291,12060,7940
0,21296,12059,7941
0,21301,12050,7950
0,21306,12050,7950
0,21311,12050,7950
0,21316,12050,7950
0,21321,12050,7950
0,21326,12040,7960
0,21331,12040,7960
0,21336,12040,7960
0,21341,12040,7960
0,21346,12040,7960
0,21351,12030,7970
0,21356,12030,7970
0,21361,12030,7970
0,21366,12030,7970
0,21371,12030,7970
0,21376,12023,7977
0,21381,12020,7980
0,21386,12020,7980
0,21391,12020,7980
0,21396,12020,7980
0,21401,12018,7982
0,21406,12010,7990
0,21411,12010,7990
0,21416,12010,7990
0,21421,12010,7990
0,21426,12010,7990
0,21431,12000,8000
0,21436,12000,8000
0,21441,12000,8000
0,21446,12000,8000
0,21451,12000,8000
0,21456,11993,8007
0,21461,11990,8010
0,21466,11990,8010
0,21471,11990,8010
0,21476,11990,8010
0,21481,11989,8011
0,21486,11980,8020
0,21491,11980,8020
0,21496,11980,8020
0,21501,11980,8020
0,21506,11980,8020
0,21511,11970,8030
0,21516,11970,8030
0,21521,11970,8030
0,21526,11970,8030
0,21531,11970,8030
0,21536,11966,8034
0,21541,11960,8040
0,21546,11960,8040
0,21551,11960,8040
0,21556,11960,8040
0,21561,11959,8041
0,21566,11950,8050
0,21571,11950,8050
0,21576,11950,8050
0,21581,11950,8050
0,21586,11950,8050
0,21591,11940,8060
0,21596,11940,8060
0,21601,11940,8060
0,21606,11940,8060
0,21611,11940,8060
0,21616,11937,8063
0,21621,11930,8070
0,21626,11930,8070
0,21631,11930,8070
0,21636,11930,8070
0,21641,11929,8071
0,21646,11920,8080
0,21651,11920,8080
0,21656,11920,8080
0,21661,11920,8080
0,21666,11920,8080
0,21671,11910,8090
0,21676,11910,8090
0,21681,11910,8090
0,21686,11910,8090
0,21691,11910,8090
0,21696,11903,8097
0,21701,11900,8100
0,21706,11900,8100
0,21711,11900,8100
0,21716,11900,8100
0,21721,11897,8103
0,21726,11890,8110
0,21731,11890,8110
0,21736,11890,8110
0,21741,11890,8110
0,21746,11890,8110
0,21751,11880,8120
0,21756,11880,8120
0,21761,11880,8120
0,21766,11880,8120
0,21771,11880,8120
0,21776,11873,8127
0,21781,11870,8130
0,21786,11870,8130
0,21791,11870,8130
0,21796,11870,8130
0,21801,11869,8131
0,21806,11860,8140
0,21811,11860,8140
0,21816,11860,8140
0,21821,11860,8140
0,21826,11860,8140
0,21831,11850,8150
0,21836,11850,8150
0,21841,11850,8150
0,21846,11850,8150
0,21851,11850,8150
0,21856,11843,8157
0,21861,11840,8160
0,21866,11840,8160
0,21871,11840,8160
0,21876,11840,8160
0,21881,11840,8160
0,21886,11830,8170
0,21891,11830,8170
0,21896,11830,8170
0,21901,11830,8170
0,21906,11830,8170
0,21911,11820,8180
0,21916,11820,8180
0,21921,11820,8180
0,21926,11820,8180
0,21931,11820,8180
0,21936,11810,8190
0,21941,11810,8190
0,21946,11810,8190
0,21951,11810,8190
0,21956,11810,8190
0,21961,11804,8196
0,21966,11800,8200
0,21971,11800,8200
0,21976,11800,8200
0,21981,11800,8200
0,21986,11800,8200
0,21991,11790,8210
0,21996,11790,8210
0,22001,11790,8210
0,22006,11790,8210
0,22011,11790,8210
0,22016,11780,8220
0,22021,11780,8220
0,22026,11780,8220
0,22031,11780,8220
0,22036,11780,8220
0,22041,11773,8227
0,22046,11770,8230
0,22051,11770,8230
0,22056,11770,8230
0,22061,11770,8230
0,22066,11769,8231
0,22071,11760,8240
0,22076,11760,8240
0,22081,11760,8240
0,22086,11760,8240
0,22091,11760,8240
0,22096,11752,8248
0,22101,11750,8250
0,22106,11750,8250
0,22111,11750,8250
0,22116,11750,8250
0,22121,11749,8251
0,22126,11740,8260
0,22131,11740,8260
0,22136,11740,8260
0,22141,11740,8260
0,22146,11740,8260
0,22151,11730,8270
0,22156,11730,8270
0,22161,11730,8270
0,22166,11730,8270
0,22171,11730,8270
0,22176,11720,8280
0,22181,11720,8280
0,22186,11720,8280
0,22191,11720,8280
0,22196,11720,8280
0,22201,11716,8284
0,22206,11710,8290
0,22211,11710,8290
0,22216,11710,8290
0,22221,11710,8290
0,22226,11709,8291
0,22231,11700,8300
0,22236,11700,8300
0,22241,11700,8300
0,22246,11700,8300
0,22251,11700,8300
0,22256,11691,8309
0,22261,11690,8310
0,22266,11690,8310
0,22271,11690,8310
0,22276,11690,8310
0,22281,11688,8312
0,22286,11680,8320
0,22291,11680,8320
0,22296,11680,8320
0,22301,11680,8320
0,22306,11680,8320
0,22311,11670,8330
0,22316,11670,8330
0,22321,11670,8330
0,22326,11670,8330
0,22331,11670,8330
0,22336,11666,8334
0,22341,11660,8340
0,22346,11660,8340
0,22351,11660,8340
0,22356,11660,8340
0,22361,11660,8340
0,22366,11650,8350
0,22371,11650,8350
0,22376,11650,8350
0,22381,11650,8350
0,22386,11650,8350
0,22391,11641,8359
0,22396,11640,8360
0,22401,11640,8360
0,22406,11640,8360
0,22411,11640,8360
0,22416,11635,8365
0,22421,11630,8370
0,22426,11630,8370
0,22431,11630,8370
0,22436,11630,8370
0,22441,11630,8370
0,22446,11620,8380
0,22451,11620,8380
0,22456,11620,8380
0,22461,11620,8380
0,22466,11620,8380
0,22471,11615,8385
0,22476,11610,8390
0,22481,11610,8390
0,22486,11610,8390
0,22491,11610,8390
0,22496,11610,8390
0,22501,11600,8400
0,22506,11600,8400
0,22511,11600,8400
0,22516,11600,8400
0,22521,11600,8400
0,22526,11596,8404
0,22531,11590,8410
0,22536,11590,8410
0,22541,11590,8410
0,22546,11590,8410
0,22551,11590,8410
0,22556,11580,8420
0,22561,11580,8420
0,22566,11580,8420
0,22571,11580,8420
0,22576,11580,8420
0,22581,11572,8428
0,22586,11570,8430
0,22591,11570,8430
0,22596,11570,8430
0,22601,11570,8430
0,22606,11566,8434
0,22611,11560,8440
0,22616,11560,8440
0,22621,11560,8440
0,22626,11560,8440
0,22631,11559,8441
0,22636,11550,8450
0,22641,11550,8450
0,22646,11550,8450
0,22651,11550,8450
0,22656,11550,8450
0,22661,11541,8459
0,22666,11540,8460
0,22671,11540,8460
0,22676,11540,8460
0,22681,11540,8460
0,22686,11539,8461
0,22691,11530,8470
0,22696,11530,8470
0,22701,11530,8470
0,22706,11530,8470
0,22711,11530,8470
0,22716,11520,8480
0,22721,11520,8480
0,22726,11520,8480
0,22731,11520,8480
0,22736,11520,8480
0,22741,11510,8490
0,22746,11510,8490
0,22751,11510,8490
0,22756,11510,8490
0,22761,11510,8490
0,22766,11504,8496
0,22771,11500,8500
0,22776,11500,8500
0,22781,11500,8500
0,22786,11500,8500
0,22791,11499,8501
0,22796,11490,8510
0,22801,11490,8510
0,22806,11490,8510
0,22811,11490,8510
0,22816,11490,8510
0,22821,11480,8520
0,22826,11480,8520
0,22831,11480,8520
0,22836,11480,8520
0,22841,11480,8520
0,22846,11470,8530
0,22851,11470,8530
0,22856,11470,8530
0,22861,11470,8530
0,22866,11470,8530
0,22871,11464,8536
0,22876,11460,8540
0,22881,11460,8540
0,22886,11460,8540
0,22891,11460,8540
0,22896,11460,8540
0,22901,11450,8550
0,22906,11450,8550
0,22911,11450,8550
0,22916,11450,8550
0,22921,11450,8550
0,22926,11442,8558
0,22931,11440,8560
0,22936,11440,8560
0,22941,11440,8560
0,22946,11440,8560
0,22951,11440,8560
0,22956,11430,8570
0,22961,11430,8570
0,22966,11430,8570
0,22971,11430,8570
0,22976,11430,8570
0,22981,11420,8580
0,22986,11420,8580
0,22991,11420,8580
0,22996,11420,8580
0,23001,11420,8580
0,23006,11416,8584
0,23011,11410,8590
0,23016,11410,8590
0,23021,11410,8590
0,23026,11410,8590
0,23031,11410,8590
0,23036,11400,8600
0,23041,11400,8600
0,23046,11400,8600
0,23051,11400,8600
0,23056,11400,8600
0,23061,11391,8609
0,23066,11390,8610
0,23071,11390,8610
0,23076,11390,8610
0,23081,11390,8610
0,23086,11387,8613
0,23091,11380,8620
0,23096,11380,8620
0,23101,11380,8620
0,23106,11380,8620
0,23111,11379,8621
0,23116,11370,8630
0,23121,11370,8630
0,23126,11370,8630
0,23131,11370,8630
0,23136,11370,8630
0,23141,11361,8639
0,23146,11360,8640
0,23151,11360,8640
0,23156,11360,8640
0,23161,11360,8640
0,23166,11358,8642
0,23171,11350,8650
0,23176,11350,8650
0,23181,11350,8650
0,23186,11350,8650
0,23191,11350,8650
0,23196,11340,8660
0,23201,11340,8660
0,23206,11340,8660
0,23211,11340,8660
0,23216,11340,8660
0,23221,11333,8667
0,23226,11330,8670
0,23231,11330,8670
0,23236,11330,8670
0,23241,11330,8670
0,23246,11329,8671
0,23251,11320,8680
0,23256,11320,8680
0,23261,11320,8680
0,23266,11320,8680
0,23271,11320,8680
0,23276,11312,8688
0,23281,11310,8690
0,23286,11310,8690
0,23291,11310,8690
0,23296,11310,8690
0,23301,11308,8692
0,23306,11300,8700
0,23311,11300,8700
0,23316,11300,8700
0,23321,11300,8700
0,23326,11300,8700
0,23331,11290,8710
0,23336,11290,8710
0,23341,11290,8710
0,23346,11290,8710
0,23351,11290,8710
0,23356,11285,8715
0,23361,11280,8720
0,23366,11280,8720
0,23371,11280,8720
0,23376,11280,8720
0,23381,11279,8721
0,23386,11270,8730
0,23391,11270,8730
0,23396,11270,8730
0,23401,11270,8730
0,23406,11270,8730
0,23411,11260,8740
0,23416,11260,8740
0,23421,11260,8740
0,23426,11260,8740
0,23431,11260,8740
0,23436,11251,8749
0,23441,11250,8750
0,23446,11250,8750
0,23451,11250,8750
0,23456,11250,8750
0,23461,11247,8753
0,23466,11240,8760
0,23471,11240,8760
0,23476,11240,8760
0,23481,11240,8760
0,23486,11240,8760
0,23491,11230,8770
0,23496,11230,8770
0,23501,11230,8770
0,23506,11230,8770
0,23511,11230,8770
0,23516,11222,8778
0,23521,11220,8780
0,23526,11220,8780
0,23531,11220,8780
0,23536,11220,8780
0,23541,11219,8781
0,23546,11210,8790
0,23551,11210,8790
0,23556,11210,8790
0,23561,11210,8790
0,23566,11210,8790
0,23571,11200,8800
0,23576,11200,8800
0,23581,11200,8800
0,23586,11200,8800
0,23591,11200,8800
0,23596,11193,8807
0,23601,11190,8810
0,23606,11190,8810
0,23611,11190,8810
0,23616,11190,8810
0,23621,11188,8812
0,23626,11180,8820
0,23631,11180,8820
0,23636,11180,8820
0,23641,11180,8820
0,23646,11180,8820
0,23651,11170,8830
0,23656,11170,8830
0,23661,11170,8830
0,23666,11170,8830
0,23671,11170,8830
0,23676,11160,8840
0,23681,11160,8840
0,23686,11160,8840
0,23691,11160,8840
0,23696,11160,8840
0,23701,11154,8846
0,23706,11150,8850
0,23711,11150,8850
0,23716,11150,8850
0,23721,11150,8850
0,23726,11148,8852
0,23731,11140,8860
0,23736,11140,8860
0,23741,11140,8860
0,23746,11140,8860
0,23751,11140,8860
0,23756,11130,8870
0,23761,11130,8870
0,23766,11130,8870
0,23771,11130,8870
0,23776,11130,8870
0,23781,11121,8879
0,23786,11120,8880
0,23791,11120,8880
0,23796,11120,8880
0,23801,11120,8880
0,23806,11119,8881
0,23811,11110,8890
0,23816,11110,8890
0,23821,11110,8890
0,23826,11110,8890
0,23831,11110,8890
0,23836,11100,8900
0,23841,11100,8900
0,23846,11100,8900
0,23851,11100,8900
0,23856,11100,8900
0,23861,11090,8910
0,23866,11090,8910
0,23871,11090,8910
0,23876,11090,8910
0,23881,11090,8910
0,23886,11082,8918
0,23891,11080,8920
0,23896,11080,8920
0,23901,11080,8920
0,23906,11080,8920
0,23911,11080,8920
0,23916,11070,8930
0,23921,11070,8930
0,23926,11070,8930
0,23931,11070,8930
0,23936,11070,8930
0,23941,11060,8940
0,23946,11060,8940
0,23951,11060,8940
0,23956,11060,8940
0,23961,11060,8940
0,23966,11056,8944
0,23971,11050,8950
0,23976,11050,8950
0,23981,11050,8950
0,23986,11050,8950
0,23991,11050,8950
0,23996,11040,8960
0,24001,11040,8960
0,24006,11040,8960
0,24011,11040,8960
0,24016,11040,8960
0,24021,11030,8970
0,24026,11030,8970
0,24031,11030,8970
0,24036,11030,8970
0,24041,11030,8970
0,24046,11028,8972
0,24051,11020,8980
0,24056,11020,8980
0,24061,11020,8980
0,24066,11020,8980
0,24071,11020,8980
0,24076,11010,8990
0,24081,11010,8990
0,24086,11010,8990
0,24091,11010,8990
0,24096,11010,8990
0,24101,11001,8999
0,24106,11000,9000
0,24111,11000,9000
0,24116,11000,9000
0,24121,11000,9000
0,24126,10997,9003
0,24131,10990,9010
0,24136,10990,9010
0,24141,10990,9010
0,24146,10990,9010
0,24151,10990,9010
0,24156,10980,9020
0,24161,10980,9020
0,24166,10980,9020
0,24171,10980,9020
0,24176,10980,9020
0,24181,10975,9025
0,24186,10970,9030
0,24191,10970,9030
0,24196,10970,9030
0,24201,10970,9030
0,24206,10970,9030
0,24211,10960,9040
0,24216,10960,9040
0,24221,10960,9040
0,24226,10960,9040
0,24231,10960,9040
0,24236,10951,9049
0,24241,10950,9050
0,24246,10950,9050
0,24251,10950,9050
0,24256,10950,9050
0,24261,10946,9054
0,24266,10940,9060
0,24271,10940,9060
0,24276,10940,9060
0,24281,10940,9060
0,24286,10940,9060
0,24291,10930,9070
0,24296,10930,9070
0,24301,10930,9070
0,24306,10930,9070
0,24311,10930,9070
0,24316,10923,9077
0,24321,10920,9080
0,24326,10920,9080
0,24331,10920,9080
0,24336,10920,9080
0,24341,10919,9081
0,24346,10910,9090
0,24351,10910,9090
0,24356,10910,9090
0,24361,10910,9090
0,24366,10910,9090
0,24371,10900,9100
0,24376,10900,9100
0,24381,10900,9100
0,24386,10900,9100
0,24391,10900,9100
0,24396,10893,9107
0,24401,10890,9110
0,24406,10890,9110
0,24411,10890,9110
0,24416,10890,9110
0,24421,10890,9110
0,24426,10880,9120
0,24431,10880,9120
0,24436,10880,9120
0,24441,10880,9120
0,24446,10880,9120
0,24451,10871,9129
0,24456,10870,9130
0,24461,10870,9130
0,24466,10870,9130
0,24471,10870,9130
0,24476,10868,9132
0,24481,10860,9140
0,24486,10860,9140
0,24491,10860,9140
0,24496,10860,9140
0,24501,10858,9142
0,24506,10850,9150
0,24511,10850,9150
0,24516,10850,9150
0,24521,10850,9150
0,24526,10850,9150
0,24531,10840,9160
0,24536,10840,9160
0,24541,10840,9160
0,24546,10840,9160
0,24551,10840,9160
0,24556,10834,9166
0,24561,10830,9170
0,24566,10830,9170
0,24571,10830,9170
0,24576,10830,9170
0,24581,10830,9170
0,24586,10820,9180
0,24591,10820,9180
0,24596,10820,9180
0,24601,10820,9180
0,24606,10820,9180
0,24611,10815,9185
0,24616,10810,9190
0,24621,10810,9190
0,24626,10810,9190
0,24631,10810,9190
0,24636,10810,9190
0,24641,10800,9200
0,24646,10800,9200
0,24651,10800,9200
0,24656,10800,9200
0,24661,10800,9200
0,24666,10791,9209
0,24671,10790,9210
0,24676,10790,9210
0,24681,10790,9210
0,24686,10790,9210
0,24691,10787,9213
0,24696,10780,9220
0,24701,10780,9220
0,24706,10780,9220
0,24711,10780,9220
0,24716,10780,9220
0,24721,10770,9230
0,24726,10770,9230
0,24731,10770,9230
0,24736,10770,9230
0,24741,10770,9230
0,24746,10762,9238
0,24751,10760,9240
0,24756,10760,9240
0,24761,10760,9240
0,24766,10760,9240
0,24771,10757,9243
0,24776,10750,9250
0,24781,10750,9250
0,24786,10750,9250
0,24791,10750,9250
0,24796,10750,9250
0,24801,10740,9260
0,24806,10740,9260
0,24811,10740,9260
0,24816,10740,9260
0,24821,10740,9260
0,24826,10737,9263
0,24831,10730,9270
0,24836,10730,9270
0,24841,10730,9270
0,24846,10730,9270
0,24851,10728,9272
0,24856,10720,9280
0,24861,10720,9280
0,24866,10720,9280
0,24871,10720,9280
0,24876,10720,9280
0,24881,10710,9290
0,24886,10710,9290
0,24891,10710,9290
0,24896,10710,9290
0,24901,10710,9290
0,24906,10703,9297
0,24911,10700,9300
0,24916,10700,9300
0,24921,10700,9300
0,24926,10700,9300
0,24931,10698,9302
0,24936,10690,9310
0,24941,10690,9310
0,24946,10690,9310
0,24951,10690,9310
0,24956,10690,9310
0,24961,10680,9320
0,24966,10680,9320
0,24971,10680,9320
0,24976,10680,9320
0,24981,10680,9320
0,24986,10672,9328
0,24991,10670,9330
0,24996,10670,9330
0,25001,10670,9330
0,25006,10670,9330
0,25011,10669,9331
0,25016,10660,9340
0,25021,10660,9340
0,25026,10660,9340
0,25031,10660,9340
0,25036,10660,9340
0,25041,10650,9350
0,25046,10650,9350
0,25051,10650,9350
0,25056,10650,9350
0,25061,10650,9350
0,25066,10642,9358
0,25071,10640,9360
0,25076,10640,9360
0,25081,10640,9360
0,25086,10640,9360
0,25091,10640,9360
0,25096,10630,9370
0,25101,10630,9370
0,25106,10630,9370
0,25111,10630,9370
0,25116,10630,9370
0,25121,10620,9380
0,25126,10620,9380
0,25131,10620,9380
0,25136,10620,9380
0,25141,10620,9380
0,25146,10613,9387
0,25151,10610,9390
0,25156,10610,9390
0,25161,10610,9390
0,25166,10610,9390
0,25171,10608,9392
0,25176,10600,9400
0,25181,10600,9400
0,25186,10600,9400
0,25191,10600,9400
0,25196,10600,9400
0,25201,10590,9410
0,25206,10590,9410
0,25211,10590,9410
0,25216,10590,9410
0,25221,10590,9410
0,25226,10581,9419
0,25231,10580,9420
0,25236,10580,9420
0,25241,10580,9420
0,25246,10580,9420
0,25251,10576,9424
0,25256,10570,9430
0,25261,10570,9430
0,25266,10570,9430
0,25271,10570,9430
0,25276,10570,9430
0,25281,10560,9440
0,25286,10560,9440
0,25291,10560,9440
0,25296,10560,9440
0,25301,10560,9440
0,25306,10550,9450
0,25311,10550,9450
0,25316,10550,9450
0,25321,10550,9450
0,25326,10550,9450
0,25331,10544,9456
0,25336,10540,9460
0,25341,10540,9460
0,25346,10540,9460
0,25351,10540,9460
0,25356,10540,9460
0,25361,10530,9470
0,25366,10530,9470
0,25371,10530,9470
0,25376,10530,9470
0,25381,10530,9470
0,25386,10523,9477
0,25391,10520,9480
0,25396,10520,9480
0,25401,10520,9480
0,25406,10520,9480
0,25411,10518,9482
0,25416,10510,9490
0,25421,10510,9490
0,25426,10510,9490
0,25431,10510,9490
0,25436,10510,9490
0,25441,10500,9500
0,25446,10500,9500
0,25451,10500,9500
0,25456,10500,9500
0,25461,10500,9500
0,25466,10492,9508
0,25471,10490,9510
0,25476,10490,9510
0,25481,10490,9510
0,25486,10490,9510
0,25491,10489,9511
0,25496,10480,9520
0,25501,10480,9520
0,25506,10480,9520
0,25511,10480,9520
0,25516,10480,9520
0,25521,10474,9526
0,25526,10470,9530
0,25531,10470,9530
0,25536,10470,9530
0,25541,10470,9530
0,25546,10466,9534
0,25551,10460,9540
0,25556,10460,9540
0,25561,10460,9540
0,25566,10460,9540
0,25571,10460,9540
0,25576,10450,9550
0,25581,10450,9550
0,25586,10450,9550
0,25591,10450,9550
0,25596,10450,9550
0,25601,10445,9555
0,25606,10440,9560
0,25611,10440,9560
0,25616,10440,9560
0,25621,10440,9560
0,25626,10440,9560
0,25631,10430,9570
0,25636,10430,9570
0,25641,10430,9570
0,25646,10430,9570
0,25651,10430,9570
0,25656,10422,9578
0,25661,10420,9580
0,25666,10420,9580
0,25671,10420,9580
0,25676,10420,9580
0,25681,10417,9583
0,25686,10410,9590
0,25691,10410,9590
0,25696,10410,9590
0,25701,10410,9590
0,25706,10410,9590
0,25711,10400,9600
0,25716,10400,9600
0,25721,10400,9600
0,25726,10400,9600
0,25731,10400,9600
0,25736,10395,9605
0,25741,10390,9610
0,25746,10390,9610
0,25751,10390,9610
0,25756,10390,9610
0,25761,10388,9612
0,25766,10380,9620
0,25771,10380,9620
0,25776,10380,9620
0,25781,10380,9620
0,25786,10380,9620
0,25791,10370,9630
0,25796,10370,9630
0,25801,10370,9630
0,25806,10370,9630
0,25811,10370,9630
0,25816,10364,9636
0,25821,10360,9640
0,25826,10360,9640
0,25831,10360,9640
0,25836,10360,9640
0,25841,10356,9644
0,25846,10350,9650
0,25851,10350,9650
0,25856,10350,9650
0,25861,10350,9650
0,25866,10350,9650
0,25871,10340,9660
0,25876,10340,9660
0,25881,10340,9660
0,25886,10340,9660
0,25891,10340,9660
0,25896,10331,9669
0,25901,10330,9670
0,25906,10330,9670
0,25911,10330,9670
0,25916,10330,9670
0,25921,10328,9672
0,25926,10320,9680
0,25931,10320,9680
0,25936,10320,9680
0,25941,10320,9680
0,25946,10320,9680
0,25951,10310,9690
0,25956,10310,9690
0,25961,10310,9690
0,25966,10310,9690
0,25971,10310,9690
0,25976,10301,9699
0,25981,10300,9700
0,25986,10300,9700
0,25991,10300,9700
0,25996,10300,9700
0,26001,10295,9705
0,26006,10290,9710
0,26011,10290,9710
0,26016,10290,9710
0,26021,10290,9710
0,26026,10290,9710
0,26031,10280,9720
0,26036,10280,9720
0,26041,10280,9720
0,26046,10280,9720
0,26051,10280,9720
0,26056,10272,9728
0,26061,10270,9730
0,26066,10270,9730
0,26071,10270,9730
0,26076,10270,9730
0,26081,10264,9736
0,26086,10260,9740
0,26091,10260,9740
0,26096,10260,9740
0,26101,10260,9740
0,26106,10260,9740
0,26111,10250,9750
0,26116,10250,9750
0,26121,10250,9750
0,26126,10250,9750
0,26131,10250,9750
0,26136,10241,9759
0,26141,10240,9760
0,26146,10240,9760
0,26151,10240,9760
0,26156,10240,9760
0,26161,10238,9762
0,26166,10230,9770
0,26171,10230,9770
0,26176,10230,9770
0,26181,10230,9770
0,26186,10230,9770
0,26191,10220,9780
0,26196,10220,9780
0,26201,10220,9780
0,26206,10220,9780
0,26211,10220,9780
0,26216,10210,9790
0,26221,10210,9790
0,26226,10210,9790
0,26231,10210,9790
0,26236,10210,9790
0,26241,10206,9794
0,26246,10200,9800
0,26251,10200,9800
0,26256,10200,9800
0,26261,10200,9800
0,26266,10200,9800
0,26271,10190,9810
0,26276,10190,9810
0,26281,10190,9810
0,26286,10190,9810
0,26291,10190,9810
0,26296,10183,9817
0,26301,10180,9820
0,26306,10180,9820
0,26311,10180,9820
0,26316,10180,9820
0,26321,10177,9823
0,26326,10170,9830
0,26331,10170,9830
0,26336,10170,9830
0,26341,10170,9830
0,26346,10170,9830
0,26351,10160,9840
0,26356,10160,9840
0,26361,10160,9840
0,26366,10160,9840
0,26371,10160,9840
0,26376,10152,9848
0,26381,10150,9850
0,26386,10150,9850
0,26391,10150,9850
0,26396,10150,9850
0,26401,10148,9852
0,26406,10140,9860
0,26411,10140,9860
0,26416,10140,9860
0,26421,10140,9860
0,26426,10140,9860
0,26431,10130,9870
0,26436,10130,9870
0,26441,10130,9870
0,26446,10130,9870
0,26451,10130,9870
0,26456,10124,9876
0,26461,10120,9880
0,26466,10120,9880
0,26471,10120,9880
0,26476,10120,9880
0,26481,10119,9881
0,26486,10110,9890
0,26491,10110,9890
0,26496,10110,9890
0,26501,10110,9890
0,26506,10110,9890
0,26511,10100,9900
0,26516,10100,9900
0,26521,10100,9900
0,26526,10100,9900
0,26531,10100,9900
0,26536,10092,9908
0,26541,10090,9910
0,26546,10090,9910
0,26551,10090,9910
0,26556,10090,9910
0,26561,10087,9913
0,26566,10080,9920
0,26571,10080,9920
0,26576,10080,9920
0,26581,10080,9920
0,26586,10080,9920
0,26591,10070,9930
0,26596,10070,9930
0,26601,10070,9930
0,26606,10070,9930
0,26611,10070,9930
0,26616,10061,9939
0,26621,10060,9940
0,26626,10060,9940
0,26631,10060,9940
0,26636,10060,9940
0,26641,10058,9942
0,26646,10050,9950
0,26651,10050,9950
0,26656,10050,9950
0,26661,10050,9950
0,26666,10050,9950
0,26671,10041,9959
0,26676,10040,9960
0,26681,10040,9960
0,26686,10040,9960
0,26691,10040,9960
0,26696,10037,9963
0,26701,10030,9970
0,26706,10030,9970
0,26711,10030,9970
0,26716,10030,9970
0,26721,10030,9970
0,26726,10020,9980
0,26731,10020,9980
0,26736,10020,9980
0,26741,10020,9980
0,26746,10020,9980
0,26751,10011,9989
0,26756,10010,9990
0,26761,10010,9990
0,26766,10010,9990
0,26771,10010,9990
0,26776,10010,9990
0,26781,10000,10000
0,26786,10000,10000
0,26791,10000,10000
0,26796,10000,10000
0,26801,10000,10000
0,26806,9990,10010
0,26811,9990,10010
0,26816,9990,10010
0,26821,9990,10010
0,26826,9990,10010
0,26831,9982,10018
0,26836,9980,10020
0,26841,9980,10020
0,26846,9980,10020
0,26851,9980,10020
0,26856,9978,10022
0,26861,9970,10030
0,26866,9970,10030
0,26871,9970,10030
0,26876,9970,10030
0,26881,9970,10030
0,26886,9962,10038
0,26891,9960,10040
0,26896,9960,10040
0,26901,9960,10040
0,26906,9960,10040
0,26911,9955,10045
0,26916,9950,10050
0,26921,9950,10050
0,26926,9950,10050
0,26931,9950,10050
0,26936,9950,10050
0,26941,9940,10060
0,26946,9940,10060
0,26951,9940,10060
0,26956,9940,10060
0,26961,9940,10060
0,26966,9930,10070
0,26971,9930,10070
0,26976,9930,10070
0,26981,9930,10070
0,26986,9930,10070
0,26991,9923,10077
0,26996,9920,10080
0,27001,9920,10080
0,27006,9920,10080
0,27011,9920,10080
0,27016,9918,10082
0,27021,9910,10090
0,27026,9910,10090
0,27031,9910,10090
0,27036,9910,10090
0,27041,9910,10090
0,27046,9900,10100
0,27051,9900,10100
0,27056,9900,10100
0,27061,9900,10100
0,27066,9900,10100
0,27071,9894,10106
0,27076,9890,10110
0,27081,9890,10110
0,27086,9890,10110
0,27091,9890,10110
0,27096,9889,10111
0,27101,9880,10120
0,27106,9880,10120
0,27111,9880,10120
0,27116,9880,10120
0,27121,9880,10120
0,27126,9870,10130
0,27131,9870,10130
0,27136,9870,10130
0,27141,9870,10130
0,27146,9870,10130
0,27151,9860,10140
0,27156,9860,10140
0,27161,9860,10140
0,27166,9860,10140
0,27171,9860,10140
0,27176,9852,10148
0,27181,9850,10150
0,27186,9850,10150
0,27191,9850,10150
0,27196,9850,10150
0,27201,9847,10153
0,27206,9840,10160
0,27211,9840,10160
0,27216,9840,10160
0,27221,9840,10160
0,27226,9839,10161
0,27231,9830,10170
0,27236,9830,10170
0,27241,9830,10170
0,27246,9830,10170
0,27251,9830,10170
0,27256,9820,10180
0,27261,9820,10180
0,27266,9820,10180
0,27271,9820,10180
0,27276,9820,10180
0,27281,9813,10187
0,27286,9810,10190
0,27291,9810,10190
0,27296,9810,10190
0,27301,9810,10190
0,27306,9808,10192
0,27311,9800,10200
0,27316,9800,10200
0,27321,9800,10200
0,27326,9800,10200
0,27331,9800,10200
0,27336,9790,10210
0,27341,9790,10210
0,27346,9790,10210
0,27351,9790,10210
0,27356,9790,10210
0,27361,9782,10218
0,27366,9780,10220
0,27371,9780,10220
0,27376,9780,10220
0,27381,9780,10220
0,27386,9778,10222
0,27391,9770,10230
0,27396,9770,10230
0,27401,9770,10230
0,27406,9770,10230
0,27411,9770,10230
0,27416,9760,10240
0,27421,9760,10240
0,27426,9760,10240
0,27431,9760,10240
0,27436,9760,10240
0,27441,9752,10248
0,27446,9750,10250
0,27451,9750,10250
0,27456,9750,10250
0,27461,9750,10250
0,27466,9748,10252
0,27471,9740,10260
0,27476,9740,10260
0,27481,9740,10260
0,27486,9740,10260
0,27491,9740,10260
0,27496,9730,10270
0,27501,9730,10270
0,27506,9730,10270
0,27511,9730,10270
0,27516,9730,10270
0,27521,9723,10277
0,27526,9720,10280
0,27531,9720,10280
0,27536,9720,10280
0,27541,9720,10280
0,27546,9716,10284
0,27551,9710,10290
0,27556,9710,10290
0,27561,9710,10290
0,27566,9710,10290
0,27571,9710,10290
0,27576,9700,10300
0,27581,9700,10300
0,27586,9700,10300
0,27591,9700,10300
0,27596,9700,10300
0,27601,9691,10309
0,27606,9690,10310
0,27611,9690,10310
0,27616,9690,10310
0,27621,9690,10310
0,27626,9688,10312
0,27631,9680,10320
0,27636,9680,10320
0,27641,9680,10320
0,27646,9680,10320
0,27651,9680,10320
0,27656,9670,10330
0,27661,9670,10330
0,27666,9670,10330
0,27671,9670,10330
0,27676,9670,10330
0,27681,9665,10335
0,27686,9660,10340
0,27691,9660,10340
0,27696,9660,10340
0,27701,9660,10340
0,27706,9660,10340
0,27711,9650,10350
0,27716,9650,10350
0,27721,9650,10350
0,27726,9650,10350
0,27731,9650,10350
0,27736,9642,10358
0,27741,9640,10360
0,27746,9640,10360
0,27751,9640,10360
0,27756,9640,10360
0,27761,9637,10363
0,27766,9630,10370
0,27771,9630,10370
0,27776,9630,10370
0,27781,9630,10370
0,27786,9630,10370
0,27791,9620,10380
0,27796,9620,10380
0,27801,9620,10380
0,27806,9620,10380
0,27811,9620,10380
0,27816,9612,10388
0,27821,9610,10390
0,27826,9610,10390
0,27831,9610,10390
0,27836,9610,10390
0,27841,9608,10392
0,27846,9600,10400
0,27851,9600,10400
0,27856,9600,10400
0,27861,9600,10400
0,27866,9600,10400
0,27871,9590,10410
0,27876,9590,10410
0,27881,9590,10410
0,27886,9590,10410
0,27891,9590,10410
0,27896,9584,10416
0,27901,9580,10420
0,27906,9580,10420
0,27911,9580,10420
0,27916,9580,10420
0,27921,9578,10422
0,27926,9570,10430
0,27931,9570,10430
0,27936,9570,10430
0,27941,9570,10430
0,27946,9570,10430
0,27951,9560,10440
0,27956,9560,10440
0,27961,9560,10440
0,27966,9560,10440
0,27971,9560,10440
0,27976,9552,10448
0,27981,9550,10450
0,27986,9550,10450
0,27991,9550,10450
0,27996,9550,10450
0,28001,9548,10452
0,28006,9540,10460
0,28011,9540,10460
0,28016,9540,10460
0,28021,9540,10460
0,28026,9540,10460
0,28031,9530,10470
0,28036,9530,10470
0,28041,9530,10470
0,28046,9530,10470
0,28051,9530,10470
0,28056,9523,10477
0,28061,9520,10480
0,28066,9520,10480
0,28071,9520,10480
0,28076,9520,10480
0,28081,9519,10481
0,28086,9510,10490
0,28091,9510,10490
0,28096,9510,10490
0,28101,9510,10490
0,28106,9510,10490
0,28111,9500,10500
0,28116,9500,10500
0,28121,9500,10500
0,28126,9500,10500
0,28131,9500,10500
0,28136,9492,10508
0,28141,9490,10510
0,28146,9490,10510
0,28151,9490,10510
0,28156,9490,10510
0,28161,9487,10513
0,28166,9480,10520
0,28171,9480,10520
0,28176,9480,10520
0,28181,9480,10520
0,28186,9480,10520
0,28191,9470,10530
0,28196,9470,10530
0,28201,9470,10530
0,28206,9470,10530
0,28211,9470,10530
0,28216,9461,10539
0,28221,9460,10540
0,28226,9460,10540
0,28231,9460,10540
0,28236,9460,10540
0,28241,9455,10545
0,28246,9450,10550
0,28251,9450,10550
0,28256,9450,10550
0,28261,9450,10550
0,28266,9450,10550
0,28271,9440,10560
0,28276,9440,10560
0,28281,9440,10560
0,28286,9440,10560
0,28291,9440,10560
0,28296,9433,10567
0,28301,9430,10570
0,28306,9430,10570
0,28311,9430,10570
0,28316,9430,10570
0,28321,9427,10573
0,28326,9420,10580
0,28331,9420,10580
0,28336,9420,10580
0,28341,9420,10580
0,28346,9420,10580
0,28351,9410,10590
0,28356,9410,10590
0,28361,9410,10590
0,28366,9410,10590
0,28371,9410,10590
0,28376,9402,10598
0,28381,9400,10600
0,28386,9400,10600
0,28391,9400,10600
0,28396,9400,10600
0,28401,9398,10602
0,28406,9390,10610
0,28411,9390,10610
0,28416,9390,10610
0,28421,9390,10610
0,28426,9390,10610
0,28431,9380,10620
0,28436,9380,10620
0,28441,9380,10620
0,28446,9380,10620
0,28451,9380,10620
0,28456,9372,10628
0,28461,9370,10630
0,28466,9370,10630
0,28471,9370,10630
0,28476,9370,10630
0,28481,9366,10634
0,28486,9360,10640
0,28491,9360,10640
0,28496,9360,10640
0,28501,9360,10640
0,28506,9360,10640
0,28511,9350,10650
0,28516,9350,10650
0,28521,9350,10650
0,28526,9350,10650
0,28531,9350,10650
0,28536,9340,10660
0,28541,9340,10660
0,28546,9340,10660
0,28551,9340,10660
0,28556,9340,10660
0,28561,9336,10664
0,28566,9330,10670
0,28571,9330,10670
0,28576,9330,10670
0,28581,9330,10670
0,28586,9329,10671
0,28591,9320,10680
0,28596,9320,10680
0,28601,9320,10680
0,28606,9320,10680
0,28611,9320,10680
0,28616,9310,10690
0,28621,9310,10690
0,28626,9310,10690
0,28631,9310,10690
0,28636,9310,10690
0,28641,9306,10694
0,28646,9300,10700
0,28651,9300,10700
0,28656,9300,10700
0,28661,9300,10700
0,28666,9300,10700
0,28671,9290,10710
0,28676,9290,10710
0,28681,9290,10710
0,28686,9290,10710
0,28691,9290,10710
0,28696,9285,10715
0,28701,9280,10720
0,28706,9280,10720
0,28711,9280,10720
0,28716,9280,10720
0,28721,9280,10720
0,28726,9270,10730
0,28731,9270,10730
0,28736,9270,10730
0,28741,9270,10730
0,28746,9270,10730
0,28751,9262,10738
0,28756,9260,10740
0,28761,9260,10740
0,28766,9260,10740
0,28771,9260,10740
0,28776,9259,10741
0,28781,9250,10750
0,28786,9250,10750
0,28791,9250,10750
0,28796,9250,10750
0,28801,9249,10751
0,28806,9240,10760
0,28811,9240,10760
0,28816,9240,10760
0,28821,9240,10760
0,28826,9240,10760
0,28831,9231,10769
0,28836,9230,10770
0,28841,9230,10770
0,28846,9230,10770
0,28851,9230,10770
0,28856,9228,10772
0,28861,9220,10780
0,28866,9220,10780
0,28871,9220,10780
0,28876,9220,10780
0,28881,9220,10780
0,28886,9210,10790
0,28891,9210,10790
0,28896,9210,10790
0,28901,9210,10790
0,28906,9210,10790
0,28911,9205,10795
0,28916,9200,10800
0,28921,9200,10800
0,28926,9200,10800
0,28931,9200,10800
0,28936,9200,10800
0,28941,9190,10810
0,28946,9190,10810
0,28951,9190,10810
0,28956,9190,10810
0,28961,9190,10810
0,28966,9181,10819
0,28971,9180,10820
0,28976,9180,10820
0,28981,9180,10820
0,28986,9180,10820
0,28991,9178,10822
0,28996,9170,10830
0,29001,9170,10830
0,29006,9170,10830
0,29011,9170,10830
0,29016,9170,10830
0,29021,9160,10840
0,29026,9160,10840
0,29031,9160,10840
0,29036,9160,10840
0,29041,9160,10840
0,29046,9152,10848
0,29051,9150,10850
0,29056,9150,10850
0,29061,9150,10850
0,29066,9150,10850
0,29071,9149,10851
0,29076,9140,10860
0,29081,9140,10860
0,29086,9140,10860
0,29091,9140,10860
0,29096,9140,10860
0,29101,9130,10870
0,29106,9130,10870
0,29111,9130,10870
0,29116,9130,10870
0,29121,9130,10870
0,29126,9121,10879
0,29131,9120,10880
0,29136,9120,10880
0,29141,9120,10880
0,29146,9120,10880
0,29151,9117,10883
0,29156,9110,10890
0,29161,9110,10890
0,29166,9110,10890
0,29171,9110,10890
0,29176,9110,10890
0,29181,9100,10900
0,29186,9100,10900
0,29191,9100,10900
0,29196,9100,10900
0,29201,9100,10900
0,29206,9091,10909
0,29211,9090,10910
0,29216,9090,10910
0,29221,9090,10910
0,29226,9090,10910
0,29231,9088,10912
0,29236,9080,10920
0,29241,9080,10920
0,29246,9080,10920
0,29251,9080,10920
0,29256,9080,10920
0,29261,9070,10930
0,29266,9070,10930
0,29271,9070,10930
0,29276,9070,10930
0,29281,9070,10930
0,29286,9061,10939
0,29291,9060,10940
0,29296,9060,10940
0,29301,9060,10940
0,29306,9060,10940
0,29311,9055,10945
0,29316,9050,10950
0,29321,9050,10950
0,29326,9050,10950
0,29331,9050,10950
0,29336,9050,10950
0,29341,9040,10960
0,29346,9040,10960
0,29351,9040,10960
0,29356,9040,10960
0,29361,9040,10960
0,29366,9035,10965
0,29371,9030,10970
0,29376,9030,10970
0,29381,9030,10970
0,29386,9030,10970
0,29391,9029,10971
0,29396,9020,10980
0,29401,9020,10980
0,29406,9020,10980
0,29411,9020,10980
0,29416,9020,10980
0,29421,9010,10990
0,29426,9010,10990
0,29431,9010,10990
0,29436,9010,10990
0,29441,9010,10990
0,29446,9005,10995
0,29451,9000,11000
0,29456,9000,11000
0,29461,9000,11000
0,29466,9000,11000
0,29471,9000,11000
0,29476,8990,11010
0,29481,8990,11010
0,29486,8990,11010
0,29491,8990,11010
0,29496,8990,11010
0,29501,8981,11019
0,29506,8980,11020
0,29511,8980,11020
0,29516,8980,11020
0,29521,8980,11020
0,29526,8979,11021
0,29531,8970,11030
0,29536,8970,11030
0,29541,8970,11030
0,29546,8970,11030
0,29551,8970,11030
0,29556,8960,11040
0,29561,8960,11040
0,29566,8960,11040
0,29571,8960,11040
0,29576,8960,11040
0,29581,8951,11049
0,29586,8950,11050
0,29591,8950,11050
0,29596,8950,11050
0,29601,8950,11050
0,29606,8946,11054
0,29611,8940,11060
0,29616,8940,11060
0,29621,8940,11060
0,29626,8940,11060
0,29631,8940,11060
0,29636,8930,11070
0,29641,8930,11070
0,29646,8930,11070
0,29651,8930,11070
0,29656,8930,11070
0,29661,8922,11078
0,29666,8920,11080
0,29671,8920,11080
0,29676,8920,11080
0,29681,8920,11080
0,29686,8915,11085
0,29691,8910,11090
0,29696,8910,11090
0,29701,8910,11090
0,29706,8910,11090
0,29711,8910,11090
0,29716,8900,11100
0,29721,8900,11100
0,29726,8900,11100
0,29731,8900,11100
0,29736,8900,11100
0,29741,8892,11108
0,29746,8890,11110
0,29751,8890,11110
0,29756,8890,11110
0,29761,8890,11110
0,29766,8889,11111
0,29771,8880,11120
0,29776,8880,11120
0,29781,8880,11120
0,29786,8880,11120
0,29791,8880,11120
0,29796,8870,11130
0,29801,8870,11130
0,29806,8870,11130
0,29811,8870,11130
0,29816,8870,11130
0,29821,8863,11137
0,29826,8860,11140
0,29831,8860,11140
0,29836,8860,11140
0,29841,8860,11140
0,29846,8856,11144
0,29851,8850,11150
0,29856,8850,11150
0,29861,8850,11150
0,29866,8850,11150
0,29871,8847,11153
0,29876,8840,11160
0,29881,8840,11160
0,29886,8840,11160
0,29891,8840,11160
0,29896,8840,11160
0,29901,8830,11170
0,29906,8830,11170
0,29911,8830,11170
0,29916,8830,11170
0,29921,8830,11170
0,29926,8820,11180
0,29931,8820,11180
0,29936,8820,11180
0,29941,8820,11180
0,29946,8820,11180
0,29951,8811,11189
0,29956,8810,11190
0,29961,8810,11190
0,29966,8810,11190
0,29971,8810,11190
0,29976,8809,11191
0,29981,8800,11200
0,29986,8800,11200
0,29991,8800,11200
0,29996,8800,11200
0,30001,8800,11200
0,30006,8790,11210
0,30011,8790,11210
0,30016,8790,11210
0,30021,8790,11210
0,30026,8790,11210
0,30031,8785,11215
0,30036,8780,11220
0,30041,8780,11220
0,30046,8780,11220
0,30051,8780,11220
0,30056,8778,11222
0,30061,8770,11230
0,30066,8770,11230
0,30071,8770,11230
0,30076,8770,11230
0,30081,8770,11230
0,30086,8760,11240
0,30091,8760,11240
0,30096,8760,11240
0,30101,8760,11240
0,30106,8760,11240
0,30111,8752,11248
0,30116,8750,11250
0,30121,8750,11250
0,30126,8750,11250
0,30131,8750,11250
0,30136,8750,11250
0,30141,8740,11260
0,30146,8740,11260
0,30151,8740,11260
0,30156,8740,11260
0,30161,8740,11260
0,30166,8730,11270
0,30171,8730,11270
0,30176,8730,11270
0,30181,8730,11270
0,30186,8730,11270
0,30191,8725,11275
0,30196,8720,11280
0,30201,8720,11280
0,30206,8720,11280
0,30211,8720,11280
0,30216,8720,11280
0,30221,8710,11290
0,30226,8710,11290
0,30231,8710,11290
0,30236,8710,11290
0,30241,8710,11290
0,30246,8703,11297
0,30251,8700,11300
0,30256,8700,11300
0,30261,8700,11300
0,30266,8700,11300
0,30271,8700,11300
0,30276,8690,11310
0,30281,8690,11310
0,30286,8690,11310
0,30291,8690,11310
0,30296,8690,11310
0,30301,8681,11319
0,30306,8680,11320
0,30311,8680,11320
0,30316,8680,11320
0,30321,8680,11320
0,30326,8679,11321
0,30331,8670,11330
0,30336,8670,11330
0,30341,8670,11330
0,30346,8670,11330
0,30351,8670,11330
0,30356,8660,11340
0,30361,8660,11340
0,30366,8660,11340
0,30371,8660,11340
0,30376,8660,11340
0,30381,8653,11347
0,30386,8650,11350
0,30391,8650,11350
0,30396,8650,11350
0,30401,8650,11350
0,30406,8650,11350
0,30411,8640,11360
0,30416,8640,11360
0,30421,8640,11360
0,30426,8640,11360
0,30431,8640,11360
0,30436,8631,11369
0,30441,8630,11370
0,30446,8630,11370
0,30451,8630,11370
0,30456,8630,11370
0,30461,8628,11372
0,30466,8620,11380
0,30471,8620,11380
0,30476,8620,11380
0,30481,8620,11380
0,30486,8620,11380
0,30491,8610,11390
0,30496,8610,11390
0,30501,8610,11390
0,30506,8610,11390
0,30511,8610,11390
0,30516,8602,11398
0,30521,8600,11400
0,30526,8600,11400
0,30531,8600,11400
0,30536,8600,11400
0,30541,8595,11405
0,30546,8590,11410
0,30551,8590,11410
0,30556,8590,11410
0,30561,8590,11410
0,30566,8590,11410
0,30571,8580,11420
0,30576,8580,11420
0,30581,8580,11420
0,30586,8580,11420
0,30591,8580,11420
0,30596,8570,11430
0,30601,8570,11430
0,30606,8570,11430
0,30611,8570,11430
0,30616,8570,11430
0,30621,8564,11436
0,30626,8560,11440
0,30631,8560,11440
0,30636,8560,11440
0,30641,8560,11440
0,30646,8558,11442
0,30651,8550,11450
0,30656,8550,11450
0,30661,8550,11450
0,30666,8550,11450
0,30671,8550,11450
0,30676,8540,11460
0,30681,8540,11460
0,30686,8540,11460
0,30691,8540,11460
0,30696,8540,11460
0,30701,8533,11467
0,30706,8530,11470
0,30711,8530,11470
0,30716,8530,11470
0,30721,8530,11470
0,30726,8529,11471
0,30731,8520,11480
0,30736,8520,11480
0,30741,8520,11480
0,30746,8520,11480
0,30751,8520,11480
0,30756,8510,11490
0,30761,8510,11490
0,30766,8510,11490
0,30771,8510,11490
0,30776,8510,11490
0,30781,8506,11494
0,30786,8500,11500
0,30791,8500,11500
0,30796,8500,11500
0,30801,8500,11500
0,30806,8500,11500
0,30811,8490,11510
0,30816,8490,11510
0,30821,8490,11510
0,30826,8490,11510
0,30831,8490,11510
0,30836,8480,11520
0,30841,8480,11520
0,30846,8480,11520
0,30851,8480,11520
0,30856,8480,11520
0,30861,8473,11527
0,30866,8470,11530
0,30871,8470,11530
0,30876,8470,11530
0,30881,8470,11530
0,30886,8470,11530
0,30891,8460,11540
0,30896,8460,11540
0,30901,8460,11540
0,30906,8460,11540
0,30911,8460,11540
0,30916,8450,11550
0,30921,8450,11550
0,30926,8450,11550
0,30931,8450,11550
0,30936,8450,11550
0,30941,8444,11556
0,30946,8440,11560
0,30951,8440,11560
0,30956,8440,11560
0,30961,8440,11560
0,30966,8438,11562
0,30971,8430,11570
0,30976,8430,11570
0,30981,8430,11570
0,30986,8430,11570
0,30991,8430,11570
0,30996,8420,11580
0,31001,8420,11580
0,31006,8420,11580
0,31011,8420,11580
0,31016,8420,11580
0,31021,8415,11585
0,31026,8410,11590
0,31031,8410,11590
0,31036,8410,11590
0,31041,8410,11590
0,31046,8410,11590
0,31051,8400,11600
0,31056,8400,11600
0,31061,8400,11600
0,31066,8400,11600
0,31071,8400,11600
0,31076,8391,11609
0,31081,8390,11610
0,31086,8390,11610
0,31091,8390,11610
0,31096,8390,11610
0,31101,8387,11613
0,31106,8380,11620
0,31111,8380,11620
0,31116,8380,11620
0,31121,8380,11620
0,31126,8380,11620
0,31131,8370,11630
0,31136,8370,11630
0,31141,8370,11630
0,31146,8370,11630
0,31151,8370,11630
0,31156,8362,11638
0,31161,8360,11640
0,31166,8360,11640
0,31171,8360,11640
0,31176,8360,11640
0,31181,8359,11641
0,31186,8350,11650
0,31191,8350,11650
0,31196,8350,11650
0,31201,8350,11650
0,31206,8350,11650
0,31211,8340,11660
0,31216,8340,11660
0,31221,8340,11660
0,31226,8340,11660
0,31231,8340,11660
0,31236,8331,11669
0,31241,8330,11670
0,31246,8330,11670
0,31251,8330,11670
0,31256,8330,11670
0,31261,8326,11674
0,31266,8320,11680
0,31271,8320,11680
0,31276,8320,11680
0,31281,8320,11680
0,31286,8320,11680
0,31291,8310,11690
0,31296,8310,11690
0,31301,8310,11690
0,31306,8310,11690
0,31311,8310,11690
0,31316,8304,11696
0,31321,8300,11700
0,31326,8300,11700
0,31331,8300,11700
0,31336,8300,11700
0,31341,8300,11700
0,31346,8290,11710
0,31351,8290,11710
0,31356,8290,11710
0,31361,8290,11710
0,31366,8290,11710
0,31371,8283,11717
0,31376,8280,11720
0,31381,8280,11720
0,31386,8280,11720
0,31391,8280,11720
0,31396,8279,11721
0,31401,8270,11730
0,31406,8270,11730
0,31411,8270,11730
0,31416,8270,11730
0,31421,8270,11730
0,31426,8260,11740
0,31431,8260,11740
0,31436,8260,11740
0,31441,8260,11740
0,31446,8260,11740
0,31451,8256,11744
0,31456,8250,11750
0,31461,8250,11750
0,31466,8250,11750
0,31471,8250,11750
0,31476,8249,11751
0,31481,8240,11760
0,31486,8240,11760
0,31491,8240,11760
0,31496,8240,11760
0,31501,8240,11760
0,31506,8230,11770
0,31511,8230,11770
0,31516,8230,11770
0,31521,8230,11770
0,31526,8230,11770
0,31531,8222,11778
0,31536,8220,11780
0,31541,8220,11780
0,31546,8220,11780
0,31551,8220,11780
0,31556,8216,11784
0,31561,8210,11790
0,31566,8210,11790
0,31571,8210,11790
0,31576,8210,11790
0,31581,8210,11790
0,31586,8200,11800
0,31591,8200,11800
0,31596,8200,11800
0,31601,8200,11800
0,31606,8200,11800
0,31611,8194,11806
0,31616,8190,11810
0,31621,8190,11810
0,31626,8190,11810
0,31631,8190,11810
0,31636,8188,11812
0,31641,8180,11820
0,31646,8180,11820
0,31651,8180,11820
0,31656,8180,11820
0,31661,8180,11820
0,31666,8170,11830
0,31671,8170,11830
0,31676,8170,11830
0,31681,8170,11830
0,31686,8170,11830
0,31691,8163,11837
0,31696,8160,11840
0,31701,8160,11840
0,31706,8160,11840
0,31711,8160,11840
0,31716,8157,11843
0,31721,8150,11850
0,31726,8150,11850
0,31731,8150,11850
0,31736,8150,11850
0,31741,8150,11850
0,31746,8144,11856
0,31751,8140,11860
0,31756,8140,11860
0,31761,8140,11860
0,31766,8140,11860
0,31771,8139,11861
0,31776,8130,11870
0,31781,8130,11870
0,31786,8130,11870
0,31791,8130,11870
0,31796,8130,11870
0,31801,8120,11880
0,31806,8120,11880
0,31811,8120,11880
0,31816,8120,11880
0,31821,8120,11880
0,31826,8113,11887
0,31831,8110,11890
0,31836,8110,11890
0,31841,8110,11890
0,31846,8110,11890
0,31851,8108,11892
0,31856,8100,11900
0,31861,8100,11900
0,31866,8100,11900
0,31871,8100,11900
0,31876,8100,11900
0,31881,8090,11910
0,31886,8090,11910
0,31891,8090,11910
0,31896,8090,11910
0,31901,8090,11910
0,31906,8083,11917
0,31911,8080,11920
0,31916,8080,11920
0,31921,8080,11920
0,31926,8080,11920
0,31931,8079,11921
0,31936,8070,11930
0,31941,8070,11930
0,31946,8070,11930
0,31951,8070,11930
0,31956,8070,11930
0,31961,8061,11939
0,31966,8060,11940
0,31971,8060,11940
0,31976,8060,11940
0,31981,8060,11940
0,31986,8057,11943
0,31991,8050,11950
0,31996,8050,11950
0,32001,8050,11950
0,32006,8050,11950
0,32011,8050,11950
0,32016,8040,11960
0,32021,8040,11960
0,32026,8040,11960
0,32031,8040,11960
0,32036,8040,11960
0,32041,8030,11970
0,32046,8030,11970
0,32051,8030,11970
0,32056,8030,11970
0,32061,8030,11970
0,32066,8027,11973
0,32071,8020,11980
0,32076,8020,11980
0,32081,8020,11980
0,32086,8020,11980
0,32091,8019,11981
0,32096,8010,11990
0,32101,8010,11990
0,32106,8010,11990
0,32111,8010,11990
0,32116,8010,11990
0,32121,8000,12000
0,32126,8000,12000
0,32131,8000,12000
0,32136,8000,12000
0,32141,8000,12000
0,32146,7991,12009
0,32151,7990,12010
0,32156,7990,12010
0,32161,7990,12010
0,32166,7990,12010
0,32171,7987,12013
0,32176,7980,12020
0,32181,7980,12020
0,32186,7980,12020
0,32191,7980,12020
0,32196,7980,12020
0,32201,7970,12030
0,32206,7970,12030
0,32211,7970,12030
0,32216,7970,12030
0,32221,7970,12030
0,32226,7962,12038
0,32231,7960,12040
0,32236,7960,12040
0,32241,7960,12040
0,32246,7960,12040
0,32251,7956,12044
0,32256,7950,12050
0,32261,7950,12050
0,32266,7950,12050
0,32271,7950,12050
0,32276,7950,12050
0,32281,7940,12060
0,32286,7940,12060
0,32291,7940,12060
0,32296,7940,12060
0,32301,7940,12060
0,32306,7931,12069
0,32311,7930,12070
0,32316,7930,12070
0,32321,7930,12070
0,32326,7930,12070
0,32331,7928,12072
0,32336,7920,12080
0,32341,7920,12080
0,32346,7920,12080
0,32351,7920,12080
0,32356,7920,12080
0,32361,7910,12090
0,32366,7910,12090
0,32371,7910,12090
0,32376,7910,12090
0,32381,7910,12090
0,32386,7902,12098
0,32391,7900,12100
0,32396,7900,12100
0,32401,7900,12100
0,32406,7900,12100
0,32411,7897,12103
0,32416,7890,12110
0,32421,7890,12110
0,32426,7890,12110
0,32431,7890,12110
0,32436,7890,12110
0,32441,7880,12120
0,32446,7880,12120
0,32451,7880,12120
0,32456,7880,12120
0,32461,7880,12120
0,32466,7873,12127
0,32471,7870,12130
0,32476,7870,12130
0,32481,7870,12130
0,32486,7870,12130
0,32491,7869,12131
0,32496,7860,12140
0,32501,7860,12140
0,32506,7860,12140
0,32511,7860,12140
0,32516,7860,12140
0,32521,7850,12150
0,32526,7850,12150
0,32531,7850,12150
0,32536,7850,12150
0,32541,7850,12150
0,32546,7841,12159
0,32551,7840,12160
0,32556,7840,12160
0,32561,7840,12160
0,32566,7840,12160
0,32571,7837,12163
0,32576,7830,12170
0,32581,7830,12170
0,32586,7830,12170
0,32591,7830,12170
0,32596,7830,12170
0,32601,7820,12180
0,32606,7820,12180
0,32611,7820,12180
0,32616,7820,12180
0,32621,7820,12180
0,32626,7816,12184
0,32631,7810,12190
0,32636,7810,12190
0,32641,7810,12190
0,32646,7810,12190
0,32651,7810,12190
0,32656,7800,12200
0,32661,7800,12200
0,32666,7800,12200
0,32671,7800,12200
0,32676,7800,12200
0,32681,7791,12209
0,32686,7790,12210
0,32691,7790,12210
0,32696,7790,12210
0,32701,7790,12210
0,32706,7789,12211
0,32711,7780,12220
0,32716,7780,12220
0,32721,7780,12220
0,32726,7780,12220
0,32731,7780,12220
0,32736,7770,12230
0,32741,7770,12230
0,32746,7770,12230
0,32751,7770,12230
0,32756,7770,12230
0,32761,7766,12234
0,32766,7760,12240
0,32771,7760,12240
0,32776,7760,12240
0,32781,7760,12240
0,32786,7759,12241
0,32791,7750,12250
0,32796,7750,12250
0,32801,7750,12250
0,32806,7750,12250
0,32811,7750,12250
0,32816,7741,12259
0,32821,7740,12260
0,32826,7740,12260
0,32831,7740,12260
0,32836,7740,12260
0,32841,7735,12265
0,32846,7730,12270
0,32851,7730,12270
0,32856,7730,12270
0,32861,7730,12270
0,32866,7730,12270
0,32871,7720,12280
0,32876,7720,12280
0,32881,7720,12280
0,32886,7720,12280
0,32891,7720,12280
0,32896,7710,12290
0,32901,7710,12290
0,32906,7710,12290
0,32911,7710,12290
0,32916,7710,12290
0,32921,7701,12299
0,32926,7700,12300
0,32931,7700,12300
0,32936,7700,12300
0,32941,7700,12300
0,32946,7699,12301
0,32951,7690,12310
0,32956,7690,12310
0,32961,7690,12310
0,32966,7690,12310
0,32971,7690,12310
0,32976,7680,12320
0,32981,7680,12320
0,32986,7680,12320
0,32991,7680,12320
0,32996,7680,12320
0,33001,7672,12328
0,33006,7670,12330
0,33011,7670,12330
0,33016,7670,12330
0,33021,7670,12330
0,33026,7666,12334
0,33031,7660,12340
0,33036,7660,12340
0,33041,7660,12340
0,33046,7660,12340
0,33051,7660,12340
0,33056,7650,12350
0,33061,7650,12350
0,33066,7650,12350
0,33071,7650,12350
0,33076,7650,12350
0,33081,7644,12356
0,33086,7640,12360
0,33091,7640,12360
0,33096,7640,12360
0,33101,7640,12360
0,33106,7640,12360
0,33111,7630,12370
0,33116,7630,12370
0,33121,7630,12370
0,33126,7630,12370
0,33131,7630,12370
0,33136,7621,12379
0,33141,7620,12380
0,33146,7620,12380
0,33151,7620,12380
0,33156,7620,12380
0,33161,7614,12386
0,33166,7610,12390
0,33171,7610,12390
0,33176,7610,12390
0,33181,7610,12390
0,33186,7608,12392
0,33191,7600,12400
0,33196,7600,12400
0,33201,7600,12400
0,33206,7600,12400
0,33211,7600,12400
0,33216,7590,12410
0,33221,7590,12410
0,33226,7590,12410
0,33231,7590,12410
0,33236,7590,12410
0,33241,7581,12419
0,33246,7580,12420
0,33251,7580,12420
0,33256,7580,12420
0,33261,7580,12420
0,33266,7578,12422
0,33271,7570,12430
0,33276,7570,12430
0,33281,7570,12430
0,33286,7570,12430
0,33291,7570,12430
0,33296,7560,12440
0,33301,7560,12440
0,33306,7560,12440
0,33311,7560,12440
0,33316,7560,12440
0,33321,7551,12449
0,33326,7550,12450
0,33331,7550,12450
0,33336,7550,12450
0,33341,7550,12450
0,33346,7549,12451
0,33351,7540,12460
0,33356,7540,12460
0,33361,7540,12460
0,33366,7540,12460
0,33371,7540,12460
0,33376,7530,12470
0,33381,7530,12470
0,33386,7530,12470
0,33391,7530,12470
0,33396,7530,12470
0,33401,7526,12474
0,33406,7520,12480
0,33411,7520,12480
0,33416,7520,12480
0,33421,7520,12480
0,33426,7520,12480
0,33431,7510,12490
0,33436,7510,12490
0,33441,7510,12490
0,33446,7510,12490
0,33451,7510,12490
0,33456,7500,12500
0,33461,7500,12500
0,33466,7500,12500
0,33471,7500,12500
0,33476,7500,12500
0,33481,7493,12507
0,33486,7490,12510
0,33491,7490,12510
0,33496,7490,12510
0,33501,7490,12510
0,33506,7490,12510
0,33511,7480,12520
0,33516,7480,12520
0,33521,7480,12520
0,33526,7480,12520
0,33531,7480,12520
0,33536,7471,12529
0,33541,7470,12530
0,33546,7470,12530
0,33551,7470,12530
0,33556,7470,12530
0,33561,7467,12533
0,33566,7460,12540
0,33571,7460,12540
0,33576,7460,12540
0,33581,7460,12540
0,33586,7460,12540
0,33591,7450,12550
0,33596,7450,12550
0,33601,7450,12550
0,33606,7450,12550
0,33611,7450,12550
0,33616,7441,12559
0,33621,7440,12560
0,33626,7440,12560
0,33631,7440,12560
0,33636,7440,12560
0,33641,7438,12562
0,33646,7430,12570
0,33651,7430,12570
0,33656,7430,12570
0,33661,7430,12570
0,33666,7430,12570
0,33671,7420,12580
0,33676,7420,12580
0,33681,7420,12580
0,33686,7420,12580
0,33691,7420,12580
0,33696,7411,12589
0,33701,7410,12590
0,33706,7410,12590
0,33711,7410,12590
0,33716,7410,12590
0,33721,7406,12594
0,33726,7400,12600
0,33731,7400,12600
0,33736,7400,12600
0,33741,7400,12600
0,33746,7400,12600
0,33751,7390,12610
0,33756,7390,12610
0,33761,7390,12610
0,33766,7390,12610
0,33771,7390,12610
0,33776,7381,12619
0,33781,7380,12620
0,33786,7380,12620
0,33791,7380,12620
0,33796,7380,12620
0,33801,7378,12622
0,33806,7370,12630
0,33811,7370,12630
0,33816,7370,12630
0,33821,7370,12630
0,33826,7370,12630
0,33831,7360,12640
0,33836,7360,12640
0,33841,7360,12640
0,33846,7360,12640
0,33851,7360,12640
0,33856,7350,12650
0,33861,7350,12650
0,33866,7350,12650
0,33871,7350,12650
0,33876,7350,12650
0,33881,7341,12659
0,33886,7340,12660
0,33891,7340,12660
0,33896,7340,12660
0,33901,7340,12660
0,33906,7337,12663
0,33911,7330,12670
0,33916,7330,12670
0,33921,7330,12670
0,33926,7330,12670
0,33931,7330,12670
0,33936,7320,12680
0,33941,7320,12680
0,33946,7320,12680
0,33951,7320,12680
0,33956,7320,12680
0,33961,7315,12685
0,33966,7310,12690
0,33971,7310,12690
0,33976,7310,12690
0,33981,7310,12690
0,33986,7307,12693
0,33991,7300,12700
0,33996,7300,12700
0,34001,7300,12700
0,34006,7300,12700
0,34011,7300,12700
0,34016,7290,12710
0,34021,7290,12710
0,34026,7290,12710
0,34031,7290,12710
0,34036,7290,12710
0,34041,7281,12719
0,34046,7280,12720
0,34051,7280,12720
0,34056,7280,12720
0,34061,7280,12720
0,34066,7276,12724
0,34071,7270,12730
0,34076,7270,12730
0,34081,7270,12730
0,34086,7270,12730
0,34091,7270,12730
0,34096,7260,12740
0,34101,7260,12740
0,34106,7260,12740
0,34111,7260,12740
0,34116,7260,12740
0,34121,7250,12750
0,34126,7250,12750
0,34131,7250,12750
0,34136,7250,12750
0,34141,7250,12750
0,34146,7243,12757
0,34151,7240,12760
0,34156,7240,12760
0,34161,7240,12760
0,34166,7240,12760
0,34171,7240,12760
0,34176,7230,12770
0,34181,7230,12770
0,34186,7230,12770
0,34191,7230,12770
0,34196,7230,12770
0,34201,7222,12778
0,34206,7220,12780
0,34211,7220,12780
0,34216,7220,12780
0,34221,7220,12780
0,34226,7218,12782
0,34231,7210,12790
0,34236,7210,12790
0,34241,7210,12790
0,34246,7210,12790
0,34251,7210,12790
0,34256,7200,12800
0,34261,7200,12800
0,34266,7200,12800
0,34271,7200,12800
0,34276,7200,12800
0,34281,7191,12809
0,34286,7190,12810
0,34291,7190,12810
0,34296,7190,12810
0,34301,7190,12810
0,34306,7185,12815
0,34311,7180,12820
0,34316,7180,12820
0,34321,7180,12820
0,34326,7180,12820
0,34331,7178,12822
0,34336,7170,12830
0,34341,7170,12830
0,34346,7170,12830
0,34351,7170,12830
0,34356,7170,12830
0,34361,7160,12840
0,34366,7160,12840
0,34371,7160,12840
0,34376,7160,12840
0,34381,7160,12840
0,34386,7150,12850
0,34391,7150,12850
0,34396,7150,12850
0,34401,7150,12850
0,34406,7150,12850
0,34411,7142,12858
0,34416,7140,12860
0,34421,7140,12860
0,34426,7140,12860
0,34431,7140,12860
0,34436,7140,12860
0,34441,7130,12870
0,34446,7130,12870
0,34451,7130,12870
0,34456,7130,12870
0,34461,7130,12870
0,34466,7120,12880
0,34471,7120,12880
0,34476,7120,12880
0,34481,7120,12880
0,34486,7120,12880
0,34491,7110,12890
0,34496,7110,12890
0,34501,7110,12890
0,34506,7110,12890
0,34511,7110,12890
0,34516,7104,12896
0,34521,7100,12900
0,34526,7100,12900
0,34531,7100,12900
0,34536,7100,12900
0,34541,7100,12900
0,34546,7090,12910
0,34551,7090,12910
0,34556,7090,12910
0,34561,7090,12910
0,34566,7090,12910
0,34571,7080,12920
0,34576,7080,12920
0,34581,7080,12920
0,34586,7080,12920
0,34591,7080,12920
0,34596,7075,12925
0,34601,7070,12930
0,34606,7070,12930
0,34611,7070,12930
0,34616,7070,12930
0,34621,7070,12930
0,34626,7060,12940
0,34631,7060,12940
0,34636,7060,12940
0,34641,7060,12940
0,34646,7060,12940
0,34651,7052,12948
0,34656,7050,12950
0,34661,7050,12950
0,34666,7050,12950
0,34671,7050,12950
0,34676,7049,12951
0,34681,7040,12960
0,34686,7040,12960
0,34691,7040,12960
0,34696,7040,12960
0,34701,7040,12960
0,34706,7030,12970
0,34711,7030,12970
0,34716,7030,12970
0,34721,7030,12970
0,34726,7030,12970
0,34731,7022,12978
0,34736,7020,12980
0,34741,7020,12980
0,34746,7020,12980
0,34751,7020,12980
0,34756,7018,12982
0,34761,7010,12990
0,34766,7010,12990
0,34771,7010,12990
0,34776,7010,12990
0,34781,7009,12991
0,34786,7000,13000
0,34791,7000,13000
0,34796,7000,13000
0,34801,7000,13000
0,34806,7000,13000
0,34811,6990,13010
0,34816,6990,13010
0,34821,6990,13010
0,34826,6990,13010
0,34831,6990,13010
0,34836,6981,13019
0,34841,6980,13020
0,34846,6980,13020
0,34851,6980,13020
0,34856,6980,13020
0,34861,6977,13023
0,34866,6970,13030
0,34871,6970,13030
0,34876,6970,13030
0,34881,6970,13030
0,34886,6970,13030
0,34891,6960,13040
0,34896,6960,13040
0,34901,6960,13040
0,34906,6960,13040
0,34911,6960,13040
0,34916,6952,13048
0,34921,6950,13050
0,34926,6950,13050
0,34931,6950,13050
0,34936,6950,13050
0,34941,6950,13050
0,34946,6940,13060
0,34951,6940,13060
0,34956,6940,13060
0,34961,6940,13060
0,34966,6940,13060
0,34971,6930,13070
0,34976,6930,13070
0,34981,6930,13070
0,34986,6930,13070
0,34991,6930,13070
0,34996,6922,13078
0,35001,6920,13080
0,35006,6920,13080
0,35011,6920,13080
0,35016,6920,13080
0,35021,6919,13081
0,35026,6910,13090
0,35031,6910,13090
0,35036,6910,13090
0,35041,6910,13090
0,35046,6910,13090
0,35051,6900,13100
0,35056,6900,13100
0,35061,6900,13100
0,35066,6900,13100
0,35071,6900,13100
0,35076,6896,13104
0,35081,6890,13110
0,35086,6890,13110
0,35091,6890,13110
0,35096,6890,13110
0,35101,6890,13110
0,35106,6880,13120
0,35111,6880,13120
0,35116,6880,13120
0,35121,6880,13120
0,35126,6880,13120
0,35131,6870,13130
0,35136,6870,13130
0,35141,6870,13130
0,35146,6870,13130
0,35151,6870,13130
0,35156,6864,13136
0,35161,6860,13140
0,35166,6860,13140
0,35171,6860,13140
0,35176,6860,13140
0,35181,6859,13141
0,35186,6850,13150
0,35191,6850,13150
0,35196,6850,13150
0,35201,6850,13150
0,35206,6850,13150
0,35211,6841,13159
0,35216,6840,13160
0,35221,6840,13160
0,35226,6840,13160
0,35231,6840,13160
0,35236,6836,13164
0,35241,6830,13170
0,35246,6830,13170
0,35251,6830,13170
0,35256,6830,13170
0,35261,6830,13170
0,35266,6820,13180
0,35271,6820,13180
0,35276,6820,13180
0,35281,6820,13180
0,35286,6820,13180
0,35291,6812,13188
0,35296,6810,13190
0,35301,6810,13190
0,35306,6810,13190
0,35311,6810,13190
0,35316,6808,13192
0,35321,6800,13200
0,35326,6800,13200
0,35331,6800,13200
0,35336,6800,13200
0,35341,6800,13200
0,35346,6790,13210
0,35351,6790,13210
0,35356,6790,13210
0,35361,6790,13210
0,35366,6790,13210
0,35371,6781,13219
0,35376,6780,13220
0,35381,6780,13220
0,35386,6780,13220
0,35391,6780,13220
0,35396,6777,13223
0,35401,6770,13230
0,35406,6770,13230
0,35411,6770,13230
0,35416,6770,13230
0,35421,6770,13230
0,35426,6760,13240
0,35431,6760,13240
0,35436,6760,13240
0,35441,6760,13240
0,35446,6760,13240
0,35451,6753,13247
0,35456,6750,13250
0,35461,6750,13250
0,35466,6750,13250
0,35471,6750,13250
0,35476,6749,13251
0,35481,6740,13260
0,35486,6740,13260
0,35491,6740,13260
0,35496,6740,13260
0,35501,6740,13260
0,35506,6730,13270
0,35511,6730,13270
0,35516,6730,13270
0,35521,6730,13270
0,35526,6730,13270
0,35531,6726,13274
0,35536,6720,13280
0,35541,6720,13280
0,35546,6720,13280
0,35551,6720,13280
0,35556,6719,13281
0,35561,6710,13290
0,35566,6710,13290
0,35571,6710,13290
0,35576,6710,13290
0,35581,6710,13290
0,35586,6700,13300
0,35591,6700,13300
0,35596,6700,13300
0,35601,6700,13300
0,35606,6700,13300
0,35611,6694,13306
0,35616,6690,13310
0,35621,6690,13310
0,35626,6690,13310
0,35631,6690,13310
0,35636,6690,13310
0,35641,6680,13320
0,35646,6680,13320
0,35651,6680,13320
0,35656,6680,13320
0,35661,6680,13320
0,35666,6671,13329
0,35671,6670,13330
0,35676,6670,13330
0,35681,6670,13330
0,35686,6670,13330
0,35691,6670,13330
0,35696,6660,13340
0,35701,6660,13340
0,35706,6660,13340
0,35711,6660,13340
0,35716,6660,13340
0,35721,6650,13350
0,35726,6650,13350
0,35731,6650,13350
0,35736,6650,13350
0,35741,6650,13350
0,35746,6643,13357
0,35751,6640,13360
0,35756,6640,13360
0,35761,6640,13360
0,35766,6640,13360
0,35771,6639,13361
0,35776,6630,13370
0,35781,6630,13370
0,35786,6630,13370
0,35791,6630,13370
0,35796,6630,13370
0,35801,6621,13379
0,35806,6620,13380
0,35811,6620,13380
0,35816,6620,13380
0,35821,6620,13380
0,35826,6618,13382
0,35831,6610,13390
0,35836,6610,13390
0,35841,6610,13390
0,35846,6610,13390
0,35851,6610,13390
0,35856,6600,13400
0,35861,6600,13400
0,35866,6600,13400
0,35871,6600,13400
0,35876,6600,13400
0,35881,6591,13409
0,35886,6590,13410
0,35891,6590,13410
0,35896,6590,13410
0,35901,6590,13410
0,35906,6587,13413
0,35911,6580,13420
0,35916,6580,13420
0,35921,6580,13420
0,35926,6580,13420
0,35931,6580,13420
0,35936,6570,13430
0,35941,6570,13430
0,35946,6570,13430
0,35951,6570,13430
0,35956,6570,13430
0,35961,6560,13440
0,35966,6560,13440
0,35971,6560,13440
0,35976,6560,13440
0,35981,6560,13440
0,35986,6552,13448
0,35991,6550,13450
0,35996,6550,13450
0,36001,6550,13450
0,36006,6550,13450
0,36011,6547,13453
0,36016,6540,13460
0,36021,6540,13460
0,36026,6540,13460
0,36031,6540,13460
0,36036,6540,13460
0,36041,6530,13470
0,36046,6530,13470
0,36051,6530,13470
0,36056,6530,13470
0,36061,6530,13470
0,36066,6521,13479
0,36071,6520,13480
0,36076,6520,13480
0,36081,6520,13480
0,36086,6520,13480
0,36091,6517,13483
0,36096,6510,13490
0,36101,6510,13490
0,36106,6510,13490
0,36111,6510,13490
0,36116,6510,13490
0,36121,6500,13500
0,36126,6500,13500
0,36131,6500,13500
0,36136,6500,13500
0,36141,6500,13500
0,36146,6492,13508
0,36151,6490,13510
0,36156,6490,13510
0,36161,6490,13510
0,36166,6490,13510
0,36171,6487,13513
0,36176,6480,13520
0,36181,6480,13520
0,36186,6480,13520
0,36191,6480,13520
0,36196,6480,13520
0,36201,6470,13530
0,36206,6470,13530
0,36211,6470,13530
0,36216,6470,13530
0,36221,6470,13530
0,36226,6460,13540
0,36231,6460,13540
0,36236,6460,13540
0,36241,6460,13540
0,36246,6460,13540
0,36251,6457,13543
0,36256,6450,13550
0,36261,6450,13550
0,36266,6450,13550
0,36271,6450,13550
0,36276,6450,13550
0,36281,6440,13560
0,36286,6440,13560
0,36291,6440,13560
0,36296,6440,13560
0,36301,6440,13560
0,36306,6432,13568
0,36311,6430,13570
0,36316,6430,13570
0,36321,6430,13570
0,36326,6430,13570
0,36331,6427,13573
0,36336,6420,13580
0,36341,6420,13580
0,36346,6420,13580
0,36351,6420,13580
0,36356,6420,13580
0,36361,6410,13590
0,36366,6410,13590
0,36371,6410,13590
0,36376,6410,13590
0,36381,6410,13590
0,36386,6404,13596
0,36391,6400,13600
0,36396,6400,13600
0,36401,6400,13600
0,36406,6400,13600
0,36411,6400,13600
0,36416,6390,13610
0,36421,6390,13610
0,36426,6390,13610
0,36431,6390,13610
0,36436,6390,13610
0,36441,6383,13617
0,36446,6380,13620
0,36451,6380,13620
0,36456,6380,13620
0,36461,6380,13620
0,36466,6379,13621
0,36471,6370,13630
0,36476,6370,13630
0,36481,6370,13630
0,36486,6370,13630
0,36491,6370,13630
0,36496,6362,13638
0,36501,6360,13640
0,36506,6360,13640
0,36511,6360,13640
0,36516,6360,13640
0,36521,6357,13643
0,36526,6350,13650
0,36531,6350,13650
0,36536,6350,13650
0,36541,6350,13650
0,36546,6350,13650
0,36551,6340,13660
0,36556,6340,13660
0,36561,6340,13660
0,36566,6340,13660
0,36571,6340,13660
0,36576,6330,13670
0,36581,6330,13670
0,36586,6330,13670
0,36591,6330,13670
0,36596,6330,13670
0,36601,6326,13674
0,36606,6320,13680
0,36611,6320,13680
0,36616,6320,13680
0,36621,6320,13680
0,36626,6319,13681
0,36631,6310,13690
0,36636,6310,13690
0,36641,6310,13690
0,36646,6310,13690
0,36651,6310,13690
0,36656,6300,13700
0,36661,6300,13700
0,36666,6300,13700
0,36671,6300,13700
0,36676,6300,13700
0,36681,6290,13710
0,36686,6290,13710
0,36691,6290,13710
0,36696,6290,13710
0,36701,6290,13710
0,36706,6286,13714
0,36711,6280,13720
0,36716,6280,13720
0,36721,6280,13720
0,36726,6280,13720
0,36731,6280,13720
0,36736,6270,13730
0,36741,6270,13730
0,36746,6270,13730
0,36751,6270,13730
0,36756,6270,13730
0,36761,6263,13737
0,36766,6260,13740
0,36771,6260,13740
0,36776,6260,13740
0,36781,6260,13740
0,36786,6258,13742
0,36791,6250,13750
0,36796,6250,13750
0,36801,6250,13750
0,36806,6250,13750
0,36811,6250,13750
0,36816,6240,13760
0,36821,6240,13760
0,36826,6240,13760
0,36831,6240,13760
0,36836,6240,13760
0,36841,6232,13768
0,36846,6230,13770
0,36851,6230,13770
0,36856,6230,13770
0,36861,6230,13770
0,36866,6227,13773
0,36871,6220,13780
0,36876,6220,13780
0,36881,6220,13780
0,36886,6220,13780
0,36891,6220,13780
0,36896,6210,13790
0,36901,6210,13790
0,36906,6210,13790
0,36911,6210,13790
0,36916,6210,13790
0,36921,6204,13796
0,36926,6200,13800
0,36931,6200,13800
0,36936,6200,13800
0,36941,6200,13800
0,36946,6200,13800
0,36951,6190,13810
0,36956,6190,13810
0,36961,6190,13810
0,36966,6190,13810
0,36971,6190,13810
0,36976,6180,13820
0,36981,6180,13820
0,36986,6180,13820
0,36991,6180,13820
0,36996,6180,13820
0,37001,6173,13827
0,37006,6170,13830
0,37011,6170,13830
0,37016,6170,13830
0,37021,6170,13830
0,37026,6169,13831
0,37031,6160,13840
0,37036,6160,13840
0,37041,6160,13840
0,37046,6160,13840
0,37051,6160,13840
0,37056,6150,13850
0,37061,6150,13850
0,37066,6150,13850
0,37071,6150,13850
0,37076,6150,13850
0,37081,6141,13859
0,37086,6140,13860
0,37091,6140,13860
0,37096,6140,13860
0,37101,6140,13860
0,37106,6137,13863
0,37111,6130,13870
0,37116,6130,13870
0,37121,6130,13870
0,37126,6130,13870
0,37131,6130,13870
0,37136,6120,13880
0,37141,6120,13880
0,37146,6120,13880
0,37151,6120,13880
0,37156,6120,13880
0,37161,6110,13890
0,37166,6110,13890
0,37171,6110,13890
0,37176,6110,13890
0,37181,6110,13890
0,37186,6106,13894
0,37191,6100,13900
0,37196,6100,13900
0,37201,6100,13900
0,37206,6100,13900
0,37211,6099,13901
0,37216,6090,13910
0,37221,6090,13910
0,37226,6090,13910
0,37231,6090,13910
0,37236,6090,13910
0,37241,6080,13920
0,37246,6080,13920
0,37251,6080,13920
0,37256,6080,13920
0,37261,6080,13920
0,37266,6073,13927
0,37271,6070,13930
0,37276,6070,13930
0,37281,6070,13930
0,37286,6070,13930
0,37291,6070,13930
0,37296,6060,13940
0,37301,6060,13940
0,37306,6060,13940
0,37311,6060,13940
0,37316,6060,13940
0,37321,6050,13950
0,37326,6050,13950
0,37331,6050,13950
0,37336,6050,13950
0,37341,6050,13950
0,37346,6048,13952
0,37351,6040,13960
0,37356,6040,13960
0,37361,6040,13960
0,37366,6040,13960
0,37371,6040,13960
0,37376,6030,13970
0,37381,6030,13970
0,37386,6030,13970
0,37391,6030,13970
0,37396,6030,13970
0,37401,6022,13978
0,37406,6020,13980
0,37411,6020,13980
0,37416,6020,13980
0,37421,6020,13980
0,37426,6015,13985
0,37431,6010,13990
0,37436,6010,13990
0,37441,6010,13990
0,37446,6010,13990
0,37451,6010,13990
0,37456,6000,14000
0,37461,6000,14000
0,37466,6000,14000
0,37471,6000,14000
0,37476,6000,14000
0,37481,5990,14010
0,37486,5990,14010
0,37491,5990,14010
0,37496,5990,14010
0,37501,5990,14010
0,37506,5988,14012
0,37511,5980,14020
0,37516,5980,14020
0,37521,5980,14020
0,37526,5980,14020
0,37531,5980,14020
0,37536,5970,14030
0,37541,5970,14030
0,37546,5970,14030
0,37551,5970,14030
0,37556,5970,14030
0,37561,5960,14040
0,37566,5960,14040
0,37571,5960,14040
0,37576,5960,14040
0,37581,5960,14040
0,37586,5952,14048
0,37591,5950,14050
0,37596,5950,14050
0,37601,5950,14050
0,37606,5950,14050
0,37611,5948,14052
0,37616,5940,14060
0,37621,5940,14060
0,37626,5940,14060
0,37631,5940,14060
0,37636,5940,14060
0,37641,5931,14069
0,37646,5930,14070
0,37651,5930,14070
0,37656,5930,14070
0,37661,5930,14070
0,37666,5929,14071
0,37671,5920,14080
0,37676,5920,14080
0,37681,5920,14080
0,37686,5920,14080
0,37691,5920,14080
0,37696,5910,14090
0,37701,5910,14090
0,37706,5910,14090
0,37711,5910,14090
0,37716,5910,14090
0,37721,5901,14099
0,37726,5900,14100
0,37731,5900,14100
0,37736,5900,14100
0,37741,5900,14100
0,37746,5895,14105
0,37751,5890,14110
0,37756,5890,14110
0,37761,5890,14110
0,37766,5890,14110
0,37771,5890,14110
0,37776,5880,14120
0,37781,5880,14120
0,37786,5880,14120
0,37791,5880,14120
0,37796,5880,14120
0,37801,5871,14129
0,37806,5870,14130
0,37811,5870,14130
0,37816,5870,14130
0,37821,5870,14130
0,37826,5869,14131
0,37831,5860,14140
0,37836,5860,14140
0,37841,5860,14140
0,37846,5860,14140
0,37851,5860,14140
0,37856,5851,14149
0,37861,5850,14150
0,37866,5850,14150
0,37871,5850,14150
0,37876,5850,14150
0,37881,5845,14155
0,37886,5840,14160
0,37891,5840,14160
0,37896,5840,14160
0,37901,5840,14160
0,37906,5840,14160
0,37911,5830,14170
0,37916,5830,14170
0,37921,5830,14170
0,37926,5830,14170
0,37931,5830,14170
0,37936,5821,14179
0,37941,5820,14180
0,37946,5820,14180
0,37951,5820,14180
0,37956,5820,14180
0,37961,5813,14187
0,37966,5810,14190
0,37971,5810,14190
0,37976,5810,14190
0,37981,5810,14190
0,37986,5810,14190
0,37991,5800,14200
0,37996,5800,14200
0,38001,5800,14200
0,38006,5800,14200
0,38011,5800,14200
0,38016,5790,14210
0,38021,5790,14210
0,38026,5790,14210
0,38031,5790,14210
0,38036,5790,14210
0,38041,5782,14218
0,38046,5780,14220
0,38051,5780,14220
0,38056,5780,14220
0,38061,5780,14220
0,38066,5776,14224
0,38071,5770,14230
0,38076,5770,14230
0,38081,5770,14230
0,38086,5770,14230
0,38091,5769,14231
0,38096,5760,14240
0,38101,5760,14240
0,38106,5760,14240
0,38111,5760,14240
0,38116,5760,14240
0,38121,5750,14250
0,38126,5750,14250
0,38131,5750,14250
0,38136,5750,14250
0,38141,5750,14250
0,38146,5747,14253
0,38151,5740,14260
0,38156,5740,14260
0,38161,5740,14260
0,38166,5740,14260
0,38171,5739,14261
0,38176,5730,14270
0,38181,5730,14270
0,38186,5730,14270
0,38191,5730,14270
0,38196,5730,14270
0,38201,5721,14279
0,38206,5720,14280
0,38211,5720,14280
0,38216,5720,14280
0,38221,5720,14280
0,38226,5716,14284
0,38231,5710,14290
0,38236,5710,14290
0,38241,5710,14290
0,38246,5710,14290
0,38251,5710,14290
0,38256,5700,14300
0,38261,5700,14300
0,38266,5700,14300
0,38271,5700,14300
0,38276,5700,14300
0,38281,5691,14309
0,38286,5690,14310
0,38291,5690,14310
0,38296,5690,14310
0,38301,5690,14310
0,38306,5688,14312
0,38311,5680,14320
0,38316,5680,14320
0,38321,5680,14320
0,38326,5680,14320
0,38331,5680,14320
0,38336,5670,14330
0,38341,5670,14330
0,38346,5670,14330
0,38351,5670,14330
0,38356,5670,14330
0,38361,5660,14340
0,38366,5660,14340
0,38371,5660,14340
0,38376,5660,14340
0,38381,5660,14340
0,38386,5656,14344
0,38391,5650,14350
0,38396,5650,14350
0,38401,5650,14350
0,38406,5650,14350
0,38411,5650,14350
0,38416,5640,14360
0,38421,5640,14360
0,38426,5640,14360
0,38431,5640,14360
0,38436,5640,14360
0,38441,5633,14367
0,38446,5630,14370
0,38451,5630,14370
0,38456,5630,14370
0,38461,5630,14370
0,38466,5629,14371
0,38471,5620,14380
0,38476,5620,14380
0,38481,5620,14380
0,38486,5620,14380
0,38491,5620,14380
0,38496,5610,14390
0,38501,5610,14390
0,38506,5610,14390
0,38511,5610,14390
0,38516,5610,14390
0,38521,5608,14392
0,38526,5600,14400
0,38531,5600,14400
0,38536,5600,14400
0,38541,5600,14400
0,38546,5600,14400
0,38551,5590,14410
0,38556,5590,14410
0,38561,5590,14410
0,38566,5590,14410
0,38571,5590,14410
0,38576,5580,14420
0,38581,5580,14420
0,38586,5580,14420
0,38591,5580,14420
0,38596,5580,14420
0,38601,5579,14421
0,38606,5570,14430
0,38611,5570,14430
0,38616,5570,14430
0,38621,5570,14430
0,38626,5569,14431
0,38631,5560,14440
0,38636,5560,14440
0,38641,5560,14440
0,38646,5560,14440
0,38651,5560,14440
0,38656,5551,14449
0,38661,5550,14450
0,38666,5550,14450
0,38671,5550,14450
0,38676,5550,14450
0,38681,5550,14450
0,38686,5540,14460
0,38691,5540,14460
0,38696,5540,14460
0,38701,5540,14460
0,38706,5540,14460
0,38711,5531,14469
0,38716,5530,14470
0,38721,5530,14470
0,38726,5530,14470
0,38731,5530,14470
0,38736,5525,14475
0,38741,5520,14480
0,38746,5520,14480
0,38751,5520,14480
0,38756,5520,14480
0,38761,5519,14481
0,38766,5510,14490
0,38771,5510,14490
0,38776,5510,14490
0,38781,5510,14490
0,38786,5510,14490
0,38791,5501,14499
0,38796,5500,14500
0,38801,5500,14500
0,38806,5500,14500
0,38811,5500,14500
0,38816,5495,14505
0,38821,5490,14510
0,38826,5490,14510
0,38831,5490,14510
0,38836,5490,14510
0,38841,5490,14510
0,38846,5480,14520
0,38851,5480,14520
0,38856,5480,14520
0,38861,5480,14520
0,38866,5480,14520
0,38871,5471,14529
0,38876,5470,14530
0,38881,5470,14530
0,38886,5470,14530
0,38891,5470,14530
0,38896,5467,14533
0,38901,5460,14540
0,38906,5460,14540
0,38911,5460,14540
0,38916,5460,14540
0,38921,5460,14540
0,38926,5450,14550
0,38931,5450,14550
0,38936,5450,14550
0,38941,5450,14550
0,38946,5450,14550
0,38951,5443,14557
0,38956,5440,14560
0,38961,5440,14560
0,38966,5440,14560
0,38971,5440,14560
0,38976,5440,14560
0,38981,5430,14570
0,38986,5430,14570
0,38991,5430,14570
0,38996,5430,14570
0,39001,5430,14570
0,39006,5422,14578
0,39011,5420,14580
0,39016,5420,14580
0,39021,5420,14580
0,39026,5420,14580
0,39031,5417,14583
0,39036,5410,14590
0,39041,5410,14590
0,39046,5410,14590
0,39051,5410,14590
0,39056,5410,14590
0,39061,5400,14600
0,39066,5400,14600
0,39071,5400,14600
0,39076,5400,14600
0,39081,5400,14600
0,39086,5391,14609
0,39091,5390,14610
0,39096,5390,14610
0,39101,5390,14610
0,39106,5390,14610
0,39111,5385,14615
0,39116,5380,14620
0,39121,5380,14620
0,39126,5380,14620
0,39131,5380,14620
0,39136,5380,14620
0,39141,5370,14630
0,39146,5370,14630
0,39151,5370,14630
0,39156,5370,14630
0,39161,5370,14630
0,39166,5365,14635
0,39171,5360,14640
0,39176,5360,14640
0,39181,5360,14640
0,39186,5360,14640
0,39191,5360,14640
0,39196,5350,14650
0,39201,5350,14650
0,39206,5350,14650
0,39211,5350,14650
0,39216,5350,14650
0,39221,5342,14658
0,39226,5340,14660
0,39231,5340,14660
0,39236,5340,14660
0,39241,5340,14660
0,39246,5340,14660
0,39251,5330,14670
0,39256,5330,14670
0,39261,5330,14670
0,39266,5330,14670
0,39271,5330,14670
0,39276,5320,14680
0,39281,5320,14680
0,39286,5320,14680
0,39291,5320,14680
0,39296,5320,14680
0,39301,5314,14686
0,39306,5310,14690
0,39311,5310,14690
0,39316,5310,14690
0,39321,5310,14690
0,39326,5310,14690
0,39331,5300,14700
0,39336,5300,14700
0,39341,5300,14700
0,39346,5300,14700
0,39351,5300,14700
0,39356,5290,14710
0,39361,5290,14710
0,39366,5290,14710
0,39371,5290,14710
0,39376,5290,14710
0,39381,5283,14717
0,39386,5280,14720
0,39391,5280,14720
0,39396,5280,14720
0,39401,5280,14720
0,39406,5280,14720
0,39411,5270,14730
0,39416,5270,14730
0,39421,5270,14730
0,39426,5270,14730
0,39431,5270,14730
0,39436,5266,14734
0,39441,5260,14740
0,39446,5260,14740
0,39451,5260,14740
0,39456,5260,14740
0,39461,5260,14740
0,39466,5250,14750
0,39471,5250,14750
0,39476,5250,14750
0,39481,5250,14750
0,39486,5250,14750
0,39491,5240,14760
0,39496,5240,14760
0,39501,5240,14760
0,39506,5240,14760
0,39511,5240,14760
0,39516,5234,14766
0,39521,5230,14770
0,39526,5230,14770
0,39531,5230,14770
0,39536,5230,14770
0,39541,5229,14771
0,39546,5220,14780
0,39551,5220,14780
0,39556,5220,14780
0,39561,5220,14780
0,39566,5220,14780
0,39571,5212,14788
0,39576,5210,14790
0,39581,5210,14790
0,39586,5210,14790
0,39591,5210,14790
0,39596,5210,14790
0,39601,5200,14800
0,39606,5200,14800
0,39611,5200,14800
0,39616,5200,14800
0,39621,5200,14800
0,39626,5190,14810
0,39631,5190,14810
0,39636,5190,14810
0,39641,5190,14810
0,39646,5190,14810
0,39651,5184,14816
0,39656,5180,14820
0,39661,5180,14820
0,39666,5180,14820
0,39671,5180,14820
0,39676,5180,14820
0,39681,5170,14830
0,39686,5170,14830
0,39691,5170,14830
0,39696,5170,14830
0,39701,5170,14830
0,39706,5160,14840
0,39711,5160,14840
0,39716,5160,14840
0,39721,5160,14840
0,39726,5160,14840
0,39731,5156,14844
0,39736,5150,14850
0,39741,5150,14850
0,39746,5150,14850
0,39751,5150,14850
0,39756,5150,14850
0,39761,5140,14860
0,39766,5140,14860
0,39771,5140,14860
0,39776,5140,14860
0,39781,5140,14860
0,39786,5133,14867
0,39791,5130,14870
0,39796,5130,14870
0,39801,5130,14870
0,39806,5130,14870
0,39811,5128,14872
0,39816,5120,14880
0,39821,5120,14880
0,39826,5120,14880
0,39831,5120,14880
0,39836,5120,14880
0,39841,5110,14890
0,39846,5110,14890
0,39851,5110,14890
0,39856,5110,14890
0,39861,5110,14890
0,39866,5102,14898
0,39871,5100,14900
0,39876,5100,14900
0,39881,5100,14900
0,39886,5100,14900
0,39891,5098,14902
0,39896,5090,14910
0,39901,5090,14910
0,39906,5090,14910
0,39911,5090,14910
0,39916,5089,14911
0,39921,5080,14920
0,39926,5080,14920
0,39931,5080,14920
0,39936,5080,14920
0,39941,5080,14920
0,39946,5070,14930
0,39951,5070,14930
0,39956,5070,14930
0,39961,5070,14930
0,39966,5070,14930
0,39971,5064,14936
0,39976,5060,14940
0,39981,5060,14940
0,39986,5060,14940
0,39991,5060,14940
0,39996,5060,14940
0,40001,5050,14950
0,40006,5050,14950
0,40011,5050,14950
0,40016,5050,14950
0,40021,5050,14950
0,40026,5040,14960
0,40031,5040,14960
0,40036,5040,14960
0,40041,5040,14960
0,40046,5040,14960
0,40051,5034,14966
0,40056,5030,14970
0,40061,5030,14970
0,40066,5030,14970
0,40071,5030,14970
0,40076,5030,14970
0,40081,5020,14980
0,40086,5020,14980
0,40091,5020,14980
0,40096,5020,14980
0,40101,5020,14980
0,40106,5011,14989
0,40111,5010,14990
0,40116,5010,14990
0,40121,5010,14990
0,40126,5010,14990
0,40131,5006,14994
0,40136,5000,15000
0,40141,5000,15000
0,40146,5000,15000
0,40151,5000,15000
0,40156,4999,15001
0,40161,4990,15010
0,40166,4990,15010
0,40171,4990,15010
0,40176,4990,15010
0,40181,4990,15010
0,40186,4980,15020
0,40191,4980,15020
0,40196,4980,15020
0,40201,4980,15020
0,40206,4980,15020
0,40211,4976,15024
0,40216,4970,15030
0,40221,4970,15030
0,40226,4970,15030
0,40231,4970,15030
0,40236,4970,15030
0,40241,4960,15040
0,40246,4960,15040
0,40251,4960,15040
0,40256,4960,15040
0,40261,4960,15040
0,40266,4950,15050
0,40271,4950,15050
0,40276,4950,15050
0,40281,4950,15050
0,40286,4950,15050
0,40291,4945,15055
0,40296,4940,15060
0,40301,4940,15060
0,40306,4940,15060
0,40311,4940,15060
0,40316,4939,15061
0,40321,4930,15070
0,40326,4930,15070
0,40331,4930,15070
0,40336,4930,15070
0,40341,4930,15070
0,40346,4920,15080
0,40351,4920,15080
0,40356,4920,15080
0,40361,4920,15080
0,40366,4920,15080
0,40371,4913,15087
0,40376,4910,15090
0,40381,4910,15090
0,40386,4910,15090
0,40391,4910,15090
0,40396,4910,15090
0,40401,4900,15100
0,40406,4900,15100
0,40411,4900,15100
0,40416,4900,15100
0,40421,4900,15100
0,40426,4890,15110
0,40431,4890,15110
0,40436,4890,15110
0,40441,4890,15110
0,40446,4890,15110
0,40451,4887,15113
0,40456,4880,15120
0,40461,4880,15120
0,40466,4880,15120
0,40471,4880,15120
0,40476,4880,15120
0,40481,4870,15130
0,40486,4870,15130
0,40491,4870,15130
0,40496,4870,15130
0,40501,4870,15130
0,40506,4860,15140
0,40511,4860,15140
0,40516,4860,15140
0,40521,4860,15140
0,40526,4860,15140
0,40531,4856,15144
0,40536,4850,15150
0,40541,4850,15150
0,40546,4850,15150
0,40551,4850,15150
0,40556,4849,15151
0,40561,4840,15160
0,40566,4840,15160
0,40571,4840,15160
0,40576,4840,15160
0,40581,4840,15160
0,40586,4830,15170
0,40591,4830,15170
0,40596,4830,15170
0,40601,4830,15170
0,40606,4830,15170
0,40611,4823,15177
0,40616,4820,15180
0,40621,4820,15180
0,40626,4820,15180
0,40631,4820,15180
0,40636,4820,15180
0,40641,4810,15190
0,40646,4810,15190
0,40651,4810,15190
0,40656,4810,15190
0,40661,4810,15190
0,40666,4802,15198
0,40671,4800,15200
0,40676,4800,15200
0,40681,4800,15200
0,40686,4800,15200
0,40691,4800,15200
0,40696,4790,15210
0,40701,4790,15210
0,40706,4790,15210
0,40711,4790,15210
0,40716,4790,15210
0,40721,4780,15220
0,40726,4780,15220
0,40731,4780,15220
0,40736,4780,15220
0,40741,4780,15220
0,40746,4774,15226
0,40751,4770,15230
0,40756,4770,15230
0,40761,4770,15230
0,40766,4770,15230
0,40771,4770,15230
0,40776,4760,15240
0,40781,4760,15240
0,40786,4760,15240
0,40791,4760,15240
0,40796,4760,15240
0,40801,4750,15250
0,40806,4750,15250
0,40811,4750,15250
0,40816,4750,15250
0,40821,4750,15250
0,40826,4743,15257
0,40831,4740,15260
0,40836,4740,15260
0,40841,4740,15260
0,40846,4740,15260
0,40851,4740,15260
0,40856,4730,15270
0,40861,4730,15270
0,40866,4730,15270
0,40871,4730,15270
0,40876,4730,15270
0,40881,4722,15278
0,40886,4720,15280
0,40891,4720,15280
0,40896,4720,15280
0,40901,4720,15280
0,40906,4717,15283
0,40911,4710,15290
0,40916,4710,15290
0,40921,4710,15290
0,40926,4710,15290
0,40931,4710,15290
0,40936,4700,15300
0,40941,4700,15300
0,40946,4700,15300
0,40951,4700,15300
0,40956,4700,15300
0,40961,4696,15304
0,40966,4690,15310
0,40971,4690,15310
0,40976,4690,15310
0,40981,4690,15310
0,40986,4690,15310
0,40991,4680,15320
0,40996,4680,15320
0,41001,4680,15320
0,41006,4680,15320
0,41011,4680,15320
0,41016,4673,15327
0,41021,4670,15330
0,41026,4670,15330
0,41031,4670,15330
0,41036,4670,15330
0,41041,4669,15331
0,41046,4660,15340
0,41051,4660,15340
0,41056,4660,15340
0,41061,4660,15340
0,41066,4660,15340
0,41071,4651,15349
0,41076,4650,15350
0,41081,4650,15350
0,41086,4650,15350
0,41091,4650,15350
0,41096,4644,15356
0,41101,4640,15360
0,41106,4640,15360
0,41111,4640,15360
0,41116,4640,15360
0,41121,4640,15360
0,41126,4630,15370
0,41131,4630,15370
0,41136,4630,15370
0,41141,4630,15370
0,41146,4630,15370
0,41151,4621,15379
0,41156,4620,15380
0,41161,4620,15380
0,41166,4620,15380
0,41171,4620,15380
0,41176,4618,15382
0,41181,4610,15390
0,41186,4610,15390
0,41191,4610,15390
0,41196,4610,15390
0,41201,4610,15390
0,41206,4600,15400
0,41211,4600,15400
0,41216,4600,15400
0,41221,4600,15400
0,41226,4600,15400
0,41231,4591,15409
0,41236,4590,15410
0,41241,4590,15410
0,41246,4590,15410
0,41251,4590,15410
0,41256,4588,15412
0,41261,4580,15420
0,41266,4580,15420
0,41271,4580,15420
0,41276,4580,15420
0,41281,4580,15420
0,41286,4570,15430
0,41291,4570,15430
0,41296,4570,15430
0,41301,4570,15430
0,41306,4570,15430
0,41311,4563,15437
0,41316,4560,15440
0,41321,4560,15440
0,41326,4560,15440
0,41331,4560,15440
0,41336,4560,15440
0,41341,4550,15450
0,41346,4550,15450
0,41351,4550,15450
0,41356,4550,15450
0,41361,4550,15450
0,41366,4540,15460
0,41371,4540,15460
0,41376,4540,15460
0,41381,4540,15460
0,41386,4540,15460
0,41391,4535,15465
0,41396,4530,15470
0,41401,4530,15470
0,41406,4530,15470
0,41411,4530,15470
0,41416,4530,15470
0,41421,4520,15480
0,41426,4520,15480
0,41431,4520,15480
0,41436,4520,15480
0,41441,4520,15480
0,41446,4510,15490
0,41451,4510,15490
0,41456,4510,15490
0,41461,4510,15490
0,41466,4510,15490
0,41471,4508,15492
0,41476,4500,15500
0,41481,4500,15500
0,41486,4500,15500
0,41491,4500,15500
0,41496,4500,15500
0,41501,4490,15510
0,41506,4490,15510
0,41511,4490,15510
0,41516,4490,15510
0,41521,4490,15510
0,41526,4483,15517
0,41531,4480,15520
0,41536,4480,15520
0,41541,4480,15520
0,41546,4480,15520
0,41551,4477,15523
0,41556,4470,15530
0,41561,4470,15530
0,41566,4470,15530
0,41571,4470,15530
0,41576,4470,15530
0,41581,4460,15540
0,41586,4460,15540
0,41591,4460,15540
0,41596,4460,15540
0,41601,4460,15540
0,41606,4451,15549
0,41611,4450,15550
0,41616,4450,15550
0,41621,4450,15550
0,41626,4450,15550
0,41631,4447,15553
0,41636,4440,15560
0,41641,4440,15560
0,41646,4440,15560
0,41651,4440,15560
0,41656,4440,15560
0,41661,4430,15570
0,41666,4430,15570
0,41671,4430,15570
0,41676,4430,15570
0,41681,4430,15570
0,41686,4426,15574
0,41691,4420,15580
0,41696,4420,15580
0,41701,4420,15580
0,41706,4420,15580
0,41711,4420,15580
0,41716,4410,15590
0,41721,4410,15590
0,41726,4410,15590
0,41731,4410,15590
0,41736,4410,15590
0,41741,4403,15597
0,41746,4400,15600
0,41751,4400,15600
0,41756,4400,15600
0,41761,4400,15600
0,41766,4396,15604
0,41771,4390,15610
0,41776,4390,15610
0,41781,4390,15610
0,41786,4390,15610
0,41791,4390,15610
0,41796,4380,15620
0,41801,4380,15620
0,41806,4380,15620
0,41811,4380,15620
0,41816,4380,15620
0,41821,4371,15629
0,41826,4370,15630
0,41831,4370,15630
0,41836,4370,15630
0,41841,4370,15630
0,41846,4368,15632
0,41851,4360,15640
0,41856,4360,15640
0,41861,4360,15640
0,41866,4360,15640
0,41871,4360,15640
0,41876,4350,15650
0,41881,4350,15650
0,41886,4350,15650
0,41891,4350,15650
0,41896,4350,15650
0,41901,4348,15652
0,41906,4340,15660
0,41911,4340,15660
0,41916,4340,15660
0,41921,4340,15660
0,41926,4340,15660
0,41931,4330,15670
0,41936,4330,15670
0,41941,4330,15670
0,41946,4330,15670
0,41951,4330,15670
0,41956,4320,15680
0,41961,4320,15680
0,41966,4320,15680
0,41971,4320,15680
0,41976,4320,15680
0,41981,4315,15685
0,41986,4310,15690
0,41991,4310,15690
0,41996,4310,15690
0,42001,4310,15690
0,42006,4310,15690
0,42011,4300,15700
0,42016,4300,15700
0,42021,4300,15700
0,42026,4300,15700
0,42031,4300,15700
0,42036,4290,15710
0,42041,4290,15710
0,42046,4290,15710
0,42051,4290,15710
0,42056,4290,15710
0,42061,4283,15717
0,42066,4280,15720
0,42071,4280,15720
0,42076,4280,15720
0,42081,4280,15720
0,42086,4280,15720
0,42091,4270,15730
0,42096,4270,15730
0,42101,4270,15730
0,42106,4270,15730
0,42111,4270,15730
0,42116,4261,15739
0,42121,4260,15740
0,42126,4260,15740
0,42131,4260,15740
0,42136,4260,15740
0,42141,4258,15742
0,42146,4250,15750
0,42151,4250,15750
0,42156,4250,15750
0,42161,4250,15750
0,42166,4250,15750
0,42171,4240,15760
0,42176,4240,15760
0,42181,4240,15760
0,42186,4240,15760
0,42191,4240,15760
0,42196,4233,15767
0,42201,4230,15770
0,42206,4230,15770
0,42211,4230,15770
0,42216,4230,15770
0,42221,4229,15771
0,42226,4220,15780
0,42231,4220,15780
0,42236,4220,15780
0,42241,4220,15780
0,42246,4220,15780
0,42251,4210,15790
0,42256,4210,15790
0,42261,4210,15790
0,42266,4210,15790
0,42271,4210,15790
0,42276,4200,15800
0,42281,4200,15800
0,42286,4200,15800
0,42291,4200,15800
0,42296,4200,15800
0,42301,4195,15805
0,42306,4190,15810
0,42311,4190,15810
0,42316,4190,15810
0,42321,4190,15810
0,42326,4187,15813
0,42331,4180,15820
0,42336,4180,15820
0,42341,4180,15820
0,42346,4180,15820
0,42351,4180,15820
0,42356,4171,15829
0,42361,4170,15830
0,42366,4170,15830
0,42371,4170,15830
0,42376,4170,15830
0,42381,4167,15833
0,42386,4160,15840
0,42391,4160,15840
0,42396,4160,15840
0,42401,4160,15840
0,42406,4160,15840
0,42411,4150,15850
0,42416,4150,15850
0,42421,4150,15850
0,42426,4150,15850
0,42431,4150,15850
0,42436,4147,15853
0,42441,4140,15860
0,42446,4140,15860
0,42451,4140,15860
0,42456,4140,15860
0,42461,4140,15860
0,42466,4130,15870
0,42471,4130,15870
0,42476,4130,15870
0,42481,4130,15870
0,42486,4130,15870
0,42491,4124,15876
0,42496,4120,15880
0,42501,4120,15880
0,42506,4120,15880
0,42511,4120,15880
0,42516,4118,15882
0,42521,4110,15890
0,42526,4110,15890
0,42531,4110,15890
0,42536,4110,15890
0,42541,4110,15890
0,42546,4101,15899
0,42551,4100,15900
0,42556,4100,15900
0,42561,4100,15900
0,42566,4100,15900
0,42571,4096,15904
0,42576,4090,15910
0,42581,4090,15910
0,42586,4090,15910
0,42591,4090,15910
0,42596,4090,15910
0,42601,4080,15920
0,42606,4080,15920
0,42611,4080,15920
0,42616,4080,15920
0,42621,4080,15920
0,42626,4071,15929
0,42631,4070,15930
0,42636,4070,15930
0,42641,4070,15930
0,42646,4070,15930
0,42651,4070,15930
0,42656,4060,15940
0,42661,4060,15940
0,42666,4060,15940
0,42671,4060,15940
0,42676,4060,15940
0,42681,4050,15950
0,42686,4050,15950
0,42691,4050,15950
0,42696,4050,15950
0,42701,4050,15950
0,42706,4042,15958
0,42711,4040,15960
0,42716,4040,15960
0,42721,4040,15960
0,42726,4040,15960
0,42731,4036,15964
0,42736,4030,15970
0,42741,4030,15970
0,42746,4030,15970
0,42751,4030,15970
0,42756,4030,15970
0,42761,4020,15980
0,42766,4020,15980
0,42771,4020,15980
0,42776,4020,15980
0,42781,4020,15980
0,42786,4014,15986
0,42791,4010,15990
0,42796,4010,15990
0,42801,4010,15990
0,42806,4010,15990
0,42811,4006,15994
0,42816,4000,16000
0,42821,4000,16000
0,42826,4000,16000
0,42831,4000,16000
0,42836,4000,16000
0,42841,3990,16010
0,42846,3990,16010
0,42851,3990,16010
0,42856,3990,16010
0,42861,3990,16010
0,42866,3981,16019
0,42871,3980,16020
0,42876,3980,16020
0,42881,3980,16020
0,42886,3980,16020
0,42891,3975,16025
0,42896,3970,16030
0,42901,3970,16030
0,42906,3970,16030
0,42911,3970,16030
0,42916,3970,16030
0,42921,3960,16040
0,42926,3960,16040
0,42931,3960,16040
0,42936,3960,16040
0,42941,3960,16040
0,42946,3953,16047
0,42951,3950,16050
0,42956,3950,16050
0,42961,3950,16050
0,42966,3950,16050
0,42971,3945,16055
0,42976,3940,16060
0,42981,3940,16060
0,42986,3940,16060
0,42991,3940,16060
0,42996,3940,16060
0,43001,3930,16070
0,43006,3930,16070
0,43011,3930,16070
0,43016,3930,16070
0,43021,3930,16070
0,43026,3924,16076
0,43031,3920,16080
0,43036,3920,16080
0,43041,3920,16080
0,43046,3920,16080
0,43051,3919,16081
0,43056,3910,16090
0,43061,3910,16090
0,43066,3910,16090
0,43071,3910,16090
0,43076,3910,16090
0,43081,3900,16100
0,43086,3900,16100
0,43091,3900,16100
0,43096,3900,16100
0,43101,3900,16100
0,43106,3897,16103
0,43111,3890,16110
0,43116,3890,16110
0,43121,3890,16110
0,43126,3890,16110
0,43131,3889,16111
0,43136,3880,16120
0,43141,3880,16120
0,43146,3880,16120
0,43151,3880,16120
0,43156,3880,16120
0,43161,3870,16130
0,43166,3870,16130
0,43171,3870,16130
0,43176,3870,16130
0,43181,3870,16130
0,43186,3860,16140
0,43191,3860,16140
0,43196,3860,16140
0,43201,3860,16140
0,43206,3860,16140
0,43211,3856,16144
0,43216,3850,16150
0,43221,3850,16150
0,43226,3850,16150
0,43231,3850,16150
0,43236,3850,16150
0,43241,3840,16160
0,43246,3840,16160
0,43251,3840,16160
0,43256,3840,16160
0,43261,3840,16160
0,43266,3831,16169
0,43271,3830,16170
0,43276,3830,16170
0,43281,3830,16170
0,43286,3830,16170
0,43291,3829,16171
0,43296,3820,16180
0,43301,3820,16180
0,43306,3820,16180
0,43311,3820,16180
0,43316,3820,16180
0,43321,3810,16190
0,43326,3810,16190
0,43331,3810,16190
0,43336,3810,16190
0,43341,3810,16190
0,43346,3803,16197
0,43351,3800,16200
0,43356,3800,16200
0,43361,3800,16200
0,43366,3800,16200
0,43371,3799,16201
0,43376,3790,16210
0,43381,3790,16210
0,43386,3790,16210
0,43391,3790,16210
0,43396,3790,16210
0,43401,3782,16218
0,43406,3780,16220
0,43411,3780,16220
0,43416,3780,16220
0,43421,3780,16220
0,43426,3777,16223
0,43431,3770,16230
0,43436,3770,16230
0,43441,3770,16230
0,43446,3770,16230
0,43451,3770,16230
0,43456,3760,16240
0,43461,3760,16240
0,43466,3760,16240
0,43471,3760,16240
0,43476,3760,16240
0,43481,3753,16247
0,43486,3750,16250
0,43491,3750,16250
0,43496,3750,16250
0,43501,3750,16250
0,43506,3746,16254
0,43511,3740,16260
0,43516,3740,16260
0,43521,3740,16260
0,43526,3740,16260
0,43531,3740,16260
0,43536,3730,16270
0,43541,3730,16270
0,43546,3730,16270
0,43551,3730,16270
0,43556,3730,16270
0,43561,3722,16278
0,43566,3720,16280
0,43571,3720,16280
0,43576,3720,16280
0,43581,3720,16280
0,43586,3719,16281
0,43591,3710,16290
0,43596,3710,16290
0,43601,3710,16290
0,43606,3710,16290
0,43611,3710,16290
0,43616,3702,16298
0,43621,3700,16300
0,43626,3700,16300
0,43631,3700,16300
0,43636,3700,16300
0,43641,3697,16303
0,43646,3690,16310
0,43651,3690,16310
0,43656,3690,16310
0,43661,3690,16310
0,43666,3690,16310
0,43671,3680,16320
0,43676,3680,16320
0,43681,3680,16320
0,43686,3680,16320
0,43691,3680,16320
0,43696,3671,16329
0,43701,3670,16330
0,43706,3670,16330
0,43711,3670,16330
0,43716,3670,16330
0,43721,3666,16334
0,43726,3660,16340
0,43731,3660,16340
0,43736,3660,16340
0,43741,3660,16340
0,43746,3660,16340
0,43751,3650,16350
0,43756,3650,16350
0,43761,3650,16350
0,43766,3650,16350
0,43771,3650,16350
0,43776,3641,16359
0,43781,3640,16360
0,43786,3640,16360
0,43791,3640,16360
0,43796,3640,16360
0,43801,3637,16363
0,43806,3630,16370
0,43811,3630,16370
0,43816,3630,16370
0,43821,3630,16370
0,43826,3630,16370
0,43831,3620,16380
0,43836,3620,16380
0,43841,3620,16380
0,43846,3620,16380
0,43851,3620,16380
0,43856,3612,16388
0,43861,3610,16390
0,43866,3610,16390
0,43871,3610,16390
0,43876,3610,16390
0,43881,3608,16392
0,43886,3600,16400
0,43891,3600,16400
0,43896,3600,16400
0,43901,3600,16400
0,43906,3600,16400
0,43911,3590,16410
0,43916,3590,16410
0,43921,3590,16410
0,43926,3590,16410
0,43931,3590,16410
0,43936,3582,16418
0,43941,3580,16420
0,43946,3580,16420
0,43951,3580,16420
0,43956,3580,16420
0,43961,3579,16421
0,43966,3570,16430
0,43971,3570,16430
0,43976,3570,16430
0,43981,3570,16430
0,43986,3570,16430
0,43991,3562,16438
0,43996,3560,16440
0,44001,3560,16440
0,44006,3560,16440
0,44011,3560,16440
0,44016,3558,16442
0,44021,3550,16450
0,44026,3550,16450
0,44031,3550,16450
0,44036,3550,16450
0,44041,3550,16450
0,44046,3540,16460
0,44051,3540,16460
0,44056,3540,16460
0,44061,3540,16460
0,44066,3540,16460
0,44071,3531,16469
0,44076,3530,16470
0,44081,3530,16470
0,44086,3530,16470
0,44091,3530,16470
0,44096,3528,16472
0,44101,3520,16480
0,44106,3520,16480
0,44111,3520,16480
0,44116,3520,16480
0,44121,3520,16480
0,44126,3510,16490
0,44131,3510,16490
0,44136,3510,16490
0,44141,3510,16490
0,44146,3510,16490
0,44151,3500,16500
0,44156,3500,16500
0,44161,3500,16500
0,44166,3500,16500
0,44171,3500,16500
0,44176,3499,16501
0,44181,3490,16510
0,44186,3490,16510
0,44191,3490,16510
0,44196,3490,16510
0,44201,3490,16510
0,44206,3480,16520
0,44211,3480,16520
0,44216,3480,16520
0,44221,3480,16520
0,44226,3480,16520
0,44231,3472,16528
0,44236,3470,16530
0,44241,3470,16530
0,44246,3470,16530
0,44251,3470,16530
0,44256,3470,16530
0,44261,3460,16540
0,44266,3460,16540
0,44271,3460,16540
0,44276,3460,16540
0,44281,3460,16540
0,44286,3450,16550
0,44291,3450,16550
0,44296,3450,16550
0,44301,3450,16550
0,44306,3450,16550
0,44311,3440,16560
0,44316,3440,16560
0,44321,3440,16560
0,44326,3440,16560
0,44331,3440,16560
0,44336,3436,16564
0,44341,3430,16570
0,44346,3430,16570
0,44351,3430,16570
0,44356,3430,16570
0,44361,3429,16571
0,44366,3420,16580
0,44371,3420,16580
0,44376,3420,16580
0,44381,3420,16580
0,44386,3420,16580
0,44391,3412,16588
0,44396,3410,16590
0,44401,3410,16590
0,44406,3410,16590
0,44411,3410,16590
0,44416,3410,16590
0,44421,3400,16600
0,44426,3400,16600
0,44431,3400,16600
0,44436,3400,16600
0,44441,3400,16600
0,44446,3393,16607
0,44451,3390,16610
0,44456,3390,16610
0,44461,3390,16610
0,44466,3390,16610
0,44471,3387,16613
0,44476,3380,16620
0,44481,3380,16620
0,44486,3380,16620
0,44491,3380,16620
0,44496,3380,16620
0,44501,3370,16630
0,44506,3370,16630
0,44511,3370,16630
0,44516,3370,16630
0,44521,3370,16630
0,44526,3361,16639
0,44531,3360,16640
0,44536,3360,16640
0,44541,3360,16640
0,44546,3360,16640
0,44551,3358,16642
0,44556,3350,16650
0,44561,3350,16650
0,44566,3350,16650
0,44571,3350,16650
0,44576,3350,16650
0,44581,3340,16660
0,44586,3340,16660
0,44591,3340,16660
0,44596,3340,16660
0,44601,3340,16660
0,44606,3330,16670
0,44611,3330,16670
0,44616,3330,16670
0,44621,3330,16670
0,44626,3330,16670
0,44631,3321,16679
0,44636,3320,16680
0,44641,3320,16680
0,44646,3320,16680
0,44651,3320,16680
0,44656,3320,16680
0,44661,3310,16690
0,44666,3310,16690
0,44671,3310,16690
0,44676,3310,16690
0,44681,3310,16690
0,44686,3301,16699
0,44691,3300,16700
0,44696,3300,16700
0,44701,3300,16700
0,44706,3300,16700
0,44711,3297,16703
0,44716,3290,16710
0,44721,3290,16710
0,44726,3290,16710
0,44731,3290,16710
0,44736,3290,16710
0,44741,3280,16720
0,44746,3280,16720
0,44751,3280,16720
0,44756,3280,16720
0,44761,3280,16720
0,44766,3271,16729
0,44771,3270,16730
0,44776,3270,16730
0,44781,3270,16730
0,44786,3270,16730
0,44791,3266,16734
0,44796,3260,16740
0,44801,3260,16740
0,44806,3260,16740
0,44811,3260,16740
0,44816,3260,16740
0,44821,3250,16750
0,44826,3250,16750
0,44831,3250,16750
0,44836,3250,16750
0,44841,3250,16750
0,44846,3240,16760
0,44851,3240,16760
0,44856,3240,16760
0,44861,3240,16760
0,44866,3240,16760
0,44871,3236,16764
0,44876,3230,16770
0,44881,3230,16770
0,44886,3230,16770
0,44891,3230,16770
0,44896,3229,16771
0,44901,3220,16780
0,44906,3220,16780
0,44911,3220,16780
0,44916,3220,16780
0,44921,3220,16780
0,44926,3210,16790
0,44931,3210,16790
0,44936,3210,16790
0,44941,3210,16790
0,44946,3210,16790
0,44951,3201,16799
0,44956,3200,16800
0,44961,3200,16800
0,44966,3200,16800
0,44971,3200,16800
0,44976,3194,16806
0,44981,3190,16810
0,44986,3190,16810
0,44991,3190,16810
0,44996,3190,16810
0,45001,3190,16810
0,45006,3180,16820
0,45011,3180,16820
0,45016,3180,16820
0,45021,3180,16820
0,45026,3180,16820
0,45031,3171,16829
0,45036,3170,16830
0,45041,3170,16830
0,45046,3170,16830
0,45051,3170,16830
0,45056,3167,16833
0,45061,3160,16840
0,45066,3160,16840
0,45071,3160,16840
0,45076,3160,16840
0,45081,3160,16840
0,45086,3150,16850
0,45091,3150,16850
0,45096,3150,16850
0,45101,3150,16850
0,45106,3150,16850
0,45111,3140,16860
0,45116,3140,16860
0,45121,3140,16860
0,45126,3140,16860
0,45131,3140,16860
0,45136,3136,16864
0,45141,3130,16870
0,45146,3130,16870
0,45151,3130,16870
0,45156,3130,16870
0,45161,3130,16870
0,45166,3120,16880
0,45171,3120,16880
0,45176,3120,16880
0,45181,3120,16880
0,45186,3120,16880
0,45191,3115,16885
0,45196,3110,16890
0,45201,3110,16890
0,45206,3110,16890
0,45211,3110,16890
0,45216,3108,16892
0,45221,3100,16900
0,45226,3100,16900
0,45231,3100,16900
0,45236,3100,16900
0,45241,3100,16900
0,45246,3090,16910
0,45251,3090,16910
0,45256,3090,16910
0,45261,3090,16910
0,45266,3090,16910
0,45271,3083,16917
0,45276,3080,16920
0,45281,3080,16920
0,45286,3080,16920
0,45291,3080,16920
0,45296,3079,16921
0,45301,3070,16930
0,45306,3070,16930
0,45311,3070,16930
0,45316,3070,16930
0,45321,3070,16930
0,45326,3060,16940
0,45331,3060,16940
0,45336,3060,16940
0,45341,3060,16940
0,45346,3060,16940
0,45351,3056,16944
0,45356,3050,16950
0,45361,3050,16950
0,45366,3050,16950
0,45371,3050,16950
0,45376,3050,16950
0,45381,3040,16960
0,45386,3040,16960
0,45391,3040,16960
0,45396,3040,16960
0,45401,3040,16960
0,45406,3030,16970
0,45411,3030,16970
0,45416,3030,16970
0,45421,3030,16970
0,45426,3030,16970
0,45431,3025,16975
0,45436,3020,16980
0,45441,3020,16980
0,45446,3020,16980
0,45451,3020,16980
0,45456,3020,16980
0,45461,3010,16990
0,45466,3010,16990
0,45471,3010,16990
0,45476,3010,16990
0,45481,3010,16990
0,45486,3000,17000
0,45491,3000,17000
0,45496,3000,17000
0,45501,3000,17000
0,45506,3000,17000
0,45511,2995,17005
0,45516,2990,17010
0,45521,2990,17010
0,45526,2990,17010
0,45531,2990,17010
0,45536,2990,17010
0,45541,2980,17020
0,45546,2980,17020
0,45551,2980,17020
0,45556,2980,17020
0,45561,2980,17020
0,45566,2970,17030
0,45571,2970,17030
0,45576,2970,17030
0,45581,2970,17030
0,45586,2970,17030
0,45591,2963,17037
0,45596,2960,17040
0,45601,2960,17040
0,45606,2960,17040
0,45611,2960,17040
0,45616,2959,17041
0,45621,2950,17050
0,45626,2950,17050
0,45631,2950,17050
0,45636,2950,17050
0,45641,2950,17050
0,45646,2940,17060
0,45651,2940,17060
0,45656,2940,17060
0,45661,2940,17060
0,45666,2940,17060
0,45671,2935,17065
0,45676,2930,17070
0,45681,2930,17070
0,45686,2930,17070
0,45691,2930,17070
0,45696,2929,17071
0,45701,2920,17080
0,45706,2920,17080
0,45711,2920,17080
0,45716,2920,17080
0,45721,2920,17080
0,45726,2910,17090
0,45731,2910,17090
0,45736,2910,17090
0,45741,2910,17090
0,45746,2910,17090
0,45751,2900,17100
0,45756,2900,17100
0,45761,2900,17100
0,45766,2900,17100
0,45771,2900,17100
0,45776,2896,17104
0,45781,2890,17110
0,45786,2890,17110
0,45791,2890,17110
0,45796,2890,17110
0,45801,2890,17110
0,45806,2880,17120
0,45811,2880,17120
0,45816,2880,17120
0,45821,2880,17120
0,45826,2880,17120
0,45831,2873,17127
0,45836,2870,17130
0,45841,2870,17130
0,45846,2870,17130
0,45851,2870,17130
0,45856,2870,17130
0,45861,2860,17140
0,45866,2860,17140
0,45871,2860,17140
0,45876,2860,17140
0,45881,2860,17140
0,45886,2850,17150
0,45891,2850,17150
0,45896,2850,17150
0,45901,2850,17150
0,45906,2850,17150
0,45911,2844,17156
0,45916,2840,17160
0,45921,2840,17160
0,45926,2840,17160
0,45931,2840,17160
0,45936,2838,17162
0,45941,2830,17170
0,45946,2830,17170
0,45951,2830,17170
0,45956,2830,17170
0,45961,2830,17170
0,45966,2820,17180
0,45971,2820,17180
0,45976,2820,17180
0,45981,2820,17180
0,45986,2820,17180
0,45991,2813,17187
0,45996,2810,17190
0,46001,2810,17190
0,46006,2810,17190
0,46011,2810,17190
0,46016,2810,17190
0,46021,2800,17200
0,46026,2800,17200
0,46031,2800,17200
0,46036,2800,17200
0,46041,2800,17200
0,46046,2790,17210
0,46051,2790,17210
0,46056,2790,17210
0,46061,2790,17210
0,46066,2790,17210
0,46071,2781,17219
0,46076,2780,17220
0,46081,2780,17220
0,46086,2780,17220
0,46091,2780,17220
0,46096,2779,17221
0,46101,2770,17230
0,46106,2770,17230
0,46111,2770,17230
0,46116,2770,17230
0,46121,2770,17230
0,46126,2760,17240
0,46131,2760,17240
0,46136,2760,17240
0,46141,2760,17240
0,46146,2760,17240
0,46151,2753,17247
0,46156,2750,17250
0,46161,2750,17250
0,46166,2750,17250
0,46171,2750,17250
0,46176,2749,17251
0,46181,2740,17260
0,46186,2740,17260
0,46191,2740,17260
0,46196,2740,17260
0,46201,2740,17260
0,46206,2731,17269
0,46211,2730,17270
0,46216,2730,17270
0,46221,2730,17270
0,46226,2730,17270
0,46231,2728,17272
0,46236,2720,17280
0,46241,2720,17280
0,46246,2720,17280
0,46251,2720,17280
0,46256,2720,17280
0,46261,2710,17290
0,46266,2710,17290
0,46271,2710,17290
0,46276,2710,17290
0,46281,2710,17290
0,46286,2700,17300
0,46291,2700,17300
0,46296,2700,17300
0,46301,2700,17300
0,46306,2700,17300
0,46311,2694,17306
0,46316,2690,17310
0,46321,2690,17310
0,46326,2690,17310
0,46331,2690,17310
0,46336,2690,17310
0,46341,2680,17320
0,46346,2680,17320
0,46351,2680,17320
0,46356,2680,17320
0,46361,2680,17320
0,46366,2670,17330
0,46371,2670,17330
0,46376,2670,17330
0,46381,2670,17330
0,46386,2670,17330
0,46391,2661,17339
0,46396,2660,17340
0,46401,2660,17340
0,46406,2660,17340
0,46411,2660,17340
0,46416,2660,17340
0,46421,2650,17350
0,46426,2650,17350
0,46431,2650,17350
0,46436,2650,17350
0,46441,2650,17350
0,46446,2640,17360
0,46451,2640,17360
0,46456,2640,17360
0,46461,2640,17360
0,46466,2640,17360
0,46471,2632,17368
0,46476,2630,17370
0,46481,2630,17370
0,46486,2630,17370
0,46491,2630,17370
0,46496,2627,17373
0,46501,2620,17380
0,46506,2620,17380
0,46511,2620,17380
0,46516,2620,17380
0,46521,2620,17380
0,46526,2610,17390
0,46531,2610,17390
0,46536,2610,17390
0,46541,2610,17390
0,46546,2610,17390
0,46551,2603,17397
0,46556,2600,17400
0,46561,2600,17400
0,46566,2600,17400
0,46571,2600,17400
0,46576,2599,17401
0,46581,2590,17410
0,46586,2590,17410
0,46591,2590,17410
0,46596,2590,17410
0,46601,2590,17410
0,46606,2580,17420
0,46611,2580,17420
0,46616,2580,17420
0,46621,2580,17420
0,46626,2580,17420
0,46631,2576,17424
0,46636,2570,17430
0,46641,2570,17430
0,46646,2570,17430
0,46651,2570,17430
0,46656,2568,17432
0,46661,2560,17440
0,46666,2560,17440
0,46671,2560,17440
0,46676,2560,17440
0,46681,2560,17440
0,46686,2550,17450
0,46691,2550,17450
0,46696,2550,17450
0,46701,2550,17450
0,46706,2550,17450
0,46711,2546,17454
0,46716,2540,17460
0,46721,2540,17460
0,46726,2540,17460
0,46731,2540,17460
0,46736,2540,17460
0,46741,2530,17470
0,46746,2530,17470
0,46751,2530,17470
0,46756,2530,17470
0,46761,2530,17470
0,46766,2521,17479
0,46771,2520,17480
0,46776,2520,17480
0,46781,2520,17480
0,46786,2520,17480
0,46791,2516,17484
0,46796,2510,17490
0,46801,2510,17490
0,46806,2510,17490
0,46811,2510,17490
0,46816,2507,17493
0,46821,2500,17500
0,46826,2500,17500
0,46831,2500,17500
0,46836,2500,17500
0,46841,2500,17500
0,46846,2490,17510
0,46851,2490,17510
0,46856,2490,17510
0,46861,2490,17510
0,46866,2490,17510
0,46871,2487,17513
0,46876,2480,17520
0,46881,2480,17520
0,46886,2480,17520
0,46891,2480,17520
0,46896,2480,17520
0,46901,2470,17530
0,46906,2470,17530
0,46911,2470,17530
0,46916,2470,17530
0,46921,2470,17530
0,46926,2462,17538
0,46931,2460,17540
0,46936,2460,17540
0,46941,2460,17540
0,46946,2460,17540
0,46951,2457,17543
0,46956,2450,17550
0,46961,2450,17550
0,46966,2450,17550
0,46971,2450,17550
0,46976,2450,17550
0,46981,2440,17560
0,46986,2440,17560
0,46991,2440,17560
0,46996,2440,17560
0,47001,2440,17560
0,47006,2432,17568
0,47011,2430,17570
0,47016,2430,17570
0,47021,2430,17570
0,47026,2430,17570
0,47031,2428,17572
0,47036,2420,17580
0,47041,2420,17580
0,47046,2420,17580
0,47051,2420,17580
0,47056,2420,17580
0,47061,2411,17589
0,47066,2410,17590
0,47071,2410,17590
0,47076,2410,17590
0,47081,2410,17590
0,47086,2407,17593
0,47091,2400,17600
0,47096,2400,17600
0,47101,2400,17600
0,47106,2400,17600
0,47111,2400,17600
0,47116,2390,17610
0,47121,2390,17610
0,47126,2390,17610
0,47131,2390,17610
0,47136,2390,17610
0,47141,2382,17618
0,47146,2380,17620
0,47151,2380,17620
0,47156,2380,17620
0,47161,2380,17620
0,47166,2380,17620
0,47171,2370,17630
0,47176,2370,17630
0,47181,2370,17630
0,47186,2370,17630
0,47191,2370,17630
0,47196,2363,17637
0,47201,2360,17640
0,47206,2360,17640
0,47211,2360,17640
0,47216,2360,17640
0,47221,2359,17641
0,47226,2350,17650
0,47231,2350,17650
0,47236,2350,17650
0,47241,2350,17650
0,47246,2350,17650
0,47251,2340,17660
0,47256,2340,17660
0,47261,2340,17660
0,47266,2340,17660
0,47271,2340,17660
0,47276,2332,17668
0,47281,2330,17670
0,47286,2330,17670
0,47291,2330,17670
0,47296,2330,17670
0,47301,2330,17670
0,47306,2320,17680
0,47311,2320,17680
0,47316,2320,17680
0,47321,2320,17680
0,47326,2320,17680
0,47331,2310,17690
0,47336,2310,17690
0,47341,2310,17690
0,47346,2310,17690
0,47351,2310,17690
0,47356,2301,17699
0,47361,2300,17700
0,47366,2300,17700
0,47371,2300,17700
0,47376,2300,17700
0,47381,2298,17702
0,47386,2290,17710
0,47391,2290,17710
0,47396,2290,17710
0,47401,2290,17710
0,47406,2290,17710
0,47411,2281,17719
0,47416,2280,17720
0,47421,2280,17720
0,47426,2280,17720
0,47431,2280,17720
0,47436,2273,17727
0,47441,2270,17730
0,47446,2270,17730
0,47451,2270,17730
0,47456,2270,17730
0,47461,2270,17730
0,47466,2260,17740
0,47471,2260,17740
0,47476,2260,17740
0,47481,2260,17740
0,47486,2260,17740
0,47491,2254,17746
0,47496,2250,17750
0,47501,2250,17750
0,47506,2250,17750
0,47511,2250,17750
0,47516,2249,17751
0,47521,2240,17760
0,47526,2240,17760
0,47531,2240,17760
0,47536,2240,17760
0,47541,2240,17760
0,47546,2230,17770
0,47551,2230,17770
0,47556,2230,17770
0,47561,2230,17770
0,47566,2230,17770
0,47571,2221,17779
0,47576,2220,17780
0,47581,2220,17780
0,47586,2220,17780
0,47591,2220,17780
0,47596,2214,17786
0,47601,2210,17790
0,47606,2210,17790
0,47611,2210,17790
0,47616,2210,17790
0,47621,2209,17791
0,47626,2200,17800
0,47631,2200,17800
0,47636,2200,17800
0,47641,2200,17800
0,47646,2200,17800
0,47651,2190,17810
0,47656,2190,17810
0,47661,2190,17810
0,47666,2190,17810
0,47671,2190,17810
0,47676,2185,17815
0,47681,2180,17820
0,47686,2180,17820
0,47691,2180,17820
0,47696,2180,17820
0,47701,2178,17822
0,47706,2170,17830
0,47711,2170,17830
0,47716,2170,17830
0,47721,2170,17830
0,47726,2170,17830
0,47731,2161,17839
0,47736,2160,17840
0,47741,2160,17840
0,47746,2160,17840
0,47751,2160,17840
0,47756,2157,17843
0,47761,2150,17850
0,47766,2150,17850
0,47771,2150,17850
0,47776,2150,17850
0,47781,2148,17852
0,47786,2140,17860
0,47791,2140,17860
0,47796,2140,17860
0,47801,2140,17860
0,47806,2140,17860
0,47811,2130,17870
0,47816,2130,17870
0,47821,2130,17870
0,47826,2130,17870
0,47831,2130,17870
0,47836,2127,17873
0,47841,2120,17880
0,47846,2120,17880
0,47851,2120,17880
0,47856,2120,17880
0,47861,2120,17880
0,47866,2110,17890
0,47871,2110,17890
0,47876,2110,17890
0,47881,2110,17890
0,47886,2110,17890
0,47891,2100,17900
0,47896,2100,17900
0,47901,2100,17900
0,47906,2100,17900
0,47911,2100,17900
0,47916,2091,17909
0,47921,2090,17910
0,47926,2090,17910
0,47931,2090,17910
0,47936,2090,17910
0,47941,2089,17911
0,47946,2080,17920
0,47951,2080,17920
0,47956,2080,17920
0,47961,2080,17920
0,47966,2080,17920
0,47971,2070,17930
0,47976,2070,17930
0,47981,2070,17930
0,47986,2070,17930
0,47991,2070,17930
0,47996,2062,17938
0,48001,2060,17940
0,48006,2060,17940
0,48011,2060,17940
0,48016,2060,17940
0,48021,2058,17942
0,48026,2050,17950
0,48031,2050,17950
0,48036,2050,17950
0,48041,2050,17950
0,48046,2050,17950
0,48051,2040,17960
0,48056,2040,17960
0,48061,2040,17960
0,48066,2040,17960
0,48071,2040,17960
0,48076,2033,17967
0,48081,2030,17970
0,48086,2030,17970
0,48091,2030,17970
0,48096,2030,17970
0,48101,2029,17971
0,48106,2020,17980
0,48111,2020,17980
0,48116,2020,17980
0,48121,2020,17980
0,48126,2020,17980
0,48131,2010,17990
0,48136,2010,17990
0,48141,2010,17990
0,48146,2010,17990
0,48151,2010,17990
0,48156,2002,17998
0,48161,2000,18000
0,48166,2000,18000
0,48171,2000,18000
0,48176,2000,18000
0,48181,1995,18005
0,48186,1990,18010
0,48191,1990,18010
0,48196,1990,18010
0,48201,1990,18010
0,48206,1990,18010
0,48211,1980,18020
0,48216,1980,18020
0,48221,1980,18020
0,48226,1980,18020
0,48231,1980,18020
0,48236,1971,18029
0,48241,1970,18030
0,48246,1970,18030
0,48251,1970,18030
0,48256,1970,18030
0,48261,1968,18032
0,48266,1960,18040
0,48271,1960,18040
0,48276,1960,18040
0,48281,1960,18040
0,48286,1960,18040
0,48291,1950,18050
0,48296,1950,18050
0,48301,1950,18050
0,48306,1950,18050
0,48311,1950,18050
0,48316,1940,18060
0,48321,1940,18060
0,48326,1940,18060
0,48331,1940,18060
0,48336,1940,18060
0,48341,1932,18068
0,48346,1930,18070
0,48351,1930,18070
0,48356,1930,18070
0,48361,1930,18070
0,48366,1929,18071
0,48371,1920,18080
0,48376,1920,18080
0,48381,1920,18080
0,48386,1920,18080
0,48391,1920,18080
0,48396,1911,18089
0,48401,1910,18090
0,48406,1910,18090
0,48411,1910,18090
0,48416,1910,18090
0,48421,1905,18095
0,48426,1900,18100
0,48431,1900,18100
0,48436,1900,18100
0,48441,1900,18100
0,48446,1900,18100
0,48451,1890,18110
0,48456,1890,18110
0,48461,1890,18110
0,48466,1890,18110
0,48471,1890,18110
0,48476,1881,18119
0,48481,1880,18120
0,48486,1880,18120
0,48491,1880,18120
0,48496,1880,18120
0,48501,1877,18123
0,48506,1870,18130
0,48511,1870,18130
0,48516,1870,18130
0,48521,1870,18130
0,48526,1869,18131
0,48531,1860,18140
0,48536,1860,18140
0,48541,1860,18140
0,48546,1860,18140
0,48551,1860,18140
0,48556,1850,18150
0,48561,1850,18150
0,48566,1850,18150
0,48571,1850,18150
0,48576,1850,18150
0,48581,1845,18155
0,48586,1840,18160
0,48591,1840,18160
0,48596,1840,18160
0,48601,1840,18160
0,48606,1840,18160
0,48611,1830,18170
0,48616,1830,18170
0,48621,1830,18170
0,48626,1830,18170
0,48631,1830,18170
0,48636,1827,18173
0,48641,1820,18180
0,48646,1820,18180
0,48651,1820,18180
0,48656,1820,18180
0,48661,1820,18180
0,48666,1810,18190
0,48671,1810,18190
0,48676,1810,18190
0,48681,1810,18190
0,48686,1810,18190
0,48691,1800,18200
0,48696,1800,18200
0,48701,1800,18200
0,48706,1800,18200
0,48711,1800,18200
0,48716,1793,18207
0,48721,1790,18210
0,48726,1790,18210
0,48731,1790,18210
0,48736,1790,18210
0,48741,1787,18213
0,48746,1780,18220
0,48751,1780,18220
0,48756,1780,18220
0,48761,1780,18220
0,48766,1780,18220
0,48771,1770,18230
0,48776,1770,18230
0,48781,1770,18230
0,48786,1770,18230
0,48791,1770,18230
0,48796,1761,18239
0,48801,1760,18240
0,48806,1760,18240
0,48811,1760,18240
0,48816,1760,18240
0,48821,1759,18241
0,48826,1750,18250
0,48831,1750,18250
0,48836,1750,18250
0,48841,1750,18250
0,48846,1750,18250
0,48851,1740,18260
0,48856,1740,18260
0,48861,1740,18260
0,48866,1740,18260
0,48871,1740,18260
0,48876,1731,18269
0,48881,1730,18270
0,48886,1730,18270
0,48891,1730,18270
0,48896,1730,18270
0,48901,1728,18272
0,48906,1720,18280
0,48911,1720,18280
0,48916,1720,18280
0,48921,1720,18280
0,48926,1719,18281
0,48931,1710,18290
0,48936,1710,18290
0,48941,1710,18290
0,48946,1710,18290
0,48951,1710,18290
0,48956,1700,18300
0,48961,1700,18300
0,48966,1700,18300
0,48971,1700,18300
0,48976,1700,18300
0,48981,1692,18308
0,48986,1690,18310
0,48991,1690,18310
0,48996,1690,18310
0,49001,1690,18310
0,49006,1689,18311
0,49011,1680,18320
0,49016,1680,18320
0,49021,1680,18320
0,49026,1680,18320
0,49031,1680,18320
0,49036,1670,18330
0,49041,1670,18330
0,49046,1670,18330
0,49051,1670,18330
0,49056,1670,18330
0,49061,1660,18340
0,49066,1660,18340
0,49071,1660,18340
0,49076,1660,18340
0,49081,1660,18340
0,49086,1654,18346
0,49091,1650,18350
0,49096,1650,18350
0,49101,1650,18350
0,49106,1650,18350
0,49111,1649,18351
0,49116,1640,18360
0,49121,1640,18360
0,49126,1640,18360
0,49131,1640,18360
0,49136,1640,18360
0,49141,1630,18370
0,49146,1630,18370
0,49151,1630,18370
0,49156,1630,18370
0,49161,1630,18370
0,49166,1624,18376
0,49171,1620,18380
0,49176,1620,18380
0,49181,1620,18380
0,49186,1620,18380
0,49191,1619,18381
0,49196,1610,18390
0,49201,1610,18390
0,49206,1610,18390
0,49211,1610,18390
0,49216,1610,18390
0,49221,1600,18400
0,49226,1600,18400
0,49231,1600,18400
0,49236,1600,18400
0,49241,1600,18400
0,49246,1593,18407
0,49251,1590,18410
0,49256,1590,18410
0,49261,1590,18410
0,49266,1590,18410
0,49271,1590,18410
0,49276,1580,18420
0,49281,1580,18420
0,49286,1580,18420
0,49291,1580,18420
0,49296,1580,18420
0,49301,1570,18430
0,49306,1570,18430
0,49311,1570,18430
0,49316,1570,18430
0,49321,1570,18430
0,49326,1562,18438
0,49331,1560,18440
0,49336,1560,18440
0,49341,1560,18440
0,49346,1560,18440
0,49351,1560,18440
0,49356,1550,18450
0,49361,1550,18450
0,49366,1550,18450
0,49371,1550,18450
0,49376,1550,18450
0,49381,1540,18460
0,49386,1540,18460
0,49391,1540,18460
0,49396,1540,18460
0,49401,1540,18460
0,49406,1532,18468
0,49411,1530,18470
0,49416,1530,18470
0,49421,1530,18470
0,49426,1530,18470
0,49431,1528,18472
0,49436,1520,18480
0,49441,1520,18480
0,49446,1520,18480
0,49451,1520,18480
0,49456,1520,18480
0,49461,1510,18490
0,49466,1510,18490
0,49471,1510,18490
0,49476,1510,18490
0,49481,1510,18490
0,49486,1506,18494
0,49491,1500,18500
0,49496,1500,18500
0,49501,1500,18500
0,49506,1500,18500
0,49511,1500,18500
0,49516,1490,18510
0,49521,1490,18510
0,49526,1490,18510
0,49531,1490,18510
0,49536,1490,18510
0,49541,1483,18517
0,49546,1480,18520
0,49551,1480,18520
0,49556,1480,18520
0,49561,1480,18520
0,49566,1480,18520
0,49571,1470,18530
0,49576,1470,18530
0,49581,1470,18530
0,49586,1470,18530
0,49591,1470,18530
0,49596,1460,18540
0,49601,1460,18540
0,49606,1460,18540
0,49611,1460,18540
0,49616,1460,18540
0,49621,1456,18544
0,49626,1450,18550
0,49631,1450,18550
0,49636,1450,18550
0,49641,1450,18550
0,49646,1450,18550
0,49651,1440,18560
0,49656,1440,18560
0,49661,1440,18560
0,49666,1440,18560
0,49671,1440,18560
0,49676,1431,18569
0,49681,1430,18570
0,49686,1430,18570
0,49691,1430,18570
0,49696,1430,18570
0,49701,1426,18574
0,49706,1420,18580
0,49711,1420,18580
0,49716,1420,18580
0,49721,1420,18580
0,49726,1419,18581
0,49731,1410,18590
0,49736,1410,18590
0,49741,1410,18590
0,49746,1410,18590
0,49751,1410,18590
0,49756,1403,18597
0,49761,1400,18600
0,49766,1400,18600
0,49771,1400,18600
0,49776,1400,18600
0,49781,1398,18602
0,49786,1390,18610
0,49791,1390,18610
0,49796,1390,18610
0,49801,1390,18610
0,49806,1390,18610
0,49811,1380,18620
0,49816,1380,18620
0,49821,1380,18620
0,49826,1380,18620
0,49831,1380,18620
0,49836,1370,18630
0,49841,1370,18630
0,49846,1370,18630
0,49851,1370,18630
0,49856,1370,18630
0,49861,1361,18639
0,49866,1360,18640
0,49871,1360,18640
0,49876,1360,18640
0,49881,1360,18640
0,49886,1358,18642
0,49891,1350,18650
0,49896,1350,18650
0,49901,1350,18650
0,49906,1350,18650
0,49911,1350,18650
0,49916,1340,18660
0,49921,1340,18660
0,49926,1340,18660
0,49931,1340,18660
0,49936,1340,18660
0,49941,1334,18666
0,49946,1330,18670
0,49951,1330,18670
0,49956,1330,18670
0,49961,1330,18670
0,49966,1330,18670
0,49971,1320,18680
0,49976,1320,18680
0,49981,1320,18680
0,49986,1320,18680
0,49991,1320,18680
0,49996,1311,18689
0,50001,1310,18690
0,50006,1310,18690
0,50011,1310,18690
0,50016,1310,18690
0,50021,1310,18690
0,50026,1300,18700
0,50031,1300,18700
0,50036,1300,18700
0,50041,1300,18700
0,50046,1300,18700
0,50051,1290,18710
0,50056,1290,18710
0,50061,1290,18710
0,50066,1290,18710
0,50071,1290,18710
0,50076,1283,18717
0,50081,1280,18720
0,50086,1280,18720
0,50091,1280,18720
0,50096,1280,18720
0,50101,1276,18724
0,50106,1270,18730
0,50111,1270,18730
0,50116,1270,18730
0,50121,1270,18730
0,50126,1269,18731
0,50131,1260,18740
0,50136,1260,18740
0,50141,1260,18740
0,50146,1260,18740
0,50151,1260,18740
0,50156,1250,18750
0,50161,1250,18750
0,50166,1250,18750
0,50171,1250,18750
0,50176,1250,18750
0,50181,1241,18759
0,50186,1240,18760
0,50191,1240,18760
0,50196,1240,18760
0,50201,1240,18760
0,50206,1240,18760
0,50211,1230,18770
0,50216,1230,18770
0,50221,1230,18770
0,50226,1230,18770
0,50231,1230,18770
0,50236,1220,18780
0,50241,1220,18780
0,50246,1220,18780
0,50251,1220,18780
0,50256,1220,18780
0,50261,1214,18786
0,50266,1210,18790
0,50271,1210,18790
0,50276,1210,18790
0,50281,1210,18790
0,50286,1209,18791
0,50291,1200,18800
0,50296,1200,18800
0,50301,1200,18800
0,50306,1200,18800
0,50311,1200,18800
0,50316,1191,18809
0,50321,1190,18810
0,50326,1190,18810
0,50331,1190,18810
0,50336,1190,18810
0,50341,1185,18815
0,50346,1180,18820
0,50351,1180,18820
0,50356,1180,18820
0,50361,1180,18820
0,50366,1177,18823
0,50371,1170,18830
0,50376,1170,18830
0,50381,1170,18830
0,50386,1170,18830
0,50391,1170,18830
0,50396,1160,18840
0,50401,1160,18840
0,50406,1160,18840
0,50411,1160,18840
0,50416,1160,18840
0,50421,1152,18848
0,50426,1150,18850
0,50431,1150,18850
0,50436,1150,18850
0,50441,1150,18850
0,50446,1150,18850
0,50451,1140,18860
0,50456,1140,18860
0,50461,1140,18860
0,50466,1140,18860
0,50471,1140,18860
0,50476,1130,18870
0,50481,1130,18870
0,50486,1130,18870
0,50491,1130,18870
0,50496,1130,18870
0,50501,1122,18878
0,50506,1120,18880
0,50511,1120,18880
0,50516,1120,18880
0,50521,1120,18880
0,50526,1118,18882
0,50531,1110,18890
0,50536,1110,18890
0,50541,1110,18890
0,50546,1110,18890
0,50551,1110,18890
0,50556,1100,18900
0,50561,1100,18900
0,50566,1100,18900
0,50571,1100,18900
0,50576,1100,18900
0,50581,1098,18902
0,50586,1090,18910
0,50591,1090,18910
0,50596,1090,18910
0,50601,1090,18910
0,50606,1090,18910
0,50611,1080,18920
0,50616,1080,18920
0,50621,1080,18920
0,50626,1080,18920
0,50631,1080,18920
0,50636,1071,18929
0,50641,1070,18930
0,50646,1070,18930
0,50651,1070,18930
0,50656,1070,18930
0,50661,1064,18936
0,50666,1060,18940
0,50671,1060,18940
0,50676,1060,18940
0,50681,1060,18940
0,50686,1060,18940
0,50691,1050,18950
0,50696,1050,18950
0,50701,1050,18950
0,50706,1050,18950
0,50711,1050,18950
0,50716,1042,18958
0,50721,1040,18960
0,50726,1040,18960
0,50731,1040,18960
0,50736,1040,18960
0,50741,1038,18962
0,50746,1030,18970
0,50751,1030,18970
0,50756,1030,18970
0,50761,1030,18970
0,50766,1030,18970
0,50771,1020,18980
0,50776,1020,18980
0,50781,1020,18980
0,50786,1020,18980
0,50791,1020,18980
0,50796,1010,18990
0,50801,1010,18990
0,50806,1010,18990
0,50811,1010,18990
0,50816,1010,18990
0,50821,1002,18998
0,50826,1000,19000
0,50831,1000,19000
0,50836,1000,19000
0,50841,1000,19000
0,50846,999,19001
0,50851,990,19010
0,50856,990,19010
0,50861,990,19010
0,50866,990,19010
0,50871,990,19010
0,50876,980,19020
0,50881,980,19020
0,50886,980,19020
0,50891,980,19020
0,50896,980,19020
0,50901,973,19027
0,50906,970,19030
0,50911,970,19030
0,50916,970,19030
0,50921,970,19030
0,50926,969,19031
0,50931,960,19040
0,50936,960,19040
0,50941,960,19040
0,50946,960,19040
0,50951,959,19041
0,50956,950,19050
0,50961,950,19050
0,50966,950,19050
0,50971,950,19050
0,50976,950,19050
0,50981,944,19056
0,50986,940,19060
0,50991,940,19060
0,50996,940,19060
0,51001,940,19060
0,51006,938,19062
0,51011,930,19070
0,51016,930,19070
0,51021,930,19070
0,51026,930,19070
0,51031,930,19070
0,51036,920,19080
0,51041,920,19080
0,51046,920,19080
0,51051,920,19080
0,51056,920,19080
0,51061,916,19084
0,51066,910,19090
0,51071,910,19090
0,51076,910,19090
0,51081,910,19090
0,51086,910,19090
0,51091,900,19100
0,51096,900,19100
0,51101,900,19100
0,51106,900,19100
0,51111,900,19100
0,51116,890,19110
0,51121,890,19110
0,51126,890,19110
0,51131,890,19110
0,51136,890,19110
0,51141,885,19115
0,51146,880,19120
0,51151,880,19120
0,51156,880,19120
0,51161,880,19120
0,51166,880,19120
0,51171,870,19130
0,51176,870,19130
0,51181,870,19130
0,51186,870,19130
0,51191,870,19130
0,51196,861,19139
0,51201,860,19140
0,51206,860,19140
0,51211,860,19140
0,51216,860,19140
0,51221,855,19145
0,51226,850,19150
0,51231,850,19150
0,51236,850,19150
0,51241,850,19150
0,51246,850,19150
0,51251,840,19160
0,51256,840,19160
0,51261,840,19160
0,51266,840,19160
0,51271,840,19160
0,51276,830,19170
0,51281,830,19170
0,51286,830,19170
0,51291,830,19170
0,51296,830,19170
0,51301,826,19174
0,51306,820,19180
0,51311,820,19180
0,51316,820,19180
0,51321,820,19180
0,51326,820,19180
0,51331,810,19190
0,51336,810,19190
0,51341,810,19190
0,51346,810,19190
0,51351,810,19190
0,51356,803,19197
0,51361,800,19200
0,51366,800,19200
0,51371,800,19200
0,51376,800,19200
0,51381,798,19202
0,51386,790,19210
0,51391,790,19210
0,51396,790,19210
0,51401,790,19210
0,51406,790,19210
0,51411,780,19220
0,51416,780,19220
0,51421,780,19220
0,51426,780,19220
0,51431,780,19220
0,51436,773,19227
0,51441,770,19230
0,51446,770,19230
0,51451,770,19230
0,51456,770,19230
0,51461,768,19232
0,51466,760,19240
0,51471,760,19240
0,51476,760,19240
0,51481,760,19240
0,51486,760,19240
0,51491,752,19248
0,51496,750,19250
0,51501,750,19250
0,51506,750,19250
0,51511,750,19250
0,51516,747,19253
0,51521,740,19260
0,51526,740,19260
0,51531,740,19260
0,51536,740,19260
0,51541,740,19260
0,51546,730,19270
0,51551,730,19270
0,51556,730,19270
0,51561,730,19270
0,51566,730,19270
0,51571,724,19276
0,51576,720,19280
0,51581,720,19280
0,51586,720,19280
0,51591,720,19280
0,51596,719,19281
0,51601,710,19290
0,51606,710,19290
0,51611,710,19290
0,51616,710,19290
0,51621,710,19290
0,51626,701,19299
0,51631,700,19300
0,51636,700,19300
0,51641,700,19300
0,51646,700,19300
0,51651,696,19304
0,51656,690,19310
0,51661,690,19310
0,51666,690,19310
0,51671,690,19310
0,51676,690,19310
0,51681,680,19320
0,51686,680,19320
0,51691,680,19320
0,51696,680,19320
0,51701,680,19320
0,51706,673,19327
0,51711,670,19330
0,51716,670,19330
0,51721,670,19330
0,51726,670,19330
0,51731,669,19331
0,51736,660,19340
0,51741,660,19340
0,51746,660,19340
0,51751,660,19340
0,51756,660,19340
0,51761,650,19350
0,51766,650,19350
0,51771,650,19350
0,51776,650,19350
0,51781,650,19350
0,51786,642,19358
0,51791,640,19360
0,51796,640,19360
0,51801,640,19360
0,51806,640,19360
0,51811,640,19360
0,51816,630,19370
0,51821,630,19370
0,51826,630,19370
0,51831,630,19370
0,51836,630,19370
0,51841,622,19378
0,51846,620,19380
0,51851,620,19380
0,51856,620,19380
0,51861,620,19380
0,51866,619,19381
0,51871,610,19390
0,51876,610,19390
0,51881,610,19390
0,51886,610,19390
0,51891,610,19390
0,51896,602,19398
0,51901,600,19400
0,51906,600,19400
0,51911,600,19400
0,51916,600,19400
0,51921,599,19401
0,51926,590,19410
0,51931,590,19410
0,51936,590,19410
0,51941,590,19410
0,51946,590,19410
0,51951,580,19420
0,51956,580,19420
0,51961,580,19420
0,51966,580,19420
0,51971,580,19420
0,51976,570,19430
0,51981,570,19430
0,51986,570,19430
0,51991,570,19430
0,51996,570,19430
0,52001,564,19436
0,52006,560,19440
0,52011,560,19440
0,52016,560,19440
0,52021,560,19440
0,52026,558,19442
0,52031,550,19450
0,52036,550,19450
0,52041,550,19450
0,52046,550,19450
0,52051,550,19450
0,52056,544,19456
0,52061,540,19460
0,52066,540,19460
0,52071,540,19460
0,52076,540,19460
0,52081,537,19463
0,52086,530,19470
0,52091,530,19470
0,52096,530,19470
0,52101,530,19470
0,52106,530,19470
0,52111,520,19480
0,52116,520,19480
0,52121,520,19480
0,52126,520,19480
0,52131,520,19480
0,52136,510,19490
0,52141,510,19490
0,52146,510,19490
0,52151,510,19490
0,52156,510,19490
0,52161,505,19495
0,52166,500,19500
0,52171,500,19500
0,52176,500,19500
0,52181,500,19500
0,52186,500,19500
0,52191,490,19510
0,52196,490,19510
0,52201,490,19510
0,52206,490,19510
0,52211,490,19510
0,52216,480,19520
0,52221,480,19520
0,52226,480,19520
0,52231,480,19520
0,52236,480,19520
0,52241,479,19521
0,52246,470,19530
0,52251,470,19530
0,52256,470,19530
0,52261,470,19530
0,52266,470,19530
0,52271,460,19540
0,52276,460,19540
0,52281,460,19540
0,52286,460,19540
0,52291,460,19540
0,52296,450,19550
0,52301,450,19550
0,52306,450,19550
0,52311,450,19550
0,52316,450,19550
0,52321,446,19554
0,52326,440,19560
0,52331,440,19560
0,52336,440,19560
0,52341,440,19560
0,52346,440,19560
0,52351,430,19570
0,52356,430,19570
0,52361,430,19570
0,52366,430,19570
0,52371,430,19570
0,52376,420,19580
0,52381,420,19580
0,52386,420,19580
0,52391,420,19580
0,52396,420,19580
0,52401,414,19586
0,52406,410,19590
0,52411,410,19590
0,52416,410,19590
0,52421,410,19590
0,52426,410,19590
0,52431,400,19600
0,52436,400,19600
0,52441,400,19600
0,52446,400,19600
0,52451,400,19600
0,52456,390,19610
0,52461,390,19610
0,52466,390,19610
0,52471,390,19610
0,52476,390,19610
0,52481,381,19619
0,52486,380,19620
0,52491,380,19620
0,52496,380,19620
0,52501,380,19620
0,52506,378,19622
0,52511,370,19630
0,52516,370,19630
0,52521,370,19630
0,52526,370,19630
0,52531,370,19630
0,52536,360,19640
0,52541,360,19640
0,52546,360,19640
0,52551,360,19640
0,52556,360,19640
0,52561,359,19641
0,52566,350,19650
0,52571,350,19650
0,52576,350,19650
0,52581,350,19650
0,52586,349,19651
0,52591,340,19660
0,52596,340,19660
0,52601,340,19660
0,52606,340,19660
0,52611,340,19660
0,52616,330,19670
0,52621,330,19670
0,52626,330,19670
0,52631,330,19670
0,52636,330,19670
0,52641,320,19680
0,52646,320,19680
0,52651,320,19680
0,52656,320,19680
0,52661,320,19680
0,52666,310,19690
0,52671,310,19690
0,52676,310,19690
0,52681,310,19690
0,52686,310,19690
0,52691,304,19696
0,52696,300,19700
0,52701,300,19700
0,52706,300,19700
0,52711,300,19700
0,52716,299,19701
0,52721,290,19710
0,52726,290,19710
0,52731,290,19710
0,52736,290,19710
0,52741,290,19710
0,52746,281,19719
0,52751,280,19720
0,52756,280,19720
0,52761,280,19720
0,52766,280,19720
0,52771,275,19725
0,52776,270,19730
0,52781,270,19730
0,52786,270,19730
0,52791,270,19730
0,52796,269,19731
0,52801,260,19740
0,52806,260,19740
0,52811,260,19740
0,52816,260,19740
0,52821,260,19740
0,52826,251,19749
0,52831,250,19750
0,52836,250,19750
0,52841,250,19750
0,52846,250,19750
0,52851,245,19755
0,52856,240,19760
0,52861,240,19760
0,52866,240,19760
0,52871,240,19760
0,52876,240,19760
0,52881,230,19770
0,52886,230,19770
0,52891,230,19770
0,52896,230,19770
0,52901,230,19770
0,52906,223,19777
0,52911,220,19780
0,52916,220,19780
0,52921,220,19780
0,52926,220,19780
0,52931,219,19781
0,52936,210,19790
0,52941,210,19790
0,52946,210,19790
0,52951,210,19790
0,52956,210,19790
0,52961,200,19800
0,52966,200,19800
0,52971,200,19800
0,52976,200,19800
0,52981,200,19800
0,52986,194,19806
0,52991,190,19810
0,52996,190,19810
0,53001,190,19810
0,53006,190,19810
0,53011,190,19810
0,53016,180,19820
0,53021,180,19820
0,53026,180,19820
0,53031,180,19820
0,53036,180,19820
0,53041,172,19828
0,53046,170,19830
0,53051,170,19830
0,53056,170,19830
0,53061,170,19830
0,53066,167,19833
0,53071,160,19840
0,53076,160,19840
0,53081,160,19840
0,53086,160,19840
0,53091,160,19840
0,53096,150,19850
0,53101,150,19850
0,53106,150,19850
0,53111,150,19850
0,53116,150,19850
0,53121,142,19858
0,53126,140,19860
0,53131,140,19860
0,53136,140,19860
0,53141,140,19860
0,53146,138,19862
0,53151,130,19870
0,53156,130,19870
0,53161,130,19870
0,53166,130,19870
0,53171,130,19870
0,53176,120,19880
0,53181,120,19880
0,53186,120,19880
0,53191,120,19880
0,53196,120,19880
0,53201,114,19886
0,53206,110,19890
0,53211,110,19890
0,53216,110,19890
0,53221,110,19890
0,53226,109,19891
0,53231,100,19900
0,53236,100,19900
0,53241,100,19900
0,53246,100,19900
0,53251,100,19900
0,53256,90,19910
0,53261,90,19910
0,53266,90,19910
0,53271,90,19910
0,53276,90,19910
0,53281,84,19916
0,53286,80,19920
0,53291,80,19920
0,53296,80,19920
0,53301,80,19920
0,53306,78,19922
0,53311,70,19930
0,53316,70,19930
0,53321,70,19930
0,53326,70,19930
0,53331,70,19930
0,53336,60,19940
0,53341,60,19940
0,53346,60,19940
0,53351,60,19940
0,53356,60,19940
0,53361,53,19947
0,53366,50,19950
0,53371,50,19950
0,53376,50,19950
0,53381,50,19950
0,53386,50,19950
0,53391,40,19960
0,53396,40,19960
0,53401,40,19960
0,53406,40,19960
0,53411,40,19960
0,53416,30,19970
0,53421,30,19970
0,53426,30,19970
0,53431,30,19970
0,53436,30,19970
0,53441,22,19978
0,53446,20,19980
0,53451,20,19980
0,53456,20,19980
0,53461,20,19980
0,53466,19,19981
0,53471,10,19990
0,53476,10,19990
0,53481,10,19990
0,53486,10,19990
0,53491,10,19990
0,53496,0,20000
