consensusTime,searchTime,onChainTime,seqId,roundId,comId
23.570083423s,1.123133313s,0s,9,9,0
23.776042222s,1.002994882s,0s,1,1,0
24.16973244s,1.304233586s,0s,7,7,0
24.517692943s,1.488016019s,0s,4,4,0
24.797426635s,1.472861325s,0s,8,8,0
25.621559126s,1.156364718s,0s,6,6,0
25.63514637s,1.296986028s,0s,5,5,0
25.989872061s,1.199714247s,0s,10,10,0
26.189531938s,1.443697408s,0s,2,2,0
27.156642379s,1.393475715s,0s,3,3,0
23.960662863s,1.493454927s,0s,13,13,0
24.031349875s,1.078750981s,0s,11,11,0
24.331281375s,1.011183805s,0s,16,16,0
24.568958639s,1.189262353s,0s,17,17,0
24.662625386s,1.257475231s,0s,15,15,0
24.935403359s,1.422048838s,0s,18,18,0
25.278040658s,1.430271162s,0s,20,20,0
25.826101886s,1.176033784s,0s,12,12,0
25.910610855s,1.414806495s,0s,14,14,0
26.571821512s,1.045423053s,0s,19,19,0
23.668003326s,1.11382015s,0s,21,21,0
23.691616139s,1.397996623s,0s,27,27,0
24.15738815s,1.10758381s,0s,30,30,0
25.196699809s,1.249512217s,0s,29,29,0
25.411404993s,1.048137844s,0s,26,26,0
25.421005587s,1.28275354s,0s,24,24,0
25.536691462s,1.104392198s,0s,23,23,0
26.297421418s,1.182038841s,0s,28,28,0
26.468183425s,1.451303506s,0s,25,25,0
26.568856148s,1.230309302s,0s,22,22,0
22.819045412s,1.099979508s,0s,37,37,0
23.584912044s,1.454068638s,0s,38,38,0
23.623645705s,1.271925153s,0s,31,31,0
24.704642512s,1.381938976s,0s,35,35,0
24.800367234s,1.49035553s,0s,39,39,0
25.203315019s,1.308370768s,0s,36,36,0
25.416104952s,1.306108746s,0s,32,32,0
25.893159654s,1.0907364s,0s,33,33,0
26.085899642s,1.154110271s,0s,40,40,0
26.708143614s,1.185370637s,0s,34,34,0
24.178833315s,1.236805137s,0s,42,42,0
24.673869412s,1.127015656s,0s,48,48,0
24.961756787s,1.402743678s,0s,46,46,0
24.992436556s,1.489016449s,0s,49,49,0
25.137209586s,1.373559337s,0s,45,45,0
25.453048721s,1.136269782s,0s,44,44,0
26.116782355s,1.10286854s,0s,47,47,0
26.544650379s,1.316333283s,0s,43,43,0
26.552365973s,1.240063475s,0s,50,50,0
27.542054729s,1.183582448s,0s,41,41,0
23.280542321s,1.222688273s,0s,52,52,0
24.805880183s,1.247063091s,0s,59,59,0
25.007529392s,1.233938011s,0s,58,58,0
25.366378957s,1.364363245s,0s,57,57,0
25.455957418s,1.04811364s,0s,55,55,0
25.538483393s,1.05731245s,0s,56,56,0
26.103157824s,1.480043007s,0s,54,54,0
26.259912134s,1.426582236s,0s,60,60,0
26.789916661s,1.446787174s,0s,53,53,0
27.829510846s,1.499281332s,0s,51,51,0
23.312076475s,1.225804458s,0s,61,61,0
24.205722618s,1.462041607s,0s,63,63,0
24.22530034s,1.47230429s,0s,66,66,0
24.349023199s,1.374765024s,0s,62,62,0
25.240369862s,1.488792727s,0s,64,64,0
25.580237823s,1.490991496s,0s,70,70,0
25.677915482s,1.367550733s,0s,67,67,0
26.692208945s,1.261017123s,0s,68,68,0
27.225047586s,1.481556278s,0s,65,65,0
27.323681199s,1.29327419s,0s,69,69,0
23.815172151s,1.137213495s,0s,74,74,0
24.087809891s,1.172499346s,0s,75,75,0
24.798963086s,1.24631412s,0s,80,80,0
24.962671724s,1.483663116s,0s,79,79,0
25.093336117s,1.280674217s,0s,77,77,0
25.148984171s,1.240085408s,0s,72,72,0
25.817911217s,1.413086529s,0s,71,71,0
26.047696362s,1.422308317s,0s,76,76,0
26.260509271s,1.19271366s,0s,73,73,0
27.15787519s,1.360904823s,0s,78,78,0
22.943917897s,1.080370181s,0s,85,85,0
23.944836809s,1.203383427s,0s,82,82,0
24.19585595s,1.413261781s,0s,86,86,0
24.328605399s,1.210688196s,0s,90,90,0
24.77670162s,1.198046661s,0s,87,87,0
24.923495007s,1.087590232s,0s,88,88,0
25.452331724s,1.042122001s,0s,84,84,0
25.951178219s,1.347999169s,0s,89,89,0
26.48775663s,1.141853031s,0s,83,83,0
26.899750598s,1.458454183s,0s,81,81,0
23.05614152s,1.158423433s,0s,93,93,0
24.173757815s,1.144174059s,0s,94,94,0
24.400101411s,1.17902188s,0s,91,91,0
24.421745871s,1.173821898s,0s,99,99,0
24.459391585s,1.33164922s,0s,100,100,0
24.596152145s,1.392949161s,0s,97,97,0
24.748863519s,1.159536824s,0s,96,96,0
25.404036654s,1.494323305s,0s,92,92,0
26.589998145s,1.493166877s,0s,95,95,0
27.078046506s,1.318432962s,0s,98,98,0
23.130329792s,1.067133569s,0s,102,102,0
23.936210058s,1.249295175s,0s,104,104,0
24.637496723s,1.185935523s,0s,108,108,0
24.773284946s,1.139422494s,0s,101,101,0
24.990126759s,1.251493747s,0s,103,103,0
25.05186793s,1.175708014s,0s,106,106,0
25.908219206s,1.363367545s,0s,107,107,0
26.210974907s,1.265774912s,0s,110,110,0
26.306658774s,1.384615552s,0s,105,105,0
27.21183046s,1.293002668s,0s,109,109,0
23.790359046s,1.372235316s,0s,117,117,0
23.924982233s,1.229328181s,0s,113,113,0
24.33491811s,1.371063596s,0s,115,115,0
24.346373034s,1.192997852s,0s,111,111,0
24.805319767s,1.303821802s,0s,119,119,0
24.920088901s,1.246567542s,0s,114,114,0
25.111383s,1.469499516s,0s,120,120,0
25.212048917s,1.00414058s,0s,118,118,0
25.662000834s,1.163769404s,0s,116,116,0
25.791608777s,1.155459275s,0s,112,112,0
24.948593425s,1.341637798s,0s,127,127,0
25.03825625s,1.11471297s,0s,121,121,0
25.207995037s,1.147986611s,0s,124,124,0
25.397727763s,1.068217378s,0s,130,130,0
25.589446916s,1.344901117s,0s,129,129,0
26.24693259s,1.355055328s,0s,122,122,0
26.289433761s,1.276398797s,0s,126,126,0
26.397143107s,1.106456447s,0s,128,128,0
27.016271114s,1.383311009s,0s,125,125,0
27.209116321s,1.241143302s,0s,123,123,0
23.545719282s,1.372070608s,0s,131,131,0
23.949688449s,1.404293483s,0s,140,140,0
24.72500188s,1.23093211s,0s,137,137,0
24.887724712s,1.448788332s,0s,133,133,0
25.055375442s,1.434573359s,0s,136,136,0
25.180152949s,1.087218119s,0s,135,135,0
26.048554282s,1.172442617s,0s,139,139,0
26.122301453s,1.005938507s,0s,132,132,0
26.159905041s,1.214706098s,0s,134,134,0
26.422637432s,1.478020434s,0s,138,138,0
23.100715067s,1.182629833s,0s,149,149,0
23.202405268s,1.156174836s,0s,146,146,0
24.081698694s,1.173410879s,0s,145,145,0
24.992110717s,1.068982966s,0s,148,148,0
25.144919986s,1.266377583s,0s,147,147,0
25.323760186s,1.228091428s,0s,144,144,0
26.092802138s,1.020715516s,0s,142,142,0
26.176404228s,1.212938475s,0s,150,150,0
26.731159654s,1.487027312s,0s,143,143,0
27.705595741s,1.473750451s,0s,141,141,0
23.78659117s,1.144113492s,0s,158,158,0
24.401579322s,1.150320643s,0s,155,155,0
25.203890531s,1.118700064s,0s,157,157,0
25.471715571s,1.498659222s,0s,154,154,0
25.670515763s,1.128926601s,0s,153,153,0
25.711186876s,1.414352952s,0s,160,160,0
25.723827376s,1.18463424s,0s,152,152,0
25.766473776s,1.278029774s,0s,159,159,0
25.80608463s,1.068375119s,0s,156,156,0
27.271055517s,1.231901983s,0s,151,151,0
23.619668816s,1.443811044s,0s,162,162,0
24.047662017s,1.079824164s,0s,165,165,0
25.45650446s,1.37133451s,0s,161,161,0
25.55012993s,1.325064414s,0s,168,168,0
25.864579589s,1.39564148s,0s,163,163,0
26.123438486s,1.303666402s,0s,170,170,0
26.287098267s,1.128272654s,0s,169,169,0
26.502846197s,1.087104271s,0s,167,167,0
26.561538522s,1.07982861s,0s,164,164,0
27.290826398s,1.318840933s,0s,166,166,0
24.027463794s,1.361468069s,0s,171,171,0
25.006391055s,1.345267123s,0s,178,178,0
25.104114224s,1.331074435s,0s,176,176,0
25.340931627s,1.320935469s,0s,175,175,0
25.82682623s,1.131513572s,0s,174,174,0
25.896472622s,1.076147552s,0s,180,180,0
26.798546605s,1.416099165s,0s,177,177,0
26.802141517s,1.364646758s,0s,173,173,0
26.816742919s,1.389882668s,0s,179,179,0
27.007326928s,1.125337462s,0s,172,172,0
23.350266323s,1.419053778s,0s,181,181,0
24.585408369s,1.28761644s,0s,190,190,0
24.930181971s,1.268321342s,0s,188,188,0
25.236977003s,1.260049251s,0s,189,189,0
25.261528935s,1.437072947s,0s,186,186,0
25.311097966s,1.36691644s,0s,182,182,0
25.370722481s,1.137418681s,0s,187,187,0
26.045603654s,1.223930655s,0s,183,183,0
26.629420997s,1.114205293s,0s,185,185,0
26.826047409s,1.149630025s,0s,184,184,0
24.652862199s,1.281391049s,0s,199,199,0
24.659528618s,1.062546231s,0s,200,200,0
24.847299723s,1.11077336s,0s,196,196,0
24.849927378s,1.030265804s,0s,197,197,0
25.220849291s,1.389839066s,0s,192,192,0
25.240555589s,1.444029058s,0s,193,193,0
25.36528598s,1.46023588s,0s,194,194,0
25.590948377s,1.1249489s,0s,195,195,0
25.999857117s,1.310552049s,0s,191,191,0
27.457754603s,1.225147802s,0s,198,198,0
24.317541999s,1.000082384s,0s,201,201,0
24.340133944s,1.39610733s,0s,202,202,0
24.423614503s,1.36958883s,0s,204,204,0
24.49233702s,1.448380182s,0s,210,210,0
24.579066832s,1.220065962s,0s,209,209,0
25.239350429s,1.231306195s,0s,207,207,0
26.004752906s,1.082851161s,0s,203,203,0
26.22147662s,1.016354655s,0s,205,205,0
27.100294983s,1.058545873s,0s,208,208,0
27.671986354s,1.385847893s,0s,206,206,0
24.15599791s,1.097804831s,0s,217,217,0
24.333674124s,1.013321725s,0s,219,219,0
24.469176745s,1.190095008s,0s,214,214,0
24.832728549s,1.40993336s,0s,218,218,0
24.957280117s,1.47343173s,0s,212,212,0
25.389360448s,1.3577087s,0s,216,216,0
26.166343442s,1.493735454s,0s,220,220,0
26.20398842s,1.332418119s,0s,211,211,0
26.658734016s,1.037607702s,0s,215,215,0
27.198231308s,1.434159575s,0s,213,213,0
22.989362319s,1.000069143s,0s,226,226,0
23.099984627s,1.131223307s,0s,221,221,0
24.206151093s,1.014304242s,0s,224,224,0
24.425938654s,1.092527035s,0s,227,227,0
24.47745591s,1.365019659s,0s,229,229,0
25.395957345s,1.108807028s,0s,222,222,0
25.411582733s,1.327817235s,0s,230,230,0
25.992624194s,1.498336157s,0s,225,225,0
26.527280941s,1.119008302s,0s,223,223,0
27.036313072s,1.260512667s,0s,228,228,0
23.486769924s,1.223620965s,0s,232,232,0
24.363048079s,1.125991324s,0s,239,239,0
24.92279746s,1.369381483s,0s,240,240,0
25.14149254s,1.168130833s,0s,234,234,0
25.429906302s,1.219384317s,0s,236,236,0
25.498582693s,1.403598894s,0s,237,237,0
25.723391337s,1.232896523s,0s,233,233,0
25.79489631s,1.232902222s,0s,231,231,0
25.838452631s,1.111712899s,0s,238,238,0
27.299169387s,1.241044084s,0s,235,235,0
23.071421594s,1.015227667s,0s,243,243,0
23.572385773s,1.014099642s,0s,245,245,0
24.441764328s,1.099848918s,0s,244,244,0
24.550473753s,1.397949846s,0s,242,242,0
24.586214149s,1.425081369s,0s,246,246,0
24.86606859s,1.338489143s,0s,241,241,0
24.96877056s,1.082590335s,0s,250,250,0
25.067464153s,1.167069268s,0s,247,247,0
26.206648433s,1.34067761s,0s,249,249,0
26.771718841s,1.436289282s,0s,248,248,0
23.739076529s,1.341291521s,0s,253,253,0
24.239809544s,1.031093921s,0s,252,252,0
24.288462836s,1.385574893s,0s,251,251,0
24.310086778s,1.403789086s,0s,254,254,0
24.931276377s,1.076756825s,0s,256,256,0
25.271127291s,1.034323695s,0s,260,260,0
25.42782448s,1.114979193s,0s,258,258,0
25.481610459s,1.338029511s,0s,257,257,0
25.751309227s,1.417017404s,0s,255,255,0
26.278020481s,1.045520777s,0s,259,259,0
24.600847992s,1.292111546s,0s,265,265,0
24.767707251s,1.071154926s,0s,267,267,0
24.907394901s,1.230898844s,0s,268,268,0
25.276094629s,1.437927715s,0s,263,263,0
25.279690126s,1.376360137s,0s,269,269,0
25.325291586s,1.230906328s,0s,261,261,0
25.344973058s,1.443082015s,0s,266,266,0
25.377690733s,1.102531152s,0s,270,270,0
25.549397447s,1.412642045s,0s,262,262,0
26.383615452s,1.101371355s,0s,264,264,0
24.349638229s,1.098155673s,0s,276,276,0
24.543427987s,1.368841032s,0s,278,278,0
24.621116837s,1.448363837s,0s,275,275,0
25.225872769s,1.341598175s,0s,271,271,0
25.518795776s,1.234060302s,0s,277,277,0
25.574475759s,1.112422401s,0s,279,279,0
25.759109802s,1.124667794s,0s,280,280,0
25.851723573s,1.375073012s,0s,273,273,0
25.965475789s,1.181940303s,0s,272,272,0
25.984327583s,1.305375538s,0s,274,274,0
23.829994498s,1.408303618s,0s,285,285,0
24.213987736s,1.244070504s,0s,284,284,0
24.357662445s,1.352076408s,0s,283,283,0
24.586356881s,1.325809114s,0s,290,290,0
25.282083971s,1.019120191s,0s,282,282,0
25.517918301s,1.285553501s,0s,281,281,0
25.927961085s,1.150642629s,0s,287,287,0
26.115687638s,1.173905636s,0s,288,288,0
26.191356885s,1.427552286s,0s,289,289,0
26.902571955s,1.267262417s,0s,286,286,0
23.295651447s,1.098951871s,0s,299,299,0
24.261018084s,1.118080532s,0s,293,293,0
24.533788274s,1.340925805s,0s,297,297,0
25.115951547s,1.257724196s,0s,300,300,0
25.216553542s,1.361061028s,0s,294,294,0
25.31533017s,1.473476662s,0s,292,292,0
25.739089697s,1.437256593s,0s,296,296,0
26.111709199s,1.17944441s,0s,298,298,0
26.223514531s,1.163263091s,0s,295,295,0
26.737205388s,1.067714288s,0s,291,291,0
23.833069471s,1.220649273s,0s,308,308,0
23.864699942s,1.454588443s,0s,303,303,0
24.600125636s,1.144417503s,0s,310,310,0
24.958037883s,1.322054483s,0s,307,307,0
25.286990211s,1.409350036s,0s,306,306,0
25.394652652s,1.221746982s,0s,309,309,0
25.457220097s,1.476272088s,0s,304,304,0
26.009223371s,1.12719146s,0s,301,301,0
26.83749837s,1.271937491s,0s,302,302,0
27.116292832s,1.473853527s,0s,305,305,0
24.420795892s,1.299042333s,0s,314,314,0
24.478415206s,1.07538516s,0s,316,316,0
24.534917054s,1.26392514s,0s,315,315,0
24.60061052s,1.437791377s,0s,320,320,0
24.63416022s,1.442972599s,0s,312,312,0
25.538934185s,1.134632199s,0s,319,319,0
25.6575279s,1.412516992s,0s,318,318,0
25.872266275s,1.384318564s,0s,317,317,0
26.422375614s,1.060137559s,0s,313,313,0
26.894389719s,1.477199824s,0s,311,311,0
22.824183362s,1.012903722s,0s,329,329,0
23.72259287s,1.00870399s,0s,324,324,0
23.804181517s,1.364330094s,0s,330,330,0
24.172706115s,1.256961627s,0s,326,326,0
24.460468008s,1.456525658s,0s,325,325,0
24.966452978s,1.199440648s,0s,323,323,0
25.632463099s,1.054092334s,0s,322,322,0
26.055405748s,1.302072115s,0s,321,321,0
26.496524009s,1.253678571s,0s,327,327,0
27.02046725s,1.471677629s,0s,328,328,0
24.462415109s,1.474320893s,0s,340,340,0
24.475055438s,1.003128386s,0s,332,332,0
25.374382299s,1.388057678s,0s,336,336,0
25.51505373s,1.158016908s,0s,331,331,0
25.528738282s,1.011345203s,0s,338,338,0
25.680446002s,1.370582014s,0s,333,333,0
25.768051976s,1.130842827s,0s,337,337,0
25.833628108s,1.062621353s,0s,339,339,0
26.132508031s,1.379896022s,0s,335,335,0
26.547480191s,1.225248433s,0s,334,334,0
23.057409506s,1.101133694s,0s,349,349,0
23.44338462s,1.142322721s,0s,342,342,0
23.798384198s,1.432864268s,0s,347,347,0
24.032332662s,1.21806549s,0s,344,344,0
24.911549899s,1.470094826s,0s,350,350,0
24.934237172s,1.218016062s,0s,348,348,0
25.216962768s,1.411369771s,0s,346,346,0
25.577125324s,1.422628659s,0s,345,345,0
26.398375725s,1.164784379s,0s,343,343,0
26.49763496s,1.162575431s,0s,341,341,0
22.849280249s,1.094841491s,0s,359,359,0
24.444063266s,1.042326573s,0s,354,354,0
25.016524689s,1.394047042s,0s,353,353,0
25.065227557s,1.000074692s,0s,356,356,0
25.365079925s,1.413225759s,0s,360,360,0
25.590845499s,1.046573498s,0s,352,352,0
25.621555654s,1.256506742s,0s,358,358,0
26.074536825s,1.188090358s,0s,351,351,0
26.08011256s,1.377781528s,0s,355,355,0
26.892295892s,1.242266217s,0s,357,357,0
23.41910942s,1.038010802s,0s,363,363,0
23.764909s,1.002515178s,0s,362,362,0
24.496157506s,1.419595054s,0s,370,370,0
24.792915314s,1.070209602s,0s,365,365,0
25.08470902s,1.165510496s,0s,366,366,0
25.31940663s,1.226064039s,0s,361,361,0
25.611339715s,1.459798245s,0s,364,364,0
26.445594743s,1.409396054s,0s,369,369,0
26.513143466s,1.017727673s,0s,368,368,0
26.608682383s,1.184751563s,0s,367,367,0
23.311620222s,1.185574045s,0s,374,374,0
23.834444478s,1.047110396s,0s,373,373,0
24.40849628s,1.273358864s,0s,376,376,0
24.511080361s,1.294626418s,0s,371,371,0
24.549727905s,1.478382026s,0s,378,378,0
24.852586259s,1.0963395s,0s,372,372,0
25.613574768s,1.203830639s,0s,379,379,0
25.71627085s,1.264119716s,0s,377,377,0
25.790961346s,1.320854969s,0s,375,375,0
26.733557559s,1.363092597s,0s,380,380,0
23.580656579s,1.001987627s,0s,387,387,0
24.024698446s,1.090472249s,0s,381,381,0
24.239226431s,1.40483609s,0s,382,382,0
24.244824037s,1.407009391s,0s,388,388,0
24.799374496s,1.284037977s,0s,386,386,0
24.864071803s,1.331540357s,0s,384,384,0
24.980774714s,1.292306578s,0s,389,389,0
26.231204018s,1.227821924s,0s,383,383,0
26.737372624s,1.431231781s,0s,385,385,0
26.759064526s,1.013227245s,0s,390,390,0
23.912831765s,1.053965881s,0s,395,395,0
24.707758962s,1.09245116s,0s,396,396,0
24.799481942s,1.275881248s,0s,393,393,0
25.025267641s,1.081235206s,0s,398,398,0
25.175023947s,1.384606496s,0s,391,391,0
25.520846341s,1.349420072s,0s,397,397,0
25.889827565s,1.407815182s,0s,400,400,0
26.108650694s,1.336261735s,0s,392,392,0
26.207354168s,1.331128311s,0s,394,394,0
27.231856745s,1.411053376s,0s,399,399,0
24.547344161s,1.071176462s,0s,405,405,0
25.18365445s,1.118479468s,0s,409,409,0
25.259316452s,1.106301729s,0s,404,404,0
25.357086174s,1.093039396s,0s,410,410,0
25.518843736s,1.484939425s,0s,402,402,0
25.582484437s,1.15892334s,0s,407,407,0
25.671220108s,1.136720838s,0s,408,408,0
25.815971462s,1.455720826s,0s,401,401,0
26.110195716s,1.443474419s,0s,403,403,0
27.103663262s,1.338200463s,0s,406,406,0
23.97279263s,1.42275723s,0s,418,418,0
25.00513663s,1.258926918s,0s,412,412,0
25.051696166s,1.004066302s,0s,419,419,0
25.317497714s,1.364263023s,0s,411,411,0
25.367147347s,1.315042359s,0s,413,413,0
25.571934878s,1.062305296s,0s,414,414,0
25.605643691s,1.408469335s,0s,416,416,0
25.964512902s,1.4912524s,0s,417,417,0
26.117139093s,1.478964389s,0s,415,415,0
26.915124873s,1.231666632s,0s,420,420,0
23.912628573s,1.298292555s,0s,421,421,0
25.139277263s,1.068845546s,0s,423,423,0
25.378220365s,1.239829052s,0s,425,425,0
25.784234687s,1.291018891s,0s,427,427,0
25.814836371s,1.074100452s,0s,426,426,0
25.82552476s,1.314747429s,0s,428,428,0
25.897298151s,1.436087161s,0s,422,422,0
26.018090718s,1.223633393s,0s,430,430,0
26.117749127s,1.106313482s,0s,424,424,0
26.539672656s,1.301538368s,0s,429,429,0
23.151212814s,1.174562824s,0s,431,431,0
24.00656882s,1.350030642s,0s,434,434,0
24.961884291s,1.088295101s,0s,440,440,0
25.423482739s,1.024080524s,0s,439,439,0
25.628313151s,1.401229257s,0s,436,436,0
26.000147687s,1.473944035s,0s,432,432,0
26.081924859s,1.33086676s,0s,433,433,0
26.1864983s,1.431467558s,0s,438,438,0
26.732636627s,1.4356555s,0s,437,437,0
26.957449388s,1.014815657s,0s,435,435,0
23.237355027s,1.284261978s,0s,441,441,0
23.709986723s,1.162529955s,0s,444,444,0
24.840742683s,1.28002113s,0s,446,446,0
24.980505502s,1.396750114s,0s,443,443,0
25.009183371s,1.004102018s,0s,450,450,0
25.277154769s,1.438110391s,0s,448,448,0
25.308794365s,1.168747827s,0s,445,445,0
26.378357719s,1.345472136s,0s,442,442,0
26.691457844s,1.407943391s,0s,447,447,0
26.710132152s,1.113332385s,0s,449,449,0
25.045456745s,1.21747745s,0s,453,453,0
25.599469409s,1.485345092s,0s,455,455,0
25.809282546s,1.186052766s,0s,459,459,0
25.911900635s,1.00208224s,0s,454,454,0
25.955506433s,1.052553743s,0s,452,452,0
26.088155885s,1.199309357s,0s,456,456,0
26.305850522s,1.468973856s,0s,457,457,0
26.507639638s,1.480108632s,0s,460,460,0
26.659184675s,1.152818869s,0s,458,458,0
26.992020752s,1.018384917s,0s,451,451,0
24.624205697s,1.462375772s,0s,463,463,0
24.676452341s,1.205061848s,0s,468,468,0
24.917312569s,1.467606632s,0s,466,466,0
25.199214098s,1.073266595s,0s,467,467,0
25.532029698s,1.401874669s,0s,470,470,0
25.633614242s,1.266275184s,0s,461,461,0
25.692200279s,1.493920833s,0s,465,465,0
25.780886197s,1.083567895s,0s,464,464,0
26.154862102s,1.445093671s,0s,462,462,0
26.769011585s,1.099804194s,0s,469,469,0
24.244526547s,1.337966512s,0s,472,472,0
24.91568443s,1.141810885s,0s,479,479,0
25.089400404s,1.216587283s,0s,478,478,0
25.683442265s,1.374874492s,0s,480,480,0
25.74104857s,1.351401727s,0s,476,476,0
25.926752554s,1.008453546s,0s,475,475,0
25.930379512s,1.344075399s,0s,477,477,0
26.150243757s,1.369622327s,0s,473,473,0
26.377065039s,1.175052011s,0s,474,474,0
26.877173498s,1.180367688s,0s,471,471,0
23.674180027s,1.494452429s,0s,488,488,0
25.117866038s,1.403778064s,0s,489,489,0
25.308706202s,1.269415009s,0s,484,484,0
25.421421782s,1.491278004s,0s,482,482,0
25.648200982s,1.234119401s,0s,490,490,0
25.85285914s,1.070458613s,0s,485,485,0
25.861521741s,1.112660859s,0s,481,481,0
26.221276688s,1.150920767s,0s,483,483,0
26.32309628s,1.059182016s,0s,486,486,0
26.726902302s,1.483054984s,0s,487,487,0
23.272192869s,1.015095615s,0s,492,492,0
24.143541706s,1.406025512s,0s,495,495,0
24.278213707s,1.267516892s,0s,496,496,0
25.604661401s,1.149046203s,0s,498,498,0
25.651359358s,1.235337851s,0s,491,491,0
25.658866175s,1.465316137s,0s,493,493,0
26.145937933s,1.030345133s,0s,499,499,0
26.196637969s,1.034579016s,0s,500,500,0
26.590438289s,1.084840683s,0s,494,494,0
26.844333408s,1.306732297s,0s,497,497,0
24.073853385s,1.429787313s,0s,509,509,0
24.241605881s,1.010089878s,0s,503,503,0
24.728646487s,1.165682691s,0s,508,508,0
25.04959265s,1.471525109s,0s,502,502,0
25.129243005s,1.236977886s,0s,507,507,0
25.49005921s,1.497831005s,0s,510,510,0
25.659754339s,1.245232564s,0s,504,504,0
25.852477168s,1.075365253s,0s,505,505,0
26.072204241s,1.460079546s,0s,501,501,0
27.129147512s,1.418613209s,0s,506,506,0
23.115902057s,1.034744927s,0s,511,511,0
23.805851403s,1.033528716s,0s,520,520,0
24.267751607s,1.236007952s,0s,519,519,0
24.585651948s,1.20557474s,0s,518,518,0
24.800474256s,1.218799986s,0s,517,517,0
25.055320596s,1.176359658s,0s,514,514,0
25.13200693s,1.058987975s,0s,516,516,0
25.218607198s,1.305460364s,0s,513,513,0
25.61602516s,1.313706578s,0s,512,512,0
26.054962731s,1.298261742s,0s,515,515,0
23.65162057s,1.248129275s,0s,523,523,0
24.17762907s,1.261360946s,0s,525,525,0
24.321905642s,1.491375738s,0s,522,522,0
24.513769205s,1.453034427s,0s,524,524,0
24.936476497s,1.215004955s,0s,521,521,0
25.034118179s,1.168441528s,0s,527,527,0
25.046652747s,1.188669011s,0s,526,526,0
25.653760601s,1.113141903s,0s,529,529,0
25.843457867s,1.354661618s,0s,530,530,0
26.545590073s,1.435909087s,0s,528,528,0
24.06243692s,1.163151909s,0s,535,535,0
24.136060852s,1.048688648s,0s,540,540,0
24.360708304s,1.315056951s,0s,539,539,0
24.365323188s,1.249681052s,0s,537,537,0
25.128546903s,1.426438489s,0s,538,538,0
25.163306485s,1.0384463s,0s,533,533,0
25.268852608s,1.201448961s,0s,536,536,0
25.406466782s,1.052943815s,0s,534,534,0
25.982597409s,1.030121132s,0s,532,532,0
27.195285096s,1.296879966s,0s,531,531,0
23.764474042s,1.175796261s,0s,542,542,0
24.723832555s,1.339537398s,0s,547,547,0
25.013651627s,1.166587544s,0s,543,543,0
25.069282655s,1.103028314s,0s,546,546,0
25.153933965s,1.496010163s,0s,550,550,0
25.493817523s,1.015821229s,0s,544,544,0
25.508548795s,1.470784944s,0s,548,548,0
25.542159454s,1.227077675s,0s,549,549,0
26.358118412s,1.331320714s,0s,541,541,0
27.337102742s,1.107265515s,0s,545,545,0
23.847307872s,1.090396267s,0s,557,557,0
24.043092719s,1.448336983s,0s,551,551,0
24.762306018s,1.108868509s,0s,552,552,0
25.476435928s,1.12712514s,0s,556,556,0
25.676214749s,1.41211708s,0s,559,559,0
25.816955644s,1.085136163s,0s,558,558,0
26.094770523s,1.143386517s,0s,560,560,0
26.227436666s,1.368964898s,0s,554,554,0
26.467188898s,1.098660637s,0s,555,555,0
26.564784356s,1.238659424s,0s,553,553,0
24.110371749s,1.477324059s,0s,563,563,0
24.621411329s,1.01207404s,0s,564,564,0
25.292675433s,1.302780861s,0s,567,567,0
25.541304179s,1.031304421s,0s,561,561,0
25.806015098s,1.268570488s,0s,568,568,0
26.006601625s,1.091773393s,0s,569,569,0
26.02128546s,1.060573085s,0s,570,570,0
26.062829839s,1.113977807s,0s,566,566,0
26.797667084s,1.331020955s,0s,565,565,0
27.046370428s,1.131215174s,0s,562,562,0
24.19320173s,1.192967505s,0s,576,576,0
24.458063517s,1.054140636s,0s,579,579,0
25.138504618s,1.089634025s,0s,578,578,0
25.159145134s,1.199172891s,0s,577,577,0
25.635129577s,1.464101066s,0s,574,574,0
25.690747216s,1.472558827s,0s,572,572,0
25.763352018s,1.06142273s,0s,573,573,0
26.872006639s,1.349553546s,0s,575,575,0
26.993701125s,1.469326321s,0s,571,571,0
27.134308963s,1.440821247s,0s,580,580,0
23.331011324s,1.413026758s,0s,586,586,0
24.553439165s,1.164943784s,0s,582,582,0
24.804257714s,1.423325045s,0s,587,587,0
25.166082086s,1.044120257s,0s,590,590,0
25.206667048s,1.289132461s,0s,585,585,0
25.274134817s,1.119403232s,0s,588,588,0
25.603019574s,1.123673369s,0s,581,581,0
25.632636062s,1.386867128s,0s,584,584,0
26.878311389s,1.302356612s,0s,583,583,0
27.625411585s,1.332598418s,0s,589,589,0
24.134306208s,1.328929675s,0s,599,599,0
24.465211474s,1.017077619s,0s,593,593,0
24.865894931s,1.412654274s,0s,598,598,0
24.912635882s,1.499030072s,0s,592,592,0
25.059975439s,1.263667341s,0s,596,596,0
25.317776115s,1.072340742s,0s,595,595,0
25.546938877s,1.417845819s,0s,594,594,0
25.68070866s,1.377275673s,0s,600,600,0
26.092574816s,1.34002656s,0s,597,597,0
26.188129707s,1.394458224s,0s,591,591,0
23.071308666s,1.071118462s,0s,602,602,0
23.470248615s,1.497331005s,0s,603,603,0
23.857874713s,1.08341108s,0s,609,609,0
24.598703231s,1.403712302s,0s,608,608,0
24.648282537s,1.149943419s,0s,606,606,0
24.937124939s,1.443982444s,0s,604,604,0
25.080798147s,1.491106619s,0s,601,601,0
25.118480658s,1.093666923s,0s,610,610,0
25.645737432s,1.308444536s,0s,605,605,0
27.028142398s,1.270161063s,0s,607,607,0
24.030505212s,1.328592086s,0s,611,611,0
24.108049235s,1.337827183s,0s,618,618,0
24.659173126s,1.44741693s,0s,617,617,0
24.710777154s,1.261721479s,0s,613,613,0
24.756261964s,1.106189682s,0s,612,612,0
25.767753266s,1.264013971s,0s,614,614,0
26.150672292s,1.288317563s,0s,620,620,0
26.337398352s,1.128412993s,0s,616,616,0
26.391934647s,1.434245101s,0s,615,615,0
26.92570952s,1.427048091s,0s,619,619,0
23.637692708s,1.389650574s,0s,623,623,0
24.577045497s,1.096355891s,0s,628,628,0
24.869455858s,1.396864947s,0s,627,627,0
25.070228025s,1.190635018s,0s,625,625,0
25.360369722s,1.017116395s,0s,621,621,0
25.441002513s,1.44108185s,0s,630,630,0
25.487721976s,1.193953324s,0s,629,629,0
25.509453879s,1.367456533s,0s,624,624,0
25.929118251s,1.473435199s,0s,622,622,0
26.158934159s,1.218086075s,0s,626,626,0
23.865955752s,1.090610735s,0s,637,637,0
23.950648146s,1.377325751s,0s,631,631,0
24.478462628s,1.021353878s,0s,634,634,0
24.795391918s,1.319495382s,0s,636,636,0
24.937117787s,1.131027619s,0s,633,633,0
24.998613467s,1.349799473s,0s,632,632,0
25.230319308s,1.358042589s,0s,635,635,0
25.857585099s,1.018131705s,0s,639,639,0
26.049384844s,1.117849157s,0s,638,638,0
26.263166341s,1.448638409s,0s,640,640,0
23.460279495s,1.425406295s,0s,643,643,0
24.008348404s,1.351309624s,0s,648,648,0
25.438285698s,1.269003496s,0s,641,641,0
25.452847245s,1.065228882s,0s,642,642,0
25.676733983s,1.393836353s,0s,644,644,0
25.810457516s,1.196756782s,0s,645,645,0
25.989238284s,1.027979593s,0s,650,650,0
26.168985299s,1.404059666s,0s,647,647,0
26.666082863s,1.091413965s,0s,649,649,0
27.462993012s,1.362484064s,0s,646,646,0
23.368046444s,1.492637346s,0s,652,652,0
24.833906196s,1.053135611s,0s,653,653,0
25.181350791s,1.069400762s,0s,651,651,0
25.186061102s,1.223240552s,0s,657,657,0
25.804558039s,1.456077s,0s,655,655,0
25.88926771s,1.332499222s,0s,660,660,0
25.961923365s,1.155926747s,0s,659,659,0
26.208639699s,1.473368097s,0s,654,654,0
26.686686864s,1.123644103s,0s,658,658,0
27.078536772s,1.338781686s,0s,656,656,0
24.287833793s,1.061294132s,0s,661,661,0
24.497522004s,1.246468728s,0s,665,665,0
24.670373732s,1.088505507s,0s,663,663,0
24.72394699s,1.207071967s,0s,670,670,0
24.975676634s,1.060154345s,0s,668,668,0
25.431599564s,1.4970409s,0s,667,667,0
26.362191596s,1.216279015s,0s,666,666,0
26.677991785s,1.183873995s,0s,662,662,0
26.744506623s,1.207064117s,0s,664,664,0
26.794125599s,1.491937444s,0s,669,669,0
23.241327873s,1.227282476s,0s,675,675,0
23.426943284s,1.0935393s,0s,674,674,0
24.357431581s,1.403104438s,0s,679,679,0
24.796582027s,1.285481237s,0s,677,677,0
24.989371643s,1.337920948s,0s,678,678,0
25.212168548s,1.188486151s,0s,672,672,0
25.709314165s,1.045295591s,0s,676,676,0
26.022124759s,1.471365832s,0s,671,671,0
26.029777729s,1.200701787s,0s,673,673,0
27.222343693s,1.326734929s,0s,680,680,0
22.751532885s,1.091243772s,0s,689,689,0
24.322075978s,1.304896706s,0s,681,681,0
24.355637058s,1.283673235s,0s,690,690,0
24.772394003s,1.167531207s,0s,687,687,0
25.397723943s,1.470593479s,0s,685,685,0
25.418379892s,1.192779692s,0s,683,683,0
25.420996834s,1.233051428s,0s,684,684,0
25.852937s,1.36625689s,0s,688,688,0
26.248862896s,1.27241762s,0s,682,682,0
26.940112142s,1.32504522s,0s,686,686,0
23.49981623s,1.031140939s,0s,695,695,0
24.854664041s,1.306859216s,0s,694,694,0
24.985279185s,1.021985716s,0s,699,699,0
25.021838735s,1.16190238s,0s,698,698,0
25.442709352s,1.211113842s,0s,692,692,0
25.683508269s,1.290403467s,0s,696,696,0
25.741190782s,1.414101849s,0s,697,697,0
26.113184905s,1.049399464s,0s,691,691,0
26.143738296s,1.291582445s,0s,700,700,0
26.721394968s,1.152665199s,0s,693,693,0
23.840834844s,1.097545559s,0s,704,704,0
24.49997828s,1.353116682s,0s,709,709,0
24.685762837s,1.368362966s,0s,706,706,0
24.851490406s,1.472983958s,0s,702,702,0
25.362085163s,1.370550718s,0s,710,710,0
25.524788379s,1.477263227s,0s,708,708,0
26.019552722s,1.069370329s,0s,701,701,0
26.074185061s,1.400767009s,0s,703,703,0
26.771183296s,1.046124096s,0s,707,707,0
27.198107056s,1.289940668s,0s,705,705,0
24.440328044s,1.226768879s,0s,714,714,0
24.523034281s,1.029751727s,0s,712,712,0
24.826913304s,1.01449335s,0s,711,711,0
24.931527597s,1.000277011s,0s,716,716,0
25.006177249s,1.269090103s,0s,715,715,0
25.514308265s,1.150277337s,0s,719,719,0
25.783100111s,1.304270548s,0s,713,713,0
25.794706612s,1.16253532s,0s,720,720,0
26.184668184s,1.374528275s,0s,718,718,0
26.289230363s,1.04202558s,0s,717,717,0
23.889472359s,1.495089977s,0s,722,722,0
24.014257331s,1.296355213s,0s,730,730,0
24.1931923s,1.206932494s,0s,721,721,0
24.664313978s,1.455963523s,0s,728,728,0
24.854121491s,1.448736097s,0s,727,727,0
25.037843009s,1.125493319s,0s,723,723,0
25.378727417s,1.149683051s,0s,729,729,0
26.343830726s,1.034266289s,0s,726,726,0
26.52044296s,1.004066651s,0s,725,725,0
27.070871599s,1.23310522s,0s,724,724,0
23.505675569s,1.198563001s,0s,731,731,0
24.724753636s,1.339641835s,0s,734,734,0
24.854142243s,1.262051477s,0s,732,732,0
25.237118043s,1.181282757s,0s,733,733,0
25.482038619s,1.458049185s,0s,736,736,0
25.753873597s,1.382858236s,0s,738,738,0
25.786405146s,1.4866116s,0s,739,739,0
26.001218091s,1.237774701s,0s,737,737,0
26.386129677s,1.283292627s,0s,740,740,0
27.149267661s,1.468374255s,0s,735,735,0
23.107529467s,1.041234408s,0s,743,743,0
23.99892991s,1.184014673s,0s,750,750,0
24.071621722s,1.139772604s,0s,747,747,0
24.378500603s,1.286513907s,0s,749,749,0
24.770308425s,1.035921506s,0s,746,746,0
24.902874673s,1.018666497s,0s,745,745,0
24.912362646s,1.430042871s,0s,742,742,0
25.183107702s,1.189231119s,0s,744,744,0
26.125446598s,1.409812403s,0s,748,748,0
26.866125145s,1.048443884s,0s,741,741,0
23.89906002s,1.383451167s,0s,751,751,0
24.698364536s,1.252570384s,0s,754,754,0
24.726948273s,1.317807483s,0s,759,759,0
24.812598609s,1.366277841s,0s,753,753,0
25.210402103s,1.10925081s,0s,755,755,0
25.544284671s,1.346025669s,0s,758,758,0
25.711022405s,1.464886442s,0s,756,756,0
26.350486553s,1.418684666s,0s,757,757,0
26.594134536s,1.056999578s,0s,760,760,0
27.691846931s,1.467045374s,0s,752,752,0
24.285240158s,1.444287124s,0s,766,766,0
24.761268058s,1.300502235s,0s,761,761,0
24.980112704s,1.238639113s,0s,765,765,0
25.462024329s,1.070147662s,0s,770,770,0
25.636780225s,1.262031653s,0s,764,764,0
26.312816415s,1.26629621s,0s,768,768,0
26.350365981s,1.390021008s,0s,763,763,0
26.530240249s,1.245912557s,0s,762,762,0
26.591885385s,1.182429888s,0s,767,767,0
26.639604184s,1.355787021s,0s,769,769,0
22.985043621s,1.063159122s,0s,777,777,0
24.425992009s,1.168162107s,0s,773,773,0
24.464657337s,1.165913129s,0s,776,776,0
24.907728457s,1.212706925s,0s,772,772,0
24.944358003s,1.158618243s,0s,780,780,0
25.252182031s,1.178503005s,0s,774,774,0
26.218172963s,1.352230814s,0s,779,779,0
26.745675097s,1.115416395s,0s,775,775,0
26.755462326s,1.294006359s,0s,771,771,0
27.335642013s,1.468083953s,0s,778,778,0
24.136882158s,1.113442499s,0s,789,789,0
24.229592942s,1.419610975s,0s,786,786,0
24.96767983s,1.294348585s,0s,784,784,0
25.110332012s,1.187588755s,0s,782,782,0
25.113888526s,1.489013126s,0s,787,787,0
25.814044205s,1.205802839s,0s,781,781,0
26.326009579s,1.113451667s,0s,783,783,0
26.441632919s,1.10115721s,0s,788,788,0
26.826593542s,1.250039297s,0s,790,790,0
26.897270133s,1.469848297s,0s,785,785,0
22.978197218s,1.227574855s,0s,800,800,0
23.649009099s,1.184348097s,0s,793,793,0
24.163203049s,1.452024814s,0s,796,796,0
24.561065575s,1.30993883s,0s,798,798,0
25.00801608s,1.42977684s,0s,791,791,0
25.448910486s,1.085076106s,0s,795,795,0
26.050459403s,1.320276845s,0s,799,799,0
26.433433965s,1.382553833s,0s,792,792,0
26.836321997s,1.228700232s,0s,797,797,0
26.849936584s,1.312072476s,0s,794,794,0
23.942320557s,1.14903955s,0s,810,810,0
24.489164159s,1.11678315s,0s,808,808,0
24.90401367s,1.05837331s,0s,809,809,0
25.287840447s,1.496214654s,0s,807,807,0
25.301376051s,1.305603569s,0s,806,806,0
25.467617154s,1.345023035s,0s,803,803,0
26.089778553s,1.3067244s,0s,805,805,0
26.17747231s,1.000134369s,0s,804,804,0
26.268084978s,1.07559911s,0s,802,802,0
26.857172244s,1.170252796s,0s,801,801,0
23.657375282s,1.061271029s,0s,816,816,0
24.024282603s,1.24199335s,0s,812,812,0
24.039855439s,1.094506477s,0s,817,817,0
24.666887311s,1.195747316s,0s,820,820,0
24.937660001s,1.041075047s,0s,819,819,0
25.498711179s,1.4106147s,0s,814,814,0
25.525296745s,1.345128819s,0s,813,813,0
25.546948068s,1.366395916s,0s,811,811,0
25.744637103s,1.428868174s,0s,818,818,0
26.196744428s,1.435088275s,0s,815,815,0
23.155878577s,1.261341672s,0s,826,826,0
23.785177588s,1.255090605s,0s,830,830,0
23.897766167s,1.026154489s,0s,825,825,0
24.529285476s,1.326976425s,0s,824,824,0
24.698039702s,1.163888636s,0s,829,829,0
24.87087136s,1.116633989s,0s,827,827,0
25.380887401s,1.312773675s,0s,823,823,0
25.413473012s,1.387216967s,0s,828,828,0
25.544127075s,1.062393221s,0s,821,821,0
26.771713112s,1.283533276s,0s,822,822,0
23.453541717s,1.088310201s,0s,838,838,0
23.902566826s,1.076093461s,0s,836,836,0
25.244747019s,1.233843767s,0s,833,833,0
25.496515244s,1.25101617s,0s,834,834,0
25.504114608s,1.356458051s,0s,839,839,0
25.633428902s,1.074952565s,0s,835,835,0
25.66910925s,1.320249075s,0s,832,832,0
26.154042919s,1.048642611s,0s,837,837,0
26.507710463s,1.223687049s,0s,840,840,0
27.266711535s,1.41365035s,0s,831,831,0
23.976303956s,1.418051984s,0s,847,847,0
24.487436126s,1.082919974s,0s,849,849,0
24.917330988s,1.066353289s,0s,842,842,0
25.015036833s,1.24059858s,0s,844,844,0
25.670119825s,1.156070793s,0s,848,848,0
25.702701445s,1.0371248s,0s,843,843,0
26.071440381s,1.081726899s,0s,841,841,0
26.460336828s,1.210309874s,0s,846,846,0
26.854238291s,1.41696037s,0s,845,845,0
27.104971453s,1.427315325s,0s,850,850,0
24.258628356s,1.239693341s,0s,860,860,0
24.551577584s,1.000083763s,0s,852,852,0
24.606179807s,1.341502419s,0s,851,851,0
24.771954129s,1.090319385s,0s,859,859,0
24.941652694s,1.40170721s,0s,858,858,0
25.562843366s,1.169844382s,0s,853,853,0
25.989796118s,1.119615692s,0s,855,855,0
25.99123826s,1.261928254s,0s,854,854,0
26.101775306s,1.294047748s,0s,856,856,0
26.761404565s,1.328322641s,0s,857,857,0
23.263772536s,1.001091971s,0s,868,868,0
24.867090479s,1.152350042s,0s,867,867,0
24.94774607s,1.374083949s,0s,862,862,0
25.226497868s,1.003384827s,0s,866,866,0
25.525385981s,1.10185734s,0s,864,864,0
26.038426101s,1.158554942s,0s,863,863,0
26.080947109s,1.057614826s,0s,861,861,0
26.292715813s,1.111073115s,0s,870,870,0
26.426523347s,1.212827677s,0s,869,869,0
26.966573963s,1.46339399s,0s,865,865,0
24.041928109s,1.298153236s,0s,880,880,0
24.154486309s,1.277284709s,0s,871,871,0
24.345097768s,1.024410088s,0s,872,872,0
24.739945458s,1.278449316s,0s,879,879,0
25.021701498s,1.007077445s,0s,875,875,0
25.232295904s,1.353411023s,0s,874,874,0
25.68531962s,1.03463582s,0s,878,878,0
25.807980587s,1.262067288s,0s,873,873,0
25.873734594s,1.297045216s,0s,877,877,0
26.287660133s,1.285741491s,0s,876,876,0
24.150383497s,1.220429178s,0s,884,884,0
24.595282249s,1.465861395s,0s,888,888,0
25.47155277s,1.061106317s,0s,883,883,0
25.482199968s,1.298117851s,0s,882,882,0
25.60305979s,1.190890023s,0s,889,889,0
26.436070503s,1.322515079s,0s,885,885,0
26.685986102s,1.300317477s,0s,881,881,0
26.779841624s,1.14366207s,0s,887,887,0
26.880830178s,1.068334735s,0s,890,890,0
27.341889041s,1.19508493s,0s,886,886,0
24.012505315s,1.402340023s,0s,891,891,0
24.195277573s,1.109602907s,0s,894,894,0
24.657267634s,1.132836234s,0s,897,897,0
24.660913526s,1.034363831s,0s,895,895,0
24.975587744s,1.386083421s,0s,892,892,0
24.986274656s,1.299449421s,0s,899,899,0
25.395325371s,1.019117983s,0s,900,900,0
25.646977544s,1.364945691s,0s,893,893,0
26.81400037s,1.150091755s,0s,896,896,0
26.884598144s,1.340645531s,0s,898,898,0
23.166103616s,1.063348776s,0s,901,901,0
23.953061371s,1.381127536s,0s,907,907,0
24.184828276s,1.119696693s,0s,910,910,0
24.350547112s,1.208454398s,0s,908,908,0
24.523337611s,1.264929239s,0s,903,903,0
25.062060318s,1.035117107s,0s,906,906,0
25.196687557s,1.21368539s,0s,902,902,0
25.454613351s,1.064437981s,0s,905,905,0
26.252054244s,1.158261436s,0s,904,904,0
26.576912288s,1.141936707s,0s,909,909,0
24.180672506s,1.120420218s,0s,917,917,0
24.252564585s,1.174680924s,0s,914,914,0
25.221100997s,1.347670617s,0s,913,913,0
25.236125678s,1.315416136s,0s,916,916,0
25.40182819s,1.034105538s,0s,919,919,0
25.504017529s,1.008657615s,0s,918,918,0
26.007231894s,1.182938477s,0s,915,915,0
26.093974858s,1.292162265s,0s,912,912,0
26.279678996s,1.026986454s,0s,920,920,0
26.750727902s,1.47700263s,0s,911,911,0
23.436818284s,1.145865711s,0s,924,924,0
23.752411681s,1.131607864s,0s,923,923,0
23.901078155s,1.242382814s,0s,921,921,0
23.950841335s,1.149084927s,0s,926,926,0
24.084425152s,1.453405993s,0s,925,925,0
24.367256413s,1.33205759s,0s,928,928,0
25.109448636s,1.027042774s,0s,929,929,0
25.32814616s,1.283585003s,0s,930,930,0
25.335807431s,1.127397242s,0s,922,922,0
25.904893595s,1.327857232s,0s,927,927,0
23.970454481s,1.172844037s,0s,937,937,0
24.445391676s,1.479342238s,0s,938,938,0
24.451086715s,1.024308247s,0s,936,936,0
24.507760135s,1.045505113s,0s,932,932,0
24.582335497s,1.21409171s,0s,940,940,0
24.616008245s,1.238360936s,0s,934,934,0
24.925981449s,1.452970302s,0s,935,935,0
25.146525035s,1.003071684s,0s,933,933,0
25.47134012s,1.46810588s,0s,931,931,0
26.384748374s,1.312582695s,0s,939,939,0
23.661552255s,1.033358306s,0s,944,944,0
24.150560951s,1.495828592s,0s,941,941,0
24.272243083s,1.27131112s,0s,949,949,0
24.439972572s,1.188047723s,0s,946,946,0
24.466749405s,1.385836849s,0s,950,950,0
24.740312366s,1.078601614s,0s,942,942,0
26.258404407s,1.339605056s,0s,948,948,0
26.337121904s,1.178951129s,0s,945,945,0
26.368701684s,1.005098751s,0s,947,947,0
26.896297441s,1.494624628s,0s,943,943,0
24.407091825s,1.028328247s,0s,953,953,0
24.989941411s,1.31761267s,0s,952,952,0
25.005735082s,1.005097372s,0s,959,959,0
25.090696091s,1.22304289s,0s,958,958,0
25.673727082s,1.113776761s,0s,954,954,0
25.699316347s,1.073534646s,0s,960,960,0
25.945159933s,1.330894958s,0s,951,951,0
26.043796563s,1.430351672s,0s,956,956,0
26.384716501s,1.351066131s,0s,955,955,0
27.438552873s,1.282369029s,0s,957,957,0
23.345235385s,1.169853326s,0s,966,966,0
24.272783954s,1.048505149s,0s,965,965,0
24.620878281s,1.203102495s,0s,963,963,0
24.759643051s,1.03133045s,0s,970,970,0
25.041491727s,1.363221371s,0s,964,964,0
25.687663835s,1.219452942s,0s,962,962,0
25.949603919s,1.314020469s,0s,969,969,0
26.358552382s,1.301691915s,0s,968,968,0
26.661474632s,1.473562264s,0s,961,961,0
26.916322447s,1.008076612s,0s,967,967,0
23.665492638s,1.018275794s,0s,973,973,0
24.24258801s,1.03282827s,0s,980,980,0
24.696630441s,1.488035767s,0s,979,979,0
24.98838962s,1.020477324s,0s,975,975,0
25.58078338s,1.416451485s,0s,974,974,0
25.901785909s,1.020472688s,0s,976,976,0
26.15258236s,1.031673809s,0s,972,972,0
26.853344088s,1.467905333s,0s,977,977,0
26.901003511s,1.060135219s,0s,971,971,0
27.351999579s,1.443658407s,0s,978,978,0
23.211480922s,1.072850137s,0s,989,989,0
23.711201762s,1.339689755s,0s,988,988,0
23.922019079s,1.241671485s,0s,982,982,0
24.013649402s,1.251024187s,0s,986,986,0
25.158987812s,1.281503961s,0s,983,983,0
25.337655796s,1.266237063s,0s,984,984,0
25.437476922s,1.358967764s,0s,985,985,0
25.610204725s,1.106083843s,0s,990,990,0
25.638801545s,1.014515603s,0s,987,987,0
27.298923887s,1.22143701s,0s,981,981,0
23.922603716s,1.232609807s,0s,991,991,0
24.505735667s,1.197052703s,0s,992,992,0
24.62330685s,1.279959677s,0s,998,998,0
24.819164747s,1.203298788s,0s,995,995,0
25.170165487s,1.423401257s,0s,997,997,0
25.189853776s,1.10974294s,0s,994,994,0
25.465520142s,1.329079271s,0s,996,996,0
25.87915851s,1.44105937s,0s,993,993,0
26.668374705s,1.233710942s,0s,1000,1000,0
27.372437024s,1.426719109s,0s,999,999,0
23.757129965s,1.491197856s,0s,1003,1003,0
23.79474443s,1.067139126s,0s,1006,1006,0
24.317816893s,1.342905963s,0s,1008,1008,0
24.398218435s,1.129875786s,0s,1005,1005,0
24.722128033s,1.111595676s,0s,1001,1001,0
24.82679206s,1.303298289s,0s,1004,1004,0
24.95153285s,1.340707088s,0s,1010,1010,0
25.010103559s,1.104386135s,0s,1009,1009,0
25.73000274s,1.306508512s,0s,1002,1002,0
27.38425587s,1.234031155s,0s,1007,1007,0
24.60028465s,1.256328034s,0s,1014,1014,0
24.804117098s,1.061865298s,0s,1011,1011,0
24.968886813s,1.388292773s,0s,1020,1020,0
25.263598545s,1.235155574s,0s,1012,1012,0
25.348212096s,1.45782002s,0s,1018,1018,0
25.46874668s,1.261524532s,0s,1019,1019,0
26.085785979s,1.022661385s,0s,1016,1016,0
26.15541552s,1.316787869s,0s,1013,1013,0
26.315961242s,1.446548586s,0s,1015,1015,0
26.855561574s,1.324998178s,0s,1017,1017,0
23.98490826s,1.283943809s,0s,1027,1027,0
24.276472762s,1.321370287s,0s,1022,1022,0
24.735506093s,1.206479771s,0s,1026,1026,0
24.836320356s,1.382614948s,0s,1023,1023,0
24.928009793s,1.288076262s,0s,1029,1029,0
25.059794365s,1.051154378s,0s,1030,1030,0
25.473669232s,1.498262728s,0s,1028,1028,0
25.597378193s,1.405887247s,0s,1021,1021,0
25.995953947s,1.464028498s,0s,1025,1025,0
26.193570245s,1.240694975s,0s,1024,1024,0
23.731982198s,1.49524102s,0s,1036,1036,0
24.165830635s,1.190880364s,0s,1040,1040,0
24.434681172s,1.196025347s,0s,1031,1031,0
24.500312468s,1.357737654s,0s,1038,1038,0
25.018891855s,1.336543254s,0s,1032,1032,0
25.918903742s,1.311291409s,0s,1039,1039,0
26.144727054s,1.080578891s,0s,1035,1035,0
26.400539002s,1.022104467s,0s,1034,1034,0
26.490147717s,1.461053288s,0s,1033,1033,0
26.734764429s,1.053328807s,0s,1037,1037,0
23.343502342s,1.004086726s,0s,1046,1046,0
24.356268776s,1.411336785s,0s,1041,1041,0
24.493206601s,1.200736389s,0s,1047,1047,0
24.552962288s,1.219943s,0s,1050,1050,0
25.000918658s,1.104808518s,0s,1043,1043,0
25.300873388s,1.09159556s,0s,1044,1044,0
25.385944629s,1.444721903s,0s,1045,1045,0
25.553643604s,1.354130583s,0s,1042,1042,0
25.582247057s,1.047365447s,0s,1048,1048,0
26.771713007s,1.414499456s,0s,1049,1049,0
23.170994364s,1.253658684s,0s,1059,1059,0
24.124463518s,1.035127674s,0s,1052,1052,0
24.874660346s,1.195388354s,0s,1058,1058,0
24.934323719s,1.194284059s,0s,1053,1053,0
25.158121662s,1.369123078s,0s,1051,1051,0
25.184669967s,1.042400032s,0s,1055,1055,0
25.192175767s,1.296928578s,0s,1054,1054,0
25.246783227s,1.073862047s,0s,1060,1060,0
26.135691188s,1.061612177s,0s,1057,1057,0
26.247302511s,1.163034594s,0s,1056,1056,0
23.655840816s,1.223969373s,0s,1065,1065,0
24.325974899s,1.431828933s,0s,1067,1067,0
24.642859986s,1.195488398s,0s,1062,1062,0
24.804535473s,1.056122694s,0s,1064,1064,0
25.151399178s,1.487393291s,0s,1069,1069,0
25.288208533s,1.37037375s,0s,1070,1070,0
25.614120389s,1.458052508s,0s,1061,1061,0
25.703846004s,1.200712025s,0s,1063,1063,0
25.725499341s,1.415551274s,0s,1068,1068,0
25.816223949s,1.339102008s,0s,1066,1066,0
23.615197458s,1.179832067s,0s,1078,1078,0
24.036200014s,1.379247741s,0s,1072,1072,0
24.545031014s,1.312822745s,0s,1075,1075,0
24.633587778s,1.352998477s,0s,1071,1071,0
24.772206021s,1.385498719s,0s,1079,1079,0
25.08589561s,1.089161277s,0s,1076,1076,0
25.268646212s,1.19605986s,0s,1080,1080,0
25.848659353s,1.101422347s,0s,1073,1073,0
25.913340441s,1.210356987s,0s,1077,1077,0
27.410861883s,1.270551086s,0s,1074,1074,0
23.457545329s,1.149052423s,0s,1083,1083,0
24.175940981s,1.071131402s,0s,1090,1090,0
25.494080668s,1.086371198s,0s,1084,1084,0
25.697809461s,1.183310397s,0s,1089,1089,0
25.736406632s,1.243848365s,0s,1085,1085,0
25.936168249s,1.399082891s,0s,1081,1081,0
26.652851314s,1.412364465s,0s,1086,1086,0
26.810702941s,1.239550333s,0s,1082,1082,0
26.994503554s,1.108656857s,0s,1088,1088,0
27.219306231s,1.135914313s,0s,1087,1087,0
23.6425448s,1.429701284s,0s,1100,1100,0
23.885268527s,1.023096328s,0s,1091,1091,0
24.365892502s,1.314427747s,0s,1092,1092,0
24.895026785s,1.0515465s,0s,1093,1093,0
25.262931705s,1.029305471s,0s,1097,1097,0
25.29849328s,1.28721831s,0s,1095,1095,0
25.848052977s,1.067749342s,0s,1094,1094,0
25.981704763s,1.429689069s,0s,1098,1098,0
26.303636041s,1.258045203s,0s,1096,1096,0
27.107738428s,1.442970007s,0s,1099,1099,0
22.898497707s,1.002121614s,0s,1109,1109,0
24.148129816s,1.247554643s,0s,1108,1108,0
24.509319243s,1.277814258s,0s,1102,1102,0
24.84304039s,1.29102267s,0s,1107,1107,0
24.932776555s,1.021609666s,0s,1105,1105,0
25.03446008s,1.481453501s,0s,1110,1110,0
25.510505351s,1.097892079s,0s,1103,1103,0
25.949273766s,1.014386475s,0s,1101,1101,0
26.271535389s,1.181329302s,0s,1104,1104,0
26.500183712s,1.174046756s,0s,1106,1106,0
23.710062746s,1.241708495s,0s,1117,1117,0
23.787731339s,1.256998716s,0s,1112,1112,0
24.446734379s,1.390115105s,0s,1119,1119,0
24.828766974s,1.275420209s,0s,1113,1113,0
25.327566132s,1.192525369s,0s,1111,1111,0
25.682514826s,1.190267603s,0s,1118,1118,0
25.745153802s,1.376979511s,0s,1115,1115,0
25.797743526s,1.371666869s,0s,1116,1116,0
25.909339978s,1.273182158s,0s,1120,1120,0
26.276254962s,1.479433628s,0s,1114,1114,0
25.008160613s,1.008088145s,0s,1125,1125,0
25.028819144s,1.399839059s,0s,1130,1130,0
25.143471821s,1.082498565s,0s,1124,1124,0
25.370143915s,1.329579458s,0s,1128,1128,0
25.562905575s,1.40402282s,0s,1129,1129,0
25.608557443s,1.172073607s,0s,1127,1127,0
25.726222144s,1.045311703s,0s,1126,1126,0
26.015879062s,1.156777378s,0s,1122,1122,0
26.094514836s,1.474450052s,0s,1123,1123,0
26.099302951s,1.220365195s,0s,1121,1121,0
23.851816901s,1.276911502s,0s,1132,1132,0
24.884426789s,1.034670886s,0s,1140,1140,0
25.106392464s,1.424393685s,0s,1133,1133,0
25.441244978s,1.111080241s,0s,1131,1131,0
25.757014677s,1.495551232s,0s,1139,1139,0
25.846764092s,1.098904491s,0s,1134,1134,0
26.431947758s,1.269685908s,0s,1135,1135,0
26.473694397s,1.019475847s,0s,1137,1137,0
26.544488289s,1.318133013s,0s,1136,1136,0
26.576075737s,1.200438923s,0s,1138,1138,0
23.380403905s,1.324143256s,0s,1142,1142,0
23.78541485s,1.099410477s,0s,1143,1143,0
24.702983966s,1.339390217s,0s,1148,1148,0
25.437669871s,1.390605174s,0s,1141,1141,0
25.450318548s,1.126646103s,0s,1147,1147,0
25.510966565s,1.240978261s,0s,1145,1145,0
25.680772225s,1.441104125s,0s,1149,1149,0
25.701552503s,1.074180295s,0s,1146,1146,0
25.707939322s,1.44941711s,0s,1144,1144,0
25.728566144s,1.40087876s,0s,1150,1150,0
23.591486848s,1.106757592s,0s,1154,1154,0
24.25464436s,1.107869014s,0s,1153,1153,0
24.514088915s,1.037364041s,0s,1155,1155,0
25.213201447s,1.32047032s,0s,1151,1151,0
25.430002431s,1.362752726s,0s,1152,1152,0
25.643724938s,1.368010818s,0s,1158,1158,0
25.690351055s,1.127095128s,0s,1159,1159,0
25.747985737s,1.491340057s,0s,1157,1157,0
25.818600058s,1.061550315s,0s,1156,1156,0
26.144398998s,1.035139516s,0s,1160,1160,0
24.605282435s,1.358374682s,0s,1167,1167,0
24.887154241s,1.370649796s,0s,1164,1164,0
25.054829638s,1.485296293s,0s,1170,1170,0
25.184590223s,1.163436821s,0s,1163,1163,0
25.217228771s,1.084156892s,0s,1162,1162,0
25.270883893s,1.43305359s,0s,1161,1161,0
25.923997495s,1.206938639s,0s,1166,1166,0
26.104724173s,1.182674045s,0s,1168,1168,0
26.27130245s,1.371804219s,0s,1165,1165,0
26.87363994s,1.247047759s,0s,1169,1169,0
23.919929264s,1.179256947s,0s,1174,1174,0
23.938654695s,1.376355831s,0s,1171,1171,0
24.467678418s,1.198431356s,0s,1179,1179,0
24.63842341s,1.080535182s,0s,1175,1175,0
25.420737597s,1.346071619s,0s,1172,1172,0
25.420780521s,1.260643887s,0s,1173,1173,0
25.450855429s,1.108801119s,0s,1176,1176,0
25.452412279s,1.297857716s,0s,1178,1178,0
26.016406627s,1.07029534s,0s,1177,1177,0
26.700258863s,1.17001532s,0s,1180,1180,0
23.77631829s,1.138358392s,0s,1183,1183,0
24.113181094s,1.247327062s,0s,1190,1190,0
24.18883454s,1.309600046s,0s,1189,1189,0
24.877412103s,1.246115411s,0s,1182,1182,0
24.913988586s,1.412347719s,0s,1185,1185,0
24.944639601s,1.039050868s,0s,1184,1184,0
25.130369185s,1.170575457s,0s,1186,1186,0
25.225011313s,1.351118066s,0s,1181,1181,0
26.941653452s,1.313854122s,0s,1188,1188,0
26.988273231s,1.17784753s,0s,1187,1187,0
23.069495651s,1.17033366s,0s,1191,1191,0
24.467389099s,1.034720797s,0s,1192,1192,0
24.650024365s,1.385300203s,0s,1197,1197,0
24.750704766s,1.447533552s,0s,1193,1193,0
25.482132546s,1.139133744s,0s,1196,1196,0
26.113314775s,1.383082411s,0s,1200,1200,0
26.270015727s,1.358883078s,0s,1198,1198,0
26.357623147s,1.038943343s,0s,1194,1194,0
27.456316358s,1.194536825s,0s,1195,1195,0
27.467937954s,1.482855947s,0s,1199,1199,0
24.008304056s,1.019717178s,0s,1201,1201,0
24.039929736s,1.031969211s,0s,1202,1202,0
25.032580738s,1.268653478s,0s,1209,1209,0
25.672271659s,1.445865594s,0s,1203,1203,0
25.765951263s,1.35735234s,0s,1205,1205,0
26.058850404s,1.298058072s,0s,1206,1206,0
26.241586394s,1.061091341s,0s,1204,1204,0
26.342282067s,1.400573707s,0s,1207,1207,0
26.359953812s,1.296952038s,0s,1210,1210,0
26.632630063s,1.214407189s,0s,1208,1208,0
23.063878849s,1.066265827s,0s,1217,1217,0
23.235640849s,1.20508307s,0s,1218,1218,0
23.458455942s,1.189859859s,0s,1211,1211,0
24.553234254s,1.422887749s,0s,1219,1219,0
24.938998629s,1.205081914s,0s,1212,1212,0
25.040685349s,1.49803421s,0s,1216,1216,0
25.05630088s,1.254328084s,0s,1214,1214,0
25.209079105s,1.298573055s,0s,1220,1220,0
25.258737256s,1.06514138s,0s,1215,1215,0
26.039789208s,1.099570546s,0s,1213,1213,0
23.799747751s,1.037386746s,0s,1225,1225,0
24.160675324s,1.015116992s,0s,1230,1230,0
24.794790225s,1.219742237s,0s,1222,1222,0
25.168406451s,1.127099935s,0s,1221,1221,0
25.393197756s,1.198533895s,0s,1223,1223,0
25.553800433s,1.082578851s,0s,1227,1227,0
25.658495158s,1.169319404s,0s,1226,1226,0
26.135479472s,1.408131098s,0s,1228,1228,0
26.484190196s,1.326996703s,0s,1224,1224,0
27.104377606s,1.111848915s,0s,1229,1229,0
23.707155825s,1.2237953s,0s,1234,1234,0
23.708594696s,1.328560974s,0s,1238,1238,0
23.869217607s,1.192077242s,0s,1239,1239,0
24.286178937s,1.205268758s,0s,1231,1231,0
25.400456557s,1.032745213s,0s,1236,1236,0
25.445062444s,1.227072445s,0s,1232,1232,0
25.453713996s,1.21658109s,0s,1237,1237,0
26.120152324s,1.465032887s,0s,1233,1233,0
26.279859596s,1.452862178s,0s,1240,1240,0
26.691623093s,1.241272181s,0s,1235,1235,0
23.553288932s,1.47885493s,0s,1245,1245,0
23.912211103s,1.350575909s,0s,1242,1242,0
24.118515774s,1.038228586s,0s,1246,1246,0
24.43147408s,1.06342104s,0s,1249,1249,0
24.510164311s,1.197699382s,0s,1244,1244,0
25.880018942s,1.244049547s,0s,1243,1243,0
26.063759587s,1.202885399s,0s,1250,1250,0
26.065239096s,1.002026053s,0s,1248,1248,0
26.081719156s,1.263269797s,0s,1241,1241,0
26.163328754s,1.063478129s,0s,1247,1247,0
24.016981813s,1.028250015s,0s,1255,1255,0
24.162769586s,1.269212117s,0s,1254,1254,0
24.359425566s,1.129638599s,0s,1257,1257,0
24.622308271s,1.292453289s,0s,1256,1256,0
25.330405699s,1.006050083s,0s,1253,1253,0
25.341064s,1.132795816s,0s,1252,1252,0
25.39464797s,1.319699192s,0s,1259,1259,0
25.553328206s,1.195015049s,0s,1260,1260,0
25.772048314s,1.099430741s,0s,1258,1258,0
26.551989944s,1.458016775s,0s,1251,1251,0
23.76843379s,1.064572008s,0s,1270,1270,0
24.739216044s,1.047354988s,0s,1262,1262,0
25.116191309s,1.232748562s,0s,1269,1269,0
25.291817198s,1.248004616s,0s,1266,1266,0
25.492603271s,1.221554372s,0s,1265,1265,0
25.678393599s,1.48393852s,0s,1267,1267,0
25.978218431s,1.322208166s,0s,1261,1261,0
26.199914342s,1.388631597s,0s,1263,1263,0
26.224231868s,1.491054075s,0s,1264,1264,0
26.858351755s,1.382449273s,0s,1268,1268,0
24.148070295s,1.399539641s,0s,1274,1274,0
24.512844395s,1.34106637s,0s,1280,1280,0
25.784908502s,1.319729288s,0s,1279,1279,0
25.848545316s,1.303496174s,0s,1271,1271,0
25.898223514s,1.345239968s,0s,1277,1277,0
25.975857066s,1.477015715s,0s,1273,1273,0
26.318855608s,1.327907921s,0s,1278,1278,0
26.32352664s,1.437747297s,0s,1276,1276,0
26.514252409s,1.002080958s,0s,1272,1272,0
26.953320091s,1.209262845s,0s,1275,1275,0
23.514706896s,1.188071877s,0s,1285,1285,0
24.738399507s,1.003085341s,0s,1282,1282,0
25.404508835s,1.317406926s,0s,1290,1290,0
25.456186574s,1.401885702s,0s,1288,1288,0
25.456289688s,1.376651311s,0s,1281,1281,0
25.496515063s,1.460100671s,0s,1286,1286,0
25.700317327s,1.188068922s,0s,1284,1284,0
26.06506227s,1.076353186s,0s,1289,1289,0
26.145698191s,1.144872806s,0s,1287,1287,0
26.441559171s,1.103568357s,0s,1283,1283,0
23.892551583s,1.154688299s,0s,1297,1297,0
24.100218322s,1.176901627s,0s,1294,1294,0
24.158805144s,1.046922631s,0s,1299,1299,0
24.50665965s,1.088355379s,0s,1300,1300,0
25.016426525s,1.187058185s,0s,1291,1291,0
25.092147368s,1.052111629s,0s,1298,1298,0
25.683821485s,1.400594816s,0s,1293,1293,0
25.793441938s,1.363354958s,0s,1295,1295,0
26.593436293s,1.442787917s,0s,1296,1296,0
27.403678522s,1.480012754s,0s,1292,1292,0
24.130873407s,1.379110229s,0s,1303,1303,0
24.291698625s,1.485873266s,0s,1305,1305,0
25.044484951s,1.497063682s,0s,1304,1304,0
25.052167371s,1.006657963s,0s,1310,1310,0
25.243001893s,1.026100617s,0s,1309,1309,0
25.650857247s,1.434399442s,0s,1308,1308,0
25.709466694s,1.438651307s,0s,1307,1307,0
25.795137777s,1.020920261s,0s,1302,1302,0
25.968955068s,1.113414883s,0s,1301,1301,0
26.374706608s,1.274761685s,0s,1306,1306,0
23.548440692s,1.171692227s,0s,1316,1316,0
24.351258616s,1.119801038s,0s,1315,1315,0
24.782258349s,1.008493648s,0s,1312,1312,0
25.498996632s,1.370330688s,0s,1320,1320,0
25.56163428s,1.119796247s,0s,1317,1317,0
25.561603871s,1.358050234s,0s,1318,1318,0
25.58613935s,1.477614701s,0s,1314,1314,0
25.599825615s,1.14421777s,0s,1311,1311,0
25.869561136s,1.147411745s,0s,1313,1313,0
25.952166142s,1.14199373s,0s,1319,1319,0
23.712607121s,1.303265972s,0s,1323,1323,0
24.364722465s,1.454243109s,0s,1324,1324,0
24.638590224s,1.158038433s,0s,1325,1325,0
25.122604781s,1.210243518s,0s,1322,1322,0
25.131283848s,1.220468689s,0s,1326,1326,0
25.330038785s,1.394741017s,0s,1330,1330,0
25.412693806s,1.151756401s,0s,1329,1329,0
25.569404044s,1.220476875s,0s,1321,1321,0
26.051530949s,1.340530035s,0s,1328,1328,0
26.620183787s,1.401025781s,0s,1327,1327,0
24.505524826s,1.460273051s,0s,1338,1338,0
24.697970999s,1.141429077s,0s,1334,1334,0
24.792584533s,1.438566755s,0s,1337,1337,0
25.201116192s,1.333029803s,0s,1336,1336,0
25.419934426s,1.043143333s,0s,1333,1333,0
25.712603378s,1.497543883s,0s,1339,1339,0
26.060442885s,1.448802839s,0s,1340,1340,0
26.099094638s,1.336255618s,0s,1331,1331,0
26.38975122s,1.453081876s,0s,1332,1332,0
26.732723704s,1.327769494s,0s,1335,1335,0
23.642079954s,1.076556417s,0s,1342,1342,0
24.194191636s,1.304998384s,0s,1343,1343,0
24.749296532s,1.326269682s,0s,1348,1348,0
25.324332379s,1.203459217s,0s,1347,1347,0
25.464071947s,1.053346427s,0s,1345,1345,0
25.525699406s,1.106769222s,0s,1349,1349,0
26.106965086s,1.217747924s,0s,1341,1341,0
26.154612441s,1.201273702s,0s,1350,1350,0
26.157247757s,1.167964719s,0s,1346,1346,0
26.164784504s,1.003145061s,0s,1344,1344,0
23.850420481s,1.222042386s,0s,1357,1357,0
24.148344953s,1.086166717s,0s,1354,1354,0
24.165937697s,1.394884696s,0s,1359,1359,0
24.58992583s,1.126510707s,0s,1356,1356,0
24.608423145s,1.369582335s,0s,1358,1358,0
25.149491841s,1.317296763s,0s,1355,1355,0
25.275176593s,1.438562144s,0s,1351,1351,0
25.367005068s,1.458816927s,0s,1360,1360,0
26.711005942s,1.17877485s,0s,1353,1353,0
26.798226991s,1.086172163s,0s,1352,1352,0
24.20660129s,1.071314442s,0s,1361,1361,0
24.368243333s,1.417119456s,0s,1369,1369,0
24.726152909s,1.130580442s,0s,1368,1368,0
25.044698037s,1.032113536s,0s,1370,1370,0
25.525826238s,1.318545715s,0s,1364,1364,0
25.546495284s,1.323752635s,0s,1367,1367,0
26.202658744s,1.230045517s,0s,1363,1363,0
26.518496415s,1.149786304s,0s,1365,1365,0
26.54002157s,1.293287602s,0s,1366,1366,0
27.430380436s,1.356979932s,0s,1362,1362,0
23.909485036s,1.212641544s,0s,1376,1376,0
24.712186913s,1.006631754s,0s,1374,1374,0
24.964970725s,1.181337948s,0s,1371,1371,0
25.29563337s,1.26503662s,0s,1378,1378,0
25.891769083s,1.33150063s,0s,1377,1377,0
26.532708458s,1.280244274s,0s,1379,1379,0
26.561291538s,1.440766783s,0s,1373,1373,0
26.708016846s,1.243869318s,0s,1372,1372,0
26.761635898s,1.113981129s,0s,1380,1380,0
27.085502902s,1.160102747s,0s,1375,1375,0
23.194319708s,1.14517653s,0s,1382,1382,0
23.414132281s,1.248912884s,0s,1386,1386,0
23.840757386s,1.418698235s,0s,1384,1384,0
24.46672401s,1.133001385s,0s,1383,1383,0
24.563409875s,1.31525236s,0s,1389,1389,0
24.727286647s,1.16648292s,0s,1381,1381,0
24.741892263s,1.32942519s,0s,1385,1385,0
25.425080846s,1.306028125s,0s,1390,1390,0
26.048746323s,1.193708346s,0s,1388,1388,0
27.075197688s,1.019691369s,0s,1387,1387,0
23.126872892s,1.047369434s,0s,1393,1393,0
24.863329038s,1.383784337s,0s,1397,1397,0
25.039179086s,1.470003558s,0s,1391,1391,0
25.273945706s,1.057588296s,0s,1400,1400,0
25.303568328s,1.128916372s,0s,1392,1392,0
25.637476083s,1.296505814s,0s,1395,1395,0
26.010478587s,1.038112441s,0s,1399,1399,0
26.370305273s,1.235042608s,0s,1398,1398,0
26.550961733s,1.27226004s,0s,1396,1396,0
26.617597037s,1.128867068s,0s,1394,1394,0
23.35513362s,1.43993977s,0s,1404,1404,0
23.617019886s,1.326202954s,0s,1407,1407,0
24.136134435s,1.416653149s,0s,1409,1409,0
24.505984372s,1.263683778s,0s,1405,1405,0
24.533528233s,1.279888482s,0s,1402,1402,0
24.549118015s,1.012849253s,0s,1403,1403,0
24.718863844s,1.392465454s,0s,1401,1401,0
24.933696698s,1.097103724s,0s,1406,1406,0
27.158204821s,1.261445901s,0s,1410,1410,0
27.380908301s,1.281030769s,0s,1408,1408,0
23.422572796s,1.253864808s,0s,1412,1412,0
23.593263946s,1.062317388s,0s,1417,1417,0
23.723020444s,1.221360961s,0s,1418,1418,0
23.964882443s,1.007109307s,0s,1411,1411,0
24.424909439s,1.498445656s,0s,1413,1413,0
24.834603681s,1.122892242s,0s,1420,1420,0
25.44774369s,1.119601844s,0s,1416,1416,0
25.461391991s,1.189127266s,0s,1414,1414,0
25.832077724s,1.276053674s,0s,1415,1415,0
26.266181171s,1.242649818s,0s,1419,1419,0
23.519748213s,1.277832651s,0s,1421,1421,0
24.390365218s,1.186091967s,0s,1423,1423,0
24.406032713s,1.051374716s,0s,1422,1422,0
24.841945573s,1.23958442s,0s,1428,1428,0
25.004705646s,1.018143994s,0s,1425,1425,0
25.428715808s,1.093866324s,0s,1430,1430,0
25.430288291s,1.223355777s,0s,1426,1426,0
25.827969476s,1.077620585s,0s,1429,1429,0
26.281963797s,1.371092365s,0s,1427,1427,0
26.284578473s,1.380301891s,0s,1424,1424,0
23.408784768s,1.0448384s,0s,1433,1433,0
23.889651264s,1.36244095s,0s,1440,1440,0
24.358729945s,1.482857343s,0s,1434,1434,0
24.60159485s,1.433635595s,0s,1432,1432,0
24.807406156s,1.323216257s,0s,1436,1436,0
25.096197316s,1.097334824s,0s,1439,1439,0
25.448872313s,1.139577011s,0s,1437,1437,0
25.612622723s,1.080132993s,0s,1435,1435,0
25.638252753s,1.146770392s,0s,1438,1438,0
26.099037249s,1.285049571s,0s,1431,1431,0
23.777129109s,1.152236536s,0s,1449,1449,0
24.093772513s,1.012671763s,0s,1450,1450,0
24.139336809s,1.08892388s,0s,1443,1443,0
25.284199167s,1.470810546s,0s,1444,1444,0
25.345768144s,1.218790656s,0s,1442,1442,0
26.115500844s,1.105056811s,0s,1441,1441,0
26.194210543s,1.435557025s,0s,1447,1447,0
26.245894894s,1.285039731s,0s,1445,1445,0
26.88470507s,1.43034368s,0s,1448,1448,0
27.160461768s,1.186553374s,0s,1446,1446,0
23.883089139s,1.3237644s,0s,1451,1451,0
24.39112639s,1.332050859s,0s,1457,1457,0
24.671981952s,1.063143819s,0s,1455,1455,0
24.695639199s,1.142573426s,0s,1458,1458,0
24.951459745s,1.332107724s,0s,1454,1454,0
24.986960925s,1.117363977s,0s,1460,1460,0
25.958400805s,1.179794669s,0s,1456,1456,0
26.537503907s,1.241442311s,0s,1459,1459,0
26.855157641s,1.223238506s,0s,1453,1453,0
26.943727051s,1.221010841s,0s,1452,1452,0
23.663784099s,1.107619155s,0s,1464,1464,0
24.207033867s,1.485132808s,0s,1465,1465,0
24.44896613s,1.17811056s,0s,1468,1468,0
24.455533047s,1.335962152s,0s,1462,1462,0
24.973304035s,1.49340496s,0s,1466,1466,0
25.414295534s,1.313690408s,0s,1467,1467,0
25.445963149s,1.126868377s,0s,1461,1461,0
25.467659433s,1.097384285s,0s,1469,1469,0
25.479259358s,1.207401758s,0s,1470,1470,0
26.128965253s,1.028120666s,0s,1463,1463,0
23.539573136s,1.295343428s,0s,1472,1472,0
23.717339279s,1.189733165s,0s,1475,1475,0
24.271439536s,1.155240088s,0s,1479,1479,0
24.572323541s,1.03037169s,0s,1480,1480,0
25.173065869s,1.292078906s,0s,1476,1476,0
25.473882415s,1.085791709s,0s,1477,1477,0
25.674151177s,1.483763137s,0s,1478,1478,0
25.751749431s,1.140057193s,0s,1471,1471,0
26.529048028s,1.049623434s,0s,1474,1474,0
26.659795096s,1.186534845s,0s,1473,1473,0
25.190638615s,1.061120563s,0s,1487,1487,0
25.418575252s,1.444183392s,0s,1482,1482,0
25.522280943s,1.181471788s,0s,1486,1486,0
25.861085751s,1.191725624s,0s,1490,1490,0
26.090801166s,1.306135466s,0s,1481,1481,0
26.114352989s,1.208982428s,0s,1485,1485,0
26.136895853s,1.335557555s,0s,1489,1489,0
26.350613522s,1.346776609s,0s,1484,1484,0
26.731520172s,1.402956537s,0s,1483,1483,0
26.907318981s,1.330366636s,0s,1488,1488,0
23.915997289s,1.072143698s,0s,1496,1496,0
24.722153601s,1.263985409s,0s,1499,1499,0
24.838767961s,1.483132787s,0s,1498,1498,0
24.897390982s,1.378397803s,0s,1493,1493,0
25.007138095s,1.453658563s,0s,1500,1500,0
25.485238792s,1.460990158s,0s,1495,1495,0
25.532376919s,1.489608603s,0s,1494,1494,0
26.13355552s,1.317105766s,0s,1491,1491,0
26.167312779s,1.248670566s,0s,1497,1497,0
26.647244735s,1.170425523s,0s,1492,1492,0
23.274727624s,1.146018514s,0s,1508,1508,0
24.035999567s,1.415836541s,0s,1503,1503,0
24.448037687s,1.427049698s,0s,1504,1504,0
24.969049145s,1.462505092s,0s,1505,1505,0
25.418000918s,1.164243596s,0s,1507,1507,0
25.428833238s,1.109773507s,0s,1509,1509,0
25.496103649s,1.370642232s,0s,1510,1510,0
25.954925335s,1.146019274s,0s,1501,1501,0
26.116688959s,1.438270491s,0s,1506,1506,0
26.848839662s,1.476720006s,0s,1502,1502,0
22.956572791s,1.067156677s,0s,1515,1515,0
23.78527429s,1.463835993s,0s,1513,1513,0
23.84098323s,1.101363684s,0s,1520,1520,0
24.05068263s,1.397577092s,0s,1517,1517,0
24.053256239s,1.10750409s,0s,1514,1514,0
24.739371668s,1.15991988s,0s,1512,1512,0
25.614270871s,1.32335453s,0s,1516,1516,0
25.837057254s,1.140695463s,0s,1518,1518,0
26.086827988s,1.301134704s,0s,1519,1519,0
27.094675514s,1.489110677s,0s,1511,1511,0
22.930858168s,1.06090442s,0s,1527,1527,0
24.306771341s,1.384263462s,0s,1525,1525,0
24.657516772s,1.170726651s,0s,1522,1522,0
24.788181683s,1.083083636s,0s,1529,1529,0
25.063807846s,1.057703395s,0s,1523,1523,0
25.271545454s,1.45361188s,0s,1528,1528,0
25.532173546s,1.317078275s,0s,1526,1526,0
25.707008889s,1.118268677s,0s,1524,1524,0
25.978930248s,1.203918311s,0s,1530,1530,0
26.102580515s,1.129454352s,0s,1521,1521,0
24.197891336s,1.185371198s,0s,1532,1532,0
24.471788904s,1.358450026s,0s,1531,1531,0
24.747614464s,1.40066588s,0s,1534,1534,0
24.859305042s,1.106095521s,0s,1537,1537,0
25.198151505s,1.278639931s,0s,1539,1539,0
25.289698384s,1.090952431s,0s,1533,1533,0
25.468098003s,1.32420986s,0s,1538,1538,0
26.402950421s,1.010672214s,0s,1536,1536,0
26.584681317s,1.321996128s,0s,1540,1540,0
26.707434294s,1.476925206s,0s,1535,1535,0
23.671548048s,1.180725538s,0s,1544,1544,0
25.250851966s,1.064157722s,0s,1547,1547,0
25.845075226s,1.260101676s,0s,1550,1550,0
26.393077059s,1.167490383s,0s,1548,1548,0
26.486812582s,1.219970282s,0s,1542,1542,0
26.610541245s,1.423441433s,0s,1545,1545,0
26.669116479s,1.346561149s,0s,1541,1541,0
26.838827793s,1.353939395s,0s,1543,1543,0
27.218812702s,1.379041993s,0s,1549,1549,0
27.438430163s,1.342341515s,0s,1546,1546,0
23.30494034s,1.089766552s,0s,1552,1552,0
23.911017915s,1.216496827s,0s,1551,1551,0
24.350113743s,1.141992917s,0s,1557,1557,0
24.864842254s,1.053160593s,0s,1555,1555,0
24.927459695s,1.076555479s,0s,1559,1559,0
25.055121016s,1.332452088s,0s,1554,1554,0
25.447894773s,1.273704129s,0s,1556,1556,0
25.594606333s,1.377722s,0s,1560,1560,0
26.232508688s,1.147098541s,0s,1558,1558,0
26.232890669s,1.180314982s,0s,1553,1553,0
23.432423557s,1.065160357s,0s,1564,1564,0
23.820183752s,1.348393844s,0s,1568,1568,0
24.347105597s,1.357674023s,0s,1563,1563,0
24.701036369s,1.276982636s,0s,1569,1569,0
24.74970677s,1.276994797s,0s,1570,1570,0
25.098823817s,1.435913898s,0s,1567,1567,0
25.367993473s,1.337206394s,0s,1566,1566,0
26.375694635s,1.161489617s,0s,1565,1565,0
26.642453786s,1.230777322s,0s,1562,1562,0
26.711076006s,1.496095836s,0s,1561,1561,0
23.996170653s,1.354021093s,0s,1579,1579,0
24.614265258s,1.196042425s,0s,1578,1578,0
25.100260461s,1.232608272s,0s,1573,1573,0
25.290007086s,1.057131799s,0s,1577,1577,0
25.415702734s,1.224228585s,0s,1574,1574,0
25.483328643s,1.142845701s,0s,1572,1572,0
25.659055253s,1.316808394s,0s,1575,1575,0
26.047052012s,1.092598637s,0s,1576,1576,0
26.766274795s,1.492385177s,0s,1580,1580,0
27.011071298s,1.084364857s,0s,1571,1571,0
23.42411373s,1.133644693s,0s,1585,1585,0
23.703655638s,1.012123035s,0s,1581,1581,0
23.736260698s,1.349437276s,0s,1588,1588,0
24.053155225s,1.348322314s,0s,1590,1590,0
24.380113757s,1.127388646s,0s,1582,1582,0
24.767879584s,1.151867466s,0s,1589,1589,0
24.787486704s,1.254092862s,0s,1587,1587,0
25.399238083s,1.432673371s,0s,1586,1586,0
25.421841307s,1.395455102s,0s,1584,1584,0
25.454516974s,1.373612662s,0s,1583,1583,0
23.739487082s,1.394386542s,0s,1600,1600,0
23.900209766s,1.24345469s,0s,1594,1594,0
24.062063838s,1.393227232s,0s,1596,1596,0
24.289859751s,1.426744154s,0s,1599,1599,0
24.611690457s,1.33388273s,0s,1598,1598,0
24.682331894s,1.150949285s,0s,1593,1593,0
26.006751859s,1.345045503s,0s,1597,1597,0
26.099378518s,1.196213337s,0s,1595,1595,0
26.679504906s,1.021637183s,0s,1591,1591,0
27.164658387s,1.302702237s,0s,1592,1592,0
24.533170168s,1.021129001s,0s,1606,1606,0
24.537792645s,1.054621692s,0s,1601,1601,0
24.768562886s,1.386047103s,0s,1609,1609,0
24.921374964s,1.316901454s,0s,1603,1603,0
24.986011815s,1.302643345s,0s,1610,1610,0
25.235601928s,1.441282056s,0s,1607,1607,0
25.588596452s,1.118256689s,0s,1608,1608,0
25.668207772s,1.107077762s,0s,1604,1604,0
25.78492947s,1.067897656s,0s,1602,1602,0
26.960537271s,1.026393644s,0s,1605,1605,0
23.549728671s,1.035086328s,0s,1619,1619,0
23.938474066s,1.248364903s,0s,1620,1620,0
24.585258112s,1.335648701s,0s,1616,1616,0
24.621891857s,1.035094724s,0s,1612,1612,0
25.066832076s,1.125820234s,0s,1615,1615,0
25.114480556s,1.064350143s,0s,1611,1611,0
25.81544919s,1.235071081s,0s,1617,1617,0
26.016343891s,1.373955494s,0s,1613,1613,0
26.162073895s,1.104530448s,0s,1614,1614,0
26.166825496s,1.426094558s,0s,1618,1618,0
23.604925452s,1.108531008s,0s,1623,1623,0
24.019853085s,1.429380277s,0s,1624,1624,0
24.51957435s,1.369502799s,0s,1630,1630,0
24.661305062s,1.324288589s,0s,1626,1626,0
24.887105499s,1.391032708s,0s,1629,1629,0
25.154035694s,1.38477222s,0s,1627,1627,0
25.367817968s,1.227992053s,0s,1621,1621,0
25.855059384s,1.057130014s,0s,1628,1628,0
26.041781357s,1.170791728s,0s,1625,1625,0
26.124482701s,1.089344148s,0s,1622,1622,0
23.38567049s,1.190091122s,0s,1640,1640,0
24.026746123s,1.03338071s,0s,1635,1635,0
24.402730642s,1.24632157s,0s,1637,1637,0
24.447386395s,1.346049829s,0s,1636,1636,0
25.128010587s,1.094669126s,0s,1632,1632,0
25.240734212s,1.2845674s,0s,1639,1639,0
25.84008572s,1.021142431s,0s,1634,1634,0
26.076818814s,1.09582353s,0s,1633,1633,0
26.268629762s,1.314838529s,0s,1631,1631,0
26.62953185s,1.47536526s,0s,1638,1638,0
23.472590147s,1.270988484s,0s,1647,1647,0
23.728325264s,1.389974727s,0s,1648,1648,0
23.893087235s,1.058184309s,0s,1646,1646,0
24.466892227s,1.463503291s,0s,1645,1645,0
25.291749311s,1.38673886s,0s,1641,1641,0
25.296369357s,1.082377836s,0s,1650,1650,0
25.297858699s,1.320445784s,0s,1649,1649,0
25.421595604s,1.296240673s,0s,1643,1643,0
25.491201543s,1.161703264s,0s,1644,1644,0
26.945797288s,1.4493148s,0s,1642,1642,0
23.293551238s,1.188771768s,0s,1652,1652,0
24.348244891s,1.379802793s,0s,1660,1660,0
24.682972015s,1.338083297s,0s,1655,1655,0
24.828616161s,1.19805716s,0s,1658,1658,0
25.033428632s,1.448524696s,0s,1656,1656,0
25.464995106s,1.286788487s,0s,1653,1653,0
25.778908319s,1.369571839s,0s,1659,1659,0
26.38656211s,1.340299766s,0s,1657,1657,0
27.109746774s,1.395061141s,0s,1654,1654,0
27.354495855s,1.406327246s,0s,1651,1651,0
23.221487632s,1.253768988s,0s,1661,1661,0
23.285079977s,1.067371145s,0s,1668,1668,0
23.664023896s,1.053195107s,0s,1670,1670,0
24.016428623s,1.124973768s,0s,1665,1665,0
25.355255633s,1.033961688s,0s,1667,1667,0
25.510937465s,1.149243218s,0s,1664,1664,0
26.148183682s,1.408081223s,0s,1663,1663,0
26.199785327s,1.218503412s,0s,1662,1662,0
26.234406355s,1.116772728s,0s,1669,1669,0
26.424123871s,1.463355004s,0s,1666,1666,0
24.191951478s,1.389789286s,0s,1675,1675,0
24.31465616s,1.045113417s,0s,1679,1679,0
24.34137321s,1.100363463s,0s,1680,1680,0
24.615055322s,1.257830184s,0s,1678,1678,0
25.020933918s,1.365234971s,0s,1672,1672,0
25.326715161s,1.319024915s,0s,1671,1671,0
25.805667969s,1.195586178s,0s,1677,1677,0
26.015552474s,1.387631538s,0s,1674,1674,0
26.633134071s,1.410033873s,0s,1673,1673,0
27.292036194s,1.381397287s,0s,1676,1676,0
23.220619949s,1.47159225s,0s,1685,1685,0
23.939290733s,1.436282555s,0s,1689,1689,0
24.08391198s,1.290736145s,0s,1688,1688,0
24.098584336s,1.379563766s,0s,1682,1682,0
25.413612745s,1.351271727s,0s,1681,1681,0
25.427307513s,1.146424172s,0s,1686,1686,0
25.610102421s,1.073175161s,0s,1690,1690,0
26.473518952s,1.422838373s,0s,1687,1687,0
26.916157057s,1.302052966s,0s,1684,1684,0
27.019845926s,1.424022602s,0s,1683,1683,0
23.259675922s,1.077501026s,0s,1693,1693,0
24.425629231s,1.066191796s,0s,1696,1696,0
24.590310108s,1.094770747s,0s,1698,1698,0
25.202416816s,1.173335967s,0s,1700,1700,0
25.216019637s,1.206513566s,0s,1694,1694,0
25.254632202s,1.142994762s,0s,1692,1692,0
25.418376059s,1.473403654s,0s,1691,1691,0
25.716035945s,1.148103192s,0s,1697,1697,0
26.008857654s,1.327032109s,0s,1699,1699,0
26.590941205s,1.248787185s,0s,1695,1695,0
23.934642974s,1.011281593s,0s,1704,1704,0
23.945236755s,1.086742289s,0s,1703,1703,0
23.95682057s,1.136304486s,0s,1701,1701,0
24.144643359s,1.008082732s,0s,1708,1708,0
25.528544372s,1.20773427s,0s,1709,1709,0
25.646195552s,1.240088127s,0s,1705,1705,0
25.696813736s,1.019527717s,0s,1702,1702,0
25.739397819s,1.45516507s,0s,1710,1710,0
25.914130685s,1.231931298s,0s,1707,1707,0
26.338765853s,1.189493142s,0s,1706,1706,0
23.236311993s,1.02765121s,0s,1720,1720,0
23.994745449s,1.220262429s,0s,1718,1718,0
24.127536462s,1.35993286s,0s,1719,1719,0
24.34340152s,1.210062415s,0s,1717,1717,0
24.749170439s,1.250444297s,0s,1711,1711,0
24.860893851s,1.132928627s,0s,1713,1713,0
25.030530016s,1.419292516s,0s,1712,1712,0
25.56644503s,1.493565638s,0s,1716,1716,0
25.974473152s,1.302704427s,0s,1714,1714,0
26.771219452s,1.409094367s,0s,1715,1715,0
24.048126768s,1.256727506s,0s,1726,1726,0
24.199855858s,1.001085099s,0s,1725,1725,0
24.419552168s,1.05037811s,0s,1729,1729,0
24.59227596s,1.141812813s,0s,1724,1724,0
24.900991296s,1.165273918s,0s,1730,1730,0
25.33087737s,1.067590606s,0s,1722,1722,0
25.972709731s,1.22846057s,0s,1727,1727,0
26.072265405s,1.340967898s,0s,1728,1728,0
26.35322381s,1.158004648s,0s,1721,1721,0
26.417858089s,1.435338305s,0s,1723,1723,0
23.405454648s,1.120625983s,0s,1731,1731,0
23.802363405s,1.251052009s,0s,1737,1737,0
23.973082544s,1.0591384s,0s,1732,1732,0
24.757527634s,1.316297932s,0s,1740,1740,0
24.798275517s,1.125852133s,0s,1736,1736,0
25.382427675s,1.350826006s,0s,1733,1733,0
25.429058034s,1.393053401s,0s,1734,1734,0
26.894650459s,1.108422388s,0s,1738,1738,0
26.954037336s,1.427320774s,0s,1735,1735,0
27.15562096s,1.328564492s,0s,1739,1739,0
24.533076898s,1.417345046s,0s,1745,1745,0
24.555719331s,1.350820464s,0s,1744,1744,0
24.641353807s,1.420564007s,0s,1746,1746,0
24.683984072s,1.496860347s,0s,1748,1748,0
25.543703681s,1.140466857s,0s,1750,1750,0
25.559306423s,1.295523034s,0s,1749,1749,0
25.627924122s,1.365057993s,0s,1742,1742,0
26.454181153s,1.188077114s,0s,1743,1743,0
27.054777272s,1.175756379s,0s,1741,1741,0
27.48586933s,1.245299672s,0s,1747,1747,0
23.042811332s,1.158062316s,0s,1756,1756,0
24.491741323s,1.374036878s,0s,1754,1754,0
24.958659449s,1.028107222s,0s,1758,1758,0
24.964397287s,1.118546976s,0s,1755,1755,0
25.270314424s,1.213584798s,0s,1751,1751,0
25.449947079s,1.155860983s,0s,1752,1752,0
25.457563773s,1.392291239s,0s,1757,1757,0
26.300843404s,1.300888767s,0s,1753,1753,0
26.433595247s,1.082369693s,0s,1760,1760,0
26.632337094s,1.164344425s,0s,1759,1759,0
23.048871818s,1.317814703s,0s,1768,1768,0
23.203539996s,1.317819663s,0s,1764,1764,0
23.820612029s,1.122239468s,0s,1769,1769,0
25.083992582s,1.14579216s,0s,1763,1763,0
25.223619533s,1.136529058s,0s,1767,1767,0
25.353304411s,1.229270898s,0s,1766,1766,0
25.879808038s,1.413038085s,0s,1762,1762,0
26.043456344s,1.186074554s,0s,1761,1761,0
26.350340956s,1.310523372s,0s,1770,1770,0
26.504995092s,1.430230663s,0s,1765,1765,0
23.293352388s,1.465060859s,0s,1780,1780,0
23.539189061s,1.032893303s,0s,1771,1771,0
23.640899184s,1.217487416s,0s,1773,1773,0
24.912337321s,1.305056619s,0s,1772,1772,0
24.935989905s,1.055096674s,0s,1775,1775,0
25.308970139s,1.015640893s,0s,1778,1778,0
25.645644485s,1.415324327s,0s,1779,1779,0
25.816350844s,1.450815677s,0s,1777,1777,0
26.124236298s,1.447612657s,0s,1776,1776,0
26.649407974s,1.297768197s,0s,1774,1774,0
24.52538641s,1.061241946s,0s,1786,1786,0
24.902306465s,1.070450587s,0s,1784,1784,0
25.136066345s,1.258292244s,0s,1787,1787,0
25.908812557s,1.424634112s,0s,1789,1789,0
26.002689104s,1.486877814s,0s,1782,1782,0
26.111406689s,1.486927491s,0s,1790,1790,0
26.295112966s,1.224073528s,0s,1788,1788,0
26.40877874s,1.107662766s,0s,1781,1781,0
26.518508141s,1.060119574s,0s,1783,1783,0
26.688171266s,1.186934657s,0s,1785,1785,0
23.241233446s,1.27275931s,0s,1797,1797,0
25.164466886s,1.497718197s,0s,1799,1799,0
25.207026958s,1.256258057s,0s,1795,1795,0
25.37167543s,1.191019298s,0s,1792,1792,0
25.459339839s,1.126135752s,0s,1800,1800,0
25.560008386s,1.317968998s,0s,1798,1798,0
26.032667029s,1.31802828s,0s,1796,1796,0
26.184427558s,1.480509387s,0s,1791,1791,0
26.376206999s,1.419265233s,0s,1794,1794,0
27.129617916s,1.262493865s,0s,1793,1793,0
24.340651372s,1.199775929s,0s,1804,1804,0
24.422247019s,1.089059274s,0s,1809,1809,0
24.83126824s,1.215089246s,0s,1803,1803,0
24.865968255s,1.480131184s,0s,1806,1806,0
25.181774087s,1.372381642s,0s,1805,1805,0
25.187347385s,1.000749693s,0s,1808,1808,0
25.452276901s,1.10427268s,0s,1801,1801,0
26.087980205s,1.389638052s,0s,1807,1807,0
26.706087213s,1.405905333s,0s,1810,1810,0
27.154069361s,1.153538183s,0s,1802,1802,0
23.431954762s,1.484480888s,0s,1819,1819,0
23.836911829s,1.371029275s,0s,1817,1817,0
23.837010771s,1.367788744s,0s,1814,1814,0
24.650719977s,1.010345368s,0s,1816,1816,0
24.915373506s,1.13999903s,0s,1818,1818,0
25.375349503s,1.171227398s,0s,1813,1813,0
25.848274881s,1.445300863s,0s,1820,1820,0
26.287262407s,1.129816485s,0s,1815,1815,0
26.364818331s,1.037605189s,0s,1812,1812,0
27.073713873s,1.222428654s,0s,1811,1811,0
23.244149506s,1.324223051s,0s,1828,1828,0
23.313860186s,1.477092881s,0s,1821,1821,0
23.589682757s,1.335380812s,0s,1825,1825,0
24.002625847s,1.168415301s,0s,1827,1827,0
24.589372117s,1.296024595s,0s,1826,1826,0
24.735384083s,1.281857838s,0s,1822,1822,0
24.858127956s,1.062125995s,0s,1829,1829,0
25.225085707s,1.252646887s,0s,1823,1823,0
26.109389689s,1.340679697s,0s,1830,1830,0
26.345191694s,1.3708493s,0s,1824,1824,0
24.241166074s,1.113881861s,0s,1831,1831,0
24.460792067s,1.13812196s,0s,1834,1834,0
24.856569057s,1.17260868s,0s,1839,1839,0
24.978226106s,1.202870677s,0s,1836,1836,0
25.612434951s,1.158390311s,0s,1833,1833,0
25.628072491s,1.060424049s,0s,1837,1837,0
25.830748999s,1.000162071s,0s,1840,1840,0
25.898342003s,1.39541184s,0s,1835,1835,0
26.290132252s,1.349145594s,0s,1838,1838,0
26.761004221s,1.103608823s,0s,1832,1832,0
23.849423817s,1.379097108s,0s,1844,1844,0
24.445632571s,1.253295224s,0s,1841,1841,0
24.542184484s,1.461096351s,0s,1846,1846,0
24.846996229s,1.102351973s,0s,1847,1847,0
24.866939471s,1.137566521s,0s,1843,1843,0
25.04866413s,1.208759759s,0s,1845,1845,0
25.070210696s,1.216070998s,0s,1849,1849,0
25.263858829s,1.02511936s,0s,1848,1848,0
26.324291744s,1.327659109s,0s,1850,1850,0
27.573615175s,1.368852776s,0s,1842,1842,0
23.662669847s,1.071169755s,0s,1852,1852,0
24.216177178s,1.296058714s,0s,1860,1860,0
24.785029699s,1.352707675s,0s,1855,1855,0
24.785202764s,1.431383779s,0s,1856,1856,0
25.135899162s,1.317265467s,0s,1851,1851,0
25.46673679s,1.103395139s,0s,1859,1859,0
25.543318691s,1.395141483s,0s,1854,1854,0
25.730953563s,1.360989475s,0s,1858,1858,0
26.272578029s,1.350508552s,0s,1853,1853,0
27.386185948s,1.267725364s,0s,1857,1857,0
23.670963336s,1.279868507s,0s,1866,1866,0
24.2941697s,1.261655796s,0s,1870,1870,0
24.376767712s,1.322041589s,0s,1864,1864,0
24.529565309s,1.14054616s,0s,1869,1869,0
24.879461762s,1.078355134s,0s,1861,1861,0
25.180145123s,1.223002743s,0s,1867,1867,0
25.207712352s,1.174769774s,0s,1868,1868,0
25.813286462s,1.049152025s,0s,1862,1862,0
26.070136462s,1.431316919s,0s,1863,1863,0
27.590606485s,1.485580957s,0s,1865,1865,0
23.326451485s,1.040168s,0s,1871,1871,0
23.478243158s,1.335837785s,0s,1878,1878,0
24.682793433s,1.302281097s,0s,1876,1876,0
25.000677991s,1.111632176s,0s,1880,1880,0
25.399675179s,1.311517426s,0s,1872,1872,0
25.502462484s,1.175890501s,0s,1874,1874,0
25.904981648s,1.048397362s,0s,1879,1879,0
26.318024786s,1.237041628s,0s,1877,1877,0
26.716161267s,1.388091769s,0s,1875,1875,0
27.521826978s,1.475386479s,0s,1873,1873,0
23.20391004s,1.149661577s,0s,1884,1884,0
24.217731142s,1.211044694s,0s,1881,1881,0
24.269326335s,1.426452885s,0s,1883,1883,0
24.797413394s,1.35735945s,0s,1882,1882,0
25.302235076s,1.434698244s,0s,1890,1890,0
25.558119773s,1.112418225s,0s,1885,1885,0
26.110204724s,1.196911516s,0s,1887,1887,0
26.233929775s,1.389537514s,0s,1888,1888,0
26.241518289s,1.052147938s,0s,1886,1886,0
26.503958463s,1.460894825s,0s,1889,1889,0
23.148756039s,1.080418086s,0s,1897,1897,0
24.030067324s,1.343750435s,0s,1899,1899,0
24.127697484s,1.060155634s,0s,1896,1896,0
24.406592626s,1.416228331s,0s,1894,1894,0
25.013225251s,1.31651735s,0s,1892,1892,0
25.447307811s,1.097602584s,0s,1891,1891,0
26.271102701s,1.2110542s,0s,1898,1898,0
26.485922673s,1.39397479s,0s,1895,1895,0
26.6907796s,1.129854533s,0s,1900,1900,0
27.437234527s,1.248342283s,0s,1893,1893,0
22.95648513s,1.062693236s,0s,1901,1901,0
23.297311219s,1.145109079s,0s,1907,1907,0
23.869253113s,1.378970431s,0s,1908,1908,0
24.266144206s,1.27772197s,0s,1905,1905,0
24.387957086s,1.091932081s,0s,1903,1903,0
24.508637702s,1.276640528s,0s,1910,1910,0
24.550265575s,1.163298084s,0s,1902,1902,0
25.280514415s,1.023393397s,0s,1909,1909,0
25.80267781s,1.380076534s,0s,1904,1904,0
26.257695161s,1.40636112s,0s,1906,1906,0
23.338756895s,1.159583407s,0s,1913,1913,0
23.993436327s,1.125518506s,0s,1918,1918,0
24.196004403s,1.151278521s,0s,1920,1920,0
24.789194665s,1.254436297s,0s,1911,1911,0
24.793757176s,1.318950995s,0s,1914,1914,0
25.50502971s,1.289722063s,0s,1912,1912,0
25.811975536s,1.132836481s,0s,1919,1919,0
25.836685753s,1.106198752s,0s,1916,1916,0
26.241632487s,1.142080967s,0s,1915,1915,0
27.050463154s,1.456288037s,0s,1917,1917,0
23.707821376s,1.388603413s,0s,1923,1923,0
24.304593175s,1.155472727s,0s,1925,1925,0
24.35017307s,1.294032348s,0s,1926,1926,0
24.565936794s,1.042851753s,0s,1929,1929,0
25.304229492s,1.407851429s,0s,1928,1928,0
25.309839467s,1.347398808s,0s,1922,1922,0
25.444533488s,1.182708809s,0s,1930,1930,0
25.503129198s,1.105044064s,0s,1927,1927,0
25.711924886s,1.144247064s,0s,1921,1921,0
26.838880882s,1.209966671s,0s,1924,1924,0
24.432858561s,1.145912228s,0s,1937,1937,0
25.217591698s,1.124376685s,0s,1935,1935,0
25.528472837s,1.140593506s,0s,1934,1934,0
25.70724087s,1.235319299s,0s,1933,1933,0
26.013994514s,1.473324844s,0s,1940,1940,0
26.24287315s,1.037099777s,0s,1932,1932,0
26.293476218s,1.351877423s,0s,1938,1938,0
26.548153534s,1.399040345s,0s,1936,1936,0
26.70499764s,1.257551209s,0s,1931,1931,0
27.025826214s,1.151031822s,0s,1939,1939,0
24.023390346s,1.34704789s,0s,1949,1949,0
24.039001462s,1.290057665s,0s,1942,1942,0
24.048617632s,1.390482168s,0s,1944,1944,0
24.744672145s,1.344883442s,0s,1941,1941,0
24.99060966s,1.30028567s,0s,1945,1945,0
25.001241675s,1.215766878s,0s,1948,1948,0
25.202111245s,1.316626091s,0s,1943,1943,0
26.137214261s,1.1242291s,0s,1950,1950,0
26.269877073s,1.146555317s,0s,1946,1946,0
27.098115967s,1.371254669s,0s,1947,1947,0
23.33737586s,1.330963859s,0s,1954,1954,0
23.766444221s,1.393286771s,0s,1951,1951,0
24.551102917s,1.135620582s,0s,1959,1959,0
24.90309019s,1.24532387s,0s,1956,1956,0
25.480327364s,1.070156128s,0s,1952,1952,0
25.80132398s,1.10043149s,0s,1960,1960,0
26.159299654s,1.271702344s,0s,1955,1955,0
26.433089635s,1.408570823s,0s,1958,1958,0
26.464694925s,1.151835507s,0s,1953,1953,0
26.984697204s,1.221057904s,0s,1957,1957,0
24.715753398s,1.360585037s,0s,1964,1964,0
24.84156789s,1.331324764s,0s,1965,1965,0
24.892292417s,1.053059296s,0s,1963,1963,0
25.021926487s,1.323057631s,0s,1969,1969,0
25.155952712s,1.139775007s,0s,1970,1970,0
25.166535173s,1.126538566s,0s,1966,1966,0
25.327216646s,1.29376058s,0s,1967,1967,0
26.27204699s,1.098317719s,0s,1968,1968,0
26.610623844s,1.369073204s,0s,1961,1961,0
27.337921895s,1.363796183s,0s,1962,1962,0
24.119695346s,1.245090917s,0s,1979,1979,0
24.411591958s,1.389556655s,0s,1973,1973,0
24.677446935s,1.164956538s,0s,1975,1975,0
25.083523331s,1.144675453s,0s,1974,1974,0
25.643856502s,1.334330956s,0s,1980,1980,0
25.754471265s,1.12450822s,0s,1978,1978,0
25.765000952s,1.44586685s,0s,1971,1971,0
26.274041995s,1.001082882s,0s,1976,1976,0
26.786725169s,1.130851945s,0s,1972,1972,0
27.175690272s,1.142402036s,0s,1977,1977,0
23.163898671s,1.023105862s,0s,1987,1987,0
23.288556352s,1.382025046s,0s,1989,1989,0
23.919836952s,1.065531975s,0s,1988,1988,0
25.012725133s,1.204465344s,0s,1990,1990,0
25.035269953s,1.092778819s,0s,1982,1982,0
25.11091934s,1.495374056s,0s,1985,1985,0
25.417751809s,1.327820556s,0s,1983,1983,0
25.688603971s,1.136991719s,0s,1984,1984,0
25.754379724s,1.063331704s,0s,1981,1981,0
25.886138088s,1.194253882s,0s,1986,1986,0
23.265365211s,1.094035056s,0s,1996,1996,0
23.726437869s,1.017687341s,0s,1993,1993,0
23.752126244s,1.283087228s,0s,1992,1992,0
24.546204179s,1.094030957s,0s,1997,1997,0
24.887079845s,1.134246455s,0s,1999,1999,0
24.94174746s,1.264907023s,0s,1994,1994,0
25.547462669s,1.189679548s,0s,2000,2000,0
25.860160679s,1.338526099s,0s,1995,1995,0
26.374641641s,1.30235616s,0s,1991,1991,0
26.582469936s,1.135417527s,0s,1998,1998,0
23.325428037s,1.443266626s,0s,2002,2002,0
23.420142908s,1.31414002s,0s,2004,2004,0
24.083337404s,1.380674036s,0s,2007,2007,0
24.30435756s,1.481474141s,0s,2010,2010,0
24.439527285s,1.055313904s,0s,2003,2003,0
24.596323224s,1.12856412s,0s,2009,2009,0
24.911270494s,1.395972845s,0s,2008,2008,0
25.546298951s,1.365455367s,0s,2005,2005,0
25.993310891s,1.009101336s,0s,2001,2001,0
26.27313037s,1.164906844s,0s,2006,2006,0
24.263873967s,1.184926878s,0s,2018,2018,0
24.604910849s,1.333613731s,0s,2017,2017,0
24.911814514s,1.233073676s,0s,2016,2016,0
25.384819486s,1.170753688s,0s,2015,2015,0
25.716382322s,1.14851054s,0s,2019,2019,0
25.797108811s,1.317304306s,0s,2013,2013,0
26.183960484s,1.340839276s,0s,2020,2020,0
26.265650685s,1.131334046s,0s,2012,2012,0
26.384235295s,1.452095526s,0s,2014,2014,0
26.887295227s,1.115138159s,0s,2011,2011,0
24.106963641s,1.289800872s,0s,2030,2030,0
24.470962812s,1.219027341s,0s,2026,2026,0
24.484494168s,1.11481801s,0s,2025,2025,0
24.8463906s,1.135068554s,0s,2027,2027,0
25.245158302s,1.416305271s,0s,2023,2023,0
25.514953743s,1.371086029s,0s,2029,2029,0
25.939928326s,1.283517424s,0s,2022,2022,0
26.111654043s,1.474575719s,0s,2021,2021,0
26.14828976s,1.371084035s,0s,2028,2028,0
26.56205387s,1.24927811s,0s,2024,2024,0
23.837587845s,1.092147917s,0s,2032,2032,0
24.828976394s,1.312595819s,0s,2031,2031,0
25.077740733s,1.40409393s,0s,2034,2034,0
25.379487079s,1.343794329s,0s,2033,2033,0
25.504174469s,1.230956361s,0s,2038,2038,0
25.622871119s,1.48632818s,0s,2035,2035,0
25.772656509s,1.254136587s,0s,2040,2040,0
25.837341035s,1.221692422s,0s,2036,2036,0
26.109141474s,1.189451247s,0s,2039,2039,0
26.343900033s,1.280352636s,0s,2037,2037,0
23.900986065s,1.164046488s,0s,2043,2043,0
24.37778417s,1.01310066s,0s,2042,2042,0
24.407536699s,1.424290598s,0s,2048,2048,0
25.01914818s,1.172222073s,0s,2049,2049,0
25.076800336s,1.152775652s,0s,2047,2047,0
25.295599543s,1.094553717s,0s,2044,2044,0
25.518279744s,1.20651053s,0s,2045,2045,0
26.279539428s,1.227705029s,0s,2041,2041,0
26.453218002s,1.358057964s,0s,2046,2046,0
26.53389449s,1.070318362s,0s,2050,2050,0
23.752890511s,1.151035196s,0s,2056,2056,0
24.971196021s,1.292254156s,0s,2059,2059,0
25.212049583s,1.251287787s,0s,2055,2055,0
25.219813085s,1.348539881s,0s,2051,2051,0
25.365454034s,1.269559423s,0s,2054,2054,0
25.81211293s,1.285862105s,0s,2060,2060,0
26.113964144s,1.017668016s,0s,2052,2052,0
26.15855422s,1.499070724s,0s,2057,2057,0
26.457102999s,1.447810516s,0s,2058,2058,0
26.740968624s,1.290018442s,0s,2053,2053,0
23.966861049s,1.308598305s,0s,2067,2067,0
24.011496683s,1.138481706s,0s,2063,2063,0
24.477456968s,1.194977267s,0s,2069,2069,0
24.776414819s,1.330875506s,0s,2064,2064,0
24.812011139s,1.370103791s,0s,2066,2066,0
24.971900209s,1.287346398s,0s,2062,2062,0
25.486574423s,1.036190719s,0s,2068,2068,0
26.145766072s,1.393279151s,0s,2065,2065,0
26.457584948s,1.286199247s,0s,2061,2061,0
27.249670694s,1.154758505s,0s,2070,2070,0
23.653240915s,1.479288772s,0s,2074,2074,0
24.23435316s,1.252303443s,0s,2073,2073,0
24.387977773s,1.015308451s,0s,2076,2076,0
25.013020756s,1.223068119s,0s,2072,2072,0
25.264744956s,1.12457742s,0s,2079,2079,0
25.458466917s,1.27852211s,0s,2080,2080,0
25.536031919s,1.005096009s,0s,2077,2077,0
25.60068613s,1.307756417s,0s,2078,2078,0
25.6783539s,1.165963147s,0s,2071,2071,0
25.793009831s,1.460101421s,0s,2075,2075,0
23.858470477s,1.372024498s,0s,2087,2087,0
24.319044476s,1.230350431s,0s,2084,2084,0
24.8691651s,1.012094495s,0s,2090,2090,0
25.338335936s,1.020327475s,0s,2085,2085,0
25.969523898s,1.044608858s,0s,2086,2086,0
26.794966607s,1.270730617s,0s,2089,2089,0
27.020652045s,1.23350558s,0s,2081,2081,0
27.04570696s,1.166028792s,0s,2088,2088,0
27.370508578s,1.075835976s,0s,2082,2082,0
27.466171666s,1.371961785s,0s,2083,2083,0
24.401931334s,1.194864218s,0s,2093,2093,0
24.425517341s,1.369929347s,0s,2100,2100,0
24.630696005s,1.09616126s,0s,2092,2092,0
24.929495443s,1.146628806s,0s,2091,2091,0
24.973131735s,1.344677185s,0s,2095,2095,0
25.140885416s,1.323419278s,0s,2099,2099,0
25.168712364s,1.445258693s,0s,2094,2094,0
25.383696291s,1.134368895s,0s,2098,2098,0
25.47340406s,1.400079199s,0s,2097,2097,0
25.902337386s,1.313092932s,0s,2096,2096,0
24.166807034s,1.2476024s,0s,2102,2102,0
24.670787846s,1.170620512s,0s,2110,2110,0
24.744436961s,1.192878849s,0s,2104,2104,0
24.804038391s,1.019099315s,0s,2108,2108,0
24.962760614s,1.219353934s,0s,2105,2105,0
25.399795421s,1.453401095s,0s,2106,2106,0
25.674983241s,1.04531021s,0s,2107,2107,0
25.79667607s,1.256839956s,0s,2101,2101,0
26.097556619s,1.318099755s,0s,2109,2109,0
26.522535589s,1.019108453s,0s,2103,2103,0
23.237856931s,1.145082179s,0s,2118,2118,0
23.726896358s,1.157267817s,0s,2112,2112,0
23.836599891s,1.032153203s,0s,2113,2113,0
24.145569399s,1.130874799s,0s,2111,2111,0
25.096020599s,1.294781113s,0s,2116,2116,0
25.842110675s,1.130868842s,0s,2114,2114,0
26.004767809s,1.077334248s,0s,2119,2119,0
26.085520369s,1.384021687s,0s,2115,2115,0
26.364312815s,1.126606966s,0s,2117,2117,0
27.119022311s,1.291601933s,0s,2120,2120,0
23.493134442s,1.497015277s,0s,2126,2126,0
24.640666822s,1.324101416s,0s,2121,2121,0
24.646204393s,1.311836184s,0s,2128,2128,0
24.702791554s,1.461585441s,0s,2122,2122,0
24.749426247s,1.385313697s,0s,2129,2129,0
24.97020809s,1.19802465s,0s,2130,2130,0
25.052051489s,1.467826332s,0s,2124,2124,0
25.332313257s,1.229580778s,0s,2125,2125,0
25.852367163s,1.175853859s,0s,2123,2123,0
26.09022531s,1.205266551s,0s,2127,2127,0
22.898075579s,1.126573335s,0s,2133,2133,0
24.084138905s,1.297039872s,0s,2140,2140,0
24.141746985s,1.349853139s,0s,2137,2137,0
24.544596792s,1.330569095s,0s,2131,2131,0
24.989670542s,1.038296731s,0s,2139,2139,0
25.364632354s,1.184848163s,0s,2135,2135,0
25.843335648s,1.326356784s,0s,2134,2134,0
26.186275365s,1.037130021s,0s,2132,2132,0
26.651211567s,1.403389664s,0s,2138,2138,0
26.858848634s,1.388120567s,0s,2136,2136,0
23.573611687s,1.294048769s,0s,2147,2147,0
23.671374698s,1.111621472s,0s,2150,2150,0
23.795082384s,1.356320518s,0s,2144,2144,0
24.119001948s,1.267811432s,0s,2141,2141,0
24.800888485s,1.236514229s,0s,2149,2149,0
24.871510738s,1.210074221s,0s,2143,2143,0
25.829910828s,1.044351091s,0s,2148,2148,0
25.839593818s,1.115916441s,0s,2145,2145,0
26.06336261s,1.218315161s,0s,2142,2142,0
26.250128527s,1.031107734s,0s,2146,2146,0
23.345198913s,1.146681592s,0s,2151,2151,0
23.757050346s,1.332145695s,0s,2153,2153,0
24.615848039s,1.221965925s,0s,2159,2159,0
25.136650679s,1.395288273s,0s,2158,2158,0
25.687800884s,1.370597652s,0s,2160,2160,0
25.914616446s,1.390028013s,0s,2154,2154,0
26.051680731s,1.335342768s,0s,2155,2155,0
26.219395374s,1.48180429s,0s,2156,2156,0
26.288047723s,1.448549123s,0s,2152,2152,0
26.42382221s,1.386780962s,0s,2157,2157,0
23.448964285s,1.069125596s,0s,2169,2169,0
24.465497616s,1.213663158s,0s,2163,2163,0
24.833964354s,1.267081724s,0s,2167,2167,0
25.268974248s,1.236917751s,0s,2170,2170,0
25.385650542s,1.461331235s,0s,2164,2164,0
25.914800196s,1.454040066s,0s,2166,2166,0
26.009381541s,1.178436771s,0s,2161,2161,0
26.139089571s,1.300352939s,0s,2162,2162,0
27.056417683s,1.371564758s,0s,2165,2165,0
27.123058066s,1.426762482s,0s,2168,2168,0
23.3920124s,1.037403203s,0s,2180,2180,0
24.285427796s,1.019112105s,0s,2179,2179,0
24.575280517s,1.194265115s,0s,2177,2177,0
24.596969949s,1.11783193s,0s,2175,2175,0
24.895882561s,1.091595594s,0s,2172,2172,0
25.040627584s,1.137034371s,0s,2171,2171,0
25.153293646s,1.431038295s,0s,2174,2174,0
26.32539581s,1.212507479s,0s,2173,2173,0
26.419039414s,1.249788035s,0s,2178,2178,0
26.963229603s,1.43533716s,0s,2176,2176,0
23.276477186s,1.008828512s,0s,2189,2189,0
23.643456798s,1.353562108s,0s,2186,2186,0
23.688119749s,1.311306514s,0s,2190,2190,0
23.865901324s,1.179030878s,0s,2187,2187,0
24.293004347s,1.1295646s,0s,2184,2184,0
24.92207404s,1.381980371s,0s,2181,2181,0
25.114886055s,1.045300974s,0s,2183,2183,0
25.342609554s,1.150763183s,0s,2188,2188,0
25.467159646s,1.026080146s,0s,2182,2182,0
26.74758557s,1.379748868s,0s,2185,2185,0
23.914369128s,1.011736094s,0s,2197,2197,0
24.570666112s,1.07398807s,0s,2200,2200,0
24.931359532s,1.278798827s,0s,2196,2196,0
25.293044741s,1.355447042s,0s,2199,2199,0
25.604961751s,1.342257397s,0s,2195,2195,0
25.980903475s,1.010581613s,0s,2198,2198,0
26.204718889s,1.138413001s,0s,2194,2194,0
26.234455462s,1.076205959s,0s,2192,2192,0
26.638524409s,1.305007418s,0s,2193,2193,0
26.857160908s,1.361742543s,0s,2191,2191,0
23.084470327s,1.264339966s,0s,2207,2207,0
24.432258215s,1.35481229s,0s,2206,2206,0
24.572949295s,1.027097608s,0s,2205,2205,0
24.593631181s,1.117728795s,0s,2204,2204,0
25.034010924s,1.308562881s,0s,2203,2203,0
25.056602708s,1.370041382s,0s,2202,2202,0
25.113200787s,1.051275314s,0s,2201,2201,0
25.26295985s,1.232114717s,0s,2210,2210,0
25.460652865s,1.152953165s,0s,2209,2209,0
25.83166173s,1.066539456s,0s,2208,2208,0
23.360947543s,1.059093065s,0s,2213,2213,0
23.703884409s,1.311123831s,0s,2216,2216,0
24.040650926s,1.335390425s,0s,2211,2211,0
24.219453272s,1.259487466s,0s,2218,2218,0
24.569428765s,1.374959078s,0s,2220,2220,0
24.893267557s,1.281773335s,0s,2219,2219,0
25.819977192s,1.451365545s,0s,2215,2215,0
26.021644742s,1.373690275s,0s,2214,2214,0
26.543228809s,1.429084335s,0s,2217,2217,0
27.023123106s,1.030699984s,0s,2212,2212,0
24.299403914s,1.328785603s,0s,2222,2222,0
24.427067598s,1.425069761s,0s,2229,2229,0
24.734932875s,1.163396071s,0s,2228,2228,0
24.81354292s,1.140956072s,0s,2227,2227,0
25.288611213s,1.166661493s,0s,2224,2224,0
25.600482474s,1.227314086s,0s,2221,2221,0
26.209603358s,1.221081506s,0s,2225,2225,0
26.316267343s,1.210861935s,0s,2230,2230,0
26.404876444s,1.324616438s,0s,2223,2223,0
26.680733496s,1.16228891s,0s,2226,2226,0
23.794882066s,1.462046405s,0s,2237,2237,0
24.236097507s,1.112348894s,0s,2234,2234,0
24.357746122s,1.051142568s,0s,2232,2232,0
24.627519518s,1.132603237s,0s,2240,2240,0
24.63510371s,1.361610422s,0s,2236,2236,0
25.003667609s,1.489247853s,0s,2235,2235,0
25.130277756s,1.23210267s,0s,2231,2231,0
25.522118847s,1.219847346s,0s,2233,2233,0
26.245687714s,1.400831407s,0s,2238,2238,0
26.539572239s,1.310331495s,0s,2239,2239,0
22.964705088s,1.03600028s,0s,2242,2242,0
24.434836821s,1.143399033s,0s,2246,2246,0
24.823789775s,1.36184463s,0s,2247,2247,0
24.85548666s,1.011726419s,0s,2245,2245,0
25.348109588s,1.230999219s,0s,2241,2241,0
25.412832548s,1.059094793s,0s,2249,2249,0
25.5566049s,1.148626637s,0s,2250,2250,0
25.738256491s,1.27658782s,0s,2243,2243,0
25.760883603s,1.264363536s,0s,2244,2244,0
26.609459971s,1.249121904s,0s,2248,2248,0
23.98340223s,1.334318037s,0s,2252,2252,0
24.369797857s,1.406319554s,0s,2255,2255,0
24.460371352s,1.383109961s,0s,2253,2253,0
24.980393742s,1.434575749s,0s,2258,2258,0
25.199527738s,1.311986893s,0s,2256,2256,0
25.615891723s,1.006124465s,0s,2251,2251,0
26.032880052s,1.067409425s,0s,2260,2260,0
26.375678811s,1.250790331s,0s,2259,2259,0
26.562575193s,1.495805521s,0s,2254,2254,0
26.669258898s,1.350863206s,0s,2257,2257,0
24.453707695s,1.293479503s,0s,2263,2263,0
24.909691334s,1.362726303s,0s,2270,2270,0
25.345415199s,1.392905016s,0s,2264,2264,0
25.38204302s,1.181558386s,0s,2266,2266,0
25.534870503s,1.145373522s,0s,2269,2269,0
25.792679601s,1.060146077s,0s,2262,2262,0
25.937450577s,1.285047874s,0s,2268,2268,0
25.981093959s,1.195799055s,0s,2265,2265,0
26.472145112s,1.290285873s,0s,2267,2267,0
26.496876593s,1.49013875s,0s,2261,2261,0
23.43569932s,1.389567505s,0s,2271,2271,0
24.071443793s,1.215625702s,0s,2273,2273,0
24.261265935s,1.386387484s,0s,2277,2277,0
24.365916423s,1.159415799s,0s,2278,2278,0
24.863882698s,1.03814629s,0s,2276,2276,0
25.252850715s,1.434831132s,0s,2280,2280,0
25.252884531s,1.260062705s,0s,2275,2275,0
25.866438357s,1.495020362s,0s,2274,2274,0
26.019219408s,1.25593807s,0s,2272,2272,0
26.538526147s,1.096114105s,0s,2279,2279,0
23.503787339s,1.202632593s,0s,2285,2285,0
23.81681147s,1.352801824s,0s,2290,2290,0
23.983500769s,1.293381406s,0s,2283,2283,0
24.485450412s,1.067341375s,0s,2289,2289,0
24.831928606s,1.278087592s,0s,2282,2282,0
24.886592013s,1.342552332s,0s,2286,2286,0
25.083494008s,1.055125312s,0s,2284,2284,0
25.290267138s,1.388923839s,0s,2288,2288,0
25.809239007s,1.271888476s,0s,2281,2281,0
25.852885149s,1.490126503s,0s,2287,2287,0
23.086480015s,1.196051326s,0s,2292,2292,0
23.102031144s,1.117830012s,0s,2300,2300,0
23.268600219s,1.012102976s,0s,2295,2295,0
23.454347487s,1.225347559s,0s,2291,2291,0
23.535070858s,1.289548068s,0s,2299,2299,0
25.22486875s,1.023293514s,0s,2294,2294,0
25.309566089s,1.355858533s,0s,2293,2293,0
25.54146344s,1.403247275s,0s,2298,2298,0
25.83418668s,1.388022343s,0s,2296,2296,0
26.301178478s,1.111594043s,0s,2297,2297,0
23.842989419s,1.036112588s,0s,2308,2308,0
24.013724249s,1.469032893s,0s,2307,2307,0
24.137547208s,1.226761758s,0s,2303,2303,0
25.190672048s,1.279829515s,0s,2309,2309,0
25.590567894s,1.366601414s,0s,2306,2306,0
25.616331688s,1.10336102s,0s,2304,2304,0
25.690250576s,1.38682677s,0s,2302,2302,0
26.019127999s,1.35932116s,0s,2310,2310,0
26.259925435s,1.263578974s,0s,2305,2305,0
26.747983959s,1.304112422s,0s,2301,2301,0
24.395333618s,1.167458324s,0s,2313,2313,0
24.602135406s,1.19525169s,0s,2314,2314,0
24.629713207s,1.005711362s,0s,2318,2318,0
24.749454933s,1.184799531s,0s,2311,2311,0
24.966190594s,1.261499174s,0s,2312,2312,0
25.026864712s,1.168602905s,0s,2320,2320,0
25.506982641s,1.096222468s,0s,2315,2315,0
25.939419569s,1.06596395s,0s,2316,2316,0
27.018087918s,1.18801036s,0s,2317,2317,0
27.048663951s,1.335753999s,0s,2319,2319,0
24.313569612s,1.078624337s,0s,2326,2326,0
24.60036367s,1.160343555s,0s,2321,2321,0
24.658959194s,1.001147662s,0s,2329,2329,0
24.831714773s,1.087904057s,0s,2325,2325,0
24.864283544s,1.134092828s,0s,2328,2328,0
24.897015433s,1.01741151s,0s,2322,2322,0
24.905686691s,1.318006576s,0s,2324,2324,0
24.989396667s,1.351265365s,0s,2323,2323,0
25.413376219s,1.405534825s,0s,2327,2327,0
25.783430827s,1.171645274s,0s,2330,2330,0
24.373729362s,1.304061935s,0s,2332,2332,0
25.128859906s,1.119559502s,0s,2335,2335,0
25.269665391s,1.047335939s,0s,2338,2338,0
25.375288904s,1.488402687s,0s,2337,2337,0
25.661163824s,1.220906442s,0s,2331,2331,0
25.813851739s,1.321343955s,0s,2334,2334,0
25.902498511s,1.395044879s,0s,2339,2339,0
26.230446838s,1.323579236s,0s,2340,2340,0
26.789461084s,1.028102148s,0s,2333,2333,0
27.251278737s,1.369844394s,0s,2336,2336,0
23.215942816s,1.313319678s,0s,2347,2347,0
24.063198436s,1.209036022s,0s,2341,2341,0
24.692477478s,1.33865076s,0s,2349,2349,0
25.14416038s,1.124622728s,0s,2342,2342,0
26.005970955s,1.009162123s,0s,2346,2346,0
26.017502508s,1.356072591s,0s,2343,2343,0
26.132181102s,1.488585139s,0s,2344,2344,0
26.561746308s,1.167857354s,0s,2348,2348,0
26.575327393s,1.402331969s,0s,2350,2350,0
27.020272772s,1.031385346s,0s,2345,2345,0
24.380959896s,1.087439592s,0s,2358,2358,0
24.639629293s,1.252084886s,0s,2353,2353,0
24.716330796s,1.01727576s,0s,2357,2357,0
25.449103757s,1.408721388s,0s,2352,2352,0
25.477758545s,1.423965172s,0s,2354,2354,0
25.809845849s,1.30034001s,0s,2360,2360,0
26.287632284s,1.229788433s,0s,2356,2356,0
26.502452224s,1.003089923s,0s,2355,2355,0
26.957224705s,1.337495291s,0s,2359,2359,0
27.640649932s,1.448114803s,0s,2351,2351,0
23.152796358s,1.342934196s,0s,2367,2367,0
24.195012603s,1.059940714s,0s,2362,2362,0
24.343720054s,1.361324759s,0s,2370,2370,0
25.157109758s,1.117314445s,0s,2369,2369,0
25.356937237s,1.438537992s,0s,2365,2365,0
25.475700642s,1.041696292s,0s,2361,2361,0
25.585416202s,1.068065328s,0s,2364,2364,0
25.837200873s,1.34507318s,0s,2363,2363,0
26.062544194s,1.223568202s,0s,2368,2368,0
26.593631181s,1.455806601s,0s,2366,2366,0
23.933829408s,1.121044515s,0s,2374,2374,0
24.044463126s,1.138300936s,0s,2375,2375,0
24.32136832s,1.364289032s,0s,2379,2379,0
24.348014135s,1.310075591s,0s,2378,2378,0
24.650461522s,1.200801135s,0s,2372,2372,0
24.865235436s,1.157487117s,0s,2377,2377,0
25.587560754s,1.0899032s,0s,2376,2376,0
25.738203079s,1.4258033s,0s,2371,2371,0
27.078050612s,1.066596865s,0s,2373,2373,0
27.290712515s,1.398573364s,0s,2380,2380,0
23.821565442s,1.472975556s,0s,2389,2389,0
24.262471908s,1.318124547s,0s,2390,2390,0
25.2576385s,1.122347822s,0s,2382,2382,0
25.280234999s,1.026088187s,0s,2388,2388,0
25.330810783s,1.269746418s,0s,2381,2381,0
25.662621649s,1.123472358s,0s,2386,2386,0
26.432833358s,1.328345847s,0s,2387,2387,0
26.50541322s,1.396550084s,0s,2385,2385,0
26.851418846s,1.454779024s,0s,2384,2384,0
27.161936821s,1.312991465s,0s,2383,2383,0
23.512384221s,1.090372371s,0s,2391,2391,0
24.215316281s,1.155800542s,0s,2400,2400,0
24.430065284s,1.116599947s,0s,2397,2397,0
25.189295201s,1.479054766s,0s,2394,2394,0
25.245938157s,1.1799642s,0s,2392,2392,0
25.543821298s,1.032104509s,0s,2393,2393,0
25.635473955s,1.365517571s,0s,2396,2396,0
25.97341862s,1.301325151s,0s,2398,2398,0
26.039031274s,1.438786016s,0s,2395,2395,0
26.131759601s,1.216079661s,0s,2399,2399,0
24.107409373s,1.231523803s,0s,2402,2402,0
24.156054381s,1.021106987s,0s,2403,2403,0
24.903330295s,1.357964002s,0s,2404,2404,0
25.01404603s,1.140968387s,0s,2409,2409,0
25.150786793s,1.050469041s,0s,2407,2407,0
25.287615628s,1.02219249s,0s,2406,2406,0
25.424439664s,1.27569146s,0s,2401,2401,0
25.494137033s,1.137703233s,0s,2408,2408,0
25.656046896s,1.146108045s,0s,2405,2405,0
26.993938108s,1.171337425s,0s,2410,2410,0
24.631738065s,1.40076279s,0s,2416,2416,0
25.186950063s,1.494284833s,0s,2418,2418,0
25.414707884s,1.418042708s,0s,2414,2414,0
25.470272563s,1.342098951s,0s,2420,2420,0
25.559983503s,1.160110504s,0s,2417,2417,0
25.866757114s,1.363307658s,0s,2413,2413,0
26.174677243s,1.312903595s,0s,2419,2419,0
26.616588048s,1.18735134s,0s,2415,2415,0
27.062121805s,1.396554526s,0s,2411,2411,0
27.177706873s,1.291703085s,0s,2412,2412,0
23.472880543s,1.307093177s,0s,2427,2427,0
23.88669638s,1.037107651s,0s,2425,2425,0
24.616899424s,1.324527036s,0s,2424,2424,0
24.895299005s,1.203858938s,0s,2429,2429,0
24.989809183s,1.342822931s,0s,2426,2426,0
25.012517797s,1.319322156s,0s,2423,2423,0
25.402486223s,1.375040015s,0s,2428,2428,0
25.496224083s,1.483281368s,0s,2430,2430,0
26.31261294s,1.090576528s,0s,2421,2421,0
26.722563581s,1.049391184s,0s,2422,2422,0
23.772212532s,1.061441362s,0s,2431,2431,0
24.093092898s,1.108853835s,0s,2437,2437,0
25.035524583s,1.164080817s,0s,2432,2432,0
25.352481192s,1.326436173s,0s,2438,2438,0
25.527242559s,1.386927234s,0s,2434,2434,0
25.609911003s,1.35665717s,0s,2439,2439,0
25.712571606s,1.054171411s,0s,2433,2433,0
25.727239737s,1.4283574s,0s,2436,2436,0
25.907047828s,1.080648035s,0s,2435,2435,0
25.928653908s,1.413083853s,0s,2440,2440,0
23.308055038s,1.050109953s,0s,2450,2450,0
24.010277761s,1.091415423s,0s,2445,2445,0
24.392136211s,1.236045814s,0s,2442,2442,0
24.423838275s,1.149639701s,0s,2446,2446,0
24.647636101s,1.247312333s,0s,2444,2444,0
25.147527355s,1.17992287s,0s,2447,2447,0
25.323273528s,1.358055423s,0s,2441,2441,0
25.373864879s,1.35580975s,0s,2449,2449,0
26.11511492s,1.464216627s,0s,2448,2448,0
26.174774848s,1.271515595s,0s,2443,2443,0
23.113882322s,1.302370758s,0s,2453,2453,0
24.683847408s,1.200450722s,0s,2456,2456,0
24.914552346s,1.30127596s,0s,2452,2452,0
25.346506075s,1.108762922s,0s,2455,2455,0
25.790438328s,1.329626107s,0s,2457,2457,0
25.899093608s,1.240656518s,0s,2460,2460,0
25.976316778s,1.244917663s,0s,2458,2458,0
26.304007857s,1.42005812s,0s,2451,2451,0
27.044285983s,1.290075845s,0s,2454,2454,0
27.318246544s,1.33482348s,0s,2459,2459,0
23.909784195s,1.400927898s,0s,2461,2461,0
24.071491647s,1.201070468s,0s,2467,2467,0
25.217054694s,1.204285954s,0s,2470,2470,0
25.570903367s,1.190678849s,0s,2464,2464,0
25.852768474s,1.221561831s,0s,2466,2466,0
25.965501695s,1.402093887s,0s,2465,2465,0
26.62449306s,1.188483106s,0s,2469,2469,0
26.857199335s,1.426639479s,0s,2463,2463,0
26.973853726s,1.159206117s,0s,2468,2468,0
27.122562031s,1.407329194s,0s,2462,2462,0
23.192122028s,1.122646166s,0s,2478,2478,0
23.930325599s,1.076414481s,0s,2475,2475,0
23.934953703s,1.464975555s,0s,2477,2477,0
24.267774854s,1.482832475s,0s,2471,2471,0
24.553514878s,1.212139941s,0s,2479,2479,0
24.636136827s,1.197955274s,0s,2474,2474,0
24.869885377s,1.460776089s,0s,2476,2476,0
25.783521101s,1.223388525s,0s,2472,2472,0
25.966229797s,1.02112427s,0s,2473,2473,0
25.969816686s,1.492036648s,0s,2480,2480,0
23.186479837s,1.000692372s,0s,2488,2488,0
23.440270855s,1.390686161s,0s,2482,2482,0
23.745127767s,1.027980481s,0s,2481,2481,0
24.391270056s,1.256355487s,0s,2487,2487,0
24.922333778s,1.138689801s,0s,2486,2486,0
25.336278022s,1.197096068s,0s,2490,2490,0
25.480125178s,1.106468062s,0s,2483,2483,0
26.173960495s,1.190961723s,0s,2485,2485,0
26.337607002s,1.469989721s,0s,2489,2489,0
26.37418082s,1.046143495s,0s,2484,2484,0
23.112319478s,1.085529711s,0s,2491,2491,0
23.585332392s,1.071324678s,0s,2495,2495,0
24.02943295s,1.401966588s,0s,2499,2499,0
24.949814355s,1.004070959s,0s,2496,2496,0
25.144537011s,1.331429639s,0s,2500,2500,0
25.265213241s,1.454192315s,0s,2493,2493,0
25.326806599s,1.118889588s,0s,2498,2498,0
25.838518047s,1.129055921s,0s,2492,2492,0
25.893195823s,1.352709395s,0s,2497,2497,0
26.017899965s,1.10774478s,0s,2494,2494,0
23.798752815s,1.088885632s,0s,2501,2501,0
23.944482112s,1.164037268s,0s,2503,2503,0
24.289384539s,1.304641414s,0s,2509,2509,0
25.240981848s,1.429098989s,0s,2507,2507,0
25.266625888s,1.054154554s,0s,2508,2508,0
25.359221246s,1.082630244s,0s,2506,2506,0
25.754149751s,1.293460236s,0s,2502,2502,0
25.840819775s,1.391955957s,0s,2505,2505,0
25.87247801s,1.056398869s,0s,2504,2504,0
26.306566784s,1.088892062s,0s,2510,2510,0
23.11869365s,1.190552892s,0s,2512,2512,0
24.437468277s,1.255845829s,0s,2514,2514,0
25.04110239s,1.499306968s,0s,2519,2519,0
25.045890965s,1.493088076s,0s,2520,2520,0
25.109549423s,1.064170302s,0s,2511,2511,0
25.530467327s,1.408589598s,0s,2513,2513,0
25.537024644s,1.452818905s,0s,2518,2518,0
25.959039111s,1.268090547s,0s,2516,2516,0
26.443185847s,1.065289377s,0s,2515,2515,0
26.483820221s,1.301319202s,0s,2517,2517,0
24.671432446s,1.029172959s,0s,2525,2525,0
24.720060056s,1.373464941s,0s,2529,2529,0
25.000937884s,1.182507968s,0s,2527,2527,0
25.097521487s,1.411939669s,0s,2524,2524,0
25.234264472s,1.355240323s,0s,2522,2522,0
25.248871048s,1.386694534s,0s,2530,2530,0
25.467606034s,1.231724369s,0s,2523,2523,0
25.530298012s,1.262998334s,0s,2526,2526,0
25.591933644s,1.453070411s,0s,2528,2528,0
27.554051018s,1.355245598s,0s,2521,2521,0
23.82641754s,1.213099761s,0s,2535,2535,0
24.073402022s,1.310667198s,0s,2533,2533,0
24.598711677s,1.359881597s,0s,2532,2532,0
25.283839248s,1.242372837s,0s,2534,2534,0
25.437683106s,1.026121259s,0s,2531,2531,0
25.636506964s,1.060411142s,0s,2540,2540,0
25.952211962s,1.46935053s,0s,2537,2537,0
26.050062953s,1.133661992s,0s,2538,2538,0
26.23965478s,1.199984082s,0s,2536,2536,0
26.282249311s,1.456134312s,0s,2539,2539,0
24.297331186s,1.327561947s,0s,2550,2550,0
24.674313051s,1.282296081s,0s,2547,2547,0
25.04032065s,1.181930507s,0s,2545,2545,0
25.56047892s,1.463036984s,0s,2541,2541,0
25.788280058s,1.160617706s,0s,2543,2543,0
25.829921195s,1.120169649s,0s,2546,2546,0
25.83659812s,1.157404957s,0s,2544,2544,0
26.047451987s,1.426925966s,0s,2542,2542,0
26.747301794s,1.499285813s,0s,2548,2548,0
26.987130606s,1.256048397s,0s,2549,2549,0
23.673360642s,1.172587754s,0s,2554,2554,0
24.126683825s,1.025110735s,0s,2560,2560,0
24.904283112s,1.398899395s,0s,2551,2551,0
25.216126923s,1.470412842s,0s,2552,2552,0
25.601879201s,1.171422581s,0s,2555,2555,0
25.762602706s,1.34306653s,0s,2556,2556,0
25.836323598s,1.423070515s,0s,2558,2558,0
25.973016192s,1.353598937s,0s,2559,2559,0
26.11665057s,1.348402309s,0s,2557,2557,0
26.292513077s,1.201843909s,0s,2553,2553,0
23.695050874s,1.369042468s,0s,2566,2566,0
24.949865453s,1.251127642s,0s,2568,2568,0
25.112602806s,1.482541107s,0s,2564,2564,0
25.442200087s,1.033587866s,0s,2570,2570,0
25.45284044s,1.000080272s,0s,2561,2561,0
25.50737819s,1.013372029s,0s,2569,2569,0
25.523077765s,1.303799459s,0s,2565,2565,0
25.795975599s,1.39225241s,0s,2562,2562,0
26.272067766s,1.285524852s,0s,2567,2567,0
26.643041045s,1.281316294s,0s,2563,2563,0
23.445652485s,1.13670732s,0s,2574,2574,0
23.509330193s,1.020393645s,0s,2573,2573,0
24.164635522s,1.194972809s,0s,2575,2575,0
24.282209942s,1.016129278s,0s,2580,2580,0
24.702288949s,1.400031113s,0s,2576,2576,0
25.894155371s,1.246317205s,0s,2577,2577,0
25.994804572s,1.462493182s,0s,2578,2578,0
26.313682802s,1.281574156s,0s,2572,2572,0
26.563485575s,1.348903607s,0s,2571,2571,0
27.002098939s,1.458312651s,0s,2579,2579,0
23.242219021s,1.058141614s,0s,2587,2587,0
23.806353624s,1.064394342s,0s,2590,2590,0
24.633298936s,1.483311382s,0s,2581,2581,0
24.84168235s,1.482140412s,0s,2585,2585,0
24.843203927s,1.069558074s,0s,2588,2588,0
24.973741953s,1.160848019s,0s,2589,2589,0
25.673909514s,1.327702425s,0s,2582,2582,0
25.713556554s,1.170115055s,0s,2586,2586,0
25.933223035s,1.345982882s,0s,2584,2584,0
26.924535437s,1.292470426s,0s,2583,2583,0
23.608875678s,1.087131502s,0s,2595,2595,0
23.642626311s,1.178700195s,0s,2592,2592,0
23.687138507s,1.306441957s,0s,2593,2593,0
23.76076582s,1.227946724s,0s,2598,2598,0
24.557074619s,1.40983287s,0s,2600,2600,0
25.179202175s,1.371643851s,0s,2596,2596,0
25.502058347s,1.251252454s,0s,2597,2597,0
26.346386823s,1.156384482s,0s,2591,2591,0
26.42197784s,1.460072252s,0s,2594,2594,0
26.917058361s,1.461151655s,0s,2599,2599,0
23.643955236s,1.23372535s,0s,2608,2608,0
24.394095557s,1.133410488s,0s,2610,2610,0
24.573780011s,1.466025394s,0s,2603,2603,0
24.811357406s,1.45687359s,0s,2607,2607,0
24.840981723s,1.015145803s,0s,2601,2601,0
25.705201659s,1.485233326s,0s,2605,2605,0
25.800859939s,1.243076635s,0s,2604,2604,0
26.343539978s,1.265261596s,0s,2609,2609,0
26.721565206s,1.426636163s,0s,2602,2602,0
26.735248411s,1.240945553s,0s,2606,2606,0
23.871918995s,1.044104205s,0s,2612,2612,0
23.976625191s,1.046336761s,0s,2619,2619,0
24.184976171s,1.128997405s,0s,2615,2615,0
24.622907888s,1.384929254s,0s,2618,2618,0
25.070954365s,1.103765328s,0s,2611,2611,0
25.120515303s,1.331415193s,0s,2620,2620,0
25.677486262s,1.093568795s,0s,2617,2617,0
25.922313698s,1.388083259s,0s,2613,2613,0
26.73055444s,1.334632301s,0s,2614,2614,0
27.675023201s,1.485398822s,0s,2616,2616,0
23.946945726s,1.314970463s,0s,2628,2628,0
24.459630278s,1.023117816s,0s,2629,2629,0
24.539270787s,1.234497323s,0s,2630,2630,0
24.672050605s,1.06663719s,0s,2621,2621,0
24.776634112s,1.136925841s,0s,2624,2624,0
24.875362881s,1.379207422s,0s,2625,2625,0
25.185174412s,1.214299378s,0s,2622,2622,0
25.201861988s,1.042401342s,0s,2626,2626,0
25.382500342s,1.243759773s,0s,2623,2623,0
26.536566776s,1.151035471s,0s,2627,2627,0
23.234617361s,1.209066687s,0s,2639,2639,0
24.174760602s,1.319260633s,0s,2638,2638,0
24.717831252s,1.128662959s,0s,2637,2637,0
25.162375163s,1.294888787s,0s,2631,2631,0
25.372126492s,1.309028038s,0s,2640,2640,0
25.474141282s,1.267388333s,0s,2633,2633,0
26.280452943s,1.288615164s,0s,2636,2636,0
26.631381126s,1.105409092s,0s,2635,2635,0
26.692933851s,1.138916173s,0s,2634,2634,0
27.024407635s,1.079170853s,0s,2632,2632,0
23.778227623s,1.392300923s,0s,2644,2644,0
23.814833074s,1.049584459s,0s,2642,2642,0
24.385943662s,1.329888123s,0s,2646,2646,0
24.577641569s,1.361086485s,0s,2648,2648,0
25.047688614s,1.210026821s,0s,2645,2645,0
25.164336163s,1.32878799s,0s,2647,2647,0
25.187910973s,1.112852105s,0s,2643,2643,0
25.372629469s,1.305516039s,0s,2649,2649,0
26.264126453s,1.408535663s,0s,2650,2650,0
26.318764995s,1.220268445s,0s,2641,2641,0
23.731420288s,1.31330615s,0s,2651,2651,0
23.974234738s,1.210949074s,0s,2659,2659,0
24.086888539s,1.449071429s,0s,2658,2658,0
25.213486161s,1.138432112s,0s,2653,2653,0
25.292148518s,1.443818877s,0s,2655,2655,0
25.44891717s,1.284090596s,0s,2652,2652,0
25.77570284s,1.128222968s,0s,2660,2660,0
25.984402003s,1.156657648s,0s,2657,2657,0
26.261283846s,1.343510334s,0s,2656,2656,0
26.474104938s,1.476344964s,0s,2654,2654,0
23.74097514s,1.389118599s,0s,2665,2665,0
23.836708065s,1.156071327s,0s,2664,2664,0
23.922310243s,1.408421474s,0s,2669,2669,0
24.343140164s,1.288542019s,0s,2662,2662,0
24.397753139s,1.290707714s,0s,2667,2667,0
24.60460169s,1.320973973s,0s,2661,2661,0
24.697373021s,1.017388904s,0s,2663,2663,0
25.580160608s,1.225305269s,0s,2668,2668,0
26.63642707s,1.11267209s,0s,2666,2666,0
27.23243395s,1.14288245s,0s,2670,2670,0
23.508378927s,1.250284003s,0s,2676,2676,0
24.066578532s,1.348759584s,0s,2671,2671,0
24.464508294s,1.066381495s,0s,2675,2675,0
24.561182753s,1.248061723s,0s,2677,2677,0
24.719801744s,1.058148835s,0s,2672,2672,0
24.860537157s,1.129622144s,0s,2674,2674,0
25.210485262s,1.386014463s,0s,2673,2673,0
25.352174436s,1.252460158s,0s,2680,2680,0
25.760097329s,1.496311425s,0s,2679,2679,0
26.873812668s,1.212921598s,0s,2678,2678,0
23.274631057s,1.454779504s,0s,2684,2684,0
24.290789885s,1.148512897s,0s,2683,2683,0
24.435475152s,1.248886163s,0s,2685,2685,0
24.753263976s,1.135254822s,0s,2690,2690,0
24.909165358s,1.469144954s,0s,2687,2687,0
25.189334034s,1.451590708s,0s,2682,2682,0
25.708468637s,1.376146044s,0s,2688,2688,0
25.780478061s,1.062143085s,0s,2686,2686,0
26.205296191s,1.384333033s,0s,2689,2689,0
27.177548658s,1.069371656s,0s,2681,2681,0
22.711038421s,1.037124652s,0s,2692,2692,0
23.575396763s,1.126849311s,0s,2697,2697,0
24.029178981s,1.344660181s,0s,2693,2693,0
24.073815876s,1.104564051s,0s,2700,2700,0
24.322652902s,1.333391264s,0s,2691,2691,0
24.727523993s,1.438041959s,0s,2699,2699,0
24.879168859s,1.052370683s,0s,2698,2698,0
25.963777842s,1.251034833s,0s,2696,2696,0
26.164532886s,1.319277101s,0s,2695,2695,0
26.306174379s,1.42786263s,0s,2694,2694,0
24.005267198s,1.175831216s,0s,2710,2710,0
24.252038277s,1.301529013s,0s,2704,2704,0
24.485760784s,1.448904606s,0s,2701,2701,0
24.963979729s,1.161609388s,0s,2706,2706,0
25.237788713s,1.195095707s,0s,2702,2702,0
25.638579838s,1.198292905s,0s,2707,2707,0
25.790395589s,1.278116524s,0s,2703,2703,0
26.338998347s,1.219851801s,0s,2708,2708,0
26.835956501s,1.063132855s,0s,2709,2709,0
26.906577849s,1.120352055s,0s,2705,2705,0
23.86329292s,1.308055296s,0s,2711,2711,0
23.981874569s,1.260559654s,0s,2714,2714,0
24.003425336s,1.167064732s,0s,2713,2713,0
24.699477309s,1.373521412s,0s,2720,2720,0
25.039327578s,1.093830359s,0s,2716,2716,0
25.229939602s,1.190306005s,0s,2717,2717,0
25.781493266s,1.265872199s,0s,2718,2718,0
25.907190535s,1.358257553s,0s,2715,2715,0
25.963764701s,1.036603287s,0s,2719,2719,0
26.223467016s,1.462792522s,0s,2712,2712,0
23.429009679s,1.393570754s,0s,2726,2726,0
24.212779828s,1.30288376s,0s,2730,2730,0
24.47461453s,1.01764618s,0s,2725,2725,0
24.718079936s,1.362326946s,0s,2729,2729,0
24.868563103s,1.152541217s,0s,2721,2721,0
25.091364062s,1.361222535s,0s,2727,2727,0
25.25396182s,1.05496581s,0s,2722,2722,0
25.327611247s,1.091111611s,0s,2723,2723,0
25.654286072s,1.360112237s,0s,2724,2724,0
25.680043121s,1.119339453s,0s,2728,2728,0
24.571579728s,1.026102703s,0s,2738,2738,0
24.885209678s,1.407071867s,0s,2732,2732,0
24.987988416s,1.403804881s,0s,2739,2739,0
25.101674638s,1.292140364s,0s,2734,2734,0
25.123357399s,1.470565732s,0s,2733,2733,0
25.199980345s,1.330577596s,0s,2740,2740,0
25.614008901s,1.200726949s,0s,2736,2736,0
25.890898925s,1.14953458s,0s,2737,2737,0
26.017638638s,1.211988806s,0s,2735,2735,0
27.037623675s,1.444293309s,0s,2731,2731,0
23.511748792s,1.191052238s,0s,2744,2744,0
23.803611004s,1.241318819s,0s,2749,2749,0
23.900267553s,1.055317651s,0s,2741,2741,0
24.685496041s,1.057488087s,0s,2748,2748,0
24.75613342s,1.373707085s,0s,2743,2743,0
24.758657689s,1.442932595s,0s,2742,2742,0
25.189545483s,1.134815773s,0s,2745,2745,0
25.345381764s,1.048108798s,0s,2747,2747,0
26.187726857s,1.448068098s,0s,2746,2746,0
27.057538828s,1.461457931s,0s,2750,2750,0
23.767422202s,1.094380774s,0s,2754,2754,0
24.928687051s,1.257293654s,0s,2759,2759,0
25.015311084s,1.142621458s,0s,2753,2753,0
25.470146065s,1.193881163s,0s,2755,2755,0
25.470174559s,1.446286166s,0s,2758,2758,0
25.660704756s,1.089141176s,0s,2756,2756,0
26.044451777s,1.44109132s,0s,2757,2757,0
26.185245873s,1.419794453s,0s,2751,2751,0
26.30199301s,1.224093451s,0s,2760,2760,0
26.475666002s,1.300478432s,0s,2752,2752,0
23.140158472s,1.232361853s,0s,2761,2761,0
23.435589064s,1.014340362s,0s,2763,2763,0
23.708428902s,1.210066996s,0s,2768,2768,0
23.800287465s,1.314617536s,0s,2765,2765,0
24.53955631s,1.090819236s,0s,2769,2769,0
24.550207775s,1.084573498s,0s,2770,2770,0
25.072818781s,1.398043455s,0s,2767,2767,0
25.258455223s,1.001074639s,0s,2762,2762,0
26.381936106s,1.411366136s,0s,2766,2766,0
27.009041711s,1.371910686s,0s,2764,2764,0
23.291239007s,1.19188162s,0s,2772,2772,0
23.619262228s,1.32706273s,0s,2771,2771,0
24.292024865s,1.185398184s,0s,2777,2777,0
24.36272269s,1.286934974s,0s,2780,2780,0
24.804659218s,1.057991332s,0s,2775,2775,0
24.89938113s,1.448809985s,0s,2776,2776,0
24.948051906s,1.366344962s,0s,2779,2779,0
25.017860721s,1.18967081s,0s,2773,2773,0
25.026595874s,1.432561912s,0s,2774,2774,0
25.802455133s,1.143162214s,0s,2778,2778,0
23.455588421s,1.426119208s,0s,2784,2784,0
23.907625005s,1.458387698s,0s,2789,2789,0
24.12026191s,1.40197403s,0s,2783,2783,0
25.184190684s,1.00615111s,0s,2786,2786,0
25.316952085s,1.129420959s,0s,2788,2788,0
25.368633389s,1.175830534s,0s,2782,2782,0
25.581101065s,1.378107269s,0s,2785,2785,0
25.688847633s,1.387400087s,0s,2787,2787,0
25.883649944s,1.391685266s,0s,2790,2790,0
26.630901659s,1.165618699s,0s,2781,2781,0
24.744140875s,1.291689199s,0s,2793,2793,0
24.748748257s,1.139934798s,0s,2799,2799,0
25.222852554s,1.194109071s,0s,2795,2795,0
25.470392298s,1.042147057s,0s,2791,2791,0
25.544175719s,1.09762295s,0s,2800,2800,0
25.968071943s,1.218386718s,0s,2796,2796,0
26.393016239s,1.469604937s,0s,2798,2798,0
26.418695096s,1.447129813s,0s,2794,2794,0
26.504393351s,1.083401316s,0s,2792,2792,0
27.241423396s,1.460341643s,0s,2797,2797,0
24.50169717s,1.04019772s,0s,2809,2809,0
24.741353957s,1.193353452s,0s,2804,2804,0
25.110230349s,1.066676836s,0s,2806,2806,0
25.166880202s,1.271888226s,0s,2803,2803,0
25.235540029s,1.120095518s,0s,2807,2807,0
25.582501281s,1.06243125s,0s,2801,2801,0
25.697044462s,1.088986106s,0s,2805,2805,0
26.133990981s,1.484419433s,0s,2808,2808,0
26.187780847s,1.218601039s,0s,2802,2802,0
27.385982344s,1.30602086s,0s,2810,2810,0
24.190920422s,1.489413661s,0s,2820,2820,0
24.586354102s,1.247562124s,0s,2815,2815,0
24.729015983s,1.041355912s,0s,2814,2814,0
24.942910594s,1.10703819s,0s,2817,2817,0
25.579191724s,1.207358112s,0s,2812,2812,0
25.629795867s,1.402106984s,0s,2818,2818,0
25.835594997s,1.012085628s,0s,2811,2811,0
26.167418325s,1.103858374s,0s,2813,2813,0
26.180050942s,1.339883199s,0s,2816,2816,0
26.806815386s,1.062570597s,0s,2819,2819,0
23.184865484s,1.271319575s,0s,2824,2824,0
23.597969241s,1.363370549s,0s,2821,2821,0
24.083052007s,1.299743803s,0s,2823,2823,0
24.702251701s,1.337141426s,0s,2828,2828,0
24.813941784s,1.266049391s,0s,2827,2827,0
25.330050735s,1.370663471s,0s,2830,2830,0
25.600735506s,1.27253292s,0s,2829,2829,0
26.119694313s,1.25485604s,0s,2825,2825,0
26.164303077s,1.071518929s,0s,2822,2822,0
26.799316639s,1.062136111s,0s,2826,2826,0
23.565586776s,1.234242792s,0s,2834,2834,0
23.83642061s,1.225037163s,0s,2833,2833,0
23.997181466s,1.077212177s,0s,2831,2831,0
24.136839922s,1.211864275s,0s,2832,2832,0
24.742960136s,1.031839639s,0s,2839,2839,0
25.59658706s,1.076095552s,0s,2836,2836,0
26.222166319s,1.11346028s,0s,2835,2835,0
26.305903629s,1.395594658s,0s,2838,2838,0
26.4446185s,1.41907875s,0s,2840,2840,0
26.588331936s,1.405814298s,0s,2837,2837,0
23.866055245s,1.055116817s,0s,2843,2843,0
23.938713235s,1.402403082s,0s,2842,2842,0
23.963219872s,1.493262466s,0s,2849,2849,0
24.104964368s,1.136540291s,0s,2848,2848,0
24.905690793s,1.403497202s,0s,2846,2846,0
25.015357539s,1.407759331s,0s,2845,2845,0
25.280112985s,1.096324935s,0s,2847,2847,0
25.465901231s,1.173791699s,0s,2850,2850,0
25.711897926s,1.2450641s,0s,2841,2841,0
26.4671646s,1.440016092s,0s,2844,2844,0
23.699115366s,1.053380687s,0s,2860,2860,0
24.352405975s,1.20779798s,0s,2859,2859,0
24.972393047s,1.288221869s,0s,2857,2857,0
25.455395462s,1.427748214s,0s,2856,2856,0
25.682968408s,1.041099713s,0s,2854,2854,0
25.906677486s,1.275017466s,0s,2853,2853,0
26.091401917s,1.469432222s,0s,2852,2852,0
26.412303901s,1.438984016s,0s,2851,2851,0
26.697167574s,1.477705991s,0s,2858,2858,0
26.746778321s,1.395530582s,0s,2855,2855,0
23.535406402s,1.284130235s,0s,2866,2866,0
24.440800076s,1.405934781s,0s,2861,2861,0
24.541555592s,1.045986128s,0s,2870,2870,0
24.712137608s,1.039397356s,0s,2868,2868,0
24.715819219s,1.488406679s,0s,2863,2863,0
24.875629811s,1.378464554s,0s,2862,2862,0
25.050283571s,1.028929333s,0s,2869,2869,0
25.8484273s,1.47413614s,0s,2865,2865,0
26.042810977s,1.398686538s,0s,2864,2864,0
26.800891921s,1.044737834s,0s,2867,2867,0
23.1921201s,1.127557659s,0s,2878,2878,0
24.328358051s,1.116297626s,0s,2875,2875,0
24.787059309s,1.390698065s,0s,2872,2872,0
25.214938681s,1.094101449s,0s,2876,2876,0
25.419670193s,1.222867892s,0s,2871,2871,0
25.605241749s,1.289366925s,0s,2879,2879,0
25.781992995s,1.275142046s,0s,2873,2873,0
25.84857909s,1.020810261s,0s,2877,2877,0
25.898252233s,1.457231271s,0s,2874,2874,0
26.14905449s,1.405941384s,0s,2880,2880,0
23.441197902s,1.02714139s,0s,2885,2885,0
24.454685581s,1.203882714s,0s,2888,2888,0
24.527265206s,1.341746259s,0s,2889,2889,0
24.541946811s,1.455506587s,0s,2887,2887,0
24.734709874s,1.412223752s,0s,2890,2890,0
25.028585931s,1.296283425s,0s,2882,2882,0
25.319523976s,1.284072568s,0s,2881,2881,0
25.358075428s,1.097406311s,0s,2886,2886,0
25.499689s,1.309518169s,0s,2884,2884,0
26.785144218s,1.388005727s,0s,2883,2883,0
23.746409805s,1.478063729s,0s,2892,2892,0
24.633751142s,1.431756969s,0s,2899,2899,0
25.147784418s,1.251659114s,0s,2891,2891,0
25.25558193s,1.380572545s,0s,2900,2900,0
25.379256084s,1.265892474s,0s,2895,2895,0
25.551008859s,1.176400301s,0s,2896,2896,0
25.818860074s,1.311057499s,0s,2893,2893,0
25.862432549s,1.116140133s,0s,2897,2897,0
26.226907655s,1.379394612s,0s,2894,2894,0
26.582535713s,1.179686624s,0s,2898,2898,0
24.276924197s,1.121495981s,0s,2908,2908,0
24.297505423s,1.209321607s,0s,2907,2907,0
25.142522738s,1.352863782s,0s,2903,2903,0
25.630655312s,1.357069711s,0s,2902,2902,0
25.803403224s,1.006075618s,0s,2909,2909,0
25.854043308s,1.262640236s,0s,2910,2910,0
25.946728338s,1.131758318s,0s,2905,2905,0
26.199562457s,1.06929565s,0s,2906,2906,0
26.225282534s,1.170955479s,0s,2901,2901,0
27.147659249s,1.198106222s,0s,2904,2904,0
23.493912464s,1.16275503s,0s,2915,2915,0
24.027960024s,1.295065618s,0s,2919,2919,0
25.213634554s,1.045465065s,0s,2913,2913,0
25.326323492s,1.314542275s,0s,2912,2912,0
25.945014756s,1.471319232s,0s,2920,2920,0
26.026654244s,1.017082328s,0s,2916,2916,0
26.303554123s,1.309346967s,0s,2914,2914,0
26.322258097s,1.03628852s,0s,2917,2917,0
26.701183448s,1.336995149s,0s,2911,2911,0
27.196282179s,1.319777716s,0s,2918,2918,0
22.880205119s,1.009570692s,0s,2924,2924,0
23.037925153s,1.309295479s,0s,2930,2930,0
23.911992434s,1.336508104s,0s,2921,2921,0
24.720259231s,1.091307707s,0s,2928,2928,0
24.870831414s,1.28505743s,0s,2926,2926,0
25.637953233s,1.069045183s,0s,2927,2927,0
25.784595681s,1.258935266s,0s,2925,2925,0
26.091496236s,1.038922941s,0s,2923,2923,0
26.121120781s,1.342793153s,0s,2922,2922,0
26.99890017s,1.245616162s,0s,2929,2929,0
23.229865367s,1.03362912s,0s,2940,2940,0
23.596409284s,1.397808581s,0s,2932,2932,0
23.776215206s,1.029378794s,0s,2936,2936,0
24.032152284s,1.011164891s,0s,2934,2934,0
24.926211259s,1.265047629s,0s,2938,2938,0
25.019828114s,1.299536057s,0s,2935,2935,0
25.263641322s,1.497515538s,0s,2939,2939,0
25.53553022s,1.480329769s,0s,2937,2937,0
26.556024561s,1.292272467s,0s,2931,2931,0
27.404974313s,1.407075619s,0s,2933,2933,0
24.397998533s,1.168597073s,0s,2949,2949,0
24.703814427s,1.23084908s,0s,2945,2945,0
24.962576782s,1.251068954s,0s,2944,2944,0
25.01319246s,1.266301435s,0s,2947,2947,0
25.105830134s,1.299760044s,0s,2948,2948,0
25.27650184s,1.271557755s,0s,2943,2943,0
25.431130894s,1.126323274s,0s,2950,2950,0
26.090889745s,1.004642945s,0s,2941,2941,0
26.364878241s,1.09108228s,0s,2946,2946,0
26.52749385s,1.09108828s,0s,2942,2942,0
23.399278751s,1.407700456s,0s,2955,2955,0
24.732683428s,1.484936289s,0s,2952,2952,0
25.164531676s,1.221596218s,0s,2960,2960,0
25.229038879s,1.300080539s,0s,2957,2957,0
25.283753381s,1.225780243s,0s,2954,2954,0
25.310319213s,1.085229538s,0s,2951,2951,0
25.336858295s,1.300081761s,0s,2959,2959,0
25.558717845s,1.401382488s,0s,2958,2958,0
25.597322959s,1.040930684s,0s,2956,2956,0
25.615969123s,1.041016687s,0s,2953,2953,0
23.976485439s,1.028068159s,0s,2963,2963,0
24.206086259s,1.268554465s,0s,2962,2962,0
24.364662103s,1.130829695s,0s,2961,2961,0
24.990942101s,1.107543015s,0s,2965,2965,0
25.156505063s,1.134001889s,0s,2966,2966,0
25.693557858s,1.286797156s,0s,2968,2968,0
25.802303939s,1.420041143s,0s,2967,2967,0
25.849978635s,1.260299056s,0s,2964,2964,0
26.502966764s,1.03928374s,0s,2970,2970,0
26.504456013s,1.450255472s,0s,2969,2969,0
23.059776206s,1.137809394s,0s,2974,2974,0
23.306660678s,1.432298701s,0s,2977,2977,0
23.485438287s,1.396717342s,0s,2980,2980,0
24.589993988s,1.388447957s,0s,2972,2972,0
25.133188144s,1.273138554s,0s,2979,2979,0
25.204805934s,1.405919853s,0s,2973,2973,0
25.50165517s,1.411135301s,0s,2976,2976,0
26.119598561s,1.107634657s,0s,2975,2975,0
26.532595966s,1.01812744s,0s,2971,2971,0
26.751394967s,1.041338994s,0s,2978,2978,0
23.122239061s,1.383663906s,0s,2982,2982,0
24.190797453s,1.26737969s,0s,2984,2984,0
24.424544729s,1.114797901s,0s,2986,2986,0
24.589405894s,1.043504298s,0s,2987,2987,0
25.179395363s,1.271751545s,0s,2981,2981,0
25.205066419s,1.270574353s,0s,2989,2989,0
25.301949658s,1.310043s,0s,2983,2983,0
25.306583082s,1.130028414s,0s,2988,2988,0
26.184667413s,1.494969148s,0s,2990,2990,0
26.825915696s,1.362437491s,0s,2985,2985,0
23.856720702s,1.027265978s,0s,2998,2998,0
24.21156599s,1.329791489s,0s,2993,2993,0
24.419346219s,1.396022404s,0s,2996,2996,0
25.721136038s,1.093815326s,0s,2995,2995,0
26.025965062s,1.21306584s,0s,2997,2997,0
26.204759992s,1.311558719s,0s,2994,2994,0
26.386521061s,1.310444217s,0s,2999,2999,0
26.462268567s,1.144937536s,0s,2992,2992,0
26.587043584s,1.409289019s,0s,2991,2991,0
27.19814016s,1.059623005s,0s,3000,3000,0
23.672001246s,1.264229505s,0s,3006,3006,0
25.01380597s,1.478278599s,0s,3010,3010,0
25.165516599s,1.237719931s,0s,3002,3002,0
25.30123865s,1.210492113s,0s,3005,3005,0
25.336874755s,1.246027336s,0s,3009,3009,0
25.662744986s,1.036283908s,0s,3001,3001,0
25.691515652s,1.33146623s,0s,3007,3007,0
25.84517228s,1.352702951s,0s,3004,3004,0
27.044488296s,1.47203794s,0s,3003,3003,0
27.17307324s,1.49554858s,0s,3008,3008,0
23.640044508s,1.222952686s,0s,3013,3013,0
23.776697412s,1.185773137s,0s,3011,3011,0
23.821305732s,1.222956215s,0s,3012,3012,0
23.938111101s,1.369643923s,0s,3016,3016,0
24.77391855s,1.340387353s,0s,3017,3017,0
24.96662263s,1.30220124s,0s,3019,3019,0
25.072274765s,1.096317862s,0s,3015,3015,0
25.267916106s,1.007072634s,0s,3014,3014,0
25.573694279s,1.132542973s,0s,3018,3018,0
27.391847401s,1.447852087s,0s,3020,3020,0
23.447661237s,1.045162064s,0s,3023,3023,0
24.297073646s,1.163758041s,0s,3030,3030,0
24.725083674s,1.43078384s,0s,3029,3029,0
25.136685208s,1.467991936s,0s,3027,3027,0
25.226349429s,1.107334936s,0s,3021,3021,0
25.854570281s,1.117562094s,0s,3025,3025,0
26.022182628s,1.182002438s,0s,3026,3026,0
26.144028698s,1.486091719s,0s,3022,3022,0
26.240710652s,1.424608675s,0s,3024,3024,0
26.539595097s,1.231221934s,0s,3028,3028,0
22.838300208s,1.021122968s,0s,3035,3035,0
24.755721727s,1.279121726s,0s,3033,3033,0
24.820322278s,1.109441442s,0s,3032,3032,0
25.384338453s,1.393100237s,0s,3036,3036,0
25.542682408s,1.208708612s,0s,3031,3031,0
25.979596051s,1.2539851s,0s,3039,3039,0
26.254441023s,1.346851652s,0s,3037,3037,0
26.953105436s,1.281360805s,0s,3038,3038,0
26.996670118s,1.445443311s,0s,3034,3034,0
27.022373146s,1.286574222s,0s,3040,3040,0
23.432497443s,1.395736879s,0s,3049,3049,0
23.919880315s,1.131355813s,0s,3046,3046,0
24.247525289s,1.400985598s,0s,3044,3044,0
24.262336156s,1.04613043s,0s,3041,3041,0
24.422481368s,1.229031945s,0s,3043,3043,0
24.776375914s,1.182857129s,0s,3042,3042,0
25.732677547s,1.143620293s,0s,3045,3045,0
25.90244403s,1.243243456s,0s,3048,3048,0
26.304408051s,1.425314702s,0s,3047,3047,0
27.004664921s,1.462562048s,0s,3050,3050,0
24.353651576s,1.227533517s,0s,3056,3056,0
24.511424215s,1.338135985s,0s,3053,3053,0
24.534051049s,1.084136625s,0s,3059,3059,0
24.580712164s,1.25277163s,0s,3052,3052,0
25.067210176s,1.253976757s,0s,3055,3055,0
25.09879475s,1.482713411s,0s,3057,3057,0
25.866315242s,1.485943279s,0s,3060,3060,0
25.889862542s,1.347390167s,0s,3058,3058,0
25.897375311s,1.48157918s,0s,3054,3054,0
26.368359796s,1.405626583s,0s,3051,3051,0
24.268885s,1.352138762s,0s,3066,3066,0
24.374625791s,1.375416081s,0s,3063,3063,0
24.953626639s,1.001794494s,0s,3062,3062,0
24.973263832s,1.038312372s,0s,3070,3070,0
25.195612641s,1.410926063s,0s,3069,3069,0
25.301360377s,1.398666333s,0s,3068,3068,0
25.355993065s,1.022055169s,0s,3065,3065,0
25.453590444s,1.140851871s,0s,3061,3061,0
25.758430917s,1.130597667s,0s,3067,3067,0
26.634817781s,1.352146505s,0s,3064,3064,0
23.446410438s,1.044499469s,0s,3073,3073,0
23.518635981s,1.491294769s,0s,3072,3072,0
23.690306825s,1.026279908s,0s,3076,3076,0
24.042071495s,1.283728304s,0s,3075,3075,0
24.779889648s,1.102994954s,0s,3077,3077,0
24.854471807s,1.421050951s,0s,3071,3071,0
25.213309464s,1.175461141s,0s,3079,3079,0
25.617366625s,1.01505938s,0s,3078,3078,0
25.740113389s,1.11924468s,0s,3080,3080,0
26.41090615s,1.072742261s,0s,3074,3074,0
24.115396438s,1.304451124s,0s,3088,3088,0
24.294283425s,1.32795585s,0s,3082,3082,0
24.608155334s,1.380332085s,0s,3084,3084,0
25.140069639s,1.078160938s,0s,3089,3089,0
25.400832839s,1.242030817s,0s,3081,3081,0
26.089006045s,1.469652987s,0s,3087,3087,0
26.144668488s,1.352117216s,0s,3083,3083,0
26.389539702s,1.100444786s,0s,3090,3090,0
26.966641347s,1.292204579s,0s,3086,3086,0
27.097412961s,1.140691856s,0s,3085,3085,0
24.068917452s,1.19614691s,0s,3094,3094,0
24.225574449s,1.022139433s,0s,3096,3096,0
24.596367252s,1.087966322s,0s,3100,3100,0
24.911312617s,1.432996454s,0s,3095,3095,0
25.15359462s,1.367547198s,0s,3092,3092,0
25.190241231s,1.061622144s,0s,3098,3098,0
25.244796786s,1.458464889s,0s,3097,3097,0
25.453558959s,1.038377103s,0s,3099,3099,0
25.746438855s,1.439224081s,0s,3093,3093,0
26.546715238s,1.4217658s,0s,3091,3091,0
23.576405245s,1.0250182s,0s,3107,3107,0
24.119560346s,1.460623811s,0s,3108,3108,0
24.710190455s,1.344991187s,0s,3101,3101,0
25.215979942s,1.104323503s,0s,3104,3104,0
25.245713923s,1.351362275s,0s,3103,3103,0
25.353446337s,1.347094051s,0s,3102,3102,0
25.608360271s,1.500103329s,0s,3106,3106,0
25.692020503s,1.464900413s,0s,3110,3110,0
25.705720316s,1.347090201s,0s,3105,3105,0
26.47804433s,1.177614064s,0s,3109,3109,0
23.792958476s,1.174436564s,0s,3120,3120,0
24.011711982s,1.202668191s,0s,3117,3117,0
24.291273184s,1.055139219s,0s,3119,3119,0
24.653079993s,1.22609015s,0s,3113,3113,0
24.763849749s,1.218858844s,0s,3112,3112,0
25.248899671s,1.347643425s,0s,3111,3111,0
25.707669322s,1.26935334s,0s,3118,3118,0
25.743182563s,1.349839412s,0s,3115,3115,0
26.801532379s,1.469552091s,0s,3116,3116,0
26.987230995s,1.374114337s,0s,3114,3114,0
23.983844132s,1.049557848s,0s,3125,3125,0
24.214783751s,1.005322547s,0s,3123,3123,0
24.527541887s,1.128873327s,0s,3129,3129,0
24.912438456s,1.432022369s,0s,3127,3127,0
24.998068433s,1.312574018s,0s,3124,3124,0
25.231453378s,1.312568469s,0s,3126,3126,0
25.723537046s,1.380910788s,0s,3121,3121,0
25.867276177s,1.228347666s,0s,3122,3122,0
26.135020392s,1.204097642s,0s,3128,3128,0
27.294606662s,1.439259045s,0s,3130,3130,0
23.877250596s,1.054254548s,0s,3135,3135,0
24.465372828s,1.020879782s,0s,3133,3133,0
24.598980166s,1.225957063s,0s,3136,3136,0
25.252133969s,1.280286436s,0s,3132,3132,0
25.531054092s,1.185737483s,0s,3138,3138,0
25.64462033s,1.414535892s,0s,3137,3137,0
25.704280491s,1.250080172s,0s,3131,3131,0
26.145274941s,1.468781482s,0s,3140,3140,0
26.324984577s,1.045014177s,0s,3134,3134,0
26.400583908s,1.095487569s,0s,3139,3139,0
24.095257815s,1.339523028s,0s,3143,3143,0
24.649346793s,1.091128238s,0s,3146,3146,0
24.727087044s,1.180874952s,0s,3147,3147,0
25.179142164s,1.137390484s,0s,3141,3141,0
25.458915134s,1.463553779s,0s,3148,3148,0
25.556515922s,1.337334805s,0s,3149,3149,0
25.661293411s,1.174615114s,0s,3150,3150,0
26.080095898s,1.243041137s,0s,3144,3144,0
26.082590474s,1.466772267s,0s,3145,3145,0
26.343282609s,1.381320209s,0s,3142,3142,0
23.979270089s,1.242497611s,0s,3154,3154,0
24.038948325s,1.343525299s,0s,3152,3152,0
24.712245134s,1.164047601s,0s,3155,3155,0
24.868004702s,1.202263311s,0s,3159,3159,0
25.173424499s,1.273745536s,0s,3151,3151,0
25.429186598s,1.401749393s,0s,3160,3160,0
25.450023677s,1.05269195s,0s,3153,3153,0
25.953036195s,1.466986123s,0s,3157,3157,0
26.629236468s,1.300271047s,0s,3156,3156,0
26.643769742s,1.278030228s,0s,3158,3158,0
23.580628999s,1.055985782s,0s,3168,3168,0
23.80638358s,1.121261722s,0s,3161,3161,0
24.217037931s,1.267040712s,0s,3165,3165,0
24.292668328s,1.141733717s,0s,3170,3170,0
24.418440955s,1.13953654s,0s,3163,3163,0
25.343233574s,1.332270155s,0s,3164,3164,0
25.359938906s,1.343540365s,0s,3169,3169,0
25.728772267s,1.402794765s,0s,3162,3162,0
25.753321915s,1.486057869s,0s,3167,3167,0
26.510556446s,1.494261096s,0s,3166,3166,0
24.159800186s,1.232798502s,0s,3172,3172,0
24.205432387s,1.03707071s,0s,3177,3177,0
24.546385605s,1.482768001s,0s,3171,3171,0
24.698220065s,1.064260716s,0s,3173,3173,0
25.067851642s,1.463531051s,0s,3178,3178,0
25.254694359s,1.225562871s,0s,3175,3175,0
25.357381169s,1.460326854s,0s,3180,3180,0
25.615107614s,1.028841153s,0s,3179,3179,0
26.976305278s,1.487998726s,0s,3174,3174,0
27.149967895s,1.44711404s,0s,3176,3176,0
24.655071201s,1.097108164s,0s,3190,3190,0
24.999404994s,1.255864404s,0s,3186,3186,0
25.047933293s,1.375936727s,0s,3184,3184,0
25.141531744s,1.335491144s,0s,3182,3182,0
25.586156992s,1.366751552s,0s,3185,3185,0
25.653898163s,1.146610498s,0s,3189,3189,0
25.791582284s,1.326273117s,0s,3188,3188,0
26.048396714s,1.138366065s,0s,3181,3181,0
26.408296413s,1.477111345s,0s,3183,3183,0
26.787193207s,1.259033275s,0s,3187,3187,0
23.266461542s,1.067097318s,0s,3199,3199,0
24.388196518s,1.053973425s,0s,3200,3200,0
24.522986077s,1.033343615s,0s,3194,3194,0
24.56261147s,1.077329517s,0s,3195,3195,0
24.70122437s,1.279729206s,0s,3197,3197,0
24.798015487s,1.05282039s,0s,3191,3191,0
24.934754121s,1.022090136s,0s,3198,3198,0
25.42988283s,1.044611215s,0s,3192,3192,0
25.449477029s,1.370045467s,0s,3196,3196,0
26.414949918s,1.378280808s,0s,3193,3193,0
23.214819421s,1.235145329s,0s,3203,3203,0
23.731552428s,1.266537788s,0s,3207,3207,0
23.971357192s,1.289773658s,0s,3206,3206,0
24.847646732s,1.037675856s,0s,3205,3205,0
24.863257397s,1.359252449s,0s,3209,3209,0
24.86581135s,1.384561722s,0s,3208,3208,0
25.009556516s,1.354053706s,0s,3201,3201,0
26.934350681s,1.118907287s,0s,3210,3210,0
27.118000797s,1.02745637s,0s,3202,3202,0
27.120659476s,1.265386833s,0s,3204,3204,0
23.158916816s,1.041105524s,0s,3217,3217,0
24.222245455s,1.468129585s,0s,3213,3213,0
24.475752097s,1.085339495s,0s,3212,3212,0
24.960456153s,1.003895576s,0s,3216,3216,0
25.215315889s,1.192111464s,0s,3218,3218,0
25.284881704s,1.101544146s,0s,3219,3219,0
25.808971082s,1.344902973s,0s,3220,3220,0
26.071854933s,1.117812282s,0s,3215,3215,0
26.199581185s,1.205402494s,0s,3214,3214,0
27.274873732s,1.311670433s,0s,3211,3211,0
23.496692121s,1.126568981s,0s,3226,3226,0
23.571394097s,1.099168584s,0s,3227,3227,0
24.052394378s,1.09809067s,0s,3222,3222,0
24.634471886s,1.101376432s,0s,3230,3230,0
24.781128566s,1.0107437s,0s,3221,3221,0
25.273084707s,1.274084945s,0s,3228,3228,0
25.298617945s,1.208856451s,0s,3229,3229,0
25.743610044s,1.409709758s,0s,3225,3225,0
26.63798056s,1.495978619s,0s,3224,3224,0
26.652602387s,1.390516472s,0s,3223,3223,0
23.542861947s,1.169492763s,0s,3237,3237,0
23.571590543s,1.174788901s,0s,3232,3232,0
23.968567761s,1.309709159s,0s,3236,3236,0
23.974320635s,1.117252779s,0s,3233,3233,0
24.06110375s,1.201210259s,0s,3238,3238,0
24.416885489s,1.0770647s,0s,3231,3231,0
24.437141219s,1.22645093s,0s,3234,3234,0
24.722788729s,1.17703455s,0s,3240,3240,0
26.168451854s,1.446117039s,0s,3239,3239,0
26.648559295s,1.058818722s,0s,3235,3235,0
23.152501087s,1.129862934s,0s,3242,3242,0
24.019439111s,1.290617714s,0s,3250,3250,0
24.106027183s,1.267433346s,0s,3246,3246,0
24.260842819s,1.069348938s,0s,3244,3244,0
24.97952463s,1.428452638s,0s,3245,3245,0
25.55760993s,1.122568834s,0s,3243,3243,0
25.836318975s,1.003080837s,0s,3241,3241,0
26.311321101s,1.189103461s,0s,3249,3249,0
26.691309305s,1.294883375s,0s,3247,3247,0
26.833061816s,1.315096363s,0s,3248,3248,0
23.737268308s,1.328976867s,0s,3251,3251,0
24.000892161s,1.026129163s,0s,3255,3255,0
24.10366115s,1.398113382s,0s,3257,3257,0
24.307471906s,1.46937763s,0s,3256,3256,0
24.516252741s,1.042620307s,0s,3253,3253,0
25.043981766s,1.19544298s,0s,3259,3259,0
25.258794613s,1.238664064s,0s,3252,3252,0
25.287402549s,1.162201215s,0s,3260,3260,0
25.451142348s,1.129996663s,0s,3254,3254,0
25.789883872s,1.035390927s,0s,3258,3258,0
23.973320064s,1.176816921s,0s,3262,3262,0
24.185038324s,1.161545482s,0s,3268,3268,0
24.380866845s,1.049104446s,0s,3264,3264,0
24.553694571s,1.453463555s,0s,3261,3261,0
24.688417458s,1.18306381s,0s,3266,3266,0
24.715004029s,1.455682123s,0s,3265,3265,0
24.972894053s,1.280473865s,0s,3267,3267,0
25.275646417s,1.098326909s,0s,3269,3269,0
25.986917314s,1.049115276s,0s,3263,3263,0
26.089530403s,1.232286629s,0s,3270,3270,0
23.228068788s,1.120617206s,0s,3280,3280,0
23.719073277s,1.334548687s,0s,3279,3279,0
23.873822408s,1.29027431s,0s,3272,3272,0
24.017501545s,1.095145826s,0s,3274,3274,0
24.177219492s,1.378802826s,0s,3278,3278,0
24.386944865s,1.096288322s,0s,3275,3275,0
24.788912824s,1.184088282s,0s,3271,3271,0
25.112812717s,1.397051703s,0s,3273,3273,0
26.1412795s,1.178832698s,0s,3277,3277,0
26.433175167s,1.429305583s,0s,3276,3276,0
24.650314776s,1.464865327s,0s,3290,3290,0
25.042224977s,1.481238621s,0s,3285,3285,0
25.387867775s,1.061272023s,0s,3288,3288,0
25.439474858s,1.31213872s,0s,3287,3287,0
25.508017739s,1.146538672s,0s,3286,3286,0
25.719863948s,1.231798467s,0s,3284,3284,0
25.848552201s,1.440611199s,0s,3282,3282,0
26.181374757s,1.398372668s,0s,3289,3289,0
26.467107215s,1.471037472s,0s,3283,3283,0
26.618927685s,1.495496646s,0s,3281,3281,0
23.516281255s,1.038078668s,0s,3295,3295,0
24.133379911s,1.137435007s,0s,3296,3296,0
25.198881572s,1.138592556s,0s,3291,3291,0
25.207489122s,1.034861956s,0s,3293,3293,0
25.381161544s,1.337424153s,0s,3299,3299,0
25.458908561s,1.193871097s,0s,3300,3300,0
25.916987828s,1.197100829s,0s,3297,3297,0
26.156700038s,1.408793597s,0s,3292,3292,0
26.17528337s,1.478028982s,0s,3294,3294,0
27.037354001s,1.488260091s,0s,3298,3298,0
24.224904605s,1.201877449s,0s,3309,3309,0
24.569774662s,1.139419314s,0s,3305,3305,0
24.813583495s,1.156613148s,0s,3310,3310,0
24.953440025s,1.088136533s,0s,3307,3307,0
25.210738972s,1.462888523s,0s,3302,3302,0
25.404511693s,1.379359397s,0s,3301,3301,0
26.293931089s,1.440588014s,0s,3303,3303,0
26.390539706s,1.331111611s,0s,3304,3304,0
27.211812801s,1.471111219s,0s,3306,3306,0
27.501584715s,1.471118384s,0s,3308,3308,0
23.042794614s,1.303565972s,0s,3316,3316,0
23.640845294s,1.053288556s,0s,3311,3311,0
24.482162061s,1.085531139s,0s,3319,3319,0
24.755972275s,1.371845377s,0s,3318,3318,0
24.869764613s,1.301025242s,0s,3317,3317,0
24.946330576s,1.229901566s,0s,3315,3315,0
25.027937973s,1.459398776s,0s,3320,3320,0
25.035488579s,1.051043064s,0s,3313,3313,0
25.413524103s,1.409065583s,0s,3312,3312,0
27.464080579s,1.410168333s,0s,3314,3314,0
23.56100803s,1.253764948s,0s,3326,3326,0
23.684691619s,1.064277783s,0s,3324,3324,0
24.049556054s,1.083803947s,0s,3322,3322,0
25.014420271s,1.202551491s,0s,3323,3323,0
25.319867628s,1.256043535s,0s,3329,3329,0
25.619588931s,1.073542568s,0s,3327,3327,0
25.706288283s,1.258269613s,0s,3328,3328,0
26.053182477s,1.026081363s,0s,3321,3321,0
26.056847161s,1.145076913s,0s,3325,3325,0
27.069387697s,1.154298767s,0s,3330,3330,0
23.673580725s,1.132487172s,0s,3332,3332,0
23.705210955s,1.165707864s,0s,3338,3338,0
24.159100322s,1.129259374s,0s,3339,3339,0
24.272718325s,1.028817446s,0s,3340,3340,0
24.572576257s,1.363445989s,0s,3333,3333,0
25.394696119s,1.282140642s,0s,3335,3335,0
25.535360393s,1.045048936s,0s,3334,3334,0
25.978263244s,1.181966725s,0s,3337,3337,0
27.24889796s,1.409676426s,0s,3331,3331,0
27.794062514s,1.411923718s,0s,3336,3336,0
23.324403815s,1.308110135s,0s,3346,3346,0
24.114225537s,1.045172362s,0s,3343,3343,0
24.554295859s,1.190119825s,0s,3341,3341,0
24.943031344s,1.279899631s,0s,3345,3345,0
25.172758093s,1.354409222s,0s,3344,3344,0
25.332428202s,1.052391717s,0s,3347,3347,0
25.723799343s,1.150904847s,0s,3348,3348,0
26.018663428s,1.124672513s,0s,3349,3349,0
26.452423497s,1.275625108s,0s,3342,3342,0
26.78225706s,1.204374806s,0s,3350,3350,0
23.649225972s,1.10630855s,0s,3356,3356,0
23.7088733s,1.199055673s,0s,3357,3357,0
24.536697909s,1.437726871s,0s,3355,3355,0
24.713525261s,1.150588747s,0s,3359,3359,0
24.841153395s,1.158805527s,0s,3352,3352,0
25.150960509s,1.294279079s,0s,3354,3354,0
25.319783998s,1.086108247s,0s,3358,3358,0
26.404176777s,1.067993594s,0s,3360,3360,0
26.404192916s,1.439994377s,0s,3353,3353,0
26.81172092s,1.438843029s,0s,3351,3351,0
24.226422739s,1.107394899s,0s,3364,3364,0
24.812376043s,1.073155184s,0s,3369,3369,0
25.04607107s,1.403113476s,0s,3366,3366,0
25.079660017s,1.372854291s,0s,3367,3367,0
25.331427194s,1.497433878s,0s,3362,3362,0
25.367998659s,1.431476696s,0s,3363,3363,0
25.881030223s,1.431484586s,0s,3370,3370,0
26.402955918s,1.480974317s,0s,3365,3365,0
26.943632246s,1.493220218s,0s,3368,3368,0
27.064406786s,1.44475456s,0s,3361,3361,0
23.973615984s,1.392193881s,0s,3371,3371,0
24.671642412s,1.146720698s,0s,3380,3380,0
24.928872504s,1.315493118s,0s,3377,3377,0
25.014671926s,1.025032507s,0s,3379,3379,0
25.05732029s,1.368743989s,0s,3374,3374,0
25.139983336s,1.38499032s,0s,3378,3378,0
25.669883535s,1.110434225s,0s,3376,3376,0
26.481257135s,1.107264901s,0s,3375,3375,0
26.754058353s,1.308314542s,0s,3372,3372,0
26.961820255s,1.293038026s,0s,3373,3373,0
23.895704956s,1.28232527s,0s,3390,3390,0
24.326793766s,1.460114118s,0s,3388,3388,0
24.388378254s,1.361642708s,0s,3389,3389,0
24.649977345s,1.142580649s,0s,3381,3381,0
24.803516303s,1.145798212s,0s,3387,3387,0
25.274622988s,1.097307663s,0s,3386,3386,0
25.590560581s,1.057096802s,0s,3382,3382,0
26.422849989s,1.464338488s,0s,3383,3383,0
26.66964887s,1.36279176s,0s,3384,3384,0
26.945569007s,1.219094707s,0s,3385,3385,0
23.424721001s,1.015668599s,0s,3391,3391,0
23.829617424s,1.326605828s,0s,3392,3392,0
23.960386912s,1.025847656s,0s,3394,3394,0
24.710687008s,1.129409905s,0s,3399,3399,0
24.891441494s,1.171883865s,0s,3395,3395,0
25.115092277s,1.224311063s,0s,3393,3393,0
25.396102979s,1.113201161s,0s,3397,3397,0
25.686955596s,1.218033298s,0s,3400,3400,0
26.760776649s,1.156620358s,0s,3396,3396,0
27.142602834s,1.054980999s,0s,3398,3398,0
24.255805211s,1.147385239s,0s,3407,3407,0
24.664770649s,1.306515871s,0s,3408,3408,0
24.741713153s,1.306539794s,0s,3405,3405,0
24.812392079s,1.271059465s,0s,3402,3402,0
25.724806692s,1.391828687s,0s,3409,3409,0
26.19985485s,1.155557454s,0s,3403,3403,0
26.212443024s,1.428089675s,0s,3406,3406,0
26.219035429s,1.040140506s,0s,3404,3404,0
26.381783158s,1.212810368s,0s,3401,3401,0
26.72980535s,1.289279547s,0s,3410,3410,0
23.92457919s,1.313780943s,0s,3417,3417,0
24.483566719s,1.044599821s,0s,3416,3416,0
24.536106116s,1.149906595s,0s,3419,3419,0
24.556729894s,1.193041347s,0s,3420,3420,0
24.781452889s,1.02937554s,0s,3418,3418,0
25.145446616s,1.489393979s,0s,3415,3415,0
25.378213614s,1.305540303s,0s,3411,3411,0
25.383840729s,1.026110135s,0s,3414,3414,0
25.605669441s,1.295348411s,0s,3413,3413,0
27.187194677s,1.320991589s,0s,3412,3412,0
23.512851505s,1.410992706s,0s,3428,3428,0
24.215038728s,1.053385285s,0s,3424,3424,0
24.606007331s,1.017097928s,0s,3429,3429,0
24.840750878s,1.311267758s,0s,3423,3423,0
24.907996297s,1.256067062s,0s,3427,3427,0
24.994665041s,1.128606496s,0s,3430,3430,0
25.335647025s,1.346509788s,0s,3426,3426,0
25.97571163s,1.393726873s,0s,3421,3421,0
27.018072425s,1.477139181s,0s,3425,3425,0
27.097656068s,1.154775673s,0s,3422,3422,0
24.069230732s,1.093041722s,0s,3432,3432,0
24.867516236s,1.435579017s,0s,3433,3433,0
25.084329446s,1.462086764s,0s,3439,3439,0
25.56243154s,1.469705403s,0s,3435,3435,0
25.579051327s,1.418366629s,0s,3440,3440,0
25.670771198s,1.44084727s,0s,3438,3438,0
26.268859408s,1.300717783s,0s,3431,3431,0
26.322546792s,1.344935971s,0s,3434,3434,0
26.452243222s,1.073734098s,0s,3436,3436,0
26.773117674s,1.25645098s,0s,3437,3437,0
23.171732532s,1.223760382s,0s,3450,3450,0
23.608734519s,1.234980237s,0s,3444,3444,0
24.249874588s,1.483393219s,0s,3445,3445,0
24.337342841s,1.427085777s,0s,3441,3441,0
24.418894197s,1.239227452s,0s,3447,3447,0
25.170272462s,1.272689791s,0s,3448,3448,0
25.24189408s,1.176244872s,0s,3446,3446,0
25.28347642s,1.132948995s,0s,3443,3443,0
26.191900865s,1.24143181s,0s,3449,3449,0
26.963285264s,1.186479989s,0s,3442,3442,0
24.688775115s,1.399819858s,0s,3458,3458,0
24.817495647s,1.402036174s,0s,3460,3460,0
25.10133934s,1.171469322s,0s,3451,3451,0
25.175056078s,1.306562611s,0s,3457,3457,0
25.342863256s,1.191047474s,0s,3453,3453,0
25.390502389s,1.019086658s,0s,3455,3455,0
25.466185736s,1.428240468s,0s,3452,3452,0
25.701895069s,1.179745441s,0s,3456,3456,0
25.883790707s,1.223251397s,0s,3459,3459,0
26.323686674s,1.498568223s,0s,3454,3454,0
23.849341877s,1.240607936s,0s,3463,3463,0
25.132009394s,1.192380992s,0s,3467,3467,0
25.160712592s,1.054339387s,0s,3470,3470,0
25.200368169s,1.111816978s,0s,3464,3464,0
25.327034198s,1.433016007s,0s,3468,3468,0
25.451742228s,1.127069657s,0s,3462,3462,0
26.186958877s,1.006128363s,0s,3461,3461,0
26.476894349s,1.061555329s,0s,3466,3466,0
26.882876139s,1.443248676s,0s,3465,3465,0
27.306822245s,1.492848785s,0s,3469,3469,0
23.564858782s,1.137060637s,0s,3471,3471,0
23.916756262s,1.249364224s,0s,3478,3478,0
24.007443855s,1.078693216s,0s,3477,3477,0
24.493390571s,1.302819625s,0s,3474,3474,0
24.851235952s,1.124920797s,0s,3479,3479,0
25.040980151s,1.467491582s,0s,3476,3476,0
26.402238155s,1.495772222s,0s,3472,3472,0
26.428810099s,1.449298372s,0s,3475,3475,0
26.468414399s,1.441037137s,0s,3480,3480,0
26.782331404s,1.251550389s,0s,3473,3473,0
23.28692329s,1.328386038s,0s,3481,3481,0
24.570096127s,1.033303831s,0s,3484,3484,0
24.698708639s,1.071544598s,0s,3490,3490,0
24.986628085s,1.006092998s,0s,3488,3488,0
25.096289803s,1.074731959s,0s,3487,3487,0
25.694410909s,1.165988796s,0s,3485,3485,0
26.036359977s,1.211102698s,0s,3489,3489,0
26.30806172s,1.332620134s,0s,3486,3486,0
26.926096086s,1.401922028s,0s,3483,3483,0
26.998676352s,1.453396567s,0s,3482,3482,0
23.778928679s,1.229199864s,0s,3499,3499,0
23.887599789s,1.081648957s,0s,3493,3493,0
23.998297135s,1.295795878s,0s,3500,3500,0
24.385264695s,1.128904403s,0s,3492,3492,0
24.596008847s,1.260425736s,0s,3494,3494,0
25.236134265s,1.077280853s,0s,3496,3496,0
25.506929391s,1.036792758s,0s,3497,3497,0
26.060940295s,1.394024076s,0s,3498,3498,0
26.110499607s,1.008458425s,0s,3491,3491,0
26.251113424s,1.066016726s,0s,3495,3495,0
23.671889006s,1.18875839s,0s,3509,3509,0
24.222963656s,1.259343994s,0s,3505,3505,0
24.855193077s,1.245968994s,0s,3503,3503,0
24.961014703s,1.27757263s,0s,3502,3502,0
25.071760043s,1.037106965s,0s,3506,3506,0
25.371642064s,1.136475345s,0s,3510,3510,0
25.661156657s,1.250164652s,0s,3504,3504,0
25.821940972s,1.011765473s,0s,3507,3507,0
26.57083415s,1.449023793s,0s,3501,3501,0
27.150521442s,1.316784184s,0s,3508,3508,0
23.682367846s,1.130753131s,0s,3517,3517,0
23.892154747s,1.451326568s,0s,3514,3514,0
24.196050935s,1.073554769s,0s,3518,3518,0
24.549012262s,1.361965114s,0s,3513,3513,0
24.842822605s,1.35571685s,0s,3511,3511,0
25.282834018s,1.043328966s,0s,3519,3519,0
25.602731104s,1.338486835s,0s,3512,3512,0
26.158399761s,1.026108127s,0s,3520,3520,0
27.082262435s,1.298096295s,0s,3516,3516,0
27.139854623s,1.402118042s,0s,3515,3515,0
24.185642808s,1.102114575s,0s,3522,3522,0
24.34141731s,1.492805513s,0s,3524,3524,0
24.353042051s,1.159087667s,0s,3529,3529,0
24.956146269s,1.304816818s,0s,3521,3521,0
25.168903574s,1.250316264s,0s,3530,3530,0
25.215967122s,1.388530938s,0s,3523,3523,0
25.311694092s,1.338051894s,0s,3526,3526,0
25.68069512s,1.361263524s,0s,3527,3527,0
25.725368459s,1.133343114s,0s,3528,3528,0
26.345877989s,1.274597663s,0s,3525,3525,0
23.263489907s,1.278478045s,0s,3535,3535,0
23.86360553s,1.323296294s,0s,3538,3538,0
24.234627521s,1.347511055s,0s,3531,3531,0
24.79273535s,1.305042305s,0s,3540,3540,0
24.836103394s,1.285753884s,0s,3534,3534,0
24.937843683s,1.063901847s,0s,3537,3537,0
25.097592953s,1.255196362s,0s,3533,3533,0
25.641453051s,1.449759834s,0s,3539,3539,0
25.865181752s,1.020410889s,0s,3536,3536,0
27.186504446s,1.036676177s,0s,3532,3532,0
23.732519139s,1.101618882s,0s,3548,3548,0
24.243567381s,1.304246076s,0s,3547,3547,0
24.357292722s,1.072423427s,0s,3542,3542,0
24.612089198s,1.380853555s,0s,3549,3549,0
24.780870836s,1.048153152s,0s,3544,3544,0
25.048748648s,1.487809785s,0s,3546,3546,0
25.853564693s,1.466563928s,0s,3550,3550,0
26.283438927s,1.384323547s,0s,3545,3545,0
26.40716269s,1.300039159s,0s,3543,3543,0
26.980225983s,1.359531218s,0s,3541,3541,0
24.226623466s,1.493692647s,0s,3558,3558,0
24.339330995s,1.38269864s,0s,3557,3557,0
24.483140696s,1.087502196s,0s,3552,3552,0
24.765015589s,1.232101996s,0s,3553,3553,0
24.834592544s,1.428979173s,0s,3554,3554,0
24.844224229s,1.16698444s,0s,3551,3551,0
25.036019333s,1.06508395s,0s,3555,3555,0
25.589073479s,1.070275621s,0s,3559,3559,0
26.670179056s,1.379454092s,0s,3560,3560,0
26.907949211s,1.062821553s,0s,3556,3556,0
23.494979232s,1.030328442s,0s,3563,3563,0
24.197784518s,1.270090027s,0s,3570,3570,0
24.381650562s,1.01811657s,0s,3561,3561,0
24.587355019s,1.099569255s,0s,3568,3568,0
24.960219877s,1.278266415s,0s,3565,3565,0
25.003833987s,1.419795269s,0s,3562,3562,0
25.076438066s,1.495267577s,0s,3567,3567,0
25.577498523s,1.376597347s,0s,3566,3566,0
25.596689386s,1.466052706s,0s,3564,3564,0
27.354740238s,1.152771779s,0s,3569,3569,0
23.24492073s,1.463752509s,0s,3577,3577,0
24.256710868s,1.326716469s,0s,3580,3580,0
24.476492059s,1.301252866s,0s,3578,3578,0
24.476513578s,1.072645108s,0s,3576,3576,0
24.768635486s,1.278014879s,0s,3575,3575,0
24.832177787s,1.317483804s,0s,3579,3579,0
25.07492535s,1.056164769s,0s,3574,3574,0
25.140602329s,1.066411963s,0s,3572,3572,0
25.919807357s,1.42115994s,0s,3573,3573,0
27.131979755s,1.328917444s,0s,3571,3571,0
24.356342117s,1.199076512s,0s,3588,3588,0
24.366260695s,1.145431187s,0s,3586,3586,0
24.751215258s,1.377922936s,0s,3584,3584,0
24.991921672s,1.174879214s,0s,3583,3583,0
25.065532002s,1.221343334s,0s,3587,3587,0
25.185243879s,1.497348982s,0s,3582,3582,0
25.255918662s,1.490115393s,0s,3585,3585,0
25.888030992s,1.010127075s,0s,3581,3581,0
26.013628223s,1.227559083s,0s,3589,3589,0
26.32047347s,1.162627129s,0s,3590,3590,0
23.547494153s,1.446320547s,0s,3597,3597,0
23.843431867s,1.125622148s,0s,3591,3591,0
23.84812265s,1.066335079s,0s,3598,3598,0
23.94176003s,1.457767176s,0s,3593,3593,0
24.427873331s,1.496252621s,0s,3592,3592,0
24.827934388s,1.330104103s,0s,3600,3600,0
24.993072448s,1.006094981s,0s,3594,3594,0
25.497182493s,1.469010555s,0s,3595,3595,0
25.69293518s,1.453504267s,0s,3596,3596,0
26.660751665s,1.315967388s,0s,3599,3599,0
24.221552281s,1.170865694s,0s,3605,3605,0
24.300123842s,1.232546803s,0s,3610,3610,0
24.547838841s,1.061629252s,0s,3603,3603,0
25.523311568s,1.026117572s,0s,3609,3609,0
25.642029537s,1.20707217s,0s,3601,3601,0
26.099024703s,1.287815395s,0s,3606,3606,0
26.104693861s,1.223286675s,0s,3607,3607,0
26.173158005s,1.443040943s,0s,3604,3604,0
26.786748665s,1.291030612s,0s,3602,3602,0
27.099687815s,1.049379366s,0s,3608,3608,0
24.158091016s,1.112401252s,0s,3614,3614,0
24.571507704s,1.256008456s,0s,3613,3613,0
24.804259129s,1.251688642s,0s,3618,3618,0
25.037033443s,1.073151716s,0s,3617,3617,0
25.08066211s,1.311440881s,0s,3616,3616,0
25.243433104s,1.258175248s,0s,3612,3612,0
25.793625202s,1.457326847s,0s,3619,3619,0
25.914296026s,1.441073087s,0s,3611,3611,0
26.285241432s,1.408851283s,0s,3615,3615,0
26.35492299s,1.312545414s,0s,3620,3620,0
23.77299303s,1.142631943s,0s,3628,3628,0
23.951785996s,1.471402901s,0s,3627,3627,0
24.507406836s,1.230877833s,0s,3624,3624,0
25.093560639s,1.076398007s,0s,3625,3625,0
25.802817669s,1.190397156s,0s,3626,3626,0
25.821351032s,1.326044017s,0s,3629,3629,0
26.048250691s,1.199628286s,0s,3630,3630,0
26.050912266s,1.02811988s,0s,3621,3621,0
26.151584783s,1.147892254s,0s,3623,3623,0
26.166318429s,1.165104066s,0s,3622,3622,0
23.457108465s,1.202731652s,0s,3633,3633,0
23.553832417s,1.196516531s,0s,3631,3631,0
24.518743358s,1.027119331s,0s,3640,3640,0
25.002919811s,1.469885522s,0s,3636,3636,0
25.050643778s,1.499385688s,0s,3637,3637,0
25.528662542s,1.220090848s,0s,3635,3635,0
25.593191019s,1.474072685s,0s,3638,3638,0
25.94380952s,1.206974399s,0s,3634,3634,0
26.146518831s,1.312369433s,0s,3632,3632,0
26.761353781s,1.372563675s,0s,3639,3639,0
23.685912433s,1.421092544s,0s,3648,3648,0
23.8237919s,1.287900993s,0s,3649,3649,0
24.297735503s,1.349639213s,0s,3641,3641,0
24.306417371s,1.44630833s,0s,3644,3644,0
24.532182218s,1.362806231s,0s,3642,3642,0
24.568838397s,1.061190576s,0s,3646,3646,0
25.540912321s,1.3153192s,0s,3645,3645,0
26.102607644s,1.090528505s,0s,3643,3643,0
26.928873285s,1.307098026s,0s,3650,3650,0
27.173742944s,1.457548702s,0s,3647,3647,0
23.373573713s,1.11846219s,0s,3659,3659,0
23.826556595s,1.207741026s,0s,3656,3656,0
24.137103132s,1.027096192s,0s,3657,3657,0
24.425989403s,1.378630611s,0s,3660,3660,0
25.147721088s,1.37974223s,0s,3654,3654,0
25.771856624s,1.333334755s,0s,3653,3653,0
25.861599015s,1.380836277s,0s,3651,3651,0
25.926292342s,1.072296241s,0s,3658,3658,0
26.09710728s,1.223015376s,0s,3655,3655,0
26.913430233s,1.405044699s,0s,3652,3652,0
23.537410804s,1.15456949s,0s,3669,3669,0
24.055475825s,1.392677828s,0s,3666,3666,0
24.393376153s,1.486070139s,0s,3670,3670,0
24.555073566s,1.164853364s,0s,3665,3665,0
24.65781344s,1.005858344s,0s,3663,3663,0
24.720416927s,1.228078455s,0s,3662,3662,0
24.989361373s,1.446935888s,0s,3664,3664,0
25.632552989s,1.369458413s,0s,3667,3667,0
26.062154316s,1.046087913s,0s,3661,3661,0
26.135821777s,1.097338426s,0s,3668,3668,0
23.195712017s,1.257286444s,0s,3672,3672,0
23.596641125s,1.457918298s,0s,3677,3677,0
24.378384204s,1.475074252s,0s,3678,3678,0
24.47299521s,1.014109999s,0s,3680,3680,0
24.816313963s,1.48334364s,0s,3673,3673,0
24.966004344s,1.253020479s,0s,3676,3676,0
24.990659426s,1.19881812s,0s,3671,3671,0
25.355388488s,1.056324498s,0s,3679,3679,0
26.083610869s,1.117600699s,0s,3675,3675,0
26.171533765s,1.403643153s,0s,3674,3674,0
24.242731891s,1.178653913s,0s,3690,3690,0
24.546533919s,1.331206173s,0s,3686,3686,0
25.081609706s,1.132355581s,0s,3687,3687,0
25.307408423s,1.311954908s,0s,3684,3684,0
25.343928341s,1.043124127s,0s,3688,3688,0
25.729962871s,1.409743481s,0s,3685,3685,0
25.821721237s,1.432305886s,0s,3682,3682,0
25.962397168s,1.361449429s,0s,3689,3689,0
26.118479211s,1.458546705s,0s,3683,3683,0
27.739765309s,1.423043991s,0s,3681,3681,0
23.407452609s,1.255702868s,0s,3697,3697,0
24.964598801s,1.427467178s,0s,3699,3699,0
25.067291642s,1.252507406s,0s,3695,3695,0
25.146958452s,1.184082118s,0s,3698,3698,0
25.161699337s,1.000314328s,0s,3696,3696,0
26.127459682s,1.234269877s,0s,3691,3691,0
26.527301414s,1.389243275s,0s,3700,3700,0
26.637933665s,1.092635396s,0s,3694,3694,0
26.69447684s,1.15385955s,0s,3693,3693,0
26.830240195s,1.346031439s,0s,3692,3692,0
23.104312884s,1.020388318s,0s,3702,3702,0
23.509331547s,1.434488649s,0s,3707,3707,0
23.711156548s,1.036661426s,0s,3708,3708,0
24.078362461s,1.377222894s,0s,3706,3706,0
24.387622163s,1.45873281s,0s,3710,3710,0
24.789397786s,1.085932571s,0s,3704,3704,0
24.850089582s,1.151368471s,0s,3705,3705,0
25.246111327s,1.3317803s,0s,3701,3701,0
25.850287737s,1.112072982s,0s,3703,3703,0
26.858756495s,1.338003404s,0s,3709,3709,0
23.373619181s,1.370093982s,0s,3720,3720,0
23.72123746s,1.092365593s,0s,3718,3718,0
24.06220254s,1.184035831s,0s,3713,3713,0
24.531318254s,1.145811547s,0s,3715,3715,0
24.851963156s,1.204578612s,0s,3712,3712,0
25.222906282s,1.024115401s,0s,3714,3714,0
25.35550895s,1.113563106s,0s,3717,3717,0
25.40209606s,1.191353674s,0s,3719,3719,0
26.582753029s,1.145805459s,0s,3711,3711,0
27.211339154s,1.251836698s,0s,3716,3716,0
23.043707445s,1.210295253s,0s,3727,3727,0
23.978105559s,1.026712323s,0s,3728,3728,0
24.468127647s,1.432756946s,0s,3724,3724,0
24.561795116s,1.26056375s,0s,3722,3722,0
25.03782693s,1.468033605s,0s,3721,3721,0
25.290301151s,1.414404657s,0s,3723,3723,0
25.728087392s,1.358898921s,0s,3729,3729,0
25.786629774s,1.390103397s,0s,3725,3725,0
25.829291488s,1.468039519s,0s,3730,3730,0
26.392471926s,1.121973096s,0s,3726,3726,0
24.617797875s,1.293907503s,0s,3735,3735,0
24.769590923s,1.493569381s,0s,3736,3736,0
24.948327311s,1.309099317s,0s,3737,3737,0
24.962954657s,1.432105304s,0s,3734,3734,0
25.435888806s,1.066450196s,0s,3731,3731,0
25.781771419s,1.399572158s,0s,3739,3739,0
25.805267004s,1.413852437s,0s,3740,3740,0
26.793029097s,1.358326259s,0s,3732,3732,0
26.972710705s,1.413874278s,0s,3733,3733,0
27.410586379s,1.483326608s,0s,3738,3738,0
23.977917124s,1.322989441s,0s,3744,3744,0
24.048571245s,1.317712902s,0s,3748,3748,0
24.239232395s,1.150670499s,0s,3741,3741,0
25.007162547s,1.006018036s,0s,3747,3747,0
25.543169903s,1.015323166s,0s,3742,3742,0
26.244922164s,1.15390262s,0s,3743,3743,0
26.389092757s,1.381077519s,0s,3750,3750,0
26.481752349s,1.404563461s,0s,3745,3745,0
26.486351629s,1.383342626s,0s,3746,3746,0
26.845129621s,1.479830882s,0s,3749,3749,0
23.478057785s,1.173342549s,0s,3755,3755,0
24.345383844s,1.145069213s,0s,3753,3753,0
24.455668577s,1.492025209s,0s,3752,3752,0
25.232008631s,1.493137345s,0s,3757,3757,0
25.244572802s,1.08244308s,0s,3754,3754,0
25.443252528s,1.075175474s,0s,3759,3759,0
25.476892103s,1.497339573s,0s,3756,3756,0
25.878788969s,1.44776882s,0s,3751,3751,0
26.060486241s,1.103689254s,0s,3760,3760,0
26.381324204s,1.116936548s,0s,3758,3758,0
23.547165609s,1.074933263s,0s,3766,3766,0
23.764916097s,1.063737212s,0s,3765,3765,0
24.783211692s,1.058490361s,0s,3762,3762,0
25.040937719s,1.31828089s,0s,3768,3768,0
25.513826262s,1.278723657s,0s,3761,3761,0
25.670546463s,1.185372303s,0s,3769,3769,0
25.813179936s,1.143145576s,0s,3770,3770,0
25.903713474s,1.288914669s,0s,3763,3763,0
26.313609699s,1.365566071s,0s,3764,3764,0
27.479988268s,1.450842488s,0s,3767,3767,0
23.258774459s,1.098086866s,0s,3777,3777,0
23.417653974s,1.249881163s,0s,3775,3775,0
24.405108726s,1.071917606s,0s,3780,3780,0
24.845597678s,1.280310916s,0s,3779,3779,0
24.954291469s,1.008690252s,0s,3778,3778,0
24.966924754s,1.259064592s,0s,3771,3771,0
25.043590045s,1.451848032s,0s,3772,3772,0
25.052205577s,1.164588376s,0s,3773,3773,0
25.319750982s,1.155321832s,0s,3774,3774,0
26.31894688s,1.395642799s,0s,3776,3776,0
23.317434915s,1.038117023s,0s,3782,3782,0
24.237493735s,1.448189234s,0s,3788,3788,0
25.23772045s,1.28935872s,0s,3789,3789,0
25.292325407s,1.240874433s,0s,3786,3786,0
25.302982423s,1.089334064s,0s,3785,3785,0
25.817936553s,1.399793911s,0s,3783,3783,0
26.508280036s,1.341573881s,0s,3790,3790,0
26.87116572s,1.25010545s,0s,3781,3781,0
27.385932988s,1.160561465s,0s,3784,3784,0
27.598764188s,1.424968016s,0s,3787,3787,0
24.777878174s,1.039515145s,0s,3793,3793,0
24.969619709s,1.41005054s,0s,3800,3800,0
25.022270305s,1.146028343s,0s,3792,3792,0
25.234058451s,1.34440681s,0s,3796,3796,0
25.36677703s,1.141767269s,0s,3798,3798,0
25.382339311s,1.466725235s,0s,3791,3791,0
25.923293763s,1.459228768s,0s,3797,3797,0
26.057123766s,1.389825352s,0s,3799,3799,0
26.435023733s,1.355637019s,0s,3795,3795,0
26.946549316s,1.463518065s,0s,3794,3794,0
23.582145462s,1.31449444s,0s,3808,3808,0
23.639041693s,1.130428321s,0s,3803,3803,0
23.939400805s,1.278071741s,0s,3801,3801,0
24.358320253s,1.280309835s,0s,3807,3807,0
24.486855221s,1.184819439s,0s,3809,3809,0
24.498577851s,1.156582994s,0s,3805,3805,0
25.342561995s,1.353761882s,0s,3806,3806,0
25.435219047s,1.071136177s,0s,3810,3810,0
25.843202915s,1.433313705s,0s,3802,3802,0
27.200306334s,1.386965088s,0s,3804,3804,0
23.411410609s,1.113667728s,0s,3811,3811,0
23.492957869s,1.061154683s,0s,3815,3815,0
23.812848378s,1.383856449s,0s,3813,3813,0
24.110664139s,1.238325165s,0s,3820,3820,0
24.438390119s,1.126850488s,0s,3816,3816,0
24.45102178s,1.486268112s,0s,3812,3812,0
24.91487849s,1.09242701s,0s,3818,3818,0
25.233055859s,1.467023953s,0s,3817,3817,0
25.493916025s,1.269538285s,0s,3819,3819,0
25.56343528s,1.181071423s,0s,3814,3814,0
23.376017201s,1.095824379s,0s,3822,3822,0
23.819882831s,1.285945929s,0s,3825,3825,0
24.156814783s,1.487475406s,0s,3826,3826,0
24.782872966s,1.0776316s,0s,3830,3830,0
25.215887086s,1.222364607s,0s,3829,3829,0
25.467754881s,1.073351715s,0s,3824,3824,0
25.517289218s,1.238646567s,0s,3827,3827,0
25.686514088s,1.331120376s,0s,3828,3828,0
25.818267388s,1.151077409s,0s,3821,3821,0
26.10499185s,1.062101492s,0s,3823,3823,0
23.277917394s,1.28189471s,0s,3835,3835,0
23.382593763s,1.086296391s,0s,3833,3833,0
23.777469065s,1.357690312s,0s,3832,3832,0
24.074332496s,1.38692303s,0s,3831,3831,0
24.102020469s,1.336394188s,0s,3839,3839,0
24.167666148s,1.409031871s,0s,3834,3834,0
24.792777643s,1.294110432s,0s,3838,3838,0
25.037671761s,1.011741912s,0s,3836,3836,0
25.520704596s,1.073058762s,0s,3837,3837,0
26.12935284s,1.10156339s,0s,3840,3840,0
23.464075824s,1.429350068s,0s,3846,3846,0
24.477656191s,1.05813797s,0s,3843,3843,0
24.65239004s,1.11407993s,0s,3841,3841,0
24.947120126s,1.063370826s,0s,3847,3847,0
25.031798218s,1.330839806s,0s,3842,3842,0
25.126399542s,1.423081842s,0s,3850,3850,0
25.415135289s,1.086889739s,0s,3845,3845,0
25.475767264s,1.278609636s,0s,3849,3849,0
25.81568218s,1.066670762s,0s,3844,3844,0
26.887655259s,1.16831995s,0s,3848,3848,0
24.526604965s,1.070996969s,0s,3855,3855,0
24.624299811s,1.141190619s,0s,3851,3851,0
24.651894998s,1.175657695s,0s,3860,3860,0
25.195974317s,1.001721859s,0s,3854,3854,0
25.37775953s,1.321362545s,0s,3853,3853,0
25.457512864s,1.199949126s,0s,3852,3852,0
25.466148457s,1.276117425s,0s,3857,3857,0
25.572716607s,1.452618347s,0s,3859,3859,0
25.607321725s,1.469790338s,0s,3856,3856,0
25.987204288s,1.154428282s,0s,3858,3858,0
23.02795429s,1.352609011s,0s,3870,3870,0
23.868203969s,1.194658592s,0s,3862,3862,0
24.405297172s,1.145393067s,0s,3868,3868,0
25.119467427s,1.029104396s,0s,3863,3863,0
25.237123971s,1.354897169s,0s,3867,3867,0
25.31469267s,1.238053633s,0s,3866,3866,0
25.41044133s,1.398048346s,0s,3869,3869,0
25.874570937s,1.214930948s,0s,3864,3864,0
25.977161665s,1.318356404s,0s,3861,3861,0
26.459021831s,1.413303595s,0s,3865,3865,0
24.369625098s,1.456707952s,0s,3876,3876,0
24.9549217s,1.430509764s,0s,3873,3873,0
25.190660316s,1.175634271s,0s,3878,3878,0
25.305346149s,1.239061855s,0s,3879,3879,0
25.578664267s,1.141204747s,0s,3877,3877,0
25.644334681s,1.15741509s,0s,3874,3874,0
25.704074763s,1.209910946s,0s,3871,3871,0
25.945748979s,1.136049452s,0s,3872,3872,0
26.81493064s,1.482946342s,0s,3875,3875,0
27.106902102s,1.014731185s,0s,3880,3880,0
24.120448452s,1.029647625s,0s,3889,3889,0
24.961421901s,1.140300552s,0s,3886,3886,0
25.184334366s,1.036884859s,0s,3881,3881,0
25.342104769s,1.29581124s,0s,3887,3887,0
25.418736098s,1.414338609s,0s,3884,3884,0
25.527464958s,1.47061017s,0s,3890,3890,0
25.82033575s,1.009392881s,0s,3882,3882,0
26.698677595s,1.110110356s,0s,3883,3883,0
26.738283567s,1.299068063s,0s,3885,3885,0
27.103023804s,1.255606179s,0s,3888,3888,0
23.828429748s,1.126589119s,0s,3894,3894,0
23.900123167s,1.196073162s,0s,3893,3893,0
24.194064718s,1.421785361s,0s,3899,3899,0
25.194651247s,1.156799606s,0s,3895,3895,0
25.660695228s,1.267580807s,0s,3898,3898,0
25.829477953s,1.304496847s,0s,3896,3896,0
26.225413277s,1.466045097s,0s,3900,3900,0
26.567831332s,1.035112046s,0s,3892,3892,0
26.644626007s,1.220297021s,0s,3891,3891,0
26.799320998s,1.085313075s,0s,3897,3897,0
23.888571111s,1.123069071s,0s,3908,3908,0
24.073327346s,1.092887984s,0s,3907,3907,0
24.095982874s,1.276870506s,0s,3906,3906,0
24.448810613s,1.290032204s,0s,3901,3901,0
25.376079345s,1.180282224s,0s,3909,3909,0
26.104303421s,1.376323609s,0s,3905,3905,0
26.235067527s,1.469850618s,0s,3902,3902,0
26.327789784s,1.123076178s,0s,3903,3903,0
26.338434111s,1.218566924s,0s,3910,3910,0
26.421004047s,1.391588462s,0s,3904,3904,0
23.46642391s,1.252139138s,0s,3914,3914,0
24.060599736s,1.21668748s,0s,3911,3911,0
24.440607808s,1.065175995s,0s,3912,3912,0
24.760523612s,1.146448008s,0s,3918,3918,0
25.186460936s,1.247979607s,0s,3917,3917,0
25.247059705s,1.332612618s,0s,3919,3919,0
25.643977194s,1.402134951s,0s,3916,3916,0
26.021523982s,1.467420372s,0s,3920,3920,0
26.097133453s,1.289397583s,0s,3913,3913,0
26.356955601s,1.387871137s,0s,3915,3915,0
23.56014148s,1.00796552s,0s,3923,3923,0
23.757833611s,1.019189313s,0s,3928,3928,0
24.508572313s,1.415824782s,0s,3924,3924,0
24.881489373s,1.249074495s,0s,3930,3930,0
25.257533573s,1.08739129s,0s,3927,3927,0
25.523453526s,1.383362981s,0s,3929,3929,0
25.988571472s,1.458017813s,0s,3922,3922,0
26.217404032s,1.410613161s,0s,3926,3926,0
26.499165503s,1.152630511s,0s,3925,3925,0
26.735065687s,1.188892458s,0s,3921,3921,0
23.479803418s,1.156092432s,0s,3934,3934,0
23.658661631s,1.289567775s,0s,3932,3932,0
23.783260876s,1.074626459s,0s,3936,3936,0
24.180207023s,1.449515973s,0s,3935,3935,0
25.103832963s,1.017441853s,0s,3931,3931,0
25.29161526s,1.008146697s,0s,3937,3937,0
25.398151469s,1.381834415s,0s,3939,3939,0
25.532882785s,1.09687085s,0s,3940,3940,0
25.755822677s,1.414216693s,0s,3938,3938,0
27.657985348s,1.388018019s,0s,3933,3933,0
23.687846895s,1.191904251s,0s,3941,3941,0
24.208897981s,1.101621747s,0s,3943,3943,0
24.247551784s,1.059155986s,0s,3950,3950,0
24.491370335s,1.279883525s,0s,3942,3942,0
25.268787619s,1.393100031s,0s,3948,3948,0
25.381693647s,1.202097539s,0s,3949,3949,0
25.493417368s,1.440364802s,0s,3944,3944,0
26.122641977s,1.206340192s,0s,3946,3946,0
26.166229825s,1.27657818s,0s,3945,3945,0
26.478000652s,1.08739336s,0s,3947,3947,0
24.678109219s,1.221111506s,0s,3956,3956,0
25.043110039s,1.490781641s,0s,3951,3951,0
25.068786993s,1.148975485s,0s,3960,3960,0
25.182459038s,1.322734379s,0s,3958,3958,0
25.462303013s,1.262531851s,0s,3957,3957,0
25.565898639s,1.483567815s,0s,3954,3954,0
25.62771529s,1.476308545s,0s,3959,3959,0
25.920545029s,1.396022196s,0s,3953,3953,0
26.833896649s,1.224284887s,0s,3955,3955,0
27.174498507s,1.008612223s,0s,3952,3952,0
23.902542231s,1.490338475s,0s,3964,3964,0
24.049247142s,1.00409097s,0s,3962,3962,0
24.479255251s,1.451104571s,0s,3967,3967,0
24.608935187s,1.337793827s,0s,3961,3961,0
24.867697811s,1.078493163s,0s,3970,3970,0
25.269424382s,1.213984675s,0s,3965,3965,0
25.671349316s,1.019282873s,0s,3966,3966,0
25.780936509s,1.238272461s,0s,3969,3969,0
25.988781081s,1.303581422s,0s,3963,3963,0
26.244743661s,1.127673372s,0s,3968,3968,0
24.228072323s,1.447263514s,0s,3980,3980,0
24.477823324s,1.362371941s,0s,3977,3977,0
24.850506279s,1.19687907s,0s,3973,3973,0
25.265497208s,1.257038862s,0s,3974,3974,0
25.700104994s,1.408045753s,0s,3972,3972,0
25.915802159s,1.37556498s,0s,3978,3978,0
26.069501134s,1.148453816s,0s,3976,3976,0
26.493490432s,1.122210333s,0s,3971,3971,0
26.580185527s,1.180626186s,0s,3975,3975,0
26.629740898s,1.402844201s,0s,3979,3979,0
24.273710663s,1.455864228s,0s,3982,3982,0
24.33539691s,1.116048781s,0s,3985,3985,0
24.737147768s,1.307064586s,0s,3990,3990,0
24.898879104s,1.087834044s,0s,3986,3986,0
25.014538617s,1.35856075s,0s,3983,3983,0
25.035050062s,1.285577541s,0s,3987,3987,0
25.423840456s,1.302864489s,0s,3981,3981,0
25.528491665s,1.237379289s,0s,3984,3984,0
25.646234076s,1.000553031s,0s,3989,3989,0
27.194243645s,1.328344942s,0s,3988,3988,0
23.378713087s,1.222362007s,0s,3996,3996,0
23.429413498s,1.390098182s,0s,3993,3993,0
24.07820226s,1.119853617s,0s,3999,3999,0
24.081722605s,1.201057592s,0s,3995,3995,0
24.263364297s,1.298885572s,0s,4000,4000,0
24.823373398s,1.022134267s,0s,3991,3991,0
24.921021703s,1.092630149s,0s,3998,3998,0
25.443170228s,1.425287258s,0s,3992,3992,0
25.452737613s,1.060392445s,0s,3994,3994,0
25.772566483s,1.233634392s,0s,3997,3997,0
23.823537922s,1.493329641s,0s,4003,4003,0
23.913504319s,1.003121116s,0s,4007,4007,0
25.148157233s,1.253317547s,0s,4001,4001,0
25.434895958s,1.110839114s,0s,4004,4004,0
25.541514632s,1.374837531s,0s,4006,4006,0
25.780355627s,1.078582525s,0s,4009,4009,0
25.826999691s,1.236028133s,0s,4008,4008,0
25.934723266s,1.054392303s,0s,4010,4010,0
25.968379432s,1.301523467s,0s,4005,4005,0
27.170920414s,1.435074584s,0s,4002,4002,0
23.426953788s,1.05331921s,0s,4015,4015,0
24.117157091s,1.329825452s,0s,4014,4014,0
24.735172335s,1.194110831s,0s,4020,4020,0
25.252311095s,1.428113155s,0s,4016,4016,0
25.291968941s,1.010141155s,0s,4012,4012,0
25.436709863s,1.188971823s,0s,4017,4017,0
25.499351429s,1.264315191s,0s,4013,4013,0
26.204276376s,1.317554839s,0s,4019,4019,0
26.344962333s,1.163580429s,0s,4018,4018,0
26.396563775s,1.479369414s,0s,4011,4011,0
24.27732726s,1.119206478s,0s,4026,4026,0
24.413037607s,1.071038969s,0s,4024,4024,0
24.5752723s,1.382599903s,0s,4030,4030,0
24.81104844s,1.004799405s,0s,4025,4025,0
25.079946163s,1.241059598s,0s,4029,4029,0
25.677033522s,1.260269899s,0s,4028,4028,0
25.836701893s,1.452029009s,0s,4021,4021,0
26.058274865s,1.209507441s,0s,4023,4023,0
26.269060278s,1.235769757s,0s,4022,4022,0
26.907127851s,1.427808886s,0s,4027,4027,0
24.188996481s,1.089645123s,0s,4039,4039,0
24.206690041s,1.387979754s,0s,4040,4040,0
24.407463207s,1.267165572s,0s,4031,4031,0
25.144770876s,1.479436111s,0s,4035,4035,0
25.150425701s,1.029117073s,0s,4034,4034,0
25.393228887s,1.037330753s,0s,4033,4033,0
25.394719688s,1.370713999s,0s,4032,4032,0
25.655514427s,1.33045559s,0s,4036,4036,0
25.81121656s,1.391109083s,0s,4037,4037,0
25.880901243s,1.126917594s,0s,4038,4038,0
23.719551623s,1.359897973s,0s,4042,4042,0
24.371607464s,1.112449675s,0s,4044,4044,0
24.427333921s,1.130644592s,0s,4049,4049,0
24.787416694s,1.16193709s,0s,4043,4043,0
25.314744053s,1.303715001s,0s,4047,4047,0
25.738461704s,1.206446786s,0s,4045,4045,0
25.926231276s,1.2042969s,0s,4041,4041,0
26.142000887s,1.177046278s,0s,4048,4048,0
27.051540129s,1.097196602s,0s,4046,4046,0
27.398186629s,1.395076758s,0s,4050,4050,0
23.974106379s,1.377812297s,0s,4056,4056,0
24.031735459s,1.117850515s,0s,4054,4054,0
24.039490523s,1.385031447s,0s,4055,4055,0
24.252261656s,1.187084944s,0s,4053,4053,0
24.792086368s,1.30159322s,0s,4058,4058,0
25.056872003s,1.063367907s,0s,4052,4052,0
25.831257262s,1.072601136s,0s,4051,4051,0
25.862879963s,1.438255281s,0s,4057,4057,0
26.249665118s,1.295392755s,0s,4059,4059,0
26.338376705s,1.012102098s,0s,4060,4060,0
23.777138865s,1.050022701s,0s,4064,4064,0
24.279271844s,1.438555445s,0s,4069,4069,0
24.409991046s,1.013607873s,0s,4067,4067,0
25.228490605s,1.08922814s,0s,4066,4066,0
25.580437686s,1.436404618s,0s,4063,4063,0
25.650084696s,1.009426878s,0s,4065,4065,0
25.901895164s,1.362856001s,0s,4070,4070,0
25.959581888s,1.02891698s,0s,4062,4062,0
26.599047373s,1.412076716s,0s,4068,4068,0
26.801801332s,1.257552082s,0s,4061,4061,0
23.569632266s,1.129835687s,0s,4076,4076,0
24.19079191s,1.418029413s,0s,4075,4075,0
24.356567919s,1.073944474s,0s,4078,4078,0
24.762439176s,1.094098192s,0s,4077,4077,0
24.836045687s,1.445273297s,0s,4074,4074,0
25.29588022s,1.14705516s,0s,4073,4073,0
26.116383064s,1.379529997s,0s,4080,4080,0
26.357744415s,1.313310906s,0s,4072,4072,0
26.691595447s,1.393828597s,0s,4079,4079,0
26.814178699s,1.010693691s,0s,4071,4071,0
23.529269454s,1.146592069s,0s,4086,4086,0
24.526670538s,1.494277407s,0s,4082,4082,0
24.777454152s,1.431855933s,0s,4089,4089,0
25.217372619s,1.122408422s,0s,4084,4084,0
25.692319247s,1.297097883s,0s,4090,4090,0
25.700022124s,1.387602103s,0s,4085,4085,0
25.778707015s,1.455050717s,0s,4083,4083,0
26.28068812s,1.287971696s,0s,4088,4088,0
26.43643065s,1.06712818s,0s,4087,4087,0
26.489087461s,1.36837709s,0s,4081,4081,0
24.241796227s,1.099132767s,0s,4091,4091,0
24.293339561s,1.395068876s,0s,4099,4099,0
24.433882505s,1.338293697s,0s,4097,4097,0
25.137156998s,1.365547721s,0s,4092,4092,0
25.505896331s,1.209806004s,0s,4100,4100,0
25.595541695s,1.196376435s,0s,4095,4095,0
26.009517959s,1.384775259s,0s,4094,4094,0
26.06014841s,1.014886744s,0s,4098,4098,0
26.300080209s,1.272093981s,0s,4096,4096,0
27.072350626s,1.205603382s,0s,4093,4093,0
24.187139051s,1.244603396s,0s,4107,4107,0
24.232778464s,1.28746006s,0s,4101,4101,0
24.873858531s,1.317689675s,0s,4110,4110,0
24.99253528s,1.247811997s,0s,4103,4103,0
25.063226971s,1.344945779s,0s,4108,4108,0
25.196823075s,1.454369757s,0s,4109,4109,0
25.45066126s,1.379129171s,0s,4104,4104,0
26.032340278s,1.265078419s,0s,4102,4102,0
26.772544286s,1.039061833s,0s,4106,4106,0
27.251451177s,1.083288603s,0s,4105,4105,0
23.322986348s,1.237896337s,0s,4118,4118,0
24.048806995s,1.106390393s,0s,4111,4111,0
24.222361882s,1.402854876s,0s,4119,4119,0
24.415149092s,1.495311283s,0s,4114,4114,0
25.924513057s,1.11958438s,0s,4113,4113,0
25.982109803s,1.331274139s,0s,4112,4112,0
26.366177296s,1.31806481s,0s,4120,4120,0
26.402884236s,1.373511724s,0s,4115,4115,0
26.471519363s,1.446053548s,0s,4116,4116,0
26.945181806s,1.056132356s,0s,4117,4117,0
23.421341338s,1.481334512s,0s,4122,4122,0
23.558974956s,1.011084548s,0s,4128,4128,0
24.324233146s,1.224738325s,0s,4126,4126,0
24.869147934s,1.246044063s,0s,4130,4130,0
25.600013271s,1.207444831s,0s,4121,4121,0
25.647617804s,1.444091414s,0s,4123,4123,0
25.665256389s,1.325744858s,0s,4124,4124,0
25.720050994s,1.481326956s,0s,4129,4129,0
26.141720384s,1.290548368s,0s,4127,4127,0
26.186300088s,1.268282534s,0s,4125,4125,0
23.548552273s,1.434421252s,0s,4138,4138,0
24.068686304s,1.313148655s,0s,4140,4140,0
24.236321881s,1.027968738s,0s,4135,4135,0
24.393966276s,1.333836011s,0s,4132,4132,0
24.589685562s,1.317400395s,0s,4131,4131,0
24.930648183s,1.016590553s,0s,4137,4137,0
25.14537532s,1.321590874s,0s,4139,4139,0
25.494921965s,1.485923778s,0s,4134,4134,0
26.146834284s,1.418123625s,0s,4133,4133,0
26.27182369s,1.445664594s,0s,4136,4136,0
24.284167014s,1.164404001s,0s,4142,4142,0
24.675143796s,1.420861411s,0s,4146,4146,0
24.873885317s,1.127163051s,0s,4147,4147,0
25.419464587s,1.230858837s,0s,4144,4144,0
25.453164109s,1.386399669s,0s,4143,4143,0
25.566769113s,1.434120749s,0s,4145,4145,0
25.642499125s,1.174602829s,0s,4149,4149,0
25.957486687s,1.236063389s,0s,4150,4150,0
26.238208857s,1.399622731s,0s,4141,4141,0
26.786195129s,1.236057247s,0s,4148,4148,0
22.823941999s,1.141007185s,0s,4154,4154,0
23.222983001s,1.136733651s,0s,4151,4151,0
23.702968693s,1.148217369s,0s,4152,4152,0
24.612355899s,1.109551565s,0s,4156,4156,0
24.624920183s,1.340045181s,0s,4153,4153,0
24.957702492s,1.141002418s,0s,4157,4157,0
24.984223827s,1.250725799s,0s,4158,4158,0
25.617077855s,1.4082965s,0s,4159,4159,0
25.688762374s,1.078296244s,0s,4160,4160,0
26.203948234s,1.187492409s,0s,4155,4155,0
23.853516996s,1.436081692s,0s,4165,4165,0
25.305672866s,1.097575363s,0s,4163,4163,0
25.497341736s,1.389552971s,0s,4167,4167,0
25.837219406s,1.272956751s,0s,4170,4170,0
25.936760413s,1.452344058s,0s,4166,4166,0
25.966278307s,1.217665684s,0s,4168,4168,0
26.051947929s,1.376315934s,0s,4162,4162,0
26.462311393s,1.106804233s,0s,4164,4164,0
27.159652255s,1.427854694s,0s,4161,4161,0
27.344374154s,1.353079908s,0s,4169,4169,0
24.270622096s,1.497260546s,0s,4177,4177,0
24.475226797s,1.181806837s,0s,4178,4178,0
24.617917205s,1.003071245s,0s,4171,4171,0
24.968512338s,1.341301787s,0s,4179,4179,0
25.252291883s,1.464011622s,0s,4173,4173,0
25.469080199s,1.149389772s,0s,4176,4176,0
25.692812069s,1.346493211s,0s,4172,4172,0
25.90989548s,1.351751155s,0s,4175,4175,0
26.673138371s,1.335025714s,0s,4174,4174,0
26.683803617s,1.169579658s,0s,4180,4180,0
23.254480797s,1.423066961s,0s,4182,4182,0
25.214076265s,1.276789807s,0s,4187,4187,0
25.55689237s,1.437282942s,0s,4189,4189,0
25.606416073s,1.19930166s,0s,4188,4188,0
25.765223022s,1.492956609s,0s,4185,4185,0
26.271288072s,1.049807899s,0s,4181,4181,0
26.30989047s,1.187082337s,0s,4190,4190,0
26.37934256s,1.202546488s,0s,4186,4186,0
26.423009456s,1.47968706s,0s,4183,4183,0
26.466620178s,1.451492937s,0s,4184,4184,0
23.951914563s,1.027245571s,0s,4192,4192,0
24.323702722s,1.491630682s,0s,4191,4191,0
24.603515919s,1.040554334s,0s,4194,4194,0
25.23140295s,1.387251899s,0s,4195,4195,0
25.386081082s,1.365051514s,0s,4200,4200,0
25.417649134s,1.345753976s,0s,4199,4199,0
25.681314066s,1.23428266s,0s,4196,4196,0
26.292856293s,1.278525578s,0s,4198,4198,0
26.459546663s,1.065753422s,0s,4197,4197,0
26.904562529s,1.192096607s,0s,4193,4193,0
23.774723137s,1.457029576s,0s,4210,4210,0
23.871926415s,1.457023624s,0s,4201,4201,0
23.876602905s,1.220089677s,0s,4203,4203,0
24.013295909s,1.166907119s,0s,4204,4204,0
24.7825264s,1.412830286s,0s,4202,4202,0
24.888180229s,1.042363842s,0s,4208,4208,0
25.704268044s,1.015099311s,0s,4205,4205,0
25.790970066s,1.327375649s,0s,4209,4209,0
26.313840596s,1.358576804s,0s,4207,4207,0
26.367424942s,1.053596798s,0s,4206,4206,0
23.636395616s,1.048408294s,0s,4211,4211,0
24.504166035s,1.133387482s,0s,4217,4217,0
24.737344574s,1.060636817s,0s,4220,4220,0
25.303380614s,1.182615279s,0s,4214,4214,0
25.54122525s,1.44948365s,0s,4219,4219,0
26.063229435s,1.276097655s,0s,4215,4215,0
26.321961427s,1.202873762s,0s,4216,4216,0
26.475698735s,1.101104458s,0s,4212,4212,0
26.491323472s,1.077865883s,0s,4218,4218,0
26.938284828s,1.030105243s,0s,4213,4213,0
24.377603733s,1.192150256s,0s,4227,4227,0
24.408144616s,1.215391915s,0s,4222,4222,0
24.637918488s,1.260627563s,0s,4229,4229,0
24.835639529s,1.29193684s,0s,4226,4226,0
24.938190326s,1.03257809s,0s,4224,4224,0
25.103032911s,1.094900868s,0s,4223,4223,0
25.890927728s,1.460624473s,0s,4221,4221,0
26.374907068s,1.465917508s,0s,4225,4225,0
26.647821319s,1.39435005s,0s,4228,4228,0
27.410002306s,1.387140676s,0s,4230,4230,0
23.222889595s,1.338144877s,0s,4239,4239,0
23.84102407s,1.068107291s,0s,4235,4235,0
24.347154749s,1.183441773s,0s,4233,4233,0
24.603987235s,1.210028666s,0s,4234,4234,0
24.950105924s,1.244552541s,0s,4240,4240,0
25.509280794s,1.408650266s,0s,4231,4231,0
26.397996305s,1.286773885s,0s,4238,4238,0
26.40165024s,1.205738138s,0s,4237,4237,0
26.780578181s,1.387405241s,0s,4232,4232,0
27.169432342s,1.295985382s,0s,4236,4236,0
24.078609787s,1.229259602s,0s,4247,4247,0
24.302317016s,1.206058409s,0s,4243,4243,0
24.423019226s,1.067701598s,0s,4245,4245,0
24.452729249s,1.467632407s,0s,4241,4241,0
24.475293646s,1.263498038s,0s,4244,4244,0
25.428420022s,1.404413632s,0s,4242,4242,0
25.721228095s,1.381129688s,0s,4246,4246,0
25.934036668s,1.484877487s,0s,4248,4248,0
26.376895381s,1.298986349s,0s,4249,4249,0
26.818033193s,1.27472041s,0s,4250,4250,0
24.661428567s,1.078334627s,0s,4257,4257,0
24.995323949s,1.460793172s,0s,4252,4252,0
25.100150648s,1.21392992s,0s,4259,4259,0
25.19195039s,1.065119323s,0s,4258,4258,0
25.518816625s,1.440404803s,0s,4254,4254,0
26.11191006s,1.104582231s,0s,4251,4251,0
26.526803113s,1.489115596s,0s,4256,4256,0
26.588529065s,1.461945958s,0s,4253,4253,0
26.871369799s,1.227072186s,0s,4260,4260,0
27.346494958s,1.455618888s,0s,4255,4255,0
22.878360296s,1.167664256s,0s,4264,4264,0
24.000025073s,1.176967071s,0s,4268,4268,0
24.004657395s,1.266133244s,0s,4261,4261,0
24.280196092s,1.271366011s,0s,4262,4262,0
24.438979897s,1.094356754s,0s,4265,4265,0
24.439081782s,1.349847184s,0s,4270,4270,0
24.645146625s,1.434082032s,0s,4269,4269,0
24.902997357s,1.018072455s,0s,4267,4267,0
25.094780425s,1.456404558s,0s,4263,4263,0
25.664502018s,1.295586345s,0s,4266,4266,0
24.244873096s,1.379266346s,0s,4280,4280,0
24.451547446s,1.10238514s,0s,4272,4272,0
25.067822149s,1.464484834s,0s,4271,4271,0
25.412408145s,1.326624898s,0s,4278,4278,0
26.017509971s,1.078145864s,0s,4273,4273,0
26.128151215s,1.154568068s,0s,4279,4279,0
26.342498433s,1.479701394s,0s,4275,4275,0
26.476232134s,1.29645823s,0s,4277,4277,0
26.83922052s,1.343042214s,0s,4274,4274,0
26.92384318s,1.329857531s,0s,4276,4276,0
24.397017074s,1.339730958s,0s,4282,4282,0
24.586783453s,1.481359247s,0s,4281,4281,0
24.654450372s,1.438366021s,0s,4284,4284,0
24.756116731s,1.257208259s,0s,4288,4288,0
24.934861524s,1.386941301s,0s,4289,4289,0
25.001423776s,1.269447763s,0s,4283,4283,0
25.719541348s,1.476853179s,0s,4286,4286,0
26.052457042s,1.479105255s,0s,4285,4285,0
26.259181891s,1.454622094s,0s,4290,4290,0
27.149635729s,1.429095226s,0s,4287,4287,0
24.013763574s,1.491273946s,0s,4291,4291,0
24.461701766s,1.036546174s,0s,4295,4295,0
24.583339302s,1.420453644s,0s,4292,4292,0
24.605053067s,1.268959305s,0s,4294,4294,0
24.978032601s,1.176608471s,0s,4300,4300,0
25.274860401s,1.408167594s,0s,4293,4293,0
25.742924691s,1.113351399s,0s,4297,4297,0
26.125935668s,1.486047048s,0s,4296,4296,0
26.427474764s,1.493489371s,0s,4299,4299,0
26.560117737s,1.439702005s,0s,4298,4298,0
23.876963262s,1.056744538s,0s,4309,4309,0
24.29182119s,1.368885812s,0s,4302,4302,0
24.587585652s,1.355663169s,0s,4306,4306,0
24.676471639s,1.239042226s,0s,4308,4308,0
24.721068703s,1.138077854s,0s,4307,4307,0
25.137090552s,1.194650653s,0s,4305,4305,0
25.509867399s,1.293282976s,0s,4303,4303,0
25.996493749s,1.44610723s,0s,4304,4304,0
26.069203025s,1.203879242s,0s,4310,4310,0
26.611200893s,1.161272889s,0s,4301,4301,0
23.609214302s,1.48399905s,0s,4311,4311,0
24.050780225s,1.225804563s,0s,4314,4314,0
24.221552118s,1.453521084s,0s,4318,4318,0
24.277309638s,1.342059885s,0s,4320,4320,0
24.549110773s,1.106361777s,0s,4313,4313,0
25.158864071s,1.039126174s,0s,4316,4316,0
25.321564486s,1.363230466s,0s,4317,4317,0
25.522208096s,1.163597058s,0s,4319,4319,0
27.181168274s,1.493103971s,0s,4315,4315,0
27.382024996s,1.454638068s,0s,4312,4312,0
24.354826813s,1.213868767s,0s,4325,4325,0
24.443347711s,1.029334522s,0s,4323,4323,0
24.704035382s,1.278447238s,0s,4322,4322,0
24.917726027s,1.272210874s,0s,4326,4326,0
25.277661657s,1.198630289s,0s,4324,4324,0
25.961947306s,1.343082318s,0s,4321,4321,0
26.179732118s,1.233025499s,0s,4329,4329,0
26.289464711s,1.024152408s,0s,4328,4328,0
26.70905438s,1.325863921s,0s,4330,4330,0
27.111957275s,1.287604613s,0s,4327,4327,0
24.082821984s,1.035042051s,0s,4338,4338,0
24.508617226s,1.259850023s,0s,4333,4333,0
24.590906636s,1.388579064s,0s,4332,4332,0
24.666554842s,1.471030373s,0s,4339,4339,0
24.837137871s,1.229636276s,0s,4336,4336,0
24.838778766s,1.453859759s,0s,4337,4337,0
24.95439474s,1.063270016s,0s,4340,4340,0
25.106116761s,1.33907063s,0s,4335,4335,0
26.64824553s,1.359305221s,0s,4331,4331,0
27.225453765s,1.034984379s,0s,4334,4334,0
22.954788656s,1.011118087s,0s,4341,4341,0
24.359692733s,1.313304328s,0s,4349,4349,0
24.621483344s,1.152463923s,0s,4346,4346,0
24.676252329s,1.351561969s,0s,4342,4342,0
24.907368551s,1.263778918s,0s,4350,4350,0
25.051158174s,1.374025911s,0s,4343,4343,0
25.211009814s,1.274062253s,0s,4344,4344,0
25.336778212s,1.397227515s,0s,4345,4345,0
25.985706088s,1.430471194s,0s,4348,4348,0
26.384368502s,1.371779728s,0s,4347,4347,0
23.844005293s,1.129365613s,0s,4360,4360,0
24.128845201s,1.427991774s,0s,4355,4355,0
24.629435566s,1.210591716s,0s,4357,4357,0
24.860220738s,1.380801366s,0s,4353,4353,0
25.056960025s,1.338328211s,0s,4356,4356,0
25.186562058s,1.102117409s,0s,4354,4354,0
25.348387895s,1.450248952s,0s,4359,4359,0
25.565173256s,1.311071944s,0s,4351,4351,0
25.823053911s,1.270872825s,0s,4358,4358,0
27.129093715s,1.352519616s,0s,4352,4352,0
24.371016894s,1.000115696s,0s,4364,4364,0
24.740838136s,1.188928214s,0s,4362,4362,0
25.458159416s,1.244062491s,0s,4367,4367,0
25.773831192s,1.450057564s,0s,4366,4366,0
25.86955344s,1.02436618s,0s,4361,4361,0
26.130376071s,1.264356939s,0s,4365,4365,0
26.301129622s,1.474338381s,0s,4369,4369,0
26.600048421s,1.081572329s,0s,4363,4363,0
26.65268899s,1.29060501s,0s,4370,4370,0
26.930492683s,1.435931652s,0s,4368,4368,0
24.092181134s,1.176609382s,0s,4373,4373,0
24.098834854s,1.406329047s,0s,4380,4380,0
24.540685054s,1.039129374s,0s,4371,4371,0
24.862549183s,1.403081136s,0s,4374,4374,0
24.874065759s,1.377880945s,0s,4377,4377,0
25.436198681s,1.284035718s,0s,4372,4372,0
25.439816453s,1.300303917s,0s,4378,4378,0
25.476495245s,1.128412185s,0s,4376,4376,0
25.726316764s,1.357624105s,0s,4379,4379,0
25.763938451s,1.193859061s,0s,4375,4375,0
23.459634606s,1.365872257s,0s,4386,4386,0
23.497317369s,1.246213791s,0s,4390,4390,0
23.900279029s,1.402262362s,0s,4387,4387,0
24.489377805s,1.084044002s,0s,4384,4384,0
25.095623425s,1.303410494s,0s,4388,4388,0
25.177237282s,1.342654498s,0s,4382,4382,0
25.241898474s,1.06483384s,0s,4389,4389,0
25.701547497s,1.464499918s,0s,4383,4383,0
26.322194772s,1.232970206s,0s,4381,4381,0
26.610066869s,1.38004127s,0s,4385,4385,0
24.314222157s,1.477263813s,0s,4395,4395,0
24.725832652s,1.33063042s,0s,4398,4398,0
24.918604021s,1.1968603s,0s,4399,4399,0
25.053266047s,1.218160593s,0s,4397,4397,0
25.12789227s,1.407056028s,0s,4396,4396,0
25.571940197s,1.364833845s,0s,4394,4394,0
25.624583955s,1.295403503s,0s,4400,4400,0
26.089536039s,1.174642196s,0s,4393,4393,0
26.497391467s,1.108402827s,0s,4392,4392,0
26.853202326s,1.094132217s,0s,4391,4391,0
23.339312415s,1.179326945s,0s,4407,4407,0
23.91650167s,1.216534671s,0s,4403,4403,0
24.658675623s,1.009424354s,0s,4401,4401,0
24.826913373s,1.105743782s,0s,4404,4404,0
25.368075444s,1.336291014s,0s,4405,4405,0
25.506827669s,1.458606288s,0s,4402,4402,0
25.624559245s,1.228731139s,0s,4408,4408,0
25.707145681s,1.270993551s,0s,4406,4406,0
26.174226839s,1.113051004s,0s,4410,4410,0
26.890433675s,1.470790493s,0s,4409,4409,0
24.618360115s,1.00538899s,0s,4411,4411,0
24.823977176s,1.355099501s,0s,4420,4420,0
24.902659739s,1.017647975s,0s,4412,4412,0
25.337665137s,1.280834651s,0s,4415,4415,0
25.612484831s,1.038897752s,0s,4413,4413,0
25.723241748s,1.002142856s,0s,4417,4417,0
25.734871288s,1.387348141s,0s,4414,4414,0
26.048309643s,1.07504055s,0s,4418,4418,0
26.383128855s,1.198646793s,0s,4416,4416,0
26.661032146s,1.175408241s,0s,4419,4419,0
23.923859169s,1.377451026s,0s,4421,4421,0
24.180765078s,1.127662065s,0s,4429,4429,0
24.426573225s,1.441993601s,0s,4427,4427,0
24.47214665s,1.401613019s,0s,4423,4423,0
25.016225852s,1.405828207s,0s,4424,4424,0
25.296122517s,1.113449802s,0s,4430,4430,0
25.526677058s,1.275169454s,0s,4425,4425,0
26.35104284s,1.062192601s,0s,4426,4426,0
27.190233208s,1.230982381s,0s,4428,4428,0
27.614942883s,1.482320839s,0s,4422,4422,0
23.380647225s,1.181735201s,0s,4438,4438,0
24.181260656s,1.414759336s,0s,4433,4433,0
24.504117222s,1.304209847s,0s,4431,4431,0
24.65083137s,1.115480201s,0s,4434,4434,0
25.022809912s,1.458109975s,0s,4435,4435,0
25.258584839s,1.10119424s,0s,4436,4436,0
25.47033057s,1.377531286s,0s,4432,4432,0
25.603990172s,1.487335222s,0s,4437,4437,0
25.62163386s,1.296020567s,0s,4440,4440,0
26.743108907s,1.442969745s,0s,4439,4439,0
23.463365094s,1.04313454s,0s,4442,4442,0
23.870285386s,1.169619926s,0s,4446,4446,0
24.033020264s,1.365016954s,0s,4445,4445,0
24.0596557s,1.268290346s,0s,4441,4441,0
24.587330954s,1.287504497s,0s,4444,4444,0
24.843871817s,1.183879245s,0s,4449,4449,0
25.314856409s,1.395194128s,0s,4447,4447,0
25.825039218s,1.244046101s,0s,4448,4448,0
26.234079168s,1.350791243s,0s,4450,4450,0
26.893944925s,1.122428328s,0s,4443,4443,0
23.527238015s,1.22960223s,0s,4459,4459,0
24.33168983s,1.490355992s,0s,4458,4458,0
25.23808852s,1.18911322s,0s,4455,4455,0
25.427931283s,1.09570869s,0s,4454,4454,0
25.509545381s,1.012108957s,0s,4451,4451,0
25.882536072s,1.106903356s,0s,4452,4452,0
25.931186683s,1.209327068s,0s,4457,4457,0
26.169072442s,1.433949691s,0s,4456,4456,0
26.558066719s,1.479198203s,0s,4460,4460,0
27.066660855s,1.088383798s,0s,4453,4453,0
23.409276587s,1.053242692s,0s,4463,4463,0
23.796112481s,1.07309801s,0s,4470,4470,0
24.024771476s,1.011969024s,0s,4466,4466,0
24.271702165s,1.054345506s,0s,4464,4464,0
24.663617366s,1.274553393s,0s,4467,4467,0
25.498915638s,1.377115373s,0s,4462,4462,0
25.548488584s,1.379266661s,0s,4469,4469,0
25.820306643s,1.004700504s,0s,4465,4465,0
26.14372738s,1.366952035s,0s,4468,4468,0
26.381559617s,1.275684543s,0s,4461,4461,0
24.064449693s,1.099320469s,0s,4477,4477,0
24.204563326s,1.497343581s,0s,4473,4473,0
24.422434803s,1.224334206s,0s,4474,4474,0
25.143213688s,1.350613294s,0s,4471,4471,0
25.250872012s,1.073118591s,0s,4475,4475,0
25.372629161s,1.402872071s,0s,4478,4478,0
25.770327952s,1.462050357s,0s,4476,4476,0
25.8039148s,1.11879406s,0s,4479,4479,0
25.827509133s,1.14807207s,0s,4480,4480,0
26.19537187s,1.116556596s,0s,4472,4472,0
23.885496046s,1.303358291s,0s,4481,4481,0
25.028109237s,1.191446096s,0s,4484,4484,0
25.159801567s,1.31361583s,0s,4490,4490,0
25.379518603s,1.21262986s,0s,4488,4488,0
25.403226453s,1.453101616s,0s,4489,4489,0
25.930248242s,1.254077678s,0s,4483,4483,0
25.995872445s,1.081137736s,0s,4486,4486,0
26.240591177s,1.411974418s,0s,4485,4485,0
26.887512126s,1.246886183s,0s,4482,4482,0
27.130260222s,1.466317696s,0s,4487,4487,0
23.917704401s,1.210029045s,0s,4494,4494,0
23.948325651s,1.0035593s,0s,4499,4499,0
24.819993936s,1.323588811s,0s,4495,4495,0
25.289834116s,1.437115275s,0s,4491,4491,0
25.323612467s,1.44129549s,0s,4500,4500,0
25.442376751s,1.195218085s,0s,4497,4497,0
25.795242365s,1.127034166s,0s,4493,4493,0
25.853984939s,1.076792693s,0s,4498,4498,0
25.969826814s,1.127003918s,0s,4492,4492,0
26.243378984s,1.235320943s,0s,4496,4496,0
23.653560139s,1.118189566s,0s,4507,4507,0
23.917468446s,1.273184567s,0s,4503,4503,0
24.115177038s,1.481462964s,0s,4504,4504,0
24.953490828s,1.127419479s,0s,4508,4508,0
25.16688903s,1.282485343s,0s,4510,4510,0
25.282562525s,1.357004128s,0s,4501,4501,0
25.525243093s,1.341741502s,0s,4505,4505,0
25.637905483s,1.221974787s,0s,4509,4509,0
25.801599162s,1.465249452s,0s,4506,4506,0
27.223482412s,1.141662609s,0s,4502,4502,0
23.744910232s,1.36590392s,0s,4512,4512,0
24.017691248s,1.340632182s,0s,4511,4511,0
24.620697147s,1.026118964s,0s,4520,4520,0
25.272576022s,1.24411237s,0s,4513,4513,0
26.038569816s,1.201729045s,0s,4515,4515,0
26.104260901s,1.32942235s,0s,4517,4517,0
26.337053144s,1.498298942s,0s,4516,4516,0
26.779931508s,1.190517873s,0s,4519,4519,0
26.907605213s,1.377022734s,0s,4518,4518,0
27.133440562s,1.218983796s,0s,4514,4514,0
23.338014998s,1.490764268s,0s,4522,4522,0
24.829940227s,1.384087034s,0s,4528,4528,0
25.320911645s,1.379818585s,0s,4524,4524,0
25.345591471s,1.403445128s,0s,4529,4529,0
25.35242518s,1.352581326s,0s,4526,4526,0
25.446072233s,1.23309416s,0s,4530,4530,0
25.554748577s,1.384096161s,0s,4521,4521,0
25.765037831s,1.032669832s,0s,4527,4527,0
27.190479752s,1.285356904s,0s,4523,4523,0
27.669621905s,1.492958591s,0s,4525,4525,0
23.583757145s,1.143978205s,0s,4537,4537,0
24.721358656s,1.464356921s,0s,4532,4532,0
24.82503451s,1.16608264s,0s,4534,4534,0
24.856938746s,1.067474948s,0s,4539,4539,0
25.70019929s,1.358586954s,0s,4536,4536,0
26.05896721s,1.135717181s,0s,4533,4533,0
26.239873544s,1.460099849s,0s,4531,4531,0
26.265539673s,1.370857312s,0s,4538,4538,0
26.345227395s,1.226321091s,0s,4535,4535,0
26.541009241s,1.038138623s,0s,4540,4540,0
23.951244782s,1.122775683s,0s,4546,4546,0
24.677924856s,1.413056926s,0s,4541,4541,0
24.971621527s,1.208265374s,0s,4547,4547,0
25.138472564s,1.044483172s,0s,4543,4543,0
25.176099169s,1.000083324s,0s,4548,4548,0
25.610027241s,1.427232604s,0s,4544,4544,0
25.720763043s,1.196011535s,0s,4550,4550,0
26.073603575s,1.47611913s,0s,4542,4542,0
26.443621429s,1.380720354s,0s,4545,4545,0
26.757089639s,1.023301596s,0s,4549,4549,0
23.465078202s,1.200578119s,0s,4556,4556,0
24.370014582s,1.069341836s,0s,4552,4552,0
24.927772355s,1.384846432s,0s,4551,4551,0
25.135476388s,1.270318795s,0s,4559,4559,0
25.302186393s,1.004100876s,0s,4553,4553,0
26.037509214s,1.203944572s,0s,4558,4558,0
26.197277206s,1.499334928s,0s,4555,4555,0
26.27696779s,1.429082402s,0s,4560,4560,0
26.68271311s,1.348557096s,0s,4557,4557,0
27.372246665s,1.232085559s,0s,4554,4554,0
23.636939839s,1.15848358s,0s,4563,4563,0
23.642754895s,1.068159838s,0s,4561,4561,0
24.577245678s,1.29228143s,0s,4562,4562,0
24.806008593s,1.36681406s,0s,4570,4570,0
25.222960507s,1.229893546s,0s,4564,4564,0
25.554852041s,1.263068484s,0s,4565,4565,0
25.627475654s,1.377019976s,0s,4567,4567,0
25.629006817s,1.225710638s,0s,4569,4569,0
25.667606468s,1.323499096s,0s,4566,4566,0
26.054478865s,1.495340382s,0s,4568,4568,0
23.662393959s,1.020605725s,0s,4574,4574,0
24.221438199s,1.120470327s,0s,4571,4571,0
25.325073512s,1.448756053s,0s,4578,4578,0
25.683119309s,1.056060468s,0s,4576,4576,0
25.739785814s,1.385057491s,0s,4580,4580,0
25.856562504s,1.390323466s,0s,4573,4573,0
26.401195405s,1.053877514s,0s,4579,4579,0
26.557969589s,1.423511664s,0s,4577,4577,0
26.874776681s,1.108312079s,0s,4575,4575,0
27.53875189s,1.320205371s,0s,4572,4572,0
23.875013903s,1.399878542s,0s,4590,4590,0
24.364194298s,1.046864101s,0s,4584,4584,0
24.491920489s,1.13533129s,0s,4586,4586,0
24.578627985s,1.173882535s,0s,4583,4583,0
25.517034797s,1.403072313s,0s,4589,4589,0
25.534698384s,1.119116078s,0s,4581,4581,0
25.76036406s,1.183041957s,0s,4582,4582,0
26.193103757s,1.341640402s,0s,4585,4585,0
26.341851064s,1.336360641s,0s,4587,4587,0
27.160170223s,1.158647617s,0s,4588,4588,0
23.484510383s,1.304070125s,0s,4595,4595,0
24.758089648s,1.419048583s,0s,4597,4597,0
24.914815922s,1.166574215s,0s,4598,4598,0
25.176620175s,1.232859624s,0s,4600,4600,0
25.246275123s,1.154358413s,0s,4592,4592,0
25.388872455s,1.385930202s,0s,4594,4594,0
25.91893315s,1.166569672s,0s,4599,4599,0
26.125646325s,1.112091375s,0s,4591,4591,0
26.526423556s,1.376596033s,0s,4596,4596,0
27.230351849s,1.370332959s,0s,4593,4593,0
23.431660423s,1.209104235s,0s,4610,4610,0
25.050306423s,1.108382724s,0s,4603,4603,0
25.216044393s,1.007081998s,0s,4604,4604,0
25.699049666s,1.460760087s,0s,4609,4609,0
26.17581672s,1.1779183s,0s,4605,4605,0
26.229564573s,1.139591111s,0s,4602,4602,0
26.280252326s,1.462995779s,0s,4608,4608,0
26.533044053s,1.466112196s,0s,4607,4607,0
27.228205689s,1.24034503s,0s,4606,4606,0
27.43582059s,1.209094236s,0s,4601,4601,0
22.990097431s,1.049347061s,0s,4612,4612,0
23.570017584s,1.04934245s,0s,4613,4613,0
24.995395729s,1.160641492s,0s,4614,4614,0
25.230180494s,1.227022602s,0s,4620,4620,0
25.276871723s,1.214897193s,0s,4619,4619,0
25.409476149s,1.330529113s,0s,4611,4611,0
25.892482506s,1.308310089s,0s,4618,4618,0
25.99317808s,1.460024214s,0s,4617,4617,0
26.214035118s,1.040074819s,0s,4616,4616,0
26.497813766s,1.367805883s,0s,4615,4615,0
23.886442728s,1.040057494s,0s,4621,4621,0
24.161139762s,1.063475367s,0s,4624,4624,0
24.28079085s,1.158990309s,0s,4629,4629,0
25.015995616s,1.121751293s,0s,4627,4627,0
25.506558178s,1.452242134s,0s,4625,4625,0
25.757405382s,1.245254064s,0s,4630,4630,0
25.882203263s,1.380995701s,0s,4622,4622,0
26.468222001s,1.267466152s,0s,4626,4626,0
26.675940533s,1.055266652s,0s,4623,4623,0
27.395991906s,1.371790792s,0s,4628,4628,0
23.653968222s,1.494304185s,0s,4638,4638,0
23.964800706s,1.087020738s,0s,4635,4635,0
24.404871317s,1.346705873s,0s,4640,4640,0
24.626678204s,1.190322776s,0s,4636,4636,0
24.909502899s,1.250809409s,0s,4637,4637,0
25.855137303s,1.043898603s,0s,4634,4634,0
26.504305647s,1.326121771s,0s,4633,4633,0
26.935353003s,1.327390142s,0s,4632,4632,0
27.005938558s,1.382934799s,0s,4631,4631,0
27.345787819s,1.225580995s,0s,4639,4639,0
24.25987853s,1.011112244s,0s,4650,4650,0
24.326431499s,1.264012176s,0s,4649,4649,0
24.329096561s,1.226744421s,0s,4642,4642,0
24.611893473s,1.176440202s,0s,4641,4641,0
24.877545515s,1.455042357s,0s,4646,4646,0
24.935208315s,1.481561778s,0s,4643,4643,0
25.247139131s,1.334732208s,0s,4648,4648,0
25.742294941s,1.462313054s,0s,4645,4645,0
25.80152597s,1.300254293s,0s,4647,4647,0
26.678747539s,1.331451875s,0s,4644,4644,0
23.868968237s,1.425861957s,0s,4654,4654,0
24.237925127s,1.451471408s,0s,4653,4653,0
24.860110856s,1.477671718s,0s,4652,4652,0
25.009908649s,1.030138779s,0s,4660,4660,0
25.181683401s,1.432212432s,0s,4655,4655,0
25.676677516s,1.3048551s,0s,4658,4658,0
26.488762678s,1.040370915s,0s,4657,4657,0
26.539370033s,1.420617783s,0s,4651,4651,0
26.646061004s,1.333118412s,0s,4659,4659,0
26.746848105s,1.405402139s,0s,4656,4656,0
22.842474901s,1.017614571s,0s,4661,4661,0
23.762806392s,1.022004357s,0s,4663,4663,0
25.080540886s,1.372241973s,0s,4670,4670,0
25.279253717s,1.347988055s,0s,4668,4668,0
25.309824498s,1.208515793s,0s,4664,4664,0
25.569676859s,1.020832968s,0s,4669,4669,0
25.883535475s,1.227709228s,0s,4665,4665,0
26.193391891s,1.413479891s,0s,4666,4666,0
26.622465199s,1.080247091s,0s,4667,4667,0
27.3949975s,1.487747967s,0s,4662,4662,0
24.827109925s,1.259059136s,0s,4671,4671,0
24.915804074s,1.042320448s,0s,4680,4680,0
24.995208564s,1.333271043s,0s,4674,4674,0
25.119897214s,1.205889213s,0s,4673,4673,0
25.813178231s,1.007087939s,0s,4677,4677,0
26.144038432s,1.363526162s,0s,4679,4679,0
26.272744414s,1.04656069s,0s,4675,4675,0
26.378471872s,1.443047321s,0s,4672,4672,0
26.839570714s,1.25912294s,0s,4676,4676,0
27.035467147s,1.42383147s,0s,4678,4678,0
23.866303574s,1.198856135s,0s,4685,4685,0
24.071949685s,1.189591344s,0s,4689,4689,0
24.151541303s,1.185364626s,0s,4687,4687,0
24.175249079s,1.226447362s,0s,4681,4681,0
24.331892066s,1.223262316s,0s,4683,4683,0
24.591641895s,1.236700238s,0s,4688,4688,0
25.234837982s,1.388384058s,0s,4690,4690,0
26.218428926s,1.126148874s,0s,4682,4682,0
26.357113803s,1.260977278s,0s,4684,4684,0
26.763109966s,1.216034404s,0s,4686,4686,0
23.133812479s,1.103461036s,0s,4692,4692,0
23.886277569s,1.338201367s,0s,4696,4696,0
24.76995428s,1.351426769s,0s,4695,4695,0
24.868585852s,1.133679465s,0s,4698,4698,0
25.390574226s,1.425626535s,0s,4699,4699,0
25.442314468s,1.157966904s,0s,4694,4694,0
25.864394049s,1.001030303s,0s,4693,4693,0
25.986148842s,1.01829464s,0s,4700,4700,0
25.990782717s,1.161244557s,0s,4697,4697,0
26.711528123s,1.018247968s,0s,4691,4691,0
23.683215835s,1.455324588s,0s,4708,4708,0
24.001120479s,1.235428562s,0s,4702,4702,0
24.076891486s,1.408800966s,0s,4703,4703,0
24.757621229s,1.313287651s,0s,4705,4705,0
24.843304948s,1.141138034s,0s,4710,4710,0
25.213309038s,1.427027412s,0s,4701,4701,0
25.408033742s,1.398533593s,0s,4706,4706,0
25.540773159s,1.293751281s,0s,4709,4709,0
25.651506149s,1.309971125s,0s,4704,4704,0
26.178637802s,1.472596218s,0s,4707,4707,0
23.220087333s,1.454038757s,0s,4716,4716,0
23.780787008s,1.107862179s,0s,4719,4719,0
24.039646356s,1.370885396s,0s,4711,4711,0
24.473633632s,1.000089169s,0s,4720,4720,0
25.101874176s,1.14508643s,0s,4712,4712,0
25.196530636s,1.059607322s,0s,4718,4718,0
25.334118596s,1.005375256s,0s,4717,4717,0
25.443702931s,1.329626989s,0s,4714,4714,0
26.099737376s,1.221338393s,0s,4713,4713,0
26.518674029s,1.473317351s,0s,4715,4715,0
24.9042832s,1.419144724s,0s,4722,4722,0
25.021934383s,1.247746035s,0s,4723,4723,0
25.314881419s,1.339922421s,0s,4726,4726,0
25.507646513s,1.208395463s,0s,4725,4725,0
25.634331087s,1.107555767s,0s,4721,4721,0
25.667940692s,1.194995467s,0s,4730,4730,0
25.718602744s,1.471543137s,0s,4728,4728,0
25.794216904s,1.08327784s,0s,4724,4724,0
26.019073825s,1.466348676s,0s,4727,4727,0
27.205923863s,1.246594507s,0s,4729,4729,0
24.204832394s,1.13905573s,0s,4733,4733,0
24.912736578s,1.005087592s,0s,4740,4740,0
25.162579689s,1.090583767s,0s,4739,4739,0
25.340177592s,1.172325276s,0s,4736,4736,0
25.559991006s,1.104842005s,0s,4737,4737,0
25.815796093s,1.316096804s,0s,4734,4734,0
25.91250363s,1.035308778s,0s,4738,4738,0
26.157359373s,1.282874939s,0s,4731,4731,0
26.636518975s,1.316096291s,0s,4732,4732,0
27.408828501s,1.219599794s,0s,4735,4735,0
23.406653587s,1.498833039s,0s,4746,4746,0
24.314971564s,1.110288409s,0s,4745,4745,0
24.609855072s,1.065033148s,0s,4750,4750,0
24.615511967s,1.470544045s,0s,4742,4742,0
24.620114935s,1.05390816s,0s,4741,4741,0
25.254163987s,1.034635939s,0s,4743,4743,0
25.37397557s,1.279778934s,0s,4748,4748,0
26.023355818s,1.222555422s,0s,4749,4749,0
26.027980676s,1.347244133s,0s,4744,4744,0
27.542959126s,1.324982004s,0s,4747,4747,0
24.152443862s,1.448943477s,0s,4756,4756,0
24.482334193s,1.149034016s,0s,4754,4754,0
24.922911956s,1.145838443s,0s,4753,4753,0
25.168636592s,1.009108179s,0s,4757,4757,0
25.350400006s,1.469110586s,0s,4760,4760,0
25.491183387s,1.037359046s,0s,4752,4752,0
25.527775757s,1.294574651s,0s,4758,4758,0
25.969716226s,1.4853458s,0s,4751,4751,0
26.016311345s,1.185295895s,0s,4755,4755,0
26.284177306s,1.103572324s,0s,4759,4759,0
24.141088493s,1.376341079s,0s,4766,4766,0
24.764010511s,1.113602546s,0s,4762,4762,0
25.293142268s,1.047182262s,0s,4765,4765,0
25.381785058s,1.483065564s,0s,4763,4763,0
25.521653439s,1.398543927s,0s,4769,4769,0
25.58963584s,1.165859834s,0s,4768,4768,0
25.633234331s,1.089384453s,0s,4767,4767,0
26.080171982s,1.491342582s,0s,4764,4764,0
26.548234725s,1.351159045s,0s,4770,4770,0
26.658915847s,1.411806262s,0s,4761,4761,0
23.142871026s,1.17661676s,0s,4777,4777,0
24.466950238s,1.47704314s,0s,4774,4774,0
24.90768399s,1.445730183s,0s,4776,4776,0
25.121445642s,1.349280363s,0s,4771,4771,0
25.467324165s,1.155411243s,0s,4775,4775,0
25.779220626s,1.405489874s,0s,4778,4778,0
25.867950803s,1.020104857s,0s,4779,4779,0
25.980665664s,1.181836051s,0s,4773,4773,0
26.139298284s,1.252046189s,0s,4772,4772,0
26.569262581s,1.475957103s,0s,4780,4780,0
23.904534106s,1.490697851s,0s,4786,4786,0
24.018234409s,1.044967802s,0s,4787,4787,0
24.080980353s,1.163829097s,0s,4789,4789,0
24.347254975s,1.368415446s,0s,4785,4785,0
24.348798366s,1.005560494s,0s,4788,4788,0
24.528358531s,1.125357544s,0s,4782,4782,0
24.957291446s,1.217058125s,0s,4790,4790,0
25.313870724s,1.006682086s,0s,4784,4784,0
26.120922471s,1.132576039s,0s,4781,4781,0
26.158524887s,1.050098864s,0s,4783,4783,0
24.664290843s,1.365915581s,0s,4792,4792,0
24.791979485s,1.00105994s,0s,4794,4794,0
24.969770878s,1.095368279s,0s,4796,4796,0
25.086444105s,1.001065854s,0s,4791,4791,0
25.359266327s,1.197345059s,0s,4797,4797,0
25.781169917s,1.288633325s,0s,4793,4793,0
26.296323805s,1.185868703s,0s,4795,4795,0
26.394995501s,1.156617266s,0s,4800,4800,0
26.644745751s,1.195060225s,0s,4799,4799,0
27.096651842s,1.456057909s,0s,4798,4798,0
25.06008558s,1.081815543s,0s,4801,4801,0
25.225826468s,1.110050258s,0s,4802,4802,0
25.475609132s,1.239835147s,0s,4805,4805,0
25.699400591s,1.163300457s,0s,4810,4810,0
26.021371075s,1.00404325s,0s,4803,4803,0
26.100044508s,1.460552894s,0s,4807,4807,0
26.10159638s,1.185567196s,0s,4808,4808,0
26.45741181s,1.061522642s,0s,4809,4809,0
26.799376272s,1.279057267s,0s,4806,4806,0
27.199043544s,1.012303938s,0s,4804,4804,0
25.230475614s,1.032489932s,0s,4820,4820,0
25.238955658s,1.186106094s,0s,4815,4815,0
25.34556266s,1.49461888s,0s,4818,4818,0
25.473222045s,1.315062039s,0s,4812,4812,0
25.518898268s,1.206279177s,0s,4817,4817,0
25.697639741s,1.043711742s,0s,4811,4811,0
25.843362597s,1.269594689s,0s,4813,4813,0
25.897913139s,1.34326591s,0s,4814,4814,0
25.937548913s,1.128952065s,0s,4819,4819,0
26.772854666s,1.273785817s,0s,4816,4816,0
23.423161941s,1.399228985s,0s,4828,4828,0
23.534812853s,1.138415309s,0s,4821,4821,0
23.769522582s,1.188142313s,0s,4822,4822,0
24.05237469s,1.312675846s,0s,4823,4823,0
25.131995681s,1.347051482s,0s,4829,4829,0
25.47692569s,1.190389034s,0s,4826,4826,0
26.365272893s,1.172973623s,0s,4825,4825,0
26.701176853s,1.02412701s,0s,4824,4824,0
26.864862542s,1.162640698s,0s,4830,4830,0
27.232660852s,1.479594033s,0s,4827,4827,0
23.540636262s,1.250296691s,0s,4835,4835,0
24.176741324s,1.203045716s,0s,4833,4833,0
24.293373812s,1.444982652s,0s,4836,4836,0
24.520194269s,1.126907539s,0s,4837,4837,0
25.156360664s,1.370753426s,0s,4840,4840,0
25.2410655s,1.038623188s,0s,4831,4831,0
25.984929558s,1.446114133s,0s,4834,4834,0
26.067672517s,1.370742597s,0s,4839,4839,0
26.202385468s,1.250278436s,0s,4832,4832,0
26.915465753s,1.27149468s,0s,4838,4838,0
23.775493284s,1.080571997s,0s,4848,4848,0
24.006023107s,1.305493989s,0s,4849,4849,0
24.511137908s,1.043111066s,0s,4845,4845,0
24.764953308s,1.084787345s,0s,4842,4842,0
24.949961584s,1.41295602s,0s,4847,4847,0
25.043641991s,1.45409906s,0s,4841,4841,0
25.554549432s,1.329707305s,0s,4850,4850,0
25.713409976s,1.487344625s,0s,4846,4846,0
25.941261526s,1.251249157s,0s,4844,4844,0
26.037001409s,1.192039803s,0s,4843,4843,0
24.164790829s,1.108395195s,0s,4855,4855,0
24.529703692s,1.0951443s,0s,4851,4851,0
24.676397655s,1.415970298s,0s,4852,4852,0
24.828044182s,1.260351914s,0s,4853,4853,0
24.913626532s,1.237681165s,0s,4859,4859,0
25.167341924s,1.255104653s,0s,4860,4860,0
25.719480095s,1.32953502s,0s,4854,4854,0
25.784061836s,1.389757334s,0s,4857,4857,0
26.185034444s,1.436108547s,0s,4858,4858,0
26.262667888s,1.253910506s,0s,4856,4856,0
23.179312407s,1.295917513s,0s,4866,4866,0
23.619208147s,1.213620638s,0s,4868,4868,0
23.893765458s,1.163132181s,0s,4869,4869,0
23.928387632s,1.088874978s,0s,4867,4867,0
24.235056007s,1.02010186s,0s,4870,4870,0
25.096150517s,1.047366423s,0s,4862,4862,0
25.328959405s,1.184393811s,0s,4865,4865,0
25.403581734s,1.068584199s,0s,4861,4861,0
26.005630023s,1.408201291s,0s,4863,4863,0
26.02031537s,1.471467571s,0s,4864,4864,0
24.642624834s,1.257396873s,0s,4876,4876,0
24.796332887s,1.331020289s,0s,4871,4871,0
24.853948183s,1.214112s,0s,4878,4878,0
24.916653796s,1.090647517s,0s,4879,4879,0
25.216575272s,1.345249528s,0s,4877,4877,0
25.319243039s,1.466688342s,0s,4880,4880,0
25.374901299s,1.304601561s,0s,4872,4872,0
25.533706864s,1.209979164s,0s,4874,4874,0
25.536271188s,1.32990616s,0s,4875,4875,0
26.280152013s,1.407422961s,0s,4873,4873,0
23.43854256s,1.163649953s,0s,4884,4884,0
24.090166233s,1.024100032s,0s,4890,4890,0
24.308723816s,1.185964489s,0s,4886,4886,0
24.758372447s,1.190113114s,0s,4885,4885,0
25.072124283s,1.430084414s,0s,4882,4882,0
25.308627395s,1.032346044s,0s,4883,4883,0
25.992703292s,1.212444829s,0s,4887,4887,0
26.111382972s,1.190106057s,0s,4889,4889,0
26.191080615s,1.4963138s,0s,4888,4888,0
26.405872696s,1.222688124s,0s,4881,4881,0
24.17165064s,1.059505294s,0s,4898,4898,0
24.391558583s,1.403122095s,0s,4896,4896,0
24.567305182s,1.054356902s,0s,4892,4892,0
24.729065493s,1.163940927s,0s,4893,4893,0
25.198176365s,1.038134631s,0s,4894,4894,0
25.874559534s,1.312914686s,0s,4897,4897,0
26.050417495s,1.233180416s,0s,4895,4895,0
26.085964044s,1.285678886s,0s,4891,4891,0
26.437975345s,1.270424667s,0s,4900,4900,0
26.617719278s,1.075728072s,0s,4899,4899,0
22.993705515s,1.179966171s,0s,4902,4902,0
24.185518319s,1.083273515s,0s,4903,4903,0
24.367264321s,1.064363416s,0s,4904,4904,0
24.402834063s,1.024145107s,0s,4905,4905,0
24.810779068s,1.091473369s,0s,4910,4910,0
25.203787962s,1.191410733s,0s,4909,4909,0
25.630820341s,1.477608662s,0s,4906,4906,0
25.971701064s,1.186235319s,0s,4907,4907,0
26.52132735s,1.134735745s,0s,4901,4901,0
26.755173442s,1.447302819s,0s,4908,4908,0
23.034365966s,1.161370758s,0s,4913,4913,0
23.34620452s,1.459380575s,0s,4916,4916,0
23.546063156s,1.035346298s,0s,4912,4912,0
23.795848074s,1.349947719s,0s,4919,4919,0
24.760721082s,1.011117916s,0s,4911,4911,0
25.069654286s,1.244646188s,0s,4917,4917,0
25.355505827s,1.092598334s,0s,4920,4920,0
25.70343622s,1.391081963s,0s,4918,4918,0
25.725096328s,1.120894129s,0s,4914,4914,0
27.228354345s,1.141095983s,0s,4915,4915,0
24.071970537s,1.045129281s,0s,4922,4922,0
24.595957085s,1.437042011s,0s,4923,4923,0
24.766723079s,1.199966392s,0s,4928,4928,0
24.941431298s,1.328519392s,0s,4921,4921,0
25.070247303s,1.239132968s,0s,4924,4924,0
25.662911021s,1.239125301s,0s,4929,4929,0
25.736555801s,1.180702757s,0s,4925,4925,0
26.282127187s,1.048381008s,0s,4927,4927,0
26.58804357s,1.372699457s,0s,4930,4930,0
26.629652754s,1.441233892s,0s,4926,4926,0
22.990110731s,1.021873603s,0s,4936,4936,0
23.589281134s,1.06426583s,0s,4934,4934,0
24.058075298s,1.097561289s,0s,4939,4939,0
24.34068174s,1.037064127s,0s,4931,4931,0
25.149804901s,1.131768046s,0s,4937,4937,0
25.262482398s,1.473551993s,0s,4935,4935,0
25.947331357s,1.444331537s,0s,4932,4932,0
26.057030008s,1.499078403s,0s,4933,4933,0
26.725416831s,1.490750146s,0s,4938,4938,0
26.951182811s,1.386132075s,0s,4940,4940,0
23.025359815s,1.001091391s,0s,4945,4945,0
23.867920606s,1.039300667s,0s,4941,4941,0
24.416905475s,1.051575925s,0s,4944,4944,0
24.535587666s,1.413285062s,0s,4946,4946,0
24.609237325s,1.069877315s,0s,4950,4950,0
24.889069498s,1.410067555s,0s,4947,4947,0
26.07566629s,1.079092333s,0s,4949,4949,0
26.121243936s,1.187445037s,0s,4948,4948,0
26.515054696s,1.228731747s,0s,4942,4942,0
26.748882426s,1.229836759s,0s,4943,4943,0
23.923961433s,1.19646676s,0s,4954,4954,0
24.773301867s,1.34804776s,0s,4956,4956,0
24.801974961s,1.360224147s,0s,4959,4959,0
24.940785259s,1.263606742s,0s,4958,4958,0
25.11454731s,1.025088035s,0s,4952,4952,0
25.632322976s,1.241984261s,0s,4951,4951,0
26.181291513s,1.318827417s,0s,4957,4957,0
26.451123868s,1.375457664s,0s,4960,4960,0
26.642751088s,1.235677837s,0s,4953,4953,0
27.161512946s,1.449706709s,0s,4955,4955,0
24.403253783s,1.107563817s,0s,4968,4968,0
24.940616084s,1.334681442s,0s,4966,4966,0
25.447732154s,1.288401773s,0s,4967,4967,0
25.64941838s,1.053370651s,0s,4964,4964,0
25.696107607s,1.128780188s,0s,4965,4965,0
25.704772884s,1.043141477s,0s,4963,4963,0
26.009664857s,1.353847143s,0s,4962,4962,0
26.742864413s,1.448073574s,0s,4969,4969,0
26.79242666s,1.218210672s,0s,4970,4970,0
27.276450645s,1.160968807s,0s,4961,4961,0
25.002979664s,1.317510475s,0s,4974,4974,0
25.193754279s,1.350954362s,0s,4980,4980,0
25.220314331s,1.164083461s,0s,4972,4972,0
25.223877858s,1.021092602s,0s,4979,4979,0
25.505595243s,1.111609821s,0s,4971,4971,0
25.786397595s,1.137840373s,0s,4976,4976,0
26.26439117s,1.348778611s,0s,4973,4973,0
26.508176098s,1.397100617s,0s,4978,4978,0
26.776082285s,1.237305376s,0s,4975,4975,0
26.838709028s,1.052366668s,0s,4977,4977,0
23.902925473s,1.405086943s,0s,4981,4981,0
24.412816159s,1.21169778s,0s,4988,4988,0
25.171153827s,1.166039553s,0s,4989,4989,0
25.335914386s,1.201495883s,0s,4983,4983,0
25.346521423s,1.462317107s,0s,4986,4986,0
25.378234207s,1.500058732s,0s,4984,4984,0
26.06309158s,1.487795504s,0s,4987,4987,0
26.068765257s,1.188238461s,0s,4982,4982,0
26.637876202s,1.474583188s,0s,4990,4990,0
26.696490778s,1.161861244s,0s,4985,4985,0
24.825239891s,1.299386369s,0s,4998,4998,0
24.909971406s,1.462061089s,0s,4997,4997,0
24.920638708s,1.087414356s,0s,4992,4992,0
25.028275592s,1.268981899s,0s,4991,4991,0
25.397269115s,1.432853342s,0s,4999,4999,0
25.528923378s,1.463238637s,0s,4994,4994,0
25.903741116s,1.203684629s,0s,4993,4993,0
26.046370601s,1.02614382s,0s,4996,4996,0
26.524370365s,1.300524935s,0s,4995,4995,0
27.027538793s,1.278120781s,0s,5000,5000,0
23.396313445s,1.192849695s,0s,5009,5009,0
24.043436425s,1.124617778s,0s,5003,5003,0
24.118995568s,1.231023685s,0s,5007,5007,0
24.347829664s,1.456959175s,0s,5001,5001,0
24.727678096s,1.100390684s,0s,5005,5005,0
25.417863378s,1.010089292s,0s,5006,5006,0
25.791774555s,1.252395199s,0s,5008,5008,0
25.90347695s,1.48011515s,0s,5002,5002,0
26.069198655s,1.248218953s,0s,5010,5010,0
26.53024466s,1.370692003s,0s,5004,5004,0
23.227564978s,1.170098575s,0s,5018,5018,0
23.278265102s,1.053414642s,0s,5019,5019,0
24.556141589s,1.36290682s,0s,5017,5017,0
24.867004457s,1.343621858s,0s,5011,5011,0
25.089693897s,1.451317438s,0s,5014,5014,0
25.151348069s,1.386036641s,0s,5020,5020,0
25.207993172s,1.090850589s,0s,5016,5016,0
25.31068393s,1.2693797s,0s,5012,5012,0
25.409431206s,1.008134423s,0s,5013,5013,0
25.865050894s,1.085615616s,0s,5015,5015,0
23.674607227s,1.356533037s,0s,5021,5021,0
24.329289789s,1.076273549s,0s,5025,5025,0
24.56393092s,1.068027466s,0s,5030,5030,0
24.955538002s,1.024740641s,0s,5027,5027,0
24.978069987s,1.280277602s,0s,5024,5024,0
25.680277574s,1.403731866s,0s,5023,5023,0
25.725851657s,1.092616781s,0s,5022,5022,0
25.810443175s,1.456989964s,0s,5026,5026,0
26.691052345s,1.101800039s,0s,5028,5028,0
26.950880781s,1.239040427s,0s,5029,5029,0
23.725106661s,1.012075783s,0s,5039,5039,0
24.136035271s,1.274361353s,0s,5031,5031,0
24.393848135s,1.027352144s,0s,5033,5033,0
24.786729654s,1.431388447s,0s,5036,5036,0
25.020454225s,1.297021901s,0s,5035,5035,0
25.292336266s,1.288892964s,0s,5037,5037,0
25.353877026s,1.277603978s,0s,5032,5032,0
25.567618683s,1.271106389s,0s,5040,5040,0
26.209721229s,1.157915792s,0s,5034,5034,0
26.243345386s,1.130613341s,0s,5038,5038,0
23.601978598s,1.405555054s,0s,5041,5041,0
24.034936832s,1.427048574s,0s,5048,5048,0
24.092608053s,1.460244882s,0s,5047,5047,0
24.384589357s,1.36605243s,0s,5043,5043,0
25.037359393s,1.049170355s,0s,5045,5045,0
25.10198757s,1.19868627s,0s,5046,5046,0
25.388885689s,1.427048313s,0s,5044,5044,0
25.69972694s,1.4167696s,0s,5050,5050,0
25.704328516s,1.371265602s,0s,5042,5042,0
26.218341138s,1.127430547s,0s,5049,5049,0
23.276412124s,1.347779313s,0s,5052,5052,0
24.553189689s,1.374986306s,0s,5051,5051,0
24.649782909s,1.307058092s,0s,5056,5056,0
25.392590654s,1.4524829s,0s,5058,5058,0
25.664487332s,1.293855684s,0s,5054,5054,0
25.847370803s,1.411261346s,0s,5055,5055,0
25.917039651s,1.069443176s,0s,5060,5060,0
25.933682349s,1.49686375s,0s,5057,5057,0
26.363541432s,1.310311767s,0s,5053,5053,0
27.145769267s,1.325505725s,0s,5059,5059,0
23.294350011s,1.214570588s,0s,5068,5068,0
24.749999077s,1.428631866s,0s,5066,5066,0
25.086833621s,1.210283278s,0s,5069,5069,0
25.158499265s,1.393332301s,0s,5070,5070,0
25.562499669s,1.274829344s,0s,5062,5062,0
25.635126222s,1.492274957s,0s,5061,5061,0
25.666928317s,1.435835742s,0s,5067,5067,0
26.021945473s,1.32310325s,0s,5064,5064,0
26.255754139s,1.444078112s,0s,5065,5065,0
26.999795545s,1.428637552s,0s,5063,5063,0
23.653680492s,1.170311247s,0s,5080,5080,0
25.144091608s,1.408629602s,0s,5074,5074,0
25.214679268s,1.004964835s,0s,5073,5073,0
25.335353716s,1.144024772s,0s,5071,5071,0
25.603193533s,1.141290702s,0s,5076,5076,0
25.720724528s,1.431909399s,0s,5078,5078,0
25.778251575s,1.233074439s,0s,5075,5075,0
25.9260285s,1.431916096s,0s,5072,5072,0
26.103648471s,1.352402061s,0s,5077,5077,0
26.15234791s,1.484096023s,0s,5079,5079,0
23.518009631s,1.196348724s,0s,5086,5086,0
24.2876973s,1.328655854s,0s,5089,5089,0
24.542559738s,1.08073846s,0s,5084,5084,0
24.788431323s,1.128101409s,0s,5087,5087,0
25.024241834s,1.406364275s,0s,5085,5085,0
25.341747631s,1.126965701s,0s,5081,5081,0
25.564372084s,1.496659762s,0s,5088,5088,0
26.021355587s,1.010459366s,0s,5083,5083,0
26.028052199s,1.354926952s,0s,5090,5090,0
27.085639805s,1.364081388s,0s,5082,5082,0
24.588297784s,1.096796569s,0s,5093,5093,0
24.67100561s,1.263629762s,0s,5091,5091,0
24.705622779s,1.278882567s,0s,5094,5094,0
25.130882161s,1.157103534s,0s,5095,5095,0
25.182525563s,1.158319532s,0s,5098,5098,0
25.205160321s,1.285105203s,0s,5096,5096,0
25.437849165s,1.04534179s,0s,5092,5092,0
25.858654367s,1.004080657s,0s,5099,5099,0
26.204333024s,1.326395526s,0s,5100,5100,0
26.209969468s,1.083553346s,0s,5097,5097,0
24.043598117s,1.215245536s,0s,5101,5101,0
24.156247863s,1.107723808s,0s,5108,5108,0
24.529088833s,1.469014223s,0s,5107,5107,0
24.625845061s,1.32875544s,0s,5106,5106,0
24.741522182s,1.214099255s,0s,5109,5109,0
24.882334837s,1.312490996s,0s,5105,5105,0
25.263286052s,1.152964928s,0s,5103,5103,0
25.375841363s,1.077171443s,0s,5102,5102,0
25.728766406s,1.095447775s,0s,5104,5104,0
26.974109889s,1.026017132s,0s,5110,5110,0
23.79209081s,1.12637151s,0s,5116,5116,0
24.292157287s,1.284351659s,0s,5111,5111,0
25.255962951s,1.077113293s,0s,5117,5117,0
25.263626161s,1.421079851s,0s,5119,5119,0
25.37827216s,1.272091975s,0s,5115,5115,0
25.421927949s,1.488387293s,0s,5114,5114,0
25.694644851s,1.242955699s,0s,5118,5118,0
25.718296078s,1.391889216s,0s,5113,5113,0
25.81596981s,1.158597732s,0s,5112,5112,0
26.76441684s,1.288568751s,0s,5120,5120,0
24.173315259s,1.278101215s,0s,5129,5129,0
24.335022581s,1.294476189s,0s,5128,5128,0
24.953747461s,1.25076168s,0s,5123,5123,0
25.491729597s,1.41100225s,0s,5130,5130,0
25.611458081s,1.276937843s,0s,5122,5122,0
25.752247972s,1.290274268s,0s,5124,5124,0
26.080875413s,1.025124651s,0s,5125,5125,0
26.692111884s,1.239585262s,0s,5121,5121,0
26.793847295s,1.369721719s,0s,5126,5126,0
27.133615309s,1.496135915s,0s,5127,5127,0
23.209652125s,1.194574289s,0s,5135,5135,0
23.673750626s,1.058881879s,0s,5132,5132,0
23.849574147s,1.101281061s,0s,5131,5131,0
24.060473211s,1.075101234s,0s,5139,5139,0
25.084372016s,1.399642094s,0s,5134,5134,0
25.091944542s,1.274037307s,0s,5133,5133,0
25.39349453s,1.282299948s,0s,5140,5140,0
25.976669731s,1.039623012s,0s,5137,5137,0
26.191916857s,1.247862441s,0s,5138,5138,0
26.766959916s,1.428907288s,0s,5136,5136,0
24.153676783s,1.37329717s,0s,5147,5147,0
24.824506873s,1.202661457s,0s,5145,5145,0
25.152404115s,1.497044925s,0s,5150,5150,0
25.166963787s,1.271873922s,0s,5142,5142,0
25.412774664s,1.473845818s,0s,5141,5141,0
25.735655617s,1.356105751s,0s,5146,5146,0
26.348672501s,1.038135703s,0s,5149,5149,0
26.500459125s,1.002950576s,0s,5144,5144,0
27.040278665s,1.430606801s,0s,5148,5148,0
27.203037433s,1.103386577s,0s,5143,5143,0
23.486053898s,1.319108305s,0s,5155,5155,0
24.03995674s,1.221930247s,0s,5159,5159,0
24.662036586s,1.353319797s,0s,5157,5157,0
24.826728574s,1.054377203s,0s,5156,5156,0
24.955400328s,1.406778034s,0s,5160,5160,0
25.163227621s,1.426054258s,0s,5153,5153,0
25.234092667s,1.04112202s,0s,5154,5154,0
26.096416523s,1.495321469s,0s,5152,5152,0
26.140031765s,1.193664353s,0s,5158,5158,0
26.463820122s,1.389545196s,0s,5151,5151,0
23.582329522s,1.126949368s,0s,5168,5168,0
23.673939493s,1.203296129s,0s,5165,5165,0
23.92967163s,1.002962609s,0s,5162,5162,0
24.241502871s,1.438971585s,0s,5164,5164,0
24.275149542s,1.071257769s,0s,5161,5161,0
24.306857258s,1.121748985s,0s,5170,5170,0
24.725552753s,1.462220632s,0s,5169,5169,0
24.947350911s,1.105472506s,0s,5163,5163,0
25.284012653s,1.162099761s,0s,5166,5166,0
25.876498336s,1.258588256s,0s,5167,5167,0
24.193424782s,1.367825788s,0s,5175,5175,0
24.750133436s,1.291427666s,0s,5173,5173,0
25.027985476s,1.310626763s,0s,5172,5172,0
25.132545547s,1.121505212s,0s,5180,5180,0
25.16209193s,1.241785375s,0s,5174,5174,0
25.489020275s,1.416071393s,0s,5178,5178,0
25.738729045s,1.43057688s,0s,5171,5171,0
25.805355852s,1.252181926s,0s,5177,5177,0
25.986101055s,1.419288431s,0s,5176,5176,0
26.515069771s,1.245951504s,0s,5179,5179,0
23.497810671s,1.370396744s,0s,5188,5188,0
24.078075917s,1.379882152s,0s,5181,5181,0
24.510978927s,1.004098106s,0s,5183,5183,0
24.800882374s,1.447412127s,0s,5182,5182,0
24.855518742s,1.376605269s,0s,5186,5186,0
24.938154991s,1.048407024s,0s,5185,5185,0
25.083928491s,1.201952116s,0s,5187,5187,0
25.556509115s,1.096688422s,0s,5190,5190,0
26.167621881s,1.43610864s,0s,5184,5184,0
26.557438184s,1.303109479s,0s,5189,5189,0
23.829706663s,1.059382673s,0s,5192,5192,0
24.04350403s,1.139849414s,0s,5198,5198,0
24.408330501s,1.055136549s,0s,5196,5196,0
25.052271793s,1.062581351s,0s,5195,5195,0
25.363174027s,1.421064962s,0s,5194,5194,0
25.581980065s,1.481239859s,0s,5199,5199,0
25.713706466s,1.366890244s,0s,5200,5200,0
25.807273226s,1.217359352s,0s,5191,5191,0
26.018047288s,1.158076951s,0s,5193,5193,0
27.466749773s,1.23854528s,0s,5197,5197,0
23.732819115s,1.094556685s,0s,5206,5206,0
24.067736361s,1.216131526s,0s,5204,5204,0
24.81361045s,1.485139096s,0s,5203,5203,0
25.078414671s,1.171834495s,0s,5210,5210,0
25.167157269s,1.069375668s,0s,5208,5208,0
25.20271814s,1.024113815s,0s,5209,5209,0
25.241322216s,1.447979965s,0s,5202,5202,0
25.487100659s,1.497364518s,0s,5207,5207,0
25.496695699s,1.306620769s,0s,5205,5205,0
26.318538314s,1.287425662s,0s,5201,5201,0
23.700870622s,1.24409042s,0s,5211,5211,0
24.551156937s,1.118385539s,0s,5212,5212,0
24.586650208s,1.264356731s,0s,5217,5217,0
25.122605395s,1.046139121s,0s,5220,5220,0
25.514396263s,1.191861715s,0s,5219,5219,0
25.855125672s,1.385930854s,0s,5215,5215,0
26.167877889s,1.184616583s,0s,5218,5218,0
26.204393336s,1.420048824s,0s,5213,5213,0
26.207959555s,1.347645527s,0s,5216,5216,0
26.389679104s,1.435402917s,0s,5214,5214,0
23.155634281s,1.344978926s,0s,5230,5230,0
23.356260123s,1.044126314s,0s,5222,5222,0
24.316340379s,1.382536155s,0s,5224,5224,0
24.595060003s,1.441586954s,0s,5221,5221,0
25.041071186s,1.399016951s,0s,5223,5223,0
25.754316593s,1.408348562s,0s,5226,5226,0
25.857874208s,1.294743981s,0s,5228,5228,0
25.9145038s,1.374298924s,0s,5225,5225,0
26.035222894s,1.179418938s,0s,5227,5227,0
26.42520533s,1.385791498s,0s,5229,5229,0
23.346834434s,1.110531516s,0s,5239,5239,0
24.090096197s,1.393466029s,0s,5234,5234,0
24.149735581s,1.323051115s,0s,5232,5232,0
24.821510563s,1.015217915s,0s,5237,5237,0
25.954712397s,1.112865252s,0s,5235,5235,0
26.144469697s,1.127100096s,0s,5240,5240,0
26.159991014s,1.152701003s,0s,5231,5231,0
26.30766348s,1.149549892s,0s,5233,5233,0
26.518390911s,1.351227504s,0s,5238,5238,0
26.58691901s,1.131354822s,0s,5236,5236,0
23.710690231s,1.332407773s,0s,5241,5241,0
23.980573992s,1.469941124s,0s,5243,5243,0
24.642438789s,1.125343074s,0s,5245,5245,0
25.168447361s,1.419726068s,0s,5248,5248,0
25.283147052s,1.068134901s,0s,5246,5246,0
25.435786028s,1.199557189s,0s,5242,5242,0
25.630478823s,1.475054663s,0s,5247,5247,0
25.776119227s,1.211833562s,0s,5244,5244,0
25.878719048s,1.214066397s,0s,5249,5249,0
26.951257033s,1.47001197s,0s,5250,5250,0
23.673863368s,1.064301956s,0s,5258,5258,0
24.203862747s,1.207256575s,0s,5259,5259,0
24.606726864s,1.2637653s,0s,5252,5252,0
24.801455936s,1.158022126s,0s,5256,5256,0
25.278377307s,1.018091438s,0s,5260,5260,0
25.383972564s,1.232541378s,0s,5251,5251,0
25.424654213s,1.130804387s,0s,5255,5255,0
26.191894825s,1.098528023s,0s,5253,5253,0
26.282657815s,1.400228646s,0s,5254,5254,0
27.245280612s,1.332979528s,0s,5257,5257,0
23.613241623s,1.021150988s,0s,5263,5263,0
24.296184194s,1.025418754s,0s,5268,5268,0
24.44645858s,1.108905471s,0s,5269,5269,0
24.452070179s,1.331621988s,0s,5261,5261,0
24.481617955s,1.267396923s,0s,5264,5264,0
24.892707316s,1.409891814s,0s,5265,5265,0
25.170720569s,1.498282551s,0s,5267,5267,0
25.368426289s,1.460027767s,0s,5266,5266,0
25.707286653s,1.216154576s,0s,5270,5270,0
27.088181775s,1.037656032s,0s,5262,5262,0
23.70888734s,1.141559949s,0s,5275,5275,0
23.936777502s,1.242119197s,0s,5272,5272,0
24.819152901s,1.013104459s,0s,5276,5276,0
24.82483478s,1.043315855s,0s,5279,5279,0
24.855472305s,1.435851699s,0s,5278,5278,0
25.163347272s,1.338578045s,0s,5273,5273,0
25.264982419s,1.242077825s,0s,5280,5280,0
25.314544314s,1.166832261s,0s,5274,5274,0
25.359661353s,1.244258153s,0s,5277,5277,0
25.703598963s,1.476095765s,0s,5271,5271,0
23.48411089s,1.020094358s,0s,5285,5285,0
24.088210516s,1.348777748s,0s,5283,5283,0
24.420174003s,1.287380857s,0s,5282,5282,0
24.593869393s,1.095354209s,0s,5288,5288,0
24.883792112s,1.363998458s,0s,5289,5289,0
25.341309766s,1.240188373s,0s,5290,5290,0
25.470984116s,1.116552086s,0s,5286,5286,0
25.708791965s,1.215953079s,0s,5284,5284,0
25.753425381s,1.482270089s,0s,5287,5287,0
26.514476393s,1.211761391s,0s,5281,5281,0
23.511609988s,1.165518168s,0s,5299,5299,0
23.716437758s,1.002527996s,0s,5293,5293,0
24.174473865s,1.442591441s,0s,5298,5298,0
24.223061522s,1.11031455s,0s,5297,5297,0
24.608809317s,1.219798953s,0s,5295,5295,0
24.618404662s,1.332298895s,0s,5294,5294,0
24.778126956s,1.288060251s,0s,5300,5300,0
25.79376157s,1.037806448s,0s,5292,5292,0
26.050676141s,1.453825304s,0s,5291,5291,0
26.317547334s,1.098062457s,0s,5296,5296,0
24.611713716s,1.303850206s,0s,5302,5302,0
24.6434566s,1.244322505s,0s,5308,5308,0
24.971102926s,1.264614641s,0s,5303,5303,0
25.04480295s,1.392086879s,0s,5306,5306,0
25.050464388s,1.029123013s,0s,5301,5301,0
25.137118318s,1.176566169s,0s,5305,5305,0
25.239822805s,1.411290447s,0s,5310,5310,0
25.452850537s,1.216796473s,0s,5307,5307,0
25.614489985s,1.086287838s,0s,5309,5309,0
26.623917218s,1.229085402s,0s,5304,5304,0
23.097672069s,1.148148453s,0s,5314,5314,0
23.543666876s,1.113420967s,0s,5317,5317,0
23.603345435s,1.117878337s,0s,5311,5311,0
23.770141192s,1.116709984s,0s,5312,5312,0
23.912880076s,1.398096997s,0s,5315,5315,0
24.065621128s,1.473367348s,0s,5313,5313,0
24.544627091s,1.028117437s,0s,5319,5319,0
24.647275992s,1.279882304s,0s,5318,5318,0
25.671044892s,1.27662172s,0s,5316,5316,0
25.970006469s,1.181409105s,0s,5320,5320,0
23.576373706s,1.111934578s,0s,5322,5322,0
23.997223516s,1.383573581s,0s,5326,5326,0
24.071776928s,1.27789452s,0s,5325,5325,0
24.127269458s,1.340108626s,0s,5323,5323,0
24.247932318s,1.058490747s,0s,5329,5329,0
24.722872122s,1.082733663s,0s,5330,5330,0
25.710109315s,1.370398997s,0s,5328,5328,0
25.897796745s,1.396828167s,0s,5327,5327,0
25.958514153s,1.024294737s,0s,5324,5324,0
26.176276586s,1.008078191s,0s,5321,5321,0
23.972569574s,1.437118724s,0s,5336,5336,0
24.074312803s,1.277301146s,0s,5338,5338,0
24.672971524s,1.335803884s,0s,5339,5339,0
24.772621921s,1.064723571s,0s,5333,5333,0
24.946353161s,1.29251811s,0s,5337,5337,0
25.305759387s,1.219031698s,0s,5334,5334,0
25.637538039s,1.047320263s,0s,5340,5340,0
26.0133756s,1.444378667s,0s,5335,5335,0
26.751569441s,1.446529069s,0s,5331,5331,0
27.426332591s,1.493756456s,0s,5332,5332,0
23.77209842s,1.491724498s,0s,5350,5350,0
24.735259508s,1.416034542s,0s,5344,5344,0
24.933926813s,1.390604394s,0s,5341,5341,0
25.471732847s,1.098249557s,0s,5342,5342,0
26.111779347s,1.113518174s,0s,5345,5345,0
26.287584817s,1.409803999s,0s,5348,5348,0
26.318258265s,1.221076474s,0s,5343,5343,0
26.424051979s,1.216917886s,0s,5349,5349,0
26.67130634s,1.195719811s,0s,5347,5347,0
27.098156257s,1.260326585s,0s,5346,5346,0
23.477464275s,1.202338022s,0s,5357,5357,0
24.791822409s,1.076163454s,0s,5355,5355,0
25.071547859s,1.165685712s,0s,5360,5360,0
25.202138327s,1.245807231s,0s,5358,5358,0
25.215743808s,1.090443411s,0s,5351,5351,0
25.267282615s,1.165714316s,0s,5352,5352,0
25.592919569s,1.480379353s,0s,5354,5354,0
25.602501086s,1.201121396s,0s,5359,5359,0
26.817170403s,1.311009832s,0s,5356,5356,0
27.184032842s,1.172942758s,0s,5353,5353,0
23.854092676s,1.074426347s,0s,5364,5364,0
23.979880764s,1.492390254s,0s,5366,5366,0
24.435788927s,1.446686894s,0s,5368,5368,0
24.70061478s,1.172646904s,0s,5362,5362,0
25.323406806s,1.47011278s,0s,5361,5361,0
25.399044746s,1.262973634s,0s,5363,5363,0
25.634980096s,1.463995894s,0s,5370,5370,0
26.300181201s,1.421476666s,0s,5365,5365,0
26.344738918s,1.068170992s,0s,5367,5367,0
27.077107503s,1.313160121s,0s,5369,5369,0
23.552095363s,1.155840952s,0s,5375,5375,0
24.432409709s,1.48679112s,0s,5372,5372,0
24.934554682s,1.40754448s,0s,5380,5380,0
24.958137256s,1.346104656s,0s,5374,5374,0
25.49994316s,1.061484832s,0s,5377,5377,0
25.818038963s,1.349357746s,0s,5376,5376,0
25.851721571s,1.039303339s,0s,5379,5379,0
26.697553028s,1.275897749s,0s,5373,5373,0
26.850387971s,1.005064106s,0s,5378,5378,0
27.359453104s,1.270734283s,0s,5371,5371,0
23.567440136s,1.084776798s,0s,5384,5384,0
23.618157693s,1.007506767s,0s,5382,5382,0
24.707019957s,1.359120809s,0s,5381,5381,0
25.069919139s,1.253936855s,0s,5388,5388,0
25.188574408s,1.229651052s,0s,5390,5390,0
25.211206111s,1.494927205s,0s,5389,5389,0
25.314953925s,1.181347108s,0s,5387,5387,0
25.708943278s,1.087077258s,0s,5383,5383,0
26.683658747s,1.377361427s,0s,5385,5385,0
27.3228009s,1.4646623s,0s,5386,5386,0
23.77494525s,1.193476474s,0s,5396,5396,0
24.656799595s,1.322026266s,0s,5398,5398,0
24.781544311s,1.304813149s,0s,5397,5397,0
25.016233928s,1.126038536s,0s,5399,5399,0
25.174956358s,1.084562244s,0s,5394,5394,0
25.238633565s,1.371255497s,0s,5392,5392,0
25.301374857s,1.025104523s,0s,5393,5393,0
25.368057936s,1.106812836s,0s,5391,5391,0
25.3680941s,1.183274259s,0s,5400,5400,0
26.382126206s,1.042341009s,0s,5395,5395,0
23.982281024s,1.246400371s,0s,5406,5406,0
24.59443415s,1.246410902s,0s,5410,5410,0
24.942067716s,1.28691913s,0s,5402,5402,0
25.45057561s,1.100067517s,0s,5404,5404,0
25.489171102s,1.264658255s,0s,5405,5405,0
25.507850073s,1.007603214s,0s,5403,5403,0
25.788709009s,1.021919498s,0s,5408,5408,0
25.874509286s,1.449161698s,0s,5401,5401,0
25.998549186s,1.490367255s,0s,5409,5409,0
26.040150356s,1.449145439s,0s,5407,5407,0
23.483155731s,1.327491654s,0s,5417,5417,0
23.791787614s,1.202932238s,0s,5418,5418,0
24.248472991s,1.477315465s,0s,5413,5413,0
24.504318496s,1.131719172s,0s,5420,5420,0
24.647999488s,1.111434791s,0s,5414,5414,0
24.748672499s,1.105174024s,0s,5412,5412,0
25.249677769s,1.304239992s,0s,5415,5415,0
25.996687608s,1.236037612s,0s,5416,5416,0
26.13739203s,1.347735572s,0s,5411,5411,0
26.798519041s,1.360032177s,0s,5419,5419,0
24.417229919s,1.332643345s,0s,5425,5425,0
24.657008063s,1.45725147s,0s,5430,5430,0
24.681837435s,1.162292348s,0s,5428,5428,0
25.227033518s,1.084387768s,0s,5423,5423,0
25.290591147s,1.077146922s,0s,5421,5421,0
25.530387133s,1.347843645s,0s,5427,5427,0
25.959401763s,1.128604454s,0s,5429,5429,0
26.110146172s,1.399020486s,0s,5422,5422,0
26.263832066s,1.147905401s,0s,5424,5424,0
26.986019568s,1.151028342s,0s,5426,5426,0
23.918066579s,1.04905066s,0s,5433,5433,0
24.603104083s,1.116531475s,0s,5437,5437,0
24.804922174s,1.082327946s,0s,5431,5431,0
24.881594012s,1.283282067s,0s,5435,5435,0
25.275580197s,1.293762312s,0s,5436,5436,0
25.963493516s,1.243070888s,0s,5434,5434,0
26.225216527s,1.286497984s,0s,5438,5438,0
26.587190004s,1.045931212s,0s,5440,5440,0
26.965067692s,1.366992484s,0s,5439,5439,0
27.412117493s,1.150796542s,0s,5432,5432,0
23.38511844s,1.056088318s,0s,5448,5448,0
23.947992715s,1.17195103s,0s,5443,5443,0
24.165683687s,1.141690602s,0s,5441,5441,0
24.314467806s,1.031639052s,0s,5449,5449,0
24.530343613s,1.001373268s,0s,5442,5442,0
24.77211888s,1.050887451s,0s,5450,5450,0
25.393907641s,1.331305572s,0s,5447,5447,0
25.607680022s,1.075292674s,0s,5444,5444,0
26.475027586s,1.485840657s,0s,5445,5445,0
26.977037777s,1.45556874s,0s,5446,5446,0
23.925042498s,1.049133061s,0s,5458,5458,0
24.297913474s,1.064368534s,0s,5452,5452,0
25.272335945s,1.487444214s,0s,5456,5456,0
25.789312495s,1.09909718s,0s,5457,5457,0
25.834852945s,1.471257472s,0s,5454,5454,0
25.867455106s,1.142486723s,0s,5459,5459,0
26.334950818s,1.430033575s,0s,5453,5453,0
26.401656635s,1.243778768s,0s,5451,5451,0
27.236867712s,1.140338291s,0s,5460,5460,0
27.379549814s,1.4946432s,0s,5455,5455,0
23.929081169s,1.065154869s,0s,5462,5462,0
24.023678158s,1.229264443s,0s,5469,5469,0
24.128320622s,1.076489118s,0s,5463,5463,0
24.62928219s,1.347728408s,0s,5465,5465,0
24.761028537s,1.120689335s,0s,5464,5464,0
25.085719168s,1.189034591s,0s,5461,5461,0
25.682651081s,1.281496763s,0s,5467,5467,0
25.791362742s,1.495253633s,0s,5466,5466,0
26.450573373s,1.229270166s,0s,5468,5468,0
27.188692701s,1.45806732s,0s,5470,5470,0
23.44313416s,1.13109157s,0s,5474,5474,0
24.57916956s,1.451030962s,0s,5479,5479,0
24.848975466s,1.082386123s,0s,5472,5472,0
24.871523508s,1.044117068s,0s,5477,5477,0
25.049251531s,1.087633513s,0s,5475,5475,0
25.303055306s,1.467306094s,0s,5480,5480,0
25.325695167s,1.380912955s,0s,5471,5471,0
26.178910707s,1.127963906s,0s,5478,5478,0
26.96675737s,1.289458928s,0s,5476,5476,0
27.015496861s,1.318645301s,0s,5473,5473,0
23.314836932s,1.374875915s,0s,5490,5490,0
23.58282161s,1.363606419s,0s,5482,5482,0
24.358592718s,1.012937483s,0s,5485,5485,0
24.708987268s,1.032319889s,0s,5486,5486,0
24.94081843s,1.017111609s,0s,5484,5484,0
25.081489067s,1.422020722s,0s,5481,5481,0
25.197131106s,1.220681451s,0s,5483,5483,0
25.264811174s,1.344383816s,0s,5488,5488,0
25.276443299s,1.490294607s,0s,5487,5487,0
26.540174839s,1.300045442s,0s,5489,5489,0
23.522664029s,1.044361072s,0s,5492,5492,0
23.831548567s,1.494397854s,0s,5494,5494,0
24.658246642s,1.34917324s,0s,5491,5491,0
24.890066267s,1.355448394s,0s,5499,5499,0
25.460196913s,1.414666635s,0s,5493,5493,0
25.681966579s,1.244955107s,0s,5498,5498,0
25.722586304s,1.435090988s,0s,5495,5495,0
26.715058569s,1.197683951s,0s,5500,5500,0
26.882748581s,1.001062379s,0s,5496,5496,0
27.508841088s,1.433964091s,0s,5497,5497,0
23.832099253s,1.429244022s,0s,5506,5506,0
23.988861286s,1.105083351s,0s,5505,5505,0
24.388692666s,1.036467035s,0s,5509,5509,0
24.605496597s,1.115262424s,0s,5503,5503,0
24.654115719s,1.180521112s,0s,5510,5510,0
24.842830082s,1.350026219s,0s,5501,5501,0
25.380938444s,1.084958524s,0s,5504,5504,0
26.085911424s,1.212695168s,0s,5502,5502,0
26.173578678s,1.043692533s,0s,5508,5508,0
26.646606021s,1.003140848s,0s,5507,5507,0
24.322649857s,1.085165423s,0s,5514,5514,0
24.6525947s,1.489600691s,0s,5513,5513,0
24.718172943s,1.364907794s,0s,5519,5519,0
24.842803084s,1.355663598s,0s,5515,5515,0
24.935423394s,1.44029982s,0s,5512,5512,0
25.256996387s,1.18991251s,0s,5518,5518,0
25.754978495s,1.323159715s,0s,5511,5511,0
26.104790898s,1.43506005s,0s,5516,5516,0
26.549901625s,1.35340673s,0s,5520,5520,0
26.657582784s,1.186722203s,0s,5517,5517,0
24.595220362s,1.29050825s,0s,5529,5529,0
24.803270275s,1.07958617s,0s,5530,5530,0
24.891790668s,1.019110142s,0s,5521,5521,0
24.939408183s,1.367958684s,0s,5526,5526,0
25.740574727s,1.239247692s,0s,5524,5524,0
26.37173016s,1.111786011s,0s,5523,5523,0
26.669672343s,1.17203336s,0s,5525,5525,0
26.676930449s,1.386051747s,0s,5522,5522,0
27.029586569s,1.050330092s,0s,5527,5527,0
27.597246707s,1.325697247s,0s,5528,5528,0
23.496667222s,1.198139206s,0s,5540,5540,0
23.888701638s,1.492645958s,0s,5539,5539,0
24.258590028s,1.347530401s,0s,5537,5537,0
24.36731136s,1.025223604s,0s,5534,5534,0
24.526027257s,1.197000043s,0s,5536,5536,0
24.949616906s,1.478220955s,0s,5535,5535,0
25.189422353s,1.102688099s,0s,5533,5533,0
25.268137077s,1.380751391s,0s,5532,5532,0
25.816235379s,1.084497282s,0s,5531,5531,0
26.048869575s,1.413024837s,0s,5538,5538,0
24.559280346s,1.090189228s,0s,5544,5544,0
24.571917174s,1.403699832s,0s,5543,5543,0
24.64953105s,1.235033731s,0s,5546,5546,0
25.262429475s,1.297303434s,0s,5550,5550,0
25.49215132s,1.159502921s,0s,5548,5548,0
25.722917605s,1.379532685s,0s,5545,5545,0
25.916714327s,1.09018269s,0s,5547,5547,0
26.131535536s,1.434025792s,0s,5541,5541,0
26.45631321s,1.428922616s,0s,5542,5542,0
26.992915026s,1.212738278s,0s,5549,5549,0
23.986124999s,1.126702837s,0s,5556,5556,0
24.166867855s,1.0994675s,0s,5558,5558,0
24.794036714s,1.458130805s,0s,5555,5555,0
24.983877847s,1.078137474s,0s,5553,5553,0
25.367864889s,1.295631291s,0s,5552,5552,0
25.465510037s,1.302887833s,0s,5559,5559,0
26.069255345s,1.219136842s,0s,5551,5551,0
26.178834735s,1.139936587s,0s,5557,5557,0
26.680689492s,1.079290353s,0s,5554,5554,0
26.865461864s,1.271364071s,0s,5560,5560,0
23.247355952s,1.344796327s,0s,5561,5561,0
23.47803188s,1.001095993s,0s,5566,5566,0
23.840880677s,1.498308562s,0s,5569,5569,0
23.884589133s,1.002279382s,0s,5567,5567,0
24.299587332s,1.147820742s,0s,5563,5563,0
24.644491473s,1.10554988s,0s,5562,5562,0
24.648201994s,1.161035884s,0s,5570,5570,0
24.905951876s,1.29533575s,0s,5568,5568,0
25.52608848s,1.424032297s,0s,5564,5564,0
26.991039533s,1.329535821s,0s,5565,5565,0
23.880560764s,1.08206041s,0s,5571,5571,0
24.438649415s,1.494130448s,0s,5573,5573,0
24.543368811s,1.464807682s,0s,5576,5576,0
25.498849491s,1.248865033s,0s,5575,5575,0
25.635625288s,1.369338703s,0s,5580,5580,0
26.041475319s,1.13058912s,0s,5578,5578,0
26.065160331s,1.105241675s,0s,5579,5579,0
26.127814632s,1.416594788s,0s,5574,5574,0
26.441677953s,1.00185109s,0s,5577,5577,0
26.69456694s,1.350098023s,0s,5572,5572,0
24.177801395s,1.396629567s,0s,5581,5581,0
24.365493302s,1.015104516s,0s,5585,5585,0
25.086800728s,1.495782812s,0s,5587,5587,0
25.162451261s,1.397817396s,0s,5582,5582,0
25.350158504s,1.43028634s,0s,5586,5586,0
25.651040351s,1.44253411s,0s,5589,5589,0
25.816851007s,1.412022529s,0s,5588,5588,0
25.936604052s,1.221109093s,0s,5583,5583,0
26.600192689s,1.176987265s,0s,5590,5590,0
27.003928749s,1.263307859s,0s,5584,5584,0
23.617573461s,1.267088629s,0s,5597,5597,0
23.624240823s,1.35684958s,0s,5599,5599,0
24.58679423s,1.113501553s,0s,5600,5600,0
25.143791109s,1.031110922s,0s,5596,5596,0
25.385556015s,1.075294266s,0s,5591,5591,0
25.435238556s,1.180809126s,0s,5592,5592,0
25.769144227s,1.36406708s,0s,5598,5598,0
26.036979196s,1.406484258s,0s,5595,5595,0
26.318823114s,1.386266956s,0s,5593,5593,0
26.493678419s,1.409671025s,0s,5594,5594,0
24.388019711s,1.265052189s,0s,5604,5604,0
24.488642238s,1.153402302s,0s,5610,5610,0
24.744410219s,1.348543907s,0s,5603,5603,0
25.662634898s,1.149128556s,0s,5608,5608,0
25.739232562s,1.263957489s,0s,5609,5609,0
26.263231792s,1.480378066s,0s,5601,5601,0
26.305822682s,1.29631109s,0s,5607,5607,0
26.471513174s,1.211632237s,0s,5602,5602,0
26.524127911s,1.412098893s,0s,5606,5606,0
26.726875804s,1.361793676s,0s,5605,5605,0
23.714454685s,1.104567653s,0s,5620,5620,0
24.092240632s,1.066296914s,0s,5617,5617,0
24.148951788s,1.390553357s,0s,5614,5614,0
24.725044927s,1.111837708s,0s,5619,5619,0
24.819583968s,1.007696013s,0s,5616,5616,0
24.833183662s,1.060967388s,0s,5613,5613,0
25.199164836s,1.413814641s,0s,5612,5612,0
25.458098139s,1.388335257s,0s,5615,5615,0
25.712785127s,1.252034727s,0s,5618,5618,0
26.795242156s,1.439039992s,0s,5611,5611,0
22.953513569s,1.066401798s,0s,5621,5621,0
24.041059189s,1.127819264s,0s,5628,5628,0
24.364471906s,1.254545186s,0s,5626,5626,0
24.395077688s,1.115635149s,0s,5624,5624,0
24.611691844s,1.15403893s,0s,5629,5629,0
24.916616949s,1.499390775s,0s,5625,5625,0
24.932295819s,1.487165773s,0s,5627,5627,0
25.259558751s,1.306841106s,0s,5623,5623,0
25.596569993s,1.061114761s,0s,5630,5630,0
26.906879984s,1.176273156s,0s,5622,5622,0
23.51640815s,1.191411951s,0s,5631,5631,0
23.852096807s,1.211641267s,0s,5637,5637,0
23.952791098s,1.488058026s,0s,5634,5634,0
24.726717202s,1.212806484s,0s,5636,5636,0
24.84534231s,1.091164425s,0s,5632,5632,0
25.327275307s,1.286021135s,0s,5633,5633,0
25.67122373s,1.387602293s,0s,5639,5639,0
26.404649577s,1.361313513s,0s,5638,5638,0
26.428249906s,1.286066131s,0s,5640,5640,0
27.038371655s,1.423821493s,0s,5635,5635,0
24.16498502s,1.367521902s,0s,5650,5650,0
24.220752876s,1.345272139s,0s,5649,5649,0
24.79688716s,1.052885941s,0s,5643,5643,0
25.02963352s,1.195291307s,0s,5648,5648,0
25.289024388s,1.260782591s,0s,5641,5641,0
25.570833067s,1.298040974s,0s,5642,5642,0
25.729423706s,1.236579569s,0s,5646,5646,0
25.954080864s,1.298036134s,0s,5644,5644,0
25.962569999s,1.380759177s,0s,5645,5645,0
26.329444935s,1.07104954s,0s,5647,5647,0
24.49121458s,1.0171089s,0s,5651,5651,0
24.619848585s,1.052581473s,0s,5658,5658,0
25.154551583s,1.366315161s,0s,5657,5657,0
25.303313683s,1.315939614s,0s,5654,5654,0
25.385952651s,1.301678462s,0s,5659,5659,0
25.485656649s,1.116885676s,0s,5656,5656,0
25.721776941s,1.338059005s,0s,5653,5653,0
25.769478311s,1.027322363s,0s,5660,5660,0
26.473677293s,1.297401999s,0s,5655,5655,0
26.773476003s,1.220101707s,0s,5652,5652,0
23.850187047s,1.094304121s,0s,5664,5664,0
24.400193586s,1.090066041s,0s,5668,5668,0
24.930200617s,1.418917136s,0s,5665,5665,0
25.059890526s,1.212931693s,0s,5669,5669,0
25.093517226s,1.273427634s,0s,5670,5670,0
25.285334583s,1.335681784s,0s,5663,5663,0
25.31795487s,1.483116062s,0s,5667,5667,0
25.79501701s,1.020835303s,0s,5661,5661,0
25.93677702s,1.270097676s,0s,5662,5662,0
27.120267484s,1.18060867s,0s,5666,5666,0
23.449681655s,1.082171612s,0s,5673,5673,0
23.97394959s,1.429289149s,0s,5677,5677,0
24.028596465s,1.40710746s,0s,5672,5672,0
24.686795132s,1.40589636s,0s,5671,5671,0
24.793419141s,1.265312256s,0s,5678,5678,0
24.921152736s,1.31459931s,0s,5675,5675,0
25.405352705s,1.257976407s,0s,5679,5679,0
25.687187228s,1.234724995s,0s,5674,5674,0
26.572096227s,1.260090896s,0s,5676,5676,0
26.581647937s,1.121423123s,0s,5680,5680,0
23.412945487s,1.279463675s,0s,5682,5682,0
24.177075875s,1.185245968s,0s,5688,5688,0
24.740791764s,1.158581563s,0s,5685,5685,0
24.853416783s,1.169032155s,0s,5681,5681,0
24.960956402s,1.152374449s,0s,5684,5684,0
25.17162171s,1.017095114s,0s,5686,5686,0
25.286301669s,1.485877418s,0s,5687,5687,0
25.489098496s,1.488037056s,0s,5683,5683,0
25.786991027s,1.167928797s,0s,5689,5689,0
26.134941364s,1.165779077s,0s,5690,5690,0
24.551765418s,1.490388s,0s,5699,5699,0
24.644403922s,1.055144433s,0s,5700,5700,0
24.727056136s,1.083376587s,0s,5693,5693,0
25.446792201s,1.360353025s,0s,5698,5698,0
25.45334652s,1.387612563s,0s,5691,5691,0
25.487973381s,1.084571046s,0s,5696,5696,0
25.966988739s,1.482060905s,0s,5695,5695,0
25.984611754s,1.421813568s,0s,5694,5694,0
26.217575226s,1.114830457s,0s,5692,5692,0
26.837835739s,1.354135697s,0s,5697,5697,0
23.644172685s,1.263330384s,0s,5701,5701,0
23.950015893s,1.385847236s,0s,5710,5710,0
24.2028521s,1.30953643s,0s,5703,5703,0
24.518904772s,1.040048619s,0s,5708,5708,0
24.840785728s,1.397067388s,0s,5705,5705,0
25.232695189s,1.235069931s,0s,5704,5704,0
25.262308135s,1.015916553s,0s,5706,5706,0
25.418027877s,1.145819757s,0s,5702,5702,0
25.884585124s,1.119545699s,0s,5709,5709,0
26.638847285s,1.05532295s,0s,5707,5707,0
24.054289132s,1.226777214s,0s,5714,5714,0
24.188038588s,1.124219769s,0s,5718,5718,0
24.241669269s,1.346062147s,0s,5717,5717,0
24.699775561s,1.26104594s,0s,5712,5712,0
24.869385472s,1.399289901s,0s,5715,5715,0
24.917028386s,1.313831264s,0s,5716,5716,0
25.188885422s,1.223584925s,0s,5720,5720,0
25.321582803s,1.299223653s,0s,5719,5719,0
25.830682789s,1.308579956s,0s,5713,5713,0
26.590024366s,1.402586071s,0s,5711,5711,0
23.667128469s,1.111798671s,0s,5722,5722,0
23.99099083s,1.228447831s,0s,5726,5726,0
24.040657487s,1.230715945s,0s,5728,5728,0
25.070229436s,1.384034627s,0s,5730,5730,0
25.179741996s,1.444511613s,0s,5725,5725,0
25.196289747s,1.178014944s,0s,5721,5721,0
25.577894221s,1.462768135s,0s,5723,5723,0
25.643452741s,1.439313703s,0s,5727,5727,0
25.85922136s,1.185246682s,0s,5729,5729,0
26.760197423s,1.103510783s,0s,5724,5724,0
24.213559426s,1.20790639s,0s,5740,5740,0
24.429432088s,1.084070183s,0s,5739,5739,0
24.566163453s,1.199611123s,0s,5734,5734,0
24.608773244s,1.36653608s,0s,5732,5732,0
25.45221368s,1.292057075s,0s,5736,5736,0
25.556648398s,1.467826285s,0s,5735,5735,0
26.228865666s,1.17436497s,0s,5737,5737,0
26.259503595s,1.01357881s,0s,5733,5733,0
26.650425572s,1.055846086s,0s,5738,5738,0
26.650447209s,1.345331188s,0s,5731,5731,0
24.346660257s,1.471915628s,0s,5750,5750,0
24.679565559s,1.476023275s,0s,5748,5748,0
25.161579999s,1.14554134s,0s,5746,5746,0
25.324208211s,1.443640065s,0s,5743,5743,0
25.414783467s,1.205932153s,0s,5742,5742,0
25.462438068s,1.21702927s,0s,5744,5744,0
25.470999227s,1.166706416s,0s,5745,5745,0
25.486607516s,1.006257257s,0s,5749,5749,0
25.607201629s,1.32330038s,0s,5747,5747,0
25.938056712s,1.003070674s,0s,5741,5741,0
23.517611442s,1.406801625s,0s,5755,5755,0
24.49112176s,1.115566907s,0s,5752,5752,0
24.877801165s,1.112378045s,0s,5754,5754,0
24.93848899s,1.288076289s,0s,5758,5758,0
24.955110433s,1.461075261s,0s,5760,5760,0
25.049866153s,1.172806415s,0s,5753,5753,0
25.124438027s,1.359354316s,0s,5757,5757,0
25.641408832s,1.087147947s,0s,5756,5756,0
26.209531349s,1.40155983s,0s,5751,5751,0
26.403304836s,1.476225373s,0s,5759,5759,0
23.967184119s,1.32699394s,0s,5763,5763,0
24.217903617s,1.169122672s,0s,5764,5764,0
24.810662222s,1.498844861s,0s,5765,5765,0
24.991456636s,1.152982347s,0s,5767,5767,0
25.35841342s,1.394392347s,0s,5770,5770,0
25.538390107s,1.255451724s,0s,5766,5766,0
25.57604073s,1.30766085s,0s,5769,5769,0
25.648733594s,1.115687487s,0s,5761,5761,0
25.989671801s,1.421567407s,0s,5768,5768,0
26.041153816s,1.36613163s,0s,5762,5762,0
24.014317484s,1.449034463s,0s,5777,5777,0
24.819476745s,1.046776737s,0s,5773,5773,0
24.842147128s,1.11166054s,0s,5780,5780,0
25.34826755s,1.283427224s,0s,5776,5776,0
25.411973267s,1.105295415s,0s,5772,5772,0
26.150871741s,1.149042169s,0s,5779,5779,0
26.332629779s,1.106452656s,0s,5775,5775,0
26.432253028s,1.100067895s,0s,5771,5771,0
26.877224679s,1.138918121s,0s,5774,5774,0
27.062056331s,1.424760047s,0s,5778,5778,0
23.566275085s,1.409350813s,0s,5781,5781,0
24.115291544s,1.421556255s,0s,5784,5784,0
24.553378665s,1.050184623s,0s,5790,5790,0
24.763119513s,1.371135379s,0s,5788,5788,0
24.844786954s,1.450823562s,0s,5783,5783,0
26.266080391s,1.070404439s,0s,5785,5785,0
26.650951781s,1.458014877s,0s,5782,5782,0
26.888820861s,1.097595977s,0s,5787,5787,0
26.888845548s,1.496280045s,0s,5789,5789,0
27.06105556s,1.104830371s,0s,5786,5786,0
23.738093513s,1.14813319s,0s,5799,5799,0
24.443242664s,1.307038053s,0s,5794,5794,0
24.980146933s,1.002640142s,0s,5800,5800,0
24.987857056s,1.0159127s,0s,5791,5791,0
25.113498005s,1.311250015s,0s,5797,5797,0
25.559451811s,1.373546897s,0s,5798,5798,0
25.673258298s,1.391769527s,0s,5796,5796,0
25.965967806s,1.183353896s,0s,5793,5793,0
26.157697832s,1.287823842s,0s,5792,5792,0
27.30766461s,1.251597869s,0s,5795,5795,0
22.95718874s,1.039230315s,0s,5803,5803,0
23.896603596s,1.131673023s,0s,5810,5810,0
24.104485832s,1.205942964s,0s,5807,5807,0
24.655062798s,1.038134453s,0s,5804,5804,0
24.778720332s,1.084453793s,0s,5809,5809,0
24.805304526s,1.269086548s,0s,5806,5806,0
25.906811329s,1.497435383s,0s,5802,5802,0
26.236577294s,1.297052119s,0s,5805,5805,0
26.382232405s,1.274389465s,0s,5801,5801,0
26.86990744s,1.283618536s,0s,5808,5808,0
24.384188188s,1.141597102s,0s,5811,5811,0
24.565926499s,1.273090865s,0s,5813,5813,0
24.589557938s,1.060367526s,0s,5818,5818,0
25.11627672s,1.049142273s,0s,5814,5814,0
25.253021677s,1.367305737s,0s,5820,5820,0
25.273729832s,1.396597663s,0s,5817,5817,0
26.031600342s,1.06037192s,0s,5816,5816,0
26.213646153s,1.183841392s,0s,5812,5812,0
26.307380094s,1.46297596s,0s,5815,5815,0
27.573223905s,1.471117572s,0s,5819,5819,0
23.900389863s,1.494145774s,0s,5829,5829,0
24.385442482s,1.123442406s,0s,5828,5828,0
24.672285289s,1.243086679s,0s,5824,5824,0
25.189973574s,1.109192344s,0s,5823,5823,0
25.308584612s,1.212705875s,0s,5821,5821,0
25.717589705s,1.224945611s,0s,5826,5826,0
25.834337184s,1.413940549s,0s,5822,5822,0
25.984996458s,1.287300348s,0s,5825,5825,0
26.787071029s,1.342474438s,0s,5827,5827,0
26.903749476s,1.368745131s,0s,5830,5830,0
23.200079049s,1.243535105s,0s,5839,5839,0
23.555101812s,1.159621397s,0s,5836,5836,0
24.307431955s,1.089408341s,0s,5840,5840,0
24.499133399s,1.190046756s,0s,5832,5832,0
24.716958911s,1.028108459s,0s,5834,5834,0
24.920751293s,1.203284691s,0s,5837,5837,0
25.273589017s,1.250748074s,0s,5838,5838,0
25.677590016s,1.303101029s,0s,5833,5833,0
26.586237412s,1.289000134s,0s,5831,5831,0
27.234315046s,1.394323074s,0s,5835,5835,0
23.112235089s,1.044873044s,0s,5848,5848,0
23.646315761s,1.287827932s,0s,5850,5850,0
24.152291521s,1.453388035s,0s,5843,5843,0
24.469913029s,1.286721465s,0s,5841,5841,0
24.566546005s,1.500021062s,0s,5849,5849,0
24.87232595s,1.18631707s,0s,5844,5844,0
25.518483761s,1.457660617s,0s,5842,5842,0
25.543220484s,1.316093348s,0s,5846,5846,0
26.536314735s,1.498874812s,0s,5847,5847,0
26.699922444s,1.101081389s,0s,5845,5845,0
24.039381667s,1.158077353s,0s,5853,5853,0
24.243187479s,1.109170621s,0s,5859,5859,0
24.304783651s,1.301385844s,0s,5857,5857,0
24.643782712s,1.412962076s,0s,5860,5860,0
24.965681293s,1.312698925s,0s,5851,5851,0
25.215693011s,1.145890141s,0s,5855,5855,0
25.569486026s,1.13863034s,0s,5856,5856,0
25.591073802s,1.302485014s,0s,5852,5852,0
26.555522669s,1.4652401s,0s,5858,5858,0
26.769273404s,1.131456779s,0s,5854,5854,0
23.197101786s,1.013099585s,0s,5862,5862,0
23.98338605s,1.076330444s,0s,5867,5867,0
24.221289907s,1.378218733s,0s,5869,5869,0
24.733427622s,1.259438641s,0s,5866,5866,0
25.232565545s,1.141113937s,0s,5865,5865,0
25.535507135s,1.107830021s,0s,5868,5868,0
25.887397345s,1.390394152s,0s,5864,5864,0
26.085962927s,1.319983768s,0s,5870,5870,0
26.587840222s,1.305746463s,0s,5861,5861,0
26.612550253s,1.091574117s,0s,5863,5863,0
23.463899072s,1.252321272s,0s,5876,5876,0
24.085081397s,1.359629264s,0s,5880,5880,0
24.210855632s,1.225770762s,0s,5875,5875,0
24.352604498s,1.033149301s,0s,5872,5872,0
24.357324775s,1.187114008s,0s,5878,5878,0
24.800300432s,1.391858679s,0s,5879,5879,0
25.581222466s,1.237077098s,0s,5877,5877,0
25.838012451s,1.447315521s,0s,5873,5873,0
26.396004664s,1.41007789s,0s,5874,5874,0
26.919028752s,1.218432416s,0s,5871,5871,0
23.851247471s,1.298080042s,0s,5889,5889,0
24.816912349s,1.178426156s,0s,5885,5885,0
24.822620902s,1.346334785s,0s,5883,5883,0
25.126516357s,1.189582275s,0s,5887,5887,0
25.248392311s,1.438045396s,0s,5884,5884,0
25.279056466s,1.205836671s,0s,5888,5888,0
25.514722605s,1.007081662s,0s,5890,5890,0
26.459483211s,1.392789989s,0s,5882,5882,0
26.538068129s,1.384526401s,0s,5881,5881,0
27.690038465s,1.438048414s,0s,5886,5886,0
24.252504794s,1.339372267s,0s,5898,5898,0
24.438299052s,1.060259542s,0s,5895,5895,0
24.442879628s,1.098448698s,0s,5891,5891,0
24.448572995s,1.447643708s,0s,5894,5894,0
24.615349437s,1.025795046s,0s,5897,5897,0
24.837140635s,1.048046147s,0s,5899,5899,0
24.969897568s,1.466935997s,0s,5900,5900,0
25.164564601s,1.337194557s,0s,5892,5892,0
25.321285631s,1.306950123s,0s,5893,5893,0
26.211992893s,1.11661582s,0s,5896,5896,0
23.685185422s,1.167437621s,0s,5909,5909,0
23.899925967s,1.435153635s,0s,5903,5903,0
24.309575619s,1.031104017s,0s,5901,5901,0
24.354328673s,1.181645259s,0s,5907,5907,0
25.485373552s,1.183885625s,0s,5904,5904,0
25.581016528s,1.495379166s,0s,5908,5908,0
25.622543362s,1.431990623s,0s,5906,5906,0
26.137606818s,1.413711173s,0s,5910,5910,0
26.752739446s,1.21613605s,0s,5902,5902,0
27.044430227s,1.404520394s,0s,5905,5905,0
23.412858623s,1.070565031s,0s,5911,5911,0
23.556649653s,1.257452325s,0s,5915,5915,0
24.487076899s,1.470264637s,0s,5914,5914,0
24.682813817s,1.065167427s,0s,5920,5920,0
24.731589752s,1.419924334s,0s,5913,5913,0
25.137496858s,1.423028768s,0s,5919,5919,0
25.23134548s,1.12310291s,0s,5917,5917,0
25.563998718s,1.066336225s,0s,5912,5912,0
26.169995168s,1.091892418s,0s,5916,5916,0
26.335704167s,1.285635206s,0s,5918,5918,0
23.994749789s,1.156312621s,0s,5930,5930,0
24.204617273s,1.029105562s,0s,5922,5922,0
25.126195034s,1.127108474s,0s,5928,5928,0
25.209130928s,1.252064604s,0s,5926,5926,0
25.518900986s,1.178788021s,0s,5925,5925,0
25.637580177s,1.171570735s,0s,5921,5921,0
25.661171019s,1.097422975s,0s,5923,5923,0
25.973972498s,1.38894638s,0s,5929,5929,0
25.980534451s,1.390093098s,0s,5927,5927,0
26.0461519s,1.112632255s,0s,5924,5924,0
23.605017986s,1.234720246s,0s,5932,5932,0
23.608707523s,1.173239268s,0s,5939,5939,0
24.434452305s,1.205466021s,0s,5937,5937,0
25.252394096s,1.083378911s,0s,5934,5934,0
25.445794202s,1.337957216s,0s,5940,5940,0
25.463546073s,1.120974188s,0s,5931,5931,0
25.959909555s,1.365118824s,0s,5936,5936,0
26.412998487s,1.070141872s,0s,5933,5933,0
26.636906424s,1.087550477s,0s,5935,5935,0
27.048027535s,1.110783603s,0s,5938,5938,0
23.020244389s,1.092607935s,0s,5946,5946,0
23.817125069s,1.17873736s,0s,5943,5943,0
23.893670903s,1.002066107s,0s,5948,5948,0
24.253451607s,1.118849067s,0s,5945,5945,0
24.641016081s,1.133072736s,0s,5942,5942,0
24.866744942s,1.462235458s,0s,5947,5947,0
24.987441442s,1.277992182s,0s,5944,5944,0
25.233464842s,1.166549123s,0s,5949,5949,0
25.518273872s,1.068339705s,0s,5941,5941,0
26.493705483s,1.155286178s,0s,5950,5950,0
23.68989041s,1.038582998s,0s,5959,5959,0
23.699505546s,1.12054859s,0s,5960,5960,0
24.00737611s,1.304124059s,0s,5955,5955,0
24.047044673s,1.352365799s,0s,5958,5958,0
24.757175639s,1.234979323s,0s,5951,5951,0
25.220108495s,1.011082419s,0s,5957,5957,0
25.521016959s,1.051050998s,0s,5952,5952,0
25.907931458s,1.01735362s,0s,5956,5956,0
26.188728901s,1.098314928s,0s,5953,5953,0
26.333413456s,1.040855616s,0s,5954,5954,0
23.223844545s,1.266068457s,0s,5963,5963,0
24.996024469s,1.421896491s,0s,5961,5961,0
25.220759479s,1.364503876s,0s,5965,5965,0
25.742082923s,1.158116734s,0s,5970,5970,0
25.774695864s,1.145180111s,0s,5968,5968,0
25.966786066s,1.438075262s,0s,5962,5962,0
26.166516144s,1.246657213s,0s,5964,5964,0
26.305244618s,1.182374053s,0s,5966,5966,0
26.796270962s,1.409677006s,0s,5967,5967,0
26.99699628s,1.342301426s,0s,5969,5969,0
23.767089535s,1.229057881s,0s,5975,5975,0
23.874752442s,1.470541566s,0s,5976,5976,0
23.956438273s,1.395069677s,0s,5980,5980,0
25.621414051s,1.217882497s,0s,5974,5974,0
25.757944788s,1.024523065s,0s,5978,5978,0
25.810646879s,1.257283145s,0s,5971,5971,0
25.846385434s,1.277548428s,0s,5973,5973,0
25.856949755s,1.002286712s,0s,5977,5977,0
26.161689351s,1.303731322s,0s,5979,5979,0
26.688679682s,1.443255887s,0s,5972,5972,0
24.420103621s,1.069116742s,0s,5987,5987,0
24.691945927s,1.018715451s,0s,5985,5985,0
24.7516446s,1.217689529s,0s,5986,5986,0
24.772305934s,1.205501924s,0s,5989,5989,0
24.877846444s,1.065993931s,0s,5982,5982,0
24.951512938s,1.294311224s,0s,5983,5983,0
25.621623628s,1.251971655s,0s,5984,5984,0
25.691330323s,1.262092854s,0s,5988,5988,0
26.483433542s,1.333734613s,0s,5981,5981,0
26.615102427s,1.304550189s,0s,5990,5990,0
23.205899175s,1.349718596s,0s,5993,5993,0
23.58973426s,1.186728053s,0s,5997,5997,0
24.595724438s,1.482372348s,0s,5991,5991,0
24.634259247s,1.448105212s,0s,5996,5996,0
25.017330625s,1.431991739s,0s,5998,5998,0
25.281774235s,1.29348002s,0s,5999,5999,0
25.310430445s,1.272231489s,0s,5992,5992,0
25.582294365s,1.016150701s,0s,5994,5994,0
25.585911387s,1.101429318s,0s,5995,5995,0
26.099938049s,1.259043457s,0s,6000,6000,0
24.061829286s,1.228337466s,0s,6004,6004,0
24.215930573s,1.05936998s,0s,6007,6007,0
25.131945656s,1.360853308s,0s,6001,6001,0
25.184575201s,1.089543864s,0s,6009,6009,0
25.448428902s,1.428067399s,0s,6003,6003,0
25.500935743s,1.46038871s,0s,6002,6002,0
25.583629578s,1.313605314s,0s,6010,6010,0
25.740331856s,1.159072891s,0s,6005,6005,0
26.133190474s,1.049146102s,0s,6006,6006,0
26.14489319s,1.13784999s,0s,6008,6008,0
23.472267811s,1.43086219s,0s,6016,6016,0
24.596875124s,1.147436241s,0s,6012,6012,0
24.723501235s,1.221676096s,0s,6018,6018,0
24.732051531s,1.263959247s,0s,6011,6011,0
25.051915857s,1.382636462s,0s,6020,6020,0
25.274652734s,1.292418545s,0s,6013,6013,0
25.99190487s,1.448067804s,0s,6017,6017,0
25.993344999s,1.498284701s,0s,6015,6015,0
26.019839696s,1.270064319s,0s,6014,6014,0
26.77755475s,1.007109309s,0s,6019,6019,0
23.091535842s,1.150259183s,0s,6022,6022,0
23.586614425s,1.430682115s,0s,6027,6027,0
24.292781774s,1.346840906s,0s,6025,6025,0
24.361355986s,1.464084574s,0s,6030,6030,0
25.879408487s,1.409436293s,0s,6023,6023,0
26.204286663s,1.360022003s,0s,6029,6029,0
26.260588302s,1.156573983s,0s,6021,6021,0
26.383216404s,1.436958092s,0s,6024,6024,0
26.519922408s,1.365245276s,0s,6026,6026,0
27.40782502s,1.253560228s,0s,6028,6028,0
22.849843933s,1.050126215s,0s,6037,6037,0
23.192725135s,1.128892178s,0s,6034,6034,0
23.269373936s,1.417574437s,0s,6035,6035,0
24.033175066s,1.13707148s,0s,6040,6040,0
24.105654651s,1.230654117s,0s,6038,6038,0
24.605505476s,1.118603471s,0s,6031,6031,0
25.668095876s,1.282971885s,0s,6033,6033,0
26.406561209s,1.345277003s,0s,6036,6036,0
26.620349489s,1.206367909s,0s,6032,6032,0
27.31719158s,1.055336779s,0s,6039,6039,0
23.788558243s,1.254034844s,0s,6045,6045,0
24.066512167s,1.254036693s,0s,6047,6047,0
24.325342449s,1.058346028s,0s,6044,6044,0
24.829267967s,1.18379228s,0s,6049,6049,0
25.537031736s,1.059445722s,0s,6042,6042,0
25.64468584s,1.047131389s,0s,6050,6050,0
25.906915823s,1.287333144s,0s,6046,6046,0
26.021611423s,1.391880442s,0s,6043,6043,0
26.655720213s,1.290598963s,0s,6041,6041,0
27.372422193s,1.488049676s,0s,6048,6048,0
23.283469522s,1.190850577s,0s,6059,6059,0
24.468767347s,1.259769648s,0s,6052,6052,0
24.669578431s,1.224270589s,0s,6057,6057,0
24.732183969s,1.351086507s,0s,6053,6053,0
24.852720956s,1.094332168s,0s,6056,6056,0
24.854265211s,1.003098143s,0s,6054,6054,0
24.886830455s,1.226491841s,0s,6058,6058,0
26.003318888s,1.211063779s,0s,6051,6051,0
26.415188585s,1.119597378s,0s,6060,6060,0
26.501799104s,1.366319284s,0s,6055,6055,0
24.883854339s,1.07408695s,0s,6067,6067,0
24.986508117s,1.325535192s,0s,6068,6068,0
25.643619045s,1.216034168s,0s,6070,6070,0
25.887405124s,1.392117747s,0s,6064,6064,0
26.241202849s,1.30131983s,0s,6065,6065,0
26.339856654s,1.454369761s,0s,6066,6066,0
26.349417533s,1.115378787s,0s,6069,6069,0
26.509102983s,1.206655931s,0s,6061,6061,0
26.594642339s,1.214931513s,0s,6063,6063,0
26.637260923s,1.335819085s,0s,6062,6062,0
24.30782242s,1.066075715s,0s,6078,6078,0
24.378466133s,1.157292504s,0s,6071,6071,0
24.45596767s,1.277652809s,0s,6072,6072,0
24.509679045s,1.216474578s,0s,6073,6073,0
24.72241971s,1.041869909s,0s,6080,6080,0
25.058239163s,1.326276982s,0s,6076,6076,0
25.202848602s,1.037690687s,0s,6079,6079,0
25.982132968s,1.324059289s,0s,6077,6077,0
25.995639153s,1.3048463s,0s,6075,6075,0
26.858531719s,1.402516141s,0s,6074,6074,0
23.143632287s,1.29798747s,0s,6089,6089,0
24.090976434s,1.407656242s,0s,6090,6090,0
24.352187167s,1.246427487s,0s,6088,6088,0
24.602042148s,1.266693643s,0s,6086,6086,0
25.420488601s,1.495385563s,0s,6082,6082,0
25.684265346s,1.305127255s,0s,6085,6085,0
25.707856642s,1.088100803s,0s,6083,6083,0
25.907570317s,1.487080797s,0s,6084,6084,0
25.93220618s,1.386417834s,0s,6081,6081,0
26.171856642s,1.451834437s,0s,6087,6087,0
23.028096732s,1.325582917s,0s,6098,6098,0
23.304896641s,1.385303223s,0s,6097,6097,0
23.327429049s,1.048649422s,0s,6095,6095,0
24.749578053s,1.10890254s,0s,6091,6091,0
24.822175715s,1.397514947s,0s,6092,6092,0
25.40889903s,1.351861757s,0s,6093,6093,0
25.627638497s,1.361081903s,0s,6096,6096,0
26.094607137s,1.2113387s,0s,6094,6094,0
26.249349731s,1.44370114s,0s,6100,6100,0
26.716468451s,1.131051662s,0s,6099,6099,0
23.311909617s,1.14302475s,0s,6106,6106,0
24.261180286s,1.175223722s,0s,6110,6110,0
24.657030451s,1.382970232s,0s,6104,6104,0
25.030734776s,1.334721655s,0s,6109,6109,0
25.093389283s,1.296706246s,0s,6107,6107,0
25.126005761s,1.27745089s,0s,6103,6103,0
25.361801102s,1.491300724s,0s,6108,6108,0
25.723540279s,1.022553772s,0s,6101,6101,0
25.852147415s,1.10982539s,0s,6102,6102,0
25.981771134s,1.303464056s,0s,6105,6105,0
23.054589329s,1.02843956s,0s,6111,6111,0
23.730463455s,1.400281849s,0s,6114,6114,0
24.012269319s,1.243421055s,0s,6112,6112,0
24.231069818s,1.091079946s,0s,6118,6118,0
24.689094237s,1.024200306s,0s,6115,6115,0
24.846869746s,1.057875742s,0s,6116,6116,0
25.653362306s,1.388009584s,0s,6120,6120,0
25.999272148s,1.343809327s,0s,6117,6117,0
26.09408737s,1.049629793s,0s,6119,6119,0
26.183708515s,1.292604716s,0s,6113,6113,0
23.075091573s,1.147052162s,0s,6126,6126,0
23.193817677s,1.176307225s,0s,6127,6127,0
24.433678169s,1.479110569s,0s,6121,6121,0
24.497221574s,1.082191713s,0s,6130,6130,0
25.022414613s,1.10763508s,0s,6123,6123,0
25.195175322s,1.379926096s,0s,6125,6125,0
25.239751294s,1.085395276s,0s,6128,6128,0
25.663632044s,1.128868592s,0s,6122,6122,0
25.784305162s,1.198535429s,0s,6129,6129,0
26.787038382s,1.484367908s,0s,6124,6124,0
23.404260497s,1.455070977s,0s,6132,6132,0
23.949288638s,1.388643036s,0s,6135,6135,0
24.030948341s,1.050431761s,0s,6139,6139,0
24.379935781s,1.025089336s,0s,6136,6136,0
24.526647761s,1.431931719s,0s,6137,6137,0
24.913514776s,1.128931917s,0s,6134,6134,0
25.142479843s,1.288421624s,0s,6140,6140,0
25.476391199s,1.10265683s,0s,6131,6131,0
25.776205278s,1.455057308s,0s,6138,6138,0
26.637271318s,1.158060396s,0s,6133,6133,0
23.713361608s,1.100122843s,0s,6146,6146,0
23.984231747s,1.278362435s,0s,6145,6145,0
24.441998519s,1.191071195s,0s,6147,6147,0
24.582731402s,1.162769047s,0s,6150,6150,0
24.895413468s,1.342578255s,0s,6143,6143,0
25.385295077s,1.480114956s,0s,6149,6149,0
25.738226845s,1.011115515s,0s,6142,6142,0
26.049827723s,1.121525966s,0s,6141,6141,0
26.439449033s,1.440858905s,0s,6144,6144,0
27.038408072s,1.119334172s,0s,6148,6148,0
24.009722385s,1.284856377s,0s,6152,6152,0
24.075396959s,1.093425967s,0s,6156,6156,0
24.406268506s,1.20731013s,0s,6154,6154,0
24.447835947s,1.158908788s,0s,6151,6151,0
24.664555602s,1.438084714s,0s,6153,6153,0
25.182701023s,1.093420601s,0s,6158,6158,0
25.224563013s,1.139650425s,0s,6159,6159,0
25.55237491s,1.041136426s,0s,6157,6157,0
25.75318679s,1.217584884s,0s,6155,6155,0
26.853530312s,1.19808267s,0s,6160,6160,0
23.578319868s,1.330916115s,0s,6169,6169,0
23.816147854s,1.258658286s,0s,6165,6165,0
23.982928111s,1.393040839s,0s,6166,6166,0
24.476026857s,1.466671444s,0s,6162,6162,0
24.779867864s,1.480029129s,0s,6168,6168,0
25.01253972s,1.462308409s,0s,6164,6164,0
25.138297798s,1.17542845s,0s,6161,6161,0
26.579328052s,1.465501982s,0s,6163,6163,0
26.603926319s,1.140227313s,0s,6167,6167,0
27.288865102s,1.476875359s,0s,6170,6170,0
23.361913861s,1.330929449s,0s,6177,6177,0
24.007182647s,1.351100293s,0s,6173,6173,0
24.7840264s,1.429038795s,0s,6180,6180,0
24.952716821s,1.086148111s,0s,6172,6172,0
25.047319685s,1.385780708s,0s,6175,6175,0
25.148011263s,1.492272915s,0s,6176,6176,0
25.859273371s,1.310708417s,0s,6171,6171,0
26.342349774s,1.360327586s,0s,6179,6179,0
26.776920993s,1.378533562s,0s,6174,6174,0
26.863582288s,1.243483475s,0s,6178,6178,0
24.462310295s,1.332811185s,0s,6185,6185,0
24.555908744s,1.07937484s,0s,6181,6181,0
24.755605235s,1.153931325s,0s,6184,6184,0
24.801227016s,1.239463653s,0s,6182,6182,0
24.97499118s,1.187046577s,0s,6183,6183,0
24.988557648s,1.045120356s,0s,6189,6189,0
25.253374205s,1.199250655s,0s,6188,6188,0
25.735096346s,1.471288356s,0s,6187,6187,0
26.279040355s,1.144726426s,0s,6190,6190,0
26.792958747s,1.389049031s,0s,6186,6186,0
23.759407903s,1.1335416s,0s,6200,6200,0
24.267460086s,1.173744803s,0s,6194,6194,0
24.27602345s,1.092249264s,0s,6192,6192,0
24.344647315s,1.046754773s,0s,6191,6191,0
24.934676935s,1.183954135s,0s,6198,6198,0
25.801867517s,1.392422041s,0s,6196,6196,0
25.966584758s,1.478668866s,0s,6197,6197,0
26.313942766s,1.317130011s,0s,6199,6199,0
26.331629638s,1.049959141s,0s,6193,6193,0
26.378227231s,1.050030968s,0s,6195,6195,0
23.89489142s,1.152240948s,0s,6205,6205,0
24.241586527s,1.309097373s,0s,6206,6206,0
24.851311732s,1.12174386s,0s,6208,6208,0
24.864975494s,1.369547237s,0s,6203,6203,0
24.90366075s,1.35929461s,0s,6207,6207,0
24.932187021s,1.253669104s,0s,6204,6204,0
25.105014447s,1.291904237s,0s,6210,6210,0
25.150650603s,1.481814411s,0s,6209,6209,0
25.35745125s,1.192441529s,0s,6202,6202,0
26.265765969s,1.135965849s,0s,6201,6201,0
24.111148965s,1.215528776s,0s,6217,6217,0
24.118820019s,1.303789127s,0s,6214,6214,0
24.629564399s,1.424503473s,0s,6219,6219,0
25.071573862s,1.15585778s,0s,6213,6213,0
25.743711952s,1.32005366s,0s,6212,6212,0
25.842396216s,1.178025931s,0s,6211,6211,0
26.045233867s,1.437760646s,0s,6216,6216,0
26.671521628s,1.210237623s,0s,6220,6220,0
27.130585894s,1.357247088s,0s,6215,6215,0
27.788764286s,1.466961035s,0s,6218,6218,0
24.79306948s,1.496326646s,0s,6222,6222,0
25.052806265s,1.365706946s,0s,6227,6227,0
25.366764523s,1.373009715s,0s,6226,6226,0
25.472472211s,1.352143072s,0s,6221,6221,0
25.518008555s,1.085651561s,0s,6223,6223,0
25.548171263s,1.357492921s,0s,6229,6229,0
25.561837339s,1.027379685s,0s,6230,6230,0
25.692197959s,1.35323802s,0s,6225,6225,0
26.526419719s,1.17388107s,0s,6228,6228,0
27.662357017s,1.499512633s,0s,6224,6224,0
23.01613921s,1.16074801s,0s,6238,6238,0
24.03350641s,1.45696273s,0s,6236,6236,0
24.88398133s,1.191981428s,0s,6237,6237,0
25.099695701s,1.497094138s,0s,6234,6234,0
25.172477758s,1.346425767s,0s,6231,6231,0
25.503140108s,1.298174384s,0s,6235,6235,0
25.559719196s,1.073428609s,0s,6233,6233,0
25.72652084s,1.011981619s,0s,6232,6232,0
26.668096708s,1.029241612s,0s,6240,6240,0
26.977988983s,1.38768936s,0s,6239,6239,0
23.577485724s,1.360068907s,0s,6245,6245,0
25.4689392s,1.423720074s,0s,6241,6241,0
25.471527887s,1.080122121s,0s,6249,6249,0
25.59420359s,1.208592241s,0s,6248,6248,0
25.75291836s,1.163422717s,0s,6246,6246,0
26.127508197s,1.348907596s,0s,6242,6242,0
26.723599788s,1.389294012s,0s,6244,6244,0
26.738182216s,1.021984785s,0s,6250,6250,0
26.903791818s,1.391517057s,0s,6247,6247,0
27.068494368s,1.499008921s,0s,6243,6243,0
23.243961836s,1.050216375s,0s,6253,6253,0
23.964509681s,1.172695751s,0s,6254,6254,0
24.314301663s,1.293510288s,0s,6255,6255,0
24.680307398s,1.293505223s,0s,6256,6256,0
24.91015213s,1.11647679s,0s,6258,6258,0
25.115825705s,1.478298366s,0s,6259,6259,0
25.197401042s,1.24900285s,0s,6260,6260,0
25.250021648s,1.390019041s,0s,6251,6251,0
25.362653124s,1.288218205s,0s,6257,6257,0
26.844613656s,1.369847457s,0s,6252,6252,0
23.134059437s,1.156635518s,0s,6267,6267,0
24.108049757s,1.271050182s,0s,6266,6266,0
25.042724664s,1.00112091s,0s,6262,6262,0
25.149293269s,1.489982125s,0s,6268,6268,0
25.256989267s,1.246914942s,0s,6269,6269,0
25.615847965s,1.364350301s,0s,6264,6264,0
25.66952308s,1.100461956s,0s,6270,6270,0
26.171526725s,1.439781412s,0s,6265,6265,0
26.192137512s,1.411531127s,0s,6263,6263,0
26.308801845s,1.498278796s,0s,6261,6261,0
24.097196042s,1.371306921s,0s,6273,6273,0
24.959645719s,1.192614531s,0s,6280,6280,0
25.002199475s,1.104373561s,0s,6276,6276,0
25.121871807s,1.076140259s,0s,6271,6271,0
25.246511081s,1.348038183s,0s,6278,6278,0
25.261077365s,1.302920661s,0s,6274,6274,0
25.488823836s,1.008689248s,0s,6279,6279,0
25.574546277s,1.451732059s,0s,6275,6275,0
25.893961876s,1.448515421s,0s,6272,6272,0
26.480974872s,1.01797663s,0s,6277,6277,0
23.673458728s,1.240916165s,0s,6285,6285,0
24.12451072s,1.059258264s,0s,6281,6281,0
24.29297616s,1.006993504s,0s,6288,6288,0
24.567866017s,1.139985117s,0s,6282,6282,0
24.671658033s,1.117758539s,0s,6289,6289,0
24.747294446s,1.087515936s,0s,6286,6286,0
25.219827536s,1.305078624s,0s,6290,6290,0
25.974031984s,1.168226463s,0s,6287,6287,0
26.8564331s,1.232661608s,0s,6284,6284,0
27.115286049s,1.217414054s,0s,6283,6283,0
23.730329547s,1.311451263s,0s,6293,6293,0
24.26745514s,1.220734142s,0s,6297,6297,0
24.445056537s,1.249003955s,0s,6300,6300,0
24.809999879s,1.037369738s,0s,6298,6298,0
25.149958441s,1.32261613s,0s,6294,6294,0
25.529820117s,1.015075698s,0s,6292,6292,0
25.596469908s,1.439346166s,0s,6296,6296,0
25.708173705s,1.285181931s,0s,6295,6295,0
26.628527316s,1.376869162s,0s,6299,6299,0
26.840300007s,1.391087701s,0s,6291,6291,0
23.758262121s,1.135953316s,0s,6305,6305,0
24.657612812s,1.486300707s,0s,6303,6303,0
24.790222993s,1.465985615s,0s,6304,6304,0
25.804415721s,1.387403606s,0s,6301,6301,0
26.116314498s,1.419592352s,0s,6310,6310,0
26.225904851s,1.322127896s,0s,6307,6307,0
26.301518976s,1.032968159s,0s,6306,6306,0
26.309048376s,1.102375309s,0s,6309,6309,0
26.371702926s,1.109649595s,0s,6302,6302,0
26.448426578s,1.445790212s,0s,6308,6308,0
23.555121219s,1.471370316s,0s,6313,6313,0
23.878859982s,1.059140769s,0s,6315,6315,0
24.018210713s,1.146928831s,0s,6314,6314,0
24.192788795s,1.094659018s,0s,6318,6318,0
24.602719602s,1.422874405s,0s,6311,6311,0
24.85255127s,1.376568205s,0s,6317,6317,0
24.874140976s,1.073413547s,0s,6316,6316,0
25.000839901s,1.350380917s,0s,6320,6320,0
25.928453073s,1.433110321s,0s,6319,6319,0
26.106126778s,1.228060809s,0s,6312,6312,0
24.162939892s,1.232820154s,0s,6325,6325,0
24.471684617s,1.212444835s,0s,6330,6330,0
24.659479703s,1.136831958s,0s,6322,6322,0
24.756185263s,1.146044751s,0s,6323,6323,0
25.061979348s,1.307066078s,0s,6324,6324,0
25.291699823s,1.02711696s,0s,6328,6328,0
25.621622267s,1.213570195s,0s,6327,6327,0
25.94152462s,1.096374472s,0s,6326,6326,0
26.470286344s,1.188255651s,0s,6321,6321,0
26.732045995s,1.129554299s,0s,6329,6329,0
23.405915493s,1.220951186s,0s,6332,6332,0
24.054105641s,1.456431937s,0s,6333,6333,0
24.376964114s,1.251122942s,0s,6340,6340,0
24.856028419s,1.30391254s,0s,6335,6335,0
25.286026583s,1.299661586s,0s,6336,6336,0
25.462772865s,1.181652494s,0s,6331,6331,0
25.643845289s,1.286400931s,0s,6339,6339,0
26.299537049s,1.009336693s,0s,6334,6334,0
27.000102794s,1.4421475s,0s,6337,6337,0
27.456222234s,1.096260551s,0s,6338,6338,0
23.785501001s,1.436022464s,0s,6350,6350,0
24.297196275s,1.03577635s,0s,6346,6346,0
24.595210603s,1.139361019s,0s,6343,6343,0
25.330348605s,1.069149989s,0s,6349,6349,0
25.395107978s,1.060997044s,0s,6342,6342,0
25.523865859s,1.441231993s,0s,6348,6348,0
25.527431497s,1.393921564s,0s,6347,6347,0
25.645214071s,1.359715992s,0s,6341,6341,0
25.700815517s,1.454400674s,0s,6344,6344,0
25.943323547s,1.455543161s,0s,6345,6345,0
24.037652766s,1.454831777s,0s,6355,6355,0
24.455602083s,1.343065246s,0s,6354,6354,0
24.976593124s,1.465019248s,0s,6356,6356,0
25.108514502s,1.141216875s,0s,6351,6351,0
25.403586862s,1.257906694s,0s,6352,6352,0
25.807495763s,1.411288636s,0s,6359,6359,0
25.822199233s,1.428503182s,0s,6353,6353,0
25.929850965s,1.499278559s,0s,6358,6358,0
26.545899476s,1.189580296s,0s,6360,6360,0
26.674648543s,1.14234818s,0s,6357,6357,0
24.063609877s,1.222318897s,0s,6370,6370,0
24.067273191s,1.459821421s,0s,6364,6364,0
24.593458918s,1.073713869s,0s,6368,6368,0
25.087415721s,1.439619194s,0s,6369,6369,0
25.572472474s,1.467037827s,0s,6365,6365,0
25.794170873s,1.192073906s,0s,6366,6366,0
26.166242249s,1.345869271s,0s,6367,6367,0
26.474174717s,1.239585227s,0s,6363,6363,0
26.839154613s,1.395085985s,0s,6361,6361,0
27.012969357s,1.413354006s,0s,6362,6362,0
23.699181588s,1.203940878s,0s,6375,6375,0
24.086316835s,1.291835898s,0s,6374,6374,0
24.67647811s,1.321101951s,0s,6377,6377,0
25.483770265s,1.072397965s,0s,6371,6371,0
25.720365371s,1.068119846s,0s,6378,6378,0
25.799961124s,1.191677676s,0s,6376,6376,0
26.411214458s,1.231357097s,0s,6380,6380,0
26.553989652s,1.226091894s,0s,6372,6372,0
26.857949576s,1.245536328s,0s,6373,6373,0
27.459667701s,1.324391734s,0s,6379,6379,0
23.397576264s,1.196024986s,0s,6383,6383,0
24.452265954s,1.030274039s,0s,6388,6388,0
24.767200349s,1.261255381s,0s,6389,6389,0
24.92294304s,1.067580416s,0s,6386,6386,0
25.374929542s,1.026100118s,0s,6387,6387,0
25.461521282s,1.346564809s,0s,6382,6382,0
25.543160909s,1.471040239s,0s,6384,6384,0
25.686376533s,1.155835275s,0s,6381,6381,0
26.956831805s,1.473227529s,0s,6390,6390,0
27.146570821s,1.393770322s,0s,6385,6385,0
24.165156751s,1.212210051s,0s,6391,6391,0
24.551446101s,1.169686708s,0s,6393,6393,0
24.855304556s,1.420971294s,0s,6398,6398,0
24.94517304s,1.192882862s,0s,6399,6399,0
24.961870003s,1.21002157s,0s,6400,6400,0
25.091532768s,1.092177626s,0s,6396,6396,0
25.292310885s,1.330430983s,0s,6395,6395,0
25.572162573s,1.487113815s,0s,6397,6397,0
25.751950441s,1.160408719s,0s,6394,6394,0
26.615293472s,1.337700233s,0s,6392,6392,0
23.411555147s,1.138651178s,0s,6409,6409,0
23.653483775s,1.2527443s,0s,6404,6404,0
24.181595209s,1.179875186s,0s,6408,6408,0
24.941078103s,1.18208239s,0s,6407,6407,0
25.134840754s,1.209302385s,0s,6406,6406,0
25.546674132s,1.044341909s,0s,6402,6402,0
26.060650554s,1.338095413s,0s,6403,6403,0
26.199416002s,1.44357356s,0s,6401,6401,0
26.800010146s,1.241537409s,0s,6410,6410,0
27.16300453s,1.399318582s,0s,6405,6405,0
24.426561854s,1.174033485s,0s,6414,6414,0
24.429148336s,1.202285331s,0s,6413,6413,0
24.659916642s,1.327914321s,0s,6415,6415,0
24.720461672s,1.336042845s,0s,6420,6420,0
25.105405389s,1.033823243s,0s,6419,6419,0
25.118044116s,1.484781232s,0s,6412,6412,0
25.201663085s,1.355296633s,0s,6416,6416,0
25.618677657s,1.317601218s,0s,6417,6417,0
26.057362755s,1.449556217s,0s,6411,6411,0
27.152989039s,1.336029589s,0s,6418,6418,0
24.488381524s,1.083816658s,0s,6426,6426,0
24.834914618s,1.036354101s,0s,6425,6425,0
24.887477144s,1.074577667s,0s,6421,6421,0
25.140374573s,1.093257091s,0s,6430,6430,0
25.596137122s,1.092128283s,0s,6427,6427,0
25.727699259s,1.242853925s,0s,6428,6428,0
25.794413009s,1.475729658s,0s,6424,6424,0
26.061255795s,1.460430539s,0s,6423,6423,0
26.345808782s,1.222641361s,0s,6422,6422,0
26.665725648s,1.24402677s,0s,6429,6429,0
23.452170472s,1.05535669s,0s,6431,6431,0
23.963218806s,1.012086287s,0s,6434,6434,0
24.275140974s,1.266964448s,0s,6440,6440,0
24.29879247s,1.328605342s,0s,6437,6437,0
24.514329266s,1.065547121s,0s,6432,6432,0
24.895068791s,1.476321571s,0s,6436,6436,0
25.520246135s,1.458936132s,0s,6433,6433,0
25.583964987s,1.479535096s,0s,6435,6435,0
26.371209536s,1.277400415s,0s,6439,6439,0
26.383819867s,1.467073137s,0s,6438,6438,0
23.068841089s,1.147851556s,0s,6447,6447,0
23.805986965s,1.294582129s,0s,6445,6445,0
24.491098655s,1.221044784s,0s,6441,6441,0
24.657710338s,1.034145624s,0s,6446,6446,0
25.000609325s,1.254298733s,0s,6449,6449,0
25.435460554s,1.13663427s,0s,6448,6448,0
25.705743821s,1.329880434s,0s,6450,6450,0
26.077637981s,1.340041659s,0s,6443,6443,0
26.303270378s,1.097405552s,0s,6444,6444,0
26.548951283s,1.449278412s,0s,6442,6442,0
24.674504896s,1.075141336s,0s,6457,6457,0
24.847276462s,1.240736096s,0s,6460,6460,0
24.962876661s,1.211479069s,0s,6452,6452,0
25.070583935s,1.461583996s,0s,6459,6459,0
25.109196957s,1.301293048s,0s,6456,6456,0
25.112867498s,1.395147293s,0s,6455,6455,0
25.373760748s,1.25196794s,0s,6454,6454,0
25.997958245s,1.332578949s,0s,6453,6453,0
26.715170531s,1.351924766s,0s,6458,6458,0
26.990087691s,1.438371142s,0s,6451,6451,0
23.014985906s,1.210574533s,0s,6466,6466,0
23.744158389s,1.109842933s,0s,6467,6467,0
24.040048434s,1.381278633s,0s,6465,6465,0
24.63301979s,1.129078137s,0s,6461,6461,0
24.721606227s,1.007106092s,0s,6468,6468,0
25.590557781s,1.037328253s,0s,6469,6469,0
25.733259547s,1.333011311s,0s,6464,6464,0
26.000124964s,1.094557022s,0s,6463,6463,0
26.120863478s,1.256798893s,0s,6470,6470,0
26.318558313s,1.16532586s,0s,6462,6462,0
24.099519166s,1.263844684s,0s,6476,6476,0
24.256241347s,1.241313506s,0s,6471,6471,0
25.125524039s,1.235106086s,0s,6479,6479,0
25.251298359s,1.493334864s,0s,6475,6475,0
25.602258012s,1.447080599s,0s,6474,6474,0
25.917639065s,1.252545593s,0s,6478,6478,0
25.982247058s,1.120921959s,0s,6473,6473,0
26.167208977s,1.116637426s,0s,6472,6472,0
26.445283778s,1.012121941s,0s,6477,6477,0
26.581012391s,1.021371667s,0s,6480,6480,0
23.482200128s,1.065515955s,0s,6490,6490,0
24.091196376s,1.149749456s,0s,6485,6485,0
24.40952051s,1.016105633s,0s,6481,6481,0
25.161836511s,1.416863266s,0s,6483,6483,0
25.385578651s,1.309398606s,0s,6489,6489,0
25.457426991s,1.188979743s,0s,6487,6487,0
25.854120439s,1.356584199s,0s,6488,6488,0
26.182942393s,1.036302327s,0s,6482,6482,0
26.739841804s,1.451086573s,0s,6484,6484,0
27.234867363s,1.149745197s,0s,6486,6486,0
25.14391649s,1.255401791s,0s,6498,6498,0
25.173558698s,1.403675661s,0s,6493,6493,0
25.532407413s,1.17221343s,0s,6500,6500,0
25.72713375s,1.324990039s,0s,6497,6497,0
25.881836872s,1.27378549s,0s,6499,6499,0
25.959393054s,1.349267127s,0s,6492,6492,0
26.064086738s,1.039240184s,0s,6491,6491,0
26.211805079s,1.076499467s,0s,6496,6496,0
26.348674975s,1.147801211s,0s,6494,6494,0
27.419852003s,1.395482206s,0s,6495,6495,0
23.356311186s,1.448044071s,0s,6504,6504,0
24.368762542s,1.038130946s,0s,6502,6502,0
24.496444718s,1.041376592s,0s,6503,6503,0
25.205074171s,1.067579705s,0s,6507,6507,0
25.821158493s,1.298124805s,0s,6501,6501,0
25.98287836s,1.37060453s,0s,6506,6506,0
26.070510155s,1.093786821s,0s,6505,6505,0
26.349326466s,1.455390931s,0s,6510,6510,0
26.475062644s,1.439864576s,0s,6509,6509,0
27.052285532s,1.342371719s,0s,6508,6508,0
23.583089406s,1.407879412s,0s,6514,6514,0
24.319352977s,1.166802876s,0s,6517,6517,0
24.408091489s,1.042116488s,0s,6515,6515,0
24.826106246s,1.339675659s,0s,6511,6511,0
24.92973091s,1.329271037s,0s,6520,6520,0
26.047277088s,1.123365071s,0s,6516,6516,0
26.04730907s,1.331419069s,0s,6513,6513,0
26.493837324s,1.484068457s,0s,6518,6518,0
26.800704091s,1.161532724s,0s,6519,6519,0
26.857261739s,1.291058183s,0s,6512,6512,0
23.647020312s,1.175550013s,0s,6524,6524,0
23.734754731s,1.2520609s,0s,6529,6529,0
23.898493635s,1.499464693s,0s,6522,6522,0
24.8584488s,1.315272749s,0s,6527,6527,0
24.905029288s,1.452245699s,0s,6530,6530,0
25.091756687s,1.404016652s,0s,6521,6521,0
25.772598045s,1.226855651s,0s,6525,6525,0
26.388699267s,1.378875565s,0s,6528,6528,0
26.525377953s,1.374491853s,0s,6526,6526,0
27.218301839s,1.37668395s,0s,6523,6523,0
23.275516302s,1.227520165s,0s,6534,6534,0
24.076464138s,1.169092899s,0s,6536,6536,0
24.766448713s,1.097578089s,0s,6540,6540,0
24.957187289s,1.248778075s,0s,6531,6531,0
25.278090072s,1.478371815s,0s,6537,6537,0
25.323722432s,1.06736708s,0s,6539,6539,0
25.536500918s,1.214323512s,0s,6532,6532,0
26.116434631s,1.164854119s,0s,6535,6535,0
26.146111061s,1.032100575s,0s,6538,6538,0
26.454705137s,1.367070921s,0s,6533,6533,0
23.757322985s,1.015655744s,0s,6542,6542,0
24.677239211s,1.334732803s,0s,6541,6541,0
24.718782451s,1.375948578s,0s,6546,6546,0
25.080593755s,1.4065206s,0s,6543,6543,0
25.22032324s,1.128057396s,0s,6549,6549,0
25.404046794s,1.493983768s,0s,6545,6545,0
25.511668375s,1.463773331s,0s,6550,6550,0
26.043779113s,1.254477116s,0s,6548,6548,0
26.073409729s,1.403306139s,0s,6547,6547,0
27.055494906s,1.377059035s,0s,6544,6544,0
23.350630717s,1.143589883s,0s,6553,6553,0
23.928727247s,1.387743246s,0s,6559,6559,0
24.025380992s,1.457985771s,0s,6557,6557,0
24.613474475s,1.054167521s,0s,6556,6556,0
24.630097832s,1.151851949s,0s,6554,6554,0
24.947530209s,1.384516768s,0s,6558,6558,0
25.38251376s,1.199046747s,0s,6552,6552,0
26.075693176s,1.127401723s,0s,6551,6551,0
26.105278646s,1.307322167s,0s,6555,6555,0
26.83754539s,1.484214074s,0s,6560,6560,0
23.593275735s,1.155083301s,0s,6565,6565,0
23.890189812s,1.137807346s,0s,6564,6564,0
23.92786337s,1.047358472s,0s,6563,6563,0
24.331657264s,1.023129592s,0s,6561,6561,0
24.413313918s,1.371072773s,0s,6569,6569,0
25.151540777s,1.285404089s,0s,6568,6568,0
25.638636662s,1.444358012s,0s,6566,6566,0
25.872526853s,1.087587548s,0s,6567,6567,0
27.008895815s,1.345876987s,0s,6562,6562,0
27.348755777s,1.338620997s,0s,6570,6570,0
24.021466422s,1.346034052s,0s,6576,6576,0
24.526612707s,1.10668661s,0s,6571,6571,0
25.239844039s,1.277898965s,0s,6578,6578,0
25.500573379s,1.461556335s,0s,6580,6580,0
25.513134843s,1.135967358s,0s,6572,6572,0
25.798964011s,1.47780854s,0s,6575,6575,0
26.320106642s,1.251469609s,0s,6573,6573,0
26.368738041s,1.409330337s,0s,6574,6574,0
26.561355109s,1.167188997s,0s,6577,6577,0
26.916057211s,1.257661298s,0s,6579,6579,0
23.492702188s,1.165708199s,0s,6585,6585,0
24.190356138s,1.096465577s,0s,6588,6588,0
24.577121657s,1.347328786s,0s,6587,6587,0
24.744821887s,1.467937065s,0s,6583,6583,0
25.350510077s,1.259948987s,0s,6582,6582,0
25.521210586s,1.019205223s,0s,6589,6589,0
25.552836393s,1.331094933s,0s,6584,6584,0
25.569531299s,1.460754553s,0s,6586,6586,0
26.783700782s,1.37958254s,0s,6581,6581,0
27.149525083s,1.476105948s,0s,6590,6590,0
24.135841229s,1.403052984s,0s,6592,6592,0
24.156394355s,1.440326872s,0s,6591,6591,0
24.671412277s,1.019095804s,0s,6599,6599,0
24.766048987s,1.257116721s,0s,6593,6593,0
25.065985312s,1.081453223s,0s,6597,6597,0
25.153549531s,1.18370183s,0s,6596,6596,0
26.289146635s,1.383576284s,0s,6594,6594,0
26.583002544s,1.387817012s,0s,6600,6600,0
26.666700842s,1.24098993s,0s,6595,6595,0
27.111058307s,1.303346922s,0s,6598,6598,0
24.243650278s,1.02705477s,0s,6607,6607,0
24.294442517s,1.028236143s,0s,6601,6601,0
24.551307329s,1.261782061s,0s,6603,6603,0
24.95095897s,1.211263377s,0s,6608,6608,0
25.100750576s,1.182991873s,0s,6605,6605,0
25.589497144s,1.219470133s,0s,6604,6604,0
25.705156111s,1.099496022s,0s,6606,6606,0
26.092097034s,1.371063187s,0s,6610,6610,0
26.225939761s,1.373387528s,0s,6609,6609,0
26.830178791s,1.156787016s,0s,6602,6602,0
24.464824405s,1.011126678s,0s,6611,6611,0
24.644531579s,1.098422365s,0s,6620,6620,0
24.705256621s,1.233731331s,0s,6616,6616,0
24.95307356s,1.272286633s,0s,6614,6614,0
25.26587352s,1.234890104s,0s,6619,6619,0
25.410631784s,1.48429378s,0s,6618,6618,0
25.538391459s,1.372785593s,0s,6612,6612,0
25.854301047s,1.397040803s,0s,6617,6617,0
26.271318523s,1.298499866s,0s,6615,6615,0
26.394034964s,1.263019523s,0s,6613,6613,0
23.425636693s,1.121654965s,0s,6627,6627,0
23.834506406s,1.190072647s,0s,6625,6625,0
24.853305501s,1.093195585s,0s,6623,6623,0
25.088136388s,1.397021191s,0s,6629,6629,0
25.105848621s,1.387861883s,0s,6621,6621,0
25.202518379s,1.225321797s,0s,6626,6626,0
25.397309538s,1.373016947s,0s,6624,6624,0
25.423852075s,1.113457783s,0s,6622,6622,0
25.992947399s,1.257532498s,0s,6628,6628,0
26.210850535s,1.133886864s,0s,6630,6630,0
24.531923815s,1.450546488s,0s,6639,6639,0
24.600569358s,1.219479964s,0s,6633,6633,0
24.719813365s,1.312950338s,0s,6638,6638,0
24.796435738s,1.477853772s,0s,6635,6635,0
24.928173198s,1.390336552s,0s,6632,6632,0
25.133891239s,1.176033053s,0s,6634,6634,0
25.15644926s,1.193219367s,0s,6640,6640,0
26.026139617s,1.125760765s,0s,6636,6636,0
26.120716994s,1.359077816s,0s,6631,6631,0
26.440633579s,1.252696336s,0s,6637,6637,0
24.052563946s,1.219775773s,0s,6644,6644,0
24.066121601s,1.124546286s,0s,6641,6641,0
24.339923236s,1.414335258s,0s,6645,6645,0
24.551672673s,1.418582539s,0s,6650,6650,0
24.659243589s,1.043317616s,0s,6648,6648,0
25.333096309s,1.287467769s,0s,6642,6642,0
25.668003041s,1.317752367s,0s,6649,6649,0
25.67156372s,1.269078425s,0s,6643,6643,0
26.283134314s,1.377061788s,0s,6647,6647,0
26.649088117s,1.282290724s,0s,6646,6646,0
23.669664164s,1.460365832s,0s,6660,6660,0
24.306828771s,1.18603156s,0s,6659,6659,0
24.684910393s,1.195389315s,0s,6654,6654,0
24.764844817s,1.13569185s,0s,6657,6657,0
24.85159272s,1.092429024s,0s,6655,6655,0
25.050324587s,1.176882563s,0s,6651,6651,0
25.274884629s,1.269841727s,0s,6652,6652,0
26.045566683s,1.419108236s,0s,6656,6656,0
26.290382849s,1.235647412s,0s,6653,6653,0
26.390010671s,1.050164958s,0s,6658,6658,0
23.551660834s,1.164474721s,0s,6668,6668,0
23.595239195s,1.101279407s,0s,6663,6663,0
24.187261789s,1.260481783s,0s,6661,6661,0
24.461101197s,1.06403059s,0s,6664,6664,0
24.57272188s,1.167788497s,0s,6662,6662,0
24.725473188s,1.355957659s,0s,6669,6669,0
25.06015382s,1.480268282s,0s,6667,6667,0
25.161774733s,1.246290884s,0s,6666,6666,0
25.168381784s,1.195034233s,0s,6670,6670,0
26.231342201s,1.35478498s,0s,6665,6665,0
23.953203569s,1.245059531s,0s,6679,6679,0
24.195995895s,1.0653399s,0s,6675,6675,0
24.464860988s,1.349508779s,0s,6674,6674,0
24.939642924s,1.028090505s,0s,6677,6677,0
25.134432409s,1.233861345s,0s,6673,6673,0
25.630470994s,1.065334008s,0s,6678,6678,0
25.959221671s,1.360812754s,0s,6676,6676,0
26.339041443s,1.296307109s,0s,6672,6672,0
26.697052581s,1.412051656s,0s,6680,6680,0
26.766808235s,1.228650498s,0s,6671,6671,0
23.463128451s,1.08218404s,0s,6683,6683,0
23.654937457s,1.167645153s,0s,6681,6681,0
23.874636347s,1.359595702s,0s,6682,6682,0
24.305630382s,1.14844228s,0s,6687,6687,0
24.579452925s,1.367937077s,0s,6684,6684,0
24.722199435s,1.361759006s,0s,6688,6688,0
24.858915173s,1.493162117s,0s,6685,6685,0
26.005313631s,1.186900718s,0s,6690,6690,0
26.081857611s,1.206109113s,0s,6686,6686,0
26.776870437s,1.225295524s,0s,6689,6689,0
23.362502513s,1.422980637s,0s,6694,6694,0
24.192675127s,1.319712885s,0s,6697,6697,0
24.72474753s,1.243246163s,0s,6696,6696,0
24.907502885s,1.42825179s,0s,6699,6699,0
25.218415019s,1.004463148s,0s,6691,6691,0
25.347107911s,1.064716955s,0s,6700,6700,0
25.416788184s,1.462488527s,0s,6692,6692,0
25.903752703s,1.484758822s,0s,6698,6698,0
26.183017036s,1.276494048s,0s,6693,6693,0
26.45262121s,1.163976906s,0s,6695,6695,0
23.84677048s,1.425102811s,0s,6703,6703,0
24.294848802s,1.315660706s,0s,6708,6708,0
24.3475344s,1.267371545s,0s,6704,6704,0
24.792984074s,1.328945178s,0s,6710,6710,0
25.715973799s,1.452418918s,0s,6706,6706,0
26.346115453s,1.246083737s,0s,6709,6709,0
26.390878s,1.134226721s,0s,6701,6701,0
26.604684353s,1.229877277s,0s,6702,6702,0
26.818417476s,1.22461275s,0s,6707,6707,0
27.329391951s,1.135365715s,0s,6705,6705,0
23.025622638s,1.063374868s,0s,6719,6719,0
23.842097749s,1.09185353s,0s,6720,6720,0
24.386068218s,1.08860226s,0s,6717,6717,0
24.489787982s,1.20573272s,0s,6714,6714,0
25.047942213s,1.48981725s,0s,6715,6715,0
25.148541533s,1.231024863s,0s,6711,6711,0
25.163092707s,1.187269113s,0s,6712,6712,0
25.44482226s,1.415352905s,0s,6718,6718,0
26.392662893s,1.045146504s,0s,6713,6713,0
27.202949403s,1.138072449s,0s,6716,6716,0
23.962655107s,1.118564626s,0s,6725,6725,0
24.089261175s,1.265089917s,0s,6722,6722,0
24.288037818s,1.040815303s,0s,6729,6729,0
24.593961907s,1.096362407s,0s,6726,6726,0
24.685711672s,1.208858943s,0s,6727,6727,0
24.973642551s,1.277412984s,0s,6721,6721,0
25.183763512s,1.00157812s,0s,6724,6724,0
25.229403822s,1.424958602s,0s,6730,6730,0
25.412014632s,1.334613279s,0s,6723,6723,0
27.148101669s,1.093069368s,0s,6728,6728,0
23.584068542s,1.0130888s,0s,6737,6737,0
23.6646965s,1.400025198s,0s,6738,6738,0
24.416923763s,1.46631365s,0s,6732,6732,0
24.841667797s,1.184971383s,0s,6731,6731,0
25.182647063s,1.359896039s,0s,6739,6739,0
25.709698652s,1.064329061s,0s,6736,6736,0
25.819373997s,1.308371907s,0s,6740,6740,0
26.179236396s,1.120551209s,0s,6735,6735,0
26.320927857s,1.261120067s,0s,6733,6733,0
26.884042646s,1.311588054s,0s,6734,6734,0
23.806708333s,1.014369619s,0s,6744,6744,0
24.238227144s,1.385111763s,0s,6742,6742,0
24.899403326s,1.129561638s,0s,6743,6743,0
25.463205934s,1.249079011s,0s,6749,6749,0
25.986396527s,1.100316537s,0s,6750,6750,0
26.115699376s,1.310371855s,0s,6748,6748,0
26.169198975s,1.206796515s,0s,6741,6741,0
26.489049346s,1.341900835s,0s,6745,6745,0
26.52973576s,1.484374426s,0s,6746,6746,0
26.902622675s,1.334655601s,0s,6747,6747,0
23.852548533s,1.101656911s,0s,6753,6753,0
24.139406467s,1.26099179s,0s,6752,6752,0
25.403923629s,1.061290907s,0s,6755,6755,0
25.658729731s,1.08047374s,0s,6759,6759,0
25.751475625s,1.472137982s,0s,6751,6751,0
25.806112398s,1.020074646s,0s,6760,6760,0
25.886806794s,1.271227974s,0s,6757,6757,0
26.18861753s,1.370729081s,0s,6754,6754,0
26.419288031s,1.3819422s,0s,6758,6758,0
26.460875167s,1.326459148s,0s,6756,6756,0
23.730540268s,1.003012751s,0s,6769,6769,0
24.43176151s,1.227866947s,0s,6763,6763,0
24.573538729s,1.265115307s,0s,6762,6762,0
24.58714765s,1.287418284s,0s,6770,6770,0
24.937977539s,1.067270315s,0s,6764,6764,0
25.073723585s,1.409972309s,0s,6765,6765,0
25.183389552s,1.409967961s,0s,6766,6766,0
25.595033514s,1.424128532s,0s,6768,6768,0
26.690951735s,1.295623532s,0s,6761,6761,0
27.081828036s,1.06945736s,0s,6767,6767,0
24.09644586s,1.26172875s,0s,6777,6777,0
24.531360896s,1.180228573s,0s,6776,6776,0
24.561959369s,1.154030806s,0s,6780,6780,0
24.855709959s,1.289036412s,0s,6773,6773,0
24.957418134s,1.241467311s,0s,6771,6771,0
25.026958606s,1.417503491s,0s,6778,6778,0
25.268716105s,1.287915794s,0s,6774,6774,0
25.592671165s,1.358299739s,0s,6775,6775,0
26.01734678s,1.470939248s,0s,6772,6772,0
26.712968279s,1.450721724s,0s,6779,6779,0
23.214589911s,1.000090253s,0s,6783,6783,0
23.869532499s,1.399458944s,0s,6787,6787,0
24.117121019s,1.372155356s,0s,6781,6781,0
24.670249033s,1.134666585s,0s,6782,6782,0
24.732947386s,1.025294496s,0s,6785,6785,0
24.75254488s,1.491110683s,0s,6789,6789,0
24.929359384s,1.130484207s,0s,6790,6790,0
25.019241591s,1.281993663s,0s,6784,6784,0
25.181918196s,1.486957029s,0s,6786,6786,0
25.517746554s,1.474693583s,0s,6788,6788,0
22.974600555s,1.267571869s,0s,6791,6791,0
23.729501129s,1.035410913s,0s,6798,6798,0
24.343618899s,1.388848392s,0s,6792,6792,0
24.69157499s,1.178021938s,0s,6796,6796,0
25.067543384s,1.489061994s,0s,6795,6795,0
25.602679057s,1.045568127s,0s,6797,6797,0
25.637360991s,1.207331576s,0s,6794,6794,0
25.723894104s,1.49535346s,0s,6793,6793,0
25.789530551s,1.078844587s,0s,6799,6799,0
26.294588371s,1.009093173s,0s,6800,6800,0
23.619647068s,1.083964906s,0s,6802,6802,0
24.016567223s,1.13071955s,0s,6808,6808,0
24.495560902s,1.474138191s,0s,6809,6809,0
24.699581413s,1.113239457s,0s,6803,6803,0
25.451454999s,1.118472324s,0s,6805,6805,0
25.923422166s,1.112073176s,0s,6801,6801,0
25.939050033s,1.166003123s,0s,6810,6810,0
26.220838477s,1.182582206s,0s,6806,6806,0
26.786577691s,1.323886973s,0s,6804,6804,0
27.070307058s,1.05668685s,0s,6807,6807,0
24.459262249s,1.101785082s,0s,6820,6820,0
25.09255835s,1.34034905s,0s,6817,6817,0
25.18826838s,1.059284189s,0s,6816,6816,0
25.412025127s,1.008752073s,0s,6813,6813,0
25.638758324s,1.049078644s,0s,6814,6814,0
25.881532322s,1.452862161s,0s,6815,6815,0
26.162352065s,1.08656936s,0s,6818,6818,0
26.169041778s,1.448672827s,0s,6811,6811,0
26.553103818s,1.475043479s,0s,6819,6819,0
27.057289871s,1.307099449s,0s,6812,6812,0
23.736922799s,1.181288988s,0s,6828,6828,0
24.143609792s,1.435991902s,0s,6822,6822,0
24.720459942s,1.008071607s,0s,6823,6823,0
24.788115829s,1.146034188s,0s,6825,6825,0
25.082811186s,1.055288664s,0s,6827,6827,0
25.310524142s,1.086802322s,0s,6829,6829,0
25.472238292s,1.085623147s,0s,6826,6826,0
25.884234524s,1.243613133s,0s,6821,6821,0
26.453312457s,1.44711766s,0s,6830,6830,0
26.717183461s,1.486370283s,0s,6824,6824,0
23.364997793s,1.187285287s,0s,6838,6838,0
23.930805752s,1.08482937s,0s,6833,6833,0
24.40889084s,1.053611512s,0s,6837,6837,0
24.698777034s,1.253722078s,0s,6832,6832,0
24.7618657s,1.019153674s,0s,6835,6835,0
24.882574307s,1.436708441s,0s,6839,6839,0
25.229542089s,1.232483894s,0s,6831,6831,0
25.285163922s,1.050397359s,0s,6840,6840,0
25.578956383s,1.131091024s,0s,6834,6834,0
26.53704014s,1.004902725s,0s,6836,6836,0
22.907791324s,1.285549894s,0s,6843,6843,0
23.952344346s,1.276337023s,0s,6846,6846,0
24.52023289s,1.049353383s,0s,6850,6850,0
24.59778696s,1.355793736s,0s,6847,6847,0
24.721584742s,1.161962609s,0s,6841,6841,0
25.317405802s,1.131520675s,0s,6845,6845,0
25.336977529s,1.000100747s,0s,6844,6844,0
25.370519164s,1.444025988s,0s,6848,6848,0
25.834512117s,1.184096114s,0s,6849,6849,0
27.379123874s,1.148714134s,0s,6842,6842,0
23.388043959s,1.459939756s,0s,6858,6858,0
23.72398772s,1.01993306s,0s,6855,6855,0
24.757401507s,1.268129892s,0s,6857,6857,0
24.932167686s,1.496105563s,0s,6851,6851,0
25.194936787s,1.374700301s,0s,6860,6860,0
25.340668609s,1.091633269s,0s,6854,6854,0
25.513416288s,1.023117127s,0s,6852,6852,0
25.948193253s,1.18490431s,0s,6853,6853,0
26.305831298s,1.079378069s,0s,6856,6856,0
26.479616263s,1.285397674s,0s,6859,6859,0
23.820666286s,1.216336693s,0s,6864,6864,0
24.022495789s,1.148848311s,0s,6866,6866,0
24.121206666s,1.042128259s,0s,6863,6863,0
24.350971764s,1.297868951s,0s,6868,6868,0
24.962738909s,1.027804656s,0s,6862,6862,0
25.91247392s,1.04649996s,0s,6867,6867,0
26.008732939s,1.48915115s,0s,6870,6870,0
26.131408052s,1.231579961s,0s,6861,6861,0
26.504395545s,1.165085286s,0s,6865,6865,0
26.834291038s,1.489134404s,0s,6869,6869,0
23.376985472s,1.366484971s,0s,6880,6880,0
23.937765902s,1.110817324s,0s,6879,6879,0
25.143117693s,1.088302871s,0s,6873,6873,0
25.14773559s,1.428713356s,0s,6872,6872,0
25.390507423s,1.101508394s,0s,6876,6876,0
25.439159143s,1.46206697s,0s,6871,6871,0
26.119416832s,1.184068163s,0s,6874,6874,0
26.122996364s,1.490319566s,0s,6877,6877,0
26.296761411s,1.087167771s,0s,6875,6875,0
26.388463126s,1.429855957s,0s,6878,6878,0
24.683774098s,1.187873679s,0s,6884,6884,0
24.839474591s,1.089119536s,0s,6882,6882,0
24.882101137s,1.343350164s,0s,6881,6881,0
24.894798909s,1.180646579s,0s,6890,6890,0
25.044538499s,1.380571406s,0s,6887,6887,0
25.257399682s,1.236063006s,0s,6883,6883,0
25.349070065s,1.343357996s,0s,6885,6885,0
25.410093514s,1.091331091s,0s,6889,6889,0
25.783071106s,1.498968801s,0s,6886,6886,0
26.093018906s,1.435783155s,0s,6888,6888,0
24.891236839s,1.321013796s,0s,6892,6892,0
24.92974441s,1.031715417s,0s,6898,6898,0
25.024379316s,1.298736504s,0s,6893,6893,0
25.067016553s,1.138997664s,0s,6896,6896,0
25.356798426s,1.455924901s,0s,6900,6900,0
25.53253179s,1.371197279s,0s,6894,6894,0
25.552168884s,1.390608298s,0s,6899,6899,0
26.209113797s,1.291504387s,0s,6891,6891,0
26.938804108s,1.17018695s,0s,6895,6895,0
27.179563651s,1.388408622s,0s,6897,6897,0
23.714498166s,1.311031555s,0s,6902,6902,0
24.022430253s,1.316222375s,0s,6910,6910,0
24.191110384s,1.367626819s,0s,6907,6907,0
24.279673394s,1.302652578s,0s,6906,6906,0
24.358312589s,1.10326099s,0s,6904,6904,0
25.121187836s,1.428891659s,0s,6901,6901,0
25.302901199s,1.352452055s,0s,6903,6903,0
25.929805839s,1.039005024s,0s,6909,6909,0
27.157899879s,1.306941598s,0s,6908,6908,0
27.501471663s,1.48409748s,0s,6905,6905,0
24.114365326s,1.457381602s,0s,6915,6915,0
24.178050926s,1.229635953s,0s,6914,6914,0
24.243643386s,1.015222259s,0s,6912,6912,0
24.755736199s,1.14670004s,0s,6920,6920,0
24.886433031s,1.378083308s,0s,6913,6913,0
25.219277844s,1.160026924s,0s,6911,6911,0
25.366731797s,1.024452764s,0s,6917,6917,0
25.935780149s,1.172163385s,0s,6919,6919,0
26.000473289s,1.363960125s,0s,6916,6916,0
27.270579423s,1.223435067s,0s,6918,6918,0
23.854068342s,1.499018748s,0s,6924,6924,0
23.902579513s,1.189137992s,0s,6926,6926,0
23.971200718s,1.299392141s,0s,6927,6927,0
24.016795329s,1.371910778s,0s,6921,6921,0
24.680736579s,1.496817752s,0s,6925,6925,0
25.270416708s,1.397119767s,0s,6923,6923,0
25.437267902s,1.324614973s,0s,6922,6922,0
26.280960499s,1.016873291s,0s,6929,6929,0
26.629903366s,1.418343915s,0s,6928,6928,0
27.51303159s,1.482583147s,0s,6930,6930,0
23.478896222s,1.160243809s,0s,6934,6934,0
23.506481034s,1.31676993s,0s,6936,6936,0
23.749223292s,1.368219101s,0s,6935,6935,0
25.202182118s,1.401462209s,0s,6933,6933,0
25.209868625s,1.207500784s,0s,6937,6937,0
25.318554458s,1.423931691s,0s,6939,6939,0
25.400240413s,1.339035s,0s,6932,6932,0
25.728749203s,1.498097841s,0s,6938,6938,0
25.740315327s,1.339034365s,0s,6940,6940,0
26.463210915s,1.408678226s,0s,6931,6931,0
23.321147005s,1.067891665s,0s,6944,6944,0
23.580019407s,1.392353835s,0s,6945,6945,0
24.382309803s,1.234456486s,0s,6943,6943,0
24.614890322s,1.476061891s,0s,6947,6947,0
24.940899823s,1.42988755s,0s,6946,6946,0
25.534984478s,1.211152528s,0s,6950,6950,0
25.552607065s,1.261893216s,0s,6949,6949,0
25.685264628s,1.318085522s,0s,6942,6942,0
25.755893404s,1.421652259s,0s,6948,6948,0
27.013294725s,1.250681784s,0s,6941,6941,0
24.57493419s,1.075426446s,0s,6952,6952,0
24.809803018s,1.198287188s,0s,6959,6959,0
24.935546703s,1.355005629s,0s,6953,6953,0
24.999263051s,1.129029186s,0s,6958,6958,0
25.270078603s,1.320732582s,0s,6956,6956,0
25.350659171s,1.423229237s,0s,6951,6951,0
25.580497682s,1.031197934s,0s,6955,6955,0
26.006494234s,1.120835522s,0s,6954,6954,0
26.272375365s,1.289588107s,0s,6960,6960,0
26.45509682s,1.109623068s,0s,6957,6957,0
24.28447809s,1.127518061s,0s,6964,6964,0
24.468204139s,1.355591049s,0s,6965,6965,0
24.624811321s,1.315340109s,0s,6970,6970,0
24.668449378s,1.298094118s,0s,6969,6969,0
24.681263879s,1.151755505s,0s,6967,6967,0
24.915080986s,1.414094521s,0s,6961,6961,0
25.017725837s,1.433413755s,0s,6963,6963,0
25.436732595s,1.019951309s,0s,6962,6962,0
25.797581822s,1.385865477s,0s,6968,6968,0
26.102136126s,1.067217451s,0s,6966,6966,0
23.38118327s,1.447002365s,0s,6975,6975,0
24.233733602s,1.344252789s,0s,6978,6978,0
24.375476605s,1.04516643s,0s,6980,6980,0
24.808518866s,1.139606255s,0s,6973,6973,0
24.995219998s,1.166028819s,0s,6972,6972,0
25.568295324s,1.370462768s,0s,6974,6974,0
25.577858456s,1.264931943s,0s,6977,6977,0
25.688525927s,1.154831926s,0s,6979,6979,0
26.095214544s,1.074347802s,0s,6976,6976,0
26.237915936s,1.269055782s,0s,6971,6971,0
23.797555173s,1.43610799s,0s,6983,6983,0
24.413661101s,1.038149052s,0s,6985,6985,0
24.420351534s,1.112660488s,0s,6984,6984,0
24.559138466s,1.073368181s,0s,6988,6988,0
24.691854313s,1.451289992s,0s,6986,6986,0
24.825639684s,1.114915805s,0s,6982,6982,0
25.929563522s,1.143506922s,0s,6981,6981,0
26.254330892s,1.130283468s,0s,6990,6990,0
26.331028559s,1.24976624s,0s,6989,6989,0
26.611603963s,1.117030412s,0s,6987,6987,0
22.895105432s,1.028691801s,0s,6999,6999,0
24.157339658s,1.302769932s,0s,6992,6992,0
24.609396493s,1.284569425s,0s,6994,6994,0
24.844216079s,1.315002791s,0s,6996,6996,0
25.483343007s,1.445285387s,0s,6998,6998,0
25.684222896s,1.174210638s,0s,7000,7000,0
25.702866572s,1.174193577s,0s,6997,6997,0
25.860600022s,1.472563232s,0s,6995,6995,0
26.010283586s,1.121007236s,0s,6993,6993,0
26.477333823s,1.478770977s,0s,6991,6991,0
24.042598581s,1.178952049s,0s,7009,7009,0
24.134222758s,1.200493454s,0s,7003,7003,0
24.858456934s,1.116690199s,0s,7006,7006,0
25.106201921s,1.302966247s,0s,7010,7010,0
25.268986639s,1.261696453s,0s,7002,7002,0
25.299520732s,1.054145952s,0s,7004,7004,0
25.36025534s,1.069445945s,0s,7005,7005,0
26.451825735s,1.189250182s,0s,7007,7007,0
26.748227292s,1.188081207s,0s,7001,7001,0
27.185147654s,1.471191878s,0s,7008,7008,0
24.238508433s,1.27795312s,0s,7011,7011,0
24.405228143s,1.108582014s,0s,7020,7020,0
25.222922287s,1.018121824s,0s,7013,7013,0
25.245553168s,1.022328295s,0s,7015,7015,0
25.567454343s,1.465768034s,0s,7019,7019,0
26.27776102s,1.472013417s,0s,7012,7012,0
26.880495732s,1.370327282s,0s,7016,7016,0
27.14144616s,1.426502666s,0s,7017,7017,0
27.263121127s,1.359107797s,0s,7018,7018,0
27.669015192s,1.483387259s,0s,7014,7014,0
24.202648349s,1.13535831s,0s,7029,7029,0
24.246246151s,1.386864002s,0s,7027,7027,0
24.316046076s,1.261857918s,0s,7023,7023,0
24.565757368s,1.376676821s,0s,7021,7021,0
24.725451547s,1.148503739s,0s,7022,7022,0
25.449263234s,1.32923539s,0s,7025,7025,0
25.48990908s,1.373424908s,0s,7030,7030,0
25.584749127s,1.085134701s,0s,7028,7028,0
26.254431182s,1.317036867s,0s,7024,7024,0
26.486263414s,1.496097669s,0s,7026,7026,0
23.543002739s,1.117495188s,0s,7040,7040,0
25.005034448s,1.196075417s,0s,7033,7033,0
25.087565913s,1.051630064s,0s,7037,7037,0
25.249277886s,1.392629725s,0s,7039,7039,0
25.266920317s,1.286285685s,0s,7035,7035,0
25.811364135s,1.139729201s,0s,7034,7034,0
25.961129756s,1.107277544s,0s,7038,7038,0
26.505286499s,1.098044857s,0s,7036,7036,0
26.595914866s,1.062834027s,0s,7032,7032,0
26.766529579s,1.145916012s,0s,7031,7031,0
24.033302793s,1.290012424s,0s,7043,7043,0
24.241039768s,1.373481514s,0s,7044,7044,0
24.890121581s,1.154063993s,0s,7041,7041,0
24.964789612s,1.222278237s,0s,7050,7050,0
25.048486989s,1.365272837s,0s,7045,7045,0
25.090197571s,1.06651876s,0s,7049,7049,0
25.141986323s,1.22748003s,0s,7047,7047,0
25.519991549s,1.033109979s,0s,7048,7048,0
26.236137765s,1.234720759s,0s,7042,7042,0
26.696994222s,1.138799193s,0s,7046,7046,0
24.740289823s,1.009399768s,0s,7054,7054,0
25.096257886s,1.123585515s,0s,7056,7056,0
25.135868955s,1.119306216s,0s,7059,7059,0
25.45865208s,1.311366086s,0s,7051,7051,0
25.512304067s,1.197063024s,0s,7052,7052,0
25.513821139s,1.132790099s,0s,7057,7057,0
25.832674252s,1.020706144s,0s,7060,7060,0
26.105367783s,1.089890642s,0s,7055,7055,0
27.027643215s,1.412703s,0s,7053,7053,0
27.215110709s,1.106067369s,0s,7058,7058,0
24.031327472s,1.363526361s,0s,7065,7065,0
24.399229967s,1.048629306s,0s,7062,7062,0
24.410799796s,1.460821553s,0s,7063,7063,0
24.73771871s,1.066886554s,0s,7069,7069,0
24.768332114s,1.160502622s,0s,7068,7068,0
25.643965917s,1.263037631s,0s,7067,7067,0
25.905645424s,1.153284519s,0s,7064,7064,0
26.115457898s,1.234818284s,0s,7061,7061,0
26.349117463s,1.338315334s,0s,7066,7066,0
27.034421329s,1.14104391s,0s,7070,7070,0
23.422476322s,1.162560349s,0s,7072,7072,0
24.913616701s,1.223056775s,0s,7076,7076,0
25.154448036s,1.37107667s,0s,7074,7074,0
25.161999368s,1.494394272s,0s,7080,7080,0
25.233586516s,1.207836425s,0s,7077,7077,0
25.569173079s,1.149381012s,0s,7075,7075,0
25.636821468s,1.269525806s,0s,7073,7073,0
25.642508585s,1.056138327s,0s,7079,7079,0
25.68011866s,1.237273607s,0s,7078,7078,0
26.321313289s,1.275737386s,0s,7071,7071,0
23.146202113s,1.056139118s,0s,7086,7086,0
23.70231147s,1.126614192s,0s,7088,7088,0
24.462695772s,1.262325882s,0s,7082,7082,0
24.63135047s,1.343690041s,0s,7084,7084,0
24.759896037s,1.23310356s,0s,7087,7087,0
25.290229527s,1.14582956s,0s,7090,7090,0
25.460829448s,1.117368474s,0s,7085,7085,0
26.703237752s,1.482206346s,0s,7089,7089,0
26.903014958s,1.491473167s,0s,7081,7081,0
27.630911292s,1.443957919s,0s,7083,7083,0
23.951879733s,1.315078655s,0s,7097,7097,0
24.124236971s,1.45209248s,0s,7093,7093,0
24.686238652s,1.47033308s,0s,7100,7100,0
24.871938753s,1.373310234s,0s,7091,7091,0
25.025596084s,1.215506598s,0s,7095,7095,0
25.099591019s,1.386534939s,0s,7094,7094,0
25.197200083s,1.411748633s,0s,7092,7092,0
25.213721942s,1.227798181s,0s,7096,7096,0
26.228258727s,1.133205933s,0s,7098,7098,0
26.6181308s,1.442966636s,0s,7099,7099,0
23.928128198s,1.12767035s,0s,7101,7101,0
24.146943065s,1.307360074s,0s,7103,7103,0
24.439855915s,1.197913703s,0s,7104,7104,0
24.665613004s,1.023385881s,0s,7109,7109,0
24.877394947s,1.202037549s,0s,7110,7110,0
25.006001093s,1.309549678s,0s,7107,7107,0
25.520911263s,1.357967421s,0s,7106,7106,0
25.603623755s,1.365235623s,0s,7105,7105,0
25.972556356s,1.007103336s,0s,7108,7108,0
26.307500323s,1.312777528s,0s,7102,7102,0
24.011088456s,1.110550771s,0s,7114,7114,0
24.186918777s,1.081122602s,0s,7118,7118,0
24.230486959s,1.368226988s,0s,7113,7113,0
24.295005581s,1.169428843s,0s,7116,7116,0
24.749139262s,1.480962334s,0s,7115,7115,0
24.809662592s,1.440693864s,0s,7120,7120,0
25.672972402s,1.092349944s,0s,7117,7117,0
25.953800704s,1.336969399s,0s,7111,7111,0
26.669500348s,1.399430384s,0s,7119,7119,0
26.95824033s,1.221724734s,0s,7112,7112,0
23.943674812s,1.188754563s,0s,7121,7121,0
24.876311834s,1.425919037s,0s,7123,7123,0
25.014009454s,1.027746615s,0s,7128,7128,0
25.037869796s,1.163288188s,0s,7129,7129,0
25.075372895s,1.154082363s,0s,7126,7126,0
25.793528817s,1.491132888s,0s,7125,7125,0
25.86716684s,1.172540751s,0s,7124,7124,0
25.982904601s,1.248028821s,0s,7130,7130,0
26.496947292s,1.326264895s,0s,7127,7127,0
26.826838573s,1.360517694s,0s,7122,7122,0
24.218126922s,1.11958696s,0s,7131,7131,0
24.481988393s,1.45556639s,0s,7139,7139,0
24.536634931s,1.097815258s,0s,7138,7138,0
24.594677183s,1.019296478s,0s,7132,7132,0
24.626255955s,1.254894386s,0s,7140,7140,0
24.70203687s,1.01299928s,0s,7135,7135,0
24.71072755s,1.074540473s,0s,7134,7134,0
26.309417873s,1.113111931s,0s,7137,7137,0
27.05258431s,1.430333751s,0s,7136,7136,0
27.273229159s,1.375116861s,0s,7133,7133,0
23.546877484s,1.076257586s,0s,7141,7141,0
24.873015948s,1.126480196s,0s,7150,7150,0
24.874536315s,1.440960831s,0s,7146,7146,0
25.304187904s,1.360279754s,0s,7144,7144,0
25.487902829s,1.133686445s,0s,7147,7147,0
25.495546293s,1.017724359s,0s,7148,7148,0
25.641221566s,1.061025816s,0s,7149,7149,0
25.864082619s,1.380572073s,0s,7143,7143,0
25.997112675s,1.496211666s,0s,7145,7145,0
27.256561217s,1.319096824s,0s,7142,7142,0
23.227636631s,1.268724899s,0s,7156,7156,0
24.033470102s,1.347470203s,0s,7155,7155,0
24.077168042s,1.312071351s,0s,7157,7157,0
24.239286914s,1.342295457s,0s,7159,7159,0
24.305934233s,1.440094686s,0s,7160,7160,0
24.753821836s,1.397903497s,0s,7153,7153,0
24.920566433s,1.131439863s,0s,7151,7151,0
25.665836974s,1.309962315s,0s,7158,7158,0
25.916624302s,1.037129995s,0s,7154,7154,0
25.945348827s,1.359720561s,0s,7152,7152,0
23.100897648s,1.1729696s,0s,7164,7164,0
24.127992239s,1.239139347s,0s,7170,7170,0
24.654771614s,1.450114375s,0s,7167,7167,0
24.892588798s,1.439992593s,0s,7169,7169,0
24.924343218s,1.155745301s,0s,7165,7165,0
25.010030955s,1.452355359s,0s,7163,7163,0
25.130777316s,1.402733862s,0s,7161,7161,0
25.188412446s,1.104195054s,0s,7162,7162,0
25.462924971s,1.387477317s,0s,7166,7166,0
26.867774895s,1.147436907s,0s,7168,7168,0
22.966951397s,1.060205124s,0s,7178,7178,0
23.483084819s,1.127638389s,0s,7176,7176,0
24.009184513s,1.215078368s,0s,7172,7172,0
24.48109083s,1.207910877s,0s,7173,7173,0
24.689836801s,1.085435733s,0s,7179,7179,0
24.74147033s,1.27168915s,0s,7174,7174,0
24.898317093s,1.236236459s,0s,7171,7171,0
24.979973583s,1.269484875s,0s,7180,7180,0
25.937713256s,1.275972382s,0s,7177,7177,0
26.398673069s,1.461226124s,0s,7175,7175,0
23.220642406s,1.126578872s,0s,7190,7190,0
24.183424754s,1.281506431s,0s,7187,7187,0
24.828236969s,1.084363619s,0s,7186,7186,0
24.919841975s,1.423287142s,0s,7188,7188,0
25.632087942s,1.036108562s,0s,7184,7184,0
25.813941418s,1.379048504s,0s,7189,7189,0
25.84957048s,1.277314612s,0s,7183,7183,0
26.020432307s,1.2967703s,0s,7185,7185,0
26.456424746s,1.268097165s,0s,7181,7181,0
27.516038134s,1.210863081s,0s,7182,7182,0
24.147138456s,1.291040259s,0s,7195,7195,0
24.477061893s,1.222549083s,0s,7198,7198,0
24.486645317s,1.088151063s,0s,7193,7193,0
24.728317539s,1.319730669s,0s,7191,7191,0
25.411531046s,1.161224082s,0s,7192,7192,0
25.80115848s,1.109381854s,0s,7199,7199,0
26.09002319s,1.488110973s,0s,7200,7200,0
26.121679174s,1.301267702s,0s,7194,7194,0
26.505292073s,1.260768901s,0s,7196,7196,0
27.245170024s,1.315538766s,0s,7197,7197,0
23.378919819s,1.381082755s,0s,7201,7201,0
23.50871829s,1.469017428s,0s,7210,7210,0
23.91956407s,1.326940483s,0s,7206,7206,0
24.579866218s,1.395348844s,0s,7204,7204,0
25.215057749s,1.407556779s,0s,7205,7205,0
25.498726551s,1.001064622s,0s,7209,7209,0
25.780365697s,1.41482097s,0s,7208,7208,0
26.17929133s,1.474275873s,0s,7203,7203,0
27.107287342s,1.32070829s,0s,7202,7202,0
27.145992239s,1.219473655s,0s,7207,7207,0
23.409007523s,1.15351751s,0s,7211,7211,0
24.115405696s,1.323535082s,0s,7213,7213,0
24.374117219s,1.228999664s,0s,7216,7216,0
24.392726749s,1.187741588s,0s,7215,7215,0
24.483394254s,1.033905741s,0s,7218,7218,0
25.494851606s,1.38447953s,0s,7219,7219,0
25.615501699s,1.126301847s,0s,7220,7220,0
25.898387143s,1.245279381s,0s,7212,7212,0
26.010079509s,1.051047123s,0s,7217,7217,0
27.001225988s,1.369715144s,0s,7214,7214,0
23.954054713s,1.485662225s,0s,7228,7228,0
24.120295727s,1.382086574s,0s,7227,7227,0
24.509068635s,1.231505595s,0s,7230,7230,0
24.599725842s,1.319841524s,0s,7225,7225,0
24.736451159s,1.057745752s,0s,7221,7221,0
25.104082027s,1.481426746s,0s,7223,7223,0
25.209771929s,1.196320965s,0s,7222,7222,0
25.774850776s,1.491942822s,0s,7226,7226,0
25.886567592s,1.164097065s,0s,7224,7224,0
26.883365095s,1.108972585s,0s,7229,7229,0
23.847100688s,1.03763379s,0s,7235,7235,0
24.158101739s,1.377656759s,0s,7236,7236,0
24.193765414s,1.13821262s,0s,7232,7232,0
24.239502201s,1.03039521s,0s,7237,7237,0
25.598418861s,1.122036241s,0s,7238,7238,0
26.547398587s,1.080816657s,0s,7233,7233,0
26.667115012s,1.38085029s,0s,7240,7240,0
26.804847711s,1.478533827s,0s,7231,7231,0
27.046716049s,1.441033836s,0s,7239,7239,0
27.279592663s,1.466222818s,0s,7234,7234,0
23.652968151s,1.013112936s,0s,7247,7247,0
24.197104163s,1.128340199s,0s,7250,7250,0
24.408909799s,1.247626171s,0s,7248,7248,0
24.509631388s,1.287919467s,0s,7243,7243,0
24.566194653s,1.106863662s,0s,7249,7249,0
24.85608826s,1.346076271s,0s,7242,7242,0
26.124112411s,1.018356021s,0s,7244,7244,0
26.269868688s,1.348318415s,0s,7241,7241,0
26.313512099s,1.097614149s,0s,7245,7245,0
26.720417294s,1.126091218s,0s,7246,7246,0
23.363334525s,1.26323013s,0s,7254,7254,0
23.741950225s,1.285491186s,0s,7251,7251,0
24.239093287s,1.13883603s,0s,7258,7258,0
24.332774828s,1.099625581s,0s,7255,7255,0
24.941880935s,1.256048184s,0s,7257,7257,0
25.372947394s,1.0033072s,0s,7252,7252,0
25.479590897s,1.433096521s,0s,7256,7256,0
25.539123752s,1.465300167s,0s,7259,7259,0
26.152107442s,1.48762427s,0s,7253,7253,0
26.699338417s,1.296743896s,0s,7260,7260,0
24.109887203s,1.382198361s,0s,7262,7262,0
24.733993966s,1.115400656s,0s,7267,7267,0
25.595421521s,1.027123613s,0s,7261,7261,0
26.079512877s,1.475888862s,0s,7265,7265,0
26.152172995s,1.236970409s,0s,7263,7263,0
26.221777639s,1.489023505s,0s,7270,7270,0
26.324331654s,1.393385816s,0s,7268,7268,0
26.420016181s,1.432595816s,0s,7269,7269,0
26.72091908s,1.192661777s,0s,7264,7264,0
27.270609113s,1.382189863s,0s,7266,7266,0
24.40768946s,1.081117685s,0s,7274,7274,0
24.81051016s,1.333021589s,0s,7280,7280,0
24.996984524s,1.334162128s,0s,7273,7273,0
25.43602292s,1.388514285s,0s,7279,7279,0
25.577708605s,1.331886924s,0s,7271,7271,0
25.759316208s,1.278627689s,0s,7278,7278,0
25.905180428s,1.373321264s,0s,7276,7276,0
26.1693674s,1.417705559s,0s,7275,7275,0
26.68350701s,1.253451523s,0s,7277,7277,0
27.34746621s,1.471040253s,0s,7272,7272,0
23.256113433s,1.431046969s,0s,7283,7283,0
23.306818733s,1.192081677s,0s,7281,7281,0
23.469558887s,1.072531961s,0s,7287,7287,0
24.580465401s,1.340601182s,0s,7290,7290,0
25.029339068s,1.136825764s,0s,7284,7284,0
25.208046737s,1.058267147s,0s,7285,7285,0
25.542940895s,1.192030424s,0s,7286,7286,0
25.776701849s,1.236287497s,0s,7288,7288,0
26.370871873s,1.000078492s,0s,7282,7282,0
26.396437112s,1.345837629s,0s,7289,7289,0
24.654128376s,1.397269592s,0s,7297,7297,0
24.832833874s,1.474072189s,0s,7300,7300,0
24.940400777s,1.004092455s,0s,7299,7299,0
25.212291752s,1.442722805s,0s,7295,7295,0
25.299088688s,1.401507846s,0s,7296,7296,0
25.44490378s,1.044535836s,0s,7294,7294,0
25.549574128s,1.37102679s,0s,7293,7293,0
26.054563224s,1.264721013s,0s,7292,7292,0
26.093259645s,1.007351458s,0s,7291,7291,0
26.448700007s,1.238922712s,0s,7298,7298,0
23.174340707s,1.392305759s,0s,7305,7305,0
23.855607453s,1.085347892s,0s,7303,7303,0
24.036404705s,1.148739484s,0s,7310,7310,0
24.816591748s,1.394491023s,0s,7301,7301,0
24.871946612s,1.326919104s,0s,7306,7306,0
24.99247293s,1.377068394s,0s,7308,7308,0
25.175243955s,1.024120309s,0s,7307,7307,0
25.899299487s,1.162000776s,0s,7304,7304,0
25.963018802s,1.301520226s,0s,7302,7302,0
26.249784956s,1.173230086s,0s,7309,7309,0
23.990629993s,1.107067143s,0s,7311,7311,0
24.182838614s,1.15256413s,0s,7315,7315,0
24.417576069s,1.007542299s,0s,7312,7312,0
25.069061479s,1.132322466s,0s,7319,7319,0
25.641199985s,1.104867005s,0s,7314,7314,0
26.379515539s,1.107057708s,0s,7316,7316,0
26.988660504s,1.434297732s,0s,7317,7317,0
27.31245161s,1.479543213s,0s,7318,7318,0
27.400100824s,1.429083297s,0s,7320,7320,0
27.508757819s,1.489747399s,0s,7313,7313,0
23.116309829s,1.076961386s,0s,7325,7325,0
23.381167753s,1.449521262s,0s,7327,7327,0
24.841172669s,1.169374768s,0s,7330,7330,0
25.497368493s,1.335892004s,0s,7328,7328,0
25.520013487s,1.40703754s,0s,7323,7323,0
25.653821238s,1.413302386s,0s,7321,7321,0
25.696553378s,1.05316198s,0s,7329,7329,0
25.712179799s,1.261650195s,0s,7326,7326,0
26.283600826s,1.154142588s,0s,7322,7322,0
26.552418876s,1.495732218s,0s,7324,7324,0
23.536898825s,1.009087778s,0s,7336,7336,0
24.363176736s,1.024581696s,0s,7340,7340,0
24.409858516s,1.068831803s,0s,7334,7334,0
24.510476282s,1.155547484s,0s,7338,7338,0
24.998082684s,1.020337628s,0s,7332,7332,0
25.074739549s,1.46647911s,0s,7337,7337,0
25.685829694s,1.441048216s,0s,7333,7333,0
25.8774246s,1.132035132s,0s,7331,7331,0
26.398330584s,1.443228928s,0s,7339,7339,0
27.409856524s,1.138322096s,0s,7335,7335,0
23.028577274s,1.095245807s,0s,7344,7344,0
24.224558966s,1.356788857s,0s,7345,7345,0
24.280164631s,1.034728657s,0s,7348,7348,0
24.403820975s,1.157445197s,0s,7350,7350,0
24.427463763s,1.473727273s,0s,7346,7346,0
24.627093308s,1.077015048s,0s,7342,7342,0
25.86991938s,1.430414403s,0s,7341,7341,0
26.633185123s,1.455557181s,0s,7349,7349,0
26.897018496s,1.401059192s,0s,7343,7343,0
26.959659939s,1.430371571s,0s,7347,7347,0
23.810850749s,1.165854426s,0s,7352,7352,0
23.885446465s,1.191366941s,0s,7359,7359,0
24.311387367s,1.021070126s,0s,7353,7353,0
24.5932932s,1.151600742s,0s,7351,7351,0
24.962166766s,1.301010318s,0s,7354,7354,0
25.447077276s,1.227547046s,0s,7358,7358,0
25.525809477s,1.168107233s,0s,7360,7360,0
25.691691153s,1.087352822s,0s,7355,7355,0
25.83539852s,1.379281451s,0s,7357,7357,0
26.078159746s,1.481627448s,0s,7356,7356,0
24.068555219s,1.130438801s,0s,7370,7370,0
24.773870954s,1.013006382s,0s,7365,7365,0
24.855430205s,1.246606971s,0s,7364,7364,0
25.357657603s,1.425068506s,0s,7362,7362,0
25.449219662s,1.167083945s,0s,7368,7368,0
25.590854286s,1.371938854s,0s,7367,7367,0
26.028268775s,1.19339623s,0s,7369,7369,0
26.169970154s,1.147657861s,0s,7361,7361,0
26.226572904s,1.155954326s,0s,7363,7363,0
26.408398353s,1.428327044s,0s,7366,7366,0
24.01198913s,1.146522653s,0s,7375,7375,0
24.077656183s,1.027099262s,0s,7379,7379,0
24.113304204s,1.094960342s,0s,7378,7378,0
24.965681476s,1.387294899s,0s,7373,7373,0
24.981254744s,1.355057836s,0s,7377,7377,0
25.430290914s,1.071727542s,0s,7374,7374,0
25.568121248s,1.27481349s,0s,7371,7371,0
25.71784448s,1.12031985s,0s,7372,7372,0
26.747308629s,1.041491223s,0s,7380,7380,0
26.850997197s,1.11810619s,0s,7376,7376,0
24.194085952s,1.094537251s,0s,7385,7385,0
25.065520787s,1.342036765s,0s,7382,7382,0
25.193141044s,1.357302249s,0s,7381,7381,0
25.356774476s,1.238154494s,0s,7388,7388,0
25.376398999s,1.055324041s,0s,7386,7386,0
25.565159547s,1.287418112s,0s,7387,7387,0
25.727842749s,1.410715398s,0s,7389,7389,0
25.900067756s,1.391548457s,0s,7384,7384,0
26.271027715s,1.33671188s,0s,7390,7390,0
26.947292126s,1.213896289s,0s,7383,7383,0
23.798198163s,1.027324022s,0s,7394,7394,0
24.623124359s,1.148035206s,0s,7396,7396,0
25.008995266s,1.393081119s,0s,7391,7391,0
25.084662768s,1.148036523s,0s,7393,7393,0
25.645451778s,1.125783594s,0s,7392,7392,0
25.896043001s,1.255734871s,0s,7395,7395,0
26.107932244s,1.084533702s,0s,7400,7400,0
26.287547615s,1.024106242s,0s,7397,7397,0
26.600456999s,1.233499587s,0s,7398,7398,0
26.653038806s,1.153282432s,0s,7399,7399,0
23.546030845s,1.178555232s,0s,7407,7407,0
23.619628846s,1.114023345s,0s,7410,7410,0
24.515039157s,1.260756634s,0s,7409,7409,0
24.546535739s,1.285038199s,0s,7404,7404,0
24.785324323s,1.006771823s,0s,7403,7403,0
25.128883886s,1.476988644s,0s,7402,7402,0
25.425768656s,1.363467023s,0s,7401,7401,0
25.794442102s,1.296212834s,0s,7408,7408,0
26.160315038s,1.144284117s,0s,7405,7405,0
26.174920639s,1.460744652s,0s,7406,7406,0
24.699846725s,1.4439888s,0s,7417,7417,0
25.103689449s,1.122339123s,0s,7413,7413,0
25.454557694s,1.229087437s,0s,7411,7411,0
25.622331669s,1.40649855s,0s,7418,7418,0
25.677007249s,1.223841053s,0s,7420,7420,0
25.68666078s,1.092110337s,0s,7416,7416,0
26.060564178s,1.126607587s,0s,7419,7419,0
26.384877092s,1.129841587s,0s,7415,7415,0
26.678680552s,1.497334025s,0s,7412,7412,0
26.999455647s,1.421764622s,0s,7414,7414,0
23.321282831s,1.47008223s,0s,7429,7429,0
24.234564427s,1.134324209s,0s,7423,7423,0
24.2631822s,1.050890926s,0s,7421,7421,0
24.758187206s,1.396796264s,0s,7430,7430,0
24.992073049s,1.130110904s,0s,7422,7422,0
25.012777398s,1.225615324s,0s,7427,7427,0
25.098389852s,1.249015137s,0s,7428,7428,0
25.524238518s,1.353587429s,0s,7425,7425,0
25.843230184s,1.247859554s,0s,7426,7426,0
26.753147725s,1.347285961s,0s,7424,7424,0
24.171095772s,1.292766557s,0s,7435,7435,0
24.252719786s,1.032101773s,0s,7436,7436,0
24.446370607s,1.376693697s,0s,7432,7432,0
25.08860148s,1.372405514s,0s,7438,7438,0
25.472450634s,1.454196098s,0s,7433,7433,0
25.622375145s,1.41795252s,0s,7431,7431,0
26.039244559s,1.316954155s,0s,7437,7437,0
26.556220132s,1.335190912s,0s,7434,7434,0
26.572817757s,1.058498281s,0s,7439,7439,0
27.34517514s,1.043319137s,0s,7440,7440,0
23.077389309s,1.012636225s,0s,7442,7442,0
23.466225165s,1.16922237s,0s,7448,7448,0
24.040104672s,1.235597156s,0s,7450,7450,0
24.767235632s,1.295037801s,0s,7441,7441,0
24.814903706s,1.35639557s,0s,7446,7446,0
24.825534565s,1.319221115s,0s,7445,7445,0
25.391901774s,1.358615518s,0s,7447,7447,0
25.602665973s,1.274812389s,0s,7444,7444,0
26.913439813s,1.172408487s,0s,7443,7443,0
26.955128994s,1.103013602s,0s,7449,7449,0
23.408295223s,1.236089886s,0s,7459,7459,0
24.348990922s,1.114500228s,0s,7460,7460,0
24.615915815s,1.13372358s,0s,7452,7452,0
25.12369275s,1.407999904s,0s,7451,7451,0
25.37863477s,1.395772054s,0s,7453,7453,0
25.649449016s,1.332574497s,0s,7455,7455,0
26.007334262s,1.475239883s,0s,7457,7457,0
26.073928875s,1.198970085s,0s,7454,7454,0
26.311750499s,1.285317028s,0s,7458,7458,0
26.521517103s,1.012181352s,0s,7456,7456,0
23.740635543s,1.488239007s,0s,7464,7464,0
23.932311716s,1.135375162s,0s,7461,7461,0
24.51108957s,1.244808656s,0s,7470,7470,0
24.576643721s,1.086147329s,0s,7462,7462,0
24.733321277s,1.214571457s,0s,7467,7467,0
24.91811899s,1.25918161s,0s,7469,7469,0
24.993800103s,1.363452292s,0s,7468,7468,0
26.251247628s,1.475967951s,0s,7463,7463,0
26.579120764s,1.246975638s,0s,7465,7465,0
26.847421334s,1.443764514s,0s,7466,7466,0
24.696784602s,1.396949224s,0s,7472,7472,0
24.708394017s,1.353661483s,0s,7479,7479,0
24.757961124s,1.319406481s,0s,7476,7476,0
25.05154949s,1.469433764s,0s,7480,7480,0
25.115087059s,1.079385821s,0s,7477,7477,0
25.159788359s,1.204928752s,0s,7471,7471,0
25.722871611s,1.20809976s,0s,7474,7474,0
26.296640497s,1.134688949s,0s,7478,7478,0
26.588424642s,1.074140681s,0s,7475,7475,0
27.044275066s,1.459205291s,0s,7473,7473,0
24.306627191s,1.20211376s,0s,7482,7482,0
24.346234092s,1.417061164s,0s,7481,7481,0
24.389822545s,1.257620824s,0s,7483,7483,0
24.789741028s,1.453308534s,0s,7484,7484,0
25.040450032s,1.286859593s,0s,7487,7487,0
25.047950362s,1.059184172s,0s,7490,7490,0
25.381794101s,1.126957626s,0s,7489,7489,0
25.636623907s,1.101422236s,0s,7488,7488,0
25.636662518s,1.248362456s,0s,7486,7486,0
26.537484801s,1.108662238s,0s,7485,7485,0
23.790187765s,1.276019545s,0s,7496,7496,0
25.008800834s,1.007092554s,0s,7491,7491,0
25.133515825s,1.361784103s,0s,7494,7494,0
25.249203454s,1.106795584s,0s,7493,7493,0
25.351947474s,1.324511041s,0s,7500,7500,0
25.469624137s,1.243800563s,0s,7492,7492,0
25.775582428s,1.284260668s,0s,7495,7495,0
26.327284814s,1.087555982s,0s,7497,7497,0
26.733295334s,1.030275467s,0s,7498,7498,0
27.282377574s,1.230062401s,0s,7499,7499,0
23.637114648s,1.365354132s,0s,7505,7505,0
23.772877463s,1.13441021s,0s,7506,7506,0
24.616883937s,1.287919577s,0s,7509,7509,0
25.21505991s,1.458317535s,0s,7510,7510,0
25.262764307s,1.396575596s,0s,7508,7508,0
25.327349744s,1.35205952s,0s,7503,7503,0
25.438077209s,1.439064169s,0s,7504,7504,0
25.864958693s,1.166577885s,0s,7502,7502,0
26.014671153s,1.121173224s,0s,7501,7501,0
26.728626771s,1.406830545s,0s,7507,7507,0
23.261362323s,1.007111106s,0s,7515,7515,0
24.66336721s,1.0174284s,0s,7511,7511,0
24.891140779s,1.327004437s,0s,7517,7517,0
25.422263806s,1.229519996s,0s,7516,7516,0
25.460904776s,1.189776505s,0s,7520,7520,0
25.540481231s,1.198040457s,0s,7514,7514,0
25.696247492s,1.219239241s,0s,7513,7513,0
25.737867186s,1.267746568s,0s,7518,7518,0
26.05970678s,1.385269637s,0s,7512,7512,0
26.574754082s,1.473601946s,0s,7519,7519,0
23.472392144s,1.438366772s,0s,7528,7528,0
23.667409468s,1.306981014s,0s,7529,7529,0
24.113161378s,1.041912361s,0s,7525,7525,0
24.540234583s,1.2025156s,0s,7522,7522,0
24.897066215s,1.473596789s,0s,7527,7527,0
25.308069343s,1.029680731s,0s,7524,7524,0
26.841778528s,1.127049802s,0s,7523,7523,0
27.168562916s,1.256781777s,0s,7526,7526,0
27.187097271s,1.162276294s,0s,7521,7521,0
27.41781422s,1.40215546s,0s,7530,7530,0
24.28785181s,1.411053991s,0s,7534,7534,0
25.079673875s,1.391633019s,0s,7532,7532,0
25.292336828s,1.365398955s,0s,7538,7538,0
25.562146162s,1.345114512s,0s,7539,7539,0
25.617779773s,1.040122785s,0s,7531,7531,0
25.658390982s,1.431445605s,0s,7537,7537,0
25.759250017s,1.288962716s,0s,7536,7536,0
26.055338812s,1.16963931s,0s,7535,7535,0
26.103937233s,1.045342365s,0s,7533,7533,0
26.404736656s,1.403879979s,0s,7540,7540,0
24.09445159s,1.359777421s,0s,7547,7547,0
24.291115109s,1.048347683s,0s,7542,7542,0
24.649946095s,1.049444541s,0s,7550,7550,0
24.993718483s,1.084726229s,0s,7543,7543,0
25.13450775s,1.486278142s,0s,7549,7549,0
25.148101801s,1.190974597s,0s,7548,7548,0
25.226746729s,1.345557074s,0s,7544,7544,0
25.616645922s,1.216244716s,0s,7546,7546,0
25.840419944s,1.42299616s,0s,7545,7545,0
26.274374046s,1.020090853s,0s,7541,7541,0
24.040608407s,1.0467835s,0s,7560,7560,0
24.483574782s,1.325044362s,0s,7552,7552,0
24.672226152s,1.086971624s,0s,7551,7551,0
25.003023445s,1.405562739s,0s,7556,7556,0
25.414957657s,1.111414306s,0s,7553,7553,0
25.589667435s,1.278759588s,0s,7558,7558,0
25.698938011s,1.090074511s,0s,7559,7559,0
26.305837811s,1.482055863s,0s,7557,7557,0
26.372474272s,1.414776615s,0s,7555,7555,0
27.246815343s,1.381278007s,0s,7554,7554,0
23.662664969s,1.141784393s,0s,7570,7570,0
24.763039872s,1.319717488s,0s,7566,7566,0
24.945700699s,1.042133947s,0s,7565,7565,0
25.161523307s,1.163084713s,0s,7567,7567,0
25.284208176s,1.481518677s,0s,7561,7561,0
25.366837838s,1.08238309s,0s,7562,7562,0
25.723711623s,1.305455883s,0s,7564,7564,0
26.125820122s,1.084574028s,0s,7563,7563,0
26.486771272s,1.391941361s,0s,7569,7569,0
27.067901858s,1.476255613s,0s,7568,7568,0
24.460946782s,1.203633516s,0s,7575,7575,0
24.486590622s,1.479579292s,0s,7572,7572,0
24.684404084s,1.369082572s,0s,7578,7578,0
24.924028319s,1.483776152s,0s,7577,7577,0
25.45105144s,1.188362444s,0s,7579,7579,0
25.796799283s,1.027809209s,0s,7571,7571,0
26.357505968s,1.212853538s,0s,7573,7573,0
26.866591043s,1.315112589s,0s,7574,7574,0
26.870282977s,1.067096155s,0s,7580,7580,0
26.963914418s,1.468324758s,0s,7576,7576,0
23.667232293s,1.150715868s,0s,7589,7589,0
23.912085462s,1.293435246s,0s,7581,7581,0
24.204990685s,1.107529233s,0s,7584,7584,0
24.678635534s,1.037157293s,0s,7590,7590,0
24.803215812s,1.153936329s,0s,7585,7585,0
24.955895364s,1.038242938s,0s,7586,7586,0
25.034473048s,1.408977458s,0s,7582,7582,0
25.233215105s,1.306644581s,0s,7588,7588,0
25.5171444s,1.168045471s,0s,7587,7587,0
27.395894063s,1.447109827s,0s,7583,7583,0
23.358219778s,1.491418922s,0s,7600,7600,0
24.460723279s,1.274852958s,0s,7599,7599,0
24.923850758s,1.167625423s,0s,7594,7594,0
25.290608236s,1.342076249s,0s,7598,7598,0
25.341242042s,1.232373277s,0s,7591,7591,0
25.472891453s,1.269644541s,0s,7597,7597,0
25.50755238s,1.003087142s,0s,7593,7593,0
25.907394195s,1.180825177s,0s,7596,7596,0
26.958877705s,1.206118194s,0s,7595,7595,0
27.309302924s,1.075381572s,0s,7592,7592,0
23.211673978s,1.256566817s,0s,7608,7608,0
24.858332656s,1.294772633s,0s,7609,7609,0
25.0290463s,1.158675992s,0s,7605,7605,0
25.115725821s,1.180032007s,0s,7607,7607,0
25.232358624s,1.151442696s,0s,7610,7610,0
25.284911742s,1.418317491s,0s,7603,7603,0
25.515709352s,1.145160654s,0s,7604,7604,0
25.612562344s,1.21826417s,0s,7606,7606,0
26.065546146s,1.388029579s,0s,7602,7602,0
26.197205253s,1.169930695s,0s,7601,7601,0
24.437413759s,1.117482952s,0s,7613,7613,0
24.716237442s,1.025793091s,0s,7617,7617,0
24.855866835s,1.192001472s,0s,7620,7620,0
25.175597601s,1.42682674s,0s,7614,7614,0
25.689502406s,1.286298694s,0s,7619,7619,0
26.465605176s,1.178752424s,0s,7618,7618,0
26.587379206s,1.037991919s,0s,7611,7611,0
26.685093727s,1.403581725s,0s,7615,7615,0
27.102013763s,1.007558708s,0s,7612,7612,0
27.116734699s,1.093247245s,0s,7616,7616,0
23.283915466s,1.183680536s,0s,7623,7623,0
23.658845066s,1.377073199s,0s,7621,7621,0
24.377135962s,1.347714529s,0s,7624,7624,0
24.796811719s,1.041126544s,0s,7630,7630,0
24.806446386s,1.378217889s,0s,7629,7629,0
24.889233698s,1.257499932s,0s,7622,7622,0
25.070940528s,1.251267667s,0s,7625,7625,0
25.446948608s,1.35094286s,0s,7626,7626,0
25.979104722s,1.186033382s,0s,7627,7627,0
27.20644649s,1.067364721s,0s,7628,7628,0
24.336995171s,1.456639441s,0s,7637,7637,0
24.588790234s,1.285497579s,0s,7634,7634,0
25.247724035s,1.235303394s,0s,7631,7631,0
25.406394276s,1.440382308s,0s,7640,7640,0
25.614031487s,1.357899s,0s,7636,7636,0
25.617606851s,1.113666531s,0s,7638,7638,0
25.683156437s,1.430124283s,0s,7633,7633,0
25.745895759s,1.232034655s,0s,7632,7632,0
25.878612743s,1.209905665s,0s,7639,7639,0
26.883079844s,1.356776395s,0s,7635,7635,0
23.167174236s,1.045925305s,0s,7642,7642,0
24.704628051s,1.047230057s,0s,7648,7648,0
24.853498237s,1.230059274s,0s,7641,7641,0
25.211366255s,1.439844749s,0s,7650,7650,0
25.622335325s,1.121614658s,0s,7647,7647,0
25.852013577s,1.228894077s,0s,7649,7649,0
25.881637972s,1.485060456s,0s,7644,7644,0
26.120433838s,1.323345129s,0s,7643,7643,0
26.333041469s,1.021605481s,0s,7645,7645,0
27.499794011s,1.420626083s,0s,7646,7646,0
23.85274459s,1.042698184s,0s,7660,7660,0
24.239730338s,1.379331378s,0s,7658,7658,0
24.385424195s,1.37933887s,0s,7652,7652,0
24.420097399s,1.394657598s,0s,7653,7653,0
24.620776352s,1.452074443s,0s,7657,7657,0
25.127170389s,1.039478785s,0s,7655,7655,0
25.216848312s,1.369113345s,0s,7654,7654,0
26.26598997s,1.02422724s,0s,7659,7659,0
26.54087459s,1.44087609s,0s,7656,7656,0
26.969540574s,1.010062096s,0s,7651,7651,0
23.726176801s,1.030346833s,0s,7662,7662,0
24.399368537s,1.015113829s,0s,7670,7670,0
24.961420977s,1.167079375s,0s,7669,7669,0
25.014089069s,1.368063936s,0s,7663,7663,0
25.367722891s,1.473393085s,0s,7667,7667,0
26.006598592s,1.17427441s,0s,7661,7661,0
26.069252611s,1.200525434s,0s,7664,7664,0
26.150787685s,1.047640912s,0s,7666,7666,0
26.38060039s,1.341875459s,0s,7668,7668,0
26.583292884s,1.053923052s,0s,7665,7665,0
23.931046945s,1.320850827s,0s,7675,7675,0
24.655248789s,1.384262891s,0s,7671,7671,0
24.822073455s,1.471954903s,0s,7680,7680,0
24.843688273s,1.366039639s,0s,7677,7677,0
25.281548046s,1.187163141s,0s,7674,7674,0
25.352244212s,1.216428946s,0s,7672,7672,0
25.441954913s,1.416681156s,0s,7678,7678,0
26.191705733s,1.408472666s,0s,7679,7679,0
26.408093835s,1.220661793s,0s,7673,7673,0
26.481686681s,1.313606631s,0s,7676,7676,0
23.526991805s,1.053120368s,0s,7682,7682,0
23.700720438s,1.396233977s,0s,7686,7686,0
24.259856048s,1.102586736s,0s,7688,7688,0
24.666788944s,1.386023553s,0s,7690,7690,0
24.829447611s,1.055358565s,0s,7689,7689,0
24.88655468s,1.134078641s,0s,7681,7681,0
25.261545589s,1.214368484s,0s,7687,7687,0
26.170933527s,1.109936401s,0s,7684,7684,0
26.573815488s,1.377749439s,0s,7685,7685,0
27.067827849s,1.409492627s,0s,7683,7683,0
23.866987614s,1.296346862s,0s,7692,7692,0
24.077729945s,1.307544208s,0s,7696,7696,0
24.718852474s,1.308745516s,0s,7694,7694,0
24.762360718s,1.477530733s,0s,7695,7695,0
25.088331795s,1.111670843s,0s,7697,7697,0
25.752548691s,1.179929976s,0s,7699,7699,0
25.81612878s,1.25610199s,0s,7700,7700,0
26.109849022s,1.480802172s,0s,7693,7693,0
26.727662719s,1.339965173s,0s,7698,7698,0
27.056568447s,1.38123742s,0s,7691,7691,0
23.801704621s,1.128287924s,0s,7703,7703,0
24.083576279s,1.377680574s,0s,7709,7709,0
24.399469743s,1.169774604s,0s,7704,7704,0
24.717350697s,1.116104295s,0s,7701,7701,0
24.818012384s,1.133554534s,0s,7708,7708,0
25.251109297s,1.173986655s,0s,7707,7707,0
25.252738284s,1.201130625s,0s,7710,7710,0
25.795463797s,1.038786808s,0s,7702,7702,0
25.948232151s,1.265382153s,0s,7705,7705,0
27.042255731s,1.488968495s,0s,7706,7706,0
23.479325478s,1.404894441s,0s,7714,7714,0
23.705793363s,1.143125354s,0s,7711,7711,0
24.044670446s,1.466110737s,0s,7719,7719,0
24.386577219s,1.275804685s,0s,7717,7717,0
24.514245599s,1.332235665s,0s,7715,7715,0
24.593036285s,1.1703499s,0s,7713,7713,0
24.62169722s,1.298009226s,0s,7720,7720,0
25.920584248s,1.256578409s,0s,7718,7718,0
26.052312026s,1.344469215s,0s,7716,7716,0
26.2872683s,1.275814697s,0s,7712,7712,0
23.873244043s,1.142461178s,0s,7730,7730,0
24.182936824s,1.476057292s,0s,7721,7721,0
24.278670817s,1.049223188s,0s,7726,7726,0
24.676601363s,1.349106058s,0s,7728,7728,0
25.007318697s,1.456793386s,0s,7725,7725,0
25.310163881s,1.030035214s,0s,7722,7722,0
25.43589349s,1.16683271s,0s,7724,7724,0
25.844778428s,1.384298047s,0s,7723,7723,0
26.202655176s,1.400559147s,0s,7729,7729,0
26.983694341s,1.157645805s,0s,7727,7727,0
23.632328978s,1.363397334s,0s,7731,7731,0
24.69390216s,1.020910057s,0s,7738,7738,0
24.751556842s,1.496902934s,0s,7739,7739,0
25.16848509s,1.448643496s,0s,7732,7732,0
25.306864914s,1.014608869s,0s,7735,7735,0
25.575274628s,1.124346789s,0s,7733,7733,0
25.672886315s,1.299846064s,0s,7736,7736,0
25.793513437s,1.35506028s,0s,7734,7734,0
26.205153054s,1.242558068s,0s,7737,7737,0
26.703227967s,1.061041929s,0s,7740,7740,0
23.898933855s,1.247464676s,0s,7742,7742,0
23.969557106s,1.470266909s,0s,7749,7749,0
24.108323254s,1.249709676s,0s,7746,7746,0
24.234833835s,1.230269867s,0s,7744,7744,0
25.056211624s,1.144828639s,0s,7741,7741,0
25.169849401s,1.165024534s,0s,7750,7750,0
26.029215844s,1.482473108s,0s,7745,7745,0
26.722367324s,1.230263393s,0s,7747,7747,0
27.370479655s,1.360022609s,0s,7743,7743,0
27.461145991s,1.489845756s,0s,7748,7748,0
23.889942974s,1.22509031s,0s,7755,7755,0
24.437051437s,1.268345753s,0s,7760,7760,0
25.055885039s,1.093388638s,0s,7759,7759,0
25.058500348s,1.081208666s,0s,7753,7753,0
25.442316349s,1.114646127s,0s,7756,7756,0
26.054463793s,1.448549361s,0s,7752,7752,0
26.156189678s,1.401320354s,0s,7757,7757,0
26.589784524s,1.322998842s,0s,7754,7754,0
27.224745081s,1.142859455s,0s,7751,7751,0
27.343403877s,1.482723127s,0s,7758,7758,0
23.625668395s,1.189818393s,0s,7762,7762,0
23.714283218s,1.260042938s,0s,7769,7769,0
24.268636032s,1.170564312s,0s,7764,7764,0
25.33719373s,1.313646487s,0s,7767,7767,0
25.787053505s,1.277350414s,0s,7768,7768,0
26.082748942s,1.433312078s,0s,7761,7761,0
26.414603487s,1.042164962s,0s,7765,7765,0
26.537279894s,1.344948229s,0s,7766,7766,0
26.844024888s,1.467565428s,0s,7763,7763,0
27.065756769s,1.379088181s,0s,7770,7770,0
23.931950722s,1.318033377s,0s,7775,7775,0
24.890303922s,1.132388169s,0s,7774,7774,0
25.151006369s,1.026087954s,0s,7779,7779,0
25.815289809s,1.416243967s,0s,7773,7773,0
25.861938047s,1.285665093s,0s,7776,7776,0
26.039612784s,1.181081014s,0s,7778,7778,0
26.216271101s,1.175852573s,0s,7780,7780,0
26.791291205s,1.4334579s,0s,7772,7772,0
27.12263829s,1.202393582s,0s,7777,7777,0
27.258476194s,1.137603478s,0s,7771,7771,0
23.44697269s,1.205982368s,0s,7790,7790,0
23.699848921s,1.265463713s,0s,7784,7784,0
24.176601094s,1.269764744s,0s,7781,7781,0
24.201354531s,1.315036102s,0s,7789,7789,0
25.042573498s,1.116170689s,0s,7787,7787,0
25.088171969s,1.457588987s,0s,7788,7788,0
25.455872067s,1.415269893s,0s,7786,7786,0
25.694767437s,1.242246814s,0s,7785,7785,0
26.074805907s,1.170647891s,0s,7782,7782,0
26.259601018s,1.130375495s,0s,7783,7783,0
24.020290566s,1.343146158s,0s,7795,7795,0
24.674411008s,1.440599439s,0s,7800,7800,0
24.936329862s,1.474376354s,0s,7791,7791,0
25.052965553s,1.266990283s,0s,7798,7798,0
25.118632989s,1.092159185s,0s,7792,7792,0
25.731883934s,1.25174577s,0s,7793,7793,0
25.947640612s,1.461100382s,0s,7797,7797,0
26.207495317s,1.45483702s,0s,7799,7799,0
26.504387919s,1.099423108s,0s,7796,7796,0
27.218666445s,1.367380482s,0s,7794,7794,0
23.97399986s,1.132437727s,0s,7801,7801,0
24.703253718s,1.262077058s,0s,7810,7810,0
24.856972266s,1.254858355s,0s,7805,7805,0
25.189523466s,1.302509304s,0s,7804,7804,0
25.470345216s,1.270243655s,0s,7806,7806,0
25.490039308s,1.350729618s,0s,7802,7802,0
25.938763361s,1.17563313s,0s,7807,7807,0
26.459427312s,1.361969236s,0s,7808,7808,0
26.596029413s,1.01809844s,0s,7809,7809,0
27.546400316s,1.186883072s,0s,7803,7803,0
23.603192327s,1.391239525s,0s,7816,7816,0
24.073876158s,1.257274429s,0s,7817,7817,0
24.119578781s,1.233999435s,0s,7813,7813,0
24.57552226s,1.004367737s,0s,7814,7814,0
24.742241364s,1.406433939s,0s,7819,7819,0
24.92290887s,1.288481552s,0s,7812,7812,0
25.037555738s,1.33193117s,0s,7811,7811,0
25.109174812s,1.411676084s,0s,7818,7818,0
25.245845084s,1.326735685s,0s,7815,7815,0
25.533709862s,1.183749582s,0s,7820,7820,0
24.535343486s,1.348075482s,0s,7824,7824,0
24.702067554s,1.190292149s,0s,7826,7826,0
24.983886032s,1.04312846s,0s,7823,7823,0
25.046572195s,1.147616083s,0s,7827,7827,0
25.131349774s,1.324953494s,0s,7822,7822,0
25.402152741s,1.279750164s,0s,7825,7825,0
26.295249853s,1.171038233s,0s,7828,7828,0
26.382946663s,1.076405495s,0s,7830,7830,0
27.19620913s,1.152917909s,0s,7829,7829,0
27.276932911s,1.228526676s,0s,7821,7821,0
23.890639295s,1.202376994s,0s,7838,7838,0
24.229572013s,1.219602164s,0s,7839,7839,0
24.612491372s,1.136090544s,0s,7835,7835,0
24.648145842s,1.392505727s,0s,7833,7833,0
24.938112353s,1.355062659s,0s,7831,7831,0
25.229902072s,1.413777534s,0s,7834,7834,0
25.456624976s,1.054926657s,0s,7832,7832,0
26.016753227s,1.028641978s,0s,7840,7840,0
26.352679831s,1.253881061s,0s,7837,7837,0
26.669484336s,1.384305927s,0s,7836,7836,0
23.472593446s,1.094390047s,0s,7846,7846,0
23.673351264s,1.427006751s,0s,7848,7848,0
23.817159555s,1.226333164s,0s,7841,7841,0
24.265459631s,1.262594463s,0s,7847,7847,0
24.702456789s,1.163585045s,0s,7842,7842,0
24.905276354s,1.427024145s,0s,7850,7850,0
25.104077496s,1.169840946s,0s,7849,7849,0
25.856059784s,1.026123578s,0s,7843,7843,0
26.637039983s,1.195038099s,0s,7844,7844,0
26.748794031s,1.493248966s,0s,7845,7845,0
23.187590408s,1.049141736s,0s,7859,7859,0
24.565384868s,1.364808644s,0s,7853,7853,0
24.864279092s,1.357589353s,0s,7851,7851,0
25.276104556s,1.330070227s,0s,7857,7857,0
25.419831386s,1.342325253s,0s,7852,7852,0
26.095926299s,1.439023062s,0s,7856,7856,0
26.13054245s,1.114365391s,0s,7854,7854,0
26.306279941s,1.150597662s,0s,7855,7855,0
27.170608672s,1.342334804s,0s,7860,7860,0
27.490474976s,1.323893109s,0s,7858,7858,0
23.828662151s,1.205705988s,0s,7870,7870,0
24.826819952s,1.230903749s,0s,7868,7868,0
24.990531901s,1.274311614s,0s,7867,7867,0
25.554101356s,1.267078135s,0s,7869,7869,0
25.818704142s,1.123428246s,0s,7864,7864,0
25.996484655s,1.074141271s,0s,7862,7862,0
26.245385297s,1.313527939s,0s,7865,7865,0
26.3491265s,1.479098652s,0s,7863,7863,0
26.473775604s,1.402834347s,0s,7866,7866,0
27.186839136s,1.403946709s,0s,7861,7861,0
23.945954055s,1.098357389s,0s,7880,7880,0
23.955747768s,1.159764754s,0s,7872,7872,0
24.900951159s,1.149568646s,0s,7879,7879,0
25.349087448s,1.277019807s,0s,7878,7878,0
25.745963068s,1.391567333s,0s,7875,7875,0
25.894701754s,1.415789199s,0s,7874,7874,0
26.266721312s,1.001128788s,0s,7876,7876,0
26.420455479s,1.490306058s,0s,7877,7877,0
26.503066909s,1.343270849s,0s,7871,7871,0
27.320388079s,1.457098381s,0s,7873,7873,0
24.737543968s,1.185120527s,0s,7884,7884,0
24.859252268s,1.367100293s,0s,7886,7886,0
24.865725302s,1.196495546s,0s,7887,7887,0
25.052577959s,1.268722656s,0s,7882,7882,0
25.150291788s,1.440304465s,0s,7890,7890,0
25.412197948s,1.062716552s,0s,7889,7889,0
25.495955034s,1.452530052s,0s,7883,7883,0
26.405960754s,1.308892878s,0s,7885,7885,0
26.43661584s,1.099986164s,0s,7881,7881,0
26.608387465s,1.189339056s,0s,7888,7888,0
23.758399729s,1.224046966s,0s,7900,7900,0
23.994883576s,1.082314932s,0s,7894,7894,0
24.098646327s,1.248377211s,0s,7893,7893,0
24.412598022s,1.183853251s,0s,7891,7891,0
25.058692302s,1.481201551s,0s,7892,7892,0
25.470608253s,1.326878612s,0s,7898,7898,0
25.969540937s,1.037048034s,0s,7896,7896,0
26.176384918s,1.225181666s,0s,7897,7897,0
26.250049722s,1.271639716s,0s,7899,7899,0
27.279633886s,1.176580494s,0s,7895,7895,0
23.588776886s,1.458999581s,0s,7907,7907,0
23.642286857s,1.233802057s,0s,7903,7903,0
24.60464247s,1.367101791s,0s,7904,7904,0
24.94346758s,1.082739887s,0s,7902,7902,0
24.965052076s,1.206521687s,0s,7910,7910,0
25.010636069s,1.418367402s,0s,7906,7906,0
25.115481326s,1.077491799s,0s,7905,7905,0
25.131012114s,1.426683125s,0s,7908,7908,0
25.589040311s,1.116048255s,0s,7909,7909,0
27.310843111s,1.179293983s,0s,7901,7901,0
23.949047423s,1.1820842s,0s,7916,7916,0
24.160808472s,1.3196521s,0s,7915,7915,0
24.233445218s,1.033141876s,0s,7913,7913,0
24.484639873s,1.119581388s,0s,7918,7918,0
25.083818612s,1.345933202s,0s,7917,7917,0
25.108367756s,1.463398303s,0s,7911,7911,0
25.229086274s,1.314430149s,0s,7920,7920,0
25.450821417s,1.426142286s,0s,7912,7912,0
25.453356574s,1.101393976s,0s,7919,7919,0
25.845196587s,1.167854908s,0s,7914,7914,0
23.555199003s,1.360701537s,0s,7925,7925,0
24.07637805s,1.293483353s,0s,7927,7927,0
25.190966813s,1.413039842s,0s,7923,7923,0
25.240518319s,1.224199435s,0s,7924,7924,0
25.541208913s,1.475286293s,0s,7921,7921,0
25.898225884s,1.086573828s,0s,7922,7922,0
26.183474325s,1.079381237s,0s,7926,7926,0
26.426292175s,1.099952387s,0s,7930,7930,0
26.88525935s,1.023098432s,0s,7928,7928,0
26.967964424s,1.408919882s,0s,7929,7929,0
23.840975691s,1.071147939s,0s,7939,7939,0
23.997600298s,1.15004296s,0s,7936,7936,0
25.161813182s,1.101402736s,0s,7940,7940,0
25.211464661s,1.472652605s,0s,7935,7935,0
25.574398397s,1.158309531s,0s,7932,7932,0
25.790113741s,1.215545858s,0s,7931,7931,0
26.376121555s,1.118652357s,0s,7937,7937,0
26.559397796s,1.142921202s,0s,7938,7938,0
26.80504462s,1.407946107s,0s,7933,7933,0
26.908638787s,1.469108381s,0s,7934,7934,0
23.454864119s,1.238524376s,0s,7942,7942,0
24.883141883s,1.429299787s,0s,7950,7950,0
24.898741459s,1.207276764s,0s,7949,7949,0
24.998412104s,1.144815082s,0s,7945,7945,0
25.076125535s,1.259748267s,0s,7943,7943,0
25.106742563s,1.324031244s,0s,7946,7946,0
25.198411074s,1.436504934s,0s,7948,7948,0
25.443070798s,1.196072842s,0s,7944,7944,0
25.842980457s,1.128601008s,0s,7941,7941,0
25.865547016s,1.070307774s,0s,7947,7947,0
24.560783866s,1.4910255s,0s,7954,7954,0
24.774539518s,1.489905662s,0s,7958,7958,0
25.330616884s,1.336275801s,0s,7959,7959,0
25.681563772s,1.498288562s,0s,7953,7953,0
25.80831203s,1.074393119s,0s,7960,7960,0
25.965971304s,1.415496928s,0s,7957,7957,0
26.034677187s,1.101587486s,0s,7951,7951,0
26.744987974s,1.201878915s,0s,7956,7956,0
26.954739618s,1.052136528s,0s,7955,7955,0
27.095448619s,1.275030209s,0s,7952,7952,0
24.450944426s,1.084517643s,0s,7961,7961,0
25.109767603s,1.49910256s,0s,7963,7963,0
25.372545616s,1.230987376s,0s,7968,7968,0
25.848424662s,1.26309258s,0s,7966,7966,0
25.856093424s,1.406396725s,0s,7970,7970,0
25.91570646s,1.001090504s,0s,7964,7964,0
26.01839998s,1.1617715s,0s,7962,7962,0
26.387311866s,1.071334005s,0s,7965,7965,0
26.555030544s,1.412553777s,0s,7967,7967,0
26.616569081s,1.423821072s,0s,7969,7969,0
24.004513702s,1.106020032s,0s,7975,7975,0
24.081135614s,1.017270885s,0s,7980,7980,0
24.234890853s,1.370806639s,0s,7973,7973,0
24.676882646s,1.473521722s,0s,7972,7972,0
24.684416747s,1.467292881s,0s,7978,7978,0
24.989292623s,1.17322925s,0s,7974,7974,0
25.028039366s,1.027744325s,0s,7977,7977,0
25.66072592s,1.202442753s,0s,7979,7979,0
25.790420785s,1.462086587s,0s,7971,7971,0
26.071015753s,1.021496645s,0s,7976,7976,0
23.905745323s,1.168594906s,0s,7981,7981,0
23.997311759s,1.211991603s,0s,7990,7990,0
24.52676682s,1.200803882s,0s,7985,7985,0
24.743544292s,1.021106663s,0s,7986,7986,0
25.027346423s,1.359503112s,0s,7983,7983,0
25.16206476s,1.057329928s,0s,7982,7982,0
25.284782307s,1.493194998s,0s,7987,7987,0
25.369403806s,1.401710872s,0s,7984,7984,0
25.737148025s,1.488999304s,0s,7988,7988,0
26.869791658s,1.299309723s,0s,7989,7989,0
23.675686514s,1.353410057s,0s,7998,7998,0
23.68934542s,1.375022937s,0s,7993,7993,0
23.707883317s,1.14756941s,0s,7991,7991,0
23.753451271s,1.364879139s,0s,7995,7995,0
25.129292265s,1.249135802s,0s,7992,7992,0
25.344103101s,1.109042431s,0s,8000,8000,0
26.095360314s,1.126342756s,0s,7994,7994,0
26.186016138s,1.214855261s,0s,7996,7996,0
26.361829162s,1.358599533s,0s,7999,7999,0
26.47263094s,1.447347913s,0s,7997,7997,0
24.262010951s,1.451849418s,0s,8001,8001,0
24.839171258s,1.112567353s,0s,8010,8010,0
24.897729104s,1.055117706s,0s,8007,8007,0
25.104399809s,1.161839374s,0s,8003,8003,0
25.575359184s,1.300306281s,0s,8009,8009,0
25.664970934s,1.425586345s,0s,8008,8008,0
25.72060935s,1.494331726s,0s,8004,8004,0
25.931994476s,1.484079802s,0s,8006,8006,0
26.44470579s,1.075364354s,0s,8002,8002,0
26.780363337s,1.187020481s,0s,8005,8005,0
23.490205328s,1.165900392s,0s,8020,8020,0
24.464151822s,1.044169791s,0s,8012,8012,0
24.767824456s,1.430919999s,0s,8015,8015,0
24.767971571s,1.138642417s,0s,8011,8011,0
24.779208693s,1.454041294s,0s,8016,8016,0
25.11507992s,1.402663676s,0s,8013,8013,0
25.517878359s,1.498326911s,0s,8019,8019,0
25.584489262s,1.399443034s,0s,8017,8017,0
25.699163163s,1.081387015s,0s,8018,8018,0
26.522578393s,1.249073616s,0s,8014,8014,0
23.614785664s,1.364497862s,0s,8021,8021,0
23.655279713s,1.146560668s,0s,8023,8023,0
24.181360759s,1.440962186s,0s,8024,8024,0
24.524923997s,1.404713928s,0s,8028,8028,0
24.907910675s,1.003083499s,0s,8022,8022,0
25.148657049s,1.342302008s,0s,8030,8030,0
25.254273814s,1.069310094s,0s,8029,8029,0
25.329898202s,1.292018689s,0s,8027,8027,0
25.372772753s,1.448337765s,0s,8026,8026,0
26.847770703s,1.288923539s,0s,8025,8025,0
23.437980367s,1.008730198s,0s,8032,8032,0
24.510615433s,1.247032178s,0s,8040,8040,0
24.648361213s,1.431221734s,0s,8038,8038,0
25.523666s,1.430071506s,0s,8031,8031,0
25.86613829s,1.451446437s,0s,8039,8039,0
26.164994025s,1.405838265s,0s,8037,8037,0
26.587806462s,1.262307536s,0s,8033,8033,0
26.645387377s,1.499919745s,0s,8034,8034,0
26.960339493s,1.336548553s,0s,8036,8036,0
27.125077645s,1.45673162s,0s,8035,8035,0
22.940077486s,1.021075549s,0s,8041,8041,0
24.838931399s,1.087381397s,0s,8043,8043,0
24.924672136s,1.198217585s,0s,8047,8047,0
25.127395238s,1.088512478s,0s,8050,8050,0
25.266970202s,1.270853611s,0s,8046,8046,0
25.418711116s,1.154981177s,0s,8048,8048,0
25.454514405s,1.244676442s,0s,8042,8042,0
25.834648617s,1.221422923s,0s,8049,8049,0
26.52846786s,1.288112386s,0s,8044,8044,0
27.049411961s,1.122759547s,0s,8045,8045,0
23.797807564s,1.104067045s,0s,8056,8056,0
23.951418965s,1.17928764s,0s,8054,8054,0
24.189194109s,1.330849906s,0s,8057,8057,0
24.315860427s,1.38225902s,0s,8053,8053,0
25.466489793s,1.060541613s,0s,8058,8058,0
25.618267239s,1.096833216s,0s,8052,8052,0
25.754010687s,1.011196424s,0s,8055,8055,0
26.100709248s,1.373081627s,0s,8051,8051,0
26.275379043s,1.485764174s,0s,8059,8059,0
26.440111326s,1.319647662s,0s,8060,8060,0
24.696848826s,1.248316648s,0s,8063,8063,0
24.760510718s,1.079767738s,0s,8065,8065,0
24.993339149s,1.083082397s,0s,8062,8062,0
25.576800972s,1.184564604s,0s,8064,8064,0
25.597406553s,1.080888586s,0s,8070,8070,0
25.679129714s,1.243089397s,0s,8069,8069,0
25.725760113s,1.062346228s,0s,8061,8061,0
26.082624981s,1.13532895s,0s,8067,8067,0
26.16127373s,1.004130472s,0s,8068,8068,0
26.247913048s,1.232824563s,0s,8066,8066,0
23.648553156s,1.167637555s,0s,8074,8074,0
24.30844562s,1.220977264s,0s,8079,8079,0
24.965673319s,1.163390512s,0s,8078,8078,0
24.985338426s,1.065127596s,0s,8073,8073,0
25.207115011s,1.219836462s,0s,8080,8080,0
25.958854482s,1.328094534s,0s,8072,8072,0
26.72840392s,1.309648673s,0s,8071,8071,0
26.771056198s,1.25638008s,0s,8075,8075,0
26.812748228s,1.314899468s,0s,8077,8077,0
26.911450068s,1.236127372s,0s,8076,8076,0
23.643550505s,1.27114526s,0s,8085,8085,0
23.680241741s,1.476570474s,0s,8083,8083,0
23.704871217s,1.103306683s,0s,8081,8081,0
24.071698881s,1.066959828s,0s,8090,8090,0
24.911963904s,1.162729558s,0s,8089,8089,0
25.268976595s,1.010743386s,0s,8087,8087,0
25.919249569s,1.008532042s,0s,8088,8088,0
25.991903098s,1.1759687s,0s,8086,8086,0
26.240729377s,1.136548834s,0s,8082,8082,0
26.446438435s,1.068106937s,0s,8084,8084,0
24.472031401s,1.23008912s,0s,8093,8093,0
24.567609989s,1.288393055s,0s,8094,8094,0
24.925616154s,1.397865224s,0s,8096,8096,0
24.95528577s,1.035402496s,0s,8097,8097,0
25.154155204s,1.062604955s,0s,8100,8100,0
25.212794711s,1.368617674s,0s,8098,8098,0
25.403448038s,1.018190076s,0s,8092,8092,0
26.120261588s,1.015023132s,0s,8099,8099,0
26.166852778s,1.005870479s,0s,8095,8095,0
26.186395006s,1.066863966s,0s,8091,8091,0
23.517170521s,1.043322924s,0s,8109,8109,0
23.764971952s,1.010076425s,0s,8103,8103,0
24.160990427s,1.240599926s,0s,8107,8107,0
24.378909296s,1.172118532s,0s,8102,8102,0
24.717830823s,1.395083484s,0s,8108,8108,0
24.920547559s,1.054466096s,0s,8104,8104,0
25.808996818s,1.413310101s,0s,8110,8110,0
25.831536123s,1.361955809s,0s,8101,8101,0
26.809964451s,1.14883568s,0s,8106,8106,0
27.154925124s,1.186368597s,0s,8105,8105,0
24.066202548s,1.005198408s,0s,8115,8115,0
24.071846657s,1.116503379s,0s,8119,8119,0
24.121500112s,1.217499328s,0s,8116,8116,0
24.382353144s,1.12271417s,0s,8113,8113,0
24.50399888s,1.425560216s,0s,8120,8120,0
24.680741223s,1.386263327s,0s,8114,8114,0
25.075712121s,1.193996331s,0s,8118,8118,0
25.332385791s,1.23773977s,0s,8117,8117,0
25.55227679s,1.211207801s,0s,8112,8112,0
25.737097994s,1.259015429s,0s,8111,8111,0
24.02195882s,1.454986768s,0s,8126,8126,0
24.35301669s,1.101403528s,0s,8121,8121,0
24.533783589s,1.137963116s,0s,8127,8127,0
24.719568827s,1.400712404s,0s,8122,8122,0
25.835378305s,1.054167726s,0s,8128,8128,0
26.10026634s,1.357821901s,0s,8129,8129,0
26.226929182s,1.156087421s,0s,8130,8130,0
26.562145428s,1.319553209s,0s,8123,8123,0
26.574727054s,1.212299015s,0s,8125,8125,0
26.993556712s,1.115704541s,0s,8124,8124,0
24.191229257s,1.328611678s,0s,8139,8139,0
25.208324047s,1.03417914s,0s,8135,8135,0
25.998219918s,1.035252946s,0s,8132,8132,0
26.166739498s,1.314384261s,0s,8138,8138,0
26.232288698s,1.499262275s,0s,8140,8140,0
26.271911721s,1.450889853s,0s,8137,8137,0
26.354522732s,1.463070413s,0s,8133,8133,0
26.696400706s,1.263164699s,0s,8131,8131,0
27.133292777s,1.207617155s,0s,8136,8136,0
27.147946453s,1.25083711s,0s,8134,8134,0
23.991874008s,1.037363375s,0s,8147,8147,0
24.351791246s,1.42706671s,0s,8141,8141,0
24.720707885s,1.145725076s,0s,8145,8145,0
24.785479368s,1.461344887s,0s,8146,8146,0
25.628865738s,1.313328144s,0s,8150,8150,0
25.766485128s,1.334554911s,0s,8142,8142,0
25.912297314s,1.02510349s,0s,8148,8148,0
26.018082533s,1.287090383s,0s,8149,8149,0
26.114772495s,1.247980698s,0s,8144,8144,0
26.85073151s,1.382765518s,0s,8143,8143,0
23.208682662s,1.107214064s,0s,8159,8159,0
23.749627375s,1.2004805s,0s,8155,8155,0
23.770190157s,1.063647464s,0s,8154,8154,0
24.121113131s,1.080936795s,0s,8153,8153,0
24.578165561s,1.009421724s,0s,8152,8152,0
24.923233117s,1.33871109s,0s,8160,8160,0
25.330286279s,1.236724264s,0s,8156,8156,0
25.729784569s,1.291245513s,0s,8158,8158,0
26.855396513s,1.264976043s,0s,8151,8151,0
27.081205314s,1.300435589s,0s,8157,8157,0
23.54906751s,1.263116614s,0s,8170,8170,0
24.161731486s,1.160675959s,0s,8162,8162,0
24.429552262s,1.276322517s,0s,8165,8165,0
25.043668575s,1.040128248s,0s,8168,8168,0
25.193370842s,1.130451516s,0s,8161,8161,0
25.376043328s,1.469138743s,0s,8166,8166,0
25.388518784s,1.23493805s,0s,8169,8169,0
26.153798469s,1.35299322s,0s,8167,8167,0
26.246441737s,1.310503463s,0s,8164,8164,0
26.38319792s,1.349733132s,0s,8163,8163,0
24.091609454s,1.441347872s,0s,8180,8180,0
24.729693721s,1.476840619s,0s,8171,8171,0
24.779232919s,1.177313827s,0s,8174,8174,0
25.476241875s,1.425103387s,0s,8175,8175,0
25.544778846s,1.337739581s,0s,8177,8177,0
25.606350415s,1.055091073s,0s,8179,8179,0
26.051371286s,1.444553318s,0s,8173,8173,0
26.176029373s,1.481073207s,0s,8178,8178,0
26.177577997s,1.364930492s,0s,8176,8176,0
26.519350373s,1.324493246s,0s,8172,8172,0
23.297691002s,1.213291693s,0s,8185,8185,0
24.152695725s,1.292502909s,0s,8181,8181,0
24.636199134s,1.30670929s,0s,8188,8188,0
24.793927415s,1.374890705s,0s,8183,8183,0
24.881623476s,1.414041183s,0s,8182,8182,0
25.005289463s,1.490449683s,0s,8186,8186,0
25.03196541s,1.440209955s,0s,8184,8184,0
25.107584652s,1.18707068s,0s,8190,8190,0
25.151156429s,1.068555881s,0s,8187,8187,0
25.177788341s,1.164868485s,0s,8189,8189,0
24.056896885s,1.263842544s,0s,8197,8197,0
24.22563456s,1.127534114s,0s,8194,8194,0
24.300209094s,1.354339944s,0s,8193,8193,0
24.561888173s,1.126429632s,0s,8192,8192,0
25.196749298s,1.473109281s,0s,8200,8200,0
25.250374131s,1.015150065s,0s,8198,8198,0
25.655348477s,1.426987237s,0s,8191,8191,0
25.871020622s,1.370588909s,0s,8195,8195,0
25.877671292s,1.274102279s,0s,8196,8196,0
26.989354398s,1.391807022s,0s,8199,8199,0
23.895983803s,1.041136319s,0s,8210,8210,0
23.912590343s,1.149976959s,0s,8208,8208,0
24.389465759s,1.477303325s,0s,8202,8202,0
24.567157421s,1.293601115s,0s,8205,8205,0
24.608686941s,1.050417961s,0s,8201,8201,0
24.904602484s,1.364886344s,0s,8209,8209,0
25.227397709s,1.192100444s,0s,8204,8204,0
25.470265086s,1.131708552s,0s,8207,8207,0
25.513880587s,1.199322138s,0s,8203,8203,0
25.996848659s,1.404033219s,0s,8206,8206,0
23.638422108s,1.173211111s,0s,8211,8211,0
24.030008249s,1.060138749s,0s,8218,8218,0
24.618999638s,1.077393564s,0s,8217,8217,0
24.93277065s,1.457080623s,0s,8212,8212,0
25.212650639s,1.451977203s,0s,8220,8220,0
25.630616204s,1.335527007s,0s,8213,8213,0
25.820380149s,1.171002309s,0s,8219,8219,0
25.831036141s,1.095746379s,0s,8216,8216,0
25.942731945s,1.366741702s,0s,8214,8214,0
26.06633746s,1.078499243s,0s,8215,8215,0
23.761061988s,1.453592156s,0s,8224,8224,0
23.928008191s,1.481822963s,0s,8230,8230,0
24.403282531s,1.164323211s,0s,8227,8227,0
25.019515239s,1.256630401s,0s,8223,8223,0
25.79139818s,1.308561928s,0s,8228,8228,0
26.141119499s,1.452515986s,0s,8221,8221,0
26.216818038s,1.447264349s,0s,8226,8226,0
26.620446798s,1.42706878s,0s,8229,8229,0
26.773168347s,1.051083934s,0s,8222,8222,0
27.42388377s,1.381821356s,0s,8225,8225,0
23.698153312s,1.48176407s,0s,8234,8234,0
24.22677298s,1.181650513s,0s,8238,8238,0
24.295371624s,1.130453117s,0s,8231,8231,0
24.913291586s,1.12124004s,0s,8237,8237,0
25.006003704s,1.229894624s,0s,8232,8232,0
25.774268051s,1.382494822s,0s,8235,8235,0
26.234219123s,1.204577383s,0s,8233,8233,0
26.242862031s,1.184400133s,0s,8240,8240,0
26.844712056s,1.28007652s,0s,8236,8236,0
27.227708514s,1.228799558s,0s,8239,8239,0
23.661057133s,1.309358073s,0s,8246,8246,0
24.307701066s,1.053456955s,0s,8241,8241,0
24.576563223s,1.378821582s,0s,8247,8247,0
25.482065127s,1.010084625s,0s,8248,8248,0
25.605601629s,1.30718709s,0s,8244,8244,0
25.701135523s,1.135752738s,0s,8245,8245,0
26.048977079s,1.43205445s,0s,8249,8249,0
26.117623563s,1.331618819s,0s,8243,8243,0
26.753156298s,1.170952261s,0s,8242,8242,0
27.082020238s,1.024293626s,0s,8250,8250,0
23.709236966s,1.032391677s,0s,8251,8251,0
24.729805554s,1.006159174s,0s,8253,8253,0
24.822418882s,1.388961966s,0s,8259,8259,0
25.016156167s,1.074523123s,0s,8257,8257,0
25.112868342s,1.124004361s,0s,8254,8254,0
25.180441583s,1.200554004s,0s,8255,8255,0
25.431264727s,1.093802436s,0s,8256,8256,0
25.435873642s,1.436139855s,0s,8260,8260,0
25.616541262s,1.444373564s,0s,8252,8252,0
25.633078636s,1.129316406s,0s,8258,8258,0
24.55160495s,1.096359573s,0s,8264,8264,0
24.663437507s,1.192945224s,0s,8266,8266,0
24.731151861s,1.468262404s,0s,8267,8267,0
24.775807954s,1.40202936s,0s,8270,8270,0
24.875463858s,1.199058289s,0s,8265,8265,0
25.342233826s,1.073146388s,0s,8268,8268,0
25.630093444s,1.242304484s,0s,8261,8261,0
26.251959021s,1.277516427s,0s,8269,8269,0
26.678921177s,1.115668063s,0s,8262,8262,0
27.371069198s,1.336805339s,0s,8263,8263,0
24.100150263s,1.444854025s,0s,8273,8273,0
24.1997197s,1.212871064s,0s,8279,8279,0
24.255289011s,1.164640657s,0s,8271,8271,0
24.282810746s,1.270051417s,0s,8278,8278,0
24.434427328s,1.285319137s,0s,8272,8272,0
24.566974599s,1.411587707s,0s,8274,8274,0
24.971803799s,1.074123955s,0s,8280,8280,0
25.457559655s,1.497316262s,0s,8276,8276,0
25.626186537s,1.46905473s,0s,8275,8275,0
26.032104933s,1.097405333s,0s,8277,8277,0
24.507391176s,1.118821515s,0s,8284,8284,0
24.700141757s,1.357885301s,0s,8290,8290,0
25.13095792s,1.101602963s,0s,8286,8286,0
25.439900691s,1.150022298s,0s,8282,8282,0
25.856888645s,1.340662905s,0s,8285,8285,0
26.230806442s,1.410239183s,0s,8288,8288,0
26.31743705s,1.449495449s,0s,8289,8289,0
26.365074332s,1.264356558s,0s,8283,8283,0
26.508786754s,1.358987955s,0s,8281,8281,0
26.842630791s,1.464794925s,0s,8287,8287,0
23.394163476s,1.250927228s,0s,8298,8298,0
24.990422101s,1.12744451s,0s,8297,8297,0
25.193115771s,1.493299989s,0s,8292,8292,0
25.335824756s,1.372554174s,0s,8296,8296,0
25.350486344s,1.473042038s,0s,8294,8294,0
25.614268448s,1.14070477s,0s,8300,8300,0
25.704977029s,1.332326755s,0s,8293,8293,0
25.805672557s,1.084184927s,0s,8291,8291,0
26.352846055s,1.450902572s,0s,8295,8295,0
27.065922287s,1.289105324s,0s,8299,8299,0
24.417953533s,1.240020777s,0s,8302,8302,0
24.592707869s,1.166625023s,0s,8305,8305,0
24.594135136s,1.477342151s,0s,8307,8307,0
24.797845179s,1.283594937s,0s,8301,8301,0
24.931486931s,1.180895466s,0s,8310,8310,0
25.207224917s,1.252334812s,0s,8309,8309,0
25.298862007s,1.05335021s,0s,8308,8308,0
25.544622481s,1.3588462s,0s,8303,8303,0
25.926201102s,1.018102142s,0s,8306,8306,0
27.056649223s,1.417061436s,0s,8304,8304,0
23.149564851s,1.106220692s,0s,8319,8319,0
24.39227872s,1.496625088s,0s,8313,8313,0
25.366200314s,1.304104667s,0s,8311,8311,0
25.625891468s,1.224926302s,0s,8318,8318,0
25.63445218s,1.33431983s,0s,8312,8312,0
25.650923999s,1.221733656s,0s,8317,8317,0
25.901494844s,1.2145169s,0s,8320,8320,0
25.989149737s,1.04297054s,0s,8315,8315,0
26.029698893s,1.024574112s,0s,8316,8316,0
26.934984765s,1.039805275s,0s,8314,8314,0
22.834326625s,1.151380616s,0s,8322,8322,0
23.058155415s,1.025995409s,0s,8327,8327,0
23.264877576s,1.193813237s,0s,8326,8326,0
23.314468683s,1.332340032s,0s,8323,8323,0
24.43157467s,1.018748618s,0s,8321,8321,0
24.89616065s,1.305081114s,0s,8325,8325,0
25.583117324s,1.43970785s,0s,8328,8328,0
26.308110094s,1.191609831s,0s,8330,8330,0
27.490763973s,1.438579578s,0s,8324,8324,0
27.506346144s,1.465916652s,0s,8329,8329,0
24.018892556s,1.412250539s,0s,8339,8339,0
24.229697201s,1.098367684s,0s,8334,8334,0
24.531534666s,1.336040907s,0s,8336,8336,0
24.70034883s,1.127566726s,0s,8332,8332,0
25.256129813s,1.019132774s,0s,8340,8340,0
25.469889458s,1.23785382s,0s,8333,8333,0
26.481335808s,1.252036675s,0s,8335,8335,0
26.738076284s,1.279663102s,0s,8337,8337,0
26.824764527s,1.266338541s,0s,8338,8338,0
26.830466645s,1.31889561s,0s,8331,8331,0
23.427683517s,1.310618954s,0s,8349,8349,0
23.931395699s,1.042317812s,0s,8348,8348,0
24.193259675s,1.354847423s,0s,8343,8343,0
24.720430239s,1.075845591s,0s,8342,8342,0
24.738355902s,1.125027124s,0s,8345,8345,0
25.310055607s,1.393073359s,0s,8344,8344,0
25.445858517s,1.425260513s,0s,8350,8350,0
25.840876503s,1.045598238s,0s,8346,8346,0
25.942580494s,1.209265506s,0s,8347,8347,0
26.648742424s,1.450451838s,0s,8341,8341,0
23.166435943s,1.282046262s,0s,8360,8360,0
24.162857811s,1.381610893s,0s,8353,8353,0
25.035255761s,1.483509697s,0s,8357,8357,0
25.077895947s,1.113189446s,0s,8351,8351,0
25.230608533s,1.386806361s,0s,8354,8354,0
25.310242191s,1.230733189s,0s,8358,8358,0
25.423990051s,1.402093783s,0s,8352,8352,0
25.893942608s,1.115445988s,0s,8359,8359,0
26.227771149s,1.372309204s,0s,8356,8356,0
26.799505083s,1.463306691s,0s,8355,8355,0
23.638290514s,1.116131379s,0s,8361,8361,0
23.649856463s,1.38282899s,0s,8362,8362,0
24.118840681s,1.341312444s,0s,8368,8368,0
24.161437186s,1.375537842s,0s,8363,8363,0
24.939130609s,1.180790821s,0s,8367,8367,0
24.976378107s,1.191967527s,0s,8366,8366,0
25.183951275s,1.16742186s,0s,8370,8370,0
25.285662517s,1.168539134s,0s,8364,8364,0
26.601668725s,1.411329005s,0s,8365,8365,0
27.623459597s,1.399036274s,0s,8369,8369,0
23.398040378s,1.115355625s,0s,8374,8374,0
24.124277342s,1.262872654s,0s,8373,8373,0
24.611041248s,1.180577805s,0s,8371,8371,0
25.29880126s,1.407917949s,0s,8379,8379,0
25.40950846s,1.31311134s,0s,8375,8375,0
26.364034502s,1.457034866s,0s,8378,8378,0
26.420696505s,1.361444078s,0s,8377,8377,0
26.861654081s,1.464273158s,0s,8372,8372,0
27.237570068s,1.364655826s,0s,8376,8376,0
27.308164541s,1.018055941s,0s,8380,8380,0
23.974460024s,1.28288994s,0s,8390,8390,0
24.170248997s,1.404603789s,0s,8381,8381,0
24.194942558s,1.073881114s,0s,8387,8387,0
24.196440352s,1.01957107s,0s,8384,8384,0
24.550171654s,1.212335852s,0s,8389,8389,0
25.189870199s,1.342336905s,0s,8388,8388,0
25.437623895s,1.188061585s,0s,8385,8385,0
26.428681716s,1.257576347s,0s,8383,8383,0
26.951697588s,1.316038865s,0s,8382,8382,0
27.028343207s,1.43188392s,0s,8386,8386,0
23.7176829s,1.339311092s,0s,8397,8397,0
24.313886643s,1.432952533s,0s,8400,8400,0
24.484562292s,1.442140321s,0s,8395,8395,0
24.611211003s,1.118448066s,0s,8391,8391,0
24.78992198s,1.2487067s,0s,8394,8394,0
24.911688722s,1.261921203s,0s,8399,8399,0
25.269652619s,1.110180346s,0s,8398,8398,0
25.373365636s,1.282024244s,0s,8393,8393,0
25.448935424s,1.39274372s,0s,8396,8396,0
27.389931554s,1.34147015s,0s,8392,8392,0
23.066271134s,1.178634226s,0s,8408,8408,0
23.380929963s,1.162110176s,0s,8401,8401,0
24.233514272s,1.287051814s,0s,8405,8405,0
25.559266153s,1.449740936s,0s,8402,8402,0
25.727405083s,1.174348623s,0s,8407,8407,0
25.750062114s,1.402560924s,0s,8403,8403,0
25.920633931s,1.468927792s,0s,8409,8409,0
26.296593229s,1.387311422s,0s,8404,8404,0
26.30724747s,1.234884442s,0s,8410,8410,0
26.81497703s,1.477026762s,0s,8406,8406,0
23.94717467s,1.014094636s,0s,8411,8411,0
24.210980529s,1.45713698s,0s,8414,8414,0
24.252610807s,1.104532298s,0s,8419,8419,0
24.862653997s,1.217039697s,0s,8420,8420,0
24.873244619s,1.10135222s,0s,8412,8412,0
25.128114312s,1.300278721s,0s,8417,8417,0
25.149735605s,1.121771162s,0s,8418,8418,0
25.798704382s,1.350905201s,0s,8413,8413,0
26.372794121s,1.303470957s,0s,8416,8416,0
27.602938636s,1.321688609s,0s,8415,8415,0
23.903962591s,1.208461525s,0s,8430,8430,0
24.315886189s,1.228639428s,0s,8424,8424,0
24.41754038s,1.266679649s,0s,8423,8423,0
24.491292593s,1.066134082s,0s,8421,8421,0
24.612940964s,1.340499978s,0s,8426,8426,0
24.676542384s,1.275900055s,0s,8428,8428,0
25.343525772s,1.295027667s,0s,8422,8422,0
26.051027142s,1.401771419s,0s,8429,8429,0
26.298595233s,1.233903288s,0s,8427,8427,0
26.70557081s,1.308295016s,0s,8425,8425,0
23.599260196s,1.270049868s,0s,8435,8435,0
23.782899271s,1.280283667s,0s,8431,8431,0
24.301001375s,1.173806813s,0s,8437,8437,0
24.46273577s,1.34644422s,0s,8438,8438,0
24.836393769s,1.396692541s,0s,8433,8433,0
25.172297734s,1.435876243s,0s,8439,8439,0
25.456124905s,1.086361517s,0s,8432,8432,0
25.981104883s,1.077139234s,0s,8434,8434,0
26.216691624s,1.150583995s,0s,8436,8436,0
26.273419952s,1.491077224s,0s,8440,8440,0
22.887437663s,1.126567254s,0s,8443,8443,0
23.376227738s,1.285055324s,0s,8444,8444,0
23.387818665s,1.283767086s,0s,8448,8448,0
23.811852916s,1.150818198s,0s,8445,8445,0
23.996572341s,1.201522903s,0s,8450,8450,0
24.248379964s,1.07833891s,0s,8446,8446,0
24.910531149s,1.33533228s,0s,8441,8441,0
25.352295065s,1.188345705s,0s,8442,8442,0
25.505052121s,1.15809365s,0s,8447,8447,0
26.32845046s,1.025082819s,0s,8449,8449,0
23.598267149s,1.461892278s,0s,8454,8454,0
23.95110551s,1.208320757s,0s,8458,8458,0
25.327416057s,1.004607987s,0s,8460,8460,0
25.506063126s,1.420584533s,0s,8459,8459,0
25.867908215s,1.276915314s,0s,8451,8451,0
25.916562117s,1.212554204s,0s,8455,8455,0
26.51968745s,1.307050876s,0s,8457,8457,0
26.54525909s,1.145960123s,0s,8453,8453,0
26.860735586s,1.150062986s,0s,8452,8452,0
27.543586126s,1.392379352s,0s,8456,8456,0
24.426550513s,1.08332142s,0s,8467,8467,0
24.680963728s,1.314621046s,0s,8464,8464,0
24.836520634s,1.277085719s,0s,8465,8465,0
24.864207268s,1.464080325s,0s,8463,8463,0
25.900984513s,1.080127186s,0s,8461,8461,0
26.016592538s,1.308378519s,0s,8469,8469,0
26.208363653s,1.224889113s,0s,8470,8470,0
26.341963296s,1.424933208s,0s,8468,8468,0
26.368530582s,1.093542402s,0s,8466,8466,0
26.432196736s,1.470310747s,0s,8462,8462,0
24.141305865s,1.180826102s,0s,8471,8471,0
24.361000671s,1.386826695s,0s,8476,8476,0
24.848966516s,1.203275356s,0s,8475,8475,0
24.89048365s,1.110565725s,0s,8474,8474,0
25.005036361s,1.197047771s,0s,8479,8479,0
25.083759151s,1.356561699s,0s,8473,8473,0
25.113353142s,1.454306762s,0s,8472,8472,0
25.429154666s,1.452046556s,0s,8478,8478,0
25.557732906s,1.081385813s,0s,8480,8480,0
25.675342747s,1.034123211s,0s,8477,8477,0
24.574386384s,1.371091632s,0s,8484,8484,0
24.901377712s,1.418287743s,0s,8488,8488,0
25.08409516s,1.48898946s,0s,8487,8487,0
25.591232561s,1.023119157s,0s,8490,8490,0
25.630976814s,1.42551555s,0s,8486,8486,0
25.785758698s,1.289918818s,0s,8485,8485,0
26.020705052s,1.253709966s,0s,8489,8489,0
26.135488631s,1.19350619s,0s,8483,8483,0
26.263219361s,1.492286005s,0s,8482,8482,0
27.012303191s,1.455772354s,0s,8481,8481,0
23.711089855s,1.241801721s,0s,8499,8499,0
24.044077222s,1.286047634s,0s,8493,8493,0
24.324984748s,1.124060082s,0s,8492,8492,0
25.093883265s,1.409562373s,0s,8494,8494,0
25.098494729s,1.431754727s,0s,8497,8497,0
25.303226424s,1.498005765s,0s,8500,8500,0
25.412337064s,1.286041901s,0s,8495,8495,0
25.414952749s,1.130293607s,0s,8491,8491,0
25.844760536s,1.378334358s,0s,8496,8496,0
25.928548612s,1.198567668s,0s,8498,8498,0
24.39486764s,1.308546493s,0s,8505,8505,0
24.521131201s,1.1801329s,0s,8510,8510,0
24.595864192s,1.393097548s,0s,8507,8507,0
24.632616289s,1.172854948s,0s,8501,8501,0
24.841412551s,1.126341763s,0s,8503,8503,0
25.086079814s,1.133615447s,0s,8502,8502,0
25.631012554s,1.376823411s,0s,8506,8506,0
25.669638848s,1.065141527s,0s,8508,8508,0
26.105430391s,1.179016483s,0s,8509,8509,0
26.380369648s,1.492346883s,0s,8504,8504,0
23.548972158s,1.466159846s,0s,8514,8514,0
24.747620662s,1.0231174s,0s,8516,8516,0
24.801230349s,1.194082554s,0s,8512,8512,0
24.933929209s,1.191967603s,0s,8517,8517,0
25.342721825s,1.285817058s,0s,8515,8515,0
25.394308406s,1.286978938s,0s,8513,8513,0
25.605177178s,1.037374056s,0s,8520,8520,0
25.893167086s,1.48740331s,0s,8518,8518,0
25.95088435s,1.199545148s,0s,8519,8519,0
26.653103783s,1.157680546s,0s,8511,8511,0
22.865592166s,1.137060709s,0s,8524,8524,0
24.645843949s,1.23057208s,0s,8529,8529,0
24.738528626s,1.116836686s,0s,8530,8530,0
24.858216327s,1.06737018s,0s,8522,8522,0
24.937825614s,1.067365195s,0s,8525,8525,0
25.04153543s,1.331867553s,0s,8521,8521,0
25.081183713s,1.112581151s,0s,8527,8527,0
25.106293021s,1.371109391s,0s,8523,8523,0
25.511865201s,1.158346059s,0s,8526,8526,0
26.404378732s,1.017127332s,0s,8528,8528,0
23.623214214s,1.261382124s,0s,8537,8537,0
24.467422548s,1.384338514s,0s,8533,8533,0
24.467822564s,1.156949526s,0s,8536,8536,0
24.722220974s,1.067628467s,0s,8531,8531,0
24.8849956s,1.417560251s,0s,8534,8534,0
24.960670206s,1.20509499s,0s,8535,8535,0
25.321293222s,1.481811715s,0s,8539,8539,0
25.37197021s,1.297893592s,0s,8532,8532,0
25.729813469s,1.269617209s,0s,8538,8538,0
26.696410505s,1.376064442s,0s,8540,8540,0
23.814492275s,1.181279447s,0s,8544,8544,0
24.687255991s,1.020155079s,0s,8545,8545,0
24.691855773s,1.464329668s,0s,8541,8541,0
25.451015677s,1.164080341s,0s,8547,8547,0
25.512782163s,1.126456217s,0s,8550,8550,0
25.768440722s,1.212603013s,0s,8543,8543,0
25.808050009s,1.158888781s,0s,8549,8549,0
26.488866195s,1.392032171s,0s,8548,8548,0
26.880531657s,1.134651355s,0s,8542,8542,0
27.252437318s,1.345917331s,0s,8546,8546,0
23.730737716s,1.486820879s,0s,8551,8551,0
24.053396778s,1.365914757s,0s,8559,8559,0
24.239167725s,1.217108502s,0s,8560,8560,0
24.311894912s,1.469566102s,0s,8558,8558,0
24.601616518s,1.169973634s,0s,8554,8554,0
24.843362347s,1.062041866s,0s,8556,8556,0
25.469430651s,1.292629102s,0s,8552,8552,0
25.482114334s,1.466343995s,0s,8555,8555,0
26.233142933s,1.272348399s,0s,8557,8557,0
26.73926316s,1.371048918s,0s,8553,8553,0
24.460530256s,1.001058273s,0s,8563,8563,0
24.496095475s,1.151078557s,0s,8567,8567,0
24.957693927s,1.401787s,0s,8569,8569,0
25.153412748s,1.485329318s,0s,8564,8564,0
25.160028109s,1.4040576s,0s,8562,8562,0
25.264017056s,1.368494324s,0s,8570,8570,0
25.795103384s,1.042472583s,0s,8561,8561,0
26.058918439s,1.02329312s,0s,8568,8568,0
26.661139574s,1.135884966s,0s,8566,8566,0
26.672665281s,1.493565159s,0s,8565,8565,0
23.284915426s,1.041340694s,0s,8578,8578,0
23.527637604s,1.465602593s,0s,8575,8575,0
23.855505986s,1.496097843s,0s,8572,8572,0
24.000197673s,1.436420593s,0s,8580,8580,0
24.652955326s,1.374203248s,0s,8577,8577,0
25.244132833s,1.008090857s,0s,8579,8579,0
25.441723834s,1.479887311s,0s,8573,8573,0
26.268054437s,1.23169727s,0s,8574,8574,0
26.90820702s,1.309008165s,0s,8571,8571,0
27.427135459s,1.374207344s,0s,8576,8576,0
23.436777279s,1.006567301s,0s,8585,8585,0
24.369349806s,1.163664813s,0s,8586,8586,0
24.785272567s,1.095424422s,0s,8589,8589,0
24.988133167s,1.323751125s,0s,8581,8581,0
26.208529361s,1.270021101s,0s,8582,8582,0
26.209997329s,1.291281286s,0s,8590,8590,0
26.307643913s,1.018829801s,0s,8587,8587,0
26.807848348s,1.031049697s,0s,8584,8584,0
26.943560936s,1.406009502s,0s,8588,8588,0
27.49963382s,1.312541289s,0s,8583,8583,0
24.61346136s,1.214716135s,0s,8595,8595,0
25.009363151s,1.061181192s,0s,8591,8591,0
25.083019831s,1.218009117s,0s,8592,8592,0
25.269855661s,1.251467826s,0s,8598,8598,0
25.325688126s,1.168497299s,0s,8596,8596,0
25.424467843s,1.376938105s,0s,8593,8593,0
25.672307513s,1.38109146s,0s,8600,8600,0
26.040170833s,1.34469458s,0s,8597,8597,0
26.150854997s,1.232220385s,0s,8599,8599,0
26.32871678s,1.466378977s,0s,8594,8594,0
24.108000023s,1.053141419s,0s,8601,8601,0
24.14059783s,1.13797727s,0s,8602,8602,0
24.676582975s,1.412564724s,0s,8608,8608,0
24.711260311s,1.107651326s,0s,8609,8609,0
24.902998393s,1.242421055s,0s,8607,8607,0
24.933604905s,1.40329173s,0s,8606,8606,0
25.483330212s,1.237163682s,0s,8604,8604,0
25.777119522s,1.335696745s,0s,8603,8603,0
26.414198246s,1.098392276s,0s,8605,8605,0
26.494462428s,1.388063009s,0s,8610,8610,0
24.061285823s,1.332621653s,0s,8611,8611,0
24.411204956s,1.279981548s,0s,8617,8617,0
24.46190346s,1.314205824s,0s,8614,8614,0
25.059909051s,1.178627265s,0s,8612,8612,0
25.247703059s,1.103380975s,0s,8615,8615,0
25.299305253s,1.380847056s,0s,8619,8619,0
25.584825518s,1.328421187s,0s,8618,8618,0
26.037756254s,1.32846786s,0s,8613,8613,0
26.189672867s,1.083145893s,0s,8616,8616,0
26.812571587s,1.390026625s,0s,8620,8620,0
23.065706769s,1.113941308s,0s,8624,8624,0
25.292227644s,1.169225184s,0s,8627,8627,0
25.467957721s,1.128066742s,0s,8621,8621,0
25.781854007s,1.169221502s,0s,8628,8628,0
25.801522052s,1.391994124s,0s,8622,8622,0
26.043301148s,1.097690106s,0s,8630,8630,0
26.152941155s,1.090481006s,0s,8625,8625,0
26.282607747s,1.014084967s,0s,8623,8623,0
26.303232267s,1.17440759s,0s,8626,8626,0
26.830230639s,1.314749706s,0s,8629,8629,0
24.191749873s,1.00108279s,0s,8635,8635,0
24.614703015s,1.222374915s,0s,8634,8634,0
24.919431009s,1.100612989s,0s,8631,8631,0
24.974050997s,1.197086041s,0s,8637,8637,0
25.007710895s,1.033346869s,0s,8632,8632,0
25.019255781s,1.455941987s,0s,8636,8636,0
25.67640271s,1.382651479s,0s,8638,8638,0
25.681097557s,1.244580533s,0s,8633,8633,0
26.106125805s,1.182868684s,0s,8640,8640,0
26.850143823s,1.295840277s,0s,8639,8639,0
24.455474275s,1.194396445s,0s,8650,8650,0
24.516126136s,1.261259661s,0s,8641,8641,0
24.685694573s,1.284904412s,0s,8645,8645,0
24.828488664s,1.222571192s,0s,8642,8642,0
25.333452144s,1.239821638s,0s,8643,8643,0
25.831547632s,1.254990306s,0s,8648,8648,0
25.88213656s,1.278703369s,0s,8646,8646,0
26.025843977s,1.186141405s,0s,8644,8644,0
26.15548749s,1.267446019s,0s,8647,8647,0
27.059610808s,1.463150003s,0s,8649,8649,0
23.41680499s,1.11423225s,0s,8654,8654,0
24.911784012s,1.168640115s,0s,8652,8652,0
25.507910829s,1.011365748s,0s,8660,8660,0
25.520565177s,1.002064289s,0s,8657,8657,0
25.552287218s,1.488102903s,0s,8651,8651,0
25.628955028s,1.050569867s,0s,8658,8658,0
25.672662931s,1.058849694s,0s,8659,8659,0
26.225502831s,1.25492649s,0s,8656,8656,0
26.534355755s,1.059971906s,0s,8653,8653,0
26.595109872s,1.131456802s,0s,8655,8655,0
23.714801822s,1.263839356s,0s,8662,8662,0
23.740379018s,1.068614268s,0s,8665,8665,0
25.119967926s,1.077100792s,0s,8664,8664,0
25.546839076s,1.449572895s,0s,8663,8663,0
25.715607927s,1.274047957s,0s,8668,8668,0
25.771192119s,1.07288942s,0s,8667,8667,0
25.861737896s,1.378370557s,0s,8661,8661,0
26.247326207s,1.217421233s,0s,8666,8666,0
26.42104922s,1.490784562s,0s,8669,8669,0
27.013171125s,1.253615884s,0s,8670,8670,0
23.714409567s,1.256175609s,0s,8672,8672,0
24.093835233s,1.033132787s,0s,8676,8676,0
24.263700686s,1.295444853s,0s,8679,8679,0
24.842722294s,1.329052493s,0s,8680,8680,0
25.012302036s,1.386525804s,0s,8675,8675,0
25.163839411s,1.075324696s,0s,8671,8671,0
25.72783742s,1.305746361s,0s,8673,8673,0
26.676087068s,1.088628547s,0s,8674,8674,0
27.055988767s,1.13091341s,0s,8677,8677,0
27.12755072s,1.348301281s,0s,8678,8678,0
23.431641081s,1.107796034s,0s,8685,8685,0
23.632260944s,1.234284057s,0s,8688,8688,0
23.924919073s,1.432385385s,0s,8690,8690,0
24.313846775s,1.325935902s,0s,8689,8689,0
24.533700268s,1.272504836s,0s,8681,8681,0
24.978157464s,1.190051124s,0s,8684,8684,0
26.050561381s,1.363103186s,0s,8687,8687,0
26.707876994s,1.278757686s,0s,8683,8683,0
26.837261514s,1.107802192s,0s,8682,8682,0
26.855883786s,1.093472622s,0s,8686,8686,0
24.540117814s,1.397776671s,0s,8693,8693,0
24.840814815s,1.08525219s,0s,8694,8694,0
25.629340107s,1.303834539s,0s,8700,8700,0
25.642963575s,1.466314702s,0s,8691,8691,0
25.818814266s,1.373556961s,0s,8698,8698,0
26.11971071s,1.320105412s,0s,8692,8692,0
26.940007231s,1.185552366s,0s,8699,8699,0
26.977695649s,1.334304067s,0s,8696,8696,0
27.095477576s,1.456062004s,0s,8697,8697,0
27.30415747s,1.494552668s,0s,8695,8695,0
23.997476887s,1.402226091s,0s,8710,8710,0
24.388064287s,1.476278276s,0s,8702,8702,0
24.634865318s,1.452043088s,0s,8709,8709,0
24.683543836s,1.177462393s,0s,8705,8705,0
25.073468869s,1.070144399s,0s,8707,8707,0
25.092079395s,1.251672661s,0s,8701,8701,0
26.217694829s,1.431707985s,0s,8708,8708,0
26.654621411s,1.410478945s,0s,8704,8704,0
27.114585319s,1.357003844s,0s,8706,8706,0
27.379450388s,1.441930816s,0s,8703,8703,0
23.971812102s,1.31155053s,0s,8715,8715,0
24.938480247s,1.374053074s,0s,8713,8713,0
24.994056857s,1.175673074s,0s,8720,8720,0
25.140748782s,1.445322417s,0s,8719,8719,0
25.21937238s,1.218873614s,0s,8714,8714,0
25.416704672s,1.03313734s,0s,8711,8711,0
25.73463281s,1.071342323s,0s,8717,8717,0
25.906352903s,1.339823183s,0s,8718,8718,0
25.932046731s,1.242041709s,0s,8716,8716,0
26.028802233s,1.280238926s,0s,8712,8712,0
23.843934018s,1.485373033s,0s,8730,8730,0
24.436635711s,1.446969608s,0s,8725,8725,0
24.491262885s,1.479116198s,0s,8722,8722,0
24.529942637s,1.389583865s,0s,8721,8721,0
24.975007635s,1.052256242s,0s,8728,8728,0
25.039653728s,1.287087713s,0s,8724,8724,0
25.236352466s,1.221606099s,0s,8723,8723,0
25.327020165s,1.032946557s,0s,8729,8729,0
25.428675931s,1.339382525s,0s,8726,8726,0
25.759616062s,1.24187697s,0s,8727,8727,0
23.502447864s,1.346801138s,0s,8738,8738,0
23.631109824s,1.239040238s,0s,8734,8734,0
24.200314037s,1.164580937s,0s,8740,8740,0
24.799524963s,1.263311008s,0s,8731,8731,0
25.187511776s,1.204828047s,0s,8737,8737,0
25.266165917s,1.157376527s,0s,8739,8739,0
25.269758209s,1.125098804s,0s,8736,8736,0
25.828683381s,1.451310637s,0s,8732,8732,0
26.304635207s,1.272552622s,0s,8733,8733,0
26.321241355s,1.415023484s,0s,8735,8735,0
23.857110159s,1.143392535s,0s,8749,8749,0
24.715988605s,1.207588138s,0s,8748,8748,0
25.062874033s,1.084150529s,0s,8742,8742,0
25.357595745s,1.261818574s,0s,8741,8741,0
25.456494232s,1.491028936s,0s,8750,8750,0
25.592235277s,1.444505019s,0s,8746,8746,0
26.041246431s,1.447710561s,0s,8745,8745,0
26.362107807s,1.340036235s,0s,8743,8743,0
26.75394032s,1.459889357s,0s,8744,8744,0
27.201240253s,1.359290546s,0s,8747,8747,0
23.414721799s,1.312360351s,0s,8757,8757,0
24.094977848s,1.165795625s,0s,8753,8753,0
24.85420456s,1.427799438s,0s,8760,8760,0
25.147655322s,1.464290595s,0s,8756,8756,0
25.274344242s,1.082332613s,0s,8754,8754,0
25.428904084s,1.310074186s,0s,8758,8758,0
25.565468204s,1.120540751s,0s,8752,8752,0
26.364775859s,1.379550331s,0s,8759,8759,0
26.726555312s,1.042121218s,0s,8751,8751,0
26.968163514s,1.454022075s,0s,8755,8755,0
23.93751942s,1.053356092s,0s,8764,8764,0
24.399250148s,1.222075368s,0s,8766,8766,0
24.439816052s,1.13988854s,0s,8770,8770,0
25.23717037s,1.03013747s,0s,8762,8762,0
25.475039347s,1.247317962s,0s,8763,8763,0
25.575709854s,1.299535215s,0s,8768,8768,0
25.659480758s,1.451059371s,0s,8769,8769,0
25.768176166s,1.47523136s,0s,8765,8765,0
26.142154656s,1.334812872s,0s,8767,8767,0
26.873421844s,1.111670303s,0s,8761,8761,0
23.610372322s,1.459616599s,0s,8776,8776,0
24.096225095s,1.422370482s,0s,8775,8775,0
24.89860011s,1.355059773s,0s,8779,8779,0
25.078423365s,1.092169266s,0s,8773,8773,0
25.294233893s,1.497416427s,0s,8774,8774,0
25.528076911s,1.313879736s,0s,8777,8777,0
25.894957282s,1.110713869s,0s,8778,8778,0
25.955581813s,1.494107003s,0s,8780,8780,0
26.227967176s,1.102437384s,0s,8772,8772,0
26.808788471s,1.470828357s,0s,8771,8771,0
23.89036857s,1.205353128s,0s,8785,8785,0
24.736223096s,1.161908072s,0s,8789,8789,0
24.779933447s,1.023131747s,0s,8790,8790,0
24.987728273s,1.047364831s,0s,8784,8784,0
25.635841073s,1.45332896s,0s,8786,8786,0
25.635873581s,1.253582526s,0s,8781,8781,0
25.880961851s,1.383056588s,0s,8787,8787,0
26.075651923s,1.104665947s,0s,8782,8782,0
26.37541073s,1.292784332s,0s,8783,8783,0
27.033651999s,1.198103733s,0s,8788,8788,0
23.281021797s,1.219585175s,0s,8797,8797,0
23.747661195s,1.423551201s,0s,8793,8793,0
24.624977208s,1.28787487s,0s,8791,8791,0
25.198107927s,1.312061314s,0s,8796,8796,0
25.213700126s,1.169856056s,0s,8798,8798,0
25.388549632s,1.450845177s,0s,8800,8800,0
25.628363208s,1.203364689s,0s,8794,8794,0
26.537688689s,1.166598749s,0s,8795,8795,0
26.572292325s,1.196094824s,0s,8799,8799,0
26.585943774s,1.363319054s,0s,8792,8792,0
24.035044742s,1.068984395s,0s,8805,8805,0
24.249766104s,1.103326755s,0s,8804,8804,0
24.983858013s,1.028716885s,0s,8802,8802,0
25.055504726s,1.233201446s,0s,8807,8807,0
25.584752449s,1.213004095s,0s,8809,8809,0
25.638379017s,1.08211273s,0s,8803,8803,0
25.650032746s,1.272448767s,0s,8810,8810,0
25.880415912s,1.170585597s,0s,8808,8808,0
26.306145018s,1.182758231s,0s,8806,8806,0
26.419764298s,1.350720493s,0s,8801,8801,0
23.263882944s,1.13480648s,0s,8813,8813,0
24.251311645s,1.275577792s,0s,8816,8816,0
24.371531784s,1.043332439s,0s,8812,8812,0
24.549117106s,1.358049169s,0s,8811,8811,0
24.568759236s,1.473316687s,0s,8815,8815,0
24.681461656s,1.168067003s,0s,8814,8814,0
25.161566132s,1.20531099s,0s,8817,8817,0
25.446366198s,1.331886676s,0s,8819,8819,0
25.649105142s,1.045516227s,0s,8818,8818,0
25.982796857s,1.036089328s,0s,8820,8820,0
23.519394039s,1.251051509s,0s,8830,8830,0
23.847251983s,1.172824326s,0s,8823,8823,0
24.163122041s,1.023374765s,0s,8827,8827,0
24.251714168s,1.126387288s,0s,8825,8825,0
25.090022451s,1.067865379s,0s,8826,8826,0
25.570765578s,1.085093921s,0s,8821,8821,0
25.804560569s,1.035593052s,0s,8828,8828,0
26.057441892s,1.299339068s,0s,8824,8824,0
26.082028232s,1.017090356s,0s,8829,8829,0
26.60783897s,1.131588428s,0s,8822,8822,0
24.370321153s,1.293757385s,0s,8836,8836,0
25.085573415s,1.250309334s,0s,8831,8831,0
25.120166828s,1.462288861s,0s,8837,8837,0
25.134681034s,1.291548933s,0s,8835,8835,0
25.152253105s,1.429073602s,0s,8838,8838,0
25.477007632s,1.006498401s,0s,8839,8839,0
25.48164343s,1.057689299s,0s,8832,8832,0
25.844300425s,1.072928548s,0s,8833,8833,0
26.098974717s,1.205149787s,0s,8834,8834,0
26.214677704s,1.487535487s,0s,8840,8840,0
23.523652888s,1.348963079s,0s,8850,8850,0
23.939642493s,1.080837419s,0s,8843,8843,0
24.127361886s,1.435579358s,0s,8847,8847,0
24.817536858s,1.339784816s,0s,8846,8846,0
25.193275807s,1.422312201s,0s,8848,8848,0
25.251799918s,1.177081756s,0s,8849,8849,0
26.036724365s,1.366061876s,0s,8844,8844,0
26.167648411s,1.228401711s,0s,8842,8842,0
26.648618424s,1.485850764s,0s,8841,8841,0
26.73132864s,1.495072159s,0s,8845,8845,0
22.812176084s,1.088333001s,0s,8854,8854,0
23.640525961s,1.122730431s,0s,8851,8851,0
23.97026491s,1.45708552s,0s,8858,8858,0
24.905633335s,1.443935375s,0s,8856,8856,0
25.082316732s,1.11752477s,0s,8852,8852,0
25.260015968s,1.009101308s,0s,8859,8859,0
25.32760938s,1.406507608s,0s,8853,8853,0
25.668553354s,1.463310364s,0s,8857,8857,0
25.847365385s,1.255059347s,0s,8855,8855,0
25.88995975s,1.405416083s,0s,8860,8860,0
24.425307764s,1.062615636s,0s,8870,8870,0
24.576108748s,1.368504234s,0s,8863,8863,0
24.997099673s,1.055311229s,0s,8864,8864,0
25.142750593s,1.327260928s,0s,8866,8866,0
25.523559932s,1.025109412s,0s,8868,8868,0
25.618127284s,1.461987663s,0s,8867,8867,0
26.495454106s,1.254076712s,0s,8862,8862,0
26.526098961s,1.453732005s,0s,8861,8861,0
26.85960209s,1.247934394s,0s,8865,8865,0
26.920179822s,1.475106355s,0s,8869,8869,0
24.034103632s,1.173739894s,0s,8875,8875,0
24.288918889s,1.006113061s,0s,8879,8879,0
24.313477802s,1.475718813s,0s,8873,8873,0
24.668290732s,1.319286081s,0s,8880,8880,0
25.13927232s,1.443529325s,0s,8877,8877,0
25.393941443s,1.259067109s,0s,8878,8878,0
25.673752248s,1.092226162s,0s,8872,8872,0
25.838438694s,1.114452238s,0s,8874,8874,0
25.985066684s,1.086970653s,0s,8876,8876,0
26.784072284s,1.489976518s,0s,8871,8871,0
24.016725871s,1.051130793s,0s,8884,8884,0
24.306185106s,1.079596774s,0s,8883,8883,0
24.437001339s,1.080740591s,0s,8888,8888,0
24.655790298s,1.182361268s,0s,8890,8890,0
25.05251875s,1.343796844s,0s,8886,8886,0
25.364331835s,1.257567008s,0s,8885,8885,0
25.849187611s,1.09894403s,0s,8889,8889,0
26.149977178s,1.165135562s,0s,8881,8881,0
26.472792245s,1.063379318s,0s,8882,8882,0
26.49136133s,1.384043926s,0s,8887,8887,0
23.122577821s,1.368072603s,0s,8900,8900,0
23.546511161s,1.38765854s,0s,8898,8898,0
23.696357323s,1.382493906s,0s,8895,8895,0
24.47274047s,1.218502064s,0s,8896,8896,0
25.057654975s,1.440915894s,0s,8893,8893,0
25.067198436s,1.332789738s,0s,8899,8899,0
25.432144838s,1.495320862s,0s,8897,8897,0
25.747928782s,1.375283661s,0s,8892,8892,0
25.951663403s,1.471052543s,0s,8891,8891,0
25.993238384s,1.148248413s,0s,8894,8894,0
24.233652569s,1.032848734s,0s,8907,8907,0
24.379268778s,1.068042669s,0s,8904,8904,0
24.45293783s,1.02457624s,0s,8905,8905,0
24.632693107s,1.441533765s,0s,8903,8903,0
24.755454602s,1.357891434s,0s,8901,8901,0
24.810140489s,1.332614441s,0s,8902,8902,0
25.164024992s,1.377079732s,0s,8909,8909,0
25.806255535s,1.155301399s,0s,8906,8906,0
26.170234615s,1.47677022s,0s,8910,8910,0
26.696290039s,1.392324667s,0s,8908,8908,0
23.220449216s,1.042379958s,0s,8913,8913,0
23.837656773s,1.256104223s,0s,8920,8920,0
24.261742913s,1.378256162s,0s,8915,8915,0
24.53655151s,1.266385989s,0s,8916,8916,0
24.627051908s,1.368994916s,0s,8911,8911,0
24.686592709s,1.16267789s,0s,8917,8917,0
24.69919137s,1.349635645s,0s,8918,8918,0
25.061839808s,1.244868133s,0s,8912,8912,0
25.398370486s,1.367891808s,0s,8919,8919,0
27.166103396s,1.255018566s,0s,8914,8914,0
24.467593782s,1.469000374s,0s,8926,8926,0
24.503215794s,1.083520502s,0s,8928,8928,0
24.559808225s,1.322265064s,0s,8930,8930,0
24.625441132s,1.075133437s,0s,8924,8924,0
24.800241709s,1.080342622s,0s,8929,8929,0
24.806812991s,1.480234157s,0s,8925,8925,0
25.216491584s,1.417520823s,0s,8923,8923,0
25.417169179s,1.463795857s,0s,8921,8921,0
25.516806483s,1.189876204s,0s,8927,8927,0
26.106910298s,1.297042404s,0s,8922,8922,0
23.54743243s,1.067747422s,0s,8938,8938,0
23.927326955s,1.171293009s,0s,8933,8933,0
24.532588046s,1.180487058s,0s,8936,8936,0
24.776440235s,1.485842977s,0s,8939,8939,0
24.866173938s,1.254049434s,0s,8932,8932,0
24.874804955s,1.273230882s,0s,8934,8934,0
25.186603002s,1.337552324s,0s,8931,8931,0
25.582509177s,1.222686561s,0s,8937,8937,0
26.107454529s,1.037508508s,0s,8940,8940,0
26.642445777s,1.110967618s,0s,8935,8935,0
23.763286362s,1.437451027s,0s,8947,8947,0
24.001031675s,1.252772501s,0s,8941,8941,0
24.207682531s,1.066939773s,0s,8945,8945,0
24.490459478s,1.256944285s,0s,8946,8946,0
25.301196199s,1.239539425s,0s,8949,8949,0
25.639131188s,1.035700089s,0s,8942,8942,0
26.053962822s,1.361182485s,0s,8950,8950,0
26.220736935s,1.486942s,0s,8948,8948,0
26.259233962s,1.445737674s,0s,8944,8944,0
27.144468312s,1.086266237s,0s,8943,8943,0
23.937696522s,1.136964969s,0s,8954,8954,0
24.646085533s,1.124773457s,0s,8958,8958,0
24.957055384s,1.113522692s,0s,8953,8953,0
25.510183508s,1.03009761s,0s,8951,8951,0
25.58392088s,1.313343524s,0s,8955,8955,0
25.742659921s,1.457684012s,0s,8960,8960,0
25.976343363s,1.067323669s,0s,8952,8952,0
26.481799758s,1.336160181s,0s,8957,8957,0
26.492061032s,1.333618928s,0s,8959,8959,0
26.682752091s,1.347374371s,0s,8956,8956,0
23.372671999s,1.093426902s,0s,8964,8964,0
23.983690294s,1.370635977s,0s,8966,8966,0
24.352571382s,1.180973981s,0s,8970,8970,0
24.386065584s,1.007084362s,0s,8969,8969,0
24.892968016s,1.228315275s,0s,8968,8968,0
24.962578722s,1.448091381s,0s,8961,8961,0
25.020120063s,1.21107647s,0s,8967,8967,0
25.773331301s,1.400903219s,0s,8963,8963,0
26.16225255s,1.448087757s,0s,8962,8962,0
26.248920843s,1.128673478s,0s,8965,8965,0
23.561617697s,1.204815672s,0s,8976,8976,0
24.296674594s,1.273488014s,0s,8979,8979,0
25.51941301s,1.070148545s,0s,8972,8972,0
25.624056388s,1.094528081s,0s,8971,8971,0
25.904940113s,1.373916043s,0s,8973,8973,0
26.04659258s,1.080363886s,0s,8974,8974,0
26.572454283s,1.227029213s,0s,8977,8977,0
26.773125902s,1.274640423s,0s,8978,8978,0
27.080998465s,1.26628366s,0s,8975,8975,0
27.186852576s,1.460157523s,0s,8980,8980,0
24.158149912s,1.47733553s,0s,8983,8983,0
24.347888865s,1.066953113s,0s,8984,8984,0
24.479618436s,1.407356012s,0s,8987,8987,0
25.054374532s,1.082207753s,0s,8981,8981,0
25.059004347s,1.436625163s,0s,8990,8990,0
25.182711786s,1.22052716s,0s,8986,8986,0
25.572653323s,1.369088417s,0s,8988,8988,0
25.576257375s,1.465081845s,0s,8982,8982,0
25.691940695s,1.341868063s,0s,8985,8985,0
26.204861283s,1.441900937s,0s,8989,8989,0
23.900587561s,1.017127755s,0s,8992,8992,0
24.270326868s,1.447577771s,0s,8993,8993,0
24.539077902s,1.135566943s,0s,8994,8994,0
24.560798119s,1.040281171s,0s,8998,8998,0
24.686476217s,1.49280061s,0s,9000,9000,0
24.79010781s,1.36834488s,0s,8991,8991,0
24.807761254s,1.23897291s,0s,8997,8997,0
25.109532214s,1.140722175s,0s,8996,8996,0
25.8727506s,1.499991568s,0s,8995,8995,0
27.062968852s,1.353126277s,0s,8999,8999,0
23.59705623s,1.256947215s,0s,9010,9010,0
23.736773662s,1.065380701s,0s,9009,9009,0
24.721179667s,1.12335799s,0s,9002,9002,0
24.795483483s,1.268078238s,0s,9001,9001,0
24.99699428s,1.430434271s,0s,9008,9008,0
25.40000374s,1.094827331s,0s,9006,9006,0
25.540818888s,1.126554836s,0s,9003,9003,0
25.704539904s,1.035123577s,0s,9005,9005,0
26.141511927s,1.077571771s,0s,9004,9004,0
27.112036674s,1.105085986s,0s,9007,9007,0
23.164207531s,1.149244009s,0s,9015,9015,0
24.487911518s,1.144993836s,0s,9013,9013,0
24.62864856s,1.178462153s,0s,9014,9014,0
24.836479252s,1.138768011s,0s,9019,9019,0
24.842995015s,1.09713276s,0s,9012,9012,0
25.265794s,1.131530024s,0s,9017,9017,0
25.539576933s,1.125331066s,0s,9011,9011,0
26.185717972s,1.240698017s,0s,9020,9020,0
26.328398806s,1.356986833s,0s,9018,9018,0
27.143755767s,1.4783187s,0s,9016,9016,0
23.028550877s,1.162897203s,0s,9027,9027,0
23.905835172s,1.428814083s,0s,9022,9022,0
24.50804153s,1.18003823s,0s,9029,9029,0
24.824955469s,1.364321132s,0s,9023,9023,0
24.840605797s,1.237729324s,0s,9024,9024,0
25.676567671s,1.310995094s,0s,9025,9025,0
25.794125694s,1.183215591s,0s,9026,9026,0
26.550497021s,1.499078685s,0s,9028,9028,0
26.779307s,1.23453061s,0s,9030,9030,0
26.910976351s,1.370607542s,0s,9021,9021,0
23.864380874s,1.129538407s,0s,9035,9035,0
24.274162258s,1.004697675s,0s,9040,9040,0
24.523014576s,1.207766692s,0s,9034,9034,0
24.64160559s,1.374591932s,0s,9033,9033,0
24.801360741s,1.050249415s,0s,9036,9036,0
24.887929746s,1.367311636s,0s,9037,9037,0
25.067744204s,1.03404625s,0s,9031,9031,0
25.407662929s,1.39180245s,0s,9039,9039,0
25.487367835s,1.43702003s,0s,9038,9038,0
26.723016841s,1.233048311s,0s,9032,9032,0
23.514011334s,1.148476584s,0s,9046,9046,0
24.19623174s,1.321830388s,0s,9050,9050,0
24.608137152s,1.314558404s,0s,9047,9047,0
24.639925903s,1.414332345s,0s,9042,9042,0
24.706643124s,1.228726819s,0s,9048,9048,0
25.249662514s,1.234956861s,0s,9049,9049,0
25.353297631s,1.240064714s,0s,9045,9045,0
25.665178966s,1.077148257s,0s,9043,9043,0
25.814969916s,1.374031561s,0s,9044,9044,0
26.98180266s,1.266318541s,0s,9041,9041,0
23.478980185s,1.226968895s,0s,9059,9059,0
24.306250469s,1.100046555s,0s,9051,9051,0
24.332843517s,1.256188471s,0s,9058,9058,0
24.778840413s,1.375878229s,0s,9053,9053,0
25.260409147s,1.156304064s,0s,9054,9054,0
25.807095106s,1.306407729s,0s,9060,9060,0
25.821790385s,1.412049692s,0s,9052,9052,0
26.125466951s,1.174503532s,0s,9055,9055,0
26.16494953s,1.314643638s,0s,9057,9057,0
27.033287711s,1.183760396s,0s,9056,9056,0
23.455338608s,1.187023986s,0s,9062,9062,0
25.012817484s,1.027524457s,0s,9068,9068,0
25.369652647s,1.024319969s,0s,9064,9064,0
25.533276792s,1.015119967s,0s,9070,9070,0
25.54292512s,1.235487397s,0s,9063,9063,0
25.666619578s,1.084751331s,0s,9061,9061,0
26.098540432s,1.244779296s,0s,9069,9069,0
26.403392557s,1.323050027s,0s,9065,9065,0
26.539125439s,1.367303232s,0s,9067,9067,0
27.219183287s,1.19229113s,0s,9066,9066,0
23.930520309s,1.318102072s,0s,9071,9071,0
24.214140201s,1.041305413s,0s,9074,9074,0
24.636189869s,1.481654532s,0s,9079,9079,0
24.975387499s,1.183482772s,0s,9073,9073,0
25.057000153s,1.169097584s,0s,9075,9075,0
25.198681552s,1.085516101s,0s,9078,9078,0
25.446304027s,1.179296297s,0s,9072,9072,0
26.149073143s,1.123821202s,0s,9077,9077,0
26.759957431s,1.209757078s,0s,9076,9076,0
27.380170371s,1.369371847s,0s,9080,9080,0
23.315768481s,1.242453607s,0s,9090,9090,0
24.06372041s,1.156368817s,0s,9083,9083,0
24.294520862s,1.079138447s,0s,9081,9081,0
24.526326363s,1.350734882s,0s,9082,9082,0
25.324570811s,1.43929153s,0s,9086,9086,0
25.43175852s,1.19504236s,0s,9089,9089,0
25.494525854s,1.183674403s,0s,9085,9085,0
25.600241473s,1.185881861s,0s,9084,9084,0
25.782082209s,1.206224816s,0s,9088,9088,0
25.885848406s,1.435048578s,0s,9087,9087,0
22.812087073s,1.094390519s,0s,9096,9096,0
23.085970909s,1.116649914s,0s,9099,9099,0
23.090570391s,1.161270861s,0s,9091,9091,0
24.143082405s,1.428456176s,0s,9092,9092,0
25.148949052s,1.200798315s,0s,9093,9093,0
25.216567302s,1.156048552s,0s,9094,9094,0
25.750767201s,1.467750619s,0s,9095,9095,0
25.872471924s,1.024137497s,0s,9100,9100,0
25.884035308s,1.222098426s,0s,9097,9097,0
26.075654203s,1.193549539s,0s,9098,9098,0
23.295763706s,1.380858154s,0s,9103,9103,0
24.074812885s,1.004073307s,0s,9104,9104,0
24.760966066s,1.308289874s,0s,9107,9107,0
24.783546217s,1.261843996s,0s,9102,9102,0
25.937705009s,1.304076529s,0s,9109,9109,0
26.270577052s,1.443913416s,0s,9106,9106,0
26.302112952s,1.465087126s,0s,9110,9110,0
27.079979303s,1.347572852s,0s,9101,9101,0
27.196581747s,1.248579868s,0s,9108,9108,0
27.285184868s,1.390040245s,0s,9105,9105,0
24.941347381s,1.382180664s,0s,9114,9114,0
25.117040835s,1.171272081s,0s,9120,9120,0
25.220766788s,1.179514059s,0s,9112,9112,0
25.30753274s,1.066412822s,0s,9117,9117,0
25.694337496s,1.426406485s,0s,9111,9111,0
25.909154876s,1.221952558s,0s,9113,9113,0
26.596305585s,1.220734651s,0s,9119,9119,0
26.599884452s,1.108730066s,0s,9118,9118,0
26.644492731s,1.031155543s,0s,9115,9115,0
27.079566412s,1.149002139s,0s,9116,9116,0
23.326127942s,1.179982419s,0s,9126,9126,0
24.444693208s,1.061332504s,0s,9121,9121,0
25.076408697s,1.151769157s,0s,9122,9122,0
25.599405007s,1.13052989s,0s,9124,9124,0
25.606095467s,1.432091588s,0s,9125,9125,0
25.630729845s,1.257678048s,0s,9129,9129,0
25.69235785s,1.365899457s,0s,9130,9130,0
26.497432997s,1.212432465s,0s,9127,9127,0
26.712224167s,1.189233289s,0s,9123,9123,0
27.142698555s,1.020104814s,0s,9128,9128,0
23.960105672s,1.305277506s,0s,9133,9133,0
24.696259686s,1.096688266s,0s,9136,9136,0
24.96778656s,1.007083628s,0s,9137,9137,0
24.99435395s,1.433062036s,0s,9140,9140,0
25.50536791s,1.27806543s,0s,9135,9135,0
25.808304995s,1.489429968s,0s,9132,9132,0
25.88015873s,1.08035654s,0s,9138,9138,0
26.007825901s,1.375903263s,0s,9134,9134,0
26.159456716s,1.325633962s,0s,9131,9131,0
26.208017229s,1.306430683s,0s,9139,9139,0
22.912638865s,1.207048071s,0s,9146,9146,0
23.589759327s,1.269396541s,0s,9147,9147,0
24.131303145s,1.186821149s,0s,9148,9148,0
24.354151666s,1.362090161s,0s,9143,9143,0
25.352538086s,1.313870073s,0s,9144,9144,0
26.00874922s,1.385392465s,0s,9149,9149,0
26.102344681s,1.028068865s,0s,9141,9141,0
26.16200374s,1.184600822s,0s,9145,9145,0
26.260619162s,1.144396594s,0s,9142,9142,0
26.820200513s,1.300626846s,0s,9150,9150,0
24.486281105s,1.296409823s,0s,9153,9153,0
24.489975096s,1.017210989s,0s,9155,9155,0
24.589597688s,1.039569493s,0s,9154,9154,0
25.251904757s,1.486493125s,0s,9159,9159,0
25.493737883s,1.443049865s,0s,9156,9156,0
25.527414129s,1.468288799s,0s,9152,9152,0
25.754229982s,1.401901387s,0s,9151,9151,0
26.036923462s,1.090012399s,0s,9158,9158,0
26.172628789s,1.07979019s,0s,9160,9160,0
26.207275153s,1.384653861s,0s,9157,9157,0
24.014919584s,1.049001457s,0s,9170,9170,0
24.480866979s,1.100493903s,0s,9165,9165,0
24.831908101s,1.277353785s,0s,9162,9162,0
24.910451276s,1.060259642s,0s,9169,9169,0
25.096206446s,1.211087008s,0s,9161,9161,0
25.309799924s,1.323536717s,0s,9166,9166,0
25.879599324s,1.197771134s,0s,9168,9168,0
26.339632235s,1.415799534s,0s,9164,9164,0
26.954205142s,1.003781754s,0s,9163,9163,0
27.628340314s,1.420016188s,0s,9167,9167,0
24.53230288s,1.008114499s,0s,9173,9173,0
25.194201919s,1.453397071s,0s,9174,9174,0
25.330886636s,1.06040251s,0s,9177,9177,0
25.356497322s,1.386871417s,0s,9171,9171,0
25.729493718s,1.155904918s,0s,9176,9176,0
25.731980713s,1.31661753s,0s,9178,9178,0
25.767507828s,1.434110539s,0s,9172,9172,0
25.969181017s,1.065615399s,0s,9180,9180,0
27.189275796s,1.306404948s,0s,9175,9175,0
27.440113454s,1.166042549s,0s,9179,9179,0
23.735410248s,1.224044974s,0s,9182,9182,0
24.513855199s,1.299647155s,0s,9186,9186,0
25.276876508s,1.34392632s,0s,9183,9183,0
25.362518162s,1.389328907s,0s,9190,9190,0
25.634146996s,1.466817786s,0s,9184,9184,0
25.722481614s,1.293358553s,0s,9181,9181,0
26.11457353s,1.49100196s,0s,9185,9185,0
26.15935402s,1.435527314s,0s,9187,9187,0
26.60930536s,1.18481814s,0s,9188,9188,0
27.198377564s,1.381109732s,0s,9189,9189,0
23.708127105s,1.368703002s,0s,9194,9194,0
23.961094582s,1.063486107s,0s,9197,9197,0
24.340189607s,1.022248661s,0s,9191,9191,0
25.282577604s,1.353444285s,0s,9198,9198,0
25.600425184s,1.46519388s,0s,9199,9199,0
25.674020646s,1.314205061s,0s,9196,9196,0
25.939868297s,1.221044147s,0s,9200,9200,0
25.97150352s,1.457962449s,0s,9192,9192,0
26.146216729s,1.160806673s,0s,9193,9193,0
26.64830382s,1.021099471s,0s,9195,9195,0
23.767325575s,1.192066806s,0s,9210,9210,0
24.067122041s,1.030369103s,0s,9201,9201,0
24.402633602s,1.132863541s,0s,9209,9209,0
24.581286044s,1.061578431s,0s,9204,9204,0
25.081324079s,1.472288971s,0s,9203,9203,0
25.100888659s,1.344581702s,0s,9205,9205,0
26.039366929s,1.390893784s,0s,9207,9207,0
26.162971037s,1.022104062s,0s,9206,9206,0
26.682972073s,1.242317488s,0s,9202,9202,0
27.359808759s,1.430069161s,0s,9208,9208,0
23.648576231s,1.458840357s,0s,9220,9220,0
23.892324137s,1.420525576s,0s,9219,9219,0
24.327239865s,1.141048492s,0s,9211,9211,0
25.080961017s,1.362892825s,0s,9218,9218,0
25.356832196s,1.1802736s,0s,9217,9217,0
25.441499554s,1.356614251s,0s,9214,9214,0
25.922578975s,1.378066723s,0s,9213,9213,0
26.260394626s,1.103903995s,0s,9215,9215,0
26.485251925s,1.084617046s,0s,9212,9212,0
26.640003127s,1.401304045s,0s,9216,9216,0
23.688705762s,1.332044212s,0s,9224,9224,0
23.725293966s,1.199295466s,0s,9225,9225,0
24.545621217s,1.115058134s,0s,9229,9229,0
24.618253122s,1.265565693s,0s,9223,9223,0
24.993170665s,1.07161768s,0s,9228,9228,0
25.801228568s,1.498645733s,0s,9227,9227,0
26.097093967s,1.323845486s,0s,9230,9230,0
26.099736418s,1.088824013s,0s,9222,9222,0
26.763475238s,1.047289913s,0s,9226,9226,0
26.820083116s,1.467436419s,0s,9221,9221,0
23.594849294s,1.210145897s,0s,9240,9240,0
24.116843727s,1.032145716s,0s,9235,9235,0
25.044212913s,1.106890468s,0s,9233,9233,0
25.409098442s,1.235338626s,0s,9237,9237,0
25.439657929s,1.253922708s,0s,9232,9232,0
25.47636765s,1.388920493s,0s,9234,9234,0
25.936039077s,1.244651236s,0s,9231,9231,0
26.035584961s,1.374655993s,0s,9238,9238,0
26.41201608s,1.036838483s,0s,9236,9236,0
26.721949332s,1.390061941s,0s,9239,9239,0
22.939650172s,1.226046756s,0s,9246,9246,0
24.073280527s,1.38164956s,0s,9244,9244,0
24.198966348s,1.270350838s,0s,9243,9243,0
24.501454935s,1.080841093s,0s,9247,9247,0
25.177568807s,1.033100998s,0s,9250,9250,0
25.508369862s,1.058574617s,0s,9248,9248,0
26.18350968s,1.401908407s,0s,9249,9249,0
26.398343475s,1.037350803s,0s,9245,9245,0
26.561950508s,1.427375108s,0s,9241,9241,0
27.205140662s,1.421040624s,0s,9242,9242,0
23.629655168s,1.076138301s,0s,9258,9258,0
24.80136739s,1.098382361s,0s,9255,9255,0
24.810011919s,1.216841318s,0s,9257,9257,0
24.859459162s,1.227073595s,0s,9254,9254,0
25.126308338s,1.138579848s,0s,9256,9256,0
25.558132248s,1.278272011s,0s,9259,9259,0
25.816022138s,1.459084486s,0s,9253,9253,0
26.208893648s,1.306538297s,0s,9260,9260,0
26.375762593s,1.227085095s,0s,9251,9251,0
26.909869974s,1.355826617s,0s,9252,9252,0
22.886989255s,1.023133916s,0s,9261,9261,0
24.512770134s,1.283383052s,0s,9269,9269,0
24.980596595s,1.200708433s,0s,9264,9264,0
25.377058127s,1.475271888s,0s,9267,9267,0
25.445631s,1.272106398s,0s,9270,9270,0
25.463114515s,1.241928183s,0s,9266,9266,0
25.755802229s,1.46301399s,0s,9265,9265,0
25.792384379s,1.475267569s,0s,9268,9268,0
25.793831627s,1.447777969s,0s,9263,9263,0
26.156580703s,1.099398287s,0s,9262,9262,0
23.840875592s,1.018083985s,0s,9278,9278,0
24.076761329s,1.111974199s,0s,9276,9276,0
25.166815106s,1.449050827s,0s,9272,9272,0
25.619713594s,1.023346006s,0s,9277,9277,0
25.688285437s,1.422829217s,0s,9275,9275,0
25.891940194s,1.035536568s,0s,9280,9280,0
26.0306341s,1.237187219s,0s,9279,9279,0
26.714812181s,1.285398714s,0s,9274,9274,0
26.826482884s,1.311597534s,0s,9273,9273,0
27.171296249s,1.067801708s,0s,9271,9271,0
24.443507195s,1.2380987s,0s,9282,9282,0
24.791326271s,1.176632355s,0s,9284,9284,0
24.830852451s,1.439882763s,0s,9288,9288,0
24.858369034s,1.342539636s,0s,9285,9285,0
24.885845177s,1.02810813s,0s,9286,9286,0
25.543674549s,1.140445207s,0s,9281,9281,0
25.581263401s,1.453094043s,0s,9290,9290,0
25.862772389s,1.246280368s,0s,9289,9289,0
26.02840763s,1.232980999s,0s,9283,9283,0
26.109077604s,1.246284533s,0s,9287,9287,0
23.996010572s,1.185900928s,0s,9296,9296,0
24.668576584s,1.369049164s,0s,9294,9294,0
24.726154449s,1.356885977s,0s,9300,9300,0
25.230067781s,1.106410113s,0s,9297,9297,0
25.407890449s,1.006131445s,0s,9299,9299,0
25.72460579s,1.292319901s,0s,9291,9291,0
25.761177077s,1.347680974s,0s,9295,9295,0
26.227591265s,1.270122503s,0s,9292,9292,0
26.303084513s,1.340505524s,0s,9293,9293,0
26.480849586s,1.149620244s,0s,9298,9298,0
23.440760006s,1.477055738s,0s,9307,9307,0
23.971104542s,1.320583804s,0s,9308,9308,0
24.406668947s,1.320589808s,0s,9303,9303,0
25.260376388s,1.012172828s,0s,9302,9302,0
25.337954788s,1.058585094s,0s,9301,9301,0
25.491585291s,1.237133294s,0s,9309,9309,0
25.530141066s,1.030394935s,0s,9306,9306,0
25.539746716s,1.411881334s,0s,9305,9305,0
25.971056728s,1.145963054s,0s,9310,9310,0
26.432908158s,1.308387488s,0s,9304,9304,0
23.73595095s,1.492063787s,0s,9318,9318,0
24.123855333s,1.224653295s,0s,9314,9314,0
24.595815937s,1.483882708s,0s,9315,9315,0
24.619471529s,1.203375418s,0s,9313,9313,0
25.010460109s,1.303076383s,0s,9319,9319,0
25.106092555s,1.162114466s,0s,9316,9316,0
25.704689456s,1.364576363s,0s,9320,9320,0
26.086646331s,1.203379942s,0s,9312,9312,0
26.24422085s,1.290969291s,0s,9311,9311,0
26.914960452s,1.307324309s,0s,9317,9317,0
23.472413333s,1.304811901s,0s,9329,9329,0
23.979587953s,1.434324663s,0s,9326,9326,0
24.207321191s,1.057030585s,0s,9327,9327,0
24.286887718s,1.030179421s,0s,9325,9325,0
25.037110918s,1.07128629s,0s,9330,9330,0
25.280986941s,1.118459277s,0s,9328,9328,0
25.823990041s,1.439618349s,0s,9324,9324,0
25.925656485s,1.428109552s,0s,9323,9323,0
26.41530999s,1.489818246s,0s,9322,9322,0
26.629421855s,1.032770644s,0s,9321,9321,0
24.402166954s,1.302082734s,0s,9335,9335,0
24.481568088s,1.172734855s,0s,9340,9340,0
24.647391872s,1.437569944s,0s,9334,9334,0
24.67692798s,1.079120554s,0s,9333,9333,0
25.783479763s,1.299831951s,0s,9332,9332,0
25.803092002s,1.083395705s,0s,9338,9338,0
26.398238782s,1.180323963s,0s,9337,9337,0
26.43794786s,1.234620728s,0s,9331,9331,0
26.534681787s,1.398309699s,0s,9339,9339,0
27.07264046s,1.177077092s,0s,9336,9336,0
24.113964699s,1.373514957s,0s,9350,9350,0
24.379829483s,1.389738454s,0s,9343,9343,0
24.412499752s,1.362350862s,0s,9345,9345,0
24.58329117s,1.23603563s,0s,9342,9342,0
24.979218141s,1.464074385s,0s,9346,9346,0
25.191051817s,1.049360061s,0s,9349,9349,0
26.261103601s,1.444903482s,0s,9347,9347,0
26.39280349s,1.013106885s,0s,9341,9341,0
26.444502493s,1.171652994s,0s,9344,9344,0
27.146799718s,1.20392018s,0s,9348,9348,0
24.173416834s,1.058726164s,0s,9351,9351,0
24.224078677s,1.073140068s,0s,9356,9356,0
24.408794906s,1.077581614s,0s,9358,9358,0
24.982512377s,1.376061542s,0s,9359,9359,0
25.05018313s,1.102810431s,0s,9355,9355,0
25.071895009s,1.322617015s,0s,9353,9353,0
25.080743447s,1.144084326s,0s,9360,9360,0
25.086423479s,1.349837634s,0s,9352,9352,0
25.736897823s,1.302380245s,0s,9357,9357,0
26.644993851s,1.02845402s,0s,9354,9354,0
23.689541795s,1.138655996s,0s,9363,9363,0
23.842254724s,1.039199628s,0s,9364,9364,0
24.269168579s,1.110401507s,0s,9369,9369,0
24.654810435s,1.195286687s,0s,9367,9367,0
25.14294257s,1.142864048s,0s,9365,9365,0
25.156461404s,1.145082s,0s,9370,9370,0
25.490627758s,1.348101086s,0s,9362,9362,0
25.583326504s,1.30967589s,0s,9368,9368,0
25.851056914s,1.311828099s,0s,9366,9366,0
25.973854708s,1.293507546s,0s,9361,9361,0
23.176423997s,1.165044922s,0s,9371,9371,0
23.575017553s,1.083434853s,0s,9375,9375,0
23.697661871s,1.237243301s,0s,9378,9378,0
24.230626439s,1.144834821s,0s,9380,9380,0
24.661598396s,1.354042021s,0s,9376,9376,0
24.666240646s,1.318739247s,0s,9379,9379,0
25.245463241s,1.118608224s,0s,9377,9377,0
25.685411063s,1.288564492s,0s,9373,9373,0
25.955152546s,1.073157946s,0s,9374,9374,0
26.754993768s,1.452291454s,0s,9372,9372,0
23.548226373s,1.214873287s,0s,9386,9386,0
23.686858479s,1.417148152s,0s,9385,9385,0
24.350017732s,1.116970853s,0s,9384,9384,0
24.752901767s,1.495883765s,0s,9381,9381,0
25.16689058s,1.170390914s,0s,9390,9390,0
25.210630612s,1.065702866s,0s,9383,9383,0
25.515329125s,1.435576311s,0s,9387,9387,0
26.095995952s,1.125084193s,0s,9389,9389,0
26.277833523s,1.433384476s,0s,9382,9382,0
26.284395857s,1.208613473s,0s,9388,9388,0
23.465693917s,1.22551513s,0s,9396,9396,0
24.375896001s,1.395265477s,0s,9398,9398,0
25.334705221s,1.288753691s,0s,9400,9400,0
25.413255473s,1.10175175s,0s,9392,9392,0
25.624067858s,1.024107908s,0s,9399,9399,0
26.388980225s,1.200279675s,0s,9395,9395,0
26.420614601s,1.087545531s,0s,9397,9397,0
26.452594891s,1.377058905s,0s,9393,9393,0
26.529177521s,1.035317347s,0s,9394,9394,0
26.967718702s,1.158057429s,0s,9391,9391,0
22.989918256s,1.153805869s,0s,9402,9402,0
24.19954296s,1.44083199s,0s,9403,9403,0
24.448318621s,1.493024558s,0s,9401,9401,0
24.970329402s,1.340543562s,0s,9408,9408,0
25.00603666s,1.165034708s,0s,9405,9405,0
25.064632998s,1.255309839s,0s,9409,9409,0
25.209399899s,1.090513342s,0s,9404,9404,0
25.512217788s,1.03530304s,0s,9410,9410,0
25.683869836s,1.003078365s,0s,9406,9406,0
26.053951964s,1.153797706s,0s,9407,9407,0
24.850308271s,1.345756061s,0s,9411,9411,0
24.955957245s,1.219987187s,0s,9418,9418,0
24.988597537s,1.385141926s,0s,9416,9416,0
25.018260506s,1.197819442s,0s,9412,9412,0
25.277029232s,1.160395459s,0s,9417,9417,0
25.694715873s,1.086140386s,0s,9415,9415,0
25.778415543s,1.194596799s,0s,9413,9413,0
26.435275927s,1.264470115s,0s,9419,9419,0
26.465808657s,1.249236853s,0s,9420,9420,0
26.730043493s,1.354954498s,0s,9414,9414,0
23.095169711s,1.069330107s,0s,9424,9424,0
24.720708802s,1.066138769s,0s,9428,9428,0
24.76430836s,1.343322137s,0s,9429,9429,0
24.801914605s,1.416727821s,0s,9425,9425,0
24.993305274s,1.462941507s,0s,9426,9426,0
25.053947184s,1.112757898s,0s,9430,9430,0
25.167610707s,1.168930741s,0s,9422,9422,0
25.730293864s,1.376541294s,0s,9423,9423,0
25.879897965s,1.265135136s,0s,9421,9421,0
26.454925473s,1.075494579s,0s,9427,9427,0
24.285247927s,1.340047425s,0s,9438,9438,0
24.617105473s,1.467045753s,0s,9432,9432,0
24.877977943s,1.152380933s,0s,9439,9439,0
24.896562655s,1.256869949s,0s,9440,9440,0
25.002345267s,1.059127257s,0s,9435,9435,0
25.225170819s,1.379242966s,0s,9437,9437,0
26.04061602s,1.414496493s,0s,9433,9433,0
26.355189609s,1.425835559s,0s,9434,9434,0
26.441875836s,1.415627332s,0s,9431,9431,0
26.656171147s,1.181617827s,0s,9436,9436,0
24.760290905s,1.256647762s,0s,9449,9449,0
25.047111517s,1.47612438s,0s,9448,9448,0
25.40273565s,1.003080444s,0s,9443,9443,0
25.677580647s,1.032529046s,0s,9442,9442,0
25.693189992s,1.083773269s,0s,9447,9447,0
25.813935879s,1.198399953s,0s,9446,9446,0
25.853641839s,1.272876543s,0s,9450,9450,0
26.167340465s,1.1590066s,0s,9441,9441,0
26.218013247s,1.018302512s,0s,9445,9445,0
26.546784187s,1.180226311s,0s,9444,9444,0
22.842605969s,1.065577978s,0s,9451,9451,0
24.038881194s,1.091305111s,0s,9455,9455,0
24.438665122s,1.35039299s,0s,9452,9452,0
24.542380036s,1.08406498s,0s,9459,9459,0
25.237418947s,1.147560225s,0s,9457,9457,0
25.250996945s,1.201022715s,0s,9454,9454,0
25.307160876s,1.357598006s,0s,9456,9456,0
25.546808132s,1.155830915s,0s,9453,9453,0
25.801553951s,1.430868863s,0s,9460,9460,0
26.876108548s,1.073845244s,0s,9458,9458,0
23.699231331s,1.066312109s,0s,9465,9465,0
24.206413782s,1.06206814s,0s,9462,9462,0
24.370030583s,1.062064141s,0s,9461,9461,0
24.527914175s,1.113754613s,0s,9468,9468,0
24.697673318s,1.450013025s,0s,9470,9470,0
25.291845123s,1.103529926s,0s,9466,9466,0
26.391481085s,1.195048142s,0s,9469,9469,0
26.797484418s,1.324552459s,0s,9464,9464,0
26.860045296s,1.447849037s,0s,9463,9463,0
27.494070718s,1.271341738s,0s,9467,9467,0
23.779776765s,1.073666371s,0s,9475,9475,0
23.877398917s,1.307238329s,0s,9478,9478,0
24.864529277s,1.220314157s,0s,9471,9471,0
24.915144523s,1.28903412s,0s,9480,9480,0
25.175906615s,1.074779419s,0s,9473,9473,0
25.340518867s,1.44857681s,0s,9476,9476,0
25.407297777s,1.052464027s,0s,9474,9474,0
26.070459319s,1.031077961s,0s,9477,9477,0
26.147178245s,1.195043289s,0s,9479,9479,0
26.466085254s,1.231557164s,0s,9472,9472,0
23.461330708s,1.134676491s,0s,9483,9483,0
23.696037332s,1.277455066s,0s,9487,9487,0
24.671889391s,1.191203058s,0s,9481,9481,0
24.912588668s,1.43065438s,0s,9488,9488,0
25.679132744s,1.40738264s,0s,9489,9489,0
25.959942537s,1.312642305s,0s,9484,9484,0
26.314779472s,1.380079759s,0s,9482,9482,0
26.422461181s,1.355932384s,0s,9490,9490,0
26.791207321s,1.176965735s,0s,9486,9486,0
27.137115414s,1.435882542s,0s,9485,9485,0
23.299717398s,1.054188384s,0s,9492,9492,0
23.416342941s,1.053050742s,0s,9494,9494,0
24.083494236s,1.37648524s,0s,9497,9497,0
24.139069418s,1.3288274s,0s,9495,9495,0
24.507849205s,1.367269603s,0s,9493,9493,0
25.345955179s,1.480768646s,0s,9498,9498,0
26.050956953s,1.01162207s,0s,9491,9491,0
26.075753985s,1.032846598s,0s,9500,9500,0
26.124304848s,1.234524365s,0s,9499,9499,0
26.329149628s,1.345049746s,0s,9496,9496,0
23.446688166s,1.338972375s,0s,9507,9507,0
23.652391354s,1.384126619s,0s,9510,9510,0
24.169270349s,1.050137304s,0s,9502,9502,0
24.984068418s,1.409582574s,0s,9508,9508,0
25.237874904s,1.399372843s,0s,9505,9505,0
25.415593908s,1.186244218s,0s,9501,9501,0
25.674531079s,1.185113336s,0s,9504,9504,0
25.847352214s,1.338979626s,0s,9503,9503,0
27.008845553s,1.331745862s,0s,9509,9509,0
27.229651623s,1.20747303s,0s,9506,9506,0
23.146469258s,1.283704824s,0s,9520,9520,0
25.002224985s,1.111185063s,0s,9512,9512,0
25.19237298s,1.281438769s,0s,9513,9513,0
25.20198027s,1.369109608s,0s,9511,9511,0
25.656919269s,1.499989956s,0s,9515,9515,0
25.87573266s,1.483780212s,0s,9518,9518,0
26.397931995s,1.230773978s,0s,9514,9514,0
26.751803735s,1.30493759s,0s,9516,9516,0
26.777388298s,1.185508077s,0s,9519,9519,0
27.634710634s,1.424394253s,0s,9517,9517,0
23.256887101s,1.106540727s,0s,9522,9522,0
24.53505818s,1.227773884s,0s,9523,9523,0
25.140185786s,1.435815886s,0s,9521,9521,0
25.561042047s,1.085069325s,0s,9530,9530,0
25.656728875s,1.199527514s,0s,9524,9524,0
25.706293732s,1.169804676s,0s,9528,9528,0
26.829680052s,1.312007309s,0s,9529,9529,0
26.88525962s,1.433557619s,0s,9525,9525,0
26.941037689s,1.090305819s,0s,9527,9527,0
27.103776206s,1.316265008s,0s,9526,9526,0
23.397549019s,1.30272387s,0s,9533,9533,0
23.516150791s,1.190040907s,0s,9531,9531,0
23.642009404s,1.130668633s,0s,9540,9540,0
23.751743816s,1.199333991s,0s,9536,9536,0
24.285275616s,1.384961118s,0s,9537,9537,0
24.547794538s,1.432273331s,0s,9538,9538,0
24.633450417s,1.152894128s,0s,9532,9532,0
25.025346896s,1.20044023s,0s,9535,9535,0
25.456165856s,1.031157246s,0s,9534,9534,0
27.368213384s,1.118472889s,0s,9539,9539,0
23.403155974s,1.208410006s,0s,9548,9548,0
23.615898332s,1.21560933s,0s,9546,9546,0
23.688536628s,1.335126648s,0s,9549,9549,0
24.012279323s,1.486312954s,0s,9547,9547,0
24.441916235s,1.43161523s,0s,9542,9542,0
25.370148222s,1.460838042s,0s,9541,9541,0
25.849155858s,1.226936329s,0s,9545,9545,0
25.915774816s,1.427422809s,0s,9543,9543,0
26.254665339s,1.468057386s,0s,9544,9544,0
26.714584233s,1.207273562s,0s,9550,9550,0
23.761241031s,1.119743908s,0s,9559,9559,0
24.038010334s,1.226599935s,0s,9557,9557,0
24.3498243s,1.480681886s,0s,9555,9555,0
24.414501368s,1.341849797s,0s,9554,9554,0
24.868347073s,1.084506543s,0s,9553,9553,0
25.170751782s,1.138065229s,0s,9552,9552,0
26.425026324s,1.364048136s,0s,9558,9558,0
26.431612946s,1.461401331s,0s,9560,9560,0
26.821166587s,1.159379608s,0s,9556,9556,0
26.885853457s,1.492868889s,0s,9551,9551,0
24.103027521s,1.183048541s,0s,9566,9566,0
24.773284222s,1.262678269s,0s,9562,9562,0
24.773504049s,1.076358391s,0s,9563,9563,0
24.886518474s,1.155852712s,0s,9564,9564,0
25.319358164s,1.251485791s,0s,9561,9561,0
25.393974711s,1.434042802s,0s,9568,9568,0
25.423590363s,1.447305475s,0s,9569,9569,0
25.453205071s,1.099596585s,0s,9565,9565,0
26.196980918s,1.055153693s,0s,9570,9570,0
26.982602711s,1.209226896s,0s,9567,9567,0
24.174770024s,1.21922554s,0s,9575,9575,0
24.773919052s,1.447591573s,0s,9573,9573,0
25.224876589s,1.40509502s,0s,9579,9579,0
25.329940548s,1.280703318s,0s,9572,9572,0
25.392481153s,1.194929672s,0s,9576,9576,0
25.551196416s,1.474153622s,0s,9577,9577,0
25.590988572s,1.317898321s,0s,9574,9574,0
25.99971726s,1.464788998s,0s,9578,9578,0
26.276214128s,1.434317164s,0s,9571,9571,0
27.220635665s,1.275445466s,0s,9580,9580,0
23.494992962s,1.349612729s,0s,9586,9586,0
23.816875877s,1.189953724s,0s,9582,9582,0
23.970419728s,1.07251017s,0s,9588,9588,0
24.165410416s,1.495034324s,0s,9589,9589,0
24.540240949s,1.040089883s,0s,9584,9584,0
25.060308583s,1.151739742s,0s,9587,9587,0
25.296068534s,1.060338667s,0s,9581,9581,0
25.352009416s,1.408801568s,0s,9583,9583,0
25.57780269s,1.305418166s,0s,9585,9585,0
25.728602871s,1.22816788s,0s,9590,9590,0
23.818588379s,1.087040372s,0s,9592,9592,0
23.972307917s,1.220374265s,0s,9600,9600,0
25.064880144s,1.03390347s,0s,9594,9594,0
25.71091611s,1.497514504s,0s,9593,9593,0
25.84163463s,1.006636053s,0s,9598,9598,0
25.854221482s,1.482276221s,0s,9599,9599,0
26.037937603s,1.332618789s,0s,9591,9591,0
26.368964492s,1.475038124s,0s,9596,9596,0
26.700768043s,1.408889525s,0s,9597,9597,0
27.001549728s,1.482282901s,0s,9595,9595,0
24.21797743s,1.218403225s,0s,9609,9609,0
25.511213497s,1.326059623s,0s,9602,9602,0
25.646789057s,1.030182573s,0s,9606,9606,0
25.705309865s,1.27136198s,0s,9603,9603,0
25.835974065s,1.073479899s,0s,9601,9601,0
26.359258224s,1.077680112s,0s,9607,9607,0
26.387844259s,1.118106072s,0s,9608,9608,0
27.054057425s,1.293599039s,0s,9604,9604,0
27.292809147s,1.322818607s,0s,9610,9610,0
27.373481927s,1.115971566s,0s,9605,9605,0
23.521507696s,1.140843062s,0s,9617,9617,0
23.532139992s,1.035104913s,0s,9613,9613,0
23.941532726s,1.11362569s,0s,9616,9616,0
24.721840569s,1.168043976s,0s,9618,9618,0
25.075617409s,1.270538842s,0s,9619,9619,0
25.144301455s,1.392043264s,0s,9611,9611,0
25.555226227s,1.461300549s,0s,9615,9615,0
26.051047969s,1.340775856s,0s,9620,9620,0
26.136652881s,1.08740238s,0s,9612,9612,0
26.566596438s,1.177313618s,0s,9614,9614,0
23.858114808s,1.172341778s,0s,9624,9624,0
24.028875339s,1.219800122s,0s,9630,9630,0
24.302724955s,1.388274559s,0s,9625,9625,0
24.40039073s,1.201581876s,0s,9629,9629,0
25.152252508s,1.042040558s,0s,9628,9628,0
25.215812918s,1.33309979s,0s,9627,9627,0
25.762921916s,1.021735487s,0s,9622,9622,0
26.230939465s,1.279975632s,0s,9623,9623,0
27.063361097s,1.474757281s,0s,9621,9621,0
27.153487076s,1.468535761s,0s,9626,9626,0
23.421476418s,1.29474043s,0s,9635,9635,0
23.819194131s,1.443215915s,0s,9636,9636,0
24.180191894s,1.018588686s,0s,9631,9631,0
24.451057061s,1.407333892s,0s,9634,9634,0
24.828882723s,1.036857609s,0s,9633,9633,0
25.082809307s,1.097371849s,0s,9632,9632,0
25.251100172s,1.055075473s,0s,9637,9637,0
25.319686859s,1.438607849s,0s,9638,9638,0
25.685422829s,1.003388161s,0s,9640,9640,0
25.940256174s,1.380058385s,0s,9639,9639,0
23.191157334s,1.467990115s,0s,9644,9644,0
23.397969989s,1.120831078s,0s,9645,9645,0
23.833984933s,1.242138011s,0s,9649,9649,0
24.239732492s,1.467982174s,0s,9646,9646,0
24.67139542s,1.241052568s,0s,9641,9641,0
25.063160523s,1.493098111s,0s,9650,9650,0
25.1597625s,1.424651223s,0s,9642,9642,0
25.197415423s,1.072549804s,0s,9647,9647,0
25.375164556s,1.073658392s,0s,9648,9648,0
26.457909036s,1.282379258s,0s,9643,9643,0
23.274930823s,1.46901714s,0s,9657,9657,0
23.426652192s,1.147857234s,0s,9656,9656,0
24.248583068s,1.123588291s,0s,9651,9651,0
24.470381164s,1.499242307s,0s,9652,9652,0
24.72017072s,1.426916618s,0s,9660,9660,0
24.988152302s,1.116370226s,0s,9654,9654,0
25.318154306s,1.040141148s,0s,9655,9655,0
25.717241197s,1.320577775s,0s,9658,9658,0
26.57088941s,1.302409589s,0s,9653,9653,0
26.731608179s,1.292121472s,0s,9659,9659,0
23.882690949s,1.153908579s,0s,9665,9665,0
23.903192469s,1.369279681s,0s,9667,9667,0
24.544333233s,1.345698661s,0s,9669,9669,0
24.736195628s,1.173151858s,0s,9664,9664,0
24.925925108s,1.172050159s,0s,9670,9670,0
24.993573556s,1.441542182s,0s,9662,9662,0
25.320412314s,1.080924276s,0s,9668,9668,0
25.866254504s,1.348903147s,0s,9666,9666,0
26.099077312s,1.311455553s,0s,9663,9663,0
26.194334444s,1.356071259s,0s,9661,9661,0
24.26687995s,1.351045975s,0s,9673,9673,0
24.884057025s,1.085423685s,0s,9680,9680,0
25.015310482s,1.076156309s,0s,9675,9675,0
25.305160678s,1.148943445s,0s,9674,9674,0
25.99029944s,1.194058984s,0s,9677,9677,0
26.221124832s,1.31493294s,0s,9679,9679,0
26.319690941s,1.273587556s,0s,9678,9678,0
26.323318315s,1.093661005s,0s,9671,9671,0
26.446981301s,1.391297109s,0s,9676,9676,0
26.835867498s,1.209372892s,0s,9672,9672,0
23.318452912s,1.258529492s,0s,9687,9687,0
23.443085144s,1.172887516s,0s,9688,9688,0
23.864041508s,1.191073432s,0s,9690,9690,0
24.306782716s,1.407548251s,0s,9683,9683,0
24.43541376s,1.486879416s,0s,9686,9686,0
25.185649826s,1.219297755s,0s,9685,9685,0
25.330259648s,1.273764883s,0s,9684,9684,0
25.913370664s,1.400300791s,0s,9681,9681,0
26.126176665s,1.166568675s,0s,9682,9682,0
26.191906044s,1.279956928s,0s,9689,9689,0
23.196421337s,1.029123184s,0s,9695,9695,0
23.950483887s,1.064320527s,0s,9694,9694,0
24.21521709s,1.231506597s,0s,9698,9698,0
24.230835195s,1.134021109s,0s,9697,9697,0
25.344337695s,1.318000443s,0s,9696,9696,0
25.549905718s,1.429137947s,0s,9693,9693,0
25.647715695s,1.188238161s,0s,9692,9692,0
26.016563991s,1.276714618s,0s,9699,9699,0
26.138235386s,1.107785508s,0s,9691,9691,0
26.94719801s,1.086522023s,0s,9700,9700,0
24.046430198s,1.202905429s,0s,9705,9705,0
24.119039415s,1.185589989s,0s,9709,9709,0
24.199701874s,1.202870643s,0s,9710,9710,0
24.487578564s,1.114358776s,0s,9702,9702,0
24.976602311s,1.087130981s,0s,9704,9704,0
24.995953147s,1.362855067s,0s,9708,9708,0
25.426946106s,1.234313367s,0s,9701,9701,0
26.013072947s,1.342647665s,0s,9707,9707,0
26.524056425s,1.498080335s,0s,9703,9703,0
27.107714774s,1.224079343s,0s,9706,9706,0
23.48795544s,1.126321213s,0s,9716,9716,0
24.158100687s,1.333564954s,0s,9720,9720,0
24.37287303s,1.074322643s,0s,9711,9711,0
25.263329882s,1.227066139s,0s,9712,9712,0
25.299905555s,1.018087074s,0s,9718,9718,0
25.317575507s,1.198828629s,0s,9717,9717,0
25.650410652s,1.164648523s,0s,9713,9713,0
25.865235091s,1.254298803s,0s,9714,9714,0
26.163879814s,1.114070032s,0s,9715,9715,0
26.944125951s,1.081905022s,0s,9719,9719,0
23.274780054s,1.057840238s,0s,9727,9727,0
24.041538277s,1.105327955s,0s,9724,9724,0
24.850841641s,1.056715619s,0s,9721,9721,0
24.86149285s,1.106428316s,0s,9729,9729,0
25.01219091s,1.187961345s,0s,9730,9730,0
25.07571506s,1.246202082s,0s,9726,9726,0
25.206402843s,1.293623263s,0s,9722,9722,0
25.530289381s,1.09203422s,0s,9723,9723,0
26.056917321s,1.182743661s,0s,9725,9725,0
26.061545043s,1.273389729s,0s,9728,9728,0
23.547303485s,1.273334691s,0s,9732,9732,0
23.900273387s,1.479356161s,0s,9738,9738,0
23.943928432s,1.206963267s,0s,9736,9736,0
24.361659935s,1.233106893s,0s,9739,9739,0
24.391237284s,1.283564394s,0s,9740,9740,0
24.578917464s,1.386073782s,0s,9734,9734,0
25.292769163s,1.363842825s,0s,9735,9735,0
25.438512631s,1.190692133s,0s,9731,9731,0
25.879267092s,1.162467514s,0s,9737,9737,0
27.202735615s,1.035114813s,0s,9733,9733,0
24.189355202s,1.480240452s,0s,9749,9749,0
24.441253322s,1.229473016s,0s,9741,9741,0
24.724081753s,1.175108143s,0s,9747,9747,0
24.765936231s,1.439848278s,0s,9744,9744,0
24.844694573s,1.003104389s,0s,9750,9750,0
26.317209745s,1.468025015s,0s,9748,9748,0
26.41283601s,1.114804827s,0s,9742,9742,0
26.708736084s,1.042314126s,0s,9746,9746,0
26.769112065s,1.48248136s,0s,9745,9745,0
26.878760546s,1.063543702s,0s,9743,9743,0
23.324594797s,1.406820789s,0s,9754,9754,0
24.536180004s,1.080052356s,0s,9753,9753,0
24.771919401s,1.236584225s,0s,9758,9758,0
24.799595704s,1.345094215s,0s,9755,9755,0
24.903254969s,1.362302197s,0s,9756,9756,0
24.932808166s,1.054811673s,0s,9751,9751,0
25.524486903s,1.408027977s,0s,9759,9759,0
25.537074748s,1.156305983s,0s,9757,9757,0
25.66278723s,1.262788583s,0s,9752,9752,0
25.964365239s,1.371555815s,0s,9760,9760,0
24.265212342s,1.247442551s,0s,9767,9767,0
24.844834006s,1.186065145s,0s,9763,9763,0
25.237923s,1.011072801s,0s,9769,9769,0
25.241555544s,1.146721112s,0s,9766,9766,0
25.622369875s,1.061450182s,0s,9768,9768,0
25.730056814s,1.170902981s,0s,9764,9764,0
25.7577394s,1.391925782s,0s,9761,9761,0
26.524042161s,1.01627537s,0s,9762,9762,0
26.717790267s,1.251601143s,0s,9765,9765,0
27.07842398s,1.228227579s,0s,9770,9770,0
23.224786581s,1.361507417s,0s,9775,9775,0
23.769802171s,1.168100564s,0s,9776,9776,0
23.896527133s,1.456238058s,0s,9774,9774,0
24.241946955s,1.449054917s,0s,9773,9773,0
24.300598614s,1.399741024s,0s,9772,9772,0
24.727615426s,1.071106745s,0s,9779,9779,0
25.157752232s,1.074382743s,0s,9778,9778,0
25.84574448s,1.083671486s,0s,9780,9780,0
26.208434723s,1.15492789s,0s,9771,9771,0
26.528296141s,1.471501494s,0s,9777,9777,0
23.631973793s,1.19561967s,0s,9782,9782,0
23.764708384s,1.283486023s,0s,9789,9789,0
24.427809473s,1.13538713s,0s,9786,9786,0
24.564487222s,1.025068522s,0s,9784,9784,0
24.579063128s,1.360030899s,0s,9787,9787,0
24.983973386s,1.202050227s,0s,9785,9785,0
25.033578638s,1.401219997s,0s,9783,9783,0
25.479472456s,1.21824966s,0s,9790,9790,0
26.133624467s,1.441405449s,0s,9781,9781,0
26.199356122s,1.467602117s,0s,9788,9788,0
23.474519444s,1.04315824s,0s,9795,9795,0
24.054355407s,1.298535513s,0s,9800,9800,0
24.376211005s,1.315782891s,0s,9794,9794,0
24.734258365s,1.329027543s,0s,9791,9791,0
25.113749013s,1.288337684s,0s,9796,9796,0
25.121308652s,1.331264973s,0s,9797,9797,0
25.646262783s,1.080685829s,0s,9798,9798,0
25.985121703s,1.195953063s,0s,9793,9793,0
26.025686129s,1.050408964s,0s,9792,9792,0
26.941501518s,1.248067626s,0s,9799,9799,0
23.651991151s,1.058424017s,0s,9810,9810,0
24.459426643s,1.110849591s,0s,9801,9801,0
24.566158804s,1.051161783s,0s,9809,9809,0
24.950084627s,1.362008615s,0s,9803,9803,0
25.034774888s,1.430334637s,0s,9805,9805,0
25.06644019s,1.261518653s,0s,9804,9804,0
25.975383071s,1.168041811s,0s,9807,9807,0
26.424410613s,1.108606984s,0s,9806,9806,0
26.533986531s,1.203321717s,0s,9808,9808,0
26.918653779s,1.306763586s,0s,9802,9802,0
24.750848685s,1.381495759s,0s,9811,9811,0
25.065728013s,1.210220079s,0s,9818,9818,0
25.10838666s,1.451929639s,0s,9816,9816,0
25.276219175s,1.152999692s,0s,9817,9817,0
25.289862568s,1.440748772s,0s,9820,9820,0
25.623346895s,1.108676376s,0s,9815,9815,0
26.067174562s,1.368254885s,0s,9819,9819,0
26.366696237s,1.085206502s,0s,9813,9813,0
26.391291516s,1.318068912s,0s,9814,9814,0
26.534946059s,1.105450753s,0s,9812,9812,0
23.693971827s,1.402074876s,0s,9821,9821,0
23.694392342s,1.180426671s,0s,9825,9825,0
24.139800327s,1.070133256s,0s,9827,9827,0
24.870341139s,1.397832134s,0s,9822,9822,0
25.372978102s,1.369649925s,0s,9823,9823,0
25.411564533s,1.064845873s,0s,9828,9828,0
25.91163312s,1.258933377s,0s,9829,9829,0
26.060275497s,1.292144006s,0s,9826,9826,0
26.112837163s,1.361388803s,0s,9824,9824,0
26.53137109s,1.224743077s,0s,9830,9830,0
23.584323408s,1.452750052s,0s,9837,9837,0
23.674976372s,1.236596341s,0s,9840,9840,0
24.770462031s,1.371255677s,0s,9832,9832,0
25.055165254s,1.116351839s,0s,9838,9838,0
25.42212779s,1.361034877s,0s,9839,9839,0
25.444762689s,1.013078345s,0s,9831,9831,0
25.960869538s,1.466935155s,0s,9834,9834,0
26.264704993s,1.324861234s,0s,9835,9835,0
26.395454972s,1.400465363s,0s,9833,9833,0
27.157460108s,1.468074607s,0s,9836,9836,0
23.615228184s,1.306593743s,0s,9841,9841,0
24.455005385s,1.047245541s,0s,9846,9846,0
24.493620234s,1.258338714s,0s,9843,9843,0
25.205756061s,1.162905537s,0s,9844,9844,0
25.289395143s,1.218022965s,0s,9848,9848,0
25.488176592s,1.397099537s,0s,9847,9847,0
25.550850687s,1.339835031s,0s,9850,9850,0
25.596517426s,1.340977581s,0s,9842,9842,0
26.445523963s,1.219172231s,0s,9845,9845,0
26.762365583s,1.16289661s,0s,9849,9849,0
23.347091462s,1.110174236s,0s,9851,9851,0
23.782087265s,1.1344154s,0s,9860,9860,0
25.286418745s,1.399035617s,0s,9852,9852,0
25.414029218s,1.312872972s,0s,9858,9858,0
25.414431603s,1.285114369s,0s,9853,9853,0
25.935921938s,1.265960271s,0s,9856,9856,0
26.262760554s,1.451304452s,0s,9854,9854,0
26.298287518s,1.292389441s,0s,9857,9857,0
26.494086016s,1.249696616s,0s,9859,9859,0
26.950080765s,1.305650275s,0s,9855,9855,0
24.157546003s,1.150731071s,0s,9870,9870,0
24.267231637s,1.407740098s,0s,9867,9867,0
24.718194745s,1.102354609s,0s,9864,9864,0
24.912820638s,1.419997947s,0s,9869,9869,0
25.057551636s,1.078121604s,0s,9861,9861,0
25.978842111s,1.443293879s,0s,9865,9865,0
26.059536654s,1.404565301s,0s,9868,9868,0
26.26332981s,1.378312468s,0s,9866,9866,0
26.342969108s,1.267039017s,0s,9862,9862,0
26.685849044s,1.110539695s,0s,9863,9863,0
23.272422149s,1.032670169s,0s,9874,9874,0
23.572378342s,1.246930939s,0s,9875,9875,0
24.019312421s,1.150023514s,0s,9876,9876,0
24.551232107s,1.230635084s,0s,9873,9873,0
25.557423931s,1.282281425s,0s,9872,9872,0
25.557409524s,1.181222282s,0s,9880,9880,0
25.831638561s,1.228458001s,0s,9877,9877,0
26.796176514s,1.48891342s,0s,9878,9878,0
26.939885523s,1.260040659s,0s,9871,9871,0
27.060571803s,1.415559151s,0s,9879,9879,0
23.207995612s,1.125361496s,0s,9887,9887,0
24.134598814s,1.319761194s,0s,9886,9886,0
24.330255037s,1.185557832s,0s,9889,9889,0
24.413903149s,1.263047164s,0s,9890,9890,0
24.518580072s,1.397974693s,0s,9883,9883,0
25.233828681s,1.281346717s,0s,9888,9888,0
25.916656782s,1.283551433s,0s,9884,9884,0
25.918227433s,1.109093869s,0s,9882,9882,0
26.009792684s,1.438127313s,0s,9881,9881,0
26.716098636s,1.238904265s,0s,9885,9885,0
23.306151892s,1.148693668s,0s,9899,9899,0
23.611031408s,1.107245555s,0s,9897,9897,0
24.48996266s,1.287869951s,0s,9891,9891,0
24.908694956s,1.177039972s,0s,9898,9898,0
25.03638155s,1.445344308s,0s,9892,9892,0
25.410330021s,1.156939112s,0s,9900,9900,0
25.765923045s,1.248584974s,0s,9895,9895,0
25.949733615s,1.351028944s,0s,9896,9896,0
25.959262847s,1.146490759s,0s,9893,9893,0
26.025004024s,1.1983658s,0s,9894,9894,0
23.957392589s,1.420304727s,0s,9906,9906,0
24.254290891s,1.249469287s,0s,9907,9907,0
24.527111736s,1.322764415s,0s,9910,9910,0
25.012721813s,1.322721759s,0s,9905,9905,0
25.014287853s,1.125957501s,0s,9908,9908,0
25.177959407s,1.423493265s,0s,9903,9903,0
25.555813697s,1.335915775s,0s,9901,9901,0
25.575413243s,1.234267243s,0s,9904,9904,0
26.224119601s,1.080593015s,0s,9909,9909,0
26.276729318s,1.414063183s,0s,9902,9902,0
23.968016138s,1.245431886s,0s,9912,9912,0
24.474570398s,1.031310266s,0s,9915,9915,0
24.490098747s,1.164005565s,0s,9919,9919,0
24.776273461s,1.182176301s,0s,9913,9913,0
25.29238008s,1.14556012s,0s,9916,9916,0
25.352975186s,1.490345441s,0s,9918,9918,0
25.532668629s,1.158822254s,0s,9917,9917,0
26.015662496s,1.019084684s,0s,9914,9914,0
26.497568528s,1.402044962s,0s,9911,9911,0
26.576187221s,1.311722572s,0s,9920,9920,0
24.789066325s,1.321536932s,0s,9924,9924,0
25.03775097s,1.208849684s,0s,9926,9926,0
25.11135769s,1.331834453s,0s,9921,9921,0
25.497258479s,1.230024635s,0s,9930,9930,0
25.498807009s,1.186618733s,0s,9925,9925,0
25.839561662s,1.012076608s,0s,9929,9929,0
25.860262403s,1.330739305s,0s,9928,9928,0
25.955844464s,1.111395315s,0s,9923,9923,0
26.081576499s,1.311339317s,0s,9922,9922,0
26.764752791s,1.44210574s,0s,9927,9927,0
22.89598286s,1.171651217s,0s,9939,9939,0
22.940607783s,1.009115553s,0s,9936,9936,0
23.807879276s,1.463987585s,0s,9931,9931,0
23.883641846s,1.17998316s,0s,9932,9932,0
24.194495086s,1.347012888s,0s,9935,9935,0
24.496402977s,1.462866488s,0s,9938,9938,0
24.566057374s,1.095400376s,0s,9934,9934,0
25.119598217s,1.424334361s,0s,9933,9933,0
25.270290652s,1.427537865s,0s,9937,9937,0
26.740633484s,1.473264413s,0s,9940,9940,0
24.297872737s,1.004551146s,0s,9943,9943,0
24.432544382s,1.320086905s,0s,9947,9947,0
25.23563027s,1.312859496s,0s,9950,9950,0
25.469531082s,1.163067839s,0s,9949,9949,0
25.487305855s,1.064827s,0s,9946,9946,0
25.601957739s,1.449560897s,0s,9942,9942,0
26.079931526s,1.47078945s,0s,9944,9944,0
27.004326023s,1.191315079s,0s,9945,9945,0
27.097018814s,1.210517936s,0s,9948,9948,0
27.533301591s,1.372360854s,0s,9941,9941,0
23.730187993s,1.476358513s,0s,9952,9952,0
24.687028345s,1.142380398s,0s,9953,9953,0
24.758578936s,1.21430711s,0s,9951,9951,0
25.231458885s,1.103162857s,0s,9960,9960,0
25.779083872s,1.280512065s,0s,9959,9959,0
25.804728531s,1.146587464s,0s,9955,9955,0
25.939472913s,1.331794047s,0s,9954,9954,0
25.987055112s,1.392050535s,0s,9958,9958,0
26.494013145s,1.165885073s,0s,9956,9956,0
27.226289983s,1.198037585s,0s,9957,9957,0
24.296538452s,1.444845414s,0s,9967,9967,0
24.311080329s,1.356242746s,0s,9969,9969,0
24.472778078s,1.472054067s,0s,9970,9970,0
24.86749571s,1.197526923s,0s,9963,9963,0
24.919091658s,1.336034635s,0s,9968,9968,0
25.158634773s,1.21174304s,0s,9962,9962,0
25.632521649s,1.427462788s,0s,9961,9961,0
25.955470981s,1.140338581s,0s,9966,9966,0
25.969208026s,1.431681982s,0s,9964,9964,0
26.736110212s,1.42746981s,0s,9965,9965,0
23.857468349s,1.312844118s,0s,9978,9978,0
23.98717524s,1.118303217s,0s,9980,9980,0
24.190001826s,1.207095699s,0s,9976,9976,0
24.396803813s,1.117178006s,0s,9973,9973,0
25.058947397s,1.229652175s,0s,9971,9971,0
25.412829356s,1.129811331s,0s,9977,9977,0
25.445454542s,1.224445588s,0s,9974,9974,0
25.818347327s,1.122593066s,0s,9979,9979,0
26.731165581s,1.388098152s,0s,9975,9975,0
27.267182916s,1.223293251s,0s,9972,9972,0
23.360570691s,1.01587863s,0s,9983,9983,0
24.130826371s,1.256990744s,0s,9987,9987,0
24.426666143s,1.433631384s,0s,9981,9981,0
24.485282161s,1.498863048s,0s,9985,9985,0
24.513841725s,1.113656821s,0s,9990,9990,0
24.527375859s,1.03406387s,0s,9984,9984,0
24.547865471s,1.355138134s,0s,9989,9989,0
24.762517397s,1.383400055s,0s,9986,9986,0
24.903292494s,1.046432666s,0s,9988,9988,0
26.504366855s,1.035214604s,0s,9982,9982,0
24.439633368s,1.462014775s,0s,9998,9998,0
24.868683347s,1.261967207s,0s,9991,9991,0
25.212522119s,1.249510693s,0s,9995,9995,0
25.459389354s,1.260757278s,0s,9997,9997,0
25.498962905s,1.202272582s,0s,9993,9993,0
25.603671815s,1.347164792s,0s,10000,10000,0
25.66737804s,1.354320757s,0s,9996,9996,0
25.851095285s,1.36856871s,0s,9994,9994,0
26.125925363s,1.373754258s,0s,9992,9992,0
26.270568546s,1.476230382s,0s,9999,9999,0
23.869013817s,1.200977837s,0s,10007,10007,0
24.009616321s,1.186689223s,0s,10003,10003,0
25.283134131s,1.256135554s,0s,10004,10004,0
25.679445315s,1.493008448s,0s,10006,10006,0
25.911239638s,1.388631353s,0s,10001,10001,0
26.325251701s,1.498469537s,0s,10010,10010,0
26.366749685s,1.496247816s,0s,10008,10008,0
26.571436591s,1.37840434s,0s,10009,10009,0
26.714035695s,1.166465379s,0s,10002,10002,0
26.999766518s,1.011143005s,0s,10005,10005,0
23.755739134s,1.397790256s,0s,10015,10015,0
24.702153654s,1.037330568s,0s,10016,10016,0
24.777795389s,1.387623197s,0s,10012,10012,0
25.156627914s,1.328372305s,0s,10019,10019,0
25.313254449s,1.214710524s,0s,10014,10014,0
25.453009201s,1.017077028s,0s,10011,10011,0
25.549542403s,1.227946417s,0s,10020,10020,0
25.708293079s,1.321128951s,0s,10017,10017,0
26.429105067s,1.100541879s,0s,10013,10013,0
26.656196458s,1.142430836s,0s,10018,10018,0
23.345908996s,1.104497378s,0s,10026,10026,0
23.384541312s,1.108762614s,0s,10029,10029,0
24.599733344s,1.128269283s,0s,10023,10023,0
25.159917753s,1.49855243s,0s,10028,10028,0
25.20663448s,1.204606322s,0s,10021,10021,0
25.394306671s,1.117010664s,0s,10024,10024,0
25.771060861s,1.203505544s,0s,10030,10030,0
25.90083437s,1.441035338s,0s,10025,10025,0
26.651136182s,1.499682005s,0s,10027,10027,0
27.301945478s,1.468300493s,0s,10022,10022,0
23.210757672s,1.015001716s,0s,10037,10037,0
23.987867432s,1.244827924s,0s,10032,10032,0
24.228674165s,1.307332059s,0s,10033,10033,0
24.380497057s,1.298071042s,0s,10035,10035,0
25.269099433s,1.095300492s,0s,10031,10031,0
25.71598883s,1.33557777s,0s,10036,10036,0
26.345115475s,1.425138843s,0s,10039,10039,0
27.05800832s,1.129557367s,0s,10040,10040,0
27.319484637s,1.417923828s,0s,10038,10038,0
27.401405566s,1.479432432s,0s,10034,10034,0
23.754959672s,1.16603627s,0s,10045,10045,0
24.214826776s,1.07536873s,0s,10044,10044,0
24.3805654s,1.41008157s,0s,10050,10050,0
24.383289452s,1.208248811s,0s,10046,10046,0
24.747148974s,1.013103649s,0s,10047,10047,0
24.830322731s,1.111815057s,0s,10049,10049,0
25.582550565s,1.369782438s,0s,10042,10042,0
25.687212028s,1.089567232s,0s,10041,10041,0
25.784847035s,1.410079399s,0s,10043,10043,0
26.173828318s,1.317512089s,0s,10048,10048,0
24.339920476s,1.265101681s,0s,10057,10057,0
24.460656327s,1.221610172s,0s,10051,10051,0
24.961860966s,1.245900589s,0s,10060,10060,0
25.179679702s,1.061134241s,0s,10058,10058,0
25.293458887s,1.130620357s,0s,10056,10056,0
25.364086262s,1.203399497s,0s,10052,10052,0
25.388678838s,1.065393274s,0s,10055,10055,0
25.704536178s,1.271377584s,0s,10054,10054,0
25.886344494s,1.20338819s,0s,10059,10059,0
26.163169397s,1.366684379s,0s,10053,10053,0
23.579776349s,1.299515543s,0s,10063,10063,0
24.646305445s,1.411093356s,0s,10064,10064,0
24.714027219s,1.264027262s,0s,10067,10067,0
24.747607281s,1.4243082s,0s,10066,10066,0
25.427223676s,1.283258565s,0s,10061,10061,0
25.706131851s,1.431591508s,0s,10070,10070,0
26.100140209s,1.019046944s,0s,10062,10062,0
26.133766392s,1.217460201s,0s,10065,10065,0
26.170457235s,1.249713266s,0s,10068,10068,0
26.470350472s,1.400813596s,0s,10069,10069,0
23.665221589s,1.235974324s,0s,10071,10071,0
24.626701563s,1.135101614s,0s,10075,10075,0
24.644346273s,1.344289386s,0s,10072,10072,0
25.08232013s,1.142317303s,0s,10078,10078,0
25.143888611s,1.360494724s,0s,10074,10074,0
25.367619064s,1.157514366s,0s,10073,10073,0
25.434306537s,1.084883269s,0s,10077,10077,0
26.382402659s,1.216747356s,0s,10076,10076,0
26.773384134s,1.079677721s,0s,10080,10080,0
26.828006759s,1.454807503s,0s,10079,10079,0
23.470379325s,1.158319038s,0s,10087,10087,0
23.920485945s,1.222017314s,0s,10086,10086,0
24.484220187s,1.210807904s,0s,10089,10089,0
24.80005188s,1.0670242s,0s,10084,10084,0
24.889767461s,1.267272566s,0s,10088,10088,0
25.143593317s,1.021547104s,0s,10085,10085,0
25.296284632s,1.378761385s,0s,10081,10081,0
25.367927385s,1.038798205s,0s,10090,10090,0
25.970935719s,1.185540948s,0s,10082,10082,0
27.149662789s,1.359514783s,0s,10083,10083,0
23.851935858s,1.28670593s,0s,10099,10099,0
24.383622079s,1.371200202s,0s,10095,10095,0
24.542373474s,1.348011902s,0s,10091,10091,0
24.717162525s,1.080059178s,0s,10100,10100,0
25.161118683s,1.283457079s,0s,10096,10096,0
25.377878055s,1.453116409s,0s,10092,10092,0
25.63769458s,1.080056296s,0s,10098,10098,0
26.096541434s,1.397508486s,0s,10097,10097,0
26.678720698s,1.406712678s,0s,10093,10093,0
26.974639113s,1.452000893s,0s,10094,10094,0
23.560674241s,1.161821824s,0s,10105,10105,0
24.425638468s,1.220036897s,0s,10104,10104,0
24.614465385s,1.330793856s,0s,10102,10102,0
24.703186327s,1.317552198s,0s,10107,10107,0
24.96590178s,1.077090831s,0s,10106,10106,0
25.07174601s,1.153578055s,0s,10101,10101,0
25.263940028s,1.306305288s,0s,10110,10110,0
25.29963217s,1.348040678s,0s,10109,10109,0
25.33629892s,1.029734179s,0s,10103,10103,0
25.831395649s,1.085297376s,0s,10108,10108,0
23.529834064s,1.056129498s,0s,10111,10111,0
24.996422857s,1.399866256s,0s,10114,10114,0
25.341166685s,1.462074374s,0s,10115,10115,0
25.429838753s,1.388610853s,0s,10120,10120,0
25.841745506s,1.163032478s,0s,10119,10119,0
25.864337505s,1.070543651s,0s,10116,10116,0
25.901026569s,1.065338391s,0s,10118,10118,0
26.231816327s,1.146826088s,0s,10113,10113,0
26.58769902s,1.468306811s,0s,10112,10112,0
26.694291567s,1.246311801s,0s,10117,10117,0
23.959980866s,1.160360022s,0s,10123,10123,0
24.009676958s,1.023592457s,0s,10128,10128,0
24.592697201s,1.253081562s,0s,10125,10125,0
24.751503022s,1.241866928s,0s,10121,10121,0
24.782135257s,1.178562163s,0s,10127,10127,0
25.118033258s,1.062894603s,0s,10126,10126,0
25.237654464s,1.413700337s,0s,10124,10124,0
25.42234063s,1.427942727s,0s,10129,10129,0
26.10444896s,1.113137247s,0s,10122,10122,0
26.574054953s,1.282418622s,0s,10130,10130,0
23.757002759s,1.312556166s,0s,10134,10134,0
23.897742878s,1.155737516s,0s,10136,10136,0
23.997458051s,1.120464886s,0s,10133,10133,0
24.104085001s,1.162933807s,0s,10137,10137,0
24.383957781s,1.074256932s,0s,10135,10135,0
24.647743873s,1.355825674s,0s,10140,10140,0
24.679249896s,1.049951595s,0s,10132,10132,0
24.883870035s,1.00773999s,0s,10131,10131,0
25.216637733s,1.222301324s,0s,10138,10138,0
25.257251065s,1.480061419s,0s,10139,10139,0
22.897720444s,1.211600954s,0s,10145,10145,0
24.159830754s,1.39751873s,0s,10150,10150,0
24.763526089s,1.117708787s,0s,10144,10144,0
24.810077179s,1.245056499s,0s,10142,10142,0
24.842880749s,1.148999017s,0s,10148,10148,0
25.119739973s,1.490805856s,0s,10141,10141,0
25.125389747s,1.207393283s,0s,10146,10146,0
25.36903863s,1.181148887s,0s,10149,10149,0
25.873896676s,1.228815856s,0s,10143,10143,0
26.770671767s,1.074494614s,0s,10147,10147,0
23.115174338s,1.132384943s,0s,10160,10160,0
23.332988236s,1.207987153s,0s,10155,10155,0
23.98611362s,1.232283133s,0s,10158,10158,0
24.190580882s,1.374579905s,0s,10154,10154,0
24.39145835s,1.130140546s,0s,10151,10151,0
24.406091159s,1.111991587s,0s,10153,10153,0
24.658831007s,1.10173925s,0s,10156,10156,0
24.661522766s,1.142569991s,0s,10152,10152,0
24.672131071s,1.476942177s,0s,10159,10159,0
25.270420518s,1.192768483s,0s,10157,10157,0
23.406137897s,1.067040135s,0s,10165,10165,0
23.846493623s,1.25076381s,0s,10162,10162,0
23.933215522s,1.029887525s,0s,10170,10170,0
24.00687433s,1.458051687s,0s,10163,10163,0
24.263648122s,1.319301499s,0s,10164,10164,0
24.388272486s,1.206303397s,0s,10169,10169,0
24.832098804s,1.312064728s,0s,10166,10166,0
25.227051666s,1.428799178s,0s,10167,10167,0
25.367708913s,1.240584746s,0s,10161,10161,0
26.441248391s,1.38557382s,0s,10168,10168,0
23.216460198s,1.370844087s,0s,10171,10171,0
23.393266695s,1.061302985s,0s,10174,10174,0
23.918446589s,1.334577853s,0s,10173,10173,0
24.522366067s,1.025111161s,0s,10172,10172,0
24.566105054s,1.163880722s,0s,10176,10176,0
24.751840041s,1.221091761s,0s,10179,10179,0
25.114822448s,1.078609252s,0s,10177,10177,0
25.295471681s,1.486048167s,0s,10180,10180,0
25.97048355s,1.163849484s,0s,10175,10175,0
26.816148414s,1.256307365s,0s,10178,10178,0
23.667700843s,1.179925302s,0s,10188,10188,0
24.288813089s,1.165599257s,0s,10184,10184,0
24.861393528s,1.121199786s,0s,10190,10190,0
24.985037078s,1.402758738s,0s,10185,10185,0
25.001718214s,1.106014822s,0s,10183,10183,0
25.342598307s,1.233434009s,0s,10186,10186,0
25.391060624s,1.214068943s,0s,10189,10189,0
26.084761023s,1.233444552s,0s,10181,10181,0
26.24949584s,1.06278213s,0s,10187,10187,0
26.500281203s,1.125391197s,0s,10182,10182,0
22.948892878s,1.01930475s,0s,10192,10192,0
23.239857458s,1.487088163s,0s,10195,10195,0
24.064700313s,1.127860736s,0s,10200,10200,0
24.412609622s,1.373558089s,0s,10191,10191,0
24.746438198s,1.292294044s,0s,10198,10198,0
25.572755256s,1.484966451s,0s,10199,10199,0
25.735540177s,1.071557247s,0s,10194,10194,0
25.767134818s,1.269077094s,0s,10197,10197,0
25.807708067s,1.430740565s,0s,10193,10193,0
26.856897212s,1.016090483s,0s,10196,10196,0
24.125465258s,1.344816873s,0s,10204,10204,0
24.236210933s,1.244105364s,0s,10209,10209,0
24.453094688s,1.164438118s,0s,10208,10208,0
24.781923123s,1.167632367s,0s,10205,10205,0
25.073611309s,1.010679618s,0s,10207,10207,0
25.131125421s,1.209852555s,0s,10206,10206,0
25.431806581s,1.153206638s,0s,10203,10203,0
26.207096924s,1.140004831s,0s,10202,10202,0
26.66176129s,1.25237787s,0s,10210,10210,0
26.675278373s,1.32160906s,0s,10201,10201,0
23.407906551s,1.200536481s,0s,10211,10211,0
24.033692983s,1.465888065s,0s,10213,10213,0
24.187313052s,1.203714288s,0s,10214,10214,0
24.244881518s,1.329104177s,0s,10217,10217,0
24.332531036s,1.199392174s,0s,10216,10216,0
24.409207933s,1.347349999s,0s,10219,10219,0
24.482876788s,1.310990909s,0s,10215,10215,0
25.326186716s,1.022907403s,0s,10212,10212,0
26.074040332s,1.158174158s,0s,10220,10220,0
26.914380112s,1.403564921s,0s,10218,10218,0
23.234010624s,1.130054368s,0s,10223,10223,0
23.532884696s,1.449089089s,0s,10221,10221,0
24.310759143s,1.039504669s,0s,10222,10222,0
24.918587619s,1.276758923s,0s,10224,10224,0
25.006271345s,1.185484114s,0s,10229,10229,0
25.469261945s,1.016110797s,0s,10230,10230,0
25.509997003s,1.136277754s,0s,10226,10226,0
25.554571042s,1.018293672s,0s,10228,10228,0
25.662276053s,1.455334153s,0s,10225,10225,0
25.886086433s,1.05983802s,0s,10227,10227,0
23.242530857s,1.344860694s,0s,10234,10234,0
23.582215432s,1.174335876s,0s,10231,10231,0
24.608697327s,1.091918865s,0s,10237,10237,0
25.412089448s,1.062674678s,0s,10238,10238,0
25.625875162s,1.013042227s,0s,10239,10239,0
25.68849664s,1.244588086s,0s,10233,10233,0
25.863083306s,1.043449041s,0s,10232,10232,0
25.890073098s,1.027240399s,0s,10240,10240,0
26.561245275s,1.471373293s,0s,10235,10235,0
27.039221044s,1.367072538s,0s,10236,10236,0
23.328813963s,1.377784335s,0s,10245,10245,0
23.835935407s,1.072309852s,0s,10242,10242,0
23.878598999s,1.258525029s,0s,10243,10243,0
23.890199251s,1.092785537s,0s,10250,10250,0
25.01879598s,1.179055514s,0s,10241,10241,0
25.084349921s,1.2262463s,0s,10248,10248,0
25.282007281s,1.07957993s,0s,10249,10249,0
25.444691349s,1.388029527s,0s,10246,10246,0
25.943292563s,1.414223803s,0s,10244,10244,0
26.306221616s,1.487468389s,0s,10247,10247,0
23.231254683s,1.130023624s,0s,10260,10260,0
24.342766238s,1.039376321s,0s,10257,10257,0
24.978530961s,1.197704213s,0s,10255,10255,0
25.088127523s,1.386217983s,0s,10259,10259,0
25.100694716s,1.00511553s,0s,10254,10254,0
25.254391111s,1.39945007s,0s,10253,10253,0
25.426172378s,1.100648226s,0s,10252,10252,0
25.790086133s,1.228985238s,0s,10258,10258,0
25.814777752s,1.193454994s,0s,10251,10251,0
25.940556181s,1.149215073s,0s,10256,10256,0
24.278054072s,1.396866734s,0s,10270,10270,0
24.390678642s,1.436054393s,0s,10269,10269,0
24.600433385s,1.096198295s,0s,10264,10264,0
24.677127351s,1.367636214s,0s,10268,10268,0
25.242321414s,1.337357944s,0s,10261,10261,0
25.983598815s,1.200743499s,0s,10266,10266,0
26.070227184s,1.034696245s,0s,10262,10262,0
26.838533149s,1.113463071s,0s,10265,10265,0
26.853858068s,1.092937625s,0s,10263,10263,0
27.28680528s,1.226014996s,0s,10267,10267,0
23.909518704s,1.175608575s,0s,10280,10280,0
24.620103341s,1.384354857s,0s,10276,10276,0
24.682795885s,1.012073153s,0s,10279,10279,0
25.37795743s,1.471599002s,0s,10275,10275,0
25.447545816s,1.064359705s,0s,10274,10274,0
25.597144903s,1.264883032s,0s,10273,10273,0
25.759889684s,1.246458358s,0s,10278,10278,0
26.341675034s,1.248627378s,0s,10277,10277,0
26.411268455s,1.24863388s,0s,10272,10272,0
26.78024806s,1.296084s,0s,10271,10271,0
24.035183346s,1.103851419s,0s,10285,10285,0
24.040801846s,1.358941999s,0s,10281,10281,0
24.248669228s,1.038350506s,0s,10286,10286,0
24.362481523s,1.157279063s,0s,10289,10289,0
24.980974471s,1.203464966s,0s,10288,10288,0
25.003656808s,1.004074479s,0s,10284,10284,0
25.19231231s,1.145069103s,0s,10287,10287,0
25.485117798s,1.293749593s,0s,10290,10290,0
26.262363807s,1.487248517s,0s,10282,10282,0
26.414060284s,1.079617649s,0s,10283,10283,0
24.123423971s,1.205089634s,0s,10296,10296,0
24.318195494s,1.292883898s,0s,10291,10291,0
25.169108235s,1.177884726s,0s,10293,10293,0
25.169644306s,1.236546993s,0s,10294,10294,0
25.182895934s,1.342098228s,0s,10297,10297,0
25.327649411s,1.210324193s,0s,10300,10300,0
25.626419826s,1.462601129s,0s,10295,10295,0
25.645982135s,1.497933392s,0s,10298,10298,0
26.101858445s,1.397337239s,0s,10299,10299,0
26.324674082s,1.037540177s,0s,10292,10292,0
23.728404193s,1.420039675s,0s,10308,10308,0
24.361461905s,1.124464951s,0s,10301,10301,0
24.515210978s,1.053181281s,0s,10310,10310,0
25.066381827s,1.272511691s,0s,10305,10305,0
25.132960521s,1.163675478s,0s,10309,10309,0
25.49385343s,1.373756871s,0s,10302,10302,0
25.724618216s,1.124459111s,0s,10304,10304,0
25.786296478s,1.238232973s,0s,10303,10303,0
26.459392624s,1.435236666s,0s,10307,10307,0
26.953825226s,1.17800423s,0s,10306,10306,0
23.686688954s,1.499089291s,0s,10311,10311,0
24.241765458s,1.207757927s,0s,10318,10318,0
24.846229626s,1.318594835s,0s,10320,10320,0
25.341229845s,1.189530319s,0s,10317,10317,0
25.707124738s,1.171280744s,0s,10312,10312,0
25.905903937s,1.121873726s,0s,10319,10319,0
26.008506459s,1.145081789s,0s,10315,10315,0
26.46131501s,1.464882117s,0s,10314,10314,0
26.936418339s,1.303322106s,0s,10313,10313,0
26.984090353s,1.258092861s,0s,10316,10316,0
23.870753421s,1.037521052s,0s,10325,10325,0
24.131553142s,1.177300448s,0s,10323,10323,0
24.733347252s,1.124073479s,0s,10330,10330,0
24.872900704s,1.015093618s,0s,10326,10326,0
24.915332503s,1.079768311s,0s,10327,10327,0
25.181998128s,1.025304329s,0s,10329,10329,0
25.262644197s,1.18951035s,0s,10321,10321,0
27.037043535s,1.349828918s,0s,10324,10324,0
27.239699963s,1.452296729s,0s,10328,10328,0
27.570541654s,1.449033501s,0s,10322,10322,0
23.112985331s,1.157671659s,0s,10340,10340,0
23.59004298s,1.420942081s,0s,10335,10335,0
23.924935341s,1.380473599s,0s,10339,10339,0
24.294780988s,1.01913433s,0s,10332,10332,0
25.088003017s,1.405697388s,0s,10337,10337,0
25.301268619s,1.332275453s,0s,10336,10336,0
25.659882882s,1.303051101s,0s,10338,10338,0
25.661370048s,1.242931053s,0s,10334,10334,0
27.088146076s,1.023372209s,0s,10333,10333,0
27.531149653s,1.49412264s,0s,10331,10331,0
23.200734726s,1.249122587s,0s,10346,10346,0
23.694734145s,1.25637399s,0s,10347,10347,0
24.42947678s,1.357634947s,0s,10344,10344,0
24.660197696s,1.0801692s,0s,10350,10350,0
24.691774361s,1.456331949s,0s,10348,10348,0
24.77541836s,1.380968988s,0s,10343,10343,0
24.913050724s,1.165729521s,0s,10341,10341,0
25.757758727s,1.409076698s,0s,10342,10342,0
25.842424534s,1.207987151s,0s,10345,10345,0
26.901541226s,1.083442137s,0s,10349,10349,0
23.943046522s,1.412227744s,0s,10353,10353,0
24.56520848s,1.380011969s,0s,10355,10355,0
24.585880612s,1.270111728s,0s,10359,10359,0
24.700581754s,1.31255984s,0s,10354,10354,0
24.807255246s,1.474513123s,0s,10351,10351,0
24.947835075s,1.292312891s,0s,10356,10356,0
25.341706094s,1.181917908s,0s,10360,10360,0
25.353308431s,1.14442323s,0s,10358,10358,0
26.102085988s,1.179707533s,0s,10352,10352,0
26.80941446s,1.32776881s,0s,10357,10357,0
22.948922818s,1.192073199s,0s,10367,10367,0
23.713218287s,1.104581132s,0s,10364,10364,0
23.984012033s,1.277025623s,0s,10361,10361,0
24.431265852s,1.259844388s,0s,10368,10368,0
24.510963024s,1.119790685s,0s,10366,10366,0
24.750629831s,1.24162451s,0s,10370,10370,0
24.812133797s,1.011240214s,0s,10363,10363,0
24.887749425s,1.46358896s,0s,10365,10365,0
25.611943597s,1.409308039s,0s,10369,10369,0
26.359452288s,1.197319266s,0s,10362,10362,0
24.132843601s,1.375618531s,0s,10372,10372,0
24.313575395s,1.003079913s,0s,10380,10380,0
24.334169935s,1.159585948s,0s,10379,10379,0
24.56197765s,1.207043598s,0s,10371,10371,0
25.513783164s,1.021298997s,0s,10373,10373,0
25.846632136s,1.384879509s,0s,10378,10378,0
26.117467s,1.302336834s,0s,10374,10374,0
26.130014106s,1.172912708s,0s,10377,10377,0
26.265699271s,1.409115381s,0s,10375,10375,0
26.643684957s,1.495367402s,0s,10376,10376,0
23.007449465s,1.163078989s,0s,10387,10387,0
23.94788436s,1.394574614s,0s,10382,10382,0
24.123635146s,1.17572712s,0s,10388,10388,0
24.632472339s,1.229224955s,0s,10385,10385,0
24.70702296s,1.456078333s,0s,10390,10390,0
25.065895023s,1.205983993s,0s,10384,10384,0
25.355718299s,1.170299188s,0s,10381,10381,0
25.431490237s,1.420826498s,0s,10389,10389,0
26.577688175s,1.093745488s,0s,10386,10386,0
27.270016592s,1.093752623s,0s,10383,10383,0
23.302385256s,1.315599561s,0s,10391,10391,0
23.567178832s,1.415950425s,0s,10399,10399,0
24.494794863s,1.474247722s,0s,10400,10400,0
24.882690182s,1.036121248s,0s,10394,10394,0
25.483836736s,1.21460363s,0s,10397,10397,0
25.635527872s,1.251373383s,0s,10398,10398,0
26.175668196s,1.246112704s,0s,10395,10395,0
26.229363601s,1.416016123s,0s,10393,10393,0
26.437946041s,1.104367334s,0s,10396,10396,0
26.615561799s,1.221922958s,0s,10392,10392,0
23.829741596s,1.313545627s,0s,10407,10407,0
24.094524169s,1.352050292s,0s,10405,10405,0
24.277351184s,1.069894679s,0s,10406,10406,0
24.334982019s,1.331822302s,0s,10404,10404,0
24.632618961s,1.263030278s,0s,10401,10401,0
25.336307861s,1.019631087s,0s,10402,10402,0
25.840964438s,1.433571389s,0s,10408,10408,0
25.952653145s,1.313552631s,0s,10403,10403,0
26.196426172s,1.358323206s,0s,10409,10409,0
27.02081475s,1.291320363s,0s,10410,10410,0
23.677519244s,1.010346888s,0s,10413,10413,0
24.004339553s,1.209866952s,0s,10414,10414,0
24.657447475s,1.480084373s,0s,10412,10412,0
24.853085004s,1.003129837s,0s,10419,10419,0
25.036870301s,1.376706221s,0s,10417,10417,0
25.10354095s,1.244082628s,0s,10418,10418,0
25.274760893s,1.153684044s,0s,10420,10420,0
25.667779655s,1.33353075s,0s,10415,10415,0
25.955531095s,1.278271424s,0s,10411,10411,0
26.000096074s,1.390926008s,0s,10416,10416,0
23.405119809s,1.248678633s,0s,10421,10421,0
24.087304408s,1.297899253s,0s,10425,10425,0
24.402774979s,1.006090885s,0s,10424,10424,0
24.446393502s,1.301037806s,0s,10428,10428,0
24.483989535s,1.364403094s,0s,10430,10430,0
24.621680532s,1.154997674s,0s,10427,10427,0
24.971688964s,1.105396299s,0s,10422,10422,0
25.020341482s,1.119718478s,0s,10426,10426,0
25.711324706s,1.172161696s,0s,10429,10429,0
26.031065022s,1.242424538s,0s,10423,10423,0
23.694651205s,1.016277076s,0s,10435,10435,0
24.040613474s,1.111201536s,0s,10440,10440,0
24.324508337s,1.081951985s,0s,10432,10432,0
24.649376639s,1.332974374s,0s,10439,10439,0
24.911263191s,1.013023485s,0s,10434,10434,0
24.936864859s,1.060485158s,0s,10436,10436,0
25.500014235s,1.066735021s,0s,10437,10437,0
25.788821714s,1.006887997s,0s,10433,10433,0
25.94957921s,1.279737505s,0s,10438,10438,0
27.015102019s,1.231502587s,0s,10431,10431,0
23.631395613s,1.42123597s,0s,10450,10450,0
23.692049843s,1.073660207s,0s,10448,10448,0
23.782618585s,1.006174956s,0s,10444,10444,0
24.557637403s,1.140459995s,0s,10442,10442,0
25.281831927s,1.323335139s,0s,10443,10443,0
25.446573374s,1.068409911s,0s,10445,10445,0
25.835598556s,1.412955765s,0s,10446,10446,0
25.967319734s,1.174965035s,0s,10441,10441,0
26.625065885s,1.386614618s,0s,10449,10449,0
26.820713901s,1.145637693s,0s,10447,10447,0
22.986124534s,1.358370554s,0s,10460,10460,0
23.969602794s,1.223078711s,0s,10454,10454,0
24.468320405s,1.457944459s,0s,10453,10453,0
24.709110058s,1.149572376s,0s,10458,10458,0
25.004886139s,1.150690557s,0s,10457,10457,0
25.364707434s,1.05211343s,0s,10452,10452,0
25.663628442s,1.435709745s,0s,10459,10459,0
26.112693992s,1.123374594s,0s,10451,10451,0
26.554233629s,1.435714521s,0s,10456,10456,0
26.911230237s,1.167908453s,0s,10455,10455,0
23.004638207s,1.054791143s,0s,10464,10464,0
24.50191462s,1.129457732s,0s,10469,10469,0
24.717845508s,1.467630096s,0s,10467,10467,0
25.077714089s,1.285034129s,0s,10470,10470,0
25.110495685s,1.034506082s,0s,10468,10468,0
25.61860193s,1.105252297s,0s,10463,10463,0
25.682176818s,1.451412351s,0s,10462,10462,0
25.748759282s,1.084992674s,0s,10461,10461,0
25.802349581s,1.145709006s,0s,10465,10465,0
25.881955552s,1.482890285s,0s,10466,10466,0
24.897812099s,1.377741932s,0s,10478,10478,0
26.00297249s,1.053053824s,0s,10473,10473,0
26.168674094s,1.29026522s,0s,10479,10479,0
26.317454897s,1.411974502s,0s,10474,10474,0
26.352072623s,1.200045831s,0s,10480,10480,0
26.457792772s,1.0712497s,0s,10471,10471,0
26.521517446s,1.14873535s,0s,10472,10472,0
26.584807931s,1.365566884s,0s,10475,10475,0
27.035859144s,1.043875085s,0s,10476,10476,0
27.330772755s,1.130514068s,0s,10477,10477,0
24.023095035s,1.378936386s,0s,10481,10481,0
24.487491511s,1.267388283s,0s,10484,10484,0
24.50318242s,1.021094944s,0s,10488,10488,0
24.558764144s,1.252090343s,0s,10485,10485,0
24.741599791s,1.107769131s,0s,10489,10489,0
24.79429268s,1.029329698s,0s,10487,10487,0
24.811974301s,1.326638021s,0s,10490,10490,0
25.008682361s,1.042555138s,0s,10482,10482,0
25.838043291s,1.446306679s,0s,10486,10486,0
26.840594204s,1.396060286s,0s,10483,10483,0
22.934224369s,1.258950325s,0s,10493,10493,0
23.572038355s,1.275165017s,0s,10498,10498,0
24.203934537s,1.050437801s,0s,10496,10496,0
24.27868773s,1.257841721s,0s,10492,10492,0
25.078115013s,1.459906878s,0s,10494,10494,0
25.755511978s,1.393663957s,0s,10491,10491,0
25.814101391s,1.367445948s,0s,10495,10495,0
26.176886203s,1.012072198s,0s,10500,10500,0
26.439783113s,1.034263585s,0s,10499,10499,0
26.709631615s,1.494060342s,0s,10497,10497,0
24.118630678s,1.255032392s,0s,10507,10507,0
24.321330113s,1.182621626s,0s,10509,10509,0
25.064512574s,1.00675524s,0s,10508,10508,0
25.278012978s,1.231832734s,0s,10502,10502,0
25.287608781s,1.122082433s,0s,10510,10510,0
25.47919144s,1.420042649s,0s,10506,10506,0
25.613853427s,1.494352668s,0s,10501,10501,0
25.615276253s,1.415670097s,0s,10504,10504,0
25.719277969s,1.41141358s,0s,10505,10505,0
25.729733996s,1.141354232s,0s,10503,10503,0
24.288299872s,1.171977523s,0s,10518,10518,0
24.874479355s,1.379355386s,0s,10511,10511,0
24.950150862s,1.297956832s,0s,10519,10519,0
25.649880742s,1.415637045s,0s,10512,10512,0
25.830667018s,1.295739705s,0s,10514,10514,0
25.831093673s,1.137764749s,0s,10520,10520,0
26.067738995s,1.239263147s,0s,10513,10513,0
26.509499074s,1.026437978s,0s,10516,10516,0
26.701266154s,1.360193286s,0s,10515,10515,0
27.245310374s,1.268454542s,0s,10517,10517,0
23.305873935s,1.048372871s,0s,10523,10523,0
23.618461137s,1.272525229s,0s,10526,10526,0
23.877384261s,1.334783625s,0s,10521,10521,0
24.385546897s,1.216258251s,0s,10528,10528,0
25.155801718s,1.056656987s,0s,10529,10529,0
25.25644503s,1.181061919s,0s,10530,10530,0
25.283149789s,1.122901296s,0s,10522,10522,0
25.511985908s,1.384534253s,0s,10524,10524,0
26.443399981s,1.357258585s,0s,10527,10527,0
26.753265662s,1.34806782s,0s,10525,10525,0
23.454588313s,1.1575446s,0s,10539,10539,0
23.964632015s,1.035519138s,0s,10535,10535,0
24.400479872s,1.05773706s,0s,10537,10537,0
24.42711772s,1.190999125s,0s,10538,10538,0
25.237994105s,1.027236788s,0s,10533,10533,0
25.283649339s,1.353308816s,0s,10540,10540,0
25.611473738s,1.125064089s,0s,10531,10531,0
25.684122348s,1.449561302s,0s,10534,10534,0
25.914805596s,1.151274121s,0s,10536,10536,0
26.296565867s,1.183752778s,0s,10532,10532,0
23.029680208s,1.044154817s,0s,10550,10550,0
23.530745608s,1.097383198s,0s,10543,10543,0
23.535335628s,1.171311629s,0s,10548,10548,0
23.686096735s,1.402340724s,0s,10546,10546,0
24.00689271s,1.117864825s,0s,10544,10544,0
25.251272265s,1.108602273s,0s,10547,10547,0
25.320829695s,1.269891876s,0s,10542,10542,0
25.529601648s,1.246569152s,0s,10549,10549,0
26.528934836s,1.342044721s,0s,10545,10545,0
26.928655487s,1.157075175s,0s,10541,10541,0
23.729094651s,1.075309314s,0s,10553,10553,0
24.062755654s,1.141789746s,0s,10559,10559,0
24.178413177s,1.340525892s,0s,10551,10551,0
24.322108857s,1.491090703s,0s,10555,10555,0
25.014161966s,1.079525055s,0s,10558,10558,0
25.3690069s,1.270314523s,0s,10560,10560,0
25.463743235s,1.141795603s,0s,10554,10554,0
25.639454512s,1.254064833s,0s,10557,10557,0
26.288639879s,1.412835348s,0s,10556,10556,0
27.289052134s,1.038015963s,0s,10552,10552,0
22.894706463s,1.155347629s,0s,10563,10563,0
24.522893575s,1.076903175s,0s,10569,10569,0
24.529451111s,1.179720963s,0s,10561,10561,0
24.58699298s,1.425519072s,0s,10566,10566,0
24.735632776s,1.494740726s,0s,10567,10567,0
25.219773644s,1.155336516s,0s,10568,10568,0
25.278248102s,1.156448549s,0s,10562,10562,0
25.760083109s,1.390331802s,0s,10564,10564,0
26.603963055s,1.153098013s,0s,10570,10570,0
26.692502225s,1.268988125s,0s,10565,10565,0
23.163064206s,1.108933274s,0s,10576,10576,0
23.330771412s,1.20034602s,0s,10578,10578,0
23.457520092s,1.184089551s,0s,10575,10575,0
24.960238368s,1.05236457s,0s,10573,10573,0
24.98789073s,1.238548243s,0s,10574,10574,0
25.064673096s,1.44334661s,0s,10577,10577,0
25.111348189s,1.277858042s,0s,10571,10571,0
25.12302449s,1.077629649s,0s,10579,10579,0
25.974809125s,1.432100427s,0s,10580,10580,0
26.14559745s,1.047125403s,0s,10572,10572,0
23.396748915s,1.371664906s,0s,10589,10589,0
23.833617328s,1.126973516s,0s,10582,10582,0
24.123512038s,1.083792639s,0s,10585,10585,0
24.675635765s,1.193213422s,0s,10581,10581,0
25.249849961s,1.011091226s,0s,10584,10584,0
25.317539413s,1.052314206s,0s,10586,10586,0
25.766183054s,1.078563497s,0s,10588,10588,0
25.902936567s,1.45306274s,0s,10590,10590,0
26.020610623s,1.283433002s,0s,10583,10583,0
26.662837535s,1.384883222s,0s,10587,10587,0
23.740366737s,1.011122288s,0s,10599,10599,0
24.457530898s,1.183502177s,0s,10592,10592,0
24.496185836s,1.264073729s,0s,10593,10593,0
24.773159255s,1.087020492s,0s,10595,10595,0
24.835742992s,1.271297433s,0s,10591,10591,0
25.114531821s,1.313783738s,0s,10596,10596,0
25.480301461s,1.204715286s,0s,10598,10598,0
25.792249239s,1.307547904s,0s,10594,10594,0
26.196973525s,1.447090039s,0s,10600,10600,0
26.893759698s,1.105216817s,0s,10597,10597,0
23.658748814s,1.269529991s,0s,10608,10608,0
23.903528608s,1.289718954s,0s,10602,10602,0
24.299822568s,1.131237708s,0s,10607,10607,0
24.852986973s,1.160687525s,0s,10609,10609,0
24.985576065s,1.140495273s,0s,10606,10606,0
25.25237343s,1.269542968s,0s,10610,10610,0
25.489091127s,1.197055519s,0s,10601,10601,0
25.594792853s,1.446162775s,0s,10605,10605,0
25.650298043s,1.201262927s,0s,10604,10604,0
26.972730115s,1.34499786s,0s,10603,10603,0
23.464189286s,1.205033749s,0s,10611,10611,0
24.022414744s,1.211296612s,0s,10615,10615,0
24.161331642s,1.037140488s,0s,10617,10617,0
24.832421998s,1.347829661s,0s,10620,10620,0
24.865025195s,1.081359612s,0s,10618,10618,0
25.12874277s,1.42508242s,0s,10614,10614,0
25.188326753s,1.467359081s,0s,10612,10612,0
25.453138081s,1.0915574s,0s,10613,10613,0
26.013073232s,1.26758129s,0s,10616,10616,0
26.10060995s,1.152820256s,0s,10619,10619,0
23.053230037s,1.023166429s,0s,10621,10621,0
23.933986032s,1.12727134s,0s,10624,10624,0
24.027725382s,1.15253331s,0s,10629,10629,0
24.152485287s,1.221327229s,0s,10626,10626,0
24.61708611s,1.208822478s,0s,10625,10625,0
25.296340398s,1.213000671s,0s,10623,10623,0
25.371981793s,1.074400003s,0s,10628,10628,0
25.665556624s,1.21414805s,0s,10630,10630,0
26.153050948s,1.419962532s,0s,10627,10627,0
26.464839484s,1.300688754s,0s,10622,10622,0
23.441265764s,1.190268307s,0s,10633,10633,0
23.856162695s,1.390295591s,0s,10635,10635,0
23.969745888s,1.046278934s,0s,10636,10636,0
24.228582073s,1.258540226s,0s,10640,10640,0
24.781366565s,1.362058025s,0s,10638,10638,0
24.821004085s,1.188072317s,0s,10637,10637,0
25.350044883s,1.299820101s,0s,10639,10639,0
25.468724085s,1.16980842s,0s,10632,10632,0
26.215423072s,1.014119772s,0s,10631,10631,0
26.312140559s,1.074526567s,0s,10634,10634,0
23.943227231s,1.233943998s,0s,10646,10646,0
24.580952195s,1.439729502s,0s,10641,10641,0
24.650583364s,1.155179282s,0s,10647,10647,0
25.27654189s,1.446915956s,0s,10645,10645,0
25.592463434s,1.252171201s,0s,10643,10643,0
25.853289078s,1.182761108s,0s,10650,10650,0
25.871869633s,1.476090628s,0s,10642,10642,0
25.963476734s,1.175526215s,0s,10644,10644,0
26.029083213s,1.174406153s,0s,10649,10649,0
26.665259338s,1.286372836s,0s,10648,10648,0
23.894145101s,1.041514137s,0s,10655,10655,0
24.347156313s,1.169750924s,0s,10657,10657,0
24.428861759s,1.495500593s,0s,10658,10658,0
24.641564164s,1.191245955s,0s,10653,10653,0
25.182499621s,1.474225682s,0s,10652,10652,0
25.42026003s,1.453025078s,0s,10659,10659,0
26.078519434s,1.183046606s,0s,10660,10660,0
26.168155849s,1.03923162s,0s,10651,10651,0
26.345861512s,1.278707896s,0s,10656,10656,0
26.525679079s,1.257495206s,0s,10654,10654,0
24.195324398s,1.228652886s,0s,10669,10669,0
24.511193543s,1.421211667s,0s,10668,10668,0
24.727984323s,1.223405282s,0s,10665,10665,0
25.058017469s,1.46568395s,0s,10661,10661,0
25.377603702s,1.024944726s,0s,10670,10670,0
25.689627633s,1.282827056s,0s,10667,10667,0
25.736205254s,1.168184927s,0s,10666,10666,0
25.759882533s,1.379021948s,0s,10663,10663,0
26.550207481s,1.486925561s,0s,10664,10664,0
26.575891659s,1.445485024s,0s,10662,10662,0
23.627775859s,1.450867151s,0s,10672,10672,0
24.234845421s,1.20965601s,0s,10680,10680,0
24.260431364s,1.474052833s,0s,10671,10671,0
24.426103686s,1.077313818s,0s,10675,10675,0
24.998151275s,1.284027467s,0s,10677,10677,0
25.02571385s,1.011071411s,0s,10676,10676,0
26.449568997s,1.277858802s,0s,10679,10679,0
26.621280564s,1.426637564s,0s,10678,10678,0
26.720802208s,1.480318425s,0s,10673,10673,0
26.995452106s,1.339344593s,0s,10674,10674,0
23.223119899s,1.327543259s,0s,10690,10690,0
24.065166838s,1.296002736s,0s,10689,10689,0
24.624154174s,1.206512135s,0s,10684,10684,0
24.721858062s,1.24073437s,0s,10681,10681,0
25.004742843s,1.35202284s,0s,10687,10687,0
25.165428474s,1.074181813s,0s,10686,10686,0
25.251030808s,1.320277265s,0s,10683,10683,0
25.510777575s,1.339773684s,0s,10682,10682,0
25.564406829s,1.443507524s,0s,10685,10685,0
26.565991939s,1.437269989s,0s,10688,10688,0
23.285547382s,1.040512232s,0s,10699,10699,0
24.257963649s,1.214892723s,0s,10694,10694,0
24.978261256s,1.012138668s,0s,10691,10691,0
25.076981354s,1.462039852s,0s,10693,10693,0
25.109198984s,1.262140699s,0s,10695,10695,0
25.817337133s,1.342840927s,0s,10700,10700,0
25.911068385s,1.017339043s,0s,10692,10692,0
26.22283123s,1.307533465s,0s,10698,10698,0
26.326489848s,1.30637222s,0s,10697,10697,0
27.323172692s,1.480348131s,0s,10696,10696,0
24.080450778s,1.286856148s,0s,10701,10701,0
24.164139237s,1.34033477s,0s,10707,10707,0
25.029554003s,1.425738908s,0s,10703,10703,0
25.137236212s,1.308073534s,0s,10704,10704,0
25.272921298s,1.408521545s,0s,10709,10709,0
25.444682183s,1.220577159s,0s,10705,10705,0
25.672408616s,1.183106135s,0s,10708,10708,0
25.987178723s,1.027586824s,0s,10706,10706,0
26.932742674s,1.092841533s,0s,10702,10702,0
27.127436602s,1.197360141s,0s,10710,10710,0
23.647526815s,1.232748328s,0s,10713,10713,0
23.894207859s,1.295993852s,0s,10712,10712,0
24.4923734s,1.089332771s,0s,10718,10718,0
24.888387547s,1.050585895s,0s,10719,10719,0
25.042336494s,1.013188617s,0s,10720,10720,0
26.162567852s,1.483794964s,0s,10716,10716,0
26.364354774s,1.086129499s,0s,10715,10715,0
26.471002823s,1.378308148s,0s,10714,10714,0
26.634804721s,1.043386743s,0s,10717,10717,0
27.412925568s,1.448548137s,0s,10711,10711,0
24.416663074s,1.071364892s,0s,10726,10726,0
24.707558744s,1.155796836s,0s,10729,10729,0
25.29162901s,1.039118064s,0s,10723,10723,0
25.294261475s,1.236274638s,0s,10727,10727,0
25.312930948s,1.32083011s,0s,10724,10724,0
25.425622064s,1.220038089s,0s,10730,10730,0
26.419056348s,1.275632483s,0s,10721,10721,0
26.595781282s,1.096586809s,0s,10725,10725,0
26.745295709s,1.450286245s,0s,10722,10722,0
26.961205723s,1.393084422s,0s,10728,10728,0
23.347726449s,1.353476617s,0s,10732,10732,0
23.452422463s,1.392720701s,0s,10740,10740,0
23.875300501s,1.282119131s,0s,10731,10731,0
24.216324298s,1.392710281s,0s,10739,10739,0
24.362034169s,1.167446849s,0s,10735,10735,0
24.868678452s,1.036128396s,0s,10737,10737,0
25.318336048s,1.314267837s,0s,10733,10733,0
25.40583706s,1.255976077s,0s,10738,10738,0
26.539154989s,1.292357422s,0s,10734,10734,0
26.812047584s,1.180691744s,0s,10736,10736,0
23.414358374s,1.12084085s,0s,10743,10743,0
24.529433582s,1.031362684s,0s,10749,10749,0
24.913342338s,1.443956763s,0s,10746,10746,0
25.054128759s,1.49934087s,0s,10747,10747,0
25.259955946s,1.368437788s,0s,10745,10745,0
25.282667443s,1.27107779s,0s,10750,10750,0
25.450389982s,1.431668863s,0s,10741,10741,0
25.765564256s,1.023142243s,0s,10748,10748,0
25.866213378s,1.482095954s,0s,10742,10742,0
25.999926924s,1.097584956s,0s,10744,10744,0
23.206244112s,1.200991769s,0s,10757,10757,0
23.77961043s,1.478823654s,0s,10759,10759,0
24.300683674s,1.089188288s,0s,10754,10754,0
24.543479632s,1.187718585s,0s,10756,10756,0
24.746346076s,1.492046981s,0s,10755,10755,0
24.795985086s,1.268130677s,0s,10752,10752,0
25.509194809s,1.348404242s,0s,10751,10751,0
25.791245393s,1.409590429s,0s,10760,10760,0
26.681161582s,1.112450111s,0s,10753,10753,0
26.697740263s,1.187712811s,0s,10758,10758,0
23.596375319s,1.298777817s,0s,10763,10763,0
24.471796188s,1.23782067s,0s,10762,10762,0
24.60857826s,1.251039961s,0s,10761,10761,0
24.784217001s,1.21155286s,0s,10764,10764,0
24.836794885s,1.17514685s,0s,10766,10766,0
25.532947695s,1.295523524s,0s,10768,10768,0
26.058050463s,1.194339672s,0s,10770,10770,0
26.08260529s,1.353034059s,0s,10765,10765,0
26.149318265s,1.4893332s,0s,10769,10769,0
27.206252485s,1.258251343s,0s,10767,10767,0
23.852896286s,1.22625863s,0s,10776,10776,0
24.15258635s,1.063119485s,0s,10772,10772,0
24.965393299s,1.369962655s,0s,10780,10780,0
25.220146573s,1.13458291s,0s,10778,10778,0
25.479969832s,1.167075956s,0s,10771,10771,0
25.615671762s,1.460137839s,0s,10774,10774,0
26.131659748s,1.140895722s,0s,10775,10775,0
26.279673387s,1.06939299s,0s,10777,10777,0
26.710727254s,1.339704902s,0s,10773,10773,0
26.97354724s,1.139801617s,0s,10779,10779,0
23.10626742s,1.172845825s,0s,10787,10787,0
24.156826166s,1.025096172s,0s,10781,10781,0
24.447552784s,1.336367028s,0s,10782,10782,0
25.12263154s,1.083363232s,0s,10789,10789,0
25.470524479s,1.414003156s,0s,10785,10785,0
25.822450318s,1.401602309s,0s,10784,10784,0
25.856940876s,1.468273827s,0s,10786,10786,0
25.875462516s,1.404836124s,0s,10783,10783,0
25.935971493s,1.22605071s,0s,10788,10788,0
27.293285477s,1.14159855s,0s,10790,10790,0
23.543759864s,1.455723603s,0s,10794,10794,0
23.564391961s,1.453537172s,0s,10800,10800,0
24.237746535s,1.167448209s,0s,10795,10795,0
24.680772989s,1.199661499s,0s,10792,10792,0
25.172724097s,1.405051353s,0s,10796,10796,0
25.497069434s,1.482062427s,0s,10793,10793,0
25.577759159s,1.015146721s,0s,10791,10791,0
25.87366932s,1.473888951s,0s,10798,10798,0
26.098425749s,1.206867275s,0s,10799,10799,0
26.256144707s,1.41934413s,0s,10797,10797,0
24.343452293s,1.066460251s,0s,10804,10804,0
24.663370828s,1.09166264s,0s,10806,10806,0
24.699081038s,1.19166177s,0s,10808,10808,0
24.88384679s,1.128006884s,0s,10810,10810,0
25.271773603s,1.133460804s,0s,10809,10809,0
25.418500389s,1.028159843s,0s,10801,10801,0
26.395902355s,1.48855066s,0s,10802,10802,0
26.503508676s,1.377085515s,0s,10805,10805,0
26.588193412s,1.485324435s,0s,10807,10807,0
27.162295165s,1.324958265s,0s,10803,10803,0
23.006915324s,1.065097237s,0s,10816,10816,0
24.12115783s,1.172079361s,0s,10817,10817,0
24.480051455s,1.028646523s,0s,10820,10820,0
24.631772353s,1.379891079s,0s,10813,10813,0
24.88259598s,1.077398133s,0s,10815,10815,0
24.942134213s,1.091599539s,0s,10818,10818,0
25.872549894s,1.260563338s,0s,10819,10819,0
26.204410754s,1.043970616s,0s,10811,10811,0
26.693410737s,1.103854618s,0s,10814,10814,0
27.140794409s,1.201364481s,0s,10812,10812,0
24.705573892s,1.08284605s,0s,10824,10824,0
24.708143618s,1.393068495s,0s,10822,10822,0
24.917712187s,1.422682226s,0s,10825,10825,0
25.067501388s,1.04331796s,0s,10828,10828,0
25.140168705s,1.018104446s,0s,10826,10826,0
25.485084598s,1.365808613s,0s,10821,10821,0
25.605719523s,1.401416701s,0s,10827,10827,0
25.774441504s,1.100085459s,0s,10829,10829,0
25.785968361s,1.142426631s,0s,10823,10823,0
26.745980869s,1.07359041s,0s,10830,10830,0
23.689500415s,1.164924911s,0s,10836,10836,0
23.720195766s,1.062325736s,0s,10838,10838,0
24.059073661s,1.486350112s,0s,10833,10833,0
24.12882039s,1.06014662s,0s,10831,10831,0
24.429400173s,1.317835838s,0s,10834,10834,0
24.920406155s,1.12157987s,0s,10835,10835,0
25.448317123s,1.315596232s,0s,10839,10839,0
25.922245559s,1.447115841s,0s,10840,10840,0
26.174080425s,1.240273953s,0s,10837,10837,0
27.332428952s,1.19503935s,0s,10832,10832,0
23.952109021s,1.086068721s,0s,10847,10847,0
24.157944702s,1.161886977s,0s,10844,10844,0
24.678073813s,1.161912839s,0s,10842,10842,0
24.702647362s,1.067860938s,0s,10843,10843,0
25.103459836s,1.219060711s,0s,10849,10849,0
25.506510101s,1.123340623s,0s,10841,10841,0
25.558063398s,1.239382048s,0s,10848,10848,0
25.693783151s,1.292960182s,0s,10850,10850,0
26.489857856s,1.150609262s,0s,10846,10846,0
26.698585906s,1.284673757s,0s,10845,10845,0
23.650050039s,1.272526633s,0s,10852,10852,0
24.459862865s,1.108806289s,0s,10851,10851,0
24.718641733s,1.24030797s,0s,10859,10859,0
24.963460828s,1.043519006s,0s,10860,10860,0
25.123318802s,1.038325288s,0s,10855,10855,0
25.321984664s,1.108799152s,0s,10857,10857,0
25.344607537s,1.428056869s,0s,10854,10854,0
25.580444615s,1.301867561s,0s,10853,10853,0
25.831112937s,1.127008192s,0s,10856,10856,0
26.300982892s,1.03011421s,0s,10858,10858,0
23.016236629s,1.072136268s,0s,10869,10869,0
23.092867087s,1.160461699s,0s,10865,10865,0
24.535262902s,1.419220051s,0s,10864,10864,0
24.582937863s,1.210667846s,0s,10863,10863,0
24.913896497s,1.256352755s,0s,10870,10870,0
25.053683188s,1.220887317s,0s,10861,10861,0
25.41450866s,1.295602049s,0s,10866,10866,0
25.581177001s,1.296695734s,0s,10868,10868,0
25.938035949s,1.405996735s,0s,10867,10867,0
26.080774778s,1.245134066s,0s,10862,10862,0
24.022879258s,1.263454091s,0s,10880,10880,0
24.540732591s,1.432407978s,0s,10876,10876,0
24.774580643s,1.304990314s,0s,10875,10875,0
25.174418093s,1.328099492s,0s,10879,10879,0
25.234104257s,1.034719036s,0s,10878,10878,0
25.281750362s,1.451855972s,0s,10874,10874,0
25.714569213s,1.172162871s,0s,10873,10873,0
26.043536745s,1.293659743s,0s,10872,10872,0
26.106247657s,1.447630086s,0s,10871,10871,0
27.127599363s,1.060974491s,0s,10877,10877,0
23.276231674s,1.019155633s,0s,10890,10890,0
24.179422886s,1.452267651s,0s,10884,10884,0
24.435286674s,1.420791777s,0s,10887,10887,0
24.683108651s,1.358278554s,0s,10881,10881,0
24.761877626s,1.184697132s,0s,10888,10888,0
24.896562355s,1.152408513s,0s,10882,10882,0
25.838960982s,1.369460871s,0s,10883,10883,0
26.287943297s,1.431024921s,0s,10886,10886,0
26.417615304s,1.303999374s,0s,10885,10885,0
26.818572406s,1.492468684s,0s,10889,10889,0
24.386737014s,1.410181292s,0s,10900,10900,0
24.734568044s,1.230049995s,0s,10899,10899,0
24.742209449s,1.439415462s,0s,10897,10897,0
25.182223673s,1.409048489s,0s,10892,10892,0
25.253869779s,1.367782696s,0s,10896,10896,0
25.32847555s,1.044121637s,0s,10894,10894,0
25.663511823s,1.330569107s,0s,10898,10898,0
25.761251613s,1.186743419s,0s,10893,10893,0
25.886224895s,1.244309284s,0s,10891,10891,0
26.344128943s,1.175506115s,0s,10895,10895,0
23.865869182s,1.274440167s,0s,10909,10909,0
23.867421698s,1.425174967s,0s,10906,10906,0
23.918938796s,1.328703649s,0s,10910,10910,0
25.286366192s,1.191970051s,0s,10901,10901,0
25.568223403s,1.203116254s,0s,10904,10904,0
25.628708861s,1.174682797s,0s,10908,10908,0
25.846518787s,1.010134691s,0s,10902,10902,0
25.882155837s,1.458508116s,0s,10905,10905,0
25.994861033s,1.407959963s,0s,10907,10907,0
27.330342671s,1.128480586s,0s,10903,10903,0
23.410097659s,1.331910461s,0s,10911,10911,0
23.913151057s,1.318489965s,0s,10916,10916,0
24.697710032s,1.492169749s,0s,10912,10912,0
24.763343607s,1.14133266s,0s,10919,10919,0
24.927024594s,1.130163679s,0s,10918,10918,0
25.159905057s,1.224222643s,0s,10920,10920,0
25.252541928s,1.204789802s,0s,10915,10915,0
25.29216377s,1.319692181s,0s,10914,10914,0
25.343756958s,1.218011734s,0s,10913,10913,0
26.487007667s,1.17352616s,0s,10917,10917,0
23.078053809s,1.256649546s,0s,10930,10930,0
24.103264857s,1.002704114s,0s,10924,10924,0
24.179949746s,1.019097827s,0s,10921,10921,0
24.825668563s,1.479777508s,0s,10923,10923,0
25.270717403s,1.442538653s,0s,10928,10928,0
25.493513465s,1.438350541s,0s,10925,10925,0
25.594165665s,1.318871405s,0s,10927,10927,0
26.029090974s,1.071297797s,0s,10926,10926,0
26.32793665s,1.321033198s,0s,10929,10929,0
26.61260718s,1.006979228s,0s,10922,10922,0
23.445294858s,1.269833029s,0s,10937,10937,0
23.936428314s,1.148084774s,0s,10940,10940,0
24.224313534s,1.352085022s,0s,10936,10936,0
25.914876348s,1.369298821s,0s,10932,10932,0
25.924540832s,1.209308228s,0s,10931,10931,0
25.974200524s,1.482022897s,0s,10938,10938,0
26.007844264s,1.039109959s,0s,10933,10933,0
26.013450582s,1.47784819s,0s,10934,10934,0
26.016230553s,1.232576246s,0s,10935,10935,0
26.338857722s,1.475649349s,0s,10939,10939,0
23.215951092s,1.131406194s,0s,10942,10942,0
24.391511335s,1.40149813s,0s,10947,10947,0
24.436123705s,1.162878544s,0s,10948,10948,0
24.437630751s,1.423096369s,0s,10941,10941,0
24.609148555s,1.145625671s,0s,10949,10949,0
24.844691833s,1.189065135s,0s,10944,10944,0
25.012963344s,1.451292499s,0s,10945,10945,0
25.166605682s,1.08314098s,0s,10946,10946,0
25.467481636s,1.494582696s,0s,10943,10943,0
27.00746807s,1.162891963s,0s,10950,10950,0
23.199761481s,1.343854183s,0s,10954,10954,0
24.350479559s,1.437032012s,0s,10957,10957,0
24.731395996s,1.074151281s,0s,10960,10960,0
24.797005103s,1.215828018s,0s,10955,10955,0
24.892656602s,1.095342182s,0s,10953,10953,0
24.994210686s,1.287313917s,0s,10956,10956,0
25.553254057s,1.228025021s,0s,10958,10958,0
25.6640864s,1.483224256s,0s,10951,10951,0
26.966593446s,1.308598325s,0s,10952,10952,0
27.06319942s,1.20458162s,0s,10959,10959,0
23.683022088s,1.265057993s,0s,10968,10968,0
24.565254957s,1.044664382s,0s,10965,10965,0
24.896310637s,1.181513867s,0s,10966,10966,0
25.121047375s,1.101027248s,0s,10962,10962,0
25.698126233s,1.130325136s,0s,10961,10961,0
25.812394551s,1.048897386s,0s,10967,10967,0
26.041142176s,1.195839243s,0s,10969,10969,0
26.111774497s,1.352337515s,0s,10964,10964,0
26.483595787s,1.450783498s,0s,10963,10963,0
26.83856462s,1.384544062s,0s,10970,10970,0
23.823380809s,1.059485488s,0s,10978,10978,0
24.307035807s,1.233635986s,0s,10974,10974,0
24.848268344s,1.226389271s,0s,10976,10976,0
24.880857823s,1.191971569s,0s,10977,10977,0
24.984485712s,1.217187186s,0s,10972,10972,0
25.285412284s,1.432384982s,0s,10971,10971,0
25.576237404s,1.031269663s,0s,10980,10980,0
25.736827347s,1.024107158s,0s,10975,10975,0
26.742273747s,1.426011965s,0s,10973,10973,0
27.141198969s,1.081690628s,0s,10979,10979,0
23.850621659s,1.165404867s,0s,10990,10990,0
24.04255388s,1.144087878s,0s,10987,10987,0
24.354377078s,1.272052042s,0s,10983,10983,0
24.527146054s,1.122439335s,0s,10984,10984,0
25.007146831s,1.211894773s,0s,10985,10985,0
25.055766986s,1.203650074s,0s,10988,10988,0
25.186490596s,1.12763538s,0s,10986,10986,0
25.793674305s,1.144089447s,0s,10982,10982,0
26.170627699s,1.134854516s,0s,10989,10989,0
26.522582775s,1.089167874s,0s,10981,10981,0
24.145831171s,1.196071149s,0s,10991,10991,0
24.684977453s,1.144780901s,0s,10999,10999,0
24.706523495s,1.361421574s,0s,10996,10996,0
24.804213404s,1.4624948s,0s,10993,10993,0
24.819773684s,1.037282141s,0s,10995,10995,0
25.599146555s,1.381644106s,0s,10998,10998,0
25.607766774s,1.414965553s,0s,11000,11000,0
26.281419263s,1.042511448s,0s,10992,10992,0
26.375975911s,1.489709939s,0s,10994,10994,0
27.101166565s,1.433234558s,0s,10997,10997,0
23.215708773s,1.298951167s,0s,11005,11005,0
24.391238049s,1.392144913s,0s,11003,11003,0
25.246393718s,1.290729535s,0s,11001,11001,0
25.287895422s,1.176928281s,0s,11010,11010,0
25.338593611s,1.254462753s,0s,11008,11008,0
25.923704745s,1.007066367s,0s,11007,11007,0
26.098463446s,1.243252777s,0s,11006,11006,0
26.142046241s,1.020360733s,0s,11002,11002,0
26.514840586s,1.172668184s,0s,11009,11009,0
27.270866141s,1.22102505s,0s,11004,11004,0
24.390107275s,1.026745578s,0s,11013,11013,0
24.564779325s,1.117644358s,0s,11012,11012,0
24.680441928s,1.084448988s,0s,11011,11011,0
24.987169894s,1.187080207s,0s,11019,11019,0
25.016777144s,1.241632s,0s,11017,11017,0
25.272625572s,1.383091914s,0s,11016,11016,0
25.295250393s,1.166900102s,0s,11018,11018,0
25.420797978s,1.069979732s,0s,11015,11015,0
25.610423313s,1.2133895s,0s,11020,11020,0
26.542979825s,1.272901856s,0s,11014,11014,0
23.951214272s,1.184837644s,0s,11029,11029,0
24.589934101s,1.472329099s,0s,11028,11028,0
24.615523522s,1.24825665s,0s,11022,11022,0
24.922369909s,1.099326011s,0s,11026,11026,0
25.08112067s,1.159571219s,0s,11023,11023,0
25.465019039s,1.009863872s,0s,11024,11024,0
25.50769891s,1.415052289s,0s,11027,11027,0
25.772507798s,1.377659908s,0s,11021,11021,0
25.98923938s,1.209036261s,0s,11030,11030,0
26.155909315s,1.409847508s,0s,11025,11025,0
23.526541207s,1.287746476s,0s,11038,11038,0
23.931536127s,1.10102115s,0s,11032,11032,0
23.99112674s,1.405735577s,0s,11036,11036,0
24.035768853s,1.244535733s,0s,11039,11039,0
24.046370907s,1.207253782s,0s,11035,11035,0
24.503337431s,1.441299909s,0s,11034,11034,0
25.751551457s,1.296027815s,0s,11031,11031,0
26.043393899s,1.429963393s,0s,11033,11033,0
26.04590121s,1.361311413s,0s,11040,11040,0
26.564882428s,1.043833208s,0s,11037,11037,0
23.397217902s,1.378663327s,0s,11041,11041,0
24.107496216s,1.033140418s,0s,11046,11046,0
24.192240302s,1.256723707s,0s,11042,11042,0
24.96162514s,1.273004147s,0s,11044,11044,0
25.543186764s,1.144439924s,0s,11049,11049,0
25.702981975s,1.424109085s,0s,11050,11050,0
25.907780657s,1.386929808s,0s,11048,11048,0
26.192563077s,1.31343929s,0s,11043,11043,0
26.56503295s,1.48735379s,0s,11047,11047,0
26.686202488s,1.296195344s,0s,11045,11045,0
24.282982783s,1.008102067s,0s,11060,11060,0
24.40265772s,1.419296264s,0s,11051,11051,0
24.541357655s,1.402055239s,0s,11059,11059,0
24.843196852s,1.15985032s,0s,11056,11056,0
25.236702627s,1.046324577s,0s,11057,11057,0
25.308370563s,1.203015444s,0s,11054,11054,0
25.950434127s,1.296425411s,0s,11052,11052,0
26.034144063s,1.137534854s,0s,11053,11053,0
26.149955832s,1.223228555s,0s,11058,11058,0
26.38275566s,1.397833278s,0s,11055,11055,0
24.333939146s,1.005327249s,0s,11068,11068,0
24.655608653s,1.00113848s,0s,11064,11064,0
24.741302589s,1.019608452s,0s,11067,11067,0
25.471487447s,1.450582091s,0s,11063,11063,0
25.48211958s,1.163025118s,0s,11070,11070,0
25.737058243s,1.393100339s,0s,11066,11066,0
25.994895506s,1.171707075s,0s,11061,11061,0
26.253567351s,1.110841878s,0s,11062,11062,0
26.552370302s,1.445372326s,0s,11065,11065,0
27.130478084s,1.170525582s,0s,11069,11069,0
23.475511751s,1.185024263s,0s,11076,11076,0
23.931414415s,1.055145635s,0s,11071,11071,0
24.131161833s,1.27642078s,0s,11075,11075,0
25.388895548s,1.101336232s,0s,11077,11077,0
25.491623757s,1.162739796s,0s,11073,11073,0
25.512240706s,1.216197812s,0s,11072,11072,0
25.573878394s,1.395685037s,0s,11074,11074,0
26.391218016s,1.401895711s,0s,11079,11079,0
26.562649724s,1.139537898s,0s,11080,11080,0
26.86849441s,1.432074993s,0s,11078,11078,0
23.54605203s,1.303312387s,0s,11085,11085,0
24.274666746s,1.299049989s,0s,11089,11089,0
24.284307282s,1.122616245s,0s,11090,11090,0
24.365936433s,1.372852704s,0s,11084,11084,0
24.487656057s,1.119421787s,0s,11082,11082,0
24.651034269s,1.358545702s,0s,11086,11086,0
24.714711123s,1.372846149s,0s,11087,11087,0
25.667579538s,1.457156979s,0s,11088,11088,0
25.831233536s,1.246932796s,0s,11081,11081,0
26.99339342s,1.103151437s,0s,11083,11083,0
23.292476128s,1.085844499s,0s,11091,11091,0
24.96604736s,1.011091442s,0s,11097,11097,0
25.039688799s,1.104049894s,0s,11092,11092,0
25.224582432s,1.265441332s,0s,11093,11093,0
25.272181288s,1.062348882s,0s,11096,11096,0
25.624130235s,1.416071286s,0s,11094,11094,0
25.664697453s,1.449325685s,0s,11095,11095,0
25.769367048s,1.308609797s,0s,11098,11098,0
26.279508709s,1.070577976s,0s,11099,11099,0
26.976723766s,1.411916876s,0s,11100,11100,0
24.393662705s,1.029144271s,0s,11102,11102,0
24.411340428s,1.280023586s,0s,11101,11101,0
24.496887134s,1.045398836s,0s,11110,11110,0
24.599629557s,1.249621772s,0s,11108,11108,0
24.603500696s,1.264895125s,0s,11109,11109,0
24.736883366s,1.166384216s,0s,11104,11104,0
24.967421s,1.308290004s,0s,11105,11105,0
25.530549423s,1.144078743s,0s,11107,11107,0
26.12210608s,1.113846879s,0s,11103,11103,0
26.27570614s,1.080577418s,0s,11106,11106,0
23.790196212s,1.063132035s,0s,11116,11116,0
24.629908405s,1.139443702s,0s,11120,11120,0
24.787657176s,1.352349849s,0s,11117,11117,0
25.080482836s,1.163622957s,0s,11114,11114,0
25.388106323s,1.480199782s,0s,11111,11111,0
25.888995712s,1.420948478s,0s,11119,11119,0
26.300949453s,1.336064205s,0s,11112,11112,0
26.45263886s,1.368529769s,0s,11115,11115,0
26.524309007s,1.27694098s,0s,11113,11113,0
26.64136851s,1.373758013s,0s,11118,11118,0
23.881650115s,1.015063654s,0s,11123,11123,0
24.461777362s,1.038290621s,0s,11121,11121,0
25.321064226s,1.271223037s,0s,11124,11124,0
25.863210407s,1.197977639s,0s,11128,11128,0
25.91271963s,1.449016741s,0s,11122,11122,0
25.991424822s,1.30954885s,0s,11127,11127,0
26.084004144s,1.445922712s,0s,11125,11125,0
26.104574807s,1.072528778s,0s,11129,11129,0
26.331310523s,1.483218272s,0s,11130,11130,0
26.694391507s,1.0997016s,0s,11126,11126,0
23.478336925s,1.488646185s,0s,11140,11140,0
24.558864002s,1.485417817s,0s,11131,11131,0
24.66751582s,1.409951117s,0s,11133,11133,0
25.138667043s,1.109076745s,0s,11132,11132,0
25.484344636s,1.161235221s,0s,11135,11135,0
25.663984124s,1.209416578s,0s,11136,11136,0
26.015885908s,1.47622515s,0s,11134,11134,0
26.26930544s,1.069328773s,0s,11138,11138,0
26.330937359s,1.01707477s,0s,11139,11139,0
26.371574253s,1.232635931s,0s,11137,11137,0
23.76729298s,1.334110057s,0s,11148,11148,0
24.033191569s,1.258050291s,0s,11146,11146,0
24.534422625s,1.179438214s,0s,11145,11145,0
24.584200175s,1.136996354s,0s,11141,11141,0
24.781571165s,1.156220653s,0s,11150,11150,0
25.041076278s,1.25692133s,0s,11144,11144,0
25.074771121s,1.191612231s,0s,11149,11149,0
25.087354033s,1.308847033s,0s,11142,11142,0
25.162034559s,1.287558743s,0s,11147,11147,0
25.24768271s,1.273336666s,0s,11143,11143,0
23.132619262s,1.282633788s,0s,11155,11155,0
24.19514484s,1.104043255s,0s,11158,11158,0
24.451869665s,1.365901995s,0s,11152,11152,0
25.263045337s,1.229433966s,0s,11156,11156,0
25.265636403s,1.127542583s,0s,11160,11160,0
25.297237725s,1.415353611s,0s,11153,11153,0
25.399870866s,1.410126718s,0s,11151,11151,0
25.456527753s,1.151783556s,0s,11159,11159,0
26.537240551s,1.221112787s,0s,11154,11154,0
26.869856638s,1.121266497s,0s,11157,11157,0
23.439827587s,1.146798625s,0s,11161,11161,0
24.862673206s,1.022095499s,0s,11170,11170,0
24.893277101s,1.085324777s,0s,11164,11164,0
24.962892188s,1.256551355s,0s,11162,11162,0
25.317825719s,1.249305291s,0s,11163,11163,0
25.382503323s,1.259752742s,0s,11169,11169,0
25.460107885s,1.23708654s,0s,11166,11166,0
25.864918111s,1.48113812s,0s,11168,11168,0
25.888488892s,1.31096813s,0s,11167,11167,0
26.650694154s,1.121540894s,0s,11165,11165,0
23.603310427s,1.455064255s,0s,11180,11180,0
23.871042695s,1.274552711s,0s,11172,11172,0
24.180538083s,1.367867573s,0s,11179,11179,0
24.199127372s,1.420545992s,0s,11171,11171,0
24.380919396s,1.420554605s,0s,11174,11174,0
24.531548276s,1.417327726s,0s,11178,11178,0
24.63625801s,1.373066341s,0s,11175,11175,0
24.873010975s,1.110059381s,0s,11177,11177,0
24.877582155s,1.200310436s,0s,11176,11176,0
25.156624785s,1.440817669s,0s,11173,11173,0
23.933909753s,1.02396604s,0s,11190,11190,0
24.089643172s,1.090248606s,0s,11182,11182,0
24.148309897s,1.015762631s,0s,11188,11188,0
24.23699323s,1.297067097s,0s,11186,11186,0
24.470839565s,1.487890772s,0s,11183,11183,0
24.633740814s,1.386564674s,0s,11184,11184,0
25.103740703s,1.185492073s,0s,11185,11185,0
25.236470186s,1.011477774s,0s,11187,11187,0
25.266195541s,1.291863975s,0s,11181,11181,0
26.391518761s,1.371378821s,0s,11189,11189,0
24.032124997s,1.310299203s,0s,11194,11194,0
25.137672634s,1.254636591s,0s,11200,11200,0
25.425531261s,1.049109177s,0s,11192,11192,0
25.511179658s,1.445055071s,0s,11198,11198,0
26.125006881s,1.457339914s,0s,11191,11191,0
26.19860914s,1.271846089s,0s,11196,11196,0
26.253205086s,1.343537891s,0s,11197,11197,0
26.296785435s,1.107305766s,0s,11199,11199,0
26.629558906s,1.420849447s,0s,11193,11193,0
26.924103769s,1.276030902s,0s,11195,11195,0
23.680278368s,1.030889018s,0s,11204,11204,0
23.999139556s,1.436571638s,0s,11209,11209,0
24.034965091s,1.025623472s,0s,11202,11202,0
24.4619648s,1.226771161s,0s,11210,11210,0
24.525602781s,1.348055192s,0s,11201,11201,0
24.689207915s,1.219535509s,0s,11206,11206,0
24.945922722s,1.442812089s,0s,11207,11207,0
25.081635355s,1.11229861s,0s,11205,11205,0
26.529503173s,1.03199546s,0s,11203,11203,0
26.825384228s,1.431364031s,0s,11208,11208,0
23.860536709s,1.155391321s,0s,11213,11213,0
24.056159425s,1.380663292s,0s,11215,11215,0
24.172776608s,1.306222477s,0s,11219,11219,0
24.251449499s,1.178651555s,0s,11218,11218,0
25.088993536s,1.466180561s,0s,11211,11211,0
25.901483962s,1.465077177s,0s,11217,11217,0
25.999152166s,1.461922168s,0s,11216,11216,0
26.094703014s,1.260938213s,0s,11214,11214,0
26.170383992s,1.064117701s,0s,11220,11220,0
26.331827393s,1.322457028s,0s,11212,11212,0
23.134935521s,1.161085612s,0s,11224,11224,0
24.177738447s,1.217915794s,0s,11223,11223,0
24.573149295s,1.034664238s,0s,11228,11228,0
24.830978582s,1.343621048s,0s,11225,11225,0
24.841586603s,1.112893001s,0s,11226,11226,0
25.112348676s,1.184507654s,0s,11230,11230,0
25.114882689s,1.267108632s,0s,11222,11222,0
25.535755054s,1.210676184s,0s,11229,11229,0
26.864611729s,1.318354763s,0s,11227,11227,0
27.475670838s,1.175271807s,0s,11221,11221,0
23.187984178s,1.187733202s,0s,11232,11232,0
23.60300767s,1.193888776s,0s,11236,11236,0
23.915916733s,1.204043382s,0s,11231,11231,0
23.95344212s,1.05511751s,0s,11237,11237,0
25.342230916s,1.297574811s,0s,11233,11233,0
25.460999317s,1.069331467s,0s,11240,11240,0
25.770682823s,1.26741473s,0s,11234,11234,0
26.068327024s,1.454883182s,0s,11238,11238,0
26.497395531s,1.139490647s,0s,11235,11235,0
26.580001422s,1.26019949s,0s,11239,11239,0
23.799010178s,1.346257685s,0s,11245,11245,0
24.521251374s,1.332986353s,0s,11241,11241,0
24.803866654s,1.174415013s,0s,11244,11244,0
24.831484214s,1.315303135s,0s,11250,11250,0
24.896125616s,1.194838516s,0s,11243,11243,0
24.951796136s,1.326800137s,0s,11246,11246,0
25.269674244s,1.297052376s,0s,11247,11247,0
25.323308781s,1.036136177s,0s,11242,11242,0
25.605002527s,1.322515139s,0s,11248,11248,0
25.710650063s,1.192623314s,0s,11249,11249,0
24.985796202s,1.098173919s,0s,11256,11256,0
25.029826967s,1.43733765s,0s,11254,11254,0
25.169585086s,1.276608958s,0s,11253,11253,0
25.560352026s,1.359075714s,0s,11258,11258,0
25.697930219s,1.177761162s,0s,11251,11251,0
25.832585875s,1.489716685s,0s,11260,11260,0
25.995266149s,1.291824517s,0s,11259,11259,0
26.286206017s,1.262292137s,0s,11255,11255,0
26.63203888s,1.106469268s,0s,11252,11252,0
27.043059144s,1.220054634s,0s,11257,11257,0
24.519103588s,1.332556095s,0s,11266,11266,0
24.570661318s,1.407024027s,0s,11269,11269,0
24.645355125s,1.390814177s,0s,11264,11264,0
25.01126695s,1.131580386s,0s,11268,11268,0
25.062965961s,1.283084132s,0s,11262,11262,0
25.179720476s,1.14577751s,0s,11261,11261,0
25.413428399s,1.046313785s,0s,11263,11263,0
25.733211971s,1.425272946s,0s,11265,11265,0
26.254184167s,1.027126417s,0s,11270,11270,0
27.454265391s,1.297375466s,0s,11267,11267,0
23.421865345s,1.03939698s,0s,11275,11275,0
23.600657222s,1.238364161s,0s,11279,11279,0
24.341654711s,1.004203075s,0s,11278,11278,0
24.615374918s,1.152113417s,0s,11274,11274,0
24.888121261s,1.086674703s,0s,11273,11273,0
25.256656732s,1.141922177s,0s,11280,11280,0
25.347279017s,1.493604435s,0s,11271,11271,0
26.401794482s,1.353052351s,0s,11272,11272,0
26.928901025s,1.295660415s,0s,11276,11276,0
27.449094632s,1.335880851s,0s,11277,11277,0
23.67828489s,1.352409668s,0s,11283,11283,0
23.800877863s,1.154772527s,0s,11285,11285,0
23.946625881s,1.428866647s,0s,11288,11288,0
24.749979046s,1.284981375s,0s,11290,11290,0
25.608835262s,1.120494364s,0s,11284,11284,0
25.692416362s,1.312225312s,0s,11281,11281,0
25.946019405s,1.355634259s,0s,11286,11286,0
26.410990616s,1.060147038s,0s,11287,11287,0
26.633746554s,1.463019717s,0s,11289,11289,0
27.363721286s,1.470206092s,0s,11282,11282,0
23.946767004s,1.033474511s,0s,11291,11291,0
24.407744734s,1.29485204s,0s,11299,11299,0
24.844598295s,1.441799521s,0s,11294,11294,0
24.916404544s,1.248374801s,0s,11297,11297,0
25.146267771s,1.140772334s,0s,11292,11292,0
25.230916362s,1.410335854s,0s,11298,11298,0
25.344588714s,1.412554667s,0s,11296,11296,0
26.092302192s,1.255598668s,0s,11295,11295,0
26.726408389s,1.354081556s,0s,11300,11300,0
27.146263576s,1.241094809s,0s,11293,11293,0
24.040515437s,1.325368349s,0s,11305,11305,0
24.333477595s,1.110787505s,0s,11306,11306,0
24.566735086s,1.370582542s,0s,11307,11307,0
24.689385531s,1.248066272s,0s,11301,11301,0
24.81997795s,1.047110339s,0s,11304,11304,0
24.924794807s,1.052491551s,0s,11302,11302,0
26.038721744s,1.050315828s,0s,11309,11309,0
26.301653028s,1.45386715s,0s,11308,11308,0
26.745367956s,1.248066199s,0s,11310,11310,0
26.848904409s,1.487091031s,0s,11303,11303,0
23.334195966s,1.274370972s,0s,11320,11320,0
23.769143477s,1.369687639s,0s,11316,11316,0
24.193061199s,1.206955576s,0s,11317,11317,0
24.201832158s,1.417902073s,0s,11319,11319,0
24.379574772s,1.096411469s,0s,11312,11312,0
24.591310641s,1.187675085s,0s,11318,11318,0
25.414239936s,1.494076146s,0s,11313,11313,0
25.786051012s,1.209066293s,0s,11311,11311,0
26.322928474s,1.05614336s,0s,11314,11314,0
26.712514464s,1.412033635s,0s,11315,11315,0
23.182324491s,1.232511432s,0s,11330,11330,0
24.872157806s,1.230291235s,0s,11327,11327,0
24.944747336s,1.471776538s,0s,11328,11328,0
25.137400014s,1.390979877s,0s,11322,11322,0
25.406211337s,1.463528959s,0s,11324,11324,0
25.414700578s,1.306787312s,0s,11325,11325,0
25.640340086s,1.499998198s,0s,11329,11329,0
25.813193526s,1.395071863s,0s,11323,11323,0
25.941862079s,1.500010132s,0s,11321,11321,0
26.435772264s,1.400298605s,0s,11326,11326,0
23.511047113s,1.099588906s,0s,11335,11335,0
24.611923084s,1.235930704s,0s,11334,11334,0
25.07380606s,1.398953762s,0s,11340,11340,0
25.147461356s,1.092388147s,0s,11337,11337,0
25.406158197s,1.328754929s,0s,11332,11332,0
25.649092527s,1.269484761s,0s,11339,11339,0
25.764865154s,1.030096011s,0s,11333,11333,0
26.446009309s,1.488188228s,0s,11331,11331,0
26.624675247s,1.245276816s,0s,11338,11338,0
27.19732533s,1.237034442s,0s,11336,11336,0
24.304974043s,1.038334515s,0s,11349,11349,0
24.711772824s,1.150388584s,0s,11341,11341,0
25.212820744s,1.304357013s,0s,11347,11347,0
25.480438933s,1.035112821s,0s,11348,11348,0
25.988563612s,1.075548077s,0s,11343,11343,0
26.004137286s,1.311631979s,0s,11345,11345,0
26.022716068s,1.257960503s,0s,11344,11344,0
26.238039689s,1.15561393s,0s,11346,11346,0
26.573007865s,1.27813692s,0s,11350,11350,0
27.498838049s,1.318948681s,0s,11342,11342,0
24.332780227s,1.404024046s,0s,11359,11359,0
24.589662649s,1.138600006s,0s,11354,11354,0
24.837556016s,1.06531319s,0s,11351,11351,0
24.938232981s,1.150782672s,0s,11356,11356,0
25.352227422s,1.015099254s,0s,11360,11360,0
25.660937763s,1.440205225s,0s,11358,11358,0
25.760610114s,1.365864368s,0s,11357,11357,0
26.160515309s,1.320629904s,0s,11355,11355,0
26.271196173s,1.205226412s,0s,11353,11353,0
26.826347475s,1.180036073s,0s,11352,11352,0
23.750224091s,1.391068485s,0s,11361,11361,0
24.427532607s,1.411438023s,0s,11367,11367,0
24.572162797s,1.230052075s,0s,11362,11362,0
25.046026174s,1.020123527s,0s,11365,11365,0
25.138638617s,1.306855031s,0s,11369,11369,0
25.460585572s,1.177638473s,0s,11366,11366,0
25.637243909s,1.044323662s,0s,11368,11368,0
25.643806899s,1.207888413s,0s,11364,11364,0
25.710594218s,1.298616736s,0s,11370,11370,0
27.248034127s,1.397258763s,0s,11363,11363,0
23.867711984s,1.171559621s,0s,11371,11371,0
24.004352358s,1.110161199s,0s,11372,11372,0
24.666047103s,1.431320996s,0s,11380,11380,0
25.067978207s,1.378792325s,0s,11378,11378,0
25.399828013s,1.284028855s,0s,11373,11373,0
25.63765048s,1.424985789s,0s,11375,11375,0
25.693261941s,1.185780992s,0s,11377,11377,0
26.129271852s,1.132364676s,0s,11376,11376,0
26.181869769s,1.298344733s,0s,11374,11374,0
26.487753246s,1.33654273s,0s,11379,11379,0
23.45433845s,1.164033439s,0s,11381,11381,0
23.941230532s,1.258663361s,0s,11383,11383,0
24.828438059s,1.473229003s,0s,11382,11382,0
24.89413259s,1.451047945s,0s,11390,11390,0
24.947848251s,1.014148374s,0s,11389,11389,0
25.283786826s,1.062335413s,0s,11386,11386,0
26.099708474s,1.127765444s,0s,11384,11384,0
26.158349369s,1.063524451s,0s,11385,11385,0
26.52929061s,1.205455629s,0s,11388,11388,0
26.728857511s,1.189216433s,0s,11387,11387,0
24.385459072s,1.23004886s,0s,11400,11400,0
24.73334496s,1.081160136s,0s,11394,11394,0
24.784074069s,1.293551411s,0s,11391,11391,0
24.95396598s,1.238309418s,0s,11396,11396,0
25.104599191s,1.322792087s,0s,11397,11397,0
25.173306295s,1.460971938s,0s,11399,11399,0
25.782370366s,1.191911613s,0s,11395,11395,0
26.305523545s,1.34497888s,0s,11392,11392,0
26.517869541s,1.099459734s,0s,11393,11393,0
26.695536813s,1.165680983s,0s,11398,11398,0
23.907435099s,1.16494669s,0s,11410,11410,0
24.11204881s,1.049372309s,0s,11401,11401,0
24.123634816s,1.021088766s,0s,11406,11406,0
24.521332624s,1.068590573s,0s,11409,11409,0
24.548907401s,1.484099172s,0s,11402,11402,0
24.854387651s,1.299376342s,0s,11403,11403,0
24.903935347s,1.49834478s,0s,11404,11404,0
25.190694824s,1.315597777s,0s,11408,11408,0
25.538614768s,1.182065019s,0s,11407,11407,0
26.362956637s,1.354870005s,0s,11405,11405,0
24.28720602s,1.073151602s,0s,11418,11418,0
24.355845102s,1.328937197s,0s,11419,11419,0
24.521609812s,1.494010068s,0s,11416,11416,0
24.700227534s,1.372104815s,0s,11414,11414,0
24.820972237s,1.176430996s,0s,11413,11413,0
25.175955519s,1.389322425s,0s,11412,11412,0
25.393743369s,1.196680299s,0s,11420,11420,0
25.467384433s,1.435769528s,0s,11415,11415,0
25.469965876s,1.495094054s,0s,11411,11411,0
26.233267247s,1.419576007s,0s,11417,11417,0
23.761874825s,1.350873893s,0s,11426,11426,0
23.904653619s,1.245104916s,0s,11423,11423,0
24.965866762s,1.140836721s,0s,11424,11424,0
25.01352891s,1.265364644s,0s,11428,11428,0
25.300320141s,1.29663403s,0s,11422,11422,0
25.401011626s,1.115576528s,0s,11429,11429,0
25.703697144s,1.360113603s,0s,11430,11430,0
25.719216055s,1.408357072s,0s,11421,11421,0
26.212294745s,1.008082481s,0s,11425,11425,0
26.562207335s,1.0973705s,0s,11427,11427,0
23.46398692s,1.098106065s,0s,11436,11436,0
24.677003988s,1.470854235s,0s,11433,11433,0
25.05898127s,1.030706228s,0s,11432,11432,0
25.087643439s,1.294042083s,0s,11434,11434,0
25.171320082s,1.10131884s,0s,11440,11440,0
25.301042901s,1.369511436s,0s,11435,11435,0
25.680504085s,1.072979798s,0s,11439,11439,0
26.083164096s,1.308292695s,0s,11438,11438,0
26.679351169s,1.133513126s,0s,11431,11431,0
26.750052583s,1.250846448s,0s,11437,11437,0
23.211116821s,1.336795606s,0s,11445,11445,0
23.431809894s,1.257399246s,0s,11444,11444,0
24.340775711s,1.372561209s,0s,11448,11448,0
24.828827393s,1.061008015s,0s,11443,11443,0
25.086467404s,1.385784257s,0s,11446,11446,0
25.371205745s,1.398010214s,0s,11450,11450,0
25.429839103s,1.353316818s,0s,11449,11449,0
25.618595715s,1.471257381s,0s,11442,11442,0
25.714216422s,1.02173001s,0s,11447,11447,0
26.454469891s,1.346982155s,0s,11441,11441,0
23.960814876s,1.180698852s,0s,11458,11458,0
24.234727694s,1.229326469s,0s,11457,11457,0
24.578409311s,1.362711551s,0s,11455,11455,0
24.751256409s,1.395936451s,0s,11456,11456,0
25.265243369s,1.224094578s,0s,11460,11460,0
25.665236772s,1.481352535s,0s,11459,11459,0
25.818928047s,1.447137332s,0s,11454,11454,0
25.872620479s,1.025119039s,0s,11453,11453,0
26.258492508s,1.195904932s,0s,11452,11452,0
26.450400409s,1.086322924s,0s,11451,11451,0
23.812713014s,1.066920012s,0s,11468,11468,0
24.037498508s,1.184153531s,0s,11466,11466,0
24.903722444s,1.238590337s,0s,11470,11470,0
25.138490586s,1.191333194s,0s,11463,11463,0
25.42834876s,1.438925182s,0s,11462,11462,0
25.469970713s,1.243842293s,0s,11469,11469,0
25.889907792s,1.371274893s,0s,11464,11464,0
26.142365548s,1.372412972s,0s,11465,11465,0
26.371178394s,1.356076399s,0s,11461,11461,0
27.146744634s,1.401595962s,0s,11467,11467,0
23.789272135s,1.315643374s,0s,11474,11474,0
24.562641613s,1.070649273s,0s,11473,11473,0
24.595317574s,1.03414428s,0s,11472,11472,0
24.648985355s,1.472079963s,0s,11477,11477,0
24.812903677s,1.046383063s,0s,11480,11480,0
24.979674479s,1.297338796s,0s,11478,11478,0
25.221519008s,1.100859835s,0s,11475,11475,0
26.004809174s,1.479316855s,0s,11476,11476,0
26.121459844s,1.445963751s,0s,11471,11471,0
26.596385331s,1.29515489s,0s,11479,11479,0
24.134279324s,1.007427068s,0s,11488,11488,0
24.414034009s,1.195509735s,0s,11485,11485,0
24.486716114s,1.256800575s,0s,11489,11489,0
24.966833901s,1.005194698s,0s,11483,11483,0
25.296744628s,1.146322602s,0s,11487,11487,0
25.356384896s,1.486343817s,0s,11490,11490,0
25.754115444s,1.103062354s,0s,11482,11482,0
25.802738382s,1.434056865s,0s,11484,11484,0
26.5578701s,1.070851944s,0s,11486,11486,0
26.645615499s,1.051634785s,0s,11481,11481,0
24.92487143s,1.302883753s,0s,11493,11493,0
25.013665828s,1.284641151s,0s,11494,11494,0
25.154339929s,1.213205041s,0s,11495,11495,0
25.460146213s,1.318118789s,0s,11491,11491,0
25.624530439s,1.020463938s,0s,11499,11499,0
25.764244107s,1.009248576s,0s,11500,11500,0
26.183278186s,1.180028935s,0s,11496,11496,0
26.246983136s,1.268447658s,0s,11492,11492,0
26.883663878s,1.117738639s,0s,11498,11498,0
27.093486469s,1.401414191s,0s,11497,11497,0
24.604937257s,1.216317766s,0s,11507,11507,0
24.619545452s,1.015394169s,0s,11502,11502,0
24.68420012s,1.312600752s,0s,11508,11508,0
25.249343294s,1.486462221s,0s,11506,11506,0
25.612201903s,1.43493802s,0s,11510,11510,0
25.660722549s,1.473220761s,0s,11505,11505,0
25.756306768s,1.030657311s,0s,11504,11504,0
25.981109779s,1.195101163s,0s,11501,11501,0
26.078814439s,1.089872146s,0s,11503,11503,0
26.545744983s,1.472112329s,0s,11509,11509,0
24.511581495s,1.094634547s,0s,11514,11514,0
24.577090527s,1.027101364s,0s,11516,11516,0
25.015140994s,1.419619239s,0s,11520,11520,0
25.167910995s,1.428839049s,0s,11519,11519,0
25.174643871s,1.488274632s,0s,11511,11511,0
25.349738644s,1.498581901s,0s,11513,11513,0
25.585510009s,1.322224519s,0s,11518,11518,0
26.432105109s,1.481049079s,0s,11517,11517,0
26.48474388s,1.248012296s,0s,11512,11512,0
26.85151203s,1.073327896s,0s,11515,11515,0
23.149087943s,1.232997037s,0s,11530,11530,0
23.431919832s,1.207695344s,0s,11525,11525,0
24.025146733s,1.094000358s,0s,11528,11528,0
24.489072647s,1.316213884s,0s,11524,11524,0
24.570720049s,1.371779562s,0s,11521,11521,0
24.780481723s,1.120230831s,0s,11529,11529,0
25.055361949s,1.376062231s,0s,11522,11522,0
25.97614643s,1.367571193s,0s,11526,11526,0
26.073800477s,1.029783455s,0s,11523,11523,0
26.336703932s,1.152494905s,0s,11527,11527,0
24.026882173s,1.099547281s,0s,11534,11534,0
24.423501312s,1.155288224s,0s,11531,11531,0
24.680274766s,1.492307068s,0s,11538,11538,0
25.007142676s,1.230533059s,0s,11536,11536,0
25.163966529s,1.04911686s,0s,11532,11532,0
25.346816278s,1.059365863s,0s,11535,11535,0
25.578852679s,1.146032794s,0s,11533,11533,0
25.811590029s,1.413025279s,0s,11539,11539,0
25.897252195s,1.135845892s,0s,11540,11540,0
26.072058816s,1.395875111s,0s,11537,11537,0
24.420634064s,1.005559012s,0s,11548,11548,0
24.467261862s,1.319633103s,0s,11550,11550,0
25.119293631s,1.106857557s,0s,11542,11542,0
25.202017838s,1.37588272s,0s,11544,11544,0
25.525872809s,1.124084248s,0s,11546,11546,0
25.763612636s,1.283445753s,0s,11547,11547,0
26.78816206s,1.433367743s,0s,11541,11541,0
26.850766781s,1.401107035s,0s,11549,11549,0
26.996577881s,1.458560763s,0s,11545,11545,0
27.259211002s,1.482818639s,0s,11543,11543,0
23.274555773s,1.059756945s,0s,11557,11557,0
24.373206163s,1.147065753s,0s,11553,11553,0
24.458201308s,1.011177084s,0s,11558,11558,0
24.509856523s,1.260312346s,0s,11556,11556,0
24.523467208s,1.361888203s,0s,11554,11554,0
24.840276897s,1.40705887s,0s,11552,11552,0
25.658713779s,1.342680905s,0s,11555,11555,0
25.774385218s,1.017513335s,0s,11560,11560,0
25.836966268s,1.310508449s,0s,11551,11551,0
26.098784005s,1.059752261s,0s,11559,11559,0
24.037634316s,1.306321282s,0s,11569,11569,0
24.134356243s,1.17997903s,0s,11567,11567,0
24.726979789s,1.332745512s,0s,11570,11570,0
24.843671446s,1.053333175s,0s,11563,11563,0
25.073359015s,1.079543542s,0s,11564,11564,0
25.155196944s,1.472475013s,0s,11562,11562,0
25.257692129s,1.147781223s,0s,11565,11565,0
25.388464237s,1.396221792s,0s,11566,11566,0
25.885394418s,1.380022149s,0s,11568,11568,0
26.49245234s,1.030104522s,0s,11561,11561,0
24.519100499s,1.434648134s,0s,11579,11579,0
24.622830717s,1.104875653s,0s,11573,11573,0
24.727560699s,1.437826697s,0s,11574,11574,0
24.888316698s,1.344382905s,0s,11571,11571,0
25.036962262s,1.23340787s,0s,11575,11575,0
25.66982361s,1.257937574s,0s,11577,11577,0
25.694387268s,1.228135918s,0s,11572,11572,0
25.81212386s,1.498997636s,0s,11576,11576,0
26.819881124s,1.235660531s,0s,11578,11578,0
27.391956153s,1.266151632s,0s,11580,11580,0
23.629132895s,1.15226006s,0s,11584,11584,0
24.533480485s,1.100920739s,0s,11589,11589,0
24.606186116s,1.182478416s,0s,11587,11587,0
25.081264056s,1.102065853s,0s,11586,11586,0
25.478232681s,1.453272179s,0s,11582,11582,0
25.56456716s,1.385274208s,0s,11583,11583,0
25.62522419s,1.407616962s,0s,11581,11581,0
25.743959363s,1.186691944s,0s,11585,11585,0
26.540192359s,1.258997264s,0s,11588,11588,0
27.015120799s,1.427879551s,0s,11590,11590,0
23.51525195s,1.29540456s,0s,11592,11592,0
23.523853048s,1.363867748s,0s,11599,11599,0
23.531530245s,1.122877294s,0s,11593,11593,0
24.454953837s,1.035370926s,0s,11600,11600,0
24.719753219s,1.307586794s,0s,11598,11598,0
24.953560731s,1.466376164s,0s,11597,11597,0
25.006337847s,1.171094147s,0s,11594,11594,0
25.840690262s,1.376075329s,0s,11591,11591,0
26.247562494s,1.080583921s,0s,11595,11595,0
26.439367428s,1.002086104s,0s,11596,11596,0
23.125796608s,1.117965967s,0s,11606,11606,0
24.780342875s,1.385896759s,0s,11608,11608,0
24.835994689s,1.370649329s,0s,11609,11609,0
24.875698347s,1.054654972s,0s,11605,11605,0
24.889298303s,1.117970522s,0s,11604,11604,0
25.881011906s,1.180086354s,0s,11602,11602,0
26.621222077s,1.043428883s,0s,11610,11610,0
26.718945078s,1.256358244s,0s,11607,11607,0
26.719031634s,1.05573688s,0s,11601,11601,0
27.175217829s,1.484083537s,0s,11603,11603,0
23.529940132s,1.069893013s,0s,11612,11612,0
23.84174026s,1.324099046s,0s,11620,11620,0
24.578023881s,1.063632325s,0s,11613,11613,0
24.987516644s,1.174547151s,0s,11616,11616,0
25.414513363s,1.262891027s,0s,11611,11611,0
25.546273108s,1.441355127s,0s,11617,11617,0
25.605830969s,1.147309466s,0s,11615,11615,0
25.922687157s,1.497562374s,0s,11614,11614,0
26.282691968s,1.103053922s,0s,11618,11618,0
26.431338514s,1.052431429s,0s,11619,11619,0
24.482578187s,1.38966426s,0s,11628,11628,0
24.660275279s,1.490161838s,0s,11623,11623,0
24.905136284s,1.140207705s,0s,11626,11626,0
25.375242136s,1.382293184s,0s,11630,11630,0
25.439959364s,1.438845307s,0s,11624,11624,0
25.590707304s,1.144584178s,0s,11621,11621,0
25.962633444s,1.384440222s,0s,11622,11622,0
26.105267285s,1.332040038s,0s,11625,11625,0
26.413112707s,1.142410873s,0s,11629,11629,0
26.512712761s,1.323933737s,0s,11627,11627,0
24.13624803s,1.461354411s,0s,11638,11638,0
24.765425759s,1.082426069s,0s,11640,11640,0
24.910293221s,1.270638209s,0s,11637,11637,0
24.963890744s,1.408985764s,0s,11634,11634,0
25.174567577s,1.260406936s,0s,11633,11633,0
25.775572733s,1.127650067s,0s,11632,11632,0
25.848240971s,1.013103029s,0s,11639,11639,0
25.937897326s,1.245114334s,0s,11631,11631,0
27.022978687s,1.194926473s,0s,11636,11636,0
27.106597258s,1.44711904s,0s,11635,11635,0
24.31618069s,1.17464443s,0s,11649,11649,0
25.019476874s,1.249932092s,0s,11641,11641,0
25.154162813s,1.15140189s,0s,11644,11644,0
25.224758231s,1.016096008s,0s,11645,11645,0
25.290378612s,1.468774869s,0s,11647,11647,0
25.474905239s,1.313052227s,0s,11643,11643,0
26.090039726s,1.499002793s,0s,11648,11648,0
26.221609015s,1.329266651s,0s,11642,11642,0
26.686503094s,1.249943133s,0s,11650,11650,0
26.746089409s,1.456536103s,0s,11646,11646,0
23.470696854s,1.170696323s,0s,11652,11652,0
24.102828644s,1.308125255s,0s,11651,11651,0
24.311557251s,1.162490436s,0s,11655,11655,0
24.335160828s,1.031130048s,0s,11658,11658,0
24.606890694s,1.39486006s,0s,11656,11656,0
24.944842246s,1.331395171s,0s,11660,11660,0
25.030459904s,1.463284819s,0s,11659,11659,0
25.569488694s,1.440090988s,0s,11657,11657,0
25.918353621s,1.389635315s,0s,11653,11653,0
26.056132642s,1.246954636s,0s,11654,11654,0
23.947929342s,1.335941556s,0s,11669,11669,0
24.38086984s,1.032386499s,0s,11663,11663,0
24.801802846s,1.130074886s,0s,11666,11666,0
24.806444928s,1.114902049s,0s,11665,11665,0
25.362043464s,1.025129938s,0s,11664,11664,0
25.603818261s,1.04068608s,0s,11667,11667,0
26.532211974s,1.156304131s,0s,11670,11670,0
26.680913477s,1.310595035s,0s,11661,11661,0
26.812532697s,1.403389997s,0s,11662,11662,0
27.137033378s,1.466718924s,0s,11668,11668,0
23.521869451s,1.054322393s,0s,11673,11673,0
23.689650533s,1.401381477s,0s,11677,11677,0
23.973453663s,1.147781468s,0s,11671,11671,0
24.870628228s,1.445869347s,0s,11680,11680,0
25.261084622s,1.412594967s,0s,11679,11679,0
25.667005125s,1.019087801s,0s,11675,11675,0
26.031976034s,1.471304869s,0s,11672,11672,0
27.077206821s,1.231021709s,0s,11676,11676,0
27.108914387s,1.461067998s,0s,11674,11674,0
27.252718151s,1.117526547s,0s,11678,11678,0
23.378968491s,1.189990318s,0s,11685,11685,0
23.739848827s,1.094383474s,0s,11682,11682,0
24.664954689s,1.095470445s,0s,11688,11688,0
25.129632048s,1.088147136s,0s,11684,11684,0
25.632576985s,1.417945449s,0s,11686,11686,0
25.65820838s,1.452060545s,0s,11687,11687,0
25.919039823s,1.100692761s,0s,11690,11690,0
25.993545934s,1.356376719s,0s,11681,11681,0
27.299392974s,1.389632011s,0s,11683,11683,0
27.363070719s,1.389621932s,0s,11689,11689,0
23.486623089s,1.22581821s,0s,11696,11696,0
24.525783731s,1.025823827s,0s,11691,11691,0
24.961623926s,1.100502746s,0s,11697,11697,0
25.031274316s,1.265020824s,0s,11692,11692,0
25.075864079s,1.044022705s,0s,11695,11695,0
25.313793012s,1.32031389s,0s,11694,11694,0
25.790209598s,1.355521919s,0s,11700,11700,0
26.160963224s,1.096296634s,0s,11693,11693,0
26.309706087s,1.490995492s,0s,11699,11699,0
27.098019808s,1.450821195s,0s,11698,11698,0
23.362758581s,1.436040387s,0s,11702,11702,0
25.051769619s,1.415616902s,0s,11704,11704,0
25.175450387s,1.263414092s,0s,11707,11707,0
25.305223489s,1.393312968s,0s,11709,11709,0
25.389880446s,1.072036487s,0s,11708,11708,0
25.624720749s,1.380075486s,0s,11705,11705,0
25.701499454s,1.354842589s,0s,11706,11706,0
26.001433544s,1.300613621s,0s,11710,11710,0
27.238283423s,1.490257606s,0s,11701,11701,0
27.257028236s,1.419871883s,0s,11703,11703,0
23.65764701s,1.281012745s,0s,11711,11711,0
23.783257072s,1.064117083s,0s,11713,11713,0
24.369367324s,1.336261404s,0s,11715,11715,0
25.32115868s,1.028051019s,0s,11718,11718,0
25.622844171s,1.175570367s,0s,11716,11716,0
25.652579139s,1.242887041s,0s,11720,11720,0
25.888278927s,1.20273099s,0s,11712,11712,0
26.166655579s,1.105334044s,0s,11714,11714,0
26.298351504s,1.054927045s,0s,11719,11719,0
26.662245603s,1.032674483s,0s,11717,11717,0
23.978141403s,1.237921713s,0s,11721,11721,0
24.67902047s,1.297103252s,0s,11722,11722,0
25.053975033s,1.326300297s,0s,11728,11728,0
25.122629641s,1.115562162s,0s,11727,11727,0
25.286269143s,1.004083497s,0s,11723,11723,0
25.288948893s,1.478094088s,0s,11725,11725,0
25.603759197s,1.425830135s,0s,11729,11729,0
26.085824469s,1.377534114s,0s,11726,11726,0
26.114446849s,1.017237088s,0s,11724,11724,0
27.06091335s,1.326311532s,0s,11730,11730,0
23.776970639s,1.169520769s,0s,11736,11736,0
24.613154167s,1.338011795s,0s,11737,11737,0
25.333390818s,1.457905543s,0s,11734,11734,0
25.566204238s,1.452711235s,0s,11735,11735,0
25.690946353s,1.452715638s,0s,11733,11733,0
25.806645464s,1.052027881s,0s,11740,11740,0
25.901274832s,1.223736583s,0s,11732,11732,0
26.612554912s,1.376254465s,0s,11738,11738,0
26.884377376s,1.166334681s,0s,11739,11739,0
27.262547858s,1.379451724s,0s,11731,11731,0
23.354397659s,1.178349313s,0s,11747,11747,0
23.996518539s,1.460367433s,0s,11746,11746,0
24.316383679s,1.492581446s,0s,11741,11741,0
24.576020467s,1.117035792s,0s,11745,11745,0
25.198831645s,1.019156398s,0s,11748,11748,0
25.311569846s,1.285854382s,0s,11742,11742,0
25.848669035s,1.047482382s,0s,11744,11744,0
25.901410455s,1.101769491s,0s,11743,11743,0
25.917053603s,1.180560126s,0s,11749,11749,0
26.202886486s,1.453121662s,0s,11750,11750,0
23.632860343s,1.052600368s,0s,11759,11759,0
24.912261045s,1.209969922s,0s,11760,11760,0
25.033885748s,1.484446365s,0s,11753,11753,0
25.247695126s,1.393763178s,0s,11754,11754,0
25.306263266s,1.333536119s,0s,11757,11757,0
25.479065799s,1.486661904s,0s,11756,11756,0
25.970115083s,1.28111373s,0s,11751,11751,0
26.237895617s,1.285340449s,0s,11752,11752,0
26.24751205s,1.407998772s,0s,11755,11755,0
26.686193273s,1.478238056s,0s,11758,11758,0
24.087687199s,1.454029195s,0s,11764,11764,0
24.427655705s,1.128065652s,0s,11768,11768,0
24.637309214s,1.271586406s,0s,11765,11765,0
24.742999469s,1.05653004s,0s,11763,11763,0
25.151014302s,1.120732314s,0s,11766,11766,0
25.532978277s,1.33983437s,0s,11761,11761,0
25.779803379s,1.004091155s,0s,11767,11767,0
25.911568454s,1.019345794s,0s,11762,11762,0
26.236506456s,1.126922172s,0s,11769,11769,0
26.247223751s,1.182309233s,0s,11770,11770,0
23.626602805s,1.396789382s,0s,11771,11771,0
23.629161374s,1.338023856s,0s,11776,11776,0
23.769806429s,1.141143842s,0s,11780,11780,0
24.073634505s,1.216669904s,0s,11774,11774,0
24.345304131s,1.149356011s,0s,11773,11773,0
25.780336623s,1.037488515s,0s,11778,11778,0
25.896031219s,1.061694613s,0s,11779,11779,0
25.939771078s,1.358314568s,0s,11775,11775,0
25.996174667s,1.064975031s,0s,11777,11777,0
26.502200758s,1.383513764s,0s,11772,11772,0
23.2485845s,1.155887906s,0s,11787,11787,0
23.250164872s,1.172094555s,0s,11790,11790,0
23.545015404s,1.268041049s,0s,11786,11786,0
24.271147716s,1.180382173s,0s,11782,11782,0
25.171280323s,1.348356481s,0s,11785,11785,0
25.315041801s,1.033118407s,0s,11783,11783,0
25.358614656s,1.256733515s,0s,11788,11788,0
25.458259085s,1.10661918s,0s,11784,11784,0
26.055408486s,1.084376751s,0s,11781,11781,0
26.444343493s,1.371616452s,0s,11789,11789,0
23.375200481s,1.324708792s,0s,11791,11791,0
24.296470439s,1.398521395s,0s,11799,11799,0
25.009633426s,1.344039449s,0s,11792,11792,0
25.210333211s,1.151148716s,0s,11794,11794,0
25.559201262s,1.375298481s,0s,11800,11800,0
25.656231065s,1.434793169s,0s,11798,11798,0
26.011077939s,1.266467046s,0s,11797,11797,0
26.283896545s,1.3440304s,0s,11796,11796,0
26.60677782s,1.451056532s,0s,11795,11795,0
26.965745178s,1.479255484s,0s,11793,11793,0
23.921982028s,1.034111435s,0s,11808,11808,0
23.957595785s,1.034122606s,0s,11802,11802,0
24.048186471s,1.06351429s,0s,11803,11803,0
24.753460575s,1.358122372s,0s,11810,11810,0
24.991285192s,1.387574032s,0s,11804,11804,0
25.869434609s,1.343885683s,0s,11805,11805,0
26.112998966s,1.137426304s,0s,11809,11809,0
26.475777809s,1.49311868s,0s,11806,11806,0
26.623409619s,1.372353307s,0s,11801,11801,0
26.747143057s,1.478901282s,0s,11807,11807,0
23.775588286s,1.002076419s,0s,11811,11811,0
24.313608267s,1.264044286s,0s,11819,11819,0
25.392792467s,1.368331983s,0s,11813,11813,0
25.737654593s,1.407797777s,0s,11818,11818,0
25.858649616s,1.384534879s,0s,11817,11817,0
25.971356745s,1.480231887s,0s,11816,11816,0
26.542436759s,1.010329544s,0s,11815,11815,0
26.714214323s,1.16865649s,0s,11812,11812,0
26.848738693s,1.234925133s,0s,11814,11814,0
26.866393683s,1.475033596s,0s,11820,11820,0
23.497891552s,1.005081974s,0s,11828,11828,0
23.990853661s,1.411115029s,0s,11829,11829,0
24.314745842s,1.33641352s,0s,11826,11826,0
25.410378936s,1.475402253s,0s,11823,11823,0
25.455069866s,1.010347692s,0s,11822,11822,0
25.462683748s,1.371636948s,0s,11824,11824,0
25.619449556s,1.301179295s,0s,11830,11830,0
25.809247122s,1.060539233s,0s,11821,11821,0
25.823774038s,1.399897153s,0s,11825,11825,0
27.166334156s,1.234962259s,0s,11827,11827,0
23.625412571s,1.087091378s,0s,11839,11839,0
23.872207941s,1.247795823s,0s,11840,11840,0
23.952823648s,1.185593088s,0s,11837,11837,0
24.281666957s,1.460984218s,0s,11838,11838,0
24.807752533s,1.130307981s,0s,11831,11831,0
25.137575844s,1.310228698s,0s,11836,11836,0
25.28120908s,1.415708366s,0s,11834,11834,0
25.389674535s,1.262031111s,0s,11832,11832,0
25.697538678s,1.056843215s,0s,11835,11835,0
26.413724133s,1.32246288s,0s,11833,11833,0
23.1419798s,1.0481252s,0s,11843,11843,0
23.911818449s,1.325598598s,0s,11849,11849,0
23.919398442s,1.446284768s,0s,11850,11850,0
23.985426751s,1.094355073s,0s,11846,11846,0
25.204076331s,1.216863065s,0s,11847,11847,0
25.446850648s,1.334884755s,0s,11841,11841,0
25.741750077s,1.436068676s,0s,11845,11845,0
26.433928464s,1.279327863s,0s,11844,11844,0
27.021150767s,1.111549997s,0s,11842,11842,0
27.511111406s,1.241032769s,0s,11848,11848,0
24.818352033s,1.388966579s,0s,11851,11851,0
25.035245862s,1.186297559s,0s,11852,11852,0
25.175967649s,1.463570372s,0s,11860,11860,0
25.814018863s,1.100786968s,0s,11859,11859,0
26.148750937s,1.166081062s,0s,11857,11857,0
26.309435173s,1.036311305s,0s,11856,11856,0
26.530620746s,1.059553456s,0s,11855,11855,0
26.580226221s,1.32761894s,0s,11858,11858,0
26.717833867s,1.473848175s,0s,11853,11853,0
26.804414913s,1.328717496s,0s,11854,11854,0
24.469398552s,1.055121556s,0s,11865,11865,0
24.714274254s,1.329459526s,0s,11864,11864,0
25.060058538s,1.08036474s,0s,11869,11869,0
25.065652565s,1.374935977s,0s,11867,11867,0
25.182358205s,1.302214101s,0s,11870,11870,0
25.70337274s,1.460725225s,0s,11861,11861,0
25.881008204s,1.122580509s,0s,11868,11868,0
25.970730289s,1.28195501s,0s,11863,11863,0
25.972263718s,1.445131558s,0s,11866,11866,0
26.915622339s,1.361689347s,0s,11862,11862,0
23.9340748s,1.055201723s,0s,11871,11871,0
23.992685219s,1.046013736s,0s,11880,11880,0
24.334458871s,1.267805581s,0s,11877,11877,0
25.219871625s,1.043735781s,0s,11876,11876,0
25.249498962s,1.483863356s,0s,11878,11878,0
25.332155813s,1.401147964s,0s,11879,11879,0
25.468946191s,1.268965987s,0s,11873,11873,0
26.054212343s,1.475611553s,0s,11872,11872,0
26.453154954s,1.128514696s,0s,11874,11874,0
26.997230507s,1.417395999s,0s,11875,11875,0
23.596202191s,1.291601906s,0s,11889,11889,0
23.831017539s,1.35904019s,0s,11884,11884,0
24.409129026s,1.380244866s,0s,11888,11888,0
24.717899053s,1.201120773s,0s,11887,11887,0
25.062834464s,1.063869819s,0s,11883,11883,0
25.485828853s,1.471590387s,0s,11882,11882,0
25.561506205s,1.001126562s,0s,11886,11886,0
25.771965957s,1.285363796s,0s,11890,11890,0
26.121847093s,1.303839082s,0s,11885,11885,0
26.313598122s,1.484840675s,0s,11881,11881,0
23.595114303s,1.28849677s,0s,11898,11898,0
23.939033216s,1.250266896s,0s,11891,11891,0
24.536353358s,1.305790658s,0s,11893,11893,0
24.708993098s,1.153945933s,0s,11897,11897,0
24.714632255s,1.110696323s,0s,11892,11892,0
24.927330603s,1.012388918s,0s,11895,11895,0
24.98801801s,1.33505293s,0s,11900,11900,0
25.414724613s,1.340317694s,0s,11896,11896,0
25.736690086s,1.347526183s,0s,11894,11894,0
26.643120582s,1.390740409s,0s,11899,11899,0
23.067400801s,1.132988746s,0s,11908,11908,0
23.801555703s,1.438068945s,0s,11910,11910,0
24.594909076s,1.376115804s,0s,11904,11904,0
24.745643381s,1.251340276s,0s,11902,11902,0
25.204575279s,1.425753969s,0s,11907,11907,0
25.668650491s,1.403458013s,0s,11909,11909,0
26.060167202s,1.339865309s,0s,11903,11903,0
26.152757003s,1.483372543s,0s,11901,11901,0
26.944528675s,1.293563303s,0s,11906,11906,0
27.395484327s,1.402349799s,0s,11905,11905,0
23.66945851s,1.066973662s,0s,11917,11917,0
23.683138064s,1.115109982s,0s,11912,11912,0
24.271158339s,1.245651049s,0s,11915,11915,0
24.494929874s,1.217445334s,0s,11914,11914,0
24.60357455s,1.477688227s,0s,11916,11916,0
24.768293449s,1.472499051s,0s,11919,11919,0
25.236988762s,1.06076967s,0s,11918,11918,0
25.645454525s,1.033586105s,0s,11920,11920,0
25.951316174s,1.29689775s,0s,11913,11913,0
26.645914156s,1.398265262s,0s,11911,11911,0
23.780710523s,1.067594785s,0s,11922,11922,0
24.487179747s,1.354577332s,0s,11928,11928,0
25.213464389s,1.377874731s,0s,11930,11930,0
25.429216809s,1.044337898s,0s,11923,11923,0
25.758027476s,1.493383944s,0s,11926,11926,0
25.79160491s,1.337380181s,0s,11927,11927,0
25.919274397s,1.032097267s,0s,11924,11924,0
26.165189641s,1.215948545s,0s,11929,11929,0
26.238194521s,1.389065509s,0s,11925,11925,0
27.043499755s,1.335156794s,0s,11921,11921,0
23.186444587s,1.110431487s,0s,11937,11937,0
23.339563631s,1.110425157s,0s,11939,11939,0
23.953675578s,1.015961627s,0s,11934,11934,0
24.692855746s,1.418755531s,0s,11936,11936,0
25.415403909s,1.189685978s,0s,11931,11931,0
25.740307424s,1.085242171s,0s,11933,11933,0
25.796967524s,1.338489987s,0s,11932,11932,0
25.807819972s,1.301245367s,0s,11940,11940,0
26.235699739s,1.483076101s,0s,11938,11938,0
26.930762518s,1.232956909s,0s,11935,11935,0
24.008945418s,1.406953393s,0s,11942,11942,0
24.122702048s,1.07771553s,0s,11945,11945,0
24.541583039s,1.14911647s,0s,11946,11946,0
25.100448554s,1.02134731s,0s,11941,11941,0
25.1671089s,1.234354263s,0s,11948,11948,0
25.201887718s,1.252600356s,0s,11950,11950,0
25.57478692s,1.13093096s,0s,11944,11944,0
25.894562323s,1.019095259s,0s,11947,11947,0
26.44922263s,1.022444112s,0s,11943,11943,0
26.479883393s,1.443075015s,0s,11949,11949,0
23.534606747s,1.114516784s,0s,11958,11958,0
24.383182347s,1.18801154s,0s,11960,11960,0
24.463831291s,1.382206381s,0s,11952,11952,0
25.007033377s,1.263564216s,0s,11959,11959,0
25.042737283s,1.075266102s,0s,11954,11954,0
25.640911326s,1.155740861s,0s,11956,11956,0
26.122904376s,1.212243095s,0s,11955,11955,0
26.144482198s,1.314788538s,0s,11951,11951,0
26.20817239s,1.381087973s,0s,11953,11953,0
26.800266577s,1.401476684s,0s,11957,11957,0
24.078479738s,1.358863215s,0s,11967,11967,0
24.10003985s,1.418037838s,0s,11965,11965,0
24.146665247s,1.018302697s,0s,11964,11964,0
24.314263016s,1.169089068s,0s,11970,11970,0
24.626166051s,1.235324295s,0s,11961,11961,0
25.045093157s,1.493316962s,0s,11962,11962,0
25.822433148s,1.240552954s,0s,11968,11968,0
26.05911846s,1.005098437s,0s,11969,11969,0
26.287737721s,1.132746374s,0s,11963,11963,0
26.326335591s,1.095539164s,0s,11966,11966,0
23.011528234s,1.352220838s,0s,11978,11978,0
24.854848963s,1.138176525s,0s,11980,11980,0
25.22251439s,1.46939427s,0s,11976,11976,0
25.458999232s,1.142585902s,0s,11974,11974,0
25.465575493s,1.341027448s,0s,11977,11977,0
25.54227438s,1.360480965s,0s,11971,11971,0
25.575916201s,1.455147057s,0s,11975,11975,0
25.662497912s,1.447745965s,0s,11979,11979,0
25.916328326s,1.212798175s,0s,11973,11973,0
26.377789159s,1.454042003s,0s,11972,11972,0
23.356474768s,1.025117938s,0s,11988,11988,0
24.340003053s,1.262059406s,0s,11982,11982,0
24.628827952s,1.05934023s,0s,11989,11989,0
24.790451014s,1.492256949s,0s,11987,11987,0
25.434008252s,1.169589275s,0s,11986,11986,0
25.465695729s,1.480911631s,0s,11983,11983,0
25.655555076s,1.483039601s,0s,11981,11981,0
25.953777948s,1.435690043s,0s,11984,11984,0
26.74213223s,1.203814583s,0s,11990,11990,0
26.884844597s,1.272293534s,0s,11985,11985,0
23.037456151s,1.147795519s,0s,11996,11996,0
23.058047436s,1.050397071s,0s,11994,11994,0
23.685931704s,1.298085101s,0s,12000,12000,0
23.756567914s,1.092898234s,0s,11993,11993,0
23.770278803s,1.062713981s,0s,11992,11992,0
24.470495919s,1.333306466s,0s,11997,11997,0
24.553096827s,1.143566993s,0s,11998,11998,0
24.958158154s,1.03609294s,0s,11999,11999,0
25.194961926s,1.111030557s,0s,11995,11995,0
25.939305542s,1.115284271s,0s,11991,11991,0
23.659287884s,1.398347995s,0s,12010,12010,0
23.668870089s,1.414884786s,0s,12003,12003,0
23.816642576s,1.304626217s,0s,12005,12005,0
23.987424103s,1.261425549s,0s,12008,12008,0
24.33606202s,1.336080079s,0s,12009,12009,0
24.409743893s,1.321896415s,0s,12007,12007,0
24.705590454s,1.157122813s,0s,12006,12006,0
25.226234836s,1.064399643s,0s,12001,12001,0
25.272905984s,1.062152902s,0s,12004,12004,0
26.923901666s,1.401593778s,0s,12002,12002,0
23.286175289s,1.488219939s,0s,12014,12014,0
23.589932282s,1.273074355s,0s,12013,12013,0
23.637600113s,1.134739847s,0s,12016,12016,0
24.523475017s,1.368559676s,0s,12017,12017,0
24.687125105s,1.484951523s,0s,12012,12012,0
25.246201297s,1.295261958s,0s,12018,12018,0
25.462970436s,1.104325927s,0s,12020,12020,0
26.570528726s,1.126549453s,0s,12019,12019,0
26.809215336s,1.37070091s,0s,12015,12015,0
26.906823915s,1.038112955s,0s,12011,12011,0
23.858471429s,1.080832432s,0s,12030,12030,0
23.957108227s,1.133310914s,0s,12024,12024,0
24.714936654s,1.008611566s,0s,12025,12025,0
24.846738694s,1.170582016s,0s,12027,12027,0
24.855365211s,1.215051625s,0s,12028,12028,0
24.865048416s,1.210881394s,0s,12021,12021,0
25.074913255s,1.12808484s,0s,12029,12029,0
25.193717235s,1.340538402s,0s,12022,12022,0
25.583586297s,1.477797188s,0s,12023,12023,0
25.761407586s,1.263258623s,0s,12026,12026,0
23.470621673s,1.206991361s,0s,12035,12035,0
24.410060754s,1.476051607s,0s,12036,12036,0
24.413653403s,1.061138533s,0s,12038,12038,0
24.513265898s,1.460658699s,0s,12037,12037,0
24.954253747s,1.100404298s,0s,12040,12040,0
25.009958072s,1.304135715s,0s,12039,12039,0
25.62687823s,1.170659869s,0s,12032,12032,0
25.856676289s,1.496312286s,0s,12034,12034,0
26.694299102s,1.3784148s,0s,12031,12031,0
26.712761034s,1.463936056s,0s,12033,12033,0
23.690141255s,1.306372189s,0s,12042,12042,0
24.01703958s,1.377261879s,0s,12046,12046,0
24.360850887s,1.074913287s,0s,12050,12050,0
24.651522625s,1.422480078s,0s,12041,12041,0
24.898661634s,1.357018149s,0s,12048,12048,0
25.265697564s,1.058678799s,0s,12043,12043,0
25.62960174s,1.327824777s,0s,12049,12049,0
25.846460985s,1.211110064s,0s,12044,12044,0
25.927186637s,1.480725829s,0s,12045,12045,0
27.10681687s,1.323570186s,0s,12047,12047,0
23.947277415s,1.36393952s,0s,12060,12060,0
24.754533074s,1.006092885s,0s,12052,12052,0
24.813107284s,1.229022948s,0s,12059,12059,0
24.989702067s,1.361767734s,0s,12055,12055,0
25.018359182s,1.488294837s,0s,12056,12056,0
25.072027885s,1.204711607s,0s,12051,12051,0
25.212740438s,1.259265458s,0s,12058,12058,0
25.510666644s,1.327553254s,0s,12053,12053,0
25.883511795s,1.190478757s,0s,12057,12057,0
26.01621965s,1.37604465s,0s,12054,12054,0
23.949988809s,1.166511283s,0s,12070,12070,0
24.499895835s,1.406035833s,0s,12065,12065,0
24.672594912s,1.110268396s,0s,12062,12062,0
24.819317917s,1.037782771s,0s,12061,12061,0
24.894860274s,1.081029758s,0s,12069,12069,0
25.100625478s,1.01652669s,0s,12068,12068,0
25.377489845s,1.01331646s,0s,12066,12066,0
25.527305292s,1.48842748s,0s,12067,12067,0
26.559990461s,1.002080284s,0s,12064,12064,0
26.862441106s,1.388928757s,0s,12063,12063,0
24.287239544s,1.082352427s,0s,12079,12079,0
24.438020358s,1.327878532s,0s,12075,12075,0
25.247875024s,1.269484672s,0s,12073,12073,0
25.31446027s,1.223094177s,0s,12071,12071,0
25.43618888s,1.266280343s,0s,12078,12078,0
25.570102377s,1.495448348s,0s,12074,12074,0
26.159273238s,1.03013076s,0s,12072,12072,0
26.359976323s,1.161634713s,0s,12077,12077,0
26.431576113s,1.181891636s,0s,12080,12080,0
26.532201945s,1.474159905s,0s,12076,12076,0
24.733606478s,1.37704357s,0s,12084,12084,0
25.172411942s,1.054140695s,0s,12086,12086,0
25.209022513s,1.375813714s,0s,12088,12088,0
25.933834241s,1.496595701s,0s,12085,12085,0
26.164687298s,1.199981887s,0s,12081,12081,0
26.206295568s,1.121437563s,0s,12087,12087,0
26.426066173s,1.208244618s,0s,12090,12090,0
26.62978841s,1.148688786s,0s,12089,12089,0
26.875440489s,1.414308142s,0s,12083,12083,0
26.921024457s,1.332539768s,0s,12082,12082,0
23.258609784s,1.429461286s,0s,12091,12091,0
23.597312864s,1.035513488s,0s,12097,12097,0
24.321944186s,1.189612082s,0s,12099,12099,0
25.035511003s,1.050827071s,0s,12093,12093,0
25.137217414s,1.060039749s,0s,12095,12095,0
25.179878181s,1.360070594s,0s,12094,12094,0
25.211516294s,1.393376288s,0s,12098,12098,0
25.598499078s,1.308901521s,0s,12092,12092,0
26.516656181s,1.016209017s,0s,12096,12096,0
26.772531785s,1.412617488s,0s,12100,12100,0
24.274145185s,1.285063434s,0s,12109,12109,0
24.511820817s,1.308262795s,0s,12108,12108,0
24.636570396s,1.323515022s,0s,12106,12106,0
24.72489491s,1.342769015s,0s,12102,12102,0
24.979729761s,1.471107247s,0s,12110,12110,0
25.089463638s,1.148826615s,0s,12107,12107,0
25.561200089s,1.034167085s,0s,12105,12105,0
26.334480059s,1.47108848s,0s,12101,12101,0
27.217147044s,1.471094279s,0s,12103,12103,0
27.362989621s,1.056505671s,0s,12104,12104,0
23.872022217s,1.045043799s,0s,12115,12115,0
24.366126764s,1.398759209s,0s,12120,12120,0
24.710960838s,1.032914227s,0s,12113,12113,0
25.225009295s,1.211824642s,0s,12117,12117,0
25.583884934s,1.266042656s,0s,12116,12116,0
25.662604535s,1.012528703s,0s,12112,12112,0
25.797372995s,1.097326015s,0s,12114,12114,0
25.938094001s,1.317293059s,0s,12119,12119,0
25.95268725s,1.363500707s,0s,12111,12111,0
26.423536031s,1.112520604s,0s,12118,12118,0
24.627789276s,1.486686806s,0s,12130,12130,0
24.871568473s,1.162895951s,0s,12129,12129,0
25.054299276s,1.392086509s,0s,12121,12121,0
25.324133883s,1.359611915s,0s,12126,12126,0
25.397009574s,1.327439403s,0s,12123,12123,0
25.46771812s,1.191102219s,0s,12128,12128,0
25.646422116s,1.416335739s,0s,12125,12125,0
26.206045144s,1.474513416s,0s,12124,12124,0
26.238654536s,1.0736479s,0s,12127,12127,0
26.430297269s,1.370877585s,0s,12122,12122,0
24.348995066s,1.327923512s,0s,12138,12138,0
24.745537253s,1.054684544s,0s,12135,12135,0
24.931040933s,1.386048606s,0s,12132,12132,0
25.132847631s,1.001120483s,0s,12131,12131,0
25.143448072s,1.009483578s,0s,12137,12137,0
25.177948559s,1.285662266s,0s,12133,12133,0
25.408857071s,1.495427821s,0s,12134,12134,0
25.548572347s,1.160143404s,0s,12140,12140,0
25.764333977s,1.261454216s,0s,12136,12136,0
26.183003803s,1.158991409s,0s,12139,12139,0
23.541730228s,1.461218459s,0s,12150,12150,0
23.792535121s,1.143281938s,0s,12146,12146,0
24.068441025s,1.113831003s,0s,12142,12142,0
24.435223109s,1.44497053s,0s,12144,12144,0
24.534819727s,1.030272607s,0s,12141,12141,0
24.735557625s,1.135085632s,0s,12145,12145,0
24.974792739s,1.044438399s,0s,12147,12147,0
25.260568297s,1.083658642s,0s,12143,12143,0
26.469109131s,1.001063336s,0s,12149,12149,0
26.937060068s,1.423782515s,0s,12148,12148,0
24.02768564s,1.410980012s,0s,12155,12155,0
24.342622303s,1.1387681s,0s,12160,12160,0
25.049687252s,1.316044993s,0s,12151,12151,0
25.053394078s,1.271583661s,0s,12153,12153,0
25.434350835s,1.467121679s,0s,12152,12152,0
25.437025168s,1.491344262s,0s,12157,12157,0
25.528624819s,1.290772233s,0s,12158,12158,0
25.869530552s,1.141020067s,0s,12154,12154,0
26.332488271s,1.244302486s,0s,12156,12156,0
26.937124725s,1.345329368s,0s,12159,12159,0
23.323953607s,1.265225778s,0s,12165,12165,0
23.658667982s,1.146570689s,0s,12166,12166,0
23.915466745s,1.071322545s,0s,12161,12161,0
24.447219067s,1.475998734s,0s,12162,12162,0
24.82802999s,1.059128736s,0s,12167,12167,0
24.944615071s,1.376566128s,0s,12164,12164,0
25.28147604s,1.200747814s,0s,12163,12163,0
25.581246685s,1.482132727s,0s,12169,12169,0
25.63884518s,1.220016247s,0s,12170,12170,0
27.192633552s,1.377659718s,0s,12168,12168,0
23.764074526s,1.186905065s,0s,12178,12178,0
24.014952286s,1.053107365s,0s,12177,12177,0
24.824325038s,1.116446913s,0s,12171,12171,0
24.947103553s,1.043983234s,0s,12179,12179,0
25.087891133s,1.147627534s,0s,12173,12173,0
25.254665407s,1.4529228s,0s,12180,12180,0
25.317334814s,1.231261368s,0s,12174,12174,0
25.317366119s,1.023686951s,0s,12176,12176,0
25.849082015s,1.444640788s,0s,12172,12172,0
26.801022191s,1.229029983s,0s,12175,12175,0
24.473398377s,1.151603394s,0s,12186,12186,0
24.749104618s,1.103417858s,0s,12185,12185,0
24.995829883s,1.397693324s,0s,12183,12183,0
25.076508204s,1.286426668s,0s,12190,12190,0
25.665061986s,1.469954314s,0s,12189,12189,0
25.678803507s,1.482078181s,0s,12181,12181,0
25.891595067s,1.22895767s,0s,12184,12184,0
26.155540662s,1.041136285s,0s,12187,12187,0
26.310277296s,1.246103286s,0s,12188,12188,0
26.808057825s,1.007872756s,0s,12182,12182,0
24.123635615s,1.440019642s,0s,12195,12195,0
24.334399196s,1.311946061s,0s,12192,12192,0
24.632196107s,1.079126712s,0s,12191,12191,0
24.927933563s,1.412542733s,0s,12199,12199,0
25.330874396s,1.369113329s,0s,12193,12193,0
25.788028179s,1.430822675s,0s,12198,12198,0
25.920821289s,1.25271155s,0s,12197,12197,0
26.454646114s,1.382373915s,0s,12200,12200,0
27.000366789s,1.238472162s,0s,12196,12196,0
27.236990287s,1.470247433s,0s,12194,12194,0
23.747363407s,1.396856669s,0s,12210,12210,0
24.238453482s,1.363585245s,0s,12208,12208,0
24.788117999s,1.260714069s,0s,12202,12202,0
25.039925917s,1.438298589s,0s,12203,12203,0
25.057669728s,1.216494452s,0s,12201,12201,0
25.05809479s,1.317128744s,0s,12207,12207,0
25.195595675s,1.333358593s,0s,12209,12209,0
25.892798873s,1.305973471s,0s,12206,12206,0
26.246879973s,1.171251172s,0s,12204,12204,0
27.279373443s,1.403033664s,0s,12205,12205,0
23.273439941s,1.159315048s,0s,12220,12220,0
24.491818215s,1.307482581s,0s,12217,12217,0
24.534454442s,1.180482274s,0s,12211,12211,0
25.028579369s,1.025902595s,0s,12215,12215,0
25.965953492s,1.338680748s,0s,12218,12218,0
26.174694376s,1.057057914s,0s,12219,12219,0
26.24642283s,1.302211808s,0s,12214,12214,0
26.423649997s,1.474991975s,0s,12216,12216,0
26.633447688s,1.272977611s,0s,12212,12212,0
27.014217554s,1.241757197s,0s,12213,12213,0
23.020041092s,1.06402036s,0s,12225,12225,0
23.451058902s,1.30149293s,0s,12222,12222,0
24.877093621s,1.071243657s,0s,12223,12223,0
25.003729703s,1.481048069s,0s,12228,12228,0
25.080272828s,1.190525955s,0s,12226,12226,0
25.155999935s,1.205719905s,0s,12221,12221,0
25.358818252s,1.281252746s,0s,12227,12227,0
25.44349676s,1.464880688s,0s,12230,12230,0
25.464163234s,1.227001753s,0s,12229,12229,0
26.727559166s,1.038910681s,0s,12224,12224,0
24.339902038s,1.257283003s,0s,12238,12238,0
24.792986101s,1.134073224s,0s,12235,12235,0
25.103845339s,1.117941983s,0s,12237,12237,0
25.206454173s,1.235023778s,0s,12236,12236,0
25.560928524s,1.265505559s,0s,12232,12232,0
25.661536085s,1.231909186s,0s,12231,12231,0
25.978196729s,1.438055199s,0s,12239,12239,0
26.134936597s,1.429917428s,0s,12233,12233,0
26.552761276s,1.165353605s,0s,12234,12234,0
26.729387038s,1.212616455s,0s,12240,12240,0
23.47593461s,1.250508024s,0s,12245,12245,0
23.787428644s,1.462363203s,0s,12241,12241,0
24.336294646s,1.041327356s,0s,12246,12246,0
24.358058363s,1.014114016s,0s,12242,12242,0
24.51579087s,1.187120728s,0s,12250,12250,0
24.525385354s,1.426056333s,0s,12243,12243,0
25.043375059s,1.147843621s,0s,12247,12247,0
25.089017793s,1.07552177s,0s,12248,12248,0
25.387928407s,1.379828709s,0s,12249,12249,0
26.366566239s,1.198307876s,0s,12244,12244,0
23.266282464s,1.44208733s,0s,12259,12259,0
23.350991035s,1.003375102s,0s,12256,12256,0
24.398670335s,1.334666823s,0s,12253,12253,0
24.883669844s,1.063650261s,0s,12251,12251,0
24.886310474s,1.277149399s,0s,12258,12258,0
25.246096336s,1.302462229s,0s,12254,12254,0
25.677021457s,1.482825991s,0s,12252,12252,0
26.076937304s,1.416882662s,0s,12257,12257,0
26.547806076s,1.479557373s,0s,12255,12255,0
27.47063173s,1.454326615s,0s,12260,12260,0
23.787719753s,1.027524302s,0s,12269,12269,0
24.331799862s,1.164551237s,0s,12264,12264,0
24.64652467s,1.045001651s,0s,12261,12261,0
24.790123188s,1.20486794s,0s,12267,12267,0
24.87468136s,1.15731381s,0s,12270,12270,0
25.181129727s,1.293069496s,0s,12263,12263,0
25.228853529s,1.339600071s,0s,12262,12262,0
25.36254694s,1.301336156s,0s,12268,12268,0
25.401137117s,1.036729205s,0s,12265,12265,0
26.326519446s,1.4679434s,0s,12266,12266,0
23.780588347s,1.118412657s,0s,12278,12278,0
23.862151816s,1.234295254s,0s,12272,12272,0
23.97671172s,1.115141784s,0s,12273,12273,0
24.956649993s,1.340960872s,0s,12276,12276,0
25.144452818s,1.170056245s,0s,12279,12279,0
25.165066025s,1.144664374s,0s,12274,12274,0
25.28276915s,1.260525426s,0s,12271,12271,0
25.738772709s,1.276739976s,0s,12275,12275,0
25.766261404s,1.156936939s,0s,12277,12277,0
26.264260513s,1.466270696s,0s,12280,12280,0
23.061988199s,1.278072951s,0s,12281,12281,0
24.236704118s,1.459073897s,0s,12290,12290,0
24.641629694s,1.363574679s,0s,12282,12282,0
25.448734955s,1.260901145s,0s,12284,12284,0
25.469323532s,1.239682921s,0s,12289,12289,0
25.529853758s,1.293318129s,0s,12288,12288,0
25.644580018s,1.012189026s,0s,12283,12283,0
26.005401464s,1.453822443s,0s,12286,12286,0
26.078112185s,1.147433323s,0s,12285,12285,0
26.583240481s,1.260946322s,0s,12287,12287,0
23.454768076s,1.160307645s,0s,12293,12293,0
23.642552799s,1.029983108s,0s,12297,12297,0
23.851341907s,1.003557415s,0s,12294,12294,0
24.01813211s,1.348309405s,0s,12295,12295,0
24.041745839s,1.259801821s,0s,12299,12299,0
24.272453678s,1.367453721s,0s,12298,12298,0
24.413169268s,1.277075528s,0s,12296,12296,0
25.217771731s,1.023797696s,0s,12300,12300,0
25.688780423s,1.259806953s,0s,12292,12292,0
26.317524054s,1.193538805s,0s,12291,12291,0
24.252418308s,1.400240863s,0s,12302,12302,0
24.715365289s,1.394944713s,0s,12305,12305,0
24.91308324s,1.24995295s,0s,12308,12308,0
24.925684818s,1.100479202s,0s,12309,12309,0
25.099464063s,1.364713052s,0s,12306,12306,0
25.178102023s,1.052132651s,0s,12310,12310,0
25.289821373s,1.05327027s,0s,12307,12307,0
25.744834282s,1.146733615s,0s,12303,12303,0
26.688554674s,1.255235092s,0s,12304,12304,0
27.13651063s,1.2634546s,0s,12301,12301,0
23.156689575s,1.202694052s,0s,12320,12320,0
24.045635639s,1.133363457s,0s,12319,12319,0
24.33437835s,1.078808961s,0s,12314,12314,0
24.786133906s,1.111034781s,0s,12313,12313,0
25.123983796s,1.347039752s,0s,12312,12312,0
25.189590992s,1.227005188s,0s,12318,12318,0
25.554405316s,1.043534237s,0s,12317,12317,0
25.834283252s,1.284508592s,0s,12316,12316,0
26.107044383s,1.320725636s,0s,12315,12315,0
26.55111082s,1.279229179s,0s,12311,12311,0
24.217969047s,1.271293581s,0s,12325,12325,0
24.918336945s,1.406621852s,0s,12321,12321,0
25.104924487s,1.432032393s,0s,12327,12327,0
25.320577829s,1.219513718s,0s,12323,12323,0
25.329175392s,1.248020403s,0s,12329,12329,0
25.333776057s,1.09976092s,0s,12330,12330,0
25.40542653s,1.228765972s,0s,12324,12324,0
25.655275454s,1.20830618s,0s,12328,12328,0
26.370146965s,1.175999076s,0s,12326,12326,0
26.491777859s,1.416831696s,0s,12322,12322,0
23.48989704s,1.191049436s,0s,12339,12339,0
23.52749242s,1.217238919s,0s,12335,12335,0
23.529052826s,1.002088098s,0s,12331,12331,0
24.245251843s,1.119802163s,0s,12336,12336,0
25.090151611s,1.332750434s,0s,12332,12332,0
25.097849442s,1.363002053s,0s,12334,12334,0
25.481842331s,1.032321364s,0s,12338,12338,0
26.05974972s,1.049584026s,0s,12333,12333,0
26.291433901s,1.497277615s,0s,12337,12337,0
26.741120391s,1.230486125s,0s,12340,12340,0
23.182057371s,1.00408405s,0s,12349,12349,0
23.975788394s,1.235891404s,0s,12345,12345,0
24.088597744s,1.435796402s,0s,12346,12346,0
24.290370155s,1.260029036s,0s,12347,12347,0
24.535989368s,1.308283238s,0s,12341,12341,0
24.704717442s,1.016329876s,0s,12348,12348,0
25.314714597s,1.260036267s,0s,12343,12343,0
25.656581031s,1.397518597s,0s,12350,12350,0
25.78132137s,1.115587765s,0s,12344,12344,0
26.971948549s,1.439973501s,0s,12342,12342,0
23.872441377s,1.214520117s,0s,12352,12352,0
24.557596748s,1.417993947s,0s,12359,12359,0
24.965528115s,1.028978839s,0s,12356,12356,0
24.987128614s,1.344325663s,0s,12360,12360,0
25.139766364s,1.32206936s,0s,12355,12355,0
25.267488094s,1.25082194s,0s,12353,12353,0
25.641778543s,1.480284184s,0s,12357,12357,0
26.181366657s,1.070195601s,0s,12351,12351,0
26.579229889s,1.382777095s,0s,12358,12358,0
26.967178259s,1.347575351s,0s,12354,12354,0
24.07280907s,1.025314296s,0s,12361,12361,0
24.465626292s,1.092049592s,0s,12362,12362,0
24.523252296s,1.050638004s,0s,12370,12370,0
24.57789997s,1.050616251s,0s,12368,12368,0
24.619458805s,1.077823863s,0s,12364,12364,0
24.778195543s,1.361733071s,0s,12366,12366,0
25.25220751s,1.224230619s,0s,12367,12367,0
25.331117799s,1.328518818s,0s,12365,12365,0
25.779047352s,1.492087238s,0s,12369,12369,0
26.760982302s,1.399938455s,0s,12363,12363,0
23.927917543s,1.074225472s,0s,12371,12371,0
24.151622969s,1.208754526s,0s,12377,12377,0
24.285324873s,1.256244525s,0s,12375,12375,0
24.420009867s,1.017996445s,0s,12374,12374,0
24.504629369s,1.472239647s,0s,12380,12380,0
25.450072702s,1.214984679s,0s,12376,12376,0
25.975066951s,1.355726771s,0s,12378,12378,0
26.144864091s,1.333484752s,0s,12373,12373,0
26.31156105s,1.087465118s,0s,12372,12372,0
26.937054636s,1.428976992s,0s,12379,12379,0
24.220719131s,1.451958802s,0s,12381,12381,0
24.260349054s,1.020070414s,0s,12388,12388,0
24.313967895s,1.066534143s,0s,12389,12389,0
24.786720554s,1.22136771s,0s,12382,12382,0
24.810404171s,1.424767505s,0s,12384,12384,0
24.811977971s,1.067672765s,0s,12386,12386,0
25.569766114s,1.472241986s,0s,12387,12387,0
25.63336406s,1.186123096s,0s,12385,12385,0
25.640031194s,1.030316421s,0s,12383,12383,0
25.847747362s,1.102932245s,0s,12390,12390,0
23.039180379s,1.315428014s,0s,12396,12396,0
23.568302174s,1.250618699s,0s,12398,12398,0
24.215996707s,1.264132923s,0s,12394,12394,0
24.237601999s,1.020856459s,0s,12397,12397,0
25.165596038s,1.069028765s,0s,12395,12395,0
25.427427656s,1.254845292s,0s,12391,12391,0
26.294792484s,1.32658144s,0s,12400,12400,0
26.342483458s,1.433922969s,0s,12392,12392,0
26.496182359s,1.255981328s,0s,12399,12399,0
26.622865024s,1.233355842s,0s,12393,12393,0
24.998074329s,1.236216101s,0s,12410,12410,0
25.197844298s,1.157717374s,0s,12402,12402,0
25.329474905s,1.181041304s,0s,12407,12407,0
25.41710361s,1.03528611s,0s,12406,12406,0
25.597848908s,1.371721737s,0s,12403,12403,0
25.628426328s,1.091532138s,0s,12405,12405,0
25.671073344s,1.433918939s,0s,12404,12404,0
25.734671477s,1.347505939s,0s,12401,12401,0
25.785272271s,1.165889338s,0s,12409,12409,0
26.442983775s,1.023088025s,0s,12408,12408,0
23.466619181s,1.182085775s,0s,12411,12411,0
24.401004017s,1.343609113s,0s,12419,12419,0
24.979152358s,1.155870225s,0s,12415,12415,0
25.351153724s,1.388863907s,0s,12420,12420,0
25.39889404s,1.140612832s,0s,12416,12416,0
25.541684162s,1.121111111s,0s,12414,12414,0
25.639434703s,1.236319597s,0s,12413,12413,0
25.666035005s,1.136394873s,0s,12418,12418,0
25.845804088s,1.100305284s,0s,12412,12412,0
26.592869294s,1.057022941s,0s,12417,12417,0
23.935223049s,1.176059399s,0s,12424,12424,0
24.008881328s,1.188493626s,0s,12427,12427,0
24.782807252s,1.26576619s,0s,12429,12429,0
24.896477951s,1.079327777s,0s,12428,12428,0
25.062259469s,1.101572749s,0s,12426,12426,0
25.360129493s,1.369248301s,0s,12422,12422,0
25.493974401s,1.052116159s,0s,12425,12425,0
25.810668708s,1.148814175s,0s,12421,12421,0
26.483888906s,1.313990688s,0s,12423,12423,0
26.826684067s,1.1843195s,0s,12430,12430,0
23.309897752s,1.088170252s,0s,12439,12439,0
23.863955523s,1.489556436s,0s,12433,12433,0
23.942662846s,1.404278531s,0s,12440,12440,0
24.270511584s,1.092427722s,0s,12435,12435,0
24.486386485s,1.265017394s,0s,12436,12436,0
24.783409938s,1.314548365s,0s,12432,12432,0
25.107330546s,1.363790478s,0s,12434,12434,0
25.271958007s,1.16967101s,0s,12431,12431,0
26.341002873s,1.277276976s,0s,12438,12438,0
26.492690803s,1.382022316s,0s,12437,12437,0
23.163752965s,1.279867217s,0s,12441,12441,0
23.891921012s,1.022351144s,0s,12444,12444,0
23.909534839s,1.423721585s,0s,12446,12446,0
23.967223686s,1.263683277s,0s,12443,12443,0
24.086991702s,1.317065089s,0s,12442,12442,0
24.804873724s,1.374483664s,0s,12447,12447,0
24.994613281s,1.336235769s,0s,12445,12445,0
25.011160513s,1.044547033s,0s,12448,12448,0
25.029822376s,1.132767436s,0s,12449,12449,0
27.034786813s,1.424942832s,0s,12450,12450,0
23.110512238s,1.134391925s,0s,12456,12456,0
24.562743369s,1.476007142s,0s,12451,12451,0
24.756541511s,1.201914662s,0s,12459,12459,0
25.263566854s,1.119094678s,0s,12460,12460,0
25.754464923s,1.461786455s,0s,12455,12455,0
26.014202505s,1.254033382s,0s,12454,12454,0
26.119828532s,1.359499359s,0s,12452,12452,0
26.319570596s,1.481249935s,0s,12453,12453,0
26.359100957s,1.26928002s,0s,12457,12457,0
26.619878452s,1.158721199s,0s,12458,12458,0
24.015208261s,1.338290582s,0s,12463,12463,0
24.016662389s,1.184536981s,0s,12462,12462,0
24.111090078s,1.402041632s,0s,12467,12467,0
25.596172634s,1.07827143s,0s,12465,12465,0
26.381148193s,1.37895721s,0s,12464,12464,0
26.440718601s,1.02411173s,0s,12466,12466,0
26.577461937s,1.355656978s,0s,12468,12468,0
26.98839652s,1.443303288s,0s,12470,12470,0
27.068096873s,1.33205344s,0s,12461,12461,0
27.488179432s,1.229719507s,0s,12469,12469,0
24.043461964s,1.077955193s,0s,12479,12479,0
24.093034497s,1.156779253s,0s,12478,12478,0
24.677140182s,1.1072666s,0s,12475,12475,0
24.716742284s,1.379611937s,0s,12472,12472,0
25.775544582s,1.204025276s,0s,12477,12477,0
25.829227471s,1.233322899s,0s,12473,12473,0
25.940894208s,1.306821988s,0s,12480,12480,0
26.617497037s,1.262496309s,0s,12476,12476,0
26.870233869s,1.123519556s,0s,12471,12471,0
27.293834489s,1.352984418s,0s,12474,12474,0
23.559125383s,1.167318749s,0s,12489,12489,0
24.242383055s,1.215805096s,0s,12483,12483,0
25.147297966s,1.189540448s,0s,12482,12482,0
25.231901356s,1.129064557s,0s,12486,12486,0
25.262460248s,1.444512s,0s,12487,12487,0
25.431205788s,1.485830416s,0s,12490,12490,0
25.677049651s,1.282032383s,0s,12484,12484,0
26.066893843s,1.00761539s,0s,12485,12485,0
26.35871634s,1.058933711s,0s,12481,12481,0
26.977357293s,1.388320924s,0s,12488,12488,0
23.513133877s,1.19905114s,0s,12498,12498,0
23.529721263s,1.246577729s,0s,12500,12500,0
24.372028192s,1.00231119s,0s,12499,12499,0
24.457587761s,1.225287461s,0s,12493,12493,0
24.468144915s,1.329355822s,0s,12496,12496,0
24.648775445s,1.013551038s,0s,12492,12492,0
24.945673335s,1.364569666s,0s,12494,12494,0
25.262580014s,1.309114914s,0s,12491,12491,0
25.294262258s,1.248772446s,0s,12497,12497,0
25.457187066s,1.03178386s,0s,12495,12495,0
23.35915986s,1.409012786s,0s,12506,12506,0
24.154412973s,1.024161675s,0s,12505,12505,0
24.250080888s,1.37835008s,0s,12507,12507,0
24.59683642s,1.444272005s,0s,12504,12504,0
24.623408479s,1.307109637s,0s,12502,12502,0
24.769146709s,1.135447033s,0s,12508,12508,0
25.32714948s,1.400793305s,0s,12510,12510,0
25.783600872s,1.269854109s,0s,12509,12509,0
26.12453643s,1.385570217s,0s,12501,12501,0
26.447278791s,1.187680622s,0s,12503,12503,0
24.133879135s,1.207337764s,0s,12519,12519,0
24.662147374s,1.044323518s,0s,12515,12515,0
25.486759597s,1.283622195s,0s,12517,12517,0
25.548359078s,1.023093326s,0s,12511,12511,0
25.54834352s,1.350837984s,0s,12516,12516,0
25.618568653s,1.382129877s,0s,12513,12513,0
25.743264164s,1.069793148s,0s,12512,12512,0
26.090226515s,1.38535478s,0s,12520,12520,0
26.881466259s,1.460574654s,0s,12514,12514,0
27.090339144s,1.124051842s,0s,12518,12518,0
23.732986244s,1.055337799s,0s,12521,12521,0
24.608239038s,1.065605087s,0s,12525,12525,0
24.689875458s,1.123021622s,0s,12527,12527,0
25.134715246s,1.433230618s,0s,12528,12528,0
25.384454477s,1.301556953s,0s,12530,12530,0
25.748365882s,1.051126567s,0s,12522,12522,0
26.108886756s,1.386032773s,0s,12523,12523,0
26.732845839s,1.333761646s,0s,12526,12526,0
26.753483314s,1.069806559s,0s,12529,12529,0
26.927798779s,1.223271451s,0s,12524,12524,0
24.504093265s,1.00012333s,0s,12533,12533,0
24.685805299s,1.316873048s,0s,12536,12536,0
24.798417966s,1.454282135s,0s,12535,12535,0
25.015938288s,1.254216628s,0s,12540,12540,0
25.192858618s,1.139702659s,0s,12539,12539,0
25.598939211s,1.224002379s,0s,12532,12532,0
25.611575095s,1.411098137s,0s,12537,12537,0
26.000213425s,1.114502013s,0s,12531,12531,0
26.944640127s,1.277675409s,0s,12534,12534,0
27.481466451s,1.277667312s,0s,12538,12538,0
24.219871506s,1.461052724s,0s,12549,12549,0
25.020164199s,1.029250172s,0s,12546,12546,0
25.2149382s,1.183966356s,0s,12541,12541,0
25.323498497s,1.047507455s,0s,12544,12544,0
25.535306987s,1.461066706s,0s,12550,12550,0
25.551110357s,1.189425071s,0s,12548,12548,0
25.648835259s,1.187215035s,0s,12542,12542,0
25.857582602s,1.006949833s,0s,12547,12547,0
25.859079096s,1.229664033s,0s,12543,12543,0
26.954483047s,1.182848581s,0s,12545,12545,0
24.341485486s,1.489747168s,0s,12551,12551,0
24.495164271s,1.336288811s,0s,12554,12554,0
24.804080079s,1.130906526s,0s,12555,12555,0
24.807603831s,1.216254226s,0s,12553,12553,0
24.990239174s,1.384502737s,0s,12557,12557,0
25.15101294s,1.164044507s,0s,12559,12559,0
25.30569952s,1.24156265s,0s,12560,12560,0
25.430338038s,1.048664484s,0s,12558,12558,0
25.523969609s,1.289800159s,0s,12556,12556,0
26.297688493s,1.331089092s,0s,12552,12552,0
23.729768311s,1.3227567s,0s,12568,12568,0
24.063626551s,1.468231081s,0s,12566,12566,0
24.877501465s,1.061558088s,0s,12569,12569,0
25.04722712s,1.303562172s,0s,12570,12570,0
25.095784172s,1.13782279s,0s,12562,12562,0
25.36047299s,1.233299237s,0s,12565,12565,0
25.437072373s,1.436037426s,0s,12561,12561,0
26.205257596s,1.219021514s,0s,12567,12567,0
26.454015622s,1.037358322s,0s,12564,12564,0
26.484704977s,1.000078814s,0s,12563,12563,0
23.993791427s,1.134418624s,0s,12574,12574,0
24.197651857s,1.457100069s,0s,12571,12571,0
24.409359006s,1.451974321s,0s,12576,12576,0
24.463984905s,1.439642835s,0s,12577,12577,0
24.934944312s,1.472363839s,0s,12580,12580,0
24.993635523s,1.173614741s,0s,12575,12575,0
25.903984562s,1.049154849s,0s,12579,12579,0
26.128903885s,1.321122699s,0s,12572,12572,0
26.622877904s,1.395439162s,0s,12578,12578,0
26.778621512s,1.251896267s,0s,12573,12573,0
24.342172166s,1.086896449s,0s,12590,12590,0
24.593998032s,1.276819637s,0s,12584,12584,0
25.031617942s,1.18213258s,0s,12587,12587,0
25.222416025s,1.286047021s,0s,12582,12582,0
25.280066524s,1.433902525s,0s,12589,12589,0
25.295683012s,1.414529771s,0s,12581,12581,0
25.378410446s,1.439097382s,0s,12588,12588,0
25.845392075s,1.202449323s,0s,12583,12583,0
25.868057814s,1.439096163s,0s,12586,12586,0
26.357847763s,1.315292234s,0s,12585,12585,0
23.495350106s,1.332505385s,0s,12593,12593,0
24.000454088s,1.125511226s,0s,12592,12592,0
24.078065864s,1.111140476s,0s,12595,12595,0
24.275867135s,1.356700732s,0s,12598,12598,0
24.81059078s,1.11332666s,0s,12600,12600,0
25.004445728s,1.200972444s,0s,12594,12594,0
25.39433803s,1.32326923s,0s,12596,12596,0
25.645069547s,1.390047186s,0s,12599,12599,0
25.980080433s,1.359931461s,0s,12597,12597,0
26.145854542s,1.136731519s,0s,12591,12591,0
23.738429378s,1.315355174s,0s,12610,12610,0
23.908115834s,1.350615167s,0s,12601,12601,0
24.647284479s,1.009092289s,0s,12604,12604,0
24.887506542s,1.360862274s,0s,12603,12603,0
24.92108249s,1.267853779s,0s,12609,12609,0
24.982679887s,1.220669115s,0s,12605,12605,0
25.044236718s,1.442089601s,0s,12602,12602,0
25.550242953s,1.314258527s,0s,12607,12607,0
25.658938923s,1.29403244s,0s,12608,12608,0
27.099422437s,1.47328938s,0s,12606,12606,0
23.182518843s,1.169531079s,0s,12611,12611,0
23.30023037s,1.053759179s,0s,12613,12613,0
24.604173637s,1.493234478s,0s,12620,12620,0
24.870156903s,1.01456631s,0s,12617,12617,0
25.045002028s,1.297842411s,0s,12614,12614,0
25.208789187s,1.150241625s,0s,12615,12615,0
25.35441772s,1.47037633s,0s,12616,12616,0
25.529172594s,1.383109087s,0s,12619,12619,0
26.28344142s,1.002330771s,0s,12612,12612,0
26.499797537s,1.128016085s,0s,12618,12618,0
24.110776488s,1.318540098s,0s,12629,12629,0
24.284484071s,1.173482168s,0s,12623,12623,0
25.052401915s,1.016116951s,0s,12630,12630,0
25.059029317s,1.330744261s,0s,12621,12621,0
25.078591406s,1.19071543s,0s,12625,12625,0
25.181209205s,1.417250579s,0s,12628,12628,0
25.477101868s,1.359013178s,0s,12624,12624,0
26.450524472s,1.206980814s,0s,12622,12622,0
26.542301919s,1.433558366s,0s,12627,12627,0
26.656021657s,1.304286475s,0s,12626,12626,0
23.500081593s,1.151994889s,0s,12640,12640,0
24.221659444s,1.131554531s,0s,12632,12632,0
24.584621899s,1.134782882s,0s,12633,12633,0
24.927578931s,1.184257938s,0s,12635,12635,0
25.129125036s,1.387975215s,0s,12637,12637,0
25.143833756s,1.051122305s,0s,12636,12636,0
25.628913451s,1.255460055s,0s,12639,12639,0
25.945838387s,1.12537786s,0s,12631,12631,0
25.963684948s,1.320676141s,0s,12638,12638,0
26.388519247s,1.443236598s,0s,12634,12634,0
23.370384372s,1.45226712s,0s,12641,12641,0
23.613049417s,1.295038633s,0s,12643,12643,0
24.188192155s,1.352721381s,0s,12648,12648,0
24.272818892s,1.323473343s,0s,12647,12647,0
24.656623246s,1.120774173s,0s,12649,12649,0
24.685215204s,1.32128403s,0s,12645,12645,0
25.269884508s,1.006082032s,0s,12642,12642,0
25.610618186s,1.363948264s,0s,12650,12650,0
25.738301141s,1.071343594s,0s,12644,12644,0
25.890838439s,1.084534464s,0s,12646,12646,0
23.814963152s,1.427758837s,0s,12660,12660,0
25.028672129s,1.497539176s,0s,12655,12655,0
25.055333827s,1.417509391s,0s,12657,12657,0
25.087987233s,1.250022183s,0s,12651,12651,0
25.479672939s,1.335252162s,0s,12656,12656,0
25.511336733s,1.448003137s,0s,12652,12652,0
25.674006635s,1.476266552s,0s,12659,12659,0
25.947934054s,1.190281129s,0s,12658,12658,0
25.967564627s,1.198612241s,0s,12654,12654,0
26.130075234s,1.247876247s,0s,12653,12653,0
23.208982271s,1.042122161s,0s,12662,12662,0
24.217857073s,1.441102288s,0s,12664,12664,0
24.672889462s,1.251630092s,0s,12661,12661,0
25.027148967s,1.477373882s,0s,12663,12663,0
25.169893455s,1.412874348s,0s,12665,12665,0
25.787807054s,1.341090602s,0s,12668,12668,0
25.938460073s,1.376339763s,0s,12669,12669,0
26.133260231s,1.262856619s,0s,12667,12667,0
26.582110389s,1.116360546s,0s,12670,12670,0
26.878932242s,1.396546484s,0s,12666,12666,0
24.319639394s,1.319415303s,0s,12680,12680,0
24.541375569s,1.11439462s,0s,12676,12676,0
24.631997202s,1.166586664s,0s,12671,12671,0
24.665569629s,1.066132971s,0s,12677,12677,0
25.034418065s,1.427056086s,0s,12673,12673,0
25.173155127s,1.35659216s,0s,12672,12672,0
26.129636274s,1.284952076s,0s,12678,12678,0
26.534567761s,1.315105641s,0s,12679,12679,0
26.652154989s,1.499471256s,0s,12675,12675,0
27.085050562s,1.3998273s,0s,12674,12674,0
23.290774674s,1.334193897s,0s,12686,12686,0
23.9979629s,1.432957516s,0s,12684,12684,0
24.269792414s,1.46719217s,0s,12688,12688,0
25.078116706s,1.121378911s,0s,12689,12689,0
25.712251558s,1.408727088s,0s,12681,12681,0
26.120871443s,1.271965191s,0s,12683,12683,0
26.185561332s,1.491414593s,0s,12690,12690,0
26.239207261s,1.40544217s,0s,12687,12687,0
26.589991364s,1.017677711s,0s,12682,12682,0
26.664549105s,1.168702992s,0s,12685,12685,0
23.238217597s,1.243049232s,0s,12696,12696,0
24.013789944s,1.220761415s,0s,12694,12694,0
24.135430786s,1.040534807s,0s,12697,12697,0
24.484951385s,1.214513165s,0s,12693,12693,0
24.615602953s,1.135030019s,0s,12691,12691,0
25.29174679s,1.152236184s,0s,12692,12692,0
25.398352523s,1.277265906s,0s,12699,12699,0
26.280705418s,1.090767426s,0s,12700,12700,0
26.361354549s,1.008237008s,0s,12698,12698,0
27.246491607s,1.424617321s,0s,12695,12695,0
23.928928607s,1.228629959s,0s,12706,12706,0
24.111529876s,1.03937599s,0s,12704,12704,0
24.124262997s,1.220440553s,0s,12702,12702,0
24.717390165s,1.417133457s,0s,12710,12710,0
24.802222632s,1.266908782s,0s,12708,12708,0
24.96499588s,1.454504333s,0s,12703,12703,0
25.003668516s,1.037133671s,0s,12709,12709,0
25.525744523s,1.181991382s,0s,12707,12707,0
25.543318795s,1.044599852s,0s,12705,12705,0
25.788109159s,1.184182837s,0s,12701,12701,0
23.578875924s,1.082402719s,0s,12715,12715,0
23.983782336s,1.442079486s,0s,12713,12713,0
24.001417961s,1.189686165s,0s,12712,12712,0
24.289314535s,1.071172572s,0s,12716,12716,0
24.967850338s,1.464249692s,0s,12718,12718,0
25.47484666s,1.416920397s,0s,12711,12711,0
26.009859485s,1.498542158s,0s,12714,12714,0
26.106590349s,1.280923119s,0s,12720,12720,0
26.188776621s,1.082396925s,0s,12717,12717,0
26.526602741s,1.373728461s,0s,12719,12719,0
24.119056318s,1.078571332s,0s,12721,12721,0
24.119108018s,1.230035371s,0s,12730,12730,0
24.620608086s,1.46721039s,0s,12729,12729,0
24.722521474s,1.185868048s,0s,12726,12726,0
24.928418656s,1.05231109s,0s,12723,12723,0
25.193143586s,1.026113024s,0s,12728,12728,0
25.925417564s,1.412740196s,0s,12724,12724,0
26.0119201s,1.270238112s,0s,12722,12722,0
26.106647946s,1.42804207s,0s,12725,12725,0
26.161324166s,1.272452701s,0s,12727,12727,0
23.829228513s,1.250898702s,0s,12733,12733,0
24.493859954s,1.014153182s,0s,12737,12737,0
24.928728472s,1.136579474s,0s,12740,12740,0
25.172525735s,1.07166564s,0s,12734,12734,0
25.181111626s,1.016383087s,0s,12731,12731,0
25.415884329s,1.255122645s,0s,12732,12732,0
25.77934667s,1.116351184s,0s,12739,12739,0
26.191350566s,1.369494957s,0s,12738,12738,0
26.238988414s,1.092097965s,0s,12735,12735,0
26.552851723s,1.089965728s,0s,12736,12736,0
23.834813861s,1.044124306s,0s,12745,12745,0
23.913497287s,1.047346767s,0s,12746,12746,0
24.648771199s,1.345606813s,0s,12749,12749,0
24.977430678s,1.10397336s,0s,12750,12750,0
25.160168341s,1.069735881s,0s,12744,12744,0
25.235785291s,1.218044877s,0s,12747,12747,0
25.430436683s,1.411844699s,0s,12743,12743,0
25.840068417s,1.414046073s,0s,12741,12741,0
26.132963949s,1.048460948s,0s,12748,12748,0
27.077407807s,1.28237529s,0s,12742,12742,0
23.384309293s,1.407023115s,0s,12754,12754,0
23.457982433s,1.03836165s,0s,12756,12756,0
23.73969677s,1.200016089s,0s,12757,12757,0
24.529978351s,1.121804024s,0s,12752,12752,0
24.82179366s,1.101559208s,0s,12759,12759,0
24.838393188s,1.20625359s,0s,12755,12755,0
25.067258762s,1.3097681s,0s,12760,12760,0
25.574929932s,1.252487977s,0s,12758,12758,0
25.792670689s,1.005127481s,0s,12751,12751,0
27.092460272s,1.438234426s,0s,12753,12753,0
24.105306645s,1.250393436s,0s,12762,12762,0
24.326146866s,1.455068645s,0s,12766,12766,0
24.368832613s,1.380992986s,0s,12770,12770,0
24.484529754s,1.02636296s,0s,12768,12768,0
24.749227025s,1.005132714s,0s,12763,12763,0
24.859930668s,1.169079625s,0s,12761,12761,0
25.194810309s,1.276670959s,0s,12764,12764,0
25.647717607s,1.078549953s,0s,12765,12765,0
25.847445114s,1.492314945s,0s,12767,12767,0
26.755143853s,1.101839543s,0s,12769,12769,0
24.36841142s,1.114656783s,0s,12777,12777,0
24.706199636s,1.486139368s,0s,12775,12775,0
24.736840902s,1.118024553s,0s,12772,12772,0
24.924623042s,1.078413255s,0s,12771,12771,0
25.145470168s,1.226676915s,0s,12780,12780,0
25.770652953s,1.147219045s,0s,12773,12773,0
26.245134619s,1.074147803s,0s,12778,12778,0
26.248989681s,1.191448776s,0s,12779,12779,0
26.400074255s,1.25362688s,0s,12774,12774,0
26.475694469s,1.352865062s,0s,12776,12776,0
24.505724126s,1.308260249s,0s,12786,12786,0
24.702478814s,1.488033391s,0s,12782,12782,0
24.800723923s,1.379589233s,0s,12789,12789,0
25.010409197s,1.027024958s,0s,12790,12790,0
25.262232402s,1.046235818s,0s,12783,12783,0
25.503061587s,1.217589905s,0s,12787,12787,0
25.947960239s,1.23580308s,0s,12781,12781,0
26.070659683s,1.011844864s,0s,12788,12788,0
26.354500757s,1.260069414s,0s,12784,12784,0
26.43722207s,1.384794511s,0s,12785,12785,0
23.578782186s,1.265878565s,0s,12797,12797,0
24.259045422s,1.159365572s,0s,12795,12795,0
24.419688861s,1.438230984s,0s,12791,12791,0
24.586544619s,1.079086256s,0s,12799,12799,0
24.870357887s,1.308518093s,0s,12792,12792,0
25.067100915s,1.329792278s,0s,12793,12793,0
25.168661209s,1.292160339s,0s,12794,12794,0
25.276361166s,1.214674389s,0s,12796,12796,0
25.717325015s,1.008832466s,0s,12800,12800,0
26.825881955s,1.411066794s,0s,12798,12798,0
23.489160446s,1.007000609s,0s,12805,12805,0
24.139117589s,1.261845075s,0s,12801,12801,0
24.584012124s,1.09853489s,0s,12809,12809,0
24.862922212s,1.285076348s,0s,12802,12802,0
25.371943415s,1.307450056s,0s,12808,12808,0
25.405497349s,1.303279474s,0s,12804,12804,0
25.512163119s,1.030113734s,0s,12806,12806,0
25.642854786s,1.398746602s,0s,12807,12807,0
26.222025431s,1.031235623s,0s,12810,12810,0
26.695655294s,1.458018008s,0s,12803,12803,0
23.42996367s,1.26226506s,0s,12815,12815,0
23.831850126s,1.036585502s,0s,12816,12816,0
23.87952666s,1.169018329s,0s,12817,12817,0
24.323108798s,1.325550308s,0s,12813,12813,0
24.482850403s,1.486342054s,0s,12811,12811,0
25.157543921s,1.449947693s,0s,12819,12819,0
25.24818659s,1.016346229s,0s,12814,12814,0
25.43093911s,1.463075688s,0s,12820,12820,0
25.432535324s,1.154886137s,0s,12812,12812,0
25.445099536s,1.326648227s,0s,12818,12818,0
23.245374486s,1.41582115s,0s,12821,12821,0
23.482118223s,1.381147233s,0s,12822,12822,0
24.782113978s,1.432034621s,0s,12825,12825,0
25.017963054s,1.391369584s,0s,12830,12830,0
25.089575488s,1.40659148s,0s,12824,12824,0
25.228310325s,1.096365822s,0s,12823,12823,0
25.681134425s,1.29491871s,0s,12826,12826,0
26.200944905s,1.039103124s,0s,12828,12828,0
26.665778195s,1.281615436s,0s,12829,12829,0
26.809452181s,1.452249658s,0s,12827,12827,0
23.393227855s,1.289874008s,0s,12831,12831,0
24.373491057s,1.45591674s,0s,12835,12835,0
24.436162508s,1.308073311s,0s,12836,12836,0
24.760054639s,1.237688408s,0s,12834,12834,0
25.163927836s,1.017293026s,0s,12840,12840,0
25.327422823s,1.003103853s,0s,12839,12839,0
25.351037196s,1.487298038s,0s,12832,12832,0
25.379591937s,1.438683366s,0s,12833,12833,0
25.426246573s,1.394332808s,0s,12838,12838,0
25.430869248s,1.467100692s,0s,12837,12837,0
23.824635518s,1.302101583s,0s,12842,12842,0
24.07648723s,1.224868094s,0s,12849,12849,0
24.419242383s,1.040305982s,0s,12844,12844,0
24.79684579s,1.446016233s,0s,12843,12843,0
25.138705226s,1.359393975s,0s,12841,12841,0
25.409403142s,1.487326753s,0s,12850,12850,0
25.887208959s,1.421819773s,0s,12847,12847,0
25.952968844s,1.076488914s,0s,12848,12848,0
26.277627119s,1.020068348s,0s,12846,12846,0
26.418330099s,1.407571247s,0s,12845,12845,0
23.96734652s,1.143269517s,0s,12860,12860,0
24.05803098s,1.032321425s,0s,12858,12858,0
24.411874972s,1.054605061s,0s,12853,12853,0
24.58562275s,1.245048586s,0s,12855,12855,0
25.256989048s,1.094786802s,0s,12856,12856,0
25.569884978s,1.146471267s,0s,12854,12854,0
25.573652888s,1.293267628s,0s,12859,12859,0
25.591199271s,1.100048551s,0s,12852,12852,0
26.648320685s,1.024106548s,0s,12857,12857,0
26.767005112s,1.179705669s,0s,12851,12851,0
24.476819216s,1.254983345s,0s,12861,12861,0
24.632457047s,1.373839544s,0s,12868,12868,0
24.893324064s,1.374943609s,0s,12862,12862,0
24.893683519s,1.446211422s,0s,12865,12865,0
25.132166383s,1.152440546s,0s,12863,12863,0
25.300974716s,1.358559157s,0s,12866,12866,0
25.489840437s,1.218685921s,0s,12870,12870,0
25.550632749s,1.296356704s,0s,12864,12864,0
25.592228129s,1.265094196s,0s,12869,12869,0
25.626824126s,1.004063368s,0s,12867,12867,0
23.841601348s,1.254626135s,0s,12873,12873,0
24.386694065s,1.257818351s,0s,12878,12878,0
24.561609281s,1.392031182s,0s,12871,12871,0
24.636402014s,1.135117503s,0s,12880,12880,0
24.682039333s,1.330305631s,0s,12879,12879,0
24.712651665s,1.178313162s,0s,12872,12872,0
25.060563506s,1.062800869s,0s,12875,12875,0
25.255356927s,1.333607587s,0s,12877,12877,0
25.718288637s,1.380803243s,0s,12874,12874,0
25.946041074s,1.288116251s,0s,12876,12876,0
24.163326535s,1.132502121s,0s,12882,12882,0
24.294014875s,1.283004034s,0s,12890,12890,0
24.339607692s,1.071984205s,0s,12883,12883,0
25.260543796s,1.115329793s,0s,12886,12886,0
25.263076778s,1.304252467s,0s,12884,12884,0
25.570996333s,1.067781102s,0s,12881,12881,0
25.783689494s,1.098118621s,0s,12888,12888,0
25.932277839s,1.392737958s,0s,12887,12887,0
26.380825241s,1.22876162s,0s,12889,12889,0
27.083980074s,1.329482975s,0s,12885,12885,0
24.291214201s,1.351241317s,0s,12893,12893,0
24.43291707s,1.152323946s,0s,12894,12894,0
25.027983763s,1.418710413s,0s,12892,12892,0
25.129737289s,1.022871337s,0s,12900,12900,0
25.255898249s,1.360442911s,0s,12896,12896,0
25.304486191s,1.281954678s,0s,12891,12891,0
25.614094659s,1.227530658s,0s,12898,12898,0
25.840949888s,1.420905223s,0s,12899,12899,0
26.033826949s,1.257753988s,0s,12895,12895,0
27.128325911s,1.474096035s,0s,12897,12897,0
24.352102098s,1.015095681s,0s,12910,12910,0
24.829069976s,1.354720156s,0s,12909,12909,0
25.010796624s,1.252098539s,0s,12903,12903,0
25.195531071s,1.281485417s,0s,12905,12905,0
25.280179883s,1.108395447s,0s,12907,12907,0
25.392757921s,1.36399163s,0s,12901,12901,0
25.635511672s,1.374140172s,0s,12904,12904,0
25.983203809s,1.396469744s,0s,12906,12906,0
26.060836538s,1.167910813s,0s,12902,12902,0
26.126460122s,1.163631317s,0s,12908,12908,0
23.224021963s,1.224040421s,0s,12913,12913,0
24.363477569s,1.032110824s,0s,12918,12918,0
24.481162121s,1.072341651s,0s,12920,12920,0
25.119253934s,1.293550722s,0s,12911,12911,0
25.191939036s,1.251327585s,0s,12912,12912,0
25.411735466s,1.401931247s,0s,12915,12915,0
25.661544282s,1.102526922s,0s,12917,12917,0
25.803295041s,1.172831514s,0s,12919,12919,0
26.097151684s,1.435044909s,0s,12914,12914,0
26.293927726s,1.486242334s,0s,12916,12916,0
23.389636408s,1.081610089s,0s,12927,12927,0
24.61647779s,1.10480197s,0s,12924,12924,0
24.96636683s,1.458268818s,0s,12930,12930,0
25.044191475s,1.446059353s,0s,12922,12922,0
25.303970119s,1.318609847s,0s,12923,12923,0
25.929841847s,1.059369645s,0s,12921,12921,0
25.957415746s,1.166269971s,0s,12929,12929,0
26.208151566s,1.499546072s,0s,12926,12926,0
26.345831005s,1.141073473s,0s,12928,12928,0
27.564330628s,1.333825896s,0s,12925,12925,0
24.572521165s,1.206698218s,0s,12934,12934,0
24.71706008s,1.056193407s,0s,12936,12936,0
24.806976294s,1.253337546s,0s,12937,12937,0
24.852972917s,1.133969778s,0s,12940,12940,0
24.93056936s,1.104458452s,0s,12931,12931,0
25.072242322s,1.212934599s,0s,12933,12933,0
25.328786946s,1.154141792s,0s,12932,12932,0
25.371371206s,1.130667597s,0s,12938,12938,0
26.761222815s,1.243059322s,0s,12939,12939,0
27.014033541s,1.197515581s,0s,12935,12935,0
23.091842994s,1.090086132s,0s,12946,12946,0
23.450693606s,1.125791729s,0s,12944,12944,0
23.864682009s,1.0953003s,0s,12945,12945,0
24.018423329s,1.185078213s,0s,12942,12942,0
24.277224001s,1.423251722s,0s,12947,12947,0
24.458992567s,1.019920241s,0s,12943,12943,0
25.947012423s,1.118575914s,0s,12941,12941,0
26.107943188s,1.476805416s,0s,12950,12950,0
26.371568778s,1.203297753s,0s,12949,12949,0
26.670321306s,1.437500559s,0s,12948,12948,0
23.107962056s,1.194032367s,0s,12951,12951,0
25.002829301s,1.18490493s,0s,12956,12956,0
25.269765898s,1.245504226s,0s,12952,12952,0
25.408365613s,1.247694602s,0s,12953,12953,0
25.549118676s,1.227237181s,0s,12955,12955,0
25.880986536s,1.27299866s,0s,12958,12958,0
26.111717634s,1.10842486s,0s,12960,12960,0
26.199349616s,1.01414948s,0s,12954,12954,0
26.382259003s,1.245530162s,0s,12959,12959,0
27.05848705s,1.157628609s,0s,12957,12957,0
23.628049559s,1.056386491s,0s,12967,12967,0
24.090048446s,1.356938573s,0s,12968,12968,0
24.45694611s,1.372074054s,0s,12970,12970,0
24.937707253s,1.114631123s,0s,12969,12969,0
25.290338941s,1.164918133s,0s,12963,12963,0
25.580037749s,1.026122208s,0s,12965,12965,0
25.620656702s,1.280353565s,0s,12966,12966,0
25.762393546s,1.191040388s,0s,12962,12962,0
26.11331676s,1.31156937s,0s,12964,12964,0
26.970529803s,1.449318638s,0s,12961,12961,0
23.925920224s,1.036741885s,0s,12978,12978,0
24.042611922s,1.266321912s,0s,12972,12972,0
24.136231107s,1.397240953s,0s,12980,12980,0
24.573197876s,1.401494851s,0s,12976,12976,0
24.754976091s,1.150840703s,0s,12971,12971,0
25.44329243s,1.335571925s,0s,12979,12979,0
25.5179422s,1.133366111s,0s,12974,12974,0
25.607560373s,1.363071511s,0s,12975,12975,0
25.842928564s,1.244089123s,0s,12977,12977,0
25.894440715s,1.042060721s,0s,12973,12973,0
23.396488929s,1.059331044s,0s,12985,12985,0
24.382757165s,1.196247421s,0s,12987,12987,0
24.915428835s,1.14398467s,0s,12981,12981,0
25.014054546s,1.245474982s,0s,12986,12986,0
25.319553394s,1.060499334s,0s,12984,12984,0
25.436137849s,1.004079578s,0s,12989,12989,0
25.54977273s,1.262718639s,0s,12983,12983,0
25.575508772s,1.076720095s,0s,12982,12982,0
25.645565477s,1.329024845s,0s,12990,12990,0
25.666202661s,1.245469025s,0s,12988,12988,0
24.123716742s,1.121936384s,0s,12991,12991,0
24.22285699s,1.108547361s,0s,12999,12999,0
24.442627769s,1.263502726s,0s,12993,12993,0
24.708503599s,1.372737646s,0s,12997,12997,0
24.940207818s,1.374968927s,0s,13000,13000,0
25.903646199s,1.170051113s,0s,12996,12996,0
26.164411017s,1.190261152s,0s,12998,12998,0
26.239040914s,1.112759614s,0s,12992,12992,0
26.388794248s,1.093366327s,0s,12995,12995,0
26.544570029s,1.014096485s,0s,12994,12994,0
24.285007683s,1.143084759s,0s,13009,13009,0
24.33264351s,1.149250764s,0s,13008,13008,0
24.370142475s,1.12590663s,0s,13003,13003,0
24.466792322s,1.091657162s,0s,13001,13001,0
24.598620205s,1.271667029s,0s,13010,13010,0
24.852381957s,1.300911029s,0s,13005,13005,0
24.903993679s,1.300919554s,0s,13007,13007,0
25.029703051s,1.00308394s,0s,13004,13004,0
25.347630812s,1.01433439s,0s,13002,13002,0
25.516291078s,1.217479302s,0s,13006,13006,0
23.739433964s,1.116658718s,0s,13013,13013,0
24.067061887s,1.110404967s,0s,13019,13019,0
24.192782281s,1.143059426s,0s,13020,13020,0
24.45966809s,1.038116353s,0s,13015,13015,0
24.521292709s,1.136925596s,0s,13018,13018,0
24.872208325s,1.466596559s,0s,13017,13017,0
25.492348135s,1.442334636s,0s,13014,13014,0
25.587027627s,1.344693785s,0s,13011,13011,0
26.157921495s,1.252346908s,0s,13012,13012,0
27.296622941s,1.372993898s,0s,13016,13016,0
23.747798265s,1.337042153s,0s,13024,13024,0
24.0926433s,1.268238455s,0s,13029,13029,0
24.480633144s,1.298541448s,0s,13030,13030,0
24.884259074s,1.054341225s,0s,13028,13028,0
25.135017082s,1.006088965s,0s,13027,13027,0
25.237683981s,1.332922388s,0s,13023,13023,0
25.556237523s,1.31773206s,0s,13026,13026,0
25.85814525s,1.191688416s,0s,13025,13025,0
26.1750129s,1.345303262s,0s,13022,13022,0
27.07637731s,1.257000677s,0s,13021,13021,0
24.094303885s,1.297538602s,0s,13033,13033,0
24.334037936s,1.027337058s,0s,13031,13031,0
24.399779285s,1.310041779s,0s,13037,13037,0
24.435420898s,1.464572879s,0s,13032,13032,0
24.978662058s,1.052573849s,0s,13034,13034,0
25.118351683s,1.299775447s,0s,13038,13038,0
25.774581389s,1.009085341s,0s,13035,13035,0
26.139374991s,1.319229857s,0s,13036,13036,0
26.218055131s,1.233026568s,0s,13040,13040,0
26.72468163s,1.25028251s,0s,13039,13039,0
23.293517019s,1.221700002s,0s,13048,13048,0
24.394003758s,1.153424858s,0s,13046,13046,0
24.39759335s,1.075046445s,0s,13045,13045,0
25.116263106s,1.476388077s,0s,13049,13049,0
25.383111192s,1.295929451s,0s,13043,13043,0
25.40676015s,1.483662056s,0s,13044,13044,0
25.494410475s,1.117244128s,0s,13047,13047,0
25.693101782s,1.486868382s,0s,13050,13050,0
27.224041237s,1.063815904s,0s,13041,13041,0
27.342693412s,1.432175425s,0s,13042,13042,0
23.737954765s,1.121198178s,0s,13058,13058,0
23.941740731s,1.479077329s,0s,13054,13054,0
24.160282523s,1.146481589s,0s,13060,13060,0
25.169398478s,1.36406083s,0s,13052,13052,0
25.290046491s,1.40863973s,0s,13057,13057,0
25.440859901s,1.376384255s,0s,13055,13055,0
25.724508045s,1.201710762s,0s,13051,13051,0
25.761133823s,1.463838517s,0s,13059,13059,0
25.977954981s,1.326941096s,0s,13053,13053,0
26.906226059s,1.493304571s,0s,13056,13056,0
24.054825773s,1.128575151s,0s,13067,13067,0
24.208392267s,1.315219476s,0s,13069,13069,0
24.521082758s,1.114374248s,0s,13066,13066,0
24.810919755s,1.154283286s,0s,13070,13070,0
25.272952558s,1.068144106s,0s,13068,13068,0
25.328516993s,1.147858362s,0s,13065,13065,0
25.730512702s,1.156448412s,0s,13061,13061,0
25.94434316s,1.26978101s,0s,13063,13063,0
26.10310815s,1.287025372s,0s,13062,13062,0
26.282901182s,1.15306827s,0s,13064,13064,0
23.316707373s,1.28053944s,0s,13078,13078,0
23.927780666s,1.405608811s,0s,13076,13076,0
24.089575893s,1.411870583s,0s,13073,13073,0
24.223283558s,1.274285385s,0s,13077,13077,0
24.42906347s,1.205926024s,0s,13075,13075,0
24.465780632s,1.303288172s,0s,13072,13072,0
24.732713293s,1.296012984s,0s,13079,13079,0
24.904356753s,1.29484862s,0s,13071,13071,0
25.998829143s,1.235095155s,0s,13080,13080,0
27.213830134s,1.122670448s,0s,13074,13074,0
22.767271475s,1.092185644s,0s,13085,13085,0
23.612055665s,1.116682852s,0s,13086,13086,0
24.022946739s,1.480329458s,0s,13090,13090,0
24.584869402s,1.409652502s,0s,13084,13084,0
24.619689546s,1.164110779s,0s,13087,13087,0
24.66270033s,1.155960461s,0s,13081,13081,0
24.929586407s,1.453867237s,0s,13083,13083,0
25.88708274s,1.471101736s,0s,13089,13089,0
25.900634795s,1.347419704s,0s,13088,13088,0
26.095426094s,1.104428007s,0s,13082,13082,0
23.482197717s,1.425579917s,0s,13098,13098,0
24.195428102s,1.460817701s,0s,13095,13095,0
24.236032339s,1.085158285s,0s,13093,13093,0
24.739106995s,1.156927343s,0s,13100,13100,0
25.673980681s,1.144645273s,0s,13097,13097,0
25.852651272s,1.236069832s,0s,13099,13099,0
25.996417941s,1.085163007s,0s,13092,13092,0
26.530396311s,1.116420218s,0s,13094,13094,0
26.655117919s,1.489050112s,0s,13096,13096,0
27.171160118s,1.382379444s,0s,13091,13091,0
22.801647761s,1.053622379s,0s,13107,13107,0
23.464281191s,1.371735458s,0s,13109,13109,0
24.620889561s,1.166022173s,0s,13110,13110,0
24.669497273s,1.008155488s,0s,13106,13106,0
25.532171992s,1.310510992s,0s,13103,13103,0
25.617742758s,1.275303517s,0s,13102,13102,0
25.795595366s,1.275307069s,0s,13101,13101,0
25.804204112s,1.113860163s,0s,13104,13104,0
26.491472194s,1.419927716s,0s,13105,13105,0
27.297671339s,1.044399983s,0s,13108,13108,0
23.567806916s,1.04323892s,0s,13114,13114,0
24.071851097s,1.041044721s,0s,13120,13120,0
24.146499892s,1.111440558s,0s,13117,13117,0
25.003056105s,1.461421924s,0s,13115,13115,0
25.117724188s,1.335508209s,0s,13112,13112,0
25.441637634s,1.431000812s,0s,13118,13118,0
25.444228076s,1.226938104s,0s,13116,13116,0
25.486763201s,1.113670706s,0s,13113,13113,0
25.635428093s,1.373798514s,0s,13111,13111,0
25.851062903s,1.320125724s,0s,13119,13119,0
23.730171516s,1.475040026s,0s,13123,13123,0
23.985928113s,1.328373708s,0s,13129,13129,0
24.501687751s,1.078535106s,0s,13130,13130,0
24.552305474s,1.324115225s,0s,13127,13127,0
24.560005911s,1.001073276s,0s,13121,13121,0
24.816702556s,1.111699845s,0s,13126,13126,0
25.600471033s,1.424841355s,0s,13124,13124,0
25.804201554s,1.22298022s,0s,13125,13125,0
26.266024628s,1.357615538s,0s,13122,13122,0
26.417847352s,1.03829415s,0s,13128,13128,0
23.010428974s,1.087818441s,0s,13132,13132,0
23.233128923s,1.013161927s,0s,13135,13135,0
23.458870633s,1.350483712s,0s,13139,13139,0
23.899785392s,1.388682655s,0s,13131,13131,0
24.489934928s,1.428945932s,0s,13140,13140,0
24.868847397s,1.072419082s,0s,13133,13133,0
25.922579095s,1.441324384s,0s,13134,13134,0
25.946207879s,1.075588076s,0s,13138,13138,0
26.486193162s,1.153066197s,0s,13137,13137,0
26.827107185s,1.430091519s,0s,13136,13136,0
23.248601768s,1.489381562s,0s,13148,13148,0
23.879194166s,1.14812783s,0s,13143,13143,0
24.217108974s,1.100479667s,0s,13150,13150,0
24.74179748s,1.102675386s,0s,13146,13146,0
24.903475977s,1.031183051s,0s,13147,13147,0
25.82173299s,1.423091708s,0s,13149,13149,0
25.851540233s,1.189389096s,0s,13141,13141,0
26.620992393s,1.125967573s,0s,13145,13145,0
26.761658745s,1.349947465s,0s,13142,13142,0
26.998255785s,1.263637044s,0s,13144,13144,0
23.535557206s,1.429110246s,0s,13160,13160,0
23.993562557s,1.035113905s,0s,13158,13158,0
24.316437049s,1.185058686s,0s,13155,13155,0
24.471973275s,1.485417269s,0s,13156,13156,0
24.648689625s,1.224351535s,0s,13157,13157,0
25.14672727s,1.375952504s,0s,13152,13152,0
25.216697163s,1.141865483s,0s,13153,13153,0
25.42442859s,1.10338332s,0s,13154,13154,0
25.75041151s,1.373708057s,0s,13159,13159,0
26.779532839s,1.110593008s,0s,13151,13151,0
24.050124448s,1.053356151s,0s,13169,13169,0
24.645711862s,1.307378252s,0s,13162,13162,0
24.69029425s,1.10762065s,0s,13164,13164,0
24.861932738s,1.162857781s,0s,13168,13168,0
25.160476679s,1.407270792s,0s,13166,13166,0
25.298203515s,1.192050521s,0s,13161,13161,0
25.954042014s,1.416438316s,0s,13165,13165,0
26.129851038s,1.33695062s,0s,13167,13167,0
26.393691298s,1.328637664s,0s,13163,13163,0
27.513181251s,1.471683232s,0s,13170,13170,0
23.376762273s,1.263315248s,0s,13172,13172,0
23.952862518s,1.072578296s,0s,13171,13171,0
24.369674123s,1.278561312s,0s,13175,13175,0
25.051779634s,1.055346145s,0s,13179,13179,0
25.430452725s,1.39485959s,0s,13177,13177,0
25.46716309s,1.148901695s,0s,13180,13180,0
25.517759059s,1.488375457s,0s,13176,13176,0
25.773667318s,1.435110744s,0s,13173,13173,0
26.309388505s,1.241114903s,0s,13174,13174,0
26.778408656s,1.029100167s,0s,13178,13178,0
23.551691319s,1.061661246s,0s,13187,13187,0
24.357090884s,1.456580549s,0s,13186,13186,0
24.708036943s,1.290809986s,0s,13181,13181,0
25.118012892s,1.077062729s,0s,13190,13190,0
25.172596152s,1.063885897s,0s,13185,13185,0
25.555598037s,1.324099825s,0s,13183,13183,0
25.559299314s,1.159315638s,0s,13182,13182,0
25.633931705s,1.364314949s,0s,13188,13188,0
25.990408453s,1.462866062s,0s,13184,13184,0
26.415317517s,1.282560888s,0s,13189,13189,0
23.358426004s,1.067159289s,0s,13198,13198,0
23.952051038s,1.281239891s,0s,13200,13200,0
24.301539121s,1.252778564s,0s,13194,13194,0
24.481288164s,1.339054953s,0s,13191,13191,0
24.961282481s,1.331923812s,0s,13199,13199,0
25.17612192s,1.359342692s,0s,13192,13192,0
25.552775771s,1.314669545s,0s,13193,13193,0
25.626455123s,1.152459266s,0s,13196,13196,0
25.742257074s,1.479633528s,0s,13197,13197,0
26.370046969s,1.313497777s,0s,13195,13195,0
23.939711347s,1.265799098s,0s,13205,13205,0
24.54885755s,1.424218223s,0s,13204,13204,0
24.982882206s,1.233382436s,0s,13202,13202,0
25.241546104s,1.013348268s,0s,13208,13208,0
25.376088051s,1.335038871s,0s,13203,13203,0
25.502891067s,1.015569298s,0s,13210,13210,0
25.567597443s,1.012221376s,0s,13206,13206,0
25.894412715s,1.031904189s,0s,13207,13207,0
25.916361295s,1.097073216s,0s,13209,13209,0
26.88486149s,1.23560219s,0s,13201,13201,0
23.090114736s,1.02498933s,0s,13213,13213,0
24.795468495s,1.440416599s,0s,13220,13220,0
24.836077887s,1.205526707s,0s,13217,13217,0
24.849656962s,1.249777725s,0s,13216,13216,0
24.871236938s,1.473893513s,0s,13218,13218,0
25.011847699s,1.489035702s,0s,13211,13211,0
25.426041115s,1.006104917s,0s,13214,13214,0
25.509671943s,1.254992609s,0s,13215,13215,0
25.816369525s,1.110299519s,0s,13212,13212,0
26.05471227s,1.468605091s,0s,13219,13219,0
23.915237234s,1.35150106s,0s,13228,13228,0
24.560250815s,1.240917198s,0s,13227,13227,0
24.764961351s,1.445979014s,0s,13221,13221,0
24.985357974s,1.248028279s,0s,13226,13226,0
25.124987308s,1.204419179s,0s,13225,13225,0
25.607058259s,1.212641186s,0s,13230,13230,0
25.607088988s,1.309318718s,0s,13224,13224,0
26.177720247s,1.395754986s,0s,13223,13223,0
27.025058442s,1.454238206s,0s,13222,13222,0
27.236718866s,1.147163511s,0s,13229,13229,0
23.319357101s,1.290609488s,0s,13240,13240,0
23.491146643s,1.046629877s,0s,13231,13231,0
24.194429505s,1.207379468s,0s,13237,13237,0
24.358127382s,1.037368619s,0s,13233,13233,0
24.565972527s,1.037372867s,0s,13232,13232,0
25.665743854s,1.125078687s,0s,13236,13236,0
25.725333367s,1.094896423s,0s,13234,13234,0
26.50365653s,1.207374177s,0s,13239,13239,0
26.771455426s,1.023121645s,0s,13238,13238,0
27.086337334s,1.408900564s,0s,13235,13235,0
24.225261041s,1.06808027s,0s,13249,13249,0
24.579128294s,1.109520016s,0s,13243,13243,0
25.041056992s,1.323131878s,0s,13250,13250,0
25.076736924s,1.44157998s,0s,13245,13245,0
25.093424378s,1.110624099s,0s,13242,13242,0
25.334502188s,1.489849244s,0s,13248,13248,0
25.556176805s,1.098290321s,0s,13247,13247,0
26.549229416s,1.492039125s,0s,13244,13244,0
26.575903305s,1.382349442s,0s,13246,13246,0
26.961910125s,1.169899677s,0s,13241,13241,0
23.239593777s,1.332510564s,0s,13253,13253,0
24.385786803s,1.082100565s,0s,13260,13260,0
24.87974525s,1.192031869s,0s,13252,13252,0
25.174578087s,1.433982282s,0s,13256,13256,0
25.268225842s,1.08526683s,0s,13258,13258,0
25.444089749s,1.366771695s,0s,13251,13251,0
25.50265356s,1.296271971s,0s,13259,13259,0
25.618365463s,1.155894884s,0s,13255,13255,0
26.336919915s,1.451112174s,0s,13254,13254,0
26.940068584s,1.147538246s,0s,13257,13257,0
23.697079897s,1.124152495s,0s,13268,13268,0
24.010659577s,1.380809091s,0s,13261,13261,0
24.112410427s,1.126416129s,0s,13264,13264,0
24.16301462s,1.133594469s,0s,13262,13262,0
24.993831213s,1.274049554s,0s,13269,13269,0
25.054516357s,1.319307203s,0s,13267,13267,0
25.34920906s,1.345561572s,0s,13265,13265,0
26.313238917s,1.234907211s,0s,13263,13263,0
26.451775344s,1.473249355s,0s,13270,13270,0
26.675553047s,1.395004951s,0s,13266,13266,0
23.584099875s,1.057406032s,0s,13279,13279,0
23.589752749s,1.427624272s,0s,13276,13276,0
23.668423721s,1.294904837s,0s,13271,13271,0
24.548787998s,1.04912896s,0s,13280,13280,0
25.170181851s,1.276028244s,0s,13272,13272,0
25.372124405s,1.278214202s,0s,13275,13275,0
25.399803591s,1.394079299s,0s,13278,13278,0
25.423476123s,1.485892745s,0s,13277,13277,0
25.773531674s,1.42343178s,0s,13274,13274,0
27.060200916s,1.226758242s,0s,13273,13273,0
22.879260612s,1.228994834s,0s,13285,13285,0
23.988060995s,1.03452544s,0s,13282,13282,0
24.258990229s,1.082125823s,0s,13286,13286,0
24.263658532s,1.088480707s,0s,13287,13287,0
24.267271161s,1.350458606s,0s,13283,13283,0
24.462109823s,1.057837591s,0s,13281,13281,0
25.337077308s,1.317181524s,0s,13284,13284,0
25.495812628s,1.113694973s,0s,13289,13289,0
25.592359035s,1.428999777s,0s,13290,13290,0
26.30860661s,1.353679552s,0s,13288,13288,0
23.001629223s,1.034140318s,0s,13295,13295,0
23.585619545s,1.418049434s,0s,13300,13300,0
24.193617808s,1.418036813s,0s,13296,13296,0
24.405256634s,1.190280666s,0s,13297,13297,0
24.535967454s,1.120634124s,0s,13293,13293,0
24.577756377s,1.046336185s,0s,13294,13294,0
24.593408894s,1.275767595s,0s,13298,13298,0
25.14742791s,1.494518678s,0s,13292,13292,0
25.334140763s,1.226536637s,0s,13291,13291,0
26.710982101s,1.465278267s,0s,13299,13299,0
23.42456607s,1.126553015s,0s,13301,13301,0
24.26788874s,1.34681621s,0s,13305,13305,0
24.440492296s,1.164799049s,0s,13309,13309,0
24.874470737s,1.015267825s,0s,13310,13310,0
24.943074991s,1.39506712s,0s,13302,13302,0
24.980724941s,1.201017776s,0s,13304,13304,0
25.306183044s,1.282315921s,0s,13303,13303,0
25.919874521s,1.126544813s,0s,13307,13307,0
26.184769504s,1.401278287s,0s,13308,13308,0
26.497770135s,1.34253227s,0s,13306,13306,0
24.612815211s,1.108935175s,0s,13318,13318,0
24.737528014s,1.381726105s,0s,13312,13312,0
24.878220131s,1.079716071s,0s,13319,13319,0
24.965828698s,1.485233952s,0s,13317,13317,0
25.057428191s,1.482065351s,0s,13315,13315,0
25.149157712s,1.119112123s,0s,13320,13320,0
25.242854464s,1.469936504s,0s,13314,13314,0
26.308887919s,1.006224336s,0s,13311,13311,0
26.581821146s,1.1492787s,0s,13313,13313,0
27.110782597s,1.067412224s,0s,13316,13316,0
23.319217593s,1.430123101s,0s,13321,13321,0
24.101481955s,1.413483843s,0s,13328,13328,0
24.513356489s,1.301018577s,0s,13325,13325,0
24.53408767s,1.097172011s,0s,13323,13323,0
24.738637181s,1.212919811s,0s,13327,13327,0
24.761209946s,1.137454445s,0s,13329,13329,0
24.9549803s,1.339264979s,0s,13330,13330,0
25.486987566s,1.484403126s,0s,13326,13326,0
25.648694503s,1.146680673s,0s,13324,13324,0
27.316443727s,1.468022191s,0s,13322,13322,0
24.433658305s,1.462117756s,0s,13340,13340,0
24.503266945s,1.063146008s,0s,13338,13338,0
24.801152413s,1.285169709s,0s,13334,13334,0
24.993923058s,1.202900362s,0s,13337,13337,0
25.430736572s,1.185698803s,0s,13336,13336,0
25.534444365s,1.396679153s,0s,13331,13331,0
25.569146806s,1.375443561s,0s,13339,13339,0
26.269004325s,1.464328802s,0s,13332,13332,0
26.566761202s,1.123370675s,0s,13333,13333,0
26.912595046s,1.440882256s,0s,13335,13335,0
23.249235078s,1.321640612s,0s,13343,13343,0
23.341882047s,1.247353112s,0s,13341,13341,0
23.635643968s,1.093202314s,0s,13350,13350,0
23.661225265s,1.167946774s,0s,13344,13344,0
24.447401973s,1.420100876s,0s,13347,13347,0
25.188109755s,1.131720726s,0s,13346,13346,0
25.331802195s,1.408872832s,0s,13349,13349,0
26.090658361s,1.10744315s,0s,13345,13345,0
26.122504513s,1.181121494s,0s,13348,13348,0
26.497430533s,1.499370467s,0s,13342,13342,0
23.808006546s,1.117847632s,0s,13352,13352,0
24.032733036s,1.179351782s,0s,13353,13353,0
25.096193831s,1.169072952s,0s,13355,13355,0
25.096231687s,1.37834585s,0s,13358,13358,0
25.275626604s,1.473908459s,0s,13351,13351,0
25.363180772s,1.267825105s,0s,13357,13357,0
25.759931988s,1.262543108s,0s,13360,13360,0
25.814238704s,1.169075916s,0s,13356,13356,0
25.958001392s,1.303039919s,0s,13354,13354,0
26.624782675s,1.390565055s,0s,13359,13359,0
23.700776707s,1.128648324s,0s,13365,13365,0
24.460685338s,1.007314458s,0s,13367,13367,0
24.740629057s,1.301599579s,0s,13368,13368,0
25.143318406s,1.134901333s,0s,13364,13364,0
25.380230044s,1.458273097s,0s,13366,13366,0
25.524080339s,1.472611652s,0s,13362,13362,0
25.79075862s,1.358810235s,0s,13361,13361,0
26.055460184s,1.145060964s,0s,13369,13369,0
26.436270688s,1.382061335s,0s,13370,13370,0
27.333129523s,1.259369226s,0s,13363,13363,0
24.040857263s,1.191662876s,0s,13380,13380,0
24.407635926s,1.383634457s,0s,13372,13372,0
24.763452903s,1.320200105s,0s,13371,13371,0
24.832165017s,1.099215439s,0s,13379,13379,0
24.91184913s,1.066028116s,0s,13373,13373,0
24.977531761s,1.378427589s,0s,13376,13376,0
25.519464963s,1.034789845s,0s,13375,13375,0
25.557085509s,1.261004367s,0s,13374,13374,0
25.777823021s,1.159426302s,0s,13377,13377,0
27.347051574s,1.486004703s,0s,13378,13378,0
23.639576786s,1.290061987s,0s,13382,13382,0
24.358872495s,1.426022763s,0s,13386,13386,0
24.759960799s,1.408783073s,0s,13385,13385,0
24.799604841s,1.143017728s,0s,13390,13390,0
24.920315972s,1.387475734s,0s,13384,13384,0
25.002031497s,1.235460176s,0s,13388,13388,0
25.072870724s,1.243843844s,0s,13389,13389,0
25.528311159s,1.171247902s,0s,13387,13387,0
25.748452854s,1.49332987s,0s,13383,13383,0
25.989284535s,1.291215247s,0s,13381,13381,0
23.647457082s,1.136681669s,0s,13392,13392,0
23.76512836s,1.241983598s,0s,13394,13394,0
25.262012345s,1.156981023s,0s,13398,13398,0
25.375571806s,1.180276477s,0s,13393,13393,0
25.521173063s,1.012123109s,0s,13399,13399,0
25.716742361s,1.097408748s,0s,13397,13397,0
25.879555072s,1.19178508s,0s,13400,13400,0
26.285143547s,1.256239381s,0s,13395,13395,0
26.306787139s,1.362479777s,0s,13396,13396,0
26.406355644s,1.186551415s,0s,13391,13391,0
23.400977445s,1.361503612s,0s,13405,13405,0
24.570657848s,1.14440802s,0s,13409,13409,0
24.755415829s,1.043119308s,0s,13406,13406,0
24.916077223s,1.496341021s,0s,13407,13407,0
24.967644502s,1.339316879s,0s,13408,13408,0
25.212446047s,1.186884036s,0s,13404,13404,0
25.421119392s,1.147609593s,0s,13402,13402,0
25.633909633s,1.286069337s,0s,13401,13401,0
26.070762917s,1.484063725s,0s,13403,13403,0
27.442931029s,1.461839465s,0s,13410,13410,0
23.005258612s,1.277598623s,0s,13417,13417,0
23.687909193s,1.127953588s,0s,13414,13414,0
24.633477537s,1.091569965s,0s,13418,13418,0
24.811654027s,1.006077473s,0s,13415,13415,0
24.869502759s,1.168067402s,0s,13411,13411,0
25.23640761s,1.027352963s,0s,13412,13412,0
25.294880043s,1.459099658s,0s,13413,13413,0
25.557656344s,1.27759387s,0s,13419,13419,0
26.362934744s,1.182350815s,0s,13416,13416,0
26.564678363s,1.377916809s,0s,13420,13420,0
24.309709624s,1.048159997s,0s,13423,13423,0
24.877810543s,1.279611313s,0s,13428,13428,0
24.895446006s,1.208025183s,0s,13424,13424,0
24.994127598s,1.213210348s,0s,13426,13426,0
25.028821303s,1.416322156s,0s,13429,13429,0
25.044488391s,1.348105992s,0s,13430,13430,0
25.411269142s,1.06863647s,0s,13425,13425,0
25.774200171s,1.051400456s,0s,13421,13421,0
25.960949263s,1.336824128s,0s,13427,13427,0
26.123651484s,1.137859331s,0s,13422,13422,0
23.857280591s,1.339592927s,0s,13435,13435,0
24.216208764s,1.315383516s,0s,13436,13436,0
24.95347518s,1.469380089s,0s,13440,13440,0
25.174260792s,1.165721517s,0s,13431,13431,0
25.402205415s,1.345818442s,0s,13434,13434,0
25.420760049s,1.209928548s,0s,13439,13439,0
25.707764317s,1.282095336s,0s,13433,13433,0
26.402599s,1.032320315s,0s,13438,13438,0
26.465251821s,1.39603732s,0s,13437,13437,0
26.492854682s,1.000097956s,0s,13432,13432,0
23.04555387s,1.095357694s,0s,13447,13447,0
23.679640506s,1.159042052s,0s,13449,13449,0
24.353512376s,1.086143502s,0s,13445,13445,0
24.460185013s,1.369088072s,0s,13444,13444,0
24.901172894s,1.385307702s,0s,13450,13450,0
25.023832027s,1.170400623s,0s,13442,13442,0
25.262685404s,1.122930965s,0s,13441,13441,0
25.351390238s,1.111607149s,0s,13446,13446,0
25.586841601s,1.190613165s,0s,13443,13443,0
25.91572254s,1.256816239s,0s,13448,13448,0
23.393570249s,1.271902181s,0s,13457,13457,0
23.953631603s,1.166155248s,0s,13459,13459,0
24.547853221s,1.180573482s,0s,13452,13452,0
24.660314829s,1.055132963s,0s,13458,13458,0
24.88114492s,1.073446313s,0s,13453,13453,0
25.503969096s,1.102947869s,0s,13460,13460,0
25.668744473s,1.386312643s,0s,13451,13451,0
25.756377916s,1.335052404s,0s,13454,13454,0
26.00221737s,1.095663644s,0s,13455,13455,0
26.53477746s,1.168373404s,0s,13456,13456,0
23.466397395s,1.320666301s,0s,13465,13465,0
23.8923758s,1.12186263s,0s,13462,13462,0
24.210113845s,1.106589905s,0s,13464,13464,0
24.559043137s,1.035342971s,0s,13467,13467,0
24.95487082s,1.348080664s,0s,13470,13470,0
25.528965962s,1.148070619s,0s,13469,13469,0
25.686704443s,1.465433438s,0s,13463,13463,0
25.747321034s,1.208364674s,0s,13466,13466,0
25.787962131s,1.344958471s,0s,13461,13461,0
26.462082307s,1.011075962s,0s,13468,13468,0
23.301785433s,1.003053889s,0s,13471,13471,0
23.893924538s,1.447931647s,0s,13478,13478,0
24.304952306s,1.466106028s,0s,13475,13475,0
24.662928153s,1.417340379s,0s,13474,13474,0
24.704590765s,1.443592881s,0s,13480,13480,0
24.847299688s,1.300960469s,0s,13473,13473,0
25.073066575s,1.113380677s,0s,13472,13472,0
26.113537267s,1.153586345s,0s,13477,13477,0
26.384424393s,1.494319472s,0s,13476,13476,0
27.189132329s,1.444688261s,0s,13479,13479,0
23.761863542s,1.01010436s,0s,13485,13485,0
24.139928108s,1.278093796s,0s,13481,13481,0
24.431741584s,1.281378253s,0s,13487,13487,0
24.628033646s,1.467004567s,0s,13482,13482,0
25.173994024s,1.04529718s,0s,13484,13484,0
25.270670913s,1.429778875s,0s,13483,13483,0
25.283694337s,1.149564955s,0s,13488,13488,0
25.8617301s,1.466996719s,0s,13489,13489,0
26.054506552s,1.487239308s,0s,13490,13490,0
26.427415475s,1.225862707s,0s,13486,13486,0
24.267230004s,1.328137017s,0s,13500,13500,0
24.554094631s,1.153449642s,0s,13495,13495,0
25.232305069s,1.420574965s,0s,13497,13497,0
25.483374722s,1.440066236s,0s,13496,13496,0
25.536316028s,1.012091133s,0s,13492,13492,0
25.733079773s,1.26973534s,0s,13498,13498,0
25.854678104s,1.392384221s,0s,13494,13494,0
26.48649388s,1.299988173s,0s,13493,13493,0
26.700231676s,1.462237805s,0s,13499,13499,0
26.78689427s,1.423805298s,0s,13491,13491,0
23.765410698s,1.332013741s,0s,13502,13502,0
24.092073437s,1.444473941s,0s,13503,13503,0
24.204747971s,1.139773275s,0s,13504,13504,0
24.867950092s,1.279134364s,0s,13505,13505,0
24.924617346s,1.047295672s,0s,13508,13508,0
25.794393699s,1.132545283s,0s,13510,13510,0
25.82802774s,1.009064538s,0s,13509,13509,0
25.915733269s,1.287145964s,0s,13501,13501,0
26.544390911s,1.173982538s,0s,13507,13507,0
26.617076931s,1.402282334s,0s,13506,13506,0
23.732538163s,1.327442949s,0s,13516,13516,0
23.992341265s,1.475872424s,0s,13515,13515,0
24.551467548s,1.4176652s,0s,13520,13520,0
25.026152201s,1.040126661s,0s,13514,13514,0
25.064872476s,1.058318884s,0s,13511,13511,0
25.742193393s,1.306240614s,0s,13512,13512,0
25.771790736s,1.095698662s,0s,13517,13517,0
26.201708884s,1.08345687s,0s,13518,13518,0
27.080415725s,1.22903726s,0s,13513,13513,0
27.46622776s,1.185850826s,0s,13519,13519,0
23.727481401s,1.270074164s,0s,13524,13524,0
24.233433441s,1.473354307s,0s,13521,13521,0
24.712466411s,1.153659328s,0s,13529,13529,0
24.853216316s,1.260891681s,0s,13528,13528,0
25.171989209s,1.371582929s,0s,13530,13530,0
25.556938257s,1.444089686s,0s,13525,13525,0
25.879843793s,1.014079336s,0s,13526,13526,0
25.929461081s,1.281304732s,0s,13522,13522,0
26.27638493s,1.394897827s,0s,13527,13527,0
26.328952707s,1.097439992s,0s,13523,13523,0
23.07564832s,1.109796422s,0s,13539,13539,0
23.305391762s,1.017419721s,0s,13536,13536,0
23.838527437s,1.286807955s,0s,13537,13537,0
24.057354367s,1.110962476s,0s,13540,13540,0
24.364284451s,1.345077506s,0s,13531,13531,0
24.601084049s,1.060616726s,0s,13535,13535,0
25.076433595s,1.362329943s,0s,13533,13533,0
25.624847298s,1.1120569s,0s,13538,13538,0
25.825599036s,1.267540335s,0s,13532,13532,0
25.835236779s,1.226319055s,0s,13534,13534,0
23.706820416s,1.443945222s,0s,13544,13544,0
24.701325723s,1.227287862s,0s,13545,13545,0
24.976110408s,1.100776598s,0s,13547,13547,0
25.151489169s,1.424650123s,0s,13550,13550,0
25.210101192s,1.040128872s,0s,13546,13546,0
25.753283014s,1.463092654s,0s,13542,13542,0
26.027118719s,1.092535444s,0s,13549,13549,0
26.027176989s,1.082354851s,0s,13543,13543,0
27.243317936s,1.492331257s,0s,13548,13548,0
27.278047704s,1.180024359s,0s,13541,13541,0
23.891482523s,1.244948959s,0s,13555,13555,0
25.046888015s,1.185292418s,0s,13554,13554,0
25.077485366s,1.201533947s,0s,13559,13559,0
25.207165995s,1.091973943s,0s,13551,13551,0
25.213824368s,1.393542411s,0s,13560,13560,0
25.447513342s,1.478805819s,0s,13557,13557,0
25.615278214s,1.023654952s,0s,13553,13553,0
25.765108108s,1.220747778s,0s,13552,13552,0
25.8277752s,1.358114604s,0s,13558,13558,0
26.452943315s,1.369348598s,0s,13556,13556,0
23.476472578s,1.193602489s,0s,13568,13568,0
23.61105728s,1.472866206s,0s,13561,13561,0
24.744079688s,1.208790587s,0s,13567,13567,0
25.149025832s,1.449603098s,0s,13563,13563,0
25.492996412s,1.410428829s,0s,13564,13564,0
25.497033048s,1.026125884s,0s,13566,13566,0
25.50433222s,1.244989301s,0s,13569,13569,0
26.371805779s,1.37818468s,0s,13562,13562,0
27.263964543s,1.078333951s,0s,13565,13565,0
27.268617422s,1.378208268s,0s,13570,13570,0
23.167225764s,1.246900988s,0s,13578,13578,0
23.194879482s,1.126335382s,0s,13571,13571,0
23.760920448s,1.065151297s,0s,13574,13574,0
25.032844618s,1.238723839s,0s,13573,13573,0
25.289710168s,1.294784901s,0s,13580,13580,0
26.035984795s,1.262072535s,0s,13577,13577,0
26.288755461s,1.319010621s,0s,13572,13572,0
26.297482631s,1.285337567s,0s,13576,13576,0
26.559257235s,1.201568399s,0s,13575,13575,0
26.882985101s,1.287543734s,0s,13579,13579,0
23.713895886s,1.095354s,0s,13588,13588,0
23.963600438s,1.029135134s,0s,13590,13590,0
25.231141529s,1.440096568s,0s,13587,13587,0
25.245764884s,1.482310569s,0s,13581,13581,0
25.414474457s,1.225875549s,0s,13585,13585,0
25.548280126s,1.145610212s,0s,13584,13584,0
25.777128983s,1.428839914s,0s,13589,13589,0
26.130103174s,1.306127058s,0s,13582,13582,0
26.820358386s,1.391377374s,0s,13586,13586,0
27.016930936s,1.427719066s,0s,13583,13583,0
24.230400356s,1.2003226s,0s,13593,13593,0
24.302001027s,1.159099836s,0s,13598,13598,0
24.791022521s,1.465167357s,0s,13591,13591,0
24.795759406s,1.131698601s,0s,13597,13597,0
25.166581782s,1.106361097s,0s,13594,13594,0
25.202269104s,1.495629866s,0s,13600,13600,0
26.439605024s,1.202573258s,0s,13592,13592,0
26.657301552s,1.287855185s,0s,13595,13595,0
26.689026357s,1.08215253s,0s,13599,13599,0
27.221099252s,1.485406063s,0s,13596,13596,0
24.062544223s,1.134462365s,0s,13608,13608,0
24.48956072s,1.263253478s,0s,13603,13603,0
24.832334174s,1.454011087s,0s,13606,13606,0
25.264275563s,1.448797461s,0s,13604,13604,0
25.538082349s,1.197029067s,0s,13602,13602,0
25.559712429s,1.076214489s,0s,13610,13610,0
25.93170886s,1.473228777s,0s,13601,13601,0
26.906883125s,1.169740293s,0s,13605,13605,0
27.056562827s,1.354521229s,0s,13607,13607,0
27.73261499s,1.475433105s,0s,13609,13609,0
24.57353292s,1.177498173s,0s,13612,13612,0
24.680229795s,1.412563682s,0s,13611,13611,0
24.785927315s,1.074005043s,0s,13618,13618,0
24.904560622s,1.380293842s,0s,13617,13617,0
25.098290004s,1.07619583s,0s,13613,13613,0
25.254106529s,1.4281007s,0s,13616,13616,0
25.27205601s,1.369035171s,0s,13614,13614,0
25.880593462s,1.009685614s,0s,13620,13620,0
26.220454974s,1.418784426s,0s,13615,13615,0
26.300148725s,1.252755844s,0s,13619,13619,0
23.707637832s,1.080844153s,0s,13626,13626,0
24.537617247s,1.086029343s,0s,13622,13622,0
24.564263125s,1.135362438s,0s,13628,13628,0
25.732966271s,1.066343698s,0s,13623,13623,0
25.801576838s,1.192581126s,0s,13629,13629,0
25.911213068s,1.134220385s,0s,13624,13624,0
25.989922322s,1.072624122s,0s,13627,13627,0
26.390686848s,1.02311569s,0s,13625,13625,0
27.266036648s,1.315948226s,0s,13630,13630,0
27.451759877s,1.418133857s,0s,13621,13621,0
24.669734473s,1.16773564s,0s,13639,13639,0
24.890494579s,1.435774126s,0s,13631,13631,0
25.011170359s,1.230967387s,0s,13638,13638,0
25.428147902s,1.069299796s,0s,13636,13636,0
25.580848969s,1.376505336s,0s,13637,13637,0
25.705599847s,1.114531338s,0s,13640,13640,0
25.759277394s,1.040102901s,0s,13635,13635,0
26.362344514s,1.454205969s,0s,13632,13632,0
26.83166353s,1.437949473s,0s,13634,13634,0
26.850280224s,1.234198831s,0s,13633,13633,0
23.494903714s,1.007110476s,0s,13644,13644,0
23.644645626s,1.070578172s,0s,13645,13645,0
24.309795505s,1.428293256s,0s,13647,13647,0
24.831257738s,1.223087973s,0s,13646,13646,0
25.408795964s,1.41405225s,0s,13649,13649,0
25.417369999s,1.29358461s,0s,13642,13642,0
26.35727551s,1.238353088s,0s,13648,13648,0
26.377913877s,1.329812598s,0s,13641,13641,0
26.400545254s,1.113805755s,0s,13643,13643,0
26.509230783s,1.047321681s,0s,13650,13650,0
23.99577302s,1.11261419s,0s,13656,13656,0
25.018866737s,1.0110853s,0s,13660,13660,0
25.02240278s,1.401991564s,0s,13658,13658,0
25.161236659s,1.379673623s,0s,13651,13651,0
25.277918975s,1.146882185s,0s,13653,13653,0
25.331524883s,1.146877791s,0s,13654,13654,0
25.471277986s,1.202090078s,0s,13659,13659,0
25.536051616s,1.456130751s,0s,13657,13657,0
25.690888542s,1.234356848s,0s,13655,13655,0
26.466711474s,1.10942565s,0s,13652,13652,0
23.747761377s,1.064465174s,0s,13666,13666,0
24.417922697s,1.461281566s,0s,13669,13669,0
24.50959356s,1.118669576s,0s,13665,13665,0
25.14077225s,1.258093868s,0s,13667,13667,0
25.303604091s,1.248001196s,0s,13661,13661,0
25.315185912s,1.401832778s,0s,13668,13668,0
25.323664134s,1.43203219s,0s,13662,13662,0
26.086494385s,1.042111498s,0s,13663,13663,0
26.112091757s,1.302523923s,0s,13670,13670,0
26.626681979s,1.299321597s,0s,13664,13664,0
23.839970033s,1.087307359s,0s,13674,13674,0
24.350977528s,1.079984811s,0s,13673,13673,0
24.673660303s,1.336435015s,0s,13675,13675,0
25.014516042s,1.285184851s,0s,13677,13677,0
25.583217399s,1.092485498s,0s,13679,13679,0
25.652867704s,1.495920813s,0s,13672,13672,0
26.245960552s,1.463714817s,0s,13678,13678,0
26.265526993s,1.047725659s,0s,13680,13680,0
26.280153341s,1.097718424s,0s,13676,13676,0
26.533903487s,1.124966178s,0s,13671,13671,0
23.628020824s,1.304484866s,0s,13686,13686,0
24.655813438s,1.236238227s,0s,13688,13688,0
24.716445453s,1.227950752s,0s,13687,13687,0
25.120385977s,1.143555005s,0s,13690,13690,0
25.133999588s,1.07733456s,0s,13683,13683,0
25.271603134s,1.039120549s,0s,13682,13682,0
25.336269998s,1.332766369s,0s,13681,13681,0
25.40784911s,1.196754575s,0s,13684,13684,0
25.415536703s,1.404293666s,0s,13689,13689,0
25.494173923s,1.397027476s,0s,13685,13685,0
25.064749576s,1.081941154s,0s,13699,13699,0
25.080335374s,1.352725247s,0s,13691,13691,0
25.292001205s,1.034616347s,0s,13694,13694,0
25.345499814s,1.47935128s,0s,13693,13693,0
25.499360271s,1.217410776s,0s,13697,13697,0
25.725194387s,1.028401548s,0s,13700,13700,0
25.846902511s,1.00610731s,0s,13692,13692,0
25.89159685s,1.189145394s,0s,13695,13695,0
26.055339881s,1.420114161s,0s,13698,13698,0
26.368272863s,1.356968044s,0s,13696,13696,0
23.993832563s,1.186685505s,0s,13708,13708,0
24.444784561s,1.333140761s,0s,13704,13704,0
24.980802038s,1.000102355s,0s,13703,13703,0
25.037418361s,1.396558364s,0s,13706,13706,0
25.402249638s,1.144429811s,0s,13702,13702,0
25.4649406s,1.342338722s,0s,13705,13705,0
25.528572718s,1.427777098s,0s,13709,13709,0
25.640236139s,1.486292006s,0s,13701,13701,0
25.988210624s,1.445048989s,0s,13707,13707,0
26.587408031s,1.210909788s,0s,13710,13710,0
23.558496519s,1.339135997s,0s,13716,13716,0
24.575960801s,1.375749925s,0s,13712,13712,0
24.846798883s,1.345352756s,0s,13717,13717,0
25.109422295s,1.065158899s,0s,13711,13711,0
25.542191946s,1.088381315s,0s,13720,13720,0
25.95712032s,1.413922247s,0s,13715,13715,0
26.160915243s,1.345359323s,0s,13714,13714,0
26.206568522s,1.109595036s,0s,13713,13713,0
26.744707638s,1.125852499s,0s,13718,13718,0
27.459885349s,1.353531356s,0s,13719,13719,0
23.787367409s,1.187841042s,0s,13725,13725,0
23.965996381s,1.397829817s,0s,13721,13721,0
23.994710098s,1.035313048s,0s,13726,13726,0
24.409566444s,1.423310431s,0s,13727,13727,0
25.181901031s,1.00908225s,0s,13724,13724,0
25.224411776s,1.242328866s,0s,13729,13729,0
25.40414238s,1.417060461s,0s,13723,13723,0
25.445762746s,1.308563373s,0s,13722,13722,0
25.951766892s,1.190041664s,0s,13730,13730,0
25.973292584s,1.117547653s,0s,13728,13728,0
24.19498545s,1.36631926s,0s,13738,13738,0
25.298858681s,1.122640682s,0s,13735,13735,0
25.358434283s,1.075332631s,0s,13736,13736,0
25.375064867s,1.220253379s,0s,13739,13739,0
26.154092268s,1.157944417s,0s,13737,13737,0
26.429954656s,1.207076492s,0s,13740,13740,0
26.519618037s,1.004097345s,0s,13732,13732,0
26.908403179s,1.273745638s,0s,13733,13733,0
27.047069287s,1.239556256s,0s,13731,13731,0
27.470012843s,1.362084219s,0s,13734,13734,0
23.257726666s,1.244314563s,0s,13750,13750,0
24.16776933s,1.257520507s,0s,13746,13746,0
24.639414176s,1.099409519s,0s,13749,13749,0
24.698937368s,1.171658719s,0s,13747,13747,0
25.353102889s,1.242019558s,0s,13745,13745,0
25.382695368s,1.208907218s,0s,13741,13741,0
25.541340597s,1.387845366s,0s,13748,13748,0
25.787114458s,1.069143509s,0s,13744,13744,0
26.122201241s,1.484337896s,0s,13743,13743,0
26.714177875s,1.46509575s,0s,13742,13742,0
23.432793877s,1.009089004s,0s,13754,13754,0
24.623504229s,1.102789508s,0s,13753,13753,0
24.749237067s,1.480087608s,0s,13759,13759,0
25.459322016s,1.430660741s,0s,13760,13760,0
25.513973949s,1.434874997s,0s,13755,13755,0
25.963038953s,1.319219562s,0s,13751,13751,0
26.145841403s,1.305992996s,0s,13752,13752,0
26.639859769s,1.351401632s,0s,13756,13756,0
26.65138125s,1.034311534s,0s,13758,13758,0
26.845182996s,1.099539216s,0s,13757,13757,0
24.889302154s,1.07068553s,0s,13768,13768,0
25.040910876s,1.000172791s,0s,13767,13767,0
25.175606855s,1.387943536s,0s,13766,13766,0
25.249357756s,1.01044797s,0s,13764,13764,0
25.563245968s,1.369715728s,0s,13761,13761,0
25.603889003s,1.220351437s,0s,13769,13769,0
25.620587489s,1.495554775s,0s,13763,13763,0
25.623437925s,1.440299711s,0s,13762,13762,0
26.050642851s,1.214097149s,0s,13765,13765,0
26.485370874s,1.390088804s,0s,13770,13770,0
23.605218463s,1.459849083s,0s,13778,13778,0
24.032141767s,1.38764269s,0s,13773,13773,0
24.280950981s,1.033097266s,0s,13779,13779,0
24.508053827s,1.038344132s,0s,13780,13780,0
25.233300617s,1.273071145s,0s,13771,13771,0
25.455137808s,1.00269226s,0s,13775,13775,0
26.109310381s,1.011867527s,0s,13777,13777,0
26.227001506s,1.17868763s,0s,13776,13776,0
26.543889441s,1.235940892s,0s,13772,13772,0
26.74168041s,1.3774507s,0s,13774,13774,0
23.405022807s,1.065551693s,0s,13790,13790,0
24.062184693s,1.404831714s,0s,13788,13788,0
24.090771105s,1.227297786s,0s,13781,13781,0
24.235466249s,1.212081403s,0s,13784,13784,0
24.742389126s,1.027108715s,0s,13786,13786,0
25.200092585s,1.357620234s,0s,13787,13787,0
25.38997354s,1.125818935s,0s,13785,13785,0
26.100227662s,1.056288311s,0s,13782,13782,0
26.104741471s,1.477045803s,0s,13783,13783,0
26.953636408s,1.495235526s,0s,13789,13789,0
23.721366192s,1.44370891s,0s,13794,13794,0
24.038209905s,1.389426792s,0s,13793,13793,0
24.784400697s,1.367124852s,0s,13797,13797,0
25.147406547s,1.329853898s,0s,13799,13799,0
25.438992811s,1.141020489s,0s,13795,13795,0
25.55871798s,1.160206672s,0s,13800,13800,0
25.960226727s,1.473955926s,0s,13791,13791,0
26.388207218s,1.114766206s,0s,13798,13798,0
26.568913645s,1.259596736s,0s,13796,13796,0
27.45927529s,1.177392s,0s,13792,13792,0
23.282058236s,1.105458735s,0s,13803,13803,0
23.385881258s,1.083055688s,0s,13808,13808,0
23.986025887s,1.275983063s,0s,13804,13804,0
24.34393927s,1.041656428s,0s,13806,13806,0
24.70983374s,1.431774933s,0s,13810,13810,0
24.772367913s,1.422496734s,0s,13809,13809,0
24.986034265s,1.228795185s,0s,13802,13802,0
25.086807659s,1.09325871s,0s,13807,13807,0
25.356753936s,1.063938784s,0s,13805,13805,0
26.359888963s,1.38128323s,0s,13801,13801,0
23.772449828s,1.152826879s,0s,13820,13820,0
24.801964094s,1.290561201s,0s,13817,13817,0
24.858562994s,1.458339894s,0s,13818,13818,0
25.100202188s,1.186285375s,0s,13811,13811,0
25.155838798s,1.024085887s,0s,13813,13813,0
25.619660998s,1.0843258s,0s,13816,13816,0
25.636366871s,1.127526329s,0s,13814,13814,0
25.817147354s,1.417090954s,0s,13815,13815,0
25.910770602s,1.183032049s,0s,13819,13819,0
26.159586918s,1.414957167s,0s,13812,13812,0
23.700954212s,1.371719979s,0s,13826,13826,0
24.593256128s,1.175131406s,0s,13828,13828,0
24.628889514s,1.311279889s,0s,13821,13821,0
24.94269005s,1.039892077s,0s,13825,13825,0
24.988352052s,1.232782845s,0s,13823,13823,0
25.02106851s,1.240035605s,0s,13822,13822,0
25.231842421s,1.335547704s,0s,13830,13830,0
25.722211571s,1.20333409s,0s,13824,13824,0
26.162844603s,1.212551378s,0s,13827,13827,0
26.273516991s,1.481084642s,0s,13829,13829,0
23.655711458s,1.160874104s,0s,13832,13832,0
24.545547287s,1.305911005s,0s,13833,13833,0
24.657085847s,1.428244269s,0s,13836,13836,0
25.039985109s,1.19837676s,0s,13839,13839,0
25.383833748s,1.398073504s,0s,13834,13834,0
25.396421732s,1.124522006s,0s,13840,13840,0
25.456976293s,1.106288151s,0s,13838,13838,0
25.630742637s,1.173085711s,0s,13831,13831,0
25.720364723s,1.257622748s,0s,13837,13837,0
26.421717307s,1.018986021s,0s,13835,13835,0
23.212722565s,1.062695051s,0s,13841,13841,0
24.187722116s,1.232484848s,0s,13847,13847,0
24.254844569s,1.296953961s,0s,13848,13848,0
24.292442187s,1.266774316s,0s,13850,13850,0
24.744450241s,1.435635477s,0s,13846,13846,0
24.75604933s,1.009143001s,0s,13844,13844,0
24.80159206s,1.056404537s,0s,13843,13843,0
24.923238088s,1.370191572s,0s,13845,13845,0
25.317090386s,1.227312021s,0s,13842,13842,0
26.198400478s,1.423391332s,0s,13849,13849,0
24.740496331s,1.33133643s,0s,13856,13856,0
24.797147249s,1.074616866s,0s,13855,13855,0
24.939858407s,1.041164841s,0s,13853,13853,0
25.218436396s,1.268850509s,0s,13858,13858,0
25.427222321s,1.071446419s,0s,13860,13860,0
25.52586192s,1.313080777s,0s,13859,13859,0
25.696603872s,1.191278043s,0s,13857,13857,0
25.783240573s,1.224560073s,0s,13854,13854,0
26.393346541s,1.133883741s,0s,13851,13851,0
26.90253425s,1.147073773s,0s,13852,13852,0
23.43807015s,1.262992669s,0s,13861,13861,0
23.684919417s,1.265118236s,0s,13870,13870,0
24.881582677s,1.085083298s,0s,13864,13864,0
25.032926286s,1.342356991s,0s,13867,13867,0
25.869015644s,1.500029719s,0s,13866,13866,0
26.017581827s,1.118259746s,0s,13863,13863,0
26.065168826s,1.354573858s,0s,13869,13869,0
26.271998109s,1.203708955s,0s,13868,13868,0
26.700912779s,1.017796591s,0s,13865,13865,0
26.766765212s,1.146509324s,0s,13862,13862,0
24.559910147s,1.249043204s,0s,13871,13871,0
24.942814351s,1.096501829s,0s,13879,13879,0
25.26945329s,1.022089469s,0s,13876,13876,0
25.270931168s,1.200822156s,0s,13875,13875,0
25.814855532s,1.28851388s,0s,13872,13872,0
25.835475175s,1.02324303s,0s,13878,13878,0
25.868055978s,1.371265425s,0s,13877,13877,0
25.928665521s,1.299789806s,0s,13880,13880,0
25.934268612s,1.328994971s,0s,13873,13873,0
26.127091588s,1.275307912s,0s,13874,13874,0
24.236348849s,1.158257051s,0s,13881,13881,0
24.513184345s,1.322766702s,0s,13886,13886,0
25.122319051s,1.074337895s,0s,13889,13889,0
25.486134653s,1.080521606s,0s,13888,13888,0
25.601756957s,1.092762824s,0s,13887,13887,0
25.683369992s,1.494364339s,0s,13885,13885,0
26.163063559s,1.033141282s,0s,13890,13890,0
26.266758467s,1.152032778s,0s,13882,13882,0
26.581532058s,1.356048818s,0s,13884,13884,0
26.932365757s,1.171499734s,0s,13883,13883,0
23.596939591s,1.451011119s,0s,13898,13898,0
24.609508833s,1.197428402s,0s,13900,13900,0
24.765262372s,1.21554646s,0s,13895,13895,0
24.778915594s,1.420797446s,0s,13893,13893,0
25.407342774s,1.274809089s,0s,13891,13891,0
25.414449403s,1.167152227s,0s,13892,13892,0
25.416154902s,1.472278766s,0s,13894,13894,0
25.81940658s,1.339496974s,0s,13897,13897,0
26.782935451s,1.289015765s,0s,13899,13899,0
26.847587823s,1.311285636s,0s,13896,13896,0
23.314011497s,1.016378633s,0s,13910,13910,0
24.211959615s,1.07402712s,0s,13902,13902,0
24.660924434s,1.229592586s,0s,13901,13901,0
24.825659176s,1.474292335s,0s,13909,13909,0
25.050361807s,1.467022703s,0s,13907,13907,0
25.197073986s,1.195335726s,0s,13906,13906,0
25.581785413s,1.063864415s,0s,13908,13908,0
25.651432819s,1.0740344s,0s,13905,13905,0
26.090362336s,1.038603705s,0s,13904,13904,0
26.820532162s,1.422924982s,0s,13903,13903,0
23.061489044s,1.336392867s,0s,13914,13914,0
23.846304554s,1.4421064s,0s,13918,13918,0
23.884885709s,1.168131807s,0s,13911,13911,0
23.995540673s,1.188442752s,0s,13913,13913,0
24.141231895s,1.385904113s,0s,13912,13912,0
24.912496178s,1.29120257s,0s,13915,13915,0
25.081158417s,1.234903827s,0s,13919,13919,0
25.372027003s,1.187344882s,0s,13917,13917,0
26.032149125s,1.36167976s,0s,13916,13916,0
26.349898807s,1.193695174s,0s,13920,13920,0
23.531289945s,1.202533462s,0s,13921,13921,0
24.086472175s,1.00511578s,0s,13929,13929,0
24.501285545s,1.382060851s,0s,13926,13926,0
24.634048703s,1.371941505s,0s,13924,13924,0
24.797803486s,1.459289663s,0s,13928,13928,0
24.933557616s,1.07454565s,0s,13923,13923,0
25.046254943s,1.014308552s,0s,13925,13925,0
25.194806462s,1.112754761s,0s,13930,13930,0
25.490415507s,1.199334861s,0s,13927,13927,0
26.45992753s,1.168104988s,0s,13922,13922,0
23.988659562s,1.010247894s,0s,13937,13937,0
24.025272492s,1.086518377s,0s,13938,13938,0
24.889599498s,1.13635109s,0s,13939,13939,0
24.921251956s,1.16460327s,0s,13935,13935,0
24.966847118s,1.09401699s,0s,13940,13940,0
25.100432992s,1.12521335s,0s,13931,13931,0
25.729608407s,1.089770233s,0s,13932,13932,0
25.972402028s,1.009074s,0s,13936,13936,0
26.603046399s,1.386150578s,0s,13934,13934,0
26.99199977s,1.197788077s,0s,13933,13933,0
24.356748496s,1.495071124s,0s,13942,13942,0
24.616602422s,1.354634251s,0s,13949,13949,0
24.668407292s,1.043825186s,0s,13944,13944,0
25.203549559s,1.332376481s,0s,13941,13941,0
25.238203999s,1.147939285s,0s,13950,13950,0
25.269866319s,1.401814186s,0s,13946,13946,0
25.626850171s,1.274176832s,0s,13945,13945,0
25.908476727s,1.116317425s,0s,13947,13947,0
26.513596304s,1.128673337s,0s,13943,13943,0
26.532287839s,1.106079607s,0s,13948,13948,0
23.426364213s,1.341582081s,0s,13959,13959,0
24.780685432s,1.180226546s,0s,13955,13955,0
25.513412848s,1.357937348s,0s,13954,13954,0
25.597146315s,1.456322677s,0s,13952,13952,0
25.610699268s,1.35676781s,0s,13956,13956,0
25.669383459s,1.391061353s,0s,13951,13951,0
25.718142376s,1.045719163s,0s,13960,13960,0
25.813816701s,1.161037185s,0s,13953,13953,0
26.049456863s,1.35793086s,0s,13958,13958,0
26.364347377s,1.042167208s,0s,13957,13957,0
24.244020156s,1.355419401s,0s,13968,13968,0
24.458796169s,1.12150999s,0s,13965,13965,0
24.610515211s,1.462080942s,0s,13966,13966,0
24.752119546s,1.119288811s,0s,13962,13962,0
25.511016079s,1.132706818s,0s,13969,13969,0
25.607706408s,1.192945578s,0s,13963,13963,0
25.867574178s,1.199100829s,0s,13967,13967,0
25.927197185s,1.090117553s,0s,13964,13964,0
27.125659925s,1.452931304s,0s,13961,13961,0
27.235240819s,1.383682129s,0s,13970,13970,0
24.632776025s,1.105371763s,0s,13979,13979,0
25.125207525s,1.288322887s,0s,13971,13971,0
25.347858911s,1.348010596s,0s,13975,13975,0
25.563682494s,1.276052086s,0s,13973,13973,0
25.846393126s,1.040095234s,0s,13978,13978,0
26.207358279s,1.242927874s,0s,13976,13976,0
26.301091467s,1.329819897s,0s,13972,13972,0
26.458867371s,1.396308391s,0s,13980,13980,0
26.660257747s,1.306581724s,0s,13977,13977,0
26.8359633s,1.22468004s,0s,13974,13974,0
23.511519461s,1.102020502s,0s,13983,13983,0
23.713354434s,1.46232546s,0s,13986,13986,0
24.389026305s,1.234894306s,0s,13988,13988,0
24.664912907s,1.484829984s,0s,13981,13981,0
24.708539301s,1.232642296s,0s,13990,13990,0
24.95008413s,1.053170901s,0s,13985,13985,0
25.34004805s,1.06277608s,0s,13989,13989,0
25.400626156s,1.474532013s,0s,13982,13982,0
25.65549157s,1.196377242s,0s,13987,13987,0
27.176228254s,1.360015764s,0s,13984,13984,0
23.512892947s,1.022485369s,0s,13996,13996,0
23.865915379s,1.257326904s,0s,13992,13992,0
24.342566437s,1.080778633s,0s,13993,13993,0
24.919574181s,1.004064742s,0s,13997,13997,0
25.141396321s,1.135008307s,0s,13991,13991,0
25.564108056s,1.417975025s,0s,13998,13998,0
25.621776716s,1.019318856s,0s,13999,13999,0
25.834391044s,1.317528053s,0s,13994,13994,0
26.015982871s,1.458269268s,0s,14000,14000,0
26.089528242s,1.365766629s,0s,13995,13995,0
23.710803045s,1.282359237s,0s,14006,14006,0
23.751381487s,1.179710075s,0s,14007,14007,0
23.751439451s,1.022103677s,0s,14010,14010,0
24.243961792s,1.202941693s,0s,14005,14005,0
24.369759041s,1.367906336s,0s,14008,14008,0
25.354217508s,1.458060122s,0s,14002,14002,0
25.759164737s,1.296558974s,0s,14001,14001,0
25.884827466s,1.088390035s,0s,14004,14004,0
25.9234681s,1.264121155s,0s,14003,14003,0
26.24835909s,1.471384473s,0s,14009,14009,0
24.45349254s,1.379289118s,0s,14011,14011,0
24.716364783s,1.039462386s,0s,14013,14013,0
25.344135596s,1.319592962s,0s,14019,14019,0
25.661995655s,1.219291012s,0s,14016,14016,0
25.676582452s,1.372067273s,0s,14017,14017,0
25.866416545s,1.395550469s,0s,14020,14020,0
26.551265182s,1.077720353s,0s,14012,14012,0
26.574758442s,1.335804719s,0s,14014,14014,0
26.661425974s,1.100893239s,0s,14018,14018,0
26.851197305s,1.136069939s,0s,14015,14015,0
23.895546346s,1.034135251s,0s,14027,14027,0
24.548098511s,1.226404627s,0s,14025,14025,0
24.600657872s,1.196198534s,0s,14024,14024,0
24.826512929s,1.16654812s,0s,14021,14021,0
25.092294073s,1.182783908s,0s,14022,14022,0
25.095894035s,1.100340453s,0s,14030,14030,0
25.147546305s,1.187974694s,0s,14028,14028,0
25.467310389s,1.468160096s,0s,14023,14023,0
25.504783276s,1.362883719s,0s,14029,14029,0
25.759698203s,1.35469111s,0s,14026,14026,0
24.012408459s,1.325753936s,0s,14032,14032,0
24.677616488s,1.414240138s,0s,14039,14039,0
25.369665398s,1.01409098s,0s,14031,14031,0
25.660611151s,1.147560987s,0s,14034,14034,0
25.677630039s,1.109355538s,0s,14036,14036,0
25.710254663s,1.324575288s,0s,14035,14035,0
25.886071101s,1.266341053s,0s,14033,14033,0
26.19797823s,1.333951296s,0s,14037,14037,0
26.310633765s,1.213912058s,0s,14038,14038,0
26.611497189s,1.223100831s,0s,14040,14040,0
24.311291477s,1.032455537s,0s,14047,14047,0
24.716298666s,1.217844891s,0s,14049,14049,0
24.766918913s,1.46133135s,0s,14045,14045,0
25.087838679s,1.112159716s,0s,14048,14048,0
25.194385078s,1.49859739s,0s,14041,14041,0
25.255145782s,1.436109859s,0s,14043,14043,0
25.659009096s,1.186663763s,0s,14050,14050,0
25.83180781s,1.173472995s,0s,14042,14042,0
26.692367261s,1.034681364s,0s,14046,14046,0
26.943229245s,1.077952773s,0s,14044,14044,0
23.609948418s,1.12150011s,0s,14054,14054,0
23.838835632s,1.23108373s,0s,14051,14051,0
24.229421485s,1.093139211s,0s,14056,14056,0
24.361060766s,1.329339146s,0s,14060,14060,0
24.404692747s,1.342590902s,0s,14059,14059,0
25.026735963s,1.120388174s,0s,14052,14052,0
25.96992672s,1.147874984s,0s,14058,14058,0
26.010461892s,1.123704811s,0s,14057,14057,0
26.845317123s,1.362829891s,0s,14055,14055,0
27.135244763s,1.498065238s,0s,14053,14053,0
23.401888368s,1.015100075s,0s,14064,14064,0
23.41652062s,1.440033198s,0s,14065,14065,0
24.149915063s,1.247493763s,0s,14063,14063,0
24.673644421s,1.339143177s,0s,14070,14070,0
24.686245061s,1.313867899s,0s,14069,14069,0
24.712910186s,1.391791653s,0s,14062,14062,0
25.072780986s,1.301594719s,0s,14066,14066,0
25.369689933s,1.382566156s,0s,14061,14061,0
26.095510485s,1.26605941s,0s,14067,14067,0
27.468796912s,1.279320827s,0s,14068,14068,0
24.050924556s,1.347594949s,0s,14074,14074,0
24.782014232s,1.49144674s,0s,14078,14078,0
25.215727935s,1.186688509s,0s,14079,14079,0
25.220351558s,1.294313812s,0s,14080,14080,0
25.453075256s,1.046131903s,0s,14075,14075,0
25.466144391s,1.422023362s,0s,14077,14077,0
25.561935333s,1.051394416s,0s,14076,14076,0
26.131878523s,1.429214361s,0s,14072,14072,0
26.17548605s,1.196046228s,0s,14073,14073,0
26.656429629s,1.41478636s,0s,14071,14071,0
24.014593952s,1.355863947s,0s,14089,14089,0
24.213511905s,1.398561314s,0s,14088,14088,0
24.280125531s,1.463844785s,0s,14081,14081,0
24.707159482s,1.159254077s,0s,14087,14087,0
25.066066453s,1.375337843s,0s,14082,14082,0
25.160776216s,1.021731227s,0s,14086,14086,0
25.471662396s,1.008396771s,0s,14083,14083,0
26.011690858s,1.363103409s,0s,14085,14085,0
26.114323752s,1.062967803s,0s,14090,14090,0
26.601123951s,1.275587676s,0s,14084,14084,0
24.164119347s,1.341675014s,0s,14094,14094,0
24.178650008s,1.272136767s,0s,14097,14097,0
25.199127847s,1.212699554s,0s,14099,14099,0
25.231744665s,1.181491177s,0s,14100,14100,0
25.287363979s,1.144276593s,0s,14093,14093,0
25.396125462s,1.085067938s,0s,14098,14098,0
25.802163294s,1.331383583s,0s,14092,14092,0
26.143069817s,1.214934669s,0s,14095,14095,0
26.307620731s,1.037625051s,0s,14091,14091,0
26.492802829s,1.069951249s,0s,14096,14096,0
23.490290704s,1.124439211s,0s,14101,14101,0
24.138557602s,1.239022899s,0s,14102,14102,0
24.67955035s,1.381795372s,0s,14107,14107,0
24.832287784s,1.222914468s,0s,14108,14108,0
24.837982508s,1.204678738s,0s,14103,14103,0
25.844081231s,1.103173232s,0s,14109,14109,0
26.078848196s,1.295457282s,0s,14106,14106,0
26.44967663s,1.264290831s,0s,14105,14105,0
26.865667689s,1.497276815s,0s,14104,14104,0
27.423535279s,1.422986644s,0s,14110,14110,0
23.988071482s,1.083381136s,0s,14111,14111,0
24.372012864s,1.191694421s,0s,14120,14120,0
24.754813251s,1.240474178s,0s,14113,14113,0
25.221765168s,1.080162322s,0s,14119,14119,0
25.359495857s,1.191679772s,0s,14118,14118,0
25.402025859s,1.465028069s,0s,14117,14117,0
25.641723889s,1.436848205s,0s,14112,14112,0
25.900649938s,1.220213954s,0s,14115,14115,0
26.273650496s,1.465034388s,0s,14114,14114,0
26.34020379s,1.198997208s,0s,14116,14116,0
23.168101372s,1.016103198s,0s,14122,14122,0
23.920290879s,1.353297238s,0s,14124,14124,0
24.019001067s,1.118893428s,0s,14126,14126,0
24.17075435s,1.033340829s,0s,14127,14127,0
24.896970575s,1.294834931s,0s,14125,14125,0
25.081729932s,1.321040432s,0s,14129,14129,0
25.168369411s,1.358483648s,0s,14128,14128,0
25.389082636s,1.053674295s,0s,14130,14130,0
25.685825548s,1.052534342s,0s,14123,14123,0
27.290341769s,1.445831717s,0s,14121,14121,0
23.342583676s,1.436250497s,0s,14131,14131,0
24.095502342s,1.038122165s,0s,14132,14132,0
24.759613581s,1.460511067s,0s,14135,14135,0
24.995358673s,1.335529132s,0s,14140,14140,0
25.605480962s,1.287208765s,0s,14138,14138,0
25.684096079s,1.396027805s,0s,14134,14134,0
25.859717055s,1.190488433s,0s,14137,14137,0
26.329655465s,1.241718217s,0s,14139,14139,0
26.476467166s,1.357745953s,0s,14136,14136,0
26.543149389s,1.286094671s,0s,14133,14133,0
23.680615216s,1.207850937s,0s,14142,14142,0
24.572368335s,1.320087747s,0s,14148,14148,0
25.00430105s,1.152384999s,0s,14144,14144,0
25.101960808s,1.088147964s,0s,14150,14150,0
25.272529482s,1.433685664s,0s,14147,14147,0
25.30519629s,1.155583216s,0s,14143,14143,0
25.616036143s,1.375409479s,0s,14141,14141,0
25.625576627s,1.477476604s,0s,14146,14146,0
26.030505178s,1.443957083s,0s,14145,14145,0
27.373336243s,1.459290335s,0s,14149,14149,0
24.167482884s,1.144623099s,0s,14155,14155,0
24.233061784s,1.307608964s,0s,14152,14152,0
24.518996122s,1.190069561s,0s,14158,14158,0
24.583605106s,1.112366129s,0s,14156,14156,0
24.812272872s,1.449099819s,0s,14153,14153,0
25.049635752s,1.466323588s,0s,14157,14157,0
25.352472426s,1.202290042s,0s,14151,14151,0
25.643162797s,1.176831895s,0s,14160,14160,0
25.947165205s,1.01207542s,0s,14159,14159,0
26.29504895s,1.398881922s,0s,14154,14154,0
24.295705866s,1.07528477s,0s,14164,14164,0
24.369361317s,1.292282359s,0s,14166,14166,0
24.609130696s,1.125516086s,0s,14168,14168,0
24.620759906s,1.156952535s,0s,14170,14170,0
25.03069932s,1.015909263s,0s,14165,14165,0
25.157414238s,1.148739227s,0s,14169,14169,0
25.208995857s,1.497990768s,0s,14161,14161,0
25.720957667s,1.41956464s,0s,14167,14167,0
26.511248409s,1.486833871s,0s,14162,14162,0
26.639974629s,1.040038654s,0s,14163,14163,0
23.323378963s,1.17602072s,0s,14177,14177,0
23.329040947s,1.108600217s,0s,14176,14176,0
23.499873469s,1.02198622s,0s,14174,14174,0
24.593724771s,1.15580537s,0s,14172,14172,0
25.203617882s,1.445063577s,0s,14180,14180,0
25.274088193s,1.090388181s,0s,14173,14173,0
25.27871662s,1.37858976s,0s,14178,14178,0
25.795830455s,1.389836909s,0s,14179,14179,0
26.82731473s,1.264311952s,0s,14171,14171,0
27.121899781s,1.060212684s,0s,14175,14175,0
23.830238959s,1.026299456s,0s,14185,14185,0
24.050087644s,1.217273326s,0s,14183,14183,0
24.07773735s,1.151968185s,0s,14188,14188,0
24.094444471s,1.299503517s,0s,14187,14187,0
24.184152732s,1.014104718s,0s,14181,14181,0
24.561946577s,1.035465007s,0s,14184,14184,0
24.8147995s,1.135778449s,0s,14186,14186,0
25.675638954s,1.491074678s,0s,14182,14182,0
25.978497009s,1.491035597s,0s,14190,14190,0
26.000130804s,1.31271013s,0s,14189,14189,0
23.980358032s,1.173179814s,0s,14192,14192,0
24.161957045s,1.170977249s,0s,14195,14195,0
24.718018016s,1.18134261s,0s,14191,14191,0
25.496373797s,1.483631565s,0s,14200,14200,0
25.651047034s,1.00542156s,0s,14199,14199,0
25.747792434s,1.352080046s,0s,14198,14198,0
25.905606023s,1.248592067s,0s,14197,14197,0
26.01035252s,1.267808651s,0s,14193,14193,0
26.132049398s,1.009644708s,0s,14196,14196,0
26.621032599s,1.423356655s,0s,14194,14194,0
24.467397465s,1.13566352s,0s,14204,14204,0
24.78119279s,1.147862746s,0s,14209,14209,0
25.175952839s,1.120364744s,0s,14202,14202,0
25.210515482s,1.347659308s,0s,14210,14210,0
25.254111321s,1.388865934s,0s,14201,14201,0
25.431814444s,1.456322983s,0s,14206,14206,0
25.899900769s,1.39102781s,0s,14207,14207,0
26.014694617s,1.101148186s,0s,14205,14205,0
26.301564733s,1.188035853s,0s,14208,14208,0
26.376168768s,1.226315565s,0s,14203,14203,0
24.366299939s,1.395573425s,0s,14217,14217,0
24.389868011s,1.141786395s,0s,14220,14220,0
24.765842572s,1.20001615s,0s,14214,14214,0
24.922623587s,1.048819591s,0s,14212,14212,0
25.051291227s,1.281302581s,0s,14213,14213,0
25.609461167s,1.089068987s,0s,14211,14211,0
25.772126444s,1.091315282s,0s,14216,14216,0
25.844765767s,1.432822653s,0s,14215,14215,0
26.044937257s,1.135525335s,0s,14218,14218,0
26.057503899s,1.022585019s,0s,14219,14219,0
23.117684236s,1.215347127s,0s,14228,14228,0
24.09620822s,1.010096265s,0s,14230,14230,0
24.144841824s,1.481600046s,0s,14227,14227,0
24.581876579s,1.043615428s,0s,14224,14224,0
25.114669962s,1.261877845s,0s,14229,14229,0
25.410612817s,1.153894826s,0s,14222,14222,0
25.419222743s,1.200062724s,0s,14221,14221,0
26.255080856s,1.428333062s,0s,14225,14225,0
26.441919678s,1.223620558s,0s,14223,14223,0
26.445680881s,1.337083819s,0s,14226,14226,0
23.172148882s,1.488219585s,0s,14232,14232,0
24.435992914s,1.019109754s,0s,14240,14240,0
24.564813516s,1.303333651s,0s,14239,14239,0
24.915650526s,1.364810977s,0s,14234,14234,0
25.334570103s,1.032330436s,0s,14236,14236,0
25.379181169s,1.112629123s,0s,14231,14231,0
26.049778873s,1.261064344s,0s,14237,14237,0
26.235661781s,1.35959518s,0s,14233,14233,0
26.401327796s,1.207879439s,0s,14235,14235,0
26.823108873s,1.458038706s,0s,14238,14238,0
24.127457577s,1.350228166s,0s,14249,14249,0
24.535501681s,1.336600741s,0s,14242,14242,0
24.562176774s,1.114739837s,0s,14243,14243,0
24.601924788s,1.087166936s,0s,14247,14247,0
24.82179285s,1.09346233s,0s,14248,14248,0
25.062593287s,1.479741033s,0s,14245,14245,0
25.108070536s,1.369447171s,0s,14246,14246,0
25.587037752s,1.322368282s,0s,14244,14244,0
25.953985736s,1.339029958s,0s,14250,14250,0
26.191872474s,1.279101647s,0s,14241,14241,0
23.592079026s,1.170282748s,0s,14252,14252,0
24.552986248s,1.299753128s,0s,14251,14251,0
24.671789091s,1.158061194s,0s,14254,14254,0
25.534739804s,1.305961641s,0s,14253,14253,0
25.794627023s,1.321213845s,0s,14256,14256,0
25.932317513s,1.472717469s,0s,14260,14260,0
25.968940033s,1.442476008s,0s,14257,14257,0
26.323899436s,1.243483029s,0s,14255,14255,0
26.426510537s,1.078905063s,0s,14258,14258,0
26.459150585s,1.015673217s,0s,14259,14259,0
22.852472672s,1.03612532s,0s,14266,14266,0
24.619975706s,1.144385639s,0s,14269,14269,0
24.672587321s,1.045514997s,0s,14268,14268,0
24.82829795s,1.282388197s,0s,14267,14267,0
24.885007689s,1.205706355s,0s,14263,14263,0
24.889610819s,1.101818903s,0s,14270,14270,0
25.629119908s,1.275089776s,0s,14264,14264,0
25.844874615s,1.44872298s,0s,14265,14265,0
26.44007392s,1.249973804s,0s,14262,14262,0
27.138264713s,1.137080945s,0s,14261,14261,0
22.983074026s,1.187061605s,0s,14274,14274,0
24.394024515s,1.008068689s,0s,14271,14271,0
24.881016178s,1.156635496s,0s,14276,14276,0
25.154761343s,1.35583692s,0s,14279,14279,0
25.584445689s,1.151396933s,0s,14277,14277,0
25.664997601s,1.395045623s,0s,14272,14272,0
26.294058766s,1.2923477s,0s,14275,14275,0
26.575901172s,1.489333938s,0s,14280,14280,0
26.769640075s,1.17092852s,0s,14273,14273,0
27.07310604s,1.313547087s,0s,14278,14278,0
23.532215481s,1.129048166s,0s,14288,14288,0
24.061199596s,1.42166267s,0s,14289,14289,0
24.434071742s,1.015407869s,0s,14281,14281,0
24.86897827s,1.44406134s,0s,14282,14282,0
24.951171282s,1.163226524s,0s,14285,14285,0
25.290043198s,1.008188951s,0s,14286,14286,0
25.45473777s,1.114886499s,0s,14283,14283,0
25.749639085s,1.428846566s,0s,14290,14290,0
25.792230023s,1.019641904s,0s,14284,14284,0
26.761655496s,1.444058457s,0s,14287,14287,0
23.754069722s,1.364547641s,0s,14295,14295,0
24.65438749s,1.495270746s,0s,14299,14299,0
24.747112156s,1.179588717s,0s,14298,14298,0
24.81075012s,1.388821025s,0s,14291,14291,0
24.992417417s,1.188832905s,0s,14293,14293,0
25.025175486s,1.228053693s,0s,14292,14292,0
25.178910909s,1.424062843s,0s,14296,14296,0
25.382737688s,1.308291505s,0s,14297,14297,0
25.395479041s,1.029117501s,0s,14300,14300,0
26.329882897s,1.170369754s,0s,14294,14294,0
23.268869201s,1.034231826s,0s,14307,14307,0
24.663618155s,1.372055404s,0s,14306,14306,0
24.830335762s,1.088765418s,0s,14305,14305,0
24.964135812s,1.091040732s,0s,14310,14310,0
25.236992562s,1.389241443s,0s,14303,14303,0
25.363625637s,1.317881029s,0s,14302,14302,0
25.691279997s,1.059497147s,0s,14304,14304,0
26.104304695s,1.455555885s,0s,14301,14301,0
26.461188128s,1.189308956s,0s,14309,14309,0
26.872012341s,1.264574784s,0s,14308,14308,0
23.897114639s,1.258571606s,0s,14316,14316,0
24.796462765s,1.02918953s,0s,14320,14320,0
25.199017606s,1.04940623s,0s,14314,14314,0
25.281720547s,1.0766078s,0s,14312,14312,0
25.327664263s,1.352467133s,0s,14318,14318,0
25.362221453s,1.194927912s,0s,14313,14313,0
25.462894052s,1.304104846s,0s,14319,14319,0
25.606575162s,1.227361209s,0s,14311,14311,0
26.793225185s,1.278841416s,0s,14315,14315,0
26.811813468s,1.223069657s,0s,14317,14317,0
23.676698267s,1.056115127s,0s,14322,14322,0
24.070621322s,1.13749524s,0s,14326,14326,0
24.237376134s,1.296793071s,0s,14329,14329,0
24.611375436s,1.057249595s,0s,14325,14325,0
24.67315216s,1.209775236s,0s,14330,14330,0
24.730755321s,1.247312441s,0s,14324,14324,0
25.507954422s,1.24623081s,0s,14321,14321,0
25.730953509s,1.218994025s,0s,14327,14327,0
25.950717677s,1.410034264s,0s,14323,14323,0
26.196512023s,1.268593928s,0s,14328,14328,0
23.643861902s,1.435955442s,0s,14340,14340,0
23.740573642s,1.217067202s,0s,14339,14339,0
24.532316872s,1.156786407s,0s,14336,14336,0
24.809158921s,1.062535703s,0s,14333,14333,0
25.135967688s,1.037939403s,0s,14332,14332,0
25.674017118s,1.404627682s,0s,14335,14335,0
25.678486096s,1.156854235s,0s,14331,14331,0
25.720036874s,1.053227342s,0s,14337,14337,0
25.737482312s,1.034614317s,0s,14338,14338,0
26.800059309s,1.270310845s,0s,14334,14334,0
23.955773667s,1.078593096s,0s,14345,14345,0
24.470779795s,1.042159646s,0s,14342,14342,0
24.699460069s,1.055386661s,0s,14350,14350,0
24.956200294s,1.196326907s,0s,14349,14349,0
25.441493686s,1.102831382s,0s,14343,14343,0
25.561138415s,1.299770681s,0s,14341,14341,0
25.575744653s,1.279541185s,0s,14348,14348,0
25.980683628s,1.1400662s,0s,14347,14347,0
25.989297686s,1.315992934s,0s,14344,14344,0
27.20846727s,1.366251122s,0s,14346,14346,0
24.333026333s,1.076383156s,0s,14359,14359,0
24.561755033s,1.430075618s,0s,14360,14360,0
24.567344293s,1.060149245s,0s,14353,14353,0
25.464174066s,1.200895779s,0s,14354,14354,0
25.826082156s,1.206103262s,0s,14357,14357,0
25.942699425s,1.420939098s,0s,14356,14356,0
26.243454849s,1.484366529s,0s,14355,14355,0
26.590197674s,1.370485384s,0s,14351,14351,0
26.680806085s,1.111585915s,0s,14352,14352,0
27.240369765s,1.381681902s,0s,14358,14358,0
23.52024869s,1.391020283s,0s,14367,14367,0
24.205421238s,1.084262613s,0s,14364,14364,0
24.459309517s,1.085434492s,0s,14361,14361,0
24.687159489s,1.035806649s,0s,14370,14370,0
25.033054105s,1.10475159s,0s,14369,14369,0
25.308927669s,1.151229768s,0s,14362,14362,0
25.409553937s,1.193456609s,0s,14368,14368,0
26.028302577s,1.139009943s,0s,14363,14363,0
26.394264133s,1.065058997s,0s,14365,14365,0
26.864288784s,1.2266969s,0s,14366,14366,0
23.198554933s,1.117875324s,0s,14374,14374,0
24.126565345s,1.281288074s,0s,14372,14372,0
24.247187966s,1.011086114s,0s,14375,14375,0
24.270763454s,1.012233959s,0s,14373,14373,0
25.005618119s,1.438125954s,0s,14378,14378,0
25.269542685s,1.135079336s,0s,14379,14379,0
25.724208595s,1.105666015s,0s,14371,14371,0
25.866807087s,1.0133519s,0s,14376,14376,0
26.14566074s,1.413944368s,0s,14380,14380,0
26.477458286s,1.396618046s,0s,14377,14377,0
23.962161635s,1.400046042s,0s,14383,14383,0
24.340066989s,1.034308364s,0s,14384,14384,0
24.637931495s,1.123787569s,0s,14387,14387,0
24.735600692s,1.157998564s,0s,14389,14389,0
24.835276355s,1.490311823s,0s,14385,14385,0
24.92797025s,1.002066428s,0s,14386,14386,0
25.269734456s,1.179274908s,0s,14388,14388,0
25.733847573s,1.098575177s,0s,14390,14390,0
26.020643968s,1.260705233s,0s,14382,14382,0
27.201271373s,1.207488075s,0s,14381,14381,0
25.092252056s,1.377875118s,0s,14397,14397,0
25.132959744s,1.00316238s,0s,14392,14392,0
25.631245826s,1.302262718s,0s,14398,14398,0
25.847078269s,1.074429786s,0s,14391,14391,0
26.330048813s,1.342647854s,0s,14399,14399,0
26.414629409s,1.390017505s,0s,14396,14396,0
26.564360148s,1.465508555s,0s,14395,14395,0
26.956269697s,1.450238144s,0s,14393,14393,0
26.956360849s,1.245783804s,0s,14394,14394,0
27.289890056s,1.294054955s,0s,14400,14400,0
23.657447571s,1.483313749s,0s,14408,14408,0
24.628689121s,1.476085705s,0s,14404,14404,0
24.705412412s,1.268047923s,0s,14402,14402,0
24.797060777s,1.357711795s,0s,14403,14403,0
25.221958142s,1.283309097s,0s,14410,14410,0
25.316553549s,1.007008584s,0s,14406,14406,0
25.411275528s,1.218449909s,0s,14405,14405,0
25.762189093s,1.287539676s,0s,14401,14401,0
25.970146924s,1.488586933s,0s,14407,14407,0
26.826559141s,1.247773979s,0s,14409,14409,0
23.321818888s,1.447861578s,0s,14420,14420,0
23.388418665s,1.007075885s,0s,14414,14414,0
24.470295483s,1.297322605s,0s,14411,14411,0
24.558036537s,1.258963963s,0s,14416,14416,0
24.567653546s,1.097706189s,0s,14415,14415,0
24.957533713s,1.007080558s,0s,14413,14413,0
25.316422226s,1.047524751s,0s,14417,14417,0
25.433091738s,1.13208016s,0s,14418,14418,0
25.639942075s,1.027314707s,0s,14419,14419,0
26.018847381s,1.36255204s,0s,14412,14412,0
24.293683451s,1.422998933s,0s,14425,14425,0
25.151203404s,1.253074925s,0s,14422,14422,0
25.266908629s,1.070810562s,0s,14428,14428,0
25.644747579s,1.419756546s,0s,14423,14423,0
25.823546671s,1.246934099s,0s,14421,14421,0
25.938093069s,1.475222113s,0s,14426,14426,0
25.98493912s,1.359374628s,0s,14429,14429,0
26.000552424s,1.120137559s,0s,14430,14430,0
26.448294923s,1.17538885s,0s,14424,14424,0
26.64809626s,1.189657781s,0s,14427,14427,0
23.429191812s,1.356700495s,0s,14433,14433,0
23.804963105s,1.25005483s,0s,14439,14439,0
24.160146028s,1.453003736s,0s,14440,14440,0
24.290811683s,1.285341804s,0s,14435,14435,0
25.046693566s,1.099477602s,0s,14434,14434,0
25.150365818s,1.078285802s,0s,14438,14438,0
25.818429102s,1.005936881s,0s,14432,14432,0
26.132252004s,1.300481235s,0s,14437,14437,0
26.747126821s,1.118741585s,0s,14431,14431,0
27.079092588s,1.016096686s,0s,14436,14436,0
23.251725845s,1.476774449s,0s,14449,14449,0
23.714710078s,1.278824077s,0s,14441,14441,0
24.428620276s,1.372023337s,0s,14446,14446,0
24.601297503s,1.235599832s,0s,14444,14444,0
25.161456183s,1.067142283s,0s,14443,14443,0
25.370178078s,1.464323391s,0s,14447,14447,0
25.589985493s,1.473554608s,0s,14442,14442,0
26.180088292s,1.381253982s,0s,14448,14448,0
26.284831686s,1.1463776s,0s,14445,14445,0
27.689103373s,1.456099626s,0s,14450,14450,0
24.263335664s,1.099540639s,0s,14455,14455,0
24.383018375s,1.027305968s,0s,14451,14451,0
24.706875085s,1.184067686s,0s,14453,14453,0
24.710454806s,1.266316926s,0s,14460,14460,0
25.164466988s,1.026120022s,0s,14454,14454,0
25.509330168s,1.311553683s,0s,14459,14459,0
25.661018424s,1.442319356s,0s,14457,14457,0
25.815575087s,1.105858509s,0s,14456,14456,0
25.937338059s,1.345836723s,0s,14452,14452,0
27.048164482s,1.365101135s,0s,14458,14458,0
23.826445805s,1.384014053s,0s,14467,14467,0
23.84408184s,1.355772643s,0s,14465,14465,0
23.984961898s,1.456303967s,0s,14468,14468,0
24.075661128s,1.065130619s,0s,14462,14462,0
24.092255708s,1.271086585s,0s,14463,14463,0
24.638249195s,1.254846779s,0s,14469,14469,0
24.823987304s,1.096345083s,0s,14461,14461,0
25.25399516s,1.107499493s,0s,14464,14464,0
25.489767666s,1.327523592s,0s,14466,14466,0
26.88453976s,1.298267926s,0s,14470,14470,0
23.742880078s,1.48958599s,0s,14477,14477,0
23.746467925s,1.013117076s,0s,14478,14478,0
24.030272379s,1.42295493s,0s,14473,14473,0
24.470244981s,1.300023804s,0s,14474,14474,0
24.829250373s,1.163675605s,0s,14480,14480,0
24.846457612s,1.136459044s,0s,14475,14475,0
25.533666489s,1.356251378s,0s,14476,14476,0
26.106580012s,1.469359292s,0s,14479,14479,0
26.122195428s,1.459089643s,0s,14472,14472,0
26.287928809s,1.395735833s,0s,14471,14471,0
23.111690723s,1.182684105s,0s,14485,14485,0
24.261882713s,1.201215915s,0s,14481,14481,0
24.422624533s,1.191883734s,0s,14482,14482,0
24.878516726s,1.090117058s,0s,14483,14483,0
24.975163755s,1.091210609s,0s,14490,14490,0
25.007900839s,1.200111067s,0s,14487,14487,0
25.395880639s,1.468058821s,0s,14489,14489,0
25.76875519s,1.104439423s,0s,14484,14484,0
25.831372172s,1.451877013s,0s,14486,14486,0
27.087979816s,1.409605793s,0s,14488,14488,0
23.038760424s,1.086888434s,0s,14493,14493,0
23.271400664s,1.027685957s,0s,14495,14495,0
23.443171709s,1.181228155s,0s,14494,14494,0
24.815675297s,1.014981608s,0s,14499,14499,0
24.90335548s,1.018224078s,0s,14491,14491,0
25.477300634s,1.175058356s,0s,14498,14498,0
25.762146355s,1.309725421s,0s,14497,14497,0
25.783727614s,1.449071465s,0s,14496,14496,0
25.818324548s,1.024469652s,0s,14492,14492,0
26.812254057s,1.2875398s,0s,14500,14500,0
23.030096189s,1.09936724s,0s,14506,14506,0
23.951354591s,1.215882153s,0s,14505,14505,0
24.475957976s,1.412299872s,0s,14507,14507,0
24.477477632s,1.350076903s,0s,14509,14509,0
24.577015764s,1.190678916s,0s,14504,14504,0
24.716316713s,1.225084105s,0s,14508,14508,0
25.274241481s,1.286332687s,0s,14501,14501,0
25.464036176s,1.309854025s,0s,14503,14503,0
27.079027737s,1.295608683s,0s,14510,14510,0
27.131730778s,1.022089359s,0s,14502,14502,0
23.34172145s,1.080359444s,0s,14515,14515,0
24.494912015s,1.185818987s,0s,14512,14512,0
24.772811433s,1.280331031s,0s,14513,14513,0
24.880540134s,1.099555642s,0s,14516,14516,0
25.275443836s,1.428832621s,0s,14520,14520,0
25.284067765s,1.315498511s,0s,14517,14517,0
25.518871096s,1.476338992s,0s,14519,14519,0
25.765716053s,1.245042903s,0s,14511,14511,0
25.904419109s,1.466047709s,0s,14518,14518,0
25.93998586s,1.031118357s,0s,14514,14514,0
23.800222961s,1.193549326s,0s,14528,14528,0
24.080044648s,1.100982075s,0s,14522,14522,0
24.229734176s,1.290030922s,0s,14523,14523,0
24.720811061s,1.013684475s,0s,14526,14526,0
24.897504803s,1.383499891s,0s,14527,14527,0
25.264392811s,1.137345823s,0s,14525,14525,0
25.384186783s,1.489724158s,0s,14529,14529,0
25.479957378s,1.254832995s,0s,14521,14521,0
26.257033605s,1.293265592s,0s,14524,14524,0
26.698521306s,1.124125001s,0s,14530,14530,0
24.158914218s,1.405376859s,0s,14532,14532,0
24.627826648s,1.017500024s,0s,14531,14531,0
24.940581672s,1.191005747s,0s,14535,14535,0
25.068795433s,1.467602841s,0s,14533,14533,0
25.262573323s,1.295938712s,0s,14540,14540,0
25.714621593s,1.086712252s,0s,14536,14536,0
26.280315493s,1.269477933s,0s,14539,14539,0
26.819013662s,1.226221082s,0s,14534,14534,0
27.065636167s,1.280697627s,0s,14538,14538,0
27.341395335s,1.397137483s,0s,14537,14537,0
23.765216626s,1.264631644s,0s,14546,14546,0
23.893917961s,1.183721293s,0s,14547,14547,0
23.980646055s,1.334859007s,0s,14543,14543,0
25.680847858s,1.20795455s,0s,14542,14542,0
25.734439639s,1.208036139s,0s,14548,14548,0
25.820069805s,1.13544124s,0s,14541,14541,0
25.898651844s,1.461301464s,0s,14549,14549,0
26.093423139s,1.014127094s,0s,14550,14550,0
26.747558015s,1.379030087s,0s,14544,14544,0
27.212605189s,1.255297029s,0s,14545,14545,0
23.186757482s,1.22884947s,0s,14556,14556,0
23.273287637s,1.040768353s,0s,14553,14553,0
23.74622707s,1.391088065s,0s,14560,14560,0
24.239049501s,1.034595745s,0s,14554,14554,0
24.753042234s,1.484339993s,0s,14559,14559,0
24.891870947s,1.071998713s,0s,14555,14555,0
24.948511657s,1.140373754s,0s,14557,14557,0
25.494266145s,1.101217515s,0s,14551,14551,0
25.931140167s,1.007340288s,0s,14558,14558,0
26.626390499s,1.226616691s,0s,14552,14552,0
24.085640738s,1.34381133s,0s,14570,14570,0
24.176332153s,1.261120586s,0s,14563,14563,0
24.3470301s,1.190683195s,0s,14562,14562,0
24.39371884s,1.398222742s,0s,14564,14564,0
24.471387199s,1.153448552s,0s,14567,14567,0
24.742087512s,1.053147252s,0s,14565,14565,0
25.284659889s,1.325606153s,0s,14561,14561,0
25.638528116s,1.398214844s,0s,14569,14569,0
26.236595588s,1.350024035s,0s,14566,14566,0
26.832718649s,1.274357974s,0s,14568,14568,0
24.199851831s,1.145113392s,0s,14576,14576,0
24.688561595s,1.369672172s,0s,14572,14572,0
24.747201559s,1.353432381s,0s,14573,14573,0
24.813881779s,1.245910215s,0s,14579,14579,0
24.87546769s,1.156448455s,0s,14575,14575,0
25.247430774s,1.178631329s,0s,14578,14578,0
25.443246318s,1.073584352s,0s,14574,14574,0
25.8222573s,1.319215516s,0s,14571,14571,0
27.038807171s,1.12086528s,0s,14580,14580,0
27.170418775s,1.318042804s,0s,14577,14577,0
23.520057488s,1.065322822s,0s,14583,14583,0
24.188379552s,1.489186451s,0s,14586,14586,0
24.463111349s,1.398758924s,0s,14584,14584,0
24.936854418s,1.248873023s,0s,14588,14588,0
24.982410501s,1.340120022s,0s,14589,14589,0
25.494333974s,1.349307545s,0s,14582,14582,0
26.124572422s,1.358566929s,0s,14587,14587,0
26.137202971s,1.002096298s,0s,14585,14585,0
26.770155257s,1.470029978s,0s,14590,14590,0
26.789985554s,1.217718797s,0s,14581,14581,0
24.264095992s,1.276626846s,0s,14595,14595,0
24.395777816s,1.17629108s,0s,14597,14597,0
24.838541685s,1.305061885s,0s,14591,14591,0
25.273547692s,1.135091359s,0s,14599,14599,0
25.51640026s,1.129945186s,0s,14594,14594,0
25.589116926s,1.382307406s,0s,14596,14596,0
25.844020929s,1.048735487s,0s,14593,14593,0
25.868652404s,1.492551238s,0s,14598,14598,0
26.076468518s,1.025496604s,0s,14600,14600,0
26.1831626s,1.284881564s,0s,14592,14592,0
23.795115494s,1.207438382s,0s,14609,14609,0
23.908905875s,1.131190091s,0s,14606,14606,0
24.174850557s,1.452695195s,0s,14608,14608,0
24.635853576s,1.016081232s,0s,14604,14604,0
24.902829212s,1.299359111s,0s,14602,14602,0
25.040518929s,1.052358999s,0s,14603,14603,0
25.342445895s,1.082548325s,0s,14607,14607,0
25.685266209s,1.275094342s,0s,14610,14610,0
26.288000089s,1.236702527s,0s,14605,14605,0
26.97890403s,1.273914497s,0s,14601,14601,0
23.437230296s,1.185443644s,0s,14619,14619,0
24.459717597s,1.362053324s,0s,14614,14614,0
24.46331506s,1.424994612s,0s,14612,14612,0
24.544931067s,1.457189533s,0s,14620,14620,0
24.814728771s,1.399717617s,0s,14615,14615,0
25.350229885s,1.396508981s,0s,14616,14616,0
25.376807935s,1.372271716s,0s,14613,14613,0
25.565682002s,1.467420563s,0s,14617,14617,0
26.219781494s,1.0721346s,0s,14618,14618,0
27.010127901s,1.229695289s,0s,14611,14611,0
23.851579059s,1.136111715s,0s,14627,14627,0
23.96929692s,1.066932455s,0s,14621,14621,0
24.256145068s,1.363476035s,0s,14628,14628,0
24.630089876s,1.273434743s,0s,14630,14630,0
24.728840613s,1.289675123s,0s,14626,14626,0
25.183899226s,1.323048437s,0s,14623,14623,0
25.316546825s,1.043741493s,0s,14624,14624,0
25.919534971s,1.32524402s,0s,14629,14629,0
26.095287152s,1.002503673s,0s,14622,14622,0
26.53124405s,1.297884564s,0s,14625,14625,0
22.96303433s,1.080473128s,0s,14635,14635,0
24.212216881s,1.327841831s,0s,14638,14638,0
24.35586881s,1.00107644s,0s,14633,14633,0
24.872897529s,1.334075779s,0s,14639,14639,0
25.512527646s,1.040246693s,0s,14632,14632,0
26.711430427s,1.450047615s,0s,14637,14637,0
27.155389813s,1.486436594s,0s,14631,14631,0
27.324124721s,1.405907944s,0s,14640,14640,0
27.605948285s,1.47021574s,0s,14636,14636,0
27.67357569s,1.488599971s,0s,14634,14634,0
24.604797188s,1.490016722s,0s,14641,14641,0
24.863737051s,1.451641322s,0s,14646,14646,0
25.332723484s,1.091396324s,0s,14642,14642,0
25.487271711s,1.382197113s,0s,14644,14644,0
25.624910797s,1.211949299s,0s,14649,14649,0
25.695569074s,1.498391708s,0s,14643,14643,0
25.920356745s,1.497249823s,0s,14645,14645,0
25.9960188s,1.194686767s,0s,14648,14648,0
26.993344388s,1.078159955s,0s,14650,14650,0
27.165256715s,1.417435704s,0s,14647,14647,0
23.954496277s,1.27610038s,0s,14656,14656,0
24.766715172s,1.007126056s,0s,14654,14654,0
24.901420469s,1.367821295s,0s,14658,14658,0
25.134285182s,1.30733385s,0s,14655,14655,0
25.41318375s,1.120427829s,0s,14660,14660,0
25.804102261s,1.339542637s,0s,14652,14652,0
25.917815972s,1.445090195s,0s,14657,14657,0
26.198595817s,1.246948766s,0s,14653,14653,0
26.854268713s,1.131657633s,0s,14659,14659,0
27.80777055s,1.48534763s,0s,14651,14651,0
24.512900041s,1.340875877s,0s,14669,14669,0
24.930643047s,1.139541012s,0s,14668,14668,0
25.231316856s,1.066359986s,0s,14670,14670,0
25.247860826s,1.150794051s,0s,14663,14663,0
25.548525512s,1.434119736s,0s,14667,14667,0
26.464459454s,1.269221573s,0s,14665,14665,0
26.624235877s,1.278437209s,0s,14664,14664,0
26.659884074s,1.217998134s,0s,14661,14661,0
26.813540211s,1.064133854s,0s,14666,14666,0
27.502792968s,1.334666182s,0s,14662,14662,0
24.332408121s,1.411246788s,0s,14678,14678,0
24.831023562s,1.147257138s,0s,14672,14672,0
25.039888s,1.270741788s,0s,14677,14677,0
25.064518465s,1.258539083s,0s,14675,14675,0
25.153122898s,1.131048538s,0s,14671,14671,0
25.209714703s,1.179482681s,0s,14676,14676,0
25.475446258s,1.217756916s,0s,14680,14680,0
25.98334574s,1.453500761s,0s,14674,14674,0
26.173188293s,1.042770344s,0s,14679,14679,0
26.180780884s,1.355049723s,0s,14673,14673,0
22.954702969s,1.040149312s,0s,14686,14686,0
23.21952001s,1.271176948s,0s,14687,14687,0
23.783566687s,1.270075666s,0s,14683,14683,0
23.810459288s,1.498595796s,0s,14681,14681,0
24.43560401s,1.409069823s,0s,14688,14688,0
24.921657716s,1.178545401s,0s,14690,14690,0
25.518540959s,1.374741451s,0s,14685,14685,0
25.546082988s,1.443296971s,0s,14684,14684,0
25.699803298s,1.276444841s,0s,14682,14682,0
25.893604447s,1.256781544s,0s,14689,14689,0
24.233945561s,1.191713614s,0s,14693,14693,0
24.543783064s,1.171491274s,0s,14696,14696,0
24.869673962s,1.032122598s,0s,14692,14692,0
24.982293835s,1.291626126s,0s,14691,14691,0
25.685382749s,1.295872921s,0s,14699,14699,0
25.775997831s,1.220977541s,0s,14694,14694,0
26.000804108s,1.478317112s,0s,14695,14695,0
26.239603212s,1.250114258s,0s,14698,14698,0
26.520414686s,1.447110107s,0s,14700,14700,0
27.052527581s,1.278387826s,0s,14697,14697,0
23.252011056s,1.306892583s,0s,14703,14703,0
23.790888042s,1.072306933s,0s,14701,14701,0
24.493982891s,1.490833902s,0s,14708,14708,0
24.541614927s,1.484566347s,0s,14707,14707,0
24.597252312s,1.245631092s,0s,14706,14706,0
24.804042089s,1.497076771s,0s,14704,14704,0
25.058782475s,1.010068152s,0s,14709,14709,0
25.693906943s,1.442340415s,0s,14710,14710,0
26.250014676s,1.499343476s,0s,14705,14705,0
26.717993893s,1.375032146s,0s,14702,14702,0
22.844755006s,1.025057874s,0s,14715,14715,0
23.866227155s,1.078301393s,0s,14716,14716,0
23.963961025s,1.135509108s,0s,14720,14720,0
24.078609864s,1.344340289s,0s,14717,14717,0
24.657840306s,1.315054636s,0s,14713,14713,0
25.267856787s,1.013796644s,0s,14712,14712,0
25.331490198s,1.458904225s,0s,14711,14711,0
26.684877202s,1.19576377s,0s,14719,14719,0
26.78444656s,1.358575207s,0s,14718,14718,0
27.802907454s,1.46308776s,0s,14714,14714,0
24.22029676s,1.10039076s,0s,14724,14724,0
24.328918763s,1.231312389s,0s,14730,14730,0
24.545719432s,1.46034372s,0s,14728,14728,0
24.757507527s,1.358581065s,0s,14721,14721,0
25.065122185s,1.409850723s,0s,14726,14726,0
25.194760819s,1.073146503s,0s,14723,14723,0
25.650557831s,1.439072873s,0s,14729,14729,0
25.819287596s,1.139940264s,0s,14725,14725,0
26.453582844s,1.128670863s,0s,14727,14727,0
27.17687352s,1.163100175s,0s,14722,14722,0
24.119235401s,1.294740825s,0s,14740,14740,0
24.63925711s,1.045765464s,0s,14737,14737,0
24.802021792s,1.1551835s,0s,14734,14734,0
25.441039662s,1.017387168s,0s,14733,14733,0
25.545291254s,1.334953084s,0s,14736,14736,0
26.080317346s,1.273499399s,0s,14731,14731,0
26.173975677s,1.149012032s,0s,14732,14732,0
26.245696192s,1.015090436s,0s,14739,14739,0
26.446612605s,1.020546569s,0s,14738,14738,0
26.47415648s,1.380079847s,0s,14735,14735,0
24.424423939s,1.26733785s,0s,14747,14747,0
24.989101649s,1.282795593s,0s,14746,14746,0
25.2108679s,1.247126424s,0s,14741,14741,0
25.763012829s,1.45229937s,0s,14744,14744,0
25.986601494s,1.095364063s,0s,14749,14749,0
26.259261431s,1.073132939s,0s,14750,14750,0
26.345913011s,1.13094361s,0s,14743,14743,0
26.483673808s,1.37402348s,0s,14745,14745,0
26.88454621s,1.273522113s,0s,14742,14742,0
27.059247145s,1.105597693s,0s,14748,14748,0
23.344116701s,1.172739212s,0s,14760,14760,0
23.639982079s,1.097097282s,0s,14754,14754,0
23.986919585s,1.162509602s,0s,14752,14752,0
24.423910447s,1.341620821s,0s,14755,14755,0
24.622661069s,1.239462424s,0s,14759,14759,0
24.829535485s,1.108322438s,0s,14751,14751,0
24.865188301s,1.494030495s,0s,14753,14753,0
25.313141236s,1.217069064s,0s,14757,14757,0
25.67382725s,1.228246691s,0s,14756,14756,0
25.825546893s,1.197901035s,0s,14758,14758,0
24.358617374s,1.130403446s,0s,14767,14767,0
24.565441453s,1.450872758s,0s,14762,14762,0
24.665061409s,1.433340838s,0s,14761,14761,0
25.052602422s,1.489093917s,0s,14768,14768,0
25.563585434s,1.392893207s,0s,14765,14765,0
25.92709295s,1.417023145s,0s,14766,14766,0
26.437962193s,1.199257867s,0s,14764,14764,0
26.476544368s,1.446543856s,0s,14763,14763,0
26.542248666s,1.121199696s,0s,14770,14770,0
27.069251687s,1.391623428s,0s,14769,14769,0
23.760213556s,1.348702057s,0s,14778,14778,0
24.317779534s,1.403973945s,0s,14772,14772,0
24.753469999s,1.274159563s,0s,14776,14776,0
24.768023162s,1.042166088s,0s,14777,14777,0
24.943821494s,1.109602021s,0s,14774,14774,0
25.137600375s,1.405124552s,0s,14771,14771,0
25.240171975s,1.183907186s,0s,14773,14773,0
25.721268193s,1.068383105s,0s,14780,14780,0
25.935819057s,1.473366086s,0s,14779,14779,0
27.410703821s,1.276431151s,0s,14775,14775,0
24.243880287s,1.284021557s,0s,14790,14790,0
25.477548117s,1.442889641s,0s,14786,14786,0
25.477714441s,1.271766117s,0s,14782,14782,0
25.537647031s,1.460081816s,0s,14788,14788,0
26.019721054s,1.464284507s,0s,14783,14783,0
26.074308245s,1.383651769s,0s,14785,14785,0
26.275150991s,1.2435248s,0s,14784,14784,0
26.580901574s,1.301249004s,0s,14789,14789,0
27.186743523s,1.184252633s,0s,14781,14781,0
27.258418947s,1.340436642s,0s,14787,14787,0
25.162624869s,1.287519453s,0s,14792,14792,0
25.240242173s,1.173792829s,0s,14793,14793,0
25.271915682s,1.31176311s,0s,14791,14791,0
25.320532725s,1.118180304s,0s,14797,14797,0
25.958391383s,1.329010611s,0s,14800,14800,0
26.034021265s,1.458587815s,0s,14796,14796,0
26.193681764s,1.245265221s,0s,14795,14795,0
26.577615226s,1.35020707s,0s,14799,14799,0
26.699319052s,1.123525705s,0s,14794,14794,0
27.156025849s,1.237067564s,0s,14798,14798,0
25.036738232s,1.24609419s,0s,14806,14806,0
25.190399589s,1.023085347s,0s,14805,14805,0
25.29910321s,1.072553118s,0s,14809,14809,0
25.363713755s,1.334872461s,0s,14808,14808,0
25.451293687s,1.134924359s,0s,14804,14804,0
25.507917048s,1.301572307s,0s,14810,14810,0
25.850866606s,1.474344013s,0s,14801,14801,0
26.015547947s,1.470060146s,0s,14807,14807,0
26.232271248s,1.278342124s,0s,14803,14803,0
26.374038952s,1.036341837s,0s,14802,14802,0
23.107168244s,1.082338907s,0s,14815,14815,0
24.570723677s,1.252096316s,0s,14811,14811,0
24.7915325s,1.23196314s,0s,14814,14814,0
24.852521977s,1.263300907s,0s,14819,14819,0
25.147649185s,1.185773599s,0s,14818,14818,0
25.359389935s,1.144535327s,0s,14820,14820,0
26.564546611s,1.275519059s,0s,14812,14812,0
26.87730575s,1.003121726s,0s,14813,14813,0
27.018072989s,1.449871824s,0s,14817,14817,0
27.491986149s,1.477080043s,0s,14816,14816,0
23.832370641s,1.267290712s,0s,14823,14823,0
24.166328066s,1.181656986s,0s,14822,14822,0
24.342122528s,1.151445192s,0s,14825,14825,0
24.93768893s,1.251105417s,0s,14824,14824,0
25.360477476s,1.3267517s,0s,14821,14821,0
25.713414647s,1.384051125s,0s,14829,14829,0
26.034330141s,1.396273902s,0s,14827,14827,0
26.068032695s,1.228844808s,0s,14828,14828,0
26.465986316s,1.065131102s,0s,14826,14826,0
26.698748932s,1.285537827s,0s,14830,14830,0
24.157781799s,1.216505106s,0s,14832,14832,0
24.301370329s,1.268024947s,0s,14840,14840,0
24.444154247s,1.386114457s,0s,14834,14834,0
24.645014196s,1.376586337s,0s,14838,14838,0
24.668661905s,1.4295973s,0s,14835,14835,0
25.477010787s,1.382868321s,0s,14831,14831,0
25.936894107s,1.239748768s,0s,14839,14839,0
26.19064421s,1.046121735s,0s,14836,14836,0
26.280295419s,1.344291898s,0s,14837,14837,0
26.393902967s,1.427384437s,0s,14833,14833,0
23.681990793s,1.32874244s,0s,14841,14841,0
25.076895364s,1.221015512s,0s,14846,14846,0
25.080495199s,1.472279705s,0s,14844,14844,0
25.180194657s,1.297527541s,0s,14849,14849,0
25.47677281s,1.221024493s,0s,14845,14845,0
25.951411583s,1.071556491s,0s,14848,14848,0
26.000983105s,1.065322719s,0s,14842,14842,0
26.026742104s,1.072677916s,0s,14850,14850,0
26.521834239s,1.271251969s,0s,14843,14843,0
27.366172592s,1.337004837s,0s,14847,14847,0
23.550928327s,1.118532826s,0s,14853,14853,0
24.548432315s,1.015023051s,0s,14851,14851,0
24.711189832s,1.460295299s,0s,14854,14854,0
25.027977314s,1.142835499s,0s,14857,14857,0
25.211732001s,1.207101557s,0s,14855,14855,0
25.57257855s,1.357050392s,0s,14859,14859,0
25.644296984s,1.01627608s,0s,14860,14860,0
25.814009428s,1.332918055s,0s,14852,14852,0
26.650314197s,1.302618436s,0s,14858,14858,0
27.429652024s,1.213362046s,0s,14856,14856,0
23.63403923s,1.227620731s,0s,14869,14869,0
23.856755891s,1.371783685s,0s,14870,14870,0
24.11243064s,1.11286056s,0s,14865,14865,0
24.603119069s,1.284091491s,0s,14867,14867,0
25.052090842s,1.12406524s,0s,14866,14866,0
25.422979976s,1.419042339s,0s,14864,14864,0
25.592844026s,1.336296888s,0s,14863,14863,0
26.162624174s,1.361548632s,0s,14861,14861,0
26.459428553s,1.239835741s,0s,14862,14862,0
26.782361271s,1.12628286s,0s,14868,14868,0
23.596597434s,1.333953473s,0s,14872,14872,0
23.624107105s,1.442586501s,0s,14874,14874,0
23.938620084s,1.275649993s,0s,14877,14877,0
24.765368016s,1.339081059s,0s,14878,14878,0
25.404559678s,1.21022875s,0s,14876,14876,0
25.419222729s,1.447885576s,0s,14875,14875,0
25.534979292s,1.382350851s,0s,14871,14871,0
25.732789693s,1.030735461s,0s,14879,14879,0
25.887438464s,1.227459463s,0s,14873,14873,0
25.92199542s,1.124005793s,0s,14880,14880,0
24.537259613s,1.337571962s,0s,14887,14887,0
24.632973179s,1.264961909s,0s,14882,14882,0
24.949842655s,1.20671388s,0s,14886,14886,0
25.189805993s,1.266109437s,0s,14881,14881,0
25.291513767s,1.049121931s,0s,14884,14884,0
25.526458031s,1.337580797s,0s,14885,14885,0
25.718258433s,1.114415224s,0s,14883,14883,0
25.868998472s,1.387801448s,0s,14889,14889,0
27.365595671s,1.48004111s,0s,14888,14888,0
27.466279294s,1.312281157s,0s,14890,14890,0
23.29420556s,1.024736867s,0s,14896,14896,0
23.914240863s,1.230009303s,0s,14891,14891,0
24.193096727s,1.146006534s,0s,14894,14894,0
24.607956866s,1.201774521s,0s,14899,14899,0
24.612616922s,1.434110747s,0s,14893,14893,0
25.03049074s,1.190534066s,0s,14898,14898,0
25.076091243s,1.309291607s,0s,14892,14892,0
25.454683538s,1.170257011s,0s,14900,14900,0
25.730335501s,1.314816995s,0s,14895,14895,0
26.464037759s,1.311488269s,0s,14897,14897,0
23.376616726s,1.001715336s,0s,14907,14907,0
23.57738068s,1.463102076s,0s,14904,14904,0
24.45931562s,1.154086562s,0s,14903,14903,0
24.55398011s,1.346762925s,0s,14906,14906,0
24.749794492s,1.296121602s,0s,14910,14910,0
24.859345039s,1.247783868s,0s,14908,14908,0
24.919961151s,1.235536169s,0s,14909,14909,0
25.01765163s,1.163257589s,0s,14905,14905,0
25.024287759s,1.328582965s,0s,14901,14901,0
25.85917062s,1.31332793s,0s,14902,14902,0
23.159659872s,1.034339006s,0s,14918,14918,0
23.420048681s,1.16587516s,0s,14919,14919,0
23.804004302s,1.449347634s,0s,14920,14920,0
24.019804841s,1.146616131s,0s,14917,14917,0
24.709973844s,1.021096753s,0s,14916,14916,0
24.795672269s,1.195074186s,0s,14913,14913,0
25.193607457s,1.325621798s,0s,14914,14914,0
25.96386894s,1.296410553s,0s,14912,14912,0
26.517588206s,1.370896111s,0s,14911,14911,0
26.682289571s,1.383024255s,0s,14915,14915,0
23.508078364s,1.061046301s,0s,14927,14927,0
23.83900895s,1.051653221s,0s,14929,14929,0
23.931696913s,1.161498632s,0s,14928,14928,0
24.751910447s,1.02010829s,0s,14925,14925,0
25.07162367s,1.036367024s,0s,14922,14922,0
25.1983371s,1.249737818s,0s,14923,14923,0
25.410266333s,1.346036361s,0s,14921,14921,0
25.438852715s,1.368480372s,0s,14926,14926,0
25.78073674s,1.361261555s,0s,14930,14930,0
25.964516205s,1.123246993s,0s,14924,14924,0
23.393776881s,1.136450719s,0s,14931,14931,0
23.928633573s,1.393200281s,0s,14938,14938,0
24.240287516s,1.197658873s,0s,14939,14939,0
24.760406601s,1.235929123s,0s,14936,14936,0
25.319109077s,1.318495916s,0s,14940,14940,0
25.522795052s,1.251089453s,0s,14935,14935,0
25.927255332s,1.33372649s,0s,14933,14933,0
26.134986294s,1.372962036s,0s,14937,14937,0
26.383768443s,1.004156517s,0s,14932,14932,0
26.922902577s,1.263278058s,0s,14934,14934,0
24.931139688s,1.384058233s,0s,14943,14943,0
24.968754149s,1.022099344s,0s,14948,14948,0
25.123442109s,1.460338673s,0s,14941,14941,0
25.147963648s,1.344574146s,0s,14946,14946,0
25.287553683s,1.23586497s,0s,14942,14942,0
25.624492584s,1.084572017s,0s,14945,14945,0
25.911370605s,1.267077291s,0s,14947,14947,0
25.933976418s,1.297330892s,0s,14944,14944,0
26.105633887s,1.354810372s,0s,14950,14950,0
26.655840754s,1.033348328s,0s,14949,14949,0
23.382420563s,1.345783688s,0s,14956,14956,0
23.477934454s,1.018083748s,0s,14958,14958,0
23.859821194s,1.266291869s,0s,14959,14959,0
23.90748715s,1.429294586s,0s,14954,14954,0
24.074223418s,1.135865265s,0s,14953,14953,0
24.955014859s,1.297525378s,0s,14960,14960,0
25.419004933s,1.368019109s,0s,14957,14957,0
25.508753062s,1.055350053s,0s,14952,14952,0
25.708523078s,1.078569788s,0s,14951,14951,0
26.414807719s,1.218028555s,0s,14955,14955,0
24.935371322s,1.308837993s,0s,14967,14967,0
25.05412179s,1.20508762s,0s,14964,14964,0
25.093764073s,1.300573144s,0s,14966,14966,0
25.127410511s,1.082512669s,0s,14962,14962,0
25.205009348s,1.379292233s,0s,14968,14968,0
25.36773232s,1.096820576s,0s,14961,14961,0
25.653092935s,1.219295374s,0s,14965,14965,0
26.226114931s,1.32705243s,0s,14970,14970,0
26.324792332s,1.386523041s,0s,14969,14969,0
27.477749748s,1.426727926s,0s,14963,14963,0
24.176955273s,1.077295786s,0s,14979,14979,0
24.406690664s,1.183027289s,0s,14974,14974,0
24.488436869s,1.234982937s,0s,14977,14977,0
24.539034195s,1.226533123s,0s,14975,14975,0
24.572627262s,1.161810285s,0s,14973,14973,0
24.662273613s,1.233872117s,0s,14978,14978,0
25.314466145s,1.122582339s,0s,14971,14971,0
25.377111551s,1.185310894s,0s,14980,14980,0
25.985281524s,1.184131794s,0s,14972,14972,0
27.206909634s,1.010138028s,0s,14976,14976,0
23.646040939s,1.401214322s,0s,14984,14984,0
23.972895635s,1.058185596s,0s,14990,14990,0
24.56096833s,1.296737192s,0s,14985,14985,0
24.743677114s,1.221877148s,0s,14988,14988,0
25.260678917s,1.363012281s,0s,14983,14983,0
25.341409056s,1.268526407s,0s,14987,14987,0
25.399115219s,1.468429662s,0s,14989,14989,0
25.603880143s,1.263335897s,0s,14982,14982,0
25.874658532s,1.258114611s,0s,14986,14986,0
26.08889862s,1.47864417s,0s,14981,14981,0
23.619245273s,1.04535635s,0s,14994,14994,0
23.643952085s,1.158047795s,0s,14996,14996,0
24.30917869s,1.408874724s,0s,14998,14998,0
24.649141031s,1.006082063s,0s,14991,14991,0
24.978571504s,1.194278487s,0s,14997,14997,0
25.410585399s,1.293557713s,0s,14995,14995,0
25.41200596s,1.427067482s,0s,14999,14999,0
25.694736008s,1.489330977s,0s,15000,15000,0
25.89743006s,1.120851471s,0s,14993,14993,0
26.029102676s,1.056575753s,0s,14992,14992,0
23.405907275s,1.414999859s,0s,15001,15001,0
24.260543159s,1.189699209s,0s,15007,15007,0
24.395352061s,1.096145595s,0s,15010,15010,0
25.037558609s,1.257076828s,0s,15006,15006,0
25.050219091s,1.249909221s,0s,15004,15004,0
25.219754615s,1.410692067s,0s,15008,15008,0
25.264467084s,1.423288761s,0s,15009,15009,0
25.558218151s,1.345385611s,0s,15005,15005,0
26.388524739s,1.103382464s,0s,15002,15002,0
26.974670683s,1.4345926s,0s,15003,15003,0
23.795763131s,1.056462791s,0s,15013,15013,0
24.832917972s,1.207071209s,0s,15018,15018,0
24.971613864s,1.310534936s,0s,15012,15012,0
24.986254849s,1.249312183s,0s,15020,15020,0
25.57937266s,1.367937267s,0s,15011,15011,0
25.813182671s,1.043256175s,0s,15014,15014,0
25.918801699s,1.426120357s,0s,15015,15015,0
26.014520661s,1.061770614s,0s,15016,15016,0
26.016048681s,1.028033247s,0s,15019,15019,0
26.55103313s,1.461373301s,0s,15017,15017,0
23.482032082s,1.355001803s,0s,15030,15030,0
23.957974665s,1.29332044s,0s,15028,15028,0
24.656178822s,1.17165708s,0s,15024,15024,0
25.272104479s,1.095417343s,0s,15021,15021,0
25.612588938s,1.215904488s,0s,15025,15025,0
25.665148209s,1.339748452s,0s,15027,15027,0
25.972792272s,1.272035001s,0s,15029,15029,0
26.79173339s,1.440294929s,0s,15022,15022,0
27.1036522s,1.308498939s,0s,15026,15026,0
27.151269428s,1.036152995s,0s,15023,15023,0
24.347328362s,1.260752243s,0s,15033,15033,0
24.603226354s,1.449678149s,0s,15034,15034,0
24.874065615s,1.06319309s,0s,15036,15036,0
25.045864053s,1.23097445s,0s,15037,15037,0
25.144497155s,1.314350843s,0s,15035,15035,0
25.437297636s,1.253248996s,0s,15039,15039,0
25.510883307s,1.256463914s,0s,15038,15038,0
26.338150713s,1.194748979s,0s,15032,15032,0
26.36073766s,1.280984491s,0s,15040,15040,0
26.586429916s,1.185474021s,0s,15031,15031,0
23.775218968s,1.169068447s,0s,15047,15047,0
24.107083834s,1.438902199s,0s,15041,15041,0
24.171826457s,1.111603125s,0s,15043,15043,0
24.510699659s,1.372683037s,0s,15049,15049,0
24.534316721s,1.146882841s,0s,15046,15046,0
24.547920904s,1.478288781s,0s,15048,15048,0
24.739695629s,1.198297086s,0s,15042,15042,0
25.27074208s,1.463024846s,0s,15050,15050,0
25.332452466s,1.106381807s,0s,15045,15045,0
25.984733192s,1.066154303s,0s,15044,15044,0
23.089332157s,1.039170413s,0s,15055,15055,0
24.921849677s,1.497897195s,0s,15058,15058,0
24.954408095s,1.183108384s,0s,15052,15052,0
25.003003026s,1.192303078s,0s,15057,15057,0
25.541119455s,1.152926593s,0s,15051,15051,0
25.961781082s,1.099730984s,0s,15053,15053,0
26.100461991s,1.208544657s,0s,15056,15056,0
26.288256703s,1.009732636s,0s,15054,15054,0
26.446030476s,1.332817557s,0s,15059,15059,0
26.568849104s,1.056406194s,0s,15060,15060,0
23.816477537s,1.001074898s,0s,15067,15067,0
24.328125452s,1.408591136s,0s,15061,15061,0
25.18528771s,1.054330591s,0s,15065,15065,0
25.308767049s,1.198508807s,0s,15063,15063,0
25.725779017s,1.085539139s,0s,15066,15066,0
25.93545753s,1.276012968s,0s,15064,15064,0
26.035138187s,1.164859633s,0s,15062,15062,0
26.172905309s,1.183064749s,0s,15068,15068,0
26.521842755s,1.255740925s,0s,15069,15069,0
26.587472671s,1.335290398s,0s,15070,15070,0
23.791667601s,1.094393271s,0s,15072,15072,0
24.130520175s,1.199967697s,0s,15076,15076,0
24.477359907s,1.245303981s,0s,15079,15079,0
24.62815352s,1.306512935s,0s,15073,15073,0
24.753836077s,1.204105602s,0s,15074,15074,0
25.048684545s,1.381995233s,0s,15077,15077,0
25.234408147s,1.186678843s,0s,15078,15078,0
25.456244353s,1.049158432s,0s,15071,15071,0
26.12843079s,1.47253582s,0s,15075,15075,0
27.0198178s,1.346708865s,0s,15080,15080,0
24.609914363s,1.228137422s,0s,15082,15082,0
24.70861789s,1.009178649s,0s,15090,15090,0
24.712154202s,1.063416296s,0s,15088,15088,0
25.049851208s,1.3554448s,0s,15083,15083,0
25.101584034s,1.302611977s,0s,15087,15087,0
25.113249646s,1.153680298s,0s,15089,15089,0
25.435057938s,1.326130639s,0s,15086,15086,0
25.52534941s,1.291425709s,0s,15084,15084,0
25.600992835s,1.322897734s,0s,15085,15085,0
26.863017223s,1.194941532s,0s,15081,15081,0
24.232103751s,1.226898279s,0s,15092,15092,0
24.25566676s,1.297495924s,0s,15091,15091,0
24.512382184s,1.07339514s,0s,15094,15094,0
25.220552596s,1.009094505s,0s,15098,15098,0
25.259177581s,1.149600967s,0s,15096,15096,0
25.644021116s,1.226890342s,0s,15097,15097,0
25.939840185s,1.257023462s,0s,15095,15095,0
25.974388418s,1.286288266s,0s,15100,15100,0
26.937337215s,1.420995952s,0s,15099,15099,0
27.404426906s,1.343771941s,0s,15093,15093,0
23.259218565s,1.223900443s,0s,15105,15105,0
23.363716163s,1.058342075s,0s,15110,15110,0
24.062966424s,1.039146926s,0s,15101,15101,0
24.416984966s,1.21770498s,0s,15107,15107,0
24.688735833s,1.305388816s,0s,15106,15106,0
25.155833806s,1.106538479s,0s,15109,15109,0
25.67781635s,1.31260737s,0s,15103,15103,0
25.69642674s,1.157745271s,0s,15108,15108,0
25.890213059s,1.235090978s,0s,15102,15102,0
26.073031627s,1.341822s,0s,15104,15104,0
23.78774827s,1.47109532s,0s,15118,15118,0
24.073437371s,1.136086596s,0s,15115,15115,0
25.105398719s,1.044574082s,0s,15120,15120,0
25.394999452s,1.179353436s,0s,15111,15111,0
25.409602462s,1.371320639s,0s,15112,15112,0
25.607321991s,1.201650007s,0s,15114,15114,0
25.829318078s,1.06784363s,0s,15119,15119,0
26.38444269s,1.278895447s,0s,15113,15113,0
26.488150061s,1.436552785s,0s,15116,15116,0
26.718820975s,1.341105655s,0s,15117,15117,0
24.708730803s,1.289018082s,0s,15129,15129,0
24.989566789s,1.177576658s,0s,15125,15125,0
24.989608375s,1.030523562s,0s,15126,15126,0
25.091846035s,1.154381824s,0s,15123,15123,0
25.236532598s,1.239816837s,0s,15128,15128,0
25.552369061s,1.399495601s,0s,15130,15130,0
25.602968831s,1.134137448s,0s,15122,15122,0
25.70956795s,1.107794326s,0s,15127,15127,0
26.378826023s,1.434787693s,0s,15124,15124,0
27.408169974s,1.387294029s,0s,15121,15121,0
23.562885952s,1.477916626s,0s,15132,15132,0
23.76574032s,1.491226792s,0s,15140,15140,0
24.196415593s,1.244518313s,0s,15135,15135,0
24.28805663s,1.175296522s,0s,15133,15133,0
25.263335984s,1.064615648s,0s,15139,15139,0
25.354957316s,1.029785599s,0s,15134,15134,0
25.415504771s,1.497462908s,0s,15136,15136,0
25.491175273s,1.49011796s,0s,15131,15131,0
25.530784256s,1.116824221s,0s,15138,15138,0
25.963786818s,1.166033488s,0s,15137,15137,0
23.128017065s,1.115520225s,0s,15147,15147,0
23.677997692s,1.037987589s,0s,15149,15149,0
24.75153597s,1.11872258s,0s,15150,15150,0
25.02030336s,1.414814052s,0s,15146,15146,0
25.099016988s,1.034725459s,0s,15148,15148,0
25.192748092s,1.310539908s,0s,15142,15142,0
25.30346743s,1.102239801s,0s,15144,15144,0
25.332069234s,1.222103934s,0s,15141,15141,0
25.446744548s,1.176986836s,0s,15143,15143,0
25.871493904s,1.226320536s,0s,15145,15145,0
23.910963929s,1.018098133s,0s,15152,15152,0
24.272538206s,1.105531649s,0s,15159,15159,0
24.632530481s,1.433376368s,0s,15157,15157,0
25.011469143s,1.237358155s,0s,15153,15153,0
25.096128871s,1.152021637s,0s,15158,15158,0
25.183759033s,1.366625014s,0s,15156,15156,0
25.501717309s,1.374842809s,0s,15160,15160,0
25.821547948s,1.14278435s,0s,15155,15155,0
26.54645334s,1.078351887s,0s,15151,15151,0
26.850327236s,1.423122497s,0s,15154,15154,0
24.442450241s,1.321651399s,0s,15168,15168,0
24.781447812s,1.038114902s,0s,15170,15170,0
25.093155733s,1.465414571s,0s,15169,15169,0
25.233849757s,1.316345674s,0s,15164,15164,0
25.373576484s,1.078359941s,0s,15162,15162,0
25.473270462s,1.297101542s,0s,15167,15167,0
25.507854001s,1.115544565s,0s,15163,15163,0
25.802601193s,1.220851435s,0s,15161,15161,0
26.221445832s,1.456141444s,0s,15165,15165,0
27.30707097s,1.34293877s,0s,15166,15166,0
24.062231019s,1.426583526s,0s,15177,15177,0
24.09679115s,1.343071056s,0s,15171,15171,0
24.272482914s,1.487045585s,0s,15172,15172,0
24.426225165s,1.352321018s,0s,15176,15176,0
24.456894343s,1.211523139s,0s,15175,15175,0
24.627612337s,1.029701304s,0s,15173,15173,0
24.846343286s,1.155072755s,0s,15179,15179,0
25.20169499s,1.327878195s,0s,15178,15178,0
26.017912462s,1.431869894s,0s,15174,15174,0
26.724081563s,1.176308776s,0s,15180,15180,0
23.660933196s,1.078425187s,0s,15186,15186,0
24.103684217s,1.091665202s,0s,15183,15183,0
24.187243175s,1.4229104s,0s,15189,15189,0
24.784943475s,1.094940671s,0s,15190,15190,0
25.215948951s,1.05918591s,0s,15184,15184,0
25.260497961s,1.45702865s,0s,15187,15187,0
25.722551598s,1.288411097s,0s,15185,15185,0
25.807155961s,1.274166451s,0s,15182,15182,0
26.394785657s,1.45823305s,0s,15188,15188,0
27.212107308s,1.331631911s,0s,15181,15181,0
23.054705154s,1.313225149s,0s,15191,15191,0
24.213996827s,1.241800719s,0s,15200,15200,0
24.321588418s,1.235452729s,0s,15192,15192,0
24.691566766s,1.014100304s,0s,15197,15197,0
24.856210292s,1.126393362s,0s,15198,15198,0
25.096186346s,1.45491752s,0s,15199,15199,0
25.709045665s,1.317510391s,0s,15195,15195,0
26.05090894s,1.295986287s,0s,15193,15193,0
26.957375353s,1.187250166s,0s,15194,15194,0
27.026947202s,1.126366487s,0s,15196,15196,0
24.406958147s,1.481244415s,0s,15209,15209,0
24.446638304s,1.173624736s,0s,15207,15207,0
24.627243302s,1.13413798s,0s,15202,15202,0
24.772939616s,1.468990024s,0s,15205,15205,0
25.08390264s,1.159408968s,0s,15201,15201,0
25.270825691s,1.317469925s,0s,15208,15208,0
25.274494124s,1.308273862s,0s,15206,15206,0
25.742342135s,1.185884421s,0s,15203,15203,0
27.178286951s,1.379740611s,0s,15210,15210,0
27.272960225s,1.25002297s,0s,15204,15204,0
24.486601344s,1.144358175s,0s,15220,15220,0
24.563223451s,1.472285699s,0s,15215,15215,0
24.752959537s,1.082122812s,0s,15214,15214,0
24.859602026s,1.25972671s,0s,15216,15216,0
25.25133782s,1.1970611s,0s,15212,15212,0
25.586175705s,1.201285602s,0s,15219,15219,0
26.00125047s,1.181558567s,0s,15217,15217,0
26.081857445s,1.445065165s,0s,15218,15218,0
26.271822772s,1.187844658s,0s,15213,15213,0
26.410441s,1.203498943s,0s,15211,15211,0
23.504230982s,1.236542759s,0s,15227,15227,0
23.635847378s,1.253941953s,0s,15230,15230,0
24.895667858s,1.048967915s,0s,15224,15224,0
25.101358082s,1.252837612s,0s,15223,15223,0
25.472275847s,1.31030418s,0s,15225,15225,0
25.47873055s,1.0227191s,0s,15226,15226,0
25.599040321s,1.31029813s,0s,15228,15228,0
25.948902417s,1.290086445s,0s,15229,15229,0
26.788142511s,1.118264185s,0s,15222,15222,0
27.03002162s,1.483642291s,0s,15221,15221,0
23.99995544s,1.157868682s,0s,15237,15237,0
24.157658526s,1.194095276s,0s,15234,15234,0
24.186328514s,1.30240833s,0s,15238,15238,0
24.730276422s,1.03911s,0s,15240,15240,0
24.842096883s,1.413096764s,0s,15239,15239,0
25.037863528s,1.407988473s,0s,15232,15232,0
25.545896329s,1.492384646s,0s,15236,15236,0
26.050011412s,1.081365982s,0s,15233,15233,0
26.720715769s,1.397731899s,0s,15235,15235,0
26.746276773s,1.14161626s,0s,15231,15231,0
24.133235038s,1.492533732s,0s,15241,15241,0
24.313961091s,1.470115572s,0s,15247,15247,0
24.320629167s,1.44892878s,0s,15245,15245,0
25.031381941s,1.093394964s,0s,15249,15249,0
25.098085745s,1.045827356s,0s,15250,15250,0
25.188686981s,1.164865169s,0s,15246,15246,0
25.284216999s,1.144637588s,0s,15244,15244,0
25.66325557s,1.062102301s,0s,15243,15243,0
26.511550638s,1.177506458s,0s,15242,15242,0
26.54919862s,1.476298763s,0s,15248,15248,0
23.540947892s,1.000188597s,0s,15253,15253,0
23.805742682s,1.131547783s,0s,15258,15258,0
24.276802722s,1.269077235s,0s,15252,15252,0
24.412626375s,1.020913087s,0s,15254,15254,0
24.61290217s,1.324347558s,0s,15257,15257,0
24.659608494s,1.071085635s,0s,15256,15256,0
25.203821263s,1.402627045s,0s,15251,15251,0
25.506379116s,1.269076269s,0s,15260,15260,0
25.916341408s,1.190831772s,0s,15255,15255,0
26.627994264s,1.119346617s,0s,15259,15259,0
24.365100276s,1.304013713s,0s,15270,15270,0
24.395726023s,1.048641686s,0s,15268,15268,0
24.701567693s,1.427368338s,0s,15269,15269,0
25.089519817s,1.103913718s,0s,15267,15267,0
25.347373263s,1.448636285s,0s,15264,15264,0
25.612130421s,1.188283391s,0s,15265,15265,0
25.791819482s,1.457857981s,0s,15262,15262,0
25.820354677s,1.281764443s,0s,15263,15263,0
26.800266917s,1.207507744s,0s,15266,15266,0
27.206140369s,1.148025974s,0s,15261,15261,0
23.385600604s,1.365101385s,0s,15274,15274,0
23.837458221s,1.230999643s,0s,15277,15277,0
24.062194733s,1.015096592s,0s,15275,15275,0
24.736260353s,1.030318631s,0s,15271,15271,0
24.788890344s,1.25552701s,0s,15272,15272,0
25.321057118s,1.234297793s,0s,15278,15278,0
25.910872452s,1.148761003s,0s,15280,15280,0
25.97751128s,1.456054935s,0s,15273,15273,0
27.037460868s,1.086510107s,0s,15276,15276,0
27.435481961s,1.363850415s,0s,15279,15279,0
23.160350563s,1.082653389s,0s,15282,15282,0
23.181921981s,1.034380372s,0s,15285,15285,0
23.713037293s,1.485590782s,0s,15284,15284,0
24.46359809s,1.226279713s,0s,15290,15290,0
24.912516959s,1.106835879s,0s,15286,15286,0
25.074233532s,1.429043145s,0s,15281,15281,0
25.110742256s,1.461282246s,0s,15288,15288,0
25.759962421s,1.192075705s,0s,15287,15287,0
26.017651084s,1.324683879s,0s,15289,15289,0
26.13944693s,1.284526077s,0s,15283,15283,0
23.681794425s,1.249589126s,0s,15298,15298,0
24.175509138s,1.379570448s,0s,15295,15295,0
24.568473693s,1.232379737s,0s,15300,15300,0
24.987237006s,1.3008489s,0s,15292,15292,0
25.701472952s,1.173142191s,0s,15294,15294,0
25.782134664s,1.373348356s,0s,15296,15296,0
26.193107454s,1.322092815s,0s,15297,15297,0
26.646149137s,1.421039974s,0s,15293,15293,0
26.784961376s,1.382774377s,0s,15291,15291,0
27.485434465s,1.428254383s,0s,15299,15299,0
23.999733157s,1.087561649s,0s,15305,15305,0
24.502544474s,1.370791897s,0s,15302,15302,0
24.741305739s,1.282295386s,0s,15301,15301,0
25.090204688s,1.057142931s,0s,15308,15308,0
25.690984493s,1.249039186s,0s,15304,15304,0
25.919760964s,1.233927907s,0s,15303,15303,0
26.242310675s,1.400088649s,0s,15310,15310,0
26.390050152s,1.084349366s,0s,15306,15306,0
27.448202046s,1.454282381s,0s,15309,15309,0
27.560013689s,1.327482136s,0s,15307,15307,0
24.5858213s,1.280075011s,0s,15319,15319,0
24.799443074s,1.423164241s,0s,15318,15318,0
25.049149271s,1.184625619s,0s,15314,15314,0
25.055682106s,1.027105185s,0s,15317,15317,0
25.055719368s,1.167436143s,0s,15320,15320,0
25.501149245s,1.41497113s,0s,15313,15313,0
25.741060919s,1.377764862s,0s,15316,15316,0
25.854797497s,1.324363028s,0s,15315,15315,0
27.047134777s,1.355553334s,0s,15312,15312,0
27.087812869s,1.271952564s,0s,15311,15311,0
23.837759445s,1.228112788s,0s,15330,15330,0
24.840918691s,1.12384952s,0s,15326,15326,0
25.038718649s,1.149280307s,0s,15321,15321,0
25.332563238s,1.199757042s,0s,15328,15328,0
25.356280658s,1.182473076s,0s,15327,15327,0
25.40499414s,1.210969766s,0s,15329,15329,0
25.609598466s,1.384876828s,0s,15322,15322,0
25.733110441s,1.357404327s,0s,15323,15323,0
26.408155966s,1.182500777s,0s,15325,15325,0
26.524798113s,1.360596471s,0s,15324,15324,0
24.019708645s,1.44348378s,0s,15335,15335,0
24.685570991s,1.291238289s,0s,15331,15331,0
25.147336872s,1.385214042s,0s,15340,15340,0
25.253015224s,1.248834562s,0s,15334,15334,0
25.436897018s,1.002972198s,0s,15336,15336,0
25.758804667s,1.101419762s,0s,15338,15338,0
25.810450475s,1.356646751s,0s,15333,15333,0
25.985249093s,1.050208261s,0s,15332,15332,0
26.302191018s,1.265027038s,0s,15337,15337,0
27.346731722s,1.310423578s,0s,15339,15339,0
23.18697216s,1.384134511s,0s,15347,15347,0
24.134466863s,1.427586134s,0s,15342,15342,0
24.630607792s,1.260937838s,0s,15349,15349,0
24.921295301s,1.483027616s,0s,15344,15344,0
25.372983902s,1.055111805s,0s,15345,15345,0
25.537669188s,1.4233493s,0s,15350,15350,0
25.601270566s,1.088333624s,0s,15341,15341,0
25.641857125s,1.494301187s,0s,15346,15346,0
25.73647015s,1.461827112s,0s,15348,15348,0
27.050909355s,1.126570746s,0s,15343,15343,0
23.81038582s,1.097388864s,0s,15360,15360,0
24.366074708s,1.265589727s,0s,15353,15353,0
24.536778321s,1.341858868s,0s,15351,15351,0
24.632567182s,1.134920142s,0s,15357,15357,0
24.670193966s,1.486057269s,0s,15358,15358,0
24.759783625s,1.038130858s,0s,15355,15355,0
25.296567848s,1.215375996s,0s,15352,15352,0
25.386301459s,1.199054096s,0s,15354,15354,0
26.362361251s,1.210195358s,0s,15356,15356,0
26.412933389s,1.100683049s,0s,15359,15359,0
23.602833128s,1.059205909s,0s,15369,15369,0
23.892680709s,1.078492439s,0s,15365,15365,0
23.897381072s,1.015813657s,0s,15362,15362,0
24.455349398s,1.017001755s,0s,15361,15361,0
24.609901444s,1.219017239s,0s,15367,15367,0
25.013856248s,1.157760585s,0s,15368,15368,0
25.123532918s,1.157768427s,0s,15370,15370,0
25.485561824s,1.325275404s,0s,15363,15363,0
26.386922417s,1.434816597s,0s,15364,15364,0
26.656711601s,1.360524101s,0s,15366,15366,0
23.13097825s,1.097364321s,0s,15372,15372,0
24.630459606s,1.402800164s,0s,15376,15376,0
25.197905359s,1.285317857s,0s,15380,15380,0
25.346434257s,1.01709184s,0s,15379,15379,0
25.794466908s,1.193935684s,0s,15377,15377,0
26.01843415s,1.245084775s,0s,15374,15374,0
26.083060321s,1.15364556s,0s,15371,15371,0
26.258817131s,1.398554398s,0s,15378,15378,0
26.734961697s,1.422015077s,0s,15375,15375,0
27.500472077s,1.433362335s,0s,15373,15373,0
24.059043371s,1.371775628s,0s,15384,15384,0
24.231764864s,1.057068395s,0s,15383,15383,0
24.43799744s,1.424925028s,0s,15382,15382,0
24.682755639s,1.292038925s,0s,15389,15389,0
24.961592751s,1.457310664s,0s,15385,15385,0
25.126231391s,1.324229321s,0s,15390,15390,0
25.460202273s,1.442096585s,0s,15386,15386,0
25.652898929s,1.359468059s,0s,15387,15387,0
26.388216849s,1.061356996s,0s,15388,15388,0
26.621998309s,1.242763857s,0s,15381,15381,0
23.684421935s,1.17689047s,0s,15397,15397,0
24.611827957s,1.31124254s,0s,15396,15396,0
24.912739521s,1.2590366s,0s,15392,15392,0
25.293701495s,1.022126909s,0s,15399,15399,0
25.31435197s,1.329578558s,0s,15400,15400,0
25.372912136s,1.070398361s,0s,15391,15391,0
25.598613937s,1.430309825s,0s,15398,15398,0
26.048305066s,1.357055284s,0s,15393,15393,0
26.404296525s,1.078636458s,0s,15395,15395,0
26.708184316s,1.353876519s,0s,15394,15394,0
23.296130076s,1.027896444s,0s,15406,15406,0
24.04809656s,1.092085805s,0s,15403,15403,0
24.165829628s,1.192580308s,0s,15410,15410,0
24.270319572s,1.018662474s,0s,15409,15409,0
24.274846279s,1.473836998s,0s,15404,15404,0
24.528714045s,1.317048775s,0s,15401,15401,0
24.70047695s,1.335328122s,0s,15402,15402,0
25.211561677s,1.216871081s,0s,15405,15405,0
25.264175493s,1.150354899s,0s,15408,15408,0
26.174119182s,1.416545039s,0s,15407,15407,0
23.423122226s,1.367140602s,0s,15412,15412,0
24.00419333s,1.227569588s,0s,15419,15419,0
25.04037533s,1.453044071s,0s,15418,15418,0
25.259264566s,1.350885768s,0s,15420,15420,0
25.612978816s,1.214373654s,0s,15416,15416,0
25.656530532s,1.207148074s,0s,15415,15415,0
26.022582637s,1.496397835s,0s,15414,15414,0
26.115247816s,1.415392308s,0s,15417,15417,0
26.281846271s,1.432831493s,0s,15413,15413,0
26.794792774s,1.42160246s,0s,15411,15411,0
24.796888022s,1.111599602s,0s,15430,15430,0
24.875472979s,1.361854307s,0s,15421,15421,0
24.890013574s,1.110485263s,0s,15429,15429,0
25.343120488s,1.386261266s,0s,15423,15423,0
25.47483425s,1.164825875s,0s,15425,15425,0
25.618580547s,1.018086456s,0s,15424,15424,0
25.753227227s,1.095299237s,0s,15426,15426,0
25.768882339s,1.249066011s,0s,15427,15427,0
27.332340293s,1.251246016s,0s,15422,15422,0
27.398972627s,1.334524147s,0s,15428,15428,0
23.851455716s,1.319960766s,0s,15433,15433,0
24.410809352s,1.275737375s,0s,15434,15434,0
24.882858076s,1.065729458s,0s,15436,15436,0
24.898390883s,1.03026568s,0s,15435,15435,0
25.042014604s,1.203343269s,0s,15432,15432,0
25.44386121s,1.060535923s,0s,15431,15431,0
25.490566632s,1.236552298s,0s,15439,15439,0
26.076244526s,1.322063932s,0s,15438,15438,0
26.334114402s,1.145000475s,0s,15440,15440,0
26.683941554s,1.166155712s,0s,15437,15437,0
24.768772594s,1.123476881s,0s,15448,15448,0
25.323790419s,1.39719826s,0s,15443,15443,0
25.720698743s,1.098221088s,0s,15449,15449,0
25.79034825s,1.06587226s,0s,15446,15446,0
25.997132237s,1.00847455s,0s,15450,15450,0
26.061630763s,1.480470842s,0s,15445,15445,0
26.109202469s,1.38203238s,0s,15444,15444,0
26.314765797s,1.09005849s,0s,15442,15442,0
26.448398781s,1.027685449s,0s,15441,15441,0
27.158709926s,1.350847639s,0s,15447,15447,0
23.523078611s,1.052399347s,0s,15455,15455,0
23.643690485s,1.285242291s,0s,15460,15460,0
24.556122341s,1.04015962s,0s,15456,15456,0
25.203238821s,1.246774042s,0s,15458,15458,0
25.356856996s,1.150983779s,0s,15459,15459,0
25.741852553s,1.400503109s,0s,15452,15452,0
25.74742114s,1.198496223s,0s,15453,15453,0
25.831084299s,1.127763852s,0s,15451,15451,0
25.866760639s,1.177280053s,0s,15457,15457,0
26.243560146s,1.262988382s,0s,15454,15454,0
24.009015115s,1.043291024s,0s,15468,15468,0
24.64917588s,1.206033703s,0s,15467,15467,0
25.090182797s,1.251235811s,0s,15466,15466,0
25.116793617s,1.073814861s,0s,15469,15469,0
25.582635952s,1.424817948s,0s,15462,15462,0
25.783699938s,1.351607653s,0s,15470,15470,0
26.524378264s,1.434046292s,0s,15464,15464,0
26.651285343s,1.008087749s,0s,15463,15463,0
26.919438138s,1.448241701s,0s,15465,15465,0
27.311450158s,1.054613773s,0s,15461,15461,0
24.536993012s,1.178599508s,0s,15478,15478,0
24.594627899s,1.43785468s,0s,15471,15471,0
24.747318699s,1.117484175s,0s,15479,15479,0
25.054280196s,1.152027543s,0s,15476,15476,0
25.211081784s,1.05523281s,0s,15475,15475,0
25.842292321s,1.189800969s,0s,15472,15472,0
26.073005063s,1.144746074s,0s,15474,15474,0
26.217617599s,1.412533004s,0s,15480,15480,0
26.257210609s,1.219109222s,0s,15477,15477,0
26.740276008s,1.157317479s,0s,15473,15473,0
23.989482443s,1.006150751s,0s,15488,15488,0
24.377499454s,1.115670547s,0s,15490,15490,0
24.453121516s,1.15988754s,0s,15484,15484,0
24.80208154s,1.245624543s,0s,15483,15483,0
25.306070464s,1.233099986s,0s,15482,15482,0
25.48375411s,1.089414726s,0s,15487,15487,0
25.589448589s,1.282861292s,0s,15489,15489,0
25.907314468s,1.347273719s,0s,15486,15486,0
26.397281334s,1.242345676s,0s,15481,15481,0
26.451870547s,1.285035948s,0s,15485,15485,0
24.04473199s,1.096850728s,0s,15496,15496,0
24.172276238s,1.203571492s,0s,15497,15497,0
25.501485722s,1.198297936s,0s,15494,15494,0
25.569129191s,1.149076675s,0s,15493,15493,0
25.623863099s,1.459685116s,0s,15498,15498,0
25.798134304s,1.058631905s,0s,15500,15500,0
25.994702483s,1.354418758s,0s,15491,15491,0
26.636813029s,1.210758262s,0s,15492,15492,0
27.127594318s,1.225102656s,0s,15499,15499,0
27.139138753s,1.224002521s,0s,15495,15495,0
23.270833692s,1.071355826s,0s,15501,15501,0
24.430445612s,1.22726089s,0s,15508,15508,0
24.466164936s,1.105618117s,0s,15509,15509,0
25.09636717s,1.375617325s,0s,15506,15506,0
25.304195431s,1.379822094s,0s,15507,15507,0
25.488835752s,1.00607675s,0s,15504,15504,0
25.713575758s,1.471570833s,0s,15503,15503,0
25.946364131s,1.131857194s,0s,15510,15510,0
26.035082023s,1.383105179s,0s,15505,15505,0
26.635174913s,1.403271662s,0s,15502,15502,0
23.228697497s,1.037110769s,0s,15518,15518,0
23.734793019s,1.251623457s,0s,15514,15514,0
25.291812737s,1.211108018s,0s,15511,15511,0
25.387472129s,1.231373003s,0s,15519,15519,0
25.456923285s,1.401116025s,0s,15515,15515,0
25.75358225s,1.378952866s,0s,15520,15520,0
26.078246556s,1.096374787s,0s,15516,15516,0
26.438689446s,1.139856392s,0s,15512,15512,0
26.752567528s,1.289944969s,0s,15517,15517,0
27.178350991s,1.105587989s,0s,15513,15513,0
23.352651952s,1.007126448s,0s,15523,15523,0
23.391221679s,1.347062285s,0s,15525,15525,0
23.638077186s,1.176344295s,0s,15530,15530,0
24.259732643s,1.10296539s,0s,15526,15526,0
24.423371466s,1.007105942s,0s,15528,15528,0
24.803296269s,1.031658449s,0s,15524,15524,0
25.539401169s,1.014431478s,0s,15522,15522,0
25.944407211s,1.306921981s,0s,15527,15527,0
25.948176248s,1.104063549s,0s,15529,15529,0
26.354113969s,1.208607045s,0s,15521,15521,0
23.032695993s,1.009074475s,0s,15538,15538,0
25.588236744s,1.400698018s,0s,15531,15531,0
25.617886852s,1.028322219s,0s,15535,15535,0
25.696591769s,1.117582773s,0s,15532,15532,0
26.01435553s,1.171081348s,0s,15539,15539,0
26.113074167s,1.471218635s,0s,15533,15533,0
26.366945448s,1.136835999s,0s,15534,15534,0
26.459610363s,1.426997024s,0s,15536,15536,0
26.511184146s,1.210344358s,0s,15537,15537,0
26.751946969s,1.486495008s,0s,15540,15540,0
22.903327764s,1.030321462s,0s,15542,15542,0
24.280045086s,1.184589048s,0s,15545,15545,0
24.478777328s,1.253329405s,0s,15548,15548,0
25.146346914s,1.469013518s,0s,15549,15549,0
25.533307139s,1.470149647s,0s,15550,15550,0
25.718989848s,1.208073418s,0s,15546,15546,0
25.826691415s,1.025106535s,0s,15543,15543,0
26.029615149s,1.367673079s,0s,15547,15547,0
26.123292428s,1.190851844s,0s,15541,15541,0
26.394857478s,1.180330559s,0s,15544,15544,0
23.639804944s,1.024491115s,0s,15553,15553,0
24.371927234s,1.021336807s,0s,15552,15552,0
24.65982578s,1.18739142s,0s,15558,15558,0
25.136413374s,1.428970566s,0s,15560,15560,0
25.219002895s,1.105117795s,0s,15559,15559,0
25.582740971s,1.055727991s,0s,15555,15555,0
25.842479377s,1.373773429s,0s,15557,15557,0
26.291511353s,1.475089615s,0s,15551,15551,0
26.557387502s,1.067930149s,0s,15556,15556,0
27.149326687s,1.013110748s,0s,15554,15554,0
23.287858136s,1.039110838s,0s,15567,15567,0
24.937020842s,1.342069823s,0s,15564,15564,0
24.953650617s,1.243625999s,0s,15568,15568,0
25.000193581s,1.084580557s,0s,15562,15562,0
25.194924874s,1.450354063s,0s,15565,15565,0
25.691903578s,1.211400398s,0s,15569,15569,0
25.724527748s,1.275918459s,0s,15570,15570,0
26.041422969s,1.098807102s,0s,15561,15561,0
26.879079544s,1.176112405s,0s,15563,15563,0
27.164871213s,1.074347603s,0s,15566,15566,0
23.972315599s,1.3940528s,0s,15579,15579,0
24.430313239s,1.156943105s,0s,15576,15576,0
24.958408982s,1.097713716s,0s,15578,15578,0
25.034040974s,1.23725858s,0s,15575,15575,0
25.514589833s,1.345835295s,0s,15574,15574,0
25.657426838s,1.065508251s,0s,15580,15580,0
26.553786474s,1.029833867s,0s,15573,15573,0
26.598453448s,1.030951099s,0s,15572,15572,0
27.147161061s,1.260481685s,0s,15577,15577,0
27.2568678s,1.060252987s,0s,15571,15571,0
23.981077387s,1.004153489s,0s,15585,15585,0
24.381050341s,1.273275167s,0s,15587,15587,0
24.744862379s,1.125614502s,0s,15586,15586,0
24.753577896s,1.251073409s,0s,15583,15583,0
24.975525498s,1.390267707s,0s,15590,15590,0
25.215335154s,1.1245172s,0s,15588,15588,0
25.243951515s,1.207841054s,0s,15582,15582,0
26.059769274s,1.278550034s,0s,15589,15589,0
26.347603295s,1.371037712s,0s,15581,15581,0
26.916761403s,1.357808015s,0s,15584,15584,0
24.225003458s,1.383316138s,0s,15591,15591,0
24.43778589s,1.132184954s,0s,15598,15598,0
24.78050761s,1.198435274s,0s,15592,15592,0
25.349529863s,1.322060498s,0s,15599,15599,0
25.505217084s,1.435517143s,0s,15600,15600,0
25.638925211s,1.291849059s,0s,15595,15595,0
26.260059071s,1.286142066s,0s,15596,15596,0
26.326443817s,1.442858474s,0s,15597,15597,0
26.390067716s,1.261897748s,0s,15594,15594,0
26.43763138s,1.237620285s,0s,15593,15593,0
23.463215691s,1.369348173s,0s,15605,15605,0
24.027922482s,1.110093015s,0s,15609,15609,0
24.123500184s,1.098928405s,0s,15607,15607,0
24.149254195s,1.195550653s,0s,15601,15601,0
24.885965311s,1.405554762s,0s,15603,15603,0
25.075732255s,1.339853584s,0s,15606,15606,0
25.368626113s,1.483082768s,0s,15610,15610,0
25.553393059s,1.343059615s,0s,15604,15604,0
25.735311319s,1.420785365s,0s,15608,15608,0
25.773032572s,1.136304366s,0s,15602,15602,0
24.501273823s,1.293563153s,0s,15611,15611,0
24.714051447s,1.183936617s,0s,15617,15617,0
24.787727197s,1.376024475s,0s,15615,15615,0
25.179428473s,1.196129761s,0s,15618,15618,0
25.192029871s,1.043401316s,0s,15612,15612,0
25.368661218s,1.354755912s,0s,15614,15614,0
25.405341454s,1.062668201s,0s,15619,15619,0
25.434919569s,1.398231248s,0s,15620,15620,0
26.1471834s,1.257341277s,0s,15613,15613,0
26.919456771s,1.014146101s,0s,15616,15616,0
23.73753844s,1.075017385s,0s,15621,15621,0
25.302232546s,1.314062825s,0s,15622,15622,0
25.304865508s,1.461983566s,0s,15629,15629,0
25.547667902s,1.439733059s,0s,15623,15623,0
25.698516742s,1.284790453s,0s,15626,15626,0
26.176589188s,1.07385317s,0s,15630,15630,0
26.231196953s,1.433553172s,0s,15627,15627,0
26.771999319s,1.133230151s,0s,15625,15625,0
26.957799234s,1.139475207s,0s,15624,15624,0
27.392346628s,1.430335624s,0s,15628,15628,0
23.407589899s,1.236430732s,0s,15640,15640,0
24.246694655s,1.19388221s,0s,15635,15635,0
24.826311131s,1.362436746s,0s,15632,15632,0
24.954007533s,1.303649783s,0s,15634,15634,0
25.024671252s,1.190616027s,0s,15637,15637,0
25.051268542s,1.223120914s,0s,15638,15638,0
25.136917419s,1.025102342s,0s,15631,15631,0
25.406835118s,1.354114357s,0s,15636,15636,0
26.08071447s,1.129385378s,0s,15639,15639,0
26.890022209s,1.32591025s,0s,15633,15633,0
24.163986805s,1.318610058s,0s,15642,15642,0
24.302706765s,1.168051982s,0s,15645,15645,0
25.007375174s,1.16090995s,0s,15649,15649,0
25.165035391s,1.08015727s,0s,15641,15641,0
25.235692832s,1.194319207s,0s,15648,15648,0
25.273252857s,1.115429296s,0s,15644,15644,0
25.503044858s,1.395066174s,0s,15647,15647,0
25.929981611s,1.153625966s,0s,15646,15646,0
27.268763299s,1.358865643s,0s,15650,15650,0
27.560756249s,1.401346612s,0s,15643,15643,0
24.634247588s,1.054657879s,0s,15659,15659,0
25.302248772s,1.315311634s,0s,15655,15655,0
25.382260028s,1.159081561s,0s,15660,15660,0
25.790099393s,1.49902416s,0s,15656,15656,0
25.903815885s,1.286845454s,0s,15653,15653,0
26.010466785s,1.191542011s,0s,15651,15651,0
26.441460291s,1.189304497s,0s,15652,15652,0
26.576090682s,1.365551761s,0s,15654,15654,0
27.2333827s,1.305093594s,0s,15658,15658,0
27.242014999s,1.446872065s,0s,15657,15657,0
23.622658435s,1.067520814s,0s,15664,15664,0
24.426909026s,1.031321635s,0s,15668,15668,0
24.8637969s,1.301839069s,0s,15662,15662,0
24.87954776s,1.298619394s,0s,15661,15661,0
25.358470622s,1.082762706s,0s,15669,15669,0
25.447217138s,1.021103205s,0s,15665,15665,0
25.498791927s,1.135902614s,0s,15666,15666,0
25.698548765s,1.248364598s,0s,15663,15663,0
25.786154181s,1.220117145s,0s,15667,15667,0
26.262182455s,1.326020581s,0s,15670,15670,0
23.379331073s,1.492521479s,0s,15672,15672,0
24.026205579s,1.045622607s,0s,15671,15671,0
24.658245394s,1.410648107s,0s,15676,15676,0
25.221518455s,1.435283309s,0s,15675,15675,0
25.243079214s,1.426086241s,0s,15677,15677,0
25.289700276s,1.292314225s,0s,15679,15679,0
25.805431089s,1.233107475s,0s,15673,15673,0
25.8700445s,1.213943579s,0s,15674,15674,0
26.081731678s,1.414889495s,0s,15680,15680,0
26.346396283s,1.029347617s,0s,15678,15678,0
23.842637138s,1.256190516s,0s,15683,15683,0
24.627500445s,1.343493921s,0s,15681,15681,0
24.748214337s,1.314393851s,0s,15689,15689,0
24.806887746s,1.491098376s,0s,15690,15690,0
25.532464169s,1.142673186s,0s,15682,15682,0
25.735894988s,1.078451815s,0s,15685,15685,0
26.042892743s,1.253958653s,0s,15688,15688,0
26.074584234s,1.336656502s,0s,15686,15686,0
26.696782716s,1.341922876s,0s,15684,15684,0
27.194881392s,1.469848867s,0s,15687,15687,0
24.315011457s,1.326558506s,0s,15700,15700,0
24.607641106s,1.252514118s,0s,15692,15692,0
25.360912103s,1.390183046s,0s,15698,15698,0
25.417692408s,1.278729984s,0s,15693,15693,0
25.588403317s,1.412411334s,0s,15696,15696,0
25.843993907s,1.438606031s,0s,15691,15691,0
25.929635745s,1.292360284s,0s,15694,15694,0
26.047439725s,1.341002211s,0s,15697,15697,0
26.242127534s,1.331769469s,0s,15695,15695,0
26.90941718s,1.157220801s,0s,15699,15699,0
23.398132362s,1.300799917s,0s,15708,15708,0
23.519735935s,1.028637689s,0s,15703,15703,0
23.961630383s,1.143919736s,0s,15709,15709,0
25.018413968s,1.493282149s,0s,15702,15702,0
25.237075749s,1.241319221s,0s,15706,15706,0
25.647029722s,1.454332188s,0s,15701,15701,0
25.67778137s,1.257591598s,0s,15710,15710,0
25.70441912s,1.312997248s,0s,15705,15705,0
25.817076788s,1.494397405s,0s,15704,15704,0
25.88872404s,1.220099064s,0s,15707,15707,0
23.394474759s,1.058567728s,0s,15713,15713,0
23.821402953s,1.021337838s,0s,15716,15716,0
24.529280347s,1.410653614s,0s,15712,15712,0
25.132411751s,1.450025884s,0s,15718,15718,0
25.330093286s,1.188873954s,0s,15720,15720,0
25.46774196s,1.25726684s,0s,15719,15719,0
25.58344476s,1.488576722s,0s,15711,15711,0
26.179928903s,1.191028608s,0s,15717,15717,0
26.866960724s,1.464267523s,0s,15714,15714,0
27.012517811s,1.440859134s,0s,15715,15715,0
24.077354872s,1.060142126s,0s,15728,15728,0
24.721295443s,1.226713622s,0s,15725,15725,0
25.203329992s,1.316748786s,0s,15721,15721,0
25.239952333s,1.351286291s,0s,15722,15722,0
25.261592731s,1.230920058s,0s,15726,15726,0
26.280070145s,1.248212353s,0s,15730,15730,0
26.359803744s,1.212451974s,0s,15727,15727,0
26.535511696s,1.487560422s,0s,15723,15723,0
26.658058895s,1.314481591s,0s,15724,15724,0
26.871716086s,1.323951838s,0s,15729,15729,0
24.200997386s,1.024098314s,0s,15738,15738,0
24.600943626s,1.423163538s,0s,15739,15739,0
25.160106832s,1.053392816s,0s,15733,15733,0
25.521074336s,1.347985521s,0s,15734,15734,0
25.641753736s,1.439425822s,0s,15737,15737,0
25.77540666s,1.174361878s,0s,15735,15735,0
25.972197613s,1.21959886s,0s,15731,15731,0
26.057878996s,1.147069736s,0s,15736,15736,0
26.616993906s,1.12282863s,0s,15732,15732,0
27.238724378s,1.115641822s,0s,15740,15740,0
23.797406201s,1.165064363s,0s,15750,15750,0
24.171309039s,1.133872833s,0s,15744,15744,0
24.513472293s,1.093526256s,0s,15748,15748,0
24.804015097s,1.342775076s,0s,15743,15743,0
24.847619984s,1.29555133s,0s,15745,15745,0
24.881186064s,1.064048325s,0s,15749,15749,0
25.104032671s,1.078287444s,0s,15747,15747,0
25.309871898s,1.265318193s,0s,15741,15741,0
25.349405865s,1.387966016s,0s,15746,15746,0
26.118462523s,1.4333045s,0s,15742,15742,0
24.047185288s,1.413813329s,0s,15754,15754,0
24.258903706s,1.280048599s,0s,15753,15753,0
24.316549304s,1.344314156s,0s,15760,15760,0
24.359346229s,1.010004283s,0s,15756,15756,0
25.310818302s,1.356521249s,0s,15755,15755,0
25.547682716s,1.066297371s,0s,15758,15758,0
25.701478551s,1.085461506s,0s,15751,15751,0
25.819238738s,1.449020807s,0s,15759,15759,0
25.826837113s,1.108701531s,0s,15757,15757,0
27.493305964s,1.458331597s,0s,15752,15752,0
24.68834828s,1.220161412s,0s,15770,15770,0
24.810043268s,1.237400502s,0s,15763,15763,0
25.205911192s,1.095976076s,0s,15768,15768,0
25.491795412s,1.383074454s,0s,15761,15761,0
25.491822691s,1.347878527s,0s,15766,15766,0
25.63595882s,1.065724034s,0s,15765,15765,0
25.766656364s,1.384215024s,0s,15767,15767,0
26.069066136s,1.451651652s,0s,15762,15762,0
26.236874992s,1.475912446s,0s,15769,15769,0
26.369637045s,1.288633023s,0s,15764,15764,0
24.31284575s,1.218921347s,0s,15774,15774,0
24.623313268s,1.186662261s,0s,15772,15772,0
25.060427956s,1.487366927s,0s,15778,15778,0
25.339213509s,1.280305604s,0s,15779,15779,0
25.548989745s,1.150148957s,0s,15780,15780,0
25.79982831s,1.389894883s,0s,15771,15771,0
26.151668892s,1.363630553s,0s,15776,15776,0
26.538497383s,1.278083203s,0s,15775,15775,0
26.764138295s,1.413085509s,0s,15777,15777,0
27.121109103s,1.161401513s,0s,15773,15773,0
23.857750496s,1.245239627s,0s,15781,15781,0
23.9042969s,1.118621393s,0s,15784,15784,0
24.24210709s,1.411004027s,0s,15785,15785,0
24.528700368s,1.486354561s,0s,15788,15788,0
24.709454691s,1.1988729s,0s,15789,15789,0
25.057267513s,1.043140526s,0s,15783,15783,0
25.482190305s,1.32068766s,0s,15787,15787,0
25.498788893s,1.297498776s,0s,15782,15782,0
25.701576381s,1.046340204s,0s,15786,15786,0
25.995453896s,1.226051093s,0s,15790,15790,0
23.736710454s,1.231619503s,0s,15795,15795,0
24.528302826s,1.202426817s,0s,15799,15799,0
24.624033012s,1.314896286s,0s,15791,15791,0
24.800851337s,1.026441463s,0s,15792,15792,0
24.927598936s,1.017229333s,0s,15800,15800,0
25.102328892s,1.075091236s,0s,15798,15798,0
25.198097748s,1.408340085s,0s,15793,15793,0
25.304811637s,1.060860001s,0s,15796,15796,0
25.575638076s,1.320020307s,0s,15794,15794,0
26.330897507s,1.044615419s,0s,15797,15797,0
23.96227883s,1.078417549s,0s,15809,15809,0
23.99990786s,1.10163961s,0s,15810,15810,0
24.089506315s,1.066158614s,0s,15801,15801,0
24.190131167s,1.275122179s,0s,15806,15806,0
24.563049219s,1.343954706s,0s,15802,15802,0
25.264829049s,1.278388844s,0s,15805,15805,0
25.328432407s,1.423103462s,0s,15804,15804,0
25.605289326s,1.150916493s,0s,15808,15808,0
25.660981409s,1.296614658s,0s,15807,15807,0
26.043877289s,1.296661375s,0s,15803,15803,0
23.450237561s,1.289419897s,0s,15814,15814,0
23.605030517s,1.302626638s,0s,15812,15812,0
23.939977661s,1.130396561s,0s,15819,15819,0
24.25969503s,1.361085401s,0s,15813,15813,0
24.77267721s,1.059131871s,0s,15818,15818,0
24.859687771s,1.158604413s,0s,15820,15820,0
24.905256814s,1.246080985s,0s,15816,15816,0
25.668566331s,1.422333828s,0s,15811,15811,0
26.063531348s,1.225859361s,0s,15815,15815,0
26.724761155s,1.338936025s,0s,15817,15817,0
23.940053711s,1.339572369s,0s,15828,15828,0
24.453048952s,1.285055416s,0s,15829,15829,0
24.564773329s,1.447284386s,0s,15824,15824,0
25.110883159s,1.133390587s,0s,15823,15823,0
25.972268104s,1.329360834s,0s,15826,15826,0
26.135994644s,1.149642979s,0s,15825,15825,0
26.352822348s,1.278932763s,0s,15822,15822,0
26.636677745s,1.439072848s,0s,15830,15830,0
26.751374594s,1.037109642s,0s,15827,15827,0
27.489199766s,1.417847969s,0s,15821,15821,0
23.204778623s,1.491313152s,0s,15837,15837,0
23.221285566s,1.008095465s,0s,15832,15832,0
24.799324121s,1.405802023s,0s,15839,15839,0
25.016725384s,1.188885711s,0s,15835,15835,0
25.114401051s,1.01936496s,0s,15831,15831,0
25.360936181s,1.485110369s,0s,15836,15836,0
25.995016166s,1.218084226s,0s,15834,15834,0
26.056688432s,1.299328575s,0s,15838,15838,0
26.557409542s,1.066532823s,0s,15833,15833,0
27.629516964s,1.341578441s,0s,15840,15840,0
23.380370919s,1.437227871s,0s,15847,15847,0
24.129070516s,1.258083982s,0s,15850,15850,0
24.272843227s,1.119138113s,0s,15842,15842,0
24.42850682s,1.382823598s,0s,15849,15849,0
25.150490837s,1.413019255s,0s,15845,15845,0
25.374369994s,1.214838506s,0s,15844,15844,0
25.994049741s,1.281372442s,0s,15848,15848,0
26.384977816s,1.353603859s,0s,15846,15846,0
26.451603019s,1.131332969s,0s,15841,15841,0
26.988706704s,1.1925654s,0s,15843,15843,0
23.256649472s,1.4040809s,0s,15858,15858,0
24.910001752s,1.288330038s,0s,15853,15853,0
25.090662567s,1.404088177s,0s,15851,15851,0
25.498213572s,1.194633984s,0s,15857,15857,0
25.949144937s,1.328612286s,0s,15855,15855,0
26.566279935s,1.361853434s,0s,15856,15856,0
26.683982994s,1.442288831s,0s,15854,15854,0
26.786651481s,1.251093851s,0s,15860,15860,0
26.881284388s,1.202895741s,0s,15852,15852,0
27.194218793s,1.451576933s,0s,15859,15859,0
23.839718001s,1.436558423s,0s,15868,15868,0
24.489915164s,1.386303468s,0s,15861,15861,0
25.285953145s,1.11865431s,0s,15862,15862,0
25.601830673s,1.374061157s,0s,15870,15870,0
25.86070517s,1.366948535s,0s,15863,15863,0
26.273464639s,1.442843068s,0s,15869,15869,0
26.478260718s,1.118645451s,0s,15866,15866,0
26.717147969s,1.459050858s,0s,15865,15865,0
27.112090659s,1.101406952s,0s,15864,15864,0
27.423992262s,1.061214463s,0s,15867,15867,0
23.513050104s,1.016286953s,0s,15878,15878,0
24.248215751s,1.411116413s,0s,15880,15880,0
24.653064389s,1.022582709s,0s,15876,15876,0
24.662731191s,1.454342848s,0s,15874,15874,0
24.706314809s,1.073796596s,0s,15877,15877,0
25.625062541s,1.082050706s,0s,15872,15872,0
26.087664187s,1.182489479s,0s,15873,15873,0
26.609656659s,1.362840207s,0s,15879,15879,0
26.803397778s,1.127261562s,0s,15875,15875,0
26.963033652s,1.496583523s,0s,15871,15871,0
23.661783297s,1.088319759s,0s,15890,15890,0
23.695387984s,1.095514265s,0s,15889,15889,0
25.105523544s,1.265348062s,0s,15887,15887,0
25.55651224s,1.29988537s,0s,15883,15883,0
25.581084335s,1.406130406s,0s,15884,15884,0
25.620644706s,1.041070682s,0s,15881,15881,0
25.642286648s,1.28156665s,0s,15882,15882,0
26.501638715s,1.167771883s,0s,15886,15886,0
26.720289117s,1.441413648s,0s,15888,15888,0
27.382490516s,1.262076881s,0s,15885,15885,0
25.423388478s,1.200872088s,0s,15895,15895,0
25.661267972s,1.400329562s,0s,15899,15899,0
25.845921724s,1.493763986s,0s,15891,15891,0
26.039610075s,1.309378749s,0s,15892,15892,0
26.055198752s,1.433545818s,0s,15897,15897,0
26.057733405s,1.121413596s,0s,15896,15896,0
26.106221761s,1.252080935s,0s,15894,15894,0
26.216832334s,1.076139751s,0s,15893,15893,0
26.302461575s,1.398084553s,0s,15900,15900,0
26.813134907s,1.140595185s,0s,15898,15898,0
23.153849109s,1.375924386s,0s,15901,15901,0
23.342601353s,1.423324864s,0s,15902,15902,0
23.723477132s,1.281424537s,0s,15906,15906,0
24.494689128s,1.371660884s,0s,15903,15903,0
24.644949766s,1.214104868s,0s,15907,15907,0
24.782702426s,1.163750816s,0s,15910,15910,0
25.728161873s,1.180984948s,0s,15905,15905,0
25.771640758s,1.399075844s,0s,15904,15904,0
26.389755599s,1.160537989s,0s,15908,15908,0
26.543504172s,1.006085774s,0s,15909,15909,0
23.99651966s,1.086279812s,0s,15918,15918,0
24.09217204s,1.392111327s,0s,15917,15917,0
24.127882392s,1.047058748s,0s,15913,15913,0
24.461753613s,1.162272867s,0s,15916,15916,0
24.722530767s,1.296690804s,0s,15914,15914,0
24.74712606s,1.140787923s,0s,15919,15919,0
25.348315259s,1.154058257s,0s,15911,15911,0
25.500033257s,1.123508087s,0s,15912,15912,0
25.779818842s,1.141903658s,0s,15920,15920,0
26.734657071s,1.390935411s,0s,15915,15915,0
23.228298865s,1.179627425s,0s,15930,15930,0
23.775277747s,1.305147435s,0s,15925,15925,0
24.593974724s,1.293334291s,0s,15928,15928,0
25.622510993s,1.22195995s,0s,15922,15922,0
25.739263551s,1.074337457s,0s,15926,15926,0
25.954029046s,1.271305111s,0s,15924,15924,0
26.025724413s,1.21777371s,0s,15929,15929,0
26.040294771s,1.008098345s,0s,15923,15923,0
26.256056196s,1.34590886s,0s,15927,15927,0
26.459266406s,1.257115001s,0s,15921,15921,0
25.113034666s,1.117354994s,0s,15933,15933,0
25.255884208s,1.191803154s,0s,15940,15940,0
25.293494243s,1.147557476s,0s,15938,15938,0
25.649164743s,1.014085228s,0s,15939,15939,0
25.688857622s,1.479325999s,0s,15932,15932,0
25.853523564s,1.226031209s,0s,15937,15937,0
26.212528723s,1.279309522s,0s,15936,15936,0
26.358338526s,1.3397938s,0s,15931,15931,0
27.18068935s,1.314583119s,0s,15934,15934,0
27.202311738s,1.374076464s,0s,15935,15935,0
23.792018043s,1.35788971s,0s,15946,15946,0
24.274744133s,1.100466555s,0s,15942,15942,0
24.547690055s,1.442065417s,0s,15950,15950,0
24.574310874s,1.446299759s,0s,15943,15943,0
24.895236981s,1.481495789s,0s,15941,15941,0
25.118081734s,1.277387129s,0s,15948,15948,0
25.426984176s,1.042163643s,0s,15947,15947,0
26.209933753s,1.331632404s,0s,15944,15944,0
26.263534286s,1.180981325s,0s,15945,15945,0
26.439223102s,1.149719711s,0s,15949,15949,0
23.951608533s,1.021274259s,0s,15959,15959,0
24.013242512s,1.375566013s,0s,15958,15958,0
24.412205696s,1.002034439s,0s,15956,15956,0
25.028910246s,1.174577594s,0s,15954,15954,0
25.47489198s,1.284086834s,0s,15957,15957,0
25.55646909s,1.206840246s,0s,15951,15951,0
25.96553322s,1.298296899s,0s,15952,15952,0
26.019174482s,1.413786249s,0s,15960,15960,0
26.384855081s,1.260779445s,0s,15953,15953,0
26.542523475s,1.422063431s,0s,15955,15955,0
24.077029128s,1.286507534s,0s,15969,15969,0
24.506836243s,1.012110077s,0s,15964,15964,0
24.508680953s,1.226245949s,0s,15963,15963,0
24.532259614s,1.303733066s,0s,15968,15968,0
24.869637542s,1.225125952s,0s,15970,15970,0
25.076423991s,1.123366956s,0s,15965,15965,0
25.71355054s,1.203815474s,0s,15967,15967,0
25.729110334s,1.152611575s,0s,15961,15961,0
26.262728471s,1.313538302s,0s,15966,15966,0
27.036813992s,1.308131247s,0s,15962,15962,0
23.832372356s,1.015110455s,0s,15978,15978,0
24.163213138s,1.370755378s,0s,15977,15977,0
24.316928383s,1.088866793s,0s,15971,15971,0
24.713642536s,1.494555828s,0s,15975,15975,0
25.381305832s,1.312485218s,0s,15980,15980,0
25.46494897s,1.076553747s,0s,15979,15979,0
25.605585934s,1.132090469s,0s,15976,15976,0
25.662223215s,1.052336454s,0s,15972,15972,0
25.725844347s,1.472277355s,0s,15974,15974,0
27.166264732s,1.433030019s,0s,15973,15973,0
23.38642864s,1.014805866s,0s,15990,15990,0
23.908431124s,1.308991099s,0s,15982,15982,0
24.646628973s,1.084485147s,0s,15987,15987,0
24.760234147s,1.444716249s,0s,15989,15989,0
25.227270901s,1.055265125s,0s,15983,15983,0
25.331899817s,1.045007725s,0s,15981,15981,0
25.701223221s,1.305830532s,0s,15986,15986,0
25.718857485s,1.360433272s,0s,15988,15988,0
25.90846566s,1.346255338s,0s,15984,15984,0
25.950977695s,1.01367821s,0s,15985,15985,0
23.354198401s,1.106579386s,0s,15995,15995,0
24.105144911s,1.220444778s,0s,15996,15996,0
24.228781644s,1.272828348s,0s,15997,15997,0
24.292332478s,1.180273316s,0s,15991,15991,0
24.697866702s,1.233655277s,0s,16000,16000,0
24.874649816s,1.459157859s,0s,15992,15992,0
25.074306116s,1.150045558s,0s,15998,15998,0
25.510102873s,1.038323786s,0s,15994,15994,0
25.773134785s,1.029115169s,0s,15993,15993,0
26.567464147s,1.116839656s,0s,15999,15999,0
24.015816869s,1.17608666s,0s,16003,16003,0
24.56428324s,1.172890626s,0s,16008,16008,0
24.663938026s,1.334540006s,0s,16010,16010,0
24.753696317s,1.066607944s,0s,16007,16007,0
25.255312704s,1.301866239s,0s,16006,16006,0
25.321960658s,1.315089832s,0s,16009,16009,0
25.468646527s,1.39082516s,0s,16005,16005,0
25.627359641s,1.220361745s,0s,16004,16004,0
26.068925632s,1.333372218s,0s,16001,16001,0
26.121557016s,1.27656601s,0s,16002,16002,0
23.498239758s,1.4696537s,0s,16020,16020,0
23.726086668s,1.162771145s,0s,16016,16016,0
23.922884362s,1.076903205s,0s,16012,16012,0
24.695440222s,1.273125331s,0s,16017,16017,0
25.244465894s,1.120103279s,0s,16019,16019,0
25.688207291s,1.134350169s,0s,16013,16013,0
26.550330956s,1.167965402s,0s,16014,16014,0
26.559968613s,1.070699703s,0s,16018,16018,0
26.591269657s,1.145590686s,0s,16011,16011,0
26.926972425s,1.407442766s,0s,16015,16015,0
23.553706308s,1.089657892s,0s,16027,16027,0
23.835279148s,1.291836568s,0s,16023,16023,0
24.340638917s,1.058445095s,0s,16021,16021,0
24.407334254s,1.021107983s,0s,16024,16024,0
24.645941919s,1.346163826s,0s,16022,16022,0
25.444607624s,1.155962062s,0s,16025,16025,0
25.632450304s,1.203105195s,0s,16030,16030,0
25.885385463s,1.448443049s,0s,16028,16028,0
26.342141281s,1.273553507s,0s,16029,16029,0
27.113120924s,1.258329995s,0s,16026,16026,0
23.434355725s,1.266242736s,0s,16040,16040,0
23.848251289s,1.061120727s,0s,16031,16031,0
24.293139321s,1.082599858s,0s,16036,16036,0
24.612089871s,1.141818332s,0s,16033,16033,0
25.003008692s,1.263057142s,0s,16038,16038,0
25.606233053s,1.077338379s,0s,16039,16039,0
25.696013702s,1.486088568s,0s,16035,16035,0
26.536430592s,1.480833895s,0s,16037,16037,0
26.846839687s,1.014856723s,0s,16032,16032,0
27.126744134s,1.378544961s,0s,16034,16034,0
24.520145977s,1.049773102s,0s,16045,16045,0
24.553638673s,1.31229325s,0s,16050,16050,0
24.790435874s,1.3655185s,0s,16048,16048,0
25.175444692s,1.25167165s,0s,16042,16042,0
25.548591868s,1.110005048s,0s,16041,16041,0
25.6323534s,1.245392187s,0s,16044,16044,0
25.646020346s,1.046508224s,0s,16049,16049,0
26.108656899s,1.301084344s,0s,16046,16046,0
26.11225322s,1.455745621s,0s,16043,16043,0
26.348984279s,1.299894425s,0s,16047,16047,0
23.304818305s,1.302080403s,0s,16057,16057,0
23.597763393s,1.296840536s,0s,16052,16052,0
23.942546676s,1.351275732s,0s,16056,16056,0
24.10426465s,1.044161505s,0s,16053,16053,0
24.350960904s,1.065477139s,0s,16054,16054,0
25.071460277s,1.211087183s,0s,16059,16059,0
25.166208308s,1.196772794s,0s,16060,16060,0
25.887030839s,1.295694876s,0s,16051,16051,0
26.056714296s,1.255322701s,0s,16055,16055,0
26.27647446s,1.353493538s,0s,16058,16058,0
23.494756796s,1.150601827s,0s,16068,16068,0
23.944666974s,1.054145126s,0s,16063,16063,0
24.997172915s,1.105373715s,0s,16064,16064,0
25.026797833s,1.16296174s,0s,16070,16070,0
25.41771769s,1.427082259s,0s,16069,16069,0
25.99930841s,1.242657545s,0s,16062,16062,0
26.011912933s,1.232367678s,0s,16061,16061,0
26.402899055s,1.19207472s,0s,16067,16067,0
27.581459462s,1.451384132s,0s,16065,16065,0
27.618073764s,1.480671936s,0s,16066,16066,0
24.00223561s,1.213333753s,0s,16077,16077,0
24.38029948s,1.023902708s,0s,16080,16080,0
24.423018237s,1.235551076s,0s,16076,16076,0
24.965184644s,1.329310485s,0s,16078,16078,0
25.201901633s,1.414782518s,0s,16071,16071,0
25.447601431s,1.317068284s,0s,16073,16073,0
25.895986926s,1.092039232s,0s,16079,16079,0
25.979550721s,1.255846161s,0s,16075,16075,0
26.239303676s,1.338512546s,0s,16074,16074,0
26.830425523s,1.317073071s,0s,16072,16072,0
22.84078318s,1.127353107s,0s,16085,16085,0
24.846781317s,1.024622013s,0s,16084,16084,0
25.298345096s,1.400647841s,0s,16086,16086,0
25.496089289s,1.445916662s,0s,16081,16081,0
25.659806568s,1.046825651s,0s,16088,16088,0
26.241801523s,1.167027363s,0s,16090,16090,0
26.397614848s,1.120089392s,0s,16083,16083,0
26.607388605s,1.154558266s,0s,16087,16087,0
26.950291315s,1.365424953s,0s,16082,16082,0
26.999874342s,1.160824074s,0s,16089,16089,0
23.470610168s,1.428775623s,0s,16091,16091,0
23.595297233s,1.004091727s,0s,16099,16099,0
24.365095102s,1.394562887s,0s,16094,16094,0
25.139727531s,1.377284543s,0s,16100,16100,0
25.156410871s,1.04429035s,0s,16097,16097,0
25.525390872s,1.347089426s,0s,16098,16098,0
25.800089483s,1.000803548s,0s,16095,16095,0
25.948771412s,1.435051265s,0s,16092,16092,0
26.21338982s,1.088560022s,0s,16093,16093,0
26.555313625s,1.253880265s,0s,16096,16096,0
23.387044638s,1.387084272s,0s,16104,16104,0
25.013165038s,1.251294405s,0s,16102,16102,0
25.057796173s,1.101482284s,0s,16105,16105,0
25.29203552s,1.366574565s,0s,16106,16106,0
25.386586315s,1.395350096s,0s,16103,16103,0
25.669494423s,1.231034158s,0s,16109,16109,0
25.678121419s,1.396463578s,0s,16101,16101,0
26.034683293s,1.039265249s,0s,16107,16107,0
26.264381964s,1.185817589s,0s,16110,16110,0
26.548272362s,1.377819179s,0s,16108,16108,0
23.656554212s,1.305370294s,0s,16114,16114,0
23.864058131s,1.00113997s,0s,16117,16117,0
23.965701472s,1.293114262s,0s,16116,16116,0
24.278587042s,1.355844449s,0s,16112,16112,0
24.668247738s,1.349583221s,0s,16119,16119,0
24.821936837s,1.176904202s,0s,16115,16115,0
26.086608637s,1.391043598s,0s,16118,16118,0
26.111238219s,1.093413207s,0s,16113,16113,0
26.82858121s,1.455297645s,0s,16111,16111,0
27.120420324s,1.10162494s,0s,16120,16120,0
23.646593625s,1.061274022s,0s,16127,16127,0
23.759283867s,1.263841289s,0s,16126,16126,0
23.774915645s,1.30810775s,0s,16128,16128,0
24.101756348s,1.022124879s,0s,16121,16121,0
24.276280843s,1.408846378s,0s,16122,16122,0
24.90058012s,1.324339347s,0s,16124,16124,0
25.140378709s,1.385593621s,0s,16130,16130,0
25.340155265s,1.422048853s,0s,16123,16123,0
25.498892611s,1.148558847s,0s,16125,16125,0
25.517522974s,1.496274611s,0s,16129,16129,0
23.299876593s,1.209783393s,0s,16139,16139,0
24.556221307s,1.013082952s,0s,16137,16137,0
24.757958323s,1.029339613s,0s,16140,16140,0
24.99889201s,1.488559065s,0s,16136,16136,0
25.158629389s,1.013109902s,0s,16133,16133,0
25.427466931s,1.42006037s,0s,16135,16135,0
25.60921935s,1.160147017s,0s,16134,16134,0
25.774927251s,1.441321937s,0s,16138,16138,0
25.907645968s,1.187333592s,0s,16132,16132,0
25.909087358s,1.189575403s,0s,16131,16131,0
24.596192554s,1.458655617s,0s,16149,16149,0
25.067345328s,1.276910173s,0s,16147,16147,0
25.074090353s,1.18960085s,0s,16141,16141,0
25.129646896s,1.442443013s,0s,16148,16148,0
25.260885457s,1.496906267s,0s,16143,16143,0
25.292560802s,1.320101s,0s,16146,16146,0
25.587473821s,1.059880415s,0s,16144,16144,0
25.641134557s,1.15331397s,0s,16142,16142,0
26.303188287s,1.138098703s,0s,16145,16145,0
26.672042258s,1.040619376s,0s,16150,16150,0
24.801654957s,1.494496851s,0s,16152,16152,0
24.946439005s,1.466281225s,0s,16158,16158,0
25.13219933s,1.184972584s,0s,16154,16154,0
25.137924709s,1.265512142s,0s,16157,16157,0
25.38848384s,1.110449168s,0s,16151,16151,0
25.601297903s,1.049138642s,0s,16156,16156,0
25.890933933s,1.227292619s,0s,16153,16153,0
26.234763833s,1.41400508s,0s,16155,16155,0
26.26130719s,1.148674062s,0s,16160,16160,0
27.131469468s,1.376816122s,0s,16159,16159,0
23.458131633s,1.164195833s,0s,16167,16167,0
23.853093449s,1.14700316s,0s,16170,16170,0
24.133970056s,1.126742145s,0s,16166,16166,0
24.670927956s,1.075311885s,0s,16164,16164,0
25.596230601s,1.26243114s,0s,16163,16163,0
25.652830518s,1.319662588s,0s,16162,16162,0
25.702404364s,1.122508124s,0s,16165,16165,0
25.711969991s,1.006090085s,0s,16169,16169,0
25.8001268s,1.46652701s,0s,16161,16161,0
26.549207526s,1.445299703s,0s,16168,16168,0
23.657369109s,1.383110832s,0s,16175,16175,0
25.070878507s,1.315595583s,0s,16173,16173,0
25.087496562s,1.429291354s,0s,16172,16172,0
25.388331415s,1.435528833s,0s,16180,16180,0
25.483031844s,1.037384295s,0s,16176,16176,0
26.018257837s,1.321819224s,0s,16171,16171,0
26.638487491s,1.027146905s,0s,16177,16177,0
26.773174524s,1.064611884s,0s,16178,16178,0
27.191139189s,1.086882747s,0s,16179,16179,0
27.304853737s,1.090065806s,0s,16174,16174,0
24.743139672s,1.445316858s,0s,16187,16187,0
24.93141112s,1.175636835s,0s,16182,16182,0
25.009044819s,1.440053275s,0s,16188,16188,0
25.453039886s,1.384575926s,0s,16189,16189,0
25.676792872s,1.093393676s,0s,16181,16181,0
25.844503486s,1.331103924s,0s,16185,16185,0
26.178474311s,1.402864838s,0s,16184,16184,0
26.259170682s,1.212896684s,0s,16186,16186,0
26.654235522s,1.07115143s,0s,16183,16183,0
27.092117986s,1.353351786s,0s,16190,16190,0
23.364167985s,1.113412491s,0s,16199,16199,0
23.911278171s,1.232032319s,0s,16191,16191,0
24.039021754s,1.044082767s,0s,16192,16192,0
24.115655839s,1.186663633s,0s,16194,16194,0
24.426541771s,1.412055836s,0s,16197,16197,0
25.068667926s,1.38387113s,0s,16193,16193,0
25.436478569s,1.041245722s,0s,16200,16200,0
25.574825552s,1.370638235s,0s,16195,16195,0
25.771652546s,1.253331269s,0s,16198,16198,0
27.10457441s,1.230934108s,0s,16196,16196,0
23.16917794s,1.249015625s,0s,16210,16210,0
23.41143901s,1.369642413s,0s,16207,16207,0
25.308899933s,1.149687036s,0s,16208,16208,0
25.439614157s,1.075233118s,0s,16209,16209,0
25.97070714s,1.341250235s,0s,16201,16201,0
25.987353334s,1.484309136s,0s,16206,16206,0
26.280219127s,1.422028844s,0s,16203,16203,0
26.638039666s,1.364461918s,0s,16205,16205,0
26.73659473s,1.40490476s,0s,16204,16204,0
27.028405613s,1.125489981s,0s,16202,16202,0
24.613940265s,1.167064315s,0s,16212,16212,0
24.750699612s,1.134589066s,0s,16219,16219,0
24.954441349s,1.084151882s,0s,16211,16211,0
25.195331508s,1.148865944s,0s,16216,16216,0
25.246986428s,1.439655459s,0s,16217,16217,0
25.548676014s,1.44888005s,0s,16218,16218,0
25.912478326s,1.118399433s,0s,16220,16220,0
25.92014284s,1.411407014s,0s,16215,16215,0
26.750774938s,1.277534458s,0s,16213,16213,0
26.804350174s,1.199312686s,0s,16214,16214,0
23.644686172s,1.219328074s,0s,16229,16229,0
23.708298294s,1.183935694s,0s,16221,16221,0
23.969051788s,1.040122289s,0s,16227,16227,0
25.001966619s,1.046376534s,0s,16226,16226,0
25.137666782s,1.375072415s,0s,16222,16222,0
25.16226461s,1.078598164s,0s,16230,16230,0
25.24282994s,1.420330484s,0s,16224,16224,0
25.552625008s,1.214039013s,0s,16223,16223,0
26.136788322s,1.225532123s,0s,16228,16228,0
26.551666357s,1.299818558s,0s,16225,16225,0
23.91697347s,1.102841252s,0s,16231,16231,0
24.777298825s,1.47361769s,0s,16238,16238,0
25.062429517s,1.31282648s,0s,16235,16235,0
25.085061898s,1.021483564s,0s,16240,16240,0
25.114676479s,1.307341716s,0s,16234,16234,0
25.422559325s,1.420071062s,0s,16237,16237,0
25.970680337s,1.460395481s,0s,16236,16236,0
26.358509617s,1.261060742s,0s,16239,16239,0
27.088817858s,1.102836399s,0s,16232,16232,0
27.536434728s,1.310538578s,0s,16233,16233,0
24.114291078s,1.15065072s,0s,16250,16250,0
24.252965184s,1.172044318s,0s,16248,16248,0
24.371655594s,1.450043786s,0s,16245,16245,0
24.876758679s,1.107429s,0s,16246,16246,0
25.140626571s,1.273526565s,0s,16243,16243,0
25.312259285s,1.437915714s,0s,16244,16244,0
25.315892394s,1.205310968s,0s,16247,16247,0
25.513176584s,1.474303298s,0s,16249,16249,0
25.539838488s,1.163916161s,0s,16242,16242,0
25.546510523s,1.050183918s,0s,16241,16241,0
24.104149939s,1.120108152s,0s,16252,16252,0
24.246985113s,1.109845607s,0s,16253,16253,0
24.288648512s,1.491274371s,0s,16256,16256,0
24.314235461s,1.065308983s,0s,16257,16257,0
25.411772325s,1.075625687s,0s,16258,16258,0
25.496425569s,1.009098606s,0s,16255,16255,0
25.749247758s,1.278689794s,0s,16260,16260,0
25.805907288s,1.263415548s,0s,16259,16259,0
26.019653763s,1.400050882s,0s,16254,16254,0
27.213389875s,1.337871028s,0s,16251,16251,0
24.106632018s,1.25128664s,0s,16263,16263,0
24.449470669s,1.325687629s,0s,16267,16267,0
24.613309899s,1.275469858s,0s,16264,16264,0
24.66896813s,1.236959345s,0s,16270,16270,0
25.196964501s,1.251293191s,0s,16261,16261,0
25.443695687s,1.060390539s,0s,16269,16269,0
25.796675102s,1.238045759s,0s,16266,16266,0
26.085308664s,1.175665155s,0s,16268,16268,0
26.293188747s,1.347068561s,0s,16265,16265,0
26.62578396s,1.048143134s,0s,16262,16262,0
23.319393064s,1.268093879s,0s,16271,16271,0
24.075814198s,1.106675413s,0s,16274,16274,0
24.91217469s,1.015088639s,0s,16275,16275,0
24.970803584s,1.461068026s,0s,16280,16280,0
25.208722005s,1.255812035s,0s,16277,16277,0
25.50354449s,1.072373169s,0s,16276,16276,0
25.813254455s,1.444817484s,0s,16273,16273,0
25.869898533s,1.228613524s,0s,16272,16272,0
26.43656214s,1.311283783s,0s,16278,16278,0
26.834693756s,1.411616439s,0s,16279,16279,0
23.557158881s,1.472950842s,0s,16283,16283,0
24.353143552s,1.303575424s,0s,16290,16290,0
24.733069233s,1.453751803s,0s,16287,16287,0
25.06699425s,1.319776901s,0s,16288,16288,0
25.173749192s,1.338013087s,0s,16281,16281,0
25.315874826s,1.482122197s,0s,16289,16289,0
26.741289813s,1.420514603s,0s,16284,16284,0
26.777964777s,1.348221487s,0s,16285,16285,0
26.827617241s,1.4893579s,0s,16282,16282,0
27.274323437s,1.210327351s,0s,16286,16286,0
23.131780674s,1.135313602s,0s,16300,16300,0
23.286549927s,1.063272673s,0s,16297,16297,0
24.017791696s,1.072477113s,0s,16295,16295,0
24.534501021s,1.215625674s,0s,16291,16291,0
24.557127811s,1.063279568s,0s,16293,16293,0
24.992198317s,1.133094043s,0s,16294,16294,0
26.321899536s,1.118760207s,0s,16292,16292,0
26.388570521s,1.038066036s,0s,16298,16298,0
27.102371723s,1.376952007s,0s,16299,16299,0
27.214041514s,1.120922043s,0s,16296,16296,0
23.590008353s,1.264246615s,0s,16307,16307,0
24.542428192s,1.454055917s,0s,16306,16306,0
24.702134775s,1.163615945s,0s,16302,16302,0
25.231910558s,1.111145769s,0s,16301,16301,0
25.37461549s,1.241037892s,0s,16305,16305,0
25.420350104s,1.143363902s,0s,16303,16303,0
25.422955864s,1.355775798s,0s,16310,16310,0
25.805523456s,1.20883143s,0s,16308,16308,0
25.91725865s,1.288523886s,0s,16309,16309,0
26.297048947s,1.476288629s,0s,16304,16304,0
24.53348458s,1.152960929s,0s,16317,16317,0
24.766319208s,1.13173657s,0s,16311,16311,0
25.220522433s,1.317047347s,0s,16320,16320,0
25.269263806s,1.356579175s,0s,16319,16319,0
25.293889148s,1.211470089s,0s,16318,16318,0
25.593697361s,1.452940792s,0s,16314,16314,0
25.888605824s,1.130564607s,0s,16316,16316,0
26.256593637s,1.20725546s,0s,16315,16315,0
26.778680551s,1.322324104s,0s,16313,16313,0
26.828315019s,1.216741916s,0s,16312,16312,0
23.572891872s,1.214903039s,0s,16323,16323,0
23.817735627s,1.365402694s,0s,16326,16326,0
24.495838277s,1.179022256s,0s,16322,16322,0
24.597497468s,1.085874712s,0s,16325,16325,0
25.336811637s,1.066537455s,0s,16329,16329,0
25.485409305s,1.015084992s,0s,16321,16321,0
25.626065976s,1.188700572s,0s,16327,16327,0
26.169122513s,1.22502754s,0s,16328,16328,0
26.292835705s,1.019329683s,0s,16330,16330,0
26.848964658s,1.450628328s,0s,16324,16324,0
23.952582345s,1.128735642s,0s,16337,16337,0
24.513697844s,1.380896537s,0s,16335,16335,0
24.574281956s,1.076206876s,0s,16336,16336,0
24.666784933s,1.108499278s,0s,16340,16340,0
25.208292541s,1.213390754s,0s,16334,16334,0
25.341088914s,1.347673565s,0s,16338,16338,0
26.504659354s,1.130977062s,0s,16331,16331,0
26.561381102s,1.467340266s,0s,16333,16333,0
26.904080553s,1.411116314s,0s,16332,16332,0
27.024809846s,1.153107912s,0s,16339,16339,0
23.83388438s,1.125863914s,0s,16341,16341,0
24.040703644s,1.123613486s,0s,16348,16348,0
24.662450653s,1.040115384s,0s,16346,16346,0
24.684141576s,1.380828814s,0s,16344,16344,0
24.733759544s,1.203026021s,0s,16345,16345,0
25.316340821s,1.223291093s,0s,16349,16349,0
25.325996205s,1.324560978s,0s,16350,16350,0
25.582802474s,1.043370983s,0s,16343,16343,0
26.117895256s,1.458113007s,0s,16347,16347,0
26.268492802s,1.488413436s,0s,16342,16342,0
24.43884755s,1.07176347s,0s,16351,16351,0
24.744727704s,1.481018277s,0s,16360,16360,0
24.984474751s,1.426502629s,0s,16358,16358,0
25.136151228s,1.212524053s,0s,16353,16353,0
25.267749762s,1.143039845s,0s,16355,16355,0
25.409673791s,1.154253401s,0s,16357,16357,0
25.492341376s,1.322015986s,0s,16352,16352,0
25.772034986s,1.391245685s,0s,16359,16359,0
26.400649179s,1.460701421s,0s,16354,16354,0
27.185604039s,1.258722825s,0s,16356,16356,0
23.196150208s,1.254486991s,0s,16362,16362,0
23.669018902s,1.180015634s,0s,16366,16366,0
23.87180962s,1.062347916s,0s,16368,16368,0
25.258660046s,1.091545703s,0s,16365,16365,0
25.364390645s,1.058117382s,0s,16370,16370,0
25.848338385s,1.112786279s,0s,16364,16364,0
26.047174138s,1.279707507s,0s,16367,16367,0
26.049750464s,1.407046845s,0s,16361,16361,0
26.146539114s,1.200288099s,0s,16369,16369,0
26.668491437s,1.449339535s,0s,16363,16363,0
24.077697271s,1.261563131s,0s,16379,16379,0
24.208464413s,1.480290066s,0s,16376,16376,0
24.522346936s,1.25034897s,0s,16378,16378,0
24.616004552s,1.052156071s,0s,16380,16380,0
24.633549387s,1.443102312s,0s,16374,16374,0
25.039462358s,1.103597632s,0s,16371,16371,0
26.002109146s,1.20409375s,0s,16377,16377,0
26.322977316s,1.094362833s,0s,16375,16375,0
26.963126232s,1.411940197s,0s,16372,16372,0
27.070776294s,1.170889992s,0s,16373,16373,0
23.844363826s,1.042052278s,0s,16382,16382,0
24.16529307s,1.18789935s,0s,16384,16384,0
24.629264294s,1.015837073s,0s,16389,16389,0
24.798058118s,1.151616098s,0s,16381,16381,0
25.094619514s,1.497888635s,0s,16388,16388,0
25.102268071s,1.384097587s,0s,16385,16385,0
25.226935542s,1.051299768s,0s,16390,16390,0
25.290609208s,1.006573224s,0s,16383,16383,0
26.581815769s,1.491587533s,0s,16386,16386,0
26.685514142s,1.413340005s,0s,16387,16387,0
23.758343416s,1.490378737s,0s,16400,16400,0
23.914157362s,1.234572206s,0s,16395,16395,0
24.628915784s,1.042015765s,0s,16396,16396,0
24.783515051s,1.289282684s,0s,16394,16394,0
25.225558907s,1.347517521s,0s,16392,16392,0
25.433307025s,1.457117722s,0s,16391,16391,0
26.187536067s,1.369751439s,0s,16397,16397,0
26.764638902s,1.199373635s,0s,16393,16393,0
26.787910474s,1.278026779s,0s,16398,16398,0
27.211625008s,1.248843624s,0s,16399,16399,0
23.277510775s,1.155820722s,0s,16404,16404,0
23.825532751s,1.273621558s,0s,16407,16407,0
24.137411971s,1.205085322s,0s,16402,16402,0
24.398260817s,1.388338317s,0s,16406,16406,0
24.413825728s,1.325103715s,0s,16405,16405,0
24.770670609s,1.264331406s,0s,16410,16410,0
24.790221011s,1.29885192s,0s,16409,16409,0
25.023973093s,1.0435382s,0s,16401,16401,0
25.374794273s,1.027299205s,0s,16408,16408,0
26.161125303s,1.476614344s,0s,16403,16403,0
23.000509467s,1.147040598s,0s,16413,16413,0
23.401569996s,1.340235468s,0s,16420,16420,0
24.380006251s,1.153283841s,0s,16416,16416,0
24.736513876s,1.221799901s,0s,16412,16412,0
24.890246751s,1.286047399s,0s,16419,16419,0
25.483438383s,1.147047564s,0s,16411,16411,0
25.516941664s,1.472785643s,0s,16418,16418,0
25.547445049s,1.464528104s,0s,16417,16417,0
26.416382606s,1.063825589s,0s,16414,16414,0
27.281728633s,1.211556639s,0s,16415,16415,0
23.128372708s,1.224095636s,0s,16425,16425,0
23.973296853s,1.338936353s,0s,16422,16422,0
24.152109763s,1.074152405s,0s,16424,16424,0
24.408903752s,1.332643755s,0s,16428,16428,0
24.583386347s,1.159855188s,0s,16423,16423,0
24.636867561s,1.156580199s,0s,16429,16429,0
24.745515701s,1.136324216s,0s,16427,16427,0
26.320064667s,1.230391929s,0s,16430,16430,0
26.461874311s,1.359039119s,0s,16421,16421,0
26.949874716s,1.393306332s,0s,16426,16426,0
24.010867776s,1.140626065s,0s,16436,16436,0
24.056518543s,1.378364676s,0s,16431,16431,0
24.952002805s,1.123375175s,0s,16433,16433,0
25.10774823s,1.387650346s,0s,16432,16432,0
25.242544618s,1.337133953s,0s,16438,16438,0
25.459147468s,1.204844713s,0s,16435,16435,0
25.621929153s,1.489995031s,0s,16439,16439,0
26.156135529s,1.40787136s,0s,16440,16440,0
26.580593379s,1.456058624s,0s,16434,16434,0
26.770101595s,1.057137792s,0s,16437,16437,0
23.835016136s,1.102423281s,0s,16450,16450,0
24.043773676s,1.482295861s,0s,16444,16444,0
24.871594909s,1.225025975s,0s,16445,16445,0
25.100372681s,1.373983986s,0s,16441,16441,0
25.143017125s,1.019106151s,0s,16448,16448,0
25.198617708s,1.258284939s,0s,16442,16442,0
25.361341464s,1.202916111s,0s,16447,16447,0
25.917090311s,1.310512425s,0s,16443,16443,0
26.549745534s,1.132613682s,0s,16449,16449,0
26.579343152s,1.356772761s,0s,16446,16446,0
24.660660251s,1.310382512s,0s,16454,16454,0
24.752364883s,1.281118946s,0s,16452,16452,0
24.873990314s,1.066677919s,0s,16456,16456,0
25.146525999s,1.154931271s,0s,16455,16455,0
25.236030082s,1.395639068s,0s,16459,16459,0
25.364741437s,1.329599409s,0s,16460,16460,0
25.649464423s,1.351829215s,0s,16453,16453,0
25.885231323s,1.377089696s,0s,16457,16457,0
26.869624971s,1.386414056s,0s,16451,16451,0
26.884260243s,1.004478072s,0s,16458,16458,0
24.500272444s,1.072268196s,0s,16461,16461,0
24.500638321s,1.017110289s,0s,16468,16468,0
24.95245321s,1.286956976s,0s,16466,16466,0
25.132199704s,1.281747651s,0s,16469,16469,0
25.212912825s,1.292133846s,0s,16470,16470,0
25.341442346s,1.407649371s,0s,16467,16467,0
25.815180614s,1.258740724s,0s,16462,16462,0
25.953903782s,1.469849066s,0s,16465,16465,0
25.963587454s,1.259846225s,0s,16463,16463,0
27.03519593s,1.372396093s,0s,16464,16464,0
23.413296406s,1.090804386s,0s,16476,16476,0
24.15389959s,1.030291121s,0s,16477,16477,0
24.336143081s,1.092993158s,0s,16479,16479,0
24.713927531s,1.299897576s,0s,16474,16474,0
25.239047713s,1.027057257s,0s,16473,16473,0
25.292806266s,1.390078506s,0s,16472,16472,0
25.586748233s,1.096240589s,0s,16480,16480,0
25.679521138s,1.101461554s,0s,16471,16471,0
25.779212747s,1.045528332s,0s,16478,16478,0
25.904039794s,1.299893855s,0s,16475,16475,0
23.634896583s,1.2375317s,0s,16485,16485,0
23.772628029s,1.245769607s,0s,16484,16484,0
23.956162458s,1.427346777s,0s,16482,16482,0
24.145911381s,1.060148581s,0s,16490,16490,0
24.167460165s,1.460701533s,0s,16481,16481,0
24.202194705s,1.28927317s,0s,16488,16488,0
24.910401881s,1.374051334s,0s,16483,16483,0
25.614035147s,1.278050232s,0s,16486,16486,0
25.979008696s,1.294493678s,0s,16489,16489,0
27.00353448s,1.324811981s,0s,16487,16487,0
24.128317613s,1.360722997s,0s,16496,16496,0
24.308940968s,1.003115409s,0s,16495,16495,0
24.789995185s,1.433233148s,0s,16500,16500,0
24.83554636s,1.134667971s,0s,16492,16492,0
25.212430555s,1.297341709s,0s,16499,16499,0
25.380089517s,1.38994318s,0s,16491,16491,0
25.693775801s,1.086436343s,0s,16497,16497,0
25.913433824s,1.350808339s,0s,16498,16498,0
26.275335541s,1.161072128s,0s,16494,16494,0
26.339825026s,1.150887782s,0s,16493,16493,0
24.829705547s,1.052501576s,0s,16506,16506,0
25.240265811s,1.152998292s,0s,16504,16504,0
25.525118703s,1.172220124s,0s,16508,16508,0
25.528580253s,1.36808395s,0s,16502,16502,0
25.640271035s,1.456389575s,0s,16501,16501,0
25.813002673s,1.49168564s,0s,16503,16503,0
25.986762961s,1.019275293s,0s,16505,16505,0
26.54785459s,1.250765965s,0s,16510,16510,0
26.94954668s,1.063760225s,0s,16507,16507,0
27.123286765s,1.225472016s,0s,16509,16509,0
23.778209847s,1.12556682s,0s,16518,16518,0
24.280931882s,1.308621336s,0s,16514,16514,0
25.057327975s,1.076142629s,0s,16519,16519,0
25.134063455s,1.287386783s,0s,16520,16520,0
25.295774858s,1.330909386s,0s,16516,16516,0
25.378466181s,1.278088824s,0s,16515,16515,0
25.704409712s,1.262881433s,0s,16513,16513,0
25.869199461s,1.119370915s,0s,16512,16512,0
26.098102284s,1.383399823s,0s,16517,16517,0
26.756194837s,1.364105754s,0s,16511,16511,0
24.357845612s,1.430705612s,0s,16529,16529,0
24.722781351s,1.205108663s,0s,16527,16527,0
24.75241238s,1.363304546s,0s,16526,16526,0
24.865073626s,1.413540444s,0s,16524,16524,0
25.025780386s,1.021127946s,0s,16521,16521,0
25.133421994s,1.345887915s,0s,16522,16522,0
25.197137464s,1.363256381s,0s,16528,16528,0
25.891026637s,1.24865953s,0s,16530,16530,0
26.18846217s,1.244412442s,0s,16523,16523,0
27.197542579s,1.350052106s,0s,16525,16525,0
24.040761282s,1.15765712s,0s,16533,16533,0
24.04226303s,1.143404704s,0s,16534,16534,0
24.217996429s,1.158789058s,0s,16532,16532,0
24.804029184s,1.260319727s,0s,16535,16535,0
24.919679511s,1.358821457s,0s,16536,16536,0
25.028362854s,1.213012486s,0s,16537,16537,0
25.089053079s,1.427023134s,0s,16538,16538,0
25.639157688s,1.126180909s,0s,16531,16531,0
26.000050286s,1.351569634s,0s,16540,16540,0
26.372967982s,1.465204235s,0s,16539,16539,0
23.002601124s,1.120025214s,0s,16546,16546,0
24.048532383s,1.24810799s,0s,16548,16548,0
24.120342026s,1.459694087s,0s,16544,16544,0
24.185926238s,1.021149262s,0s,16542,16542,0
24.906080958s,1.14030455s,0s,16543,16543,0
25.030802529s,1.111759849s,0s,16550,16550,0
25.058408942s,1.175780951s,0s,16549,16549,0
25.087140652s,1.142536168s,0s,16541,16541,0
25.458999943s,1.26830102s,0s,16547,16547,0
25.461542769s,1.023441965s,0s,16545,16545,0
23.626351944s,1.299087499s,0s,16553,16553,0
24.585763824s,1.033105269s,0s,16559,16559,0
24.622423795s,1.083028454s,0s,16555,16555,0
25.084412908s,1.308294984s,0s,16556,16556,0
25.444050625s,1.181436772s,0s,16560,16560,0
25.606864582s,1.141187447s,0s,16557,16557,0
25.724410173s,1.287899749s,0s,16552,16552,0
26.16232564s,1.053370273s,0s,16554,16554,0
26.249012296s,1.184663808s,0s,16551,16551,0
27.079379958s,1.411618803s,0s,16558,16558,0
23.291003628s,1.13692133s,0s,16562,16562,0
24.317448901s,1.426099442s,0s,16569,16569,0
24.774267s,1.216275139s,0s,16568,16568,0
24.820931072s,1.246528818s,0s,16564,16564,0
25.247572775s,1.499506154s,0s,16567,16567,0
25.468291056s,1.304739059s,0s,16570,16570,0
25.742992505s,1.21407052s,0s,16566,16566,0
25.941876526s,1.467295366s,0s,16563,16563,0
26.046522581s,1.426105812s,0s,16565,16565,0
26.127158784s,1.323945286s,0s,16561,16561,0
23.418088016s,1.019102195s,0s,16572,16572,0
23.990663701s,1.056323238s,0s,16571,16571,0
24.137406549s,1.147838307s,0s,16579,16579,0
24.587400051s,1.254091201s,0s,16578,16578,0
24.719154379s,1.072539703s,0s,16576,16576,0
25.482027421s,1.372834057s,0s,16573,16573,0
26.259285327s,1.352560194s,0s,16574,16574,0
26.748339846s,1.322373038s,0s,16580,16580,0
26.904001394s,1.440274704s,0s,16577,16577,0
27.48393131s,1.436043277s,0s,16575,16575,0
24.357003464s,1.380001404s,0s,16588,16588,0
24.426636027s,1.200062601s,0s,16590,16590,0
24.657455864s,1.173756079s,0s,16584,16584,0
24.757111311s,1.244261086s,0s,16587,16587,0
24.913850735s,1.173751084s,0s,16586,16586,0
25.013616869s,1.064290851s,0s,16583,16583,0
25.1103316s,1.040126138s,0s,16585,16585,0
26.259997327s,1.307725322s,0s,16589,16589,0
27.098456773s,1.083560573s,0s,16582,16582,0
27.489242937s,1.288553809s,0s,16581,16581,0
24.340156703s,1.224302423s,0s,16591,16591,0
24.890213071s,1.055391268s,0s,16596,16596,0
25.084976167s,1.246659266s,0s,16597,16597,0
25.541646483s,1.498355738s,0s,16592,16592,0
25.544420841s,1.038129701s,0s,16599,16599,0
25.827222032s,1.225407818s,0s,16593,16593,0
26.000963725s,1.334904606s,0s,16598,16598,0
26.393974875s,1.140764229s,0s,16594,16594,0
27.13120786s,1.221063691s,0s,16600,16600,0
27.173778031s,1.449159179s,0s,16595,16595,0
23.456749531s,1.332301126s,0s,16606,16606,0
24.484825304s,1.160485869s,0s,16609,16609,0
24.815614785s,1.262001771s,0s,16604,16604,0
25.605606852s,1.340516211s,0s,16608,16608,0
25.740268734s,1.403211566s,0s,16601,16601,0
26.214203663s,1.386789772s,0s,16603,16603,0
26.283826246s,1.068133491s,0s,16607,16607,0
26.92652377s,1.197778044s,0s,16605,16605,0
27.013154994s,1.389978373s,0s,16610,16610,0
27.219017863s,1.422412171s,0s,16602,16602,0
24.074075632s,1.025116621s,0s,16612,16612,0
24.165741121s,1.033718136s,0s,16611,16611,0
24.545824772s,1.026253747s,0s,16616,16616,0
25.136343952s,1.283724755s,0s,16618,16618,0
25.185971675s,1.199448271s,0s,16619,16619,0
25.547933833s,1.112201536s,0s,16613,16613,0
25.626927083s,1.029456566s,0s,16614,16614,0
26.086949868s,1.321951612s,0s,16620,16620,0
26.426908645s,1.465357047s,0s,16615,16615,0
27.086448004s,1.103954067s,0s,16617,16617,0
23.976618467s,1.437068528s,0s,16626,16626,0
24.348448804s,1.059153692s,0s,16628,16628,0
24.678210277s,1.337523715s,0s,16629,16629,0
24.717759661s,1.324286242s,0s,16621,16621,0
24.90943654s,1.484631563s,0s,16625,16625,0
25.516482298s,1.13440819s,0s,16622,16622,0
25.702161356s,1.223680004s,0s,16627,16627,0
25.783786138s,1.307049521s,0s,16624,16624,0
25.930405823s,1.45333944s,0s,16630,16630,0
26.612482748s,1.378759666s,0s,16623,16623,0
23.335407296s,1.123266378s,0s,16636,16636,0
24.32489081s,1.383279518s,0s,16633,16633,0
24.55673622s,1.237919917s,0s,16631,16631,0
25.011649133s,1.037817524s,0s,16638,16638,0
25.111233107s,1.206476399s,0s,16635,16635,0
25.115787722s,1.122055025s,0s,16634,16634,0
25.208440288s,1.303050154s,0s,16637,16637,0
25.559349694s,1.445538204s,0s,16632,16632,0
25.658052098s,1.212740875s,0s,16639,16639,0
26.617063864s,1.029538749s,0s,16640,16640,0
23.187037372s,1.252143052s,0s,16649,16649,0
23.734109086s,1.007182786s,0s,16642,16642,0
24.486946446s,1.117088975s,0s,16643,16643,0
24.74379735s,1.176973154s,0s,16650,16650,0
25.466479207s,1.018398817s,0s,16645,16645,0
25.514070094s,1.025610401s,0s,16647,16647,0
25.534747147s,1.060952167s,0s,16644,16644,0
25.980606014s,1.156768809s,0s,16648,16648,0
26.545680433s,1.139513687s,0s,16646,16646,0
26.576345568s,1.13332762s,0s,16641,16641,0
24.472893913s,1.000069978s,0s,16659,16659,0
24.918580667s,1.275087515s,0s,16658,16658,0
24.975146553s,1.455221463s,0s,16654,16654,0
25.182819531s,1.162467704s,0s,16651,16651,0
25.313445976s,1.2589593s,0s,16657,16657,0
25.332119484s,1.412824379s,0s,16653,16653,0
25.637012667s,1.331563059s,0s,16655,16655,0
25.696676489s,1.425039449s,0s,16656,16656,0
26.314753496s,1.321328181s,0s,16660,16660,0
26.921935123s,1.245688808s,0s,16652,16652,0
23.089566951s,1.05771475s,0s,16661,16661,0
23.799335285s,1.020210976s,0s,16662,16662,0
24.493606397s,1.495414897s,0s,16664,16664,0
24.965741524s,1.378140045s,0s,16665,16665,0
25.026432497s,1.334970245s,0s,16669,16669,0
25.180076381s,1.023505459s,0s,16667,16667,0
25.252748567s,1.333806796s,0s,16666,16666,0
25.290329558s,1.141021549s,0s,16670,16670,0
25.524101203s,1.31060816s,0s,16663,16663,0
25.538783872s,1.258335616s,0s,16668,16668,0
23.633476236s,1.325405184s,0s,16680,16680,0
23.791200038s,1.494028665s,0s,16679,16679,0
24.164091146s,1.423110607s,0s,16671,16671,0
24.477111595s,1.35360687s,0s,16672,16672,0
24.575876846s,1.356843525s,0s,16676,16676,0
24.594535934s,1.130865155s,0s,16675,16675,0
24.756351793s,1.433399256s,0s,16678,16678,0
24.889098559s,1.075614763s,0s,16674,16674,0
25.227029224s,1.466768256s,0s,16677,16677,0
26.140028263s,1.131971687s,0s,16673,16673,0
24.429641837s,1.083739167s,0s,16683,16683,0
24.746495421s,1.323831952s,0s,16681,16681,0
25.131466681s,1.35907893s,0s,16686,16686,0
25.135244097s,1.275373761s,0s,16682,16682,0
25.661940046s,1.278623454s,0s,16689,16689,0
25.974844452s,1.43184494s,0s,16684,16684,0
26.176583625s,1.021511789s,0s,16687,16687,0
26.270275888s,1.144069949s,0s,16688,16688,0
26.65711393s,1.387544475s,0s,16685,16685,0
27.073036971s,1.372274741s,0s,16690,16690,0
23.616232019s,1.182721122s,0s,16693,16693,0
24.013175013s,1.015438438s,0s,16700,16700,0
24.339042967s,1.350407462s,0s,16697,16697,0
24.475699072s,1.245133037s,0s,16698,16698,0
25.407973993s,1.020742094s,0s,16692,16692,0
25.801824012s,1.186941587s,0s,16695,16695,0
26.482685074s,1.092992947s,0s,16691,16691,0
26.596370856s,1.147324696s,0s,16694,16694,0
27.142406589s,1.403652063s,0s,16699,16699,0
27.372827797s,1.14843844s,0s,16696,16696,0
24.185885956s,1.094637575s,0s,16708,16708,0
24.229571974s,1.055416904s,0s,16703,16703,0
24.802184111s,1.010106328s,0s,16710,16710,0
24.948535609s,1.376637702s,0s,16706,16706,0
25.139331369s,1.347111234s,0s,16702,16702,0
25.402207704s,1.379883984s,0s,16707,16707,0
25.448798846s,1.35340154s,0s,16709,16709,0
25.759842626s,1.393084115s,0s,16704,16704,0
25.914550122s,1.458359429s,0s,16705,16705,0
26.533147536s,1.231968715s,0s,16701,16701,0
23.805702938s,1.154429842s,0s,16719,16719,0
24.319731155s,1.403239341s,0s,16711,16711,0
24.493337567s,1.004702084s,0s,16714,16714,0
24.563011655s,1.423487775s,0s,16715,16715,0
24.75777714s,1.220989473s,0s,16712,16712,0
25.25770634s,1.4287475s,0s,16713,16713,0
25.279337001s,1.145152541s,0s,16720,16720,0
25.511117289s,1.170653256s,0s,16716,16716,0
25.939007743s,1.171760151s,0s,16717,16717,0
26.08971823s,1.047949058s,0s,16718,16718,0
22.914828876s,1.120350563s,0s,16728,16728,0
23.647053674s,1.28970529s,0s,16725,16725,0
24.169066638s,1.133575765s,0s,16722,16722,0
24.217676911s,1.236103302s,0s,16729,16729,0
25.169661358s,1.268348161s,0s,16724,16724,0
25.512318052s,1.288564767s,0s,16726,16726,0
25.639998048s,1.057129408s,0s,16721,16721,0
26.607082854s,1.496330938s,0s,16723,16723,0
26.914881665s,1.140834658s,0s,16730,16730,0
27.259318774s,1.493072633s,0s,16727,16727,0
23.672546661s,1.263545082s,0s,16740,16740,0
24.231603068s,1.116501688s,0s,16735,16735,0
24.473347513s,1.141041219s,0s,16736,16736,0
24.784201076s,1.098175648s,0s,16732,16732,0
25.020590388s,1.375074009s,0s,16738,16738,0
25.225439857s,1.132726216s,0s,16731,16731,0
25.551127291s,1.417543367s,0s,16734,16734,0
26.114177024s,1.185240593s,0s,16739,16739,0
26.59713144s,1.387294628s,0s,16737,16737,0
26.739823216s,1.306836803s,0s,16733,16733,0
23.829723638s,1.377551638s,0s,16742,16742,0
23.946638011s,1.103612823s,0s,16747,16747,0
24.679008376s,1.481256962s,0s,16744,16744,0
25.025731448s,1.252005655s,0s,16748,16748,0
25.292581275s,1.37759771s,0s,16749,16749,0
25.389310922s,1.282252737s,0s,16743,16743,0
25.410004082s,1.424768997s,0s,16746,16746,0
25.52471815s,1.100369807s,0s,16745,16745,0
25.596473934s,1.061135706s,0s,16750,16750,0
25.679067372s,1.455994662s,0s,16741,16741,0
24.560313792s,1.267631038s,0s,16757,16757,0
24.615790644s,1.216261273s,0s,16756,16756,0
24.777514743s,1.158575741s,0s,16758,16758,0
24.954284847s,1.207073885s,0s,16754,16754,0
25.289955888s,1.217422915s,0s,16759,16759,0
25.346611591s,1.003088885s,0s,16760,16760,0
25.655301485s,1.326888131s,0s,16751,16751,0
26.022203494s,1.050329376s,0s,16755,16755,0
26.876531321s,1.178884565s,0s,16753,16753,0
27.064393991s,1.177799099s,0s,16752,16752,0
23.742537234s,1.226286444s,0s,16762,16762,0
24.243209831s,1.384612433s,0s,16761,16761,0
24.347911435s,1.103091408s,0s,16764,16764,0
25.027152193s,1.041909104s,0s,16770,16770,0
25.621596963s,1.11935441s,0s,16763,16763,0
26.006446218s,1.476092087s,0s,16769,16769,0
26.161182522s,1.165865147s,0s,16766,16766,0
26.243782115s,1.416822307s,0s,16768,16768,0
26.413555728s,1.172084094s,0s,16765,16765,0
26.560301684s,1.138645452s,0s,16767,16767,0
23.510914358s,1.211904237s,0s,16778,16778,0
23.969023629s,1.016101159s,0s,16774,16774,0
24.274880315s,1.432307704s,0s,16780,16780,0
24.735898432s,1.378512347s,0s,16777,16777,0
24.790520757s,1.213022792s,0s,16772,16772,0
24.855008113s,1.056402563s,0s,16775,16775,0
25.265600203s,1.265234704s,0s,16776,16776,0
25.392307533s,1.099607347s,0s,16773,16773,0
25.97241822s,1.452601729s,0s,16779,16779,0
26.118127591s,1.401030809s,0s,16771,16771,0
23.33155861s,1.155984035s,0s,16787,16787,0
23.63137826s,1.271374334s,0s,16788,16788,0
23.9843921s,1.442101861s,0s,16782,16782,0
24.226184932s,1.187108211s,0s,16789,16789,0
24.548085719s,1.130704887s,0s,16781,16781,0
24.672781476s,1.33984326s,0s,16790,16790,0
24.887511884s,1.122513375s,0s,16785,16785,0
25.369283248s,1.08228183s,0s,16786,16786,0
26.161567092s,1.297628205s,0s,16784,16784,0
26.851946554s,1.010086609s,0s,16783,16783,0
22.816747734s,1.058529023s,0s,16800,16800,0
22.830425989s,1.025279809s,0s,16799,16799,0
24.604529463s,1.439028877s,0s,16791,16791,0
24.673201259s,1.418393766s,0s,16798,16798,0
24.686880565s,1.424684405s,0s,16794,16794,0
25.29601778s,1.339118963s,0s,16797,16797,0
25.384628067s,1.480611495s,0s,16795,16795,0
25.542427339s,1.281950899s,0s,16793,16793,0
25.579156s,1.426903414s,0s,16792,16792,0
26.278123491s,1.475306158s,0s,16796,16796,0
22.882400093s,1.098376917s,0s,16801,16801,0
23.481545261s,1.360946427s,0s,16808,16808,0
23.670235725s,1.208992641s,0s,16807,16807,0
23.955045612s,1.236246411s,0s,16805,16805,0
24.209903276s,1.297705144s,0s,16803,16803,0
24.257474078s,1.103595372s,0s,16802,16802,0
25.440545908s,1.44431612s,0s,16804,16804,0
25.548270643s,1.457571857s,0s,16809,16809,0
25.688086521s,1.260515257s,0s,16810,16810,0
26.352935503s,1.410076322s,0s,16806,16806,0
24.77491672s,1.055363038s,0s,16813,16813,0
24.916567007s,1.288330835s,0s,16814,16814,0
25.097247468s,1.128836767s,0s,16819,16819,0
25.1099193s,1.227596076s,0s,16815,16815,0
25.32866611s,1.059574925s,0s,16816,16816,0
25.621563964s,1.189086931s,0s,16812,16812,0
25.736248676s,1.262101893s,0s,16820,16820,0
25.819945485s,1.208392349s,0s,16818,16818,0
26.081945932s,1.033108449s,0s,16817,16817,0
26.304719052s,1.189083196s,0s,16811,16811,0
23.685323862s,1.196061791s,0s,16830,16830,0
24.203327836s,1.121561974s,0s,16827,16827,0
24.928617005s,1.00100361s,0s,16822,16822,0
24.937331082s,1.155820788s,0s,16829,16829,0
25.595290935s,1.341767996s,0s,16825,16825,0
25.699957207s,1.437052063s,0s,16823,16823,0
25.847675825s,1.197185628s,0s,16826,16826,0
25.876333706s,1.018297622s,0s,16821,16821,0
26.582530412s,1.335483204s,0s,16828,16828,0
27.100220526s,1.493313162s,0s,16824,16824,0
23.880177922s,1.478251063s,0s,16835,16835,0
23.961856331s,1.027107135s,0s,16840,16840,0
24.170652798s,1.088508579s,0s,16837,16837,0
25.124719918s,1.449057014s,0s,16838,16838,0
25.387556254s,1.242578231s,0s,16839,16839,0
25.608337888s,1.095726243s,0s,16833,16833,0
25.708119657s,1.115072078s,0s,16832,16832,0
25.838826858s,1.044261828s,0s,16831,16831,0
26.222671671s,1.437916109s,0s,16836,16836,0
26.438426561s,1.215329298s,0s,16834,16834,0
23.592669437s,1.440153727s,0s,16843,16843,0
24.438897505s,1.263890719s,0s,16850,16850,0
25.097014931s,1.080034941s,0s,16849,16849,0
25.120641701s,1.041595807s,0s,16846,16846,0
25.222439568s,1.215557045s,0s,16842,16842,0
25.338244306s,1.444394864s,0s,16841,16841,0
25.59905344s,1.078921142s,0s,16844,16844,0
25.651650219s,1.012084629s,0s,16847,16847,0
26.245646109s,1.016366232s,0s,16845,16845,0
27.195657378s,1.205344546s,0s,16848,16848,0
23.925356498s,1.164458391s,0s,16851,16851,0
23.946961109s,1.164447718s,0s,16855,16855,0
24.682314726s,1.454555364s,0s,16854,16854,0
25.059040059s,1.352078526s,0s,16859,16859,0
25.10365554s,1.018131045s,0s,16856,16856,0
25.393479709s,1.418297448s,0s,16858,16858,0
25.516218504s,1.018137596s,0s,16852,16852,0
25.631973768s,1.491818609s,0s,16860,16860,0
26.26825814s,1.40200217s,0s,16857,16857,0
26.377941364s,1.174790505s,0s,16853,16853,0
24.330378186s,1.096539183s,0s,16867,16867,0
24.630351518s,1.024021842s,0s,16864,16864,0
24.839254815s,1.350707309s,0s,16866,16866,0
24.934913755s,1.066277368s,0s,16870,16870,0
25.101386179s,1.344490074s,0s,16869,16869,0
25.203004847s,1.25404709s,0s,16862,16862,0
25.554694321s,1.191854947s,0s,16865,16865,0
25.920594991s,1.302257776s,0s,16863,16863,0
26.437642418s,1.019763273s,0s,16861,16861,0
27.667740235s,1.421965644s,0s,16868,16868,0
23.065929716s,1.182668628s,0s,16880,16880,0
24.457763599s,1.386066222s,0s,16878,16878,0
24.650525318s,1.282069167s,0s,16871,16871,0
24.823282371s,1.37485707s,0s,16876,16876,0
25.529411001s,1.16141815s,0s,16877,16877,0
25.581002322s,1.292352715s,0s,16873,16873,0
25.77177521s,1.131198853s,0s,16879,16879,0
26.000861236s,1.263953597s,0s,16872,16872,0
26.018432612s,1.35259922s,0s,16875,16875,0
26.273071066s,1.462335152s,0s,16874,16874,0
24.025934393s,1.458091195s,0s,16883,16883,0
24.092618386s,1.38459603s,0s,16890,16890,0
24.273270293s,1.134985561s,0s,16882,16882,0
24.860394606s,1.455849633s,0s,16886,16886,0
25.599982556s,1.155294737s,0s,16884,16884,0
26.254500516s,1.091773521s,0s,16881,16881,0
26.42121323s,1.274079635s,0s,16887,16887,0
26.632988094s,1.211789205s,0s,16888,16888,0
26.673707622s,1.195598884s,0s,16885,16885,0
26.694386968s,1.347295989s,0s,16889,16889,0
23.483727168s,1.195057497s,0s,16895,16895,0
24.082801197s,1.17788585s,0s,16891,16891,0
24.477148989s,1.224231952s,0s,16897,16897,0
24.743900082s,1.099626651s,0s,16898,16898,0
24.779563429s,1.053326689s,0s,16900,16900,0
25.183444432s,1.011094634s,0s,16892,16892,0
26.144974535s,1.22534987s,0s,16896,16896,0
26.447736874s,1.351849406s,0s,16899,16899,0
26.732399878s,1.348621047s,0s,16894,16894,0
26.888105618s,1.406025018s,0s,16893,16893,0
23.458248621s,1.269029621s,0s,16906,16906,0
24.18939434s,1.110370212s,0s,16901,16901,0
24.93014776s,1.221812042s,0s,16908,16908,0
25.117883602s,1.221860002s,0s,16905,16905,0
25.24858633s,1.15159249s,0s,16910,16910,0
25.507473525s,1.056156002s,0s,16902,16902,0
25.904485362s,1.288275061s,0s,16904,16904,0
25.906021054s,1.346506602s,0s,16907,16907,0
26.432570033s,1.41171496s,0s,16909,16909,0
27.156359916s,1.472983596s,0s,16903,16903,0
23.266828918s,1.343315019s,0s,16917,16917,0
23.718714135s,1.063068407s,0s,16915,16915,0
24.357964175s,1.172639617s,0s,16911,16911,0
24.538742285s,1.353529108s,0s,16920,16920,0
24.620379405s,1.279921987s,0s,16912,16912,0
24.732140712s,1.029589393s,0s,16919,16919,0
24.994974s,1.371728437s,0s,16918,16918,0
25.991918467s,1.331073462s,0s,16914,16914,0
26.058625771s,1.052851567s,0s,16916,16916,0
26.55370263s,1.066274244s,0s,16913,16913,0
23.572905835s,1.276060766s,0s,16921,16921,0
23.946433658s,1.029103819s,0s,16926,16926,0
23.988109566s,1.391767752s,0s,16928,16928,0
24.098746315s,1.29428528s,0s,16925,16925,0
24.172379652s,1.193835291s,0s,16924,16924,0
25.147899909s,1.498236585s,0s,16930,16930,0
25.410771996s,1.381510482s,0s,16923,16923,0
25.526442231s,1.046330468s,0s,16922,16922,0
26.194334583s,1.41697827s,0s,16929,16929,0
26.302926968s,1.106545948s,0s,16927,16927,0
24.463955107s,1.252371885s,0s,16940,16940,0
24.724850513s,1.285627783s,0s,16936,16936,0
24.869546376s,1.177943694s,0s,16931,16931,0
25.039248922s,1.148725705s,0s,16932,16932,0
25.057849583s,1.350099767s,0s,16934,16934,0
25.453894012s,1.196175539s,0s,16939,16939,0
25.56361957s,1.326848126s,0s,16937,16937,0
25.877440696s,1.054381721s,0s,16938,16938,0
26.747620801s,1.415609772s,0s,16933,16933,0
26.855375933s,1.353322858s,0s,16935,16935,0
23.251602882s,1.075038671s,0s,16948,16948,0
24.145908139s,1.141330909s,0s,16941,16941,0
25.437717745s,1.464731049s,0s,16946,16946,0
25.610481007s,1.394027248s,0s,16947,16947,0
25.741891114s,1.158540984s,0s,16942,16942,0
26.037754539s,1.075038511s,0s,16943,16943,0
26.402432551s,1.405225769s,0s,16950,16950,0
26.518006152s,1.00265144s,0s,16945,16945,0
27.154288413s,1.073922938s,0s,16944,16944,0
27.335100745s,1.437506501s,0s,16949,16949,0
24.228584443s,1.165574497s,0s,16952,16952,0
24.635499403s,1.479940978s,0s,16957,16957,0
24.660124915s,1.258360354s,0s,16953,16953,0
24.682685238s,1.331614683s,0s,16959,16959,0
24.752363059s,1.165587756s,0s,16960,16960,0
24.818035904s,1.212053663s,0s,16955,16955,0
24.93173466s,1.176824416s,0s,16956,16956,0
25.374719847s,1.017116148s,0s,16951,16951,0
25.516528828s,1.111384208s,0s,16958,16958,0
25.904548952s,1.33162196s,0s,16954,16954,0
24.450765772s,1.011731799s,0s,16961,16961,0
24.745617271s,1.448839577s,0s,16962,16962,0
24.898441318s,1.273961415s,0s,16970,16970,0
24.913030557s,1.212705561s,0s,16968,16968,0
25.148695138s,1.073010452s,0s,16964,16964,0
25.300340275s,1.200288043s,0s,16966,16966,0
25.322965714s,1.209539536s,0s,16967,16967,0
25.415644009s,1.309518549s,0s,16969,16969,0
25.986783399s,1.295323951s,0s,16965,16965,0
27.215519052s,1.288078628s,0s,16963,16963,0
23.315354395s,1.353660912s,0s,16977,16977,0
23.382995767s,1.436921006s,0s,16975,16975,0
24.168126886s,1.289237088s,0s,16980,16980,0
24.240725899s,1.126690226s,0s,16971,16971,0
24.251316398s,1.444034035s,0s,16973,16973,0
25.287714039s,1.453313499s,0s,16978,16978,0
25.469411501s,1.025196048s,0s,16979,16979,0
26.344639618s,1.255038713s,0s,16976,16976,0
26.447268515s,1.038437184s,0s,16974,16974,0
26.503927409s,1.30648888s,0s,16972,16972,0
24.272954969s,1.122985086s,0s,16983,16983,0
24.608930331s,1.366921882s,0s,16984,16984,0
24.852684242s,1.369117004s,0s,16985,16985,0
25.054343465s,1.238368261s,0s,16982,16982,0
25.151034758s,1.008042365s,0s,16986,16986,0
25.286729209s,1.039319036s,0s,16987,16987,0
25.390341644s,1.065744373s,0s,16981,16981,0
25.73012913s,1.061506128s,0s,16988,16988,0
25.972067488s,1.350632237s,0s,16989,16989,0
26.239045605s,1.386362367s,0s,16990,16990,0
23.647429522s,1.264232269s,0s,16994,16994,0
24.101373905s,1.293447091s,0s,16992,16992,0
24.126052911s,1.217029708s,0s,16998,16998,0
24.769010034s,1.217041723s,0s,17000,17000,0
24.827618094s,1.311691183s,0s,16995,16995,0
24.911222917s,1.492104395s,0s,16996,16996,0
25.365302141s,1.208896209s,0s,16991,16991,0
26.705761458s,1.074364326s,0s,16993,16993,0
26.929551981s,1.076536233s,0s,16999,16999,0
26.998157675s,1.048131777s,0s,16997,16997,0
24.033542277s,1.068348444s,0s,17008,17008,0
24.883666801s,1.037125414s,0s,17005,17005,0
25.314402277s,1.429228735s,0s,17006,17006,0
25.384183172s,1.364747844s,0s,17009,17009,0
25.419954332s,1.424977912s,0s,17002,17002,0
25.870497015s,1.167980256s,0s,17003,17003,0
25.910177812s,1.16683431s,0s,17007,17007,0
25.926856815s,1.309489565s,0s,17010,17010,0
26.480621961s,1.085560413s,0s,17004,17004,0
26.773476874s,1.293300166s,0s,17001,17001,0
24.360640148s,1.437696662s,0s,17015,17015,0
24.641370578s,1.011261661s,0s,17020,17020,0
24.915145313s,1.441918074s,0s,17019,17019,0
25.212030336s,1.466212235s,0s,17017,17017,0
25.316583835s,1.359970267s,0s,17014,17014,0
25.468216514s,1.363241416s,0s,17012,17012,0
25.487729884s,1.359965084s,0s,17016,17016,0
25.775524946s,1.370423202s,0s,17018,17018,0
25.907131549s,1.32277973s,0s,17013,17013,0
26.477113029s,1.004088506s,0s,17011,17011,0
23.702274302s,1.390052331s,0s,17021,17021,0
24.408462376s,1.149983079s,0s,17027,17027,0
24.814361677s,1.31368384s,0s,17023,17023,0
25.031089209s,1.096794852s,0s,17025,17025,0
25.612306586s,1.470798261s,0s,17030,17030,0
25.826002944s,1.332909346s,0s,17024,17024,0
25.826050592s,1.228399877s,0s,17029,17029,0
25.828037135s,1.45955889s,0s,17026,17026,0
26.510898233s,1.224127044s,0s,17028,17028,0
26.712756212s,1.445328105s,0s,17022,17022,0
23.955112327s,1.22134449s,0s,17036,17036,0
24.330718397s,1.482545608s,0s,17039,17039,0
24.510488702s,1.280737103s,0s,17040,17040,0
24.784681375s,1.179109881s,0s,17034,17034,0
25.222746506s,1.386041725s,0s,17037,17037,0
25.258403199s,1.456277667s,0s,17031,17031,0
25.472164392s,1.073681241s,0s,17032,17032,0
26.084408534s,1.25456848s,0s,17038,17038,0
26.316185346s,1.007467036s,0s,17035,17035,0
26.869230884s,1.0798838s,0s,17033,17033,0
23.699035652s,1.284856887s,0s,17048,17048,0
24.122470361s,1.010084928s,0s,17043,17043,0
25.000314149s,1.077917824s,0s,17041,17041,0
25.237019819s,1.375372243s,0s,17046,17046,0
25.309597757s,1.012326393s,0s,17045,17045,0
25.321179883s,1.11602657s,0s,17050,17050,0
25.422805726s,1.297064954s,0s,17049,17049,0
25.533482439s,1.042552336s,0s,17044,17044,0
25.651188558s,1.186537447s,0s,17047,17047,0
26.353877843s,1.126287847s,0s,17042,17042,0
23.553410655s,1.20632083s,0s,17055,17055,0
24.32889213s,1.44621471s,0s,17053,17053,0
24.563877028s,1.249718846s,0s,17054,17054,0
24.713565484s,1.208487855s,0s,17052,17052,0
24.72322467s,1.099971011s,0s,17059,17059,0
24.908939757s,1.08570705s,0s,17051,17051,0
25.820777641s,1.129117609s,0s,17060,17060,0
25.983370996s,1.071480107s,0s,17057,17057,0
26.963764855s,1.020239582s,0s,17056,17056,0
27.208538208s,1.281927523s,0s,17058,17058,0
24.274404224s,1.37374955s,0s,17068,17068,0
24.59230276s,1.121530685s,0s,17069,17069,0
25.04400848s,1.036129095s,0s,17064,17064,0
25.050640186s,1.286288872s,0s,17063,17063,0
25.21336096s,1.265056275s,0s,17067,17067,0
25.339764104s,1.128767633s,0s,17065,17065,0
25.618476771s,1.482205391s,0s,17061,17061,0
26.156568266s,1.101333505s,0s,17062,17062,0
26.554458863s,1.328535355s,0s,17070,17070,0
26.60915792s,1.430951654s,0s,17066,17066,0
23.182298637s,1.089371911s,0s,17072,17072,0
24.205159373s,1.189621261s,0s,17079,17079,0
24.495094767s,1.2120702s,0s,17078,17078,0
25.090995784s,1.311808303s,0s,17080,17080,0
25.279753704s,1.438525823s,0s,17071,17071,0
25.508562514s,1.013110085s,0s,17074,17074,0
25.592263777s,1.430221689s,0s,17077,17077,0
25.637859215s,1.232279567s,0s,17075,17075,0
25.951652497s,1.207921103s,0s,17073,17073,0
25.985328858s,1.379021227s,0s,17076,17076,0
22.863485137s,1.044134193s,0s,17081,17081,0
23.84813879s,1.065501164s,0s,17082,17082,0
24.280147782s,1.087890331s,0s,17087,17087,0
24.565105397s,1.262318165s,0s,17090,17090,0
24.759877106s,1.424886111s,0s,17084,17084,0
24.837538047s,1.167064959s,0s,17086,17086,0
25.443250838s,1.076732509s,0s,17088,17088,0
25.919252243s,1.44208552s,0s,17085,17085,0
26.04886447s,1.055317696s,0s,17089,17089,0
26.105491557s,1.410665538s,0s,17083,17083,0
24.737065735s,1.047162945s,0s,17094,17094,0
24.957887694s,1.259930565s,0s,17098,17098,0
25.337888335s,1.433630763s,0s,17095,17095,0
25.384435831s,1.15642637s,0s,17091,17091,0
25.506086233s,1.348126364s,0s,17096,17096,0
25.533695544s,1.006703169s,0s,17093,17093,0
25.740483454s,1.448952594s,0s,17099,17099,0
26.038372277s,1.198634333s,0s,17092,17092,0
26.097014481s,1.018975016s,0s,17100,17100,0
26.285747394s,1.426400204s,0s,17097,17097,0
23.057200504s,1.324181416s,0s,17105,17105,0
24.647871792s,1.417691889s,0s,17103,17103,0
24.70754681s,1.027452567s,0s,17101,17101,0
24.908270946s,1.082556531s,0s,17106,17106,0
25.304852485s,1.168803296s,0s,17110,17110,0
25.497670422s,1.064304505s,0s,17104,17104,0
25.895695212s,1.006172608s,0s,17107,17107,0
25.946340007s,1.405443912s,0s,17109,17109,0
26.973817335s,1.05105591s,0s,17102,17102,0
26.982529158s,1.036699707s,0s,17108,17108,0
23.430549171s,1.18298978s,0s,17117,17117,0
23.595251938s,1.126405033s,0s,17113,17113,0
25.034795516s,1.173688168s,0s,17114,17114,0
25.046249645s,1.211328234s,0s,17119,17119,0
25.325082792s,1.248527006s,0s,17111,17111,0
25.494895542s,1.205113541s,0s,17112,17112,0
26.55645286s,1.100146558s,0s,17120,17120,0
26.566109891s,1.338801673s,0s,17116,17116,0
26.60416705s,1.448332586s,0s,17115,17115,0
27.037922134s,1.361059485s,0s,17118,17118,0
24.286024133s,1.152304216s,0s,17128,17128,0
24.454677461s,1.228762068s,0s,17121,17121,0
24.47939621s,1.00112952s,0s,17122,17122,0
24.691222197s,1.063036084s,0s,17126,17126,0
24.836098364s,1.421866978s,0s,17130,17130,0
25.146110354s,1.003352915s,0s,17129,17129,0
25.146309811s,1.043629205s,0s,17123,17123,0
26.301094248s,1.157526247s,0s,17125,17125,0
26.584022194s,1.059920353s,0s,17127,17127,0
27.772167639s,1.474026786s,0s,17124,17124,0
23.97010519s,1.184883715s,0s,17140,17140,0
24.12678158s,1.063362694s,0s,17134,17134,0
24.271640188s,1.182618696s,0s,17137,17137,0
24.347547774s,1.051124532s,0s,17139,17139,0
24.610292845s,1.188072985s,0s,17132,17132,0
24.655931204s,1.26452503s,0s,17135,17135,0
25.020963844s,1.279764278s,0s,17131,17131,0
25.184700814s,1.451300478s,0s,17136,17136,0
25.756462306s,1.19027163s,0s,17138,17138,0
26.646681157s,1.42606586s,0s,17133,17133,0
23.578224712s,1.045469473s,0s,17148,17148,0
24.557684972s,1.400296482s,0s,17141,17141,0
24.899701573s,1.37283692s,0s,17142,17142,0
25.155436026s,1.222022537s,0s,17149,17149,0
25.318219121s,1.214821412s,0s,17143,17143,0
25.452924491s,1.379042055s,0s,17144,17144,0
25.783872297s,1.240338222s,0s,17145,17145,0
25.911561654s,1.302566465s,0s,17146,17146,0
26.282650622s,1.481804658s,0s,17147,17147,0
26.446375256s,1.430512457s,0s,17150,17150,0
23.946320465s,1.362062668s,0s,17155,17155,0
24.464430317s,1.240778825s,0s,17156,17156,0
24.785218495s,1.16240495s,0s,17154,17154,0
25.036050818s,1.460107968s,0s,17158,17158,0
25.12490097s,1.120159443s,0s,17157,17157,0
25.301700576s,1.377795823s,0s,17160,17160,0
25.520993361s,1.36631059s,0s,17151,17151,0
25.557499007s,1.493305451s,0s,17153,17153,0
26.346686167s,1.172575733s,0s,17159,17159,0
26.52457528s,1.37352798s,0s,17152,17152,0
23.103430384s,1.069391786s,0s,17165,17165,0
23.563508729s,1.041103759s,0s,17163,17163,0
24.827000383s,1.093580043s,0s,17164,17164,0
25.049709906s,1.459007622s,0s,17162,17162,0
25.161341514s,1.281033303s,0s,17167,17167,0
25.407102953s,1.288237294s,0s,17170,17170,0
26.053243496s,1.13676967s,0s,17168,17168,0
26.059918326s,1.391496692s,0s,17166,17166,0
26.429817459s,1.393690864s,0s,17169,17169,0
27.111700855s,1.463250292s,0s,17161,17161,0
23.478496378s,1.174901587s,0s,17178,17178,0
24.136299924s,1.104669903s,0s,17173,17173,0
24.674971681s,1.314525929s,0s,17177,17177,0
24.72964312s,1.411000316s,0s,17180,17180,0
24.819278728s,1.025413888s,0s,17172,17172,0
25.543621777s,1.253278907s,0s,17175,17175,0
25.764432087s,1.357743642s,0s,17176,17176,0
25.949297161s,1.248067531s,0s,17174,17174,0
26.426239148s,1.412100982s,0s,17179,17179,0
26.436921054s,1.415379925s,0s,17171,17171,0
23.685713605s,1.020563793s,0s,17184,17184,0
24.277682599s,1.050357997s,0s,17186,17186,0
24.52152804s,1.347640449s,0s,17187,17187,0
25.005487901s,1.043082281s,0s,17188,17188,0
25.115397566s,1.16588296s,0s,17181,17181,0
25.116884333s,1.298395814s,0s,17189,17189,0
25.23548609s,1.461993619s,0s,17190,17190,0
25.808172414s,1.173079242s,0s,17185,17185,0
26.356067503s,1.098598554s,0s,17182,17182,0
26.391803204s,1.025845512s,0s,17183,17183,0
25.174461453s,1.062457519s,0s,17197,17197,0
25.187291794s,1.385402415s,0s,17193,17193,0
25.351959807s,1.275956494s,0s,17200,17200,0
25.379620854s,1.451952457s,0s,17191,17191,0
25.383273817s,1.075721299s,0s,17199,17199,0
25.512893648s,1.274772273s,0s,17195,17195,0
25.540482312s,1.248431144s,0s,17196,17196,0
25.590091579s,1.390619956s,0s,17192,17192,0
25.990711308s,1.312088245s,0s,17198,17198,0
26.092371429s,1.220090307s,0s,17194,17194,0
23.785344788s,1.028739653s,0s,17203,17203,0
24.094197828s,1.031021299s,0s,17202,17202,0
25.425018317s,1.44565692s,0s,17209,17209,0
25.458750487s,1.497849139s,0s,17204,17204,0
25.585461995s,1.078238763s,0s,17201,17201,0
25.656056858s,1.287108012s,0s,17210,17210,0
25.78972224s,1.012496476s,0s,17206,17206,0
25.945483173s,1.117575224s,0s,17205,17205,0
26.167349406s,1.441465655s,0s,17208,17208,0
26.268948499s,1.177892708s,0s,17207,17207,0
24.793104335s,1.287624968s,0s,17219,17219,0
24.971948115s,1.079312837s,0s,17215,17215,0
25.217711736s,1.477272968s,0s,17216,17216,0
25.49032771s,1.246430164s,0s,17214,17214,0
25.532896944s,1.471051509s,0s,17220,17220,0
25.954955978s,1.219200715s,0s,17217,17217,0
26.382973714s,1.136736309s,0s,17211,17211,0
26.505724532s,1.022102665s,0s,17218,17218,0
26.598480817s,1.092568331s,0s,17213,17213,0
26.943980357s,1.176011522s,0s,17212,17212,0
23.820469848s,1.340486419s,0s,17224,17224,0
24.980565391s,1.030144668s,0s,17221,17221,0
25.224112311s,1.196683645s,0s,17223,17223,0
25.240649998s,1.215850442s,0s,17229,17229,0
25.294267021s,1.184465603s,0s,17226,17226,0
25.321874586s,1.485208365s,0s,17230,17230,0
25.352511594s,1.403953301s,0s,17222,17222,0
25.427020492s,1.238092148s,0s,17225,17225,0
25.614739259s,1.381669447s,0s,17228,17228,0
26.87199424s,1.215855464s,0s,17227,17227,0
23.471519993s,1.196642916s,0s,17235,17235,0
23.765428237s,1.262045186s,0s,17231,17231,0
23.787002941s,1.084279401s,0s,17238,17238,0
24.589885055s,1.464880778s,0s,17234,17234,0
24.616522626s,1.377623958s,0s,17239,17239,0
24.634104944s,1.372352538s,0s,17240,17240,0
25.766210438s,1.254865142s,0s,17233,17233,0
26.05403296s,1.045891507s,0s,17232,17232,0
26.273790012s,1.494059612s,0s,17236,17236,0
27.066172356s,1.075073717s,0s,17237,17237,0
24.830294849s,1.12683186s,0s,17246,17246,0
25.084149402s,1.131103477s,0s,17242,17242,0
25.143704885s,1.326491825s,0s,17250,17250,0
25.495532439s,1.003693199s,0s,17241,17241,0
25.690312047s,1.101589379s,0s,17244,17244,0
25.726983852s,1.478277236s,0s,17245,17245,0
25.762511103s,1.078337992s,0s,17249,17249,0
25.964685953s,1.008103976s,0s,17247,17247,0
26.308636201s,1.327669209s,0s,17248,17248,0
26.717256402s,1.452053142s,0s,17243,17243,0
23.411940122s,1.034366407s,0s,17252,17252,0
24.521099526s,1.095567847s,0s,17257,17257,0
24.94610516s,1.095571435s,0s,17256,17256,0
25.521191664s,1.444999509s,0s,17260,17260,0
25.89294862s,1.107823853s,0s,17253,17253,0
25.91361209s,1.434807911s,0s,17259,17259,0
26.627777079s,1.229288593s,0s,17254,17254,0
26.701284019s,1.239452364s,0s,17258,17258,0
27.158185433s,1.030097052s,0s,17255,17255,0
27.339877369s,1.208069016s,0s,17251,17251,0
23.978030907s,1.009385899s,0s,17262,17262,0
24.334940488s,1.137046109s,0s,17263,17263,0
24.811550986s,1.36093902s,0s,17267,17267,0
25.265553564s,1.370054737s,0s,17268,17268,0
25.433372885s,1.021767208s,0s,17270,17270,0
25.465013612s,1.002095203s,0s,17269,17269,0
26.188619375s,1.270362765s,0s,17265,17265,0
26.556474227s,1.279654825s,0s,17264,17264,0
26.723313421s,1.461320188s,0s,17261,17261,0
26.857679922s,1.475541115s,0s,17266,17266,0
24.699480365s,1.256474248s,0s,17280,17280,0
24.765021116s,1.072486697s,0s,17275,17275,0
24.992732502s,1.257619966s,0s,17273,17273,0
25.687760246s,1.491139614s,0s,17278,17278,0
25.727368047s,1.333904948s,0s,17277,17277,0
25.798085998s,1.152786442s,0s,17271,17271,0
25.934900718s,1.070288946s,0s,17272,17272,0
25.982486018s,1.006084024s,0s,17276,17276,0
25.992075858s,1.229252133s,0s,17279,17279,0
27.169544438s,1.227003617s,0s,17274,17274,0
23.280203518s,1.493096076s,0s,17288,17288,0
24.005346226s,1.320038822s,0s,17285,17285,0
24.662600104s,1.487852474s,0s,17287,17287,0
25.240314722s,1.288675915s,0s,17286,17286,0
25.659222891s,1.472642262s,0s,17281,17281,0
25.95915859s,1.372365172s,0s,17290,17290,0
25.963767992s,1.308915898s,0s,17289,17289,0
26.111472004s,1.472637048s,0s,17283,17283,0
26.320362011s,1.092130225s,0s,17282,17282,0
26.529061462s,1.226476554s,0s,17284,17284,0
24.139620578s,1.022227786s,0s,17299,17299,0
24.901852789s,1.434508515s,0s,17293,17293,0
25.278548115s,1.005976094s,0s,17296,17296,0
25.410307793s,1.101732051s,0s,17297,17297,0
25.733084309s,1.469937835s,0s,17298,17298,0
25.894801894s,1.276942353s,0s,17292,17292,0
26.052528084s,1.230014645s,0s,17300,17300,0
26.123098899s,1.32707646s,0s,17291,17291,0
26.199749527s,1.096485896s,0s,17295,17295,0
26.219317135s,1.430328587s,0s,17294,17294,0
22.880607438s,1.041243123s,0s,17309,17309,0
23.330625011s,1.152232219s,0s,17302,17302,0
23.609403442s,1.259690923s,0s,17307,17307,0
23.996225014s,1.130985329s,0s,17301,17301,0
24.327006922s,1.114754804s,0s,17304,17304,0
24.711002412s,1.221451464s,0s,17310,17310,0
25.105622519s,1.029016195s,0s,17305,17305,0
25.582680199s,1.29986985s,0s,17308,17308,0
25.676392095s,1.393153121s,0s,17306,17306,0
25.749084588s,1.109533586s,0s,17303,17303,0
24.933079824s,1.06249886s,0s,17319,17319,0
24.951667105s,1.398071145s,0s,17315,17315,0
25.102361562s,1.444631699s,0s,17314,17314,0
25.117912899s,1.257318726s,0s,17317,17317,0
25.30962649s,1.169911392s,0s,17318,17318,0
25.569460399s,1.225078498s,0s,17312,17312,0
25.622071531s,1.426372621s,0s,17311,17311,0
25.878993354s,1.122721312s,0s,17320,17320,0
25.934651906s,1.278578515s,0s,17316,17316,0
27.039686151s,1.285766858s,0s,17313,17313,0
23.286949911s,1.027241827s,0s,17323,17323,0
24.794921472s,1.134646678s,0s,17322,17322,0
25.615226905s,1.060403983s,0s,17326,17326,0
25.659846522s,1.415066773s,0s,17329,17329,0
25.752459414s,1.222039787s,0s,17324,17324,0
25.857036287s,1.003063301s,0s,17328,17328,0
26.314876681s,1.219874124s,0s,17325,17325,0
26.476563377s,1.23530962s,0s,17327,17327,0
26.543201811s,1.314840356s,0s,17321,17321,0
26.58794346s,1.288589095s,0s,17330,17330,0
23.567491229s,1.124030048s,0s,17331,17331,0
24.600942236s,1.140248313s,0s,17333,17333,0
24.643556304s,1.063805025s,0s,17338,17338,0
24.988360199s,1.425442554s,0s,17336,17336,0
25.007958165s,1.476720853s,0s,17332,17332,0
25.085564348s,1.476714134s,0s,17337,17337,0
25.238326677s,1.253078917s,0s,17334,17334,0
25.358095637s,1.191706328s,0s,17335,17335,0
25.373773484s,1.221896002s,0s,17339,17339,0
26.845156357s,1.142456613s,0s,17340,17340,0
23.948109549s,1.292904456s,0s,17342,17342,0
24.931585824s,1.227231412s,0s,17345,17345,0
25.160389702s,1.20594958s,0s,17349,17349,0
25.697410616s,1.133572471s,0s,17343,17343,0
25.843125368s,1.112375603s,0s,17348,17348,0
26.002830915s,1.263475884s,0s,17350,17350,0
26.025414701s,1.442137786s,0s,17341,17341,0
26.235194704s,1.489331706s,0s,17344,17344,0
26.489086319s,1.061130698s,0s,17347,17347,0
26.727241159s,1.274707906s,0s,17346,17346,0
24.918910012s,1.397461048s,0s,17359,17359,0
24.931544595s,1.31295853s,0s,17351,17351,0
25.039158158s,1.474034342s,0s,17353,17353,0
25.078693987s,1.191414518s,0s,17357,17357,0
25.125206351s,1.377295649s,0s,17360,17360,0
25.844338276s,1.453692467s,0s,17355,17355,0
25.897994157s,1.209647335s,0s,17358,17358,0
25.946691144s,1.133115931s,0s,17352,17352,0
26.158392352s,1.467865577s,0s,17356,17356,0
26.166071058s,1.344080893s,0s,17354,17354,0
23.846654609s,1.160439069s,0s,17362,17362,0
23.92838876s,1.393286179s,0s,17367,17367,0
23.971996277s,1.442523559s,0s,17369,17369,0
24.870180222s,1.160404772s,0s,17365,17365,0
24.990963862s,1.058057136s,0s,17361,17361,0
25.230674236s,1.470797887s,0s,17363,17363,0
25.354454788s,1.363857849s,0s,17370,17370,0
25.575286134s,1.050906787s,0s,17364,17364,0
26.374300731s,1.490076385s,0s,17366,17366,0
26.472016103s,1.380070842s,0s,17368,17368,0
23.479791034s,1.103911315s,0s,17378,17378,0
23.598468327s,1.491773597s,0s,17376,17376,0
23.773401545s,1.417496063s,0s,17371,17371,0
24.584201846s,1.231097732s,0s,17377,17377,0
24.584181757s,1.077647084s,0s,17380,17380,0
24.883036776s,1.193777909s,0s,17375,17375,0
25.153729995s,1.189552848s,0s,17374,17374,0
25.988009065s,1.027115916s,0s,17379,17379,0
26.757343678s,1.072411498s,0s,17373,17373,0
27.191221684s,1.105161016s,0s,17372,17372,0
23.538717434s,1.03591041s,0s,17390,17390,0
23.633304687s,1.488858019s,0s,17388,17388,0
24.277042506s,1.01059169s,0s,17381,17381,0
24.403717648s,1.469584595s,0s,17383,17383,0
24.531261412s,1.163549646s,0s,17389,17389,0
25.36215931s,1.074023325s,0s,17387,17387,0
25.482826692s,1.25701784s,0s,17386,17386,0
25.744743706s,1.082286072s,0s,17382,17382,0
25.885613578s,1.192798123s,0s,17384,17384,0
26.592375985s,1.309265263s,0s,17385,17385,0
23.645964236s,1.452888801s,0s,17393,17393,0
24.420158484s,1.385603111s,0s,17395,17395,0
24.520837129s,1.033903495s,0s,17391,17391,0
24.575515618s,1.077285055s,0s,17399,17399,0
25.015088587s,1.07107398s,0s,17397,17397,0
25.223892028s,1.35406151s,0s,17392,17392,0
25.283567807s,1.328922909s,0s,17400,17400,0
26.572534614s,1.025677815s,0s,17398,17398,0
26.598111122s,1.181540354s,0s,17394,17394,0
26.65966515s,1.376378834s,0s,17396,17396,0
24.020026347s,1.276773047s,0s,17406,17406,0
24.302437503s,1.166527032s,0s,17403,17403,0
24.625355551s,1.315997762s,0s,17410,17410,0
24.638047278s,1.010118649s,0s,17408,17408,0
24.7176613s,1.174769868s,0s,17409,17409,0
25.208337522s,1.441182469s,0s,17407,17407,0
25.509253182s,1.194305581s,0s,17401,17401,0
25.622997242s,1.274580784s,0s,17402,17402,0
26.824311317s,1.184064412s,0s,17405,17405,0
26.933990529s,1.475453169s,0s,17404,17404,0
23.347962949s,1.387930667s,0s,17412,17412,0
24.207020143s,1.330339623s,0s,17416,17416,0
24.63557736s,1.046554536s,0s,17418,17418,0
25.254636838s,1.276968231s,0s,17420,17420,0
25.594508775s,1.385762189s,0s,17417,17417,0
25.790218375s,1.34354782s,0s,17413,17413,0
26.120980761s,1.398055283s,0s,17415,17415,0
26.251655048s,1.485537916s,0s,17411,17411,0
26.429370313s,1.32509344s,0s,17414,17414,0
26.789178897s,1.480330223s,0s,17419,17419,0
24.496508465s,1.453745174s,0s,17427,17427,0
24.592076829s,1.192028866s,0s,17428,17428,0
24.631747052s,1.460089433s,0s,17422,17422,0
25.198992408s,1.102620764s,0s,17424,17424,0
25.50949748s,1.456980265s,0s,17423,17423,0
25.519232297s,1.171859499s,0s,17425,17425,0
25.660981165s,1.45262078s,0s,17429,17429,0
25.890683666s,1.486438991s,0s,17430,17430,0
26.089445043s,1.024385653s,0s,17426,17426,0
26.464366519s,1.234231778s,0s,17421,17421,0
23.639334516s,1.156346093s,0s,17435,17435,0
23.952409604s,1.136124653s,0s,17439,17439,0
24.242833164s,1.164565274s,0s,17438,17438,0
24.970822596s,1.403049548s,0s,17433,17433,0
25.02647971s,1.227056026s,0s,17437,17437,0
25.440404605s,1.365579907s,0s,17434,17434,0
25.495066534s,1.174860005s,0s,17440,17440,0
25.842966416s,1.310355103s,0s,17436,17436,0
25.964657142s,1.400814927s,0s,17432,17432,0
26.363743332s,1.430242483s,0s,17431,17431,0
23.427575408s,1.171838589s,0s,17442,17442,0
23.928750175s,1.311521972s,0s,17448,17448,0
24.316784862s,1.024311219s,0s,17443,17443,0
24.318321126s,1.123567226s,0s,17444,17444,0
24.692343763s,1.339935823s,0s,17446,17446,0
24.701043907s,1.290028327s,0s,17450,17450,0
25.770094794s,1.437321008s,0s,17445,17445,0
26.054846587s,1.015098713s,0s,17449,17449,0
26.868171934s,1.400061069s,0s,17447,17447,0
27.302344622s,1.29227137s,0s,17441,17441,0
23.610702186s,1.331834333s,0s,17459,17459,0
24.021582095s,1.194120786s,0s,17452,17452,0
24.50651871s,1.102802183s,0s,17457,17457,0
25.128350135s,1.362148984s,0s,17451,17451,0
25.533179074s,1.493655513s,0s,17460,17460,0
25.631723407s,1.207315949s,0s,17456,17456,0
25.982589931s,1.269563083s,0s,17458,17458,0
26.348644646s,1.071632865s,0s,17454,17454,0
26.569502133s,1.060409741s,0s,17453,17453,0
27.450841806s,1.452403004s,0s,17455,17455,0
24.908045875s,1.295911354s,0s,17469,17469,0
25.081725775s,1.198680107s,0s,17470,17470,0
25.211327857s,1.461819077s,0s,17462,17462,0
25.60038579s,1.417535248s,0s,17468,17468,0
25.695056396s,1.359037642s,0s,17467,17467,0
25.817795443s,1.416449849s,0s,17464,17464,0
26.238786567s,1.064329289s,0s,17466,17466,0
26.247477097s,1.481027126s,0s,17461,17461,0
26.456306094s,1.057130043s,0s,17465,17465,0
26.720198635s,1.378224292s,0s,17463,17463,0
23.501252004s,1.345970982s,0s,17473,17473,0
24.31152177s,1.368188757s,0s,17476,17476,0
24.422195411s,1.432660888s,0s,17477,17477,0
24.602881374s,1.091363943s,0s,17474,17474,0
25.006813074s,1.229414463s,0s,17475,17475,0
25.161557838s,1.434910378s,0s,17480,17480,0
25.272234721s,1.49040379s,0s,17478,17478,0
25.852390772s,1.343771704s,0s,17471,17471,0
25.985106827s,1.074148857s,0s,17472,17472,0
26.482709343s,1.388390815s,0s,17479,17479,0
23.878300522s,1.022103724s,0s,17481,17481,0
24.052108491s,1.445847512s,0s,17486,17486,0
24.308929088s,1.049366009s,0s,17487,17487,0
24.50169954s,1.474394901s,0s,17490,17490,0
24.874183754s,1.185671266s,0s,17488,17488,0
24.946918943s,1.323458265s,0s,17485,17485,0
24.954576821s,1.319288598s,0s,17484,17484,0
25.121240662s,1.448067845s,0s,17483,17483,0
25.330033737s,1.224943112s,0s,17482,17482,0
25.451834352s,1.254058221s,0s,17489,17489,0
23.149780851s,1.068910999s,0s,17498,17498,0
23.533582929s,1.121262793s,0s,17497,17497,0
23.982520768s,1.318545474s,0s,17494,17494,0
24.999486303s,1.011671076s,0s,17495,17495,0
25.347387511s,1.288337061s,0s,17493,17493,0
25.389123046s,1.214591061s,0s,17499,17499,0
25.956071846s,1.237817509s,0s,17500,17500,0
26.006740588s,1.097020609s,0s,17492,17492,0
26.211612435s,1.484917135s,0s,17491,17491,0
27.175073745s,1.255101353s,0s,17496,17496,0
23.544551925s,1.101335043s,0s,17501,17501,0
24.392631226s,1.421035228s,0s,17504,17504,0
24.771574092s,1.477315422s,0s,17503,17503,0
24.898278292s,1.196809079s,0s,17502,17502,0
24.995870332s,1.144556602s,0s,17506,17506,0
25.24957991s,1.091137041s,0s,17510,17510,0
25.393302297s,1.284521548s,0s,17509,17509,0
25.814293894s,1.360817829s,0s,17507,17507,0
25.853833093s,1.220325893s,0s,17505,17505,0
26.954442029s,1.210069198s,0s,17508,17508,0
24.121800478s,1.431100128s,0s,17516,17516,0
24.651020018s,1.032257602s,0s,17514,17514,0
24.95190762s,1.042875667s,0s,17513,17513,0
25.171547556s,1.491390071s,0s,17511,17511,0
25.305213597s,1.491379089s,0s,17518,17518,0
25.712117428s,1.221471914s,0s,17517,17517,0
25.932815241s,1.192111982s,0s,17515,17515,0
26.012464883s,1.038468841s,0s,17512,17512,0
26.14216948s,1.370889048s,0s,17520,17520,0
26.949161223s,1.208290826s,0s,17519,17519,0
23.438332944s,1.029533108s,0s,17522,17522,0
24.775122192s,1.270512894s,0s,17526,17526,0
25.303651248s,1.206316065s,0s,17524,17524,0
25.594463668s,1.321758936s,0s,17525,17525,0
25.614102331s,1.419303421s,0s,17530,17530,0
25.643654725s,1.412030238s,0s,17523,17523,0
26.358469677s,1.449704817s,0s,17527,17527,0
26.396133008s,1.009224781s,0s,17521,17521,0
26.672929358s,1.130791183s,0s,17528,17528,0
26.92483774s,1.147072346s,0s,17529,17529,0
23.711198547s,1.446434147s,0s,17538,17538,0
24.09635135s,1.011090852s,0s,17539,17539,0
24.646931768s,1.202402777s,0s,17540,17540,0
24.759605685s,1.163093598s,0s,17535,17535,0
24.936405368s,1.137891212s,0s,17532,17532,0
25.125323996s,1.203489666s,0s,17536,17536,0
25.198029726s,1.112611808s,0s,17534,17534,0
25.831103259s,1.203494862s,0s,17533,17533,0
26.531924816s,1.447578306s,0s,17531,17531,0
26.911858826s,1.093406609s,0s,17537,17537,0
23.94776142s,1.05713473s,0s,17549,17549,0
24.248620596s,1.476222418s,0s,17541,17541,0
24.259258955s,1.365697789s,0s,17545,17545,0
24.513662045s,1.272275123s,0s,17550,17550,0
24.665246862s,1.241060715s,0s,17548,17548,0
24.794991179s,1.307533485s,0s,17543,17543,0
25.561263252s,1.467992733s,0s,17547,17547,0
25.637924357s,1.233942981s,0s,17544,17544,0
25.846704652s,1.186431254s,0s,17546,17546,0
26.78048867s,1.205692641s,0s,17542,17542,0
24.68031465s,1.068241165s,0s,17554,17554,0
24.948036745s,1.44730358s,0s,17559,17559,0
25.040764069s,1.070482169s,0s,17557,17557,0
25.275606029s,1.218802077s,0s,17551,17551,0
25.346240136s,1.436061955s,0s,17555,17555,0
25.421940673s,1.484609068s,0s,17560,17560,0
25.791714997s,1.378587618s,0s,17556,17556,0
25.824345505s,1.433824864s,0s,17552,17552,0
25.95211871s,1.355282823s,0s,17558,17558,0
26.747369078s,1.331072422s,0s,17553,17553,0
23.827826083s,1.190319259s,0s,17561,17561,0
24.332834551s,1.149086433s,0s,17568,17568,0
24.657754719s,1.243517681s,0s,17565,17565,0
24.781487188s,1.271775608s,0s,17570,17570,0
24.947262336s,1.320215902s,0s,17569,17569,0
25.151029793s,1.465426012s,0s,17562,17562,0
25.395861542s,1.289011266s,0s,17567,17567,0
25.699440228s,1.4124626s,0s,17564,17564,0
26.816660361s,1.444762212s,0s,17563,17563,0
27.150817865s,1.446027839s,0s,17566,17566,0
23.260481795s,1.209616197s,0s,17573,17573,0
23.678724114s,1.212804472s,0s,17579,17579,0
24.667826233s,1.372105365s,0s,17572,17572,0
24.929571725s,1.126886029s,0s,17577,17577,0
25.026233832s,1.078678463s,0s,17571,17571,0
25.268899593s,1.183330331s,0s,17575,17575,0
25.641037421s,1.06537416s,0s,17580,17580,0
25.973903504s,1.394321087s,0s,17574,17574,0
26.136640616s,1.138103912s,0s,17578,17578,0
27.207592385s,1.475676724s,0s,17576,17576,0
24.51232745s,1.258076471s,0s,17587,17587,0
24.5598866s,1.236901827s,0s,17582,17582,0
24.738585108s,1.342030133s,0s,17589,17589,0
24.976391273s,1.154345799s,0s,17584,17584,0
25.137120322s,1.221701255s,0s,17590,17590,0
25.275787769s,1.274556321s,0s,17586,17586,0
25.527631278s,1.265279406s,0s,17583,17583,0
25.638354712s,1.019100036s,0s,17588,17588,0
26.13500776s,1.301783721s,0s,17585,17585,0
27.052973531s,1.362242076s,0s,17581,17581,0
23.407532455s,1.388460871s,0s,17599,17599,0
24.177819471s,1.220623251s,0s,17598,17598,0
24.273439857s,1.095081991s,0s,17596,17596,0
24.780063909s,1.030153642s,0s,17593,17593,0
24.968832033s,1.165343278s,0s,17595,17595,0
25.035517701s,1.259123173s,0s,17600,17600,0
25.184074548s,1.088837963s,0s,17592,17592,0
25.585013762s,1.251805672s,0s,17594,17594,0
26.469499474s,1.081596536s,0s,17591,17591,0
26.981603378s,1.04738426s,0s,17597,17597,0
24.216090926s,1.033097858s,0s,17602,17602,0
24.218746623s,1.254416205s,0s,17603,17603,0
25.579552219s,1.158118926s,0s,17605,17605,0
25.611101433s,1.071596283s,0s,17601,17601,0
25.933963738s,1.292826791s,0s,17610,17610,0
26.009622268s,1.266581253s,0s,17609,17609,0
26.142173131s,1.42333654s,0s,17608,17608,0
26.363729149s,1.089862344s,0s,17604,17604,0
26.376354798s,1.330059857s,0s,17607,17607,0
26.474919233s,1.068396983s,0s,17606,17606,0
23.534145938s,1.072277859s,0s,17611,17611,0
23.690938513s,1.024284952s,0s,17614,17614,0
24.521634078s,1.008071438s,0s,17619,17619,0
24.657275346s,1.008080214s,0s,17613,17613,0
24.773928253s,1.365722667s,0s,17615,17615,0
25.278990226s,1.217809223s,0s,17618,17618,0
25.310616461s,1.250102766s,0s,17617,17617,0
25.7286136s,1.18660981s,0s,17612,17612,0
26.891031209s,1.264338891s,0s,17616,17616,0
27.571105713s,1.392906509s,0s,17620,17620,0
23.921735188s,1.147634947s,0s,17629,17629,0
24.65296109s,1.138417033s,0s,17624,17624,0
24.957760199s,1.331224645s,0s,17626,17626,0
25.633882639s,1.3746181s,0s,17630,17630,0
25.828606084s,1.460291522s,0s,17625,17625,0
26.283589485s,1.438059945s,0s,17622,17622,0
26.413185011s,1.054134389s,0s,17627,17627,0
26.460764604s,1.296041451s,0s,17621,17621,0
26.963634046s,1.34944348s,0s,17623,17623,0
27.314213069s,1.381825995s,0s,17628,17628,0
23.996968783s,1.013101425s,0s,17635,17635,0
24.432165362s,1.165817353s,0s,17634,17634,0
24.564893834s,1.403877591s,0s,17640,17640,0
24.677529059s,1.157552463s,0s,17632,17632,0
24.75519003s,1.455574635s,0s,17631,17631,0
26.07471028s,1.453300529s,0s,17639,17639,0
26.074758818s,1.403862958s,0s,17633,17633,0
26.38907541s,1.112350092s,0s,17638,17638,0
26.927121728s,1.41011465s,0s,17637,17637,0
27.233000368s,1.457745503s,0s,17636,17636,0
23.703433935s,1.146385231s,0s,17641,17641,0
24.341397109s,1.398532054s,0s,17646,17646,0
24.515228407s,1.177884311s,0s,17648,17648,0
24.549110435s,1.21540146s,0s,17643,17643,0
24.570748269s,1.222659558s,0s,17642,17642,0
25.115789258s,1.153609875s,0s,17644,17644,0
25.20757386s,1.065145586s,0s,17645,17645,0
25.648543624s,1.189098284s,0s,17650,17650,0
26.283624312s,1.307061317s,0s,17649,17649,0
27.005866959s,1.387304914s,0s,17647,17647,0
23.971141336s,1.137241294s,0s,17652,17652,0
24.614097766s,1.029321096s,0s,17660,17660,0
25.029692937s,1.011071901s,0s,17658,17658,0
25.145347927s,1.345811258s,0s,17653,17653,0
25.353106687s,1.039765046s,0s,17651,17651,0
25.407693985s,1.037505671s,0s,17656,17656,0
25.915713851s,1.174438605s,0s,17657,17657,0
25.969387051s,1.34580353s,0s,17655,17655,0
26.271229898s,1.063967209s,0s,17654,17654,0
26.582043474s,1.422060799s,0s,17659,17659,0
23.566947542s,1.412622528s,0s,17663,17663,0
24.247143117s,1.022852668s,0s,17670,17670,0
24.426994966s,1.081456739s,0s,17665,17665,0
24.67277325s,1.263800493s,0s,17661,17661,0
25.064687214s,1.402362291s,0s,17664,17664,0
25.17345287s,1.479473898s,0s,17667,17667,0
25.256092514s,1.04911035s,0s,17669,17669,0
25.272674875s,1.459889191s,0s,17666,17666,0
26.096266921s,1.475102895s,0s,17668,17668,0
26.382168373s,1.272100442s,0s,17662,17662,0
24.346415465s,1.357024336s,0s,17675,17675,0
24.53824474s,1.203980081s,0s,17679,17679,0
24.596873302s,1.287356184s,0s,17678,17678,0
24.731569914s,1.32189733s,0s,17674,17674,0
24.731663501s,1.131701614s,0s,17673,17673,0
24.979098443s,1.097500515s,0s,17677,17677,0
25.182910785s,1.22612001s,0s,17672,17672,0
25.908065039s,1.082195757s,0s,17680,17680,0
26.042747033s,1.287369824s,0s,17671,17671,0
26.127526444s,1.309582556s,0s,17676,17676,0
23.850613253s,1.049305474s,0s,17683,17683,0
24.46181164s,1.099502599s,0s,17685,17685,0
24.792714157s,1.414094632s,0s,17681,17681,0
24.927437444s,1.153819055s,0s,17686,17686,0
25.254302457s,1.338576783s,0s,17690,17690,0
25.364918027s,1.246292186s,0s,17687,17687,0
25.439544827s,1.034105336s,0s,17682,17682,0
26.121631319s,1.37482678s,0s,17689,17689,0
26.925465688s,1.218049787s,0s,17688,17688,0
27.152286438s,1.443322249s,0s,17684,17684,0
23.223917698s,1.114020324s,0s,17692,17692,0
23.262654643s,1.179836581s,0s,17691,17691,0
23.784749016s,1.137305073s,0s,17698,17698,0
23.828369081s,1.175537737s,0s,17694,17694,0
24.19523222s,1.438443926s,0s,17696,17696,0
24.86649064s,1.295021197s,0s,17695,17695,0
25.193052575s,1.041788694s,0s,17700,17700,0
25.292855638s,1.307193608s,0s,17693,17693,0
25.746245243s,1.490689422s,0s,17699,17699,0
25.975508749s,1.491822567s,0s,17697,17697,0
23.602404001s,1.416847061s,0s,17706,17706,0
23.810240519s,1.124572785s,0s,17703,17703,0
25.119384279s,1.297414498s,0s,17707,17707,0
25.397376928s,1.133957797s,0s,17708,17708,0
25.666650475s,1.082314818s,0s,17704,17704,0
26.007468726s,1.050118248s,0s,17702,17702,0
26.040088624s,1.420091443s,0s,17701,17701,0
26.176781653s,1.29318348s,0s,17709,17709,0
26.217458837s,1.478304228s,0s,17705,17705,0
27.742516054s,1.370615896s,0s,17710,17710,0
24.095963535s,1.053887417s,0s,17716,17716,0
24.931355662s,1.228545655s,0s,17717,17717,0
24.949954583s,1.307071978s,0s,17712,17712,0
25.089616208s,1.42363582s,0s,17713,17713,0
25.575383505s,1.20835779s,0s,17718,17718,0
25.633022175s,1.003645283s,0s,17715,17715,0
25.789802096s,1.247811943s,0s,17714,17714,0
25.838432402s,1.184097026s,0s,17719,17719,0
26.507415729s,1.498922086s,0s,17711,17711,0
27.27491082s,1.388414073s,0s,17720,17720,0
23.741557666s,1.299653984s,0s,17725,17725,0
24.06349397s,1.010076578s,0s,17730,17730,0
24.06921497s,1.110448595s,0s,17727,17727,0
24.105823655s,1.486014359s,0s,17726,17726,0
24.230459758s,1.190055224s,0s,17722,17722,0
24.370240409s,1.237464954s,0s,17723,17723,0
24.707094541s,1.149667697s,0s,17724,17724,0
25.931821559s,1.177827384s,0s,17721,17721,0
26.240712989s,1.042251889s,0s,17729,17729,0
26.789596932s,1.215224127s,0s,17728,17728,0
24.083019106s,1.234387606s,0s,17732,17732,0
24.247688455s,1.160846721s,0s,17731,17731,0
25.08348372s,1.424024143s,0s,17733,17733,0
25.364267559s,1.143616692s,0s,17738,17738,0
25.927108083s,1.431270268s,0s,17735,17735,0
26.125858307s,1.111389805s,0s,17736,17736,0
26.424788141s,1.36275552s,0s,17739,17739,0
26.448364572s,1.388917146s,0s,17737,17737,0
26.529003455s,1.216214599s,0s,17734,17734,0
27.208677434s,1.172031745s,0s,17740,17740,0
23.851995539s,1.06456472s,0s,17743,17743,0
24.768337018s,1.294759939s,0s,17745,17745,0
24.845010553s,1.140300995s,0s,17742,17742,0
25.422177765s,1.152486121s,0s,17741,17741,0
25.47889394s,1.29797354s,0s,17748,17748,0
25.817829547s,1.420565225s,0s,17749,17749,0
26.208392791s,1.416371156s,0s,17747,17747,0
26.208431081s,1.094792496s,0s,17746,17746,0
26.73683276s,1.427749866s,0s,17744,17744,0
26.740389737s,1.119038887s,0s,17750,17750,0
23.846453396s,1.123903425s,0s,17756,17756,0
24.15286301s,1.227514946s,0s,17759,17759,0
24.194529245s,1.360521263s,0s,17760,17760,0
24.276164947s,1.336195572s,0s,17752,17752,0
24.506030095s,1.302757141s,0s,17758,17758,0
24.563728479s,1.329017672s,0s,17751,17751,0
24.812560472s,1.077685499s,0s,17754,17754,0
25.09423403s,1.190303817s,0s,17755,17755,0
26.709012795s,1.152092282s,0s,17757,17757,0
26.911785217s,1.035448402s,0s,17753,17753,0
23.736191759s,1.041121609s,0s,17766,17766,0
24.169232348s,1.132618953s,0s,17768,17768,0
24.248799801s,1.255905213s,0s,17764,17764,0
24.817586917s,1.422843864s,0s,17770,17770,0
24.892323818s,1.416611125s,0s,17763,17763,0
25.050993951s,1.274081973s,0s,17765,17765,0
25.7332052s,1.325350079s,0s,17769,17769,0
25.76781728s,1.120433573s,0s,17767,17767,0
26.198686054s,1.451278838s,0s,17761,17761,0
26.415423975s,1.437072085s,0s,17762,17762,0
23.456034504s,1.356312216s,0s,17780,17780,0
24.373773842s,1.068730966s,0s,17778,17778,0
24.498540849s,1.389583414s,0s,17774,17774,0
24.609189366s,1.150284733s,0s,17775,17775,0
24.730843622s,1.101091287s,0s,17779,17779,0
24.856587712s,1.189727745s,0s,17776,17776,0
25.083484842s,1.171515571s,0s,17771,17771,0
25.136140935s,1.482060471s,0s,17773,17773,0
25.172748568s,1.461842202s,0s,17777,17777,0
25.826359687s,1.194994704s,0s,17772,17772,0
23.41479335s,1.433062628s,0s,17787,17787,0
23.701625009s,1.338748263s,0s,17788,17788,0
24.514384051s,1.191023267s,0s,17786,17786,0
24.846034857s,1.093574316s,0s,17782,17782,0
24.851660688s,1.494343061s,0s,17781,17781,0
24.904186291s,1.181850729s,0s,17783,17783,0
24.991432504s,1.04913169s,0s,17784,17784,0
25.47153949s,1.084382303s,0s,17790,17790,0
25.969406585s,1.224303136s,0s,17785,17785,0
26.081054916s,1.286536221s,0s,17789,17789,0
23.70661541s,1.419044976s,0s,17798,17798,0
24.580360945s,1.491368714s,0s,17791,17791,0
24.632050272s,1.216608845s,0s,17794,17794,0
24.817667306s,1.334219297s,0s,17799,17799,0
25.366410979s,1.361508641s,0s,17792,17792,0
25.423111351s,1.29403362s,0s,17800,17800,0
25.426695023s,1.380758027s,0s,17793,17793,0
26.195979883s,1.157347787s,0s,17797,17797,0
26.960129192s,1.259820739s,0s,17795,17795,0
27.163022208s,1.360409934s,0s,17796,17796,0
23.497064948s,1.437408761s,0s,17806,17806,0
24.405522938s,1.491033556s,0s,17808,17808,0
24.89364952s,1.469644231s,0s,17804,17804,0
24.98344879s,1.130411433s,0s,17805,17805,0
25.132159935s,1.244854036s,0s,17809,17809,0
25.338882069s,1.297044594s,0s,17802,17802,0
25.646721299s,1.482952251s,0s,17810,17810,0
25.672303484s,1.494334465s,0s,17801,17801,0
26.243333993s,1.094200392s,0s,17807,17807,0
26.498294364s,1.172630972s,0s,17803,17803,0
24.38559388s,1.198589203s,0s,17819,17819,0
24.916705179s,1.218871241s,0s,17816,17816,0
25.114403188s,1.443991024s,0s,17812,17812,0
25.152998689s,1.010730746s,0s,17813,17813,0
25.187668736s,1.027947587s,0s,17817,17817,0
25.588183595s,1.352411964s,0s,17811,17811,0
25.811977761s,1.311070328s,0s,17820,17820,0
25.916645881s,1.192392397s,0s,17815,17815,0
26.214461406s,1.15212879s,0s,17814,17814,0
26.706454315s,1.366621819s,0s,17818,17818,0
22.982004656s,1.079586023s,0s,17821,17821,0
23.461000616s,1.161070059s,0s,17829,17829,0
23.866613579s,1.030108275s,0s,17828,17828,0
23.936259164s,1.473917841s,0s,17822,17822,0
24.009893233s,1.155847613s,0s,17825,17825,0
25.534919275s,1.490480712s,0s,17826,17826,0
25.565579756s,1.038329873s,0s,17824,17824,0
25.939659611s,1.480246374s,0s,17830,17830,0
26.719888946s,1.233272705s,0s,17823,17823,0
26.983756225s,1.294560353s,0s,17827,17827,0
23.758594477s,1.133647905s,0s,17832,17832,0
24.007552679s,1.319459968s,0s,17834,17834,0
24.626362308s,1.04712236s,0s,17839,17839,0
25.158358963s,1.187911921s,0s,17833,17833,0
25.21310141s,1.345925589s,0s,17831,17831,0
25.402827884s,1.392309686s,0s,17838,17838,0
25.651637859s,1.347026004s,0s,17837,17837,0
26.029633049s,1.329658852s,0s,17835,17835,0
26.318443041s,1.09742029s,0s,17836,17836,0
26.636860321s,1.195037574s,0s,17840,17840,0
23.962779651s,1.003248903s,0s,17847,17847,0
24.854066682s,1.271914546s,0s,17848,17848,0
24.932805737s,1.240522334s,0s,17843,17843,0
25.021518658s,1.454163747s,0s,17842,17842,0
25.054102872s,1.243723263s,0s,17844,17844,0
25.134814619s,1.074718132s,0s,17845,17845,0
25.152448451s,1.14713131s,0s,17849,17849,0
25.724528509s,1.081995369s,0s,17850,17850,0
26.065515524s,1.040511461s,0s,17846,17846,0
26.214196392s,1.460411459s,0s,17841,17841,0
23.423613638s,1.020113409s,0s,17852,17852,0
23.688410046s,1.155004155s,0s,17858,17858,0
24.459239816s,1.44597369s,0s,17860,17860,0
24.777987321s,1.437669101s,0s,17857,17857,0
25.500314621s,1.456240207s,0s,17859,17859,0
25.654071609s,1.147816186s,0s,17855,17855,0
25.825662208s,1.078577263s,0s,17856,17856,0
26.185464245s,1.455083218s,0s,17851,17851,0
26.512439551s,1.193241638s,0s,17853,17853,0
26.959452522s,1.029375086s,0s,17854,17854,0
24.073178931s,1.245040055s,0s,17861,17861,0
24.186150804s,1.053256933s,0s,17862,17862,0
25.056529684s,1.021079712s,0s,17863,17863,0
25.091054965s,1.438028393s,0s,17870,17870,0
25.35870353s,1.355506358s,0s,17866,17866,0
25.449388922s,1.407716024s,0s,17869,17869,0
25.732141451s,1.261214818s,0s,17867,17867,0
25.794675788s,1.488226863s,0s,17868,17868,0
26.106426113s,1.119499892s,0s,17865,17865,0
26.757152962s,1.238753711s,0s,17864,17864,0
23.817480998s,1.37751364s,0s,17872,17872,0
24.490739335s,1.151298375s,0s,17878,17878,0
24.833301346s,1.308075501s,0s,17876,17876,0
25.334883098s,1.178556732s,0s,17871,17871,0
25.436622608s,1.074901673s,0s,17875,17875,0
25.690010706s,1.044637244s,0s,17880,17880,0
25.726632571s,1.116062651s,0s,17873,17873,0
26.020521112s,1.217853392s,0s,17874,17874,0
26.831790577s,1.344291604s,0s,17877,17877,0
27.165639835s,1.448762899s,0s,17879,17879,0
23.365544615s,1.241031471s,0s,17888,17888,0
23.52717904s,1.402447553s,0s,17890,17890,0
24.163379941s,1.342355483s,0s,17881,17881,0
25.151423498s,1.03330201s,0s,17882,17882,0
25.224188097s,1.175785003s,0s,17886,17886,0
25.270808272s,1.402442324s,0s,17889,17889,0
25.473576677s,1.008072513s,0s,17885,17885,0
25.488126332s,1.46770194s,0s,17883,17883,0
26.044143319s,1.347603851s,0s,17887,17887,0
26.079735216s,1.135540255s,0s,17884,17884,0
23.736305249s,1.409073754s,0s,17898,17898,0
24.01222169s,1.040327565s,0s,17891,17891,0
24.018876899s,1.020109226s,0s,17892,17892,0
24.193629779s,1.096551562s,0s,17899,17899,0
24.299225956s,1.334715254s,0s,17894,17894,0
24.661171149s,1.139114974s,0s,17897,17897,0
24.796910137s,1.402932656s,0s,17896,17896,0
25.217006335s,1.106812454s,0s,17895,17895,0
25.417855943s,1.328482768s,0s,17900,17900,0
25.660636739s,1.414332076s,0s,17893,17893,0
24.189395653s,1.373273205s,0s,17909,17909,0
24.422192994s,1.315914924s,0s,17902,17902,0
24.935179783s,1.110365335s,0s,17905,17905,0
25.418198861s,1.356094065s,0s,17907,17907,0
25.545000351s,1.195638545s,0s,17910,17910,0
25.63663157s,1.397565208s,0s,17904,17904,0
25.74536828s,1.40176557s,0s,17901,17901,0
25.859097169s,1.033088423s,0s,17908,17908,0
26.140670238s,1.148656123s,0s,17906,17906,0
26.80336364s,1.163406763s,0s,17903,17903,0
23.940570362s,1.285788759s,0s,17916,17916,0
24.519599132s,1.371080892s,0s,17920,17920,0
24.943714801s,1.209627125s,0s,17912,17912,0
25.227604063s,1.24904911s,0s,17913,17913,0
25.326244216s,1.058129225s,0s,17917,17917,0
25.396927871s,1.263591576s,0s,17911,17911,0
25.461518237s,1.255358051s,0s,17915,17915,0
25.624214454s,1.106334601s,0s,17919,17919,0
25.737888402s,1.212825875s,0s,17914,17914,0
26.176811262s,1.388250697s,0s,17918,17918,0
23.656601997s,1.198618481s,0s,17925,17925,0
24.353460751s,1.170412395s,0s,17923,17923,0
24.907459625s,1.498908082s,0s,17930,17930,0
24.969069908s,1.2908837s,0s,17928,17928,0
25.485305259s,1.350182245s,0s,17924,17924,0
25.897234471s,1.40649128s,0s,17927,17927,0
26.000785697s,1.091959178s,0s,17929,17929,0
26.159496583s,1.405383416s,0s,17921,17921,0
26.324338884s,1.454678572s,0s,17926,17926,0
26.808013709s,1.126194105s,0s,17922,17922,0
24.189221188s,1.345252046s,0s,17933,17933,0
24.463072472s,1.36042556s,0s,17938,17938,0
24.812008428s,1.475919014s,0s,17934,17934,0
25.142827163s,1.372629825s,0s,17940,17940,0
25.344571551s,1.314990295s,0s,17931,17931,0
25.516313914s,1.377803891s,0s,17935,17935,0
26.012260464s,1.053487835s,0s,17936,17936,0
26.119991506s,1.385050049s,0s,17939,17939,0
26.831964446s,1.033214821s,0s,17937,17937,0
26.85173046s,1.478225143s,0s,17932,17932,0
23.380820504s,1.179881732s,0s,17949,17949,0
23.555563724s,1.013093883s,0s,17950,17950,0
24.694043586s,1.249339087s,0s,17944,17944,0
25.124978901s,1.075625852s,0s,17947,17947,0
25.307713885s,1.338572426s,0s,17946,17946,0
25.581454574s,1.179927355s,0s,17943,17943,0
25.70603931s,1.055341641s,0s,17945,17945,0
25.74359596s,1.397824788s,0s,17942,17942,0
26.55187585s,1.241074393s,0s,17941,17941,0
26.623497068s,1.45903546s,0s,17948,17948,0
23.250132883s,1.396665413s,0s,17959,17959,0
23.488857578s,1.114895907s,0s,17955,17955,0
24.064862142s,1.03624444s,0s,17953,17953,0
24.9201413s,1.156089297s,0s,17954,17954,0
25.052994268s,1.398871038s,0s,17960,17960,0
25.112580951s,1.407258766s,0s,17952,17952,0
25.752761763s,1.107660047s,0s,17958,17958,0
26.193767405s,1.101493757s,0s,17956,17956,0
26.351597522s,1.365498665s,0s,17951,17951,0
27.552553034s,1.406074538s,0s,17957,17957,0
23.361783798s,1.344067211s,0s,17966,17966,0
24.066878795s,1.346269923s,0s,17962,17962,0
24.245707126s,1.13192802s,0s,17967,17967,0
24.257356308s,1.293322774s,0s,17964,17964,0
24.685938348s,1.245150663s,0s,17961,17961,0
24.912652567s,1.332639342s,0s,17969,17969,0
24.990215532s,1.337855586s,0s,17970,17970,0
25.997501837s,1.344061723s,0s,17968,17968,0
26.075134127s,1.355738649s,0s,17965,17965,0
26.460026428s,1.349501408s,0s,17963,17963,0
23.787070752s,1.208037829s,0s,17971,17971,0
25.118024515s,1.108567393s,0s,17977,17977,0
25.176604876s,1.161780855s,0s,17974,17974,0
25.337188981s,1.475447128s,0s,17979,17979,0
25.441948989s,1.215263589s,0s,17973,17973,0
25.486581503s,1.462931282s,0s,17980,17980,0
25.514138388s,1.485867205s,0s,17978,17978,0
25.585798606s,1.263563787s,0s,17976,17976,0
25.63639902s,1.48261344s,0s,17975,17975,0
26.145304021s,1.092343773s,0s,17972,17972,0
23.964146589s,1.062954861s,0s,17986,17986,0
24.329964755s,1.073101561s,0s,17981,17981,0
24.640942515s,1.046747137s,0s,17985,17985,0
24.752820699s,1.309853481s,0s,17989,17989,0
25.184736448s,1.310948602s,0s,17983,17983,0
25.241331545s,1.20440675s,0s,17988,17988,0
25.709271473s,1.463760111s,0s,17990,17990,0
26.28935104s,1.350245857s,0s,17984,17984,0
26.403077036s,1.279640709s,0s,17982,17982,0
26.83819312s,1.396517115s,0s,17987,17987,0
24.346860578s,1.268904934s,0s,17994,17994,0
24.6056334s,1.144046451s,0s,17997,17997,0
24.802269829s,1.3151186s,0s,17998,17998,0
25.059208448s,1.255630105s,0s,17995,17995,0
25.209906632s,1.436731713s,0s,17996,17996,0
25.299430472s,1.014049601s,0s,18000,18000,0
25.812998011s,1.249344384s,0s,17993,17993,0
25.958739539s,1.429404093s,0s,17991,17991,0
26.058015733s,1.137632433s,0s,17999,17999,0
26.168659271s,1.052358749s,0s,17992,17992,0
24.483111442s,1.217999416s,0s,18009,18009,0
24.659848071s,1.179765814s,0s,18003,18003,0
24.682507278s,1.142524695s,0s,18004,18004,0
24.729080328s,1.457838514s,0s,18010,18010,0
24.817751462s,1.052891287s,0s,18008,18008,0
24.912139715s,1.340301734s,0s,18006,18006,0
25.299916363s,1.113063817s,0s,18007,18007,0
25.505531664s,1.367549753s,0s,18001,18001,0
25.520188677s,1.476090604s,0s,18005,18005,0
26.725472611s,1.138286484s,0s,18002,18002,0
23.889428206s,1.342786423s,0s,18015,18015,0
23.979056558s,1.268011426s,0s,18019,18019,0
24.73828343s,1.189767428s,0s,18014,18014,0
24.957077535s,1.271277256s,0s,18016,18016,0
24.967674694s,1.023094594s,0s,18018,18018,0
25.038172445s,1.046291304s,0s,18020,18020,0
25.293846907s,1.274516154s,0s,18013,18013,0
25.692732136s,1.395041055s,0s,18017,18017,0
25.914754869s,1.114487331s,0s,18011,18011,0
26.565068024s,1.439300792s,0s,18012,18012,0
22.938139592s,1.027611511s,0s,18028,18028,0
23.325904748s,1.008402658s,0s,18029,18029,0
23.665779566s,1.276786056s,0s,18024,18024,0
24.059616485s,1.147179782s,0s,18022,18022,0
24.799844043s,1.369587614s,0s,18026,18026,0
25.20252357s,1.386798771s,0s,18023,18023,0
25.419326412s,1.171492553s,0s,18030,18030,0
26.017506903s,1.299042351s,0s,18025,18025,0
26.210179122s,1.311318661s,0s,18027,18027,0
26.832913957s,1.033939526s,0s,18021,18021,0
23.857974677s,1.1221836s,0s,18035,18035,0
24.466964757s,1.202081891s,0s,18036,18036,0
25.159749661s,1.157979444s,0s,18040,18040,0
25.288472972s,1.221285705s,0s,18038,18038,0
25.642372023s,1.390955563s,0s,18039,18039,0
25.642393297s,1.147710656s,0s,18037,18037,0
25.652507066s,1.284546315s,0s,18032,18032,0
26.188681678s,1.48939574s,0s,18033,18033,0
26.597515826s,1.127421199s,0s,18031,18031,0
27.079485285s,1.450151109s,0s,18034,18034,0
23.46737509s,1.024104134s,0s,18044,18044,0
23.601022106s,1.306353022s,0s,18046,18046,0
23.949659882s,1.075331821s,0s,18049,18049,0
24.319619895s,1.274951022s,0s,18042,18042,0
24.541446239s,1.473293974s,0s,18043,18043,0
24.705207695s,1.421059568s,0s,18041,18041,0
24.765808128s,1.313558222s,0s,18045,18045,0
24.96965102s,1.196638662s,0s,18050,18050,0
25.361622732s,1.300042965s,0s,18048,18048,0
25.498375518s,1.387933154s,0s,18047,18047,0
23.963007972s,1.225861655s,0s,18060,18060,0
24.243850625s,1.105429876s,0s,18056,18056,0
25.426918046s,1.21265374s,0s,18052,18052,0
25.441552416s,1.07693s,0s,18054,18054,0
25.472098549s,1.001407531s,0s,18055,18055,0
25.727832901s,1.104334721s,0s,18053,18053,0
26.313020033s,1.444361607s,0s,18051,18051,0
26.505814054s,1.036692674s,0s,18058,18058,0
26.628452661s,1.093161126s,0s,18057,18057,0
26.787193985s,1.43215224s,0s,18059,18059,0
23.6254079s,1.496126475s,0s,18067,18067,0
23.643030902s,1.192273717s,0s,18062,18062,0
24.155193172s,1.334990218s,0s,18069,18069,0
24.433047082s,1.195497196s,0s,18070,18070,0
24.746997716s,1.389592776s,0s,18063,18063,0
24.978856186s,1.402809717s,0s,18066,18066,0
25.149604769s,1.119932907s,0s,18065,18065,0
25.187226369s,1.130065438s,0s,18064,18064,0
25.632019585s,1.377243242s,0s,18061,18061,0
26.994175757s,1.259695048s,0s,18068,18068,0
23.310242752s,1.227586923s,0s,18073,18073,0
24.092970103s,1.356297629s,0s,18076,18076,0
24.192591924s,1.485268349s,0s,18077,18077,0
24.345305998s,1.263782505s,0s,18078,18078,0
24.350850985s,1.213298049s,0s,18080,18080,0
25.21280213s,1.456036318s,0s,18074,18074,0
25.617840779s,1.314024131s,0s,18075,18075,0
25.956593716s,1.381789476s,0s,18071,18071,0
26.228463058s,1.363560684s,0s,18072,18072,0
27.276750877s,1.492481926s,0s,18079,18079,0
23.71415144s,1.393245337s,0s,18085,18085,0
24.846775607s,1.250415913s,0s,18090,18090,0
24.860364825s,1.296692174s,0s,18087,18087,0
24.932063312s,1.381993936s,0s,18082,18082,0
25.151904602s,1.215502118s,0s,18086,18086,0
25.388500417s,1.395419038s,0s,18088,18088,0
25.781537427s,1.004082795s,0s,18084,18084,0
25.816157419s,1.133425168s,0s,18083,18083,0
25.942867042s,1.231806169s,0s,18089,18089,0
26.339505375s,1.422663553s,0s,18081,18081,0
23.924179176s,1.008090259s,0s,18100,18100,0
24.313152255s,1.422323063s,0s,18098,18098,0
24.490897085s,1.226359458s,0s,18091,18091,0
24.520548188s,1.333911803s,0s,18092,18092,0
24.625320929s,1.014271431s,0s,18099,18099,0
25.263102442s,1.260593384s,0s,18093,18093,0
25.828711919s,1.116752055s,0s,18095,18095,0
25.984432289s,1.143044011s,0s,18096,18096,0
26.179293732s,1.358102765s,0s,18097,18097,0
27.274421679s,1.096494605s,0s,18094,18094,0
23.271914391s,1.03829282s,0s,18106,18106,0
24.312388527s,1.000077826s,0s,18107,18107,0
24.903545944s,1.155836763s,0s,18104,18104,0
25.072203059s,1.211283263s,0s,18108,18108,0
25.234960848s,1.254787805s,0s,18109,18109,0
25.640999231s,1.198058676s,0s,18102,18102,0
25.670504238s,1.115537104s,0s,18105,18105,0
25.752128966s,1.254829704s,0s,18101,18101,0
25.817785455s,1.21953017s,0s,18103,18103,0
26.514803197s,1.284007624s,0s,18110,18110,0
23.477119976s,1.301457413s,0s,18118,18118,0
24.381558852s,1.096114538s,0s,18113,18113,0
24.435104379s,1.127880772s,0s,18111,18111,0
24.952201274s,1.058914833s,0s,18116,18116,0
25.026972805s,1.184070504s,0s,18114,18114,0
25.362909836s,1.116622304s,0s,18112,18112,0
25.931104202s,1.107347016s,0s,18115,18115,0
26.020846101s,1.30036785s,0s,18117,18117,0
26.041513389s,1.385900713s,0s,18120,18120,0
26.479261031s,1.041119053s,0s,18119,18119,0
23.333842111s,1.057740747s,0s,18124,18124,0
23.635832256s,1.041497737s,0s,18130,18130,0
24.537269046s,1.480915806s,0s,18129,18129,0
24.596571162s,1.145023471s,0s,18123,18123,0
25.075184343s,1.370382116s,0s,18122,18122,0
25.17188282s,1.289599242s,0s,18127,18127,0
25.209573607s,1.405616157s,0s,18125,18125,0
25.29622849s,1.366117852s,0s,18121,18121,0
25.711196828s,1.259371348s,0s,18126,18126,0
26.199266817s,1.316976157s,0s,18128,18128,0
23.211847897s,1.072303782s,0s,18135,18135,0
23.757542577s,1.037127449s,0s,18134,18134,0
24.242473748s,1.423941402s,0s,18139,18139,0
24.556337528s,1.114823788s,0s,18132,18132,0
24.668943327s,1.331280963s,0s,18137,18137,0
24.950795402s,1.247069663s,0s,18136,18136,0
25.274705838s,1.413767134s,0s,18133,18133,0
25.504407234s,1.476191513s,0s,18138,18138,0
25.860426541s,1.340484864s,0s,18140,18140,0
25.982306032s,1.093571596s,0s,18131,18131,0
23.727890406s,1.225061064s,0s,18149,18149,0
24.049883213s,1.271577071s,0s,18145,18145,0
24.209677662s,1.000085372s,0s,18141,18141,0
24.42451219s,1.493128547s,0s,18144,18144,0
24.464107744s,1.195934931s,0s,18146,18146,0
25.583739142s,1.074607484s,0s,18148,18148,0
25.709357527s,1.012330991s,0s,18142,18142,0
26.52357785s,1.231382864s,0s,18143,18143,0
27.032680898s,1.499396525s,0s,18150,18150,0
27.193368686s,1.452982215s,0s,18147,18147,0
23.895432384s,1.055242544s,0s,18152,18152,0
24.357633422s,1.061558883s,0s,18153,18153,0
24.419282838s,1.033767895s,0s,18160,18160,0
24.639164429s,1.264943101s,0s,18159,18159,0
24.804832462s,1.349637492s,0s,18158,18158,0
25.450883379s,1.442078468s,0s,18156,18156,0
25.841735603s,1.038005684s,0s,18154,18154,0
26.079424442s,1.339389744s,0s,18155,18155,0
26.998691336s,1.294162212s,0s,18151,18151,0
27.416682108s,1.417913443s,0s,18157,18157,0
23.916093085s,1.120552472s,0s,18170,18170,0
24.737558789s,1.144788912s,0s,18161,18161,0
24.764134384s,1.324876222s,0s,18163,18163,0
24.778857897s,1.234651407s,0s,18166,18166,0
25.061778446s,1.16498237s,0s,18168,18168,0
25.212524075s,1.058138338s,0s,18164,18164,0
25.29818637s,1.182236934s,0s,18162,18162,0
26.069531104s,1.22540007s,0s,18165,18165,0
26.596551303s,1.077351267s,0s,18169,18169,0
27.217704471s,1.374038442s,0s,18167,18167,0
23.763154515s,1.260021865s,0s,18176,18176,0
24.533473179s,1.272254569s,0s,18180,18180,0
25.471839926s,1.477264614s,0s,18179,18179,0
25.874470564s,1.188543002s,0s,18178,18178,0
25.937338016s,1.38657861s,0s,18177,18177,0
26.050004217s,1.228783815s,0s,18175,18175,0
26.131719834s,1.169264932s,0s,18171,18171,0
26.434527844s,1.164064646s,0s,18174,18174,0
26.836548118s,1.443824748s,0s,18172,18172,0
26.86623363s,1.474061565s,0s,18173,18173,0
24.008681657s,1.328946434s,0s,18190,18190,0
24.884933987s,1.181935233s,0s,18184,18184,0
24.920557897s,1.457384152s,0s,18181,18181,0
25.093312859s,1.014094527s,0s,18185,18185,0
25.122899044s,1.190078023s,0s,18188,18188,0
25.524900804s,1.10765164s,0s,18182,18182,0
25.726604455s,1.250355942s,0s,18186,18186,0
25.860273594s,1.103414466s,0s,18183,18183,0
26.023004272s,1.2575803s,0s,18189,18189,0
26.441599939s,1.350069749s,0s,18187,18187,0
23.316653533s,1.286554693s,0s,18193,18193,0
24.15792061s,1.391484661s,0s,18194,18194,0
24.389571153s,1.49072138s,0s,18192,18192,0
24.519186538s,1.3258353s,0s,18195,18195,0
24.643884092s,1.497922499s,0s,18196,18196,0
24.963780774s,1.148752793s,0s,18191,18191,0
25.598908048s,1.016393028s,0s,18199,18199,0
25.770658295s,1.154033788s,0s,18197,18197,0
25.977533643s,1.275361368s,0s,18200,18200,0
26.076263843s,1.377236205s,0s,18198,18198,0
23.622055949s,1.224999787s,0s,18206,18206,0
24.843675747s,1.251228333s,0s,18209,18209,0
25.006440362s,1.181339894s,0s,18208,18208,0
25.101107039s,1.213821507s,0s,18202,18202,0
25.117795078s,1.318533636s,0s,18205,18205,0
25.575795646s,1.193560982s,0s,18203,18203,0
26.129908989s,1.288107694s,0s,18201,18201,0
26.289054496s,1.165122883s,0s,18210,18210,0
26.559537727s,1.295296569s,0s,18207,18207,0
27.05152298s,1.471816063s,0s,18204,18204,0
23.966021157s,1.116384868s,0s,18219,18219,0
24.170792435s,1.312295167s,0s,18212,18212,0
24.228456722s,1.041118025s,0s,18211,18211,0
24.57468259s,1.37753621s,0s,18218,18218,0
25.214788374s,1.430035448s,0s,18215,18215,0
25.466507541s,1.041116587s,0s,18220,18220,0
25.508116245s,1.393790508s,0s,18213,18213,0
26.475565591s,1.21157263s,0s,18217,18217,0
26.480192646s,1.287033011s,0s,18216,18216,0
26.818788119s,1.270816941s,0s,18214,18214,0
24.185883626s,1.140153199s,0s,18226,18226,0
24.562713464s,1.001247683s,0s,18224,18224,0
24.849554451s,1.327957956s,0s,18229,18229,0
24.853197877s,1.010691205s,0s,18223,18223,0
24.938788316s,1.056996235s,0s,18230,18230,0
25.259493267s,1.404111378s,0s,18222,18222,0
25.283077345s,1.250679461s,0s,18227,18227,0
25.543871434s,1.006482892s,0s,18225,18225,0
26.262919366s,1.445354165s,0s,18221,18221,0
26.565828108s,1.178427131s,0s,18228,18228,0
23.702468024s,1.110460703s,0s,18238,18238,0
24.427657338s,1.218291223s,0s,18240,18240,0
24.822496953s,1.320587791s,0s,18233,18233,0
25.044201698s,1.16067419s,0s,18237,18237,0
25.430121435s,1.203041548s,0s,18235,18235,0
25.4837333s,1.406064608s,0s,18234,18234,0
25.554374451s,1.192895514s,0s,18236,18236,0
25.751912285s,1.464597688s,0s,18239,18239,0
25.800556035s,1.330819827s,0s,18231,18231,0
26.254810534s,1.458324193s,0s,18232,18232,0
24.601884487s,1.040344776s,0s,18248,18248,0
24.679373694s,1.20326526s,0s,18243,18243,0
24.907174224s,1.422031373s,0s,18249,18249,0
25.363959376s,1.089800486s,0s,18241,18241,0
25.585729883s,1.172029576s,0s,18244,18244,0
25.738540772s,1.267535745s,0s,18250,18250,0
26.27063641s,1.366809774s,0s,18245,18245,0
26.930684386s,1.000061075s,0s,18242,18242,0
27.008381772s,1.052577968s,0s,18247,18247,0
27.249197563s,1.49431582s,0s,18246,18246,0
23.556767882s,1.359718098s,0s,18257,18257,0
23.741615234s,1.062066815s,0s,18260,18260,0
24.160416229s,1.227060011s,0s,18252,18252,0
24.624208357s,1.211900938s,0s,18259,18259,0
24.792852178s,1.102479167s,0s,18251,18251,0
24.843422998s,1.448078989s,0s,18253,18253,0
24.924094227s,1.142706503s,0s,18255,18255,0
24.929816273s,1.318484395s,0s,18254,18254,0
25.441533188s,1.074277646s,0s,18258,18258,0
26.378033407s,1.289267106s,0s,18256,18256,0
23.854291054s,1.370078948s,0s,18263,18263,0
23.933967487s,1.264281086s,0s,18264,18264,0
24.142640942s,1.229015224s,0s,18262,18262,0
24.224259304s,1.177795782s,0s,18269,18269,0
24.314844483s,1.064272901s,0s,18268,18268,0
24.706727916s,1.291831543s,0s,18266,18266,0
24.899484612s,1.4436011s,0s,18267,18267,0
25.013138008s,1.144519613s,0s,18261,18261,0
25.28601452s,1.373328397s,0s,18265,18265,0
26.736677418s,1.286519285s,0s,18270,18270,0
23.774614345s,1.328624857s,0s,18274,18274,0
24.277757723s,1.101421231s,0s,18271,18271,0
24.628000463s,1.415132801s,0s,18275,18275,0
25.201317697s,1.455379043s,0s,18280,18280,0
25.340136589s,1.267336031s,0s,18272,18272,0
25.478811342s,1.013117236s,0s,18279,18279,0
25.628491161s,1.226919459s,0s,18276,18276,0
25.65807838s,1.388889654s,0s,18277,18277,0
25.700674842s,1.258105996s,0s,18273,18273,0
25.744252002s,1.115590324s,0s,18278,18278,0
23.166519988s,1.072310925s,0s,18282,18282,0
24.391886288s,1.233868703s,0s,18283,18283,0
24.631733473s,1.036534334s,0s,18287,18287,0
24.999397437s,1.275057021s,0s,18281,18281,0
25.054014493s,1.027318517s,0s,18290,18290,0
25.336739905s,1.014087945s,0s,18285,18285,0
25.347309007s,1.049821976s,0s,18288,18288,0
25.457916337s,1.054027533s,0s,18289,18289,0
26.078075807s,1.302300684s,0s,18284,18284,0
26.526055987s,1.111507511s,0s,18286,18286,0
23.380315737s,1.085390876s,0s,18294,18294,0
23.98347558s,1.021098775s,0s,18295,18295,0
24.832924302s,1.404372116s,0s,18291,18291,0
24.953479591s,1.099597957s,0s,18293,18293,0
25.023091785s,1.188865792s,0s,18298,18298,0
25.26488853s,1.399995485s,0s,18296,18296,0
25.286489504s,1.243087192s,0s,18297,18297,0
25.800128364s,1.376720059s,0s,18300,18300,0
26.002913038s,1.372507545s,0s,18292,18292,0
26.276153095s,1.402096808s,0s,18299,18299,0
23.683774708s,1.35387681s,0s,18309,18309,0
24.26988566s,1.255997197s,0s,18304,18304,0
24.367559144s,1.314412926s,0s,18308,18308,0
24.455188393s,1.03665505s,0s,18305,18305,0
24.546904625s,1.024153263s,0s,18302,18302,0
25.438264782s,1.299219047s,0s,18310,18310,0
25.55397154s,1.485330718s,0s,18303,18303,0
25.584596135s,1.029391931s,0s,18306,18306,0
25.80331179s,1.33469912s,0s,18307,18307,0
25.830974477s,1.470133493s,0s,18301,18301,0
24.175461472s,1.002467783s,0s,18320,18320,0
25.560975145s,1.309990063s,0s,18313,18313,0
25.635658396s,1.010684523s,0s,18318,18318,0
26.182709272s,1.026943783s,0s,18319,18319,0
26.201423782s,1.232354181s,0s,18315,18315,0
26.208012688s,1.24862086s,0s,18312,18312,0
26.362664648s,1.271782092s,0s,18316,18316,0
26.437348454s,1.370125769s,0s,18317,18317,0
26.969363661s,1.449360709s,0s,18311,18311,0
27.09504222s,1.228146092s,0s,18314,18314,0
23.364611414s,1.396520676s,0s,18329,18329,0
23.920744926s,1.003084251s,0s,18330,18330,0
24.496755509s,1.236163393s,0s,18324,18324,0
24.526351984s,1.419711333s,0s,18327,18327,0
24.722139904s,1.202493324s,0s,18326,18326,0
24.784817681s,1.481358696s,0s,18325,18325,0
24.794514557s,1.432989172s,0s,18322,18322,0
24.976319401s,1.235060096s,0s,18323,18323,0
25.298142361s,1.461127348s,0s,18321,18321,0
25.359830098s,1.226718232s,0s,18328,18328,0
23.144641494s,1.162941035s,0s,18333,18333,0
23.796899681s,1.304498835s,0s,18338,18338,0
24.851480578s,1.1003255s,0s,18332,18332,0
25.082186037s,1.036110301s,0s,18331,18331,0
25.361263247s,1.469246009s,0s,18339,18339,0
25.50810254s,1.155565856s,0s,18337,18337,0
25.808718467s,1.156719948s,0s,18335,18335,0
26.304625339s,1.389755921s,0s,18336,18336,0
26.474388137s,1.455083601s,0s,18340,18340,0
26.991459184s,1.181224521s,0s,18334,18334,0
24.541793051s,1.152484977s,0s,18342,18342,0
24.633435526s,1.225979294s,0s,18343,18343,0
24.716116952s,1.246105738s,0s,18345,18345,0
25.127753412s,1.10662523s,0s,18346,18346,0
25.146380806s,1.462936357s,0s,18347,18347,0
25.243281786s,1.365408628s,0s,18348,18348,0
25.86503974s,1.132090828s,0s,18349,18349,0
26.557026644s,1.206726554s,0s,18341,18341,0
26.567545349s,1.395710083s,0s,18344,18344,0
26.963189266s,1.108874808s,0s,18350,18350,0
23.241179935s,1.391493844s,0s,18357,18357,0
23.574245513s,1.422024329s,0s,18352,18352,0
23.819054996s,1.480476739s,0s,18355,18355,0
24.368786182s,1.08427999s,0s,18356,18356,0
24.804713524s,1.377262793s,0s,18351,18351,0
24.879367053s,1.402700263s,0s,18360,18360,0
25.328955941s,1.169531138s,0s,18353,18353,0
25.82907248s,1.470245625s,0s,18354,18354,0
26.653309472s,1.364064004s,0s,18359,18359,0
27.017171844s,1.345855937s,0s,18358,18358,0
23.27581559s,1.341497462s,0s,18364,18364,0
24.477628179s,1.331293473s,0s,18363,18363,0
24.805463327s,1.387654175s,0s,18370,18370,0
24.806948257s,1.417881434s,0s,18366,18366,0
25.102725457s,1.442029018s,0s,18369,18369,0
25.425643991s,1.071133627s,0s,18362,18362,0
25.638380058s,1.258025652s,0s,18361,18361,0
25.740019964s,1.165681002s,0s,18368,18368,0
26.136048011s,1.192896144s,0s,18367,18367,0
26.201707136s,1.084374734s,0s,18365,18365,0
23.121856043s,1.016134182s,0s,18373,18373,0
23.81304012s,1.413172362s,0s,18374,18374,0
24.704218768s,1.247728359s,0s,18372,18372,0
24.965186364s,1.211979625s,0s,18375,18375,0
25.014876774s,1.123529534s,0s,18380,18380,0
25.203480842s,1.142742185s,0s,18379,18379,0
25.460964386s,1.2312516s,0s,18371,18371,0
25.752626449s,1.096353286s,0s,18377,18377,0
26.129487112s,1.274899022s,0s,18376,18376,0
26.406098194s,1.236458261s,0s,18378,18378,0
23.860938798s,1.140418569s,0s,18388,18388,0
24.105411969s,1.308273526s,0s,18385,18385,0
25.121933196s,1.236037927s,0s,18382,18382,0
25.197540409s,1.119187929s,0s,18384,18384,0
25.300224523s,1.369691103s,0s,18390,18390,0
25.623133277s,1.16959773s,0s,18383,18383,0
25.696805549s,1.3424697s,0s,18387,18387,0
25.999828806s,1.174855019s,0s,18381,18381,0
26.174532174s,1.381867275s,0s,18389,18389,0
26.694416436s,1.45808222s,0s,18386,18386,0
23.789299469s,1.237100488s,0s,18394,18394,0
23.902023621s,1.268306609s,0s,18398,18398,0
24.87271079s,1.126395183s,0s,18399,18399,0
24.921310855s,1.338543637s,0s,18391,18391,0
25.087040005s,1.460309399s,0s,18396,18396,0
25.355876635s,1.190695342s,0s,18400,18400,0
25.619707601s,1.194942061s,0s,18397,18397,0
25.685384295s,1.043147189s,0s,18393,18393,0
25.75808759s,1.383030723s,0s,18395,18395,0
26.584312731s,1.348910101s,0s,18392,18392,0
23.404042931s,1.065877952s,0s,18404,18404,0
23.622873574s,1.146308339s,0s,18406,18406,0
24.071893026s,1.047606443s,0s,18403,18403,0
24.735712115s,1.492649379s,0s,18402,18402,0
24.985513561s,1.480437054s,0s,18405,18405,0
25.459544399s,1.202675522s,0s,18409,18409,0
25.514256631s,1.443206182s,0s,18407,18407,0
25.761587808s,1.303993398s,0s,18410,18410,0
27.100460098s,1.141041347s,0s,18408,18408,0
27.218177297s,1.171483932s,0s,18401,18401,0
24.532784361s,1.499937571s,0s,18412,18412,0
24.858599652s,1.274288644s,0s,18419,18419,0
25.216507822s,1.172709218s,0s,18418,18418,0
25.253053486s,1.480679371s,0s,18415,18415,0
25.366739031s,1.235076276s,0s,18416,18416,0
25.402363102s,1.032986937s,0s,18411,18411,0
25.579240462s,1.04221298s,0s,18420,18420,0
25.723958633s,1.099460073s,0s,18413,18413,0
25.794561299s,1.011720269s,0s,18414,18414,0
26.302598648s,1.21195329s,0s,18417,18417,0
24.560612874s,1.075954514s,0s,18427,18427,0
24.871561271s,1.254102812s,0s,18423,18423,0
25.041319213s,1.326651675s,0s,18428,18428,0
25.147024486s,1.189658501s,0s,18421,18421,0
25.492857925s,1.289360145s,0s,18426,18426,0
25.716655482s,1.229893119s,0s,18424,18424,0
26.00255689s,1.121087569s,0s,18430,18430,0
26.196264389s,1.122187252s,0s,18429,18429,0
26.385057932s,1.175452756s,0s,18425,18425,0
26.421698891s,1.466992567s,0s,18422,18422,0
23.682758382s,1.388299974s,0s,18432,18432,0
23.960676286s,1.335890448s,0s,18434,18434,0
24.088404194s,1.428761117s,0s,18435,18435,0
24.199105742s,1.476989695s,0s,18433,18433,0
24.730920752s,1.178325495s,0s,18437,18437,0
24.850717906s,1.070069207s,0s,18438,18438,0
25.719686837s,1.345070192s,0s,18439,18439,0
25.791429088s,1.424555609s,0s,18436,18436,0
26.385122316s,1.268648652s,0s,18440,18440,0
26.686967672s,1.044792377s,0s,18431,18431,0
24.890178753s,1.312088905s,0s,18449,18449,0
25.007027633s,1.367727738s,0s,18450,18450,0
25.059580024s,1.446493863s,0s,18444,18444,0
25.191256716s,1.019121902s,0s,18448,18448,0
25.615079513s,1.44323512s,0s,18442,18442,0
25.885932021s,1.101492029s,0s,18441,18441,0
26.630130621s,1.462712288s,0s,18443,18443,0
26.721834643s,1.230786448s,0s,18446,18446,0
26.941613283s,1.369951575s,0s,18447,18447,0
27.418384167s,1.355421196s,0s,18445,18445,0
23.660732589s,1.312041296s,0s,18453,18453,0
24.272855595s,1.32826653s,0s,18455,18455,0
24.633829938s,1.426095018s,0s,18451,18451,0
24.658491398s,1.396964023s,0s,18456,18456,0
24.778286594s,1.366467343s,0s,18454,18454,0
24.93501585s,1.106630475s,0s,18458,18458,0
25.187829412s,1.000079705s,0s,18457,18457,0
25.242587755s,1.384744145s,0s,18460,18460,0
25.314308241s,1.47629154s,0s,18459,18459,0
25.630241638s,1.019363623s,0s,18452,18452,0
23.770409535s,1.042558199s,0s,18470,18470,0
24.086274019s,1.211040265s,0s,18462,18462,0
24.178061412s,1.113411171s,0s,18468,18468,0
24.266657697s,1.000290887s,0s,18461,18461,0
24.339167739s,1.160867473s,0s,18467,18467,0
25.043254315s,1.388690908s,0s,18464,18464,0
25.485209378s,1.243335784s,0s,18465,18465,0
25.654019608s,1.141666452s,0s,18469,18469,0
26.618055212s,1.494930003s,0s,18463,18463,0
26.889026382s,1.49505487s,0s,18466,18466,0
23.427689861s,1.488411426s,0s,18476,18476,0
24.05792482s,1.036560879s,0s,18473,18473,0
24.668469844s,1.268725465s,0s,18472,18472,0
24.846947702s,1.115341538s,0s,18474,18474,0
25.373919082s,1.006100505s,0s,18478,18478,0
25.659708659s,1.420213018s,0s,18471,18471,0
25.934601884s,1.026316945s,0s,18480,18480,0
26.241634192s,1.061060708s,0s,18475,18475,0
26.607518119s,1.356019787s,0s,18479,18479,0
26.616018466s,1.053794359s,0s,18477,18477,0
23.97180198s,1.450498657s,0s,18489,18489,0
24.193543846s,1.208773432s,0s,18484,18484,0
24.425379366s,1.28054026s,0s,18481,18481,0
24.76626884s,1.24229683s,0s,18486,18486,0
25.454522646s,1.235061177s,0s,18488,18488,0
26.131735861s,1.368786002s,0s,18485,18485,0
26.262386582s,1.203543443s,0s,18490,18490,0
26.46615662s,1.417241794s,0s,18487,18487,0
26.971140199s,1.053157496s,0s,18482,18482,0
27.4380233s,1.382049918s,0s,18483,18483,0
23.879466906s,1.409588216s,0s,18495,18495,0
23.960343746s,1.339058763s,0s,18493,18493,0
24.633643121s,1.194602231s,0s,18500,18500,0
25.156583022s,1.377269507s,0s,18494,18494,0
25.400118171s,1.42781064s,0s,18497,18497,0
25.464704498s,1.190311657s,0s,18499,18499,0
25.805629692s,1.120143563s,0s,18496,18496,0
25.843225116s,1.483314892s,0s,18498,18498,0
26.738893362s,1.477102348s,0s,18492,18492,0
26.762513891s,1.263850513s,0s,18491,18491,0
24.342384522s,1.168483096s,0s,18501,18501,0
24.808401942s,1.099013107s,0s,18510,18510,0
25.516125079s,1.003775921s,0s,18505,18505,0
25.548742985s,1.109292224s,0s,18508,18508,0
25.844416352s,1.374636167s,0s,18509,18509,0
25.89202409s,1.002581279s,0s,18507,18507,0
26.379783008s,1.340064102s,0s,18503,18503,0
26.60866572s,1.481002502s,0s,18506,18506,0
27.130208632s,1.373510107s,0s,18502,18502,0
27.414063277s,1.174751011s,0s,18504,18504,0
23.791892738s,1.086066995s,0s,18517,18517,0
23.988695328s,1.160514132s,0s,18520,18520,0
24.496703508s,1.061062593s,0s,18514,18514,0
24.677518124s,1.142262955s,0s,18515,18515,0
24.861337703s,1.303868001s,0s,18513,18513,0
25.757792318s,1.086034723s,0s,18519,18519,0
25.84036595s,1.08034125s,0s,18512,18512,0
26.365763359s,1.082825655s,0s,18518,18518,0
26.493411227s,1.376079873s,0s,18511,18511,0
27.332629079s,1.422290111s,0s,18516,18516,0
23.711006745s,1.468778594s,0s,18524,18524,0
24.004826643s,1.489049736s,0s,18521,18521,0
24.160358727s,1.43632511s,0s,18522,18522,0
24.953492073s,1.451575388s,0s,18523,18523,0
25.461506513s,1.422988804s,0s,18526,18526,0
25.490210004s,1.342739343s,0s,18527,18527,0
26.073314336s,1.436318937s,0s,18528,18528,0
26.385217658s,1.14314927s,0s,18525,18525,0
26.823187906s,1.424132129s,0s,18529,18529,0
26.904850296s,1.226431589s,0s,18530,18530,0
23.215257407s,1.094322263s,0s,18532,18532,0
23.863518164s,1.013054701s,0s,18535,18535,0
25.171371876s,1.237260426s,0s,18533,18533,0
25.32915667s,1.20181073s,0s,18540,18540,0
25.529928246s,1.41713965s,0s,18531,18531,0
25.530416455s,1.444334899s,0s,18539,18539,0
25.84115088s,1.21005631s,0s,18536,18536,0
26.221983603s,1.263886396s,0s,18538,18538,0
26.524904198s,1.245667471s,0s,18534,18534,0
26.587659657s,1.177597733s,0s,18537,18537,0
23.557305939s,1.051173977s,0s,18548,18548,0
24.755917811s,1.312398242s,0s,18544,18544,0
25.110807864s,1.232119041s,0s,18546,18546,0
25.225506266s,1.491087633s,0s,18543,18543,0
25.348691484s,1.210694734s,0s,18545,18545,0
25.763626774s,1.10243755s,0s,18550,18550,0
26.298652386s,1.336617102s,0s,18541,18541,0
26.615626403s,1.410950809s,0s,18547,18547,0
27.178727397s,1.499394529s,0s,18549,18549,0
27.330427s,1.216970839s,0s,18542,18542,0
23.221946426s,1.16166062s,0s,18558,18558,0
23.877777403s,1.010726926s,0s,18553,18553,0
24.354780334s,1.362292902s,0s,18557,18557,0
24.78678601s,1.294064362s,0s,18552,18552,0
25.003583936s,1.484052998s,0s,18556,18556,0
25.204645645s,1.450589016s,0s,18560,18560,0
25.441283162s,1.075144232s,0s,18551,18551,0
26.016043696s,1.045982004s,0s,18559,18559,0
26.09479634s,1.4627924s,0s,18555,18555,0
26.323691178s,1.153435622s,0s,18554,18554,0
23.244546417s,1.020788997s,0s,18567,18567,0
23.655575146s,1.004330053s,0s,18568,18568,0
24.333861568s,1.154591997s,0s,18563,18563,0
24.525661614s,1.429351074s,0s,18565,18565,0
24.948485254s,1.082310538s,0s,18569,18569,0
24.998193618s,1.035080365s,0s,18566,18566,0
25.653024668s,1.007546543s,0s,18564,18564,0
25.981839523s,1.404136677s,0s,18562,18562,0
26.186577998s,1.231897128s,0s,18570,18570,0
26.742349567s,1.46558231s,0s,18561,18561,0
23.287145767s,1.338628957s,0s,18579,18579,0
24.372119801s,1.290214631s,0s,18574,18574,0
24.803127611s,1.169548047s,0s,18575,18575,0
24.808771804s,1.453945738s,0s,18577,18577,0
25.664701266s,1.025881045s,0s,18578,18578,0
25.66623338s,1.215753621s,0s,18580,18580,0
25.75381557s,1.265992689s,0s,18571,18571,0
25.772475494s,1.126357984s,0s,18572,18572,0
26.076357166s,1.322413119s,0s,18576,18576,0
26.507276196s,1.116130681s,0s,18573,18573,0
23.168386319s,1.192771469s,0s,18583,18583,0
23.807256733s,1.216088022s,0s,18586,18586,0
23.931940644s,1.454528326s,0s,18584,18584,0
24.49004447s,1.354739274s,0s,18589,18589,0
24.497639764s,1.079454881s,0s,18582,18582,0
25.112796069s,1.394018629s,0s,18581,18581,0
25.463743585s,1.059137902s,0s,18585,18585,0
26.14325362s,1.436228047s,0s,18587,18587,0
26.190912586s,1.269370849s,0s,18590,18590,0
26.989260207s,1.308563932s,0s,18588,18588,0
23.107231558s,1.055209221s,0s,18591,18591,0
23.500231144s,1.198779901s,0s,18593,18593,0
23.739013065s,1.354056917s,0s,18600,18600,0
23.755469964s,1.304650467s,0s,18592,18592,0
24.786918575s,1.466031035s,0s,18595,18595,0
24.962672574s,1.448894261s,0s,18598,18598,0
26.182858868s,1.318883027s,0s,18597,18597,0
26.715395948s,1.226053036s,0s,18599,18599,0
26.730011226s,1.260333588s,0s,18596,18596,0
27.169928332s,1.150507455s,0s,18594,18594,0
23.528618817s,1.191281837s,0s,18604,18604,0
24.223633506s,1.004269175s,0s,18603,18603,0
24.26696095s,1.357309634s,0s,18609,18609,0
24.531858811s,1.247787304s,0s,18607,18607,0
25.514772115s,1.182085113s,0s,18606,18606,0
25.821735987s,1.068754976s,0s,18610,18610,0
25.877368909s,1.037560278s,0s,18602,18602,0
25.976112513s,1.493648542s,0s,18601,18601,0
26.563275392s,1.328078913s,0s,18608,18608,0
26.601007429s,1.23356887s,0s,18605,18605,0
23.252217912s,1.167116606s,0s,18615,18615,0
24.52002698s,1.049346438s,0s,18616,18616,0
24.533653463s,1.114875203s,0s,18614,18614,0
24.806376945s,1.397079137s,0s,18613,18613,0
25.044263545s,1.274359181s,0s,18612,18612,0
25.067883721s,1.385866226s,0s,18619,18619,0
25.291699231s,1.488323052s,0s,18617,18617,0
25.349374955s,1.312641396s,0s,18620,18620,0
25.663244207s,1.026112937s,0s,18611,18611,0
25.728884482s,1.091588403s,0s,18618,18618,0
23.475179992s,1.152612637s,0s,18630,18630,0
24.016834973s,1.110417621s,0s,18626,18626,0
24.566679518s,1.36284552s,0s,18629,18629,0
25.002481669s,1.094136528s,0s,18622,18622,0
25.04399517s,1.241318188s,0s,18628,18628,0
25.566995281s,1.376068319s,0s,18621,18621,0
25.705668816s,1.239085226s,0s,18627,18627,0
25.795240145s,1.260558247s,0s,18625,18625,0
26.422450941s,1.458327149s,0s,18623,18623,0
26.727403808s,1.154826703s,0s,18624,18624,0
23.842766058s,1.006164981s,0s,18637,18637,0
24.234777162s,1.091675992s,0s,18640,18640,0
24.383522866s,1.498283193s,0s,18635,18635,0
24.41820088s,1.082437127s,0s,18633,18633,0
24.601991012s,1.268690649s,0s,18639,18639,0
24.603461661s,1.143909661s,0s,18638,18638,0
24.659986136s,1.228463026s,0s,18631,18631,0
24.820747039s,1.438010804s,0s,18634,18634,0
25.196700842s,1.198277068s,0s,18636,18636,0
26.156616219s,1.16402892s,0s,18632,18632,0
23.360052681s,1.258893581s,0s,18644,18644,0
23.457691829s,1.263080397s,0s,18646,18646,0
24.084397136s,1.398654242s,0s,18648,18648,0
24.199025769s,1.464103646s,0s,18643,18643,0
24.438746065s,1.236503522s,0s,18641,18641,0
24.565401153s,1.236495814s,0s,18642,18642,0
24.655079451s,1.249691078s,0s,18647,18647,0
25.090009862s,1.447876356s,0s,18649,18649,0
25.492994017s,1.087164941s,0s,18645,18645,0
26.753398736s,1.365447075s,0s,18650,18650,0
23.645239212s,1.478238099s,0s,18652,18652,0
24.218225304s,1.219492243s,0s,18651,18651,0
24.406975217s,1.061123202s,0s,18655,18655,0
24.57475432s,1.438987107s,0s,18654,18654,0
24.921675603s,1.121824736s,0s,18658,18658,0
25.100532139s,1.074342782s,0s,18660,18660,0
25.643612085s,1.350698459s,0s,18656,18656,0
25.655180305s,1.138035s,0s,18657,18657,0
26.373414566s,1.084553153s,0s,18653,18653,0
27.104569992s,1.170266602s,0s,18659,18659,0
23.609162938s,1.097760647s,0s,18663,18663,0
24.445452712s,1.413102183s,0s,18669,18669,0
24.684307112s,1.384855337s,0s,18662,18662,0
24.694001581s,1.472305027s,0s,18661,18661,0
25.19108565s,1.295383956s,0s,18666,18666,0
25.19571085s,1.483577464s,0s,18665,18665,0
25.501038604s,1.333650766s,0s,18664,18664,0
26.223283996s,1.102030888s,0s,18667,18667,0
26.877955613s,1.498794549s,0s,18670,18670,0
27.046589519s,1.413099528s,0s,18668,18668,0
23.457004287s,1.102479582s,0s,18680,18680,0
23.934991149s,1.025056705s,0s,18678,18678,0
24.966051366s,1.235048911s,0s,18675,18675,0
24.979833307s,1.211898795s,0s,18671,18671,0
25.117675352s,1.239237073s,0s,18676,18676,0
25.12927007s,1.128676886s,0s,18679,18679,0
25.337110631s,1.464071438s,0s,18673,18673,0
25.723040859s,1.060288832s,0s,18677,18677,0
26.02171304s,1.375579987s,0s,18674,18674,0
27.285440481s,1.380758387s,0s,18672,18672,0
23.558840787s,1.06242668s,0s,18684,18684,0
23.720555291s,1.18793334s,0s,18683,18683,0
23.821047769s,1.363412331s,0s,18688,18688,0
24.085844983s,1.054813361s,0s,18687,18687,0
24.348750456s,1.08864314s,0s,18689,18689,0
24.46037145s,1.448060639s,0s,18685,18685,0
24.905976318s,1.059069663s,0s,18682,18682,0
25.131679475s,1.233078813s,0s,18681,18681,0
25.570633373s,1.43267166s,0s,18686,18686,0
26.851892662s,1.437955363s,0s,18690,18690,0
24.644277622s,1.196933164s,0s,18692,18692,0
24.868005171s,1.078400941s,0s,18697,18697,0
25.10679835s,1.149683693s,0s,18694,18694,0
25.183307957s,1.201097079s,0s,18693,18693,0
25.34903975s,1.054146658s,0s,18695,18695,0
25.485817968s,1.428104238s,0s,18698,18698,0
25.676541245s,1.221451508s,0s,18700,18700,0
25.743100462s,1.201092056s,0s,18696,18696,0
26.268109588s,1.373758961s,0s,18691,18691,0
26.613074353s,1.22029395s,0s,18699,18699,0
23.973442583s,1.413018284s,0s,18701,18701,0
23.974912663s,1.237942191s,0s,18708,18708,0
24.726558729s,1.206436566s,0s,18709,18709,0
24.851283255s,1.216658966s,0s,18704,18704,0
24.858928281s,1.065121041s,0s,18705,18705,0
25.366039036s,1.398674255s,0s,18710,18710,0
25.605769072s,1.320121483s,0s,18703,18703,0
25.681374704s,1.401862136s,0s,18706,18706,0
26.308412977s,1.478242948s,0s,18702,18702,0
26.596156883s,1.362357058s,0s,18707,18707,0
23.397097197s,1.447632666s,0s,18715,18715,0
24.19209818s,1.494868012s,0s,18719,18719,0
24.42378185s,1.117284414s,0s,18718,18718,0
24.592709971s,1.300900761s,0s,18717,18717,0
25.514440291s,1.494875227s,0s,18714,18714,0
25.550063436s,1.058801706s,0s,18711,18711,0
25.60673562s,1.329090025s,0s,18716,18716,0
25.943110094s,1.383301243s,0s,18713,18713,0
26.036783441s,1.278648893s,0s,18720,18720,0
26.280459369s,1.079049883s,0s,18712,18712,0
23.868044967s,1.012318393s,0s,18727,18727,0
23.943672336s,1.497274188s,0s,18724,18724,0
24.391724274s,1.009076865s,0s,18723,18723,0
24.40146705s,1.359531475s,0s,18722,18722,0
24.708183894s,1.374938111s,0s,18730,18730,0
24.7278523s,1.092838712s,0s,18725,18725,0
25.049728992s,1.076548802s,0s,18728,18728,0
25.391663258s,1.135045857s,0s,18726,18726,0
25.544447848s,1.361702315s,0s,18721,18721,0
26.074206253s,1.424034987s,0s,18729,18729,0
23.183219812s,1.127667374s,0s,18733,18733,0
23.789830189s,1.326617486s,0s,18735,18735,0
23.967413729s,1.330890242s,0s,18731,18731,0
24.646090055s,1.100164202s,0s,18738,18738,0
24.904872849s,1.195089811s,0s,18739,18739,0
24.934406838s,1.284387154s,0s,18732,18732,0
25.05505816s,1.423086101s,0s,18736,18736,0
25.360861983s,1.462382158s,0s,18740,18740,0
25.398483591s,1.17698946s,0s,18734,18734,0
25.682515912s,1.10745054s,0s,18737,18737,0
23.876968789s,1.168572944s,0s,18743,18743,0
24.03566265s,1.114375689s,0s,18750,18750,0
24.19034097s,1.378917778s,0s,18747,18747,0
24.322963223s,1.402017304s,0s,18745,18745,0
24.65872714s,1.201048373s,0s,18742,18742,0
24.758460818s,1.250331615s,0s,18749,18749,0
25.371521736s,1.026109132s,0s,18741,18741,0
25.526258178s,1.188841658s,0s,18744,18744,0
25.607919489s,1.466272841s,0s,18748,18748,0
26.812895725s,1.286546584s,0s,18746,18746,0
23.274684488s,1.138048909s,0s,18755,18755,0
24.080032712s,1.472503072s,0s,18754,18754,0
24.246787231s,1.118929637s,0s,18756,18756,0
24.407461854s,1.438088842s,0s,18751,18751,0
24.533133472s,1.455304132s,0s,18753,18753,0
24.577826974s,1.398655658s,0s,18760,18760,0
25.030865713s,1.227347114s,0s,18758,18758,0
25.266654732s,1.40191039s,0s,18757,18757,0
25.809762347s,1.089542725s,0s,18759,18759,0
27.114961542s,1.089551749s,0s,18752,18752,0
24.292640972s,1.029018333s,0s,18768,18768,0
24.514348397s,1.369101219s,0s,18766,18766,0
24.536955282s,1.428624028s,0s,18763,18763,0
24.630677998s,1.004591923s,0s,18770,18770,0
24.721349149s,1.492843999s,0s,18769,18769,0
24.74887842s,1.372309922s,0s,18767,18767,0
24.944727419s,1.203585911s,0s,18765,18765,0
25.193491533s,1.023796776s,0s,18761,18761,0
25.624438952s,1.363908374s,0s,18762,18762,0
26.531872733s,1.140292866s,0s,18764,18764,0
23.732567513s,1.120038864s,0s,18776,18776,0
23.736056084s,1.182617366s,0s,18777,18777,0
23.795620408s,1.166231256s,0s,18778,18778,0
23.870203051s,1.282940952s,0s,18771,18771,0
23.963883406s,1.390693513s,0s,18779,18779,0
24.503777782s,1.327221174s,0s,18774,18774,0
25.290033232s,1.327216621s,0s,18775,18775,0
25.328632782s,1.110785985s,0s,18772,18772,0
26.383357998s,1.375431396s,0s,18773,18773,0
26.847217372s,1.427900967s,0s,18780,18780,0
23.278080909s,1.302938484s,0s,18785,18785,0
24.155460098s,1.239049681s,0s,18781,18781,0
24.600174136s,1.010583192s,0s,18790,18790,0
24.762846835s,1.171347098s,0s,18787,18787,0
24.888471666s,1.25432503s,0s,18788,18788,0
25.032225935s,1.100046316s,0s,18783,18783,0
25.704011759s,1.075861507s,0s,18786,18786,0
25.760638231s,1.184583215s,0s,18789,18789,0
26.58577104s,1.297662976s,0s,18784,18784,0
26.76555146s,1.225837803s,0s,18782,18782,0
23.404215661s,1.346437218s,0s,18796,18796,0
24.258196267s,1.486582708s,0s,18799,18799,0
24.503089101s,1.47401488s,0s,18793,18793,0
24.90315455s,1.08917392s,0s,18798,18798,0
24.928755394s,1.236955367s,0s,18795,18795,0
24.983404145s,1.092405369s,0s,18792,18792,0
25.250580171s,1.478229939s,0s,18797,18797,0
25.305128499s,1.284106862s,0s,18794,18794,0
25.48886586s,1.22371092s,0s,18791,18791,0
26.922602227s,1.375695964s,0s,18800,18800,0
23.840335027s,1.356629359s,0s,18803,18803,0
24.689616689s,1.142660349s,0s,18801,18801,0
24.768218488s,1.479323203s,0s,18802,18802,0
25.069848602s,1.322371531s,0s,18810,18810,0
25.095610284s,1.031131934s,0s,18806,18806,0
25.678725727s,1.427880166s,0s,18808,18808,0
25.893542132s,1.315113114s,0s,18809,18809,0
26.430685846s,1.041386477s,0s,18805,18805,0
26.464325749s,1.458090543s,0s,18804,18804,0
26.964831096s,1.252977172s,0s,18807,18807,0
24.118449772s,1.04983842s,0s,18815,18815,0
24.329153745s,1.027617078s,0s,18817,18817,0
24.365855617s,1.025318262s,0s,18813,18813,0
24.526740829s,1.015114346s,0s,18814,18814,0
24.937735646s,1.294626298s,0s,18812,18812,0
25.08294038s,1.314932669s,0s,18811,18811,0
25.189616562s,1.422097751s,0s,18818,18818,0
25.320372171s,1.109064714s,0s,18819,18819,0
25.377013652s,1.116286972s,0s,18816,18816,0
25.592699045s,1.313852045s,0s,18820,18820,0
23.641355292s,1.447053135s,0s,18824,18824,0
23.969014577s,1.305297989s,0s,18822,18822,0
24.302956735s,1.356637075s,0s,18829,18829,0
24.974812981s,1.098521308s,0s,18825,18825,0
25.534649174s,1.225091354s,0s,18827,18827,0
25.755312145s,1.185828984s,0s,18828,18828,0
25.793933775s,1.364839938s,0s,18823,18823,0
26.633186608s,1.024122418s,0s,18826,18826,0
26.640858804s,1.344486946s,0s,18830,18830,0
26.991818842s,1.068291333s,0s,18821,18821,0
23.593596187s,1.11363438s,0s,18836,18836,0
23.989571593s,1.299433176s,0s,18838,18838,0
24.193284863s,1.096424474s,0s,18832,18832,0
24.34600935s,1.160100673s,0s,18831,18831,0
24.647813858s,1.481107642s,0s,18833,18833,0
24.849576044s,1.338893338s,0s,18839,18839,0
25.163479821s,1.488359359s,0s,18840,18840,0
25.233225234s,1.147882615s,0s,18834,18834,0
26.25442358s,1.310615776s,0s,18835,18835,0
26.843575867s,1.010081494s,0s,18837,18837,0
23.235255509s,1.029140743s,0s,18847,18847,0
24.204599085s,1.45308094s,0s,18846,18846,0
24.814606138s,1.237084446s,0s,18848,18848,0
25.140555781s,1.216878982s,0s,18843,18843,0
25.203415986s,1.256286012s,0s,18845,18845,0
25.274055971s,1.165482991s,0s,18842,18842,0
25.512668986s,1.17265428s,0s,18849,18849,0
25.546328307s,1.39553689s,0s,18844,18844,0
26.443797078s,1.435709857s,0s,18850,18850,0
27.598681315s,1.438875967s,0s,18841,18841,0
23.442128537s,1.111579556s,0s,18856,18856,0
24.379954287s,1.24929249s,0s,18855,18855,0
24.476539367s,1.20191024s,0s,18858,18858,0
24.781465993s,1.262548864s,0s,18859,18859,0
24.821089824s,1.04112122s,0s,18851,18851,0
25.023872267s,1.487393075s,0s,18853,18853,0
25.549980629s,1.36805723s,0s,18852,18852,0
25.6376549s,1.265786164s,0s,18860,18860,0
25.73939115s,1.106346675s,0s,18857,18857,0
25.947159281s,1.21304143s,0s,18854,18854,0
24.076131079s,1.077404535s,0s,18864,18864,0
24.267893571s,1.060149089s,0s,18862,18862,0
24.370419105s,1.1239463s,0s,18863,18863,0
24.805505939s,1.359798211s,0s,18868,18868,0
24.809305751s,1.401024525s,0s,18861,18861,0
24.826891227s,1.095683651s,0s,18869,18869,0
25.254532183s,1.161032725s,0s,18870,18870,0
25.692458285s,1.317534519s,0s,18865,18865,0
26.379499954s,1.234313389s,0s,18866,18866,0
26.660275183s,1.405284183s,0s,18867,18867,0
23.334965108s,1.20877749s,0s,18874,18874,0
24.225739163s,1.453864185s,0s,18877,18877,0
24.279383602s,1.437663665s,0s,18879,18879,0
24.307127818s,1.268070353s,0s,18880,18880,0
24.84504338s,1.094973555s,0s,18875,18875,0
24.987823959s,1.393433256s,0s,18873,18873,0
25.08452878s,1.06770778s,0s,18876,18876,0
25.239230888s,1.137217923s,0s,18871,18871,0
25.899888672s,1.067745628s,0s,18872,18872,0
26.757390376s,1.193509328s,0s,18878,18878,0
23.255353166s,1.269620777s,0s,18881,18881,0
23.319977431s,1.008087179s,0s,18883,18883,0
23.716659377s,1.464014048s,0s,18887,18887,0
24.772346552s,1.07337091s,0s,18885,18885,0
25.100265311s,1.126786879s,0s,18889,18889,0
25.246939327s,1.07554892s,0s,18886,18886,0
25.386557617s,1.375466709s,0s,18888,18888,0
25.529223914s,1.153095679s,0s,18890,18890,0
26.855985723s,1.449738953s,0s,18884,18884,0
27.033741041s,1.233387443s,0s,18882,18882,0
23.507731203s,1.466911339s,0s,18898,18898,0
24.877072067s,1.076122234s,0s,18896,18896,0
25.249716906s,1.138572078s,0s,18900,18900,0
25.296330028s,1.10934879s,0s,18893,18893,0
25.340964095s,1.314932974s,0s,18894,18894,0
25.40758729s,1.365066419s,0s,18895,18895,0
25.802526973s,1.424731611s,0s,18899,18899,0
26.15448109s,1.366243776s,0s,18891,18891,0
26.16417877s,1.405464565s,0s,18897,18897,0
26.215697632s,1.481117256s,0s,18892,18892,0
23.927366001s,1.423994023s,0s,18907,18907,0
24.725471847s,1.288796591s,0s,18904,18904,0
25.639353791s,1.383250079s,0s,18908,18908,0
25.816166607s,1.405742155s,0s,18901,18901,0
25.83682128s,1.105289513s,0s,18905,18905,0
25.937481417s,1.39247909s,0s,18903,18903,0
26.00401019s,1.04405107s,0s,18909,18909,0
26.564054931s,1.116502998s,0s,18906,18906,0
26.836759779s,1.042905897s,0s,18902,18902,0
26.874395245s,1.307018662s,0s,18910,18910,0
24.261673197s,1.086837113s,0s,18915,18915,0
24.490408129s,1.197551189s,0s,18917,18917,0
24.836192011s,1.170290851s,0s,18914,18914,0
25.122957067s,1.412054666s,0s,18918,18918,0
25.431824459s,1.26576869s,0s,18912,18912,0
25.461414285s,1.371559712s,0s,18913,18913,0
26.111351931s,1.268023159s,0s,18911,18911,0
26.284000199s,1.377798342s,0s,18920,18920,0
26.308622219s,1.360278579s,0s,18916,18916,0
26.410422116s,1.11305584s,0s,18919,18919,0
23.695625343s,1.002123849s,0s,18928,18928,0
24.104534021s,1.439614899s,0s,18927,18927,0
24.31831637s,1.347009331s,0s,18921,18921,0
24.751370217s,1.123458592s,0s,18925,18925,0
25.143169499s,1.155646629s,0s,18924,18924,0
25.255799154s,1.187194801s,0s,18929,18929,0
25.566666911s,1.412242584s,0s,18926,18926,0
26.048674763s,1.216431447s,0s,18923,18923,0
27.117649628s,1.311665934s,0s,18922,18922,0
27.604016009s,1.455803311s,0s,18930,18930,0
23.725139557s,1.393595733s,0s,18936,18936,0
23.766719237s,1.056147597s,0s,18940,18940,0
23.952549484s,1.151428226s,0s,18935,18935,0
23.998238093s,1.395863936s,0s,18931,18931,0
24.32997779s,1.336341071s,0s,18939,18939,0
24.415615988s,1.492360031s,0s,18933,18933,0
24.577878901s,1.478076857s,0s,18938,18938,0
25.826790306s,1.216728411s,0s,18934,18934,0
25.831340242s,1.255966834s,0s,18937,18937,0
26.476066752s,1.276093092s,0s,18932,18932,0
23.398301497s,1.111282331s,0s,18943,18943,0
24.42226244s,1.323804824s,0s,18942,18942,0
24.511940591s,1.005069587s,0s,18947,18947,0
24.771812771s,1.406246809s,0s,18948,18948,0
24.866508687s,1.085032094s,0s,18944,18944,0
25.197358595s,1.03436896s,0s,18949,18949,0
25.200922133s,1.346055523s,0s,18941,18941,0
25.338665921s,1.04676204s,0s,18950,18950,0
25.677322099s,1.433495825s,0s,18946,18946,0
26.462643569s,1.201552258s,0s,18945,18945,0
23.066910866s,1.132007285s,0s,18953,18953,0
23.772119484s,1.016421652s,0s,18960,18960,0
24.50529482s,1.031706688s,0s,18951,18951,0
24.978167094s,1.014106074s,0s,18952,18952,0
25.44105031s,1.249542433s,0s,18956,18956,0
25.487663479s,1.151253969s,0s,18957,18957,0
25.526195184s,1.490732104s,0s,18958,18958,0
25.914099685s,1.341832032s,0s,18955,18955,0
26.865960899s,1.351102243s,0s,18954,18954,0
27.225993958s,1.479393461s,0s,18959,18959,0
23.811382089s,1.446859205s,0s,18963,18963,0
24.138184042s,1.269307464s,0s,18965,18965,0
24.42258311s,1.146043668s,0s,18968,18968,0
24.595391871s,1.409611269s,0s,18967,18967,0
24.857208012s,1.22067651s,0s,18970,18970,0
25.259010157s,1.163178607s,0s,18966,18966,0
25.269643178s,1.215458634s,0s,18962,18962,0
25.589485947s,1.243958839s,0s,18961,18961,0
26.166552445s,1.264061512s,0s,18964,18964,0
26.69635073s,1.01573346s,0s,18969,18969,0
23.389734963s,1.247266844s,0s,18980,18980,0
24.578414259s,1.393265023s,0s,18976,18976,0
24.638046401s,1.454563771s,0s,18971,18971,0
24.688651604s,1.243037727s,0s,18974,18974,0
25.182611619s,1.116651889s,0s,18978,18978,0
25.2042286s,1.105430954s,0s,18979,18979,0
25.316960997s,1.271555014s,0s,18972,18972,0
25.447672805s,1.036128856s,0s,18973,18973,0
25.607448889s,1.314773817s,0s,18977,18977,0
25.647119342s,1.384057776s,0s,18975,18975,0
23.356833861s,1.042661012s,0s,18987,18987,0
24.800771903s,1.497495229s,0s,18990,18990,0
24.903415655s,1.035144924s,0s,18981,18981,0
25.000202786s,1.154583619s,0s,18982,18982,0
25.033828031s,1.324091042s,0s,18989,18989,0
25.055442229s,1.120364737s,0s,18984,18984,0
25.272346135s,1.091096461s,0s,18986,18986,0
26.29287213s,1.288946367s,0s,18983,18983,0
26.721024662s,1.036417535s,0s,18985,18985,0
26.843756514s,1.073953946s,0s,18988,18988,0
23.431554949s,1.16772911s,0s,18991,18991,0
23.786237958s,1.182004915s,0s,18999,18999,0
24.138255515s,1.072410368s,0s,18995,18995,0
24.197911375s,1.184217944s,0s,18998,18998,0
24.201623344s,1.010074952s,0s,18993,18993,0
24.439395944s,1.198482805s,0s,18994,18994,0
24.875448225s,1.446419485s,0s,18997,18997,0
24.886144851s,1.322115084s,0s,18992,18992,0
25.56416069s,1.305986677s,0s,18996,18996,0
26.197177872s,1.278734181s,0s,19000,19000,0
23.249364217s,1.230068363s,0s,19001,19001,0
24.560773387s,1.254272872s,0s,19004,19004,0
24.667567353s,1.335728734s,0s,19009,19009,0
24.744123517s,1.402055673s,0s,19008,19008,0
24.965901825s,1.025552134s,0s,19003,19003,0
25.221763624s,1.012294457s,0s,19010,19010,0
25.24733722s,1.081783107s,0s,19006,19006,0
25.811353082s,1.488329809s,0s,19005,19005,0
25.832981871s,1.489487959s,0s,19002,19002,0
26.151777095s,1.277516827s,0s,19007,19007,0
23.559481672s,1.298653862s,0s,19014,19014,0
23.824363899s,1.004102986s,0s,19018,19018,0
24.093325093s,1.23476643s,0s,19019,19019,0
24.127069478s,1.290462831s,0s,19016,19016,0
24.306802566s,1.496266123s,0s,19013,19013,0
24.428508442s,1.283063351s,0s,19012,19012,0
24.977648947s,1.137607555s,0s,19011,19011,0
25.938105896s,1.288230947s,0s,19017,19017,0
26.494793733s,1.089342697s,0s,19020,19020,0
27.496044417s,1.407033278s,0s,19015,19015,0
23.128842393s,1.160083731s,0s,19023,19023,0
23.315536065s,1.257744036s,0s,19026,19026,0
24.177810659s,1.20228487s,0s,19025,19025,0
24.598790552s,1.431713512s,0s,19022,19022,0
24.911800341s,1.052671427s,0s,19024,19024,0
24.989343297s,1.221531169s,0s,19027,19027,0
25.123075848s,1.390461768s,0s,19029,19029,0
25.754670869s,1.436914393s,0s,19021,19021,0
25.821324968s,1.263190881s,0s,19030,19030,0
25.858939252s,1.145924934s,0s,19028,19028,0
24.416970463s,1.063310265s,0s,19031,19031,0
24.76752085s,1.476378465s,0s,19032,19032,0
24.949262435s,1.021119039s,0s,19036,19036,0
24.965849874s,1.236508765s,0s,19033,19033,0
25.25369494s,1.123020835s,0s,19039,19039,0
25.401444413s,1.104572247s,0s,19037,19037,0
25.468042532s,1.334101614s,0s,19040,19040,0
25.5757028s,1.113765503s,0s,19035,19035,0
25.799346595s,1.164217742s,0s,19038,19038,0
25.988221104s,1.274776915s,0s,19034,19034,0
23.122715299s,1.24683076s,0s,19047,19047,0
23.926011278s,1.37772113s,0s,19043,19043,0
24.00266625s,1.425106132s,0s,19050,19050,0
24.499673853s,1.439343258s,0s,19045,19045,0
25.061095604s,1.369514538s,0s,19044,19044,0
25.147656511s,1.077212906s,0s,19048,19048,0
25.415395683s,1.324219636s,0s,19041,19041,0
25.478942907s,1.111511116s,0s,19049,19049,0
26.319220091s,1.386964527s,0s,19042,19042,0
27.293648193s,1.309025984s,0s,19046,19046,0
23.917485559s,1.107499334s,0s,19059,19059,0
24.542583945s,1.039169846s,0s,19055,19055,0
24.835380957s,1.425954077s,0s,19052,19052,0
25.148961183s,1.490211922s,0s,19058,19058,0
25.508891729s,1.251125224s,0s,19056,19056,0
26.06780819s,1.269358377s,0s,19054,19054,0
26.619575072s,1.113699777s,0s,19053,19053,0
26.626161299s,1.299843782s,0s,19057,19057,0
26.631727348s,1.289641956s,0s,19051,19051,0
26.743383262s,1.357748286s,0s,19060,19060,0
24.175615077s,1.002090864s,0s,19062,19062,0
24.300423249s,1.274485109s,0s,19068,19068,0
24.643768505s,1.094589933s,0s,19067,19067,0
24.677301939s,1.43809035s,0s,19064,19064,0
24.908103881s,1.403907468s,0s,19069,19069,0
25.091776242s,1.336737008s,0s,19070,19070,0
25.482701548s,1.068368596s,0s,19066,19066,0
25.549353889s,1.22129095s,0s,19063,19063,0
25.910294984s,1.102845963s,0s,19061,19061,0
26.541277457s,1.211096113s,0s,19065,19065,0
23.782910111s,1.392741142s,0s,19072,19072,0
24.63410822s,1.353100388s,0s,19080,19080,0
25.176095755s,1.087137904s,0s,19073,19073,0
25.207711305s,1.240475163s,0s,19075,19075,0
25.924995443s,1.358282076s,0s,19076,19076,0
26.130650884s,1.458298905s,0s,19074,19074,0
26.590698234s,1.317688076s,0s,19071,19071,0
26.79448254s,1.410997424s,0s,19077,19077,0
26.850056373s,1.32089581s,0s,19078,19078,0
27.540204423s,1.384508805s,0s,19079,19079,0
24.222308031s,1.243789582s,0s,19090,19090,0
24.502130091s,1.098990128s,0s,19084,19084,0
24.956940416s,1.047516301s,0s,19082,19082,0
25.259788527s,1.368290244s,0s,19089,19089,0
25.879238076s,1.379470374s,0s,19086,19086,0
26.180142537s,1.071753096s,0s,19085,19085,0
26.53580555s,1.138242226s,0s,19081,19081,0
26.631504575s,1.262985634s,0s,19088,19088,0
26.783136819s,1.16548879s,0s,19083,19083,0
27.160073184s,1.449737469s,0s,19087,19087,0
23.723834419s,1.474879884s,0s,19099,19099,0
24.416222786s,1.030242843s,0s,19095,19095,0
24.592999675s,1.459646698s,0s,19097,19097,0
24.685671911s,1.410460885s,0s,19094,19094,0
25.024277269s,1.340065865s,0s,19092,19092,0
25.062909584s,1.374298957s,0s,19096,19096,0
25.177572676s,1.029095849s,0s,19093,19093,0
26.246950959s,1.323890517s,0s,19100,19100,0
26.493751049s,1.110463728s,0s,19098,19098,0
27.12204835s,1.490058057s,0s,19091,19091,0
23.929147677s,1.127391356s,0s,19101,19101,0
24.047845733s,1.02693159s,0s,19108,19108,0
24.66409409s,1.150576674s,0s,19105,19105,0
24.799786461s,1.271929832s,0s,19110,19110,0
24.984575248s,1.369096002s,0s,19103,19103,0
25.21626916s,1.188052818s,0s,19104,19104,0
25.45806103s,1.00074019s,0s,19107,19107,0
25.525747143s,1.106112547s,0s,19102,19102,0
25.748546307s,1.18282564s,0s,19106,19106,0
26.083289747s,1.497376298s,0s,19109,19109,0
23.468984979s,1.390039489s,0s,19115,19115,0
23.979090699s,1.251930775s,0s,19120,19120,0
24.039738685s,1.37460579s,0s,19116,19116,0
24.60880393s,1.311290682s,0s,19119,19119,0
25.077484345s,1.387827235s,0s,19114,19114,0
25.367924445s,1.060135738s,0s,19113,19113,0
25.407477368s,1.246687548s,0s,19118,19118,0
26.077611821s,1.305047765s,0s,19111,19111,0
26.249362414s,1.187425685s,0s,19117,19117,0
26.802448298s,1.464332279s,0s,19112,19112,0
23.565280013s,1.472983849s,0s,19126,19126,0
24.2240495s,1.484129982s,0s,19128,19128,0
24.467793868s,1.24702372s,0s,19125,19125,0
24.811671006s,1.133387254s,0s,19129,19129,0
25.336676042s,1.464731789s,0s,19121,19121,0
25.371355648s,1.048132109s,0s,19124,19124,0
25.864399247s,1.357477067s,0s,19123,19123,0
25.95501054s,1.243873056s,0s,19122,19122,0
26.161682354s,1.195656053s,0s,19127,19127,0
26.570629563s,1.327174793s,0s,19130,19130,0
23.363687081s,1.169372456s,0s,19138,19138,0
23.627386773s,1.123148806s,0s,19140,19140,0
24.885083857s,1.251869837s,0s,19137,19137,0
25.137991487s,1.315464384s,0s,19131,19131,0
25.15555452s,1.339763965s,0s,19139,19139,0
25.20206012s,1.402245227s,0s,19133,19133,0
25.814125474s,1.290078833s,0s,19136,19136,0
26.351147618s,1.36696902s,0s,19135,19135,0
26.665958806s,1.314347754s,0s,19132,19132,0
26.919419944s,1.19261995s,0s,19134,19134,0
23.349011524s,1.075603744s,0s,19141,19141,0
24.232751256s,1.023123164s,0s,19147,19147,0
24.686592158s,1.042393789s,0s,19145,19145,0
24.735153267s,1.228695381s,0s,19148,19148,0
24.873971533s,1.474344703s,0s,19150,19150,0
25.033155208s,1.097032572s,0s,19149,19149,0
25.287808592s,1.078781063s,0s,19142,19142,0
25.293488276s,1.176499847s,0s,19144,19144,0
26.46977267s,1.414071291s,0s,19143,19143,0
26.562473427s,1.117241245s,0s,19146,19146,0
23.813545917s,1.479382839s,0s,19156,19156,0
24.354251592s,1.295386123s,0s,19160,19160,0
24.48693731s,1.136696437s,0s,19152,19152,0
24.635688638s,1.034117579s,0s,19153,19153,0
25.185693036s,1.337583355s,0s,19151,19151,0
25.470591871s,1.201063725s,0s,19154,19154,0
25.650350855s,1.385803899s,0s,19159,19159,0
25.695968933s,1.172934886s,0s,19157,19157,0
26.092945494s,1.477105309s,0s,19158,19158,0
26.541970133s,1.102465099s,0s,19155,19155,0
23.733426108s,1.005587863s,0s,19168,19168,0
24.166435863s,1.141535172s,0s,19163,19163,0
24.167950389s,1.27633202s,0s,19164,19164,0
24.285576007s,1.195843406s,0s,19166,19166,0
24.702570249s,1.214104305s,0s,19170,19170,0
25.396784598s,1.133106087s,0s,19162,19162,0
25.572576205s,1.138296498s,0s,19165,19165,0
25.630014091s,1.013861972s,0s,19161,19161,0
26.386307387s,1.37157567s,0s,19167,19167,0
26.815960064s,1.4648602s,0s,19169,19169,0
23.827599329s,1.306270492s,0s,19178,19178,0
23.907226032s,1.470823519s,0s,19180,19180,0
24.613446064s,1.169530823s,0s,19175,19175,0
24.669168233s,1.044942077s,0s,19174,19174,0
25.182706118s,1.049050465s,0s,19172,19172,0
25.645691728s,1.247111577s,0s,19173,19173,0
25.8445589s,1.328522774s,0s,19176,19176,0
25.882494197s,1.233871147s,0s,19171,19171,0
26.949399849s,1.035718374s,0s,19177,19177,0
27.093056239s,1.125286926s,0s,19179,19179,0
24.052729385s,1.319675794s,0s,19183,19183,0
24.792018706s,1.114345378s,0s,19186,19186,0
24.847675916s,1.004085089s,0s,19181,19181,0
25.058453483s,1.400051582s,0s,19182,19182,0
25.195148934s,1.322914024s,0s,19187,19187,0
25.561070902s,1.465244086s,0s,19184,19184,0
25.635784041s,1.080367126s,0s,19185,19185,0
26.429893126s,1.090632473s,0s,19189,19189,0
26.789795347s,1.109026044s,0s,19190,19190,0
26.789823687s,1.092897461s,0s,19188,19188,0
23.306446482s,1.366309107s,0s,19200,19200,0
24.29698305s,1.028294942s,0s,19191,19191,0
24.369724766s,1.051709689s,0s,19194,19194,0
24.694599635s,1.262069719s,0s,19192,19192,0
25.197541215s,1.109895616s,0s,19198,19198,0
25.330278818s,1.033457091s,0s,19195,19195,0
25.928457677s,1.450533613s,0s,19193,19193,0
26.294936369s,1.237838577s,0s,19196,19196,0
26.329492867s,1.176656247s,0s,19199,19199,0
26.629423066s,1.463741188s,0s,19197,19197,0
23.664115132s,1.428666916s,0s,19209,19209,0
23.727765879s,1.270012439s,0s,19201,19201,0
25.512935541s,1.433858929s,0s,19210,19210,0
25.931828474s,1.361386346s,0s,19203,19203,0
26.165584348s,1.10033448s,0s,19208,19208,0
26.294224731s,1.482098351s,0s,19207,19207,0
26.440869508s,1.231749171s,0s,19206,19206,0
26.769747256s,1.222574877s,0s,19205,19205,0
26.774433816s,1.05915026s,0s,19202,19202,0
27.211342411s,1.486313437s,0s,19204,19204,0
24.125484239s,1.344492734s,0s,19211,19211,0
24.646157518s,1.09804741s,0s,19214,19214,0
24.896948447s,1.303908928s,0s,19218,19218,0
24.991675s,1.084576254s,0s,19217,19217,0
25.359486535s,1.322061892s,0s,19215,19215,0
25.43315985s,1.059125334s,0s,19219,19219,0
25.694173622s,1.068411164s,0s,19213,19213,0
25.977041566s,1.328284932s,0s,19220,19220,0
26.791915131s,1.207637515s,0s,19212,19212,0
26.80156415s,1.104371456s,0s,19216,19216,0
24.068599938s,1.374387897s,0s,19221,19221,0
24.186259294s,1.029925918s,0s,19222,19222,0
24.732068862s,1.330639614s,0s,19228,19228,0
24.893727935s,1.33790698s,0s,19230,19230,0
25.016489407s,1.390640622s,0s,19223,19223,0
25.457207685s,1.366028819s,0s,19227,19227,0
25.527772255s,1.219375279s,0s,19225,19225,0
25.640547062s,1.10304634s,0s,19224,19224,0
26.243711723s,1.494007067s,0s,19226,19226,0
26.80667437s,1.014705486s,0s,19229,19229,0
23.430286853s,1.252482351s,0s,19236,19236,0
23.612009465s,1.343316266s,0s,19231,19231,0
24.690237069s,1.434587852s,0s,19235,19235,0
24.70784466s,1.323939352s,0s,19232,19232,0
25.004568479s,1.044832057s,0s,19237,19237,0
25.302463935s,1.20827205s,0s,19233,19233,0
25.627395133s,1.339054904s,0s,19240,19240,0
25.892328533s,1.439852893s,0s,19234,19234,0
26.690991359s,1.131038816s,0s,19239,19239,0
27.411940733s,1.299658574s,0s,19238,19238,0
23.440805606s,1.023076334s,0s,19248,19248,0
24.709487933s,1.341433526s,0s,19244,19244,0
24.963350693s,1.104930577s,0s,19242,19242,0
25.022009126s,1.264933583s,0s,19241,19241,0
25.279821661s,1.230630328s,0s,19245,19245,0
25.291369556s,1.174409932s,0s,19250,19250,0
25.951500437s,1.111110085s,0s,19243,19243,0
26.263449102s,1.34362572s,0s,19246,19246,0
26.610054106s,1.481640638s,0s,19247,19247,0
26.931000622s,1.322073635s,0s,19249,19249,0
23.483894241s,1.019117601s,0s,19260,19260,0
23.702586677s,1.157641268s,0s,19255,19255,0
24.303836889s,1.32950933s,0s,19253,19253,0
24.782766022s,1.168902322s,0s,19259,19259,0
25.040594164s,1.241062634s,0s,19256,19256,0
25.044263097s,1.281292766s,0s,19251,19251,0
25.05891692s,1.334779966s,0s,19254,19254,0
25.920205425s,1.152411055s,0s,19257,19257,0
26.443144098s,1.499367391s,0s,19258,19258,0
26.697128485s,1.394027718s,0s,19252,19252,0
24.512814523s,1.321950869s,0s,19262,19262,0
24.809692797s,1.068143533s,0s,19264,19264,0
24.990379134s,1.386599513s,0s,19269,19269,0
25.034906827s,1.329120063s,0s,19267,19267,0
25.747045473s,1.061792283s,0s,19263,19263,0
26.451363993s,1.229700459s,0s,19265,19265,0
26.451396805s,1.3823571s,0s,19268,19268,0
26.676805193s,1.108375831s,0s,19261,19261,0
26.734459953s,1.467091072s,0s,19270,19270,0
27.218456102s,1.432833087s,0s,19266,19266,0
23.70577876s,1.013833888s,0s,19271,19271,0
24.033623564s,1.060140947s,0s,19275,19275,0
24.560865014s,1.13938902s,0s,19273,19273,0
24.79267531s,1.432847496s,0s,19279,19279,0
24.930600045s,1.199889519s,0s,19278,19278,0
25.228476295s,1.364169954s,0s,19277,19277,0
25.738976063s,1.394390311s,0s,19272,19272,0
25.96179101s,1.421660283s,0s,19276,19276,0
26.036507956s,1.195681456s,0s,19280,19280,0
26.496477302s,1.495042493s,0s,19274,19274,0
23.519180967s,1.058167696s,0s,19283,19283,0
24.274999366s,1.418809525s,0s,19289,19289,0
24.451722665s,1.18582339s,0s,19284,19284,0
24.977875223s,1.36133707s,0s,19288,19288,0
25.444875041s,1.14760376s,0s,19287,19287,0
25.917131041s,1.119355835s,0s,19286,19286,0
26.199903531s,1.401623191s,0s,19282,19282,0
26.290590629s,1.346111877s,0s,19290,19290,0
26.842725566s,1.462093367s,0s,19285,19285,0
27.248611302s,1.476284157s,0s,19281,19281,0
23.772044686s,1.234047944s,0s,19293,19293,0
23.925738839s,1.064130403s,0s,19294,19294,0
24.318609165s,1.438870355s,0s,19300,19300,0
24.892717876s,1.200504126s,0s,19291,19291,0
25.234612372s,1.367331674s,0s,19292,19292,0
25.522509367s,1.207780697s,0s,19298,19298,0
25.765419455s,1.331044971s,0s,19295,19295,0
26.160489562s,1.420596814s,0s,19299,19299,0
26.785578457s,1.244279311s,0s,19297,19297,0
26.955096154s,1.261784639s,0s,19296,19296,0
24.051335302s,1.117966666s,0s,19310,19310,0
24.174984288s,1.28427678s,0s,19307,19307,0
24.275639023s,1.279011099s,0s,19303,19303,0
24.555450193s,1.034281441s,0s,19305,19305,0
25.115121462s,1.006021496s,0s,19309,19309,0
25.116562652s,1.048611382s,0s,19306,19306,0
25.741600862s,1.216258507s,0s,19304,19304,0
25.909387296s,1.483361006s,0s,19301,19301,0
25.961990551s,1.251528085s,0s,19302,19302,0
27.309823758s,1.254750719s,0s,19308,19308,0
24.317194858s,1.061146295s,0s,19318,19318,0
24.854058986s,1.239436317s,0s,19316,19316,0
25.190715655s,1.284043414s,0s,19320,19320,0
25.28820384s,1.437404357s,0s,19319,19319,0
25.361857373s,1.170872202s,0s,19317,19317,0
25.42459664s,1.113606466s,0s,19312,19312,0
25.57141228s,1.240550152s,0s,19313,19313,0
25.707173447s,1.219025639s,0s,19315,19315,0
26.251038787s,1.090378604s,0s,19314,19314,0
26.753843582s,1.26979751s,0s,19311,19311,0
23.927240886s,1.008948974s,0s,19329,19329,0
24.579981461s,1.196022026s,0s,19325,19325,0
24.961912422s,1.055438539s,0s,19322,19322,0
25.470871675s,1.379960447s,0s,19324,19324,0
25.474383576s,1.291627459s,0s,19327,19327,0
25.643048508s,1.059721614s,0s,19328,19328,0
25.762813177s,1.015196709s,0s,19321,19321,0
26.446249663s,1.412086999s,0s,19326,19326,0
26.568973617s,1.479361371s,0s,19330,19330,0
26.739805928s,1.274349573s,0s,19323,19323,0
23.710780682s,1.064082378s,0s,19333,19333,0
24.292482977s,1.132640608s,0s,19339,19339,0
25.043849405s,1.186013246s,0s,19332,19332,0
25.094438839s,1.46701053s,0s,19331,19331,0
25.190104941s,1.383639528s,0s,19338,19338,0
25.232812008s,1.193285958s,0s,19340,19340,0
25.250524532s,1.133770131s,0s,19337,19337,0
25.476358579s,1.032832896s,0s,19334,19334,0
26.170540922s,1.192193683s,0s,19336,19336,0
26.570418127s,1.077288535s,0s,19335,19335,0
23.769874423s,1.03846852s,0s,19341,19341,0
24.037538213s,1.004999415s,0s,19343,19343,0
24.932925883s,1.225657629s,0s,19345,19345,0
24.939558469s,1.404055875s,0s,19342,19342,0
25.507764705s,1.218398981s,0s,19348,19348,0
25.524429569s,1.029249796s,0s,19349,19349,0
25.684024722s,1.063999266s,0s,19347,19347,0
25.834730239s,1.043764901s,0s,19344,19344,0
26.642539307s,1.435271293s,0s,19350,19350,0
26.734136697s,1.494528886s,0s,19346,19346,0
23.787930975s,1.098537845s,0s,19360,19360,0
23.882125207s,1.048069696s,0s,19359,19359,0
24.096932998s,1.335378671s,0s,19353,19353,0
24.351713499s,1.196819057s,0s,19354,19354,0
24.382294472s,1.281084658s,0s,19358,19358,0
24.49296539s,1.040947429s,0s,19357,19357,0
24.530598145s,1.050308223s,0s,19356,19356,0
24.974452278s,1.417698848s,0s,19352,19352,0
26.163326483s,1.493153447s,0s,19351,19351,0
27.419051106s,1.42896276s,0s,19355,19355,0
24.145310634s,1.222827117s,0s,19370,19370,0
24.298016577s,1.419619091s,0s,19366,19366,0
24.817870798s,1.257958403s,0s,19367,19367,0
24.926541816s,1.20959494s,0s,19361,19361,0
25.045137673s,1.258043875s,0s,19363,19363,0
25.115805005s,1.092129437s,0s,19362,19362,0
25.567543966s,1.457224209s,0s,19368,19368,0
25.61722861s,1.450040805s,0s,19365,19365,0
26.16899472s,1.260185115s,0s,19369,19369,0
27.461811394s,1.448911236s,0s,19364,19364,0
23.679362475s,1.21504281s,0s,19378,19378,0
23.994232363s,1.445309779s,0s,19371,19371,0
24.406214621s,1.315508422s,0s,19377,19377,0
25.054444687s,1.407836263s,0s,19373,19373,0
25.29020276s,1.016024219s,0s,19372,19372,0
25.438885619s,1.235280233s,0s,19376,19376,0
25.471470131s,1.131524659s,0s,19375,19375,0
25.764354749s,1.211833162s,0s,19379,19379,0
26.453899833s,1.041304067s,0s,19380,19380,0
27.496407834s,1.429054537s,0s,19374,19374,0
23.273395133s,1.196016094s,0s,19382,19382,0
23.816062324s,1.187790194s,0s,19386,19386,0
24.035916887s,1.260316753s,0s,19388,19388,0
24.187621934s,1.168588324s,0s,19383,19383,0
24.594533912s,1.269549222s,0s,19385,19385,0
24.693195688s,1.196055588s,0s,19381,19381,0
24.915899281s,1.11240169s,0s,19389,19389,0
25.554079758s,1.048131217s,0s,19390,19390,0
25.782925576s,1.3457753s,0s,19384,19384,0
26.970700752s,1.429053497s,0s,19387,19387,0
23.193831996s,1.122625892s,0s,19393,19393,0
23.583803061s,1.055127376s,0s,19400,19400,0
24.28504618s,1.309148941s,0s,19392,19392,0
25.019202552s,1.336654745s,0s,19397,19397,0
25.787373912s,1.340927093s,0s,19395,19395,0
25.907121083s,1.182933414s,0s,19398,19398,0
26.168928613s,1.355045491s,0s,19391,19391,0
26.450573616s,1.319431235s,0s,19399,19399,0
26.729013562s,1.485425163s,0s,19396,19396,0
27.359017154s,1.064402401s,0s,19394,19394,0
24.142418884s,1.114503951s,0s,19407,19407,0
24.252633852s,1.234151249s,0s,19406,19406,0
24.689510949s,1.011102041s,0s,19409,19409,0
25.012418627s,1.408104429s,0s,19401,19401,0
25.249103517s,1.117749338s,0s,19403,19403,0
25.49097523s,1.245384769s,0s,19404,19404,0
25.673859732s,1.362924629s,0s,19402,19402,0
25.888563543s,1.040300753s,0s,19410,19410,0
26.001209481s,1.119908487s,0s,19408,19408,0
26.211882406s,1.354692028s,0s,19405,19405,0
23.22552748s,1.201227314s,0s,19416,19416,0
23.500390376s,1.076420261s,0s,19420,19420,0
24.432713947s,1.034764982s,0s,19411,19411,0
24.642574131s,1.059235387s,0s,19419,19419,0
24.858399263s,1.370830289s,0s,19414,19414,0
25.022105578s,1.167873922s,0s,19412,19412,0
25.346757287s,1.088635796s,0s,19415,19415,0
25.524630115s,1.174043817s,0s,19417,19417,0
25.748398327s,1.473100045s,0s,19418,19418,0
26.243458844s,1.248480464s,0s,19413,19413,0
23.813073652s,1.306103683s,0s,19428,19428,0
24.864645923s,1.328702869s,0s,19423,19423,0
25.208477405s,1.499316663s,0s,19425,19425,0
25.490756927s,1.465069043s,0s,19424,19424,0
25.627443159s,1.035068086s,0s,19429,19429,0
25.732193743s,1.254961341s,0s,19427,19427,0
25.852941655s,1.103556128s,0s,19426,19426,0
26.289861842s,1.062305347s,0s,19430,19430,0
26.324490737s,1.321293925s,0s,19422,19422,0
26.591135169s,1.32353643s,0s,19421,19421,0
24.283012554s,1.167032475s,0s,19435,19435,0
24.335626854s,1.082677907s,0s,19438,19438,0
24.370244802s,1.485529299s,0s,19439,19439,0
24.704126708s,1.41704332s,0s,19436,19436,0
24.748714964s,1.277415125s,0s,19437,19437,0
25.029534087s,1.381909839s,0s,19434,19434,0
25.162847996s,1.328676039s,0s,19440,19440,0
25.803946621s,1.220238028s,0s,19431,19431,0
26.040756497s,1.47331592s,0s,19432,19432,0
26.272493887s,1.494768132s,0s,19433,19433,0
23.620200218s,1.01608544s,0s,19448,19448,0
23.756897951s,1.18471856s,0s,19443,19443,0
24.768692889s,1.113349701s,0s,19441,19441,0
24.796287085s,1.409649788s,0s,19444,19444,0
24.802935046s,1.198919117s,0s,19447,19447,0
25.206919486s,1.389378292s,0s,19442,19442,0
25.58874952s,1.483212785s,0s,19449,19449,0
26.134616708s,1.417855692s,0s,19445,19445,0
26.860793431s,1.300140868s,0s,19450,19450,0
27.337540249s,1.442015895s,0s,19446,19446,0
23.102114056s,1.357825396s,0s,19457,19457,0
24.191672752s,1.062185826s,0s,19453,19453,0
25.227376724s,1.200006818s,0s,19454,19454,0
25.264058427s,1.145464742s,0s,19455,19455,0
25.668963995s,1.169784718s,0s,19458,19458,0
26.162998463s,1.453384494s,0s,19451,19451,0
26.852825136s,1.314551757s,0s,19460,19460,0
26.946381358s,1.436046283s,0s,19459,19459,0
27.015994611s,1.452281133s,0s,19456,19456,0
27.268685589s,1.234265098s,0s,19452,19452,0
23.389140602s,1.20428393s,0s,19467,19467,0
23.851781213s,1.240638289s,0s,19464,19464,0
24.093646016s,1.113063938s,0s,19463,19463,0
24.527978502s,1.261912181s,0s,19466,19466,0
25.133115019s,1.3665219s,0s,19465,19465,0
25.239774937s,1.110903202s,0s,19461,19461,0
25.277410535s,1.205432889s,0s,19470,19470,0
25.382065721s,1.348321255s,0s,19468,19468,0
26.024767995s,1.27003857s,0s,19462,19462,0
26.083388633s,1.4438247s,0s,19469,19469,0
23.387796309s,1.046172s,0s,19480,19480,0
23.973789741s,1.116413727s,0s,19472,19472,0
24.009431086s,1.204917361s,0s,19476,19476,0
24.990733372s,1.347361947s,0s,19471,19471,0
25.023304156s,1.160603242s,0s,19473,19473,0
25.034967134s,1.338128359s,0s,19479,19479,0
25.199756496s,1.046160036s,0s,19475,19475,0
25.696745138s,1.365558667s,0s,19477,19477,0
26.559119124s,1.455053806s,0s,19474,19474,0
27.136966219s,1.382807972s,0s,19478,19478,0
22.761932902s,1.018327976s,0s,19484,19484,0
23.29696199s,1.155044974s,0s,19490,19490,0
23.419663289s,1.048581034s,0s,19488,19488,0
24.311034062s,1.018333542s,0s,19482,19482,0
24.470800924s,1.016119224s,0s,19481,19481,0
24.496410881s,1.121576742s,0s,19486,19486,0
24.753232339s,1.136815666s,0s,19483,19483,0
25.286975987s,1.074090949s,0s,19487,19487,0
25.708076318s,1.084395758s,0s,19489,19489,0
25.716685472s,1.219314334s,0s,19485,19485,0
23.62836862s,1.405064879s,0s,19497,19497,0
24.465708417s,1.481296455s,0s,19499,19499,0
24.622447255s,1.364849671s,0s,19496,19496,0
25.175650218s,1.21871014s,0s,19495,19495,0
25.273226596s,1.291289465s,0s,19498,19498,0
25.407534372s,1.302463796s,0s,19500,19500,0
25.526233735s,1.097454024s,0s,19494,19494,0
26.242954606s,1.261947059s,0s,19493,19493,0
26.793073647s,1.285049557s,0s,19492,19492,0
27.234828714s,1.079211388s,0s,19491,19491,0
23.505628596s,1.086048873s,0s,19509,19509,0
23.732334147s,1.17768472s,0s,19508,19508,0
24.251232031s,1.115286507s,0s,19504,19504,0
24.791897101s,1.076834565s,0s,19505,19505,0
25.019737959s,1.458963822s,0s,19506,19506,0
25.060374013s,1.453688955s,0s,19503,19503,0
25.370243487s,1.325050627s,0s,19501,19501,0
25.403805241s,1.04054058s,0s,19502,19502,0
25.469453635s,1.130474011s,0s,19510,19510,0
26.678585609s,1.44741875s,0s,19507,19507,0
24.075988645s,1.210478287s,0s,19519,19519,0
24.269753038s,1.208287934s,0s,19517,19517,0
24.291360892s,1.078355766s,0s,19512,19512,0
24.377935273s,1.179046063s,0s,19516,19516,0
24.462540937s,1.067131637s,0s,19520,19520,0
24.758400711s,1.119564953s,0s,19518,19518,0
24.869104949s,1.133830359s,0s,19511,19511,0
25.794266855s,1.412053801s,0s,19513,19513,0
25.948110049s,1.412048968s,0s,19514,19514,0
26.397758285s,1.376880085s,0s,19515,19515,0
25.005103643s,1.300019054s,0s,19521,19521,0
25.159369804s,1.304216086s,0s,19522,19522,0
25.166973122s,1.148142479s,0s,19529,19529,0
25.326731696s,1.436044819s,0s,19530,19530,0
25.494485538s,1.326479166s,0s,19527,19527,0
25.571170872s,1.298844712s,0s,19524,19524,0
25.599821406s,1.432937516s,0s,19528,19528,0
26.430137859s,1.281623576s,0s,19525,19525,0
26.646898796s,1.352706406s,0s,19526,19526,0
27.152895088s,1.192339355s,0s,19523,19523,0
23.349121279s,1.484362664s,0s,19537,19537,0
23.849139381s,1.012316477s,0s,19536,19536,0
23.939795642s,1.330625721s,0s,19534,19534,0
24.233648346s,1.2149365s,0s,19531,19531,0
25.042917663s,1.00208051s,0s,19538,19538,0
25.359807648s,1.338905441s,0s,19539,19539,0
25.412430265s,1.113618027s,0s,19532,19532,0
26.318261194s,1.31640651s,0s,19535,19535,0
26.590100903s,1.393074423s,0s,19540,19540,0
26.690766094s,1.292079077s,0s,19533,19533,0
24.119604765s,1.222014349s,0s,19550,19550,0
24.160103755s,1.493925554s,0s,19544,19544,0
24.807635084s,1.311083928s,0s,19549,19549,0
25.256617594s,1.081437007s,0s,19547,19547,0
25.311345006s,1.105616289s,0s,19542,19542,0
25.430127293s,1.414429851s,0s,19543,19543,0
25.534758087s,1.046086984s,0s,19541,19541,0
25.569417178s,1.292893204s,0s,19546,19546,0
25.775195706s,1.446658332s,0s,19545,19545,0
26.213084039s,1.150814916s,0s,19548,19548,0
23.495592059s,1.466935923s,0s,19556,19556,0
23.912429656s,1.239741854s,0s,19551,19551,0
24.305268974s,1.202121449s,0s,19555,19555,0
25.057007295s,1.052864322s,0s,19560,19560,0
25.096012708s,1.284311344s,0s,19557,19557,0
25.426870351s,1.238631558s,0s,19553,19553,0
25.437503052s,1.032637111s,0s,19559,19559,0
25.586213259s,1.249003021s,0s,19554,19554,0
25.831063441s,1.204307007s,0s,19552,19552,0
26.049791633s,1.297636943s,0s,19558,19558,0
24.261701277s,1.087631199s,0s,19566,19566,0
24.286469797s,1.19828306s,0s,19565,19565,0
24.943519819s,1.46046799s,0s,19567,19567,0
25.209042006s,1.417871567s,0s,19568,19568,0
25.269693354s,1.179965081s,0s,19569,19569,0
25.475448588s,1.040416404s,0s,19561,19561,0
25.510061553s,1.435084771s,0s,19564,19564,0
25.852935391s,1.031116823s,0s,19570,19570,0
26.248871972s,1.193070599s,0s,19563,19563,0
26.340510896s,1.217467633s,0s,19562,19562,0
23.387511946s,1.021730855s,0s,19571,19571,0
24.312904036s,1.165525137s,0s,19579,19579,0
24.357471766s,1.023958727s,0s,19574,19574,0
25.04263852s,1.379934673s,0s,19580,19580,0
25.155408454s,1.412771465s,0s,19573,19573,0
25.953690798s,1.072265597s,0s,19572,19572,0
26.218511908s,1.402555831s,0s,19578,19578,0
26.264139937s,1.054071963s,0s,19577,19577,0
26.280813444s,1.3871464s,0s,19575,19575,0
26.583744237s,1.399371344s,0s,19576,19576,0
23.405776724s,1.024452099s,0s,19583,19583,0
23.824769863s,1.161513516s,0s,19588,19588,0
24.383738849s,1.393759746s,0s,19589,19589,0
25.123911522s,1.004076048s,0s,19586,19586,0
25.434548474s,1.346263511s,0s,19582,19582,0
25.776490069s,1.231730941s,0s,19585,19585,0
26.137336701s,1.446068396s,0s,19584,19584,0
26.212961281s,1.0876698s,0s,19581,19581,0
26.338725122s,1.326011031s,0s,19587,19587,0
26.365332153s,1.358521855s,0s,19590,19590,0
24.865108043s,1.019011951s,0s,19593,19593,0
24.980820011s,1.453750629s,0s,19596,19596,0
25.323779998s,1.230590546s,0s,19597,19597,0
25.628649636s,1.394521373s,0s,19595,19595,0
26.171788435s,1.461079542s,0s,19600,19600,0
26.228457534s,1.276906095s,0s,19599,19599,0
26.243090171s,1.493613345s,0s,19591,19591,0
26.463915407s,1.281024094s,0s,19598,19598,0
26.70256186s,1.474312067s,0s,19592,19592,0
26.842271477s,1.187390697s,0s,19594,19594,0
24.182438547s,1.100170959s,0s,19606,19606,0
25.1204765s,1.217524646s,0s,19605,19605,0
25.36133381s,1.251721727s,0s,19609,19609,0
25.474011594s,1.181080484s,0s,19608,19608,0
25.666807167s,1.122625192s,0s,19604,19604,0
25.72440078s,1.391389575s,0s,19602,19602,0
25.753069891s,1.212294067s,0s,19607,19607,0
25.896726642s,1.303994415s,0s,19610,19610,0
26.226726291s,1.154841814s,0s,19603,19603,0
26.239422462s,1.352149215s,0s,19601,19601,0
23.732797061s,1.227911706s,0s,19616,19616,0
23.777349675s,1.269041693s,0s,19612,19612,0
23.790987566s,1.051116344s,0s,19619,19619,0
24.08977017s,1.481962322s,0s,19618,19618,0
24.33052657s,1.3070546s,0s,19615,19615,0
25.347471098s,1.226769567s,0s,19613,19613,0
25.509280898s,1.079428373s,0s,19620,19620,0
25.738008848s,1.468729663s,0s,19611,19611,0
25.819574104s,1.394308507s,0s,19614,19614,0
27.304171654s,1.431535194s,0s,19617,19617,0
23.675518188s,1.062446017s,0s,19621,19621,0
24.217478094s,1.055214393s,0s,19628,19628,0
24.729028327s,1.213250326s,0s,19630,19630,0
24.807727919s,1.466284616s,0s,19626,19626,0
25.401906952s,1.142969943s,0s,19623,19623,0
25.407534493s,1.238709672s,0s,19629,19629,0
25.422076324s,1.338969762s,0s,19624,19624,0
25.557682082s,1.222438411s,0s,19622,19622,0
26.10089129s,1.040851125s,0s,19627,19627,0
26.408588881s,1.073698861s,0s,19625,19625,0
23.63467716s,1.217252697s,0s,19635,19635,0
24.686139852s,1.483297008s,0s,19636,19636,0
24.718764213s,1.205986825s,0s,19634,19634,0
24.990694774s,1.171728402s,0s,19638,19638,0
25.579987297s,1.387906419s,0s,19631,19631,0
25.942505492s,1.438111585s,0s,19640,19640,0
26.258065455s,1.020134809s,0s,19633,19633,0
26.802216051s,1.163462057s,0s,19632,19632,0
26.896866378s,1.276444848s,0s,19637,19637,0
27.341817497s,1.369690801s,0s,19639,19639,0
25.642357344s,1.231996322s,0s,19648,19648,0
25.804025776s,1.415641972s,0s,19647,19647,0
25.88489166s,1.327626665s,0s,19642,19642,0
26.343931807s,1.338903847s,0s,19643,19643,0
26.453654112s,1.304442816s,0s,19646,19646,0
26.459251372s,1.163781525s,0s,19645,19645,0
26.647938805s,1.437921128s,0s,19650,19650,0
26.742529763s,1.269199812s,0s,19641,19641,0
26.813011011s,1.379418206s,0s,19649,19649,0
26.895671484s,1.343026162s,0s,19644,19644,0
23.634265264s,1.241082282s,0s,19651,19651,0
24.073699557s,1.029908205s,0s,19653,19653,0
24.368697498s,1.249379013s,0s,19658,19658,0
24.575531645s,1.399804904s,0s,19654,19654,0
24.795374346s,1.493059396s,0s,19657,19657,0
25.217351096s,1.097060038s,0s,19652,19652,0
25.401111028s,1.155511713s,0s,19659,19659,0
25.576875616s,1.124290139s,0s,19656,19656,0
25.640587078s,1.250501472s,0s,19660,19660,0
25.848205118s,1.220813374s,0s,19655,19655,0
23.514192291s,1.394070635s,0s,19670,19670,0
24.163393305s,1.367869444s,0s,19661,19661,0
24.55127993s,1.081613275s,0s,19667,19667,0
24.894223724s,1.272134627s,0s,19665,19665,0
25.399188453s,1.290369081s,0s,19669,19669,0
25.631330975s,1.414329681s,0s,19666,19666,0
25.846133908s,1.3566131s,0s,19664,19664,0
25.952765512s,1.099882664s,0s,19663,19663,0
26.040412493s,1.06638882s,0s,19668,19668,0
26.084024349s,1.043116693s,0s,19662,19662,0
23.269141739s,1.065404933s,0s,19673,19673,0
23.432832835s,1.276849777s,0s,19674,19674,0
24.237436324s,1.129247263s,0s,19672,19672,0
24.947101376s,1.251608649s,0s,19671,19671,0
24.984754798s,1.333263373s,0s,19675,19675,0
25.551930205s,1.031109876s,0s,19678,19678,0
25.570461053s,1.074688485s,0s,19679,19679,0
25.609029754s,1.32603765s,0s,19676,19676,0
25.717581418s,1.343506747s,0s,19680,19680,0
25.75010468s,1.09501138s,0s,19677,19677,0
23.496456407s,1.016115026s,0s,19682,19682,0
23.985448393s,1.158186805s,0s,19689,19689,0
24.621618986s,1.042336944s,0s,19690,19690,0
24.625128396s,1.365033886s,0s,19686,19686,0
24.810892783s,1.183388203s,0s,19681,19681,0
24.832663961s,1.186562166s,0s,19688,19688,0
24.900434383s,1.434415457s,0s,19687,19687,0
25.234228142s,1.362883093s,0s,19685,19685,0
25.565133863s,1.470570698s,0s,19684,19684,0
26.137867239s,1.406198411s,0s,19683,19683,0
23.246675751s,1.308561837s,0s,19691,19691,0
24.101924s,1.243145233s,0s,19696,19696,0
24.547005619s,1.374807041s,0s,19698,19698,0
24.879951344s,1.110756157s,0s,19695,19695,0
24.94864186s,1.104373438s,0s,19697,19697,0
24.974341295s,1.100135886s,0s,19694,19694,0
25.13278426s,1.261329747s,0s,19700,19700,0
25.543694668s,1.381077023s,0s,19693,19693,0
25.784467214s,1.107605146s,0s,19692,19692,0
26.710854472s,1.383262891s,0s,19699,19699,0
22.964317535s,1.229555511s,0s,19703,19703,0
23.431913481s,1.014358377s,0s,19710,19710,0
24.972151363s,1.237867775s,0s,19708,19708,0
25.014882129s,1.00208113s,0s,19704,19704,0
25.157559459s,1.462335633s,0s,19702,19702,0
25.157745361s,1.146008775s,0s,19706,19706,0
25.542139405s,1.461226333s,0s,19705,19705,0
25.802937612s,1.200215905s,0s,19701,19701,0
26.24673438s,1.101583724s,0s,19707,19707,0
26.634210725s,1.141811626s,0s,19709,19709,0
23.679737107s,1.091620963s,0s,19714,19714,0
23.774365083s,1.379984933s,0s,19719,19719,0
23.860988779s,1.279524307s,0s,19711,19711,0
23.999742908s,1.208106852s,0s,19716,19716,0
24.790662857s,1.043346259s,0s,19715,19715,0
24.799328566s,1.437443711s,0s,19717,19717,0
25.254147114s,1.430230272s,0s,19720,19720,0
25.332843922s,1.239297348s,0s,19718,19718,0
25.634854747s,1.104875025s,0s,19713,19713,0
27.25111944s,1.367756508s,0s,19712,19712,0
23.028408375s,1.037688574s,0s,19729,19729,0
23.59949061s,1.378431538s,0s,19727,19727,0
23.657136386s,1.344204567s,0s,19721,19721,0
23.885858877s,1.443703345s,0s,19723,19723,0
24.292819173s,1.110295002s,0s,19726,19726,0
24.704581457s,1.088950773s,0s,19730,19730,0
24.896543697s,1.107044051s,0s,19728,19728,0
25.591586662s,1.119639928s,0s,19725,19725,0
25.641186426s,1.111393669s,0s,19724,19724,0
26.094214573s,1.300972568s,0s,19722,19722,0
23.300326338s,1.274576671s,0s,19731,19731,0
24.763897559s,1.114552059s,0s,19739,19739,0
24.78056569s,1.047136655s,0s,19733,19733,0
24.893233768s,1.132821853s,0s,19736,19736,0
24.938775897s,1.047132138s,0s,19734,19734,0
25.918960337s,1.076375964s,0s,19737,19737,0
26.261579627s,1.308768292s,0s,19738,19738,0
26.406260331s,1.165066916s,0s,19735,19735,0
26.526117731s,1.325067024s,0s,19740,19740,0
26.791883971s,1.475374533s,0s,19732,19732,0
24.581725912s,1.329105275s,0s,19742,19742,0
24.678279781s,1.41534083s,0s,19746,19746,0
24.725913722s,1.379833736s,0s,19748,19748,0
24.959753915s,1.452575018s,0s,19747,19747,0
25.140430639s,1.043138565s,0s,19745,19745,0
25.320160309s,1.406022941s,0s,19749,19749,0
25.527989752s,1.079429756s,0s,19743,19743,0
25.739689655s,1.156779468s,0s,19744,19744,0
25.940491759s,1.347354296s,0s,19750,19750,0
26.58123443s,1.370585546s,0s,19741,19741,0
23.616219953s,1.031810364s,0s,19754,19754,0
24.261356016s,1.462611158s,0s,19755,19755,0
24.641300227s,1.035057375s,0s,19751,19751,0
24.658937181s,1.399424839s,0s,19759,19759,0
24.970590495s,1.150715518s,0s,19758,19758,0
25.202225661s,1.192072277s,0s,19752,19752,0
25.748339977s,1.039232592s,0s,19756,19756,0
26.425269079s,1.166976672s,0s,19757,19757,0
26.466905056s,1.042479403s,0s,19760,19760,0
26.959963363s,1.166983627s,0s,19753,19753,0
23.786084727s,1.443077494s,0s,19766,19766,0
24.168966792s,1.152749418s,0s,19764,19764,0
24.221563992s,1.26545638s,0s,19762,19762,0
24.379302185s,1.472338312s,0s,19765,19765,0
24.877875415s,1.188011795s,0s,19761,19761,0
24.924415928s,1.439784486s,0s,19763,19763,0
25.043100647s,1.008258667s,0s,19769,19769,0
26.147243446s,1.039499411s,0s,19770,19770,0
26.233779841s,1.001078002s,0s,19767,19767,0
26.688675576s,1.232207932s,0s,19768,19768,0
24.362455887s,1.423632053s,0s,19774,19774,0
24.817715408s,1.238023346s,0s,19775,19775,0
24.893437437s,1.379410248s,0s,19779,19779,0
25.231265349s,1.426861045s,0s,19777,19777,0
25.382995269s,1.193495278s,0s,19771,19771,0
25.479676134s,1.222703344s,0s,19776,19776,0
26.256786261s,1.328561371s,0s,19772,19772,0
26.733338324s,1.267276961s,0s,19778,19778,0
26.809940385s,1.462083349s,0s,19773,19773,0
27.132724427s,1.034116389s,0s,19780,19780,0
23.915891593s,1.310467898s,0s,19783,19783,0
24.424285248s,1.427753336s,0s,19784,19784,0
24.533076716s,1.432966189s,0s,19788,19788,0
24.535665646s,1.223653679s,0s,19786,19786,0
24.747446764s,1.022114092s,0s,19781,19781,0
24.751209498s,1.492214984s,0s,19785,19785,0
25.50598569s,1.297268755s,0s,19787,19787,0
25.643748426s,1.06935679s,0s,19790,19790,0
26.850992515s,1.234888836s,0s,19789,19789,0
26.892730797s,1.296120028s,0s,19782,19782,0
23.601988888s,1.14659982s,0s,19797,19797,0
24.162890233s,1.245578455s,0s,19792,19792,0
24.17461194s,1.124404052s,0s,19791,19791,0
24.736403114s,1.255825992s,0s,19795,19795,0
25.305253837s,1.213365516s,0s,19800,19800,0
25.419929636s,1.148888967s,0s,19793,19793,0
25.694770458s,1.171084809s,0s,19796,19796,0
25.825778562s,1.265026113s,0s,19798,19798,0
26.227647229s,1.092170487s,0s,19794,19794,0
26.448391244s,1.3993264s,0s,19799,19799,0
23.920379522s,1.026323329s,0s,19810,19810,0
25.119652504s,1.220609114s,0s,19803,19803,0
25.232342816s,1.070821003s,0s,19808,19808,0
25.373046499s,1.098120382s,0s,19806,19806,0
25.398759854s,1.385916456s,0s,19801,19801,0
25.409339378s,1.138374474s,0s,19802,19802,0
26.123177742s,1.045610123s,0s,19807,19807,0
26.40911642s,1.493354549s,0s,19809,19809,0
26.762059408s,1.07199062s,0s,19804,19804,0
26.844713865s,1.489113427s,0s,19805,19805,0
24.341257261s,1.155727768s,0s,19812,19812,0
24.431821584s,1.03115428s,0s,19811,19811,0
24.770830026s,1.289347814s,0s,19820,19820,0
25.367812541s,1.477556177s,0s,19819,19819,0
25.635616153s,1.180039913s,0s,19818,19818,0
25.888255906s,1.134494002s,0s,19816,19816,0
26.049938789s,1.341847324s,0s,19813,19813,0
26.101578955s,1.301621272s,0s,19814,19814,0
26.528470187s,1.452319192s,0s,19817,19817,0
27.528193135s,1.421081578s,0s,19815,19815,0
23.62216281s,1.261932029s,0s,19827,19827,0
25.014042721s,1.020074385s,0s,19824,19824,0
25.15283759s,1.314079614s,0s,19830,19830,0
25.175460448s,1.110361665s,0s,19822,19822,0
25.713102115s,1.391531607s,0s,19823,19823,0
25.907862347s,1.46907662s,0s,19825,19825,0
26.235862905s,1.316284444s,0s,19828,19828,0
26.396547713s,1.020065727s,0s,19829,19829,0
27.101255797s,1.166568781s,0s,19826,19826,0
27.132054346s,1.40384316s,0s,19821,19821,0
23.695598895s,1.210505303s,0s,19832,19832,0
23.736136249s,1.043142753s,0s,19839,19839,0
24.306387636s,1.252997493s,0s,19831,19831,0
24.924010026s,1.242714079s,0s,19836,19836,0
25.061750669s,1.266485228s,0s,19840,19840,0
25.33456323s,1.361082806s,0s,19837,19837,0
25.515340979s,1.344952971s,0s,19833,19833,0
25.961179647s,1.295696724s,0s,19834,19834,0
25.96376297s,1.372352759s,0s,19838,19838,0
26.744026876s,1.263266101s,0s,19835,19835,0
23.682636372s,1.316801018s,0s,19848,19848,0
24.514033777s,1.466044083s,0s,19841,19841,0
24.545717743s,1.408044327s,0s,19847,19847,0
24.664407445s,1.095357871s,0s,19850,19850,0
24.848203687s,1.063038757s,0s,19849,19849,0
25.536362726s,1.461861344s,0s,19846,19846,0
25.815294969s,1.447558755s,0s,19843,19843,0
26.04704242s,1.411334011s,0s,19845,19845,0
26.320970448s,1.024701966s,0s,19844,19844,0
26.64472862s,1.31570648s,0s,19842,19842,0
23.571194829s,1.09588765s,0s,19859,19859,0
23.695990419s,1.410689106s,0s,19857,19857,0
24.897605022s,1.406424592s,0s,19851,19851,0
25.447788573s,1.121145816s,0s,19852,19852,0
25.509513164s,1.491110212s,0s,19853,19853,0
25.615239362s,1.468902598s,0s,19858,19858,0
25.71492127s,1.314111769s,0s,19855,19855,0
25.966732976s,1.225860666s,0s,19860,19860,0
26.345225133s,1.169391369s,0s,19856,19856,0
26.729156871s,1.221622191s,0s,19854,19854,0
23.862263403s,1.411677912s,0s,19862,19862,0
23.925037708s,1.28500329s,0s,19866,19866,0
24.795236636s,1.156656672s,0s,19868,19868,0
24.797858482s,1.321187336s,0s,19869,19869,0
25.116901518s,1.091135204s,0s,19861,19861,0
25.381451663s,1.411670863s,0s,19863,19863,0
25.653337205s,1.460462824s,0s,19867,19867,0
25.814281017s,1.436261708s,0s,19865,19865,0
26.063040152s,1.148444687s,0s,19864,19864,0
26.733673105s,1.356457653s,0s,19870,19870,0
24.712437676s,1.068150349s,0s,19878,19878,0
24.885302745s,1.320149522s,0s,19880,19880,0
24.993981936s,1.326397959s,0s,19873,19873,0
25.344870133s,1.319042448s,0s,19872,19872,0
25.644011592s,1.188461206s,0s,19877,19877,0
25.836832471s,1.293701651s,0s,19879,19879,0
26.116590432s,1.410019521s,0s,19874,19874,0
26.539693266s,1.423315569s,0s,19871,19871,0
26.612311242s,1.364677928s,0s,19876,19876,0
27.456612952s,1.405895402s,0s,19875,19875,0
23.518537007s,1.023751983s,0s,19885,19885,0
24.663082092s,1.117496728s,0s,19889,19889,0
24.834847169s,1.350520593s,0s,19886,19886,0
24.903497853s,1.119721533s,0s,19887,19887,0
24.95911256s,1.258302496s,0s,19882,19882,0
25.108886067s,1.491090792s,0s,19881,19881,0
25.782477641s,1.052981113s,0s,19884,19884,0
25.797100187s,1.058266301s,0s,19883,19883,0
26.197115262s,1.440891163s,0s,19888,19888,0
26.198735118s,1.223022503s,0s,19890,19890,0
23.827247999s,1.033140271s,0s,19896,19896,0
24.29966541s,1.086299298s,0s,19900,19900,0
24.578226357s,1.205804873s,0s,19893,19893,0
25.004182081s,1.214070015s,0s,19891,19891,0
25.019874877s,1.481377693s,0s,19892,19892,0
25.288749049s,1.416732478s,0s,19894,19894,0
25.897843019s,1.119539925s,0s,19895,19895,0
25.942536707s,1.417841333s,0s,19899,19899,0
26.043165621s,1.466117522s,0s,19898,19898,0
26.053780737s,1.318375635s,0s,19897,19897,0
23.985230793s,1.457988628s,0s,19907,19907,0
24.45625582s,1.058484937s,0s,19903,19903,0
24.757125628s,1.069658013s,0s,19906,19906,0
24.850829663s,1.315653054s,0s,19910,19910,0
25.003956116s,1.02112083s,0s,19904,19904,0
25.237709446s,1.136075402s,0s,19902,19902,0
25.977639177s,1.254402864s,0s,19905,19905,0
26.051218805s,1.461504587s,0s,19901,19901,0
26.132827394s,1.45910326s,0s,19908,19908,0
27.066204081s,1.08387601s,0s,19909,19909,0
24.608535048s,1.181734434s,0s,19913,19913,0
24.875188939s,1.037828552s,0s,19920,19920,0
24.983823498s,1.163488995s,0s,19918,19918,0
25.148530432s,1.238231418s,0s,19915,19915,0
25.358957444s,1.121299303s,0s,19919,19919,0
25.421574911s,1.106049624s,0s,19917,19917,0
26.211545556s,1.196966096s,0s,19911,19911,0
26.564455007s,1.024526464s,0s,19916,19916,0
26.679405999s,1.350776505s,0s,19912,19912,0
26.844208166s,1.280425731s,0s,19914,19914,0
23.676240914s,1.207285455s,0s,19929,19929,0
23.699737478s,1.485841818s,0s,19926,19926,0
24.387332431s,1.233492577s,0s,19927,19927,0
24.602118942s,1.161023084s,0s,19922,19922,0
24.624705616s,1.296014122s,0s,19924,19924,0
25.341956086s,1.123900902s,0s,19928,19928,0
25.697765526s,1.366393936s,0s,19930,19930,0
25.830514277s,1.416591388s,0s,19921,19921,0
25.968253047s,1.258809736s,0s,19925,19925,0
26.564324654s,1.002648397s,0s,19923,19923,0
23.852495799s,1.306428931s,0s,19938,19938,0
23.874185932s,1.369910763s,0s,19934,19934,0
25.169968039s,1.464403592s,0s,19932,19932,0
25.251619859s,1.251006309s,0s,19937,19937,0
25.577487757s,1.287240794s,0s,19933,19933,0
25.70922319s,1.204470719s,0s,19936,19936,0
25.948037787s,1.2367599s,0s,19931,19931,0
26.040674441s,1.49062934s,0s,19939,19939,0
26.352540256s,1.392136145s,0s,19935,19935,0
26.643424636s,1.319673245s,0s,19940,19940,0
23.910541163s,1.495578236s,0s,19950,19950,0
24.603852395s,1.109785963s,0s,19941,19941,0
24.868611381s,1.029313911s,0s,19942,19942,0
24.986137953s,1.007080553s,0s,19946,19946,0
25.067723907s,1.411028611s,0s,19949,19949,0
25.453597819s,1.260305314s,0s,19944,19944,0
25.677357828s,1.274568831s,0s,19948,19948,0
25.908942241s,1.198045906s,0s,19943,19943,0
26.130728148s,1.107551302s,0s,19947,19947,0
27.500411963s,1.417236825s,0s,19945,19945,0
23.716430369s,1.406352678s,0s,19954,19954,0
23.930158218s,1.094654459s,0s,19960,19960,0
24.242876035s,1.069374303s,0s,19959,19959,0
24.36854027s,1.154206029s,0s,19956,19956,0
24.372173422s,1.328073705s,0s,19955,19955,0
24.507853534s,1.174401664s,0s,19958,19958,0
24.775721181s,1.058169454s,0s,19951,19951,0
25.294710416s,1.189608429s,0s,19953,19953,0
25.480523718s,1.134958441s,0s,19952,19952,0
25.740302337s,1.246809694s,0s,19957,19957,0
23.100374902s,1.321130655s,0s,19964,19964,0
24.123354698s,1.21783633s,0s,19965,19965,0
24.679454352s,1.464317525s,0s,19961,19961,0
24.868210768s,1.07213303s,0s,19970,19970,0
25.647165879s,1.328785263s,0s,19966,19966,0
25.840022656s,1.166586486s,0s,19969,19969,0
26.164948946s,1.112374454s,0s,19968,19968,0
26.408613128s,1.32656043s,0s,19967,19967,0
26.652373652s,1.390031845s,0s,19962,19962,0
26.984246113s,1.499528857s,0s,19963,19963,0
23.305080292s,1.22741073s,0s,19977,19977,0
23.945709671s,1.492729769s,0s,19980,19980,0
24.884127594s,1.226287211s,0s,19973,19973,0
24.944780698s,1.19480379s,0s,19976,19976,0
25.010377277s,1.479507573s,0s,19972,19972,0
25.428432811s,1.255596749s,0s,19978,19978,0
25.488045753s,1.32382502s,0s,19979,19979,0
25.6387542s,1.199115808s,0s,19971,19971,0
26.357531715s,1.355005955s,0s,19974,19974,0
27.307239638s,1.452280082s,0s,19975,19975,0
22.926101853s,1.122484904s,0s,19987,19987,0
23.919141308s,1.09929409s,0s,19981,19981,0
24.052983686s,1.019682245s,0s,19982,19982,0
24.189691214s,1.378298498s,0s,19984,19984,0
24.871792393s,1.375065121s,0s,19985,19985,0
24.949419634s,1.238532976s,0s,19989,19989,0
25.019119294s,1.329778427s,0s,19990,19990,0
25.226924115s,1.037908679s,0s,19983,19983,0
25.336581471s,1.450553399s,0s,19986,19986,0
26.007468866s,1.074031745s,0s,19988,19988,0
23.596979043s,1.009089572s,0s,19999,19999,0
23.939976626s,1.164958764s,0s,19991,19991,0
24.492053694s,1.449060552s,0s,19996,19996,0
24.511606658s,1.125732751s,0s,19998,19998,0
25.036511246s,1.362426174s,0s,19997,19997,0
25.187189306s,1.399610968s,0s,19993,19993,0
25.2059168s,1.055421953s,0s,20000,20000,0
25.260565892s,1.467310623s,0s,19995,19995,0
25.521343584s,1.191084869s,0s,19992,19992,0
27.178088591s,1.44286983s,0s,19994,19994,0
